Datetime,Open,High,Low,Close,Adj Close,Volume
2023-06-12 09:00:00+09:00,530.0,530.2999877929688,524.0,524.2999877929688,524.2999877929688,0
2023-06-12 09:01:00+09:00,525.0999755859375,525.5,522.0,523.2999877929688,523.2999877929688,426700
2023-06-12 09:02:00+09:00,523.7999877929688,523.7999877929688,520.5,521.5999755859375,521.5999755859375,423600
2023-06-12 09:03:00+09:00,521.5,522.2000122070312,520.2999877929688,522.2000122070312,522.2000122070312,102400
2023-06-12 09:04:00+09:00,522.0999755859375,523.5,520.7999877929688,522.5,522.5,315400
2023-06-12 09:05:00+09:00,522.9000244140625,524.0,522.5,523.5999755859375,523.5999755859375,130700
2023-06-12 09:06:00+09:00,523.0999755859375,523.7999877929688,520.2000122070312,521.5,521.5,480300
2023-06-12 09:07:00+09:00,521.0999755859375,521.2999877929688,518.7999877929688,518.7999877929688,518.7999877929688,713100
2023-06-12 09:08:00+09:00,518.9000244140625,520.2000122070312,518.2000122070312,519.9000244140625,519.9000244140625,176400
2023-06-12 09:09:00+09:00,519.5999755859375,519.9000244140625,517.4000244140625,518.0999755859375,518.0999755859375,418800
2023-06-12 09:10:00+09:00,518.0,518.0,514.2999877929688,515.2000122070312,515.2000122070312,730600
2023-06-12 09:11:00+09:00,515.2000122070312,515.9000244140625,514.2000122070312,515.0999755859375,515.0999755859375,335400
2023-06-12 09:12:00+09:00,515.2999877929688,516.5,514.7999877929688,514.7999877929688,514.7999877929688,217200
2023-06-12 09:13:00+09:00,514.9000244140625,514.9000244140625,513.2999877929688,514.0,514.0,534100
2023-06-12 09:14:00+09:00,514.2999877929688,515.0,512.5999755859375,513.2999877929688,513.2999877929688,538200
2023-06-12 09:15:00+09:00,513.0,513.7999877929688,512.0,513.2999877929688,513.2999877929688,250000
2023-06-12 09:16:00+09:00,513.4000244140625,514.5999755859375,513.0,513.0999755859375,513.0999755859375,314200
2023-06-12 09:17:00+09:00,513.0,513.4000244140625,512.0,512.2999877929688,512.2999877929688,575600
2023-06-12 09:18:00+09:00,512.4000244140625,513.5,512.2000122070312,512.7999877929688,512.7999877929688,146900
2023-06-12 09:19:00+09:00,513.0,513.5999755859375,512.7999877929688,513.0,513.0,144000
2023-06-12 09:20:00+09:00,513.0,513.2000122070312,512.0999755859375,513.0,513.0,527600
2023-06-12 09:21:00+09:00,513.0999755859375,514.4000244140625,513.0,514.2000122070312,514.2000122070312,75000
2023-06-12 09:22:00+09:00,514.4000244140625,517.0,514.0999755859375,516.9000244140625,516.9000244140625,281800
2023-06-12 09:23:00+09:00,516.5999755859375,516.9000244140625,514.4000244140625,515.0,515.0,244200
2023-06-12 09:24:00+09:00,515.2000122070312,515.2999877929688,514.0999755859375,515.2000122070312,515.2000122070312,150900
2023-06-12 09:25:00+09:00,515.2000122070312,515.5,513.0,513.0999755859375,513.0999755859375,216200
2023-06-12 09:26:00+09:00,513.0,513.2999877929688,512.5,512.9000244140625,512.9000244140625,131600
2023-06-12 09:27:00+09:00,512.9000244140625,513.0,511.0,511.1000061035156,511.1000061035156,800200
2023-06-12 09:28:00+09:00,511.20001220703125,512.7000122070312,511.0,512.2000122070312,512.2000122070312,177900
2023-06-12 09:29:00+09:00,512.2000122070312,512.7999877929688,511.5,511.8999938964844,511.8999938964844,168600
2023-06-12 09:30:00+09:00,512.2999877929688,512.4000244140625,511.0,512.4000244140625,512.4000244140625,181300
2023-06-12 09:31:00+09:00,512.5,515.7999877929688,512.5,514.2000122070312,514.2000122070312,320500
2023-06-12 09:32:00+09:00,514.2000122070312,515.7999877929688,513.7999877929688,514.7000122070312,514.7000122070312,154700
2023-06-12 09:33:00+09:00,514.7999877929688,515.0999755859375,512.7000122070312,513.5999755859375,513.5999755859375,181500
2023-06-12 09:34:00+09:00,513.7000122070312,513.7999877929688,512.2999877929688,512.7999877929688,512.7999877929688,91900
2023-06-12 09:35:00+09:00,512.5999755859375,512.7999877929688,512.0999755859375,512.5,512.5,127300
2023-06-12 09:36:00+09:00,512.4000244140625,513.0999755859375,512.0999755859375,512.9000244140625,512.9000244140625,85300
2023-06-12 09:37:00+09:00,513.0,513.2000122070312,512.0,512.2000122070312,512.2000122070312,171900
2023-06-12 09:38:00+09:00,512.0999755859375,513.0999755859375,512.0999755859375,513.0999755859375,513.0999755859375,40500
2023-06-12 09:39:00+09:00,513.0999755859375,513.9000244140625,512.9000244140625,513.5999755859375,513.5999755859375,95100
2023-06-12 09:40:00+09:00,513.2999877929688,513.5,512.4000244140625,513.0,513.0,121000
2023-06-12 09:41:00+09:00,512.9000244140625,513.2999877929688,512.4000244140625,512.4000244140625,512.4000244140625,75400
2023-06-12 09:42:00+09:00,512.5,513.0,512.2999877929688,512.9000244140625,512.9000244140625,100000
2023-06-12 09:43:00+09:00,512.9000244140625,513.0999755859375,512.9000244140625,513.0,513.0,41500
2023-06-12 09:44:00+09:00,513.0,513.0,512.2999877929688,512.5,512.5,66600
2023-06-12 09:45:00+09:00,512.5,513.2999877929688,512.2999877929688,513.0,513.0,141700
2023-06-12 09:46:00+09:00,513.2999877929688,513.7999877929688,513.0999755859375,513.0999755859375,513.0999755859375,85000
2023-06-12 09:47:00+09:00,513.0,514.0,512.5999755859375,513.7000122070312,513.7000122070312,101200
2023-06-12 09:48:00+09:00,513.5999755859375,514.0999755859375,513.4000244140625,513.5,513.5,144100
2023-06-12 09:49:00+09:00,513.5,513.5,511.79998779296875,512.2000122070312,512.2000122070312,431600
2023-06-12 09:50:00+09:00,512.4000244140625,512.5,511.3999938964844,511.8999938964844,511.8999938964844,180000
2023-06-12 09:51:00+09:00,512.0,513.0,512.0,512.2000122070312,512.2000122070312,121600
2023-06-12 09:52:00+09:00,512.2000122070312,512.9000244140625,512.0999755859375,512.7999877929688,512.7999877929688,53500
2023-06-12 09:53:00+09:00,512.7000122070312,513.7999877929688,512.5999755859375,513.5999755859375,513.5999755859375,122100
2023-06-12 09:54:00+09:00,513.5,514.5,513.2999877929688,514.5,514.5,94400
2023-06-12 09:55:00+09:00,514.5,514.7000122070312,513.5999755859375,513.9000244140625,513.9000244140625,100700
2023-06-12 09:56:00+09:00,513.7999877929688,514.0,513.0999755859375,513.4000244140625,513.4000244140625,75200
2023-06-12 09:57:00+09:00,513.4000244140625,513.7000122070312,512.5999755859375,513.0999755859375,513.0999755859375,85800
2023-06-12 09:58:00+09:00,512.7000122070312,513.0999755859375,512.4000244140625,512.4000244140625,512.4000244140625,48600
2023-06-12 09:59:00+09:00,512.7000122070312,513.2000122070312,512.5,513.2000122070312,513.2000122070312,88100
2023-06-12 10:00:00+09:00,513.0,513.5999755859375,512.9000244140625,513.2000122070312,513.2000122070312,53500
2023-06-12 10:01:00+09:00,513.4000244140625,513.9000244140625,513.2999877929688,513.7000122070312,513.7000122070312,36200
2023-06-12 10:02:00+09:00,513.7000122070312,513.9000244140625,513.2000122070312,513.5,513.5,99800
2023-06-12 10:03:00+09:00,513.4000244140625,513.5,513.0,513.2000122070312,513.2000122070312,62500
2023-06-12 10:04:00+09:00,513.4000244140625,513.7000122070312,513.0,513.7000122070312,513.7000122070312,56100
2023-06-12 10:05:00+09:00,513.7000122070312,513.7000122070312,513.2999877929688,513.2999877929688,513.2999877929688,69700
2023-06-12 10:06:00+09:00,513.4000244140625,513.7999877929688,513.2999877929688,513.7000122070312,513.7000122070312,44500
2023-06-12 10:07:00+09:00,513.7999877929688,514.4000244140625,513.7000122070312,514.0999755859375,514.0999755859375,81800
2023-06-12 10:08:00+09:00,514.2999877929688,514.4000244140625,513.2000122070312,513.2000122070312,513.2000122070312,67600
2023-06-12 10:09:00+09:00,513.5,513.7999877929688,513.2000122070312,513.5999755859375,513.5999755859375,53300
2023-06-12 10:10:00+09:00,513.7000122070312,513.7999877929688,513.4000244140625,513.5999755859375,513.5999755859375,13200
2023-06-12 10:11:00+09:00,513.7000122070312,514.5,513.5,514.0999755859375,514.0999755859375,70600
2023-06-12 10:12:00+09:00,514.2000122070312,514.4000244140625,513.2999877929688,513.7999877929688,513.7999877929688,115200
2023-06-12 10:13:00+09:00,513.7999877929688,514.2999877929688,513.7999877929688,514.0,514.0,133800
2023-06-12 10:14:00+09:00,514.0,514.0,513.5999755859375,513.9000244140625,513.9000244140625,93600
2023-06-12 10:15:00+09:00,513.7999877929688,514.0,513.5,513.5,513.5,94600
2023-06-12 10:16:00+09:00,513.5,513.5,512.5,512.5999755859375,512.5999755859375,227100
2023-06-12 10:17:00+09:00,512.7000122070312,513.2000122070312,512.7000122070312,513.0,513.0,40300
2023-06-12 10:18:00+09:00,513.0999755859375,513.0999755859375,512.7999877929688,513.0999755859375,513.0999755859375,78100
2023-06-12 10:19:00+09:00,512.9000244140625,513.0,512.5999755859375,512.7999877929688,512.7999877929688,65300
2023-06-12 10:20:00+09:00,512.7999877929688,513.0999755859375,512.5999755859375,512.7999877929688,512.7999877929688,66500
2023-06-12 10:21:00+09:00,512.7999877929688,513.0,512.7000122070312,512.9000244140625,512.9000244140625,23600
2023-06-12 10:22:00+09:00,512.9000244140625,512.9000244140625,512.7000122070312,512.7000122070312,512.7000122070312,49200
2023-06-12 10:23:00+09:00,512.7000122070312,513.5,512.5999755859375,513.5,513.5,166700
2023-06-12 10:24:00+09:00,513.7000122070312,514.4000244140625,513.5,514.4000244140625,514.4000244140625,237800
2023-06-12 10:25:00+09:00,514.5,514.5,513.7000122070312,513.9000244140625,513.9000244140625,90200
2023-06-12 10:26:00+09:00,513.9000244140625,514.0,513.5999755859375,513.7000122070312,513.7000122070312,36200
2023-06-12 10:27:00+09:00,513.7000122070312,513.7999877929688,513.2999877929688,513.2999877929688,513.2999877929688,39400
2023-06-12 10:28:00+09:00,513.2999877929688,514.2000122070312,513.0,513.9000244140625,513.9000244140625,99100
2023-06-12 10:29:00+09:00,513.9000244140625,514.0999755859375,513.7000122070312,513.9000244140625,513.9000244140625,51700
2023-06-12 10:30:00+09:00,513.9000244140625,514.7999877929688,513.9000244140625,514.7000122070312,514.7000122070312,108000
2023-06-12 10:31:00+09:00,514.4000244140625,514.9000244140625,514.4000244140625,514.7999877929688,514.7999877929688,98400
2023-06-12 10:32:00+09:00,514.7000122070312,514.7999877929688,513.5,513.5,513.5,73500
2023-06-12 10:33:00+09:00,513.7000122070312,514.2000122070312,513.5999755859375,514.0,514.0,31700
2023-06-12 10:34:00+09:00,514.0999755859375,514.2999877929688,513.9000244140625,514.0999755859375,514.0999755859375,44300
2023-06-12 10:35:00+09:00,514.0999755859375,514.2000122070312,513.5999755859375,513.5999755859375,513.5999755859375,45200
2023-06-12 10:36:00+09:00,513.5,514.0,513.5,513.9000244140625,513.9000244140625,57800
2023-06-12 10:37:00+09:00,513.9000244140625,513.9000244140625,513.7000122070312,513.7999877929688,513.7999877929688,15800
2023-06-12 10:38:00+09:00,513.9000244140625,514.7999877929688,513.7999877929688,514.7999877929688,514.7999877929688,175700
2023-06-12 10:39:00+09:00,514.7999877929688,514.7999877929688,513.5999755859375,513.5999755859375,513.5999755859375,80700
2023-06-12 10:40:00+09:00,513.7000122070312,513.7999877929688,513.0,513.0999755859375,513.0999755859375,87600
2023-06-12 10:41:00+09:00,513.0,513.0999755859375,512.5999755859375,512.7999877929688,512.7999877929688,110300
2023-06-12 10:42:00+09:00,512.7000122070312,512.9000244140625,511.6000061035156,511.70001220703125,511.70001220703125,588200
2023-06-12 10:43:00+09:00,511.79998779296875,512.2999877929688,511.70001220703125,512.0,512.0,89700
2023-06-12 10:44:00+09:00,511.8999938964844,512.0999755859375,511.70001220703125,511.79998779296875,511.79998779296875,77400
2023-06-12 10:45:00+09:00,511.79998779296875,512.2000122070312,511.70001220703125,512.0,512.0,35300
2023-06-12 10:46:00+09:00,512.0999755859375,512.5,512.0,512.0,512.0,33500
2023-06-12 10:47:00+09:00,512.0999755859375,512.2000122070312,512.0,512.2000122070312,512.2000122070312,17900
2023-06-12 10:48:00+09:00,512.0999755859375,512.4000244140625,511.70001220703125,511.79998779296875,511.79998779296875,106800
2023-06-12 10:49:00+09:00,511.79998779296875,511.8999938964844,510.5,510.5,510.5,482700
2023-06-12 10:50:00+09:00,510.6000061035156,510.6000061035156,508.29998779296875,509.1000061035156,509.1000061035156,882000
2023-06-12 10:51:00+09:00,509.0,509.8999938964844,509.0,509.6000061035156,509.6000061035156,135200
2023-06-12 10:52:00+09:00,509.6000061035156,509.8999938964844,508.5,508.70001220703125,508.70001220703125,199700
2023-06-12 10:53:00+09:00,508.79998779296875,509.20001220703125,508.3999938964844,508.70001220703125,508.70001220703125,140900
2023-06-12 10:54:00+09:00,508.8999938964844,509.6000061035156,508.8999938964844,509.29998779296875,509.29998779296875,70500
2023-06-12 10:55:00+09:00,509.29998779296875,509.3999938964844,508.8999938964844,509.0,509.0,21500
2023-06-12 10:56:00+09:00,509.1000061035156,509.20001220703125,508.6000061035156,508.8999938964844,508.8999938964844,71700
2023-06-12 10:57:00+09:00,508.70001220703125,509.0,508.6000061035156,508.79998779296875,508.79998779296875,40400
2023-06-12 10:58:00+09:00,508.70001220703125,509.0,508.5,508.70001220703125,508.70001220703125,74400
2023-06-12 10:59:00+09:00,508.70001220703125,509.20001220703125,508.70001220703125,509.20001220703125,509.20001220703125,146800
2023-06-12 11:00:00+09:00,509.20001220703125,509.3999938964844,508.79998779296875,508.79998779296875,508.79998779296875,41000
2023-06-12 11:01:00+09:00,509.1000061035156,509.1000061035156,508.29998779296875,508.3999938964844,508.3999938964844,197100
2023-06-12 11:02:00+09:00,508.29998779296875,508.29998779296875,506.8999938964844,506.8999938964844,506.8999938964844,583700
2023-06-12 11:03:00+09:00,507.1000061035156,507.6000061035156,506.79998779296875,507.1000061035156,507.1000061035156,112400
2023-06-12 11:04:00+09:00,507.3999938964844,508.79998779296875,507.1000061035156,508.6000061035156,508.6000061035156,114200
2023-06-12 11:05:00+09:00,508.6000061035156,508.70001220703125,508.20001220703125,508.6000061035156,508.6000061035156,86800
2023-06-12 11:06:00+09:00,508.6000061035156,508.70001220703125,508.3999938964844,508.6000061035156,508.6000061035156,35100
2023-06-12 11:07:00+09:00,508.6000061035156,508.70001220703125,508.6000061035156,508.70001220703125,508.70001220703125,34800
2023-06-12 11:08:00+09:00,508.6000061035156,509.0,508.3999938964844,508.70001220703125,508.70001220703125,160800
2023-06-12 11:09:00+09:00,508.6000061035156,508.70001220703125,507.6000061035156,508.20001220703125,508.20001220703125,183800
2023-06-12 11:10:00+09:00,508.1000061035156,508.6000061035156,508.1000061035156,508.5,508.5,30300
2023-06-12 11:11:00+09:00,508.6000061035156,509.79998779296875,508.6000061035156,509.29998779296875,509.29998779296875,97500
2023-06-12 11:12:00+09:00,509.29998779296875,509.70001220703125,509.20001220703125,509.20001220703125,509.20001220703125,37400
2023-06-12 11:13:00+09:00,509.29998779296875,509.29998779296875,508.20001220703125,508.3999938964844,508.3999938964844,108100
2023-06-12 11:14:00+09:00,508.29998779296875,508.6000061035156,508.20001220703125,508.5,508.5,41300
2023-06-12 11:15:00+09:00,508.5,508.6000061035156,507.70001220703125,507.70001220703125,507.70001220703125,99400
2023-06-12 11:16:00+09:00,507.6000061035156,507.79998779296875,507.3999938964844,507.70001220703125,507.70001220703125,109400
2023-06-12 11:17:00+09:00,507.79998779296875,508.20001220703125,507.70001220703125,508.0,508.0,70600
2023-06-12 11:18:00+09:00,508.20001220703125,508.20001220703125,507.8999938964844,508.0,508.0,31400
2023-06-12 11:19:00+09:00,508.0,508.29998779296875,507.8999938964844,508.1000061035156,508.1000061035156,30600
2023-06-12 11:20:00+09:00,508.1000061035156,508.20001220703125,507.8999938964844,508.0,508.0,24500
2023-06-12 11:21:00+09:00,507.8999938964844,507.8999938964844,506.29998779296875,506.3999938964844,506.3999938964844,645400
2023-06-12 11:22:00+09:00,506.5,506.70001220703125,505.3999938964844,505.6000061035156,505.6000061035156,299100
2023-06-12 11:23:00+09:00,505.5,505.8999938964844,504.70001220703125,504.70001220703125,504.70001220703125,377700
2023-06-12 11:24:00+09:00,505.0,506.29998779296875,505.0,505.8999938964844,505.8999938964844,121400
2023-06-12 11:25:00+09:00,506.0,506.1000061035156,505.5,506.1000061035156,506.1000061035156,80800
2023-06-12 11:26:00+09:00,506.20001220703125,506.20001220703125,505.8999938964844,506.0,506.0,78500
2023-06-12 11:27:00+09:00,506.0,507.29998779296875,506.0,507.29998779296875,507.29998779296875,86500
2023-06-12 11:28:00+09:00,507.29998779296875,507.29998779296875,506.20001220703125,506.5,506.5,124700
2023-06-12 11:29:00+09:00,506.79998779296875,506.79998779296875,506.5,506.5,506.5,14600
2023-06-12 11:30:00+09:00,507.0,507.0,507.0,507.0,507.0,25900
2023-06-12 11:35:00+09:00,507.0,507.0,507.0,507.0,507.0,0
2023-06-12 12:30:00+09:00,507.29998779296875,507.70001220703125,505.20001220703125,505.20001220703125,505.20001220703125,27777200
2023-06-12 12:31:00+09:00,505.20001220703125,507.29998779296875,505.20001220703125,507.20001220703125,507.20001220703125,148700
2023-06-12 12:32:00+09:00,507.20001220703125,507.29998779296875,506.1000061035156,506.29998779296875,506.29998779296875,138200
2023-06-12 12:33:00+09:00,506.3999938964844,506.3999938964844,504.6000061035156,505.0,505.0,575900
2023-06-12 12:34:00+09:00,505.20001220703125,505.29998779296875,504.5,504.6000061035156,504.6000061035156,139300
2023-06-12 12:35:00+09:00,504.6000061035156,505.20001220703125,504.0,505.0,505.0,169500
2023-06-12 12:36:00+09:00,505.0,505.6000061035156,504.70001220703125,505.6000061035156,505.6000061035156,48100
2023-06-12 12:37:00+09:00,505.6000061035156,506.0,505.29998779296875,505.8999938964844,505.8999938964844,90600
2023-06-12 12:38:00+09:00,505.8999938964844,506.0,505.3999938964844,505.5,505.5,50000
2023-06-12 12:39:00+09:00,505.5,506.29998779296875,505.5,506.20001220703125,506.20001220703125,108900
2023-06-12 12:40:00+09:00,506.20001220703125,506.20001220703125,505.20001220703125,505.70001220703125,505.70001220703125,67300
2023-06-12 12:41:00+09:00,505.70001220703125,505.70001220703125,505.20001220703125,505.20001220703125,505.20001220703125,50700
2023-06-12 12:42:00+09:00,505.20001220703125,505.29998779296875,504.5,504.8999938964844,504.8999938964844,219100
2023-06-12 12:43:00+09:00,504.8999938964844,505.0,504.1000061035156,504.29998779296875,504.29998779296875,116800
2023-06-12 12:44:00+09:00,504.5,505.29998779296875,504.29998779296875,505.29998779296875,505.29998779296875,94600
2023-06-12 12:45:00+09:00,505.29998779296875,506.29998779296875,505.1000061035156,506.29998779296875,506.29998779296875,148000
2023-06-12 12:46:00+09:00,506.29998779296875,506.8999938964844,505.8999938964844,506.70001220703125,506.70001220703125,121600
2023-06-12 12:47:00+09:00,506.79998779296875,507.0,506.5,507.0,507.0,51400
2023-06-12 12:48:00+09:00,507.0,507.3999938964844,506.8999938964844,507.1000061035156,507.1000061035156,96500
2023-06-12 12:49:00+09:00,507.1000061035156,507.1000061035156,505.1000061035156,505.1000061035156,505.1000061035156,89300
2023-06-12 12:50:00+09:00,505.29998779296875,505.70001220703125,505.1000061035156,505.29998779296875,505.29998779296875,30100
2023-06-12 12:51:00+09:00,505.29998779296875,506.0,505.1000061035156,506.0,506.0,75900
2023-06-12 12:52:00+09:00,505.79998779296875,506.0,504.79998779296875,505.0,505.0,181600
2023-06-12 12:53:00+09:00,505.0,505.20001220703125,504.3999938964844,504.70001220703125,504.70001220703125,99900
2023-06-12 12:54:00+09:00,504.70001220703125,504.70001220703125,504.1000061035156,504.5,504.5,93300
2023-06-12 12:55:00+09:00,504.3999938964844,505.29998779296875,504.29998779296875,505.0,505.0,72000
2023-06-12 12:56:00+09:00,505.0,505.70001220703125,505.0,505.20001220703125,505.20001220703125,37700
2023-06-12 12:57:00+09:00,505.1000061035156,505.29998779296875,504.79998779296875,505.0,505.0,40200
2023-06-12 12:58:00+09:00,505.0,505.0,504.6000061035156,504.79998779296875,504.79998779296875,27400
2023-06-12 12:59:00+09:00,504.8999938964844,504.8999938964844,504.20001220703125,504.5,504.5,74600
2023-06-12 13:00:00+09:00,504.3999938964844,504.6000061035156,504.20001220703125,504.3999938964844,504.3999938964844,79300
2023-06-12 13:01:00+09:00,504.29998779296875,505.29998779296875,504.29998779296875,505.0,505.0,81200
2023-06-12 13:02:00+09:00,504.8999938964844,505.29998779296875,504.8999938964844,505.20001220703125,505.20001220703125,88400
2023-06-12 13:03:00+09:00,505.29998779296875,505.3999938964844,503.6000061035156,503.8999938964844,503.8999938964844,479700
2023-06-12 13:04:00+09:00,503.70001220703125,504.5,503.6000061035156,504.20001220703125,504.20001220703125,53900
2023-06-12 13:05:00+09:00,504.1000061035156,505.0,504.1000061035156,505.0,505.0,50500
2023-06-12 13:06:00+09:00,505.0,505.0,504.1000061035156,504.70001220703125,504.70001220703125,36800
2023-06-12 13:07:00+09:00,504.3999938964844,504.8999938964844,504.29998779296875,504.70001220703125,504.70001220703125,32200
2023-06-12 13:08:00+09:00,504.6000061035156,505.20001220703125,504.20001220703125,505.1000061035156,505.1000061035156,85700
2023-06-12 13:09:00+09:00,505.29998779296875,505.3999938964844,505.0,505.29998779296875,505.29998779296875,41200
2023-06-12 13:10:00+09:00,505.29998779296875,505.5,505.0,505.5,505.5,55600
2023-06-12 13:11:00+09:00,505.6000061035156,506.20001220703125,505.6000061035156,505.8999938964844,505.8999938964844,53800
2023-06-12 13:12:00+09:00,505.79998779296875,506.5,505.79998779296875,506.29998779296875,506.29998779296875,83200
2023-06-12 13:13:00+09:00,506.29998779296875,506.3999938964844,506.0,506.20001220703125,506.20001220703125,26900
2023-06-12 13:14:00+09:00,506.20001220703125,506.29998779296875,505.3999938964844,505.3999938964844,505.3999938964844,46300
2023-06-12 13:15:00+09:00,505.5,505.79998779296875,505.29998779296875,505.79998779296875,505.79998779296875,26500
2023-06-12 13:16:00+09:00,505.8999938964844,506.0,505.70001220703125,505.70001220703125,505.70001220703125,54200
2023-06-12 13:17:00+09:00,505.70001220703125,506.0,505.5,505.8999938964844,505.8999938964844,64700
2023-06-12 13:18:00+09:00,505.8999938964844,506.20001220703125,505.79998779296875,506.0,506.0,75700
2023-06-12 13:19:00+09:00,505.79998779296875,505.8999938964844,505.5,505.5,505.5,20600
2023-06-12 13:20:00+09:00,505.5,506.0,505.5,505.70001220703125,505.70001220703125,19100
2023-06-12 13:21:00+09:00,505.79998779296875,506.0,505.6000061035156,505.70001220703125,505.70001220703125,14200
2023-06-12 13:22:00+09:00,505.6000061035156,505.70001220703125,504.6000061035156,505.0,505.0,129000
2023-06-12 13:23:00+09:00,505.1000061035156,505.3999938964844,505.1000061035156,505.20001220703125,505.20001220703125,18500
2023-06-12 13:24:00+09:00,505.3999938964844,505.70001220703125,505.3999938964844,505.70001220703125,505.70001220703125,31500
2023-06-12 13:25:00+09:00,505.79998779296875,506.1000061035156,505.70001220703125,506.0,506.0,56400
2023-06-12 13:26:00+09:00,506.1000061035156,506.3999938964844,505.79998779296875,506.20001220703125,506.20001220703125,206900
2023-06-12 13:27:00+09:00,506.3999938964844,506.70001220703125,506.29998779296875,506.70001220703125,506.70001220703125,63300
2023-06-12 13:28:00+09:00,506.5,506.70001220703125,506.29998779296875,506.3999938964844,506.3999938964844,67700
2023-06-12 13:29:00+09:00,506.3999938964844,506.3999938964844,505.1000061035156,505.20001220703125,505.20001220703125,147800
2023-06-12 13:30:00+09:00,505.20001220703125,505.20001220703125,504.3999938964844,504.70001220703125,504.70001220703125,130400
2023-06-12 13:31:00+09:00,504.70001220703125,505.20001220703125,504.6000061035156,504.8999938964844,504.8999938964844,98900
2023-06-12 13:32:00+09:00,504.8999938964844,505.0,504.5,504.70001220703125,504.70001220703125,42800
2023-06-12 13:33:00+09:00,504.79998779296875,505.0,504.6000061035156,504.8999938964844,504.8999938964844,44300
2023-06-12 13:34:00+09:00,504.79998779296875,504.8999938964844,504.0,504.1000061035156,504.1000061035156,205600
2023-06-12 13:35:00+09:00,504.0,504.1000061035156,503.79998779296875,503.8999938964844,503.8999938964844,180600
2023-06-12 13:36:00+09:00,503.8999938964844,503.8999938964844,503.6000061035156,503.8999938964844,503.8999938964844,109100
2023-06-12 13:37:00+09:00,503.79998779296875,503.8999938964844,503.20001220703125,503.5,503.5,171000
2023-06-12 13:38:00+09:00,503.5,504.29998779296875,503.3999938964844,504.0,504.0,122400
2023-06-12 13:39:00+09:00,504.1000061035156,504.1000061035156,503.70001220703125,503.79998779296875,503.79998779296875,34200
2023-06-12 13:40:00+09:00,504.0,504.0,503.29998779296875,503.5,503.5,164300
2023-06-12 13:41:00+09:00,503.5,504.0,503.3999938964844,503.70001220703125,503.70001220703125,63000
2023-06-12 13:42:00+09:00,503.70001220703125,503.79998779296875,503.6000061035156,503.79998779296875,503.79998779296875,16700
2023-06-12 13:43:00+09:00,503.79998779296875,503.79998779296875,503.6000061035156,503.70001220703125,503.70001220703125,43600
2023-06-12 13:44:00+09:00,503.6000061035156,503.70001220703125,502.79998779296875,502.8999938964844,502.8999938964844,370200
2023-06-12 13:45:00+09:00,502.79998779296875,503.20001220703125,502.70001220703125,503.1000061035156,503.1000061035156,107200
2023-06-12 13:46:00+09:00,503.0,503.8999938964844,503.0,503.6000061035156,503.6000061035156,129400
2023-06-12 13:47:00+09:00,503.5,504.29998779296875,503.5,504.0,504.0,74500
2023-06-12 13:48:00+09:00,504.0,504.70001220703125,504.0,504.5,504.5,81200
2023-06-12 13:49:00+09:00,504.5,504.70001220703125,504.20001220703125,504.3999938964844,504.3999938964844,50200
2023-06-12 13:50:00+09:00,504.29998779296875,505.0,504.20001220703125,504.20001220703125,504.20001220703125,214200
2023-06-12 13:51:00+09:00,504.1000061035156,504.3999938964844,503.8999938964844,504.3999938964844,504.3999938964844,107500
2023-06-12 13:52:00+09:00,504.3999938964844,504.5,504.20001220703125,504.3999938964844,504.3999938964844,35100
2023-06-12 13:53:00+09:00,504.3999938964844,504.3999938964844,503.79998779296875,504.0,504.0,67300
2023-06-12 13:54:00+09:00,503.8999938964844,504.29998779296875,503.79998779296875,503.79998779296875,503.79998779296875,66800
2023-06-12 13:55:00+09:00,503.79998779296875,503.8999938964844,503.6000061035156,503.6000061035156,503.6000061035156,56400
2023-06-12 13:56:00+09:00,503.70001220703125,503.79998779296875,503.0,503.1000061035156,503.1000061035156,161700
2023-06-12 13:57:00+09:00,503.1000061035156,503.6000061035156,503.0,503.5,503.5,72800
2023-06-12 13:58:00+09:00,503.6000061035156,503.6000061035156,503.0,503.0,503.0,86800
2023-06-12 13:59:00+09:00,503.20001220703125,503.3999938964844,503.1000061035156,503.20001220703125,503.20001220703125,38300
2023-06-12 14:00:00+09:00,503.20001220703125,503.3999938964844,503.20001220703125,503.3999938964844,503.3999938964844,23100
2023-06-12 14:01:00+09:00,503.3999938964844,503.8999938964844,503.29998779296875,503.8999938964844,503.8999938964844,63200
2023-06-12 14:02:00+09:00,503.79998779296875,504.1000061035156,503.6000061035156,504.0,504.0,131400
2023-06-12 14:03:00+09:00,504.0,504.1000061035156,503.5,504.0,504.0,88400
2023-06-12 14:04:00+09:00,504.20001220703125,504.29998779296875,504.0,504.1000061035156,504.1000061035156,55700
2023-06-12 14:05:00+09:00,504.1000061035156,504.5,504.0,504.29998779296875,504.29998779296875,77500
2023-06-12 14:06:00+09:00,504.20001220703125,504.20001220703125,503.8999938964844,504.0,504.0,36400
2023-06-12 14:07:00+09:00,503.8999938964844,503.8999938964844,503.6000061035156,503.70001220703125,503.70001220703125,97000
2023-06-12 14:08:00+09:00,503.70001220703125,503.79998779296875,503.5,503.5,503.5,47700
2023-06-12 14:09:00+09:00,503.6000061035156,503.70001220703125,503.3999938964844,503.70001220703125,503.70001220703125,71800
2023-06-12 14:10:00+09:00,503.70001220703125,503.70001220703125,503.6000061035156,503.6000061035156,503.6000061035156,39600
2023-06-12 14:11:00+09:00,503.70001220703125,503.79998779296875,503.70001220703125,503.70001220703125,503.70001220703125,16200
2023-06-12 14:12:00+09:00,503.70001220703125,503.79998779296875,503.6000061035156,503.79998779296875,503.79998779296875,44700
2023-06-12 14:13:00+09:00,503.8999938964844,503.8999938964844,503.8999938964844,503.8999938964844,503.8999938964844,11300
2023-06-12 14:14:00+09:00,503.8999938964844,504.0,503.5,503.79998779296875,503.79998779296875,49400
2023-06-12 14:15:00+09:00,503.6000061035156,503.70001220703125,503.3999938964844,503.5,503.5,74900
2023-06-12 14:16:00+09:00,503.5,503.5,503.0,503.1000061035156,503.1000061035156,84600
2023-06-12 14:17:00+09:00,503.1000061035156,503.3999938964844,503.0,503.20001220703125,503.20001220703125,34800
2023-06-12 14:18:00+09:00,503.1000061035156,503.29998779296875,502.6000061035156,503.0,503.0,277000
2023-06-12 14:19:00+09:00,503.0,503.29998779296875,502.79998779296875,503.1000061035156,503.1000061035156,48900
2023-06-12 14:20:00+09:00,503.1000061035156,503.20001220703125,502.8999938964844,503.0,503.0,55700
2023-06-12 14:21:00+09:00,503.1000061035156,503.29998779296875,502.8999938964844,503.20001220703125,503.20001220703125,49900
2023-06-12 14:22:00+09:00,503.20001220703125,503.79998779296875,503.0,503.6000061035156,503.6000061035156,53000
2023-06-12 14:23:00+09:00,503.70001220703125,504.20001220703125,503.5,504.1000061035156,504.1000061035156,110400
2023-06-12 14:24:00+09:00,504.0,504.0,503.6000061035156,503.8999938964844,503.8999938964844,79000
2023-06-12 14:25:00+09:00,503.8999938964844,504.20001220703125,503.79998779296875,504.0,504.0,72300
2023-06-12 14:26:00+09:00,504.0,504.1000061035156,503.70001220703125,503.8999938964844,503.8999938964844,46600
2023-06-12 14:27:00+09:00,503.8999938964844,504.0,503.70001220703125,504.0,504.0,27800
2023-06-12 14:28:00+09:00,503.79998779296875,504.0,503.70001220703125,504.0,504.0,45900
2023-06-12 14:29:00+09:00,504.0,504.1000061035156,503.79998779296875,504.1000061035156,504.1000061035156,72900
2023-06-12 14:30:00+09:00,504.1000061035156,504.29998779296875,503.79998779296875,504.29998779296875,504.29998779296875,61200
2023-06-12 14:31:00+09:00,504.1000061035156,504.20001220703125,504.1000061035156,504.1000061035156,504.1000061035156,8000
2023-06-12 14:32:00+09:00,504.1000061035156,504.1000061035156,503.79998779296875,503.79998779296875,503.79998779296875,97500
2023-06-12 14:33:00+09:00,503.79998779296875,503.8999938964844,503.29998779296875,503.3999938964844,503.3999938964844,66400
2023-06-12 14:34:00+09:00,503.3999938964844,503.79998779296875,503.29998779296875,503.79998779296875,503.79998779296875,43600
2023-06-12 14:35:00+09:00,503.70001220703125,503.70001220703125,503.29998779296875,503.6000061035156,503.6000061035156,31200
2023-06-12 14:36:00+09:00,503.6000061035156,504.0,503.3999938964844,503.70001220703125,503.70001220703125,105900
2023-06-12 14:37:00+09:00,503.70001220703125,503.70001220703125,503.5,503.70001220703125,503.70001220703125,67500
2023-06-12 14:38:00+09:00,503.6000061035156,503.70001220703125,503.1000061035156,503.20001220703125,503.20001220703125,90800
2023-06-12 14:39:00+09:00,503.20001220703125,503.20001220703125,502.70001220703125,503.0,503.0,317300
2023-06-12 14:40:00+09:00,503.0,503.6000061035156,503.0,503.5,503.5,56000
2023-06-12 14:41:00+09:00,503.6000061035156,503.79998779296875,503.3999938964844,503.79998779296875,503.79998779296875,47700
2023-06-12 14:42:00+09:00,503.6000061035156,504.1000061035156,503.5,504.1000061035156,504.1000061035156,91300
2023-06-12 14:43:00+09:00,504.0,504.1000061035156,503.79998779296875,504.0,504.0,26600
2023-06-12 14:44:00+09:00,503.8999938964844,504.0,503.6000061035156,503.6000061035156,503.6000061035156,38200
2023-06-12 14:45:00+09:00,503.70001220703125,504.0,503.6000061035156,503.8999938964844,503.8999938964844,69800
2023-06-12 14:46:00+09:00,504.0,504.0,503.79998779296875,503.79998779296875,503.79998779296875,110500
2023-06-12 14:47:00+09:00,503.8999938964844,503.8999938964844,503.70001220703125,503.70001220703125,503.70001220703125,45400
2023-06-12 14:48:00+09:00,503.70001220703125,503.8999938964844,503.6000061035156,503.6000061035156,503.6000061035156,54300
2023-06-12 14:49:00+09:00,503.6000061035156,503.8999938964844,503.6000061035156,503.70001220703125,503.70001220703125,61700
2023-06-12 14:50:00+09:00,503.6000061035156,504.0,503.6000061035156,504.0,504.0,61200
2023-06-12 14:51:00+09:00,504.0,504.1000061035156,503.70001220703125,503.79998779296875,503.79998779296875,195500
2023-06-12 14:52:00+09:00,503.79998779296875,504.0,503.6000061035156,503.70001220703125,503.70001220703125,77700
2023-06-12 14:53:00+09:00,503.70001220703125,503.79998779296875,503.1000061035156,503.5,503.5,206500
2023-06-12 14:54:00+09:00,503.3999938964844,503.6000061035156,503.29998779296875,503.29998779296875,503.29998779296875,99500
2023-06-12 14:55:00+09:00,503.29998779296875,503.70001220703125,503.29998779296875,503.5,503.5,158800
2023-06-12 14:56:00+09:00,503.5,503.6000061035156,503.29998779296875,503.6000061035156,503.6000061035156,51700
2023-06-12 14:57:00+09:00,503.5,504.0,503.5,503.8999938964844,503.8999938964844,121400
2023-06-12 14:58:00+09:00,503.8999938964844,504.29998779296875,503.70001220703125,504.29998779296875,504.29998779296875,178800
2023-06-12 14:59:00+09:00,504.20001220703125,504.6000061035156,503.8999938964844,504.1000061035156,504.1000061035156,435300
2023-06-13 09:00:00+09:00,501.29998779296875,503.3999938964844,499.1000061035156,499.8999938964844,499.8999938964844,1780700
2023-06-13 09:01:00+09:00,500.20001220703125,501.1000061035156,497.6000061035156,498.5,498.5,891100
2023-06-13 09:02:00+09:00,498.5,499.1000061035156,498.0,498.29998779296875,498.29998779296875,153700
2023-06-13 09:03:00+09:00,498.29998779296875,499.0,498.1000061035156,498.70001220703125,498.70001220703125,319000
2023-06-13 09:04:00+09:00,498.8999938964844,500.6000061035156,498.6000061035156,500.0,500.0,158400
2023-06-13 09:05:00+09:00,500.29998779296875,501.1000061035156,500.0,500.6000061035156,500.6000061035156,182300
2023-06-13 09:06:00+09:00,500.79998779296875,500.8999938964844,500.0,500.29998779296875,500.29998779296875,161600
2023-06-13 09:07:00+09:00,500.6000061035156,502.5,500.0,501.5,501.5,236600
2023-06-13 09:08:00+09:00,501.3999938964844,501.79998779296875,501.0,501.29998779296875,501.29998779296875,101800
2023-06-13 09:09:00+09:00,501.5,502.8999938964844,501.29998779296875,502.3999938964844,502.3999938964844,216000
2023-06-13 09:10:00+09:00,502.29998779296875,503.6000061035156,502.29998779296875,503.3999938964844,503.3999938964844,232500
2023-06-13 09:11:00+09:00,503.5,503.70001220703125,502.79998779296875,503.70001220703125,503.70001220703125,170200
2023-06-13 09:12:00+09:00,503.5,503.8999938964844,503.1000061035156,503.79998779296875,503.79998779296875,127000
2023-06-13 09:13:00+09:00,503.6000061035156,503.79998779296875,502.70001220703125,502.79998779296875,502.79998779296875,230500
2023-06-13 09:14:00+09:00,502.79998779296875,503.5,502.0,502.29998779296875,502.29998779296875,361100
2023-06-13 09:15:00+09:00,502.3999938964844,502.70001220703125,501.5,501.70001220703125,501.70001220703125,131100
2023-06-13 09:16:00+09:00,501.6000061035156,503.79998779296875,501.6000061035156,503.70001220703125,503.70001220703125,338500
2023-06-13 09:17:00+09:00,503.5,505.6000061035156,503.3999938964844,505.1000061035156,505.1000061035156,341100
2023-06-13 09:18:00+09:00,505.1000061035156,506.29998779296875,505.1000061035156,506.0,506.0,311800
2023-06-13 09:19:00+09:00,505.70001220703125,506.5,505.1000061035156,505.20001220703125,505.20001220703125,330100
2023-06-13 09:20:00+09:00,505.1000061035156,505.3999938964844,505.0,505.29998779296875,505.29998779296875,146500
2023-06-13 09:21:00+09:00,505.20001220703125,505.20001220703125,502.79998779296875,504.6000061035156,504.6000061035156,344700
2023-06-13 09:22:00+09:00,505.0,505.3999938964844,504.0,504.1000061035156,504.1000061035156,71500
2023-06-13 09:23:00+09:00,504.1000061035156,504.29998779296875,503.20001220703125,503.70001220703125,503.70001220703125,155300
2023-06-13 09:24:00+09:00,503.79998779296875,504.29998779296875,503.29998779296875,504.0,504.0,81000
2023-06-13 09:25:00+09:00,503.79998779296875,504.20001220703125,503.70001220703125,503.79998779296875,503.79998779296875,23100
2023-06-13 09:26:00+09:00,504.1000061035156,504.29998779296875,504.0,504.0,504.0,23500
2023-06-13 09:27:00+09:00,504.0,505.3999938964844,503.8999938964844,504.20001220703125,504.20001220703125,154500
2023-06-13 09:28:00+09:00,504.3999938964844,504.6000061035156,503.8999938964844,503.8999938964844,503.8999938964844,97000
2023-06-13 09:29:00+09:00,503.79998779296875,503.79998779296875,503.1000061035156,503.5,503.5,112100
2023-06-13 09:30:00+09:00,503.20001220703125,503.20001220703125,501.0,501.29998779296875,501.29998779296875,183400
2023-06-13 09:31:00+09:00,501.29998779296875,502.1000061035156,501.0,501.20001220703125,501.20001220703125,54600
2023-06-13 09:32:00+09:00,501.20001220703125,503.0,501.20001220703125,502.5,502.5,119000
2023-06-13 09:33:00+09:00,502.5,503.5,502.5,503.5,503.5,56900
2023-06-13 09:34:00+09:00,503.3999938964844,504.20001220703125,503.20001220703125,504.0,504.0,105500
2023-06-13 09:35:00+09:00,504.0,504.6000061035156,503.3999938964844,504.29998779296875,504.29998779296875,162100
2023-06-13 09:36:00+09:00,504.5,504.5,503.29998779296875,503.6000061035156,503.6000061035156,92200
2023-06-13 09:37:00+09:00,503.3999938964844,503.70001220703125,502.6000061035156,502.6000061035156,502.6000061035156,89800
2023-06-13 09:38:00+09:00,502.79998779296875,502.79998779296875,502.3999938964844,502.6000061035156,502.6000061035156,51900
2023-06-13 09:39:00+09:00,502.6000061035156,503.1000061035156,502.29998779296875,502.6000061035156,502.6000061035156,156200
2023-06-13 09:40:00+09:00,502.6000061035156,502.8999938964844,502.3999938964844,502.8999938964844,502.8999938964844,28200
2023-06-13 09:41:00+09:00,503.0,503.20001220703125,502.5,502.5,502.5,45800
2023-06-13 09:42:00+09:00,502.6000061035156,502.6000061035156,502.1000061035156,502.20001220703125,502.20001220703125,46300
2023-06-13 09:43:00+09:00,502.20001220703125,502.5,502.20001220703125,502.29998779296875,502.29998779296875,27400
2023-06-13 09:44:00+09:00,502.3999938964844,502.8999938964844,502.20001220703125,502.8999938964844,502.8999938964844,44800
2023-06-13 09:45:00+09:00,502.79998779296875,503.1000061035156,502.6000061035156,503.0,503.0,54800
2023-06-13 09:46:00+09:00,502.8999938964844,502.8999938964844,502.5,502.6000061035156,502.6000061035156,24300
2023-06-13 09:47:00+09:00,502.6000061035156,503.29998779296875,502.5,502.8999938964844,502.8999938964844,85700
2023-06-13 09:48:00+09:00,502.8999938964844,502.8999938964844,502.70001220703125,502.8999938964844,502.8999938964844,15300
2023-06-13 09:49:00+09:00,502.8999938964844,503.0,502.3999938964844,502.79998779296875,502.79998779296875,147900
2023-06-13 09:50:00+09:00,502.70001220703125,503.5,502.70001220703125,503.5,503.5,63600
2023-06-13 09:51:00+09:00,503.6000061035156,504.3999938964844,503.6000061035156,504.0,504.0,134700
2023-06-13 09:52:00+09:00,504.0,504.0,502.6000061035156,502.8999938964844,502.8999938964844,97800
2023-06-13 09:53:00+09:00,502.70001220703125,502.8999938964844,502.5,502.8999938964844,502.8999938964844,84400
2023-06-13 09:54:00+09:00,502.79998779296875,502.79998779296875,502.6000061035156,502.70001220703125,502.70001220703125,21300
2023-06-13 09:55:00+09:00,502.70001220703125,502.79998779296875,502.29998779296875,502.5,502.5,90500
2023-06-13 09:56:00+09:00,502.5,502.6000061035156,502.3999938964844,502.6000061035156,502.6000061035156,25300
2023-06-13 09:57:00+09:00,502.6000061035156,502.8999938964844,502.6000061035156,502.79998779296875,502.79998779296875,49700
2023-06-13 09:58:00+09:00,502.6000061035156,503.1000061035156,502.5,503.0,503.0,91400
2023-06-13 09:59:00+09:00,502.8999938964844,503.0,502.70001220703125,502.79998779296875,502.79998779296875,20400
2023-06-13 10:00:00+09:00,502.8999938964844,502.8999938964844,502.3999938964844,502.70001220703125,502.70001220703125,142700
2023-06-13 10:01:00+09:00,502.70001220703125,502.70001220703125,502.5,502.6000061035156,502.6000061035156,13100
2023-06-13 10:02:00+09:00,502.6000061035156,503.6000061035156,502.6000061035156,503.5,503.5,110300
2023-06-13 10:03:00+09:00,503.6000061035156,503.70001220703125,503.20001220703125,503.5,503.5,35500
2023-06-13 10:04:00+09:00,503.70001220703125,503.79998779296875,503.3999938964844,503.79998779296875,503.79998779296875,55000
2023-06-13 10:05:00+09:00,503.6000061035156,503.8999938964844,503.5,503.70001220703125,503.70001220703125,84200
2023-06-13 10:06:00+09:00,503.79998779296875,504.6000061035156,503.70001220703125,504.3999938964844,504.3999938964844,125900
2023-06-13 10:07:00+09:00,504.5,505.6000061035156,504.3999938964844,505.20001220703125,505.20001220703125,170200
2023-06-13 10:08:00+09:00,505.1000061035156,505.3999938964844,504.5,504.5,504.5,49300
2023-06-13 10:09:00+09:00,504.70001220703125,504.70001220703125,503.8999938964844,504.29998779296875,504.29998779296875,42900
2023-06-13 10:10:00+09:00,504.20001220703125,504.5,504.20001220703125,504.5,504.5,51100
2023-06-13 10:11:00+09:00,504.3999938964844,504.8999938964844,504.20001220703125,504.79998779296875,504.79998779296875,92400
2023-06-13 10:12:00+09:00,504.8999938964844,505.29998779296875,504.79998779296875,504.8999938964844,504.8999938964844,74900
2023-06-13 10:13:00+09:00,504.79998779296875,505.20001220703125,504.6000061035156,504.70001220703125,504.70001220703125,60000
2023-06-13 10:14:00+09:00,504.6000061035156,504.79998779296875,504.20001220703125,504.5,504.5,42700
2023-06-13 10:15:00+09:00,504.6000061035156,504.6000061035156,503.20001220703125,503.20001220703125,503.20001220703125,75200
2023-06-13 10:16:00+09:00,503.29998779296875,503.6000061035156,503.0,503.3999938964844,503.3999938964844,126200
2023-06-13 10:17:00+09:00,503.5,504.0,503.5,503.5,503.5,23200
2023-06-13 10:18:00+09:00,503.6000061035156,503.79998779296875,503.5,503.5,503.5,13700
2023-06-13 10:19:00+09:00,503.5,503.70001220703125,503.3999938964844,503.5,503.5,29800
2023-06-13 10:20:00+09:00,503.3999938964844,504.1000061035156,503.29998779296875,503.79998779296875,503.79998779296875,54200
2023-06-13 10:21:00+09:00,503.70001220703125,504.1000061035156,503.70001220703125,504.1000061035156,504.1000061035156,45900
2023-06-13 10:22:00+09:00,503.79998779296875,504.70001220703125,503.79998779296875,504.6000061035156,504.6000061035156,18600
2023-06-13 10:23:00+09:00,504.3999938964844,505.3999938964844,504.3999938964844,505.29998779296875,505.29998779296875,131900
2023-06-13 10:24:00+09:00,505.5,505.6000061035156,505.0,505.20001220703125,505.20001220703125,104000
2023-06-13 10:25:00+09:00,505.5,505.5,505.0,505.29998779296875,505.29998779296875,69000
2023-06-13 10:26:00+09:00,505.29998779296875,505.6000061035156,505.0,505.5,505.5,72600
2023-06-13 10:27:00+09:00,505.70001220703125,506.6000061035156,505.3999938964844,506.5,506.5,156300
2023-06-13 10:28:00+09:00,506.6000061035156,506.70001220703125,506.29998779296875,506.5,506.5,46400
2023-06-13 10:29:00+09:00,506.5,506.5,506.1000061035156,506.29998779296875,506.29998779296875,40600
2023-06-13 10:30:00+09:00,506.29998779296875,506.70001220703125,505.29998779296875,506.0,506.0,209300
2023-06-13 10:31:00+09:00,506.1000061035156,506.70001220703125,506.1000061035156,506.20001220703125,506.20001220703125,35900
2023-06-13 10:32:00+09:00,506.0,506.0,505.0,505.6000061035156,505.6000061035156,68900
2023-06-13 10:33:00+09:00,505.5,505.70001220703125,505.1000061035156,505.29998779296875,505.29998779296875,42400
2023-06-13 10:34:00+09:00,505.29998779296875,505.3999938964844,504.8999938964844,505.0,505.0,115100
2023-06-13 10:35:00+09:00,505.1000061035156,505.20001220703125,504.29998779296875,504.6000061035156,504.6000061035156,72600
2023-06-13 10:36:00+09:00,504.70001220703125,505.29998779296875,504.70001220703125,505.29998779296875,505.29998779296875,35200
2023-06-13 10:37:00+09:00,505.29998779296875,505.3999938964844,505.20001220703125,505.3999938964844,505.3999938964844,11900
2023-06-13 10:38:00+09:00,505.5,505.8999938964844,505.1000061035156,505.70001220703125,505.70001220703125,66400
2023-06-13 10:39:00+09:00,505.5,506.1000061035156,505.3999938964844,505.8999938964844,505.8999938964844,40500
2023-06-13 10:40:00+09:00,505.8999938964844,506.0,505.6000061035156,505.70001220703125,505.70001220703125,34700
2023-06-13 10:41:00+09:00,505.70001220703125,506.1000061035156,505.70001220703125,506.1000061035156,506.1000061035156,13200
2023-06-13 10:42:00+09:00,505.8999938964844,506.0,505.29998779296875,505.5,505.5,77000
2023-06-13 10:43:00+09:00,505.5,505.79998779296875,505.5,505.6000061035156,505.6000061035156,24200
2023-06-13 10:44:00+09:00,505.70001220703125,505.79998779296875,505.20001220703125,505.29998779296875,505.29998779296875,32600
2023-06-13 10:45:00+09:00,505.20001220703125,505.20001220703125,504.79998779296875,505.1000061035156,505.1000061035156,39000
2023-06-13 10:46:00+09:00,504.8999938964844,505.3999938964844,504.8999938964844,505.3999938964844,505.3999938964844,22400
2023-06-13 10:47:00+09:00,505.3999938964844,505.3999938964844,505.0,505.29998779296875,505.29998779296875,58100
2023-06-13 10:48:00+09:00,505.5,506.1000061035156,505.5,506.1000061035156,506.1000061035156,60600
2023-06-13 10:49:00+09:00,506.1000061035156,506.20001220703125,505.8999938964844,506.0,506.0,29900
2023-06-13 10:50:00+09:00,506.1000061035156,506.1000061035156,504.70001220703125,505.29998779296875,505.29998779296875,76000
2023-06-13 10:51:00+09:00,505.3999938964844,505.6000061035156,505.20001220703125,505.6000061035156,505.6000061035156,19700
2023-06-13 10:52:00+09:00,505.5,506.0,505.3999938964844,505.70001220703125,505.70001220703125,6300
2023-06-13 10:53:00+09:00,505.8999938964844,506.0,505.6000061035156,505.79998779296875,505.79998779296875,29700
2023-06-13 10:54:00+09:00,505.79998779296875,506.29998779296875,505.70001220703125,506.1000061035156,506.1000061035156,46400
2023-06-13 10:55:00+09:00,506.20001220703125,506.20001220703125,505.70001220703125,505.70001220703125,505.70001220703125,51900
2023-06-13 10:56:00+09:00,505.6000061035156,505.6000061035156,504.70001220703125,505.0,505.0,88100
2023-06-13 10:57:00+09:00,505.0,506.6000061035156,505.0,506.0,506.0,113600
2023-06-13 10:58:00+09:00,506.0,506.0,505.20001220703125,505.6000061035156,505.6000061035156,25500
2023-06-13 10:59:00+09:00,505.3999938964844,505.8999938964844,505.3999938964844,505.70001220703125,505.70001220703125,31700
2023-06-13 11:00:00+09:00,505.70001220703125,505.70001220703125,504.8999938964844,505.20001220703125,505.20001220703125,57900
2023-06-13 11:01:00+09:00,505.20001220703125,505.20001220703125,504.70001220703125,504.79998779296875,504.79998779296875,86100
2023-06-13 11:02:00+09:00,504.79998779296875,505.20001220703125,504.70001220703125,504.79998779296875,504.79998779296875,41300
2023-06-13 11:03:00+09:00,505.0,505.0,504.6000061035156,504.79998779296875,504.79998779296875,47200
2023-06-13 11:04:00+09:00,504.79998779296875,505.0,504.6000061035156,505.0,505.0,29400
2023-06-13 11:05:00+09:00,504.8999938964844,505.1000061035156,504.79998779296875,504.8999938964844,504.8999938964844,12900
2023-06-13 11:06:00+09:00,504.8999938964844,505.5,504.8999938964844,505.3999938964844,505.3999938964844,42300
2023-06-13 11:07:00+09:00,505.29998779296875,505.5,505.20001220703125,505.5,505.5,17500
2023-06-13 11:08:00+09:00,505.29998779296875,505.3999938964844,505.1000061035156,505.3999938964844,505.3999938964844,17300
2023-06-13 11:09:00+09:00,505.3999938964844,505.3999938964844,504.8999938964844,505.20001220703125,505.20001220703125,66700
2023-06-13 11:10:00+09:00,505.1000061035156,505.29998779296875,505.0,505.1000061035156,505.1000061035156,15500
2023-06-13 11:11:00+09:00,505.0,505.1000061035156,504.3999938964844,504.3999938964844,504.3999938964844,52500
2023-06-13 11:12:00+09:00,504.3999938964844,504.3999938964844,503.5,503.6000061035156,503.6000061035156,112800
2023-06-13 11:13:00+09:00,503.70001220703125,504.79998779296875,503.6000061035156,504.70001220703125,504.70001220703125,47100
2023-06-13 11:14:00+09:00,504.70001220703125,505.5,504.6000061035156,505.29998779296875,505.29998779296875,103200
2023-06-13 11:15:00+09:00,505.3999938964844,505.6000061035156,504.79998779296875,505.0,505.0,59600
2023-06-13 11:16:00+09:00,505.0,505.0,504.3999938964844,504.5,504.5,29100
2023-06-13 11:17:00+09:00,504.3999938964844,504.6000061035156,504.29998779296875,504.5,504.5,23600
2023-06-13 11:18:00+09:00,504.3999938964844,505.70001220703125,504.29998779296875,505.3999938964844,505.3999938964844,72800
2023-06-13 11:19:00+09:00,505.3999938964844,505.3999938964844,504.8999938964844,504.8999938964844,504.8999938964844,62400
2023-06-13 11:20:00+09:00,505.0,505.0,504.79998779296875,505.0,505.0,9400
2023-06-13 11:21:00+09:00,505.0,505.70001220703125,505.0,505.3999938964844,505.3999938964844,40900
2023-06-13 11:22:00+09:00,505.6000061035156,506.1000061035156,505.29998779296875,505.8999938964844,505.8999938964844,99000
2023-06-13 11:23:00+09:00,506.0,506.6000061035156,505.79998779296875,506.6000061035156,506.6000061035156,107800
2023-06-13 11:24:00+09:00,506.70001220703125,506.8999938964844,506.6000061035156,506.70001220703125,506.70001220703125,45300
2023-06-13 11:25:00+09:00,506.6000061035156,507.79998779296875,506.6000061035156,507.6000061035156,507.6000061035156,190200
2023-06-13 11:26:00+09:00,507.79998779296875,507.79998779296875,507.0,507.20001220703125,507.20001220703125,161300
2023-06-13 11:27:00+09:00,507.1000061035156,507.3999938964844,506.8999938964844,507.20001220703125,507.20001220703125,29500
2023-06-13 11:28:00+09:00,507.29998779296875,507.29998779296875,506.8999938964844,507.0,507.0,18900
2023-06-13 11:29:00+09:00,507.20001220703125,507.3999938964844,507.0,507.29998779296875,507.29998779296875,48400
2023-06-13 11:30:00+09:00,507.3999938964844,507.3999938964844,507.3999938964844,507.3999938964844,507.3999938964844,24500
2023-06-13 11:35:00+09:00,507.3999938964844,507.3999938964844,507.3999938964844,507.3999938964844,507.3999938964844,0
2023-06-13 12:30:00+09:00,508.0,509.6000061035156,507.5,508.20001220703125,508.20001220703125,16411500
2023-06-13 12:31:00+09:00,508.1000061035156,509.8999938964844,507.8999938964844,509.8999938964844,509.8999938964844,81300
2023-06-13 12:32:00+09:00,509.8999938964844,510.6000061035156,509.6000061035156,510.29998779296875,510.29998779296875,223000
2023-06-13 12:33:00+09:00,510.0,510.79998779296875,510.0,510.20001220703125,510.20001220703125,86300
2023-06-13 12:34:00+09:00,510.29998779296875,510.5,509.70001220703125,509.70001220703125,509.70001220703125,112500
2023-06-13 12:35:00+09:00,509.5,509.70001220703125,508.6000061035156,508.6000061035156,508.6000061035156,221400
2023-06-13 12:36:00+09:00,508.79998779296875,508.8999938964844,507.70001220703125,508.0,508.0,123800
2023-06-13 12:37:00+09:00,507.70001220703125,508.8999938964844,507.6000061035156,508.0,508.0,171700
2023-06-13 12:38:00+09:00,508.0,508.0,507.29998779296875,507.3999938964844,507.3999938964844,93700
2023-06-13 12:39:00+09:00,507.20001220703125,507.5,506.6000061035156,506.8999938964844,506.8999938964844,82900
2023-06-13 12:40:00+09:00,506.6000061035156,507.70001220703125,506.6000061035156,507.6000061035156,507.6000061035156,73200
2023-06-13 12:41:00+09:00,507.5,507.5,506.6000061035156,506.6000061035156,506.6000061035156,78400
2023-06-13 12:42:00+09:00,506.70001220703125,507.3999938964844,506.6000061035156,507.3999938964844,507.3999938964844,52500
2023-06-13 12:43:00+09:00,507.3999938964844,508.0,507.29998779296875,507.79998779296875,507.79998779296875,38400
2023-06-13 12:44:00+09:00,507.79998779296875,507.8999938964844,507.5,507.6000061035156,507.6000061035156,28000
2023-06-13 12:45:00+09:00,507.6000061035156,507.8999938964844,507.3999938964844,507.70001220703125,507.70001220703125,49300
2023-06-13 12:46:00+09:00,507.6000061035156,508.20001220703125,507.6000061035156,508.0,508.0,71900
2023-06-13 12:47:00+09:00,508.0,508.20001220703125,507.1000061035156,507.20001220703125,507.20001220703125,135200
2023-06-13 12:48:00+09:00,507.1000061035156,507.8999938964844,507.1000061035156,507.6000061035156,507.6000061035156,62500
2023-06-13 12:49:00+09:00,507.6000061035156,508.1000061035156,507.3999938964844,507.8999938964844,507.8999938964844,45200
2023-06-13 12:50:00+09:00,507.79998779296875,507.79998779296875,507.1000061035156,507.5,507.5,123900
2023-06-13 12:51:00+09:00,507.5,507.79998779296875,507.20001220703125,507.79998779296875,507.79998779296875,60000
2023-06-13 12:52:00+09:00,507.79998779296875,508.20001220703125,507.70001220703125,507.79998779296875,507.79998779296875,66500
2023-06-13 12:53:00+09:00,508.0,508.5,507.79998779296875,508.20001220703125,508.20001220703125,73800
2023-06-13 12:54:00+09:00,508.20001220703125,508.5,507.0,507.3999938964844,507.3999938964844,244800
2023-06-13 12:55:00+09:00,507.5,507.79998779296875,507.5,507.79998779296875,507.79998779296875,27800
2023-06-13 12:56:00+09:00,507.79998779296875,508.5,507.79998779296875,508.3999938964844,508.3999938964844,36700
2023-06-13 12:57:00+09:00,508.20001220703125,508.6000061035156,507.8999938964844,508.3999938964844,508.3999938964844,181500
2023-06-13 12:58:00+09:00,508.3999938964844,508.8999938964844,508.3999938964844,508.70001220703125,508.70001220703125,52600
2023-06-13 12:59:00+09:00,508.70001220703125,509.29998779296875,508.70001220703125,509.0,509.0,100700
2023-06-13 13:00:00+09:00,509.1000061035156,509.3999938964844,508.8999938964844,509.1000061035156,509.1000061035156,64900
2023-06-13 13:01:00+09:00,509.1000061035156,510.5,508.8999938964844,510.29998779296875,510.29998779296875,349000
2023-06-13 13:02:00+09:00,510.29998779296875,510.3999938964844,510.0,510.0,510.0,56200
2023-06-13 13:03:00+09:00,510.0,510.20001220703125,509.79998779296875,510.20001220703125,510.20001220703125,40200
2023-06-13 13:04:00+09:00,510.0,510.29998779296875,509.79998779296875,510.1000061035156,510.1000061035156,44600
2023-06-13 13:05:00+09:00,510.1000061035156,510.3999938964844,509.8999938964844,510.1000061035156,510.1000061035156,52400
2023-06-13 13:06:00+09:00,510.1000061035156,510.1000061035156,509.20001220703125,509.29998779296875,509.29998779296875,107300
2023-06-13 13:07:00+09:00,509.29998779296875,509.6000061035156,509.29998779296875,509.3999938964844,509.3999938964844,28400
2023-06-13 13:08:00+09:00,509.5,509.6000061035156,509.29998779296875,509.3999938964844,509.3999938964844,36100
2023-06-13 13:09:00+09:00,509.29998779296875,509.29998779296875,509.1000061035156,509.29998779296875,509.29998779296875,13300
2023-06-13 13:10:00+09:00,509.20001220703125,509.20001220703125,508.5,508.8999938964844,508.8999938964844,102600
2023-06-13 13:11:00+09:00,508.8999938964844,509.20001220703125,508.70001220703125,508.79998779296875,508.79998779296875,32400
2023-06-13 13:12:00+09:00,508.8999938964844,509.1000061035156,508.70001220703125,508.8999938964844,508.8999938964844,132100
2023-06-13 13:13:00+09:00,509.0,509.0,508.70001220703125,508.70001220703125,508.70001220703125,11800
2023-06-13 13:14:00+09:00,508.70001220703125,508.8999938964844,508.6000061035156,508.79998779296875,508.79998779296875,23600
2023-06-13 13:15:00+09:00,508.79998779296875,508.79998779296875,508.5,508.5,508.5,29200
2023-06-13 13:16:00+09:00,508.5,508.70001220703125,508.20001220703125,508.20001220703125,508.20001220703125,39200
2023-06-13 13:17:00+09:00,508.29998779296875,508.5,508.20001220703125,508.29998779296875,508.29998779296875,23900
2023-06-13 13:18:00+09:00,508.3999938964844,508.8999938964844,508.3999938964844,508.79998779296875,508.79998779296875,44300
2023-06-13 13:19:00+09:00,508.79998779296875,509.1000061035156,508.5,508.6000061035156,508.6000061035156,68600
2023-06-13 13:20:00+09:00,508.5,508.6000061035156,508.3999938964844,508.3999938964844,508.3999938964844,41200
2023-06-13 13:21:00+09:00,508.6000061035156,508.70001220703125,508.1000061035156,508.29998779296875,508.29998779296875,21800
2023-06-13 13:22:00+09:00,508.29998779296875,508.5,508.1000061035156,508.3999938964844,508.3999938964844,25900
2023-06-13 13:23:00+09:00,508.29998779296875,508.6000061035156,508.20001220703125,508.3999938964844,508.3999938964844,18400
2023-06-13 13:24:00+09:00,508.29998779296875,508.70001220703125,508.29998779296875,508.6000061035156,508.6000061035156,24300
2023-06-13 13:25:00+09:00,508.6000061035156,509.8999938964844,508.6000061035156,509.70001220703125,509.70001220703125,116700
2023-06-13 13:26:00+09:00,509.70001220703125,509.79998779296875,509.3999938964844,509.5,509.5,50300
2023-06-13 13:27:00+09:00,509.5,510.20001220703125,509.5,509.70001220703125,509.70001220703125,309300
2023-06-13 13:28:00+09:00,509.79998779296875,509.8999938964844,509.5,509.5,509.5,27200
2023-06-13 13:29:00+09:00,509.5,509.5,509.1000061035156,509.29998779296875,509.29998779296875,40400
2023-06-13 13:30:00+09:00,509.3999938964844,509.6000061035156,509.29998779296875,509.5,509.5,22300
2023-06-13 13:31:00+09:00,509.6000061035156,510.0,509.6000061035156,510.0,510.0,57900
2023-06-13 13:32:00+09:00,509.79998779296875,510.0,509.6000061035156,509.6000061035156,509.6000061035156,46200
2023-06-13 13:33:00+09:00,509.79998779296875,510.0,509.79998779296875,509.8999938964844,509.8999938964844,22700
2023-06-13 13:34:00+09:00,509.79998779296875,510.29998779296875,509.79998779296875,510.20001220703125,510.20001220703125,118900
2023-06-13 13:35:00+09:00,510.1000061035156,510.20001220703125,509.6000061035156,509.70001220703125,509.70001220703125,69700
2023-06-13 13:36:00+09:00,509.5,509.6000061035156,509.29998779296875,509.29998779296875,509.29998779296875,29700
2023-06-13 13:37:00+09:00,509.5,509.6000061035156,509.29998779296875,509.5,509.5,31500
2023-06-13 13:38:00+09:00,509.70001220703125,510.1000061035156,509.6000061035156,510.0,510.0,38900
2023-06-13 13:39:00+09:00,510.0,510.20001220703125,509.79998779296875,509.8999938964844,509.8999938964844,20500
2023-06-13 13:40:00+09:00,509.8999938964844,510.79998779296875,509.8999938964844,510.79998779296875,510.79998779296875,210900
2023-06-13 13:41:00+09:00,510.79998779296875,510.8999938964844,510.70001220703125,510.70001220703125,510.70001220703125,66500
2023-06-13 13:42:00+09:00,510.70001220703125,510.79998779296875,510.6000061035156,510.70001220703125,510.70001220703125,24200
2023-06-13 13:43:00+09:00,510.79998779296875,510.79998779296875,510.5,510.70001220703125,510.70001220703125,28600
2023-06-13 13:44:00+09:00,510.5,511.6000061035156,510.5,511.20001220703125,511.20001220703125,694400
2023-06-13 13:45:00+09:00,511.3999938964844,511.79998779296875,511.29998779296875,511.70001220703125,511.70001220703125,76600
2023-06-13 13:46:00+09:00,511.6000061035156,511.79998779296875,511.0,511.20001220703125,511.20001220703125,142300
2023-06-13 13:47:00+09:00,511.20001220703125,511.6000061035156,510.79998779296875,510.8999938964844,510.8999938964844,57900
2023-06-13 13:48:00+09:00,510.70001220703125,510.8999938964844,510.0,510.5,510.5,68100
2023-06-13 13:49:00+09:00,510.5,510.5,510.20001220703125,510.29998779296875,510.29998779296875,18800
2023-06-13 13:50:00+09:00,510.3999938964844,510.70001220703125,509.8999938964844,510.20001220703125,510.20001220703125,77300
2023-06-13 13:51:00+09:00,510.20001220703125,510.29998779296875,509.79998779296875,509.79998779296875,509.79998779296875,96400
2023-06-13 13:52:00+09:00,510.1000061035156,510.79998779296875,510.0,510.79998779296875,510.79998779296875,34400
2023-06-13 13:53:00+09:00,510.79998779296875,511.20001220703125,510.70001220703125,511.1000061035156,511.1000061035156,47000
2023-06-13 13:54:00+09:00,511.1000061035156,511.70001220703125,511.1000061035156,511.29998779296875,511.29998779296875,48300
2023-06-13 13:55:00+09:00,511.3999938964844,511.8999938964844,511.3999938964844,511.79998779296875,511.79998779296875,503800
2023-06-13 13:56:00+09:00,511.79998779296875,512.0,511.5,511.8999938964844,511.8999938964844,37500
2023-06-13 13:57:00+09:00,511.6000061035156,511.79998779296875,511.5,511.5,511.5,26900
2023-06-13 13:58:00+09:00,511.70001220703125,511.79998779296875,511.5,511.6000061035156,511.6000061035156,15100
2023-06-13 13:59:00+09:00,511.70001220703125,511.79998779296875,511.3999938964844,511.6000061035156,511.6000061035156,55200
2023-06-13 14:00:00+09:00,511.5,511.70001220703125,511.3999938964844,511.6000061035156,511.6000061035156,26900
2023-06-13 14:01:00+09:00,511.70001220703125,511.79998779296875,511.6000061035156,511.70001220703125,511.70001220703125,17200
2023-06-13 14:02:00+09:00,511.70001220703125,512.0999755859375,511.70001220703125,512.0,512.0,269600
2023-06-13 14:03:00+09:00,512.0,512.0999755859375,511.70001220703125,511.8999938964844,511.8999938964844,45500
2023-06-13 14:04:00+09:00,511.8999938964844,512.2000122070312,511.79998779296875,512.0999755859375,512.0999755859375,51100
2023-06-13 14:05:00+09:00,512.2000122070312,512.2999877929688,512.0999755859375,512.2000122070312,512.2000122070312,37400
2023-06-13 14:06:00+09:00,512.2000122070312,512.2000122070312,511.5,511.5,511.5,98500
2023-06-13 14:07:00+09:00,511.6000061035156,511.70001220703125,511.3999938964844,511.3999938964844,511.3999938964844,22800
2023-06-13 14:08:00+09:00,511.3999938964844,511.3999938964844,511.0,511.1000061035156,511.1000061035156,62800
2023-06-13 14:09:00+09:00,511.29998779296875,511.29998779296875,511.1000061035156,511.1000061035156,511.1000061035156,47400
2023-06-13 14:10:00+09:00,511.20001220703125,511.3999938964844,511.0,511.0,511.0,51200
2023-06-13 14:11:00+09:00,511.0,511.20001220703125,510.8999938964844,510.8999938964844,510.8999938964844,42200
2023-06-13 14:12:00+09:00,510.79998779296875,511.3999938964844,510.70001220703125,511.20001220703125,511.20001220703125,39500
2023-06-13 14:13:00+09:00,511.20001220703125,511.29998779296875,511.1000061035156,511.20001220703125,511.20001220703125,26900
2023-06-13 14:14:00+09:00,511.20001220703125,511.3999938964844,511.1000061035156,511.3999938964844,511.3999938964844,45100
2023-06-13 14:15:00+09:00,511.3999938964844,511.6000061035156,511.3999938964844,511.6000061035156,511.6000061035156,15800
2023-06-13 14:16:00+09:00,511.6000061035156,511.79998779296875,511.6000061035156,511.70001220703125,511.70001220703125,19700
2023-06-13 14:17:00+09:00,511.79998779296875,511.8999938964844,511.70001220703125,511.8999938964844,511.8999938964844,34000
2023-06-13 14:18:00+09:00,511.8999938964844,512.0,511.79998779296875,511.8999938964844,511.8999938964844,13100
2023-06-13 14:19:00+09:00,512.0,512.2999877929688,512.0,512.2000122070312,512.2000122070312,67800
2023-06-13 14:20:00+09:00,512.2000122070312,512.2999877929688,512.0,512.0,512.0,17100
2023-06-13 14:21:00+09:00,512.0,512.2999877929688,511.8999938964844,512.0999755859375,512.0999755859375,58200
2023-06-13 14:22:00+09:00,512.2000122070312,512.2000122070312,512.0,512.0999755859375,512.0999755859375,30100
2023-06-13 14:23:00+09:00,512.0999755859375,512.0999755859375,512.0,512.0999755859375,512.0999755859375,10200
2023-06-13 14:24:00+09:00,512.0,512.0,511.29998779296875,511.29998779296875,511.29998779296875,88600
2023-06-13 14:25:00+09:00,511.6000061035156,512.0,511.6000061035156,511.70001220703125,511.70001220703125,19300
2023-06-13 14:26:00+09:00,511.70001220703125,511.8999938964844,511.70001220703125,511.79998779296875,511.79998779296875,15600
2023-06-13 14:27:00+09:00,511.8999938964844,511.8999938964844,511.70001220703125,511.70001220703125,511.70001220703125,39400
2023-06-13 14:28:00+09:00,511.70001220703125,512.0999755859375,511.6000061035156,511.79998779296875,511.79998779296875,48300
2023-06-13 14:29:00+09:00,511.8999938964844,512.0999755859375,511.3999938964844,511.3999938964844,511.3999938964844,48300
2023-06-13 14:30:00+09:00,511.3999938964844,511.5,511.1000061035156,511.3999938964844,511.3999938964844,69800
2023-06-13 14:31:00+09:00,511.5,511.70001220703125,511.29998779296875,511.3999938964844,511.3999938964844,65600
2023-06-13 14:32:00+09:00,511.3999938964844,511.3999938964844,510.79998779296875,511.0,511.0,104900
2023-06-13 14:33:00+09:00,511.0,511.1000061035156,510.70001220703125,511.0,511.0,97100
2023-06-13 14:34:00+09:00,510.79998779296875,510.79998779296875,510.3999938964844,510.3999938964844,510.3999938964844,58600
2023-06-13 14:35:00+09:00,510.3999938964844,510.6000061035156,510.29998779296875,510.3999938964844,510.3999938964844,36900
2023-06-13 14:36:00+09:00,510.29998779296875,510.3999938964844,509.8999938964844,509.8999938964844,509.8999938964844,128000
2023-06-13 14:37:00+09:00,509.79998779296875,509.8999938964844,509.0,509.20001220703125,509.20001220703125,145100
2023-06-13 14:38:00+09:00,509.20001220703125,509.29998779296875,508.8999938964844,508.8999938964844,508.8999938964844,155200
2023-06-13 14:39:00+09:00,508.8999938964844,509.0,508.29998779296875,508.3999938964844,508.3999938964844,158700
2023-06-13 14:40:00+09:00,508.20001220703125,508.29998779296875,508.0,508.0,508.0,73100
2023-06-13 14:41:00+09:00,507.5,508.0,507.29998779296875,507.6000061035156,507.6000061035156,292300
2023-06-13 14:42:00+09:00,507.79998779296875,508.1000061035156,507.6000061035156,508.0,508.0,180200
2023-06-13 14:43:00+09:00,508.0,508.3999938964844,507.8999938964844,508.20001220703125,508.20001220703125,119600
2023-06-13 14:44:00+09:00,508.1000061035156,508.3999938964844,508.1000061035156,508.20001220703125,508.20001220703125,53400
2023-06-13 14:45:00+09:00,508.29998779296875,508.3999938964844,507.6000061035156,507.6000061035156,507.6000061035156,152500
2023-06-13 14:46:00+09:00,507.79998779296875,507.79998779296875,507.29998779296875,507.5,507.5,136400
2023-06-13 14:47:00+09:00,507.5,507.5,507.20001220703125,507.20001220703125,507.20001220703125,63700
2023-06-13 14:48:00+09:00,507.29998779296875,507.29998779296875,506.1000061035156,506.20001220703125,506.20001220703125,576400
2023-06-13 14:49:00+09:00,506.20001220703125,506.29998779296875,505.5,505.79998779296875,505.79998779296875,426300
2023-06-13 14:50:00+09:00,505.70001220703125,505.8999938964844,505.29998779296875,505.8999938964844,505.8999938964844,157600
2023-06-13 14:51:00+09:00,505.8999938964844,506.3999938964844,505.79998779296875,506.20001220703125,506.20001220703125,171100
2023-06-13 14:52:00+09:00,506.1000061035156,507.20001220703125,506.1000061035156,507.0,507.0,235400
2023-06-13 14:53:00+09:00,507.0,507.1000061035156,506.8999938964844,507.0,507.0,56000
2023-06-13 14:54:00+09:00,507.0,507.0,506.5,506.6000061035156,506.6000061035156,112000
2023-06-13 14:55:00+09:00,506.5,506.8999938964844,506.5,506.79998779296875,506.79998779296875,155100
2023-06-13 14:56:00+09:00,506.79998779296875,506.79998779296875,506.5,506.5,506.5,86300
2023-06-13 14:57:00+09:00,506.3999938964844,506.5,505.6000061035156,505.6000061035156,505.6000061035156,237300
2023-06-13 14:58:00+09:00,505.6000061035156,506.3999938964844,505.5,506.3999938964844,506.3999938964844,240300
2023-06-13 14:59:00+09:00,506.29998779296875,506.79998779296875,505.8999938964844,506.79998779296875,506.79998779296875,202400
2023-06-14 09:00:00+09:00,506.0,507.5,503.29998779296875,507.5,507.5,1140600
2023-06-14 09:01:00+09:00,507.70001220703125,508.3999938964844,504.79998779296875,506.3999938964844,506.3999938964844,173500
2023-06-14 09:02:00+09:00,506.79998779296875,508.0,506.0,507.0,507.0,202700
2023-06-14 09:03:00+09:00,507.1000061035156,508.70001220703125,505.70001220703125,505.8999938964844,505.8999938964844,262900
2023-06-14 09:04:00+09:00,505.8999938964844,506.1000061035156,504.5,505.3999938964844,505.3999938964844,183300
2023-06-14 09:05:00+09:00,505.6000061035156,507.29998779296875,505.20001220703125,506.20001220703125,506.20001220703125,137100
2023-06-14 09:06:00+09:00,506.29998779296875,506.8999938964844,505.5,506.3999938964844,506.3999938964844,76500
2023-06-14 09:07:00+09:00,506.8999938964844,509.0,506.70001220703125,508.6000061035156,508.6000061035156,203700
2023-06-14 09:08:00+09:00,508.70001220703125,508.79998779296875,507.8999938964844,507.8999938964844,507.8999938964844,80500
2023-06-14 09:09:00+09:00,507.8999938964844,508.3999938964844,507.6000061035156,508.20001220703125,508.20001220703125,115500
2023-06-14 09:10:00+09:00,508.20001220703125,508.29998779296875,507.20001220703125,507.5,507.5,135400
2023-06-14 09:11:00+09:00,507.29998779296875,507.6000061035156,506.29998779296875,506.5,506.5,191000
2023-06-14 09:12:00+09:00,506.5,507.0,506.1000061035156,506.70001220703125,506.70001220703125,47200
2023-06-14 09:13:00+09:00,506.8999938964844,507.1000061035156,505.79998779296875,506.1000061035156,506.1000061035156,329200
2023-06-14 09:14:00+09:00,506.1000061035156,506.29998779296875,504.6000061035156,504.70001220703125,504.70001220703125,343700
2023-06-14 09:15:00+09:00,504.70001220703125,506.6000061035156,504.70001220703125,506.6000061035156,506.6000061035156,141000
2023-06-14 09:16:00+09:00,506.70001220703125,507.3999938964844,506.29998779296875,506.79998779296875,506.79998779296875,119700
2023-06-14 09:17:00+09:00,506.8999938964844,506.8999938964844,506.1000061035156,506.6000061035156,506.6000061035156,48600
2023-06-14 09:18:00+09:00,506.3999938964844,506.3999938964844,505.1000061035156,505.6000061035156,505.6000061035156,182500
2023-06-14 09:19:00+09:00,505.5,506.1000061035156,505.29998779296875,505.5,505.5,43500
2023-06-14 09:20:00+09:00,505.79998779296875,506.8999938964844,505.29998779296875,506.5,506.5,115500
2023-06-14 09:21:00+09:00,506.3999938964844,508.0,506.29998779296875,507.29998779296875,507.29998779296875,284000
2023-06-14 09:22:00+09:00,507.0,507.3999938964844,506.29998779296875,506.70001220703125,506.70001220703125,86100
2023-06-14 09:23:00+09:00,506.5,507.0,506.5,507.0,507.0,46900
2023-06-14 09:24:00+09:00,506.70001220703125,507.0,506.70001220703125,506.79998779296875,506.79998779296875,13800
2023-06-14 09:25:00+09:00,506.8999938964844,507.8999938964844,506.79998779296875,507.5,507.5,87700
2023-06-14 09:26:00+09:00,507.1000061035156,507.1000061035156,506.79998779296875,506.79998779296875,506.79998779296875,165500
2023-06-14 09:27:00+09:00,506.70001220703125,507.20001220703125,506.3999938964844,506.79998779296875,506.79998779296875,71000
2023-06-14 09:28:00+09:00,506.8999938964844,507.3999938964844,506.8999938964844,507.1000061035156,507.1000061035156,51900
2023-06-14 09:29:00+09:00,507.1000061035156,507.6000061035156,506.70001220703125,507.20001220703125,507.20001220703125,91900
2023-06-14 09:30:00+09:00,507.20001220703125,507.29998779296875,506.1000061035156,506.29998779296875,506.29998779296875,113100
2023-06-14 09:31:00+09:00,506.29998779296875,506.29998779296875,505.3999938964844,505.3999938964844,505.3999938964844,148200
2023-06-14 09:32:00+09:00,505.6000061035156,505.8999938964844,505.3999938964844,505.5,505.5,31700
2023-06-14 09:33:00+09:00,505.5,505.6000061035156,505.20001220703125,505.6000061035156,505.6000061035156,50200
2023-06-14 09:34:00+09:00,505.5,505.6000061035156,504.6000061035156,505.1000061035156,505.1000061035156,230300
2023-06-14 09:35:00+09:00,505.20001220703125,505.79998779296875,505.20001220703125,505.6000061035156,505.6000061035156,44900
2023-06-14 09:36:00+09:00,505.6000061035156,505.79998779296875,505.29998779296875,505.79998779296875,505.79998779296875,35600
2023-06-14 09:37:00+09:00,505.79998779296875,506.0,505.3999938964844,505.79998779296875,505.79998779296875,47200
2023-06-14 09:38:00+09:00,506.0,506.1000061035156,505.1000061035156,505.20001220703125,505.20001220703125,61200
2023-06-14 09:39:00+09:00,505.1000061035156,506.0,505.0,506.0,506.0,135600
2023-06-14 09:40:00+09:00,505.70001220703125,506.70001220703125,505.70001220703125,506.6000061035156,506.6000061035156,113200
2023-06-14 09:41:00+09:00,506.3999938964844,506.6000061035156,506.20001220703125,506.6000061035156,506.6000061035156,36100
2023-06-14 09:42:00+09:00,506.70001220703125,506.8999938964844,505.8999938964844,505.8999938964844,505.8999938964844,83700
2023-06-14 09:43:00+09:00,505.79998779296875,506.0,505.0,505.20001220703125,505.20001220703125,147100
2023-06-14 09:44:00+09:00,505.29998779296875,505.5,505.1000061035156,505.5,505.5,55600
2023-06-14 09:45:00+09:00,505.5,505.8999938964844,505.20001220703125,505.70001220703125,505.70001220703125,44500
2023-06-14 09:46:00+09:00,505.70001220703125,506.0,505.5,505.70001220703125,505.70001220703125,70300
2023-06-14 09:47:00+09:00,505.5,506.0,505.3999938964844,505.6000061035156,505.6000061035156,48200
2023-06-14 09:48:00+09:00,505.8999938964844,506.0,505.5,505.70001220703125,505.70001220703125,43700
2023-06-14 09:49:00+09:00,505.70001220703125,506.6000061035156,505.6000061035156,506.3999938964844,506.3999938964844,73900
2023-06-14 09:50:00+09:00,506.3999938964844,506.79998779296875,506.0,506.6000061035156,506.6000061035156,93300
2023-06-14 09:51:00+09:00,506.5,506.5,506.20001220703125,506.3999938964844,506.3999938964844,22400
2023-06-14 09:52:00+09:00,506.3999938964844,506.3999938964844,505.70001220703125,505.79998779296875,505.79998779296875,79700
2023-06-14 09:53:00+09:00,506.20001220703125,506.29998779296875,505.70001220703125,506.1000061035156,506.1000061035156,24100
2023-06-14 09:54:00+09:00,506.1000061035156,506.20001220703125,505.70001220703125,505.79998779296875,505.79998779296875,21200
2023-06-14 09:55:00+09:00,505.79998779296875,505.8999938964844,505.29998779296875,505.79998779296875,505.79998779296875,49300
2023-06-14 09:56:00+09:00,505.70001220703125,505.8999938964844,505.29998779296875,505.29998779296875,505.29998779296875,19900
2023-06-14 09:57:00+09:00,505.20001220703125,505.8999938964844,505.1000061035156,505.79998779296875,505.79998779296875,135500
2023-06-14 09:58:00+09:00,505.79998779296875,506.0,505.70001220703125,505.79998779296875,505.79998779296875,21600
2023-06-14 09:59:00+09:00,505.8999938964844,506.29998779296875,505.3999938964844,506.0,506.0,83300
2023-06-14 10:00:00+09:00,506.0,506.20001220703125,505.79998779296875,506.1000061035156,506.1000061035156,60700
2023-06-14 10:01:00+09:00,506.0,506.3999938964844,506.0,506.20001220703125,506.20001220703125,50300
2023-06-14 10:02:00+09:00,506.20001220703125,506.70001220703125,506.1000061035156,506.6000061035156,506.6000061035156,32600
2023-06-14 10:03:00+09:00,506.3999938964844,506.70001220703125,506.3999938964844,506.5,506.5,149900
2023-06-14 10:04:00+09:00,506.5,506.5,506.1000061035156,506.20001220703125,506.20001220703125,44400
2023-06-14 10:05:00+09:00,506.20001220703125,506.20001220703125,505.29998779296875,505.6000061035156,505.6000061035156,140800
2023-06-14 10:06:00+09:00,505.70001220703125,505.70001220703125,504.79998779296875,505.29998779296875,505.29998779296875,243000
2023-06-14 10:07:00+09:00,505.29998779296875,505.5,505.0,505.0,505.0,73300
2023-06-14 10:08:00+09:00,505.0,505.20001220703125,505.0,505.0,505.0,49700
2023-06-14 10:09:00+09:00,505.1000061035156,505.3999938964844,505.0,505.3999938964844,505.3999938964844,87500
2023-06-14 10:10:00+09:00,505.5,505.8999938964844,505.3999938964844,505.8999938964844,505.8999938964844,42000
2023-06-14 10:11:00+09:00,506.0,506.0,505.6000061035156,505.8999938964844,505.8999938964844,20300
2023-06-14 10:12:00+09:00,505.5,505.5,505.20001220703125,505.5,505.5,45300
2023-06-14 10:13:00+09:00,505.6000061035156,505.79998779296875,505.3999938964844,505.5,505.5,52500
2023-06-14 10:14:00+09:00,505.3999938964844,505.70001220703125,505.1000061035156,505.3999938964844,505.3999938964844,47200
2023-06-14 10:15:00+09:00,505.3999938964844,505.6000061035156,505.1000061035156,505.29998779296875,505.29998779296875,48800
2023-06-14 10:16:00+09:00,505.20001220703125,505.29998779296875,504.8999938964844,505.0,505.0,125000
2023-06-14 10:17:00+09:00,504.8999938964844,505.0,504.3999938964844,504.3999938964844,504.3999938964844,133700
2023-06-14 10:18:00+09:00,504.29998779296875,504.6000061035156,503.5,504.3999938964844,504.3999938964844,362200
2023-06-14 10:19:00+09:00,504.6000061035156,504.70001220703125,504.20001220703125,504.5,504.5,37000
2023-06-14 10:20:00+09:00,504.5,504.79998779296875,504.0,504.6000061035156,504.6000061035156,99200
2023-06-14 10:21:00+09:00,504.6000061035156,504.79998779296875,504.3999938964844,504.70001220703125,504.70001220703125,63300
2023-06-14 10:22:00+09:00,504.6000061035156,505.0,504.6000061035156,504.79998779296875,504.79998779296875,36500
2023-06-14 10:23:00+09:00,504.79998779296875,504.8999938964844,504.3999938964844,504.70001220703125,504.70001220703125,51800
2023-06-14 10:24:00+09:00,504.8999938964844,504.8999938964844,504.3999938964844,504.70001220703125,504.70001220703125,55800
2023-06-14 10:25:00+09:00,504.5,504.70001220703125,504.3999938964844,504.5,504.5,12400
2023-06-14 10:26:00+09:00,504.5,504.5,504.1000061035156,504.1000061035156,504.1000061035156,35200
2023-06-14 10:27:00+09:00,504.20001220703125,504.20001220703125,502.8999938964844,503.20001220703125,503.20001220703125,338300
2023-06-14 10:28:00+09:00,503.20001220703125,504.0,503.1000061035156,503.70001220703125,503.70001220703125,73700
2023-06-14 10:29:00+09:00,503.70001220703125,503.70001220703125,503.20001220703125,503.29998779296875,503.29998779296875,57900
2023-06-14 10:30:00+09:00,503.29998779296875,503.70001220703125,503.29998779296875,503.3999938964844,503.3999938964844,78600
2023-06-14 10:31:00+09:00,503.3999938964844,503.6000061035156,503.1000061035156,503.20001220703125,503.20001220703125,18000
2023-06-14 10:32:00+09:00,503.29998779296875,503.29998779296875,502.3999938964844,502.79998779296875,502.79998779296875,156600
2023-06-14 10:33:00+09:00,502.6000061035156,502.6000061035156,501.79998779296875,502.0,502.0,286300
2023-06-14 10:34:00+09:00,501.8999938964844,502.20001220703125,501.79998779296875,502.20001220703125,502.20001220703125,55700
2023-06-14 10:35:00+09:00,502.20001220703125,502.8999938964844,502.20001220703125,502.3999938964844,502.3999938964844,77600
2023-06-14 10:36:00+09:00,502.3999938964844,502.8999938964844,502.1000061035156,502.1000061035156,502.1000061035156,78400
2023-06-14 10:37:00+09:00,502.0,502.20001220703125,501.8999938964844,502.20001220703125,502.20001220703125,127700
2023-06-14 10:38:00+09:00,502.1000061035156,502.6000061035156,502.1000061035156,502.6000061035156,502.6000061035156,15000
2023-06-14 10:39:00+09:00,502.6000061035156,502.8999938964844,502.29998779296875,502.6000061035156,502.6000061035156,45000
2023-06-14 10:40:00+09:00,502.70001220703125,502.79998779296875,502.3999938964844,502.6000061035156,502.6000061035156,100100
2023-06-14 10:41:00+09:00,502.3999938964844,503.70001220703125,502.3999938964844,503.0,503.0,110700
2023-06-14 10:42:00+09:00,503.0,503.20001220703125,502.5,502.79998779296875,502.79998779296875,39000
2023-06-14 10:43:00+09:00,502.6000061035156,502.8999938964844,502.5,502.79998779296875,502.79998779296875,30800
2023-06-14 10:44:00+09:00,502.79998779296875,502.8999938964844,502.6000061035156,502.70001220703125,502.70001220703125,37300
2023-06-14 10:45:00+09:00,502.6000061035156,503.0,502.6000061035156,502.79998779296875,502.79998779296875,30800
2023-06-14 10:46:00+09:00,502.79998779296875,502.79998779296875,501.8999938964844,501.8999938964844,501.8999938964844,114800
2023-06-14 10:47:00+09:00,501.8999938964844,501.8999938964844,501.6000061035156,501.70001220703125,501.70001220703125,87000
2023-06-14 10:48:00+09:00,501.79998779296875,502.1000061035156,501.6000061035156,501.8999938964844,501.8999938964844,59300
2023-06-14 10:49:00+09:00,501.79998779296875,501.79998779296875,501.5,501.79998779296875,501.79998779296875,67000
2023-06-14 10:50:00+09:00,501.70001220703125,502.0,501.70001220703125,501.8999938964844,501.8999938964844,60900
2023-06-14 10:51:00+09:00,501.79998779296875,501.79998779296875,500.6000061035156,500.8999938964844,500.8999938964844,456900
2023-06-14 10:52:00+09:00,500.70001220703125,501.29998779296875,500.20001220703125,500.6000061035156,500.6000061035156,160800
2023-06-14 10:53:00+09:00,500.79998779296875,501.0,500.6000061035156,500.8999938964844,500.8999938964844,48300
2023-06-14 10:54:00+09:00,500.8999938964844,501.0,500.70001220703125,500.8999938964844,500.8999938964844,30800
2023-06-14 10:55:00+09:00,501.0,501.5,500.8999938964844,501.5,501.5,44700
2023-06-14 10:56:00+09:00,501.5,501.5,500.8999938964844,501.29998779296875,501.29998779296875,127500
2023-06-14 10:57:00+09:00,501.20001220703125,502.70001220703125,501.20001220703125,502.70001220703125,502.70001220703125,99500
2023-06-14 10:58:00+09:00,502.70001220703125,502.70001220703125,502.0,502.29998779296875,502.29998779296875,110400
2023-06-14 10:59:00+09:00,502.3999938964844,502.5,502.0,502.1000061035156,502.1000061035156,67800
2023-06-14 11:00:00+09:00,502.1000061035156,502.1000061035156,501.5,501.79998779296875,501.79998779296875,38600
2023-06-14 11:01:00+09:00,502.0,502.79998779296875,501.8999938964844,502.5,502.5,96400
2023-06-14 11:02:00+09:00,502.5,502.5,501.29998779296875,501.29998779296875,501.29998779296875,73500
2023-06-14 11:03:00+09:00,501.3999938964844,502.5,501.3999938964844,502.3999938964844,502.3999938964844,45000
2023-06-14 11:04:00+09:00,502.29998779296875,502.29998779296875,502.0,502.20001220703125,502.20001220703125,32300
2023-06-14 11:05:00+09:00,502.20001220703125,502.20001220703125,501.70001220703125,501.70001220703125,501.70001220703125,60100
2023-06-14 11:06:00+09:00,501.6000061035156,501.6000061035156,500.8999938964844,501.29998779296875,501.29998779296875,80100
2023-06-14 11:07:00+09:00,501.1000061035156,501.79998779296875,501.0,501.79998779296875,501.79998779296875,60700
2023-06-14 11:08:00+09:00,501.6000061035156,501.70001220703125,501.5,501.70001220703125,501.70001220703125,5700
2023-06-14 11:09:00+09:00,501.79998779296875,501.8999938964844,501.1000061035156,501.20001220703125,501.20001220703125,86100
2023-06-14 11:10:00+09:00,501.29998779296875,501.6000061035156,501.1000061035156,501.6000061035156,501.6000061035156,41500
2023-06-14 11:11:00+09:00,501.3999938964844,502.0,501.3999938964844,501.79998779296875,501.79998779296875,32200
2023-06-14 11:12:00+09:00,501.79998779296875,502.0,500.8999938964844,501.1000061035156,501.1000061035156,318800
2023-06-14 11:13:00+09:00,501.0,501.5,499.1000061035156,499.1000061035156,499.1000061035156,2091000
2023-06-14 11:14:00+09:00,499.0,499.79998779296875,498.6000061035156,499.70001220703125,499.70001220703125,498600
2023-06-14 11:15:00+09:00,499.79998779296875,500.0,499.6000061035156,499.70001220703125,499.70001220703125,124100
2023-06-14 11:16:00+09:00,499.70001220703125,500.0,499.5,499.5,499.5,41400
2023-06-14 11:17:00+09:00,499.6000061035156,499.70001220703125,498.6000061035156,498.6000061035156,498.6000061035156,90700
2023-06-14 11:18:00+09:00,498.5,498.79998779296875,498.20001220703125,498.70001220703125,498.70001220703125,167300
2023-06-14 11:19:00+09:00,498.70001220703125,499.0,498.6000061035156,498.70001220703125,498.70001220703125,60600
2023-06-14 11:20:00+09:00,498.70001220703125,499.0,498.1000061035156,498.6000061035156,498.6000061035156,203500
2023-06-14 11:21:00+09:00,498.5,499.0,498.5,499.0,499.0,103300
2023-06-14 11:22:00+09:00,499.1000061035156,499.29998779296875,498.79998779296875,499.0,499.0,57600
2023-06-14 11:23:00+09:00,498.79998779296875,498.8999938964844,498.6000061035156,498.8999938964844,498.8999938964844,27600
2023-06-14 11:24:00+09:00,498.8999938964844,499.5,498.8999938964844,499.5,499.5,75100
2023-06-14 11:25:00+09:00,499.5,499.5,499.0,499.20001220703125,499.20001220703125,63600
2023-06-14 11:26:00+09:00,499.1000061035156,499.20001220703125,498.8999938964844,499.20001220703125,499.20001220703125,115500
2023-06-14 11:27:00+09:00,499.1000061035156,499.29998779296875,499.1000061035156,499.20001220703125,499.20001220703125,11400
2023-06-14 11:28:00+09:00,499.29998779296875,499.29998779296875,498.79998779296875,499.1000061035156,499.1000061035156,119400
2023-06-14 11:29:00+09:00,499.0,499.3999938964844,498.79998779296875,498.79998779296875,498.79998779296875,66700
2023-06-14 11:30:00+09:00,499.0,499.0,499.0,499.0,499.0,27500
2023-06-14 11:35:00+09:00,499.0,499.0,499.0,499.0,499.0,0
2023-06-14 12:30:00+09:00,499.0,499.0,496.29998779296875,496.3999938964844,496.3999938964844,19336700
2023-06-14 12:31:00+09:00,496.6000061035156,496.8999938964844,496.29998779296875,496.5,496.5,109000
2023-06-14 12:32:00+09:00,496.5,497.3999938964844,496.20001220703125,497.1000061035156,497.1000061035156,168800
2023-06-14 12:33:00+09:00,497.20001220703125,499.29998779296875,496.79998779296875,499.1000061035156,499.1000061035156,305800
2023-06-14 12:34:00+09:00,499.0,499.0,497.20001220703125,497.29998779296875,497.29998779296875,110200
2023-06-14 12:35:00+09:00,497.3999938964844,497.6000061035156,496.70001220703125,496.8999938964844,496.8999938964844,95100
2023-06-14 12:36:00+09:00,496.79998779296875,497.3999938964844,496.70001220703125,497.20001220703125,497.20001220703125,139600
2023-06-14 12:37:00+09:00,497.3999938964844,498.20001220703125,497.3999938964844,498.0,498.0,38600
2023-06-14 12:38:00+09:00,497.79998779296875,498.70001220703125,497.79998779296875,498.70001220703125,498.70001220703125,69500
2023-06-14 12:39:00+09:00,498.70001220703125,499.0,498.3999938964844,499.0,499.0,86800
2023-06-14 12:40:00+09:00,498.8999938964844,499.3999938964844,498.79998779296875,498.8999938964844,498.8999938964844,61400
2023-06-14 12:41:00+09:00,499.1000061035156,499.29998779296875,498.79998779296875,499.1000061035156,499.1000061035156,73500
2023-06-14 12:42:00+09:00,498.8999938964844,499.0,498.3999938964844,498.5,498.5,91800
2023-06-14 12:43:00+09:00,498.5,498.6000061035156,498.29998779296875,498.3999938964844,498.3999938964844,32300
2023-06-14 12:44:00+09:00,498.5,498.5,498.1000061035156,498.1000061035156,498.1000061035156,45300
2023-06-14 12:45:00+09:00,498.20001220703125,498.3999938964844,497.79998779296875,497.8999938964844,497.8999938964844,116600
2023-06-14 12:46:00+09:00,498.1000061035156,498.20001220703125,497.70001220703125,498.20001220703125,498.20001220703125,37900
2023-06-14 12:47:00+09:00,498.20001220703125,499.0,498.1000061035156,498.79998779296875,498.79998779296875,67900
2023-06-14 12:48:00+09:00,498.79998779296875,498.79998779296875,498.3999938964844,498.5,498.5,29500
2023-06-14 12:49:00+09:00,498.5,499.0,498.3999938964844,499.0,499.0,81900
2023-06-14 12:50:00+09:00,499.0,499.0,498.3999938964844,498.79998779296875,498.79998779296875,60800
2023-06-14 12:51:00+09:00,498.6000061035156,498.79998779296875,498.29998779296875,498.5,498.5,99200
2023-06-14 12:52:00+09:00,498.3999938964844,498.6000061035156,498.20001220703125,498.5,498.5,118700
2023-06-14 12:53:00+09:00,498.5,498.79998779296875,498.29998779296875,498.79998779296875,498.79998779296875,49400
2023-06-14 12:54:00+09:00,498.70001220703125,499.5,498.70001220703125,499.1000061035156,499.1000061035156,128300
2023-06-14 12:55:00+09:00,499.1000061035156,499.5,499.0,499.5,499.5,18000
2023-06-14 12:56:00+09:00,499.3999938964844,499.8999938964844,499.1000061035156,499.8999938964844,499.8999938964844,71200
2023-06-14 12:57:00+09:00,499.8999938964844,500.20001220703125,499.5,500.1000061035156,500.1000061035156,135900
2023-06-14 12:58:00+09:00,500.20001220703125,500.20001220703125,499.6000061035156,500.0,500.0,84400
2023-06-14 12:59:00+09:00,500.0,500.29998779296875,499.70001220703125,500.29998779296875,500.29998779296875,79100
2023-06-14 13:00:00+09:00,500.3999938964844,500.6000061035156,499.79998779296875,500.1000061035156,500.1000061035156,67100
2023-06-14 13:01:00+09:00,500.20001220703125,500.8999938964844,500.0,500.8999938964844,500.8999938964844,48600
2023-06-14 13:02:00+09:00,501.0,501.0,500.5,500.70001220703125,500.70001220703125,44200
2023-06-14 13:03:00+09:00,500.70001220703125,501.0,500.6000061035156,500.8999938964844,500.8999938964844,45600
2023-06-14 13:04:00+09:00,500.8999938964844,501.20001220703125,500.5,501.0,501.0,98300
2023-06-14 13:05:00+09:00,501.1000061035156,501.3999938964844,501.0,501.1000061035156,501.1000061035156,39400
2023-06-14 13:06:00+09:00,501.20001220703125,501.6000061035156,501.1000061035156,501.29998779296875,501.29998779296875,79500
2023-06-14 13:07:00+09:00,501.29998779296875,501.6000061035156,500.8999938964844,501.6000061035156,501.6000061035156,105400
2023-06-14 13:08:00+09:00,501.70001220703125,501.8999938964844,501.3999938964844,501.79998779296875,501.79998779296875,63900
2023-06-14 13:09:00+09:00,501.79998779296875,502.0,501.70001220703125,501.8999938964844,501.8999938964844,113200
2023-06-14 13:10:00+09:00,501.79998779296875,502.1000061035156,501.1000061035156,501.29998779296875,501.29998779296875,138500
2023-06-14 13:11:00+09:00,501.0,501.0,500.5,500.70001220703125,500.70001220703125,83300
2023-06-14 13:12:00+09:00,500.70001220703125,500.79998779296875,500.0,500.1000061035156,500.1000061035156,67800
2023-06-14 13:13:00+09:00,499.8999938964844,500.3999938964844,499.70001220703125,500.3999938964844,500.3999938964844,70700
2023-06-14 13:14:00+09:00,500.20001220703125,500.6000061035156,500.0,500.3999938964844,500.3999938964844,18000
2023-06-14 13:15:00+09:00,500.3999938964844,501.1000061035156,500.3999938964844,500.79998779296875,500.79998779296875,49200
2023-06-14 13:16:00+09:00,500.70001220703125,501.29998779296875,500.6000061035156,501.20001220703125,501.20001220703125,104500
2023-06-14 13:17:00+09:00,501.29998779296875,501.29998779296875,501.0,501.20001220703125,501.20001220703125,73700
2023-06-14 13:18:00+09:00,501.1000061035156,501.3999938964844,501.0,501.20001220703125,501.20001220703125,17100
2023-06-14 13:19:00+09:00,501.1000061035156,501.20001220703125,501.0,501.1000061035156,501.1000061035156,21300
2023-06-14 13:20:00+09:00,501.20001220703125,501.5,501.20001220703125,501.20001220703125,501.20001220703125,27500
2023-06-14 13:21:00+09:00,501.29998779296875,501.29998779296875,501.0,501.0,501.0,36900
2023-06-14 13:22:00+09:00,501.1000061035156,501.3999938964844,501.1000061035156,501.29998779296875,501.29998779296875,50700
2023-06-14 13:23:00+09:00,501.20001220703125,501.3999938964844,501.1000061035156,501.1000061035156,501.1000061035156,36400
2023-06-14 13:24:00+09:00,501.1000061035156,501.20001220703125,501.0,501.20001220703125,501.20001220703125,25100
2023-06-14 13:25:00+09:00,501.1000061035156,501.20001220703125,501.0,501.1000061035156,501.1000061035156,17300
2023-06-14 13:26:00+09:00,501.20001220703125,501.20001220703125,500.79998779296875,501.0,501.0,81500
2023-06-14 13:27:00+09:00,501.0,501.1000061035156,500.70001220703125,500.8999938964844,500.8999938964844,36400
2023-06-14 13:28:00+09:00,500.8999938964844,500.8999938964844,500.5,500.79998779296875,500.79998779296875,28400
2023-06-14 13:29:00+09:00,500.79998779296875,501.29998779296875,500.79998779296875,501.29998779296875,501.29998779296875,64400
2023-06-14 13:30:00+09:00,501.3999938964844,501.6000061035156,501.29998779296875,501.5,501.5,48600
2023-06-14 13:31:00+09:00,501.5,501.6000061035156,501.29998779296875,501.5,501.5,35800
2023-06-14 13:32:00+09:00,501.3999938964844,501.6000061035156,501.20001220703125,501.29998779296875,501.29998779296875,31100
2023-06-14 13:33:00+09:00,501.20001220703125,501.6000061035156,501.20001220703125,501.6000061035156,501.6000061035156,70800
2023-06-14 13:34:00+09:00,501.6000061035156,501.6000061035156,501.1000061035156,501.20001220703125,501.20001220703125,28400
2023-06-14 13:35:00+09:00,501.29998779296875,501.70001220703125,501.20001220703125,501.5,501.5,26400
2023-06-14 13:36:00+09:00,501.5,502.1000061035156,501.29998779296875,501.70001220703125,501.70001220703125,358700
2023-06-14 13:37:00+09:00,501.6000061035156,501.79998779296875,501.5,501.70001220703125,501.70001220703125,42800
2023-06-14 13:38:00+09:00,501.6000061035156,502.0,501.6000061035156,502.0,502.0,21800
2023-06-14 13:39:00+09:00,501.79998779296875,501.8999938964844,501.6000061035156,501.8999938964844,501.8999938964844,30900
2023-06-14 13:40:00+09:00,502.0,502.20001220703125,501.79998779296875,502.0,502.0,73300
2023-06-14 13:41:00+09:00,501.8999938964844,502.1000061035156,501.70001220703125,501.8999938964844,501.8999938964844,53100
2023-06-14 13:42:00+09:00,501.8999938964844,501.8999938964844,501.6000061035156,501.70001220703125,501.70001220703125,10700
2023-06-14 13:43:00+09:00,501.6000061035156,502.0,501.3999938964844,502.0,502.0,40800
2023-06-14 13:44:00+09:00,502.0,502.0,501.70001220703125,501.70001220703125,501.70001220703125,16000
2023-06-14 13:45:00+09:00,501.6000061035156,501.6000061035156,501.20001220703125,501.5,501.5,26000
2023-06-14 13:46:00+09:00,501.6000061035156,501.8999938964844,501.6000061035156,501.79998779296875,501.79998779296875,33600
2023-06-14 13:47:00+09:00,501.8999938964844,501.8999938964844,501.20001220703125,501.20001220703125,501.20001220703125,25700
2023-06-14 13:48:00+09:00,501.20001220703125,501.6000061035156,501.0,501.29998779296875,501.29998779296875,37000
2023-06-14 13:49:00+09:00,501.5,501.6000061035156,501.29998779296875,501.3999938964844,501.3999938964844,14300
2023-06-14 13:50:00+09:00,501.6000061035156,501.8999938964844,501.5,501.70001220703125,501.70001220703125,34000
2023-06-14 13:51:00+09:00,501.3999938964844,501.5,500.79998779296875,501.20001220703125,501.20001220703125,204100
2023-06-14 13:52:00+09:00,501.0,501.0,500.79998779296875,500.79998779296875,500.79998779296875,18800
2023-06-14 13:53:00+09:00,500.70001220703125,501.0,500.6000061035156,500.8999938964844,500.8999938964844,22900
2023-06-14 13:54:00+09:00,500.8999938964844,501.1000061035156,500.70001220703125,500.70001220703125,500.70001220703125,24000
2023-06-14 13:55:00+09:00,500.70001220703125,500.8999938964844,500.6000061035156,500.79998779296875,500.79998779296875,14300
2023-06-14 13:56:00+09:00,500.79998779296875,500.79998779296875,500.3999938964844,500.79998779296875,500.79998779296875,63100
2023-06-14 13:57:00+09:00,500.79998779296875,500.8999938964844,500.6000061035156,500.8999938964844,500.8999938964844,31100
2023-06-14 13:58:00+09:00,500.79998779296875,501.20001220703125,500.70001220703125,500.8999938964844,500.8999938964844,27900
2023-06-14 13:59:00+09:00,500.8999938964844,501.0,500.5,500.5,500.5,48900
2023-06-14 14:00:00+09:00,500.6000061035156,501.20001220703125,500.3999938964844,501.20001220703125,501.20001220703125,56700
2023-06-14 14:01:00+09:00,501.1000061035156,501.20001220703125,500.8999938964844,501.20001220703125,501.20001220703125,10500
2023-06-14 14:02:00+09:00,501.1000061035156,501.1000061035156,500.70001220703125,501.0,501.0,93100
2023-06-14 14:03:00+09:00,500.8999938964844,501.1000061035156,500.8999938964844,501.1000061035156,501.1000061035156,11500
2023-06-14 14:04:00+09:00,501.0,501.1000061035156,501.0,501.1000061035156,501.1000061035156,19000
2023-06-14 14:05:00+09:00,501.0,501.5,501.0,501.29998779296875,501.29998779296875,38100
2023-06-14 14:06:00+09:00,501.3999938964844,501.6000061035156,501.29998779296875,501.6000061035156,501.6000061035156,13200
2023-06-14 14:07:00+09:00,501.5,501.5,501.20001220703125,501.5,501.5,50500
2023-06-14 14:08:00+09:00,501.3999938964844,501.5,501.20001220703125,501.20001220703125,501.20001220703125,19100
2023-06-14 14:09:00+09:00,501.20001220703125,501.3999938964844,501.1000061035156,501.1000061035156,501.1000061035156,27000
2023-06-14 14:10:00+09:00,501.0,501.29998779296875,501.0,501.1000061035156,501.1000061035156,57400
2023-06-14 14:11:00+09:00,501.1000061035156,501.1000061035156,500.1000061035156,500.1000061035156,500.1000061035156,155700
2023-06-14 14:12:00+09:00,500.20001220703125,500.79998779296875,500.20001220703125,500.70001220703125,500.70001220703125,75900
2023-06-14 14:13:00+09:00,500.70001220703125,500.79998779296875,500.5,500.5,500.5,10700
2023-06-14 14:14:00+09:00,500.6000061035156,501.1000061035156,500.3999938964844,501.1000061035156,501.1000061035156,206000
2023-06-14 14:15:00+09:00,501.1000061035156,501.1000061035156,500.6000061035156,500.70001220703125,500.70001220703125,35200
2023-06-14 14:16:00+09:00,500.70001220703125,500.79998779296875,500.6000061035156,500.6000061035156,500.6000061035156,8900
2023-06-14 14:17:00+09:00,500.70001220703125,501.0,500.6000061035156,501.0,501.0,32900
2023-06-14 14:18:00+09:00,501.0,501.0,500.79998779296875,501.0,501.0,26000
2023-06-14 14:19:00+09:00,501.1000061035156,501.29998779296875,500.8999938964844,501.29998779296875,501.29998779296875,38300
2023-06-14 14:20:00+09:00,501.3999938964844,501.6000061035156,501.1000061035156,501.3999938964844,501.3999938964844,51600
2023-06-14 14:21:00+09:00,501.3999938964844,501.5,501.1000061035156,501.29998779296875,501.29998779296875,57400
2023-06-14 14:22:00+09:00,501.29998779296875,501.5,501.1000061035156,501.1000061035156,501.1000061035156,32400
2023-06-14 14:23:00+09:00,501.0,501.0,500.79998779296875,501.0,501.0,31000
2023-06-14 14:24:00+09:00,500.8999938964844,501.1000061035156,500.70001220703125,501.0,501.0,78800
2023-06-14 14:25:00+09:00,501.1000061035156,501.20001220703125,500.8999938964844,501.20001220703125,501.20001220703125,20600
2023-06-14 14:26:00+09:00,501.20001220703125,501.29998779296875,500.79998779296875,500.79998779296875,500.79998779296875,74900
2023-06-14 14:27:00+09:00,500.70001220703125,501.0,500.70001220703125,500.79998779296875,500.79998779296875,25300
2023-06-14 14:28:00+09:00,500.70001220703125,500.8999938964844,500.6000061035156,500.70001220703125,500.70001220703125,22500
2023-06-14 14:29:00+09:00,500.6000061035156,501.0,500.6000061035156,501.0,501.0,26100
2023-06-14 14:30:00+09:00,500.79998779296875,500.79998779296875,500.3999938964844,500.5,500.5,181400
2023-06-14 14:31:00+09:00,500.5,500.5,500.20001220703125,500.20001220703125,500.20001220703125,47400
2023-06-14 14:32:00+09:00,500.1000061035156,500.20001220703125,499.70001220703125,500.1000061035156,500.1000061035156,221100
2023-06-14 14:33:00+09:00,500.1000061035156,500.29998779296875,499.8999938964844,500.20001220703125,500.20001220703125,91400
2023-06-14 14:34:00+09:00,500.20001220703125,500.20001220703125,500.0,500.1000061035156,500.1000061035156,56500
2023-06-14 14:35:00+09:00,500.20001220703125,500.5,500.20001220703125,500.5,500.5,44500
2023-06-14 14:36:00+09:00,500.5,500.8999938964844,500.3999938964844,500.79998779296875,500.79998779296875,12900
2023-06-14 14:37:00+09:00,500.70001220703125,500.79998779296875,500.0,500.1000061035156,500.1000061035156,144300
2023-06-14 14:38:00+09:00,500.0,500.6000061035156,499.8999938964844,500.5,500.5,154900
2023-06-14 14:39:00+09:00,500.5,500.6000061035156,500.3999938964844,500.3999938964844,500.3999938964844,15400
2023-06-14 14:40:00+09:00,500.29998779296875,500.29998779296875,499.8999938964844,500.0,500.0,80400
2023-06-14 14:41:00+09:00,500.0,500.29998779296875,499.70001220703125,500.20001220703125,500.20001220703125,65500
2023-06-14 14:42:00+09:00,500.1000061035156,500.6000061035156,500.0,500.5,500.5,40300
2023-06-14 14:43:00+09:00,500.5,500.70001220703125,500.5,500.70001220703125,500.70001220703125,20900
2023-06-14 14:44:00+09:00,500.70001220703125,500.70001220703125,500.1000061035156,500.20001220703125,500.20001220703125,24400
2023-06-14 14:45:00+09:00,500.20001220703125,500.5,500.1000061035156,500.20001220703125,500.20001220703125,52100
2023-06-14 14:46:00+09:00,500.20001220703125,500.6000061035156,500.1000061035156,500.5,500.5,49600
2023-06-14 14:47:00+09:00,500.70001220703125,500.79998779296875,500.3999938964844,500.79998779296875,500.79998779296875,61900
2023-06-14 14:48:00+09:00,500.8999938964844,501.1000061035156,500.79998779296875,500.79998779296875,500.79998779296875,90900
2023-06-14 14:49:00+09:00,500.8999938964844,501.0,500.79998779296875,500.8999938964844,500.8999938964844,58700
2023-06-14 14:50:00+09:00,501.0,501.20001220703125,500.79998779296875,501.0,501.0,73400
2023-06-14 14:51:00+09:00,501.1000061035156,501.1000061035156,500.79998779296875,501.0,501.0,26200
2023-06-14 14:52:00+09:00,500.8999938964844,501.0,500.3999938964844,500.5,500.5,81000
2023-06-14 14:53:00+09:00,500.3999938964844,500.70001220703125,500.3999938964844,500.3999938964844,500.3999938964844,46300
2023-06-14 14:54:00+09:00,500.3999938964844,500.5,500.29998779296875,500.5,500.5,16900
2023-06-14 14:55:00+09:00,500.3999938964844,501.1000061035156,500.3999938964844,501.1000061035156,501.1000061035156,84700
2023-06-14 14:56:00+09:00,501.0,501.1000061035156,501.0,501.0,501.0,36600
2023-06-14 14:57:00+09:00,501.0,501.1000061035156,500.79998779296875,500.79998779296875,500.79998779296875,35300
2023-06-14 14:58:00+09:00,500.79998779296875,500.8999938964844,500.6000061035156,500.70001220703125,500.70001220703125,60300
2023-06-14 14:59:00+09:00,500.70001220703125,501.20001220703125,500.3999938964844,500.3999938964844,500.3999938964844,154700
2023-06-15 09:00:00+09:00,498.20001220703125,498.79998779296875,496.5,497.3999938964844,497.3999938964844,1364000
2023-06-15 09:01:00+09:00,497.1000061035156,499.3999938964844,496.79998779296875,498.79998779296875,498.79998779296875,177500
2023-06-15 09:02:00+09:00,498.70001220703125,498.70001220703125,498.20001220703125,498.70001220703125,498.70001220703125,34300
2023-06-15 09:03:00+09:00,498.79998779296875,500.70001220703125,498.79998779296875,499.8999938964844,499.8999938964844,144300
2023-06-15 09:04:00+09:00,499.8999938964844,500.8999938964844,499.8999938964844,499.8999938964844,499.8999938964844,136700
2023-06-15 09:05:00+09:00,499.79998779296875,500.20001220703125,499.70001220703125,499.8999938964844,499.8999938964844,72100
2023-06-15 09:06:00+09:00,500.0,500.3999938964844,499.3999938964844,499.79998779296875,499.79998779296875,68000
2023-06-15 09:07:00+09:00,499.79998779296875,499.8999938964844,498.6000061035156,498.79998779296875,498.79998779296875,185400
2023-06-15 09:08:00+09:00,498.70001220703125,498.70001220703125,498.0,498.29998779296875,498.29998779296875,132800
2023-06-15 09:09:00+09:00,498.3999938964844,499.1000061035156,497.79998779296875,498.20001220703125,498.20001220703125,204400
2023-06-15 09:10:00+09:00,498.1000061035156,498.1000061035156,497.1000061035156,497.29998779296875,497.29998779296875,101700
2023-06-15 09:11:00+09:00,497.29998779296875,497.6000061035156,497.0,497.5,497.5,161100
2023-06-15 09:12:00+09:00,497.5,498.5,497.20001220703125,497.79998779296875,497.79998779296875,236700
2023-06-15 09:13:00+09:00,497.70001220703125,497.79998779296875,497.29998779296875,497.29998779296875,497.29998779296875,119400
2023-06-15 09:14:00+09:00,497.5,497.5,496.6000061035156,496.6000061035156,496.6000061035156,185700
2023-06-15 09:15:00+09:00,496.70001220703125,498.0,496.3999938964844,497.79998779296875,497.79998779296875,356000
2023-06-15 09:16:00+09:00,498.0,498.0,497.20001220703125,497.70001220703125,497.70001220703125,55500
2023-06-15 09:17:00+09:00,497.6000061035156,498.29998779296875,497.5,498.0,498.0,79400
2023-06-15 09:18:00+09:00,498.29998779296875,498.8999938964844,498.1000061035156,498.70001220703125,498.70001220703125,181600
2023-06-15 09:19:00+09:00,498.6000061035156,498.79998779296875,498.29998779296875,498.79998779296875,498.79998779296875,83900
2023-06-15 09:20:00+09:00,498.6000061035156,498.6000061035156,496.20001220703125,496.5,496.5,508800
2023-06-15 09:21:00+09:00,496.6000061035156,496.79998779296875,496.3999938964844,496.5,496.5,89900
2023-06-15 09:22:00+09:00,496.79998779296875,497.6000061035156,496.70001220703125,497.29998779296875,497.29998779296875,133700
2023-06-15 09:23:00+09:00,497.5,497.70001220703125,497.29998779296875,497.29998779296875,497.29998779296875,30100
2023-06-15 09:24:00+09:00,497.6000061035156,497.70001220703125,497.29998779296875,497.29998779296875,497.29998779296875,26600
2023-06-15 09:25:00+09:00,497.3999938964844,498.0,497.29998779296875,497.79998779296875,497.79998779296875,108000
2023-06-15 09:26:00+09:00,497.79998779296875,498.0,497.3999938964844,497.6000061035156,497.6000061035156,39600
2023-06-15 09:27:00+09:00,497.6000061035156,498.20001220703125,497.1000061035156,498.20001220703125,498.20001220703125,157500
2023-06-15 09:28:00+09:00,497.8999938964844,498.0,497.6000061035156,497.8999938964844,497.8999938964844,31400
2023-06-15 09:29:00+09:00,497.8999938964844,498.20001220703125,497.79998779296875,498.20001220703125,498.20001220703125,51600
2023-06-15 09:30:00+09:00,498.20001220703125,498.8999938964844,498.0,498.8999938964844,498.8999938964844,139500
2023-06-15 09:31:00+09:00,498.8999938964844,500.0,498.79998779296875,499.5,499.5,200800
2023-06-15 09:32:00+09:00,499.3999938964844,499.3999938964844,498.70001220703125,498.79998779296875,498.79998779296875,170400
2023-06-15 09:33:00+09:00,498.79998779296875,499.3999938964844,498.70001220703125,499.3999938964844,499.3999938964844,75900
2023-06-15 09:34:00+09:00,499.3999938964844,500.70001220703125,499.29998779296875,500.29998779296875,500.29998779296875,390500
2023-06-15 09:35:00+09:00,500.1000061035156,501.8999938964844,500.1000061035156,501.70001220703125,501.70001220703125,186100
2023-06-15 09:36:00+09:00,501.79998779296875,502.1000061035156,501.3999938964844,501.6000061035156,501.6000061035156,91300
2023-06-15 09:37:00+09:00,501.5,501.5,500.79998779296875,500.8999938964844,500.8999938964844,72500
2023-06-15 09:38:00+09:00,500.70001220703125,501.20001220703125,500.6000061035156,500.70001220703125,500.70001220703125,106600
2023-06-15 09:39:00+09:00,500.79998779296875,500.8999938964844,499.8999938964844,500.1000061035156,500.1000061035156,111800
2023-06-15 09:40:00+09:00,500.0,500.20001220703125,499.3999938964844,499.70001220703125,499.70001220703125,50200
2023-06-15 09:41:00+09:00,499.5,499.8999938964844,499.1000061035156,499.3999938964844,499.3999938964844,156500
2023-06-15 09:42:00+09:00,499.20001220703125,499.8999938964844,498.79998779296875,499.70001220703125,499.70001220703125,171500
2023-06-15 09:43:00+09:00,499.6000061035156,500.0,499.29998779296875,499.6000061035156,499.6000061035156,27700
2023-06-15 09:44:00+09:00,499.3999938964844,499.5,499.29998779296875,499.29998779296875,499.29998779296875,13000
2023-06-15 09:45:00+09:00,499.5,499.6000061035156,499.0,499.0,499.0,41900
2023-06-15 09:46:00+09:00,498.5,498.5,498.29998779296875,498.3999938964844,498.3999938964844,52800
2023-06-15 09:47:00+09:00,498.20001220703125,498.5,498.20001220703125,498.3999938964844,498.3999938964844,33600
2023-06-15 09:48:00+09:00,498.3999938964844,498.79998779296875,498.29998779296875,498.6000061035156,498.6000061035156,36400
2023-06-15 09:49:00+09:00,498.5,498.5,497.8999938964844,498.20001220703125,498.20001220703125,237500
2023-06-15 09:50:00+09:00,498.29998779296875,498.5,498.0,498.20001220703125,498.20001220703125,59100
2023-06-15 09:51:00+09:00,498.1000061035156,498.20001220703125,497.70001220703125,497.70001220703125,497.70001220703125,45300
2023-06-15 09:52:00+09:00,497.8999938964844,498.5,497.79998779296875,498.29998779296875,498.29998779296875,76200
2023-06-15 09:53:00+09:00,498.3999938964844,499.20001220703125,498.29998779296875,499.1000061035156,499.1000061035156,92200
2023-06-15 09:54:00+09:00,499.29998779296875,499.29998779296875,498.5,498.79998779296875,498.79998779296875,38200
2023-06-15 09:55:00+09:00,498.79998779296875,498.79998779296875,498.3999938964844,498.6000061035156,498.6000061035156,35200
2023-06-15 09:56:00+09:00,498.70001220703125,499.29998779296875,498.70001220703125,499.0,499.0,66000
2023-06-15 09:57:00+09:00,498.79998779296875,499.0,498.5,498.5,498.5,33300
2023-06-15 09:58:00+09:00,498.29998779296875,498.29998779296875,497.5,497.79998779296875,497.79998779296875,115800
2023-06-15 09:59:00+09:00,497.8999938964844,497.8999938964844,497.29998779296875,497.70001220703125,497.70001220703125,39100
2023-06-15 10:00:00+09:00,497.5,498.0,497.3999938964844,498.0,498.0,52500
2023-06-15 10:01:00+09:00,497.8999938964844,498.1000061035156,497.6000061035156,497.6000061035156,497.6000061035156,93900
2023-06-15 10:02:00+09:00,497.6000061035156,498.8999938964844,497.5,498.0,498.0,121700
2023-06-15 10:03:00+09:00,498.20001220703125,498.20001220703125,497.3999938964844,497.70001220703125,497.70001220703125,214300
2023-06-15 10:04:00+09:00,497.79998779296875,498.0,497.70001220703125,497.79998779296875,497.79998779296875,10100
2023-06-15 10:05:00+09:00,497.79998779296875,497.8999938964844,497.3999938964844,497.5,497.5,31100
2023-06-15 10:06:00+09:00,497.3999938964844,497.5,497.20001220703125,497.3999938964844,497.3999938964844,34700
2023-06-15 10:07:00+09:00,497.5,497.5,497.1000061035156,497.20001220703125,497.20001220703125,60600
2023-06-15 10:08:00+09:00,497.29998779296875,497.5,497.29998779296875,497.3999938964844,497.3999938964844,6000
2023-06-15 10:09:00+09:00,497.3999938964844,497.3999938964844,496.8999938964844,496.8999938964844,496.8999938964844,148500
2023-06-15 10:10:00+09:00,496.8999938964844,497.1000061035156,496.70001220703125,496.8999938964844,496.8999938964844,48400
2023-06-15 10:11:00+09:00,496.70001220703125,497.3999938964844,496.70001220703125,497.29998779296875,497.29998779296875,41500
2023-06-15 10:12:00+09:00,497.0,497.3999938964844,496.8999938964844,497.29998779296875,497.29998779296875,21200
2023-06-15 10:13:00+09:00,497.29998779296875,497.5,497.1000061035156,497.5,497.5,48900
2023-06-15 10:14:00+09:00,497.29998779296875,497.8999938964844,497.29998779296875,497.6000061035156,497.6000061035156,63000
2023-06-15 10:15:00+09:00,497.6000061035156,498.0,497.29998779296875,497.6000061035156,497.6000061035156,48900
2023-06-15 10:16:00+09:00,497.6000061035156,497.8999938964844,497.6000061035156,497.79998779296875,497.79998779296875,52100
2023-06-15 10:17:00+09:00,497.79998779296875,497.8999938964844,497.5,497.6000061035156,497.6000061035156,37800
2023-06-15 10:18:00+09:00,497.6000061035156,497.8999938964844,497.3999938964844,497.79998779296875,497.79998779296875,74000
2023-06-15 10:19:00+09:00,497.8999938964844,498.29998779296875,497.8999938964844,498.0,498.0,110500
2023-06-15 10:20:00+09:00,498.1000061035156,498.20001220703125,497.70001220703125,497.8999938964844,497.8999938964844,75500
2023-06-15 10:21:00+09:00,497.8999938964844,498.3999938964844,497.8999938964844,498.3999938964844,498.3999938964844,42200
2023-06-15 10:22:00+09:00,498.3999938964844,498.3999938964844,498.0,498.29998779296875,498.29998779296875,33800
2023-06-15 10:23:00+09:00,498.29998779296875,498.29998779296875,497.79998779296875,497.8999938964844,497.8999938964844,49900
2023-06-15 10:24:00+09:00,497.8999938964844,498.0,497.70001220703125,497.70001220703125,497.70001220703125,35800
2023-06-15 10:25:00+09:00,497.79998779296875,497.79998779296875,497.20001220703125,497.20001220703125,497.20001220703125,74500
2023-06-15 10:26:00+09:00,497.29998779296875,497.29998779296875,497.1000061035156,497.20001220703125,497.20001220703125,27700
2023-06-15 10:27:00+09:00,497.0,497.6000061035156,496.8999938964844,497.3999938964844,497.3999938964844,72200
2023-06-15 10:28:00+09:00,497.6000061035156,497.70001220703125,497.1000061035156,497.29998779296875,497.29998779296875,27800
2023-06-15 10:29:00+09:00,497.0,497.3999938964844,497.0,497.1000061035156,497.1000061035156,13900
2023-06-15 10:30:00+09:00,497.20001220703125,497.6000061035156,497.20001220703125,497.5,497.5,20100
2023-06-15 10:31:00+09:00,497.3999938964844,497.6000061035156,497.29998779296875,497.5,497.5,41900
2023-06-15 10:32:00+09:00,497.3999938964844,497.79998779296875,497.3999938964844,497.70001220703125,497.70001220703125,36400
2023-06-15 10:33:00+09:00,497.79998779296875,497.8999938964844,497.3999938964844,497.70001220703125,497.70001220703125,43800
2023-06-15 10:34:00+09:00,497.6000061035156,498.1000061035156,497.6000061035156,498.0,498.0,56700
2023-06-15 10:35:00+09:00,498.0,498.3999938964844,497.79998779296875,498.29998779296875,498.29998779296875,33700
2023-06-15 10:36:00+09:00,498.1000061035156,498.1000061035156,497.8999938964844,497.8999938964844,497.8999938964844,18200
2023-06-15 10:37:00+09:00,498.20001220703125,498.70001220703125,498.1000061035156,498.6000061035156,498.6000061035156,99600
2023-06-15 10:38:00+09:00,498.6000061035156,499.5,498.6000061035156,499.5,499.5,49200
2023-06-15 10:39:00+09:00,499.5,499.70001220703125,499.20001220703125,499.29998779296875,499.29998779296875,38500
2023-06-15 10:40:00+09:00,499.29998779296875,499.6000061035156,498.79998779296875,498.79998779296875,498.79998779296875,57100
2023-06-15 10:41:00+09:00,498.79998779296875,498.8999938964844,498.79998779296875,498.8999938964844,498.8999938964844,15000
2023-06-15 10:42:00+09:00,498.8999938964844,499.3999938964844,498.79998779296875,498.8999938964844,498.8999938964844,78000
2023-06-15 10:43:00+09:00,499.0,499.3999938964844,499.0,499.29998779296875,499.29998779296875,19300
2023-06-15 10:44:00+09:00,499.20001220703125,499.29998779296875,498.6000061035156,498.8999938964844,498.8999938964844,68000
2023-06-15 10:45:00+09:00,498.70001220703125,498.79998779296875,498.5,498.6000061035156,498.6000061035156,25400
2023-06-15 10:46:00+09:00,498.70001220703125,499.20001220703125,498.6000061035156,499.20001220703125,499.20001220703125,58500
2023-06-15 10:47:00+09:00,499.1000061035156,499.20001220703125,498.70001220703125,498.8999938964844,498.8999938964844,28200
2023-06-15 10:48:00+09:00,498.8999938964844,499.20001220703125,498.8999938964844,499.1000061035156,499.1000061035156,11800
2023-06-15 10:49:00+09:00,499.20001220703125,499.20001220703125,499.0,499.1000061035156,499.1000061035156,14400
2023-06-15 10:50:00+09:00,499.0,499.1000061035156,498.8999938964844,499.0,499.0,30800
2023-06-15 10:51:00+09:00,499.0,499.0,498.8999938964844,499.0,499.0,10500
2023-06-15 10:52:00+09:00,499.0,499.20001220703125,498.3999938964844,498.5,498.5,91600
2023-06-15 10:53:00+09:00,498.3999938964844,499.1000061035156,498.3999938964844,499.0,499.0,32100
2023-06-15 10:54:00+09:00,498.8999938964844,499.0,498.70001220703125,498.70001220703125,498.70001220703125,18100
2023-06-15 10:55:00+09:00,498.70001220703125,498.70001220703125,498.29998779296875,498.29998779296875,498.29998779296875,22100
2023-06-15 10:56:00+09:00,498.29998779296875,498.79998779296875,498.20001220703125,498.6000061035156,498.6000061035156,36800
2023-06-15 10:57:00+09:00,498.70001220703125,499.20001220703125,498.70001220703125,499.0,499.0,27200
2023-06-15 10:58:00+09:00,498.8999938964844,499.0,498.29998779296875,498.3999938964844,498.3999938964844,51700
2023-06-15 10:59:00+09:00,498.6000061035156,498.6000061035156,498.29998779296875,498.3999938964844,498.3999938964844,18200
2023-06-15 11:00:00+09:00,498.29998779296875,498.29998779296875,498.1000061035156,498.1000061035156,498.1000061035156,18300
2023-06-15 11:01:00+09:00,498.1000061035156,498.29998779296875,497.79998779296875,498.29998779296875,498.29998779296875,82800
2023-06-15 11:02:00+09:00,498.3999938964844,498.79998779296875,498.29998779296875,498.5,498.5,38100
2023-06-15 11:03:00+09:00,498.70001220703125,498.70001220703125,498.5,498.6000061035156,498.6000061035156,12800
2023-06-15 11:04:00+09:00,498.6000061035156,498.70001220703125,498.5,498.5,498.5,36200
2023-06-15 11:05:00+09:00,498.70001220703125,499.20001220703125,498.5,499.0,499.0,45400
2023-06-15 11:06:00+09:00,499.0,499.1000061035156,498.79998779296875,498.8999938964844,498.8999938964844,36800
2023-06-15 11:07:00+09:00,499.0,499.0,498.79998779296875,498.8999938964844,498.8999938964844,8700
2023-06-15 11:08:00+09:00,499.0,499.20001220703125,498.79998779296875,499.0,499.0,51800
2023-06-15 11:09:00+09:00,499.0,499.1000061035156,498.79998779296875,499.1000061035156,499.1000061035156,26700
2023-06-15 11:10:00+09:00,498.8999938964844,499.1000061035156,498.8999938964844,499.0,499.0,20300
2023-06-15 11:11:00+09:00,499.0,499.1000061035156,498.29998779296875,498.5,498.5,103100
2023-06-15 11:12:00+09:00,498.5,498.6000061035156,498.29998779296875,498.3999938964844,498.3999938964844,26400
2023-06-15 11:13:00+09:00,498.6000061035156,498.79998779296875,498.6000061035156,498.79998779296875,498.79998779296875,18800
2023-06-15 11:14:00+09:00,498.79998779296875,499.0,498.70001220703125,498.70001220703125,498.70001220703125,41500
2023-06-15 11:15:00+09:00,498.8999938964844,498.8999938964844,498.5,498.6000061035156,498.6000061035156,15900
2023-06-15 11:16:00+09:00,498.6000061035156,498.6000061035156,498.5,498.6000061035156,498.6000061035156,17300
2023-06-15 11:17:00+09:00,498.5,498.5,497.79998779296875,497.8999938964844,497.8999938964844,94800
2023-06-15 11:18:00+09:00,497.8999938964844,498.5,497.8999938964844,498.5,498.5,12900
2023-06-15 11:19:00+09:00,498.6000061035156,498.6000061035156,498.6000061035156,498.6000061035156,498.6000061035156,12400
2023-06-15 11:20:00+09:00,498.70001220703125,498.8999938964844,498.70001220703125,498.8999938964844,498.8999938964844,28900
2023-06-15 11:21:00+09:00,498.79998779296875,498.79998779296875,498.70001220703125,498.70001220703125,498.70001220703125,24500
2023-06-15 11:22:00+09:00,498.79998779296875,499.1000061035156,498.5,499.0,499.0,72100
2023-06-15 11:23:00+09:00,498.8999938964844,498.8999938964844,498.29998779296875,498.29998779296875,498.29998779296875,40800
2023-06-15 11:24:00+09:00,498.29998779296875,498.6000061035156,498.29998779296875,498.29998779296875,498.29998779296875,46400
2023-06-15 11:25:00+09:00,498.3999938964844,498.6000061035156,498.3999938964844,498.6000061035156,498.6000061035156,6000
2023-06-15 11:26:00+09:00,498.5,498.6000061035156,498.3999938964844,498.3999938964844,498.3999938964844,21000
2023-06-15 11:27:00+09:00,498.5,498.6000061035156,498.29998779296875,498.29998779296875,498.29998779296875,60500
2023-06-15 11:28:00+09:00,498.20001220703125,498.20001220703125,498.0,498.1000061035156,498.1000061035156,25700
2023-06-15 11:29:00+09:00,498.0,498.20001220703125,497.8999938964844,498.20001220703125,498.20001220703125,32500
2023-06-15 11:30:00+09:00,498.29998779296875,498.3999938964844,498.29998779296875,498.3999938964844,498.3999938964844,17700
2023-06-15 11:35:00+09:00,498.3999938964844,498.3999938964844,498.3999938964844,498.3999938964844,498.3999938964844,0
2023-06-15 12:30:00+09:00,499.0,499.1000061035156,497.6000061035156,497.6000061035156,497.6000061035156,12564100
2023-06-15 12:31:00+09:00,497.70001220703125,498.0,497.6000061035156,497.79998779296875,497.79998779296875,52300
2023-06-15 12:32:00+09:00,497.6000061035156,497.70001220703125,497.20001220703125,497.20001220703125,497.20001220703125,101600
2023-06-15 12:33:00+09:00,497.29998779296875,497.79998779296875,497.20001220703125,497.79998779296875,497.79998779296875,56300
2023-06-15 12:34:00+09:00,497.79998779296875,498.5,497.70001220703125,498.3999938964844,498.3999938964844,67900
2023-06-15 12:35:00+09:00,498.3999938964844,498.3999938964844,498.1000061035156,498.3999938964844,498.3999938964844,40600
2023-06-15 12:36:00+09:00,498.3999938964844,498.5,498.20001220703125,498.20001220703125,498.20001220703125,38400
2023-06-15 12:37:00+09:00,498.29998779296875,498.29998779296875,498.0,498.20001220703125,498.20001220703125,40200
2023-06-15 12:38:00+09:00,498.20001220703125,498.20001220703125,497.5,497.5,497.5,76400
2023-06-15 12:39:00+09:00,497.3999938964844,497.5,497.0,497.20001220703125,497.20001220703125,104300
2023-06-15 12:40:00+09:00,497.29998779296875,497.29998779296875,496.79998779296875,497.0,497.0,325100
2023-06-15 12:41:00+09:00,497.0,497.0,496.3999938964844,496.6000061035156,496.6000061035156,208400
2023-06-15 12:42:00+09:00,496.6000061035156,496.70001220703125,496.0,496.20001220703125,496.20001220703125,251400
2023-06-15 12:43:00+09:00,496.3999938964844,496.70001220703125,496.1000061035156,496.29998779296875,496.29998779296875,195200
2023-06-15 12:44:00+09:00,496.29998779296875,496.5,496.20001220703125,496.3999938964844,496.3999938964844,19900
2023-06-15 12:45:00+09:00,496.20001220703125,496.8999938964844,496.1000061035156,496.70001220703125,496.70001220703125,58400
2023-06-15 12:46:00+09:00,496.79998779296875,497.1000061035156,496.70001220703125,497.0,497.0,21600
2023-06-15 12:47:00+09:00,496.8999938964844,497.1000061035156,496.8999938964844,497.1000061035156,497.1000061035156,67700
2023-06-15 12:48:00+09:00,497.0,497.3999938964844,497.0,497.1000061035156,497.1000061035156,55200
2023-06-15 12:49:00+09:00,497.1000061035156,497.1000061035156,496.70001220703125,496.70001220703125,496.70001220703125,41400
2023-06-15 12:50:00+09:00,496.70001220703125,497.1000061035156,496.3999938964844,497.0,497.0,73700
2023-06-15 12:51:00+09:00,497.0,497.70001220703125,497.0,497.5,497.5,82200
2023-06-15 12:52:00+09:00,497.5,498.29998779296875,497.5,498.1000061035156,498.1000061035156,66700
2023-06-15 12:53:00+09:00,498.20001220703125,498.29998779296875,497.79998779296875,498.0,498.0,38400
2023-06-15 12:54:00+09:00,497.8999938964844,498.0,497.6000061035156,497.79998779296875,497.79998779296875,47000
2023-06-15 12:55:00+09:00,497.8999938964844,497.8999938964844,497.29998779296875,497.5,497.5,53500
2023-06-15 12:56:00+09:00,497.5,497.70001220703125,497.3999938964844,497.70001220703125,497.70001220703125,18000
2023-06-15 12:57:00+09:00,497.6000061035156,498.5,497.5,498.20001220703125,498.20001220703125,72800
2023-06-15 12:58:00+09:00,498.20001220703125,498.3999938964844,498.20001220703125,498.29998779296875,498.29998779296875,21500
2023-06-15 12:59:00+09:00,498.20001220703125,498.70001220703125,498.1000061035156,498.29998779296875,498.29998779296875,88800
2023-06-15 13:00:00+09:00,498.5,498.6000061035156,498.1000061035156,498.1000061035156,498.1000061035156,27900
2023-06-15 13:01:00+09:00,498.0,498.20001220703125,497.79998779296875,497.8999938964844,497.8999938964844,66600
2023-06-15 13:02:00+09:00,497.8999938964844,497.8999938964844,497.6000061035156,497.6000061035156,497.6000061035156,22700
2023-06-15 13:03:00+09:00,497.70001220703125,497.70001220703125,497.20001220703125,497.3999938964844,497.3999938964844,30800
2023-06-15 13:04:00+09:00,497.3999938964844,498.1000061035156,497.29998779296875,497.8999938964844,497.8999938964844,94500
2023-06-15 13:05:00+09:00,497.8999938964844,498.0,497.6000061035156,497.6000061035156,497.6000061035156,18100
2023-06-15 13:06:00+09:00,497.5,497.8999938964844,497.5,497.79998779296875,497.79998779296875,23100
2023-06-15 13:07:00+09:00,497.79998779296875,498.0,497.70001220703125,498.0,498.0,27000
2023-06-15 13:08:00+09:00,497.8999938964844,498.20001220703125,497.79998779296875,498.20001220703125,498.20001220703125,32100
2023-06-15 13:09:00+09:00,498.29998779296875,498.3999938964844,498.20001220703125,498.29998779296875,498.29998779296875,12200
2023-06-15 13:10:00+09:00,498.29998779296875,498.3999938964844,498.0,498.1000061035156,498.1000061035156,59100
2023-06-15 13:11:00+09:00,498.0,498.1000061035156,498.0,498.0,498.0,24600
2023-06-15 13:12:00+09:00,498.1000061035156,498.1000061035156,497.20001220703125,497.20001220703125,497.20001220703125,71500
2023-06-15 13:13:00+09:00,497.3999938964844,497.3999938964844,497.0,497.20001220703125,497.20001220703125,86400
2023-06-15 13:14:00+09:00,497.29998779296875,497.29998779296875,497.0,497.1000061035156,497.1000061035156,85800
2023-06-15 13:15:00+09:00,497.20001220703125,497.20001220703125,496.70001220703125,496.79998779296875,496.79998779296875,97200
2023-06-15 13:16:00+09:00,496.8999938964844,497.1000061035156,496.70001220703125,497.1000061035156,497.1000061035156,35000
2023-06-15 13:17:00+09:00,496.79998779296875,497.1000061035156,496.70001220703125,496.79998779296875,496.79998779296875,77600
2023-06-15 13:18:00+09:00,496.79998779296875,497.20001220703125,495.20001220703125,495.29998779296875,495.29998779296875,731600
2023-06-15 13:19:00+09:00,495.20001220703125,496.0,495.20001220703125,495.79998779296875,495.79998779296875,122600
2023-06-15 13:20:00+09:00,495.79998779296875,495.8999938964844,495.6000061035156,495.8999938964844,495.8999938964844,47900
2023-06-15 13:21:00+09:00,495.70001220703125,495.8999938964844,495.5,495.79998779296875,495.79998779296875,54900
2023-06-15 13:22:00+09:00,495.6000061035156,496.0,495.6000061035156,496.0,496.0,86700
2023-06-15 13:23:00+09:00,495.8999938964844,496.5,495.79998779296875,495.79998779296875,495.79998779296875,127600
2023-06-15 13:24:00+09:00,495.79998779296875,496.1000061035156,495.79998779296875,495.8999938964844,495.8999938964844,34200
2023-06-15 13:25:00+09:00,495.8999938964844,496.5,495.8999938964844,496.29998779296875,496.29998779296875,33000
2023-06-15 13:26:00+09:00,496.20001220703125,496.29998779296875,496.0,496.0,496.0,8000
2023-06-15 13:27:00+09:00,496.20001220703125,496.20001220703125,495.6000061035156,495.79998779296875,495.79998779296875,39400
2023-06-15 13:28:00+09:00,495.79998779296875,495.79998779296875,495.3999938964844,495.5,495.5,35500
2023-06-15 13:29:00+09:00,495.3999938964844,495.79998779296875,495.3999938964844,495.79998779296875,495.79998779296875,93900
2023-06-15 13:30:00+09:00,495.8999938964844,496.3999938964844,495.3999938964844,495.3999938964844,495.3999938964844,120000
2023-06-15 13:31:00+09:00,495.5,496.0,495.29998779296875,496.0,496.0,44600
2023-06-15 13:32:00+09:00,496.1000061035156,496.5,496.1000061035156,496.29998779296875,496.29998779296875,62000
2023-06-15 13:33:00+09:00,496.29998779296875,496.5,496.20001220703125,496.3999938964844,496.3999938964844,9200
2023-06-15 13:34:00+09:00,496.3999938964844,496.6000061035156,496.3999938964844,496.6000061035156,496.6000061035156,20500
2023-06-15 13:35:00+09:00,496.5,496.6000061035156,496.3999938964844,496.5,496.5,12400
2023-06-15 13:36:00+09:00,496.6000061035156,496.70001220703125,496.29998779296875,496.29998779296875,496.29998779296875,64900
2023-06-15 13:37:00+09:00,496.29998779296875,496.5,496.20001220703125,496.20001220703125,496.20001220703125,21300
2023-06-15 13:38:00+09:00,496.29998779296875,496.29998779296875,496.20001220703125,496.20001220703125,496.20001220703125,1400
2023-06-15 13:39:00+09:00,496.20001220703125,496.20001220703125,495.6000061035156,495.70001220703125,495.70001220703125,79000
2023-06-15 13:40:00+09:00,495.6000061035156,495.79998779296875,495.5,495.79998779296875,495.79998779296875,35100
2023-06-15 13:41:00+09:00,495.70001220703125,496.1000061035156,495.6000061035156,495.8999938964844,495.8999938964844,16900
2023-06-15 13:42:00+09:00,496.1000061035156,496.3999938964844,496.1000061035156,496.3999938964844,496.3999938964844,16900
2023-06-15 13:43:00+09:00,496.3999938964844,496.5,496.20001220703125,496.20001220703125,496.20001220703125,22800
2023-06-15 13:44:00+09:00,496.1000061035156,496.3999938964844,496.1000061035156,496.1000061035156,496.1000061035156,64800
2023-06-15 13:45:00+09:00,496.20001220703125,496.6000061035156,496.20001220703125,496.3999938964844,496.3999938964844,43700
2023-06-15 13:46:00+09:00,496.5,496.5,496.29998779296875,496.29998779296875,496.29998779296875,67900
2023-06-15 13:47:00+09:00,496.29998779296875,496.29998779296875,496.0,496.0,496.0,18500
2023-06-15 13:48:00+09:00,496.0,496.1000061035156,496.0,496.1000061035156,496.1000061035156,11300
2023-06-15 13:49:00+09:00,496.1000061035156,496.1000061035156,495.8999938964844,496.1000061035156,496.1000061035156,54500
2023-06-15 13:50:00+09:00,496.0,496.1000061035156,495.70001220703125,495.8999938964844,495.8999938964844,59000
2023-06-15 13:51:00+09:00,495.79998779296875,496.1000061035156,495.79998779296875,496.1000061035156,496.1000061035156,40000
2023-06-15 13:52:00+09:00,496.1000061035156,496.20001220703125,495.8999938964844,496.0,496.0,31500
2023-06-15 13:53:00+09:00,496.0,496.20001220703125,496.0,496.1000061035156,496.1000061035156,19600
2023-06-15 13:54:00+09:00,496.0,496.0,495.8999938964844,495.8999938964844,495.8999938964844,13500
2023-06-15 13:55:00+09:00,495.79998779296875,496.1000061035156,495.79998779296875,495.8999938964844,495.8999938964844,17900
2023-06-15 13:56:00+09:00,495.79998779296875,496.0,495.70001220703125,495.79998779296875,495.79998779296875,24200
2023-06-15 13:57:00+09:00,495.70001220703125,495.79998779296875,495.20001220703125,495.20001220703125,495.20001220703125,146400
2023-06-15 13:58:00+09:00,495.20001220703125,495.3999938964844,495.0,495.0,495.0,170300
2023-06-15 13:59:00+09:00,495.20001220703125,495.29998779296875,495.0,495.1000061035156,495.1000061035156,85400
2023-06-15 14:00:00+09:00,495.1000061035156,495.29998779296875,494.20001220703125,494.5,494.5,1033400
2023-06-15 14:01:00+09:00,494.5,495.0,494.3999938964844,495.0,495.0,60500
2023-06-15 14:02:00+09:00,494.8999938964844,494.8999938964844,494.6000061035156,494.79998779296875,494.79998779296875,43200
2023-06-15 14:03:00+09:00,494.70001220703125,494.79998779296875,494.6000061035156,494.70001220703125,494.70001220703125,63200
2023-06-15 14:04:00+09:00,494.70001220703125,494.8999938964844,494.6000061035156,494.8999938964844,494.8999938964844,14400
2023-06-15 14:05:00+09:00,494.8999938964844,495.20001220703125,494.79998779296875,495.0,495.0,60300
2023-06-15 14:06:00+09:00,494.8999938964844,495.20001220703125,494.8999938964844,494.8999938964844,494.8999938964844,30800
2023-06-15 14:07:00+09:00,495.1000061035156,495.5,495.0,495.29998779296875,495.29998779296875,16500
2023-06-15 14:08:00+09:00,495.5,495.8999938964844,495.5,495.8999938964844,495.8999938964844,65100
2023-06-15 14:09:00+09:00,495.8999938964844,495.8999938964844,495.5,495.6000061035156,495.6000061035156,46100
2023-06-15 14:10:00+09:00,495.6000061035156,495.6000061035156,495.20001220703125,495.20001220703125,495.20001220703125,45900
2023-06-15 14:11:00+09:00,495.1000061035156,495.1000061035156,495.0,495.0,495.0,55700
2023-06-15 14:12:00+09:00,495.0,495.0,494.79998779296875,494.79998779296875,494.79998779296875,43500
2023-06-15 14:13:00+09:00,494.8999938964844,495.1000061035156,494.79998779296875,494.8999938964844,494.8999938964844,51200
2023-06-15 14:14:00+09:00,495.0,495.1000061035156,494.8999938964844,495.0,495.0,13100
2023-06-15 14:15:00+09:00,495.0,495.1000061035156,494.8999938964844,495.1000061035156,495.1000061035156,30800
2023-06-15 14:16:00+09:00,495.1000061035156,495.1000061035156,494.79998779296875,494.79998779296875,494.79998779296875,53000
2023-06-15 14:17:00+09:00,494.8999938964844,495.1000061035156,494.8999938964844,495.1000061035156,495.1000061035156,26600
2023-06-15 14:18:00+09:00,495.1000061035156,495.29998779296875,495.1000061035156,495.29998779296875,495.29998779296875,12200
2023-06-15 14:19:00+09:00,495.29998779296875,495.29998779296875,495.0,495.20001220703125,495.20001220703125,44300
2023-06-15 14:20:00+09:00,495.0,495.79998779296875,495.0,495.6000061035156,495.6000061035156,61000
2023-06-15 14:21:00+09:00,495.79998779296875,495.79998779296875,495.1000061035156,495.20001220703125,495.20001220703125,28200
2023-06-15 14:22:00+09:00,495.1000061035156,495.1000061035156,494.8999938964844,495.0,495.0,140100
2023-06-15 14:23:00+09:00,494.8999938964844,495.1000061035156,494.8999938964844,495.1000061035156,495.1000061035156,23000
2023-06-15 14:24:00+09:00,495.1000061035156,495.20001220703125,494.8999938964844,494.8999938964844,494.8999938964844,45800
2023-06-15 14:25:00+09:00,494.8999938964844,495.0,494.79998779296875,495.0,495.0,60200
2023-06-15 14:26:00+09:00,495.1000061035156,495.6000061035156,495.1000061035156,495.6000061035156,495.6000061035156,29500
2023-06-15 14:27:00+09:00,495.5,495.6000061035156,495.29998779296875,495.3999938964844,495.3999938964844,26800
2023-06-15 14:28:00+09:00,495.29998779296875,495.6000061035156,495.20001220703125,495.29998779296875,495.29998779296875,46400
2023-06-15 14:29:00+09:00,495.3999938964844,495.5,495.20001220703125,495.20001220703125,495.20001220703125,21000
2023-06-15 14:30:00+09:00,495.29998779296875,495.5,495.0,495.1000061035156,495.1000061035156,51800
2023-06-15 14:31:00+09:00,495.1000061035156,495.20001220703125,495.0,495.0,495.0,30900
2023-06-15 14:32:00+09:00,495.0,495.29998779296875,494.8999938964844,495.1000061035156,495.1000061035156,16600
2023-06-15 14:33:00+09:00,495.1000061035156,495.29998779296875,495.0,495.0,495.0,36400
2023-06-15 14:34:00+09:00,495.0,495.1000061035156,494.8999938964844,495.0,495.0,134000
2023-06-15 14:35:00+09:00,494.8999938964844,494.8999938964844,494.5,494.6000061035156,494.6000061035156,117600
2023-06-15 14:36:00+09:00,494.5,494.6000061035156,494.3999938964844,494.5,494.5,79000
2023-06-15 14:37:00+09:00,494.3999938964844,494.6000061035156,494.29998779296875,494.29998779296875,494.29998779296875,59200
2023-06-15 14:38:00+09:00,494.29998779296875,494.8999938964844,494.20001220703125,494.8999938964844,494.8999938964844,99000
2023-06-15 14:39:00+09:00,494.70001220703125,494.8999938964844,494.6000061035156,494.8999938964844,494.8999938964844,39700
2023-06-15 14:40:00+09:00,494.79998779296875,494.8999938964844,494.5,494.6000061035156,494.6000061035156,29600
2023-06-15 14:41:00+09:00,494.70001220703125,494.8999938964844,494.3999938964844,494.5,494.5,37700
2023-06-15 14:42:00+09:00,494.5,494.6000061035156,494.20001220703125,494.6000061035156,494.6000061035156,40300
2023-06-15 14:43:00+09:00,494.3999938964844,494.5,494.20001220703125,494.29998779296875,494.29998779296875,40600
2023-06-15 14:44:00+09:00,494.3999938964844,494.6000061035156,494.29998779296875,494.5,494.5,46600
2023-06-15 14:45:00+09:00,494.6000061035156,494.79998779296875,494.3999938964844,494.6000061035156,494.6000061035156,47200
2023-06-15 14:46:00+09:00,494.5,494.5,494.29998779296875,494.3999938964844,494.3999938964844,36300
2023-06-15 14:47:00+09:00,494.29998779296875,494.29998779296875,494.20001220703125,494.29998779296875,494.29998779296875,51800
2023-06-15 14:48:00+09:00,494.29998779296875,494.3999938964844,494.20001220703125,494.20001220703125,494.20001220703125,77600
2023-06-15 14:49:00+09:00,494.3999938964844,494.3999938964844,493.0,493.20001220703125,493.20001220703125,706500
2023-06-15 14:50:00+09:00,493.20001220703125,493.3999938964844,493.0,493.20001220703125,493.20001220703125,155500
2023-06-15 14:51:00+09:00,493.29998779296875,493.3999938964844,492.79998779296875,492.8999938964844,492.8999938964844,256600
2023-06-15 14:52:00+09:00,492.79998779296875,493.0,492.5,492.79998779296875,492.79998779296875,169700
2023-06-15 14:53:00+09:00,492.70001220703125,492.8999938964844,492.6000061035156,492.70001220703125,492.70001220703125,41600
2023-06-15 14:54:00+09:00,492.79998779296875,493.29998779296875,492.6000061035156,492.70001220703125,492.70001220703125,159700
2023-06-15 14:55:00+09:00,492.70001220703125,493.0,492.6000061035156,492.8999938964844,492.8999938964844,88600
2023-06-15 14:56:00+09:00,493.0,493.1000061035156,492.70001220703125,493.1000061035156,493.1000061035156,82400
2023-06-15 14:57:00+09:00,493.20001220703125,493.70001220703125,493.20001220703125,493.5,493.5,111700
2023-06-15 14:58:00+09:00,493.70001220703125,494.0,493.5,493.70001220703125,493.70001220703125,106500
2023-06-15 14:59:00+09:00,493.70001220703125,493.8999938964844,493.0,493.0,493.0,191000
2023-06-16 09:00:00+09:00,490.8999938964844,491.1000061035156,489.0,489.29998779296875,489.29998779296875,1503300
2023-06-16 09:01:00+09:00,489.6000061035156,492.1000061035156,489.29998779296875,490.5,490.5,145300
2023-06-16 09:02:00+09:00,490.20001220703125,490.79998779296875,489.1000061035156,490.29998779296875,490.29998779296875,371900
2023-06-16 09:03:00+09:00,490.29998779296875,491.0,489.6000061035156,490.6000061035156,490.6000061035156,206400
2023-06-16 09:04:00+09:00,490.5,491.5,490.5,491.20001220703125,491.20001220703125,104400
2023-06-16 09:05:00+09:00,491.20001220703125,492.6000061035156,490.79998779296875,491.5,491.5,186800
2023-06-16 09:06:00+09:00,491.3999938964844,492.79998779296875,491.29998779296875,491.70001220703125,491.70001220703125,131300
2023-06-16 09:07:00+09:00,491.70001220703125,492.6000061035156,491.3999938964844,492.0,492.0,142000
2023-06-16 09:08:00+09:00,492.0,494.79998779296875,492.0,494.3999938964844,494.3999938964844,142200
2023-06-16 09:09:00+09:00,494.3999938964844,495.8999938964844,494.3999938964844,495.79998779296875,495.79998779296875,139700
2023-06-16 09:10:00+09:00,495.8999938964844,495.8999938964844,494.5,495.79998779296875,495.79998779296875,203800
2023-06-16 09:11:00+09:00,495.6000061035156,496.0,494.29998779296875,494.6000061035156,494.6000061035156,190600
2023-06-16 09:12:00+09:00,494.70001220703125,495.20001220703125,494.5,494.6000061035156,494.6000061035156,98700
2023-06-16 09:13:00+09:00,494.79998779296875,497.0,494.79998779296875,496.79998779296875,496.79998779296875,358900
2023-06-16 09:14:00+09:00,496.5,496.79998779296875,495.6000061035156,495.70001220703125,495.70001220703125,52700
2023-06-16 09:15:00+09:00,495.79998779296875,497.0,495.79998779296875,496.8999938964844,496.8999938964844,72800
2023-06-16 09:16:00+09:00,496.8999938964844,498.5,496.8999938964844,498.20001220703125,498.20001220703125,280600
2023-06-16 09:17:00+09:00,498.20001220703125,498.29998779296875,496.3999938964844,496.5,496.5,193000
2023-06-16 09:18:00+09:00,496.6000061035156,496.8999938964844,495.8999938964844,496.20001220703125,496.20001220703125,207900
2023-06-16 09:19:00+09:00,496.1000061035156,497.6000061035156,496.0,497.5,497.5,115700
2023-06-16 09:20:00+09:00,497.29998779296875,497.29998779296875,496.20001220703125,496.3999938964844,496.3999938964844,175500
2023-06-16 09:21:00+09:00,496.6000061035156,497.0,495.8999938964844,497.0,497.0,116500
2023-06-16 09:22:00+09:00,497.0,499.29998779296875,496.8999938964844,499.1000061035156,499.1000061035156,466800
2023-06-16 09:23:00+09:00,499.0,499.70001220703125,498.70001220703125,499.1000061035156,499.1000061035156,171100
2023-06-16 09:24:00+09:00,498.8999938964844,499.1000061035156,498.20001220703125,498.29998779296875,498.29998779296875,98200
2023-06-16 09:25:00+09:00,498.5,498.6000061035156,497.79998779296875,498.29998779296875,498.29998779296875,295200
2023-06-16 09:26:00+09:00,498.29998779296875,499.0,498.0,498.5,498.5,90100
2023-06-16 09:27:00+09:00,498.3999938964844,498.79998779296875,497.79998779296875,498.29998779296875,498.29998779296875,245100
2023-06-16 09:28:00+09:00,498.20001220703125,499.0,498.20001220703125,499.0,499.0,136200
2023-06-16 09:29:00+09:00,499.1000061035156,499.70001220703125,498.8999938964844,499.1000061035156,499.1000061035156,114500
2023-06-16 09:30:00+09:00,499.0,499.20001220703125,498.6000061035156,498.8999938964844,498.8999938964844,54500
2023-06-16 09:31:00+09:00,498.6000061035156,500.70001220703125,498.6000061035156,500.6000061035156,500.6000061035156,434000
2023-06-16 09:32:00+09:00,500.3999938964844,501.70001220703125,500.3999938964844,501.1000061035156,501.1000061035156,284500
2023-06-16 09:33:00+09:00,501.1000061035156,501.6000061035156,500.5,500.79998779296875,500.79998779296875,231200
2023-06-16 09:34:00+09:00,500.79998779296875,501.0,500.5,500.70001220703125,500.70001220703125,69700
2023-06-16 09:35:00+09:00,500.70001220703125,500.79998779296875,499.79998779296875,499.79998779296875,499.79998779296875,91500
2023-06-16 09:36:00+09:00,500.1000061035156,500.3999938964844,499.5,499.70001220703125,499.70001220703125,111800
2023-06-16 09:37:00+09:00,499.5,500.0,499.3999938964844,499.70001220703125,499.70001220703125,64000
2023-06-16 09:38:00+09:00,499.70001220703125,500.0,499.3999938964844,499.79998779296875,499.79998779296875,52700
2023-06-16 09:39:00+09:00,500.0,500.6000061035156,499.6000061035156,500.6000061035156,500.6000061035156,103300
2023-06-16 09:40:00+09:00,500.6000061035156,501.29998779296875,500.6000061035156,501.20001220703125,501.20001220703125,84100
2023-06-16 09:41:00+09:00,501.29998779296875,502.5,501.29998779296875,502.29998779296875,502.29998779296875,794300
2023-06-16 09:42:00+09:00,502.3999938964844,502.3999938964844,502.0,502.0,502.0,96400
2023-06-16 09:43:00+09:00,502.1000061035156,502.20001220703125,501.6000061035156,501.8999938964844,501.8999938964844,88900
2023-06-16 09:44:00+09:00,502.0,503.0,502.0,502.8999938964844,502.8999938964844,145500
2023-06-16 09:45:00+09:00,502.8999938964844,502.8999938964844,501.8999938964844,502.1000061035156,502.1000061035156,90700
2023-06-16 09:46:00+09:00,502.20001220703125,503.3999938964844,502.0,503.20001220703125,503.20001220703125,290900
2023-06-16 09:47:00+09:00,503.20001220703125,503.5,502.8999938964844,503.29998779296875,503.29998779296875,91700
2023-06-16 09:48:00+09:00,503.20001220703125,503.6000061035156,502.8999938964844,503.20001220703125,503.20001220703125,93600
2023-06-16 09:49:00+09:00,503.20001220703125,503.5,502.8999938964844,503.0,503.0,73800
2023-06-16 09:50:00+09:00,502.8999938964844,503.5,502.6000061035156,502.6000061035156,502.6000061035156,154300
2023-06-16 09:51:00+09:00,502.6000061035156,502.79998779296875,501.29998779296875,502.0,502.0,207200
2023-06-16 09:52:00+09:00,502.0,502.0,501.20001220703125,501.5,501.5,65400
2023-06-16 09:53:00+09:00,501.5,501.70001220703125,501.3999938964844,501.70001220703125,501.70001220703125,38100
2023-06-16 09:54:00+09:00,501.5,501.5,500.70001220703125,501.0,501.0,111800
2023-06-16 09:55:00+09:00,501.1000061035156,502.70001220703125,501.0,502.29998779296875,502.29998779296875,172100
2023-06-16 09:56:00+09:00,502.3999938964844,502.8999938964844,502.29998779296875,502.70001220703125,502.70001220703125,74600
2023-06-16 09:57:00+09:00,502.6000061035156,503.0,502.3999938964844,502.79998779296875,502.79998779296875,34000
2023-06-16 09:58:00+09:00,502.5,502.79998779296875,501.8999938964844,501.8999938964844,501.8999938964844,87800
2023-06-16 09:59:00+09:00,502.20001220703125,502.29998779296875,501.3999938964844,501.6000061035156,501.6000061035156,56400
2023-06-16 10:00:00+09:00,501.6000061035156,501.8999938964844,501.0,501.5,501.5,113500
2023-06-16 10:01:00+09:00,501.6000061035156,502.29998779296875,501.29998779296875,502.1000061035156,502.1000061035156,117900
2023-06-16 10:02:00+09:00,502.20001220703125,502.5,502.0,502.29998779296875,502.29998779296875,34200
2023-06-16 10:03:00+09:00,502.29998779296875,503.8999938964844,502.29998779296875,503.8999938964844,503.8999938964844,369800
2023-06-16 10:04:00+09:00,503.79998779296875,504.29998779296875,503.6000061035156,503.8999938964844,503.8999938964844,161700
2023-06-16 10:05:00+09:00,503.8999938964844,504.29998779296875,503.79998779296875,504.29998779296875,504.29998779296875,92300
2023-06-16 10:06:00+09:00,504.29998779296875,504.6000061035156,503.79998779296875,503.8999938964844,503.8999938964844,124000
2023-06-16 10:07:00+09:00,503.8999938964844,504.20001220703125,503.70001220703125,504.0,504.0,35900
2023-06-16 10:08:00+09:00,503.70001220703125,503.8999938964844,503.20001220703125,503.5,503.5,100200
2023-06-16 10:09:00+09:00,503.6000061035156,504.0,503.20001220703125,504.0,504.0,54300
2023-06-16 10:10:00+09:00,503.8999938964844,504.6000061035156,503.70001220703125,504.29998779296875,504.29998779296875,82300
2023-06-16 10:11:00+09:00,504.29998779296875,504.8999938964844,504.20001220703125,504.70001220703125,504.70001220703125,113300
2023-06-16 10:12:00+09:00,504.70001220703125,504.79998779296875,504.5,504.79998779296875,504.79998779296875,28000
2023-06-16 10:14:00+09:00,504.5,504.70001220703125,504.20001220703125,504.3999938964844,504.3999938964844,269900
2023-06-16 10:15:00+09:00,504.6000061035156,504.79998779296875,504.20001220703125,504.3999938964844,504.3999938964844,63800
2023-06-16 10:16:00+09:00,504.20001220703125,504.29998779296875,503.6000061035156,503.70001220703125,503.70001220703125,70200
2023-06-16 10:17:00+09:00,503.8999938964844,504.0,503.70001220703125,503.70001220703125,503.70001220703125,26200
2023-06-16 10:18:00+09:00,503.70001220703125,503.8999938964844,502.70001220703125,503.1000061035156,503.1000061035156,174100
2023-06-16 10:19:00+09:00,503.1000061035156,503.20001220703125,502.70001220703125,503.0,503.0,68200
2023-06-16 10:20:00+09:00,503.1000061035156,503.1000061035156,502.6000061035156,502.70001220703125,502.70001220703125,40500
2023-06-16 10:21:00+09:00,502.8999938964844,503.0,502.6000061035156,502.6000061035156,502.6000061035156,32100
2023-06-16 10:22:00+09:00,502.70001220703125,503.1000061035156,502.5,502.8999938964844,502.8999938964844,99600
2023-06-16 10:23:00+09:00,502.79998779296875,503.1000061035156,502.3999938964844,502.5,502.5,56200
2023-06-16 10:24:00+09:00,502.5,503.5,502.5,503.0,503.0,58100
2023-06-16 10:25:00+09:00,503.0,503.1000061035156,502.5,502.70001220703125,502.70001220703125,33200
2023-06-16 10:26:00+09:00,502.6000061035156,502.70001220703125,501.3999938964844,501.3999938964844,501.3999938964844,71600
2023-06-16 10:27:00+09:00,501.3999938964844,501.70001220703125,501.20001220703125,501.5,501.5,65300
2023-06-16 10:28:00+09:00,501.5,501.6000061035156,501.0,501.20001220703125,501.20001220703125,75100
2023-06-16 10:29:00+09:00,501.20001220703125,501.20001220703125,500.70001220703125,501.20001220703125,501.20001220703125,53600
2023-06-16 10:30:00+09:00,501.29998779296875,502.0,501.29998779296875,501.8999938964844,501.8999938964844,97700
2023-06-16 10:31:00+09:00,501.8999938964844,502.3999938964844,501.8999938964844,502.20001220703125,502.20001220703125,65300
2023-06-16 10:32:00+09:00,502.3999938964844,503.3999938964844,502.20001220703125,503.29998779296875,503.29998779296875,67900
2023-06-16 10:33:00+09:00,503.1000061035156,503.3999938964844,502.79998779296875,503.20001220703125,503.20001220703125,64200
2023-06-16 10:34:00+09:00,503.29998779296875,503.29998779296875,502.8999938964844,503.1000061035156,503.1000061035156,30300
2023-06-16 10:35:00+09:00,503.0,503.1000061035156,502.79998779296875,502.79998779296875,502.79998779296875,37000
2023-06-16 10:36:00+09:00,503.0,503.5,502.79998779296875,503.29998779296875,503.29998779296875,71400
2023-06-16 10:37:00+09:00,503.29998779296875,503.5,503.1000061035156,503.29998779296875,503.29998779296875,63500
2023-06-16 10:38:00+09:00,503.29998779296875,503.29998779296875,503.1000061035156,503.1000061035156,503.1000061035156,3100
2023-06-16 10:39:00+09:00,503.29998779296875,503.3999938964844,503.1000061035156,503.29998779296875,503.29998779296875,30300
2023-06-16 10:40:00+09:00,503.20001220703125,504.0,503.20001220703125,503.79998779296875,503.79998779296875,140100
2023-06-16 10:41:00+09:00,503.79998779296875,503.8999938964844,503.6000061035156,503.70001220703125,503.70001220703125,49200
2023-06-16 10:42:00+09:00,503.79998779296875,503.79998779296875,503.1000061035156,503.20001220703125,503.20001220703125,68700
2023-06-16 10:43:00+09:00,503.20001220703125,503.5,502.70001220703125,502.8999938964844,502.8999938964844,179300
2023-06-16 10:44:00+09:00,503.0,503.1000061035156,502.79998779296875,503.0,503.0,14500
2023-06-16 10:45:00+09:00,503.0,503.29998779296875,502.79998779296875,503.29998779296875,503.29998779296875,32500
2023-06-16 10:46:00+09:00,503.3999938964844,503.79998779296875,503.1000061035156,503.5,503.5,42200
2023-06-16 10:47:00+09:00,503.3999938964844,503.5,503.29998779296875,503.5,503.5,30300
2023-06-16 10:48:00+09:00,503.6000061035156,503.6000061035156,502.70001220703125,503.1000061035156,503.1000061035156,123800
2023-06-16 10:49:00+09:00,503.1000061035156,503.29998779296875,502.8999938964844,503.1000061035156,503.1000061035156,29500
2023-06-16 10:50:00+09:00,503.1000061035156,503.20001220703125,502.70001220703125,503.0,503.0,19000
2023-06-16 10:51:00+09:00,503.1000061035156,503.1000061035156,502.5,502.5,502.5,100300
2023-06-16 10:52:00+09:00,502.79998779296875,503.0,502.5,502.70001220703125,502.70001220703125,43400
2023-06-16 10:53:00+09:00,502.79998779296875,503.0,502.5,502.5,502.5,28400
2023-06-16 10:54:00+09:00,502.3999938964844,502.5,502.20001220703125,502.5,502.5,12500
2023-06-16 10:55:00+09:00,502.5,503.20001220703125,502.29998779296875,503.1000061035156,503.1000061035156,122900
2023-06-16 10:56:00+09:00,502.8999938964844,503.29998779296875,502.70001220703125,503.0,503.0,39200
2023-06-16 10:57:00+09:00,503.0,503.29998779296875,502.79998779296875,502.79998779296875,502.79998779296875,13100
2023-06-16 10:58:00+09:00,503.0,503.20001220703125,502.79998779296875,502.79998779296875,502.79998779296875,20400
2023-06-16 10:59:00+09:00,502.79998779296875,502.79998779296875,502.6000061035156,502.79998779296875,502.79998779296875,21100
2023-06-16 11:00:00+09:00,502.79998779296875,502.8999938964844,502.20001220703125,502.5,502.5,41600
2023-06-16 11:01:00+09:00,502.5,502.6000061035156,502.29998779296875,502.29998779296875,502.29998779296875,10600
2023-06-16 11:02:00+09:00,502.29998779296875,503.3999938964844,502.29998779296875,503.0,503.0,105700
2023-06-16 11:03:00+09:00,502.8999938964844,503.0,502.70001220703125,502.70001220703125,502.70001220703125,14800
2023-06-16 11:04:00+09:00,502.8999938964844,503.79998779296875,502.8999938964844,503.6000061035156,503.6000061035156,101400
2023-06-16 11:05:00+09:00,503.6000061035156,503.70001220703125,503.5,503.6000061035156,503.6000061035156,24900
2023-06-16 11:06:00+09:00,503.70001220703125,504.1000061035156,503.5,503.70001220703125,503.70001220703125,86200
2023-06-16 11:07:00+09:00,503.8999938964844,504.29998779296875,503.79998779296875,504.29998779296875,504.29998779296875,37200
2023-06-16 11:08:00+09:00,504.29998779296875,504.5,504.20001220703125,504.3999938964844,504.3999938964844,36200
2023-06-16 11:09:00+09:00,504.6000061035156,505.29998779296875,504.1000061035156,504.29998779296875,504.29998779296875,813900
2023-06-16 11:10:00+09:00,504.3999938964844,504.70001220703125,503.8999938964844,504.1000061035156,504.1000061035156,40900
2023-06-16 11:11:00+09:00,503.8999938964844,504.70001220703125,503.8999938964844,504.70001220703125,504.70001220703125,176500
2023-06-16 11:12:00+09:00,504.70001220703125,504.8999938964844,504.5,504.8999938964844,504.8999938964844,32100
2023-06-16 11:13:00+09:00,504.79998779296875,505.0,504.70001220703125,504.70001220703125,504.70001220703125,24500
2023-06-16 11:14:00+09:00,504.70001220703125,504.79998779296875,504.5,504.6000061035156,504.6000061035156,31300
2023-06-16 11:15:00+09:00,504.70001220703125,504.70001220703125,504.1000061035156,504.29998779296875,504.29998779296875,28700
2023-06-16 11:16:00+09:00,504.1000061035156,504.20001220703125,503.6000061035156,503.70001220703125,503.70001220703125,37000
2023-06-16 11:17:00+09:00,503.5,504.1000061035156,503.5,503.8999938964844,503.8999938964844,72500
2023-06-16 11:18:00+09:00,504.0,504.1000061035156,503.70001220703125,503.79998779296875,503.79998779296875,27700
2023-06-16 11:19:00+09:00,503.8999938964844,503.8999938964844,503.5,503.70001220703125,503.70001220703125,44400
2023-06-16 11:20:00+09:00,503.5,503.79998779296875,503.29998779296875,503.3999938964844,503.3999938964844,63200
2023-06-16 11:21:00+09:00,503.29998779296875,503.3999938964844,503.1000061035156,503.20001220703125,503.20001220703125,43600
2023-06-16 11:22:00+09:00,503.1000061035156,503.3999938964844,502.8999938964844,503.0,503.0,31400
2023-06-16 11:23:00+09:00,502.8999938964844,502.8999938964844,502.6000061035156,502.6000061035156,502.6000061035156,20000
2023-06-16 11:24:00+09:00,502.79998779296875,503.3999938964844,502.79998779296875,503.29998779296875,503.29998779296875,30600
2023-06-16 11:25:00+09:00,503.29998779296875,503.3999938964844,503.0,503.20001220703125,503.20001220703125,25000
2023-06-16 11:26:00+09:00,503.1000061035156,503.20001220703125,502.5,502.70001220703125,502.70001220703125,44400
2023-06-16 11:27:00+09:00,502.70001220703125,503.1000061035156,502.70001220703125,503.1000061035156,503.1000061035156,28900
2023-06-16 11:28:00+09:00,503.1000061035156,503.3999938964844,502.8999938964844,503.3999938964844,503.3999938964844,31300
2023-06-16 11:29:00+09:00,503.3999938964844,503.5,502.5,502.70001220703125,502.70001220703125,112400
2023-06-16 11:30:00+09:00,503.1000061035156,503.1000061035156,503.1000061035156,503.1000061035156,503.1000061035156,10600
2023-06-16 11:35:00+09:00,503.1000061035156,503.1000061035156,503.1000061035156,503.1000061035156,503.1000061035156,0
2023-06-16 12:30:00+09:00,503.79998779296875,504.29998779296875,503.0,504.0,504.0,18061100
2023-06-16 12:31:00+09:00,504.0,504.8999938964844,503.79998779296875,504.70001220703125,504.70001220703125,239900
2023-06-16 12:32:00+09:00,504.5,504.79998779296875,503.6000061035156,503.6000061035156,503.6000061035156,69900
2023-06-16 12:33:00+09:00,503.6000061035156,503.6000061035156,502.8999938964844,503.3999938964844,503.3999938964844,161100
2023-06-16 12:34:00+09:00,503.5,504.8999938964844,503.3999938964844,504.79998779296875,504.79998779296875,108100
2023-06-16 12:35:00+09:00,504.79998779296875,504.79998779296875,503.5,503.70001220703125,503.70001220703125,71400
2023-06-16 12:36:00+09:00,503.70001220703125,504.3999938964844,503.70001220703125,504.20001220703125,504.20001220703125,66100
2023-06-16 12:37:00+09:00,503.8999938964844,504.1000061035156,503.5,503.70001220703125,503.70001220703125,62000
2023-06-16 12:38:00+09:00,503.70001220703125,504.0,503.5,503.6000061035156,503.6000061035156,38900
2023-06-16 12:39:00+09:00,503.79998779296875,504.1000061035156,503.20001220703125,503.79998779296875,503.79998779296875,115300
2023-06-16 12:40:00+09:00,503.79998779296875,505.0,503.79998779296875,505.0,505.0,384700
2023-06-16 12:41:00+09:00,504.8999938964844,505.0,504.6000061035156,504.70001220703125,504.70001220703125,35600
2023-06-16 12:42:00+09:00,504.8999938964844,505.1000061035156,504.79998779296875,505.0,505.0,230000
2023-06-16 12:43:00+09:00,505.20001220703125,506.20001220703125,505.0,505.8999938964844,505.8999938964844,665400
2023-06-16 12:44:00+09:00,506.0,506.20001220703125,505.5,505.6000061035156,505.6000061035156,110900
2023-06-16 12:45:00+09:00,505.70001220703125,505.70001220703125,505.1000061035156,505.6000061035156,505.6000061035156,76900
2023-06-16 12:46:00+09:00,505.70001220703125,505.79998779296875,505.5,505.6000061035156,505.6000061035156,21000
2023-06-16 12:47:00+09:00,505.6000061035156,505.8999938964844,505.29998779296875,505.5,505.5,78500
2023-06-16 12:48:00+09:00,505.79998779296875,505.8999938964844,505.5,505.70001220703125,505.70001220703125,39900
2023-06-16 12:49:00+09:00,505.5,505.8999938964844,505.5,505.79998779296875,505.79998779296875,88900
2023-06-16 12:50:00+09:00,505.79998779296875,506.29998779296875,505.79998779296875,505.79998779296875,505.79998779296875,175300
2023-06-16 12:51:00+09:00,505.70001220703125,505.79998779296875,505.5,505.5,505.5,69400
2023-06-16 12:52:00+09:00,505.6000061035156,505.6000061035156,505.29998779296875,505.5,505.5,43100
2023-06-16 12:53:00+09:00,505.5,505.79998779296875,505.5,505.6000061035156,505.6000061035156,20100
2023-06-16 12:54:00+09:00,505.5,505.8999938964844,505.5,505.70001220703125,505.70001220703125,35300
2023-06-16 12:55:00+09:00,505.70001220703125,506.20001220703125,505.70001220703125,506.20001220703125,506.20001220703125,205600
2023-06-16 12:56:00+09:00,506.20001220703125,506.20001220703125,505.79998779296875,506.0,506.0,124900
2023-06-16 12:57:00+09:00,506.1000061035156,506.20001220703125,505.8999938964844,506.1000061035156,506.1000061035156,23100
2023-06-16 12:58:00+09:00,506.0,506.3999938964844,506.0,506.20001220703125,506.20001220703125,228700
2023-06-16 12:59:00+09:00,506.20001220703125,506.20001220703125,505.70001220703125,505.8999938964844,505.8999938964844,111400
2023-06-16 13:00:00+09:00,506.0,506.70001220703125,505.8999938964844,506.70001220703125,506.70001220703125,201100
2023-06-16 13:01:00+09:00,506.6000061035156,507.20001220703125,506.3999938964844,506.6000061035156,506.6000061035156,586200
2023-06-16 13:02:00+09:00,506.70001220703125,506.79998779296875,506.5,506.6000061035156,506.6000061035156,25200
2023-06-16 13:03:00+09:00,506.5,506.6000061035156,506.29998779296875,506.3999938964844,506.3999938964844,69800
2023-06-16 13:04:00+09:00,506.29998779296875,506.8999938964844,506.29998779296875,506.6000061035156,506.6000061035156,31200
2023-06-16 13:05:00+09:00,506.6000061035156,506.79998779296875,506.20001220703125,506.29998779296875,506.29998779296875,87800
2023-06-16 13:06:00+09:00,506.20001220703125,506.3999938964844,506.0,506.20001220703125,506.20001220703125,55600
2023-06-16 13:07:00+09:00,506.29998779296875,506.70001220703125,506.1000061035156,506.70001220703125,506.70001220703125,54700
2023-06-16 13:08:00+09:00,506.5,506.5,506.3999938964844,506.5,506.5,28100
2023-06-16 13:09:00+09:00,506.29998779296875,507.20001220703125,506.29998779296875,506.8999938964844,506.8999938964844,154800
2023-06-16 13:10:00+09:00,506.79998779296875,506.8999938964844,506.29998779296875,506.6000061035156,506.6000061035156,40400
2023-06-16 13:11:00+09:00,506.6000061035156,506.70001220703125,506.5,506.6000061035156,506.6000061035156,10400
2023-06-16 13:12:00+09:00,506.6000061035156,506.70001220703125,506.3999938964844,506.6000061035156,506.6000061035156,21200
2023-06-16 13:13:00+09:00,506.79998779296875,507.0,506.6000061035156,506.79998779296875,506.79998779296875,58100
2023-06-16 13:14:00+09:00,506.8999938964844,506.8999938964844,506.29998779296875,506.29998779296875,506.29998779296875,32700
2023-06-16 13:15:00+09:00,506.3999938964844,506.6000061035156,506.3999938964844,506.5,506.5,37000
2023-06-16 13:16:00+09:00,506.70001220703125,507.0,506.70001220703125,506.8999938964844,506.8999938964844,51400
2023-06-16 13:17:00+09:00,506.70001220703125,506.70001220703125,506.3999938964844,506.3999938964844,506.3999938964844,38500
2023-06-16 13:18:00+09:00,506.3999938964844,506.70001220703125,506.3999938964844,506.70001220703125,506.70001220703125,26800
2023-06-16 13:19:00+09:00,506.70001220703125,506.79998779296875,506.20001220703125,506.29998779296875,506.29998779296875,114200
2023-06-16 13:20:00+09:00,506.20001220703125,506.3999938964844,506.1000061035156,506.29998779296875,506.29998779296875,27300
2023-06-16 13:21:00+09:00,506.29998779296875,506.29998779296875,505.6000061035156,505.8999938964844,505.8999938964844,100400
2023-06-16 13:22:00+09:00,506.1000061035156,506.1000061035156,505.79998779296875,506.0,506.0,20900
2023-06-16 13:23:00+09:00,506.1000061035156,506.20001220703125,505.8999938964844,506.0,506.0,18400
2023-06-16 13:24:00+09:00,506.0,506.20001220703125,505.79998779296875,506.20001220703125,506.20001220703125,29500
2023-06-16 13:25:00+09:00,506.1000061035156,506.5,506.0,506.3999938964844,506.3999938964844,83300
2023-06-16 13:26:00+09:00,506.3999938964844,506.5,506.20001220703125,506.3999938964844,506.3999938964844,49500
2023-06-16 13:27:00+09:00,506.29998779296875,506.5,506.20001220703125,506.3999938964844,506.3999938964844,11500
2023-06-16 13:28:00+09:00,506.3999938964844,506.3999938964844,506.1000061035156,506.3999938964844,506.3999938964844,47700
2023-06-16 13:29:00+09:00,506.3999938964844,506.3999938964844,506.1000061035156,506.1000061035156,506.1000061035156,6200
2023-06-16 13:30:00+09:00,506.29998779296875,507.0,506.20001220703125,506.70001220703125,506.70001220703125,296900
2023-06-16 13:31:00+09:00,506.79998779296875,507.29998779296875,506.79998779296875,507.1000061035156,507.1000061035156,247200
2023-06-16 13:32:00+09:00,507.1000061035156,508.29998779296875,507.1000061035156,508.29998779296875,508.29998779296875,623100
2023-06-16 13:33:00+09:00,508.1000061035156,508.5,507.79998779296875,507.79998779296875,507.79998779296875,73800
2023-06-16 13:34:00+09:00,507.70001220703125,508.0,507.70001220703125,507.79998779296875,507.79998779296875,14100
2023-06-16 13:35:00+09:00,507.79998779296875,508.6000061035156,507.79998779296875,508.20001220703125,508.20001220703125,184200
2023-06-16 13:36:00+09:00,508.1000061035156,508.29998779296875,507.70001220703125,508.0,508.0,51500
2023-06-16 13:37:00+09:00,507.8999938964844,508.20001220703125,507.8999938964844,508.1000061035156,508.1000061035156,34700
2023-06-16 13:38:00+09:00,508.20001220703125,508.20001220703125,507.8999938964844,508.1000061035156,508.1000061035156,44800
2023-06-16 13:39:00+09:00,508.0,508.0,507.6000061035156,507.79998779296875,507.79998779296875,55700
2023-06-16 13:40:00+09:00,507.79998779296875,508.0,507.79998779296875,507.79998779296875,507.79998779296875,14500
2023-06-16 13:41:00+09:00,507.8999938964844,508.0,507.6000061035156,507.6000061035156,507.6000061035156,125700
2023-06-16 13:42:00+09:00,507.70001220703125,508.0,507.5,507.5,507.5,29000
2023-06-16 13:43:00+09:00,507.5,507.5,507.3999938964844,507.3999938964844,507.3999938964844,14000
2023-06-16 13:44:00+09:00,507.3999938964844,508.0,507.3999938964844,507.79998779296875,507.79998779296875,44000
2023-06-16 13:45:00+09:00,507.79998779296875,508.0,507.79998779296875,508.0,508.0,14400
2023-06-16 13:46:00+09:00,507.8999938964844,508.1000061035156,507.6000061035156,507.79998779296875,507.79998779296875,60400
2023-06-16 13:47:00+09:00,507.6000061035156,507.79998779296875,507.3999938964844,507.3999938964844,507.3999938964844,28900
2023-06-16 13:48:00+09:00,507.29998779296875,507.6000061035156,506.79998779296875,506.8999938964844,506.8999938964844,76400
2023-06-16 13:49:00+09:00,506.8999938964844,506.8999938964844,506.6000061035156,506.70001220703125,506.70001220703125,29400
2023-06-16 13:50:00+09:00,507.0,507.0,506.6000061035156,506.8999938964844,506.8999938964844,25500
2023-06-16 13:51:00+09:00,506.8999938964844,507.29998779296875,506.8999938964844,507.20001220703125,507.20001220703125,182000
2023-06-16 13:52:00+09:00,507.20001220703125,507.6000061035156,507.1000061035156,507.20001220703125,507.20001220703125,72800
2023-06-16 13:53:00+09:00,507.20001220703125,507.29998779296875,507.0,507.29998779296875,507.29998779296875,24100
2023-06-16 13:54:00+09:00,507.29998779296875,507.29998779296875,506.79998779296875,507.0,507.0,31200
2023-06-16 13:55:00+09:00,507.0,507.1000061035156,506.8999938964844,507.0,507.0,45400
2023-06-16 13:56:00+09:00,506.8999938964844,507.0,506.70001220703125,506.8999938964844,506.8999938964844,31400
2023-06-16 13:57:00+09:00,506.70001220703125,507.1000061035156,506.70001220703125,506.79998779296875,506.79998779296875,96400
2023-06-16 13:58:00+09:00,507.0,507.1000061035156,506.79998779296875,506.8999938964844,506.8999938964844,28500
2023-06-16 13:59:00+09:00,506.79998779296875,507.6000061035156,506.79998779296875,507.5,507.5,39700
2023-06-16 14:00:00+09:00,507.3999938964844,507.79998779296875,507.3999938964844,507.79998779296875,507.79998779296875,64900
2023-06-16 14:01:00+09:00,507.79998779296875,507.8999938964844,507.6000061035156,507.79998779296875,507.79998779296875,48000
2023-06-16 14:02:00+09:00,507.79998779296875,508.20001220703125,507.6000061035156,508.20001220703125,508.20001220703125,217500
2023-06-16 14:03:00+09:00,508.0,508.0,507.70001220703125,507.70001220703125,507.70001220703125,30600
2023-06-16 14:04:00+09:00,507.6000061035156,507.70001220703125,507.5,507.5,507.5,16700
2023-06-16 14:05:00+09:00,507.5,507.5,507.20001220703125,507.20001220703125,507.20001220703125,57200
2023-06-16 14:06:00+09:00,507.20001220703125,507.29998779296875,507.1000061035156,507.29998779296875,507.29998779296875,35800
2023-06-16 14:07:00+09:00,507.3999938964844,507.6000061035156,507.20001220703125,507.29998779296875,507.29998779296875,44500
2023-06-16 14:08:00+09:00,507.20001220703125,507.3999938964844,507.0,507.0,507.0,57700
2023-06-16 14:09:00+09:00,507.1000061035156,507.29998779296875,507.0,507.29998779296875,507.29998779296875,32500
2023-06-16 14:10:00+09:00,507.29998779296875,507.29998779296875,506.79998779296875,507.29998779296875,507.29998779296875,75800
2023-06-16 14:11:00+09:00,507.20001220703125,507.20001220703125,507.0,507.0,507.0,12500
2023-06-16 14:12:00+09:00,507.0,507.0,507.0,507.0,507.0,700
2023-06-16 14:13:00+09:00,507.0,507.3999938964844,507.0,507.29998779296875,507.29998779296875,67900
2023-06-16 14:14:00+09:00,507.20001220703125,507.20001220703125,506.70001220703125,506.8999938964844,506.8999938964844,70700
2023-06-16 14:15:00+09:00,506.8999938964844,506.8999938964844,506.79998779296875,506.8999938964844,506.8999938964844,10900
2023-06-16 14:16:00+09:00,506.79998779296875,506.79998779296875,506.70001220703125,506.79998779296875,506.79998779296875,14400
2023-06-16 14:17:00+09:00,506.8999938964844,507.20001220703125,506.70001220703125,507.1000061035156,507.1000061035156,43400
2023-06-16 14:18:00+09:00,507.1000061035156,507.29998779296875,507.1000061035156,507.29998779296875,507.29998779296875,25400
2023-06-16 14:19:00+09:00,507.5,507.5,507.20001220703125,507.29998779296875,507.29998779296875,26900
2023-06-16 14:20:00+09:00,507.5,507.70001220703125,507.3999938964844,507.5,507.5,44700
2023-06-16 14:21:00+09:00,507.70001220703125,507.79998779296875,507.5,507.5,507.5,27900
2023-06-16 14:22:00+09:00,507.6000061035156,507.70001220703125,507.6000061035156,507.6000061035156,507.6000061035156,13200
2023-06-16 14:23:00+09:00,507.70001220703125,507.70001220703125,507.6000061035156,507.70001220703125,507.70001220703125,22000
2023-06-16 14:24:00+09:00,507.70001220703125,507.79998779296875,507.5,507.5,507.5,34100
2023-06-16 14:25:00+09:00,507.6000061035156,508.0,507.5,508.0,508.0,128200
2023-06-16 14:26:00+09:00,508.0,508.1000061035156,507.8999938964844,508.0,508.0,86200
2023-06-16 14:27:00+09:00,508.1000061035156,508.1000061035156,507.6000061035156,507.79998779296875,507.79998779296875,70200
2023-06-16 14:28:00+09:00,507.70001220703125,507.8999938964844,507.70001220703125,507.8999938964844,507.8999938964844,17600
2023-06-16 14:29:00+09:00,508.0,508.1000061035156,507.79998779296875,508.0,508.0,79500
2023-06-16 14:30:00+09:00,508.1000061035156,508.20001220703125,507.79998779296875,508.1000061035156,508.1000061035156,46500
2023-06-16 14:31:00+09:00,508.0,508.0,507.6000061035156,507.6000061035156,507.6000061035156,35700
2023-06-16 14:32:00+09:00,507.70001220703125,508.0,507.5,507.79998779296875,507.79998779296875,67800
2023-06-16 14:33:00+09:00,508.0,508.1000061035156,507.79998779296875,508.1000061035156,508.1000061035156,73000
2023-06-16 14:34:00+09:00,508.1000061035156,508.20001220703125,508.0,508.1000061035156,508.1000061035156,77200
2023-06-16 14:35:00+09:00,508.20001220703125,508.20001220703125,507.79998779296875,507.79998779296875,507.79998779296875,64100
2023-06-16 14:36:00+09:00,507.79998779296875,507.79998779296875,507.6000061035156,507.6000061035156,507.6000061035156,48300
2023-06-16 14:37:00+09:00,507.6000061035156,507.6000061035156,507.1000061035156,507.20001220703125,507.20001220703125,99700
2023-06-16 14:38:00+09:00,507.3999938964844,507.5,507.20001220703125,507.3999938964844,507.3999938964844,31200
2023-06-16 14:39:00+09:00,507.3999938964844,507.6000061035156,507.3999938964844,507.6000061035156,507.6000061035156,17600
2023-06-16 14:40:00+09:00,507.3999938964844,507.8999938964844,507.3999938964844,507.79998779296875,507.79998779296875,45600
2023-06-16 14:41:00+09:00,507.79998779296875,508.0,507.79998779296875,507.8999938964844,507.8999938964844,49100
2023-06-16 14:42:00+09:00,507.8999938964844,507.8999938964844,507.5,507.79998779296875,507.79998779296875,116700
2023-06-16 14:43:00+09:00,507.70001220703125,507.8999938964844,507.6000061035156,507.79998779296875,507.79998779296875,33500
2023-06-16 14:44:00+09:00,507.70001220703125,507.79998779296875,507.5,507.79998779296875,507.79998779296875,46900
2023-06-16 14:45:00+09:00,507.70001220703125,507.79998779296875,507.29998779296875,507.3999938964844,507.3999938964844,93800
2023-06-16 14:46:00+09:00,507.3999938964844,507.3999938964844,506.8999938964844,506.8999938964844,506.8999938964844,136300
2023-06-16 14:47:00+09:00,506.8999938964844,507.1000061035156,506.79998779296875,507.0,507.0,129100
2023-06-16 14:48:00+09:00,506.79998779296875,507.0,506.5,506.8999938964844,506.8999938964844,169200
2023-06-16 14:49:00+09:00,506.79998779296875,507.0,506.6000061035156,506.79998779296875,506.79998779296875,117100
2023-06-16 14:50:00+09:00,506.8999938964844,507.0,506.70001220703125,506.8999938964844,506.8999938964844,94700
2023-06-16 14:51:00+09:00,507.0,507.0,506.70001220703125,506.79998779296875,506.79998779296875,75100
2023-06-16 14:52:00+09:00,506.79998779296875,506.8999938964844,506.6000061035156,506.6000061035156,506.6000061035156,105900
2023-06-16 14:53:00+09:00,506.6000061035156,507.20001220703125,506.6000061035156,507.20001220703125,507.20001220703125,208500
2023-06-16 14:54:00+09:00,507.20001220703125,507.29998779296875,507.1000061035156,507.20001220703125,507.20001220703125,36000
2023-06-16 14:55:00+09:00,507.29998779296875,507.29998779296875,507.1000061035156,507.20001220703125,507.20001220703125,56500
2023-06-16 14:56:00+09:00,507.1000061035156,507.29998779296875,506.8999938964844,507.29998779296875,507.29998779296875,258200
2023-06-16 14:57:00+09:00,507.29998779296875,507.5,507.1000061035156,507.29998779296875,507.29998779296875,149000
2023-06-16 14:58:00+09:00,507.29998779296875,507.3999938964844,507.1000061035156,507.29998779296875,507.29998779296875,68200
2023-06-16 14:59:00+09:00,507.29998779296875,507.6000061035156,507.0,507.20001220703125,507.20001220703125,251100
