Datetime,Open,High,Low,Close,Adj Close,Volume
2023-10-17 09:00:00+09:00,5321.0,5355.0,5321.0,5353.0,5353.0,0
2023-10-17 09:01:00+09:00,5353.0,5357.0,5346.0,5352.0,5352.0,9800
2023-10-17 09:02:00+09:00,5353.0,5355.0,5348.0,5354.0,5354.0,3400
2023-10-17 09:03:00+09:00,5355.0,5368.0,5355.0,5361.0,5361.0,19700
2023-10-17 09:04:00+09:00,5360.0,5367.0,5360.0,5362.0,5362.0,2400
2023-10-17 09:05:00+09:00,5362.0,5368.0,5361.0,5368.0,5368.0,2600
2023-10-17 09:06:00+09:00,5368.0,5374.0,5367.0,5370.0,5370.0,5000
2023-10-17 09:07:00+09:00,5370.0,5372.0,5365.0,5367.0,5367.0,6200
2023-10-17 09:08:00+09:00,5365.0,5368.0,5359.0,5362.0,5362.0,4800
2023-10-17 09:09:00+09:00,5361.0,5363.0,5359.0,5360.0,5360.0,1600
2023-10-17 09:10:00+09:00,5360.0,5360.0,5355.0,5357.0,5357.0,2100
2023-10-17 09:11:00+09:00,5360.0,5362.0,5358.0,5361.0,5361.0,1000
2023-10-17 09:12:00+09:00,5363.0,5366.0,5363.0,5364.0,5364.0,2100
2023-10-17 09:13:00+09:00,5363.0,5365.0,5363.0,5365.0,5365.0,500
2023-10-17 09:14:00+09:00,5365.0,5369.0,5365.0,5368.0,5368.0,1900
2023-10-17 09:15:00+09:00,5369.0,5373.0,5369.0,5373.0,5373.0,2600
2023-10-17 09:16:00+09:00,5372.0,5372.0,5369.0,5370.0,5370.0,1000
2023-10-17 09:17:00+09:00,5370.0,5373.0,5369.0,5373.0,5373.0,1500
2023-10-17 09:18:00+09:00,5373.0,5375.0,5372.0,5373.0,5373.0,3700
2023-10-17 09:19:00+09:00,5374.0,5374.0,5371.0,5372.0,5372.0,300
2023-10-17 09:20:00+09:00,5372.0,5372.0,5368.0,5369.0,5369.0,1700
2023-10-17 09:21:00+09:00,5368.0,5368.0,5366.0,5366.0,5366.0,2300
2023-10-17 09:22:00+09:00,5367.0,5368.0,5364.0,5366.0,5366.0,2500
2023-10-17 09:23:00+09:00,5367.0,5367.0,5365.0,5365.0,5365.0,600
2023-10-17 09:24:00+09:00,5365.0,5369.0,5365.0,5369.0,5369.0,1900
2023-10-17 09:25:00+09:00,5370.0,5378.0,5370.0,5378.0,5378.0,4200
2023-10-17 09:26:00+09:00,5378.0,5382.0,5378.0,5382.0,5382.0,4500
2023-10-17 09:27:00+09:00,5382.0,5383.0,5381.0,5381.0,5381.0,1000
2023-10-17 09:28:00+09:00,5380.0,5384.0,5380.0,5384.0,5384.0,2800
2023-10-17 09:29:00+09:00,5385.0,5387.0,5384.0,5384.0,5384.0,1800
2023-10-17 09:30:00+09:00,5386.0,5387.0,5385.0,5387.0,5387.0,600
2023-10-17 09:31:00+09:00,5385.0,5385.0,5379.0,5379.0,5379.0,1700
2023-10-17 09:32:00+09:00,5379.0,5379.0,5374.0,5374.0,5374.0,1500
2023-10-17 09:33:00+09:00,5376.0,5378.0,5374.0,5374.0,5374.0,2800
2023-10-17 09:34:00+09:00,5375.0,5376.0,5375.0,5376.0,5376.0,200
2023-10-17 09:35:00+09:00,5376.0,5377.0,5373.0,5373.0,5373.0,2200
2023-10-17 09:36:00+09:00,5372.0,5373.0,5370.0,5370.0,5370.0,2000
2023-10-17 09:37:00+09:00,5370.0,5382.0,5370.0,5375.0,5375.0,6800
2023-10-17 09:38:00+09:00,5376.0,5377.0,5375.0,5377.0,5377.0,1500
2023-10-17 09:39:00+09:00,5378.0,5378.0,5378.0,5378.0,5378.0,300
2023-10-17 09:40:00+09:00,5376.0,5376.0,5373.0,5373.0,5373.0,800
2023-10-17 09:41:00+09:00,5375.0,5375.0,5373.0,5373.0,5373.0,1100
2023-10-17 09:43:00+09:00,5372.0,5372.0,5370.0,5370.0,5370.0,3900
2023-10-17 09:44:00+09:00,5370.0,5371.0,5369.0,5370.0,5370.0,3700
2023-10-17 09:45:00+09:00,5372.0,5372.0,5370.0,5370.0,5370.0,1600
2023-10-17 09:46:00+09:00,5369.0,5372.0,5367.0,5372.0,5372.0,1500
2023-10-17 09:47:00+09:00,5370.0,5373.0,5370.0,5373.0,5373.0,500
2023-10-17 09:48:00+09:00,5373.0,5375.0,5373.0,5375.0,5375.0,600
2023-10-17 09:49:00+09:00,5372.0,5373.0,5372.0,5373.0,5373.0,900
2023-10-17 09:50:00+09:00,5372.0,5372.0,5372.0,5372.0,5372.0,200
2023-10-17 09:51:00+09:00,5371.0,5372.0,5370.0,5372.0,5372.0,1700
2023-10-17 09:52:00+09:00,5372.0,5372.0,5369.0,5369.0,5369.0,1900
2023-10-17 09:53:00+09:00,5370.0,5370.0,5367.0,5367.0,5367.0,1400
2023-10-17 09:54:00+09:00,5368.0,5370.0,5367.0,5367.0,5367.0,2100
2023-10-17 09:55:00+09:00,5366.0,5367.0,5366.0,5367.0,5367.0,200
2023-10-17 10:05:00+09:00,5357.0,5357.0,5357.0,5357.0,5357.0,0
2023-10-17 10:06:00+09:00,5358.0,5359.0,5358.0,5358.0,5358.0,195700
2023-10-17 10:07:00+09:00,5357.0,5357.0,5357.0,5357.0,5357.0,400
2023-10-17 10:08:00+09:00,5358.0,5359.0,5357.0,5357.0,5357.0,600
2023-10-17 10:09:00+09:00,5356.0,5359.0,5356.0,5358.0,5358.0,3500
2023-10-17 10:10:00+09:00,5358.0,5359.0,5355.0,5355.0,5355.0,1900
2023-10-17 10:11:00+09:00,5355.0,5357.0,5354.0,5356.0,5356.0,2600
2023-10-17 10:12:00+09:00,5356.0,5357.0,5355.0,5357.0,5357.0,400
2023-10-17 10:13:00+09:00,5356.0,5358.0,5356.0,5357.0,5357.0,900
2023-10-17 10:14:00+09:00,5357.0,5359.0,5355.0,5355.0,5355.0,4800
2023-10-17 10:15:00+09:00,5355.0,5358.0,5355.0,5358.0,5358.0,700
2023-10-17 10:16:00+09:00,5358.0,5358.0,5356.0,5356.0,5356.0,400
2023-10-17 10:17:00+09:00,5356.0,5357.0,5356.0,5357.0,5357.0,600
2023-10-17 10:18:00+09:00,5356.0,5357.0,5355.0,5355.0,5355.0,800
2023-10-17 10:19:00+09:00,5355.0,5355.0,5355.0,5355.0,5355.0,200
2023-10-17 10:20:00+09:00,5356.0,5358.0,5355.0,5358.0,5358.0,900
2023-10-17 10:21:00+09:00,5358.0,5358.0,5355.0,5355.0,5355.0,300
2023-10-17 10:22:00+09:00,5356.0,5357.0,5355.0,5355.0,5355.0,2000
2023-10-17 10:23:00+09:00,5357.0,5357.0,5356.0,5356.0,5356.0,200
2023-10-17 10:24:00+09:00,5358.0,5359.0,5356.0,5357.0,5357.0,1100
2023-10-17 10:25:00+09:00,5358.0,5360.0,5356.0,5356.0,5356.0,1000
2023-10-17 10:26:00+09:00,5355.0,5355.0,5353.0,5355.0,5355.0,1800
2023-10-17 10:27:00+09:00,5354.0,5354.0,5353.0,5353.0,5353.0,500
2023-10-17 10:28:00+09:00,5352.0,5352.0,5351.0,5352.0,5352.0,800
2023-10-17 10:29:00+09:00,5354.0,5356.0,5353.0,5353.0,5353.0,1200
2023-10-17 10:30:00+09:00,5353.0,5353.0,5352.0,5352.0,5352.0,600
2023-10-17 10:31:00+09:00,5351.0,5351.0,5347.0,5349.0,5349.0,2500
2023-10-17 10:32:00+09:00,5349.0,5349.0,5348.0,5349.0,5349.0,400
2023-10-17 10:33:00+09:00,5348.0,5350.0,5344.0,5344.0,5344.0,2400
2023-10-17 10:34:00+09:00,5344.0,5345.0,5343.0,5345.0,5345.0,800
2023-10-17 10:35:00+09:00,5344.0,5349.0,5344.0,5347.0,5347.0,3000
2023-10-17 10:36:00+09:00,5348.0,5352.0,5348.0,5352.0,5352.0,1100
2023-10-17 10:37:00+09:00,5350.0,5350.0,5347.0,5347.0,5347.0,900
2023-10-17 10:38:00+09:00,5345.0,5348.0,5344.0,5348.0,5348.0,2000
2023-10-17 10:39:00+09:00,5347.0,5347.0,5346.0,5346.0,5346.0,800
2023-10-17 10:40:00+09:00,5345.0,5345.0,5345.0,5345.0,5345.0,200
2023-10-17 10:41:00+09:00,5344.0,5346.0,5344.0,5345.0,5345.0,2700
2023-10-17 10:42:00+09:00,5345.0,5346.0,5345.0,5345.0,5345.0,700
2023-10-17 10:43:00+09:00,5343.0,5343.0,5343.0,5343.0,5343.0,400
2023-10-17 10:44:00+09:00,5343.0,5343.0,5343.0,5343.0,5343.0,1000
2023-10-17 10:45:00+09:00,5343.0,5343.0,5341.0,5341.0,5341.0,900
2023-10-17 10:46:00+09:00,5341.0,5344.0,5341.0,5343.0,5343.0,900
2023-10-17 10:48:00+09:00,5345.0,5345.0,5344.0,5344.0,5344.0,1500
2023-10-17 10:49:00+09:00,5345.0,5345.0,5345.0,5345.0,5345.0,100
2023-10-17 10:50:00+09:00,5345.0,5348.0,5344.0,5348.0,5348.0,1800
2023-10-17 10:51:00+09:00,5348.0,5352.0,5348.0,5350.0,5350.0,7200
2023-10-17 10:52:00+09:00,5348.0,5353.0,5348.0,5353.0,5353.0,3600
2023-10-17 10:53:00+09:00,5352.0,5353.0,5352.0,5353.0,5353.0,1500
2023-10-17 10:54:00+09:00,5353.0,5353.0,5351.0,5351.0,5351.0,700
2023-10-17 10:55:00+09:00,5352.0,5355.0,5352.0,5355.0,5355.0,700
2023-10-17 10:56:00+09:00,5355.0,5355.0,5355.0,5355.0,5355.0,600
2023-10-17 10:57:00+09:00,5355.0,5355.0,5353.0,5353.0,5353.0,1000
2023-10-17 10:58:00+09:00,5352.0,5354.0,5352.0,5354.0,5354.0,400
2023-10-17 10:59:00+09:00,5352.0,5354.0,5352.0,5353.0,5353.0,2000
2023-10-17 11:00:00+09:00,5353.0,5353.0,5349.0,5352.0,5352.0,2300
2023-10-17 11:01:00+09:00,5352.0,5352.0,5352.0,5352.0,5352.0,300
2023-10-17 11:02:00+09:00,5351.0,5352.0,5351.0,5352.0,5352.0,500
2023-10-17 11:03:00+09:00,5351.0,5352.0,5349.0,5351.0,5351.0,3600
2023-10-17 11:04:00+09:00,5350.0,5350.0,5348.0,5348.0,5348.0,600
2023-10-17 11:05:00+09:00,5349.0,5350.0,5349.0,5349.0,5349.0,1000
2023-10-17 11:06:00+09:00,5348.0,5348.0,5347.0,5348.0,5348.0,1100
2023-10-17 11:07:00+09:00,5349.0,5349.0,5344.0,5344.0,5344.0,2200
2023-10-17 11:08:00+09:00,5345.0,5345.0,5341.0,5344.0,5344.0,3900
2023-10-17 11:09:00+09:00,5343.0,5343.0,5338.0,5338.0,5338.0,3900
2023-10-17 11:10:00+09:00,5338.0,5342.0,5338.0,5342.0,5342.0,4000
2023-10-17 11:11:00+09:00,5343.0,5347.0,5343.0,5347.0,5347.0,1300
2023-10-17 11:12:00+09:00,5348.0,5353.0,5348.0,5353.0,5353.0,2500
2023-10-17 11:13:00+09:00,5352.0,5353.0,5352.0,5353.0,5353.0,1100
2023-10-17 11:14:00+09:00,5353.0,5356.0,5353.0,5355.0,5355.0,1100
2023-10-17 11:15:00+09:00,5355.0,5357.0,5355.0,5357.0,5357.0,1300
2023-10-17 11:16:00+09:00,5357.0,5358.0,5356.0,5356.0,5356.0,1200
2023-10-17 11:18:00+09:00,5357.0,5357.0,5356.0,5356.0,5356.0,300
2023-10-17 11:19:00+09:00,5358.0,5358.0,5356.0,5356.0,5356.0,1400
2023-10-17 11:20:00+09:00,5356.0,5358.0,5356.0,5358.0,5358.0,900
2023-10-17 11:21:00+09:00,5358.0,5358.0,5358.0,5358.0,5358.0,100
2023-10-17 11:22:00+09:00,5359.0,5359.0,5358.0,5358.0,5358.0,500
2023-10-17 11:23:00+09:00,5359.0,5361.0,5359.0,5361.0,5361.0,6100
2023-10-17 11:24:00+09:00,5360.0,5361.0,5358.0,5358.0,5358.0,1600
2023-10-17 11:25:00+09:00,5360.0,5360.0,5358.0,5358.0,5358.0,600
2023-10-17 11:26:00+09:00,5359.0,5359.0,5357.0,5357.0,5357.0,900
2023-10-17 11:27:00+09:00,5356.0,5356.0,5354.0,5354.0,5354.0,900
2023-10-17 11:28:00+09:00,5355.0,5355.0,5355.0,5355.0,5355.0,100
2023-10-17 11:29:00+09:00,5354.0,5356.0,5354.0,5354.0,5354.0,500
2023-10-17 11:30:00+09:00,5353.0,5353.0,5353.0,5353.0,5353.0,2100
2023-10-17 11:35:00+09:00,5353.0,5353.0,5353.0,5353.0,5353.0,0
2023-10-17 12:30:00+09:00,5357.0,5359.0,5352.0,5352.0,5352.0,327400
2023-10-17 12:31:00+09:00,5353.0,5354.0,5352.0,5352.0,5352.0,500
2023-10-17 12:41:00+09:00,5364.0,5364.0,5364.0,5364.0,5364.0,0
2023-10-17 12:42:00+09:00,5364.0,5365.0,5364.0,5365.0,5365.0,348200
2023-10-17 12:43:00+09:00,5365.0,5366.0,5361.0,5362.0,5362.0,1300
2023-10-17 12:44:00+09:00,5361.0,5361.0,5358.0,5358.0,5358.0,2300
2023-10-17 12:45:00+09:00,5358.0,5358.0,5356.0,5357.0,5357.0,700
2023-10-17 12:46:00+09:00,5356.0,5356.0,5350.0,5350.0,5350.0,1500
2023-10-17 12:47:00+09:00,5351.0,5355.0,5351.0,5354.0,5354.0,2000
2023-10-17 12:48:00+09:00,5355.0,5358.0,5352.0,5353.0,5353.0,4500
2023-10-17 12:49:00+09:00,5355.0,5356.0,5355.0,5355.0,5355.0,700
2023-10-17 12:50:00+09:00,5355.0,5357.0,5355.0,5357.0,5357.0,1600
2023-10-17 12:51:00+09:00,5356.0,5357.0,5356.0,5357.0,5357.0,800
2023-10-17 12:52:00+09:00,5358.0,5362.0,5358.0,5361.0,5361.0,2200
2023-10-17 12:54:00+09:00,5362.0,5362.0,5361.0,5361.0,5361.0,1100
2023-10-17 12:55:00+09:00,5363.0,5363.0,5363.0,5363.0,5363.0,500
2023-10-17 12:56:00+09:00,5364.0,5364.0,5363.0,5363.0,5363.0,1200
2023-10-17 12:57:00+09:00,5363.0,5363.0,5363.0,5363.0,5363.0,200
2023-10-17 12:58:00+09:00,5364.0,5364.0,5364.0,5364.0,5364.0,200
2023-10-17 12:59:00+09:00,5364.0,5367.0,5364.0,5366.0,5366.0,3400
2023-10-17 13:00:00+09:00,5366.0,5367.0,5364.0,5364.0,5364.0,2000
2023-10-17 13:01:00+09:00,5362.0,5364.0,5362.0,5363.0,5363.0,1100
2023-10-17 13:02:00+09:00,5364.0,5364.0,5364.0,5364.0,5364.0,800
2023-10-17 13:03:00+09:00,5365.0,5365.0,5363.0,5363.0,5363.0,1800
2023-10-17 13:04:00+09:00,5365.0,5365.0,5364.0,5364.0,5364.0,400
2023-10-17 13:06:00+09:00,5364.0,5364.0,5363.0,5363.0,5363.0,800
2023-10-17 13:07:00+09:00,5363.0,5364.0,5363.0,5364.0,5364.0,800
2023-10-17 13:08:00+09:00,5363.0,5363.0,5363.0,5363.0,5363.0,200
2023-10-17 13:09:00+09:00,5363.0,5365.0,5363.0,5365.0,5365.0,1100
2023-10-17 13:10:00+09:00,5364.0,5364.0,5363.0,5363.0,5363.0,1000
2023-10-17 13:11:00+09:00,5364.0,5366.0,5364.0,5364.0,5364.0,2000
2023-10-17 13:13:00+09:00,5364.0,5364.0,5363.0,5363.0,5363.0,700
2023-10-17 13:14:00+09:00,5364.0,5365.0,5364.0,5364.0,5364.0,1500
2023-10-17 13:15:00+09:00,5365.0,5365.0,5365.0,5365.0,5365.0,200
2023-10-17 13:16:00+09:00,5363.0,5364.0,5363.0,5363.0,5363.0,800
2023-10-17 13:17:00+09:00,5363.0,5364.0,5363.0,5363.0,5363.0,500
2023-10-17 13:19:00+09:00,5363.0,5363.0,5361.0,5361.0,5361.0,800
2023-10-17 13:20:00+09:00,5361.0,5362.0,5361.0,5362.0,5362.0,700
2023-10-17 13:21:00+09:00,5363.0,5363.0,5362.0,5363.0,5363.0,900
2023-10-17 13:22:00+09:00,5361.0,5362.0,5361.0,5362.0,5362.0,600
2023-10-17 13:23:00+09:00,5362.0,5363.0,5360.0,5363.0,5363.0,1600
2023-10-17 13:24:00+09:00,5363.0,5365.0,5363.0,5364.0,5364.0,2800
2023-10-17 13:25:00+09:00,5362.0,5362.0,5361.0,5362.0,5362.0,800
2023-10-17 13:26:00+09:00,5362.0,5362.0,5362.0,5362.0,5362.0,200
2023-10-17 13:27:00+09:00,5361.0,5361.0,5360.0,5360.0,5360.0,400
2023-10-17 13:28:00+09:00,5361.0,5361.0,5361.0,5361.0,5361.0,200
2023-10-17 13:29:00+09:00,5360.0,5360.0,5359.0,5359.0,5359.0,1200
2023-10-17 13:30:00+09:00,5360.0,5360.0,5359.0,5360.0,5360.0,1000
2023-10-17 13:31:00+09:00,5360.0,5363.0,5360.0,5363.0,5363.0,2100
2023-10-17 13:32:00+09:00,5363.0,5364.0,5361.0,5361.0,5361.0,1500
2023-10-17 13:33:00+09:00,5363.0,5363.0,5363.0,5363.0,5363.0,100
2023-10-17 13:35:00+09:00,5363.0,5363.0,5361.0,5363.0,5363.0,1700
2023-10-17 13:36:00+09:00,5363.0,5364.0,5363.0,5364.0,5364.0,1000
2023-10-17 13:37:00+09:00,5365.0,5365.0,5365.0,5365.0,5365.0,1500
2023-10-17 13:38:00+09:00,5365.0,5366.0,5365.0,5365.0,5365.0,400
2023-10-17 13:39:00+09:00,5366.0,5367.0,5366.0,5367.0,5367.0,1100
2023-10-17 13:40:00+09:00,5366.0,5367.0,5366.0,5367.0,5367.0,500
2023-10-17 13:41:00+09:00,5372.0,5372.0,5372.0,5372.0,5372.0,0
2023-10-17 13:42:00+09:00,5372.0,5372.0,5372.0,5372.0,5372.0,411900
2023-10-17 13:43:00+09:00,5371.0,5371.0,5369.0,5370.0,5370.0,900
2023-10-17 13:44:00+09:00,5369.0,5369.0,5369.0,5369.0,5369.0,100
2023-10-17 13:45:00+09:00,5368.0,5368.0,5367.0,5368.0,5368.0,400
2023-10-17 13:46:00+09:00,5368.0,5369.0,5368.0,5369.0,5369.0,400
2023-10-17 13:47:00+09:00,5369.0,5369.0,5368.0,5368.0,5368.0,400
2023-10-17 13:48:00+09:00,5368.0,5371.0,5367.0,5371.0,5371.0,3000
2023-10-17 13:49:00+09:00,5371.0,5373.0,5370.0,5370.0,5370.0,2100
2023-10-17 13:50:00+09:00,5369.0,5369.0,5366.0,5366.0,5366.0,2600
2023-10-17 13:51:00+09:00,5365.0,5366.0,5364.0,5364.0,5364.0,2200
2023-10-17 13:52:00+09:00,5363.0,5363.0,5363.0,5363.0,5363.0,200
2023-10-17 13:53:00+09:00,5362.0,5362.0,5362.0,5362.0,5362.0,400
2023-10-17 13:54:00+09:00,5362.0,5362.0,5362.0,5362.0,5362.0,200
2023-10-17 13:55:00+09:00,5362.0,5362.0,5360.0,5361.0,5361.0,1900
2023-10-17 13:56:00+09:00,5360.0,5360.0,5356.0,5356.0,5356.0,800
2023-10-17 13:57:00+09:00,5358.0,5362.0,5358.0,5361.0,5361.0,3900
2023-10-17 13:58:00+09:00,5360.0,5361.0,5360.0,5361.0,5361.0,500
2023-10-17 13:59:00+09:00,5362.0,5365.0,5362.0,5364.0,5364.0,1200
2023-10-17 14:00:00+09:00,5363.0,5364.0,5363.0,5364.0,5364.0,500
2023-10-17 14:01:00+09:00,5364.0,5365.0,5364.0,5364.0,5364.0,900
2023-10-17 14:02:00+09:00,5364.0,5364.0,5364.0,5364.0,5364.0,900
2023-10-17 14:03:00+09:00,5365.0,5366.0,5363.0,5365.0,5365.0,2500
2023-10-17 14:04:00+09:00,5366.0,5366.0,5363.0,5363.0,5363.0,1100
2023-10-17 14:05:00+09:00,5364.0,5365.0,5364.0,5365.0,5365.0,400
2023-10-17 14:06:00+09:00,5366.0,5367.0,5366.0,5367.0,5367.0,700
2023-10-17 14:07:00+09:00,5367.0,5367.0,5365.0,5367.0,5367.0,1700
2023-10-17 14:08:00+09:00,5366.0,5368.0,5366.0,5366.0,5366.0,2100
2023-10-17 14:09:00+09:00,5366.0,5366.0,5366.0,5366.0,5366.0,700
2023-10-17 14:10:00+09:00,5367.0,5369.0,5367.0,5369.0,5369.0,900
2023-10-17 14:11:00+09:00,5367.0,5368.0,5367.0,5367.0,5367.0,700
2023-10-17 14:12:00+09:00,5368.0,5369.0,5368.0,5369.0,5369.0,400
2023-10-17 14:13:00+09:00,5368.0,5369.0,5368.0,5369.0,5369.0,700
2023-10-17 14:14:00+09:00,5368.0,5369.0,5368.0,5369.0,5369.0,200
2023-10-17 14:15:00+09:00,5369.0,5371.0,5369.0,5371.0,5371.0,4100
2023-10-17 14:16:00+09:00,5371.0,5371.0,5370.0,5371.0,5371.0,600
2023-10-17 14:18:00+09:00,5371.0,5371.0,5370.0,5370.0,5370.0,1100
2023-10-17 14:19:00+09:00,5370.0,5370.0,5370.0,5370.0,5370.0,200
2023-10-17 14:20:00+09:00,5371.0,5371.0,5371.0,5371.0,5371.0,700
2023-10-17 14:21:00+09:00,5372.0,5372.0,5372.0,5372.0,5372.0,1600
2023-10-17 14:22:00+09:00,5373.0,5374.0,5373.0,5373.0,5373.0,1100
2023-10-17 14:23:00+09:00,5374.0,5374.0,5371.0,5371.0,5371.0,2200
2023-10-17 14:25:00+09:00,5371.0,5371.0,5370.0,5370.0,5370.0,1600
2023-10-17 14:26:00+09:00,5369.0,5369.0,5369.0,5369.0,5369.0,100
2023-10-17 14:27:00+09:00,5370.0,5370.0,5369.0,5369.0,5369.0,600
2023-10-17 14:28:00+09:00,5370.0,5371.0,5370.0,5371.0,5371.0,600
2023-10-17 14:29:00+09:00,5372.0,5374.0,5371.0,5371.0,5371.0,2800
2023-10-17 14:30:00+09:00,5371.0,5371.0,5369.0,5369.0,5369.0,900
2023-10-17 14:31:00+09:00,5368.0,5369.0,5367.0,5369.0,5369.0,800
2023-10-17 14:32:00+09:00,5369.0,5369.0,5368.0,5368.0,5368.0,900
2023-10-17 14:33:00+09:00,5367.0,5370.0,5367.0,5368.0,5368.0,3300
2023-10-17 14:34:00+09:00,5368.0,5370.0,5368.0,5370.0,5370.0,2300
2023-10-17 14:35:00+09:00,5370.0,5370.0,5370.0,5370.0,5370.0,100
2023-10-17 14:36:00+09:00,5370.0,5370.0,5369.0,5370.0,5370.0,2400
2023-10-17 14:37:00+09:00,5371.0,5371.0,5370.0,5370.0,5370.0,200
2023-10-17 14:38:00+09:00,5370.0,5370.0,5370.0,5370.0,5370.0,300
2023-10-17 14:39:00+09:00,5371.0,5371.0,5369.0,5369.0,5369.0,900
2023-10-17 14:40:00+09:00,5370.0,5372.0,5370.0,5372.0,5372.0,2300
2023-10-17 14:41:00+09:00,5373.0,5376.0,5373.0,5376.0,5376.0,3600
2023-10-17 14:44:00+09:00,5375.0,5376.0,5375.0,5376.0,5376.0,3200
2023-10-17 14:45:00+09:00,5376.0,5377.0,5375.0,5377.0,5377.0,2400
2023-10-17 14:46:00+09:00,5377.0,5377.0,5376.0,5376.0,5376.0,300
2023-10-17 14:47:00+09:00,5377.0,5379.0,5377.0,5379.0,5379.0,2200
2023-10-17 14:48:00+09:00,5380.0,5380.0,5378.0,5379.0,5379.0,1800
2023-10-17 14:49:00+09:00,5379.0,5381.0,5379.0,5380.0,5380.0,3400
2023-10-17 14:50:00+09:00,5379.0,5381.0,5379.0,5381.0,5381.0,2200
2023-10-17 14:51:00+09:00,5381.0,5382.0,5381.0,5382.0,5382.0,2000
2023-10-17 14:52:00+09:00,5383.0,5384.0,5383.0,5384.0,5384.0,1500
2023-10-17 14:53:00+09:00,5384.0,5384.0,5384.0,5384.0,5384.0,300
2023-10-17 14:54:00+09:00,5383.0,5386.0,5382.0,5382.0,5382.0,9300
2023-10-17 14:55:00+09:00,5382.0,5383.0,5382.0,5382.0,5382.0,2900
2023-10-17 14:56:00+09:00,5383.0,5383.0,5380.0,5380.0,5380.0,3500
2023-10-17 14:57:00+09:00,5381.0,5383.0,5381.0,5381.0,5381.0,3100
2023-10-17 14:58:00+09:00,5383.0,5385.0,5382.0,5382.0,5382.0,4700
2023-10-17 14:59:00+09:00,5382.0,5386.0,5378.0,5382.0,5382.0,17000
2023-10-18 09:00:00+09:00,5411.0,5412.0,5393.0,5405.0,5405.0,65700
2023-10-18 09:01:00+09:00,5403.0,5405.0,5390.0,5390.0,5390.0,6300
2023-10-18 09:02:00+09:00,5389.0,5394.0,5386.0,5394.0,5394.0,8100
2023-10-18 09:03:00+09:00,5394.0,5395.0,5388.0,5394.0,5394.0,4900
2023-10-18 09:04:00+09:00,5392.0,5406.0,5392.0,5405.0,5405.0,9700
2023-10-18 09:05:00+09:00,5407.0,5414.0,5404.0,5412.0,5412.0,7600
2023-10-18 09:06:00+09:00,5410.0,5424.0,5407.0,5421.0,5421.0,23800
2023-10-18 09:07:00+09:00,5421.0,5421.0,5412.0,5413.0,5413.0,2500
2023-10-18 09:08:00+09:00,5411.0,5411.0,5407.0,5407.0,5407.0,600
2023-10-18 09:09:00+09:00,5406.0,5415.0,5406.0,5415.0,5415.0,5700
2023-10-18 09:10:00+09:00,5415.0,5419.0,5415.0,5418.0,5418.0,14400
2023-10-18 09:11:00+09:00,5419.0,5424.0,5419.0,5424.0,5424.0,3500
2023-10-18 09:12:00+09:00,5420.0,5420.0,5418.0,5420.0,5420.0,900
2023-10-18 09:13:00+09:00,5418.0,5419.0,5415.0,5415.0,5415.0,4300
2023-10-18 09:14:00+09:00,5414.0,5414.0,5405.0,5405.0,5405.0,2100
2023-10-18 09:15:00+09:00,5404.0,5416.0,5404.0,5415.0,5415.0,5700
2023-10-18 09:16:00+09:00,5414.0,5418.0,5414.0,5414.0,5414.0,4900
2023-10-18 09:17:00+09:00,5414.0,5421.0,5414.0,5421.0,5421.0,6100
2023-10-18 09:18:00+09:00,5421.0,5421.0,5416.0,5416.0,5416.0,3300
2023-10-18 09:19:00+09:00,5415.0,5415.0,5412.0,5414.0,5414.0,1900
2023-10-18 09:20:00+09:00,5412.0,5414.0,5410.0,5410.0,5410.0,3500
2023-10-18 09:21:00+09:00,5409.0,5410.0,5405.0,5406.0,5406.0,4800
2023-10-18 09:22:00+09:00,5406.0,5410.0,5402.0,5404.0,5404.0,3800
2023-10-18 09:23:00+09:00,5405.0,5409.0,5405.0,5409.0,5409.0,4000
2023-10-18 09:24:00+09:00,5409.0,5411.0,5408.0,5410.0,5410.0,4900
2023-10-18 09:25:00+09:00,5411.0,5412.0,5408.0,5408.0,5408.0,2000
2023-10-18 09:26:00+09:00,5408.0,5409.0,5406.0,5407.0,5407.0,2100
2023-10-18 09:27:00+09:00,5405.0,5407.0,5403.0,5407.0,5407.0,3200
2023-10-18 09:28:00+09:00,5408.0,5408.0,5406.0,5407.0,5407.0,1500
2023-10-18 09:29:00+09:00,5407.0,5407.0,5404.0,5404.0,5404.0,1000
2023-10-18 09:30:00+09:00,5402.0,5403.0,5399.0,5399.0,5399.0,4600
2023-10-18 09:31:00+09:00,5400.0,5402.0,5395.0,5397.0,5397.0,4300
2023-10-18 09:32:00+09:00,5397.0,5403.0,5397.0,5399.0,5399.0,9400
2023-10-18 09:33:00+09:00,5398.0,5399.0,5398.0,5399.0,5399.0,2300
2023-10-18 09:34:00+09:00,5400.0,5401.0,5398.0,5401.0,5401.0,4800
2023-10-18 09:35:00+09:00,5401.0,5405.0,5401.0,5404.0,5404.0,4800
2023-10-18 09:36:00+09:00,5402.0,5403.0,5400.0,5401.0,5401.0,3400
2023-10-18 09:37:00+09:00,5400.0,5402.0,5400.0,5402.0,5402.0,1400
2023-10-18 09:38:00+09:00,5403.0,5408.0,5403.0,5406.0,5406.0,4400
2023-10-18 09:39:00+09:00,5405.0,5406.0,5403.0,5406.0,5406.0,2700
2023-10-18 09:40:00+09:00,5406.0,5408.0,5406.0,5407.0,5407.0,1600
2023-10-18 09:41:00+09:00,5407.0,5409.0,5407.0,5407.0,5407.0,1700
2023-10-18 09:42:00+09:00,5407.0,5408.0,5407.0,5408.0,5408.0,200
2023-10-18 09:43:00+09:00,5407.0,5408.0,5405.0,5405.0,5405.0,2500
2023-10-18 09:44:00+09:00,5404.0,5406.0,5403.0,5403.0,5403.0,1500
2023-10-18 09:45:00+09:00,5403.0,5403.0,5401.0,5403.0,5403.0,2500
2023-10-18 09:46:00+09:00,5402.0,5403.0,5399.0,5399.0,5399.0,2200
2023-10-18 09:47:00+09:00,5399.0,5401.0,5397.0,5399.0,5399.0,2800
2023-10-18 09:48:00+09:00,5400.0,5400.0,5400.0,5400.0,5400.0,1100
2023-10-18 09:49:00+09:00,5400.0,5401.0,5399.0,5400.0,5400.0,3100
2023-10-18 09:50:00+09:00,5400.0,5402.0,5398.0,5399.0,5399.0,3400
2023-10-18 09:51:00+09:00,5399.0,5401.0,5399.0,5400.0,5400.0,2900
2023-10-18 09:52:00+09:00,5400.0,5401.0,5398.0,5399.0,5399.0,1000
2023-10-18 09:53:00+09:00,5397.0,5398.0,5396.0,5397.0,5397.0,1200
2023-10-18 09:54:00+09:00,5397.0,5403.0,5397.0,5403.0,5403.0,5100
2023-10-18 09:55:00+09:00,5402.0,5402.0,5400.0,5401.0,5401.0,1800
2023-10-18 09:56:00+09:00,5400.0,5401.0,5398.0,5399.0,5399.0,1700
2023-10-18 09:57:00+09:00,5398.0,5402.0,5395.0,5402.0,5402.0,4400
2023-10-18 09:58:00+09:00,5402.0,5403.0,5402.0,5403.0,5403.0,1400
2023-10-18 09:59:00+09:00,5403.0,5403.0,5399.0,5399.0,5399.0,1100
2023-10-18 10:00:00+09:00,5401.0,5407.0,5401.0,5406.0,5406.0,5200
2023-10-18 10:01:00+09:00,5406.0,5407.0,5406.0,5407.0,5407.0,700
2023-10-18 10:02:00+09:00,5407.0,5409.0,5405.0,5409.0,5409.0,2300
2023-10-18 10:03:00+09:00,5407.0,5407.0,5406.0,5407.0,5407.0,400
2023-10-18 10:04:00+09:00,5408.0,5411.0,5408.0,5409.0,5409.0,2900
2023-10-18 10:05:00+09:00,5410.0,5410.0,5406.0,5406.0,5406.0,2000
2023-10-18 10:06:00+09:00,5405.0,5405.0,5404.0,5404.0,5404.0,1100
2023-10-18 10:07:00+09:00,5404.0,5404.0,5404.0,5404.0,5404.0,300
2023-10-18 10:08:00+09:00,5404.0,5404.0,5402.0,5402.0,5402.0,700
2023-10-18 10:11:00+09:00,5405.0,5407.0,5405.0,5405.0,5405.0,10100
2023-10-18 10:12:00+09:00,5405.0,5407.0,5405.0,5407.0,5407.0,2300
2023-10-18 10:13:00+09:00,5408.0,5408.0,5407.0,5408.0,5408.0,600
2023-10-18 10:14:00+09:00,5408.0,5412.0,5408.0,5412.0,5412.0,6300
2023-10-18 10:15:00+09:00,5411.0,5413.0,5410.0,5413.0,5413.0,2100
2023-10-18 10:16:00+09:00,5414.0,5414.0,5412.0,5412.0,5412.0,1800
2023-10-18 10:17:00+09:00,5412.0,5412.0,5411.0,5412.0,5412.0,1200
2023-10-18 10:18:00+09:00,5411.0,5414.0,5411.0,5414.0,5414.0,1500
2023-10-18 10:19:00+09:00,5415.0,5416.0,5415.0,5416.0,5416.0,2000
2023-10-18 10:20:00+09:00,5416.0,5419.0,5416.0,5416.0,5416.0,3100
2023-10-18 10:21:00+09:00,5414.0,5414.0,5412.0,5412.0,5412.0,400
2023-10-18 10:22:00+09:00,5413.0,5413.0,5413.0,5413.0,5413.0,1200
2023-10-18 10:23:00+09:00,5414.0,5414.0,5413.0,5414.0,5414.0,1300
2023-10-18 10:24:00+09:00,5415.0,5415.0,5413.0,5413.0,5413.0,1400
2023-10-18 10:25:00+09:00,5414.0,5414.0,5413.0,5413.0,5413.0,1700
2023-10-18 10:26:00+09:00,5413.0,5416.0,5413.0,5416.0,5416.0,3200
2023-10-18 10:27:00+09:00,5416.0,5416.0,5416.0,5416.0,5416.0,100
2023-10-18 10:28:00+09:00,5415.0,5416.0,5415.0,5415.0,5415.0,900
2023-10-18 10:29:00+09:00,5415.0,5422.0,5415.0,5419.0,5419.0,6400
2023-10-18 10:30:00+09:00,5421.0,5428.0,5418.0,5427.0,5427.0,19100
2023-10-18 10:31:00+09:00,5426.0,5426.0,5424.0,5424.0,5424.0,3000
2023-10-18 10:32:00+09:00,5423.0,5425.0,5423.0,5423.0,5423.0,1200
2023-10-18 10:33:00+09:00,5422.0,5424.0,5421.0,5424.0,5424.0,2000
2023-10-18 10:34:00+09:00,5424.0,5424.0,5420.0,5423.0,5423.0,5700
2023-10-18 10:35:00+09:00,5424.0,5424.0,5422.0,5424.0,5424.0,1700
2023-10-18 10:36:00+09:00,5424.0,5425.0,5424.0,5425.0,5425.0,600
2023-10-18 10:37:00+09:00,5426.0,5426.0,5425.0,5426.0,5426.0,1300
2023-10-18 10:38:00+09:00,5425.0,5427.0,5424.0,5424.0,5424.0,800
2023-10-18 10:39:00+09:00,5424.0,5426.0,5424.0,5426.0,5426.0,1900
2023-10-18 10:40:00+09:00,5426.0,5430.0,5426.0,5427.0,5427.0,5200
2023-10-18 10:41:00+09:00,5427.0,5430.0,5427.0,5430.0,5430.0,2400
2023-10-18 10:42:00+09:00,5430.0,5430.0,5430.0,5430.0,5430.0,200
2023-10-18 10:43:00+09:00,5430.0,5431.0,5428.0,5428.0,5428.0,4000
2023-10-18 10:44:00+09:00,5427.0,5428.0,5427.0,5428.0,5428.0,600
2023-10-18 10:45:00+09:00,5428.0,5436.0,5428.0,5436.0,5436.0,7500
2023-10-18 10:46:00+09:00,5436.0,5437.0,5435.0,5436.0,5436.0,3400
2023-10-18 10:47:00+09:00,5436.0,5436.0,5435.0,5435.0,5435.0,1300
2023-10-18 10:48:00+09:00,5434.0,5436.0,5434.0,5436.0,5436.0,1100
2023-10-18 10:49:00+09:00,5437.0,5441.0,5437.0,5441.0,5441.0,4800
2023-10-18 10:50:00+09:00,5439.0,5440.0,5438.0,5440.0,5440.0,1600
2023-10-18 10:51:00+09:00,5439.0,5440.0,5439.0,5440.0,5440.0,1000
2023-10-18 10:52:00+09:00,5440.0,5440.0,5438.0,5438.0,5438.0,1300
2023-10-18 10:53:00+09:00,5438.0,5443.0,5438.0,5441.0,5441.0,10300
2023-10-18 10:54:00+09:00,5441.0,5441.0,5441.0,5441.0,5441.0,200
2023-10-18 10:55:00+09:00,5440.0,5440.0,5439.0,5439.0,5439.0,500
2023-10-18 10:56:00+09:00,5440.0,5440.0,5439.0,5439.0,5439.0,600
2023-10-18 10:57:00+09:00,5439.0,5441.0,5439.0,5440.0,5440.0,1700
2023-10-18 10:58:00+09:00,5440.0,5441.0,5439.0,5440.0,5440.0,1000
2023-10-18 10:59:00+09:00,5441.0,5443.0,5441.0,5442.0,5442.0,1900
2023-10-18 11:00:00+09:00,5443.0,5448.0,5443.0,5447.0,5447.0,4600
2023-10-18 11:01:00+09:00,5446.0,5453.0,5446.0,5450.0,5450.0,14400
2023-10-18 11:02:00+09:00,5448.0,5448.0,5445.0,5445.0,5445.0,1500
2023-10-18 11:03:00+09:00,5446.0,5448.0,5444.0,5448.0,5448.0,1500
2023-10-18 11:04:00+09:00,5448.0,5450.0,5447.0,5448.0,5448.0,2000
2023-10-18 11:05:00+09:00,5449.0,5449.0,5445.0,5445.0,5445.0,1300
2023-10-18 11:06:00+09:00,5444.0,5448.0,5443.0,5448.0,5448.0,3400
2023-10-18 11:07:00+09:00,5447.0,5447.0,5445.0,5446.0,5446.0,1800
2023-10-18 11:08:00+09:00,5444.0,5445.0,5443.0,5445.0,5445.0,3000
2023-10-18 11:09:00+09:00,5445.0,5445.0,5443.0,5443.0,5443.0,700
2023-10-18 11:10:00+09:00,5443.0,5447.0,5442.0,5446.0,5446.0,3500
2023-10-18 11:11:00+09:00,5445.0,5446.0,5444.0,5446.0,5446.0,1700
2023-10-18 11:12:00+09:00,5445.0,5445.0,5444.0,5445.0,5445.0,700
2023-10-18 11:13:00+09:00,5445.0,5445.0,5443.0,5444.0,5444.0,900
2023-10-18 11:14:00+09:00,5444.0,5444.0,5443.0,5443.0,5443.0,500
2023-10-18 11:15:00+09:00,5444.0,5445.0,5444.0,5444.0,5444.0,900
2023-10-18 11:16:00+09:00,5443.0,5444.0,5442.0,5442.0,5442.0,1900
2023-10-18 11:17:00+09:00,5441.0,5441.0,5439.0,5440.0,5440.0,700
2023-10-18 11:18:00+09:00,5441.0,5441.0,5439.0,5440.0,5440.0,1500
2023-10-18 11:19:00+09:00,5439.0,5439.0,5437.0,5437.0,5437.0,1300
2023-10-18 11:20:00+09:00,5438.0,5439.0,5438.0,5439.0,5439.0,1400
2023-10-18 11:21:00+09:00,5438.0,5438.0,5435.0,5435.0,5435.0,1200
2023-10-18 11:22:00+09:00,5436.0,5436.0,5434.0,5436.0,5436.0,1700
2023-10-18 11:23:00+09:00,5436.0,5436.0,5436.0,5436.0,5436.0,300
2023-10-18 11:24:00+09:00,5435.0,5437.0,5435.0,5437.0,5437.0,1700
2023-10-18 11:25:00+09:00,5436.0,5437.0,5435.0,5435.0,5435.0,800
2023-10-18 11:26:00+09:00,5435.0,5435.0,5433.0,5435.0,5435.0,1500
2023-10-18 11:27:00+09:00,5436.0,5436.0,5435.0,5436.0,5436.0,1500
2023-10-18 11:28:00+09:00,5434.0,5435.0,5434.0,5435.0,5435.0,700
2023-10-18 11:29:00+09:00,5436.0,5437.0,5436.0,5437.0,5437.0,300
2023-10-18 11:30:00+09:00,5437.0,5437.0,5437.0,5437.0,5437.0,700
2023-10-18 11:35:00+09:00,5437.0,5437.0,5437.0,5437.0,5437.0,0
2023-10-18 12:30:00+09:00,5426.0,5436.0,5414.0,5415.0,5415.0,529900
2023-10-18 12:31:00+09:00,5416.0,5418.0,5414.0,5414.0,5414.0,3100
2023-10-18 12:32:00+09:00,5413.0,5414.0,5411.0,5414.0,5414.0,3200
2023-10-18 12:33:00+09:00,5415.0,5422.0,5415.0,5421.0,5421.0,3800
2023-10-18 12:34:00+09:00,5421.0,5425.0,5421.0,5424.0,5424.0,4200
2023-10-18 12:35:00+09:00,5422.0,5427.0,5422.0,5427.0,5427.0,6500
2023-10-18 12:36:00+09:00,5425.0,5426.0,5424.0,5426.0,5426.0,5500
2023-10-18 12:37:00+09:00,5425.0,5425.0,5423.0,5423.0,5423.0,1700
2023-10-18 12:38:00+09:00,5423.0,5423.0,5421.0,5421.0,5421.0,1100
2023-10-18 12:39:00+09:00,5421.0,5424.0,5421.0,5423.0,5423.0,1600
2023-10-18 12:40:00+09:00,5424.0,5426.0,5423.0,5426.0,5426.0,2800
2023-10-18 12:41:00+09:00,5426.0,5426.0,5425.0,5426.0,5426.0,800
2023-10-18 12:42:00+09:00,5426.0,5430.0,5426.0,5430.0,5430.0,2700
2023-10-18 12:43:00+09:00,5431.0,5432.0,5431.0,5432.0,5432.0,800
2023-10-18 12:44:00+09:00,5431.0,5431.0,5431.0,5431.0,5431.0,1800
2023-10-18 12:45:00+09:00,5431.0,5434.0,5431.0,5434.0,5434.0,3400
2023-10-18 12:46:00+09:00,5434.0,5435.0,5434.0,5435.0,5435.0,1000
2023-10-18 12:47:00+09:00,5434.0,5434.0,5433.0,5433.0,5433.0,900
2023-10-18 12:48:00+09:00,5434.0,5434.0,5434.0,5434.0,5434.0,200
2023-10-18 12:49:00+09:00,5435.0,5437.0,5435.0,5436.0,5436.0,4800
2023-10-18 12:50:00+09:00,5436.0,5436.0,5436.0,5436.0,5436.0,500
2023-10-18 12:51:00+09:00,5436.0,5437.0,5436.0,5436.0,5436.0,1700
2023-10-18 12:52:00+09:00,5436.0,5436.0,5430.0,5432.0,5432.0,5400
2023-10-18 12:53:00+09:00,5434.0,5436.0,5434.0,5434.0,5434.0,1600
2023-10-18 12:54:00+09:00,5437.0,5438.0,5436.0,5436.0,5436.0,700
2023-10-18 12:55:00+09:00,5437.0,5440.0,5437.0,5440.0,5440.0,2000
2023-10-18 12:56:00+09:00,5441.0,5442.0,5441.0,5442.0,5442.0,700
2023-10-18 12:57:00+09:00,5442.0,5442.0,5439.0,5439.0,5439.0,2400
2023-10-18 12:58:00+09:00,5440.0,5440.0,5440.0,5440.0,5440.0,600
2023-10-18 12:59:00+09:00,5440.0,5441.0,5439.0,5439.0,5439.0,2600
2023-10-18 13:00:00+09:00,5439.0,5439.0,5438.0,5439.0,5439.0,500
2023-10-18 13:01:00+09:00,5436.0,5436.0,5434.0,5434.0,5434.0,1300
2023-10-18 13:02:00+09:00,5434.0,5434.0,5433.0,5433.0,5433.0,700
2023-10-18 13:03:00+09:00,5433.0,5433.0,5430.0,5430.0,5430.0,600
2023-10-18 13:04:00+09:00,5430.0,5430.0,5427.0,5427.0,5427.0,1700
2023-10-18 13:05:00+09:00,5428.0,5428.0,5426.0,5427.0,5427.0,900
2023-10-18 13:06:00+09:00,5428.0,5432.0,5428.0,5432.0,5432.0,1900
2023-10-18 13:07:00+09:00,5432.0,5433.0,5429.0,5429.0,5429.0,2400
2023-10-18 13:08:00+09:00,5430.0,5433.0,5430.0,5432.0,5432.0,2000
2023-10-18 13:09:00+09:00,5433.0,5433.0,5432.0,5432.0,5432.0,600
2023-10-18 13:10:00+09:00,5432.0,5433.0,5432.0,5433.0,5433.0,1100
2023-10-18 13:11:00+09:00,5431.0,5431.0,5431.0,5431.0,5431.0,200
2023-10-18 13:12:00+09:00,5432.0,5433.0,5429.0,5433.0,5433.0,4100
2023-10-18 13:13:00+09:00,5433.0,5433.0,5432.0,5432.0,5432.0,500
2023-10-18 13:14:00+09:00,5432.0,5434.0,5432.0,5434.0,5434.0,900
2023-10-18 13:16:00+09:00,5433.0,5435.0,5432.0,5432.0,5432.0,2600
2023-10-18 13:18:00+09:00,5434.0,5434.0,5432.0,5434.0,5434.0,3100
2023-10-18 13:19:00+09:00,5433.0,5434.0,5433.0,5433.0,5433.0,1000
2023-10-18 13:20:00+09:00,5433.0,5434.0,5433.0,5434.0,5434.0,300
2023-10-18 13:21:00+09:00,5434.0,5435.0,5434.0,5434.0,5434.0,1500
2023-10-18 13:22:00+09:00,5435.0,5443.0,5434.0,5439.0,5439.0,25100
2023-10-18 13:23:00+09:00,5439.0,5439.0,5437.0,5437.0,5437.0,1200
2023-10-18 13:24:00+09:00,5437.0,5437.0,5437.0,5437.0,5437.0,200
2023-10-18 13:25:00+09:00,5437.0,5438.0,5437.0,5438.0,5438.0,300
2023-10-18 13:26:00+09:00,5437.0,5438.0,5437.0,5438.0,5438.0,600
2023-10-18 13:27:00+09:00,5437.0,5437.0,5435.0,5435.0,5435.0,3200
2023-10-18 13:28:00+09:00,5435.0,5435.0,5435.0,5435.0,5435.0,700
2023-10-18 13:29:00+09:00,5435.0,5435.0,5434.0,5434.0,5434.0,400
2023-10-18 13:30:00+09:00,5433.0,5437.0,5433.0,5435.0,5435.0,4000
2023-10-18 13:31:00+09:00,5435.0,5435.0,5435.0,5435.0,5435.0,500
2023-10-18 13:32:00+09:00,5436.0,5437.0,5436.0,5437.0,5437.0,700
2023-10-18 13:33:00+09:00,5437.0,5437.0,5437.0,5437.0,5437.0,500
2023-10-18 13:34:00+09:00,5436.0,5440.0,5436.0,5440.0,5440.0,2200
2023-10-18 13:35:00+09:00,5440.0,5442.0,5440.0,5442.0,5442.0,2000
2023-10-18 13:36:00+09:00,5442.0,5444.0,5442.0,5444.0,5444.0,1400
2023-10-18 13:37:00+09:00,5442.0,5443.0,5442.0,5443.0,5443.0,700
2023-10-18 13:38:00+09:00,5442.0,5444.0,5442.0,5444.0,5444.0,1500
2023-10-18 13:39:00+09:00,5444.0,5445.0,5444.0,5445.0,5445.0,1300
2023-10-18 13:40:00+09:00,5446.0,5447.0,5446.0,5446.0,5446.0,1700
2023-10-18 13:42:00+09:00,5448.0,5451.0,5448.0,5451.0,5451.0,7500
2023-10-18 13:43:00+09:00,5452.0,5452.0,5451.0,5451.0,5451.0,600
2023-10-18 13:44:00+09:00,5451.0,5453.0,5451.0,5453.0,5453.0,1600
2023-10-18 13:45:00+09:00,5454.0,5455.0,5453.0,5454.0,5454.0,2200
2023-10-18 13:46:00+09:00,5454.0,5454.0,5454.0,5454.0,5454.0,100
2023-10-18 13:47:00+09:00,5454.0,5458.0,5454.0,5458.0,5458.0,4600
2023-10-18 13:48:00+09:00,5459.0,5459.0,5455.0,5455.0,5455.0,4200
2023-10-18 13:49:00+09:00,5456.0,5456.0,5456.0,5456.0,5456.0,500
2023-10-18 13:50:00+09:00,5457.0,5457.0,5455.0,5455.0,5455.0,900
2023-10-18 13:51:00+09:00,5454.0,5457.0,5452.0,5455.0,5455.0,5800
2023-10-18 13:52:00+09:00,5455.0,5455.0,5455.0,5455.0,5455.0,900
2023-10-18 13:53:00+09:00,5454.0,5455.0,5452.0,5452.0,5452.0,1400
2023-10-18 13:54:00+09:00,5452.0,5452.0,5451.0,5452.0,5452.0,1200
2023-10-18 13:55:00+09:00,5451.0,5451.0,5450.0,5450.0,5450.0,500
2023-10-18 13:56:00+09:00,5449.0,5451.0,5449.0,5451.0,5451.0,4600
2023-10-18 13:57:00+09:00,5450.0,5450.0,5449.0,5449.0,5449.0,300
2023-10-18 13:58:00+09:00,5449.0,5450.0,5449.0,5450.0,5450.0,800
2023-10-18 13:59:00+09:00,5450.0,5450.0,5446.0,5446.0,5446.0,4400
2023-10-18 14:00:00+09:00,5448.0,5448.0,5447.0,5448.0,5448.0,1800
2023-10-18 14:01:00+09:00,5446.0,5449.0,5446.0,5448.0,5448.0,4000
2023-10-18 14:02:00+09:00,5447.0,5452.0,5447.0,5450.0,5450.0,3800
2023-10-18 14:03:00+09:00,5450.0,5450.0,5449.0,5449.0,5449.0,600
2023-10-18 14:04:00+09:00,5448.0,5448.0,5446.0,5446.0,5446.0,700
2023-10-18 14:05:00+09:00,5446.0,5447.0,5446.0,5447.0,5447.0,900
2023-10-18 14:06:00+09:00,5447.0,5448.0,5446.0,5446.0,5446.0,1400
2023-10-18 14:07:00+09:00,5446.0,5446.0,5445.0,5446.0,5446.0,1500
2023-10-18 14:08:00+09:00,5445.0,5456.0,5445.0,5453.0,5453.0,15600
2023-10-18 14:09:00+09:00,5452.0,5453.0,5451.0,5451.0,5451.0,2400
2023-10-18 14:10:00+09:00,5449.0,5450.0,5449.0,5450.0,5450.0,700
2023-10-18 14:11:00+09:00,5450.0,5450.0,5449.0,5449.0,5449.0,700
2023-10-18 14:12:00+09:00,5449.0,5452.0,5449.0,5452.0,5452.0,2100
2023-10-18 14:13:00+09:00,5452.0,5453.0,5451.0,5453.0,5453.0,1300
2023-10-18 14:14:00+09:00,5452.0,5452.0,5450.0,5450.0,5450.0,1000
2023-10-18 14:15:00+09:00,5450.0,5450.0,5449.0,5449.0,5449.0,400
2023-10-18 14:16:00+09:00,5449.0,5450.0,5449.0,5450.0,5450.0,1800
2023-10-18 14:17:00+09:00,5450.0,5450.0,5450.0,5450.0,5450.0,700
2023-10-18 14:18:00+09:00,5450.0,5451.0,5450.0,5450.0,5450.0,1700
2023-10-18 14:19:00+09:00,5450.0,5451.0,5450.0,5451.0,5451.0,700
2023-10-18 14:20:00+09:00,5450.0,5452.0,5450.0,5452.0,5452.0,2000
2023-10-18 14:21:00+09:00,5453.0,5453.0,5452.0,5452.0,5452.0,600
2023-10-18 14:22:00+09:00,5452.0,5453.0,5452.0,5453.0,5453.0,1400
2023-10-18 14:23:00+09:00,5451.0,5452.0,5450.0,5452.0,5452.0,2400
2023-10-18 14:24:00+09:00,5451.0,5452.0,5451.0,5451.0,5451.0,800
2023-10-18 14:25:00+09:00,5451.0,5453.0,5451.0,5452.0,5452.0,2000
2023-10-18 14:26:00+09:00,5451.0,5453.0,5451.0,5453.0,5453.0,2000
2023-10-18 14:27:00+09:00,5453.0,5454.0,5453.0,5454.0,5454.0,300
2023-10-18 14:28:00+09:00,5453.0,5455.0,5453.0,5455.0,5455.0,1600
2023-10-18 14:29:00+09:00,5455.0,5457.0,5455.0,5457.0,5457.0,2400
2023-10-18 14:30:00+09:00,5458.0,5463.0,5458.0,5461.0,5461.0,7000
2023-10-18 14:31:00+09:00,5462.0,5463.0,5462.0,5462.0,5462.0,2000
2023-10-18 14:32:00+09:00,5462.0,5463.0,5462.0,5462.0,5462.0,1200
2023-10-18 14:33:00+09:00,5462.0,5462.0,5461.0,5462.0,5462.0,300
2023-10-18 14:34:00+09:00,5463.0,5465.0,5458.0,5458.0,5458.0,6800
2023-10-18 14:35:00+09:00,5458.0,5458.0,5458.0,5458.0,5458.0,700
2023-10-18 14:36:00+09:00,5459.0,5461.0,5459.0,5461.0,5461.0,2300
2023-10-18 14:37:00+09:00,5461.0,5462.0,5459.0,5462.0,5462.0,2600
2023-10-18 14:38:00+09:00,5463.0,5464.0,5463.0,5464.0,5464.0,2000
2023-10-18 14:39:00+09:00,5463.0,5464.0,5463.0,5464.0,5464.0,1200
2023-10-18 14:40:00+09:00,5463.0,5463.0,5460.0,5460.0,5460.0,3300
2023-10-18 14:41:00+09:00,5461.0,5461.0,5459.0,5459.0,5459.0,700
2023-10-18 14:42:00+09:00,5461.0,5464.0,5461.0,5463.0,5463.0,4500
2023-10-18 14:43:00+09:00,5463.0,5463.0,5463.0,5463.0,5463.0,100
2023-10-18 14:44:00+09:00,5464.0,5464.0,5463.0,5463.0,5463.0,800
2023-10-18 14:45:00+09:00,5463.0,5463.0,5462.0,5462.0,5462.0,3400
2023-10-18 14:46:00+09:00,5463.0,5466.0,5463.0,5466.0,5466.0,5600
2023-10-18 14:47:00+09:00,5462.0,5462.0,5462.0,5462.0,5462.0,4800
2023-10-18 14:48:00+09:00,5463.0,5465.0,5463.0,5465.0,5465.0,3900
2023-10-18 14:49:00+09:00,5464.0,5464.0,5462.0,5462.0,5462.0,2400
2023-10-18 14:50:00+09:00,5462.0,5464.0,5462.0,5464.0,5464.0,4500
2023-10-18 14:51:00+09:00,5464.0,5464.0,5463.0,5463.0,5463.0,2200
2023-10-18 14:52:00+09:00,5462.0,5464.0,5461.0,5463.0,5463.0,4000
2023-10-18 14:53:00+09:00,5463.0,5463.0,5461.0,5461.0,5461.0,3700
2023-10-18 14:54:00+09:00,5461.0,5461.0,5460.0,5460.0,5460.0,2800
2023-10-18 14:55:00+09:00,5461.0,5464.0,5461.0,5462.0,5462.0,5300
2023-10-18 14:56:00+09:00,5462.0,5463.0,5461.0,5461.0,5461.0,5500
2023-10-18 14:57:00+09:00,5461.0,5462.0,5460.0,5462.0,5462.0,5000
2023-10-18 14:58:00+09:00,5461.0,5462.0,5461.0,5461.0,5461.0,2500
2023-10-18 14:59:00+09:00,5460.0,5462.0,5452.0,5452.0,5452.0,20300
2023-10-19 09:00:00+09:00,5441.0,5462.0,5437.0,5462.0,5462.0,59000
2023-10-19 09:01:00+09:00,5462.0,5466.0,5460.0,5464.0,5464.0,3900
2023-10-19 09:04:00+09:00,5475.0,5490.0,5475.0,5485.0,5485.0,29900
2023-10-19 09:05:00+09:00,5487.0,5495.0,5485.0,5494.0,5494.0,3800
2023-10-19 09:06:00+09:00,5495.0,5500.0,5495.0,5497.0,5497.0,25900
2023-10-19 09:07:00+09:00,5495.0,5502.0,5494.0,5496.0,5496.0,7700
2023-10-19 09:08:00+09:00,5495.0,5505.0,5495.0,5505.0,5505.0,9300
2023-10-19 09:09:00+09:00,5504.0,5506.0,5495.0,5504.0,5504.0,12700
2023-10-19 09:10:00+09:00,5505.0,5519.0,5505.0,5517.0,5517.0,9600
2023-10-19 09:11:00+09:00,5517.0,5522.0,5516.0,5520.0,5520.0,11500
2023-10-19 09:12:00+09:00,5520.0,5529.0,5520.0,5525.0,5525.0,8100
2023-10-19 09:13:00+09:00,5527.0,5530.0,5519.0,5519.0,5519.0,11900
2023-10-19 09:14:00+09:00,5518.0,5525.0,5518.0,5525.0,5525.0,5600
2023-10-19 09:15:00+09:00,5525.0,5526.0,5523.0,5526.0,5526.0,3000
2023-10-19 09:16:00+09:00,5527.0,5529.0,5526.0,5527.0,5527.0,8700
2023-10-19 09:17:00+09:00,5527.0,5527.0,5519.0,5524.0,5524.0,6000
2023-10-19 09:18:00+09:00,5525.0,5527.0,5523.0,5526.0,5526.0,3400
2023-10-19 09:19:00+09:00,5524.0,5528.0,5521.0,5521.0,5521.0,4600
2023-10-19 09:20:00+09:00,5521.0,5521.0,5513.0,5513.0,5513.0,4200
2023-10-19 09:21:00+09:00,5513.0,5516.0,5511.0,5511.0,5511.0,3300
2023-10-19 09:22:00+09:00,5510.0,5516.0,5510.0,5516.0,5516.0,4600
2023-10-19 09:23:00+09:00,5517.0,5521.0,5515.0,5521.0,5521.0,7300
2023-10-19 09:24:00+09:00,5522.0,5523.0,5519.0,5522.0,5522.0,6000
2023-10-19 09:25:00+09:00,5518.0,5518.0,5513.0,5517.0,5517.0,3300
2023-10-19 09:26:00+09:00,5517.0,5532.0,5517.0,5532.0,5532.0,9900
2023-10-19 09:27:00+09:00,5532.0,5538.0,5531.0,5538.0,5538.0,18200
2023-10-19 09:28:00+09:00,5538.0,5545.0,5537.0,5544.0,5544.0,9000
2023-10-19 09:29:00+09:00,5546.0,5552.0,5544.0,5548.0,5548.0,17200
2023-10-19 09:30:00+09:00,5547.0,5551.0,5536.0,5551.0,5551.0,15600
2023-10-19 09:31:00+09:00,5550.0,5554.0,5540.0,5540.0,5540.0,13500
2023-10-19 09:32:00+09:00,5540.0,5542.0,5537.0,5537.0,5537.0,4800
2023-10-19 09:33:00+09:00,5537.0,5542.0,5534.0,5541.0,5541.0,8100
2023-10-19 09:34:00+09:00,5542.0,5544.0,5533.0,5534.0,5534.0,8200
2023-10-19 09:35:00+09:00,5534.0,5534.0,5523.0,5525.0,5525.0,4600
2023-10-19 09:36:00+09:00,5525.0,5528.0,5524.0,5527.0,5527.0,9300
2023-10-19 09:37:00+09:00,5526.0,5529.0,5526.0,5528.0,5528.0,1200
2023-10-19 09:38:00+09:00,5529.0,5530.0,5522.0,5522.0,5522.0,5300
2023-10-19 09:39:00+09:00,5522.0,5528.0,5522.0,5528.0,5528.0,3000
2023-10-19 09:40:00+09:00,5529.0,5531.0,5523.0,5523.0,5523.0,3300
2023-10-19 09:41:00+09:00,5524.0,5526.0,5522.0,5524.0,5524.0,2500
2023-10-19 09:42:00+09:00,5526.0,5527.0,5526.0,5527.0,5527.0,2800
2023-10-19 09:43:00+09:00,5528.0,5530.0,5528.0,5529.0,5529.0,2800
2023-10-19 09:44:00+09:00,5530.0,5531.0,5529.0,5530.0,5530.0,1900
2023-10-19 09:45:00+09:00,5528.0,5530.0,5526.0,5530.0,5530.0,4200
2023-10-19 09:46:00+09:00,5531.0,5534.0,5531.0,5534.0,5534.0,1900
2023-10-19 09:47:00+09:00,5533.0,5538.0,5533.0,5538.0,5538.0,3200
2023-10-19 09:48:00+09:00,5539.0,5543.0,5539.0,5541.0,5541.0,4400
2023-10-19 09:49:00+09:00,5540.0,5544.0,5540.0,5543.0,5543.0,3300
2023-10-19 09:50:00+09:00,5545.0,5551.0,5545.0,5551.0,5551.0,10700
2023-10-19 09:51:00+09:00,5550.0,5550.0,5544.0,5546.0,5546.0,5600
2023-10-19 09:52:00+09:00,5545.0,5547.0,5544.0,5544.0,5544.0,1300
2023-10-19 09:53:00+09:00,5544.0,5544.0,5543.0,5543.0,5543.0,1500
2023-10-19 09:54:00+09:00,5543.0,5545.0,5541.0,5545.0,5545.0,2300
2023-10-19 09:55:00+09:00,5544.0,5544.0,5544.0,5544.0,5544.0,500
2023-10-19 09:56:00+09:00,5543.0,5543.0,5538.0,5538.0,5538.0,4200
2023-10-19 09:57:00+09:00,5537.0,5538.0,5535.0,5538.0,5538.0,900
2023-10-19 09:58:00+09:00,5538.0,5538.0,5538.0,5538.0,5538.0,100
2023-10-19 10:01:00+09:00,5528.0,5531.0,5528.0,5529.0,5529.0,8200
2023-10-19 10:03:00+09:00,5524.0,5525.0,5522.0,5525.0,5525.0,4100
2023-10-19 10:04:00+09:00,5524.0,5526.0,5524.0,5524.0,5524.0,1700
2023-10-19 10:05:00+09:00,5524.0,5527.0,5524.0,5527.0,5527.0,1400
2023-10-19 10:06:00+09:00,5526.0,5528.0,5524.0,5524.0,5524.0,4200
2023-10-19 10:07:00+09:00,5525.0,5525.0,5522.0,5525.0,5525.0,1500
2023-10-19 10:08:00+09:00,5526.0,5526.0,5523.0,5523.0,5523.0,1000
2023-10-19 10:16:00+09:00,5522.0,5522.0,5522.0,5522.0,5522.0,11700
2023-10-19 10:17:00+09:00,5522.0,5522.0,5521.0,5521.0,5521.0,1900
2023-10-19 10:18:00+09:00,5522.0,5523.0,5521.0,5523.0,5523.0,1500
2023-10-19 10:19:00+09:00,5523.0,5524.0,5523.0,5524.0,5524.0,700
2023-10-19 10:20:00+09:00,5523.0,5523.0,5517.0,5517.0,5517.0,3600
2023-10-19 10:21:00+09:00,5518.0,5518.0,5511.0,5511.0,5511.0,3500
2023-10-19 10:22:00+09:00,5510.0,5510.0,5509.0,5510.0,5510.0,2600
2023-10-19 10:23:00+09:00,5510.0,5511.0,5510.0,5511.0,5511.0,3100
2023-10-19 10:24:00+09:00,5512.0,5512.0,5510.0,5510.0,5510.0,1400
2023-10-19 10:25:00+09:00,5509.0,5509.0,5505.0,5505.0,5505.0,2000
2023-10-19 10:26:00+09:00,5505.0,5506.0,5505.0,5506.0,5506.0,700
2023-10-19 10:27:00+09:00,5508.0,5508.0,5508.0,5508.0,5508.0,200
2023-10-19 10:28:00+09:00,5508.0,5508.0,5504.0,5504.0,5504.0,3500
2023-10-19 10:29:00+09:00,5506.0,5510.0,5506.0,5510.0,5510.0,1900
2023-10-19 10:30:00+09:00,5509.0,5509.0,5508.0,5509.0,5509.0,2500
2023-10-19 10:31:00+09:00,5508.0,5509.0,5508.0,5509.0,5509.0,1400
2023-10-19 10:32:00+09:00,5508.0,5509.0,5507.0,5509.0,5509.0,600
2023-10-19 10:33:00+09:00,5510.0,5510.0,5510.0,5510.0,5510.0,400
2023-10-19 10:34:00+09:00,5510.0,5512.0,5509.0,5510.0,5510.0,3700
2023-10-19 10:35:00+09:00,5510.0,5511.0,5510.0,5511.0,5511.0,500
2023-10-19 10:36:00+09:00,5511.0,5512.0,5508.0,5512.0,5512.0,2700
2023-10-19 10:37:00+09:00,5511.0,5511.0,5511.0,5511.0,5511.0,600
2023-10-19 10:39:00+09:00,5510.0,5513.0,5510.0,5513.0,5513.0,2300
2023-10-19 10:40:00+09:00,5511.0,5511.0,5509.0,5510.0,5510.0,1600
2023-10-19 10:41:00+09:00,5510.0,5511.0,5509.0,5510.0,5510.0,3000
2023-10-19 10:42:00+09:00,5511.0,5511.0,5508.0,5510.0,5510.0,2500
2023-10-19 10:43:00+09:00,5511.0,5514.0,5511.0,5511.0,5511.0,2700
2023-10-19 10:44:00+09:00,5510.0,5513.0,5510.0,5513.0,5513.0,1200
2023-10-19 10:45:00+09:00,5511.0,5513.0,5511.0,5512.0,5512.0,1400
2023-10-19 10:46:00+09:00,5511.0,5511.0,5507.0,5508.0,5508.0,2700
2023-10-19 10:47:00+09:00,5508.0,5509.0,5505.0,5507.0,5507.0,5600
2023-10-19 10:48:00+09:00,5508.0,5508.0,5507.0,5508.0,5508.0,900
2023-10-19 10:49:00+09:00,5508.0,5510.0,5507.0,5510.0,5510.0,1800
2023-10-19 10:50:00+09:00,5511.0,5512.0,5511.0,5512.0,5512.0,1700
2023-10-19 10:51:00+09:00,5511.0,5511.0,5508.0,5508.0,5508.0,3100
2023-10-19 10:52:00+09:00,5509.0,5511.0,5509.0,5510.0,5510.0,2900
2023-10-19 10:53:00+09:00,5511.0,5511.0,5509.0,5509.0,5509.0,1500
2023-10-19 10:54:00+09:00,5511.0,5513.0,5511.0,5513.0,5513.0,4200
2023-10-19 10:55:00+09:00,5514.0,5514.0,5513.0,5513.0,5513.0,1300
2023-10-19 10:56:00+09:00,5512.0,5512.0,5512.0,5512.0,5512.0,300
2023-10-19 10:57:00+09:00,5512.0,5513.0,5512.0,5513.0,5513.0,400
2023-10-19 10:58:00+09:00,5514.0,5515.0,5514.0,5515.0,5515.0,800
2023-10-19 10:59:00+09:00,5513.0,5514.0,5513.0,5513.0,5513.0,2500
2023-10-19 11:00:00+09:00,5512.0,5514.0,5512.0,5514.0,5514.0,1900
2023-10-19 11:01:00+09:00,5513.0,5513.0,5511.0,5511.0,5511.0,1200
2023-10-19 11:02:00+09:00,5510.0,5510.0,5508.0,5508.0,5508.0,1000
2023-10-19 11:03:00+09:00,5510.0,5510.0,5509.0,5509.0,5509.0,2600
2023-10-19 11:04:00+09:00,5508.0,5514.0,5508.0,5512.0,5512.0,2300
2023-10-19 11:05:00+09:00,5512.0,5512.0,5511.0,5511.0,5511.0,900
2023-10-19 11:06:00+09:00,5514.0,5515.0,5513.0,5514.0,5514.0,3900
2023-10-19 11:07:00+09:00,5512.0,5512.0,5511.0,5511.0,5511.0,500
2023-10-19 11:08:00+09:00,5512.0,5513.0,5512.0,5513.0,5513.0,500
2023-10-19 11:09:00+09:00,5514.0,5518.0,5514.0,5515.0,5515.0,5800
2023-10-19 11:10:00+09:00,5516.0,5516.0,5514.0,5514.0,5514.0,1400
2023-10-19 11:11:00+09:00,5515.0,5516.0,5514.0,5514.0,5514.0,1700
2023-10-19 11:12:00+09:00,5513.0,5514.0,5511.0,5513.0,5513.0,1600
2023-10-19 11:13:00+09:00,5514.0,5514.0,5514.0,5514.0,5514.0,400
2023-10-19 11:14:00+09:00,5515.0,5515.0,5513.0,5515.0,5515.0,1900
2023-10-19 11:15:00+09:00,5515.0,5515.0,5514.0,5514.0,5514.0,1100
2023-10-19 11:16:00+09:00,5513.0,5513.0,5513.0,5513.0,5513.0,700
2023-10-19 11:17:00+09:00,5514.0,5514.0,5513.0,5513.0,5513.0,700
2023-10-19 11:18:00+09:00,5512.0,5512.0,5512.0,5512.0,5512.0,900
2023-10-19 11:19:00+09:00,5511.0,5511.0,5509.0,5509.0,5509.0,2800
2023-10-19 11:20:00+09:00,5508.0,5512.0,5508.0,5512.0,5512.0,1900
2023-10-19 11:21:00+09:00,5513.0,5513.0,5512.0,5512.0,5512.0,700
2023-10-19 11:22:00+09:00,5512.0,5514.0,5511.0,5513.0,5513.0,3100
2023-10-19 11:23:00+09:00,5514.0,5515.0,5514.0,5514.0,5514.0,500
2023-10-19 11:24:00+09:00,5515.0,5515.0,5512.0,5513.0,5513.0,1000
2023-10-19 11:25:00+09:00,5513.0,5513.0,5511.0,5512.0,5512.0,500
2023-10-19 11:26:00+09:00,5513.0,5514.0,5513.0,5513.0,5513.0,1000
2023-10-19 11:27:00+09:00,5514.0,5514.0,5514.0,5514.0,5514.0,300
2023-10-19 11:28:00+09:00,5512.0,5513.0,5512.0,5513.0,5513.0,1300
2023-10-19 11:29:00+09:00,5513.0,5513.0,5511.0,5511.0,5511.0,300
2023-10-19 11:30:00+09:00,5511.0,5511.0,5508.0,5508.0,5508.0,6300
2023-10-19 11:35:00+09:00,5508.0,5508.0,5508.0,5508.0,5508.0,0
2023-10-19 12:30:00+09:00,5508.0,5508.0,5502.0,5508.0,5508.0,632600
2023-10-19 12:31:00+09:00,5506.0,5515.0,5505.0,5515.0,5515.0,3600
2023-10-19 12:32:00+09:00,5513.0,5516.0,5513.0,5514.0,5514.0,3100
2023-10-19 12:33:00+09:00,5514.0,5514.0,5513.0,5513.0,5513.0,800
2023-10-19 12:36:00+09:00,5514.0,5519.0,5514.0,5517.0,5517.0,10700
2023-10-19 12:37:00+09:00,5519.0,5519.0,5517.0,5518.0,5518.0,3600
2023-10-19 12:38:00+09:00,5518.0,5518.0,5514.0,5514.0,5514.0,1900
2023-10-19 12:39:00+09:00,5513.0,5514.0,5510.0,5510.0,5510.0,3000
2023-10-19 12:40:00+09:00,5510.0,5512.0,5510.0,5511.0,5511.0,2400
2023-10-19 12:41:00+09:00,5513.0,5513.0,5508.0,5509.0,5509.0,2500
2023-10-19 12:42:00+09:00,5510.0,5512.0,5510.0,5512.0,5512.0,1200
2023-10-19 12:43:00+09:00,5513.0,5513.0,5512.0,5513.0,5513.0,1000
2023-10-19 12:44:00+09:00,5514.0,5514.0,5514.0,5514.0,5514.0,600
2023-10-19 12:45:00+09:00,5513.0,5515.0,5512.0,5512.0,5512.0,3500
2023-10-19 12:46:00+09:00,5511.0,5514.0,5511.0,5513.0,5513.0,2500
2023-10-19 12:47:00+09:00,5514.0,5514.0,5513.0,5513.0,5513.0,2600
2023-10-19 12:48:00+09:00,5513.0,5513.0,5512.0,5512.0,5512.0,300
2023-10-19 12:49:00+09:00,5512.0,5514.0,5512.0,5514.0,5514.0,500
2023-10-19 12:50:00+09:00,5514.0,5514.0,5514.0,5514.0,5514.0,100
2023-10-19 12:51:00+09:00,5514.0,5516.0,5514.0,5516.0,5516.0,2100
2023-10-19 12:52:00+09:00,5516.0,5516.0,5514.0,5514.0,5514.0,3100
2023-10-19 12:53:00+09:00,5515.0,5516.0,5514.0,5516.0,5516.0,800
2023-10-19 12:54:00+09:00,5516.0,5517.0,5516.0,5517.0,5517.0,1200
2023-10-19 12:55:00+09:00,5516.0,5516.0,5515.0,5515.0,5515.0,1900
2023-10-19 12:56:00+09:00,5514.0,5514.0,5513.0,5513.0,5513.0,900
2023-10-19 12:57:00+09:00,5514.0,5514.0,5514.0,5514.0,5514.0,500
2023-10-19 12:58:00+09:00,5514.0,5516.0,5514.0,5515.0,5515.0,2000
2023-10-19 12:59:00+09:00,5515.0,5515.0,5514.0,5515.0,5515.0,1900
2023-10-19 13:00:00+09:00,5515.0,5516.0,5515.0,5516.0,5516.0,900
2023-10-19 13:01:00+09:00,5517.0,5519.0,5517.0,5518.0,5518.0,4700
2023-10-19 13:02:00+09:00,5518.0,5529.0,5518.0,5528.0,5528.0,16100
2023-10-19 13:03:00+09:00,5529.0,5533.0,5529.0,5533.0,5533.0,2800
2023-10-19 13:04:00+09:00,5533.0,5535.0,5533.0,5535.0,5535.0,2200
2023-10-19 13:05:00+09:00,5535.0,5536.0,5534.0,5535.0,5535.0,4400
2023-10-19 13:06:00+09:00,5533.0,5534.0,5530.0,5530.0,5530.0,4300
2023-10-19 13:07:00+09:00,5530.0,5530.0,5525.0,5525.0,5525.0,2700
2023-10-19 13:08:00+09:00,5523.0,5523.0,5523.0,5523.0,5523.0,200
2023-10-19 13:09:00+09:00,5523.0,5523.0,5523.0,5523.0,5523.0,300
2023-10-19 13:10:00+09:00,5523.0,5523.0,5523.0,5523.0,5523.0,800
2023-10-19 13:11:00+09:00,5523.0,5526.0,5523.0,5526.0,5526.0,800
2023-10-19 13:12:00+09:00,5527.0,5528.0,5525.0,5528.0,5528.0,1400
2023-10-19 13:13:00+09:00,5529.0,5529.0,5528.0,5528.0,5528.0,400
2023-10-19 13:14:00+09:00,5528.0,5533.0,5527.0,5530.0,5530.0,7700
2023-10-19 13:15:00+09:00,5531.0,5531.0,5529.0,5529.0,5529.0,2700
2023-10-19 13:16:00+09:00,5530.0,5530.0,5528.0,5528.0,5528.0,1400
2023-10-19 13:17:00+09:00,5527.0,5528.0,5527.0,5528.0,5528.0,200
2023-10-19 13:18:00+09:00,5529.0,5529.0,5524.0,5527.0,5527.0,6800
2023-10-19 13:19:00+09:00,5526.0,5529.0,5523.0,5529.0,5529.0,3900
2023-10-19 13:20:00+09:00,5528.0,5528.0,5528.0,5528.0,5528.0,100
2023-10-19 13:21:00+09:00,5528.0,5528.0,5527.0,5527.0,5527.0,1300
2023-10-19 13:22:00+09:00,5529.0,5529.0,5529.0,5529.0,5529.0,900
2023-10-19 13:23:00+09:00,5530.0,5531.0,5530.0,5531.0,5531.0,2600
2023-10-19 13:24:00+09:00,5532.0,5532.0,5531.0,5531.0,5531.0,400
2023-10-19 13:25:00+09:00,5531.0,5531.0,5529.0,5529.0,5529.0,3800
2023-10-19 13:26:00+09:00,5528.0,5531.0,5528.0,5531.0,5531.0,900
2023-10-19 13:27:00+09:00,5531.0,5532.0,5529.0,5532.0,5532.0,3300
2023-10-19 13:28:00+09:00,5533.0,5533.0,5533.0,5533.0,5533.0,500
2023-10-19 13:29:00+09:00,5533.0,5534.0,5533.0,5534.0,5534.0,1400
2023-10-19 13:30:00+09:00,5535.0,5536.0,5535.0,5536.0,5536.0,3300
2023-10-19 13:31:00+09:00,5537.0,5537.0,5535.0,5536.0,5536.0,4700
2023-10-19 13:32:00+09:00,5537.0,5537.0,5537.0,5537.0,5537.0,500
2023-10-19 13:33:00+09:00,5537.0,5537.0,5533.0,5534.0,5534.0,3300
2023-10-19 13:34:00+09:00,5535.0,5535.0,5534.0,5534.0,5534.0,800
2023-10-19 13:35:00+09:00,5534.0,5535.0,5534.0,5535.0,5535.0,2500
2023-10-19 13:36:00+09:00,5534.0,5534.0,5534.0,5534.0,5534.0,200
2023-10-19 13:37:00+09:00,5534.0,5536.0,5534.0,5536.0,5536.0,1300
2023-10-19 13:38:00+09:00,5536.0,5536.0,5535.0,5535.0,5535.0,1500
2023-10-19 13:39:00+09:00,5536.0,5536.0,5535.0,5535.0,5535.0,2200
2023-10-19 13:40:00+09:00,5535.0,5535.0,5532.0,5532.0,5532.0,1200
2023-10-19 13:41:00+09:00,5532.0,5532.0,5532.0,5532.0,5532.0,0
2023-10-19 13:42:00+09:00,5530.0,5530.0,5529.0,5529.0,5529.0,793700
2023-10-19 13:43:00+09:00,5529.0,5532.0,5528.0,5530.0,5530.0,3500
2023-10-19 13:44:00+09:00,5531.0,5531.0,5531.0,5531.0,5531.0,200
2023-10-19 13:45:00+09:00,5530.0,5531.0,5528.0,5531.0,5531.0,2700
2023-10-19 13:46:00+09:00,5532.0,5533.0,5531.0,5532.0,5532.0,2900
2023-10-19 13:47:00+09:00,5531.0,5531.0,5530.0,5530.0,5530.0,600
2023-10-19 13:48:00+09:00,5530.0,5530.0,5530.0,5530.0,5530.0,800
2023-10-19 13:49:00+09:00,5530.0,5530.0,5530.0,5530.0,5530.0,700
2023-10-19 13:50:00+09:00,5530.0,5530.0,5529.0,5530.0,5530.0,600
2023-10-19 13:51:00+09:00,5530.0,5530.0,5529.0,5529.0,5529.0,1300
2023-10-19 13:52:00+09:00,5529.0,5529.0,5529.0,5529.0,5529.0,100
2023-10-19 13:53:00+09:00,5530.0,5531.0,5530.0,5530.0,5530.0,2400
2023-10-19 13:54:00+09:00,5532.0,5533.0,5532.0,5533.0,5533.0,1400
2023-10-19 13:55:00+09:00,5534.0,5534.0,5533.0,5534.0,5534.0,1100
2023-10-19 13:57:00+09:00,5532.0,5533.0,5532.0,5533.0,5533.0,2800
2023-10-19 13:58:00+09:00,5533.0,5534.0,5533.0,5534.0,5534.0,600
2023-10-19 13:59:00+09:00,5533.0,5533.0,5533.0,5533.0,5533.0,200
2023-10-19 14:00:00+09:00,5534.0,5534.0,5532.0,5532.0,5532.0,1700
2023-10-19 14:01:00+09:00,5532.0,5533.0,5531.0,5532.0,5532.0,900
2023-10-19 14:02:00+09:00,5532.0,5532.0,5528.0,5529.0,5529.0,1800
2023-10-19 14:03:00+09:00,5528.0,5528.0,5525.0,5525.0,5525.0,1600
2023-10-19 14:04:00+09:00,5525.0,5525.0,5525.0,5525.0,5525.0,300
2023-10-19 14:05:00+09:00,5524.0,5526.0,5524.0,5526.0,5526.0,400
2023-10-19 14:06:00+09:00,5526.0,5526.0,5525.0,5526.0,5526.0,1900
2023-10-19 14:07:00+09:00,5527.0,5527.0,5527.0,5527.0,5527.0,400
2023-10-19 14:08:00+09:00,5526.0,5526.0,5526.0,5526.0,5526.0,200
2023-10-19 14:09:00+09:00,5526.0,5527.0,5526.0,5527.0,5527.0,3100
2023-10-19 14:10:00+09:00,5526.0,5527.0,5525.0,5527.0,5527.0,700
2023-10-19 14:11:00+09:00,5527.0,5528.0,5527.0,5527.0,5527.0,4600
2023-10-19 14:12:00+09:00,5527.0,5527.0,5525.0,5525.0,5525.0,2500
2023-10-19 14:13:00+09:00,5525.0,5525.0,5525.0,5525.0,5525.0,100
2023-10-19 14:14:00+09:00,5525.0,5525.0,5524.0,5524.0,5524.0,1100
2023-10-19 14:15:00+09:00,5523.0,5523.0,5521.0,5521.0,5521.0,1500
2023-10-19 14:16:00+09:00,5520.0,5520.0,5519.0,5519.0,5519.0,1300
2023-10-19 14:17:00+09:00,5520.0,5522.0,5520.0,5521.0,5521.0,3400
2023-10-19 14:18:00+09:00,5520.0,5521.0,5518.0,5521.0,5521.0,2300
2023-10-19 14:19:00+09:00,5521.0,5521.0,5518.0,5518.0,5518.0,3500
2023-10-19 14:20:00+09:00,5519.0,5520.0,5518.0,5519.0,5519.0,1300
2023-10-19 14:21:00+09:00,5517.0,5517.0,5516.0,5517.0,5517.0,2100
2023-10-19 14:22:00+09:00,5516.0,5516.0,5514.0,5516.0,5516.0,4200
2023-10-19 14:23:00+09:00,5516.0,5517.0,5516.0,5517.0,5517.0,1400
2023-10-19 14:24:00+09:00,5516.0,5519.0,5516.0,5518.0,5518.0,3000
2023-10-19 14:25:00+09:00,5519.0,5520.0,5519.0,5519.0,5519.0,1200
2023-10-19 14:26:00+09:00,5520.0,5521.0,5520.0,5521.0,5521.0,900
2023-10-19 14:27:00+09:00,5521.0,5524.0,5521.0,5521.0,5521.0,3700
2023-10-19 14:28:00+09:00,5522.0,5522.0,5522.0,5522.0,5522.0,600
2023-10-19 14:29:00+09:00,5522.0,5522.0,5520.0,5520.0,5520.0,3400
2023-10-19 14:30:00+09:00,5520.0,5523.0,5520.0,5523.0,5523.0,1800
2023-10-19 14:31:00+09:00,5523.0,5525.0,5523.0,5525.0,5525.0,3200
2023-10-19 14:32:00+09:00,5524.0,5524.0,5522.0,5522.0,5522.0,2200
2023-10-19 14:33:00+09:00,5522.0,5522.0,5521.0,5521.0,5521.0,2000
2023-10-19 14:34:00+09:00,5520.0,5521.0,5520.0,5521.0,5521.0,2000
2023-10-19 14:35:00+09:00,5521.0,5521.0,5517.0,5517.0,5517.0,7900
2023-10-19 14:36:00+09:00,5518.0,5522.0,5518.0,5521.0,5521.0,3800
2023-10-19 14:37:00+09:00,5521.0,5522.0,5521.0,5522.0,5522.0,1600
2023-10-19 14:38:00+09:00,5523.0,5523.0,5523.0,5523.0,5523.0,600
2023-10-19 14:39:00+09:00,5523.0,5523.0,5521.0,5521.0,5521.0,3500
2023-10-19 14:40:00+09:00,5521.0,5521.0,5516.0,5519.0,5519.0,9600
2023-10-19 14:41:00+09:00,5519.0,5520.0,5518.0,5518.0,5518.0,3500
2023-10-19 14:42:00+09:00,5520.0,5521.0,5520.0,5521.0,5521.0,5000
2023-10-19 14:43:00+09:00,5520.0,5521.0,5520.0,5521.0,5521.0,1100
2023-10-19 14:44:00+09:00,5520.0,5521.0,5519.0,5519.0,5519.0,2800
2023-10-19 14:45:00+09:00,5519.0,5519.0,5516.0,5517.0,5517.0,4400
2023-10-19 14:46:00+09:00,5516.0,5516.0,5513.0,5513.0,5513.0,3400
2023-10-19 14:47:00+09:00,5514.0,5514.0,5513.0,5513.0,5513.0,2400
2023-10-19 14:48:00+09:00,5512.0,5512.0,5511.0,5512.0,5512.0,1700
2023-10-19 14:49:00+09:00,5511.0,5515.0,5511.0,5515.0,5515.0,6000
2023-10-19 14:50:00+09:00,5514.0,5517.0,5514.0,5516.0,5516.0,8700
2023-10-19 14:51:00+09:00,5515.0,5517.0,5515.0,5517.0,5517.0,3400
2023-10-19 14:52:00+09:00,5517.0,5517.0,5516.0,5517.0,5517.0,1900
2023-10-19 14:53:00+09:00,5516.0,5517.0,5516.0,5516.0,5516.0,3900
2023-10-19 14:54:00+09:00,5516.0,5516.0,5515.0,5516.0,5516.0,1700
2023-10-19 14:55:00+09:00,5517.0,5517.0,5513.0,5513.0,5513.0,5300
2023-10-19 14:56:00+09:00,5514.0,5515.0,5513.0,5514.0,5514.0,5400
2023-10-19 14:57:00+09:00,5514.0,5516.0,5513.0,5515.0,5515.0,2900
2023-10-19 14:58:00+09:00,5514.0,5514.0,5513.0,5513.0,5513.0,3900
2023-10-19 14:59:00+09:00,5514.0,5517.0,5511.0,5517.0,5517.0,9200
2023-10-20 09:00:00+09:00,5512.0,5512.0,5484.0,5490.0,5490.0,61700
2023-10-20 09:01:00+09:00,5483.0,5483.0,5480.0,5480.0,5480.0,3700
2023-10-20 09:02:00+09:00,5479.0,5484.0,5471.0,5473.0,5473.0,5000
2023-10-20 09:03:00+09:00,5471.0,5482.0,5469.0,5482.0,5482.0,4500
2023-10-20 09:04:00+09:00,5482.0,5484.0,5478.0,5479.0,5479.0,2300
2023-10-20 09:05:00+09:00,5481.0,5484.0,5479.0,5480.0,5480.0,1600
2023-10-20 09:06:00+09:00,5483.0,5483.0,5479.0,5480.0,5480.0,1700
2023-10-20 09:07:00+09:00,5479.0,5487.0,5478.0,5480.0,5480.0,4300
2023-10-20 09:08:00+09:00,5480.0,5485.0,5479.0,5484.0,5484.0,3400
2023-10-20 09:09:00+09:00,5484.0,5490.0,5484.0,5489.0,5489.0,3200
2023-10-20 09:10:00+09:00,5486.0,5490.0,5486.0,5488.0,5488.0,2500
2023-10-20 09:11:00+09:00,5489.0,5490.0,5486.0,5490.0,5490.0,2200
2023-10-20 09:12:00+09:00,5489.0,5493.0,5489.0,5493.0,5493.0,1700
2023-10-20 09:13:00+09:00,5492.0,5493.0,5492.0,5492.0,5492.0,1400
2023-10-20 09:14:00+09:00,5490.0,5490.0,5483.0,5483.0,5483.0,2100
2023-10-20 09:15:00+09:00,5484.0,5486.0,5483.0,5485.0,5485.0,1500
2023-10-20 09:16:00+09:00,5485.0,5487.0,5483.0,5483.0,5483.0,1300
2023-10-20 09:17:00+09:00,5483.0,5487.0,5479.0,5479.0,5479.0,2300
2023-10-20 09:18:00+09:00,5479.0,5479.0,5474.0,5475.0,5475.0,7200
2023-10-20 09:19:00+09:00,5475.0,5475.0,5471.0,5471.0,5471.0,1800
2023-10-20 09:20:00+09:00,5472.0,5476.0,5472.0,5476.0,5476.0,2400
2023-10-20 09:21:00+09:00,5477.0,5481.0,5477.0,5478.0,5478.0,2600
2023-10-20 09:22:00+09:00,5479.0,5481.0,5479.0,5481.0,5481.0,800
2023-10-20 09:23:00+09:00,5482.0,5483.0,5480.0,5482.0,5482.0,1900
2023-10-20 09:24:00+09:00,5482.0,5484.0,5482.0,5482.0,5482.0,2000
2023-10-20 09:25:00+09:00,5485.0,5489.0,5485.0,5486.0,5486.0,4000
2023-10-20 09:26:00+09:00,5487.0,5487.0,5482.0,5483.0,5483.0,2300
2023-10-20 09:27:00+09:00,5483.0,5483.0,5482.0,5483.0,5483.0,400
2023-10-20 09:28:00+09:00,5483.0,5483.0,5481.0,5481.0,5481.0,800
2023-10-20 09:29:00+09:00,5482.0,5482.0,5480.0,5481.0,5481.0,400
2023-10-20 09:30:00+09:00,5482.0,5484.0,5481.0,5481.0,5481.0,3700
2023-10-20 09:31:00+09:00,5480.0,5480.0,5474.0,5474.0,5474.0,1700
2023-10-20 09:32:00+09:00,5474.0,5477.0,5474.0,5477.0,5477.0,1800
2023-10-20 09:33:00+09:00,5476.0,5479.0,5475.0,5479.0,5479.0,2400
2023-10-20 09:34:00+09:00,5476.0,5480.0,5476.0,5480.0,5480.0,2300
2023-10-20 09:35:00+09:00,5481.0,5483.0,5480.0,5480.0,5480.0,1900
2023-10-20 09:36:00+09:00,5478.0,5478.0,5473.0,5473.0,5473.0,1300
2023-10-20 09:37:00+09:00,5472.0,5472.0,5469.0,5471.0,5471.0,2700
2023-10-20 09:38:00+09:00,5471.0,5473.0,5470.0,5473.0,5473.0,2600
2023-10-20 09:39:00+09:00,5472.0,5472.0,5471.0,5472.0,5472.0,2000
2023-10-20 09:40:00+09:00,5470.0,5470.0,5463.0,5464.0,5464.0,14600
2023-10-20 09:41:00+09:00,5465.0,5466.0,5465.0,5465.0,5465.0,1200
2023-10-20 09:42:00+09:00,5464.0,5464.0,5462.0,5462.0,5462.0,1000
2023-10-20 09:43:00+09:00,5465.0,5466.0,5464.0,5464.0,5464.0,3600
2023-10-20 09:44:00+09:00,5463.0,5466.0,5462.0,5464.0,5464.0,2500
2023-10-20 09:45:00+09:00,5462.0,5462.0,5459.0,5460.0,5460.0,1200
2023-10-20 09:46:00+09:00,5461.0,5463.0,5459.0,5462.0,5462.0,1900
2023-10-20 09:47:00+09:00,5459.0,5459.0,5457.0,5458.0,5458.0,1100
2023-10-20 09:48:00+09:00,5457.0,5457.0,5454.0,5456.0,5456.0,1700
2023-10-20 09:49:00+09:00,5455.0,5459.0,5455.0,5457.0,5457.0,1500
2023-10-20 09:50:00+09:00,5455.0,5455.0,5454.0,5454.0,5454.0,300
2023-10-20 09:51:00+09:00,5453.0,5453.0,5453.0,5453.0,5453.0,500
2023-10-20 09:52:00+09:00,5452.0,5454.0,5452.0,5452.0,5452.0,2800
2023-10-20 09:53:00+09:00,5453.0,5455.0,5451.0,5455.0,5455.0,1200
2023-10-20 09:54:00+09:00,5456.0,5456.0,5456.0,5456.0,5456.0,0
2023-10-20 09:56:00+09:00,5454.0,5456.0,5454.0,5456.0,5456.0,193800
2023-10-20 09:57:00+09:00,5456.0,5456.0,5452.0,5454.0,5454.0,2300
2023-10-20 09:58:00+09:00,5455.0,5458.0,5455.0,5458.0,5458.0,1200
2023-10-20 09:59:00+09:00,5458.0,5461.0,5458.0,5461.0,5461.0,700
2023-10-20 10:00:00+09:00,5463.0,5466.0,5463.0,5466.0,5466.0,400
2023-10-20 10:01:00+09:00,5466.0,5467.0,5466.0,5467.0,5467.0,1500
2023-10-20 10:02:00+09:00,5467.0,5472.0,5467.0,5472.0,5472.0,1200
2023-10-20 10:03:00+09:00,5472.0,5474.0,5471.0,5472.0,5472.0,1700
2023-10-20 10:04:00+09:00,5470.0,5475.0,5468.0,5475.0,5475.0,3600
2023-10-20 10:05:00+09:00,5473.0,5473.0,5472.0,5472.0,5472.0,500
2023-10-20 10:06:00+09:00,5472.0,5473.0,5472.0,5473.0,5473.0,1300
2023-10-20 10:07:00+09:00,5472.0,5472.0,5472.0,5472.0,5472.0,200
2023-10-20 10:08:00+09:00,5472.0,5472.0,5472.0,5472.0,5472.0,300
2023-10-20 10:09:00+09:00,5471.0,5471.0,5471.0,5471.0,5471.0,500
2023-10-20 10:10:00+09:00,5472.0,5473.0,5467.0,5470.0,5470.0,2200
2023-10-20 10:11:00+09:00,5470.0,5470.0,5467.0,5467.0,5467.0,800
2023-10-20 10:12:00+09:00,5465.0,5466.0,5465.0,5466.0,5466.0,700
2023-10-20 10:13:00+09:00,5465.0,5465.0,5460.0,5461.0,5461.0,900
2023-10-20 10:14:00+09:00,5461.0,5461.0,5457.0,5457.0,5457.0,1200
2023-10-20 10:15:00+09:00,5455.0,5456.0,5452.0,5452.0,5452.0,800
2023-10-20 10:16:00+09:00,5451.0,5453.0,5451.0,5451.0,5451.0,2100
2023-10-20 10:17:00+09:00,5453.0,5454.0,5450.0,5452.0,5452.0,3700
2023-10-20 10:18:00+09:00,5451.0,5452.0,5447.0,5451.0,5451.0,6500
2023-10-20 10:19:00+09:00,5451.0,5451.0,5451.0,5451.0,5451.0,100
2023-10-20 10:20:00+09:00,5451.0,5452.0,5447.0,5447.0,5447.0,2300
2023-10-20 10:21:00+09:00,5446.0,5446.0,5445.0,5445.0,5445.0,300
2023-10-20 10:22:00+09:00,5446.0,5446.0,5444.0,5444.0,5444.0,2400
2023-10-20 10:23:00+09:00,5444.0,5445.0,5443.0,5445.0,5445.0,1500
2023-10-20 10:24:00+09:00,5445.0,5446.0,5443.0,5443.0,5443.0,1100
2023-10-20 10:25:00+09:00,5442.0,5444.0,5441.0,5444.0,5444.0,1400
2023-10-20 10:26:00+09:00,5445.0,5446.0,5445.0,5445.0,5445.0,1300
2023-10-20 10:27:00+09:00,5445.0,5445.0,5444.0,5444.0,5444.0,800
2023-10-20 10:28:00+09:00,5445.0,5448.0,5445.0,5448.0,5448.0,1000
2023-10-20 10:29:00+09:00,5449.0,5450.0,5448.0,5448.0,5448.0,1200
2023-10-20 10:30:00+09:00,5448.0,5450.0,5448.0,5450.0,5450.0,600
2023-10-20 10:31:00+09:00,5450.0,5451.0,5450.0,5450.0,5450.0,900
2023-10-20 10:32:00+09:00,5451.0,5451.0,5449.0,5449.0,5449.0,800
2023-10-20 10:33:00+09:00,5448.0,5452.0,5448.0,5452.0,5452.0,2000
2023-10-20 10:34:00+09:00,5453.0,5453.0,5453.0,5453.0,5453.0,400
2023-10-20 10:35:00+09:00,5453.0,5456.0,5453.0,5456.0,5456.0,600
2023-10-20 10:36:00+09:00,5455.0,5455.0,5455.0,5455.0,5455.0,200
2023-10-20 10:37:00+09:00,5455.0,5455.0,5454.0,5454.0,5454.0,1500
2023-10-20 10:38:00+09:00,5455.0,5457.0,5455.0,5456.0,5456.0,1100
2023-10-20 10:39:00+09:00,5454.0,5455.0,5454.0,5455.0,5455.0,1500
2023-10-20 10:40:00+09:00,5456.0,5456.0,5456.0,5456.0,5456.0,300
2023-10-20 10:41:00+09:00,5456.0,5458.0,5454.0,5454.0,5454.0,1900
2023-10-20 10:42:00+09:00,5454.0,5457.0,5454.0,5457.0,5457.0,1600
2023-10-20 10:44:00+09:00,5458.0,5464.0,5458.0,5464.0,5464.0,3100
2023-10-20 10:45:00+09:00,5463.0,5464.0,5463.0,5464.0,5464.0,1400
2023-10-20 10:46:00+09:00,5463.0,5464.0,5463.0,5464.0,5464.0,200
2023-10-20 10:47:00+09:00,5465.0,5471.0,5465.0,5471.0,5471.0,2100
2023-10-20 10:48:00+09:00,5469.0,5473.0,5469.0,5473.0,5473.0,700
2023-10-20 10:49:00+09:00,5472.0,5473.0,5471.0,5473.0,5473.0,2400
2023-10-20 10:50:00+09:00,5472.0,5474.0,5472.0,5474.0,5474.0,700
2023-10-20 10:51:00+09:00,5474.0,5474.0,5473.0,5474.0,5474.0,500
2023-10-20 10:52:00+09:00,5475.0,5475.0,5474.0,5474.0,5474.0,3400
2023-10-20 10:53:00+09:00,5476.0,5476.0,5474.0,5474.0,5474.0,200
2023-10-20 10:54:00+09:00,5473.0,5473.0,5469.0,5472.0,5472.0,6100
2023-10-20 10:55:00+09:00,5471.0,5471.0,5468.0,5468.0,5468.0,1100
2023-10-20 10:56:00+09:00,5468.0,5468.0,5467.0,5468.0,5468.0,800
2023-10-20 10:57:00+09:00,5468.0,5468.0,5468.0,5468.0,5468.0,700
2023-10-20 10:58:00+09:00,5468.0,5469.0,5468.0,5468.0,5468.0,500
2023-10-20 11:00:00+09:00,5468.0,5468.0,5468.0,5468.0,5468.0,400
2023-10-20 11:01:00+09:00,5468.0,5469.0,5467.0,5469.0,5469.0,1600
2023-10-20 11:02:00+09:00,5469.0,5469.0,5467.0,5467.0,5467.0,1000
2023-10-20 11:03:00+09:00,5468.0,5469.0,5467.0,5469.0,5469.0,1300
2023-10-20 11:04:00+09:00,5470.0,5470.0,5470.0,5470.0,5470.0,700
2023-10-20 11:05:00+09:00,5469.0,5469.0,5468.0,5468.0,5468.0,900
2023-10-20 11:06:00+09:00,5469.0,5473.0,5469.0,5472.0,5472.0,1100
2023-10-20 11:07:00+09:00,5473.0,5475.0,5473.0,5475.0,5475.0,800
2023-10-20 11:08:00+09:00,5475.0,5475.0,5475.0,5475.0,5475.0,400
2023-10-20 11:09:00+09:00,5474.0,5474.0,5468.0,5470.0,5470.0,1800
2023-10-20 11:10:00+09:00,5469.0,5469.0,5469.0,5469.0,5469.0,200
2023-10-20 11:11:00+09:00,5468.0,5470.0,5468.0,5470.0,5470.0,2500
2023-10-20 11:12:00+09:00,5469.0,5470.0,5469.0,5469.0,5469.0,1200
2023-10-20 11:13:00+09:00,5470.0,5470.0,5467.0,5467.0,5467.0,1600
2023-10-20 11:14:00+09:00,5468.0,5468.0,5468.0,5468.0,5468.0,100
2023-10-20 11:15:00+09:00,5469.0,5471.0,5469.0,5471.0,5471.0,900
2023-10-20 11:17:00+09:00,5472.0,5472.0,5472.0,5472.0,5472.0,1300
2023-10-20 11:18:00+09:00,5471.0,5471.0,5470.0,5470.0,5470.0,200
2023-10-20 11:20:00+09:00,5470.0,5472.0,5470.0,5472.0,5472.0,1200
2023-10-20 11:21:00+09:00,5472.0,5473.0,5472.0,5473.0,5473.0,700
2023-10-20 11:22:00+09:00,5471.0,5471.0,5471.0,5471.0,5471.0,600
2023-10-20 11:23:00+09:00,5472.0,5472.0,5472.0,5472.0,5472.0,500
2023-10-20 11:24:00+09:00,5472.0,5473.0,5472.0,5473.0,5473.0,800
2023-10-20 11:25:00+09:00,5471.0,5471.0,5467.0,5467.0,5467.0,2300
2023-10-20 11:26:00+09:00,5467.0,5469.0,5465.0,5469.0,5469.0,2100
2023-10-20 11:27:00+09:00,5467.0,5467.0,5467.0,5467.0,5467.0,100
2023-10-20 11:28:00+09:00,5468.0,5469.0,5464.0,5464.0,5464.0,4400
2023-10-20 11:29:00+09:00,5464.0,5471.0,5464.0,5471.0,5471.0,5000
2023-10-20 11:30:00+09:00,5469.0,5469.0,5466.0,5466.0,5466.0,9000
2023-10-20 11:35:00+09:00,5466.0,5466.0,5466.0,5466.0,5466.0,0
2023-10-20 12:30:00+09:00,5473.0,5479.0,5469.0,5478.0,5478.0,340000
2023-10-20 12:31:00+09:00,5479.0,5481.0,5479.0,5481.0,5481.0,3100
2023-10-20 12:32:00+09:00,5483.0,5487.0,5482.0,5487.0,5487.0,3100
2023-10-20 12:33:00+09:00,5488.0,5490.0,5488.0,5490.0,5490.0,2500
2023-10-20 12:34:00+09:00,5488.0,5488.0,5486.0,5486.0,5486.0,400
2023-10-20 12:35:00+09:00,5485.0,5485.0,5483.0,5483.0,5483.0,2900
2023-10-20 12:36:00+09:00,5483.0,5485.0,5483.0,5484.0,5484.0,1500
2023-10-20 12:37:00+09:00,5483.0,5486.0,5483.0,5483.0,5483.0,1500
2023-10-20 12:38:00+09:00,5483.0,5484.0,5483.0,5483.0,5483.0,800
2023-10-20 12:39:00+09:00,5484.0,5484.0,5481.0,5481.0,5481.0,2600
2023-10-20 12:40:00+09:00,5480.0,5480.0,5478.0,5478.0,5478.0,1900
2023-10-20 12:41:00+09:00,5477.0,5479.0,5477.0,5479.0,5479.0,1000
2023-10-20 12:42:00+09:00,5477.0,5479.0,5475.0,5479.0,5479.0,2900
2023-10-20 12:43:00+09:00,5478.0,5479.0,5478.0,5479.0,5479.0,900
2023-10-20 12:44:00+09:00,5477.0,5477.0,5477.0,5477.0,5477.0,600
2023-10-20 12:45:00+09:00,5477.0,5480.0,5477.0,5478.0,5478.0,2900
2023-10-20 12:46:00+09:00,5476.0,5476.0,5476.0,5476.0,5476.0,300
2023-10-20 12:47:00+09:00,5475.0,5475.0,5475.0,5475.0,5475.0,400
2023-10-20 12:48:00+09:00,5474.0,5474.0,5473.0,5474.0,5474.0,1600
2023-10-20 12:49:00+09:00,5474.0,5474.0,5473.0,5473.0,5473.0,300
2023-10-20 12:50:00+09:00,5472.0,5472.0,5469.0,5469.0,5469.0,1700
2023-10-20 12:51:00+09:00,5469.0,5471.0,5469.0,5470.0,5470.0,1900
2023-10-20 12:52:00+09:00,5469.0,5469.0,5469.0,5469.0,5469.0,500
2023-10-20 12:53:00+09:00,5469.0,5469.0,5469.0,5469.0,5469.0,400
2023-10-20 12:54:00+09:00,5470.0,5472.0,5470.0,5471.0,5471.0,3300
2023-10-20 12:55:00+09:00,5472.0,5472.0,5472.0,5472.0,5472.0,700
2023-10-20 12:56:00+09:00,5471.0,5472.0,5471.0,5472.0,5472.0,200
2023-10-20 12:57:00+09:00,5471.0,5472.0,5470.0,5471.0,5471.0,2400
2023-10-20 12:58:00+09:00,5469.0,5470.0,5468.0,5470.0,5470.0,2500
2023-10-20 12:59:00+09:00,5470.0,5471.0,5469.0,5469.0,5469.0,1000
2023-10-20 13:00:00+09:00,5468.0,5468.0,5467.0,5467.0,5467.0,600
2023-10-20 13:01:00+09:00,5468.0,5471.0,5468.0,5471.0,5471.0,2400
2023-10-20 13:02:00+09:00,5470.0,5472.0,5470.0,5472.0,5472.0,2000
2023-10-20 13:03:00+09:00,5472.0,5475.0,5471.0,5471.0,5471.0,6300
2023-10-20 13:04:00+09:00,5469.0,5469.0,5469.0,5469.0,5469.0,1200
2023-10-20 13:05:00+09:00,5469.0,5469.0,5469.0,5469.0,5469.0,1400
2023-10-20 13:06:00+09:00,5469.0,5469.0,5468.0,5468.0,5468.0,200
2023-10-20 13:07:00+09:00,5468.0,5468.0,5463.0,5463.0,5463.0,2000
2023-10-20 13:08:00+09:00,5464.0,5464.0,5464.0,5464.0,5464.0,100
2023-10-20 13:09:00+09:00,5464.0,5465.0,5464.0,5465.0,5465.0,1000
2023-10-20 13:10:00+09:00,5465.0,5465.0,5463.0,5464.0,5464.0,900
2023-10-20 13:11:00+09:00,5465.0,5465.0,5465.0,5465.0,5465.0,100
2023-10-20 13:12:00+09:00,5465.0,5467.0,5465.0,5467.0,5467.0,1800
2023-10-20 13:13:00+09:00,5467.0,5467.0,5467.0,5467.0,5467.0,200
2023-10-20 13:14:00+09:00,5467.0,5467.0,5466.0,5466.0,5466.0,400
2023-10-20 13:15:00+09:00,5465.0,5466.0,5465.0,5466.0,5466.0,1000
2023-10-20 13:16:00+09:00,5468.0,5468.0,5466.0,5466.0,5466.0,200
2023-10-20 13:17:00+09:00,5466.0,5467.0,5466.0,5467.0,5467.0,1600
2023-10-20 13:18:00+09:00,5467.0,5467.0,5467.0,5467.0,5467.0,100
2023-10-20 13:19:00+09:00,5466.0,5466.0,5466.0,5466.0,5466.0,100
2023-10-20 13:20:00+09:00,5467.0,5469.0,5467.0,5469.0,5469.0,2000
2023-10-20 13:21:00+09:00,5467.0,5467.0,5465.0,5465.0,5465.0,1600
2023-10-20 13:22:00+09:00,5467.0,5468.0,5467.0,5468.0,5468.0,700
2023-10-20 13:25:00+09:00,5468.0,5468.0,5468.0,5468.0,5468.0,2200
2023-10-20 13:26:00+09:00,5469.0,5470.0,5469.0,5469.0,5469.0,1300
2023-10-20 13:27:00+09:00,5470.0,5473.0,5470.0,5472.0,5472.0,3200
2023-10-20 13:28:00+09:00,5472.0,5472.0,5472.0,5472.0,5472.0,1300
2023-10-20 13:29:00+09:00,5472.0,5472.0,5471.0,5471.0,5471.0,900
2023-10-20 13:30:00+09:00,5471.0,5472.0,5471.0,5471.0,5471.0,1700
2023-10-20 13:31:00+09:00,5471.0,5471.0,5471.0,5471.0,5471.0,1200
2023-10-20 13:32:00+09:00,5472.0,5476.0,5472.0,5476.0,5476.0,4100
2023-10-20 13:33:00+09:00,5476.0,5478.0,5476.0,5478.0,5478.0,2000
2023-10-20 13:34:00+09:00,5477.0,5477.0,5476.0,5476.0,5476.0,2100
2023-10-20 13:35:00+09:00,5475.0,5478.0,5475.0,5478.0,5478.0,2700
2023-10-20 13:36:00+09:00,5478.0,5478.0,5478.0,5478.0,5478.0,300
2023-10-20 13:37:00+09:00,5475.0,5477.0,5473.0,5477.0,5477.0,3300
2023-10-20 13:38:00+09:00,5477.0,5477.0,5477.0,5477.0,5477.0,200
2023-10-20 13:39:00+09:00,5477.0,5477.0,5477.0,5477.0,5477.0,1000
2023-10-20 13:40:00+09:00,5477.0,5477.0,5477.0,5477.0,5477.0,1000
2023-10-20 13:41:00+09:00,5476.0,5477.0,5476.0,5477.0,5477.0,1000
2023-10-20 13:42:00+09:00,5476.0,5476.0,5472.0,5473.0,5473.0,2800
2023-10-20 13:43:00+09:00,5473.0,5475.0,5471.0,5475.0,5475.0,3200
2023-10-20 13:44:00+09:00,5473.0,5474.0,5473.0,5474.0,5474.0,300
2023-10-20 13:45:00+09:00,5473.0,5473.0,5471.0,5471.0,5471.0,700
2023-10-20 13:46:00+09:00,5471.0,5471.0,5468.0,5468.0,5468.0,1800
2023-10-20 13:47:00+09:00,5469.0,5472.0,5469.0,5472.0,5472.0,1500
2023-10-20 13:48:00+09:00,5472.0,5474.0,5472.0,5472.0,5472.0,3300
2023-10-20 13:49:00+09:00,5471.0,5471.0,5469.0,5469.0,5469.0,2200
2023-10-20 13:50:00+09:00,5469.0,5469.0,5469.0,5469.0,5469.0,300
2023-10-20 13:51:00+09:00,5469.0,5469.0,5469.0,5469.0,5469.0,1200
2023-10-20 13:52:00+09:00,5470.0,5470.0,5470.0,5470.0,5470.0,1100
2023-10-20 13:53:00+09:00,5471.0,5473.0,5471.0,5472.0,5472.0,1300
2023-10-20 13:55:00+09:00,5471.0,5471.0,5471.0,5471.0,5471.0,1900
2023-10-20 13:56:00+09:00,5470.0,5470.0,5470.0,5470.0,5470.0,300
2023-10-20 13:57:00+09:00,5470.0,5470.0,5468.0,5468.0,5468.0,1400
2023-10-20 13:58:00+09:00,5468.0,5468.0,5467.0,5467.0,5467.0,600
2023-10-20 13:59:00+09:00,5467.0,5468.0,5465.0,5465.0,5465.0,1600
2023-10-20 14:00:00+09:00,5464.0,5466.0,5464.0,5466.0,5466.0,2000
2023-10-20 14:01:00+09:00,5466.0,5466.0,5466.0,5466.0,5466.0,200
2023-10-20 14:02:00+09:00,5465.0,5465.0,5463.0,5463.0,5463.0,1300
2023-10-20 14:03:00+09:00,5462.0,5462.0,5461.0,5462.0,5462.0,1100
2023-10-20 14:04:00+09:00,5462.0,5462.0,5461.0,5461.0,5461.0,300
2023-10-20 14:05:00+09:00,5461.0,5462.0,5460.0,5462.0,5462.0,1500
2023-10-20 14:06:00+09:00,5463.0,5463.0,5463.0,5463.0,5463.0,1400
2023-10-20 14:07:00+09:00,5462.0,5462.0,5461.0,5461.0,5461.0,1800
2023-10-20 14:08:00+09:00,5461.0,5464.0,5461.0,5463.0,5463.0,1800
2023-10-20 14:09:00+09:00,5462.0,5463.0,5461.0,5463.0,5463.0,300
2023-10-20 14:10:00+09:00,5463.0,5463.0,5463.0,5463.0,5463.0,900
2023-10-20 14:11:00+09:00,5463.0,5463.0,5461.0,5461.0,5461.0,2300
2023-10-20 14:12:00+09:00,5460.0,5460.0,5460.0,5460.0,5460.0,400
2023-10-20 14:13:00+09:00,5460.0,5460.0,5458.0,5458.0,5458.0,1400
2023-10-20 14:14:00+09:00,5458.0,5458.0,5457.0,5458.0,5458.0,1900
2023-10-20 14:15:00+09:00,5459.0,5460.0,5457.0,5459.0,5459.0,1000
2023-10-20 14:16:00+09:00,5460.0,5460.0,5460.0,5460.0,5460.0,1100
2023-10-20 14:18:00+09:00,5460.0,5460.0,5460.0,5460.0,5460.0,1100
2023-10-20 14:19:00+09:00,5459.0,5459.0,5456.0,5456.0,5456.0,1600
2023-10-20 14:20:00+09:00,5456.0,5458.0,5456.0,5458.0,5458.0,1000
2023-10-20 14:21:00+09:00,5458.0,5460.0,5458.0,5460.0,5460.0,2800
2023-10-20 14:22:00+09:00,5461.0,5461.0,5460.0,5460.0,5460.0,2600
2023-10-20 14:23:00+09:00,5460.0,5460.0,5460.0,5460.0,5460.0,400
2023-10-20 14:24:00+09:00,5461.0,5464.0,5461.0,5464.0,5464.0,2600
2023-10-20 14:25:00+09:00,5463.0,5463.0,5459.0,5462.0,5462.0,5500
2023-10-20 14:26:00+09:00,5463.0,5463.0,5460.0,5460.0,5460.0,2200
2023-10-20 14:27:00+09:00,5460.0,5461.0,5459.0,5461.0,5461.0,1000
2023-10-20 14:28:00+09:00,5461.0,5462.0,5461.0,5462.0,5462.0,2300
2023-10-20 14:29:00+09:00,5461.0,5461.0,5460.0,5460.0,5460.0,1100
2023-10-20 14:30:00+09:00,5459.0,5461.0,5459.0,5461.0,5461.0,1600
2023-10-20 14:31:00+09:00,5460.0,5460.0,5460.0,5460.0,5460.0,300
2023-10-20 14:32:00+09:00,5461.0,5462.0,5461.0,5462.0,5462.0,1000
2023-10-20 14:33:00+09:00,5461.0,5461.0,5460.0,5460.0,5460.0,1500
2023-10-20 14:34:00+09:00,5460.0,5460.0,5456.0,5456.0,5456.0,2100
2023-10-20 14:35:00+09:00,5456.0,5456.0,5455.0,5455.0,5455.0,900
2023-10-20 14:36:00+09:00,5455.0,5455.0,5454.0,5454.0,5454.0,1800
2023-10-20 14:37:00+09:00,5454.0,5456.0,5454.0,5456.0,5456.0,2200
2023-10-20 14:38:00+09:00,5455.0,5455.0,5451.0,5451.0,5451.0,4900
2023-10-20 14:39:00+09:00,5450.0,5450.0,5449.0,5450.0,5450.0,2900
2023-10-20 14:40:00+09:00,5451.0,5453.0,5451.0,5452.0,5452.0,2900
2023-10-20 14:41:00+09:00,5451.0,5452.0,5451.0,5452.0,5452.0,2500
2023-10-20 14:42:00+09:00,5453.0,5454.0,5453.0,5453.0,5453.0,4700
2023-10-20 14:43:00+09:00,5453.0,5453.0,5449.0,5449.0,5449.0,10400
2023-10-20 14:44:00+09:00,5449.0,5450.0,5449.0,5450.0,5450.0,11800
2023-10-20 14:45:00+09:00,5450.0,5452.0,5449.0,5450.0,5450.0,9000
2023-10-20 14:46:00+09:00,5450.0,5451.0,5450.0,5450.0,5450.0,1500
2023-10-20 14:47:00+09:00,5452.0,5452.0,5451.0,5451.0,5451.0,1900
2023-10-20 14:48:00+09:00,5451.0,5451.0,5451.0,5451.0,5451.0,1300
2023-10-20 14:50:00+09:00,5447.0,5448.0,5447.0,5448.0,5448.0,5300
2023-10-20 14:51:00+09:00,5447.0,5448.0,5446.0,5447.0,5447.0,4300
2023-10-20 14:52:00+09:00,5448.0,5448.0,5447.0,5447.0,5447.0,1600
2023-10-20 14:53:00+09:00,5447.0,5447.0,5445.0,5445.0,5445.0,2500
2023-10-20 14:54:00+09:00,5445.0,5447.0,5445.0,5446.0,5446.0,4200
2023-10-20 14:55:00+09:00,5444.0,5444.0,5442.0,5443.0,5443.0,2300
2023-10-20 14:56:00+09:00,5443.0,5443.0,5441.0,5441.0,5441.0,2500
2023-10-20 14:57:00+09:00,5441.0,5442.0,5440.0,5440.0,5440.0,2600
2023-10-20 14:58:00+09:00,5441.0,5441.0,5440.0,5441.0,5441.0,3900
2023-10-20 14:59:00+09:00,5442.0,5446.0,5440.0,5445.0,5445.0,13200
2023-10-23 09:00:00+09:00,5447.0,5461.0,5437.0,5458.0,5458.0,0
2023-10-23 09:01:00+09:00,5457.0,5470.0,5457.0,5465.0,5465.0,5800
2023-10-23 09:02:00+09:00,5466.0,5470.0,5464.0,5465.0,5465.0,5500
2023-10-23 09:03:00+09:00,5464.0,5471.0,5461.0,5469.0,5469.0,5100
2023-10-23 09:04:00+09:00,5467.0,5474.0,5463.0,5468.0,5468.0,6000
2023-10-23 09:05:00+09:00,5466.0,5472.0,5464.0,5471.0,5471.0,1300
2023-10-23 09:06:00+09:00,5471.0,5471.0,5459.0,5460.0,5460.0,3900
2023-10-23 09:07:00+09:00,5462.0,5462.0,5455.0,5455.0,5455.0,1300
2023-10-23 09:08:00+09:00,5455.0,5455.0,5452.0,5453.0,5453.0,1900
2023-10-23 09:09:00+09:00,5454.0,5457.0,5454.0,5456.0,5456.0,2400
2023-10-23 09:10:00+09:00,5456.0,5456.0,5449.0,5453.0,5453.0,2600
2023-10-23 09:11:00+09:00,5453.0,5454.0,5452.0,5453.0,5453.0,2500
2023-10-23 09:12:00+09:00,5451.0,5451.0,5448.0,5449.0,5449.0,1700
2023-10-23 09:13:00+09:00,5449.0,5450.0,5446.0,5446.0,5446.0,1300
2023-10-23 09:14:00+09:00,5447.0,5450.0,5445.0,5446.0,5446.0,3200
2023-10-23 09:15:00+09:00,5447.0,5448.0,5446.0,5448.0,5448.0,1600
2023-10-23 09:16:00+09:00,5447.0,5451.0,5446.0,5447.0,5447.0,5200
2023-10-23 09:17:00+09:00,5448.0,5450.0,5448.0,5449.0,5449.0,1800
2023-10-23 09:18:00+09:00,5448.0,5449.0,5446.0,5448.0,5448.0,2800
2023-10-23 09:19:00+09:00,5447.0,5447.0,5445.0,5445.0,5445.0,1000
2023-10-23 09:20:00+09:00,5444.0,5446.0,5441.0,5446.0,5446.0,4400
2023-10-23 09:21:00+09:00,5446.0,5448.0,5444.0,5444.0,5444.0,2500
2023-10-23 09:22:00+09:00,5443.0,5445.0,5442.0,5445.0,5445.0,900
2023-10-23 09:23:00+09:00,5445.0,5447.0,5445.0,5447.0,5447.0,1900
2023-10-23 09:24:00+09:00,5448.0,5448.0,5444.0,5447.0,5447.0,1600
2023-10-23 09:25:00+09:00,5448.0,5453.0,5448.0,5453.0,5453.0,3600
2023-10-23 09:26:00+09:00,5453.0,5454.0,5452.0,5452.0,5452.0,900
2023-10-23 09:27:00+09:00,5454.0,5457.0,5454.0,5457.0,5457.0,2200
2023-10-23 09:28:00+09:00,5456.0,5461.0,5456.0,5460.0,5460.0,3100
2023-10-23 09:29:00+09:00,5459.0,5459.0,5459.0,5459.0,5459.0,700
2023-10-23 09:30:00+09:00,5459.0,5460.0,5455.0,5455.0,5455.0,5000
2023-10-23 09:31:00+09:00,5455.0,5459.0,5455.0,5456.0,5456.0,2400
2023-10-23 09:32:00+09:00,5457.0,5463.0,5457.0,5463.0,5463.0,3000
2023-10-23 09:33:00+09:00,5464.0,5469.0,5464.0,5467.0,5467.0,1800
2023-10-23 09:34:00+09:00,5466.0,5469.0,5466.0,5469.0,5469.0,900
2023-10-23 09:35:00+09:00,5470.0,5471.0,5468.0,5470.0,5470.0,2000
2023-10-23 09:36:00+09:00,5470.0,5474.0,5470.0,5474.0,5474.0,1500
2023-10-23 09:37:00+09:00,5473.0,5479.0,5473.0,5479.0,5479.0,2200
2023-10-23 09:38:00+09:00,5479.0,5481.0,5478.0,5481.0,5481.0,1900
2023-10-23 09:39:00+09:00,5482.0,5482.0,5478.0,5478.0,5478.0,1000
2023-10-23 09:40:00+09:00,5477.0,5477.0,5476.0,5476.0,5476.0,1900
2023-10-23 09:41:00+09:00,5476.0,5481.0,5476.0,5478.0,5478.0,1600
2023-10-23 09:42:00+09:00,5478.0,5479.0,5478.0,5479.0,5479.0,700
2023-10-23 09:43:00+09:00,5478.0,5478.0,5477.0,5477.0,5477.0,1000
2023-10-23 09:44:00+09:00,5476.0,5476.0,5473.0,5473.0,5473.0,1700
2023-10-23 09:45:00+09:00,5473.0,5475.0,5473.0,5473.0,5473.0,900
2023-10-23 09:46:00+09:00,5472.0,5475.0,5472.0,5474.0,5474.0,3700
2023-10-23 09:47:00+09:00,5474.0,5479.0,5474.0,5479.0,5479.0,8300
2023-10-23 09:48:00+09:00,5478.0,5479.0,5478.0,5479.0,5479.0,1500
2023-10-23 09:49:00+09:00,5480.0,5482.0,5480.0,5482.0,5482.0,1600
2023-10-23 09:50:00+09:00,5483.0,5485.0,5482.0,5483.0,5483.0,2300
2023-10-23 09:51:00+09:00,5485.0,5486.0,5482.0,5482.0,5482.0,2400
2023-10-23 09:52:00+09:00,5481.0,5482.0,5480.0,5482.0,5482.0,1000
2023-10-23 09:53:00+09:00,5482.0,5486.0,5482.0,5486.0,5486.0,1000
2023-10-23 09:54:00+09:00,5487.0,5487.0,5487.0,5487.0,5487.0,2200
2023-10-23 09:55:00+09:00,5488.0,5489.0,5487.0,5487.0,5487.0,3300
2023-10-23 09:56:00+09:00,5489.0,5498.0,5489.0,5496.0,5496.0,1600
2023-10-23 09:57:00+09:00,5497.0,5497.0,5496.0,5496.0,5496.0,1100
2023-10-23 09:58:00+09:00,5497.0,5501.0,5497.0,5500.0,5500.0,13700
2023-10-23 09:59:00+09:00,5502.0,5505.0,5502.0,5503.0,5503.0,2600
2023-10-23 10:00:00+09:00,5504.0,5504.0,5500.0,5503.0,5503.0,3000
2023-10-23 10:01:00+09:00,5502.0,5502.0,5499.0,5500.0,5500.0,1000
2023-10-23 10:02:00+09:00,5501.0,5506.0,5501.0,5506.0,5506.0,2300
2023-10-23 10:03:00+09:00,5505.0,5505.0,5503.0,5503.0,5503.0,1300
2023-10-23 10:04:00+09:00,5502.0,5506.0,5502.0,5506.0,5506.0,1400
2023-10-23 10:05:00+09:00,5506.0,5507.0,5506.0,5507.0,5507.0,600
2023-10-23 10:06:00+09:00,5507.0,5507.0,5506.0,5506.0,5506.0,600
2023-10-23 10:07:00+09:00,5505.0,5505.0,5502.0,5503.0,5503.0,2100
2023-10-23 10:08:00+09:00,5503.0,5504.0,5503.0,5504.0,5504.0,300
2023-10-23 10:09:00+09:00,5503.0,5503.0,5500.0,5500.0,5500.0,1300
2023-10-23 10:10:00+09:00,5499.0,5502.0,5499.0,5499.0,5499.0,1600
2023-10-23 10:11:00+09:00,5500.0,5500.0,5497.0,5497.0,5497.0,900
2023-10-23 10:12:00+09:00,5496.0,5498.0,5496.0,5498.0,5498.0,900
2023-10-23 10:13:00+09:00,5497.0,5498.0,5495.0,5497.0,5497.0,1500
2023-10-23 10:14:00+09:00,5497.0,5497.0,5492.0,5493.0,5493.0,1800
2023-10-23 10:15:00+09:00,5494.0,5496.0,5494.0,5495.0,5495.0,800
2023-10-23 10:16:00+09:00,5494.0,5494.0,5493.0,5493.0,5493.0,600
2023-10-23 10:17:00+09:00,5494.0,5496.0,5494.0,5494.0,5494.0,1100
2023-10-23 10:18:00+09:00,5495.0,5497.0,5495.0,5497.0,5497.0,1400
2023-10-23 10:19:00+09:00,5497.0,5497.0,5495.0,5495.0,5495.0,1400
2023-10-23 10:20:00+09:00,5494.0,5495.0,5492.0,5495.0,5495.0,3400
2023-10-23 10:21:00+09:00,5495.0,5498.0,5495.0,5497.0,5497.0,2500
2023-10-23 10:22:00+09:00,5497.0,5497.0,5494.0,5495.0,5495.0,2100
2023-10-23 10:23:00+09:00,5495.0,5496.0,5495.0,5496.0,5496.0,2300
2023-10-23 10:24:00+09:00,5497.0,5501.0,5497.0,5498.0,5498.0,2700
2023-10-23 10:25:00+09:00,5497.0,5497.0,5497.0,5497.0,5497.0,100
2023-10-23 10:26:00+09:00,5498.0,5498.0,5491.0,5491.0,5491.0,7200
2023-10-23 10:27:00+09:00,5492.0,5494.0,5491.0,5493.0,5493.0,2500
2023-10-23 10:28:00+09:00,5494.0,5496.0,5493.0,5493.0,5493.0,900
2023-10-23 10:29:00+09:00,5492.0,5495.0,5491.0,5494.0,5494.0,1700
2023-10-23 10:30:00+09:00,5493.0,5493.0,5488.0,5488.0,5488.0,1700
2023-10-23 10:31:00+09:00,5488.0,5488.0,5478.0,5480.0,5480.0,2200
2023-10-23 10:32:00+09:00,5480.0,5480.0,5480.0,5480.0,5480.0,100
2023-10-23 10:33:00+09:00,5481.0,5483.0,5481.0,5483.0,5483.0,1600
2023-10-23 10:34:00+09:00,5482.0,5484.0,5482.0,5484.0,5484.0,400
2023-10-23 10:35:00+09:00,5484.0,5484.0,5484.0,5484.0,5484.0,400
2023-10-23 10:36:00+09:00,5483.0,5483.0,5479.0,5479.0,5479.0,1300
2023-10-23 10:37:00+09:00,5478.0,5480.0,5477.0,5479.0,5479.0,1300
2023-10-23 10:38:00+09:00,5481.0,5482.0,5481.0,5482.0,5482.0,900
2023-10-23 10:39:00+09:00,5482.0,5482.0,5480.0,5482.0,5482.0,900
2023-10-23 10:40:00+09:00,5483.0,5485.0,5482.0,5485.0,5485.0,1700
2023-10-23 10:41:00+09:00,5485.0,5485.0,5485.0,5485.0,5485.0,100
2023-10-23 10:42:00+09:00,5486.0,5486.0,5486.0,5486.0,5486.0,200
2023-10-23 10:43:00+09:00,5485.0,5485.0,5484.0,5484.0,5484.0,800
2023-10-23 10:44:00+09:00,5483.0,5484.0,5482.0,5484.0,5484.0,500
2023-10-23 10:45:00+09:00,5485.0,5486.0,5483.0,5484.0,5484.0,1900
2023-10-23 10:46:00+09:00,5484.0,5487.0,5484.0,5487.0,5487.0,800
2023-10-23 10:47:00+09:00,5487.0,5487.0,5485.0,5485.0,5485.0,700
2023-10-23 10:48:00+09:00,5486.0,5486.0,5484.0,5486.0,5486.0,400
2023-10-23 10:49:00+09:00,5484.0,5486.0,5484.0,5484.0,5484.0,274500
2023-10-23 10:50:00+09:00,5484.0,5484.0,5483.0,5483.0,5483.0,500
2023-10-23 10:51:00+09:00,5484.0,5484.0,5483.0,5484.0,5484.0,600
2023-10-23 10:52:00+09:00,5485.0,5485.0,5485.0,5485.0,5485.0,200
2023-10-23 10:53:00+09:00,5485.0,5485.0,5485.0,5485.0,5485.0,400
2023-10-23 10:54:00+09:00,5486.0,5486.0,5485.0,5485.0,5485.0,600
2023-10-23 10:55:00+09:00,5485.0,5488.0,5485.0,5488.0,5488.0,1500
2023-10-23 10:56:00+09:00,5488.0,5488.0,5487.0,5488.0,5488.0,1200
2023-10-23 10:57:00+09:00,5488.0,5489.0,5488.0,5489.0,5489.0,2600
2023-10-23 10:58:00+09:00,5487.0,5487.0,5486.0,5487.0,5487.0,1000
2023-10-23 10:59:00+09:00,5488.0,5488.0,5488.0,5488.0,5488.0,200
2023-10-23 11:00:00+09:00,5488.0,5491.0,5488.0,5491.0,5491.0,2300
2023-10-23 11:01:00+09:00,5491.0,5493.0,5490.0,5490.0,5490.0,3400
2023-10-23 11:02:00+09:00,5489.0,5490.0,5489.0,5490.0,5490.0,300
2023-10-23 11:03:00+09:00,5487.0,5487.0,5487.0,5487.0,5487.0,100
2023-10-23 11:04:00+09:00,5487.0,5487.0,5483.0,5483.0,5483.0,2000
2023-10-23 11:05:00+09:00,5484.0,5484.0,5481.0,5482.0,5482.0,1200
2023-10-23 11:06:00+09:00,5483.0,5484.0,5482.0,5482.0,5482.0,1100
2023-10-23 11:07:00+09:00,5481.0,5481.0,5480.0,5480.0,5480.0,500
2023-10-23 11:08:00+09:00,5481.0,5482.0,5479.0,5479.0,5479.0,800
2023-10-23 11:09:00+09:00,5479.0,5481.0,5479.0,5480.0,5480.0,1400
2023-10-23 11:10:00+09:00,5480.0,5480.0,5478.0,5478.0,5478.0,1200
2023-10-23 11:11:00+09:00,5478.0,5478.0,5476.0,5477.0,5477.0,900
2023-10-23 11:14:00+09:00,5479.0,5479.0,5477.0,5477.0,5477.0,700
2023-10-23 11:15:00+09:00,5476.0,5481.0,5476.0,5481.0,5481.0,3800
2023-10-23 11:16:00+09:00,5480.0,5481.0,5480.0,5481.0,5481.0,700
2023-10-23 11:17:00+09:00,5480.0,5483.0,5480.0,5483.0,5483.0,1000
2023-10-23 11:18:00+09:00,5483.0,5483.0,5483.0,5483.0,5483.0,100
2023-10-23 11:19:00+09:00,5484.0,5487.0,5484.0,5487.0,5487.0,1100
2023-10-23 11:20:00+09:00,5489.0,5490.0,5489.0,5490.0,5490.0,300
2023-10-23 11:21:00+09:00,5491.0,5492.0,5490.0,5492.0,5492.0,1000
2023-10-23 11:22:00+09:00,5492.0,5492.0,5490.0,5491.0,5491.0,1600
2023-10-23 11:23:00+09:00,5491.0,5491.0,5491.0,5491.0,5491.0,200
2023-10-23 11:24:00+09:00,5491.0,5492.0,5490.0,5492.0,5492.0,1100
2023-10-23 11:25:00+09:00,5490.0,5491.0,5488.0,5488.0,5488.0,800
2023-10-23 11:26:00+09:00,5487.0,5489.0,5486.0,5488.0,5488.0,1300
2023-10-23 11:27:00+09:00,5488.0,5489.0,5485.0,5489.0,5489.0,3400
2023-10-23 11:28:00+09:00,5490.0,5490.0,5485.0,5485.0,5485.0,1900
2023-10-23 11:29:00+09:00,5486.0,5487.0,5480.0,5480.0,5480.0,2200
2023-10-23 11:30:00+09:00,5484.0,5484.0,5479.0,5479.0,5479.0,11800
2023-10-23 11:35:00+09:00,5479.0,5479.0,5479.0,5479.0,5479.0,0
2023-10-23 12:30:00+09:00,5492.0,5496.0,5490.0,5491.0,5491.0,359100
2023-10-23 12:31:00+09:00,5492.0,5493.0,5485.0,5486.0,5486.0,4200
2023-10-23 12:32:00+09:00,5488.0,5491.0,5488.0,5491.0,5491.0,2900
2023-10-23 12:33:00+09:00,5492.0,5492.0,5491.0,5491.0,5491.0,600
2023-10-23 12:34:00+09:00,5492.0,5492.0,5489.0,5491.0,5491.0,1700
2023-10-23 12:35:00+09:00,5489.0,5489.0,5489.0,5489.0,5489.0,200
2023-10-23 12:36:00+09:00,5490.0,5490.0,5488.0,5488.0,5488.0,1300
2023-10-23 12:37:00+09:00,5489.0,5496.0,5489.0,5496.0,5496.0,3600
2023-10-23 12:38:00+09:00,5497.0,5498.0,5497.0,5498.0,5498.0,2400
2023-10-23 12:39:00+09:00,5497.0,5497.0,5494.0,5496.0,5496.0,2300
2023-10-23 12:40:00+09:00,5495.0,5498.0,5495.0,5498.0,5498.0,700
2023-10-23 12:41:00+09:00,5499.0,5499.0,5499.0,5499.0,5499.0,700
2023-10-23 12:42:00+09:00,5500.0,5502.0,5499.0,5500.0,5500.0,5800
2023-10-23 12:43:00+09:00,5500.0,5500.0,5499.0,5499.0,5499.0,400
2023-10-23 12:44:00+09:00,5499.0,5500.0,5499.0,5500.0,5500.0,300
2023-10-23 12:45:00+09:00,5499.0,5500.0,5498.0,5498.0,5498.0,1300
2023-10-23 12:46:00+09:00,5498.0,5498.0,5496.0,5496.0,5496.0,1800
2023-10-23 12:47:00+09:00,5496.0,5496.0,5496.0,5496.0,5496.0,600
2023-10-23 12:48:00+09:00,5495.0,5495.0,5494.0,5494.0,5494.0,1000
2023-10-23 12:49:00+09:00,5493.0,5494.0,5493.0,5493.0,5493.0,900
2023-10-23 12:50:00+09:00,5493.0,5493.0,5492.0,5492.0,5492.0,1200
2023-10-23 12:51:00+09:00,5493.0,5493.0,5492.0,5492.0,5492.0,700
2023-10-23 12:52:00+09:00,5492.0,5492.0,5492.0,5492.0,5492.0,200
2023-10-23 12:53:00+09:00,5491.0,5493.0,5490.0,5492.0,5492.0,2400
2023-10-23 12:54:00+09:00,5492.0,5492.0,5492.0,5492.0,5492.0,700
2023-10-23 12:55:00+09:00,5491.0,5491.0,5491.0,5491.0,5491.0,300
2023-10-23 12:56:00+09:00,5491.0,5491.0,5490.0,5490.0,5490.0,300
2023-10-23 12:57:00+09:00,5490.0,5490.0,5490.0,5490.0,5490.0,1200
2023-10-23 12:58:00+09:00,5490.0,5491.0,5488.0,5488.0,5488.0,2400
2023-10-23 12:59:00+09:00,5489.0,5489.0,5489.0,5489.0,5489.0,600
2023-10-23 13:00:00+09:00,5489.0,5489.0,5484.0,5485.0,5485.0,1300
2023-10-23 13:01:00+09:00,5484.0,5484.0,5484.0,5484.0,5484.0,400
2023-10-23 13:02:00+09:00,5485.0,5485.0,5483.0,5484.0,5484.0,900
2023-10-23 13:03:00+09:00,5485.0,5485.0,5484.0,5484.0,5484.0,400
2023-10-23 13:04:00+09:00,5484.0,5484.0,5483.0,5483.0,5483.0,1600
2023-10-23 13:05:00+09:00,5484.0,5486.0,5483.0,5486.0,5486.0,1600
2023-10-23 13:06:00+09:00,5487.0,5487.0,5486.0,5486.0,5486.0,2200
2023-10-23 13:07:00+09:00,5487.0,5487.0,5486.0,5486.0,5486.0,900
2023-10-23 13:08:00+09:00,5487.0,5487.0,5487.0,5487.0,5487.0,100
2023-10-23 13:09:00+09:00,5487.0,5487.0,5486.0,5486.0,5486.0,1000
2023-10-23 13:10:00+09:00,5486.0,5488.0,5486.0,5488.0,5488.0,1100
2023-10-23 13:11:00+09:00,5487.0,5487.0,5487.0,5487.0,5487.0,800
2023-10-23 13:12:00+09:00,5487.0,5488.0,5487.0,5487.0,5487.0,400
2023-10-23 13:13:00+09:00,5487.0,5487.0,5486.0,5487.0,5487.0,1200
2023-10-23 13:14:00+09:00,5487.0,5487.0,5487.0,5487.0,5487.0,300
2023-10-23 13:15:00+09:00,5486.0,5486.0,5486.0,5486.0,5486.0,500
2023-10-23 13:16:00+09:00,5486.0,5486.0,5486.0,5486.0,5486.0,400
2023-10-23 13:17:00+09:00,5485.0,5487.0,5485.0,5486.0,5486.0,1000
2023-10-23 13:18:00+09:00,5485.0,5485.0,5484.0,5484.0,5484.0,1000
2023-10-23 13:19:00+09:00,5484.0,5485.0,5484.0,5485.0,5485.0,600
2023-10-23 13:20:00+09:00,5484.0,5484.0,5483.0,5483.0,5483.0,600
2023-10-23 13:21:00+09:00,5482.0,5482.0,5481.0,5481.0,5481.0,300
2023-10-23 13:22:00+09:00,5482.0,5483.0,5482.0,5482.0,5482.0,1100
2023-10-23 13:23:00+09:00,5482.0,5482.0,5481.0,5481.0,5481.0,1400
2023-10-23 13:24:00+09:00,5482.0,5484.0,5482.0,5484.0,5484.0,2400
2023-10-23 13:25:00+09:00,5484.0,5484.0,5483.0,5483.0,5483.0,2000
2023-10-23 13:26:00+09:00,5483.0,5483.0,5483.0,5483.0,5483.0,600
2023-10-23 13:27:00+09:00,5482.0,5482.0,5482.0,5482.0,5482.0,300
2023-10-23 13:28:00+09:00,5481.0,5481.0,5480.0,5480.0,5480.0,400
2023-10-23 13:29:00+09:00,5482.0,5482.0,5482.0,5482.0,5482.0,1100
2023-10-23 13:30:00+09:00,5482.0,5482.0,5482.0,5482.0,5482.0,600
2023-10-23 13:31:00+09:00,5483.0,5484.0,5483.0,5484.0,5484.0,1100
2023-10-23 13:32:00+09:00,5484.0,5485.0,5484.0,5485.0,5485.0,1200
2023-10-23 13:33:00+09:00,5485.0,5485.0,5483.0,5483.0,5483.0,4100
2023-10-23 13:34:00+09:00,5484.0,5484.0,5483.0,5483.0,5483.0,200
2023-10-23 13:35:00+09:00,5483.0,5483.0,5482.0,5482.0,5482.0,1000
2023-10-23 13:36:00+09:00,5481.0,5482.0,5481.0,5482.0,5482.0,700
2023-10-23 13:37:00+09:00,5482.0,5482.0,5482.0,5482.0,5482.0,700
2023-10-23 13:38:00+09:00,5482.0,5482.0,5482.0,5482.0,5482.0,100
2023-10-23 13:40:00+09:00,5482.0,5482.0,5482.0,5482.0,5482.0,2200
2023-10-23 13:41:00+09:00,5483.0,5491.0,5483.0,5491.0,5491.0,9400
2023-10-23 13:42:00+09:00,5491.0,5491.0,5488.0,5489.0,5489.0,4400
2023-10-23 13:43:00+09:00,5488.0,5489.0,5487.0,5489.0,5489.0,800
2023-10-23 13:44:00+09:00,5491.0,5491.0,5491.0,5491.0,5491.0,100
2023-10-23 13:45:00+09:00,5491.0,5497.0,5490.0,5497.0,5497.0,4200
2023-10-23 13:46:00+09:00,5496.0,5496.0,5494.0,5494.0,5494.0,1200
2023-10-23 13:47:00+09:00,5495.0,5495.0,5494.0,5494.0,5494.0,900
2023-10-23 13:48:00+09:00,5495.0,5495.0,5495.0,5495.0,5495.0,200
2023-10-23 13:49:00+09:00,5494.0,5495.0,5494.0,5494.0,5494.0,700
2023-10-23 13:50:00+09:00,5494.0,5494.0,5492.0,5492.0,5492.0,1300
2023-10-23 13:51:00+09:00,5492.0,5492.0,5491.0,5491.0,5491.0,700
2023-10-23 13:52:00+09:00,5490.0,5490.0,5489.0,5489.0,5489.0,400
2023-10-23 13:53:00+09:00,5489.0,5489.0,5488.0,5489.0,5489.0,2400
2023-10-23 13:54:00+09:00,5490.0,5493.0,5490.0,5493.0,5493.0,1700
2023-10-23 13:55:00+09:00,5493.0,5494.0,5492.0,5494.0,5494.0,1000
2023-10-23 13:56:00+09:00,5493.0,5493.0,5492.0,5492.0,5492.0,600
2023-10-23 13:57:00+09:00,5492.0,5492.0,5492.0,5492.0,5492.0,200
2023-10-23 13:58:00+09:00,5492.0,5492.0,5490.0,5491.0,5491.0,900
2023-10-23 13:59:00+09:00,5492.0,5492.0,5490.0,5490.0,5490.0,400
2023-10-23 14:00:00+09:00,5490.0,5491.0,5490.0,5491.0,5491.0,1000
2023-10-23 14:02:00+09:00,5492.0,5495.0,5492.0,5494.0,5494.0,2200
2023-10-23 14:03:00+09:00,5494.0,5495.0,5494.0,5494.0,5494.0,1400
2023-10-23 14:05:00+09:00,5495.0,5496.0,5494.0,5494.0,5494.0,2200
2023-10-23 14:06:00+09:00,5495.0,5503.0,5495.0,5502.0,5502.0,8500
2023-10-23 14:07:00+09:00,5501.0,5502.0,5499.0,5502.0,5502.0,3000
2023-10-23 14:08:00+09:00,5501.0,5503.0,5500.0,5503.0,5503.0,800
2023-10-23 14:09:00+09:00,5503.0,5503.0,5501.0,5501.0,5501.0,1100
2023-10-23 14:10:00+09:00,5502.0,5503.0,5502.0,5503.0,5503.0,1400
2023-10-23 14:11:00+09:00,5503.0,5503.0,5502.0,5503.0,5503.0,1400
2023-10-23 14:12:00+09:00,5502.0,5503.0,5502.0,5503.0,5503.0,200
2023-10-23 14:13:00+09:00,5502.0,5502.0,5502.0,5502.0,5502.0,1400
2023-10-23 14:14:00+09:00,5503.0,5503.0,5503.0,5503.0,5503.0,700
2023-10-23 14:15:00+09:00,5503.0,5504.0,5501.0,5502.0,5502.0,2200
2023-10-23 14:16:00+09:00,5501.0,5503.0,5500.0,5500.0,5500.0,2500
2023-10-23 14:17:00+09:00,5501.0,5502.0,5501.0,5502.0,5502.0,500
2023-10-23 14:18:00+09:00,5502.0,5502.0,5500.0,5501.0,5501.0,2200
2023-10-23 14:19:00+09:00,5500.0,5500.0,5500.0,5500.0,5500.0,300
2023-10-23 14:20:00+09:00,5500.0,5500.0,5500.0,5500.0,5500.0,1200
2023-10-23 14:21:00+09:00,5501.0,5502.0,5501.0,5501.0,5501.0,2500
2023-10-23 14:22:00+09:00,5500.0,5501.0,5500.0,5500.0,5500.0,400
2023-10-23 14:23:00+09:00,5502.0,5503.0,5502.0,5503.0,5503.0,2600
2023-10-23 14:24:00+09:00,5502.0,5502.0,5502.0,5502.0,5502.0,300
2023-10-23 14:25:00+09:00,5503.0,5504.0,5502.0,5504.0,5504.0,6600
2023-10-23 14:26:00+09:00,5504.0,5506.0,5504.0,5506.0,5506.0,4200
2023-10-23 14:27:00+09:00,5507.0,5508.0,5504.0,5504.0,5504.0,4700
2023-10-23 14:28:00+09:00,5504.0,5507.0,5504.0,5506.0,5506.0,2100
2023-10-23 14:29:00+09:00,5507.0,5507.0,5506.0,5506.0,5506.0,300
2023-10-23 14:30:00+09:00,5506.0,5506.0,5504.0,5504.0,5504.0,2300
2023-10-23 14:31:00+09:00,5504.0,5505.0,5504.0,5505.0,5505.0,1200
2023-10-23 14:32:00+09:00,5506.0,5508.0,5506.0,5507.0,5507.0,2700
2023-10-23 14:33:00+09:00,5508.0,5508.0,5507.0,5507.0,5507.0,1000
2023-10-23 14:34:00+09:00,5506.0,5507.0,5506.0,5506.0,5506.0,2200
2023-10-23 14:35:00+09:00,5505.0,5505.0,5504.0,5504.0,5504.0,1300
2023-10-23 14:36:00+09:00,5505.0,5506.0,5505.0,5506.0,5506.0,1300
2023-10-23 14:37:00+09:00,5506.0,5506.0,5504.0,5504.0,5504.0,3100
2023-10-23 14:38:00+09:00,5505.0,5508.0,5505.0,5508.0,5508.0,3600
2023-10-23 14:39:00+09:00,5508.0,5508.0,5505.0,5505.0,5505.0,3500
2023-10-23 14:40:00+09:00,5506.0,5506.0,5504.0,5504.0,5504.0,1200
2023-10-23 14:41:00+09:00,5503.0,5503.0,5501.0,5503.0,5503.0,2900
2023-10-23 14:42:00+09:00,5504.0,5506.0,5504.0,5504.0,5504.0,4000
2023-10-23 14:43:00+09:00,5504.0,5504.0,5504.0,5504.0,5504.0,300
2023-10-23 14:44:00+09:00,5505.0,5505.0,5505.0,5505.0,5505.0,500
2023-10-23 14:45:00+09:00,5504.0,5504.0,5503.0,5503.0,5503.0,5100
2023-10-23 14:46:00+09:00,5502.0,5502.0,5499.0,5499.0,5499.0,4900
2023-10-23 14:47:00+09:00,5500.0,5503.0,5500.0,5502.0,5502.0,2900
2023-10-23 14:48:00+09:00,5501.0,5501.0,5501.0,5501.0,5501.0,1100
2023-10-23 14:49:00+09:00,5501.0,5501.0,5499.0,5499.0,5499.0,2200
2023-10-23 14:50:00+09:00,5500.0,5504.0,5498.0,5502.0,5502.0,13500
2023-10-23 14:51:00+09:00,5502.0,5502.0,5501.0,5501.0,5501.0,2900
2023-10-23 14:52:00+09:00,5501.0,5501.0,5500.0,5500.0,5500.0,1500
2023-10-23 14:53:00+09:00,5499.0,5499.0,5497.0,5497.0,5497.0,1800
2023-10-23 14:54:00+09:00,5498.0,5498.0,5495.0,5495.0,5495.0,4300
2023-10-23 14:55:00+09:00,5495.0,5498.0,5495.0,5498.0,5498.0,11100
2023-10-23 14:56:00+09:00,5498.0,5498.0,5495.0,5495.0,5495.0,1500
2023-10-23 14:57:00+09:00,5496.0,5498.0,5495.0,5496.0,5496.0,3100
2023-10-23 14:58:00+09:00,5496.0,5496.0,5494.0,5494.0,5494.0,10600
2023-10-23 14:59:00+09:00,5494.0,5496.0,5485.0,5487.0,5487.0,13300
2023-10-24 09:00:00+09:00,5480.0,5480.0,5465.0,5474.0,5474.0,38500
2023-10-24 09:01:00+09:00,5473.0,5477.0,5465.0,5468.0,5468.0,5800
2023-10-24 09:02:00+09:00,5470.0,5478.0,5470.0,5472.0,5472.0,3400
2023-10-24 09:03:00+09:00,5473.0,5474.0,5465.0,5469.0,5469.0,4500
2023-10-24 09:04:00+09:00,5470.0,5473.0,5462.0,5462.0,5462.0,4100
2023-10-24 09:05:00+09:00,5463.0,5472.0,5463.0,5472.0,5472.0,3300
2023-10-24 09:06:00+09:00,5471.0,5474.0,5471.0,5473.0,5473.0,2700
2023-10-24 09:07:00+09:00,5473.0,5477.0,5473.0,5474.0,5474.0,2500
2023-10-24 09:08:00+09:00,5471.0,5475.0,5471.0,5472.0,5472.0,1100
2023-10-24 09:09:00+09:00,5474.0,5483.0,5474.0,5481.0,5481.0,2800
2023-10-24 09:10:00+09:00,5481.0,5484.0,5481.0,5482.0,5482.0,1400
2023-10-24 09:11:00+09:00,5481.0,5481.0,5477.0,5480.0,5480.0,3600
2023-10-24 09:12:00+09:00,5479.0,5480.0,5475.0,5475.0,5475.0,1300
2023-10-24 09:13:00+09:00,5474.0,5477.0,5473.0,5473.0,5473.0,2900
2023-10-24 09:14:00+09:00,5474.0,5477.0,5473.0,5473.0,5473.0,3000
2023-10-24 09:15:00+09:00,5473.0,5473.0,5466.0,5471.0,5471.0,4900
2023-10-24 09:16:00+09:00,5470.0,5470.0,5462.0,5462.0,5462.0,1400
2023-10-24 09:17:00+09:00,5460.0,5461.0,5457.0,5458.0,5458.0,3300
2023-10-24 09:18:00+09:00,5457.0,5461.0,5454.0,5456.0,5456.0,5400
2023-10-24 09:19:00+09:00,5457.0,5458.0,5455.0,5457.0,5457.0,2700
2023-10-24 09:20:00+09:00,5458.0,5459.0,5457.0,5457.0,5457.0,1700
2023-10-24 09:21:00+09:00,5457.0,5461.0,5456.0,5461.0,5461.0,3300
2023-10-24 09:22:00+09:00,5461.0,5461.0,5456.0,5461.0,5461.0,2600
2023-10-24 09:23:00+09:00,5464.0,5466.0,5463.0,5463.0,5463.0,3200
2023-10-24 09:24:00+09:00,5462.0,5462.0,5455.0,5456.0,5456.0,2600
2023-10-24 09:25:00+09:00,5457.0,5459.0,5457.0,5457.0,5457.0,2900
2023-10-24 09:26:00+09:00,5455.0,5455.0,5450.0,5452.0,5452.0,3000
2023-10-24 09:27:00+09:00,5452.0,5452.0,5449.0,5450.0,5450.0,3300
2023-10-24 09:28:00+09:00,5449.0,5457.0,5448.0,5453.0,5453.0,4400
2023-10-24 09:29:00+09:00,5453.0,5453.0,5449.0,5450.0,5450.0,1300
2023-10-24 09:30:00+09:00,5449.0,5459.0,5448.0,5455.0,5455.0,4000
2023-10-24 09:31:00+09:00,5454.0,5456.0,5453.0,5453.0,5453.0,3200
2023-10-24 09:32:00+09:00,5453.0,5453.0,5450.0,5451.0,5451.0,3700
2023-10-24 09:33:00+09:00,5451.0,5459.0,5451.0,5459.0,5459.0,4000
2023-10-24 09:34:00+09:00,5457.0,5457.0,5454.0,5455.0,5455.0,2100
2023-10-24 09:35:00+09:00,5454.0,5455.0,5452.0,5455.0,5455.0,3000
2023-10-24 09:36:00+09:00,5456.0,5458.0,5454.0,5458.0,5458.0,2200
2023-10-24 09:37:00+09:00,5457.0,5459.0,5452.0,5452.0,5452.0,2200
2023-10-24 09:38:00+09:00,5451.0,5453.0,5451.0,5453.0,5453.0,1100
2023-10-24 09:39:00+09:00,5452.0,5452.0,5447.0,5447.0,5447.0,3300
2023-10-24 09:40:00+09:00,5446.0,5446.0,5443.0,5445.0,5445.0,4800
2023-10-24 09:41:00+09:00,5444.0,5445.0,5444.0,5444.0,5444.0,2100
2023-10-24 09:42:00+09:00,5445.0,5447.0,5444.0,5445.0,5445.0,2700
2023-10-24 09:43:00+09:00,5446.0,5447.0,5444.0,5444.0,5444.0,3500
2023-10-24 09:44:00+09:00,5445.0,5445.0,5445.0,5445.0,5445.0,500
2023-10-24 09:45:00+09:00,5445.0,5445.0,5445.0,5445.0,5445.0,3900
2023-10-24 09:46:00+09:00,5445.0,5445.0,5441.0,5442.0,5442.0,3700
2023-10-24 09:47:00+09:00,5441.0,5442.0,5438.0,5440.0,5440.0,4200
2023-10-24 09:48:00+09:00,5443.0,5443.0,5443.0,5443.0,5443.0,0
2023-10-24 09:49:00+09:00,5443.0,5445.0,5442.0,5442.0,5442.0,191500
2023-10-24 09:50:00+09:00,5443.0,5445.0,5443.0,5444.0,5444.0,3800
2023-10-24 09:51:00+09:00,5444.0,5445.0,5440.0,5441.0,5441.0,1800
2023-10-24 09:52:00+09:00,5442.0,5443.0,5442.0,5443.0,5443.0,1400
2023-10-24 09:53:00+09:00,5444.0,5445.0,5444.0,5445.0,5445.0,1400
2023-10-24 09:54:00+09:00,5445.0,5446.0,5443.0,5444.0,5444.0,3300
2023-10-24 09:55:00+09:00,5444.0,5452.0,5444.0,5450.0,5450.0,7300
2023-10-24 09:56:00+09:00,5450.0,5451.0,5446.0,5446.0,5446.0,3200
2023-10-24 09:57:00+09:00,5447.0,5451.0,5447.0,5451.0,5451.0,1900
2023-10-24 09:58:00+09:00,5450.0,5450.0,5445.0,5445.0,5445.0,1900
2023-10-24 09:59:00+09:00,5444.0,5444.0,5444.0,5444.0,5444.0,1400
2023-10-24 10:00:00+09:00,5444.0,5444.0,5442.0,5443.0,5443.0,3400
2023-10-24 10:01:00+09:00,5442.0,5445.0,5442.0,5444.0,5444.0,4200
2023-10-24 10:02:00+09:00,5445.0,5447.0,5444.0,5447.0,5447.0,1100
2023-10-24 10:03:00+09:00,5445.0,5445.0,5445.0,5445.0,5445.0,0
2023-10-24 10:04:00+09:00,5446.0,5450.0,5445.0,5445.0,5445.0,233300
2023-10-24 10:05:00+09:00,5445.0,5446.0,5444.0,5444.0,5444.0,1800
2023-10-24 10:06:00+09:00,5442.0,5442.0,5441.0,5441.0,5441.0,1100
2023-10-24 10:07:00+09:00,5441.0,5441.0,5439.0,5439.0,5439.0,3500
2023-10-24 10:08:00+09:00,5441.0,5441.0,5439.0,5439.0,5439.0,2600
2023-10-24 10:09:00+09:00,5440.0,5441.0,5439.0,5440.0,5440.0,900
2023-10-24 10:10:00+09:00,5439.0,5442.0,5438.0,5442.0,5442.0,6600
2023-10-24 10:11:00+09:00,5443.0,5444.0,5443.0,5444.0,5444.0,300
2023-10-24 10:12:00+09:00,5442.0,5442.0,5441.0,5441.0,5441.0,1400
2023-10-24 10:13:00+09:00,5442.0,5442.0,5438.0,5438.0,5438.0,3900
2023-10-24 10:14:00+09:00,5438.0,5438.0,5432.0,5432.0,5432.0,6800
2023-10-24 10:15:00+09:00,5433.0,5434.0,5432.0,5432.0,5432.0,1400
2023-10-24 10:16:00+09:00,5433.0,5433.0,5432.0,5432.0,5432.0,1600
2023-10-24 10:17:00+09:00,5431.0,5433.0,5431.0,5433.0,5433.0,2100
2023-10-24 10:18:00+09:00,5434.0,5434.0,5432.0,5432.0,5432.0,1200
2023-10-24 10:19:00+09:00,5434.0,5437.0,5434.0,5437.0,5437.0,1600
2023-10-24 10:20:00+09:00,5436.0,5436.0,5435.0,5435.0,5435.0,500
2023-10-24 10:21:00+09:00,5434.0,5435.0,5431.0,5435.0,5435.0,5300
2023-10-24 10:22:00+09:00,5434.0,5434.0,5432.0,5432.0,5432.0,400
2023-10-24 10:23:00+09:00,5432.0,5432.0,5430.0,5432.0,5432.0,2000
2023-10-24 10:24:00+09:00,5432.0,5433.0,5431.0,5431.0,5431.0,1700
2023-10-24 10:25:00+09:00,5430.0,5433.0,5429.0,5433.0,5433.0,3000
2023-10-24 10:26:00+09:00,5435.0,5438.0,5433.0,5437.0,5437.0,5000
2023-10-24 10:27:00+09:00,5438.0,5442.0,5435.0,5435.0,5435.0,3200
2023-10-24 10:28:00+09:00,5437.0,5439.0,5437.0,5439.0,5439.0,2800
2023-10-24 10:29:00+09:00,5440.0,5441.0,5440.0,5440.0,5440.0,1800
2023-10-24 10:30:00+09:00,5441.0,5443.0,5441.0,5442.0,5442.0,2100
2023-10-24 10:31:00+09:00,5440.0,5440.0,5434.0,5434.0,5434.0,2700
2023-10-24 10:32:00+09:00,5437.0,5437.0,5435.0,5435.0,5435.0,1300
2023-10-24 10:33:00+09:00,5434.0,5434.0,5432.0,5434.0,5434.0,1300
2023-10-24 10:34:00+09:00,5430.0,5432.0,5430.0,5430.0,5430.0,1800
2023-10-24 10:35:00+09:00,5429.0,5430.0,5426.0,5429.0,5429.0,1800
2023-10-24 10:36:00+09:00,5430.0,5433.0,5430.0,5433.0,5433.0,900
2023-10-24 10:37:00+09:00,5431.0,5433.0,5430.0,5430.0,5430.0,2200
2023-10-24 10:38:00+09:00,5429.0,5432.0,5429.0,5432.0,5432.0,900
2023-10-24 10:39:00+09:00,5431.0,5432.0,5429.0,5431.0,5431.0,1500
2023-10-24 10:40:00+09:00,5432.0,5439.0,5432.0,5437.0,5437.0,10800
2023-10-24 10:41:00+09:00,5437.0,5438.0,5437.0,5437.0,5437.0,1400
2023-10-24 10:42:00+09:00,5436.0,5438.0,5434.0,5437.0,5437.0,1600
2023-10-24 10:43:00+09:00,5438.0,5442.0,5438.0,5442.0,5442.0,1400
2023-10-24 10:44:00+09:00,5443.0,5444.0,5443.0,5443.0,5443.0,1300
2023-10-24 10:45:00+09:00,5442.0,5448.0,5442.0,5447.0,5447.0,2100
2023-10-24 10:46:00+09:00,5447.0,5449.0,5447.0,5449.0,5449.0,1400
2023-10-24 10:47:00+09:00,5450.0,5450.0,5448.0,5448.0,5448.0,2500
2023-10-24 10:48:00+09:00,5449.0,5454.0,5449.0,5454.0,5454.0,2000
2023-10-24 10:49:00+09:00,5453.0,5457.0,5452.0,5452.0,5452.0,4700
2023-10-24 10:50:00+09:00,5452.0,5454.0,5451.0,5451.0,5451.0,1600
2023-10-24 10:51:00+09:00,5452.0,5452.0,5452.0,5452.0,5452.0,400
2023-10-24 10:52:00+09:00,5457.0,5457.0,5457.0,5457.0,5457.0,0
2023-10-24 10:53:00+09:00,5456.0,5458.0,5456.0,5458.0,5458.0,347900
2023-10-24 10:54:00+09:00,5457.0,5457.0,5456.0,5456.0,5456.0,1000
2023-10-24 10:55:00+09:00,5456.0,5456.0,5449.0,5451.0,5451.0,4800
2023-10-24 10:56:00+09:00,5452.0,5452.0,5451.0,5452.0,5452.0,600
2023-10-24 10:57:00+09:00,5451.0,5454.0,5450.0,5453.0,5453.0,3100
2023-10-24 10:58:00+09:00,5453.0,5455.0,5453.0,5455.0,5455.0,1800
2023-10-24 10:59:00+09:00,5454.0,5454.0,5451.0,5451.0,5451.0,1400
2023-10-24 11:00:00+09:00,5450.0,5454.0,5449.0,5454.0,5454.0,1900
2023-10-24 11:01:00+09:00,5453.0,5454.0,5453.0,5454.0,5454.0,500
2023-10-24 11:02:00+09:00,5454.0,5456.0,5454.0,5455.0,5455.0,1000
2023-10-24 11:03:00+09:00,5456.0,5457.0,5456.0,5457.0,5457.0,500
2023-10-24 11:04:00+09:00,5458.0,5459.0,5458.0,5458.0,5458.0,1300
2023-10-24 11:05:00+09:00,5458.0,5460.0,5456.0,5460.0,5460.0,3100
2023-10-24 11:06:00+09:00,5461.0,5462.0,5461.0,5462.0,5462.0,700
2023-10-24 11:07:00+09:00,5464.0,5465.0,5463.0,5463.0,5463.0,2000
2023-10-24 11:08:00+09:00,5462.0,5469.0,5462.0,5469.0,5469.0,2200
2023-10-24 11:09:00+09:00,5468.0,5470.0,5468.0,5469.0,5469.0,1400
2023-10-24 11:10:00+09:00,5470.0,5473.0,5470.0,5471.0,5471.0,2100
2023-10-24 11:11:00+09:00,5470.0,5470.0,5469.0,5469.0,5469.0,1600
2023-10-24 11:12:00+09:00,5469.0,5472.0,5469.0,5471.0,5471.0,1400
2023-10-24 11:13:00+09:00,5470.0,5470.0,5465.0,5465.0,5465.0,6700
2023-10-24 11:14:00+09:00,5466.0,5468.0,5466.0,5467.0,5467.0,2000
2023-10-24 11:15:00+09:00,5466.0,5466.0,5465.0,5465.0,5465.0,800
2023-10-24 11:16:00+09:00,5466.0,5472.0,5466.0,5472.0,5472.0,2300
2023-10-24 11:17:00+09:00,5471.0,5474.0,5471.0,5473.0,5473.0,4200
2023-10-24 11:18:00+09:00,5472.0,5473.0,5472.0,5473.0,5473.0,200
2023-10-24 11:19:00+09:00,5475.0,5475.0,5473.0,5474.0,5474.0,2100
2023-10-24 11:20:00+09:00,5475.0,5478.0,5475.0,5478.0,5478.0,2100
2023-10-24 11:21:00+09:00,5478.0,5488.0,5478.0,5485.0,5485.0,6700
2023-10-24 11:22:00+09:00,5486.0,5488.0,5486.0,5487.0,5487.0,2900
2023-10-24 11:23:00+09:00,5485.0,5485.0,5480.0,5483.0,5483.0,1400
2023-10-24 11:24:00+09:00,5482.0,5484.0,5482.0,5483.0,5483.0,2200
2023-10-24 11:25:00+09:00,5483.0,5483.0,5479.0,5479.0,5479.0,6200
2023-10-24 11:26:00+09:00,5482.0,5483.0,5482.0,5482.0,5482.0,800
2023-10-24 11:27:00+09:00,5484.0,5484.0,5484.0,5484.0,5484.0,1300
2023-10-24 11:28:00+09:00,5483.0,5483.0,5482.0,5482.0,5482.0,1300
2023-10-24 11:29:00+09:00,5483.0,5485.0,5483.0,5485.0,5485.0,2300
2023-10-24 11:30:00+09:00,5481.0,5481.0,5481.0,5481.0,5481.0,13800
2023-10-24 11:35:00+09:00,5481.0,5481.0,5481.0,5481.0,5481.0,0
2023-10-24 12:30:00+09:00,5464.0,5471.0,5457.0,5459.0,5459.0,464000
2023-10-24 12:31:00+09:00,5461.0,5465.0,5456.0,5464.0,5464.0,5200
2023-10-24 12:32:00+09:00,5466.0,5467.0,5463.0,5466.0,5466.0,2700
2023-10-24 12:33:00+09:00,5466.0,5466.0,5464.0,5465.0,5465.0,1300
2023-10-24 12:34:00+09:00,5463.0,5463.0,5461.0,5462.0,5462.0,1500
2023-10-24 12:35:00+09:00,5461.0,5464.0,5461.0,5464.0,5464.0,5700
2023-10-24 12:36:00+09:00,5463.0,5463.0,5460.0,5460.0,5460.0,1900
2023-10-24 12:37:00+09:00,5460.0,5461.0,5459.0,5460.0,5460.0,1400
2023-10-24 12:38:00+09:00,5460.0,5467.0,5460.0,5467.0,5467.0,4100
2023-10-24 12:39:00+09:00,5468.0,5468.0,5465.0,5466.0,5466.0,2700
2023-10-24 12:40:00+09:00,5467.0,5467.0,5463.0,5463.0,5463.0,1400
2023-10-24 12:41:00+09:00,5463.0,5463.0,5463.0,5463.0,5463.0,1100
2023-10-24 12:42:00+09:00,5464.0,5466.0,5464.0,5466.0,5466.0,1000
2023-10-24 12:43:00+09:00,5467.0,5468.0,5466.0,5468.0,5468.0,2800
2023-10-24 12:44:00+09:00,5468.0,5468.0,5468.0,5468.0,5468.0,300
2023-10-24 12:45:00+09:00,5467.0,5468.0,5467.0,5468.0,5468.0,1900
2023-10-24 12:46:00+09:00,5468.0,5468.0,5467.0,5467.0,5467.0,1000
2023-10-24 12:47:00+09:00,5469.0,5471.0,5469.0,5470.0,5470.0,2400
2023-10-24 12:48:00+09:00,5469.0,5470.0,5469.0,5470.0,5470.0,200
2023-10-24 12:49:00+09:00,5472.0,5472.0,5470.0,5470.0,5470.0,1500
2023-10-24 12:50:00+09:00,5469.0,5469.0,5469.0,5469.0,5469.0,200
2023-10-24 12:51:00+09:00,5469.0,5469.0,5467.0,5467.0,5467.0,2200
2023-10-24 12:52:00+09:00,5466.0,5466.0,5464.0,5465.0,5465.0,2200
2023-10-24 12:53:00+09:00,5466.0,5466.0,5466.0,5466.0,5466.0,300
2023-10-24 12:54:00+09:00,5465.0,5466.0,5463.0,5463.0,5463.0,2100
2023-10-24 12:55:00+09:00,5464.0,5466.0,5464.0,5466.0,5466.0,500
2023-10-24 12:56:00+09:00,5464.0,5464.0,5462.0,5464.0,5464.0,1900
2023-10-24 12:57:00+09:00,5465.0,5466.0,5465.0,5466.0,5466.0,600
2023-10-24 12:58:00+09:00,5466.0,5466.0,5466.0,5466.0,5466.0,100
2023-10-24 12:59:00+09:00,5466.0,5466.0,5466.0,5466.0,5466.0,600
2023-10-24 13:00:00+09:00,5466.0,5469.0,5466.0,5466.0,5466.0,2300
2023-10-24 13:01:00+09:00,5464.0,5468.0,5463.0,5466.0,5466.0,2200
2023-10-24 13:02:00+09:00,5466.0,5467.0,5466.0,5467.0,5467.0,1000
2023-10-24 13:03:00+09:00,5468.0,5469.0,5467.0,5467.0,5467.0,800
2023-10-24 13:05:00+09:00,5469.0,5469.0,5468.0,5468.0,5468.0,1300
2023-10-24 13:06:00+09:00,5467.0,5469.0,5466.0,5469.0,5469.0,2000
2023-10-24 13:07:00+09:00,5468.0,5469.0,5466.0,5468.0,5468.0,2200
2023-10-24 13:08:00+09:00,5469.0,5471.0,5469.0,5470.0,5470.0,2300
2023-10-24 13:09:00+09:00,5471.0,5471.0,5470.0,5470.0,5470.0,2000
2023-10-24 13:10:00+09:00,5471.0,5472.0,5471.0,5471.0,5471.0,1300
2023-10-24 13:11:00+09:00,5472.0,5473.0,5472.0,5473.0,5473.0,400
2023-10-24 13:12:00+09:00,5472.0,5473.0,5471.0,5471.0,5471.0,2600
2023-10-24 13:13:00+09:00,5472.0,5476.0,5472.0,5474.0,5474.0,3600
2023-10-24 13:14:00+09:00,5475.0,5475.0,5474.0,5474.0,5474.0,700
2023-10-24 13:15:00+09:00,5474.0,5474.0,5474.0,5474.0,5474.0,600
2023-10-24 13:16:00+09:00,5474.0,5474.0,5474.0,5474.0,5474.0,500
2023-10-24 13:17:00+09:00,5474.0,5474.0,5470.0,5470.0,5470.0,3000
2023-10-24 13:18:00+09:00,5470.0,5471.0,5470.0,5470.0,5470.0,1100
2023-10-24 13:19:00+09:00,5471.0,5471.0,5471.0,5471.0,5471.0,700
2023-10-24 13:20:00+09:00,5472.0,5472.0,5466.0,5467.0,5467.0,2800
2023-10-24 13:21:00+09:00,5468.0,5469.0,5468.0,5469.0,5469.0,700
2023-10-24 13:22:00+09:00,5469.0,5469.0,5468.0,5469.0,5469.0,2500
2023-10-24 13:23:00+09:00,5468.0,5469.0,5467.0,5467.0,5467.0,2500
2023-10-24 13:24:00+09:00,5469.0,5469.0,5467.0,5467.0,5467.0,1800
2023-10-24 13:25:00+09:00,5467.0,5467.0,5465.0,5467.0,5467.0,3700
2023-10-24 13:26:00+09:00,5465.0,5465.0,5464.0,5464.0,5464.0,700
2023-10-24 13:27:00+09:00,5464.0,5465.0,5463.0,5463.0,5463.0,2000
2023-10-24 13:28:00+09:00,5462.0,5462.0,5460.0,5460.0,5460.0,1900
2023-10-24 13:29:00+09:00,5460.0,5460.0,5459.0,5460.0,5460.0,600
2023-10-24 13:30:00+09:00,5460.0,5462.0,5459.0,5462.0,5462.0,3100
2023-10-24 13:31:00+09:00,5463.0,5466.0,5463.0,5464.0,5464.0,1500
2023-10-24 13:32:00+09:00,5462.0,5462.0,5460.0,5461.0,5461.0,2600
2023-10-24 13:33:00+09:00,5460.0,5461.0,5460.0,5461.0,5461.0,1800
2023-10-24 13:34:00+09:00,5461.0,5464.0,5460.0,5463.0,5463.0,2700
2023-10-24 13:35:00+09:00,5463.0,5466.0,5463.0,5466.0,5466.0,1300
2023-10-24 13:36:00+09:00,5464.0,5464.0,5463.0,5463.0,5463.0,800
2023-10-24 13:38:00+09:00,5464.0,5464.0,5462.0,5462.0,5462.0,2000
2023-10-24 13:39:00+09:00,5461.0,5463.0,5460.0,5463.0,5463.0,2300
2023-10-24 13:40:00+09:00,5462.0,5466.0,5462.0,5465.0,5465.0,900
2023-10-24 13:41:00+09:00,5465.0,5465.0,5465.0,5465.0,5465.0,500
2023-10-24 13:42:00+09:00,5465.0,5465.0,5465.0,5465.0,5465.0,100
2023-10-24 13:43:00+09:00,5464.0,5464.0,5464.0,5464.0,5464.0,2000
2023-10-24 13:44:00+09:00,5462.0,5463.0,5462.0,5462.0,5462.0,900
2023-10-24 13:45:00+09:00,5463.0,5464.0,5463.0,5463.0,5463.0,1900
2023-10-24 13:46:00+09:00,5466.0,5466.0,5465.0,5465.0,5465.0,700
2023-10-24 13:47:00+09:00,5466.0,5466.0,5466.0,5466.0,5466.0,200
2023-10-24 13:48:00+09:00,5467.0,5469.0,5467.0,5468.0,5468.0,2700
2023-10-24 13:49:00+09:00,5467.0,5468.0,5467.0,5468.0,5468.0,1900
2023-10-24 13:50:00+09:00,5469.0,5473.0,5469.0,5473.0,5473.0,36300
2023-10-24 13:51:00+09:00,5474.0,5474.0,5472.0,5473.0,5473.0,2900
2023-10-24 13:52:00+09:00,5473.0,5473.0,5473.0,5473.0,5473.0,100
2023-10-24 13:53:00+09:00,5473.0,5473.0,5473.0,5473.0,5473.0,1100
2023-10-24 13:54:00+09:00,5473.0,5474.0,5473.0,5474.0,5474.0,2800
2023-10-24 13:55:00+09:00,5475.0,5478.0,5475.0,5475.0,5475.0,5600
2023-10-24 13:56:00+09:00,5475.0,5476.0,5475.0,5476.0,5476.0,700
2023-10-24 13:57:00+09:00,5474.0,5474.0,5474.0,5474.0,5474.0,1400
2023-10-24 13:59:00+09:00,5474.0,5474.0,5473.0,5473.0,5473.0,1500
2023-10-24 14:01:00+09:00,5472.0,5477.0,5472.0,5476.0,5476.0,5800
2023-10-24 14:02:00+09:00,5475.0,5476.0,5474.0,5476.0,5476.0,1200
2023-10-24 14:03:00+09:00,5477.0,5477.0,5477.0,5477.0,5477.0,1700
2023-10-24 14:04:00+09:00,5476.0,5476.0,5474.0,5475.0,5475.0,2700
2023-10-24 14:05:00+09:00,5476.0,5476.0,5476.0,5476.0,5476.0,1400
2023-10-24 14:06:00+09:00,5476.0,5476.0,5475.0,5475.0,5475.0,800
2023-10-24 14:07:00+09:00,5475.0,5475.0,5474.0,5475.0,5475.0,1100
2023-10-24 14:08:00+09:00,5476.0,5476.0,5476.0,5476.0,5476.0,3600
2023-10-24 14:09:00+09:00,5477.0,5479.0,5477.0,5478.0,5478.0,2200
2023-10-24 14:10:00+09:00,5479.0,5482.0,5479.0,5482.0,5482.0,2200
2023-10-24 14:11:00+09:00,5482.0,5483.0,5481.0,5481.0,5481.0,2800
2023-10-24 14:12:00+09:00,5482.0,5483.0,5481.0,5481.0,5481.0,800
2023-10-24 14:13:00+09:00,5482.0,5482.0,5477.0,5477.0,5477.0,2200
2023-10-24 14:14:00+09:00,5478.0,5478.0,5478.0,5478.0,5478.0,700
2023-10-24 14:15:00+09:00,5479.0,5479.0,5478.0,5479.0,5479.0,1300
2023-10-24 14:16:00+09:00,5478.0,5478.0,5478.0,5478.0,5478.0,2200
2023-10-24 14:17:00+09:00,5478.0,5485.0,5478.0,5484.0,5484.0,6100
2023-10-24 14:18:00+09:00,5485.0,5486.0,5485.0,5485.0,5485.0,2000
2023-10-24 14:19:00+09:00,5485.0,5486.0,5485.0,5486.0,5486.0,1300
2023-10-24 14:20:00+09:00,5486.0,5487.0,5485.0,5486.0,5486.0,2800
2023-10-24 14:21:00+09:00,5486.0,5489.0,5486.0,5489.0,5489.0,1700
2023-10-24 14:22:00+09:00,5489.0,5491.0,5489.0,5490.0,5490.0,3300
2023-10-24 14:23:00+09:00,5490.0,5490.0,5488.0,5488.0,5488.0,2900
2023-10-24 14:24:00+09:00,5487.0,5488.0,5487.0,5487.0,5487.0,1800
2023-10-24 14:25:00+09:00,5486.0,5487.0,5486.0,5487.0,5487.0,900
2023-10-24 14:26:00+09:00,5487.0,5488.0,5487.0,5488.0,5488.0,400
2023-10-24 14:27:00+09:00,5488.0,5488.0,5487.0,5487.0,5487.0,3900
2023-10-24 14:29:00+09:00,5487.0,5487.0,5485.0,5485.0,5485.0,5700
2023-10-24 14:30:00+09:00,5486.0,5490.0,5486.0,5489.0,5489.0,4800
2023-10-24 14:31:00+09:00,5489.0,5490.0,5489.0,5489.0,5489.0,1000
2023-10-24 14:32:00+09:00,5489.0,5490.0,5489.0,5490.0,5490.0,1600
2023-10-24 14:33:00+09:00,5491.0,5493.0,5491.0,5492.0,5492.0,2700
2023-10-24 14:34:00+09:00,5491.0,5491.0,5490.0,5490.0,5490.0,1800
2023-10-24 14:35:00+09:00,5490.0,5490.0,5488.0,5489.0,5489.0,2600
2023-10-24 14:36:00+09:00,5488.0,5491.0,5487.0,5491.0,5491.0,3700
2023-10-24 14:37:00+09:00,5490.0,5494.0,5490.0,5493.0,5493.0,1300
2023-10-24 14:38:00+09:00,5493.0,5494.0,5493.0,5493.0,5493.0,2200
2023-10-24 14:39:00+09:00,5494.0,5494.0,5493.0,5494.0,5494.0,1400
2023-10-24 14:40:00+09:00,5494.0,5495.0,5494.0,5494.0,5494.0,2400
2023-10-24 14:41:00+09:00,5493.0,5493.0,5491.0,5491.0,5491.0,3200
2023-10-24 14:42:00+09:00,5492.0,5492.0,5488.0,5488.0,5488.0,2400
2023-10-24 14:43:00+09:00,5488.0,5488.0,5486.0,5486.0,5486.0,2800
2023-10-24 14:44:00+09:00,5487.0,5487.0,5484.0,5484.0,5484.0,1700
2023-10-24 14:45:00+09:00,5484.0,5487.0,5484.0,5487.0,5487.0,5700
2023-10-24 14:46:00+09:00,5486.0,5486.0,5485.0,5485.0,5485.0,3100
2023-10-24 14:47:00+09:00,5485.0,5488.0,5485.0,5488.0,5488.0,3700
2023-10-24 14:48:00+09:00,5488.0,5488.0,5488.0,5488.0,5488.0,600
2023-10-24 14:49:00+09:00,5487.0,5487.0,5487.0,5487.0,5487.0,200
2023-10-24 14:50:00+09:00,5488.0,5491.0,5488.0,5490.0,5490.0,6500
2023-10-24 14:51:00+09:00,5489.0,5491.0,5487.0,5487.0,5487.0,4300
2023-10-24 14:52:00+09:00,5487.0,5489.0,5487.0,5489.0,5489.0,2700
2023-10-24 14:53:00+09:00,5488.0,5491.0,5487.0,5488.0,5488.0,4200
2023-10-24 14:54:00+09:00,5489.0,5489.0,5485.0,5486.0,5486.0,4200
2023-10-24 14:55:00+09:00,5484.0,5489.0,5483.0,5488.0,5488.0,6000
2023-10-24 14:56:00+09:00,5488.0,5488.0,5482.0,5483.0,5483.0,4400
2023-10-24 14:57:00+09:00,5482.0,5482.0,5480.0,5481.0,5481.0,1900
2023-10-24 14:58:00+09:00,5480.0,5482.0,5480.0,5481.0,5481.0,2600
2023-10-24 14:59:00+09:00,5480.0,5482.0,5477.0,5479.0,5479.0,10300
2023-10-25 09:00:00+09:00,5520.0,5524.0,5506.0,5506.0,5506.0,64000
2023-10-25 09:01:00+09:00,5509.0,5522.0,5509.0,5522.0,5522.0,7100
2023-10-25 09:02:00+09:00,5521.0,5523.0,5511.0,5516.0,5516.0,7700
2023-10-25 09:03:00+09:00,5519.0,5521.0,5511.0,5514.0,5514.0,3500
2023-10-25 09:04:00+09:00,5516.0,5516.0,5510.0,5510.0,5510.0,2100
2023-10-25 09:05:00+09:00,5507.0,5510.0,5504.0,5508.0,5508.0,3200
2023-10-25 09:06:00+09:00,5511.0,5514.0,5507.0,5508.0,5508.0,2700
2023-10-25 09:07:00+09:00,5509.0,5510.0,5509.0,5510.0,5510.0,600
2023-10-25 09:08:00+09:00,5508.0,5509.0,5506.0,5508.0,5508.0,1800
2023-10-25 09:09:00+09:00,5507.0,5507.0,5504.0,5507.0,5507.0,2200
2023-10-25 09:10:00+09:00,5507.0,5510.0,5506.0,5506.0,5506.0,4700
2023-10-25 09:11:00+09:00,5507.0,5515.0,5507.0,5515.0,5515.0,1700
2023-10-25 09:12:00+09:00,5517.0,5520.0,5517.0,5520.0,5520.0,2400
2023-10-25 09:13:00+09:00,5520.0,5520.0,5519.0,5519.0,5519.0,1200
2023-10-25 09:14:00+09:00,5519.0,5522.0,5519.0,5522.0,5522.0,1300
2023-10-25 09:15:00+09:00,5523.0,5525.0,5522.0,5524.0,5524.0,5000
2023-10-25 09:16:00+09:00,5525.0,5525.0,5519.0,5522.0,5522.0,3000
2023-10-25 09:17:00+09:00,5521.0,5523.0,5521.0,5521.0,5521.0,3100
2023-10-25 09:18:00+09:00,5522.0,5524.0,5522.0,5522.0,5522.0,2500
2023-10-25 09:19:00+09:00,5521.0,5521.0,5514.0,5514.0,5514.0,7600
2023-10-25 09:20:00+09:00,5514.0,5515.0,5511.0,5515.0,5515.0,5800
2023-10-25 09:21:00+09:00,5514.0,5514.0,5512.0,5512.0,5512.0,900
2023-10-25 09:22:00+09:00,5513.0,5513.0,5509.0,5511.0,5511.0,2100
2023-10-25 09:23:00+09:00,5511.0,5514.0,5511.0,5511.0,5511.0,5500
2023-10-25 09:24:00+09:00,5512.0,5513.0,5512.0,5513.0,5513.0,1500
2023-10-25 09:25:00+09:00,5513.0,5513.0,5511.0,5511.0,5511.0,2800
2023-10-25 09:26:00+09:00,5510.0,5511.0,5510.0,5511.0,5511.0,200
2023-10-25 09:27:00+09:00,5510.0,5512.0,5508.0,5512.0,5512.0,1600
2023-10-25 09:28:00+09:00,5512.0,5512.0,5510.0,5510.0,5510.0,2100
2023-10-25 09:29:00+09:00,5509.0,5509.0,5506.0,5506.0,5506.0,2200
2023-10-25 09:30:00+09:00,5506.0,5506.0,5501.0,5501.0,5501.0,2700
2023-10-25 09:31:00+09:00,5500.0,5500.0,5497.0,5500.0,5500.0,2400
2023-10-25 09:32:00+09:00,5499.0,5499.0,5497.0,5499.0,5499.0,1300
2023-10-25 09:33:00+09:00,5500.0,5502.0,5500.0,5502.0,5502.0,4200
2023-10-25 09:34:00+09:00,5503.0,5508.0,5503.0,5505.0,5505.0,6200
2023-10-25 09:35:00+09:00,5505.0,5510.0,5505.0,5510.0,5510.0,3700
2023-10-25 09:36:00+09:00,5511.0,5514.0,5511.0,5514.0,5514.0,3300
2023-10-25 09:37:00+09:00,5514.0,5516.0,5514.0,5516.0,5516.0,900
2023-10-25 09:38:00+09:00,5514.0,5515.0,5510.0,5515.0,5515.0,5800
2023-10-25 09:39:00+09:00,5514.0,5514.0,5514.0,5514.0,5514.0,1300
2023-10-25 09:40:00+09:00,5514.0,5514.0,5511.0,5512.0,5512.0,800
2023-10-25 09:41:00+09:00,5511.0,5514.0,5511.0,5512.0,5512.0,1800
2023-10-25 09:42:00+09:00,5513.0,5515.0,5509.0,5511.0,5511.0,20400
2023-10-25 09:43:00+09:00,5512.0,5512.0,5512.0,5512.0,5512.0,200
2023-10-25 09:44:00+09:00,5512.0,5515.0,5512.0,5514.0,5514.0,3800
2023-10-25 09:45:00+09:00,5513.0,5517.0,5513.0,5517.0,5517.0,3300
2023-10-25 09:46:00+09:00,5518.0,5521.0,5518.0,5521.0,5521.0,3600
2023-10-25 09:47:00+09:00,5521.0,5522.0,5520.0,5521.0,5521.0,3100
2023-10-25 09:48:00+09:00,5521.0,5523.0,5521.0,5523.0,5523.0,1300
2023-10-25 09:49:00+09:00,5523.0,5523.0,5522.0,5522.0,5522.0,400
2023-10-25 09:50:00+09:00,5522.0,5527.0,5522.0,5525.0,5525.0,6800
2023-10-25 09:51:00+09:00,5523.0,5523.0,5517.0,5517.0,5517.0,3300
2023-10-25 09:52:00+09:00,5519.0,5523.0,5519.0,5523.0,5523.0,2000
2023-10-25 09:53:00+09:00,5520.0,5521.0,5520.0,5521.0,5521.0,300
2023-10-25 09:54:00+09:00,5522.0,5522.0,5521.0,5522.0,5522.0,800
2023-10-25 09:55:00+09:00,5515.0,5516.0,5513.0,5514.0,5514.0,4600
2023-10-25 09:56:00+09:00,5513.0,5515.0,5513.0,5513.0,5513.0,2400
2023-10-25 09:57:00+09:00,5512.0,5512.0,5510.0,5510.0,5510.0,1200
2023-10-25 09:58:00+09:00,5509.0,5510.0,5509.0,5510.0,5510.0,600
2023-10-25 09:59:00+09:00,5508.0,5508.0,5508.0,5508.0,5508.0,1500
2023-10-25 10:00:00+09:00,5507.0,5508.0,5505.0,5505.0,5505.0,1800
2023-10-25 10:01:00+09:00,5503.0,5505.0,5503.0,5505.0,5505.0,1100
2023-10-25 10:02:00+09:00,5505.0,5506.0,5503.0,5504.0,5504.0,1700
2023-10-25 10:03:00+09:00,5503.0,5503.0,5501.0,5502.0,5502.0,1000
2023-10-25 10:04:00+09:00,5502.0,5503.0,5501.0,5502.0,5502.0,2300
2023-10-25 10:05:00+09:00,5502.0,5505.0,5502.0,5505.0,5505.0,2000
2023-10-25 10:06:00+09:00,5506.0,5507.0,5504.0,5504.0,5504.0,2100
2023-10-25 10:07:00+09:00,5505.0,5505.0,5504.0,5505.0,5505.0,1400
2023-10-25 10:08:00+09:00,5504.0,5507.0,5503.0,5507.0,5507.0,2700
2023-10-25 10:09:00+09:00,5507.0,5511.0,5507.0,5511.0,5511.0,3300
2023-10-25 10:10:00+09:00,5510.0,5510.0,5508.0,5508.0,5508.0,2800
2023-10-25 10:11:00+09:00,5508.0,5510.0,5508.0,5510.0,5510.0,600
2023-10-25 10:12:00+09:00,5510.0,5510.0,5510.0,5510.0,5510.0,100
2023-10-25 10:13:00+09:00,5509.0,5509.0,5508.0,5508.0,5508.0,1300
2023-10-25 10:14:00+09:00,5508.0,5508.0,5508.0,5508.0,5508.0,1300
2023-10-25 10:15:00+09:00,5507.0,5512.0,5507.0,5512.0,5512.0,5200
2023-10-25 10:17:00+09:00,5512.0,5515.0,5512.0,5515.0,5515.0,2300
2023-10-25 10:18:00+09:00,5516.0,5520.0,5516.0,5519.0,5519.0,2100
2023-10-25 10:19:00+09:00,5520.0,5520.0,5519.0,5519.0,5519.0,2000
2023-10-25 10:20:00+09:00,5520.0,5521.0,5519.0,5521.0,5521.0,1500
2023-10-25 10:21:00+09:00,5521.0,5522.0,5520.0,5521.0,5521.0,1800
2023-10-25 10:22:00+09:00,5521.0,5521.0,5521.0,5521.0,5521.0,300
2023-10-25 10:23:00+09:00,5520.0,5521.0,5519.0,5521.0,5521.0,2200
2023-10-25 10:24:00+09:00,5522.0,5523.0,5519.0,5519.0,5519.0,10100
2023-10-25 10:25:00+09:00,5520.0,5523.0,5520.0,5520.0,5520.0,2200
2023-10-25 10:26:00+09:00,5520.0,5522.0,5520.0,5522.0,5522.0,1600
2023-10-25 10:27:00+09:00,5522.0,5527.0,5522.0,5527.0,5527.0,5800
2023-10-25 10:28:00+09:00,5527.0,5528.0,5524.0,5524.0,5524.0,4300
2023-10-25 10:29:00+09:00,5523.0,5525.0,5523.0,5525.0,5525.0,400
2023-10-25 10:30:00+09:00,5525.0,5527.0,5525.0,5526.0,5526.0,2100
2023-10-25 10:31:00+09:00,5525.0,5526.0,5524.0,5526.0,5526.0,1500
2023-10-25 10:32:00+09:00,5525.0,5525.0,5525.0,5525.0,5525.0,600
2023-10-25 10:33:00+09:00,5526.0,5526.0,5526.0,5526.0,5526.0,600
2023-10-25 10:34:00+09:00,5525.0,5526.0,5525.0,5526.0,5526.0,1100
2023-10-25 10:35:00+09:00,5527.0,5527.0,5521.0,5521.0,5521.0,3500
2023-10-25 10:36:00+09:00,5521.0,5521.0,5517.0,5517.0,5517.0,3000
2023-10-25 10:37:00+09:00,5517.0,5517.0,5517.0,5517.0,5517.0,800
2023-10-25 10:38:00+09:00,5516.0,5517.0,5516.0,5517.0,5517.0,1200
2023-10-25 10:39:00+09:00,5516.0,5516.0,5516.0,5516.0,5516.0,1200
2023-10-25 10:40:00+09:00,5516.0,5517.0,5515.0,5515.0,5515.0,1400
2023-10-25 10:41:00+09:00,5515.0,5515.0,5513.0,5513.0,5513.0,1200
2023-10-25 10:42:00+09:00,5513.0,5514.0,5512.0,5514.0,5514.0,2600
2023-10-25 10:43:00+09:00,5513.0,5515.0,5513.0,5515.0,5515.0,1000
2023-10-25 10:45:00+09:00,5515.0,5515.0,5512.0,5513.0,5513.0,2800
2023-10-25 10:46:00+09:00,5512.0,5512.0,5512.0,5512.0,5512.0,200
2023-10-25 10:47:00+09:00,5512.0,5512.0,5509.0,5511.0,5511.0,3400
2023-10-25 10:48:00+09:00,5512.0,5512.0,5512.0,5512.0,5512.0,600
2023-10-25 10:49:00+09:00,5513.0,5516.0,5512.0,5516.0,5516.0,2000
2023-10-25 10:50:00+09:00,5515.0,5515.0,5515.0,5515.0,5515.0,800
2023-10-25 10:52:00+09:00,5514.0,5516.0,5514.0,5515.0,5515.0,2500
2023-10-25 10:53:00+09:00,5515.0,5515.0,5514.0,5514.0,5514.0,300
2023-10-25 10:55:00+09:00,5513.0,5513.0,5513.0,5513.0,5513.0,1300
2023-10-25 10:56:00+09:00,5513.0,5515.0,5513.0,5515.0,5515.0,2100
2023-10-25 10:57:00+09:00,5514.0,5514.0,5513.0,5513.0,5513.0,900
2023-10-25 10:58:00+09:00,5513.0,5514.0,5513.0,5513.0,5513.0,1700
2023-10-25 10:59:00+09:00,5514.0,5514.0,5514.0,5514.0,5514.0,300
2023-10-25 11:00:00+09:00,5514.0,5514.0,5512.0,5514.0,5514.0,2100
2023-10-25 11:01:00+09:00,5514.0,5514.0,5513.0,5513.0,5513.0,800
2023-10-25 11:02:00+09:00,5513.0,5514.0,5512.0,5514.0,5514.0,900
2023-10-25 11:03:00+09:00,5514.0,5515.0,5514.0,5515.0,5515.0,1600
2023-10-25 11:04:00+09:00,5515.0,5515.0,5513.0,5513.0,5513.0,5000
2023-10-25 11:05:00+09:00,5514.0,5514.0,5514.0,5514.0,5514.0,1500
2023-10-25 11:06:00+09:00,5513.0,5516.0,5513.0,5516.0,5516.0,1800
2023-10-25 11:07:00+09:00,5517.0,5519.0,5517.0,5518.0,5518.0,3900
2023-10-25 11:08:00+09:00,5518.0,5519.0,5518.0,5518.0,5518.0,1100
2023-10-25 11:09:00+09:00,5519.0,5519.0,5518.0,5519.0,5519.0,1300
2023-10-25 11:10:00+09:00,5518.0,5518.0,5516.0,5517.0,5517.0,2900
2023-10-25 11:11:00+09:00,5515.0,5515.0,5513.0,5513.0,5513.0,800
2023-10-25 11:12:00+09:00,5513.0,5513.0,5513.0,5513.0,5513.0,300
2023-10-25 11:13:00+09:00,5514.0,5514.0,5514.0,5514.0,5514.0,900
2023-10-25 11:14:00+09:00,5513.0,5513.0,5513.0,5513.0,5513.0,500
2023-10-25 11:15:00+09:00,5513.0,5513.0,5513.0,5513.0,5513.0,500
2023-10-25 11:16:00+09:00,5512.0,5514.0,5512.0,5513.0,5513.0,2800
2023-10-25 11:17:00+09:00,5514.0,5515.0,5514.0,5515.0,5515.0,1300
2023-10-25 11:18:00+09:00,5516.0,5516.0,5516.0,5516.0,5516.0,400
2023-10-25 11:19:00+09:00,5517.0,5518.0,5517.0,5518.0,5518.0,500
2023-10-25 11:20:00+09:00,5519.0,5520.0,5519.0,5520.0,5520.0,800
2023-10-25 11:21:00+09:00,5520.0,5521.0,5520.0,5521.0,5521.0,700
2023-10-25 11:22:00+09:00,5521.0,5521.0,5521.0,5521.0,5521.0,600
2023-10-25 11:23:00+09:00,5521.0,5523.0,5521.0,5523.0,5523.0,1000
2023-10-25 11:24:00+09:00,5523.0,5524.0,5523.0,5524.0,5524.0,200
2023-10-25 11:26:00+09:00,5524.0,5529.0,5524.0,5529.0,5529.0,5900
2023-10-25 11:27:00+09:00,5529.0,5529.0,5528.0,5529.0,5529.0,1800
2023-10-25 11:28:00+09:00,5530.0,5532.0,5530.0,5530.0,5530.0,9300
2023-10-25 11:29:00+09:00,5529.0,5532.0,5529.0,5532.0,5532.0,600
2023-10-25 11:30:00+09:00,5531.0,5531.0,5531.0,5531.0,5531.0,1500
2023-10-25 11:35:00+09:00,5531.0,5531.0,5531.0,5531.0,5531.0,0
2023-10-25 12:30:00+09:00,5530.0,5531.0,5522.0,5528.0,5528.0,431900
2023-10-25 12:31:00+09:00,5528.0,5529.0,5525.0,5525.0,5525.0,1900
2023-10-25 12:32:00+09:00,5526.0,5526.0,5524.0,5524.0,5524.0,1300
2023-10-25 12:33:00+09:00,5525.0,5529.0,5525.0,5529.0,5529.0,1300
2023-10-25 12:34:00+09:00,5529.0,5530.0,5529.0,5530.0,5530.0,1000
2023-10-25 12:35:00+09:00,5530.0,5530.0,5530.0,5530.0,5530.0,100
2023-10-25 12:36:00+09:00,5530.0,5530.0,5527.0,5528.0,5528.0,5600
2023-10-25 12:37:00+09:00,5528.0,5528.0,5527.0,5527.0,5527.0,700
2023-10-25 12:38:00+09:00,5528.0,5530.0,5528.0,5530.0,5530.0,1800
2023-10-25 12:39:00+09:00,5529.0,5532.0,5529.0,5532.0,5532.0,2600
2023-10-25 12:40:00+09:00,5533.0,5533.0,5533.0,5533.0,5533.0,300
2023-10-25 12:41:00+09:00,5533.0,5542.0,5533.0,5538.0,5538.0,24500
2023-10-25 12:42:00+09:00,5538.0,5538.0,5538.0,5538.0,5538.0,1200
2023-10-25 12:43:00+09:00,5538.0,5538.0,5537.0,5537.0,5537.0,3300
2023-10-25 12:44:00+09:00,5536.0,5539.0,5534.0,5539.0,5539.0,4800
2023-10-25 12:45:00+09:00,5539.0,5539.0,5538.0,5539.0,5539.0,1900
2023-10-25 12:46:00+09:00,5540.0,5540.0,5539.0,5539.0,5539.0,2200
2023-10-25 12:47:00+09:00,5538.0,5538.0,5537.0,5537.0,5537.0,1000
2023-10-25 12:48:00+09:00,5538.0,5543.0,5536.0,5541.0,5541.0,5500
2023-10-25 12:49:00+09:00,5541.0,5543.0,5541.0,5543.0,5543.0,1700
2023-10-25 12:50:00+09:00,5543.0,5544.0,5543.0,5544.0,5544.0,400
2023-10-25 12:51:00+09:00,5544.0,5544.0,5535.0,5537.0,5537.0,9300
2023-10-25 12:52:00+09:00,5538.0,5538.0,5537.0,5537.0,5537.0,300
2023-10-25 12:53:00+09:00,5537.0,5537.0,5535.0,5535.0,5535.0,3300
2023-10-25 12:54:00+09:00,5535.0,5535.0,5532.0,5533.0,5533.0,2700
2023-10-25 12:55:00+09:00,5532.0,5535.0,5532.0,5535.0,5535.0,1300
2023-10-25 12:56:00+09:00,5534.0,5534.0,5534.0,5534.0,5534.0,400
2023-10-25 12:57:00+09:00,5533.0,5533.0,5532.0,5532.0,5532.0,1500
2023-10-25 12:58:00+09:00,5532.0,5532.0,5531.0,5531.0,5531.0,400
2023-10-25 12:59:00+09:00,5532.0,5532.0,5530.0,5532.0,5532.0,3300
2023-10-25 13:00:00+09:00,5531.0,5531.0,5530.0,5530.0,5530.0,800
2023-10-25 13:01:00+09:00,5531.0,5531.0,5531.0,5531.0,5531.0,500
2023-10-25 13:02:00+09:00,5530.0,5534.0,5530.0,5534.0,5534.0,3400
2023-10-25 13:03:00+09:00,5533.0,5533.0,5530.0,5530.0,5530.0,2300
2023-10-25 13:04:00+09:00,5529.0,5530.0,5529.0,5529.0,5529.0,800
2023-10-25 13:05:00+09:00,5529.0,5529.0,5528.0,5528.0,5528.0,800
2023-10-25 13:06:00+09:00,5528.0,5528.0,5528.0,5528.0,5528.0,100
2023-10-25 13:07:00+09:00,5528.0,5529.0,5528.0,5529.0,5529.0,3600
2023-10-25 13:08:00+09:00,5530.0,5532.0,5530.0,5530.0,5530.0,900
2023-10-25 13:09:00+09:00,5530.0,5530.0,5530.0,5530.0,5530.0,1100
2023-10-25 13:10:00+09:00,5530.0,5530.0,5529.0,5529.0,5529.0,200
2023-10-25 13:11:00+09:00,5530.0,5530.0,5530.0,5530.0,5530.0,200
2023-10-25 13:12:00+09:00,5530.0,5533.0,5530.0,5532.0,5532.0,2000
2023-10-25 13:13:00+09:00,5533.0,5533.0,5532.0,5532.0,5532.0,1800
2023-10-25 13:14:00+09:00,5531.0,5531.0,5531.0,5531.0,5531.0,100
2023-10-25 13:15:00+09:00,5532.0,5533.0,5532.0,5533.0,5533.0,1000
2023-10-25 13:16:00+09:00,5533.0,5533.0,5532.0,5532.0,5532.0,3100
2023-10-25 13:17:00+09:00,5532.0,5532.0,5530.0,5530.0,5530.0,2400
2023-10-25 13:18:00+09:00,5530.0,5530.0,5530.0,5530.0,5530.0,200
2023-10-25 13:19:00+09:00,5531.0,5531.0,5531.0,5531.0,5531.0,1100
2023-10-25 13:20:00+09:00,5532.0,5533.0,5532.0,5533.0,5533.0,1500
2023-10-25 13:21:00+09:00,5534.0,5534.0,5534.0,5534.0,5534.0,600
2023-10-25 13:22:00+09:00,5534.0,5534.0,5534.0,5534.0,5534.0,100
2023-10-25 13:23:00+09:00,5535.0,5535.0,5533.0,5533.0,5533.0,4100
2023-10-25 13:25:00+09:00,5535.0,5535.0,5535.0,5535.0,5535.0,1400
2023-10-25 13:26:00+09:00,5534.0,5534.0,5534.0,5534.0,5534.0,100
2023-10-25 13:27:00+09:00,5536.0,5537.0,5535.0,5536.0,5536.0,2800
2023-10-25 13:28:00+09:00,5536.0,5537.0,5536.0,5537.0,5537.0,200
2023-10-25 13:29:00+09:00,5537.0,5537.0,5537.0,5537.0,5537.0,500
2023-10-25 13:30:00+09:00,5538.0,5539.0,5538.0,5538.0,5538.0,3000
2023-10-25 13:31:00+09:00,5538.0,5538.0,5537.0,5538.0,5538.0,1900
2023-10-25 13:32:00+09:00,5538.0,5539.0,5538.0,5539.0,5539.0,800
2023-10-25 13:33:00+09:00,5538.0,5538.0,5538.0,5538.0,5538.0,600
2023-10-25 13:34:00+09:00,5539.0,5539.0,5539.0,5539.0,5539.0,100
2023-10-25 13:35:00+09:00,5539.0,5541.0,5539.0,5541.0,5541.0,3800
2023-10-25 13:36:00+09:00,5541.0,5542.0,5541.0,5541.0,5541.0,1600
2023-10-25 13:37:00+09:00,5541.0,5541.0,5539.0,5539.0,5539.0,2800
2023-10-25 13:39:00+09:00,5539.0,5540.0,5539.0,5540.0,5540.0,1000
2023-10-25 13:40:00+09:00,5539.0,5539.0,5539.0,5539.0,5539.0,900
2023-10-25 13:41:00+09:00,5539.0,5539.0,5537.0,5538.0,5538.0,1400
2023-10-25 13:42:00+09:00,5538.0,5538.0,5536.0,5536.0,5536.0,2600
2023-10-25 13:43:00+09:00,5537.0,5537.0,5536.0,5536.0,5536.0,600
2023-10-25 13:44:00+09:00,5536.0,5536.0,5536.0,5536.0,5536.0,100
2023-10-25 13:45:00+09:00,5536.0,5537.0,5536.0,5537.0,5537.0,400
2023-10-25 13:46:00+09:00,5536.0,5536.0,5535.0,5535.0,5535.0,1100
2023-10-25 13:47:00+09:00,5535.0,5535.0,5534.0,5534.0,5534.0,400
2023-10-25 13:48:00+09:00,5535.0,5535.0,5534.0,5535.0,5535.0,2300
2023-10-25 13:49:00+09:00,5536.0,5537.0,5536.0,5537.0,5537.0,2100
2023-10-25 13:50:00+09:00,5537.0,5537.0,5537.0,5537.0,5537.0,300
2023-10-25 13:51:00+09:00,5539.0,5540.0,5539.0,5540.0,5540.0,1300
2023-10-25 13:52:00+09:00,5540.0,5540.0,5539.0,5539.0,5539.0,2400
2023-10-25 13:53:00+09:00,5539.0,5539.0,5538.0,5539.0,5539.0,300
2023-10-25 13:54:00+09:00,5539.0,5539.0,5539.0,5539.0,5539.0,300
2023-10-25 13:55:00+09:00,5540.0,5542.0,5540.0,5542.0,5542.0,1200
2023-10-25 13:56:00+09:00,5541.0,5541.0,5540.0,5540.0,5540.0,1400
2023-10-25 13:57:00+09:00,5538.0,5538.0,5538.0,5538.0,5538.0,2100
2023-10-25 13:58:00+09:00,5538.0,5538.0,5538.0,5538.0,5538.0,300
2023-10-25 13:59:00+09:00,5538.0,5538.0,5536.0,5536.0,5536.0,600
2023-10-25 14:00:00+09:00,5537.0,5537.0,5536.0,5536.0,5536.0,1100
2023-10-25 14:01:00+09:00,5535.0,5536.0,5535.0,5536.0,5536.0,1400
2023-10-25 14:02:00+09:00,5536.0,5539.0,5534.0,5538.0,5538.0,5700
2023-10-25 14:03:00+09:00,5539.0,5540.0,5539.0,5540.0,5540.0,2500
2023-10-25 14:04:00+09:00,5539.0,5539.0,5537.0,5537.0,5537.0,1200
2023-10-25 14:05:00+09:00,5539.0,5539.0,5539.0,5539.0,5539.0,100
2023-10-25 14:06:00+09:00,5539.0,5539.0,5536.0,5537.0,5537.0,3000
2023-10-25 14:07:00+09:00,5536.0,5536.0,5535.0,5535.0,5535.0,1000
2023-10-25 14:08:00+09:00,5535.0,5535.0,5535.0,5535.0,5535.0,400
2023-10-25 14:09:00+09:00,5534.0,5535.0,5534.0,5535.0,5535.0,1200
2023-10-25 14:10:00+09:00,5535.0,5537.0,5535.0,5537.0,5537.0,2000
2023-10-25 14:11:00+09:00,5538.0,5538.0,5538.0,5538.0,5538.0,300
2023-10-25 14:12:00+09:00,5537.0,5538.0,5537.0,5538.0,5538.0,1200
2023-10-25 14:13:00+09:00,5538.0,5539.0,5538.0,5539.0,5539.0,300
2023-10-25 14:14:00+09:00,5538.0,5539.0,5538.0,5539.0,5539.0,1800
2023-10-25 14:15:00+09:00,5538.0,5538.0,5538.0,5538.0,5538.0,100
2023-10-25 14:16:00+09:00,5538.0,5538.0,5538.0,5538.0,5538.0,100
2023-10-25 14:17:00+09:00,5538.0,5538.0,5538.0,5538.0,5538.0,1400
2023-10-25 14:18:00+09:00,5537.0,5538.0,5537.0,5537.0,5537.0,500
2023-10-25 14:19:00+09:00,5537.0,5537.0,5535.0,5535.0,5535.0,2700
2023-10-25 14:20:00+09:00,5536.0,5536.0,5532.0,5533.0,5533.0,5000
2023-10-25 14:21:00+09:00,5534.0,5534.0,5531.0,5531.0,5531.0,2300
2023-10-25 14:22:00+09:00,5530.0,5530.0,5529.0,5529.0,5529.0,800
2023-10-25 14:23:00+09:00,5529.0,5529.0,5525.0,5527.0,5527.0,10600
2023-10-25 14:24:00+09:00,5528.0,5528.0,5528.0,5528.0,5528.0,1200
2023-10-25 14:25:00+09:00,5528.0,5528.0,5528.0,5528.0,5528.0,900
2023-10-25 14:26:00+09:00,5528.0,5529.0,5527.0,5529.0,5529.0,2300
2023-10-25 14:27:00+09:00,5527.0,5528.0,5527.0,5528.0,5528.0,1300
2023-10-25 14:28:00+09:00,5528.0,5528.0,5527.0,5527.0,5527.0,1700
2023-10-25 14:29:00+09:00,5527.0,5527.0,5527.0,5527.0,5527.0,800
2023-10-25 14:30:00+09:00,5526.0,5527.0,5525.0,5525.0,5525.0,5300
2023-10-25 14:31:00+09:00,5524.0,5524.0,5523.0,5523.0,5523.0,2800
2023-10-25 14:32:00+09:00,5518.0,5519.0,5518.0,5519.0,5519.0,4500
2023-10-25 14:33:00+09:00,5519.0,5522.0,5519.0,5520.0,5520.0,3500
2023-10-25 14:34:00+09:00,5519.0,5522.0,5519.0,5522.0,5522.0,3500
2023-10-25 14:35:00+09:00,5522.0,5523.0,5521.0,5521.0,5521.0,900
2023-10-25 14:36:00+09:00,5520.0,5520.0,5519.0,5520.0,5520.0,900
2023-10-25 14:37:00+09:00,5519.0,5519.0,5518.0,5518.0,5518.0,2200
2023-10-25 14:38:00+09:00,5517.0,5517.0,5512.0,5513.0,5513.0,3300
2023-10-25 14:39:00+09:00,5513.0,5516.0,5512.0,5512.0,5512.0,2400
2023-10-25 14:40:00+09:00,5510.0,5510.0,5509.0,5510.0,5510.0,1800
2023-10-25 14:41:00+09:00,5510.0,5510.0,5505.0,5507.0,5507.0,3300
2023-10-25 14:42:00+09:00,5506.0,5507.0,5504.0,5507.0,5507.0,3500
2023-10-25 14:43:00+09:00,5506.0,5507.0,5505.0,5507.0,5507.0,900
2023-10-25 14:44:00+09:00,5506.0,5506.0,5504.0,5504.0,5504.0,2000
2023-10-25 14:45:00+09:00,5504.0,5504.0,5502.0,5502.0,5502.0,3200
2023-10-25 14:46:00+09:00,5503.0,5503.0,5500.0,5500.0,5500.0,3500
2023-10-25 14:47:00+09:00,5500.0,5500.0,5498.0,5499.0,5499.0,2400
2023-10-25 14:48:00+09:00,5499.0,5502.0,5499.0,5501.0,5501.0,4000
2023-10-25 14:49:00+09:00,5502.0,5502.0,5497.0,5497.0,5497.0,3500
2023-10-25 14:50:00+09:00,5497.0,5503.0,5497.0,5502.0,5502.0,6900
2023-10-25 14:51:00+09:00,5501.0,5501.0,5499.0,5500.0,5500.0,3300
2023-10-25 14:52:00+09:00,5499.0,5500.0,5498.0,5498.0,5498.0,2500
2023-10-25 14:53:00+09:00,5498.0,5498.0,5493.0,5494.0,5494.0,4500
2023-10-25 14:54:00+09:00,5494.0,5499.0,5494.0,5497.0,5497.0,6200
2023-10-25 14:55:00+09:00,5498.0,5501.0,5498.0,5500.0,5500.0,9100
2023-10-25 14:56:00+09:00,5500.0,5500.0,5497.0,5498.0,5498.0,2400
2023-10-25 14:57:00+09:00,5498.0,5498.0,5494.0,5494.0,5494.0,5100
2023-10-25 14:58:00+09:00,5495.0,5496.0,5493.0,5495.0,5495.0,6000
2023-10-25 14:59:00+09:00,5494.0,5497.0,5493.0,5496.0,5496.0,4800
