Datetime,Open,High,Low,Close,Adj Close,Volume
2023-10-19 09:00:00+09:00,2605.0,2625.0,2582.0,2591.0,2591.0,0
2023-10-19 09:01:00+09:00,2590.0,2600.0,2580.0,2595.0,2595.0,56300
2023-10-19 09:04:00+09:00,2578.0,2584.0,2571.0,2574.0,2574.0,187400
2023-10-19 09:05:00+09:00,2573.0,2582.0,2566.0,2579.0,2579.0,65500
2023-10-19 09:06:00+09:00,2578.0,2584.0,2570.0,2573.0,2573.0,42400
2023-10-19 09:07:00+09:00,2574.0,2576.0,2553.0,2560.0,2560.0,127800
2023-10-19 09:08:00+09:00,2558.0,2560.0,2550.0,2556.0,2556.0,90500
2023-10-19 09:09:00+09:00,2556.0,2557.0,2550.0,2554.0,2554.0,38100
2023-10-19 09:10:00+09:00,2556.0,2561.0,2542.0,2544.0,2544.0,129100
2023-10-19 09:11:00+09:00,2543.0,2547.0,2537.0,2544.0,2544.0,81400
2023-10-19 09:12:00+09:00,2545.0,2548.0,2542.0,2547.0,2547.0,30400
2023-10-19 09:13:00+09:00,2546.0,2553.0,2540.0,2543.0,2543.0,79000
2023-10-19 09:14:00+09:00,2543.0,2548.0,2538.0,2541.0,2541.0,51800
2023-10-19 09:15:00+09:00,2542.0,2542.0,2528.0,2533.0,2533.0,133100
2023-10-19 09:16:00+09:00,2533.0,2543.0,2531.0,2539.0,2539.0,38900
2023-10-19 09:17:00+09:00,2539.0,2539.0,2529.0,2533.0,2533.0,47100
2023-10-19 09:18:00+09:00,2532.0,2540.0,2532.0,2539.0,2539.0,24100
2023-10-19 09:19:00+09:00,2539.0,2539.0,2529.0,2532.0,2532.0,48900
2023-10-19 09:20:00+09:00,2534.0,2535.0,2524.0,2530.0,2530.0,43200
2023-10-19 09:21:00+09:00,2530.0,2533.0,2527.0,2531.0,2531.0,22300
2023-10-19 09:22:00+09:00,2531.0,2532.0,2521.0,2524.0,2524.0,61500
2023-10-19 09:23:00+09:00,2525.0,2531.0,2524.0,2527.0,2527.0,20000
2023-10-19 09:24:00+09:00,2528.0,2535.0,2528.0,2535.0,2535.0,27400
2023-10-19 09:25:00+09:00,2534.0,2534.0,2529.0,2531.0,2531.0,23100
2023-10-19 09:26:00+09:00,2532.0,2541.0,2531.0,2539.0,2539.0,39400
2023-10-19 09:27:00+09:00,2539.0,2539.0,2531.0,2537.0,2537.0,31400
2023-10-19 09:28:00+09:00,2536.0,2541.0,2536.0,2538.0,2538.0,16800
2023-10-19 09:29:00+09:00,2538.0,2545.0,2535.0,2543.0,2543.0,36500
2023-10-19 09:30:00+09:00,2542.0,2542.0,2533.0,2536.0,2536.0,40300
2023-10-19 09:31:00+09:00,2536.0,2537.0,2531.0,2533.0,2533.0,30600
2023-10-19 09:32:00+09:00,2532.0,2534.0,2524.0,2527.0,2527.0,49000
2023-10-19 09:33:00+09:00,2526.0,2527.0,2521.0,2522.0,2522.0,39000
2023-10-19 09:34:00+09:00,2523.0,2524.0,2515.0,2518.0,2518.0,80600
2023-10-19 09:35:00+09:00,2518.0,2518.0,2514.0,2516.0,2516.0,22000
2023-10-19 09:36:00+09:00,2516.0,2524.0,2516.0,2524.0,2524.0,20600
2023-10-19 09:37:00+09:00,2523.0,2524.0,2519.0,2520.0,2520.0,20000
2023-10-19 09:38:00+09:00,2520.0,2523.0,2518.0,2522.0,2522.0,13800
2023-10-19 09:39:00+09:00,2523.0,2523.0,2521.0,2522.0,2522.0,4800
2023-10-19 09:40:00+09:00,2522.0,2530.0,2522.0,2529.0,2529.0,20800
2023-10-19 09:41:00+09:00,2529.0,2533.0,2528.0,2531.0,2531.0,19300
2023-10-19 09:42:00+09:00,2531.0,2540.0,2530.0,2535.0,2535.0,33200
2023-10-19 09:43:00+09:00,2535.0,2538.0,2530.0,2537.0,2537.0,27100
2023-10-19 09:44:00+09:00,2537.0,2538.0,2533.0,2533.0,2533.0,12900
2023-10-19 09:45:00+09:00,2533.0,2538.0,2532.0,2538.0,2538.0,11300
2023-10-19 09:46:00+09:00,2539.0,2539.0,2536.0,2537.0,2537.0,9000
2023-10-19 09:47:00+09:00,2538.0,2543.0,2537.0,2540.0,2540.0,27500
2023-10-19 09:48:00+09:00,2541.0,2543.0,2538.0,2538.0,2538.0,19200
2023-10-19 09:49:00+09:00,2538.0,2542.0,2536.0,2541.0,2541.0,22200
2023-10-19 09:50:00+09:00,2540.0,2546.0,2539.0,2543.0,2543.0,19200
2023-10-19 09:51:00+09:00,2544.0,2545.0,2542.0,2543.0,2543.0,12700
2023-10-19 09:52:00+09:00,2544.0,2546.0,2542.0,2546.0,2546.0,9400
2023-10-19 09:53:00+09:00,2546.0,2547.0,2545.0,2547.0,2547.0,16200
2023-10-19 09:54:00+09:00,2547.0,2556.0,2547.0,2556.0,2556.0,44300
2023-10-19 09:55:00+09:00,2556.0,2556.0,2550.0,2550.0,2550.0,13000
2023-10-19 09:56:00+09:00,2547.0,2547.0,2538.0,2539.0,2539.0,58000
2023-10-19 09:57:00+09:00,2538.0,2545.0,2538.0,2545.0,2545.0,19500
2023-10-19 09:58:00+09:00,2545.0,2546.0,2544.0,2545.0,2545.0,5800
2023-10-19 09:59:00+09:00,2542.0,2542.0,2542.0,2542.0,2542.0,14800
2023-10-19 10:00:00+09:00,2542.0,2543.0,2542.0,2543.0,2543.0,1600
2023-10-19 10:01:00+09:00,2543.0,2544.0,2543.0,2543.0,2543.0,19200
2023-10-19 10:03:00+09:00,2552.0,2553.0,2548.0,2549.0,2549.0,35500
2023-10-19 10:04:00+09:00,2548.0,2551.0,2547.0,2550.0,2550.0,7200
2023-10-19 10:05:00+09:00,2551.0,2552.0,2543.0,2543.0,2543.0,22700
2023-10-19 10:06:00+09:00,2543.0,2544.0,2539.0,2540.0,2540.0,30400
2023-10-19 10:07:00+09:00,2540.0,2540.0,2533.0,2534.0,2534.0,27200
2023-10-19 10:08:00+09:00,2534.0,2538.0,2533.0,2538.0,2538.0,6300
2023-10-19 10:16:00+09:00,2541.0,2541.0,2540.0,2540.0,2540.0,76100
2023-10-19 10:17:00+09:00,2540.0,2543.0,2534.0,2535.0,2535.0,27500
2023-10-19 10:18:00+09:00,2536.0,2540.0,2534.0,2538.0,2538.0,5200
2023-10-19 10:19:00+09:00,2537.0,2539.0,2537.0,2539.0,2539.0,2800
2023-10-19 10:20:00+09:00,2539.0,2542.0,2539.0,2541.0,2541.0,9800
2023-10-19 10:21:00+09:00,2541.0,2544.0,2538.0,2538.0,2538.0,16100
2023-10-19 10:22:00+09:00,2538.0,2542.0,2538.0,2541.0,2541.0,3200
2023-10-19 10:23:00+09:00,2541.0,2542.0,2541.0,2542.0,2542.0,2000
2023-10-19 10:24:00+09:00,2541.0,2544.0,2541.0,2542.0,2542.0,4600
2023-10-19 10:25:00+09:00,2543.0,2544.0,2543.0,2543.0,2543.0,4200
2023-10-19 10:26:00+09:00,2543.0,2545.0,2542.0,2543.0,2543.0,7900
2023-10-19 10:27:00+09:00,2542.0,2542.0,2536.0,2538.0,2538.0,18800
2023-10-19 10:28:00+09:00,2539.0,2542.0,2538.0,2538.0,2538.0,8200
2023-10-19 10:29:00+09:00,2538.0,2538.0,2538.0,2538.0,2538.0,3700
2023-10-19 10:30:00+09:00,2538.0,2541.0,2538.0,2540.0,2540.0,2200
2023-10-19 10:31:00+09:00,2542.0,2546.0,2541.0,2545.0,2545.0,7300
2023-10-19 10:32:00+09:00,2544.0,2545.0,2541.0,2544.0,2544.0,10000
2023-10-19 10:33:00+09:00,2543.0,2543.0,2541.0,2541.0,2541.0,1700
2023-10-19 10:34:00+09:00,2541.0,2547.0,2538.0,2545.0,2545.0,21300
2023-10-19 10:35:00+09:00,2545.0,2546.0,2544.0,2546.0,2546.0,2500
2023-10-19 10:36:00+09:00,2546.0,2547.0,2542.0,2543.0,2543.0,7600
2023-10-19 10:37:00+09:00,2543.0,2550.0,2543.0,2547.0,2547.0,13700
2023-10-19 10:38:00+09:00,2547.0,2547.0,2546.0,2546.0,2546.0,3800
2023-10-19 10:39:00+09:00,2545.0,2548.0,2545.0,2547.0,2547.0,5700
2023-10-19 10:40:00+09:00,2547.0,2547.0,2544.0,2544.0,2544.0,7200
2023-10-19 10:41:00+09:00,2543.0,2545.0,2541.0,2544.0,2544.0,6100
2023-10-19 10:42:00+09:00,2544.0,2544.0,2540.0,2541.0,2541.0,4800
2023-10-19 10:43:00+09:00,2540.0,2541.0,2539.0,2541.0,2541.0,16600
2023-10-19 10:44:00+09:00,2540.0,2541.0,2540.0,2541.0,2541.0,1200
2023-10-19 10:45:00+09:00,2541.0,2542.0,2540.0,2542.0,2542.0,4500
2023-10-19 10:46:00+09:00,2542.0,2542.0,2534.0,2536.0,2536.0,37200
2023-10-19 10:47:00+09:00,2537.0,2537.0,2530.0,2533.0,2533.0,26100
2023-10-19 10:48:00+09:00,2532.0,2537.0,2532.0,2537.0,2537.0,6400
2023-10-19 10:49:00+09:00,2535.0,2544.0,2535.0,2544.0,2544.0,22100
2023-10-19 10:50:00+09:00,2543.0,2546.0,2542.0,2546.0,2546.0,14000
2023-10-19 10:51:00+09:00,2546.0,2546.0,2545.0,2545.0,2545.0,800
2023-10-19 10:52:00+09:00,2544.0,2544.0,2542.0,2542.0,2542.0,9800
2023-10-19 10:53:00+09:00,2543.0,2549.0,2543.0,2548.0,2548.0,26800
2023-10-19 10:54:00+09:00,2548.0,2554.0,2548.0,2554.0,2554.0,28300
2023-10-19 10:55:00+09:00,2554.0,2554.0,2549.0,2549.0,2549.0,15700
2023-10-19 10:56:00+09:00,2550.0,2560.0,2550.0,2558.0,2558.0,21900
2023-10-19 10:57:00+09:00,2559.0,2560.0,2556.0,2556.0,2556.0,11700
2023-10-19 10:58:00+09:00,2556.0,2557.0,2553.0,2554.0,2554.0,12900
2023-10-19 10:59:00+09:00,2554.0,2556.0,2554.0,2554.0,2554.0,4000
2023-10-19 11:00:00+09:00,2555.0,2556.0,2555.0,2555.0,2555.0,4400
2023-10-19 11:01:00+09:00,2555.0,2560.0,2554.0,2559.0,2559.0,22200
2023-10-19 11:02:00+09:00,2560.0,2560.0,2557.0,2558.0,2558.0,6700
2023-10-19 11:03:00+09:00,2558.0,2560.0,2556.0,2556.0,2556.0,7200
2023-10-19 11:04:00+09:00,2557.0,2557.0,2554.0,2555.0,2555.0,5200
2023-10-19 11:05:00+09:00,2555.0,2555.0,2550.0,2552.0,2552.0,13000
2023-10-19 11:06:00+09:00,2551.0,2552.0,2550.0,2551.0,2551.0,4200
2023-10-19 11:07:00+09:00,2551.0,2551.0,2547.0,2549.0,2549.0,10700
2023-10-19 11:08:00+09:00,2548.0,2549.0,2542.0,2543.0,2543.0,13700
2023-10-19 11:09:00+09:00,2544.0,2547.0,2544.0,2546.0,2546.0,9400
2023-10-19 11:10:00+09:00,2545.0,2547.0,2543.0,2546.0,2546.0,10400
2023-10-19 11:11:00+09:00,2546.0,2546.0,2544.0,2544.0,2544.0,4200
2023-10-19 11:12:00+09:00,2544.0,2548.0,2543.0,2548.0,2548.0,4200
2023-10-19 11:13:00+09:00,2548.0,2552.0,2548.0,2550.0,2550.0,5300
2023-10-19 11:14:00+09:00,2550.0,2550.0,2545.0,2546.0,2546.0,11100
2023-10-19 11:15:00+09:00,2546.0,2546.0,2540.0,2542.0,2542.0,13400
2023-10-19 11:16:00+09:00,2542.0,2542.0,2535.0,2536.0,2536.0,20000
2023-10-19 11:17:00+09:00,2537.0,2540.0,2535.0,2536.0,2536.0,8800
2023-10-19 11:18:00+09:00,2535.0,2536.0,2534.0,2535.0,2535.0,4700
2023-10-19 11:19:00+09:00,2535.0,2535.0,2526.0,2527.0,2527.0,38700
2023-10-19 11:20:00+09:00,2527.0,2531.0,2527.0,2529.0,2529.0,11300
2023-10-19 11:21:00+09:00,2528.0,2529.0,2528.0,2529.0,2529.0,3500
2023-10-19 11:22:00+09:00,2529.0,2532.0,2527.0,2529.0,2529.0,18300
2023-10-19 11:23:00+09:00,2530.0,2535.0,2529.0,2532.0,2532.0,8900
2023-10-19 11:24:00+09:00,2530.0,2531.0,2530.0,2530.0,2530.0,1300
2023-10-19 11:25:00+09:00,2530.0,2530.0,2530.0,2530.0,2530.0,1900
2023-10-19 11:26:00+09:00,2530.0,2532.0,2527.0,2528.0,2528.0,6500
2023-10-19 11:27:00+09:00,2527.0,2527.0,2518.0,2519.0,2519.0,70400
2023-10-19 11:28:00+09:00,2519.0,2519.0,2512.0,2516.0,2516.0,52400
2023-10-19 11:29:00+09:00,2516.0,2520.0,2515.0,2518.0,2518.0,13100
2023-10-19 11:30:00+09:00,2518.0,2518.0,2518.0,2518.0,2518.0,2300
2023-10-19 11:35:00+09:00,2518.0,2518.0,2518.0,2518.0,2518.0,0
2023-10-19 12:30:00+09:00,2521.0,2528.0,2518.0,2523.0,2523.0,3636400
2023-10-19 12:31:00+09:00,2524.0,2525.0,2516.0,2520.0,2520.0,47000
2023-10-19 12:32:00+09:00,2521.0,2521.0,2516.0,2516.0,2516.0,7300
2023-10-19 12:33:00+09:00,2516.0,2518.0,2516.0,2518.0,2518.0,2200
2023-10-19 12:36:00+09:00,2521.0,2522.0,2521.0,2521.0,2521.0,34400
2023-10-19 12:37:00+09:00,2522.0,2523.0,2519.0,2522.0,2522.0,7100
2023-10-19 12:38:00+09:00,2522.0,2523.0,2518.0,2519.0,2519.0,6700
2023-10-19 12:39:00+09:00,2519.0,2519.0,2517.0,2518.0,2518.0,6600
2023-10-19 12:40:00+09:00,2518.0,2522.0,2518.0,2522.0,2522.0,4800
2023-10-19 12:41:00+09:00,2522.0,2523.0,2518.0,2518.0,2518.0,13100
2023-10-19 12:42:00+09:00,2518.0,2520.0,2517.0,2517.0,2517.0,8000
2023-10-19 12:43:00+09:00,2517.0,2518.0,2514.0,2515.0,2515.0,18800
2023-10-19 12:44:00+09:00,2515.0,2516.0,2512.0,2513.0,2513.0,18900
2023-10-19 12:45:00+09:00,2513.0,2515.0,2510.0,2512.0,2512.0,24200
2023-10-19 12:46:00+09:00,2513.0,2513.0,2508.0,2509.0,2509.0,16300
2023-10-19 12:47:00+09:00,2509.0,2512.0,2507.0,2512.0,2512.0,10800
2023-10-19 12:48:00+09:00,2513.0,2517.0,2513.0,2517.0,2517.0,6200
2023-10-19 12:49:00+09:00,2517.0,2517.0,2514.0,2515.0,2515.0,5800
2023-10-19 12:50:00+09:00,2514.0,2514.0,2509.0,2509.0,2509.0,12200
2023-10-19 12:51:00+09:00,2509.0,2511.0,2506.0,2511.0,2511.0,20500
2023-10-19 12:52:00+09:00,2512.0,2512.0,2510.0,2511.0,2511.0,12100
2023-10-19 12:53:00+09:00,2511.0,2511.0,2507.0,2509.0,2509.0,6500
2023-10-19 12:54:00+09:00,2509.0,2512.0,2509.0,2512.0,2512.0,5800
2023-10-19 12:55:00+09:00,2513.0,2517.0,2513.0,2516.0,2516.0,9200
2023-10-19 12:56:00+09:00,2516.0,2517.0,2511.0,2513.0,2513.0,20600
2023-10-19 12:57:00+09:00,2513.0,2513.0,2509.0,2509.0,2509.0,8700
2023-10-19 12:58:00+09:00,2510.0,2510.0,2506.0,2507.0,2507.0,11900
2023-10-19 12:59:00+09:00,2507.0,2511.0,2506.0,2509.0,2509.0,16300
2023-10-19 13:00:00+09:00,2509.0,2510.0,2508.0,2509.0,2509.0,2100
2023-10-19 13:01:00+09:00,2509.0,2512.0,2509.0,2512.0,2512.0,3000
2023-10-19 13:02:00+09:00,2511.0,2511.0,2506.0,2506.0,2506.0,9300
2023-10-19 13:03:00+09:00,2507.0,2510.0,2507.0,2509.0,2509.0,5100
2023-10-19 13:04:00+09:00,2509.0,2512.0,2509.0,2511.0,2511.0,5400
2023-10-19 13:05:00+09:00,2511.0,2512.0,2510.0,2512.0,2512.0,6200
2023-10-19 13:06:00+09:00,2512.0,2513.0,2510.0,2511.0,2511.0,5500
2023-10-19 13:07:00+09:00,2509.0,2514.0,2508.0,2514.0,2514.0,7000
2023-10-19 13:08:00+09:00,2514.0,2516.0,2513.0,2513.0,2513.0,6100
2023-10-19 13:09:00+09:00,2513.0,2515.0,2513.0,2515.0,2515.0,2600
2023-10-19 13:10:00+09:00,2514.0,2515.0,2514.0,2515.0,2515.0,3200
2023-10-19 13:11:00+09:00,2515.0,2517.0,2515.0,2516.0,2516.0,7900
2023-10-19 13:12:00+09:00,2517.0,2521.0,2517.0,2521.0,2521.0,8500
2023-10-19 13:13:00+09:00,2521.0,2523.0,2520.0,2522.0,2522.0,21500
2023-10-19 13:14:00+09:00,2522.0,2522.0,2521.0,2521.0,2521.0,3800
2023-10-19 13:15:00+09:00,2520.0,2523.0,2520.0,2523.0,2523.0,7400
2023-10-19 13:16:00+09:00,2523.0,2523.0,2522.0,2522.0,2522.0,3400
2023-10-19 13:17:00+09:00,2521.0,2523.0,2521.0,2523.0,2523.0,3100
2023-10-19 13:18:00+09:00,2523.0,2527.0,2523.0,2527.0,2527.0,15500
2023-10-19 13:19:00+09:00,2527.0,2527.0,2525.0,2526.0,2526.0,5800
2023-10-19 13:20:00+09:00,2526.0,2526.0,2521.0,2524.0,2524.0,15800
2023-10-19 13:21:00+09:00,2524.0,2527.0,2523.0,2524.0,2524.0,18400
2023-10-19 13:22:00+09:00,2524.0,2525.0,2523.0,2523.0,2523.0,5300
2023-10-19 13:23:00+09:00,2524.0,2525.0,2522.0,2522.0,2522.0,6200
2023-10-19 13:24:00+09:00,2522.0,2522.0,2518.0,2519.0,2519.0,8700
2023-10-19 13:25:00+09:00,2519.0,2521.0,2518.0,2520.0,2520.0,7300
2023-10-19 13:26:00+09:00,2520.0,2520.0,2519.0,2520.0,2520.0,4000
2023-10-19 13:27:00+09:00,2521.0,2524.0,2519.0,2523.0,2523.0,6400
2023-10-19 13:28:00+09:00,2523.0,2523.0,2522.0,2522.0,2522.0,6500
2023-10-19 13:29:00+09:00,2523.0,2530.0,2523.0,2529.0,2529.0,21600
2023-10-19 13:30:00+09:00,2529.0,2529.0,2524.0,2526.0,2526.0,10600
2023-10-19 13:31:00+09:00,2525.0,2526.0,2523.0,2523.0,2523.0,7600
2023-10-19 13:32:00+09:00,2522.0,2526.0,2520.0,2526.0,2526.0,14600
2023-10-19 13:33:00+09:00,2526.0,2526.0,2519.0,2519.0,2519.0,9800
2023-10-19 13:34:00+09:00,2521.0,2521.0,2516.0,2518.0,2518.0,14900
2023-10-19 13:35:00+09:00,2518.0,2518.0,2516.0,2516.0,2516.0,3600
2023-10-19 13:36:00+09:00,2516.0,2522.0,2516.0,2522.0,2522.0,6000
2023-10-19 13:37:00+09:00,2522.0,2523.0,2522.0,2522.0,2522.0,5000
2023-10-19 13:38:00+09:00,2521.0,2521.0,2519.0,2520.0,2520.0,5800
2023-10-19 13:39:00+09:00,2520.0,2520.0,2517.0,2517.0,2517.0,5500
2023-10-19 13:40:00+09:00,2517.0,2518.0,2517.0,2517.0,2517.0,3200
2023-10-19 13:42:00+09:00,2515.0,2515.0,2513.0,2514.0,2514.0,15100
2023-10-19 13:43:00+09:00,2514.0,2516.0,2514.0,2515.0,2515.0,4700
2023-10-19 13:44:00+09:00,2515.0,2515.0,2514.0,2515.0,2515.0,2700
2023-10-19 13:45:00+09:00,2515.0,2515.0,2512.0,2515.0,2515.0,8100
2023-10-19 13:46:00+09:00,2514.0,2517.0,2513.0,2515.0,2515.0,10500
2023-10-19 13:47:00+09:00,2516.0,2516.0,2515.0,2515.0,2515.0,2400
2023-10-19 13:48:00+09:00,2515.0,2515.0,2514.0,2515.0,2515.0,3100
2023-10-19 13:49:00+09:00,2515.0,2516.0,2514.0,2515.0,2515.0,3200
2023-10-19 13:50:00+09:00,2516.0,2516.0,2516.0,2516.0,2516.0,1000
2023-10-19 13:51:00+09:00,2515.0,2515.0,2514.0,2515.0,2515.0,3000
2023-10-19 13:52:00+09:00,2514.0,2516.0,2514.0,2516.0,2516.0,4300
2023-10-19 13:53:00+09:00,2516.0,2518.0,2516.0,2518.0,2518.0,4700
2023-10-19 13:54:00+09:00,2518.0,2518.0,2518.0,2518.0,2518.0,1000
2023-10-19 13:55:00+09:00,2518.0,2518.0,2517.0,2517.0,2517.0,2000
2023-10-19 13:57:00+09:00,2520.0,2520.0,2519.0,2520.0,2520.0,7500
2023-10-19 13:58:00+09:00,2520.0,2521.0,2519.0,2519.0,2519.0,3100
2023-10-19 13:59:00+09:00,2519.0,2519.0,2518.0,2518.0,2518.0,7100
2023-10-19 14:00:00+09:00,2518.0,2518.0,2517.0,2517.0,2517.0,3400
2023-10-19 14:01:00+09:00,2517.0,2518.0,2516.0,2516.0,2516.0,3900
2023-10-19 14:02:00+09:00,2516.0,2517.0,2516.0,2516.0,2516.0,2500
2023-10-19 14:03:00+09:00,2516.0,2516.0,2515.0,2515.0,2515.0,7300
2023-10-19 14:04:00+09:00,2514.0,2514.0,2513.0,2513.0,2513.0,2700
2023-10-19 14:05:00+09:00,2513.0,2515.0,2513.0,2515.0,2515.0,2900
2023-10-19 14:06:00+09:00,2514.0,2514.0,2513.0,2514.0,2514.0,4200
2023-10-19 14:07:00+09:00,2513.0,2515.0,2512.0,2515.0,2515.0,6200
2023-10-19 14:08:00+09:00,2516.0,2516.0,2511.0,2511.0,2511.0,12700
2023-10-19 14:09:00+09:00,2512.0,2513.0,2512.0,2512.0,2512.0,4800
2023-10-19 14:10:00+09:00,2512.0,2514.0,2512.0,2512.0,2512.0,6100
2023-10-19 14:11:00+09:00,2513.0,2513.0,2510.0,2510.0,2510.0,6800
2023-10-19 14:12:00+09:00,2510.0,2511.0,2508.0,2509.0,2509.0,25300
2023-10-19 14:13:00+09:00,2510.0,2511.0,2509.0,2511.0,2511.0,2900
2023-10-19 14:14:00+09:00,2511.0,2511.0,2511.0,2511.0,2511.0,1500
2023-10-19 14:15:00+09:00,2510.0,2510.0,2509.0,2509.0,2509.0,4400
2023-10-19 14:16:00+09:00,2509.0,2509.0,2507.0,2508.0,2508.0,6600
2023-10-19 14:17:00+09:00,2508.0,2510.0,2507.0,2510.0,2510.0,6300
2023-10-19 14:18:00+09:00,2510.0,2510.0,2509.0,2510.0,2510.0,2300
2023-10-19 14:19:00+09:00,2511.0,2512.0,2511.0,2512.0,2512.0,1900
2023-10-19 14:20:00+09:00,2511.0,2511.0,2510.0,2511.0,2511.0,5500
2023-10-19 14:21:00+09:00,2510.0,2510.0,2510.0,2510.0,2510.0,1000
2023-10-19 14:22:00+09:00,2509.0,2509.0,2504.0,2505.0,2505.0,29600
2023-10-19 14:23:00+09:00,2504.0,2506.0,2502.0,2503.0,2503.0,20400
2023-10-19 14:24:00+09:00,2504.0,2504.0,2500.0,2500.0,2500.0,68400
2023-10-19 14:25:00+09:00,2500.0,2500.0,2496.0,2496.0,2496.0,37400
2023-10-19 14:26:00+09:00,2496.0,2503.0,2496.0,2502.0,2502.0,17200
2023-10-19 14:27:00+09:00,2501.0,2504.0,2501.0,2503.0,2503.0,4800
2023-10-19 14:28:00+09:00,2503.0,2503.0,2501.0,2502.0,2502.0,3300
2023-10-19 14:29:00+09:00,2502.0,2504.0,2502.0,2503.0,2503.0,3400
2023-10-19 14:30:00+09:00,2503.0,2504.0,2502.0,2502.0,2502.0,7100
2023-10-19 14:31:00+09:00,2503.0,2505.0,2502.0,2505.0,2505.0,6000
2023-10-19 14:32:00+09:00,2505.0,2505.0,2501.0,2504.0,2504.0,10500
2023-10-19 14:33:00+09:00,2503.0,2503.0,2498.0,2498.0,2498.0,17800
2023-10-19 14:34:00+09:00,2498.0,2499.0,2490.0,2492.0,2492.0,55100
2023-10-19 14:35:00+09:00,2492.0,2494.0,2492.0,2493.0,2493.0,7900
2023-10-19 14:36:00+09:00,2493.0,2493.0,2491.0,2491.0,2491.0,8000
2023-10-19 14:37:00+09:00,2492.0,2493.0,2489.0,2489.0,2489.0,19500
2023-10-19 14:38:00+09:00,2490.0,2494.0,2490.0,2494.0,2494.0,7100
2023-10-19 14:39:00+09:00,2495.0,2495.0,2490.0,2493.0,2493.0,9300
2023-10-19 14:40:00+09:00,2493.0,2493.0,2490.0,2491.0,2491.0,6400
2023-10-19 14:41:00+09:00,2492.0,2492.0,2489.0,2490.0,2490.0,9800
2023-10-19 14:42:00+09:00,2491.0,2497.0,2491.0,2497.0,2497.0,13700
2023-10-19 14:43:00+09:00,2497.0,2500.0,2497.0,2500.0,2500.0,10100
2023-10-19 14:44:00+09:00,2499.0,2500.0,2498.0,2500.0,2500.0,4700
2023-10-19 14:45:00+09:00,2500.0,2500.0,2495.0,2495.0,2495.0,9600
2023-10-19 14:46:00+09:00,2495.0,2496.0,2494.0,2494.0,2494.0,5900
2023-10-19 14:47:00+09:00,2494.0,2495.0,2491.0,2491.0,2491.0,10700
2023-10-19 14:48:00+09:00,2492.0,2493.0,2490.0,2491.0,2491.0,13000
2023-10-19 14:49:00+09:00,2491.0,2495.0,2490.0,2492.0,2492.0,15000
2023-10-19 14:50:00+09:00,2492.0,2492.0,2491.0,2491.0,2491.0,7800
2023-10-19 14:51:00+09:00,2491.0,2493.0,2489.0,2493.0,2493.0,27000
2023-10-19 14:52:00+09:00,2492.0,2493.0,2492.0,2493.0,2493.0,2300
2023-10-19 14:53:00+09:00,2493.0,2493.0,2490.0,2493.0,2493.0,10900
2023-10-19 14:54:00+09:00,2493.0,2494.0,2491.0,2492.0,2492.0,10700
2023-10-19 14:55:00+09:00,2491.0,2492.0,2490.0,2492.0,2492.0,9800
2023-10-19 14:56:00+09:00,2492.0,2493.0,2492.0,2492.0,2492.0,10800
2023-10-19 14:57:00+09:00,2492.0,2497.0,2491.0,2497.0,2497.0,22900
2023-10-19 14:58:00+09:00,2498.0,2498.0,2496.0,2496.0,2496.0,7900
2023-10-19 14:59:00+09:00,2497.0,2498.0,2492.0,2497.0,2497.0,25200
2023-10-20 09:00:00+09:00,2452.0,2456.0,2421.0,2421.0,2421.0,257400
2023-10-20 09:01:00+09:00,2434.0,2437.0,2423.0,2428.0,2428.0,67300
2023-10-20 09:02:00+09:00,2428.0,2428.0,2409.0,2424.0,2424.0,66800
2023-10-20 09:03:00+09:00,2422.0,2429.0,2413.0,2425.0,2425.0,31100
2023-10-20 09:04:00+09:00,2425.0,2426.0,2410.0,2417.0,2417.0,45500
2023-10-20 09:05:00+09:00,2418.0,2418.0,2408.0,2413.0,2413.0,41600
2023-10-20 09:06:00+09:00,2413.0,2424.0,2411.0,2423.0,2423.0,30600
2023-10-20 09:07:00+09:00,2423.0,2424.0,2413.0,2415.0,2415.0,28900
2023-10-20 09:08:00+09:00,2415.0,2418.0,2408.0,2414.0,2414.0,47800
2023-10-20 09:09:00+09:00,2416.0,2417.0,2408.0,2414.0,2414.0,19300
2023-10-20 09:10:00+09:00,2413.0,2415.0,2410.0,2412.0,2412.0,21100
2023-10-20 09:11:00+09:00,2412.0,2414.0,2408.0,2409.0,2409.0,18900
2023-10-20 09:12:00+09:00,2409.0,2409.0,2395.0,2400.0,2400.0,107400
2023-10-20 09:13:00+09:00,2400.0,2404.0,2395.0,2404.0,2404.0,28100
2023-10-20 09:14:00+09:00,2403.0,2406.0,2397.0,2402.0,2402.0,29300
2023-10-20 09:15:00+09:00,2403.0,2404.0,2392.0,2393.0,2393.0,49500
2023-10-20 09:16:00+09:00,2392.0,2400.0,2388.0,2395.0,2395.0,52200
2023-10-20 09:17:00+09:00,2396.0,2417.0,2391.0,2413.0,2413.0,54900
2023-10-20 09:18:00+09:00,2413.0,2419.0,2405.0,2412.0,2412.0,60200
2023-10-20 09:19:00+09:00,2414.0,2420.0,2412.0,2420.0,2420.0,20400
2023-10-20 09:20:00+09:00,2419.0,2427.0,2418.0,2427.0,2427.0,60200
2023-10-20 09:21:00+09:00,2427.0,2427.0,2411.0,2420.0,2420.0,36800
2023-10-20 09:22:00+09:00,2420.0,2433.0,2419.0,2429.0,2429.0,54100
2023-10-20 09:23:00+09:00,2429.0,2433.0,2422.0,2432.0,2432.0,36900
2023-10-20 09:24:00+09:00,2434.0,2444.0,2433.0,2440.0,2440.0,47600
2023-10-20 09:25:00+09:00,2439.0,2446.0,2436.0,2440.0,2440.0,50400
2023-10-20 09:26:00+09:00,2438.0,2441.0,2431.0,2432.0,2432.0,47800
2023-10-20 09:27:00+09:00,2432.0,2432.0,2419.0,2425.0,2425.0,47400
2023-10-20 09:28:00+09:00,2425.0,2427.0,2416.0,2416.0,2416.0,26800
2023-10-20 09:29:00+09:00,2418.0,2428.0,2418.0,2424.0,2424.0,22700
2023-10-20 09:30:00+09:00,2425.0,2430.0,2424.0,2424.0,2424.0,16300
2023-10-20 09:31:00+09:00,2424.0,2425.0,2416.0,2416.0,2416.0,17700
2023-10-20 09:32:00+09:00,2417.0,2417.0,2403.0,2409.0,2409.0,36200
2023-10-20 09:33:00+09:00,2409.0,2424.0,2408.0,2419.0,2419.0,17700
2023-10-20 09:34:00+09:00,2419.0,2421.0,2413.0,2419.0,2419.0,15100
2023-10-20 09:35:00+09:00,2418.0,2424.0,2415.0,2424.0,2424.0,12000
2023-10-20 09:36:00+09:00,2423.0,2425.0,2418.0,2419.0,2419.0,12600
2023-10-20 09:37:00+09:00,2419.0,2425.0,2418.0,2424.0,2424.0,9400
2023-10-20 09:38:00+09:00,2422.0,2428.0,2421.0,2426.0,2426.0,14900
2023-10-20 09:39:00+09:00,2426.0,2431.0,2426.0,2429.0,2429.0,22200
2023-10-20 09:40:00+09:00,2428.0,2435.0,2426.0,2426.0,2426.0,28100
2023-10-20 09:41:00+09:00,2426.0,2426.0,2421.0,2421.0,2421.0,10700
2023-10-20 09:42:00+09:00,2421.0,2425.0,2421.0,2425.0,2425.0,3400
2023-10-20 09:43:00+09:00,2423.0,2427.0,2422.0,2427.0,2427.0,16800
2023-10-20 09:44:00+09:00,2427.0,2427.0,2424.0,2426.0,2426.0,10800
2023-10-20 09:45:00+09:00,2425.0,2427.0,2413.0,2413.0,2413.0,52900
2023-10-20 09:46:00+09:00,2413.0,2413.0,2407.0,2408.0,2408.0,32900
2023-10-20 09:47:00+09:00,2409.0,2412.0,2408.0,2408.0,2408.0,11900
2023-10-20 09:48:00+09:00,2408.0,2408.0,2396.0,2397.0,2397.0,82000
2023-10-20 09:49:00+09:00,2398.0,2403.0,2396.0,2400.0,2400.0,19600
2023-10-20 09:50:00+09:00,2401.0,2401.0,2395.0,2397.0,2397.0,15500
2023-10-20 09:51:00+09:00,2398.0,2401.0,2394.0,2396.0,2396.0,29300
2023-10-20 09:52:00+09:00,2396.0,2397.0,2394.0,2394.0,2394.0,15400
2023-10-20 09:53:00+09:00,2395.0,2395.0,2389.0,2392.0,2392.0,35800
2023-10-20 09:54:00+09:00,2391.0,2391.0,2388.0,2388.0,2388.0,34100
2023-10-20 09:55:00+09:00,2389.0,2390.0,2372.0,2374.0,2374.0,102900
2023-10-20 09:56:00+09:00,2374.0,2379.0,2371.0,2373.0,2373.0,42600
2023-10-20 09:57:00+09:00,2373.0,2381.0,2373.0,2376.0,2376.0,28600
2023-10-20 09:58:00+09:00,2377.0,2388.0,2377.0,2386.0,2386.0,30000
2023-10-20 09:59:00+09:00,2385.0,2390.0,2385.0,2390.0,2390.0,26000
2023-10-20 10:00:00+09:00,2389.0,2392.0,2385.0,2390.0,2390.0,31000
2023-10-20 10:01:00+09:00,2389.0,2392.0,2387.0,2391.0,2391.0,13500
2023-10-20 10:02:00+09:00,2392.0,2397.0,2391.0,2394.0,2394.0,26100
2023-10-20 10:03:00+09:00,2394.0,2401.0,2394.0,2395.0,2395.0,23900
2023-10-20 10:04:00+09:00,2395.0,2396.0,2388.0,2391.0,2391.0,13400
2023-10-20 10:05:00+09:00,2391.0,2391.0,2387.0,2387.0,2387.0,15900
2023-10-20 10:06:00+09:00,2388.0,2388.0,2378.0,2380.0,2380.0,26600
2023-10-20 10:07:00+09:00,2381.0,2386.0,2381.0,2381.0,2381.0,11500
2023-10-20 10:08:00+09:00,2381.0,2383.0,2374.0,2375.0,2375.0,29100
2023-10-20 10:09:00+09:00,2376.0,2380.0,2376.0,2378.0,2378.0,6600
2023-10-20 10:10:00+09:00,2378.0,2381.0,2378.0,2380.0,2380.0,8300
2023-10-20 10:11:00+09:00,2379.0,2380.0,2374.0,2375.0,2375.0,11800
2023-10-20 10:12:00+09:00,2376.0,2379.0,2372.0,2373.0,2373.0,16700
2023-10-20 10:13:00+09:00,2373.0,2374.0,2364.0,2369.0,2369.0,60500
2023-10-20 10:14:00+09:00,2369.0,2370.0,2359.0,2362.0,2362.0,46200
2023-10-20 10:15:00+09:00,2363.0,2366.0,2360.0,2366.0,2366.0,26400
2023-10-20 10:16:00+09:00,2366.0,2371.0,2365.0,2370.0,2370.0,23900
2023-10-20 10:17:00+09:00,2371.0,2378.0,2370.0,2370.0,2370.0,33200
2023-10-20 10:18:00+09:00,2371.0,2374.0,2369.0,2373.0,2373.0,13400
2023-10-20 10:19:00+09:00,2373.0,2374.0,2370.0,2370.0,2370.0,5500
2023-10-20 10:20:00+09:00,2370.0,2370.0,2366.0,2366.0,2366.0,11500
2023-10-20 10:21:00+09:00,2366.0,2367.0,2366.0,2367.0,2367.0,2100
2023-10-20 10:22:00+09:00,2380.0,2381.0,2377.0,2379.0,2379.0,27300
2023-10-20 10:23:00+09:00,2380.0,2383.0,2377.0,2377.0,2377.0,10700
2023-10-20 10:24:00+09:00,2378.0,2378.0,2374.0,2377.0,2377.0,6200
2023-10-20 10:25:00+09:00,2375.0,2376.0,2371.0,2373.0,2373.0,8000
2023-10-20 10:26:00+09:00,2372.0,2374.0,2370.0,2373.0,2373.0,11100
2023-10-20 10:27:00+09:00,2374.0,2374.0,2370.0,2372.0,2372.0,5200
2023-10-20 10:28:00+09:00,2373.0,2378.0,2373.0,2376.0,2376.0,13200
2023-10-20 10:29:00+09:00,2377.0,2381.0,2377.0,2379.0,2379.0,10900
2023-10-20 10:30:00+09:00,2379.0,2380.0,2377.0,2379.0,2379.0,7200
2023-10-20 10:31:00+09:00,2379.0,2380.0,2376.0,2376.0,2376.0,15900
2023-10-20 10:32:00+09:00,2376.0,2377.0,2373.0,2373.0,2373.0,5900
2023-10-20 10:33:00+09:00,2373.0,2374.0,2372.0,2373.0,2373.0,3600
2023-10-20 10:34:00+09:00,2374.0,2378.0,2374.0,2377.0,2377.0,5200
2023-10-20 10:35:00+09:00,2377.0,2379.0,2376.0,2378.0,2378.0,2800
2023-10-20 10:36:00+09:00,2378.0,2378.0,2371.0,2374.0,2374.0,13600
2023-10-20 10:37:00+09:00,2375.0,2375.0,2367.0,2368.0,2368.0,16100
2023-10-20 10:38:00+09:00,2368.0,2370.0,2367.0,2370.0,2370.0,8200
2023-10-20 10:39:00+09:00,2371.0,2375.0,2370.0,2372.0,2372.0,11500
2023-10-20 10:40:00+09:00,2373.0,2377.0,2373.0,2377.0,2377.0,12000
2023-10-20 10:41:00+09:00,2377.0,2378.0,2375.0,2375.0,2375.0,8000
2023-10-20 10:42:00+09:00,2375.0,2377.0,2374.0,2374.0,2374.0,4200
2023-10-20 10:43:00+09:00,2373.0,2374.0,2371.0,2371.0,2371.0,6200
2023-10-20 10:44:00+09:00,2373.0,2375.0,2372.0,2374.0,2374.0,4500
2023-10-20 10:45:00+09:00,2375.0,2377.0,2373.0,2374.0,2374.0,7600
2023-10-20 10:46:00+09:00,2375.0,2378.0,2374.0,2377.0,2377.0,4400
2023-10-20 10:47:00+09:00,2377.0,2384.0,2376.0,2383.0,2383.0,29700
2023-10-20 10:48:00+09:00,2382.0,2386.0,2381.0,2386.0,2386.0,18700
2023-10-20 10:49:00+09:00,2386.0,2391.0,2382.0,2386.0,2386.0,32100
2023-10-20 10:50:00+09:00,2386.0,2387.0,2385.0,2386.0,2386.0,7300
2023-10-20 10:51:00+09:00,2386.0,2387.0,2381.0,2382.0,2382.0,17000
2023-10-20 10:52:00+09:00,2383.0,2390.0,2382.0,2389.0,2389.0,15200
2023-10-20 10:53:00+09:00,2388.0,2388.0,2378.0,2380.0,2380.0,19900
2023-10-20 10:54:00+09:00,2380.0,2382.0,2378.0,2382.0,2382.0,9700
2023-10-20 10:55:00+09:00,2382.0,2382.0,2375.0,2377.0,2377.0,11800
2023-10-20 10:56:00+09:00,2377.0,2377.0,2372.0,2375.0,2375.0,16400
2023-10-20 10:57:00+09:00,2376.0,2376.0,2375.0,2376.0,2376.0,4400
2023-10-20 10:58:00+09:00,2377.0,2382.0,2376.0,2381.0,2381.0,5800
2023-10-20 10:59:00+09:00,2381.0,2382.0,2380.0,2380.0,2380.0,6100
2023-10-20 11:00:00+09:00,2380.0,2381.0,2376.0,2376.0,2376.0,6800
2023-10-20 11:01:00+09:00,2376.0,2377.0,2375.0,2376.0,2376.0,3100
2023-10-20 11:02:00+09:00,2377.0,2380.0,2377.0,2378.0,2378.0,4900
2023-10-20 11:03:00+09:00,2378.0,2382.0,2376.0,2382.0,2382.0,8900
2023-10-20 11:04:00+09:00,2382.0,2390.0,2382.0,2389.0,2389.0,13300
2023-10-20 11:05:00+09:00,2389.0,2392.0,2386.0,2386.0,2386.0,15700
2023-10-20 11:06:00+09:00,2385.0,2386.0,2381.0,2383.0,2383.0,11700
2023-10-20 11:07:00+09:00,2383.0,2384.0,2382.0,2384.0,2384.0,3100
2023-10-20 11:08:00+09:00,2385.0,2393.0,2385.0,2392.0,2392.0,14700
2023-10-20 11:09:00+09:00,2392.0,2392.0,2389.0,2390.0,2390.0,8900
2023-10-20 11:10:00+09:00,2390.0,2392.0,2389.0,2392.0,2392.0,3200
2023-10-20 11:11:00+09:00,2392.0,2393.0,2388.0,2388.0,2388.0,5400
2023-10-20 11:12:00+09:00,2390.0,2391.0,2390.0,2391.0,2391.0,2400
2023-10-20 11:13:00+09:00,2391.0,2403.0,2391.0,2397.0,2397.0,45600
2023-10-20 11:14:00+09:00,2398.0,2404.0,2397.0,2402.0,2402.0,21800
2023-10-20 11:15:00+09:00,2402.0,2404.0,2401.0,2403.0,2403.0,12400
2023-10-20 11:16:00+09:00,2403.0,2403.0,2401.0,2402.0,2402.0,5600
2023-10-20 11:17:00+09:00,2402.0,2404.0,2400.0,2404.0,2404.0,8900
2023-10-20 11:18:00+09:00,2404.0,2410.0,2404.0,2407.0,2407.0,18600
2023-10-20 11:19:00+09:00,2407.0,2414.0,2407.0,2409.0,2409.0,24300
2023-10-20 11:20:00+09:00,2408.0,2410.0,2402.0,2402.0,2402.0,23000
2023-10-20 11:21:00+09:00,2402.0,2408.0,2400.0,2408.0,2408.0,10900
2023-10-20 11:22:00+09:00,2407.0,2409.0,2404.0,2406.0,2406.0,9400
2023-10-20 11:23:00+09:00,2406.0,2407.0,2406.0,2406.0,2406.0,2300
2023-10-20 11:24:00+09:00,2406.0,2406.0,2403.0,2405.0,2405.0,5800
2023-10-20 11:25:00+09:00,2405.0,2405.0,2401.0,2401.0,2401.0,7100
2023-10-20 11:26:00+09:00,2400.0,2400.0,2396.0,2397.0,2397.0,12500
2023-10-20 11:27:00+09:00,2398.0,2399.0,2389.0,2392.0,2392.0,18600
2023-10-20 11:28:00+09:00,2391.0,2392.0,2388.0,2389.0,2389.0,9600
2023-10-20 11:29:00+09:00,2388.0,2397.0,2388.0,2396.0,2396.0,16700
2023-10-20 11:30:00+09:00,2396.0,2396.0,2396.0,2396.0,2396.0,1500
2023-10-20 11:35:00+09:00,2396.0,2396.0,2396.0,2396.0,2396.0,0
2023-10-20 12:30:00+09:00,2405.0,2419.0,2404.0,2412.0,2412.0,3612300
2023-10-20 12:31:00+09:00,2412.0,2415.0,2402.0,2406.0,2406.0,26400
2023-10-20 12:32:00+09:00,2407.0,2418.0,2406.0,2417.0,2417.0,25600
2023-10-20 12:33:00+09:00,2417.0,2424.0,2416.0,2422.0,2422.0,43000
2023-10-20 12:34:00+09:00,2420.0,2421.0,2412.0,2413.0,2413.0,19200
2023-10-20 12:35:00+09:00,2414.0,2415.0,2412.0,2414.0,2414.0,6900
2023-10-20 12:36:00+09:00,2413.0,2415.0,2412.0,2415.0,2415.0,7400
2023-10-20 12:37:00+09:00,2416.0,2422.0,2415.0,2421.0,2421.0,12800
2023-10-20 12:38:00+09:00,2421.0,2430.0,2421.0,2429.0,2429.0,29700
2023-10-20 12:39:00+09:00,2430.0,2434.0,2428.0,2429.0,2429.0,31900
2023-10-20 12:40:00+09:00,2429.0,2429.0,2418.0,2420.0,2420.0,27400
2023-10-20 12:41:00+09:00,2419.0,2420.0,2418.0,2420.0,2420.0,15000
2023-10-20 12:42:00+09:00,2420.0,2426.0,2418.0,2418.0,2418.0,25500
2023-10-20 12:43:00+09:00,2418.0,2419.0,2416.0,2418.0,2418.0,13600
2023-10-20 12:44:00+09:00,2418.0,2418.0,2415.0,2418.0,2418.0,7600
2023-10-20 12:45:00+09:00,2417.0,2419.0,2417.0,2419.0,2419.0,4900
2023-10-20 12:46:00+09:00,2419.0,2419.0,2415.0,2418.0,2418.0,13100
2023-10-20 12:47:00+09:00,2419.0,2419.0,2415.0,2415.0,2415.0,5000
2023-10-20 12:48:00+09:00,2415.0,2418.0,2415.0,2417.0,2417.0,8200
2023-10-20 12:49:00+09:00,2416.0,2419.0,2416.0,2418.0,2418.0,6400
2023-10-20 12:50:00+09:00,2417.0,2419.0,2413.0,2413.0,2413.0,15500
2023-10-20 12:51:00+09:00,2414.0,2421.0,2413.0,2420.0,2420.0,15800
2023-10-20 12:52:00+09:00,2421.0,2424.0,2419.0,2423.0,2423.0,15200
2023-10-20 12:53:00+09:00,2423.0,2432.0,2423.0,2429.0,2429.0,20500
2023-10-20 12:54:00+09:00,2430.0,2431.0,2427.0,2431.0,2431.0,17600
2023-10-20 12:55:00+09:00,2430.0,2430.0,2428.0,2430.0,2430.0,6200
2023-10-20 12:56:00+09:00,2430.0,2430.0,2423.0,2425.0,2425.0,15300
2023-10-20 12:57:00+09:00,2424.0,2425.0,2420.0,2422.0,2422.0,12700
2023-10-20 12:58:00+09:00,2421.0,2422.0,2419.0,2422.0,2422.0,6800
2023-10-20 12:59:00+09:00,2423.0,2429.0,2423.0,2427.0,2427.0,17400
2023-10-20 13:00:00+09:00,2427.0,2430.0,2426.0,2427.0,2427.0,2800
2023-10-20 13:01:00+09:00,2426.0,2426.0,2424.0,2424.0,2424.0,5800
2023-10-20 13:02:00+09:00,2423.0,2425.0,2423.0,2424.0,2424.0,3200
2023-10-20 13:03:00+09:00,2424.0,2426.0,2424.0,2426.0,2426.0,5900
2023-10-20 13:04:00+09:00,2427.0,2428.0,2426.0,2428.0,2428.0,3800
2023-10-20 13:05:00+09:00,2427.0,2427.0,2425.0,2426.0,2426.0,5100
2023-10-20 13:06:00+09:00,2425.0,2426.0,2425.0,2425.0,2425.0,4300
2023-10-20 13:07:00+09:00,2425.0,2425.0,2413.0,2414.0,2414.0,40600
2023-10-20 13:08:00+09:00,2415.0,2421.0,2414.0,2421.0,2421.0,13000
2023-10-20 13:09:00+09:00,2421.0,2424.0,2421.0,2423.0,2423.0,7600
2023-10-20 13:10:00+09:00,2423.0,2427.0,2422.0,2423.0,2423.0,10600
2023-10-20 13:11:00+09:00,2422.0,2423.0,2420.0,2420.0,2420.0,3700
2023-10-20 13:12:00+09:00,2420.0,2421.0,2419.0,2420.0,2420.0,2300
2023-10-20 13:13:00+09:00,2419.0,2419.0,2416.0,2416.0,2416.0,4200
2023-10-20 13:14:00+09:00,2417.0,2417.0,2413.0,2415.0,2415.0,12800
2023-10-20 13:15:00+09:00,2416.0,2418.0,2415.0,2418.0,2418.0,4200
2023-10-20 13:16:00+09:00,2419.0,2420.0,2417.0,2417.0,2417.0,5400
2023-10-20 13:17:00+09:00,2417.0,2419.0,2417.0,2419.0,2419.0,2900
2023-10-20 13:18:00+09:00,2419.0,2423.0,2419.0,2423.0,2423.0,5000
2023-10-20 13:19:00+09:00,2423.0,2423.0,2419.0,2419.0,2419.0,5900
2023-10-20 13:20:00+09:00,2421.0,2427.0,2420.0,2427.0,2427.0,15100
2023-10-20 13:21:00+09:00,2426.0,2431.0,2425.0,2431.0,2431.0,12100
2023-10-20 13:22:00+09:00,2430.0,2435.0,2430.0,2433.0,2433.0,16000
2023-10-20 13:23:00+09:00,2434.0,2438.0,2432.0,2437.0,2437.0,10600
2023-10-20 13:24:00+09:00,2437.0,2438.0,2435.0,2438.0,2438.0,10400
2023-10-20 13:25:00+09:00,2437.0,2446.0,2435.0,2445.0,2445.0,41100
2023-10-20 13:26:00+09:00,2444.0,2447.0,2443.0,2447.0,2447.0,18400
2023-10-20 13:27:00+09:00,2446.0,2448.0,2443.0,2445.0,2445.0,19400
2023-10-20 13:28:00+09:00,2446.0,2446.0,2441.0,2445.0,2445.0,11800
2023-10-20 13:29:00+09:00,2445.0,2446.0,2443.0,2446.0,2446.0,9500
2023-10-20 13:30:00+09:00,2445.0,2446.0,2440.0,2440.0,2440.0,15400
2023-10-20 13:31:00+09:00,2440.0,2446.0,2440.0,2445.0,2445.0,11000
2023-10-20 13:32:00+09:00,2445.0,2447.0,2442.0,2446.0,2446.0,11100
2023-10-20 13:33:00+09:00,2445.0,2447.0,2443.0,2447.0,2447.0,5000
2023-10-20 13:34:00+09:00,2446.0,2446.0,2442.0,2444.0,2444.0,6600
2023-10-20 13:35:00+09:00,2443.0,2450.0,2443.0,2450.0,2450.0,24200
2023-10-20 13:36:00+09:00,2449.0,2449.0,2445.0,2445.0,2445.0,7400
2023-10-20 13:37:00+09:00,2446.0,2446.0,2440.0,2442.0,2442.0,31100
2023-10-20 13:38:00+09:00,2442.0,2447.0,2441.0,2447.0,2447.0,6900
2023-10-20 13:39:00+09:00,2446.0,2446.0,2443.0,2444.0,2444.0,7800
2023-10-20 13:40:00+09:00,2443.0,2444.0,2441.0,2443.0,2443.0,7500
2023-10-20 13:41:00+09:00,2443.0,2443.0,2438.0,2442.0,2442.0,21000
2023-10-20 13:42:00+09:00,2442.0,2444.0,2441.0,2443.0,2443.0,3500
2023-10-20 13:43:00+09:00,2443.0,2448.0,2443.0,2447.0,2447.0,10700
2023-10-20 13:44:00+09:00,2447.0,2447.0,2443.0,2444.0,2444.0,8700
2023-10-20 13:45:00+09:00,2444.0,2444.0,2439.0,2441.0,2441.0,6400
2023-10-20 13:46:00+09:00,2441.0,2443.0,2438.0,2440.0,2440.0,8800
2023-10-20 13:47:00+09:00,2439.0,2441.0,2437.0,2441.0,2441.0,7200
2023-10-20 13:48:00+09:00,2440.0,2440.0,2437.0,2437.0,2437.0,6300
2023-10-20 13:49:00+09:00,2438.0,2446.0,2438.0,2443.0,2443.0,12600
2023-10-20 13:50:00+09:00,2445.0,2451.0,2445.0,2451.0,2451.0,16200
2023-10-20 13:51:00+09:00,2450.0,2450.0,2447.0,2448.0,2448.0,8200
2023-10-20 13:52:00+09:00,2447.0,2450.0,2445.0,2447.0,2447.0,8000
2023-10-20 13:53:00+09:00,2448.0,2450.0,2448.0,2448.0,2448.0,3900
2023-10-20 13:54:00+09:00,2448.0,2448.0,2444.0,2446.0,2446.0,10800
2023-10-20 13:55:00+09:00,2445.0,2445.0,2440.0,2445.0,2445.0,15100
2023-10-20 13:56:00+09:00,2445.0,2445.0,2443.0,2444.0,2444.0,4000
2023-10-20 13:57:00+09:00,2443.0,2445.0,2443.0,2444.0,2444.0,4400
2023-10-20 13:58:00+09:00,2444.0,2445.0,2444.0,2444.0,2444.0,2600
2023-10-20 13:59:00+09:00,2444.0,2444.0,2443.0,2444.0,2444.0,2900
2023-10-20 14:00:00+09:00,2445.0,2445.0,2439.0,2440.0,2440.0,24900
2023-10-20 14:01:00+09:00,2441.0,2442.0,2439.0,2441.0,2441.0,14500
2023-10-20 14:02:00+09:00,2441.0,2442.0,2441.0,2441.0,2441.0,4000
2023-10-20 14:03:00+09:00,2440.0,2441.0,2440.0,2441.0,2441.0,1800
2023-10-20 14:04:00+09:00,2441.0,2441.0,2439.0,2440.0,2440.0,9000
2023-10-20 14:05:00+09:00,2440.0,2441.0,2439.0,2439.0,2439.0,6100
2023-10-20 14:06:00+09:00,2438.0,2442.0,2438.0,2441.0,2441.0,9300
2023-10-20 14:07:00+09:00,2441.0,2441.0,2440.0,2441.0,2441.0,1600
2023-10-20 14:08:00+09:00,2441.0,2444.0,2441.0,2444.0,2444.0,4000
2023-10-20 14:09:00+09:00,2444.0,2444.0,2443.0,2443.0,2443.0,4000
2023-10-20 14:10:00+09:00,2443.0,2443.0,2442.0,2443.0,2443.0,1600
2023-10-20 14:11:00+09:00,2443.0,2444.0,2441.0,2441.0,2441.0,9500
2023-10-20 14:12:00+09:00,2441.0,2444.0,2441.0,2441.0,2441.0,6000
2023-10-20 14:13:00+09:00,2441.0,2441.0,2441.0,2441.0,2441.0,200
2023-10-20 14:14:00+09:00,2441.0,2442.0,2439.0,2440.0,2440.0,10200
2023-10-20 14:15:00+09:00,2440.0,2442.0,2440.0,2441.0,2441.0,1800
2023-10-20 14:16:00+09:00,2442.0,2444.0,2442.0,2444.0,2444.0,3400
2023-10-20 14:17:00+09:00,2443.0,2445.0,2443.0,2445.0,2445.0,3600
2023-10-20 14:18:00+09:00,2445.0,2447.0,2445.0,2446.0,2446.0,10900
2023-10-20 14:19:00+09:00,2445.0,2445.0,2444.0,2444.0,2444.0,3800
2023-10-20 14:20:00+09:00,2444.0,2444.0,2444.0,2444.0,2444.0,2100
2023-10-20 14:21:00+09:00,2444.0,2446.0,2444.0,2446.0,2446.0,5600
2023-10-20 14:22:00+09:00,2447.0,2454.0,2447.0,2454.0,2454.0,22600
2023-10-20 14:23:00+09:00,2454.0,2457.0,2450.0,2453.0,2453.0,22700
2023-10-20 14:24:00+09:00,2454.0,2455.0,2454.0,2454.0,2454.0,3200
2023-10-20 14:25:00+09:00,2456.0,2465.0,2454.0,2463.0,2463.0,26100
2023-10-20 14:26:00+09:00,2463.0,2464.0,2458.0,2463.0,2463.0,28500
2023-10-20 14:27:00+09:00,2463.0,2464.0,2457.0,2459.0,2459.0,14400
2023-10-20 14:28:00+09:00,2459.0,2462.0,2457.0,2460.0,2460.0,9700
2023-10-20 14:29:00+09:00,2460.0,2461.0,2459.0,2459.0,2459.0,6000
2023-10-20 14:30:00+09:00,2459.0,2460.0,2457.0,2460.0,2460.0,9800
2023-10-20 14:31:00+09:00,2459.0,2459.0,2458.0,2458.0,2458.0,1800
2023-10-20 14:32:00+09:00,2459.0,2463.0,2459.0,2462.0,2462.0,11700
2023-10-20 14:33:00+09:00,2461.0,2461.0,2458.0,2458.0,2458.0,9200
2023-10-20 14:34:00+09:00,2457.0,2458.0,2457.0,2458.0,2458.0,5700
2023-10-20 14:35:00+09:00,2459.0,2459.0,2453.0,2453.0,2453.0,9900
2023-10-20 14:36:00+09:00,2453.0,2454.0,2448.0,2448.0,2448.0,27700
2023-10-20 14:37:00+09:00,2448.0,2449.0,2447.0,2448.0,2448.0,5400
2023-10-20 14:38:00+09:00,2447.0,2448.0,2445.0,2447.0,2447.0,11900
2023-10-20 14:39:00+09:00,2447.0,2450.0,2446.0,2450.0,2450.0,7100
2023-10-20 14:40:00+09:00,2450.0,2450.0,2447.0,2447.0,2447.0,7000
2023-10-20 14:41:00+09:00,2447.0,2447.0,2444.0,2447.0,2447.0,11000
2023-10-20 14:42:00+09:00,2448.0,2450.0,2448.0,2450.0,2450.0,6400
2023-10-20 14:43:00+09:00,2449.0,2449.0,2444.0,2446.0,2446.0,17200
2023-10-20 14:44:00+09:00,2446.0,2448.0,2445.0,2448.0,2448.0,7000
2023-10-20 14:45:00+09:00,2447.0,2447.0,2446.0,2446.0,2446.0,3800
2023-10-20 14:46:00+09:00,2446.0,2447.0,2441.0,2445.0,2445.0,18200
2023-10-20 14:47:00+09:00,2445.0,2446.0,2445.0,2445.0,2445.0,2800
2023-10-20 14:48:00+09:00,2446.0,2446.0,2445.0,2446.0,2446.0,4400
2023-10-20 14:50:00+09:00,2447.0,2447.0,2442.0,2443.0,2443.0,12900
2023-10-20 14:51:00+09:00,2442.0,2447.0,2440.0,2447.0,2447.0,30700
2023-10-20 14:52:00+09:00,2448.0,2449.0,2444.0,2445.0,2445.0,6900
2023-10-20 14:53:00+09:00,2445.0,2445.0,2441.0,2442.0,2442.0,9200
2023-10-20 14:54:00+09:00,2442.0,2446.0,2442.0,2445.0,2445.0,6500
2023-10-20 14:55:00+09:00,2445.0,2445.0,2443.0,2444.0,2444.0,3500
2023-10-20 14:56:00+09:00,2444.0,2444.0,2441.0,2443.0,2443.0,8000
2023-10-20 14:57:00+09:00,2443.0,2446.0,2443.0,2445.0,2445.0,17500
2023-10-20 14:58:00+09:00,2446.0,2450.0,2442.0,2448.0,2448.0,29100
2023-10-20 14:59:00+09:00,2448.0,2453.0,2444.0,2444.0,2444.0,27000
2023-10-23 09:00:00+09:00,2402.0,2419.0,2401.0,2410.0,2410.0,0
2023-10-23 09:01:00+09:00,2411.0,2411.0,2381.0,2390.0,2390.0,118400
2023-10-23 09:02:00+09:00,2389.0,2403.0,2389.0,2394.0,2394.0,51800
2023-10-23 09:03:00+09:00,2393.0,2402.0,2387.0,2398.0,2398.0,44100
2023-10-23 09:04:00+09:00,2396.0,2409.0,2392.0,2401.0,2401.0,39700
2023-10-23 09:05:00+09:00,2399.0,2409.0,2399.0,2406.0,2406.0,22400
2023-10-23 09:06:00+09:00,2408.0,2418.0,2408.0,2412.0,2412.0,40500
2023-10-23 09:07:00+09:00,2414.0,2425.0,2414.0,2424.0,2424.0,45700
2023-10-23 09:08:00+09:00,2423.0,2427.0,2410.0,2411.0,2411.0,65200
2023-10-23 09:09:00+09:00,2410.0,2418.0,2406.0,2412.0,2412.0,36500
2023-10-23 09:10:00+09:00,2412.0,2414.0,2394.0,2397.0,2397.0,48100
2023-10-23 09:11:00+09:00,2396.0,2411.0,2393.0,2408.0,2408.0,53500
2023-10-23 09:12:00+09:00,2407.0,2411.0,2406.0,2407.0,2407.0,15500
2023-10-23 09:13:00+09:00,2409.0,2410.0,2391.0,2394.0,2394.0,31700
2023-10-23 09:14:00+09:00,2393.0,2395.0,2384.0,2390.0,2390.0,42200
2023-10-23 09:15:00+09:00,2391.0,2397.0,2388.0,2397.0,2397.0,20400
2023-10-23 09:16:00+09:00,2397.0,2398.0,2383.0,2386.0,2386.0,41500
2023-10-23 09:17:00+09:00,2386.0,2387.0,2382.0,2385.0,2385.0,19800
2023-10-23 09:18:00+09:00,2386.0,2386.0,2367.0,2371.0,2371.0,93900
2023-10-23 09:19:00+09:00,2370.0,2376.0,2366.0,2367.0,2367.0,37500
2023-10-23 09:20:00+09:00,2368.0,2383.0,2367.0,2376.0,2376.0,41800
2023-10-23 09:21:00+09:00,2375.0,2384.0,2373.0,2373.0,2373.0,23500
2023-10-23 09:22:00+09:00,2372.0,2372.0,2367.0,2368.0,2368.0,12700
2023-10-23 09:23:00+09:00,2369.0,2372.0,2364.0,2368.0,2368.0,30300
2023-10-23 09:24:00+09:00,2367.0,2375.0,2365.0,2372.0,2372.0,20500
2023-10-23 09:25:00+09:00,2373.0,2377.0,2370.0,2372.0,2372.0,19100
2023-10-23 09:26:00+09:00,2372.0,2373.0,2364.0,2365.0,2365.0,19300
2023-10-23 09:27:00+09:00,2365.0,2367.0,2361.0,2363.0,2363.0,26600
2023-10-23 09:28:00+09:00,2363.0,2366.0,2362.0,2363.0,2363.0,15300
2023-10-23 09:29:00+09:00,2362.0,2363.0,2354.0,2356.0,2356.0,70200
2023-10-23 09:30:00+09:00,2357.0,2361.0,2355.0,2356.0,2356.0,22400
2023-10-23 09:31:00+09:00,2358.0,2358.0,2352.0,2356.0,2356.0,27400
2023-10-23 09:32:00+09:00,2355.0,2357.0,2350.0,2350.0,2350.0,52200
2023-10-23 09:33:00+09:00,2351.0,2357.0,2350.0,2355.0,2355.0,24800
2023-10-23 09:34:00+09:00,2356.0,2359.0,2355.0,2357.0,2357.0,19000
2023-10-23 09:35:00+09:00,2357.0,2364.0,2357.0,2363.0,2363.0,20400
2023-10-23 09:36:00+09:00,2363.0,2364.0,2355.0,2358.0,2358.0,24200
2023-10-23 09:37:00+09:00,2358.0,2360.0,2355.0,2358.0,2358.0,15900
2023-10-23 09:38:00+09:00,2357.0,2358.0,2353.0,2355.0,2355.0,14600
2023-10-23 09:39:00+09:00,2355.0,2356.0,2354.0,2356.0,2356.0,6100
2023-10-23 09:40:00+09:00,2356.0,2358.0,2352.0,2357.0,2357.0,15200
2023-10-23 09:41:00+09:00,2357.0,2360.0,2356.0,2359.0,2359.0,21800
2023-10-23 09:42:00+09:00,2360.0,2365.0,2357.0,2360.0,2360.0,34900
2023-10-23 09:43:00+09:00,2359.0,2359.0,2351.0,2353.0,2353.0,29800
2023-10-23 09:44:00+09:00,2352.0,2354.0,2347.0,2350.0,2350.0,48600
2023-10-23 09:45:00+09:00,2350.0,2353.0,2350.0,2353.0,2353.0,13000
2023-10-23 09:46:00+09:00,2354.0,2365.0,2354.0,2358.0,2358.0,27000
2023-10-23 09:47:00+09:00,2358.0,2361.0,2358.0,2361.0,2361.0,16700
2023-10-23 09:48:00+09:00,2360.0,2366.0,2358.0,2361.0,2361.0,27100
2023-10-23 09:49:00+09:00,2361.0,2362.0,2360.0,2360.0,2360.0,5600
2023-10-23 09:50:00+09:00,2361.0,2364.0,2356.0,2356.0,2356.0,13900
2023-10-23 09:51:00+09:00,2356.0,2359.0,2355.0,2359.0,2359.0,18300
2023-10-23 09:52:00+09:00,2360.0,2367.0,2358.0,2365.0,2365.0,15400
2023-10-23 09:53:00+09:00,2366.0,2367.0,2358.0,2359.0,2359.0,13600
2023-10-23 09:54:00+09:00,2360.0,2361.0,2354.0,2356.0,2356.0,15900
2023-10-23 09:55:00+09:00,2356.0,2359.0,2356.0,2359.0,2359.0,7100
2023-10-23 09:56:00+09:00,2357.0,2364.0,2357.0,2364.0,2364.0,10500
2023-10-23 09:57:00+09:00,2365.0,2369.0,2365.0,2369.0,2369.0,15000
2023-10-23 09:58:00+09:00,2368.0,2369.0,2366.0,2366.0,2366.0,6100
2023-10-23 09:59:00+09:00,2366.0,2374.0,2366.0,2370.0,2370.0,15400
2023-10-23 10:00:00+09:00,2371.0,2375.0,2370.0,2374.0,2374.0,12200
2023-10-23 10:01:00+09:00,2375.0,2376.0,2372.0,2374.0,2374.0,14200
2023-10-23 10:02:00+09:00,2375.0,2381.0,2375.0,2376.0,2376.0,28000
2023-10-23 10:03:00+09:00,2375.0,2384.0,2374.0,2384.0,2384.0,17900
2023-10-23 10:04:00+09:00,2384.0,2384.0,2380.0,2382.0,2382.0,10400
2023-10-23 10:05:00+09:00,2381.0,2383.0,2378.0,2380.0,2380.0,18600
2023-10-23 10:06:00+09:00,2381.0,2385.0,2381.0,2384.0,2384.0,12000
2023-10-23 10:07:00+09:00,2384.0,2388.0,2384.0,2385.0,2385.0,17500
2023-10-23 10:08:00+09:00,2385.0,2386.0,2380.0,2380.0,2380.0,13400
2023-10-23 10:09:00+09:00,2380.0,2384.0,2376.0,2377.0,2377.0,18400
2023-10-23 10:10:00+09:00,2378.0,2378.0,2370.0,2373.0,2373.0,31200
2023-10-23 10:11:00+09:00,2372.0,2374.0,2367.0,2370.0,2370.0,17300
2023-10-23 10:12:00+09:00,2371.0,2372.0,2365.0,2365.0,2365.0,24900
2023-10-23 10:13:00+09:00,2365.0,2366.0,2363.0,2365.0,2365.0,14700
2023-10-23 10:14:00+09:00,2365.0,2366.0,2356.0,2357.0,2357.0,20000
2023-10-23 10:15:00+09:00,2357.0,2358.0,2353.0,2357.0,2357.0,18800
2023-10-23 10:16:00+09:00,2357.0,2357.0,2347.0,2352.0,2352.0,51400
2023-10-23 10:17:00+09:00,2352.0,2352.0,2344.0,2344.0,2344.0,25700
2023-10-23 10:18:00+09:00,2344.0,2345.0,2340.0,2340.0,2340.0,36400
2023-10-23 10:19:00+09:00,2341.0,2346.0,2340.0,2341.0,2341.0,24300
2023-10-23 10:20:00+09:00,2340.0,2342.0,2335.0,2336.0,2336.0,47500
2023-10-23 10:21:00+09:00,2336.0,2337.0,2333.0,2336.0,2336.0,19700
2023-10-23 10:22:00+09:00,2336.0,2340.0,2336.0,2338.0,2338.0,16500
2023-10-23 10:23:00+09:00,2338.0,2342.0,2337.0,2337.0,2337.0,12500
2023-10-23 10:24:00+09:00,2338.0,2342.0,2338.0,2340.0,2340.0,13400
2023-10-23 10:25:00+09:00,2341.0,2342.0,2334.0,2337.0,2337.0,27200
2023-10-23 10:26:00+09:00,2338.0,2339.0,2336.0,2337.0,2337.0,7900
2023-10-23 10:27:00+09:00,2337.0,2342.0,2337.0,2339.0,2339.0,15600
2023-10-23 10:28:00+09:00,2339.0,2341.0,2336.0,2339.0,2339.0,16200
2023-10-23 10:29:00+09:00,2338.0,2340.0,2336.0,2336.0,2336.0,14900
2023-10-23 10:30:00+09:00,2335.0,2340.0,2334.0,2335.0,2335.0,18700
2023-10-23 10:31:00+09:00,2335.0,2335.0,2330.0,2330.0,2330.0,31800
2023-10-23 10:32:00+09:00,2330.0,2334.0,2330.0,2331.0,2331.0,14200
2023-10-23 10:33:00+09:00,2332.0,2336.0,2332.0,2336.0,2336.0,11600
2023-10-23 10:34:00+09:00,2335.0,2337.0,2335.0,2336.0,2336.0,4400
2023-10-23 10:35:00+09:00,2336.0,2336.0,2330.0,2332.0,2332.0,15200
2023-10-23 10:36:00+09:00,2332.0,2336.0,2331.0,2336.0,2336.0,8700
2023-10-23 10:37:00+09:00,2336.0,2336.0,2334.0,2335.0,2335.0,7100
2023-10-23 10:38:00+09:00,2335.0,2337.0,2335.0,2337.0,2337.0,9300
2023-10-23 10:39:00+09:00,2337.0,2338.0,2333.0,2335.0,2335.0,10300
2023-10-23 10:40:00+09:00,2335.0,2337.0,2334.0,2336.0,2336.0,5400
2023-10-23 10:41:00+09:00,2336.0,2336.0,2323.0,2324.0,2324.0,60400
2023-10-23 10:42:00+09:00,2325.0,2328.0,2323.0,2326.0,2326.0,20200
2023-10-23 10:43:00+09:00,2327.0,2328.0,2323.0,2323.0,2323.0,17100
2023-10-23 10:44:00+09:00,2324.0,2329.0,2323.0,2328.0,2328.0,14800
2023-10-23 10:45:00+09:00,2328.0,2329.0,2325.0,2327.0,2327.0,9600
2023-10-23 10:46:00+09:00,2327.0,2331.0,2327.0,2331.0,2331.0,16600
2023-10-23 10:47:00+09:00,2331.0,2332.0,2326.0,2329.0,2329.0,19300
2023-10-23 10:48:00+09:00,2329.0,2329.0,2328.0,2328.0,2328.0,4400
2023-10-23 10:49:00+09:00,2329.0,2329.0,2321.0,2322.0,2322.0,36600
2023-10-23 10:50:00+09:00,2322.0,2325.0,2321.0,2323.0,2323.0,16600
2023-10-23 10:51:00+09:00,2324.0,2327.0,2324.0,2325.0,2325.0,10700
2023-10-23 10:52:00+09:00,2325.0,2325.0,2324.0,2325.0,2325.0,4300
2023-10-23 10:53:00+09:00,2324.0,2326.0,2324.0,2325.0,2325.0,6000
2023-10-23 10:54:00+09:00,2325.0,2325.0,2321.0,2321.0,2321.0,19800
2023-10-23 10:55:00+09:00,2320.0,2320.0,2311.0,2313.0,2313.0,76300
2023-10-23 10:56:00+09:00,2314.0,2318.0,2312.0,2315.0,2315.0,13600
2023-10-23 10:57:00+09:00,2317.0,2318.0,2315.0,2318.0,2318.0,12300
2023-10-23 10:58:00+09:00,2319.0,2320.0,2318.0,2318.0,2318.0,9700
2023-10-23 10:59:00+09:00,2317.0,2323.0,2317.0,2323.0,2323.0,14600
2023-10-23 11:00:00+09:00,2323.0,2327.0,2321.0,2326.0,2326.0,21000
2023-10-23 11:01:00+09:00,2326.0,2331.0,2326.0,2326.0,2326.0,14400
2023-10-23 11:02:00+09:00,2327.0,2327.0,2325.0,2326.0,2326.0,6900
2023-10-23 11:03:00+09:00,2326.0,2327.0,2323.0,2323.0,2323.0,10700
2023-10-23 11:04:00+09:00,2322.0,2324.0,2322.0,2322.0,2322.0,4400
2023-10-23 11:05:00+09:00,2322.0,2322.0,2320.0,2322.0,2322.0,5000
2023-10-23 11:06:00+09:00,2322.0,2325.0,2321.0,2321.0,2321.0,13100
2023-10-23 11:07:00+09:00,2321.0,2321.0,2311.0,2311.0,2311.0,35000
2023-10-23 11:08:00+09:00,2311.0,2315.0,2310.0,2313.0,2313.0,17900
2023-10-23 11:09:00+09:00,2312.0,2312.0,2307.0,2309.0,2309.0,50200
2023-10-23 11:10:00+09:00,2310.0,2312.0,2308.0,2309.0,2309.0,18000
2023-10-23 11:11:00+09:00,2309.0,2317.0,2308.0,2316.0,2316.0,27300
2023-10-23 11:12:00+09:00,2317.0,2318.0,2314.0,2316.0,2316.0,10400
2023-10-23 11:13:00+09:00,2316.0,2318.0,2314.0,2318.0,2318.0,10500
2023-10-23 11:14:00+09:00,2318.0,2319.0,2317.0,2318.0,2318.0,6200
2023-10-23 11:15:00+09:00,2317.0,2317.0,2314.0,2315.0,2315.0,9300
2023-10-23 11:16:00+09:00,2315.0,2316.0,2315.0,2315.0,2315.0,7100
2023-10-23 11:17:00+09:00,2314.0,2319.0,2314.0,2318.0,2318.0,5300
2023-10-23 11:18:00+09:00,2318.0,2318.0,2315.0,2315.0,2315.0,3400
2023-10-23 11:19:00+09:00,2316.0,2322.0,2316.0,2320.0,2320.0,10300
2023-10-23 11:20:00+09:00,2320.0,2320.0,2314.0,2316.0,2316.0,14200
2023-10-23 11:21:00+09:00,2316.0,2322.0,2316.0,2321.0,2321.0,20000
2023-10-23 11:22:00+09:00,2321.0,2323.0,2320.0,2321.0,2321.0,17200
2023-10-23 11:23:00+09:00,2321.0,2321.0,2320.0,2321.0,2321.0,1100
2023-10-23 11:24:00+09:00,2320.0,2322.0,2320.0,2322.0,2322.0,3200
2023-10-23 11:25:00+09:00,2321.0,2321.0,2317.0,2317.0,2317.0,6000
2023-10-23 11:26:00+09:00,2317.0,2318.0,2317.0,2318.0,2318.0,3600
2023-10-23 11:27:00+09:00,2318.0,2319.0,2317.0,2318.0,2318.0,5800
2023-10-23 11:28:00+09:00,2318.0,2318.0,2316.0,2318.0,2318.0,4800
2023-10-23 11:29:00+09:00,2318.0,2318.0,2312.0,2313.0,2313.0,9500
2023-10-23 11:30:00+09:00,2311.0,2311.0,2311.0,2311.0,2311.0,6700
2023-10-23 11:35:00+09:00,2311.0,2311.0,2311.0,2311.0,2311.0,0
2023-10-23 12:30:00+09:00,2311.0,2320.0,2310.0,2320.0,2320.0,3451200
2023-10-23 12:31:00+09:00,2321.0,2322.0,2310.0,2311.0,2311.0,28600
2023-10-23 12:32:00+09:00,2310.0,2312.0,2308.0,2310.0,2310.0,12200
2023-10-23 12:33:00+09:00,2309.0,2309.0,2302.0,2308.0,2308.0,40100
2023-10-23 12:34:00+09:00,2308.0,2321.0,2308.0,2321.0,2321.0,39800
2023-10-23 12:35:00+09:00,2321.0,2321.0,2315.0,2317.0,2317.0,16500
2023-10-23 12:36:00+09:00,2317.0,2321.0,2315.0,2320.0,2320.0,17600
2023-10-23 12:37:00+09:00,2321.0,2327.0,2321.0,2325.0,2325.0,24400
2023-10-23 12:38:00+09:00,2325.0,2326.0,2320.0,2320.0,2320.0,13000
2023-10-23 12:39:00+09:00,2321.0,2321.0,2316.0,2317.0,2317.0,14700
2023-10-23 12:40:00+09:00,2318.0,2318.0,2308.0,2308.0,2308.0,25300
2023-10-23 12:41:00+09:00,2309.0,2315.0,2309.0,2313.0,2313.0,10500
2023-10-23 12:42:00+09:00,2313.0,2317.0,2311.0,2311.0,2311.0,13500
2023-10-23 12:43:00+09:00,2310.0,2311.0,2309.0,2311.0,2311.0,5400
2023-10-23 12:44:00+09:00,2310.0,2310.0,2298.0,2301.0,2301.0,109600
2023-10-23 12:45:00+09:00,2302.0,2305.0,2301.0,2305.0,2305.0,28400
2023-10-23 12:46:00+09:00,2305.0,2305.0,2298.0,2300.0,2300.0,32500
2023-10-23 12:47:00+09:00,2301.0,2301.0,2290.0,2291.0,2291.0,80300
2023-10-23 12:48:00+09:00,2290.0,2298.0,2290.0,2293.0,2293.0,40000
2023-10-23 12:49:00+09:00,2293.0,2294.0,2288.0,2291.0,2291.0,39800
2023-10-23 12:50:00+09:00,2292.0,2298.0,2291.0,2294.0,2294.0,34400
2023-10-23 12:51:00+09:00,2294.0,2294.0,2290.0,2291.0,2291.0,17400
2023-10-23 12:52:00+09:00,2291.0,2292.0,2290.0,2291.0,2291.0,9300
2023-10-23 12:53:00+09:00,2291.0,2293.0,2287.0,2290.0,2290.0,22300
2023-10-23 12:54:00+09:00,2289.0,2291.0,2286.0,2288.0,2288.0,29500
2023-10-23 12:55:00+09:00,2288.0,2288.0,2282.0,2286.0,2286.0,22100
2023-10-23 12:56:00+09:00,2285.0,2289.0,2280.0,2282.0,2282.0,29700
2023-10-23 12:57:00+09:00,2281.0,2283.0,2278.0,2279.0,2279.0,45700
2023-10-23 12:58:00+09:00,2278.0,2284.0,2277.0,2280.0,2280.0,29700
2023-10-23 12:59:00+09:00,2281.0,2281.0,2277.0,2278.0,2278.0,19000
2023-10-23 13:00:00+09:00,2279.0,2283.0,2278.0,2281.0,2281.0,19500
2023-10-23 13:01:00+09:00,2281.0,2281.0,2278.0,2280.0,2280.0,6600
2023-10-23 13:02:00+09:00,2279.0,2282.0,2278.0,2282.0,2282.0,11900
2023-10-23 13:03:00+09:00,2281.0,2282.0,2276.0,2279.0,2279.0,25500
2023-10-23 13:04:00+09:00,2279.0,2282.0,2278.0,2280.0,2280.0,6500
2023-10-23 13:05:00+09:00,2281.0,2283.0,2280.0,2283.0,2283.0,8300
2023-10-23 13:06:00+09:00,2284.0,2290.0,2284.0,2288.0,2288.0,25500
2023-10-23 13:07:00+09:00,2289.0,2291.0,2283.0,2284.0,2284.0,27300
2023-10-23 13:08:00+09:00,2284.0,2288.0,2282.0,2287.0,2287.0,11100
2023-10-23 13:09:00+09:00,2287.0,2288.0,2285.0,2285.0,2285.0,5000
2023-10-23 13:10:00+09:00,2286.0,2290.0,2286.0,2289.0,2289.0,7100
2023-10-23 13:11:00+09:00,2289.0,2289.0,2286.0,2286.0,2286.0,5200
2023-10-23 13:12:00+09:00,2285.0,2286.0,2284.0,2284.0,2284.0,6300
2023-10-23 13:13:00+09:00,2285.0,2285.0,2284.0,2285.0,2285.0,4800
2023-10-23 13:14:00+09:00,2285.0,2285.0,2283.0,2283.0,2283.0,4800
2023-10-23 13:15:00+09:00,2283.0,2289.0,2281.0,2289.0,2289.0,23000
2023-10-23 13:16:00+09:00,2289.0,2290.0,2285.0,2287.0,2287.0,9600
2023-10-23 13:17:00+09:00,2286.0,2288.0,2286.0,2288.0,2288.0,4800
2023-10-23 13:18:00+09:00,2288.0,2291.0,2287.0,2288.0,2288.0,14900
2023-10-23 13:19:00+09:00,2288.0,2288.0,2284.0,2285.0,2285.0,8900
2023-10-23 13:20:00+09:00,2286.0,2287.0,2286.0,2286.0,2286.0,2700
2023-10-23 13:21:00+09:00,2287.0,2288.0,2286.0,2288.0,2288.0,2500
2023-10-23 13:22:00+09:00,2288.0,2291.0,2287.0,2290.0,2290.0,15100
2023-10-23 13:23:00+09:00,2290.0,2290.0,2284.0,2285.0,2285.0,9600
2023-10-23 13:24:00+09:00,2283.0,2286.0,2283.0,2284.0,2284.0,4700
2023-10-23 13:25:00+09:00,2284.0,2284.0,2282.0,2283.0,2283.0,7500
2023-10-23 13:26:00+09:00,2283.0,2283.0,2282.0,2283.0,2283.0,2400
2023-10-23 13:27:00+09:00,2283.0,2285.0,2282.0,2285.0,2285.0,7600
2023-10-23 13:28:00+09:00,2284.0,2286.0,2284.0,2286.0,2286.0,1700
2023-10-23 13:29:00+09:00,2285.0,2288.0,2285.0,2287.0,2287.0,7300
2023-10-23 13:30:00+09:00,2287.0,2287.0,2286.0,2287.0,2287.0,6000
2023-10-23 13:31:00+09:00,2286.0,2288.0,2286.0,2287.0,2287.0,8700
2023-10-23 13:32:00+09:00,2287.0,2287.0,2283.0,2284.0,2284.0,16300
2023-10-23 13:33:00+09:00,2283.0,2286.0,2282.0,2285.0,2285.0,6200
2023-10-23 13:34:00+09:00,2286.0,2291.0,2285.0,2288.0,2288.0,17700
2023-10-23 13:35:00+09:00,2288.0,2289.0,2284.0,2288.0,2288.0,11300
2023-10-23 13:36:00+09:00,2287.0,2290.0,2287.0,2289.0,2289.0,4700
2023-10-23 13:37:00+09:00,2289.0,2289.0,2284.0,2286.0,2286.0,9800
2023-10-23 13:38:00+09:00,2286.0,2286.0,2284.0,2285.0,2285.0,4300
2023-10-23 13:39:00+09:00,2286.0,2286.0,2282.0,2284.0,2284.0,9700
2023-10-23 13:40:00+09:00,2284.0,2286.0,2284.0,2285.0,2285.0,9300
2023-10-23 13:41:00+09:00,2286.0,2292.0,2286.0,2290.0,2290.0,41500
2023-10-23 13:42:00+09:00,2290.0,2297.0,2289.0,2294.0,2294.0,41000
2023-10-23 13:43:00+09:00,2294.0,2296.0,2293.0,2296.0,2296.0,11800
2023-10-23 13:44:00+09:00,2297.0,2298.0,2295.0,2296.0,2296.0,17500
2023-10-23 13:45:00+09:00,2297.0,2310.0,2295.0,2308.0,2308.0,44500
2023-10-23 13:46:00+09:00,2308.0,2312.0,2308.0,2310.0,2310.0,26600
2023-10-23 13:47:00+09:00,2310.0,2314.0,2307.0,2310.0,2310.0,20900
2023-10-23 13:48:00+09:00,2310.0,2311.0,2307.0,2308.0,2308.0,12400
2023-10-23 13:49:00+09:00,2308.0,2310.0,2308.0,2310.0,2310.0,3900
2023-10-23 13:50:00+09:00,2310.0,2319.0,2310.0,2316.0,2316.0,23100
2023-10-23 13:51:00+09:00,2316.0,2317.0,2314.0,2317.0,2317.0,14600
2023-10-23 13:52:00+09:00,2317.0,2319.0,2313.0,2317.0,2317.0,16400
2023-10-23 13:53:00+09:00,2318.0,2318.0,2312.0,2313.0,2313.0,9500
2023-10-23 13:54:00+09:00,2313.0,2314.0,2311.0,2311.0,2311.0,6400
2023-10-23 13:55:00+09:00,2312.0,2319.0,2312.0,2319.0,2319.0,31200
2023-10-23 13:56:00+09:00,2318.0,2318.0,2315.0,2317.0,2317.0,8700
2023-10-23 13:57:00+09:00,2316.0,2316.0,2312.0,2312.0,2312.0,11000
2023-10-23 13:58:00+09:00,2311.0,2312.0,2306.0,2307.0,2307.0,12500
2023-10-23 13:59:00+09:00,2308.0,2310.0,2307.0,2310.0,2310.0,8400
2023-10-23 14:00:00+09:00,2309.0,2312.0,2307.0,2309.0,2309.0,7900
2023-10-23 14:01:00+09:00,2310.0,2314.0,2310.0,2314.0,2314.0,5800
2023-10-23 14:02:00+09:00,2313.0,2317.0,2313.0,2315.0,2315.0,9200
2023-10-23 14:03:00+09:00,2314.0,2314.0,2312.0,2313.0,2313.0,4500
2023-10-23 14:04:00+09:00,2312.0,2317.0,2311.0,2317.0,2317.0,5800
2023-10-23 14:05:00+09:00,2316.0,2317.0,2315.0,2316.0,2316.0,2700
2023-10-23 14:06:00+09:00,2316.0,2323.0,2316.0,2323.0,2323.0,24600
2023-10-23 14:07:00+09:00,2324.0,2324.0,2317.0,2321.0,2321.0,23000
2023-10-23 14:08:00+09:00,2321.0,2322.0,2317.0,2319.0,2319.0,9700
2023-10-23 14:09:00+09:00,2318.0,2321.0,2317.0,2319.0,2319.0,20700
2023-10-23 14:10:00+09:00,2320.0,2323.0,2320.0,2321.0,2321.0,9300
2023-10-23 14:11:00+09:00,2321.0,2322.0,2320.0,2321.0,2321.0,4800
2023-10-23 14:12:00+09:00,2321.0,2321.0,2320.0,2320.0,2320.0,3200
2023-10-23 14:13:00+09:00,2320.0,2321.0,2316.0,2318.0,2318.0,12200
2023-10-23 14:14:00+09:00,2318.0,2318.0,2315.0,2315.0,2315.0,4900
2023-10-23 14:15:00+09:00,2315.0,2315.0,2308.0,2309.0,2309.0,21000
2023-10-23 14:16:00+09:00,2309.0,2311.0,2307.0,2308.0,2308.0,10600
2023-10-23 14:17:00+09:00,2309.0,2312.0,2309.0,2311.0,2311.0,8500
2023-10-23 14:18:00+09:00,2311.0,2311.0,2298.0,2303.0,2303.0,37800
2023-10-23 14:19:00+09:00,2302.0,2304.0,2301.0,2301.0,2301.0,8700
2023-10-23 14:20:00+09:00,2300.0,2303.0,2300.0,2301.0,2301.0,10000
2023-10-23 14:21:00+09:00,2301.0,2302.0,2296.0,2301.0,2301.0,27300
2023-10-23 14:22:00+09:00,2300.0,2301.0,2298.0,2300.0,2300.0,5800
2023-10-23 14:23:00+09:00,2299.0,2300.0,2299.0,2300.0,2300.0,3800
2023-10-23 14:24:00+09:00,2300.0,2300.0,2298.0,2299.0,2299.0,7000
2023-10-23 14:25:00+09:00,2298.0,2304.0,2298.0,2303.0,2303.0,11600
2023-10-23 14:26:00+09:00,2302.0,2303.0,2302.0,2303.0,2303.0,8000
2023-10-23 14:27:00+09:00,2304.0,2308.0,2303.0,2306.0,2306.0,12000
2023-10-23 14:28:00+09:00,2305.0,2308.0,2305.0,2308.0,2308.0,5900
2023-10-23 14:29:00+09:00,2307.0,2307.0,2306.0,2306.0,2306.0,4800
2023-10-23 14:30:00+09:00,2307.0,2308.0,2302.0,2303.0,2303.0,10000
2023-10-23 14:31:00+09:00,2302.0,2302.0,2301.0,2301.0,2301.0,7500
2023-10-23 14:32:00+09:00,2301.0,2303.0,2301.0,2301.0,2301.0,4200
2023-10-23 14:33:00+09:00,2302.0,2303.0,2298.0,2298.0,2298.0,12800
2023-10-23 14:34:00+09:00,2299.0,2300.0,2298.0,2298.0,2298.0,6100
2023-10-23 14:35:00+09:00,2298.0,2300.0,2298.0,2300.0,2300.0,5900
2023-10-23 14:36:00+09:00,2301.0,2303.0,2300.0,2301.0,2301.0,6900
2023-10-23 14:37:00+09:00,2301.0,2301.0,2295.0,2296.0,2296.0,11700
2023-10-23 14:38:00+09:00,2296.0,2297.0,2294.0,2296.0,2296.0,7500
2023-10-23 14:39:00+09:00,2296.0,2298.0,2295.0,2298.0,2298.0,6500
2023-10-23 14:40:00+09:00,2298.0,2298.0,2292.0,2294.0,2294.0,12000
2023-10-23 14:41:00+09:00,2294.0,2297.0,2293.0,2297.0,2297.0,10500
2023-10-23 14:42:00+09:00,2296.0,2296.0,2294.0,2296.0,2296.0,5100
2023-10-23 14:43:00+09:00,2296.0,2297.0,2295.0,2296.0,2296.0,6100
2023-10-23 14:44:00+09:00,2295.0,2295.0,2293.0,2293.0,2293.0,7700
2023-10-23 14:45:00+09:00,2293.0,2293.0,2287.0,2289.0,2289.0,35500
2023-10-23 14:46:00+09:00,2290.0,2292.0,2285.0,2288.0,2288.0,31600
2023-10-23 14:47:00+09:00,2288.0,2296.0,2288.0,2296.0,2296.0,26900
2023-10-23 14:48:00+09:00,2297.0,2299.0,2295.0,2298.0,2298.0,11600
2023-10-23 14:49:00+09:00,2299.0,2300.0,2297.0,2298.0,2298.0,8400
2023-10-23 14:50:00+09:00,2298.0,2302.0,2298.0,2301.0,2301.0,15800
2023-10-23 14:51:00+09:00,2301.0,2301.0,2299.0,2299.0,2299.0,16100
2023-10-23 14:52:00+09:00,2300.0,2301.0,2299.0,2300.0,2300.0,6900
2023-10-23 14:53:00+09:00,2300.0,2300.0,2295.0,2295.0,2295.0,14200
2023-10-23 14:54:00+09:00,2295.0,2298.0,2295.0,2295.0,2295.0,11200
2023-10-23 14:55:00+09:00,2295.0,2296.0,2294.0,2295.0,2295.0,13500
2023-10-23 14:56:00+09:00,2295.0,2296.0,2294.0,2295.0,2295.0,10500
2023-10-23 14:57:00+09:00,2295.0,2298.0,2292.0,2298.0,2298.0,18700
2023-10-23 14:58:00+09:00,2296.0,2298.0,2294.0,2295.0,2295.0,17900
2023-10-23 14:59:00+09:00,2296.0,2301.0,2293.0,2300.0,2300.0,38700
2023-10-24 09:00:00+09:00,2340.0,2368.0,2328.0,2334.0,2334.0,228300
2023-10-24 09:01:00+09:00,2331.0,2361.0,2328.0,2345.0,2345.0,75800
2023-10-24 09:02:00+09:00,2342.0,2362.0,2342.0,2347.0,2347.0,65800
2023-10-24 09:03:00+09:00,2347.0,2350.0,2332.0,2335.0,2335.0,39600
2023-10-24 09:04:00+09:00,2337.0,2347.0,2337.0,2344.0,2344.0,30100
2023-10-24 09:05:00+09:00,2344.0,2373.0,2342.0,2372.0,2372.0,104500
2023-10-24 09:06:00+09:00,2369.0,2373.0,2335.0,2338.0,2338.0,74200
2023-10-24 09:07:00+09:00,2336.0,2341.0,2335.0,2335.0,2335.0,30900
2023-10-24 09:08:00+09:00,2335.0,2335.0,2318.0,2325.0,2325.0,87800
2023-10-24 09:09:00+09:00,2324.0,2326.0,2314.0,2317.0,2317.0,41700
2023-10-24 09:10:00+09:00,2317.0,2330.0,2315.0,2326.0,2326.0,31500
2023-10-24 09:11:00+09:00,2325.0,2328.0,2323.0,2327.0,2327.0,20700
2023-10-24 09:12:00+09:00,2326.0,2329.0,2320.0,2327.0,2327.0,22300
2023-10-24 09:13:00+09:00,2325.0,2327.0,2321.0,2324.0,2324.0,20100
2023-10-24 09:14:00+09:00,2325.0,2329.0,2319.0,2326.0,2326.0,32600
2023-10-24 09:15:00+09:00,2325.0,2339.0,2324.0,2339.0,2339.0,34900
2023-10-24 09:16:00+09:00,2339.0,2347.0,2336.0,2339.0,2339.0,51300
2023-10-24 09:17:00+09:00,2339.0,2339.0,2324.0,2324.0,2324.0,28800
2023-10-24 09:18:00+09:00,2324.0,2333.0,2319.0,2333.0,2333.0,38800
2023-10-24 09:19:00+09:00,2332.0,2344.0,2326.0,2340.0,2340.0,33100
2023-10-24 09:20:00+09:00,2341.0,2355.0,2340.0,2353.0,2353.0,67800
2023-10-24 09:21:00+09:00,2353.0,2363.0,2349.0,2356.0,2356.0,109000
2023-10-24 09:22:00+09:00,2354.0,2362.0,2353.0,2357.0,2357.0,39700
2023-10-24 09:23:00+09:00,2357.0,2357.0,2350.0,2352.0,2352.0,20400
2023-10-24 09:24:00+09:00,2351.0,2351.0,2337.0,2337.0,2337.0,32400
2023-10-24 09:25:00+09:00,2337.0,2350.0,2336.0,2346.0,2346.0,24600
2023-10-24 09:26:00+09:00,2347.0,2349.0,2339.0,2341.0,2341.0,25500
2023-10-24 09:27:00+09:00,2343.0,2344.0,2332.0,2333.0,2333.0,18600
2023-10-24 09:28:00+09:00,2332.0,2342.0,2332.0,2339.0,2339.0,15800
2023-10-24 09:29:00+09:00,2339.0,2345.0,2339.0,2344.0,2344.0,11700
2023-10-24 09:30:00+09:00,2343.0,2349.0,2341.0,2344.0,2344.0,21800
2023-10-24 09:31:00+09:00,2345.0,2352.0,2345.0,2350.0,2350.0,20200
2023-10-24 09:32:00+09:00,2349.0,2350.0,2343.0,2345.0,2345.0,15000
2023-10-24 09:33:00+09:00,2345.0,2345.0,2337.0,2341.0,2341.0,13000
2023-10-24 09:34:00+09:00,2341.0,2341.0,2338.0,2339.0,2339.0,8500
2023-10-24 09:35:00+09:00,2337.0,2338.0,2320.0,2320.0,2320.0,53300
2023-10-24 09:36:00+09:00,2321.0,2323.0,2318.0,2321.0,2321.0,27900
2023-10-24 09:37:00+09:00,2320.0,2322.0,2312.0,2318.0,2318.0,39900
2023-10-24 09:38:00+09:00,2319.0,2330.0,2315.0,2326.0,2326.0,22100
2023-10-24 09:39:00+09:00,2326.0,2326.0,2321.0,2322.0,2322.0,11900
2023-10-24 09:40:00+09:00,2322.0,2324.0,2314.0,2316.0,2316.0,19800
2023-10-24 09:41:00+09:00,2316.0,2328.0,2315.0,2324.0,2324.0,16100
2023-10-24 09:42:00+09:00,2325.0,2327.0,2323.0,2326.0,2326.0,7500
2023-10-24 09:43:00+09:00,2326.0,2330.0,2326.0,2328.0,2328.0,13100
2023-10-24 09:44:00+09:00,2329.0,2329.0,2326.0,2327.0,2327.0,4400
2023-10-24 09:45:00+09:00,2332.0,2332.0,2331.0,2332.0,2332.0,13000
2023-10-24 09:46:00+09:00,2333.0,2336.0,2331.0,2333.0,2333.0,20300
2023-10-24 09:47:00+09:00,2332.0,2332.0,2326.0,2326.0,2326.0,7800
2023-10-24 09:48:00+09:00,2327.0,2327.0,2323.0,2323.0,2323.0,10300
2023-10-24 09:49:00+09:00,2325.0,2327.0,2324.0,2325.0,2325.0,4500
2023-10-24 09:50:00+09:00,2324.0,2327.0,2324.0,2326.0,2326.0,8200
2023-10-24 09:51:00+09:00,2326.0,2328.0,2323.0,2326.0,2326.0,12600
2023-10-24 09:52:00+09:00,2327.0,2333.0,2327.0,2331.0,2331.0,9700
2023-10-24 09:53:00+09:00,2331.0,2338.0,2331.0,2334.0,2334.0,13000
2023-10-24 09:54:00+09:00,2334.0,2342.0,2333.0,2339.0,2339.0,22800
2023-10-24 09:55:00+09:00,2339.0,2351.0,2338.0,2351.0,2351.0,34400
2023-10-24 09:56:00+09:00,2350.0,2350.0,2341.0,2343.0,2343.0,24600
2023-10-24 09:57:00+09:00,2343.0,2349.0,2343.0,2348.0,2348.0,18700
2023-10-24 09:58:00+09:00,2347.0,2349.0,2344.0,2347.0,2347.0,11800
2023-10-24 09:59:00+09:00,2342.0,2343.0,2341.0,2341.0,2341.0,11900
2023-10-24 10:00:00+09:00,2342.0,2346.0,2341.0,2346.0,2346.0,5400
2023-10-24 10:01:00+09:00,2346.0,2347.0,2334.0,2334.0,2334.0,29100
2023-10-24 10:02:00+09:00,2335.0,2338.0,2335.0,2338.0,2338.0,5000
2023-10-24 10:03:00+09:00,2336.0,2342.0,2336.0,2341.0,2341.0,11600
2023-10-24 10:04:00+09:00,2341.0,2345.0,2337.0,2340.0,2340.0,16900
2023-10-24 10:05:00+09:00,2341.0,2341.0,2333.0,2334.0,2334.0,10400
2023-10-24 10:06:00+09:00,2334.0,2336.0,2333.0,2336.0,2336.0,7600
2023-10-24 10:07:00+09:00,2336.0,2339.0,2335.0,2338.0,2338.0,5800
2023-10-24 10:08:00+09:00,2339.0,2339.0,2331.0,2333.0,2333.0,11000
2023-10-24 10:09:00+09:00,2334.0,2336.0,2334.0,2335.0,2335.0,3500
2023-10-24 10:10:00+09:00,2336.0,2336.0,2332.0,2336.0,2336.0,7100
2023-10-24 10:11:00+09:00,2337.0,2337.0,2334.0,2334.0,2334.0,4600
2023-10-24 10:12:00+09:00,2334.0,2337.0,2333.0,2336.0,2336.0,5500
2023-10-24 10:13:00+09:00,2336.0,2336.0,2334.0,2335.0,2335.0,4100
2023-10-24 10:14:00+09:00,2335.0,2335.0,2323.0,2325.0,2325.0,27900
2023-10-24 10:15:00+09:00,2325.0,2326.0,2317.0,2322.0,2322.0,27100
2023-10-24 10:16:00+09:00,2323.0,2328.0,2321.0,2326.0,2326.0,9400
2023-10-24 10:17:00+09:00,2325.0,2326.0,2319.0,2322.0,2322.0,9400
2023-10-24 10:18:00+09:00,2322.0,2323.0,2319.0,2319.0,2319.0,6900
2023-10-24 10:19:00+09:00,2319.0,2321.0,2319.0,2320.0,2320.0,7400
2023-10-24 10:20:00+09:00,2320.0,2325.0,2320.0,2322.0,2322.0,11600
2023-10-24 10:21:00+09:00,2321.0,2328.0,2321.0,2325.0,2325.0,12000
2023-10-24 10:22:00+09:00,2325.0,2328.0,2325.0,2327.0,2327.0,4100
2023-10-24 10:23:00+09:00,2326.0,2326.0,2317.0,2319.0,2319.0,25700
2023-10-24 10:24:00+09:00,2319.0,2319.0,2307.0,2310.0,2310.0,39200
2023-10-24 10:25:00+09:00,2310.0,2325.0,2306.0,2325.0,2325.0,43800
2023-10-24 10:26:00+09:00,2325.0,2339.0,2324.0,2325.0,2325.0,46000
2023-10-24 10:27:00+09:00,2326.0,2337.0,2326.0,2331.0,2331.0,18100
2023-10-24 10:28:00+09:00,2331.0,2334.0,2326.0,2334.0,2334.0,15400
2023-10-24 10:29:00+09:00,2335.0,2336.0,2320.0,2328.0,2328.0,69500
2023-10-24 10:30:00+09:00,2328.0,2336.0,2328.0,2331.0,2331.0,18200
2023-10-24 10:31:00+09:00,2332.0,2332.0,2317.0,2317.0,2317.0,20200
2023-10-24 10:32:00+09:00,2315.0,2318.0,2310.0,2313.0,2313.0,15900
2023-10-24 10:33:00+09:00,2313.0,2314.0,2307.0,2309.0,2309.0,18900
2023-10-24 10:34:00+09:00,2309.0,2314.0,2298.0,2299.0,2299.0,72600
2023-10-24 10:35:00+09:00,2299.0,2306.0,2298.0,2302.0,2302.0,12800
2023-10-24 10:36:00+09:00,2303.0,2309.0,2301.0,2308.0,2308.0,22000
2023-10-24 10:37:00+09:00,2307.0,2307.0,2305.0,2305.0,2305.0,8900
2023-10-24 10:38:00+09:00,2305.0,2313.0,2305.0,2312.0,2312.0,16100
2023-10-24 10:39:00+09:00,2310.0,2312.0,2307.0,2310.0,2310.0,8100
2023-10-24 10:40:00+09:00,2310.0,2324.0,2308.0,2321.0,2321.0,41900
2023-10-24 10:41:00+09:00,2320.0,2323.0,2316.0,2318.0,2318.0,9700
2023-10-24 10:42:00+09:00,2318.0,2318.0,2314.0,2316.0,2316.0,8100
2023-10-24 10:43:00+09:00,2316.0,2321.0,2316.0,2318.0,2318.0,7000
2023-10-24 10:44:00+09:00,2318.0,2325.0,2318.0,2320.0,2320.0,12600
2023-10-24 10:45:00+09:00,2320.0,2330.0,2319.0,2330.0,2330.0,23100
2023-10-24 10:46:00+09:00,2329.0,2330.0,2321.0,2322.0,2322.0,21400
2023-10-24 10:47:00+09:00,2323.0,2326.0,2319.0,2321.0,2321.0,14400
2023-10-24 10:48:00+09:00,2322.0,2327.0,2321.0,2325.0,2325.0,7200
2023-10-24 10:49:00+09:00,2325.0,2325.0,2321.0,2322.0,2322.0,4700
2023-10-24 10:50:00+09:00,2321.0,2321.0,2318.0,2319.0,2319.0,10700
2023-10-24 10:51:00+09:00,2318.0,2318.0,2315.0,2317.0,2317.0,2400
2023-10-24 10:52:00+09:00,2322.0,2322.0,2320.0,2320.0,2320.0,7700
2023-10-24 10:53:00+09:00,2317.0,2317.0,2316.0,2316.0,2316.0,4700
2023-10-24 10:54:00+09:00,2317.0,2317.0,2314.0,2314.0,2314.0,4800
2023-10-24 10:55:00+09:00,2315.0,2319.0,2314.0,2319.0,2319.0,8400
2023-10-24 10:56:00+09:00,2319.0,2322.0,2319.0,2320.0,2320.0,4900
2023-10-24 10:57:00+09:00,2320.0,2323.0,2318.0,2320.0,2320.0,10600
2023-10-24 10:58:00+09:00,2321.0,2323.0,2320.0,2322.0,2322.0,3100
2023-10-24 10:59:00+09:00,2322.0,2326.0,2319.0,2321.0,2321.0,14300
2023-10-24 11:00:00+09:00,2321.0,2322.0,2317.0,2322.0,2322.0,4800
2023-10-24 11:01:00+09:00,2322.0,2324.0,2321.0,2321.0,2321.0,6800
2023-10-24 11:02:00+09:00,2321.0,2324.0,2318.0,2324.0,2324.0,12200
2023-10-24 11:03:00+09:00,2324.0,2327.0,2322.0,2327.0,2327.0,6700
2023-10-24 11:04:00+09:00,2327.0,2334.0,2327.0,2332.0,2332.0,22000
2023-10-24 11:05:00+09:00,2332.0,2332.0,2327.0,2328.0,2328.0,11700
2023-10-24 11:06:00+09:00,2328.0,2330.0,2326.0,2326.0,2326.0,10900
2023-10-24 11:07:00+09:00,2326.0,2335.0,2326.0,2333.0,2333.0,15500
2023-10-24 11:08:00+09:00,2332.0,2337.0,2332.0,2337.0,2337.0,7000
2023-10-24 11:09:00+09:00,2336.0,2340.0,2335.0,2338.0,2338.0,8700
2023-10-24 11:10:00+09:00,2337.0,2338.0,2332.0,2334.0,2334.0,14000
2023-10-24 11:11:00+09:00,2334.0,2343.0,2334.0,2343.0,2343.0,20900
2023-10-24 11:12:00+09:00,2342.0,2347.0,2342.0,2345.0,2345.0,20100
2023-10-24 11:13:00+09:00,2345.0,2348.0,2344.0,2347.0,2347.0,10200
2023-10-24 11:14:00+09:00,2346.0,2355.0,2346.0,2355.0,2355.0,41300
2023-10-24 11:15:00+09:00,2354.0,2354.0,2348.0,2351.0,2351.0,25900
2023-10-24 11:16:00+09:00,2352.0,2358.0,2351.0,2358.0,2358.0,26000
2023-10-24 11:17:00+09:00,2358.0,2363.0,2357.0,2362.0,2362.0,35500
2023-10-24 11:18:00+09:00,2362.0,2362.0,2359.0,2359.0,2359.0,17400
2023-10-24 11:19:00+09:00,2361.0,2361.0,2357.0,2359.0,2359.0,28300
2023-10-24 11:20:00+09:00,2360.0,2362.0,2358.0,2360.0,2360.0,17900
2023-10-24 11:21:00+09:00,2361.0,2361.0,2355.0,2355.0,2355.0,13500
2023-10-24 11:22:00+09:00,2356.0,2359.0,2355.0,2356.0,2356.0,8000
2023-10-24 11:23:00+09:00,2356.0,2357.0,2355.0,2357.0,2357.0,12400
2023-10-24 11:24:00+09:00,2357.0,2360.0,2356.0,2360.0,2360.0,15500
2023-10-24 11:25:00+09:00,2359.0,2360.0,2357.0,2359.0,2359.0,8700
2023-10-24 11:26:00+09:00,2358.0,2360.0,2357.0,2357.0,2357.0,5700
2023-10-24 11:27:00+09:00,2358.0,2361.0,2356.0,2361.0,2361.0,12200
2023-10-24 11:28:00+09:00,2360.0,2361.0,2354.0,2359.0,2359.0,20900
2023-10-24 11:29:00+09:00,2358.0,2358.0,2351.0,2351.0,2351.0,15600
2023-10-24 11:30:00+09:00,2354.0,2354.0,2354.0,2354.0,2354.0,4000
2023-10-24 11:35:00+09:00,2354.0,2354.0,2354.0,2354.0,2354.0,0
2023-10-24 12:30:00+09:00,2358.0,2359.0,2343.0,2347.0,2347.0,3450000
2023-10-24 12:31:00+09:00,2346.0,2353.0,2341.0,2351.0,2351.0,28800
2023-10-24 12:32:00+09:00,2352.0,2359.0,2350.0,2355.0,2355.0,23600
2023-10-24 12:33:00+09:00,2356.0,2367.0,2356.0,2365.0,2365.0,51200
2023-10-24 12:34:00+09:00,2367.0,2367.0,2360.0,2360.0,2360.0,11600
2023-10-24 12:35:00+09:00,2360.0,2365.0,2356.0,2359.0,2359.0,18500
2023-10-24 12:36:00+09:00,2360.0,2373.0,2359.0,2370.0,2370.0,48900
2023-10-24 12:37:00+09:00,2372.0,2375.0,2370.0,2375.0,2375.0,16600
2023-10-24 12:38:00+09:00,2375.0,2382.0,2375.0,2380.0,2380.0,65900
2023-10-24 12:39:00+09:00,2380.0,2384.0,2378.0,2380.0,2380.0,42900
2023-10-24 12:40:00+09:00,2381.0,2384.0,2373.0,2373.0,2373.0,39900
2023-10-24 12:41:00+09:00,2372.0,2383.0,2371.0,2383.0,2383.0,60100
2023-10-24 12:42:00+09:00,2382.0,2383.0,2377.0,2380.0,2380.0,17300
2023-10-24 12:43:00+09:00,2380.0,2388.0,2379.0,2387.0,2387.0,43200
2023-10-24 12:44:00+09:00,2385.0,2390.0,2384.0,2389.0,2389.0,25200
2023-10-24 12:45:00+09:00,2390.0,2390.0,2385.0,2388.0,2388.0,15900
2023-10-24 12:46:00+09:00,2389.0,2389.0,2382.0,2387.0,2387.0,15800
2023-10-24 12:47:00+09:00,2387.0,2387.0,2380.0,2381.0,2381.0,15400
2023-10-24 12:48:00+09:00,2382.0,2392.0,2381.0,2391.0,2391.0,31600
2023-10-24 12:49:00+09:00,2391.0,2394.0,2390.0,2392.0,2392.0,18600
2023-10-24 12:50:00+09:00,2391.0,2392.0,2384.0,2388.0,2388.0,27400
2023-10-24 12:51:00+09:00,2388.0,2390.0,2382.0,2386.0,2386.0,14600
2023-10-24 12:52:00+09:00,2385.0,2385.0,2374.0,2375.0,2375.0,32900
2023-10-24 12:53:00+09:00,2376.0,2380.0,2376.0,2379.0,2379.0,12900
2023-10-24 12:54:00+09:00,2379.0,2380.0,2374.0,2376.0,2376.0,16800
2023-10-24 12:55:00+09:00,2376.0,2378.0,2374.0,2375.0,2375.0,16100
2023-10-24 12:56:00+09:00,2377.0,2383.0,2377.0,2381.0,2381.0,14000
2023-10-24 12:57:00+09:00,2382.0,2388.0,2382.0,2385.0,2385.0,15400
2023-10-24 12:58:00+09:00,2387.0,2388.0,2381.0,2384.0,2384.0,11700
2023-10-24 12:59:00+09:00,2385.0,2386.0,2385.0,2385.0,2385.0,4600
2023-10-24 13:00:00+09:00,2385.0,2385.0,2377.0,2377.0,2377.0,22700
2023-10-24 13:01:00+09:00,2379.0,2383.0,2378.0,2383.0,2383.0,9200
2023-10-24 13:02:00+09:00,2383.0,2385.0,2381.0,2382.0,2382.0,8900
2023-10-24 13:03:00+09:00,2383.0,2383.0,2378.0,2381.0,2381.0,10200
2023-10-24 13:04:00+09:00,2381.0,2382.0,2380.0,2380.0,2380.0,1700
2023-10-24 13:05:00+09:00,2381.0,2390.0,2381.0,2390.0,2390.0,28600
2023-10-24 13:06:00+09:00,2391.0,2399.0,2389.0,2398.0,2398.0,43500
2023-10-24 13:07:00+09:00,2398.0,2399.0,2395.0,2397.0,2397.0,11300
2023-10-24 13:08:00+09:00,2397.0,2397.0,2394.0,2397.0,2397.0,15900
2023-10-24 13:09:00+09:00,2396.0,2397.0,2395.0,2396.0,2396.0,7800
2023-10-24 13:10:00+09:00,2396.0,2404.0,2396.0,2400.0,2400.0,52400
2023-10-24 13:11:00+09:00,2401.0,2403.0,2398.0,2401.0,2401.0,28800
2023-10-24 13:12:00+09:00,2402.0,2407.0,2402.0,2405.0,2405.0,31000
2023-10-24 13:13:00+09:00,2405.0,2408.0,2403.0,2404.0,2404.0,37900
2023-10-24 13:14:00+09:00,2405.0,2409.0,2405.0,2409.0,2409.0,19000
2023-10-24 13:15:00+09:00,2409.0,2414.0,2408.0,2414.0,2414.0,37600
2023-10-24 13:16:00+09:00,2412.0,2414.0,2408.0,2413.0,2413.0,28600
2023-10-24 13:17:00+09:00,2412.0,2417.0,2412.0,2413.0,2413.0,30500
2023-10-24 13:18:00+09:00,2413.0,2415.0,2412.0,2412.0,2412.0,13100
2023-10-24 13:19:00+09:00,2412.0,2417.0,2412.0,2417.0,2417.0,17800
2023-10-24 13:20:00+09:00,2417.0,2420.0,2413.0,2415.0,2415.0,20300
2023-10-24 13:21:00+09:00,2417.0,2420.0,2416.0,2419.0,2419.0,19200
2023-10-24 13:22:00+09:00,2419.0,2420.0,2417.0,2420.0,2420.0,6600
2023-10-24 13:23:00+09:00,2419.0,2423.0,2418.0,2421.0,2421.0,21800
2023-10-24 13:24:00+09:00,2421.0,2421.0,2416.0,2417.0,2417.0,25300
2023-10-24 13:25:00+09:00,2416.0,2416.0,2411.0,2412.0,2412.0,25500
2023-10-24 13:26:00+09:00,2413.0,2413.0,2407.0,2408.0,2408.0,27800
2023-10-24 13:27:00+09:00,2408.0,2416.0,2407.0,2415.0,2415.0,24600
2023-10-24 13:28:00+09:00,2414.0,2414.0,2404.0,2404.0,2404.0,21800
2023-10-24 13:29:00+09:00,2406.0,2409.0,2404.0,2408.0,2408.0,8900
2023-10-24 13:30:00+09:00,2408.0,2415.0,2402.0,2413.0,2413.0,17200
2023-10-24 13:31:00+09:00,2413.0,2414.0,2409.0,2411.0,2411.0,14600
2023-10-24 13:32:00+09:00,2411.0,2414.0,2411.0,2414.0,2414.0,3800
2023-10-24 13:33:00+09:00,2414.0,2420.0,2414.0,2419.0,2419.0,20800
2023-10-24 13:34:00+09:00,2417.0,2418.0,2413.0,2417.0,2417.0,17700
2023-10-24 13:35:00+09:00,2416.0,2418.0,2415.0,2418.0,2418.0,5100
2023-10-24 13:36:00+09:00,2417.0,2420.0,2416.0,2418.0,2418.0,14700
2023-10-24 13:37:00+09:00,2418.0,2418.0,2411.0,2413.0,2413.0,17200
2023-10-24 13:38:00+09:00,2412.0,2414.0,2410.0,2410.0,2410.0,10400
2023-10-24 13:39:00+09:00,2410.0,2413.0,2406.0,2407.0,2407.0,17200
2023-10-24 13:40:00+09:00,2407.0,2410.0,2406.0,2410.0,2410.0,16800
2023-10-24 13:41:00+09:00,2410.0,2410.0,2408.0,2408.0,2408.0,6100
2023-10-24 13:42:00+09:00,2408.0,2413.0,2408.0,2413.0,2413.0,7500
2023-10-24 13:43:00+09:00,2413.0,2416.0,2409.0,2410.0,2410.0,16700
2023-10-24 13:44:00+09:00,2410.0,2412.0,2406.0,2408.0,2408.0,12200
2023-10-24 13:45:00+09:00,2407.0,2409.0,2405.0,2408.0,2408.0,6100
2023-10-24 13:46:00+09:00,2408.0,2416.0,2406.0,2416.0,2416.0,22700
2023-10-24 13:47:00+09:00,2415.0,2417.0,2413.0,2414.0,2414.0,11100
2023-10-24 13:48:00+09:00,2414.0,2416.0,2412.0,2414.0,2414.0,10000
2023-10-24 13:49:00+09:00,2414.0,2416.0,2413.0,2416.0,2416.0,2400
2023-10-24 13:50:00+09:00,2415.0,2422.0,2415.0,2421.0,2421.0,24000
2023-10-24 13:51:00+09:00,2419.0,2421.0,2416.0,2417.0,2417.0,23500
2023-10-24 13:52:00+09:00,2418.0,2419.0,2412.0,2415.0,2415.0,11500
2023-10-24 13:53:00+09:00,2415.0,2417.0,2414.0,2414.0,2414.0,7500
2023-10-24 13:54:00+09:00,2414.0,2418.0,2414.0,2415.0,2415.0,9800
2023-10-24 13:55:00+09:00,2415.0,2415.0,2410.0,2411.0,2411.0,6500
2023-10-24 13:56:00+09:00,2411.0,2411.0,2411.0,2411.0,2411.0,1800
2023-10-24 13:57:00+09:00,2413.0,2413.0,2410.0,2410.0,2410.0,7000
2023-10-24 13:58:00+09:00,2410.0,2410.0,2410.0,2410.0,2410.0,800
2023-10-24 13:59:00+09:00,2412.0,2413.0,2412.0,2413.0,2413.0,13100
2023-10-24 14:00:00+09:00,2410.0,2412.0,2410.0,2412.0,2412.0,3400
2023-10-24 14:01:00+09:00,2411.0,2413.0,2411.0,2413.0,2413.0,7000
2023-10-24 14:02:00+09:00,2413.0,2418.0,2413.0,2417.0,2417.0,18800
2023-10-24 14:03:00+09:00,2417.0,2417.0,2414.0,2415.0,2415.0,7200
2023-10-24 14:04:00+09:00,2414.0,2414.0,2412.0,2413.0,2413.0,3200
2023-10-24 14:05:00+09:00,2412.0,2414.0,2411.0,2413.0,2413.0,3800
2023-10-24 14:06:00+09:00,2414.0,2417.0,2414.0,2415.0,2415.0,4700
2023-10-24 14:07:00+09:00,2417.0,2417.0,2415.0,2416.0,2416.0,1900
2023-10-24 14:08:00+09:00,2416.0,2416.0,2413.0,2415.0,2415.0,5000
2023-10-24 14:09:00+09:00,2416.0,2422.0,2415.0,2418.0,2418.0,21300
2023-10-24 14:10:00+09:00,2418.0,2420.0,2418.0,2420.0,2420.0,8900
2023-10-24 14:11:00+09:00,2419.0,2421.0,2416.0,2416.0,2416.0,7400
2023-10-24 14:12:00+09:00,2417.0,2419.0,2416.0,2418.0,2418.0,2300
2023-10-24 14:13:00+09:00,2418.0,2418.0,2417.0,2417.0,2417.0,5600
2023-10-24 14:14:00+09:00,2416.0,2417.0,2413.0,2417.0,2417.0,8700
2023-10-24 14:15:00+09:00,2417.0,2420.0,2415.0,2420.0,2420.0,14500
2023-10-24 14:16:00+09:00,2419.0,2419.0,2417.0,2418.0,2418.0,2500
2023-10-24 14:17:00+09:00,2418.0,2420.0,2416.0,2418.0,2418.0,7200
2023-10-24 14:18:00+09:00,2417.0,2418.0,2416.0,2418.0,2418.0,4300
2023-10-24 14:19:00+09:00,2418.0,2418.0,2414.0,2415.0,2415.0,8800
2023-10-24 14:20:00+09:00,2415.0,2417.0,2415.0,2417.0,2417.0,4600
2023-10-24 14:21:00+09:00,2417.0,2418.0,2416.0,2416.0,2416.0,8400
2023-10-24 14:22:00+09:00,2417.0,2421.0,2417.0,2420.0,2420.0,13100
2023-10-24 14:23:00+09:00,2420.0,2420.0,2414.0,2415.0,2415.0,13200
2023-10-24 14:24:00+09:00,2415.0,2418.0,2415.0,2418.0,2418.0,3500
2023-10-24 14:25:00+09:00,2418.0,2427.0,2417.0,2424.0,2424.0,35600
2023-10-24 14:26:00+09:00,2424.0,2430.0,2423.0,2430.0,2430.0,28300
2023-10-24 14:27:00+09:00,2430.0,2433.0,2428.0,2429.0,2429.0,21600
2023-10-24 14:28:00+09:00,2429.0,2429.0,2426.0,2427.0,2427.0,7700
2023-10-24 14:29:00+09:00,2427.0,2429.0,2426.0,2427.0,2427.0,7800
2023-10-24 14:30:00+09:00,2427.0,2429.0,2427.0,2428.0,2428.0,6600
2023-10-24 14:31:00+09:00,2427.0,2429.0,2422.0,2425.0,2425.0,22400
2023-10-24 14:32:00+09:00,2425.0,2429.0,2425.0,2429.0,2429.0,8100
2023-10-24 14:33:00+09:00,2429.0,2434.0,2428.0,2433.0,2433.0,14900
2023-10-24 14:34:00+09:00,2433.0,2436.0,2432.0,2436.0,2436.0,9200
2023-10-24 14:35:00+09:00,2435.0,2435.0,2429.0,2431.0,2431.0,18300
2023-10-24 14:36:00+09:00,2430.0,2432.0,2429.0,2432.0,2432.0,4200
2023-10-24 14:37:00+09:00,2433.0,2434.0,2432.0,2434.0,2434.0,3800
2023-10-24 14:38:00+09:00,2434.0,2435.0,2429.0,2433.0,2433.0,21100
2023-10-24 14:39:00+09:00,2434.0,2434.0,2432.0,2433.0,2433.0,2200
2023-10-24 14:40:00+09:00,2433.0,2435.0,2433.0,2434.0,2434.0,14400
2023-10-24 14:41:00+09:00,2435.0,2435.0,2430.0,2435.0,2435.0,11500
2023-10-24 14:42:00+09:00,2436.0,2438.0,2432.0,2437.0,2437.0,9500
2023-10-24 14:43:00+09:00,2437.0,2438.0,2431.0,2431.0,2431.0,18100
2023-10-24 14:44:00+09:00,2432.0,2434.0,2428.0,2430.0,2430.0,9800
2023-10-24 14:45:00+09:00,2431.0,2438.0,2431.0,2437.0,2437.0,12100
2023-10-24 14:46:00+09:00,2437.0,2437.0,2432.0,2434.0,2434.0,12800
2023-10-24 14:47:00+09:00,2433.0,2434.0,2431.0,2432.0,2432.0,7600
2023-10-24 14:48:00+09:00,2433.0,2436.0,2433.0,2434.0,2434.0,8400
2023-10-24 14:49:00+09:00,2435.0,2437.0,2435.0,2437.0,2437.0,5800
2023-10-24 14:50:00+09:00,2437.0,2444.0,2437.0,2442.0,2442.0,16700
2023-10-24 14:51:00+09:00,2443.0,2443.0,2441.0,2443.0,2443.0,11000
2023-10-24 14:52:00+09:00,2443.0,2454.0,2443.0,2454.0,2454.0,50000
2023-10-24 14:53:00+09:00,2455.0,2457.0,2447.0,2449.0,2449.0,34600
2023-10-24 14:54:00+09:00,2449.0,2453.0,2449.0,2452.0,2452.0,22900
2023-10-24 14:55:00+09:00,2451.0,2453.0,2448.0,2451.0,2451.0,10400
2023-10-24 14:56:00+09:00,2451.0,2454.0,2450.0,2453.0,2453.0,13500
2023-10-24 14:57:00+09:00,2453.0,2453.0,2449.0,2450.0,2450.0,7900
2023-10-24 14:58:00+09:00,2450.0,2453.0,2450.0,2452.0,2452.0,7800
2023-10-24 14:59:00+09:00,2452.0,2453.0,2440.0,2443.0,2443.0,37400
2023-10-25 09:00:00+09:00,2472.0,2483.0,2445.0,2465.0,2465.0,162800
2023-10-25 09:01:00+09:00,2465.0,2487.0,2459.0,2467.0,2467.0,71100
2023-10-25 09:02:00+09:00,2467.0,2478.0,2457.0,2477.0,2477.0,37600
2023-10-25 09:03:00+09:00,2478.0,2482.0,2465.0,2469.0,2469.0,44000
2023-10-25 09:04:00+09:00,2469.0,2481.0,2469.0,2472.0,2472.0,33000
2023-10-25 09:05:00+09:00,2474.0,2485.0,2473.0,2474.0,2474.0,48600
2023-10-25 09:06:00+09:00,2473.0,2489.0,2464.0,2479.0,2479.0,51100
2023-10-25 09:07:00+09:00,2478.0,2481.0,2468.0,2471.0,2471.0,27100
2023-10-25 09:08:00+09:00,2470.0,2480.0,2456.0,2456.0,2456.0,59100
2023-10-25 09:09:00+09:00,2459.0,2464.0,2444.0,2446.0,2446.0,63000
2023-10-25 09:10:00+09:00,2447.0,2460.0,2443.0,2454.0,2454.0,49200
2023-10-25 09:11:00+09:00,2452.0,2464.0,2449.0,2462.0,2462.0,33500
2023-10-25 09:12:00+09:00,2463.0,2467.0,2461.0,2462.0,2462.0,19700
2023-10-25 09:13:00+09:00,2462.0,2464.0,2456.0,2459.0,2459.0,27000
2023-10-25 09:14:00+09:00,2459.0,2459.0,2448.0,2449.0,2449.0,36900
2023-10-25 09:15:00+09:00,2449.0,2458.0,2449.0,2457.0,2457.0,15800
2023-10-25 09:16:00+09:00,2458.0,2471.0,2458.0,2466.0,2466.0,32900
2023-10-25 09:17:00+09:00,2465.0,2469.0,2463.0,2466.0,2466.0,21600
2023-10-25 09:18:00+09:00,2466.0,2470.0,2464.0,2465.0,2465.0,25700
2023-10-25 09:19:00+09:00,2464.0,2464.0,2455.0,2460.0,2460.0,18300
2023-10-25 09:20:00+09:00,2460.0,2468.0,2460.0,2468.0,2468.0,13500
2023-10-25 09:21:00+09:00,2468.0,2477.0,2468.0,2473.0,2473.0,35000
2023-10-25 09:22:00+09:00,2473.0,2475.0,2468.0,2468.0,2468.0,14900
2023-10-25 09:23:00+09:00,2469.0,2479.0,2468.0,2475.0,2475.0,32300
2023-10-25 09:24:00+09:00,2476.0,2484.0,2473.0,2482.0,2482.0,35600
2023-10-25 09:25:00+09:00,2481.0,2489.0,2471.0,2472.0,2472.0,91500
2023-10-25 09:26:00+09:00,2472.0,2478.0,2465.0,2466.0,2466.0,30300
2023-10-25 09:27:00+09:00,2466.0,2474.0,2466.0,2468.0,2468.0,24500
2023-10-25 09:28:00+09:00,2468.0,2469.0,2462.0,2465.0,2465.0,42800
2023-10-25 09:29:00+09:00,2465.0,2465.0,2456.0,2461.0,2461.0,45100
2023-10-25 09:30:00+09:00,2460.0,2466.0,2459.0,2465.0,2465.0,27700
2023-10-25 09:31:00+09:00,2466.0,2466.0,2456.0,2460.0,2460.0,20700
2023-10-25 09:32:00+09:00,2460.0,2460.0,2456.0,2458.0,2458.0,12300
2023-10-25 09:33:00+09:00,2458.0,2470.0,2457.0,2469.0,2469.0,26900
2023-10-25 09:34:00+09:00,2468.0,2469.0,2461.0,2462.0,2462.0,15500
2023-10-25 09:35:00+09:00,2462.0,2464.0,2459.0,2462.0,2462.0,9600
2023-10-25 09:36:00+09:00,2462.0,2465.0,2462.0,2462.0,2462.0,7200
2023-10-25 09:37:00+09:00,2461.0,2463.0,2458.0,2461.0,2461.0,11700
2023-10-25 09:38:00+09:00,2460.0,2462.0,2459.0,2462.0,2462.0,2200
2023-10-25 09:39:00+09:00,2462.0,2462.0,2459.0,2459.0,2459.0,4400
2023-10-25 09:40:00+09:00,2458.0,2458.0,2453.0,2453.0,2453.0,27400
2023-10-25 09:41:00+09:00,2454.0,2454.0,2449.0,2450.0,2450.0,22900
2023-10-25 09:42:00+09:00,2449.0,2455.0,2449.0,2451.0,2451.0,16600
2023-10-25 09:43:00+09:00,2451.0,2454.0,2450.0,2453.0,2453.0,3500
2023-10-25 09:44:00+09:00,2451.0,2455.0,2450.0,2455.0,2455.0,13500
2023-10-25 09:45:00+09:00,2453.0,2455.0,2450.0,2454.0,2454.0,11400
2023-10-25 09:46:00+09:00,2455.0,2461.0,2455.0,2458.0,2458.0,20900
2023-10-25 09:47:00+09:00,2457.0,2464.0,2457.0,2462.0,2462.0,14300
2023-10-25 09:48:00+09:00,2463.0,2464.0,2459.0,2459.0,2459.0,7400
2023-10-25 09:49:00+09:00,2459.0,2459.0,2452.0,2453.0,2453.0,16100
2023-10-25 09:50:00+09:00,2454.0,2458.0,2453.0,2458.0,2458.0,7000
2023-10-25 09:51:00+09:00,2458.0,2458.0,2450.0,2451.0,2451.0,16300
2023-10-25 09:52:00+09:00,2451.0,2451.0,2446.0,2449.0,2449.0,11200
2023-10-25 09:53:00+09:00,2449.0,2455.0,2448.0,2450.0,2450.0,14200
2023-10-25 09:54:00+09:00,2451.0,2454.0,2450.0,2451.0,2451.0,4900
2023-10-25 09:55:00+09:00,2449.0,2449.0,2447.0,2447.0,2447.0,5500
2023-10-25 09:56:00+09:00,2447.0,2453.0,2447.0,2449.0,2449.0,7500
2023-10-25 09:57:00+09:00,2449.0,2452.0,2449.0,2452.0,2452.0,4100
2023-10-25 09:58:00+09:00,2451.0,2451.0,2451.0,2451.0,2451.0,400
2023-10-25 09:59:00+09:00,2445.0,2445.0,2438.0,2443.0,2443.0,35500
2023-10-25 10:00:00+09:00,2444.0,2444.0,2436.0,2439.0,2439.0,33600
2023-10-25 10:01:00+09:00,2439.0,2442.0,2439.0,2440.0,2440.0,7500
2023-10-25 10:02:00+09:00,2440.0,2441.0,2438.0,2441.0,2441.0,5700
2023-10-25 10:03:00+09:00,2441.0,2441.0,2436.0,2438.0,2438.0,18000
2023-10-25 10:04:00+09:00,2438.0,2445.0,2437.0,2445.0,2445.0,13000
2023-10-25 10:05:00+09:00,2445.0,2445.0,2440.0,2440.0,2440.0,6200
2023-10-25 10:06:00+09:00,2440.0,2448.0,2438.0,2448.0,2448.0,19500
2023-10-25 10:07:00+09:00,2448.0,2450.0,2446.0,2448.0,2448.0,17100
2023-10-25 10:08:00+09:00,2448.0,2456.0,2448.0,2455.0,2455.0,30100
2023-10-25 10:09:00+09:00,2454.0,2458.0,2452.0,2456.0,2456.0,12900
2023-10-25 10:10:00+09:00,2457.0,2458.0,2452.0,2452.0,2452.0,23600
2023-10-25 10:11:00+09:00,2453.0,2453.0,2445.0,2453.0,2453.0,17200
2023-10-25 10:12:00+09:00,2452.0,2453.0,2450.0,2451.0,2451.0,3500
2023-10-25 10:13:00+09:00,2451.0,2451.0,2446.0,2447.0,2447.0,13500
2023-10-25 10:14:00+09:00,2447.0,2449.0,2446.0,2449.0,2449.0,3200
2023-10-25 10:15:00+09:00,2448.0,2455.0,2448.0,2453.0,2453.0,10900
2023-10-25 10:16:00+09:00,2453.0,2458.0,2451.0,2458.0,2458.0,8900
2023-10-25 10:17:00+09:00,2457.0,2457.0,2453.0,2455.0,2455.0,9400
2023-10-25 10:18:00+09:00,2456.0,2463.0,2456.0,2461.0,2461.0,23200
2023-10-25 10:19:00+09:00,2461.0,2469.0,2460.0,2469.0,2469.0,28000
2023-10-25 10:20:00+09:00,2468.0,2469.0,2465.0,2469.0,2469.0,12600
2023-10-25 10:21:00+09:00,2469.0,2470.0,2461.0,2462.0,2462.0,23900
2023-10-25 10:22:00+09:00,2463.0,2464.0,2457.0,2463.0,2463.0,21300
2023-10-25 10:23:00+09:00,2464.0,2464.0,2458.0,2461.0,2461.0,6400
2023-10-25 10:24:00+09:00,2461.0,2463.0,2457.0,2457.0,2457.0,12800
2023-10-25 10:25:00+09:00,2460.0,2461.0,2451.0,2451.0,2451.0,19400
2023-10-25 10:26:00+09:00,2452.0,2453.0,2446.0,2448.0,2448.0,15100
2023-10-25 10:27:00+09:00,2448.0,2448.0,2445.0,2447.0,2447.0,8300
2023-10-25 10:28:00+09:00,2446.0,2446.0,2438.0,2443.0,2443.0,29900
2023-10-25 10:29:00+09:00,2443.0,2443.0,2433.0,2439.0,2439.0,41300
2023-10-25 10:30:00+09:00,2438.0,2443.0,2435.0,2439.0,2439.0,16500
2023-10-25 10:31:00+09:00,2437.0,2439.0,2436.0,2437.0,2437.0,11200
2023-10-25 10:32:00+09:00,2437.0,2442.0,2436.0,2439.0,2439.0,15100
2023-10-25 10:33:00+09:00,2440.0,2443.0,2440.0,2442.0,2442.0,9300
2023-10-25 10:34:00+09:00,2443.0,2447.0,2441.0,2442.0,2442.0,14300
2023-10-25 10:35:00+09:00,2442.0,2442.0,2431.0,2431.0,2431.0,19600
2023-10-25 10:36:00+09:00,2431.0,2434.0,2427.0,2427.0,2427.0,31800
2023-10-25 10:37:00+09:00,2427.0,2432.0,2426.0,2431.0,2431.0,15000
2023-10-25 10:38:00+09:00,2432.0,2439.0,2432.0,2437.0,2437.0,12200
2023-10-25 10:39:00+09:00,2437.0,2438.0,2432.0,2437.0,2437.0,17900
2023-10-25 10:40:00+09:00,2438.0,2442.0,2438.0,2439.0,2439.0,14000
2023-10-25 10:41:00+09:00,2439.0,2440.0,2437.0,2438.0,2438.0,6800
2023-10-25 10:42:00+09:00,2438.0,2439.0,2433.0,2437.0,2437.0,8900
2023-10-25 10:43:00+09:00,2437.0,2440.0,2434.0,2439.0,2439.0,10600
2023-10-25 10:44:00+09:00,2438.0,2438.0,2430.0,2430.0,2430.0,11100
2023-10-25 10:45:00+09:00,2430.0,2432.0,2428.0,2431.0,2431.0,9700
2023-10-25 10:46:00+09:00,2430.0,2430.0,2426.0,2429.0,2429.0,11400
2023-10-25 10:47:00+09:00,2430.0,2432.0,2428.0,2432.0,2432.0,9300
2023-10-25 10:48:00+09:00,2433.0,2435.0,2429.0,2431.0,2431.0,10500
2023-10-25 10:49:00+09:00,2432.0,2435.0,2431.0,2432.0,2432.0,5600
2023-10-25 10:50:00+09:00,2432.0,2433.0,2430.0,2430.0,2430.0,2700
2023-10-25 10:52:00+09:00,2427.0,2427.0,2423.0,2424.0,2424.0,20300
2023-10-25 10:53:00+09:00,2424.0,2425.0,2414.0,2419.0,2419.0,67700
2023-10-25 10:54:00+09:00,2419.0,2419.0,2410.0,2415.0,2415.0,35400
2023-10-25 10:55:00+09:00,2415.0,2415.0,2406.0,2411.0,2411.0,46900
2023-10-25 10:56:00+09:00,2413.0,2413.0,2402.0,2404.0,2404.0,37700
2023-10-25 10:57:00+09:00,2404.0,2409.0,2403.0,2406.0,2406.0,26100
2023-10-25 10:58:00+09:00,2406.0,2410.0,2406.0,2410.0,2410.0,11900
2023-10-25 10:59:00+09:00,2410.0,2413.0,2405.0,2406.0,2406.0,19500
2023-10-25 11:00:00+09:00,2406.0,2415.0,2405.0,2414.0,2414.0,16900
2023-10-25 11:01:00+09:00,2413.0,2415.0,2412.0,2412.0,2412.0,11900
2023-10-25 11:02:00+09:00,2413.0,2416.0,2413.0,2416.0,2416.0,8400
2023-10-25 11:03:00+09:00,2416.0,2424.0,2416.0,2423.0,2423.0,40000
2023-10-25 11:04:00+09:00,2422.0,2422.0,2419.0,2421.0,2421.0,11300
2023-10-25 11:05:00+09:00,2421.0,2423.0,2417.0,2419.0,2419.0,9400
2023-10-25 11:06:00+09:00,2419.0,2420.0,2415.0,2415.0,2415.0,6300
2023-10-25 11:07:00+09:00,2415.0,2419.0,2413.0,2419.0,2419.0,15300
2023-10-25 11:08:00+09:00,2417.0,2417.0,2413.0,2417.0,2417.0,10500
2023-10-25 11:09:00+09:00,2417.0,2422.0,2417.0,2421.0,2421.0,8800
2023-10-25 11:10:00+09:00,2421.0,2424.0,2418.0,2418.0,2418.0,12300
2023-10-25 11:11:00+09:00,2418.0,2418.0,2414.0,2416.0,2416.0,5900
2023-10-25 11:12:00+09:00,2416.0,2418.0,2416.0,2417.0,2417.0,4600
2023-10-25 11:13:00+09:00,2417.0,2420.0,2417.0,2418.0,2418.0,2600
2023-10-25 11:14:00+09:00,2417.0,2417.0,2416.0,2416.0,2416.0,5900
2023-10-25 11:15:00+09:00,2417.0,2419.0,2416.0,2418.0,2418.0,5700
2023-10-25 11:16:00+09:00,2418.0,2418.0,2416.0,2417.0,2417.0,2100
2023-10-25 11:17:00+09:00,2417.0,2418.0,2416.0,2417.0,2417.0,2500
2023-10-25 11:18:00+09:00,2417.0,2418.0,2417.0,2417.0,2417.0,2400
2023-10-25 11:19:00+09:00,2416.0,2418.0,2416.0,2418.0,2418.0,1700
2023-10-25 11:20:00+09:00,2418.0,2426.0,2418.0,2422.0,2422.0,54600
2023-10-25 11:21:00+09:00,2424.0,2429.0,2424.0,2427.0,2427.0,14400
2023-10-25 11:22:00+09:00,2427.0,2427.0,2424.0,2424.0,2424.0,16200
2023-10-25 11:23:00+09:00,2425.0,2432.0,2425.0,2430.0,2430.0,13000
2023-10-25 11:24:00+09:00,2429.0,2431.0,2427.0,2427.0,2427.0,10000
2023-10-25 11:25:00+09:00,2429.0,2429.0,2425.0,2426.0,2426.0,6600
2023-10-25 11:26:00+09:00,2427.0,2428.0,2425.0,2427.0,2427.0,10900
2023-10-25 11:27:00+09:00,2427.0,2427.0,2420.0,2422.0,2422.0,15700
2023-10-25 11:28:00+09:00,2421.0,2421.0,2413.0,2415.0,2415.0,17600
2023-10-25 11:29:00+09:00,2414.0,2417.0,2412.0,2416.0,2416.0,10700
2023-10-25 11:30:00+09:00,2415.0,2415.0,2415.0,2415.0,2415.0,1300
2023-10-25 11:35:00+09:00,2415.0,2415.0,2415.0,2415.0,2415.0,0
2023-10-25 12:30:00+09:00,2412.0,2414.0,2395.0,2398.0,2398.0,3123600
2023-10-25 12:31:00+09:00,2399.0,2404.0,2396.0,2402.0,2402.0,15700
2023-10-25 12:32:00+09:00,2402.0,2406.0,2401.0,2405.0,2405.0,15600
2023-10-25 12:33:00+09:00,2405.0,2406.0,2403.0,2404.0,2404.0,11500
2023-10-25 12:34:00+09:00,2405.0,2418.0,2404.0,2415.0,2415.0,19900
2023-10-25 12:35:00+09:00,2415.0,2419.0,2412.0,2415.0,2415.0,19500
2023-10-25 12:36:00+09:00,2415.0,2415.0,2413.0,2414.0,2414.0,6100
2023-10-25 12:37:00+09:00,2415.0,2417.0,2404.0,2404.0,2404.0,27100
2023-10-25 12:38:00+09:00,2404.0,2404.0,2401.0,2402.0,2402.0,12300
2023-10-25 12:39:00+09:00,2402.0,2402.0,2395.0,2401.0,2401.0,60300
2023-10-25 12:40:00+09:00,2401.0,2403.0,2400.0,2401.0,2401.0,9900
2023-10-25 12:41:00+09:00,2401.0,2405.0,2398.0,2404.0,2404.0,18200
2023-10-25 12:42:00+09:00,2404.0,2404.0,2401.0,2402.0,2402.0,4400
2023-10-25 12:43:00+09:00,2403.0,2403.0,2401.0,2401.0,2401.0,3800
2023-10-25 12:44:00+09:00,2401.0,2401.0,2399.0,2400.0,2400.0,5300
2023-10-25 12:45:00+09:00,2401.0,2401.0,2400.0,2400.0,2400.0,3900
2023-10-25 12:46:00+09:00,2401.0,2404.0,2399.0,2404.0,2404.0,24200
2023-10-25 12:47:00+09:00,2403.0,2404.0,2400.0,2400.0,2400.0,7500
2023-10-25 12:48:00+09:00,2400.0,2410.0,2400.0,2409.0,2409.0,23300
2023-10-25 12:49:00+09:00,2409.0,2415.0,2409.0,2410.0,2410.0,15100
2023-10-25 12:50:00+09:00,2410.0,2411.0,2408.0,2410.0,2410.0,11200
2023-10-25 12:51:00+09:00,2410.0,2411.0,2408.0,2409.0,2409.0,6000
2023-10-25 12:52:00+09:00,2409.0,2409.0,2407.0,2408.0,2408.0,4600
2023-10-25 12:53:00+09:00,2409.0,2409.0,2406.0,2409.0,2409.0,10400
2023-10-25 12:54:00+09:00,2409.0,2410.0,2402.0,2406.0,2406.0,15200
2023-10-25 12:55:00+09:00,2406.0,2408.0,2405.0,2405.0,2405.0,3600
2023-10-25 12:56:00+09:00,2406.0,2408.0,2406.0,2408.0,2408.0,4600
2023-10-25 12:57:00+09:00,2408.0,2409.0,2407.0,2409.0,2409.0,4600
2023-10-25 12:58:00+09:00,2409.0,2412.0,2409.0,2409.0,2409.0,8700
2023-10-25 12:59:00+09:00,2410.0,2410.0,2408.0,2410.0,2410.0,6400
2023-10-25 13:00:00+09:00,2410.0,2411.0,2410.0,2411.0,2411.0,1700
2023-10-25 13:01:00+09:00,2411.0,2418.0,2411.0,2418.0,2418.0,17200
2023-10-25 13:02:00+09:00,2418.0,2422.0,2417.0,2421.0,2421.0,24800
2023-10-25 13:03:00+09:00,2421.0,2423.0,2420.0,2422.0,2422.0,12900
2023-10-25 13:04:00+09:00,2422.0,2424.0,2420.0,2421.0,2421.0,7500
2023-10-25 13:05:00+09:00,2421.0,2425.0,2421.0,2425.0,2425.0,9000
2023-10-25 13:06:00+09:00,2426.0,2428.0,2425.0,2427.0,2427.0,12400
2023-10-25 13:07:00+09:00,2426.0,2427.0,2425.0,2427.0,2427.0,6700
2023-10-25 13:08:00+09:00,2427.0,2432.0,2427.0,2427.0,2427.0,27000
2023-10-25 13:09:00+09:00,2427.0,2430.0,2427.0,2429.0,2429.0,6100
2023-10-25 13:10:00+09:00,2429.0,2435.0,2429.0,2433.0,2433.0,23400
2023-10-25 13:11:00+09:00,2433.0,2435.0,2433.0,2434.0,2434.0,7700
2023-10-25 13:12:00+09:00,2434.0,2436.0,2433.0,2435.0,2435.0,14100
2023-10-25 13:13:00+09:00,2436.0,2438.0,2434.0,2434.0,2434.0,15700
2023-10-25 13:14:00+09:00,2434.0,2434.0,2423.0,2427.0,2427.0,28300
2023-10-25 13:15:00+09:00,2427.0,2432.0,2427.0,2432.0,2432.0,16000
2023-10-25 13:16:00+09:00,2432.0,2434.0,2431.0,2432.0,2432.0,13300
2023-10-25 13:17:00+09:00,2431.0,2431.0,2423.0,2423.0,2423.0,22300
2023-10-25 13:18:00+09:00,2423.0,2426.0,2420.0,2421.0,2421.0,16500
2023-10-25 13:19:00+09:00,2421.0,2422.0,2420.0,2421.0,2421.0,4000
2023-10-25 13:20:00+09:00,2422.0,2426.0,2422.0,2424.0,2424.0,6200
2023-10-25 13:21:00+09:00,2424.0,2425.0,2423.0,2425.0,2425.0,3500
2023-10-25 13:22:00+09:00,2425.0,2431.0,2425.0,2430.0,2430.0,12100
2023-10-25 13:23:00+09:00,2430.0,2435.0,2430.0,2433.0,2433.0,14100
2023-10-25 13:24:00+09:00,2433.0,2433.0,2427.0,2429.0,2429.0,18700
2023-10-25 13:25:00+09:00,2430.0,2431.0,2428.0,2429.0,2429.0,3000
2023-10-25 13:26:00+09:00,2429.0,2430.0,2426.0,2426.0,2426.0,4200
2023-10-25 13:27:00+09:00,2426.0,2426.0,2422.0,2423.0,2423.0,8500
2023-10-25 13:28:00+09:00,2423.0,2423.0,2421.0,2422.0,2422.0,4700
2023-10-25 13:29:00+09:00,2422.0,2422.0,2420.0,2420.0,2420.0,3900
2023-10-25 13:30:00+09:00,2420.0,2423.0,2417.0,2423.0,2423.0,18700
2023-10-25 13:31:00+09:00,2422.0,2423.0,2421.0,2421.0,2421.0,2800
2023-10-25 13:32:00+09:00,2421.0,2425.0,2421.0,2425.0,2425.0,5400
2023-10-25 13:33:00+09:00,2425.0,2426.0,2424.0,2425.0,2425.0,4600
2023-10-25 13:34:00+09:00,2425.0,2427.0,2425.0,2427.0,2427.0,2700
2023-10-25 13:35:00+09:00,2427.0,2427.0,2426.0,2427.0,2427.0,4000
2023-10-25 13:36:00+09:00,2427.0,2432.0,2427.0,2431.0,2431.0,9700
2023-10-25 13:37:00+09:00,2430.0,2433.0,2430.0,2432.0,2432.0,5900
2023-10-25 13:38:00+09:00,2431.0,2431.0,2427.0,2428.0,2428.0,4500
2023-10-25 13:39:00+09:00,2429.0,2429.0,2426.0,2427.0,2427.0,3600
2023-10-25 13:40:00+09:00,2427.0,2427.0,2426.0,2427.0,2427.0,2500
2023-10-25 13:41:00+09:00,2427.0,2428.0,2427.0,2427.0,2427.0,1400
2023-10-25 13:42:00+09:00,2427.0,2428.0,2425.0,2426.0,2426.0,2900
2023-10-25 13:43:00+09:00,2426.0,2428.0,2425.0,2428.0,2428.0,2900
2023-10-25 13:44:00+09:00,2428.0,2428.0,2426.0,2427.0,2427.0,2500
2023-10-25 13:45:00+09:00,2428.0,2431.0,2428.0,2430.0,2430.0,7300
2023-10-25 13:46:00+09:00,2430.0,2433.0,2430.0,2430.0,2430.0,9900
2023-10-25 13:47:00+09:00,2430.0,2432.0,2429.0,2432.0,2432.0,2800
2023-10-25 13:48:00+09:00,2432.0,2434.0,2432.0,2434.0,2434.0,9100
2023-10-25 13:49:00+09:00,2434.0,2434.0,2432.0,2432.0,2432.0,3200
2023-10-25 13:50:00+09:00,2432.0,2433.0,2431.0,2432.0,2432.0,5200
2023-10-25 13:51:00+09:00,2432.0,2432.0,2431.0,2432.0,2432.0,1000
2023-10-25 13:52:00+09:00,2432.0,2432.0,2429.0,2430.0,2430.0,4600
2023-10-25 13:53:00+09:00,2430.0,2430.0,2428.0,2428.0,2428.0,4200
2023-10-25 13:54:00+09:00,2428.0,2428.0,2427.0,2428.0,2428.0,3300
2023-10-25 13:55:00+09:00,2428.0,2429.0,2427.0,2428.0,2428.0,3300
2023-10-25 13:56:00+09:00,2428.0,2429.0,2428.0,2428.0,2428.0,700
2023-10-25 13:57:00+09:00,2428.0,2429.0,2428.0,2429.0,2429.0,4800
2023-10-25 13:58:00+09:00,2429.0,2430.0,2429.0,2430.0,2430.0,4100
2023-10-25 13:59:00+09:00,2430.0,2431.0,2428.0,2428.0,2428.0,4400
2023-10-25 14:00:00+09:00,2429.0,2432.0,2429.0,2431.0,2431.0,3400
2023-10-25 14:01:00+09:00,2430.0,2430.0,2428.0,2430.0,2430.0,4100
2023-10-25 14:02:00+09:00,2430.0,2430.0,2430.0,2430.0,2430.0,1400
2023-10-25 14:03:00+09:00,2430.0,2430.0,2430.0,2430.0,2430.0,600
2023-10-25 14:04:00+09:00,2430.0,2432.0,2429.0,2429.0,2429.0,11100
2023-10-25 14:05:00+09:00,2428.0,2436.0,2427.0,2435.0,2435.0,32000
2023-10-25 14:06:00+09:00,2435.0,2437.0,2434.0,2434.0,2434.0,9600
2023-10-25 14:07:00+09:00,2435.0,2435.0,2433.0,2434.0,2434.0,3400
2023-10-25 14:08:00+09:00,2434.0,2434.0,2434.0,2434.0,2434.0,800
2023-10-25 14:09:00+09:00,2433.0,2433.0,2432.0,2432.0,2432.0,3300
2023-10-25 14:10:00+09:00,2432.0,2432.0,2428.0,2430.0,2430.0,6500
2023-10-25 14:11:00+09:00,2429.0,2430.0,2429.0,2429.0,2429.0,1600
2023-10-25 14:12:00+09:00,2429.0,2430.0,2429.0,2430.0,2430.0,3200
2023-10-25 14:13:00+09:00,2429.0,2430.0,2429.0,2430.0,2430.0,3100
2023-10-25 14:14:00+09:00,2430.0,2431.0,2429.0,2429.0,2429.0,3900
2023-10-25 14:15:00+09:00,2429.0,2429.0,2428.0,2428.0,2428.0,1300
2023-10-25 14:16:00+09:00,2429.0,2430.0,2429.0,2430.0,2430.0,3300
2023-10-25 14:17:00+09:00,2430.0,2430.0,2429.0,2430.0,2430.0,1500
2023-10-25 14:18:00+09:00,2430.0,2430.0,2430.0,2430.0,2430.0,1000
2023-10-25 14:19:00+09:00,2430.0,2431.0,2430.0,2431.0,2431.0,2300
2023-10-25 14:20:00+09:00,2431.0,2432.0,2430.0,2430.0,2430.0,3200
2023-10-25 14:21:00+09:00,2429.0,2429.0,2426.0,2426.0,2426.0,7800
2023-10-25 14:22:00+09:00,2427.0,2427.0,2425.0,2425.0,2425.0,6000
2023-10-25 14:23:00+09:00,2425.0,2425.0,2422.0,2423.0,2423.0,5900
2023-10-25 14:24:00+09:00,2424.0,2424.0,2422.0,2424.0,2424.0,3700
2023-10-25 14:25:00+09:00,2424.0,2424.0,2424.0,2424.0,2424.0,900
2023-10-25 14:26:00+09:00,2424.0,2424.0,2419.0,2421.0,2421.0,18000
2023-10-25 14:27:00+09:00,2420.0,2420.0,2416.0,2419.0,2419.0,18200
2023-10-25 14:28:00+09:00,2419.0,2424.0,2418.0,2419.0,2419.0,14700
2023-10-25 14:29:00+09:00,2420.0,2420.0,2416.0,2418.0,2418.0,8200
2023-10-25 14:30:00+09:00,2418.0,2418.0,2416.0,2417.0,2417.0,2900
2023-10-25 14:31:00+09:00,2417.0,2417.0,2416.0,2416.0,2416.0,2200
2023-10-25 14:32:00+09:00,2415.0,2419.0,2415.0,2419.0,2419.0,20300
2023-10-25 14:33:00+09:00,2418.0,2419.0,2418.0,2418.0,2418.0,1100
2023-10-25 14:34:00+09:00,2419.0,2425.0,2419.0,2424.0,2424.0,20200
2023-10-25 14:35:00+09:00,2424.0,2428.0,2424.0,2428.0,2428.0,6200
2023-10-25 14:36:00+09:00,2427.0,2427.0,2425.0,2426.0,2426.0,6700
2023-10-25 14:37:00+09:00,2424.0,2424.0,2419.0,2420.0,2420.0,16500
2023-10-25 14:38:00+09:00,2419.0,2420.0,2414.0,2415.0,2415.0,10000
2023-10-25 14:39:00+09:00,2416.0,2417.0,2415.0,2416.0,2416.0,9600
2023-10-25 14:40:00+09:00,2416.0,2416.0,2414.0,2415.0,2415.0,7300
2023-10-25 14:41:00+09:00,2416.0,2418.0,2413.0,2414.0,2414.0,9800
2023-10-25 14:42:00+09:00,2412.0,2415.0,2411.0,2415.0,2415.0,6100
2023-10-25 14:43:00+09:00,2414.0,2418.0,2413.0,2416.0,2416.0,9300
2023-10-25 14:44:00+09:00,2417.0,2418.0,2415.0,2415.0,2415.0,7300
2023-10-25 14:45:00+09:00,2415.0,2415.0,2411.0,2411.0,2411.0,6700
2023-10-25 14:46:00+09:00,2413.0,2413.0,2411.0,2412.0,2412.0,4200
2023-10-25 14:47:00+09:00,2413.0,2415.0,2410.0,2410.0,2410.0,16900
2023-10-25 14:48:00+09:00,2411.0,2411.0,2408.0,2409.0,2409.0,10200
2023-10-25 14:49:00+09:00,2410.0,2413.0,2410.0,2412.0,2412.0,6100
2023-10-25 14:50:00+09:00,2412.0,2420.0,2411.0,2418.0,2418.0,14800
2023-10-25 14:51:00+09:00,2418.0,2419.0,2415.0,2415.0,2415.0,6800
2023-10-25 14:52:00+09:00,2416.0,2417.0,2414.0,2415.0,2415.0,6400
2023-10-25 14:53:00+09:00,2416.0,2422.0,2416.0,2420.0,2420.0,16600
2023-10-25 14:54:00+09:00,2420.0,2425.0,2419.0,2423.0,2423.0,27700
2023-10-25 14:55:00+09:00,2422.0,2427.0,2422.0,2426.0,2426.0,15700
2023-10-25 14:56:00+09:00,2425.0,2427.0,2424.0,2427.0,2427.0,7700
2023-10-25 14:57:00+09:00,2427.0,2431.0,2425.0,2430.0,2430.0,32400
2023-10-25 14:58:00+09:00,2430.0,2431.0,2426.0,2428.0,2428.0,11600
2023-10-25 14:59:00+09:00,2427.0,2429.0,2420.0,2420.0,2420.0,31700
2023-10-26 09:03:00+09:00,2322.0,2357.0,2318.0,2325.0,2325.0,229500
2023-10-26 09:04:00+09:00,2325.0,2339.0,2311.0,2311.0,2311.0,81800
2023-10-26 09:05:00+09:00,2311.0,2318.0,2303.0,2315.0,2315.0,45100
2023-10-26 09:06:00+09:00,2314.0,2336.0,2312.0,2330.0,2330.0,51800
2023-10-26 09:07:00+09:00,2330.0,2332.0,2317.0,2323.0,2323.0,41100
2023-10-26 09:08:00+09:00,2322.0,2325.0,2316.0,2323.0,2323.0,39600
2023-10-26 09:09:00+09:00,2323.0,2323.0,2308.0,2314.0,2314.0,65800
2023-10-26 09:10:00+09:00,2314.0,2316.0,2301.0,2304.0,2304.0,86700
2023-10-26 09:11:00+09:00,2305.0,2313.0,2300.0,2313.0,2313.0,40100
2023-10-26 09:12:00+09:00,2312.0,2335.0,2309.0,2330.0,2330.0,62900
2023-10-26 09:13:00+09:00,2329.0,2331.0,2321.0,2325.0,2325.0,41400
2023-10-26 09:14:00+09:00,2326.0,2336.0,2324.0,2334.0,2334.0,36800
2023-10-26 09:15:00+09:00,2334.0,2335.0,2324.0,2327.0,2327.0,34500
2023-10-26 09:16:00+09:00,2326.0,2331.0,2320.0,2325.0,2325.0,53100
2023-10-26 09:17:00+09:00,2325.0,2327.0,2315.0,2324.0,2324.0,31500
2023-10-26 09:18:00+09:00,2323.0,2329.0,2319.0,2319.0,2319.0,20100
2023-10-26 09:19:00+09:00,2320.0,2323.0,2315.0,2316.0,2316.0,17400
2023-10-26 09:20:00+09:00,2315.0,2315.0,2310.0,2313.0,2313.0,32900
2023-10-26 09:21:00+09:00,2312.0,2313.0,2308.0,2310.0,2310.0,20300
2023-10-26 09:22:00+09:00,2311.0,2314.0,2308.0,2310.0,2310.0,15300
2023-10-26 09:23:00+09:00,2310.0,2320.0,2310.0,2319.0,2319.0,20700
2023-10-26 09:24:00+09:00,2320.0,2323.0,2318.0,2322.0,2322.0,25200
2023-10-26 09:25:00+09:00,2322.0,2327.0,2321.0,2325.0,2325.0,28300
2023-10-26 09:26:00+09:00,2327.0,2330.0,2326.0,2327.0,2327.0,26200
2023-10-26 09:27:00+09:00,2328.0,2331.0,2327.0,2328.0,2328.0,26900
2023-10-26 09:28:00+09:00,2327.0,2329.0,2325.0,2328.0,2328.0,13500
2023-10-26 09:29:00+09:00,2328.0,2328.0,2316.0,2321.0,2321.0,18500
2023-10-26 09:30:00+09:00,2321.0,2321.0,2314.0,2319.0,2319.0,22800
2023-10-26 09:31:00+09:00,2319.0,2321.0,2317.0,2318.0,2318.0,15900
2023-10-26 09:32:00+09:00,2318.0,2325.0,2318.0,2321.0,2321.0,10800
2023-10-26 09:33:00+09:00,2322.0,2323.0,2318.0,2322.0,2322.0,6200
2023-10-26 09:34:00+09:00,2321.0,2321.0,2312.0,2313.0,2313.0,16400
2023-10-26 09:35:00+09:00,2313.0,2318.0,2312.0,2318.0,2318.0,8000
2023-10-26 09:36:00+09:00,2319.0,2326.0,2319.0,2323.0,2323.0,10900
2023-10-26 09:37:00+09:00,2325.0,2334.0,2325.0,2332.0,2332.0,43400
2023-10-26 09:38:00+09:00,2332.0,2339.0,2332.0,2337.0,2337.0,23200
2023-10-26 09:39:00+09:00,2337.0,2337.0,2329.0,2329.0,2329.0,12500
2023-10-26 09:40:00+09:00,2328.0,2328.0,2322.0,2328.0,2328.0,13900
2023-10-26 09:41:00+09:00,2329.0,2332.0,2326.0,2332.0,2332.0,18500
2023-10-26 09:42:00+09:00,2333.0,2339.0,2333.0,2335.0,2335.0,13000
2023-10-26 09:43:00+09:00,2335.0,2338.0,2334.0,2335.0,2335.0,11700
2023-10-26 09:44:00+09:00,2335.0,2336.0,2327.0,2332.0,2332.0,22700
2023-10-26 09:45:00+09:00,2332.0,2335.0,2327.0,2329.0,2329.0,15900
2023-10-26 09:47:00+09:00,2332.0,2332.0,2329.0,2331.0,2331.0,22000
2023-10-26 09:48:00+09:00,2331.0,2332.0,2328.0,2332.0,2332.0,9500
2023-10-26 09:49:00+09:00,2331.0,2335.0,2331.0,2334.0,2334.0,5500
2023-10-26 09:50:00+09:00,2334.0,2334.0,2332.0,2333.0,2333.0,6400
2023-10-26 09:51:00+09:00,2332.0,2332.0,2328.0,2331.0,2331.0,11100
2023-10-26 09:52:00+09:00,2331.0,2342.0,2331.0,2336.0,2336.0,25400
2023-10-26 09:53:00+09:00,2335.0,2337.0,2335.0,2335.0,2335.0,6100
2023-10-26 09:54:00+09:00,2334.0,2334.0,2331.0,2333.0,2333.0,8700
2023-10-26 09:55:00+09:00,2332.0,2332.0,2331.0,2332.0,2332.0,2300
2023-10-26 09:56:00+09:00,2332.0,2332.0,2329.0,2329.0,2329.0,34100
2023-10-26 09:59:00+09:00,2338.0,2341.0,2333.0,2337.0,2337.0,49200
2023-10-26 10:00:00+09:00,2336.0,2341.0,2335.0,2340.0,2340.0,10400
2023-10-26 10:01:00+09:00,2339.0,2352.0,2337.0,2350.0,2350.0,63900
2023-10-26 10:02:00+09:00,2350.0,2350.0,2341.0,2345.0,2345.0,24200
2023-10-26 10:03:00+09:00,2345.0,2345.0,2342.0,2343.0,2343.0,13700
2023-10-26 10:04:00+09:00,2343.0,2344.0,2335.0,2339.0,2339.0,25000
2023-10-26 10:05:00+09:00,2339.0,2344.0,2339.0,2344.0,2344.0,12000
2023-10-26 10:06:00+09:00,2342.0,2344.0,2342.0,2343.0,2343.0,11200
2023-10-26 10:07:00+09:00,2343.0,2344.0,2340.0,2344.0,2344.0,5200
2023-10-26 10:08:00+09:00,2343.0,2345.0,2340.0,2344.0,2344.0,16000
2023-10-26 10:10:00+09:00,2344.0,2346.0,2344.0,2345.0,2345.0,18600
2023-10-26 10:11:00+09:00,2345.0,2345.0,2342.0,2343.0,2343.0,10700
2023-10-26 10:13:00+09:00,2341.0,2344.0,2338.0,2344.0,2344.0,26200
2023-10-26 10:14:00+09:00,2343.0,2344.0,2340.0,2344.0,2344.0,11600
2023-10-26 10:15:00+09:00,2344.0,2347.0,2343.0,2347.0,2347.0,17700
2023-10-26 10:16:00+09:00,2347.0,2350.0,2346.0,2346.0,2346.0,17300
2023-10-26 10:17:00+09:00,2347.0,2347.0,2341.0,2342.0,2342.0,15500
2023-10-26 10:18:00+09:00,2343.0,2347.0,2341.0,2342.0,2342.0,13400
2023-10-26 10:19:00+09:00,2343.0,2343.0,2337.0,2339.0,2339.0,19200
2023-10-26 10:20:00+09:00,2339.0,2340.0,2335.0,2338.0,2338.0,16100
2023-10-26 10:21:00+09:00,2337.0,2337.0,2334.0,2334.0,2334.0,6400
2023-10-26 10:22:00+09:00,2327.0,2327.0,2326.0,2327.0,2327.0,51000
2023-10-26 10:23:00+09:00,2327.0,2327.0,2323.0,2323.0,2323.0,5600
2023-10-26 10:24:00+09:00,2329.0,2331.0,2328.0,2328.0,2328.0,16300
2023-10-26 10:25:00+09:00,2328.0,2329.0,2326.0,2327.0,2327.0,9500
2023-10-26 10:26:00+09:00,2327.0,2330.0,2326.0,2326.0,2326.0,5500
2023-10-26 10:27:00+09:00,2326.0,2331.0,2326.0,2330.0,2330.0,7700
2023-10-26 10:28:00+09:00,2329.0,2330.0,2329.0,2330.0,2330.0,1800
2023-10-26 10:29:00+09:00,2329.0,2330.0,2329.0,2330.0,2330.0,3300
2023-10-26 10:30:00+09:00,2329.0,2337.0,2329.0,2334.0,2334.0,20800
2023-10-26 10:31:00+09:00,2335.0,2342.0,2334.0,2335.0,2335.0,21700
2023-10-26 10:32:00+09:00,2334.0,2334.0,2331.0,2331.0,2331.0,7800
2023-10-26 10:33:00+09:00,2331.0,2338.0,2331.0,2335.0,2335.0,7600
2023-10-26 10:34:00+09:00,2334.0,2337.0,2334.0,2337.0,2337.0,3300
2023-10-26 10:35:00+09:00,2336.0,2342.0,2335.0,2342.0,2342.0,14200
2023-10-26 10:36:00+09:00,2342.0,2343.0,2339.0,2339.0,2339.0,11600
2023-10-26 10:37:00+09:00,2338.0,2342.0,2338.0,2342.0,2342.0,7800
2023-10-26 10:38:00+09:00,2342.0,2350.0,2342.0,2349.0,2349.0,38400
2023-10-26 10:39:00+09:00,2350.0,2351.0,2345.0,2345.0,2345.0,17700
2023-10-26 10:40:00+09:00,2345.0,2348.0,2344.0,2345.0,2345.0,9800
2023-10-26 10:41:00+09:00,2346.0,2347.0,2343.0,2345.0,2345.0,5400
2023-10-26 10:42:00+09:00,2345.0,2347.0,2344.0,2345.0,2345.0,3600
2023-10-26 10:43:00+09:00,2346.0,2347.0,2345.0,2346.0,2346.0,9700
2023-10-26 10:44:00+09:00,2345.0,2345.0,2343.0,2344.0,2344.0,3800
2023-10-26 10:45:00+09:00,2343.0,2346.0,2342.0,2345.0,2345.0,18200
2023-10-26 10:46:00+09:00,2344.0,2345.0,2343.0,2344.0,2344.0,5000
2023-10-26 10:47:00+09:00,2344.0,2348.0,2344.0,2347.0,2347.0,6300
2023-10-26 10:48:00+09:00,2347.0,2351.0,2346.0,2348.0,2348.0,19000
2023-10-26 10:49:00+09:00,2347.0,2347.0,2344.0,2345.0,2345.0,5500
2023-10-26 10:50:00+09:00,2346.0,2348.0,2342.0,2345.0,2345.0,10400
2023-10-26 10:51:00+09:00,2345.0,2346.0,2342.0,2342.0,2342.0,3300
2023-10-26 10:52:00+09:00,2343.0,2346.0,2341.0,2341.0,2341.0,19300
2023-10-26 10:53:00+09:00,2341.0,2344.0,2337.0,2339.0,2339.0,40800
2023-10-26 10:54:00+09:00,2339.0,2339.0,2332.0,2334.0,2334.0,16300
2023-10-26 10:55:00+09:00,2335.0,2336.0,2332.0,2333.0,2333.0,5400
2023-10-26 10:56:00+09:00,2332.0,2337.0,2332.0,2337.0,2337.0,8600
2023-10-26 10:57:00+09:00,2338.0,2343.0,2338.0,2340.0,2340.0,10000
2023-10-26 10:58:00+09:00,2339.0,2343.0,2339.0,2341.0,2341.0,5200
2023-10-26 10:59:00+09:00,2340.0,2343.0,2339.0,2339.0,2339.0,5200
2023-10-26 11:00:00+09:00,2340.0,2343.0,2340.0,2340.0,2340.0,5200
2023-10-26 11:01:00+09:00,2340.0,2341.0,2336.0,2341.0,2341.0,8100
2023-10-26 11:02:00+09:00,2340.0,2340.0,2339.0,2339.0,2339.0,2800
2023-10-26 11:03:00+09:00,2338.0,2338.0,2332.0,2334.0,2334.0,11500
2023-10-26 11:04:00+09:00,2334.0,2334.0,2330.0,2330.0,2330.0,25200
2023-10-26 11:05:00+09:00,2330.0,2333.0,2330.0,2330.0,2330.0,7100
2023-10-26 11:06:00+09:00,2330.0,2331.0,2329.0,2330.0,2330.0,7000
2023-10-26 11:07:00+09:00,2330.0,2332.0,2324.0,2326.0,2326.0,38100
2023-10-26 11:08:00+09:00,2326.0,2326.0,2323.0,2324.0,2324.0,8200
2023-10-26 11:09:00+09:00,2325.0,2325.0,2322.0,2323.0,2323.0,8300
2023-10-26 11:10:00+09:00,2322.0,2323.0,2320.0,2322.0,2322.0,25400
2023-10-26 11:11:00+09:00,2322.0,2323.0,2321.0,2321.0,2321.0,10200
2023-10-26 11:12:00+09:00,2321.0,2321.0,2316.0,2316.0,2316.0,20100
2023-10-26 11:13:00+09:00,2316.0,2320.0,2316.0,2319.0,2319.0,11900
2023-10-26 11:14:00+09:00,2318.0,2319.0,2317.0,2319.0,2319.0,5100
2023-10-26 11:15:00+09:00,2320.0,2325.0,2320.0,2323.0,2323.0,13700
2023-10-26 11:16:00+09:00,2323.0,2325.0,2323.0,2325.0,2325.0,3800
2023-10-26 11:17:00+09:00,2324.0,2328.0,2323.0,2327.0,2327.0,13300
2023-10-26 11:18:00+09:00,2325.0,2328.0,2325.0,2327.0,2327.0,1700
2023-10-26 11:19:00+09:00,2327.0,2327.0,2324.0,2325.0,2325.0,4800
2023-10-26 11:20:00+09:00,2325.0,2325.0,2322.0,2323.0,2323.0,4700
2023-10-26 11:21:00+09:00,2323.0,2323.0,2320.0,2320.0,2320.0,2300
2023-10-26 11:22:00+09:00,2320.0,2324.0,2320.0,2322.0,2322.0,7400
2023-10-26 11:23:00+09:00,2322.0,2323.0,2322.0,2322.0,2322.0,1900
2023-10-26 11:24:00+09:00,2322.0,2323.0,2322.0,2322.0,2322.0,1400
2023-10-26 11:25:00+09:00,2321.0,2324.0,2321.0,2324.0,2324.0,4100
2023-10-26 11:26:00+09:00,2325.0,2327.0,2325.0,2325.0,2325.0,2100
2023-10-26 11:27:00+09:00,2324.0,2324.0,2322.0,2322.0,2322.0,4100
2023-10-26 11:28:00+09:00,2321.0,2322.0,2321.0,2322.0,2322.0,400
2023-10-26 11:30:00+09:00,2325.0,2325.0,2325.0,2325.0,2325.0,0
2023-10-26 11:35:00+09:00,2325.0,2325.0,2325.0,2325.0,2325.0,0
2023-10-26 12:30:00+09:00,2326.0,2333.0,2326.0,2328.0,2328.0,2780800
2023-10-26 12:31:00+09:00,2328.0,2328.0,2318.0,2321.0,2321.0,51600
2023-10-26 12:32:00+09:00,2321.0,2325.0,2320.0,2324.0,2324.0,5400
2023-10-26 12:34:00+09:00,2324.0,2326.0,2323.0,2326.0,2326.0,9400
2023-10-26 12:35:00+09:00,2327.0,2333.0,2327.0,2330.0,2330.0,13000
2023-10-26 12:36:00+09:00,2331.0,2335.0,2331.0,2335.0,2335.0,10100
2023-10-26 12:37:00+09:00,2334.0,2336.0,2332.0,2332.0,2332.0,5200
2023-10-26 12:38:00+09:00,2333.0,2339.0,2333.0,2337.0,2337.0,14500
2023-10-26 12:39:00+09:00,2338.0,2339.0,2337.0,2338.0,2338.0,6400
2023-10-26 12:40:00+09:00,2338.0,2338.0,2337.0,2337.0,2337.0,4800
2023-10-26 12:41:00+09:00,2338.0,2339.0,2333.0,2336.0,2336.0,11300
2023-10-26 12:42:00+09:00,2336.0,2336.0,2334.0,2335.0,2335.0,900
2023-10-26 12:43:00+09:00,2335.0,2336.0,2335.0,2336.0,2336.0,3800
2023-10-26 12:44:00+09:00,2335.0,2335.0,2333.0,2333.0,2333.0,4400
2023-10-26 12:45:00+09:00,2334.0,2335.0,2332.0,2332.0,2332.0,6600
2023-10-26 12:46:00+09:00,2333.0,2333.0,2326.0,2328.0,2328.0,21600
2023-10-26 12:47:00+09:00,2329.0,2330.0,2326.0,2329.0,2329.0,6300
2023-10-26 12:48:00+09:00,2329.0,2329.0,2327.0,2327.0,2327.0,800
2023-10-26 12:49:00+09:00,2328.0,2330.0,2326.0,2329.0,2329.0,5800
2023-10-26 12:50:00+09:00,2329.0,2333.0,2329.0,2333.0,2333.0,7600
2023-10-26 12:51:00+09:00,2333.0,2335.0,2333.0,2334.0,2334.0,4600
2023-10-26 12:52:00+09:00,2333.0,2334.0,2331.0,2331.0,2331.0,2700
2023-10-26 12:53:00+09:00,2332.0,2335.0,2332.0,2335.0,2335.0,3600
2023-10-26 12:54:00+09:00,2335.0,2335.0,2334.0,2334.0,2334.0,900
2023-10-26 12:55:00+09:00,2334.0,2336.0,2334.0,2335.0,2335.0,3900
2023-10-26 12:56:00+09:00,2334.0,2334.0,2333.0,2334.0,2334.0,4100
2023-10-26 12:57:00+09:00,2334.0,2335.0,2333.0,2334.0,2334.0,1800
2023-10-26 12:58:00+09:00,2334.0,2335.0,2334.0,2335.0,2335.0,300
2023-10-26 12:59:00+09:00,2334.0,2334.0,2332.0,2334.0,2334.0,2600
2023-10-26 13:00:00+09:00,2334.0,2336.0,2334.0,2335.0,2335.0,4800
2023-10-26 13:01:00+09:00,2336.0,2336.0,2335.0,2335.0,2335.0,1500
2023-10-26 13:02:00+09:00,2335.0,2335.0,2331.0,2331.0,2331.0,4700
2023-10-26 13:03:00+09:00,2331.0,2331.0,2331.0,2331.0,2331.0,1400
2023-10-26 13:04:00+09:00,2331.0,2332.0,2331.0,2332.0,2332.0,1000
2023-10-26 13:05:00+09:00,2332.0,2335.0,2332.0,2335.0,2335.0,9400
2023-10-26 13:06:00+09:00,2335.0,2335.0,2333.0,2334.0,2334.0,4100
2023-10-26 13:07:00+09:00,2334.0,2334.0,2334.0,2334.0,2334.0,200
2023-10-26 13:08:00+09:00,2334.0,2334.0,2333.0,2333.0,2333.0,1200
2023-10-26 13:09:00+09:00,2333.0,2336.0,2333.0,2335.0,2335.0,9400
2023-10-26 13:10:00+09:00,2334.0,2334.0,2333.0,2334.0,2334.0,2500
2023-10-26 13:11:00+09:00,2334.0,2335.0,2333.0,2335.0,2335.0,5100
2023-10-26 13:12:00+09:00,2334.0,2335.0,2334.0,2335.0,2335.0,600
2023-10-26 13:13:00+09:00,2335.0,2335.0,2333.0,2334.0,2334.0,2600
2023-10-26 13:14:00+09:00,2334.0,2334.0,2333.0,2333.0,2333.0,1200
2023-10-26 13:15:00+09:00,2333.0,2333.0,2332.0,2332.0,2332.0,5700
2023-10-26 13:16:00+09:00,2333.0,2336.0,2333.0,2336.0,2336.0,7700
2023-10-26 13:17:00+09:00,2336.0,2336.0,2334.0,2336.0,2336.0,2300
2023-10-26 13:18:00+09:00,2336.0,2337.0,2335.0,2337.0,2337.0,3500
2023-10-26 13:19:00+09:00,2335.0,2336.0,2334.0,2335.0,2335.0,2200
2023-10-26 13:20:00+09:00,2336.0,2338.0,2336.0,2336.0,2336.0,13900
2023-10-26 13:21:00+09:00,2336.0,2337.0,2335.0,2337.0,2337.0,1500
2023-10-26 13:22:00+09:00,2337.0,2339.0,2333.0,2333.0,2333.0,13500
2023-10-26 13:23:00+09:00,2333.0,2334.0,2330.0,2332.0,2332.0,9200
2023-10-26 13:24:00+09:00,2331.0,2333.0,2331.0,2332.0,2332.0,5500
2023-10-26 13:25:00+09:00,2332.0,2334.0,2332.0,2334.0,2334.0,1800
2023-10-26 13:26:00+09:00,2333.0,2334.0,2331.0,2333.0,2333.0,4500
2023-10-26 13:27:00+09:00,2333.0,2333.0,2332.0,2332.0,2332.0,900
2023-10-26 13:28:00+09:00,2331.0,2331.0,2328.0,2330.0,2330.0,11100
2023-10-26 13:29:00+09:00,2330.0,2331.0,2330.0,2331.0,2331.0,2900
2023-10-26 13:30:00+09:00,2331.0,2333.0,2331.0,2333.0,2333.0,3000
2023-10-26 13:31:00+09:00,2333.0,2337.0,2333.0,2337.0,2337.0,4600
2023-10-26 13:32:00+09:00,2335.0,2335.0,2334.0,2334.0,2334.0,800
2023-10-26 13:33:00+09:00,2336.0,2336.0,2336.0,2336.0,2336.0,200
2023-10-26 13:34:00+09:00,2335.0,2335.0,2332.0,2333.0,2333.0,5300
2023-10-26 13:35:00+09:00,2333.0,2334.0,2332.0,2334.0,2334.0,1800
2023-10-26 13:36:00+09:00,2335.0,2336.0,2335.0,2336.0,2336.0,1300
2023-10-26 13:37:00+09:00,2336.0,2337.0,2335.0,2336.0,2336.0,1100
2023-10-26 13:38:00+09:00,2336.0,2336.0,2334.0,2334.0,2334.0,2800
2023-10-26 13:39:00+09:00,2333.0,2335.0,2333.0,2335.0,2335.0,500
2023-10-26 13:40:00+09:00,2335.0,2335.0,2334.0,2334.0,2334.0,600
2023-10-26 13:41:00+09:00,2335.0,2335.0,2335.0,2335.0,2335.0,0
2023-10-26 13:42:00+09:00,2335.0,2335.0,2335.0,2335.0,2335.0,3154600
2023-10-26 13:43:00+09:00,2335.0,2335.0,2334.0,2334.0,2334.0,4000
2023-10-26 13:44:00+09:00,2334.0,2335.0,2333.0,2334.0,2334.0,3500
2023-10-26 13:45:00+09:00,2334.0,2334.0,2333.0,2334.0,2334.0,1700
2023-10-26 13:46:00+09:00,2335.0,2335.0,2335.0,2335.0,2335.0,1200
2023-10-26 13:47:00+09:00,2335.0,2336.0,2335.0,2336.0,2336.0,2400
2023-10-26 13:48:00+09:00,2336.0,2336.0,2334.0,2335.0,2335.0,1400
2023-10-26 13:49:00+09:00,2334.0,2336.0,2334.0,2336.0,2336.0,6000
2023-10-26 13:50:00+09:00,2336.0,2338.0,2336.0,2338.0,2338.0,6600
2023-10-26 13:51:00+09:00,2337.0,2337.0,2337.0,2337.0,2337.0,3200
2023-10-26 13:52:00+09:00,2336.0,2336.0,2336.0,2336.0,2336.0,1100
2023-10-26 13:53:00+09:00,2336.0,2336.0,2336.0,2336.0,2336.0,5500
2023-10-26 13:54:00+09:00,2337.0,2339.0,2337.0,2339.0,2339.0,4300
2023-10-26 13:55:00+09:00,2339.0,2340.0,2338.0,2338.0,2338.0,8100
2023-10-26 13:56:00+09:00,2338.0,2338.0,2335.0,2338.0,2338.0,2700
2023-10-26 13:57:00+09:00,2338.0,2338.0,2338.0,2338.0,2338.0,0
2023-10-26 13:58:00+09:00,2337.0,2338.0,2337.0,2337.0,2337.0,3210600
2023-10-26 13:59:00+09:00,2337.0,2338.0,2337.0,2338.0,2338.0,2100
2023-10-26 14:00:00+09:00,2338.0,2338.0,2337.0,2338.0,2338.0,2100
2023-10-26 14:01:00+09:00,2338.0,2338.0,2337.0,2338.0,2338.0,2100
2023-10-26 14:02:00+09:00,2338.0,2338.0,2337.0,2338.0,2338.0,1000
2023-10-26 14:03:00+09:00,2337.0,2337.0,2335.0,2337.0,2337.0,3400
2023-10-26 14:04:00+09:00,2337.0,2337.0,2336.0,2336.0,2336.0,1200
2023-10-26 14:05:00+09:00,2336.0,2337.0,2336.0,2337.0,2337.0,1600
2023-10-26 14:06:00+09:00,2337.0,2340.0,2337.0,2339.0,2339.0,10700
2023-10-26 14:07:00+09:00,2339.0,2344.0,2339.0,2343.0,2343.0,21900
2023-10-26 14:08:00+09:00,2343.0,2343.0,2341.0,2342.0,2342.0,1900
2023-10-26 14:09:00+09:00,2342.0,2342.0,2341.0,2342.0,2342.0,2100
2023-10-26 14:10:00+09:00,2340.0,2347.0,2340.0,2344.0,2344.0,25600
2023-10-26 14:11:00+09:00,2342.0,2342.0,2336.0,2339.0,2339.0,13400
2023-10-26 14:12:00+09:00,2339.0,2339.0,2337.0,2338.0,2338.0,3500
2023-10-26 14:13:00+09:00,2339.0,2339.0,2337.0,2337.0,2337.0,1300
2023-10-26 14:14:00+09:00,2337.0,2338.0,2337.0,2338.0,2338.0,3400
2023-10-26 14:15:00+09:00,2338.0,2340.0,2338.0,2340.0,2340.0,2900
2023-10-26 14:16:00+09:00,2339.0,2339.0,2339.0,2339.0,2339.0,900
2023-10-26 14:17:00+09:00,2339.0,2339.0,2334.0,2335.0,2335.0,13100
2023-10-26 14:18:00+09:00,2335.0,2335.0,2335.0,2335.0,2335.0,1700
2023-10-26 14:19:00+09:00,2334.0,2334.0,2334.0,2334.0,2334.0,2300
2023-10-26 14:20:00+09:00,2334.0,2336.0,2334.0,2336.0,2336.0,5400
2023-10-26 14:21:00+09:00,2336.0,2336.0,2334.0,2334.0,2334.0,4900
2023-10-26 14:22:00+09:00,2334.0,2335.0,2334.0,2335.0,2335.0,1000
2023-10-26 14:23:00+09:00,2334.0,2336.0,2334.0,2334.0,2334.0,2700
2023-10-26 14:24:00+09:00,2334.0,2334.0,2334.0,2334.0,2334.0,1200
2023-10-26 14:25:00+09:00,2333.0,2333.0,2328.0,2331.0,2331.0,27000
2023-10-26 14:26:00+09:00,2332.0,2332.0,2328.0,2331.0,2331.0,6000
2023-10-26 14:27:00+09:00,2331.0,2332.0,2330.0,2331.0,2331.0,3600
2023-10-26 14:28:00+09:00,2331.0,2332.0,2330.0,2331.0,2331.0,2200
2023-10-26 14:29:00+09:00,2330.0,2332.0,2329.0,2331.0,2331.0,5800
2023-10-26 14:30:00+09:00,2331.0,2331.0,2328.0,2328.0,2328.0,4800
2023-10-26 14:31:00+09:00,2329.0,2329.0,2328.0,2328.0,2328.0,800
2023-10-26 14:32:00+09:00,2327.0,2328.0,2326.0,2328.0,2328.0,4500
2023-10-26 14:33:00+09:00,2328.0,2329.0,2326.0,2328.0,2328.0,6700
2023-10-26 14:34:00+09:00,2327.0,2327.0,2326.0,2326.0,2326.0,1300
2023-10-26 14:35:00+09:00,2326.0,2326.0,2322.0,2324.0,2324.0,17400
2023-10-26 14:36:00+09:00,2324.0,2328.0,2321.0,2325.0,2325.0,21500
2023-10-26 14:37:00+09:00,2325.0,2326.0,2325.0,2325.0,2325.0,2900
2023-10-26 14:38:00+09:00,2326.0,2327.0,2326.0,2327.0,2327.0,4600
2023-10-26 14:39:00+09:00,2327.0,2328.0,2326.0,2326.0,2326.0,3900
2023-10-26 14:40:00+09:00,2326.0,2326.0,2324.0,2324.0,2324.0,2600
2023-10-26 14:41:00+09:00,2324.0,2325.0,2323.0,2325.0,2325.0,4800
2023-10-26 14:42:00+09:00,2324.0,2326.0,2324.0,2326.0,2326.0,1700
2023-10-26 14:43:00+09:00,2325.0,2325.0,2324.0,2325.0,2325.0,2900
2023-10-26 14:44:00+09:00,2326.0,2328.0,2326.0,2327.0,2327.0,4600
2023-10-26 14:45:00+09:00,2327.0,2328.0,2327.0,2328.0,2328.0,3800
2023-10-26 14:46:00+09:00,2329.0,2332.0,2328.0,2331.0,2331.0,20400
2023-10-26 14:47:00+09:00,2331.0,2336.0,2331.0,2335.0,2335.0,8900
2023-10-26 14:48:00+09:00,2336.0,2337.0,2333.0,2333.0,2333.0,11600
2023-10-26 14:49:00+09:00,2333.0,2335.0,2333.0,2333.0,2333.0,3100
2023-10-26 14:50:00+09:00,2334.0,2335.0,2334.0,2334.0,2334.0,3100
2023-10-26 14:51:00+09:00,2335.0,2335.0,2331.0,2331.0,2331.0,6800
2023-10-26 14:52:00+09:00,2332.0,2335.0,2332.0,2335.0,2335.0,3700
2023-10-26 14:53:00+09:00,2335.0,2335.0,2333.0,2334.0,2334.0,2500
2023-10-26 14:54:00+09:00,2333.0,2335.0,2333.0,2335.0,2335.0,2700
2023-10-26 14:55:00+09:00,2335.0,2336.0,2334.0,2336.0,2336.0,4300
2023-10-26 14:56:00+09:00,2335.0,2335.0,2333.0,2334.0,2334.0,4100
2023-10-26 14:57:00+09:00,2334.0,2335.0,2332.0,2335.0,2335.0,8800
2023-10-26 14:58:00+09:00,2335.0,2336.0,2333.0,2334.0,2334.0,8600
2023-10-26 14:59:00+09:00,2334.0,2335.0,2328.0,2328.0,2328.0,30000
2023-10-27 09:00:00+09:00,2343.0,2355.0,2341.0,2348.0,2348.0,79200
2023-10-27 09:01:00+09:00,2347.0,2351.0,2337.0,2349.0,2349.0,56800
2023-10-27 09:02:00+09:00,2348.0,2348.0,2331.0,2338.0,2338.0,49500
2023-10-27 09:03:00+09:00,2339.0,2340.0,2333.0,2335.0,2335.0,17200
2023-10-27 09:04:00+09:00,2336.0,2336.0,2327.0,2333.0,2333.0,26600
2023-10-27 09:05:00+09:00,2332.0,2333.0,2323.0,2324.0,2324.0,37000
2023-10-27 09:06:00+09:00,2325.0,2328.0,2321.0,2321.0,2321.0,24000
2023-10-27 09:07:00+09:00,2321.0,2321.0,2316.0,2316.0,2316.0,36800
2023-10-27 09:08:00+09:00,2317.0,2319.0,2310.0,2316.0,2316.0,36800
2023-10-27 09:09:00+09:00,2315.0,2318.0,2314.0,2318.0,2318.0,10200
2023-10-27 09:10:00+09:00,2319.0,2328.0,2316.0,2325.0,2325.0,25300
2023-10-27 09:11:00+09:00,2325.0,2326.0,2313.0,2313.0,2313.0,23700
2023-10-27 09:12:00+09:00,2314.0,2322.0,2313.0,2322.0,2322.0,14100
2023-10-27 09:13:00+09:00,2320.0,2321.0,2316.0,2318.0,2318.0,14300
2023-10-27 09:14:00+09:00,2318.0,2326.0,2315.0,2326.0,2326.0,18500
2023-10-27 09:15:00+09:00,2325.0,2326.0,2322.0,2326.0,2326.0,11000
2023-10-27 09:16:00+09:00,2325.0,2326.0,2318.0,2320.0,2320.0,17900
2023-10-27 09:17:00+09:00,2320.0,2320.0,2316.0,2316.0,2316.0,9800
2023-10-27 09:18:00+09:00,2317.0,2320.0,2316.0,2319.0,2319.0,5900
2023-10-27 09:19:00+09:00,2318.0,2322.0,2318.0,2322.0,2322.0,7000
2023-10-27 09:20:00+09:00,2322.0,2328.0,2319.0,2327.0,2327.0,22100
2023-10-27 09:21:00+09:00,2325.0,2331.0,2324.0,2329.0,2329.0,21000
2023-10-27 09:22:00+09:00,2328.0,2329.0,2326.0,2326.0,2326.0,5800
2023-10-27 09:23:00+09:00,2326.0,2329.0,2325.0,2327.0,2327.0,11700
2023-10-27 09:24:00+09:00,2328.0,2328.0,2323.0,2324.0,2324.0,16200
2023-10-27 09:25:00+09:00,2323.0,2327.0,2322.0,2324.0,2324.0,8100
2023-10-27 09:26:00+09:00,2324.0,2325.0,2323.0,2324.0,2324.0,4900
2023-10-27 09:27:00+09:00,2324.0,2332.0,2323.0,2332.0,2332.0,19300
2023-10-27 09:28:00+09:00,2332.0,2332.0,2328.0,2332.0,2332.0,5500
2023-10-27 09:29:00+09:00,2333.0,2336.0,2332.0,2336.0,2336.0,30600
2023-10-27 09:30:00+09:00,2336.0,2339.0,2334.0,2337.0,2337.0,16100
2023-10-27 09:31:00+09:00,2337.0,2345.0,2337.0,2344.0,2344.0,36200
2023-10-27 09:32:00+09:00,2342.0,2347.0,2342.0,2343.0,2343.0,37700
2023-10-27 09:33:00+09:00,2344.0,2344.0,2332.0,2338.0,2338.0,35500
2023-10-27 09:34:00+09:00,2338.0,2342.0,2338.0,2341.0,2341.0,10300
2023-10-27 09:35:00+09:00,2341.0,2341.0,2334.0,2336.0,2336.0,16600
2023-10-27 09:36:00+09:00,2336.0,2340.0,2331.0,2336.0,2336.0,21800
2023-10-27 09:37:00+09:00,2335.0,2340.0,2332.0,2333.0,2333.0,15100
2023-10-27 09:38:00+09:00,2334.0,2335.0,2332.0,2333.0,2333.0,3300
2023-10-27 09:39:00+09:00,2334.0,2339.0,2332.0,2336.0,2336.0,11100
2023-10-27 09:40:00+09:00,2335.0,2342.0,2334.0,2336.0,2336.0,14600
2023-10-27 09:41:00+09:00,2335.0,2341.0,2335.0,2339.0,2339.0,8100
2023-10-27 09:42:00+09:00,2339.0,2340.0,2338.0,2340.0,2340.0,2900
2023-10-27 09:43:00+09:00,2340.0,2340.0,2338.0,2340.0,2340.0,5800
2023-10-27 09:44:00+09:00,2340.0,2343.0,2338.0,2341.0,2341.0,17700
2023-10-27 09:45:00+09:00,2341.0,2351.0,2341.0,2349.0,2349.0,29900
2023-10-27 09:46:00+09:00,2350.0,2354.0,2349.0,2351.0,2351.0,20100
2023-10-27 09:47:00+09:00,2352.0,2355.0,2352.0,2353.0,2353.0,12600
2023-10-27 09:48:00+09:00,2354.0,2355.0,2346.0,2346.0,2346.0,20900
2023-10-27 09:49:00+09:00,2347.0,2352.0,2347.0,2350.0,2350.0,12500
2023-10-27 09:50:00+09:00,2352.0,2354.0,2350.0,2352.0,2352.0,7400
2023-10-27 09:51:00+09:00,2351.0,2352.0,2350.0,2351.0,2351.0,7200
2023-10-27 09:52:00+09:00,2351.0,2351.0,2347.0,2347.0,2347.0,16900
2023-10-27 09:53:00+09:00,2347.0,2348.0,2343.0,2347.0,2347.0,13700
2023-10-27 09:54:00+09:00,2347.0,2349.0,2346.0,2346.0,2346.0,6300
2023-10-27 09:55:00+09:00,2347.0,2347.0,2344.0,2346.0,2346.0,6000
2023-10-27 09:56:00+09:00,2346.0,2348.0,2345.0,2347.0,2347.0,9300
2023-10-27 09:58:00+09:00,2346.0,2348.0,2345.0,2346.0,2346.0,8700
2023-10-27 09:59:00+09:00,2347.0,2350.0,2347.0,2350.0,2350.0,7200
2023-10-27 10:00:00+09:00,2350.0,2353.0,2347.0,2353.0,2353.0,12600
2023-10-27 10:01:00+09:00,2352.0,2361.0,2351.0,2357.0,2357.0,42600
2023-10-27 10:02:00+09:00,2358.0,2360.0,2356.0,2356.0,2356.0,7300
2023-10-27 10:03:00+09:00,2356.0,2359.0,2356.0,2358.0,2358.0,5700
2023-10-27 10:04:00+09:00,2358.0,2358.0,2356.0,2358.0,2358.0,3900
2023-10-27 10:05:00+09:00,2359.0,2360.0,2358.0,2360.0,2360.0,9300
2023-10-27 10:06:00+09:00,2360.0,2362.0,2359.0,2360.0,2360.0,11600
2023-10-27 10:07:00+09:00,2361.0,2364.0,2360.0,2364.0,2364.0,7600
2023-10-27 10:08:00+09:00,2364.0,2364.0,2362.0,2362.0,2362.0,5900
2023-10-27 10:09:00+09:00,2360.0,2363.0,2360.0,2362.0,2362.0,13900
2023-10-27 10:10:00+09:00,2363.0,2364.0,2362.0,2362.0,2362.0,5300
2023-10-27 10:11:00+09:00,2361.0,2364.0,2361.0,2363.0,2363.0,7900
2023-10-27 10:12:00+09:00,2362.0,2363.0,2357.0,2359.0,2359.0,10000
2023-10-27 10:13:00+09:00,2359.0,2359.0,2358.0,2358.0,2358.0,4400
2023-10-27 10:14:00+09:00,2358.0,2359.0,2358.0,2359.0,2359.0,3300
2023-10-27 10:15:00+09:00,2359.0,2359.0,2354.0,2357.0,2357.0,15000
2023-10-27 10:16:00+09:00,2356.0,2358.0,2355.0,2356.0,2356.0,6000
2023-10-27 10:17:00+09:00,2356.0,2360.0,2355.0,2359.0,2359.0,7100
2023-10-27 10:18:00+09:00,2360.0,2360.0,2358.0,2358.0,2358.0,6000
2023-10-27 10:19:00+09:00,2359.0,2362.0,2359.0,2361.0,2361.0,5600
2023-10-27 10:20:00+09:00,2361.0,2361.0,2358.0,2359.0,2359.0,4500
2023-10-27 10:21:00+09:00,2358.0,2364.0,2358.0,2361.0,2361.0,15300
2023-10-27 10:22:00+09:00,2360.0,2363.0,2360.0,2363.0,2363.0,3200
2023-10-27 10:23:00+09:00,2362.0,2366.0,2362.0,2365.0,2365.0,9000
2023-10-27 10:24:00+09:00,2365.0,2368.0,2364.0,2367.0,2367.0,12800
2023-10-27 10:25:00+09:00,2367.0,2368.0,2363.0,2364.0,2364.0,15900
2023-10-27 10:26:00+09:00,2365.0,2366.0,2364.0,2366.0,2366.0,7200
2023-10-27 10:27:00+09:00,2366.0,2369.0,2363.0,2363.0,2363.0,17400
2023-10-27 10:28:00+09:00,2363.0,2365.0,2362.0,2365.0,2365.0,3600
2023-10-27 10:29:00+09:00,2366.0,2368.0,2366.0,2368.0,2368.0,4200
2023-10-27 10:30:00+09:00,2367.0,2367.0,2351.0,2356.0,2356.0,44900
2023-10-27 10:31:00+09:00,2355.0,2358.0,2354.0,2355.0,2355.0,7500
2023-10-27 10:32:00+09:00,2356.0,2357.0,2351.0,2354.0,2354.0,12500
2023-10-27 10:33:00+09:00,2353.0,2359.0,2352.0,2358.0,2358.0,15800
2023-10-27 10:34:00+09:00,2357.0,2358.0,2357.0,2357.0,2357.0,2600
2023-10-27 10:35:00+09:00,2357.0,2357.0,2352.0,2353.0,2353.0,5400
2023-10-27 10:36:00+09:00,2353.0,2355.0,2352.0,2353.0,2353.0,3000
2023-10-27 10:37:00+09:00,2354.0,2357.0,2354.0,2356.0,2356.0,9200
2023-10-27 10:38:00+09:00,2356.0,2356.0,2354.0,2354.0,2354.0,1700
2023-10-27 10:39:00+09:00,2354.0,2354.0,2351.0,2354.0,2354.0,7100
2023-10-27 10:40:00+09:00,2353.0,2355.0,2351.0,2354.0,2354.0,5600
2023-10-27 10:41:00+09:00,2354.0,2357.0,2354.0,2356.0,2356.0,3000
2023-10-27 10:42:00+09:00,2356.0,2358.0,2355.0,2356.0,2356.0,6300
2023-10-27 10:43:00+09:00,2356.0,2356.0,2351.0,2354.0,2354.0,4200
2023-10-27 10:44:00+09:00,2353.0,2354.0,2353.0,2354.0,2354.0,500
2023-10-27 10:45:00+09:00,2354.0,2354.0,2353.0,2353.0,2353.0,1000
2023-10-27 10:46:00+09:00,2352.0,2352.0,2346.0,2348.0,2348.0,16100
2023-10-27 10:47:00+09:00,2348.0,2350.0,2347.0,2350.0,2350.0,13900
2023-10-27 10:48:00+09:00,2350.0,2351.0,2350.0,2350.0,2350.0,4700
2023-10-27 10:49:00+09:00,2350.0,2352.0,2350.0,2351.0,2351.0,4300
2023-10-27 10:50:00+09:00,2352.0,2353.0,2351.0,2352.0,2352.0,4800
2023-10-27 10:51:00+09:00,2352.0,2353.0,2352.0,2352.0,2352.0,4100
2023-10-27 10:52:00+09:00,2352.0,2352.0,2351.0,2351.0,2351.0,1900
2023-10-27 10:53:00+09:00,2352.0,2353.0,2351.0,2351.0,2351.0,1200
2023-10-27 10:54:00+09:00,2352.0,2354.0,2352.0,2352.0,2352.0,4100
2023-10-27 10:55:00+09:00,2353.0,2353.0,2348.0,2348.0,2348.0,8600
2023-10-27 10:56:00+09:00,2348.0,2348.0,2346.0,2348.0,2348.0,4800
2023-10-27 10:57:00+09:00,2349.0,2351.0,2349.0,2350.0,2350.0,5100
2023-10-27 10:58:00+09:00,2351.0,2351.0,2349.0,2349.0,2349.0,3600
2023-10-27 10:59:00+09:00,2349.0,2350.0,2349.0,2350.0,2350.0,1200
2023-10-27 11:00:00+09:00,2350.0,2351.0,2346.0,2350.0,2350.0,10800
2023-10-27 11:01:00+09:00,2351.0,2352.0,2351.0,2352.0,2352.0,2900
2023-10-27 11:02:00+09:00,2351.0,2353.0,2349.0,2351.0,2351.0,5400
2023-10-27 11:03:00+09:00,2350.0,2350.0,2346.0,2348.0,2348.0,2600
2023-10-27 11:04:00+09:00,2348.0,2348.0,2347.0,2347.0,2347.0,800
2023-10-27 11:05:00+09:00,2347.0,2348.0,2347.0,2348.0,2348.0,2200
2023-10-27 11:06:00+09:00,2349.0,2351.0,2349.0,2350.0,2350.0,4300
2023-10-27 11:07:00+09:00,2350.0,2355.0,2350.0,2351.0,2351.0,11200
2023-10-27 11:08:00+09:00,2352.0,2353.0,2351.0,2352.0,2352.0,2600
2023-10-27 11:09:00+09:00,2352.0,2355.0,2352.0,2355.0,2355.0,4100
2023-10-27 11:10:00+09:00,2355.0,2357.0,2355.0,2356.0,2356.0,3900
2023-10-27 11:11:00+09:00,2357.0,2360.0,2356.0,2358.0,2358.0,13000
2023-10-27 11:12:00+09:00,2357.0,2357.0,2356.0,2356.0,2356.0,1200
2023-10-27 11:13:00+09:00,2355.0,2355.0,2355.0,2355.0,2355.0,5700
2023-10-27 11:14:00+09:00,2354.0,2355.0,2352.0,2355.0,2355.0,1800
2023-10-27 11:15:00+09:00,2355.0,2357.0,2355.0,2357.0,2357.0,1700
2023-10-27 11:16:00+09:00,2356.0,2356.0,2353.0,2355.0,2355.0,3000
2023-10-27 11:17:00+09:00,2355.0,2358.0,2355.0,2358.0,2358.0,4200
2023-10-27 11:18:00+09:00,2358.0,2362.0,2358.0,2362.0,2362.0,7500
2023-10-27 11:19:00+09:00,2361.0,2361.0,2358.0,2359.0,2359.0,2600
2023-10-27 11:20:00+09:00,2360.0,2360.0,2356.0,2356.0,2356.0,1700
2023-10-27 11:21:00+09:00,2357.0,2358.0,2357.0,2358.0,2358.0,1900
2023-10-27 11:22:00+09:00,2359.0,2360.0,2358.0,2359.0,2359.0,3900
2023-10-27 11:23:00+09:00,2360.0,2360.0,2358.0,2358.0,2358.0,2400
2023-10-27 11:24:00+09:00,2359.0,2361.0,2358.0,2359.0,2359.0,7000
2023-10-27 11:25:00+09:00,2359.0,2359.0,2354.0,2354.0,2354.0,8200
2023-10-27 11:26:00+09:00,2354.0,2355.0,2353.0,2354.0,2354.0,2300
2023-10-27 11:27:00+09:00,2354.0,2354.0,2348.0,2350.0,2350.0,16500
2023-10-27 11:28:00+09:00,2350.0,2351.0,2348.0,2350.0,2350.0,2100
2023-10-27 11:29:00+09:00,2351.0,2352.0,2351.0,2352.0,2352.0,2700
2023-10-27 11:30:00+09:00,2351.0,2351.0,2351.0,2351.0,2351.0,2300
2023-10-27 11:35:00+09:00,2351.0,2351.0,2351.0,2351.0,2351.0,0
2023-10-27 12:30:00+09:00,2356.0,2356.0,2335.0,2338.0,2338.0,1794900
2023-10-27 12:31:00+09:00,2338.0,2344.0,2338.0,2343.0,2343.0,13300
2023-10-27 12:32:00+09:00,2343.0,2345.0,2343.0,2345.0,2345.0,7100
2023-10-27 12:33:00+09:00,2344.0,2351.0,2343.0,2351.0,2351.0,20200
2023-10-27 12:34:00+09:00,2350.0,2354.0,2350.0,2353.0,2353.0,10300
2023-10-27 12:35:00+09:00,2354.0,2355.0,2352.0,2354.0,2354.0,5700
2023-10-27 12:36:00+09:00,2354.0,2358.0,2353.0,2353.0,2353.0,14000
2023-10-27 12:37:00+09:00,2352.0,2353.0,2350.0,2353.0,2353.0,5300
2023-10-27 12:38:00+09:00,2354.0,2355.0,2354.0,2355.0,2355.0,3800
2023-10-27 12:39:00+09:00,2355.0,2355.0,2354.0,2354.0,2354.0,1400
2023-10-27 12:40:00+09:00,2353.0,2355.0,2351.0,2352.0,2352.0,2300
2023-10-27 12:41:00+09:00,2353.0,2354.0,2350.0,2351.0,2351.0,3100
2023-10-27 12:42:00+09:00,2351.0,2352.0,2348.0,2348.0,2348.0,5000
2023-10-27 12:43:00+09:00,2348.0,2351.0,2348.0,2350.0,2350.0,3300
2023-10-27 12:44:00+09:00,2349.0,2349.0,2347.0,2348.0,2348.0,2100
2023-10-27 12:45:00+09:00,2348.0,2348.0,2342.0,2342.0,2342.0,17500
2023-10-27 12:46:00+09:00,2342.0,2346.0,2342.0,2345.0,2345.0,7900
2023-10-27 12:47:00+09:00,2346.0,2346.0,2345.0,2345.0,2345.0,2200
2023-10-27 12:48:00+09:00,2345.0,2346.0,2344.0,2346.0,2346.0,2900
2023-10-27 12:49:00+09:00,2345.0,2346.0,2344.0,2344.0,2344.0,1700
2023-10-27 12:50:00+09:00,2344.0,2346.0,2342.0,2342.0,2342.0,13000
2023-10-27 12:51:00+09:00,2342.0,2343.0,2341.0,2342.0,2342.0,6500
2023-10-27 12:52:00+09:00,2342.0,2343.0,2337.0,2339.0,2339.0,18500
2023-10-27 12:53:00+09:00,2338.0,2338.0,2333.0,2333.0,2333.0,10300
2023-10-27 12:54:00+09:00,2335.0,2338.0,2334.0,2336.0,2336.0,4300
2023-10-27 12:55:00+09:00,2337.0,2338.0,2337.0,2338.0,2338.0,4900
2023-10-27 12:56:00+09:00,2338.0,2340.0,2338.0,2339.0,2339.0,4100
2023-10-27 12:57:00+09:00,2339.0,2339.0,2336.0,2338.0,2338.0,4200
2023-10-27 12:58:00+09:00,2339.0,2342.0,2339.0,2341.0,2341.0,5300
2023-10-27 12:59:00+09:00,2341.0,2341.0,2340.0,2341.0,2341.0,1400
2023-10-27 13:00:00+09:00,2341.0,2343.0,2340.0,2340.0,2340.0,3300
2023-10-27 13:01:00+09:00,2340.0,2340.0,2336.0,2339.0,2339.0,6500
2023-10-27 13:02:00+09:00,2338.0,2340.0,2338.0,2339.0,2339.0,2100
2023-10-27 13:03:00+09:00,2339.0,2339.0,2338.0,2338.0,2338.0,3700
2023-10-27 13:04:00+09:00,2338.0,2338.0,2337.0,2337.0,2337.0,2300
2023-10-27 13:05:00+09:00,2337.0,2338.0,2335.0,2336.0,2336.0,5200
2023-10-27 13:06:00+09:00,2335.0,2338.0,2335.0,2338.0,2338.0,2500
2023-10-27 13:07:00+09:00,2337.0,2337.0,2336.0,2336.0,2336.0,1400
2023-10-27 13:08:00+09:00,2336.0,2337.0,2336.0,2337.0,2337.0,1800
2023-10-27 13:09:00+09:00,2337.0,2338.0,2337.0,2338.0,2338.0,3600
2023-10-27 13:10:00+09:00,2338.0,2338.0,2333.0,2335.0,2335.0,11800
2023-10-27 13:11:00+09:00,2334.0,2335.0,2331.0,2332.0,2332.0,10500
2023-10-27 13:12:00+09:00,2332.0,2332.0,2326.0,2329.0,2329.0,20400
2023-10-27 13:13:00+09:00,2328.0,2330.0,2326.0,2327.0,2327.0,11000
2023-10-27 13:14:00+09:00,2327.0,2328.0,2325.0,2327.0,2327.0,9200
2023-10-27 13:15:00+09:00,2327.0,2330.0,2325.0,2326.0,2326.0,12600
2023-10-27 13:16:00+09:00,2326.0,2326.0,2322.0,2324.0,2324.0,30800
2023-10-27 13:17:00+09:00,2324.0,2324.0,2322.0,2324.0,2324.0,6000
2023-10-27 13:18:00+09:00,2324.0,2325.0,2324.0,2325.0,2325.0,6700
2023-10-27 13:19:00+09:00,2325.0,2327.0,2324.0,2327.0,2327.0,6200
2023-10-27 13:20:00+09:00,2326.0,2328.0,2326.0,2327.0,2327.0,8200
2023-10-27 13:21:00+09:00,2326.0,2326.0,2325.0,2325.0,2325.0,5000
2023-10-27 13:22:00+09:00,2325.0,2326.0,2323.0,2323.0,2323.0,11600
2023-10-27 13:23:00+09:00,2323.0,2324.0,2323.0,2324.0,2324.0,2600
2023-10-27 13:24:00+09:00,2325.0,2326.0,2325.0,2325.0,2325.0,5000
2023-10-27 13:25:00+09:00,2326.0,2327.0,2323.0,2323.0,2323.0,8400
2023-10-27 13:26:00+09:00,2323.0,2324.0,2320.0,2324.0,2324.0,14800
2023-10-27 13:27:00+09:00,2324.0,2324.0,2321.0,2322.0,2322.0,6400
2023-10-27 13:28:00+09:00,2322.0,2323.0,2322.0,2322.0,2322.0,3000
2023-10-27 13:29:00+09:00,2323.0,2324.0,2322.0,2324.0,2324.0,1400
2023-10-27 13:30:00+09:00,2323.0,2330.0,2323.0,2329.0,2329.0,10500
2023-10-27 13:31:00+09:00,2329.0,2329.0,2327.0,2327.0,2327.0,8700
2023-10-27 13:32:00+09:00,2328.0,2331.0,2328.0,2329.0,2329.0,10700
2023-10-27 13:33:00+09:00,2329.0,2329.0,2328.0,2328.0,2328.0,3000
2023-10-27 13:34:00+09:00,2329.0,2330.0,2329.0,2330.0,2330.0,3700
2023-10-27 13:35:00+09:00,2331.0,2331.0,2328.0,2330.0,2330.0,3700
2023-10-27 13:36:00+09:00,2330.0,2330.0,2326.0,2326.0,2326.0,6100
2023-10-27 13:37:00+09:00,2327.0,2331.0,2327.0,2329.0,2329.0,6800
2023-10-27 13:38:00+09:00,2328.0,2330.0,2328.0,2330.0,2330.0,1400
2023-10-27 13:39:00+09:00,2329.0,2331.0,2328.0,2330.0,2330.0,5200
2023-10-27 13:40:00+09:00,2329.0,2330.0,2328.0,2328.0,2328.0,4800
2023-10-27 13:42:00+09:00,2328.0,2330.0,2328.0,2328.0,2328.0,9100
2023-10-27 13:43:00+09:00,2327.0,2327.0,2327.0,2327.0,2327.0,0
2023-10-27 13:44:00+09:00,2327.0,2328.0,2327.0,2328.0,2328.0,2302800
2023-10-27 13:45:00+09:00,2327.0,2329.0,2327.0,2327.0,2327.0,1800
2023-10-27 13:46:00+09:00,2327.0,2327.0,2322.0,2323.0,2323.0,14400
2023-10-27 13:47:00+09:00,2323.0,2324.0,2323.0,2323.0,2323.0,2600
2023-10-27 13:48:00+09:00,2324.0,2324.0,2322.0,2322.0,2322.0,5700
2023-10-27 13:49:00+09:00,2323.0,2325.0,2321.0,2321.0,2321.0,13100
2023-10-27 13:50:00+09:00,2321.0,2321.0,2321.0,2321.0,2321.0,900
2023-10-27 13:51:00+09:00,2318.0,2319.0,2318.0,2318.0,2318.0,37300
2023-10-27 13:52:00+09:00,2318.0,2318.0,2317.0,2318.0,2318.0,5600
2023-10-27 13:53:00+09:00,2318.0,2319.0,2318.0,2318.0,2318.0,3800
2023-10-27 13:54:00+09:00,2318.0,2320.0,2318.0,2320.0,2320.0,4000
2023-10-27 13:55:00+09:00,2320.0,2320.0,2319.0,2319.0,2319.0,6900
2023-10-27 13:56:00+09:00,2320.0,2321.0,2320.0,2320.0,2320.0,5000
2023-10-27 13:57:00+09:00,2320.0,2321.0,2319.0,2321.0,2321.0,3100
2023-10-27 13:58:00+09:00,2321.0,2324.0,2321.0,2323.0,2323.0,10500
2023-10-27 13:59:00+09:00,2323.0,2327.0,2320.0,2325.0,2325.0,22900
2023-10-27 14:00:00+09:00,2325.0,2325.0,2324.0,2324.0,2324.0,9500
2023-10-27 14:01:00+09:00,2323.0,2324.0,2320.0,2322.0,2322.0,13700
2023-10-27 14:02:00+09:00,2323.0,2325.0,2323.0,2325.0,2325.0,4400
2023-10-27 14:03:00+09:00,2325.0,2325.0,2324.0,2324.0,2324.0,3000
2023-10-27 14:04:00+09:00,2325.0,2327.0,2325.0,2326.0,2326.0,4300
2023-10-27 14:05:00+09:00,2325.0,2327.0,2325.0,2326.0,2326.0,4900
2023-10-27 14:06:00+09:00,2325.0,2326.0,2324.0,2326.0,2326.0,2500
2023-10-27 14:07:00+09:00,2325.0,2325.0,2324.0,2325.0,2325.0,3000
2023-10-27 14:08:00+09:00,2324.0,2324.0,2308.0,2310.0,2310.0,65000
2023-10-27 14:09:00+09:00,2310.0,2314.0,2310.0,2312.0,2312.0,8900
2023-10-27 14:10:00+09:00,2313.0,2315.0,2312.0,2313.0,2313.0,7100
2023-10-27 14:11:00+09:00,2313.0,2315.0,2312.0,2315.0,2315.0,6900
2023-10-27 14:12:00+09:00,2315.0,2316.0,2313.0,2314.0,2314.0,11900
2023-10-27 14:13:00+09:00,2314.0,2315.0,2313.0,2314.0,2314.0,4200
2023-10-27 14:14:00+09:00,2314.0,2315.0,2311.0,2311.0,2311.0,13200
2023-10-27 14:15:00+09:00,2312.0,2314.0,2311.0,2314.0,2314.0,3100
2023-10-27 14:16:00+09:00,2314.0,2316.0,2313.0,2315.0,2315.0,3100
2023-10-27 14:17:00+09:00,2316.0,2316.0,2311.0,2311.0,2311.0,5100
2023-10-27 14:18:00+09:00,2312.0,2313.0,2312.0,2313.0,2313.0,2900
2023-10-27 14:19:00+09:00,2313.0,2315.0,2313.0,2314.0,2314.0,2800
2023-10-27 14:20:00+09:00,2314.0,2315.0,2314.0,2315.0,2315.0,2400
2023-10-27 14:21:00+09:00,2314.0,2316.0,2313.0,2316.0,2316.0,2600
2023-10-27 14:22:00+09:00,2315.0,2315.0,2311.0,2313.0,2313.0,7100
2023-10-27 14:23:00+09:00,2312.0,2313.0,2310.0,2310.0,2310.0,12400
2023-10-27 14:24:00+09:00,2310.0,2311.0,2309.0,2311.0,2311.0,12800
2023-10-27 14:25:00+09:00,2313.0,2315.0,2312.0,2315.0,2315.0,5600
2023-10-27 14:26:00+09:00,2316.0,2319.0,2315.0,2317.0,2317.0,9500
2023-10-27 14:27:00+09:00,2316.0,2316.0,2314.0,2316.0,2316.0,2500
2023-10-27 14:28:00+09:00,2316.0,2317.0,2316.0,2316.0,2316.0,4200
2023-10-27 14:29:00+09:00,2317.0,2320.0,2317.0,2319.0,2319.0,7100
2023-10-27 14:30:00+09:00,2319.0,2319.0,2317.0,2319.0,2319.0,3400
2023-10-27 14:31:00+09:00,2319.0,2321.0,2319.0,2321.0,2321.0,6000
2023-10-27 14:32:00+09:00,2320.0,2320.0,2316.0,2318.0,2318.0,5600
2023-10-27 14:33:00+09:00,2318.0,2318.0,2317.0,2317.0,2317.0,800
2023-10-27 14:34:00+09:00,2317.0,2319.0,2317.0,2319.0,2319.0,3100
2023-10-27 14:35:00+09:00,2319.0,2319.0,2317.0,2317.0,2317.0,5200
2023-10-27 14:36:00+09:00,2317.0,2318.0,2317.0,2318.0,2318.0,1200
2023-10-27 14:37:00+09:00,2317.0,2317.0,2316.0,2317.0,2317.0,5200
2023-10-27 14:38:00+09:00,2316.0,2316.0,2315.0,2315.0,2315.0,900
2023-10-27 14:39:00+09:00,2315.0,2318.0,2315.0,2318.0,2318.0,3900
2023-10-27 14:40:00+09:00,2318.0,2319.0,2317.0,2318.0,2318.0,4000
2023-10-27 14:41:00+09:00,2318.0,2318.0,2318.0,2318.0,2318.0,100
2023-10-27 14:42:00+09:00,2319.0,2319.0,2317.0,2317.0,2317.0,3400
2023-10-27 14:43:00+09:00,2318.0,2319.0,2318.0,2318.0,2318.0,2500
2023-10-27 14:44:00+09:00,2318.0,2318.0,2318.0,2318.0,2318.0,900
2023-10-27 14:45:00+09:00,2317.0,2317.0,2316.0,2316.0,2316.0,5000
2023-10-27 14:46:00+09:00,2317.0,2317.0,2314.0,2314.0,2314.0,6500
2023-10-27 14:47:00+09:00,2313.0,2314.0,2310.0,2314.0,2314.0,12200
2023-10-27 14:48:00+09:00,2314.0,2314.0,2312.0,2312.0,2312.0,1700
2023-10-27 14:49:00+09:00,2313.0,2316.0,2313.0,2314.0,2314.0,6500
2023-10-27 14:50:00+09:00,2315.0,2319.0,2315.0,2318.0,2318.0,8900
2023-10-27 14:51:00+09:00,2319.0,2319.0,2317.0,2318.0,2318.0,3100
2023-10-27 14:52:00+09:00,2318.0,2318.0,2317.0,2318.0,2318.0,1600
2023-10-27 14:53:00+09:00,2318.0,2322.0,2318.0,2320.0,2320.0,10600
2023-10-27 14:54:00+09:00,2321.0,2322.0,2320.0,2320.0,2320.0,5100
2023-10-27 14:55:00+09:00,2321.0,2321.0,2317.0,2317.0,2317.0,9600
2023-10-27 14:56:00+09:00,2317.0,2321.0,2317.0,2320.0,2320.0,12200
2023-10-27 14:57:00+09:00,2319.0,2322.0,2319.0,2321.0,2321.0,12500
2023-10-27 14:58:00+09:00,2322.0,2322.0,2320.0,2321.0,2321.0,5300
2023-10-27 14:59:00+09:00,2320.0,2322.0,2317.0,2322.0,2322.0,25700
