Datetime,Open,High,Low,Close,Adj Close,Volume
2023-10-04 09:03:00+09:00,3715.0,3815.0,3710.0,3800.0,3800.0,0
2023-10-04 09:04:00+09:00,3790.0,3795.0,3770.0,3770.0,3770.0,3400
2023-10-04 09:05:00+09:00,3770.0,3775.0,3760.0,3765.0,3765.0,2300
2023-10-04 09:06:00+09:00,3770.0,3805.0,3770.0,3795.0,3795.0,2200
2023-10-04 09:07:00+09:00,3785.0,3800.0,3785.0,3795.0,3795.0,1800
2023-10-04 09:08:00+09:00,3790.0,3790.0,3765.0,3765.0,3765.0,5000
2023-10-04 09:09:00+09:00,3765.0,3810.0,3760.0,3810.0,3810.0,3700
2023-10-04 09:10:00+09:00,3810.0,3815.0,3785.0,3805.0,3805.0,4300
2023-10-04 09:11:00+09:00,3805.0,3805.0,3770.0,3775.0,3775.0,2300
2023-10-04 09:13:00+09:00,3780.0,3790.0,3775.0,3790.0,3790.0,800
2023-10-04 09:14:00+09:00,3790.0,3790.0,3770.0,3780.0,3780.0,1500
2023-10-04 09:15:00+09:00,3780.0,3805.0,3780.0,3800.0,3800.0,5100
2023-10-04 09:16:00+09:00,3805.0,3810.0,3800.0,3800.0,3800.0,2400
2023-10-04 09:17:00+09:00,3795.0,3795.0,3785.0,3785.0,3785.0,800
2023-10-04 09:18:00+09:00,3785.0,3795.0,3780.0,3795.0,3795.0,1300
2023-10-04 09:19:00+09:00,3795.0,3820.0,3795.0,3820.0,3820.0,2600
2023-10-04 09:20:00+09:00,3815.0,3820.0,3815.0,3820.0,3820.0,800
2023-10-04 09:21:00+09:00,3815.0,3815.0,3800.0,3800.0,3800.0,400
2023-10-04 09:22:00+09:00,3810.0,3815.0,3810.0,3815.0,3815.0,300
2023-10-04 09:23:00+09:00,3805.0,3805.0,3800.0,3800.0,3800.0,400
2023-10-04 09:24:00+09:00,3805.0,3805.0,3805.0,3805.0,3805.0,400
2023-10-04 09:25:00+09:00,3800.0,3810.0,3800.0,3810.0,3810.0,600
2023-10-04 09:26:00+09:00,3810.0,3810.0,3810.0,3810.0,3810.0,500
2023-10-04 09:27:00+09:00,3810.0,3820.0,3810.0,3820.0,3820.0,900
2023-10-04 09:28:00+09:00,3825.0,3830.0,3825.0,3830.0,3830.0,500
2023-10-04 09:29:00+09:00,3825.0,3840.0,3825.0,3840.0,3840.0,2900
2023-10-04 09:30:00+09:00,3835.0,3835.0,3810.0,3815.0,3815.0,2100
2023-10-04 09:31:00+09:00,3820.0,3820.0,3815.0,3815.0,3815.0,200
2023-10-04 09:32:00+09:00,3810.0,3815.0,3810.0,3810.0,3810.0,1300
2023-10-04 09:33:00+09:00,3810.0,3815.0,3810.0,3810.0,3810.0,1100
2023-10-04 09:34:00+09:00,3810.0,3810.0,3795.0,3795.0,3795.0,2500
2023-10-04 09:35:00+09:00,3795.0,3795.0,3790.0,3790.0,3790.0,700
2023-10-04 09:36:00+09:00,3790.0,3790.0,3790.0,3790.0,3790.0,300
2023-10-04 09:37:00+09:00,3800.0,3805.0,3800.0,3805.0,3805.0,500
2023-10-04 09:38:00+09:00,3800.0,3810.0,3800.0,3810.0,3810.0,200
2023-10-04 09:42:00+09:00,3800.0,3800.0,3795.0,3795.0,3795.0,700
2023-10-04 09:43:00+09:00,3795.0,3795.0,3795.0,3795.0,3795.0,400
2023-10-04 09:44:00+09:00,3795.0,3795.0,3770.0,3770.0,3770.0,8300
2023-10-04 09:45:00+09:00,3775.0,3775.0,3765.0,3765.0,3765.0,200
2023-10-04 09:46:00+09:00,3765.0,3770.0,3765.0,3770.0,3770.0,900
2023-10-04 09:47:00+09:00,3775.0,3775.0,3770.0,3770.0,3770.0,900
2023-10-04 09:48:00+09:00,3770.0,3770.0,3770.0,3770.0,3770.0,200
2023-10-04 09:49:00+09:00,3770.0,3780.0,3765.0,3780.0,3780.0,1000
2023-10-04 09:50:00+09:00,3785.0,3785.0,3785.0,3785.0,3785.0,400
2023-10-04 09:51:00+09:00,3795.0,3810.0,3795.0,3810.0,3810.0,1500
2023-10-04 09:52:00+09:00,3810.0,3815.0,3810.0,3815.0,3815.0,800
2023-10-04 09:54:00+09:00,3815.0,3815.0,3795.0,3795.0,3795.0,1700
2023-10-04 09:56:00+09:00,3810.0,3815.0,3810.0,3815.0,3815.0,600
2023-10-04 09:57:00+09:00,3820.0,3820.0,3820.0,3820.0,3820.0,300
2023-10-04 09:59:00+09:00,3820.0,3820.0,3805.0,3805.0,3805.0,900
2023-10-04 10:01:00+09:00,3800.0,3800.0,3800.0,3800.0,3800.0,100
2023-10-04 10:03:00+09:00,3800.0,3800.0,3800.0,3800.0,3800.0,300
2023-10-04 10:04:00+09:00,3800.0,3800.0,3800.0,3800.0,3800.0,200
2023-10-04 10:06:00+09:00,3790.0,3795.0,3790.0,3795.0,3795.0,300
2023-10-04 10:08:00+09:00,3795.0,3795.0,3795.0,3795.0,3795.0,200
2023-10-04 10:10:00+09:00,3790.0,3795.0,3790.0,3795.0,3795.0,300
2023-10-04 10:11:00+09:00,3800.0,3805.0,3800.0,3800.0,3800.0,900
2023-10-04 10:12:00+09:00,3785.0,3785.0,3785.0,3785.0,3785.0,1500
2023-10-04 10:13:00+09:00,3780.0,3780.0,3770.0,3770.0,3770.0,1800
2023-10-04 10:14:00+09:00,3770.0,3770.0,3765.0,3765.0,3765.0,600
2023-10-04 10:15:00+09:00,3765.0,3765.0,3755.0,3755.0,3755.0,1200
2023-10-04 10:16:00+09:00,3760.0,3760.0,3745.0,3755.0,3755.0,2800
2023-10-04 10:17:00+09:00,3760.0,3760.0,3750.0,3750.0,3750.0,2600
2023-10-04 10:18:00+09:00,3750.0,3755.0,3750.0,3755.0,3755.0,2300
2023-10-04 10:19:00+09:00,3750.0,3750.0,3745.0,3745.0,3745.0,1200
2023-10-04 10:20:00+09:00,3740.0,3745.0,3740.0,3740.0,3740.0,800
2023-10-04 10:21:00+09:00,3740.0,3740.0,3740.0,3740.0,3740.0,300
2023-10-04 10:22:00+09:00,3745.0,3745.0,3730.0,3735.0,3735.0,1400
2023-10-04 10:23:00+09:00,3735.0,3745.0,3735.0,3745.0,3745.0,1600
2023-10-04 10:24:00+09:00,3745.0,3745.0,3745.0,3745.0,3745.0,300
2023-10-04 10:25:00+09:00,3745.0,3760.0,3745.0,3760.0,3760.0,2900
2023-10-04 10:26:00+09:00,3755.0,3760.0,3755.0,3760.0,3760.0,200
2023-10-04 10:27:00+09:00,3760.0,3760.0,3755.0,3755.0,3755.0,800
2023-10-04 10:29:00+09:00,3755.0,3755.0,3745.0,3745.0,3745.0,1300
2023-10-04 10:30:00+09:00,3745.0,3745.0,3740.0,3740.0,3740.0,600
2023-10-04 10:31:00+09:00,3745.0,3745.0,3745.0,3745.0,3745.0,100
2023-10-04 10:32:00+09:00,3740.0,3740.0,3720.0,3720.0,3720.0,2400
2023-10-04 10:33:00+09:00,3725.0,3725.0,3665.0,3705.0,3705.0,21600
2023-10-04 10:34:00+09:00,3710.0,3710.0,3705.0,3710.0,3710.0,1200
2023-10-04 10:35:00+09:00,3705.0,3705.0,3695.0,3695.0,3695.0,1900
2023-10-04 10:36:00+09:00,3690.0,3700.0,3690.0,3700.0,3700.0,1200
2023-10-04 10:37:00+09:00,3705.0,3710.0,3705.0,3710.0,3710.0,700
2023-10-04 10:38:00+09:00,3715.0,3715.0,3705.0,3715.0,3715.0,500
2023-10-04 10:39:00+09:00,3710.0,3715.0,3710.0,3710.0,3710.0,800
2023-10-04 10:40:00+09:00,3715.0,3715.0,3715.0,3715.0,3715.0,100
2023-10-04 10:41:00+09:00,3710.0,3710.0,3700.0,3710.0,3710.0,1700
2023-10-04 10:42:00+09:00,3710.0,3710.0,3705.0,3705.0,3705.0,800
2023-10-04 10:43:00+09:00,3705.0,3705.0,3700.0,3700.0,3700.0,700
2023-10-04 10:44:00+09:00,3700.0,3710.0,3700.0,3710.0,3710.0,1300
2023-10-04 10:45:00+09:00,3705.0,3705.0,3700.0,3705.0,3705.0,1200
2023-10-04 10:46:00+09:00,3705.0,3705.0,3700.0,3705.0,3705.0,300
2023-10-04 10:48:00+09:00,3710.0,3710.0,3710.0,3710.0,3710.0,300
2023-10-04 10:49:00+09:00,3710.0,3710.0,3710.0,3710.0,3710.0,100
2023-10-04 10:50:00+09:00,3715.0,3715.0,3710.0,3710.0,3710.0,700
2023-10-04 10:51:00+09:00,3715.0,3735.0,3715.0,3735.0,3735.0,1800
2023-10-04 10:52:00+09:00,3740.0,3740.0,3740.0,3740.0,3740.0,400
2023-10-04 10:53:00+09:00,3735.0,3735.0,3735.0,3735.0,3735.0,500
2023-10-04 10:54:00+09:00,3735.0,3735.0,3735.0,3735.0,3735.0,600
2023-10-04 10:55:00+09:00,3735.0,3745.0,3730.0,3735.0,3735.0,1900
2023-10-04 10:56:00+09:00,3740.0,3740.0,3740.0,3740.0,3740.0,100
2023-10-04 10:57:00+09:00,3740.0,3740.0,3730.0,3730.0,3730.0,900
2023-10-04 10:58:00+09:00,3730.0,3730.0,3725.0,3725.0,3725.0,200
2023-10-04 10:59:00+09:00,3725.0,3725.0,3725.0,3725.0,3725.0,100
2023-10-04 11:00:00+09:00,3725.0,3730.0,3720.0,3730.0,3730.0,1800
2023-10-04 11:01:00+09:00,3730.0,3730.0,3725.0,3725.0,3725.0,200
2023-10-04 11:02:00+09:00,3725.0,3725.0,3725.0,3725.0,3725.0,600
2023-10-04 11:03:00+09:00,3720.0,3720.0,3710.0,3720.0,3720.0,1300
2023-10-04 11:04:00+09:00,3720.0,3720.0,3720.0,3720.0,3720.0,200
2023-10-04 11:05:00+09:00,3715.0,3715.0,3715.0,3715.0,3715.0,400
2023-10-04 11:07:00+09:00,3715.0,3715.0,3710.0,3715.0,3715.0,500
2023-10-04 11:08:00+09:00,3720.0,3720.0,3720.0,3720.0,3720.0,100
2023-10-04 11:09:00+09:00,3710.0,3710.0,3710.0,3710.0,3710.0,100
2023-10-04 11:10:00+09:00,3710.0,3710.0,3710.0,3710.0,3710.0,300
2023-10-04 11:12:00+09:00,3710.0,3710.0,3710.0,3710.0,3710.0,600
2023-10-04 11:14:00+09:00,3710.0,3710.0,3710.0,3710.0,3710.0,100
2023-10-04 11:15:00+09:00,3715.0,3720.0,3710.0,3715.0,3715.0,1100
2023-10-04 11:16:00+09:00,3710.0,3710.0,3705.0,3705.0,3705.0,1400
2023-10-04 11:17:00+09:00,3705.0,3705.0,3700.0,3700.0,3700.0,400
2023-10-04 11:18:00+09:00,3700.0,3710.0,3700.0,3710.0,3710.0,700
2023-10-04 11:20:00+09:00,3705.0,3710.0,3705.0,3710.0,3710.0,1100
2023-10-04 11:21:00+09:00,3715.0,3715.0,3710.0,3710.0,3710.0,200
2023-10-04 11:24:00+09:00,3715.0,3715.0,3715.0,3715.0,3715.0,400
2023-10-04 11:25:00+09:00,3720.0,3720.0,3720.0,3720.0,3720.0,0
2023-10-04 11:26:00+09:00,3710.0,3710.0,3710.0,3710.0,3710.0,213800
2023-10-04 11:28:00+09:00,3710.0,3715.0,3710.0,3710.0,3710.0,400
2023-10-04 11:29:00+09:00,3720.0,3720.0,3720.0,3720.0,3720.0,300
2023-10-04 11:30:00+09:00,3705.0,3705.0,3705.0,3705.0,3705.0,1800
2023-10-04 11:35:00+09:00,3705.0,3705.0,3705.0,3705.0,3705.0,0
2023-10-04 12:30:00+09:00,3720.0,3765.0,3715.0,3765.0,3765.0,234600
2023-10-04 12:31:00+09:00,3760.0,3765.0,3760.0,3760.0,3760.0,500
2023-10-04 12:32:00+09:00,3760.0,3765.0,3755.0,3760.0,3760.0,1900
2023-10-04 12:33:00+09:00,3755.0,3765.0,3750.0,3765.0,3765.0,1600
2023-10-04 12:34:00+09:00,3760.0,3760.0,3760.0,3760.0,3760.0,1200
2023-10-04 12:35:00+09:00,3755.0,3760.0,3750.0,3760.0,3760.0,700
2023-10-04 12:36:00+09:00,3775.0,3785.0,3775.0,3785.0,3785.0,2100
2023-10-04 12:37:00+09:00,3790.0,3800.0,3785.0,3795.0,3795.0,2300
2023-10-04 12:38:00+09:00,3785.0,3785.0,3785.0,3785.0,3785.0,1300
2023-10-04 12:39:00+09:00,3780.0,3780.0,3775.0,3775.0,3775.0,900
2023-10-04 12:40:00+09:00,3770.0,3770.0,3765.0,3765.0,3765.0,1300
2023-10-04 12:41:00+09:00,3755.0,3755.0,3750.0,3755.0,3755.0,800
2023-10-04 12:42:00+09:00,3745.0,3760.0,3745.0,3760.0,3760.0,600
2023-10-04 12:46:00+09:00,3750.0,3750.0,3750.0,3750.0,3750.0,200
2023-10-04 12:47:00+09:00,3750.0,3760.0,3750.0,3760.0,3760.0,3100
2023-10-04 12:48:00+09:00,3765.0,3765.0,3760.0,3760.0,3760.0,900
2023-10-04 12:49:00+09:00,3760.0,3760.0,3755.0,3755.0,3755.0,200
2023-10-04 12:50:00+09:00,3755.0,3760.0,3755.0,3755.0,3755.0,400
2023-10-04 12:51:00+09:00,3760.0,3760.0,3755.0,3755.0,3755.0,300
2023-10-04 12:52:00+09:00,3755.0,3755.0,3755.0,3755.0,3755.0,500
2023-10-04 12:54:00+09:00,3750.0,3750.0,3745.0,3750.0,3750.0,1000
2023-10-04 12:56:00+09:00,3750.0,3750.0,3750.0,3750.0,3750.0,100
2023-10-04 13:01:00+09:00,3750.0,3750.0,3750.0,3750.0,3750.0,100
2023-10-04 13:04:00+09:00,3750.0,3750.0,3750.0,3750.0,3750.0,100
2023-10-04 13:05:00+09:00,3750.0,3750.0,3750.0,3750.0,3750.0,100
2023-10-04 13:06:00+09:00,3750.0,3755.0,3750.0,3750.0,3750.0,1100
2023-10-04 13:07:00+09:00,3755.0,3755.0,3745.0,3745.0,3745.0,200
2023-10-04 13:08:00+09:00,3750.0,3750.0,3750.0,3750.0,3750.0,300
2023-10-04 13:09:00+09:00,3750.0,3750.0,3750.0,3750.0,3750.0,300
2023-10-04 13:11:00+09:00,3755.0,3760.0,3755.0,3760.0,3760.0,1700
2023-10-04 13:12:00+09:00,3750.0,3755.0,3745.0,3745.0,3745.0,1400
2023-10-04 13:13:00+09:00,3740.0,3740.0,3735.0,3735.0,3735.0,700
2023-10-04 13:14:00+09:00,3735.0,3735.0,3735.0,3735.0,3735.0,100
2023-10-04 13:15:00+09:00,3730.0,3740.0,3730.0,3730.0,3730.0,900
2023-10-04 13:16:00+09:00,3735.0,3735.0,3735.0,3735.0,3735.0,200
2023-10-04 13:17:00+09:00,3730.0,3730.0,3730.0,3730.0,3730.0,400
2023-10-04 13:18:00+09:00,3730.0,3735.0,3730.0,3735.0,3735.0,700
2023-10-04 13:19:00+09:00,3735.0,3735.0,3735.0,3735.0,3735.0,300
2023-10-04 13:20:00+09:00,3740.0,3745.0,3740.0,3745.0,3745.0,400
2023-10-04 13:21:00+09:00,3750.0,3750.0,3745.0,3745.0,3745.0,700
2023-10-04 13:22:00+09:00,3740.0,3745.0,3735.0,3745.0,3745.0,500
2023-10-04 13:24:00+09:00,3745.0,3745.0,3700.0,3705.0,3705.0,17100
2023-10-04 13:25:00+09:00,3710.0,3710.0,3695.0,3695.0,3695.0,4300
2023-10-04 13:26:00+09:00,3700.0,3700.0,3695.0,3700.0,3700.0,1800
2023-10-04 13:27:00+09:00,3705.0,3705.0,3700.0,3705.0,3705.0,800
2023-10-04 13:28:00+09:00,3700.0,3700.0,3690.0,3690.0,3690.0,4100
2023-10-04 13:29:00+09:00,3695.0,3705.0,3695.0,3705.0,3705.0,1300
2023-10-04 13:32:00+09:00,3700.0,3705.0,3700.0,3705.0,3705.0,600
2023-10-04 13:33:00+09:00,3715.0,3715.0,3715.0,3715.0,3715.0,300
2023-10-04 13:34:00+09:00,3720.0,3735.0,3720.0,3725.0,3725.0,1300
2023-10-04 13:35:00+09:00,3730.0,3750.0,3730.0,3750.0,3750.0,1600
2023-10-04 13:36:00+09:00,3760.0,3760.0,3740.0,3745.0,3745.0,5700
2023-10-04 13:37:00+09:00,3745.0,3745.0,3740.0,3740.0,3740.0,700
2023-10-04 13:38:00+09:00,3740.0,3745.0,3740.0,3745.0,3745.0,300
2023-10-04 13:40:00+09:00,3750.0,3750.0,3750.0,3750.0,3750.0,200
2023-10-04 13:41:00+09:00,3750.0,3750.0,3750.0,3750.0,3750.0,400
2023-10-04 13:42:00+09:00,3745.0,3755.0,3745.0,3755.0,3755.0,600
2023-10-04 13:43:00+09:00,3755.0,3755.0,3755.0,3755.0,3755.0,200
2023-10-04 13:45:00+09:00,3750.0,3750.0,3745.0,3745.0,3745.0,400
2023-10-04 13:46:00+09:00,3755.0,3755.0,3755.0,3755.0,3755.0,100
2023-10-04 13:47:00+09:00,3750.0,3755.0,3750.0,3755.0,3755.0,900
2023-10-04 13:48:00+09:00,3750.0,3750.0,3745.0,3745.0,3745.0,400
2023-10-04 13:49:00+09:00,3745.0,3745.0,3745.0,3745.0,3745.0,100
2023-10-04 13:51:00+09:00,3750.0,3750.0,3750.0,3750.0,3750.0,400
2023-10-04 13:53:00+09:00,3750.0,3750.0,3750.0,3750.0,3750.0,300
2023-10-04 13:55:00+09:00,3755.0,3760.0,3755.0,3760.0,3760.0,400
2023-10-04 13:57:00+09:00,3755.0,3755.0,3755.0,3755.0,3755.0,600
2023-10-04 13:58:00+09:00,3750.0,3750.0,3730.0,3730.0,3730.0,11000
2023-10-04 13:59:00+09:00,3740.0,3740.0,3740.0,3740.0,3740.0,100
2023-10-04 14:00:00+09:00,3735.0,3735.0,3735.0,3735.0,3735.0,200
2023-10-04 14:01:00+09:00,3730.0,3730.0,3710.0,3715.0,3715.0,5100
2023-10-04 14:02:00+09:00,3720.0,3720.0,3720.0,3720.0,3720.0,100
2023-10-04 14:03:00+09:00,3720.0,3720.0,3720.0,3720.0,3720.0,400
2023-10-04 14:04:00+09:00,3720.0,3725.0,3715.0,3720.0,3720.0,8100
2023-10-04 14:05:00+09:00,3725.0,3725.0,3700.0,3700.0,3700.0,4200
2023-10-04 14:06:00+09:00,3700.0,3720.0,3700.0,3715.0,3715.0,4600
2023-10-04 14:07:00+09:00,3710.0,3710.0,3710.0,3710.0,3710.0,500
2023-10-04 14:08:00+09:00,3710.0,3715.0,3710.0,3715.0,3715.0,200
2023-10-04 14:09:00+09:00,3720.0,3720.0,3720.0,3720.0,3720.0,100
2023-10-04 14:10:00+09:00,3720.0,3720.0,3720.0,3720.0,3720.0,100
2023-10-04 14:13:00+09:00,3715.0,3715.0,3715.0,3715.0,3715.0,400
2023-10-04 14:14:00+09:00,3720.0,3720.0,3715.0,3715.0,3715.0,300
2023-10-04 14:15:00+09:00,3710.0,3720.0,3710.0,3710.0,3710.0,1600
2023-10-04 14:17:00+09:00,3710.0,3710.0,3710.0,3710.0,3710.0,200
2023-10-04 14:18:00+09:00,3715.0,3715.0,3715.0,3715.0,3715.0,300
2023-10-04 14:19:00+09:00,3710.0,3710.0,3705.0,3705.0,3705.0,1400
2023-10-04 14:20:00+09:00,3705.0,3705.0,3705.0,3705.0,3705.0,200
2023-10-04 14:23:00+09:00,3705.0,3705.0,3705.0,3705.0,3705.0,100
2023-10-04 14:24:00+09:00,3705.0,3705.0,3700.0,3700.0,3700.0,2500
2023-10-04 14:25:00+09:00,3695.0,3695.0,3695.0,3695.0,3695.0,100
2023-10-04 14:26:00+09:00,3700.0,3700.0,3700.0,3700.0,3700.0,200
2023-10-04 14:27:00+09:00,3695.0,3695.0,3695.0,3695.0,3695.0,2500
2023-10-04 14:28:00+09:00,3695.0,3695.0,3695.0,3695.0,3695.0,200
2023-10-04 14:29:00+09:00,3695.0,3700.0,3695.0,3700.0,3700.0,200
2023-10-04 14:30:00+09:00,3700.0,3700.0,3695.0,3695.0,3695.0,600
2023-10-04 14:31:00+09:00,3700.0,3700.0,3700.0,3700.0,3700.0,400
2023-10-04 14:32:00+09:00,3705.0,3705.0,3705.0,3705.0,3705.0,1100
2023-10-04 14:33:00+09:00,3710.0,3710.0,3710.0,3710.0,3710.0,100
2023-10-04 14:34:00+09:00,3700.0,3700.0,3695.0,3695.0,3695.0,600
2023-10-04 14:35:00+09:00,3695.0,3695.0,3695.0,3695.0,3695.0,400
2023-10-04 14:36:00+09:00,3690.0,3690.0,3690.0,3690.0,3690.0,1700
2023-10-04 14:38:00+09:00,3690.0,3690.0,3690.0,3690.0,3690.0,400
2023-10-04 14:40:00+09:00,3690.0,3690.0,3670.0,3675.0,3675.0,1900
2023-10-04 14:41:00+09:00,3675.0,3675.0,3675.0,3675.0,3675.0,300
2023-10-04 14:42:00+09:00,3670.0,3675.0,3670.0,3675.0,3675.0,1600
2023-10-04 14:44:00+09:00,3675.0,3675.0,3670.0,3670.0,3670.0,1500
2023-10-04 14:45:00+09:00,3670.0,3675.0,3670.0,3675.0,3675.0,700
2023-10-04 14:46:00+09:00,3675.0,3675.0,3670.0,3670.0,3670.0,700
2023-10-04 14:48:00+09:00,3680.0,3685.0,3680.0,3685.0,3685.0,1400
2023-10-04 14:49:00+09:00,3680.0,3680.0,3680.0,3680.0,3680.0,1400
2023-10-04 14:50:00+09:00,3675.0,3675.0,3655.0,3655.0,3655.0,4300
2023-10-04 14:51:00+09:00,3655.0,3665.0,3655.0,3665.0,3665.0,500
2023-10-04 14:52:00+09:00,3675.0,3675.0,3670.0,3670.0,3670.0,400
2023-10-04 14:53:00+09:00,3665.0,3670.0,3665.0,3670.0,3670.0,600
2023-10-04 14:54:00+09:00,3670.0,3680.0,3665.0,3675.0,3675.0,2400
2023-10-04 14:55:00+09:00,3680.0,3685.0,3680.0,3685.0,3685.0,700
2023-10-04 14:56:00+09:00,3680.0,3685.0,3680.0,3680.0,3680.0,800
2023-10-04 14:57:00+09:00,3675.0,3675.0,3670.0,3675.0,3675.0,1800
2023-10-04 14:58:00+09:00,3675.0,3675.0,3670.0,3675.0,3675.0,2800
2023-10-04 14:59:00+09:00,3680.0,3685.0,3665.0,3665.0,3665.0,1600
2023-10-05 09:03:00+09:00,3775.0,3810.0,3775.0,3780.0,3780.0,23100
2023-10-05 09:04:00+09:00,3780.0,3780.0,3750.0,3775.0,3775.0,5400
2023-10-05 09:05:00+09:00,3775.0,3790.0,3765.0,3770.0,3770.0,2700
2023-10-05 09:06:00+09:00,3780.0,3780.0,3755.0,3755.0,3755.0,800
2023-10-05 09:07:00+09:00,3760.0,3765.0,3760.0,3765.0,3765.0,700
2023-10-05 09:08:00+09:00,3760.0,3760.0,3750.0,3760.0,3760.0,3000
2023-10-05 09:09:00+09:00,3755.0,3755.0,3730.0,3730.0,3730.0,1200
2023-10-05 09:10:00+09:00,3725.0,3730.0,3715.0,3725.0,3725.0,3900
2023-10-05 09:11:00+09:00,3730.0,3735.0,3730.0,3735.0,3735.0,400
2023-10-05 09:12:00+09:00,3745.0,3755.0,3735.0,3750.0,3750.0,5800
2023-10-05 09:13:00+09:00,3750.0,3750.0,3750.0,3750.0,3750.0,700
2023-10-05 09:14:00+09:00,3750.0,3765.0,3745.0,3745.0,3745.0,2700
2023-10-05 09:15:00+09:00,3740.0,3740.0,3735.0,3735.0,3735.0,1300
2023-10-05 09:16:00+09:00,3740.0,3765.0,3740.0,3765.0,3765.0,900
2023-10-05 09:17:00+09:00,3765.0,3775.0,3765.0,3770.0,3770.0,1600
2023-10-05 09:18:00+09:00,3775.0,3780.0,3775.0,3780.0,3780.0,800
2023-10-05 09:19:00+09:00,3780.0,3785.0,3765.0,3765.0,3765.0,1500
2023-10-05 09:20:00+09:00,3775.0,3780.0,3765.0,3775.0,3775.0,1700
2023-10-05 09:21:00+09:00,3770.0,3770.0,3755.0,3755.0,3755.0,1000
2023-10-05 09:22:00+09:00,3755.0,3760.0,3745.0,3745.0,3745.0,1600
2023-10-05 09:23:00+09:00,3745.0,3750.0,3745.0,3750.0,3750.0,400
2023-10-05 09:24:00+09:00,3750.0,3750.0,3750.0,3750.0,3750.0,300
2023-10-05 09:25:00+09:00,3755.0,3770.0,3755.0,3755.0,3755.0,3400
2023-10-05 09:26:00+09:00,3755.0,3755.0,3755.0,3755.0,3755.0,100
2023-10-05 09:27:00+09:00,3755.0,3765.0,3755.0,3755.0,3755.0,1100
2023-10-05 09:28:00+09:00,3755.0,3755.0,3755.0,3755.0,3755.0,400
2023-10-05 09:29:00+09:00,3750.0,3750.0,3745.0,3745.0,3745.0,1000
2023-10-05 09:30:00+09:00,3750.0,3755.0,3745.0,3745.0,3745.0,900
2023-10-05 09:31:00+09:00,3745.0,3745.0,3735.0,3740.0,3740.0,1700
2023-10-05 09:32:00+09:00,3735.0,3740.0,3735.0,3740.0,3740.0,200
2023-10-05 09:33:00+09:00,3740.0,3740.0,3735.0,3735.0,3735.0,300
2023-10-05 09:34:00+09:00,3735.0,3750.0,3735.0,3750.0,3750.0,1200
2023-10-05 09:35:00+09:00,3750.0,3750.0,3745.0,3750.0,3750.0,600
2023-10-05 09:36:00+09:00,3755.0,3760.0,3755.0,3755.0,3755.0,400
2023-10-05 09:37:00+09:00,3765.0,3770.0,3750.0,3750.0,3750.0,1400
2023-10-05 09:38:00+09:00,3745.0,3755.0,3745.0,3755.0,3755.0,900
2023-10-05 09:39:00+09:00,3755.0,3755.0,3745.0,3745.0,3745.0,300
2023-10-05 09:40:00+09:00,3745.0,3745.0,3745.0,3745.0,3745.0,300
2023-10-05 09:41:00+09:00,3750.0,3765.0,3750.0,3765.0,3765.0,400
2023-10-05 09:42:00+09:00,3750.0,3750.0,3750.0,3750.0,3750.0,300
2023-10-05 09:43:00+09:00,3755.0,3755.0,3755.0,3755.0,3755.0,300
2023-10-05 09:44:00+09:00,3750.0,3755.0,3750.0,3755.0,3755.0,1000
2023-10-05 09:45:00+09:00,3750.0,3750.0,3730.0,3735.0,3735.0,2900
2023-10-05 09:46:00+09:00,3735.0,3735.0,3730.0,3730.0,3730.0,500
2023-10-05 09:47:00+09:00,3725.0,3725.0,3720.0,3720.0,3720.0,1000
2023-10-05 09:48:00+09:00,3720.0,3725.0,3720.0,3720.0,3720.0,900
2023-10-05 09:49:00+09:00,3720.0,3720.0,3720.0,3720.0,3720.0,600
2023-10-05 09:50:00+09:00,3720.0,3730.0,3720.0,3720.0,3720.0,800
2023-10-05 09:51:00+09:00,3720.0,3720.0,3715.0,3715.0,3715.0,1600
2023-10-05 09:52:00+09:00,3720.0,3730.0,3720.0,3730.0,3730.0,900
2023-10-05 09:53:00+09:00,3725.0,3740.0,3725.0,3740.0,3740.0,300
2023-10-05 09:54:00+09:00,3745.0,3745.0,3740.0,3740.0,3740.0,700
2023-10-05 09:55:00+09:00,3735.0,3735.0,3735.0,3735.0,3735.0,100
2023-10-05 09:56:00+09:00,3735.0,3735.0,3735.0,3735.0,3735.0,900
2023-10-05 09:58:00+09:00,3735.0,3735.0,3735.0,3735.0,3735.0,200
2023-10-05 10:00:00+09:00,3720.0,3720.0,3720.0,3720.0,3720.0,0
2023-10-05 10:01:00+09:00,3720.0,3720.0,3720.0,3720.0,3720.0,90300
2023-10-05 10:02:00+09:00,3720.0,3725.0,3720.0,3720.0,3720.0,1000
2023-10-05 10:03:00+09:00,3715.0,3715.0,3710.0,3715.0,3715.0,1400
2023-10-05 10:04:00+09:00,3710.0,3710.0,3710.0,3710.0,3710.0,100
2023-10-05 10:05:00+09:00,3720.0,3720.0,3720.0,3720.0,3720.0,400
2023-10-05 10:06:00+09:00,3725.0,3740.0,3725.0,3740.0,3740.0,2400
2023-10-05 10:07:00+09:00,3735.0,3735.0,3735.0,3735.0,3735.0,100
2023-10-05 10:08:00+09:00,3730.0,3750.0,3730.0,3745.0,3745.0,4300
2023-10-05 10:09:00+09:00,3745.0,3745.0,3745.0,3745.0,3745.0,2200
2023-10-05 10:10:00+09:00,3755.0,3760.0,3755.0,3760.0,3760.0,700
2023-10-05 10:11:00+09:00,3755.0,3755.0,3755.0,3755.0,3755.0,400
2023-10-05 10:12:00+09:00,3750.0,3750.0,3750.0,3750.0,3750.0,200
2023-10-05 10:13:00+09:00,3735.0,3780.0,3735.0,3755.0,3755.0,9700
2023-10-05 10:14:00+09:00,3750.0,3750.0,3740.0,3745.0,3745.0,700
2023-10-05 10:15:00+09:00,3750.0,3760.0,3750.0,3760.0,3760.0,400
2023-10-05 10:16:00+09:00,3755.0,3755.0,3745.0,3745.0,3745.0,600
2023-10-05 10:17:00+09:00,3740.0,3740.0,3740.0,3740.0,3740.0,100
2023-10-05 10:18:00+09:00,3740.0,3740.0,3740.0,3740.0,3740.0,300
2023-10-05 10:19:00+09:00,3735.0,3735.0,3735.0,3735.0,3735.0,300
2023-10-05 10:20:00+09:00,3730.0,3750.0,3730.0,3745.0,3745.0,2700
2023-10-05 10:21:00+09:00,3735.0,3745.0,3735.0,3745.0,3745.0,200
2023-10-05 10:22:00+09:00,3745.0,3745.0,3740.0,3740.0,3740.0,200
2023-10-05 10:23:00+09:00,3750.0,3750.0,3745.0,3750.0,3750.0,600
2023-10-05 10:25:00+09:00,3740.0,3740.0,3740.0,3740.0,3740.0,100
2023-10-05 10:26:00+09:00,3740.0,3740.0,3740.0,3740.0,3740.0,200
2023-10-05 10:27:00+09:00,3735.0,3760.0,3735.0,3760.0,3760.0,2100
2023-10-05 10:28:00+09:00,3760.0,3770.0,3760.0,3765.0,3765.0,2100
2023-10-05 10:29:00+09:00,3760.0,3760.0,3750.0,3755.0,3755.0,1200
2023-10-05 10:30:00+09:00,3750.0,3755.0,3750.0,3755.0,3755.0,800
2023-10-05 10:32:00+09:00,3755.0,3755.0,3755.0,3755.0,3755.0,400
2023-10-05 10:33:00+09:00,3755.0,3755.0,3755.0,3755.0,3755.0,200
2023-10-05 10:35:00+09:00,3750.0,3750.0,3750.0,3750.0,3750.0,100
2023-10-05 10:37:00+09:00,3750.0,3750.0,3750.0,3750.0,3750.0,200
2023-10-05 10:38:00+09:00,3755.0,3755.0,3750.0,3750.0,3750.0,200
2023-10-05 10:39:00+09:00,3750.0,3750.0,3750.0,3750.0,3750.0,100
2023-10-05 10:40:00+09:00,3750.0,3750.0,3735.0,3735.0,3735.0,400
2023-10-05 10:41:00+09:00,3735.0,3735.0,3735.0,3735.0,3735.0,100
2023-10-05 10:42:00+09:00,3740.0,3760.0,3740.0,3760.0,3760.0,2700
2023-10-05 10:44:00+09:00,3755.0,3755.0,3755.0,3755.0,3755.0,100
2023-10-05 10:45:00+09:00,3755.0,3755.0,3755.0,3755.0,3755.0,100
2023-10-05 10:46:00+09:00,3765.0,3770.0,3765.0,3770.0,3770.0,900
2023-10-05 10:47:00+09:00,3775.0,3775.0,3775.0,3775.0,3775.0,300
2023-10-05 10:48:00+09:00,3770.0,3775.0,3770.0,3775.0,3775.0,700
2023-10-05 10:50:00+09:00,3775.0,3780.0,3765.0,3780.0,3780.0,3000
2023-10-05 10:51:00+09:00,3775.0,3775.0,3770.0,3770.0,3770.0,400
2023-10-05 10:54:00+09:00,3765.0,3765.0,3755.0,3755.0,3755.0,700
2023-10-05 10:55:00+09:00,3755.0,3755.0,3755.0,3755.0,3755.0,300
2023-10-05 10:56:00+09:00,3755.0,3755.0,3755.0,3755.0,3755.0,100
2023-10-05 10:57:00+09:00,3755.0,3755.0,3755.0,3755.0,3755.0,100
2023-10-05 10:58:00+09:00,3765.0,3775.0,3765.0,3775.0,3775.0,600
2023-10-05 10:59:00+09:00,3780.0,3780.0,3775.0,3775.0,3775.0,2300
2023-10-05 11:01:00+09:00,3775.0,3775.0,3775.0,3775.0,3775.0,100
2023-10-05 11:02:00+09:00,3765.0,3775.0,3765.0,3775.0,3775.0,400
2023-10-05 11:03:00+09:00,3775.0,3775.0,3775.0,3775.0,3775.0,100
2023-10-05 11:04:00+09:00,3775.0,3780.0,3770.0,3770.0,3770.0,300
2023-10-05 11:05:00+09:00,3770.0,3770.0,3765.0,3765.0,3765.0,400
2023-10-05 11:06:00+09:00,3765.0,3765.0,3765.0,3765.0,3765.0,100
2023-10-05 11:07:00+09:00,3765.0,3765.0,3765.0,3765.0,3765.0,100
2023-10-05 11:08:00+09:00,3760.0,3760.0,3760.0,3760.0,3760.0,100
2023-10-05 11:09:00+09:00,3760.0,3760.0,3760.0,3760.0,3760.0,100
2023-10-05 11:12:00+09:00,3770.0,3770.0,3765.0,3765.0,3765.0,400
2023-10-05 11:14:00+09:00,3765.0,3765.0,3765.0,3765.0,3765.0,600
2023-10-05 11:16:00+09:00,3770.0,3770.0,3760.0,3770.0,3770.0,1000
2023-10-05 11:18:00+09:00,3770.0,3770.0,3770.0,3770.0,3770.0,200
2023-10-05 11:21:00+09:00,3760.0,3765.0,3760.0,3760.0,3760.0,400
2023-10-05 11:23:00+09:00,3760.0,3760.0,3760.0,3760.0,3760.0,100
2023-10-05 11:25:00+09:00,3755.0,3755.0,3755.0,3755.0,3755.0,700
2023-10-05 11:26:00+09:00,3750.0,3750.0,3745.0,3745.0,3745.0,400
2023-10-05 11:27:00+09:00,3755.0,3755.0,3755.0,3755.0,3755.0,300
2023-10-05 11:28:00+09:00,3750.0,3750.0,3750.0,3750.0,3750.0,100
2023-10-05 11:29:00+09:00,3760.0,3760.0,3750.0,3750.0,3750.0,500
2023-10-05 11:30:00+09:00,3750.0,3750.0,3750.0,3750.0,3750.0,300
2023-10-05 11:35:00+09:00,3750.0,3750.0,3750.0,3750.0,3750.0,0
2023-10-05 12:30:00+09:00,3750.0,3765.0,3745.0,3765.0,3765.0,151400
2023-10-05 12:31:00+09:00,3770.0,3770.0,3765.0,3770.0,3770.0,600
2023-10-05 12:32:00+09:00,3760.0,3760.0,3755.0,3755.0,3755.0,300
2023-10-05 12:33:00+09:00,3750.0,3750.0,3745.0,3745.0,3745.0,400
2023-10-05 12:34:00+09:00,3755.0,3755.0,3745.0,3745.0,3745.0,800
2023-10-05 12:35:00+09:00,3750.0,3760.0,3750.0,3760.0,3760.0,600
2023-10-05 12:36:00+09:00,3755.0,3755.0,3755.0,3755.0,3755.0,300
2023-10-05 12:37:00+09:00,3755.0,3755.0,3750.0,3755.0,3755.0,1300
2023-10-05 12:38:00+09:00,3750.0,3760.0,3740.0,3740.0,3740.0,2000
2023-10-05 12:39:00+09:00,3740.0,3765.0,3740.0,3755.0,3755.0,2500
2023-10-05 12:40:00+09:00,3755.0,3755.0,3755.0,3755.0,3755.0,300
2023-10-05 12:41:00+09:00,3750.0,3755.0,3750.0,3755.0,3755.0,500
2023-10-05 12:42:00+09:00,3750.0,3750.0,3750.0,3750.0,3750.0,100
2023-10-05 12:43:00+09:00,3750.0,3760.0,3750.0,3760.0,3760.0,200
2023-10-05 12:44:00+09:00,3765.0,3765.0,3760.0,3760.0,3760.0,400
2023-10-05 12:45:00+09:00,3760.0,3760.0,3760.0,3760.0,3760.0,200
2023-10-05 12:46:00+09:00,3760.0,3760.0,3750.0,3760.0,3760.0,700
2023-10-05 12:47:00+09:00,3760.0,3760.0,3750.0,3750.0,3750.0,200
2023-10-05 12:49:00+09:00,3750.0,3750.0,3750.0,3750.0,3750.0,200
2023-10-05 12:50:00+09:00,3750.0,3750.0,3745.0,3745.0,3745.0,400
2023-10-05 12:51:00+09:00,3750.0,3750.0,3750.0,3750.0,3750.0,300
2023-10-05 12:52:00+09:00,3745.0,3745.0,3745.0,3745.0,3745.0,100
2023-10-05 12:53:00+09:00,3745.0,3745.0,3745.0,3745.0,3745.0,100
2023-10-05 12:54:00+09:00,3755.0,3755.0,3755.0,3755.0,3755.0,100
2023-10-05 12:55:00+09:00,3745.0,3750.0,3745.0,3750.0,3750.0,400
2023-10-05 12:57:00+09:00,3745.0,3750.0,3740.0,3750.0,3750.0,900
2023-10-05 12:58:00+09:00,3745.0,3745.0,3745.0,3745.0,3745.0,400
2023-10-05 12:59:00+09:00,3745.0,3745.0,3745.0,3745.0,3745.0,200
2023-10-05 13:00:00+09:00,3745.0,3745.0,3745.0,3745.0,3745.0,100
2023-10-05 13:01:00+09:00,3755.0,3760.0,3740.0,3740.0,3740.0,1000
2023-10-05 13:02:00+09:00,3740.0,3750.0,3740.0,3750.0,3750.0,600
2023-10-05 13:04:00+09:00,3745.0,3750.0,3745.0,3750.0,3750.0,600
2023-10-05 13:06:00+09:00,3740.0,3740.0,3740.0,3740.0,3740.0,200
2023-10-05 13:07:00+09:00,3740.0,3740.0,3740.0,3740.0,3740.0,100
2023-10-05 13:08:00+09:00,3740.0,3750.0,3740.0,3745.0,3745.0,600
2023-10-05 13:09:00+09:00,3745.0,3745.0,3745.0,3745.0,3745.0,100
2023-10-05 13:11:00+09:00,3750.0,3760.0,3750.0,3755.0,3755.0,500
2023-10-05 13:12:00+09:00,3755.0,3755.0,3755.0,3755.0,3755.0,100
2023-10-05 13:13:00+09:00,3755.0,3760.0,3745.0,3760.0,3760.0,600
2023-10-05 13:14:00+09:00,3760.0,3760.0,3760.0,3760.0,3760.0,200
2023-10-05 13:15:00+09:00,3755.0,3755.0,3755.0,3755.0,3755.0,100
2023-10-05 13:17:00+09:00,3760.0,3760.0,3755.0,3755.0,3755.0,200
2023-10-05 13:20:00+09:00,3755.0,3755.0,3755.0,3755.0,3755.0,100
2023-10-05 13:21:00+09:00,3755.0,3755.0,3750.0,3750.0,3750.0,300
2023-10-05 13:22:00+09:00,3750.0,3750.0,3750.0,3750.0,3750.0,100
2023-10-05 13:23:00+09:00,3755.0,3755.0,3755.0,3755.0,3755.0,100
2023-10-05 13:24:00+09:00,3745.0,3745.0,3745.0,3745.0,3745.0,100
2023-10-05 13:25:00+09:00,3745.0,3745.0,3740.0,3740.0,3740.0,400
2023-10-05 13:26:00+09:00,3745.0,3750.0,3745.0,3745.0,3745.0,1600
2023-10-05 13:27:00+09:00,3750.0,3750.0,3740.0,3740.0,3740.0,400
2023-10-05 13:28:00+09:00,3740.0,3745.0,3740.0,3740.0,3740.0,300
2023-10-05 13:29:00+09:00,3745.0,3745.0,3740.0,3740.0,3740.0,300
2023-10-05 13:31:00+09:00,3740.0,3750.0,3740.0,3750.0,3750.0,200
2023-10-05 13:32:00+09:00,3745.0,3745.0,3745.0,3745.0,3745.0,700
2023-10-05 13:33:00+09:00,3745.0,3745.0,3745.0,3745.0,3745.0,100
2023-10-05 13:34:00+09:00,3745.0,3745.0,3745.0,3745.0,3745.0,100
2023-10-05 13:35:00+09:00,3750.0,3750.0,3745.0,3745.0,3745.0,200
2023-10-05 13:36:00+09:00,3745.0,3745.0,3745.0,3745.0,3745.0,100
2023-10-05 13:37:00+09:00,3740.0,3740.0,3740.0,3740.0,3740.0,300
2023-10-05 13:38:00+09:00,3745.0,3745.0,3745.0,3745.0,3745.0,200
2023-10-05 13:39:00+09:00,3740.0,3740.0,3740.0,3740.0,3740.0,100
2023-10-05 13:40:00+09:00,3750.0,3750.0,3750.0,3750.0,3750.0,100
2023-10-05 13:41:00+09:00,3740.0,3740.0,3740.0,3740.0,3740.0,100
2023-10-05 13:42:00+09:00,3745.0,3745.0,3745.0,3745.0,3745.0,100
2023-10-05 13:44:00+09:00,3745.0,3745.0,3745.0,3745.0,3745.0,200
2023-10-05 13:45:00+09:00,3745.0,3745.0,3745.0,3745.0,3745.0,100
2023-10-05 13:46:00+09:00,3740.0,3740.0,3740.0,3740.0,3740.0,100
2023-10-05 13:47:00+09:00,3740.0,3745.0,3740.0,3745.0,3745.0,400
2023-10-05 13:50:00+09:00,3745.0,3745.0,3740.0,3745.0,3745.0,1200
2023-10-05 13:51:00+09:00,3735.0,3735.0,3735.0,3735.0,3735.0,100
2023-10-05 13:53:00+09:00,3735.0,3740.0,3735.0,3740.0,3740.0,300
2023-10-05 13:55:00+09:00,3740.0,3740.0,3740.0,3740.0,3740.0,200
2023-10-05 13:56:00+09:00,3735.0,3735.0,3735.0,3735.0,3735.0,100
2023-10-05 13:57:00+09:00,3735.0,3735.0,3735.0,3735.0,3735.0,100
2023-10-05 13:58:00+09:00,3740.0,3740.0,3740.0,3740.0,3740.0,500
2023-10-05 13:59:00+09:00,3745.0,3745.0,3745.0,3745.0,3745.0,100
2023-10-05 14:00:00+09:00,3740.0,3740.0,3740.0,3740.0,3740.0,100
2023-10-05 14:03:00+09:00,3735.0,3735.0,3730.0,3735.0,3735.0,1000
2023-10-05 14:04:00+09:00,3735.0,3735.0,3735.0,3735.0,3735.0,100
2023-10-05 14:05:00+09:00,3730.0,3730.0,3730.0,3730.0,3730.0,100
2023-10-05 14:06:00+09:00,3730.0,3730.0,3725.0,3725.0,3725.0,1700
2023-10-05 14:07:00+09:00,3725.0,3725.0,3725.0,3725.0,3725.0,100
2023-10-05 14:08:00+09:00,3725.0,3725.0,3725.0,3725.0,3725.0,100
2023-10-05 14:09:00+09:00,3725.0,3725.0,3710.0,3710.0,3710.0,3400
2023-10-05 14:10:00+09:00,3710.0,3710.0,3695.0,3695.0,3695.0,6300
2023-10-05 14:11:00+09:00,3700.0,3710.0,3700.0,3710.0,3710.0,900
2023-10-05 14:12:00+09:00,3715.0,3715.0,3710.0,3710.0,3710.0,400
2023-10-05 14:13:00+09:00,3705.0,3710.0,3705.0,3710.0,3710.0,200
2023-10-05 14:14:00+09:00,3710.0,3710.0,3710.0,3710.0,3710.0,300
2023-10-05 14:15:00+09:00,3705.0,3705.0,3705.0,3705.0,3705.0,100
2023-10-05 14:16:00+09:00,3705.0,3705.0,3700.0,3700.0,3700.0,800
2023-10-05 14:18:00+09:00,3700.0,3700.0,3700.0,3700.0,3700.0,300
2023-10-05 14:19:00+09:00,3700.0,3700.0,3700.0,3700.0,3700.0,200
2023-10-05 14:20:00+09:00,3700.0,3700.0,3700.0,3700.0,3700.0,100
2023-10-05 14:21:00+09:00,3700.0,3700.0,3700.0,3700.0,3700.0,200
2023-10-05 14:23:00+09:00,3705.0,3705.0,3705.0,3705.0,3705.0,700
2023-10-05 14:24:00+09:00,3705.0,3705.0,3695.0,3700.0,3700.0,2300
2023-10-05 14:25:00+09:00,3700.0,3700.0,3700.0,3700.0,3700.0,100
2023-10-05 14:26:00+09:00,3705.0,3705.0,3705.0,3705.0,3705.0,300
2023-10-05 14:27:00+09:00,3700.0,3700.0,3700.0,3700.0,3700.0,100
2023-10-05 14:28:00+09:00,3700.0,3705.0,3700.0,3705.0,3705.0,200
2023-10-05 14:29:00+09:00,3700.0,3700.0,3700.0,3700.0,3700.0,100
2023-10-05 14:30:00+09:00,3700.0,3700.0,3700.0,3700.0,3700.0,100
2023-10-05 14:32:00+09:00,3700.0,3700.0,3700.0,3700.0,3700.0,200
2023-10-05 14:33:00+09:00,3705.0,3705.0,3705.0,3705.0,3705.0,100
2023-10-05 14:34:00+09:00,3705.0,3710.0,3705.0,3710.0,3710.0,1100
2023-10-05 14:35:00+09:00,3710.0,3710.0,3710.0,3710.0,3710.0,200
2023-10-05 14:49:00+09:00,3700.0,3700.0,3700.0,3700.0,3700.0,9500
2023-10-05 14:50:00+09:00,3705.0,3710.0,3705.0,3710.0,3710.0,500
2023-10-05 14:51:00+09:00,3710.0,3710.0,3710.0,3710.0,3710.0,200
2023-10-05 14:52:00+09:00,3710.0,3710.0,3705.0,3705.0,3705.0,200
2023-10-05 14:53:00+09:00,3710.0,3715.0,3705.0,3715.0,3715.0,800
2023-10-05 14:54:00+09:00,3715.0,3720.0,3715.0,3720.0,3720.0,400
2023-10-05 14:55:00+09:00,3710.0,3715.0,3710.0,3715.0,3715.0,400
2023-10-05 14:56:00+09:00,3720.0,3730.0,3720.0,3720.0,3720.0,3500
2023-10-05 14:57:00+09:00,3725.0,3730.0,3710.0,3710.0,3710.0,900
2023-10-05 14:58:00+09:00,3710.0,3715.0,3710.0,3715.0,3715.0,700
2023-10-05 14:59:00+09:00,3715.0,3730.0,3710.0,3730.0,3730.0,1700
2023-10-06 09:00:00+09:00,3735.0,3735.0,3705.0,3720.0,3720.0,11400
2023-10-06 09:01:00+09:00,3735.0,3760.0,3720.0,3720.0,3720.0,4700
2023-10-06 09:02:00+09:00,3720.0,3720.0,3710.0,3710.0,3710.0,1000
2023-10-06 09:03:00+09:00,3705.0,3705.0,3705.0,3705.0,3705.0,200
2023-10-06 09:04:00+09:00,3705.0,3705.0,3685.0,3685.0,3685.0,3300
2023-10-06 09:05:00+09:00,3685.0,3685.0,3675.0,3675.0,3675.0,4100
2023-10-06 09:06:00+09:00,3675.0,3675.0,3650.0,3660.0,3660.0,4500
2023-10-06 09:07:00+09:00,3660.0,3675.0,3660.0,3675.0,3675.0,700
2023-10-06 09:08:00+09:00,3685.0,3690.0,3680.0,3685.0,3685.0,800
2023-10-06 09:09:00+09:00,3685.0,3685.0,3655.0,3655.0,3655.0,3000
2023-10-06 09:10:00+09:00,3650.0,3660.0,3650.0,3660.0,3660.0,800
2023-10-06 09:11:00+09:00,3655.0,3655.0,3650.0,3650.0,3650.0,1000
2023-10-06 09:12:00+09:00,3650.0,3650.0,3650.0,3650.0,3650.0,100
2023-10-06 09:13:00+09:00,3640.0,3640.0,3635.0,3640.0,3640.0,2000
2023-10-06 09:14:00+09:00,3645.0,3660.0,3645.0,3660.0,3660.0,1600
2023-10-06 09:15:00+09:00,3665.0,3665.0,3665.0,3665.0,3665.0,500
2023-10-06 09:16:00+09:00,3675.0,3675.0,3675.0,3675.0,3675.0,300
2023-10-06 09:17:00+09:00,3675.0,3680.0,3670.0,3675.0,3675.0,1400
2023-10-06 09:19:00+09:00,3675.0,3685.0,3675.0,3685.0,3685.0,900
2023-10-06 09:20:00+09:00,3685.0,3695.0,3680.0,3690.0,3690.0,1200
2023-10-06 09:21:00+09:00,3695.0,3700.0,3695.0,3695.0,3695.0,2000
2023-10-06 09:22:00+09:00,3700.0,3700.0,3690.0,3690.0,3690.0,800
2023-10-06 09:23:00+09:00,3695.0,3705.0,3695.0,3705.0,3705.0,1300
2023-10-06 09:24:00+09:00,3710.0,3715.0,3705.0,3715.0,3715.0,700
2023-10-06 09:25:00+09:00,3715.0,3730.0,3710.0,3725.0,3725.0,1600
2023-10-06 09:26:00+09:00,3730.0,3745.0,3730.0,3745.0,3745.0,1300
2023-10-06 09:27:00+09:00,3735.0,3735.0,3715.0,3715.0,3715.0,1800
2023-10-06 09:28:00+09:00,3715.0,3720.0,3715.0,3720.0,3720.0,500
2023-10-06 09:30:00+09:00,3725.0,3745.0,3710.0,3720.0,3720.0,4900
2023-10-06 09:31:00+09:00,3720.0,3720.0,3720.0,3720.0,3720.0,200
2023-10-06 09:33:00+09:00,3710.0,3710.0,3700.0,3700.0,3700.0,1300
2023-10-06 09:34:00+09:00,3695.0,3695.0,3690.0,3690.0,3690.0,400
2023-10-06 09:36:00+09:00,3695.0,3695.0,3690.0,3690.0,3690.0,600
2023-10-06 09:37:00+09:00,3695.0,3700.0,3695.0,3700.0,3700.0,600
2023-10-06 09:38:00+09:00,3710.0,3710.0,3690.0,3705.0,3705.0,2200
2023-10-06 09:40:00+09:00,3710.0,3720.0,3710.0,3715.0,3715.0,1100
2023-10-06 09:41:00+09:00,3715.0,3715.0,3710.0,3715.0,3715.0,700
2023-10-06 09:42:00+09:00,3710.0,3715.0,3710.0,3715.0,3715.0,1500
2023-10-06 09:43:00+09:00,3710.0,3715.0,3710.0,3715.0,3715.0,500
2023-10-06 09:44:00+09:00,3715.0,3715.0,3700.0,3700.0,3700.0,1600
2023-10-06 09:45:00+09:00,3695.0,3695.0,3695.0,3695.0,3695.0,100
2023-10-06 09:49:00+09:00,3700.0,3700.0,3700.0,3700.0,3700.0,100
2023-10-06 09:50:00+09:00,3700.0,3700.0,3695.0,3695.0,3695.0,1100
2023-10-06 09:52:00+09:00,3700.0,3700.0,3700.0,3700.0,3700.0,900
2023-10-06 09:53:00+09:00,3705.0,3705.0,3700.0,3700.0,3700.0,900
2023-10-06 09:54:00+09:00,3700.0,3700.0,3700.0,3700.0,3700.0,400
2023-10-06 09:58:00+09:00,3700.0,3700.0,3700.0,3700.0,3700.0,400
2023-10-06 10:00:00+09:00,3700.0,3700.0,3695.0,3695.0,3695.0,200
2023-10-06 10:01:00+09:00,3705.0,3705.0,3705.0,3705.0,3705.0,600
2023-10-06 10:02:00+09:00,3700.0,3705.0,3700.0,3705.0,3705.0,500
2023-10-06 10:04:00+09:00,3705.0,3705.0,3705.0,3705.0,3705.0,100
2023-10-06 10:06:00+09:00,3710.0,3720.0,3710.0,3720.0,3720.0,1300
2023-10-06 10:07:00+09:00,3730.0,3735.0,3730.0,3735.0,3735.0,1500
2023-10-06 10:08:00+09:00,3735.0,3740.0,3735.0,3740.0,3740.0,500
2023-10-06 10:09:00+09:00,3740.0,3750.0,3740.0,3750.0,3750.0,1700
2023-10-06 10:10:00+09:00,3750.0,3755.0,3750.0,3755.0,3755.0,1400
2023-10-06 10:11:00+09:00,3760.0,3765.0,3760.0,3765.0,3765.0,1700
2023-10-06 10:12:00+09:00,3760.0,3760.0,3745.0,3745.0,3745.0,2900
2023-10-06 10:13:00+09:00,3740.0,3740.0,3725.0,3725.0,3725.0,1700
2023-10-06 10:14:00+09:00,3735.0,3740.0,3735.0,3740.0,3740.0,800
2023-10-06 10:15:00+09:00,3740.0,3740.0,3735.0,3735.0,3735.0,700
2023-10-06 10:16:00+09:00,3730.0,3730.0,3730.0,3730.0,3730.0,600
2023-10-06 10:17:00+09:00,3725.0,3725.0,3725.0,3725.0,3725.0,200
2023-10-06 10:19:00+09:00,3720.0,3730.0,3720.0,3730.0,3730.0,900
2023-10-06 10:21:00+09:00,3730.0,3730.0,3730.0,3730.0,3730.0,100
2023-10-06 10:22:00+09:00,3725.0,3730.0,3725.0,3730.0,3730.0,300
2023-10-06 10:24:00+09:00,3735.0,3740.0,3735.0,3740.0,3740.0,700
2023-10-06 10:25:00+09:00,3745.0,3745.0,3735.0,3735.0,3735.0,900
2023-10-06 10:26:00+09:00,3735.0,3735.0,3735.0,3735.0,3735.0,100
2023-10-06 10:27:00+09:00,3730.0,3730.0,3725.0,3725.0,3725.0,500
2023-10-06 10:29:00+09:00,3730.0,3735.0,3730.0,3735.0,3735.0,700
2023-10-06 10:30:00+09:00,3740.0,3750.0,3740.0,3750.0,3750.0,600
2023-10-06 10:31:00+09:00,3740.0,3740.0,3735.0,3735.0,3735.0,600
2023-10-06 10:32:00+09:00,3735.0,3735.0,3735.0,3735.0,3735.0,200
2023-10-06 10:34:00+09:00,3735.0,3735.0,3730.0,3730.0,3730.0,1800
2023-10-06 10:35:00+09:00,3725.0,3725.0,3715.0,3720.0,3720.0,700
2023-10-06 10:38:00+09:00,3730.0,3730.0,3730.0,3730.0,3730.0,100
2023-10-06 10:39:00+09:00,3730.0,3730.0,3730.0,3730.0,3730.0,700
2023-10-06 10:40:00+09:00,3730.0,3730.0,3725.0,3725.0,3725.0,700
2023-10-06 10:42:00+09:00,3735.0,3740.0,3735.0,3740.0,3740.0,300
2023-10-06 10:43:00+09:00,3740.0,3740.0,3740.0,3740.0,3740.0,100
2023-10-06 10:44:00+09:00,3740.0,3740.0,3740.0,3740.0,3740.0,300
2023-10-06 10:45:00+09:00,3740.0,3740.0,3740.0,3740.0,3740.0,100
2023-10-06 10:46:00+09:00,3745.0,3745.0,3740.0,3740.0,3740.0,600
2023-10-06 10:47:00+09:00,3740.0,3740.0,3740.0,3740.0,3740.0,100
2023-10-06 10:48:00+09:00,3740.0,3740.0,3740.0,3740.0,3740.0,200
2023-10-06 10:49:00+09:00,3740.0,3745.0,3740.0,3745.0,3745.0,500
2023-10-06 10:50:00+09:00,3740.0,3740.0,3735.0,3735.0,3735.0,200
2023-10-06 10:51:00+09:00,3735.0,3735.0,3735.0,3735.0,3735.0,400
2023-10-06 10:53:00+09:00,3730.0,3730.0,3725.0,3725.0,3725.0,600
2023-10-06 10:54:00+09:00,3720.0,3720.0,3715.0,3715.0,3715.0,1300
2023-10-06 10:56:00+09:00,3715.0,3715.0,3715.0,3715.0,3715.0,100
2023-10-06 10:57:00+09:00,3720.0,3720.0,3720.0,3720.0,3720.0,900
2023-10-06 10:58:00+09:00,3715.0,3715.0,3715.0,3715.0,3715.0,100
2023-10-06 11:00:00+09:00,3720.0,3720.0,3720.0,3720.0,3720.0,100
2023-10-06 11:02:00+09:00,3725.0,3725.0,3725.0,3725.0,3725.0,500
2023-10-06 11:04:00+09:00,3725.0,3725.0,3725.0,3725.0,3725.0,100
2023-10-06 11:07:00+09:00,3725.0,3725.0,3720.0,3720.0,3720.0,3000
2023-10-06 11:13:00+09:00,3715.0,3715.0,3715.0,3715.0,3715.0,400
2023-10-06 11:16:00+09:00,3710.0,3710.0,3710.0,3710.0,3710.0,100
2023-10-06 11:18:00+09:00,3710.0,3710.0,3695.0,3695.0,3695.0,5300
2023-10-06 11:24:00+09:00,3695.0,3695.0,3690.0,3690.0,3690.0,1000
2023-10-06 11:26:00+09:00,3695.0,3700.0,3695.0,3700.0,3700.0,800
2023-10-06 11:27:00+09:00,3700.0,3700.0,3690.0,3690.0,3690.0,700
2023-10-06 11:29:00+09:00,3685.0,3695.0,3685.0,3695.0,3695.0,200
2023-10-06 11:35:00+09:00,3695.0,3695.0,3695.0,3695.0,3695.0,0
2023-10-06 12:30:00+09:00,3695.0,3695.0,3685.0,3695.0,3695.0,123300
2023-10-06 12:31:00+09:00,3700.0,3705.0,3700.0,3705.0,3705.0,500
2023-10-06 12:32:00+09:00,3705.0,3705.0,3705.0,3705.0,3705.0,600
2023-10-06 12:33:00+09:00,3705.0,3705.0,3705.0,3705.0,3705.0,100
2023-10-06 12:34:00+09:00,3700.0,3700.0,3700.0,3700.0,3700.0,300
2023-10-06 12:35:00+09:00,3700.0,3700.0,3700.0,3700.0,3700.0,100
2023-10-06 12:36:00+09:00,3700.0,3705.0,3695.0,3705.0,3705.0,600
2023-10-06 12:37:00+09:00,3715.0,3715.0,3715.0,3715.0,3715.0,100
2023-10-06 12:38:00+09:00,3710.0,3710.0,3710.0,3710.0,3710.0,300
2023-10-06 12:39:00+09:00,3710.0,3720.0,3710.0,3720.0,3720.0,500
2023-10-06 12:41:00+09:00,3710.0,3710.0,3705.0,3705.0,3705.0,1400
2023-10-06 12:44:00+09:00,3700.0,3700.0,3700.0,3700.0,3700.0,100
2023-10-06 12:47:00+09:00,3705.0,3705.0,3705.0,3705.0,3705.0,400
2023-10-06 12:48:00+09:00,3715.0,3715.0,3715.0,3715.0,3715.0,200
2023-10-06 12:50:00+09:00,3710.0,3710.0,3710.0,3710.0,3710.0,100
2023-10-06 12:55:00+09:00,3715.0,3715.0,3715.0,3715.0,3715.0,100
2023-10-06 12:58:00+09:00,3715.0,3715.0,3715.0,3715.0,3715.0,400
2023-10-06 12:59:00+09:00,3715.0,3715.0,3715.0,3715.0,3715.0,300
2023-10-06 13:01:00+09:00,3715.0,3715.0,3715.0,3715.0,3715.0,400
2023-10-06 13:05:00+09:00,3720.0,3720.0,3715.0,3715.0,3715.0,200
2023-10-06 13:07:00+09:00,3720.0,3725.0,3720.0,3720.0,3720.0,1300
2023-10-06 13:08:00+09:00,3720.0,3720.0,3720.0,3720.0,3720.0,100
2023-10-06 13:09:00+09:00,3720.0,3720.0,3720.0,3720.0,3720.0,100
2023-10-06 13:11:00+09:00,3720.0,3720.0,3720.0,3720.0,3720.0,100
2023-10-06 13:12:00+09:00,3720.0,3725.0,3720.0,3725.0,3725.0,1000
2023-10-06 13:16:00+09:00,3725.0,3725.0,3725.0,3725.0,3725.0,100
2023-10-06 13:18:00+09:00,3725.0,3725.0,3725.0,3725.0,3725.0,100
2023-10-06 13:19:00+09:00,3725.0,3725.0,3725.0,3725.0,3725.0,200
2023-10-06 13:22:00+09:00,3730.0,3730.0,3730.0,3730.0,3730.0,100
2023-10-06 13:23:00+09:00,3725.0,3725.0,3725.0,3725.0,3725.0,100
2023-10-06 13:24:00+09:00,3730.0,3730.0,3725.0,3725.0,3725.0,300
2023-10-06 13:26:00+09:00,3725.0,3725.0,3725.0,3725.0,3725.0,100
2023-10-06 13:29:00+09:00,3730.0,3730.0,3730.0,3730.0,3730.0,200
2023-10-06 13:31:00+09:00,3725.0,3725.0,3715.0,3715.0,3715.0,3300
2023-10-06 13:32:00+09:00,3715.0,3715.0,3710.0,3710.0,3710.0,2000
2023-10-06 13:33:00+09:00,3715.0,3715.0,3715.0,3715.0,3715.0,1100
2023-10-06 13:38:00+09:00,3715.0,3715.0,3715.0,3715.0,3715.0,100
2023-10-06 13:39:00+09:00,3710.0,3715.0,3710.0,3715.0,3715.0,800
2023-10-06 13:43:00+09:00,3720.0,3720.0,3720.0,3720.0,3720.0,800
2023-10-06 13:44:00+09:00,3720.0,3720.0,3720.0,3720.0,3720.0,100
2023-10-06 13:45:00+09:00,3715.0,3715.0,3710.0,3715.0,3715.0,1700
2023-10-06 13:52:00+09:00,3720.0,3720.0,3720.0,3720.0,3720.0,400
2023-10-06 13:54:00+09:00,3725.0,3725.0,3725.0,3725.0,3725.0,200
2023-10-06 13:55:00+09:00,3730.0,3730.0,3730.0,3730.0,3730.0,100
2023-10-06 13:59:00+09:00,3730.0,3730.0,3720.0,3720.0,3720.0,2200
2023-10-06 14:01:00+09:00,3715.0,3715.0,3705.0,3705.0,3705.0,500
2023-10-06 14:04:00+09:00,3715.0,3715.0,3710.0,3710.0,3710.0,1500
2023-10-06 14:08:00+09:00,3710.0,3710.0,3710.0,3710.0,3710.0,200
2023-10-06 14:10:00+09:00,3705.0,3705.0,3705.0,3705.0,3705.0,100
2023-10-06 14:12:00+09:00,3705.0,3705.0,3705.0,3705.0,3705.0,100
2023-10-06 14:15:00+09:00,3710.0,3710.0,3705.0,3705.0,3705.0,1600
2023-10-06 14:16:00+09:00,3705.0,3705.0,3705.0,3705.0,3705.0,600
2023-10-06 14:19:00+09:00,3700.0,3700.0,3695.0,3695.0,3695.0,1600
2023-10-06 14:24:00+09:00,3705.0,3705.0,3705.0,3705.0,3705.0,400
2023-10-06 14:26:00+09:00,3710.0,3710.0,3710.0,3710.0,3710.0,100
2023-10-06 14:27:00+09:00,3710.0,3710.0,3710.0,3710.0,3710.0,500
2023-10-06 14:28:00+09:00,3705.0,3705.0,3705.0,3705.0,3705.0,500
2023-10-06 14:31:00+09:00,3705.0,3710.0,3705.0,3710.0,3710.0,800
2023-10-06 14:35:00+09:00,3715.0,3715.0,3715.0,3715.0,3715.0,100
2023-10-06 14:38:00+09:00,3710.0,3710.0,3710.0,3710.0,3710.0,200
2023-10-06 14:39:00+09:00,3710.0,3710.0,3705.0,3705.0,3705.0,2800
2023-10-06 14:40:00+09:00,3705.0,3705.0,3705.0,3705.0,3705.0,100
2023-10-06 14:41:00+09:00,3705.0,3705.0,3700.0,3700.0,3700.0,1100
2023-10-06 14:42:00+09:00,3695.0,3695.0,3695.0,3695.0,3695.0,100
2023-10-06 14:43:00+09:00,3695.0,3695.0,3695.0,3695.0,3695.0,100
2023-10-06 14:44:00+09:00,3695.0,3695.0,3685.0,3685.0,3685.0,2500
2023-10-06 14:45:00+09:00,3685.0,3685.0,3685.0,3685.0,3685.0,500
2023-10-06 14:46:00+09:00,3680.0,3680.0,3680.0,3680.0,3680.0,300
2023-10-06 14:47:00+09:00,3685.0,3685.0,3680.0,3685.0,3685.0,1900
2023-10-06 14:48:00+09:00,3685.0,3690.0,3685.0,3690.0,3690.0,800
2023-10-06 14:49:00+09:00,3695.0,3695.0,3685.0,3685.0,3685.0,1000
2023-10-06 14:50:00+09:00,3680.0,3685.0,3680.0,3685.0,3685.0,500
2023-10-06 14:51:00+09:00,3685.0,3685.0,3685.0,3685.0,3685.0,100
2023-10-06 14:52:00+09:00,3685.0,3685.0,3685.0,3685.0,3685.0,100
2023-10-06 14:53:00+09:00,3685.0,3685.0,3685.0,3685.0,3685.0,300
2023-10-06 14:54:00+09:00,3685.0,3685.0,3685.0,3685.0,3685.0,100
2023-10-06 14:56:00+09:00,3685.0,3685.0,3680.0,3680.0,3680.0,200
2023-10-06 14:57:00+09:00,3680.0,3685.0,3680.0,3685.0,3685.0,500
2023-10-06 14:58:00+09:00,3685.0,3685.0,3685.0,3685.0,3685.0,800
2023-10-06 14:59:00+09:00,3680.0,3700.0,3680.0,3700.0,3700.0,1900
2023-10-10 09:00:00+09:00,3730.0,3745.0,3690.0,3710.0,3710.0,0
2023-10-10 09:01:00+09:00,3715.0,3715.0,3715.0,3715.0,3715.0,1100
2023-10-10 09:02:00+09:00,3710.0,3715.0,3710.0,3710.0,3710.0,300
2023-10-10 09:03:00+09:00,3710.0,3715.0,3710.0,3715.0,3715.0,200
2023-10-10 09:04:00+09:00,3720.0,3730.0,3720.0,3725.0,3725.0,900
2023-10-10 09:05:00+09:00,3720.0,3725.0,3720.0,3725.0,3725.0,300
2023-10-10 09:06:00+09:00,3725.0,3740.0,3725.0,3735.0,3735.0,1400
2023-10-10 09:07:00+09:00,3740.0,3745.0,3730.0,3740.0,3740.0,1200
2023-10-10 09:08:00+09:00,3735.0,3745.0,3735.0,3745.0,3745.0,1500
2023-10-10 09:09:00+09:00,3740.0,3740.0,3740.0,3740.0,3740.0,300
2023-10-10 09:10:00+09:00,3740.0,3765.0,3740.0,3755.0,3755.0,4600
2023-10-10 09:11:00+09:00,3760.0,3770.0,3760.0,3760.0,3760.0,1500
2023-10-10 09:12:00+09:00,3755.0,3755.0,3755.0,3755.0,3755.0,200
2023-10-10 09:13:00+09:00,3750.0,3750.0,3745.0,3750.0,3750.0,700
2023-10-10 09:14:00+09:00,3750.0,3750.0,3750.0,3750.0,3750.0,100
2023-10-10 09:15:00+09:00,3755.0,3770.0,3755.0,3765.0,3765.0,900
2023-10-10 09:16:00+09:00,3760.0,3765.0,3760.0,3765.0,3765.0,500
2023-10-10 09:17:00+09:00,3760.0,3760.0,3750.0,3755.0,3755.0,800
2023-10-10 09:18:00+09:00,3760.0,3765.0,3745.0,3745.0,3745.0,1700
2023-10-10 09:19:00+09:00,3740.0,3740.0,3730.0,3740.0,3740.0,600
2023-10-10 09:20:00+09:00,3735.0,3735.0,3735.0,3735.0,3735.0,100
2023-10-10 09:21:00+09:00,3735.0,3735.0,3735.0,3735.0,3735.0,300
2023-10-10 09:22:00+09:00,3730.0,3730.0,3730.0,3730.0,3730.0,1500
2023-10-10 09:23:00+09:00,3730.0,3745.0,3725.0,3730.0,3730.0,5300
2023-10-10 09:24:00+09:00,3735.0,3735.0,3735.0,3735.0,3735.0,100
2023-10-10 09:25:00+09:00,3735.0,3735.0,3730.0,3730.0,3730.0,1100
2023-10-10 09:26:00+09:00,3735.0,3735.0,3730.0,3730.0,3730.0,400
2023-10-10 09:27:00+09:00,3725.0,3725.0,3725.0,3725.0,3725.0,600
2023-10-10 09:28:00+09:00,3725.0,3725.0,3725.0,3725.0,3725.0,1300
2023-10-10 09:29:00+09:00,3725.0,3730.0,3725.0,3730.0,3730.0,1700
2023-10-10 09:31:00+09:00,3730.0,3730.0,3725.0,3725.0,3725.0,400
2023-10-10 09:32:00+09:00,3720.0,3720.0,3710.0,3710.0,3710.0,1800
2023-10-10 09:33:00+09:00,3710.0,3710.0,3710.0,3710.0,3710.0,500
2023-10-10 09:34:00+09:00,3715.0,3715.0,3715.0,3715.0,3715.0,700
2023-10-10 09:35:00+09:00,3715.0,3715.0,3715.0,3715.0,3715.0,200
2023-10-10 09:36:00+09:00,3715.0,3715.0,3715.0,3715.0,3715.0,100
2023-10-10 09:37:00+09:00,3710.0,3710.0,3705.0,3705.0,3705.0,600
2023-10-10 09:38:00+09:00,3710.0,3715.0,3710.0,3715.0,3715.0,1100
2023-10-10 09:39:00+09:00,3720.0,3720.0,3720.0,3720.0,3720.0,400
2023-10-10 09:41:00+09:00,3725.0,3730.0,3725.0,3730.0,3730.0,600
2023-10-10 09:42:00+09:00,3725.0,3725.0,3725.0,3725.0,3725.0,800
2023-10-10 09:43:00+09:00,3725.0,3725.0,3725.0,3725.0,3725.0,1100
2023-10-10 09:44:00+09:00,3725.0,3725.0,3725.0,3725.0,3725.0,100
2023-10-10 09:46:00+09:00,3720.0,3720.0,3715.0,3715.0,3715.0,200
2023-10-10 09:47:00+09:00,3720.0,3720.0,3720.0,3720.0,3720.0,200
2023-10-10 09:48:00+09:00,3720.0,3720.0,3705.0,3705.0,3705.0,3600
2023-10-10 09:49:00+09:00,3705.0,3705.0,3700.0,3700.0,3700.0,800
2023-10-10 09:50:00+09:00,3700.0,3700.0,3700.0,3700.0,3700.0,500
2023-10-10 09:51:00+09:00,3705.0,3705.0,3705.0,3705.0,3705.0,500
2023-10-10 09:52:00+09:00,3700.0,3700.0,3695.0,3695.0,3695.0,300
2023-10-10 09:53:00+09:00,3705.0,3705.0,3705.0,3705.0,3705.0,1200
2023-10-10 09:54:00+09:00,3710.0,3710.0,3710.0,3710.0,3710.0,100
2023-10-10 09:55:00+09:00,3705.0,3710.0,3705.0,3710.0,3710.0,500
2023-10-10 09:56:00+09:00,3710.0,3710.0,3710.0,3710.0,3710.0,100
2023-10-10 09:58:00+09:00,3715.0,3715.0,3715.0,3715.0,3715.0,1300
2023-10-10 09:59:00+09:00,3710.0,3710.0,3710.0,3710.0,3710.0,200
2023-10-10 10:02:00+09:00,3710.0,3710.0,3710.0,3710.0,3710.0,200
2023-10-10 10:03:00+09:00,3710.0,3710.0,3705.0,3705.0,3705.0,600
2023-10-10 10:04:00+09:00,3705.0,3705.0,3705.0,3705.0,3705.0,100
2023-10-10 10:05:00+09:00,3705.0,3710.0,3705.0,3710.0,3710.0,1200
2023-10-10 10:06:00+09:00,3705.0,3705.0,3705.0,3705.0,3705.0,300
2023-10-10 10:07:00+09:00,3700.0,3700.0,3690.0,3690.0,3690.0,4200
2023-10-10 10:08:00+09:00,3685.0,3690.0,3685.0,3690.0,3690.0,1100
2023-10-10 10:09:00+09:00,3690.0,3695.0,3690.0,3690.0,3690.0,300
2023-10-10 10:10:00+09:00,3690.0,3690.0,3690.0,3690.0,3690.0,0
2023-10-10 10:11:00+09:00,3695.0,3695.0,3695.0,3695.0,3695.0,74800
2023-10-10 10:12:00+09:00,3700.0,3705.0,3700.0,3705.0,3705.0,1000
2023-10-10 10:13:00+09:00,3710.0,3710.0,3700.0,3700.0,3700.0,500
2023-10-10 10:14:00+09:00,3705.0,3705.0,3705.0,3705.0,3705.0,700
2023-10-10 10:15:00+09:00,3705.0,3705.0,3705.0,3705.0,3705.0,100
2023-10-10 10:16:00+09:00,3705.0,3705.0,3705.0,3705.0,3705.0,500
2023-10-10 10:17:00+09:00,3710.0,3710.0,3700.0,3700.0,3700.0,400
2023-10-10 10:18:00+09:00,3700.0,3700.0,3700.0,3700.0,3700.0,100
2023-10-10 10:20:00+09:00,3700.0,3700.0,3690.0,3695.0,3695.0,1300
2023-10-10 10:21:00+09:00,3690.0,3690.0,3680.0,3680.0,3680.0,4300
2023-10-10 10:23:00+09:00,3685.0,3685.0,3685.0,3685.0,3685.0,1500
2023-10-10 10:24:00+09:00,3685.0,3685.0,3685.0,3685.0,3685.0,100
2023-10-10 10:25:00+09:00,3680.0,3680.0,3680.0,3680.0,3680.0,800
2023-10-10 10:28:00+09:00,3685.0,3685.0,3680.0,3680.0,3680.0,200
2023-10-10 10:30:00+09:00,3680.0,3680.0,3670.0,3675.0,3675.0,2300
2023-10-10 10:31:00+09:00,3675.0,3675.0,3675.0,3675.0,3675.0,1200
2023-10-10 10:32:00+09:00,3675.0,3675.0,3670.0,3675.0,3675.0,800
2023-10-10 10:33:00+09:00,3680.0,3680.0,3680.0,3680.0,3680.0,500
2023-10-10 10:34:00+09:00,3675.0,3680.0,3675.0,3680.0,3680.0,200
2023-10-10 10:35:00+09:00,3680.0,3680.0,3675.0,3675.0,3675.0,200
2023-10-10 10:37:00+09:00,3680.0,3685.0,3680.0,3685.0,3685.0,500
2023-10-10 10:38:00+09:00,3685.0,3685.0,3680.0,3680.0,3680.0,300
2023-10-10 10:41:00+09:00,3685.0,3685.0,3680.0,3680.0,3680.0,400
2023-10-10 10:44:00+09:00,3685.0,3690.0,3685.0,3690.0,3690.0,1000
2023-10-10 10:46:00+09:00,3695.0,3695.0,3695.0,3695.0,3695.0,200
2023-10-10 10:47:00+09:00,3700.0,3700.0,3700.0,3700.0,3700.0,200
2023-10-10 10:48:00+09:00,3695.0,3700.0,3695.0,3700.0,3700.0,600
2023-10-10 10:50:00+09:00,3695.0,3695.0,3695.0,3695.0,3695.0,100
2023-10-10 10:51:00+09:00,3690.0,3690.0,3690.0,3690.0,3690.0,700
2023-10-10 10:52:00+09:00,3690.0,3690.0,3680.0,3680.0,3680.0,1700
2023-10-10 10:53:00+09:00,3685.0,3685.0,3685.0,3685.0,3685.0,400
2023-10-10 10:54:00+09:00,3685.0,3685.0,3685.0,3685.0,3685.0,200
2023-10-10 10:55:00+09:00,3685.0,3685.0,3680.0,3680.0,3680.0,600
2023-10-10 10:56:00+09:00,3680.0,3680.0,3680.0,3680.0,3680.0,1600
2023-10-10 10:58:00+09:00,3675.0,3685.0,3675.0,3685.0,3685.0,2100
2023-10-10 11:01:00+09:00,3690.0,3690.0,3690.0,3690.0,3690.0,400
2023-10-10 11:02:00+09:00,3690.0,3690.0,3690.0,3690.0,3690.0,400
2023-10-10 11:03:00+09:00,3690.0,3690.0,3690.0,3690.0,3690.0,200
2023-10-10 11:04:00+09:00,3690.0,3690.0,3690.0,3690.0,3690.0,100
2023-10-10 11:08:00+09:00,3690.0,3690.0,3685.0,3685.0,3685.0,300
2023-10-10 11:09:00+09:00,3685.0,3685.0,3685.0,3685.0,3685.0,200
2023-10-10 11:10:00+09:00,3680.0,3680.0,3680.0,3680.0,3680.0,200
2023-10-10 11:11:00+09:00,3680.0,3685.0,3680.0,3685.0,3685.0,200
2023-10-10 11:12:00+09:00,3680.0,3680.0,3670.0,3670.0,3670.0,3300
2023-10-10 11:13:00+09:00,3665.0,3665.0,3660.0,3660.0,3660.0,3500
2023-10-10 11:14:00+09:00,3665.0,3665.0,3665.0,3665.0,3665.0,100
2023-10-10 11:15:00+09:00,3665.0,3670.0,3665.0,3670.0,3670.0,900
2023-10-10 11:16:00+09:00,3670.0,3670.0,3660.0,3660.0,3660.0,700
2023-10-10 11:21:00+09:00,3670.0,3670.0,3670.0,3670.0,3670.0,200
2023-10-10 11:22:00+09:00,3670.0,3670.0,3670.0,3670.0,3670.0,200
2023-10-10 11:24:00+09:00,3675.0,3675.0,3675.0,3675.0,3675.0,700
2023-10-10 11:25:00+09:00,3680.0,3680.0,3680.0,3680.0,3680.0,300
2023-10-10 11:26:00+09:00,3680.0,3685.0,3680.0,3685.0,3685.0,600
2023-10-10 11:27:00+09:00,3680.0,3680.0,3680.0,3680.0,3680.0,200
2023-10-10 11:28:00+09:00,3680.0,3685.0,3680.0,3685.0,3685.0,200
2023-10-10 11:29:00+09:00,3680.0,3680.0,3680.0,3680.0,3680.0,200
2023-10-10 11:30:00+09:00,3680.0,3680.0,3680.0,3680.0,3680.0,300
2023-10-10 11:35:00+09:00,3680.0,3680.0,3680.0,3680.0,3680.0,0
2023-10-10 12:30:00+09:00,3690.0,3690.0,3665.0,3675.0,3675.0,123100
2023-10-10 12:31:00+09:00,3675.0,3675.0,3675.0,3675.0,3675.0,600
2023-10-10 12:32:00+09:00,3670.0,3670.0,3670.0,3670.0,3670.0,500
2023-10-10 12:33:00+09:00,3670.0,3670.0,3655.0,3655.0,3655.0,2800
2023-10-10 12:34:00+09:00,3655.0,3660.0,3650.0,3655.0,3655.0,2300
2023-10-10 12:35:00+09:00,3660.0,3660.0,3660.0,3660.0,3660.0,300
2023-10-10 12:36:00+09:00,3660.0,3660.0,3645.0,3650.0,3650.0,4200
2023-10-10 12:37:00+09:00,3655.0,3655.0,3655.0,3655.0,3655.0,200
2023-10-10 12:38:00+09:00,3650.0,3650.0,3640.0,3640.0,3640.0,1200
2023-10-10 12:39:00+09:00,3640.0,3640.0,3640.0,3640.0,3640.0,1400
2023-10-10 12:40:00+09:00,3640.0,3645.0,3640.0,3640.0,3640.0,1500
2023-10-10 12:41:00+09:00,3640.0,3640.0,3640.0,3640.0,3640.0,100
2023-10-10 12:42:00+09:00,3635.0,3635.0,3630.0,3635.0,3635.0,2600
2023-10-10 12:43:00+09:00,3635.0,3635.0,3630.0,3630.0,3630.0,300
2023-10-10 12:45:00+09:00,3640.0,3640.0,3640.0,3640.0,3640.0,400
2023-10-10 12:47:00+09:00,3645.0,3650.0,3645.0,3650.0,3650.0,3100
2023-10-10 12:48:00+09:00,3645.0,3645.0,3645.0,3645.0,3645.0,200
2023-10-10 12:49:00+09:00,3640.0,3640.0,3640.0,3640.0,3640.0,100
2023-10-10 12:51:00+09:00,3645.0,3645.0,3645.0,3645.0,3645.0,600
2023-10-10 12:53:00+09:00,3650.0,3650.0,3650.0,3650.0,3650.0,100
2023-10-10 12:54:00+09:00,3645.0,3645.0,3625.0,3625.0,3625.0,4700
2023-10-10 12:55:00+09:00,3635.0,3645.0,3635.0,3640.0,3640.0,1500
2023-10-10 12:57:00+09:00,3640.0,3650.0,3640.0,3650.0,3650.0,800
2023-10-10 12:58:00+09:00,3645.0,3650.0,3635.0,3640.0,3640.0,3400
2023-10-10 12:59:00+09:00,3645.0,3645.0,3645.0,3645.0,3645.0,100
2023-10-10 13:01:00+09:00,3650.0,3650.0,3650.0,3650.0,3650.0,500
2023-10-10 13:02:00+09:00,3650.0,3650.0,3645.0,3645.0,3645.0,400
2023-10-10 13:03:00+09:00,3655.0,3655.0,3655.0,3655.0,3655.0,1400
2023-10-10 13:04:00+09:00,3655.0,3655.0,3655.0,3655.0,3655.0,200
2023-10-10 13:05:00+09:00,3660.0,3660.0,3660.0,3660.0,3660.0,500
2023-10-10 13:06:00+09:00,3655.0,3655.0,3655.0,3655.0,3655.0,200
2023-10-10 13:07:00+09:00,3655.0,3655.0,3655.0,3655.0,3655.0,600
2023-10-10 13:09:00+09:00,3655.0,3655.0,3625.0,3630.0,3630.0,13800
2023-10-10 13:10:00+09:00,3630.0,3635.0,3620.0,3630.0,3630.0,2300
2023-10-10 13:11:00+09:00,3635.0,3635.0,3635.0,3635.0,3635.0,300
2023-10-10 13:13:00+09:00,3635.0,3635.0,3630.0,3630.0,3630.0,400
2023-10-10 13:16:00+09:00,3630.0,3630.0,3595.0,3605.0,3605.0,25600
2023-10-10 13:17:00+09:00,3605.0,3610.0,3600.0,3600.0,3600.0,1500
2023-10-10 13:18:00+09:00,3605.0,3605.0,3605.0,3605.0,3605.0,800
2023-10-10 13:19:00+09:00,3610.0,3610.0,3600.0,3600.0,3600.0,400
2023-10-10 13:20:00+09:00,3600.0,3610.0,3600.0,3605.0,3605.0,900
2023-10-10 13:21:00+09:00,3605.0,3605.0,3605.0,3605.0,3605.0,100
2023-10-10 13:22:00+09:00,3600.0,3600.0,3600.0,3600.0,3600.0,800
2023-10-10 13:23:00+09:00,3600.0,3600.0,3600.0,3600.0,3600.0,800
2023-10-10 13:24:00+09:00,3600.0,3605.0,3595.0,3600.0,3600.0,1900
2023-10-10 13:25:00+09:00,3600.0,3600.0,3595.0,3595.0,3595.0,1500
2023-10-10 13:26:00+09:00,3595.0,3600.0,3595.0,3600.0,3600.0,800
2023-10-10 13:28:00+09:00,3600.0,3600.0,3600.0,3600.0,3600.0,100
2023-10-10 13:29:00+09:00,3595.0,3595.0,3595.0,3595.0,3595.0,600
2023-10-10 13:30:00+09:00,3600.0,3600.0,3595.0,3595.0,3595.0,200
2023-10-10 13:31:00+09:00,3595.0,3595.0,3590.0,3595.0,3595.0,1000
2023-10-10 13:32:00+09:00,3595.0,3595.0,3595.0,3595.0,3595.0,200
2023-10-10 13:33:00+09:00,3600.0,3600.0,3600.0,3600.0,3600.0,1200
2023-10-10 13:35:00+09:00,3605.0,3605.0,3600.0,3600.0,3600.0,800
2023-10-10 13:36:00+09:00,3595.0,3595.0,3560.0,3580.0,3580.0,18600
2023-10-10 13:37:00+09:00,3575.0,3575.0,3575.0,3575.0,3575.0,400
2023-10-10 13:38:00+09:00,3570.0,3575.0,3565.0,3565.0,3565.0,1300
2023-10-10 13:39:00+09:00,3565.0,3575.0,3565.0,3575.0,3575.0,900
2023-10-10 13:40:00+09:00,3575.0,3575.0,3575.0,3575.0,3575.0,1100
2023-10-10 13:42:00+09:00,3590.0,3605.0,3590.0,3605.0,3605.0,4500
2023-10-10 13:43:00+09:00,3600.0,3610.0,3595.0,3595.0,3595.0,2900
2023-10-10 13:44:00+09:00,3600.0,3600.0,3595.0,3595.0,3595.0,3100
2023-10-10 13:45:00+09:00,3610.0,3610.0,3600.0,3600.0,3600.0,2700
2023-10-10 13:46:00+09:00,3600.0,3600.0,3600.0,3600.0,3600.0,100
2023-10-10 13:47:00+09:00,3605.0,3615.0,3605.0,3615.0,3615.0,2200
2023-10-10 13:49:00+09:00,3615.0,3620.0,3615.0,3620.0,3620.0,700
2023-10-10 13:52:00+09:00,3620.0,3625.0,3620.0,3625.0,3625.0,1000
2023-10-10 13:53:00+09:00,3630.0,3630.0,3630.0,3630.0,3630.0,1000
2023-10-10 13:54:00+09:00,3625.0,3625.0,3625.0,3625.0,3625.0,600
2023-10-10 13:55:00+09:00,3630.0,3635.0,3630.0,3635.0,3635.0,2200
2023-10-10 13:56:00+09:00,3630.0,3630.0,3630.0,3630.0,3630.0,100
2023-10-10 13:59:00+09:00,3635.0,3635.0,3635.0,3635.0,3635.0,200
2023-10-10 14:00:00+09:00,3635.0,3635.0,3635.0,3635.0,3635.0,100
2023-10-10 14:01:00+09:00,3635.0,3640.0,3635.0,3635.0,3635.0,2500
2023-10-10 14:02:00+09:00,3640.0,3640.0,3640.0,3640.0,3640.0,100
2023-10-10 14:03:00+09:00,3630.0,3635.0,3630.0,3635.0,3635.0,700
2023-10-10 14:04:00+09:00,3630.0,3630.0,3630.0,3630.0,3630.0,100
2023-10-10 14:05:00+09:00,3625.0,3625.0,3620.0,3620.0,3620.0,400
2023-10-10 14:06:00+09:00,3625.0,3630.0,3625.0,3630.0,3630.0,500
2023-10-10 14:09:00+09:00,3625.0,3625.0,3625.0,3625.0,3625.0,100
2023-10-10 14:13:00+09:00,3615.0,3615.0,3615.0,3615.0,3615.0,400
2023-10-10 14:14:00+09:00,3615.0,3615.0,3600.0,3600.0,3600.0,3000
2023-10-10 14:15:00+09:00,3610.0,3610.0,3600.0,3600.0,3600.0,600
2023-10-10 14:16:00+09:00,3610.0,3615.0,3610.0,3615.0,3615.0,400
2023-10-10 14:17:00+09:00,3615.0,3615.0,3595.0,3600.0,3600.0,1900
2023-10-10 14:18:00+09:00,3600.0,3600.0,3575.0,3575.0,3575.0,5200
2023-10-10 14:19:00+09:00,3595.0,3595.0,3590.0,3595.0,3595.0,500
2023-10-10 14:20:00+09:00,3595.0,3600.0,3590.0,3595.0,3595.0,800
2023-10-10 14:21:00+09:00,3595.0,3595.0,3595.0,3595.0,3595.0,700
2023-10-10 14:22:00+09:00,3600.0,3600.0,3600.0,3600.0,3600.0,1400
2023-10-10 14:23:00+09:00,3600.0,3600.0,3600.0,3600.0,3600.0,200
2023-10-10 14:24:00+09:00,3600.0,3600.0,3600.0,3600.0,3600.0,200
2023-10-10 14:25:00+09:00,3600.0,3600.0,3600.0,3600.0,3600.0,100
2023-10-10 14:27:00+09:00,3600.0,3605.0,3600.0,3605.0,3605.0,1800
2023-10-10 14:29:00+09:00,3605.0,3605.0,3605.0,3605.0,3605.0,100
2023-10-10 14:30:00+09:00,3605.0,3610.0,3605.0,3610.0,3610.0,1700
2023-10-10 14:31:00+09:00,3610.0,3610.0,3610.0,3610.0,3610.0,200
2023-10-10 14:32:00+09:00,3610.0,3610.0,3610.0,3610.0,3610.0,200
2023-10-10 14:33:00+09:00,3610.0,3610.0,3610.0,3610.0,3610.0,1400
2023-10-10 14:34:00+09:00,3605.0,3605.0,3605.0,3605.0,3605.0,1400
2023-10-10 14:37:00+09:00,3600.0,3605.0,3595.0,3605.0,3605.0,1600
2023-10-10 14:38:00+09:00,3605.0,3605.0,3605.0,3605.0,3605.0,100
2023-10-10 14:39:00+09:00,3600.0,3600.0,3575.0,3595.0,3595.0,8300
2023-10-10 14:40:00+09:00,3595.0,3605.0,3595.0,3605.0,3605.0,1200
2023-10-10 14:42:00+09:00,3600.0,3600.0,3595.0,3600.0,3600.0,900
2023-10-10 14:43:00+09:00,3600.0,3600.0,3595.0,3595.0,3595.0,1700
2023-10-10 14:44:00+09:00,3595.0,3600.0,3595.0,3600.0,3600.0,1200
2023-10-10 14:45:00+09:00,3600.0,3600.0,3600.0,3600.0,3600.0,1100
2023-10-10 14:46:00+09:00,3600.0,3600.0,3600.0,3600.0,3600.0,500
2023-10-10 14:47:00+09:00,3605.0,3605.0,3605.0,3605.0,3605.0,900
2023-10-10 14:48:00+09:00,3610.0,3610.0,3605.0,3610.0,3610.0,1800
2023-10-10 14:49:00+09:00,3605.0,3605.0,3605.0,3605.0,3605.0,700
2023-10-10 14:50:00+09:00,3610.0,3615.0,3610.0,3615.0,3615.0,1000
2023-10-10 14:51:00+09:00,3615.0,3615.0,3610.0,3610.0,3610.0,600
2023-10-10 14:53:00+09:00,3610.0,3610.0,3585.0,3610.0,3610.0,5200
2023-10-10 14:54:00+09:00,3610.0,3610.0,3595.0,3605.0,3605.0,1900
2023-10-10 14:55:00+09:00,3605.0,3610.0,3605.0,3605.0,3605.0,1300
2023-10-10 14:56:00+09:00,3605.0,3605.0,3605.0,3605.0,3605.0,500
2023-10-10 14:57:00+09:00,3600.0,3610.0,3600.0,3600.0,3600.0,2400
2023-10-10 14:58:00+09:00,3595.0,3610.0,3595.0,3605.0,3605.0,2100
2023-10-10 14:59:00+09:00,3605.0,3610.0,3605.0,3610.0,3610.0,2200
2023-10-11 09:00:00+09:00,3660.0,3660.0,3645.0,3660.0,3660.0,13700
2023-10-11 09:01:00+09:00,3650.0,3650.0,3635.0,3650.0,3650.0,1600
2023-10-11 09:02:00+09:00,3640.0,3650.0,3630.0,3650.0,3650.0,900
2023-10-11 09:03:00+09:00,3650.0,3665.0,3645.0,3665.0,3665.0,900
2023-10-11 09:04:00+09:00,3650.0,3670.0,3650.0,3665.0,3665.0,2000
2023-10-11 09:05:00+09:00,3675.0,3680.0,3665.0,3665.0,3665.0,3300
2023-10-11 09:06:00+09:00,3670.0,3670.0,3665.0,3665.0,3665.0,600
2023-10-11 09:07:00+09:00,3670.0,3670.0,3670.0,3670.0,3670.0,400
2023-10-11 09:09:00+09:00,3665.0,3665.0,3665.0,3665.0,3665.0,700
2023-10-11 09:10:00+09:00,3665.0,3675.0,3665.0,3675.0,3675.0,900
2023-10-11 09:11:00+09:00,3670.0,3680.0,3670.0,3670.0,3670.0,500
2023-10-11 09:12:00+09:00,3670.0,3670.0,3670.0,3670.0,3670.0,500
2023-10-11 09:13:00+09:00,3665.0,3685.0,3665.0,3685.0,3685.0,4400
2023-10-11 09:14:00+09:00,3680.0,3685.0,3680.0,3685.0,3685.0,2100
2023-10-11 09:15:00+09:00,3685.0,3685.0,3680.0,3680.0,3680.0,800
2023-10-11 09:16:00+09:00,3680.0,3690.0,3680.0,3685.0,3685.0,1300
2023-10-11 09:17:00+09:00,3685.0,3685.0,3660.0,3660.0,3660.0,4100
2023-10-11 09:19:00+09:00,3655.0,3655.0,3635.0,3635.0,3635.0,2000
2023-10-11 09:20:00+09:00,3635.0,3645.0,3615.0,3615.0,3615.0,3400
2023-10-11 09:21:00+09:00,3615.0,3620.0,3605.0,3615.0,3615.0,3500
2023-10-11 09:22:00+09:00,3620.0,3620.0,3620.0,3620.0,3620.0,100
2023-10-11 09:23:00+09:00,3615.0,3615.0,3610.0,3610.0,3610.0,800
2023-10-11 09:24:00+09:00,3610.0,3610.0,3610.0,3610.0,3610.0,200
2023-10-11 09:25:00+09:00,3605.0,3610.0,3600.0,3600.0,3600.0,2900
2023-10-11 09:26:00+09:00,3600.0,3600.0,3590.0,3590.0,3590.0,2600
2023-10-11 09:27:00+09:00,3595.0,3605.0,3595.0,3605.0,3605.0,2500
2023-10-11 09:28:00+09:00,3600.0,3605.0,3595.0,3595.0,3595.0,1000
2023-10-11 09:29:00+09:00,3600.0,3600.0,3590.0,3590.0,3590.0,200
2023-10-11 09:30:00+09:00,3595.0,3605.0,3595.0,3600.0,3600.0,1300
2023-10-11 09:31:00+09:00,3600.0,3615.0,3600.0,3610.0,3610.0,1300
2023-10-11 09:32:00+09:00,3615.0,3615.0,3610.0,3615.0,3615.0,500
2023-10-11 09:33:00+09:00,3620.0,3625.0,3615.0,3615.0,3615.0,1000
2023-10-11 09:35:00+09:00,3615.0,3620.0,3615.0,3615.0,3615.0,600
2023-10-11 09:36:00+09:00,3625.0,3625.0,3620.0,3625.0,3625.0,300
2023-10-11 09:37:00+09:00,3625.0,3625.0,3625.0,3625.0,3625.0,200
2023-10-11 09:38:00+09:00,3620.0,3620.0,3620.0,3620.0,3620.0,200
2023-10-11 09:39:00+09:00,3625.0,3625.0,3620.0,3620.0,3620.0,900
2023-10-11 09:43:00+09:00,3620.0,3625.0,3620.0,3625.0,3625.0,200
2023-10-11 09:44:00+09:00,3625.0,3625.0,3625.0,3625.0,3625.0,200
2023-10-11 09:45:00+09:00,3620.0,3620.0,3620.0,3620.0,3620.0,700
2023-10-11 09:46:00+09:00,3625.0,3625.0,3625.0,3625.0,3625.0,100
2023-10-11 09:48:00+09:00,3625.0,3625.0,3625.0,3625.0,3625.0,400
2023-10-11 09:49:00+09:00,3625.0,3630.0,3625.0,3625.0,3625.0,300
2023-10-11 09:50:00+09:00,3620.0,3620.0,3585.0,3585.0,3585.0,6500
2023-10-11 09:51:00+09:00,3585.0,3590.0,3580.0,3580.0,3580.0,900
2023-10-11 09:52:00+09:00,3590.0,3590.0,3590.0,3590.0,3590.0,300
2023-10-11 09:53:00+09:00,3585.0,3585.0,3580.0,3580.0,3580.0,300
2023-10-11 09:54:00+09:00,3590.0,3590.0,3590.0,3590.0,3590.0,0
2023-10-11 09:58:00+09:00,3575.0,3575.0,3565.0,3565.0,3565.0,77800
2023-10-11 09:59:00+09:00,3565.0,3575.0,3565.0,3575.0,3575.0,1200
2023-10-11 10:01:00+09:00,3575.0,3575.0,3575.0,3575.0,3575.0,100
2023-10-11 10:02:00+09:00,3565.0,3565.0,3565.0,3565.0,3565.0,500
2023-10-11 10:03:00+09:00,3565.0,3570.0,3560.0,3570.0,3570.0,1100
2023-10-11 10:04:00+09:00,3570.0,3575.0,3570.0,3570.0,3570.0,700
2023-10-11 10:06:00+09:00,3570.0,3570.0,3570.0,3570.0,3570.0,200
2023-10-11 10:07:00+09:00,3565.0,3570.0,3565.0,3570.0,3570.0,1200
2023-10-11 10:08:00+09:00,3570.0,3570.0,3570.0,3570.0,3570.0,100
2023-10-11 10:09:00+09:00,3570.0,3570.0,3570.0,3570.0,3570.0,0
2023-10-11 10:11:00+09:00,3565.0,3565.0,3565.0,3565.0,3565.0,83900
2023-10-11 10:12:00+09:00,3560.0,3560.0,3545.0,3555.0,3555.0,6100
2023-10-11 10:13:00+09:00,3545.0,3545.0,3545.0,3545.0,3545.0,600
2023-10-11 10:14:00+09:00,3545.0,3545.0,3545.0,3545.0,3545.0,100
2023-10-11 10:15:00+09:00,3545.0,3545.0,3540.0,3540.0,3540.0,800
2023-10-11 10:16:00+09:00,3545.0,3555.0,3545.0,3555.0,3555.0,2100
2023-10-11 10:17:00+09:00,3555.0,3555.0,3555.0,3555.0,3555.0,100
2023-10-11 10:18:00+09:00,3550.0,3550.0,3550.0,3550.0,3550.0,300
2023-10-11 10:19:00+09:00,3555.0,3560.0,3555.0,3560.0,3560.0,800
2023-10-11 10:20:00+09:00,3555.0,3555.0,3555.0,3555.0,3555.0,100
2023-10-11 10:21:00+09:00,3560.0,3560.0,3560.0,3560.0,3560.0,100
2023-10-11 10:24:00+09:00,3555.0,3560.0,3550.0,3555.0,3555.0,1300
2023-10-11 10:25:00+09:00,3555.0,3555.0,3555.0,3555.0,3555.0,100
2023-10-11 10:26:00+09:00,3550.0,3550.0,3550.0,3550.0,3550.0,100
2023-10-11 10:27:00+09:00,3550.0,3550.0,3550.0,3550.0,3550.0,100
2023-10-11 10:28:00+09:00,3545.0,3550.0,3545.0,3550.0,3550.0,200
2023-10-11 10:29:00+09:00,3555.0,3555.0,3555.0,3555.0,3555.0,100
2023-10-11 10:30:00+09:00,3555.0,3555.0,3545.0,3545.0,3545.0,1700
2023-10-11 10:31:00+09:00,3545.0,3545.0,3540.0,3540.0,3540.0,600
2023-10-11 10:32:00+09:00,3535.0,3540.0,3535.0,3540.0,3540.0,1000
2023-10-11 10:33:00+09:00,3540.0,3540.0,3540.0,3540.0,3540.0,100
2023-10-11 10:35:00+09:00,3540.0,3545.0,3540.0,3545.0,3545.0,900
2023-10-11 10:36:00+09:00,3545.0,3550.0,3545.0,3550.0,3550.0,200
2023-10-11 10:37:00+09:00,3545.0,3560.0,3545.0,3555.0,3555.0,1000
2023-10-11 10:39:00+09:00,3555.0,3565.0,3555.0,3560.0,3560.0,1900
2023-10-11 10:40:00+09:00,3560.0,3560.0,3560.0,3560.0,3560.0,100
2023-10-11 10:41:00+09:00,3565.0,3570.0,3565.0,3570.0,3570.0,200
2023-10-11 10:42:00+09:00,3565.0,3565.0,3565.0,3565.0,3565.0,100
2023-10-11 10:45:00+09:00,3570.0,3575.0,3570.0,3575.0,3575.0,1100
2023-10-11 10:46:00+09:00,3575.0,3575.0,3575.0,3575.0,3575.0,100
2023-10-11 10:47:00+09:00,3580.0,3580.0,3580.0,3580.0,3580.0,100
2023-10-11 10:48:00+09:00,3575.0,3575.0,3575.0,3575.0,3575.0,100
2023-10-11 10:49:00+09:00,3580.0,3580.0,3575.0,3580.0,3580.0,900
2023-10-11 10:50:00+09:00,3585.0,3590.0,3585.0,3590.0,3590.0,200
2023-10-11 10:51:00+09:00,3590.0,3590.0,3580.0,3580.0,3580.0,1200
2023-10-11 10:52:00+09:00,3585.0,3585.0,3585.0,3585.0,3585.0,300
2023-10-11 10:55:00+09:00,3590.0,3590.0,3590.0,3590.0,3590.0,100
2023-10-11 10:56:00+09:00,3590.0,3590.0,3590.0,3590.0,3590.0,300
2023-10-11 10:58:00+09:00,3590.0,3590.0,3585.0,3585.0,3585.0,200
2023-10-11 10:59:00+09:00,3585.0,3585.0,3585.0,3585.0,3585.0,100
2023-10-11 11:01:00+09:00,3595.0,3595.0,3595.0,3595.0,3595.0,100
2023-10-11 11:03:00+09:00,3595.0,3595.0,3590.0,3590.0,3590.0,400
2023-10-11 11:04:00+09:00,3585.0,3590.0,3585.0,3590.0,3590.0,500
2023-10-11 11:05:00+09:00,3585.0,3585.0,3580.0,3580.0,3580.0,1500
2023-10-11 11:06:00+09:00,3575.0,3575.0,3575.0,3575.0,3575.0,400
2023-10-11 11:07:00+09:00,3580.0,3585.0,3580.0,3585.0,3585.0,700
2023-10-11 11:08:00+09:00,3590.0,3590.0,3590.0,3590.0,3590.0,100
2023-10-11 11:10:00+09:00,3590.0,3590.0,3585.0,3585.0,3585.0,200
2023-10-11 11:13:00+09:00,3590.0,3590.0,3590.0,3590.0,3590.0,200
2023-10-11 11:14:00+09:00,3585.0,3585.0,3585.0,3585.0,3585.0,300
2023-10-11 11:17:00+09:00,3590.0,3590.0,3590.0,3590.0,3590.0,200
2023-10-11 11:18:00+09:00,3590.0,3590.0,3590.0,3590.0,3590.0,100
2023-10-11 11:19:00+09:00,3590.0,3590.0,3590.0,3590.0,3590.0,100
2023-10-11 11:20:00+09:00,3590.0,3590.0,3590.0,3590.0,3590.0,500
2023-10-11 11:22:00+09:00,3590.0,3590.0,3590.0,3590.0,3590.0,100
2023-10-11 11:23:00+09:00,3590.0,3590.0,3590.0,3590.0,3590.0,500
2023-10-11 11:26:00+09:00,3595.0,3595.0,3585.0,3585.0,3585.0,600
2023-10-11 11:27:00+09:00,3585.0,3585.0,3580.0,3580.0,3580.0,1500
2023-10-11 11:29:00+09:00,3585.0,3585.0,3585.0,3585.0,3585.0,100
2023-10-11 11:30:00+09:00,3575.0,3575.0,3575.0,3575.0,3575.0,200
2023-10-11 11:35:00+09:00,3575.0,3575.0,3575.0,3575.0,3575.0,0
2023-10-11 12:30:00+09:00,3580.0,3585.0,3575.0,3580.0,3580.0,124500
2023-10-11 12:31:00+09:00,3580.0,3580.0,3580.0,3580.0,3580.0,1000
2023-10-11 12:32:00+09:00,3580.0,3580.0,3575.0,3575.0,3575.0,400
2023-10-11 12:33:00+09:00,3580.0,3580.0,3580.0,3580.0,3580.0,400
2023-10-11 12:34:00+09:00,3585.0,3585.0,3585.0,3585.0,3585.0,100
2023-10-11 12:35:00+09:00,3580.0,3580.0,3580.0,3580.0,3580.0,100
2023-10-11 12:37:00+09:00,3585.0,3590.0,3585.0,3590.0,3590.0,500
2023-10-11 12:38:00+09:00,3595.0,3595.0,3590.0,3590.0,3590.0,900
2023-10-11 12:39:00+09:00,3595.0,3595.0,3590.0,3590.0,3590.0,300
2023-10-11 12:40:00+09:00,3595.0,3595.0,3595.0,3595.0,3595.0,100
2023-10-11 12:41:00+09:00,3595.0,3595.0,3595.0,3595.0,3595.0,100
2023-10-11 12:42:00+09:00,3595.0,3595.0,3590.0,3590.0,3590.0,300
2023-10-11 12:43:00+09:00,3595.0,3595.0,3590.0,3590.0,3590.0,200
2023-10-11 12:44:00+09:00,3590.0,3595.0,3590.0,3595.0,3595.0,200
2023-10-11 12:46:00+09:00,3590.0,3590.0,3580.0,3580.0,3580.0,1400
2023-10-11 12:48:00+09:00,3575.0,3575.0,3575.0,3575.0,3575.0,100
2023-10-11 12:49:00+09:00,3585.0,3585.0,3585.0,3585.0,3585.0,100
2023-10-11 12:51:00+09:00,3590.0,3590.0,3590.0,3590.0,3590.0,200
2023-10-11 12:52:00+09:00,3595.0,3595.0,3595.0,3595.0,3595.0,100
2023-10-11 12:53:00+09:00,3595.0,3600.0,3590.0,3590.0,3590.0,1000
2023-10-11 12:54:00+09:00,3595.0,3595.0,3595.0,3595.0,3595.0,100
2023-10-11 12:55:00+09:00,3590.0,3590.0,3590.0,3590.0,3590.0,100
2023-10-11 12:56:00+09:00,3595.0,3605.0,3590.0,3590.0,3590.0,1400
2023-10-11 12:58:00+09:00,3595.0,3595.0,3590.0,3590.0,3590.0,400
2023-10-11 12:59:00+09:00,3590.0,3590.0,3590.0,3590.0,3590.0,100
2023-10-11 13:00:00+09:00,3595.0,3595.0,3590.0,3590.0,3590.0,200
2023-10-11 13:01:00+09:00,3595.0,3595.0,3590.0,3590.0,3590.0,200
2023-10-11 13:03:00+09:00,3595.0,3595.0,3595.0,3595.0,3595.0,100
2023-10-11 13:04:00+09:00,3590.0,3595.0,3590.0,3595.0,3595.0,200
2023-10-11 13:06:00+09:00,3595.0,3625.0,3590.0,3595.0,3595.0,7600
2023-10-11 13:07:00+09:00,3605.0,3610.0,3605.0,3610.0,3610.0,1000
2023-10-11 13:09:00+09:00,3615.0,3615.0,3615.0,3615.0,3615.0,100
2023-10-11 13:10:00+09:00,3615.0,3625.0,3615.0,3625.0,3625.0,500
2023-10-11 13:11:00+09:00,3615.0,3615.0,3615.0,3615.0,3615.0,500
2023-10-11 13:13:00+09:00,3620.0,3620.0,3620.0,3620.0,3620.0,800
2023-10-11 13:14:00+09:00,3625.0,3630.0,3625.0,3625.0,3625.0,1100
2023-10-11 13:15:00+09:00,3625.0,3625.0,3620.0,3620.0,3620.0,700
2023-10-11 13:18:00+09:00,3615.0,3615.0,3600.0,3605.0,3605.0,5000
2023-10-11 13:19:00+09:00,3605.0,3605.0,3605.0,3605.0,3605.0,300
2023-10-11 13:20:00+09:00,3615.0,3615.0,3615.0,3615.0,3615.0,100
2023-10-11 13:21:00+09:00,3615.0,3620.0,3615.0,3620.0,3620.0,400
2023-10-11 13:23:00+09:00,3615.0,3615.0,3615.0,3615.0,3615.0,200
2023-10-11 13:24:00+09:00,3615.0,3615.0,3615.0,3615.0,3615.0,200
2023-10-11 13:25:00+09:00,3615.0,3615.0,3615.0,3615.0,3615.0,100
2023-10-11 13:26:00+09:00,3615.0,3615.0,3615.0,3615.0,3615.0,100
2023-10-11 13:28:00+09:00,3620.0,3620.0,3620.0,3620.0,3620.0,100
2023-10-11 13:29:00+09:00,3615.0,3615.0,3615.0,3615.0,3615.0,200
2023-10-11 13:30:00+09:00,3620.0,3620.0,3620.0,3620.0,3620.0,400
2023-10-11 13:31:00+09:00,3615.0,3615.0,3610.0,3615.0,3615.0,1200
2023-10-11 13:35:00+09:00,3610.0,3610.0,3610.0,3610.0,3610.0,200
2023-10-11 13:36:00+09:00,3610.0,3615.0,3610.0,3615.0,3615.0,500
2023-10-11 13:39:00+09:00,3615.0,3615.0,3615.0,3615.0,3615.0,600
2023-10-11 13:40:00+09:00,3620.0,3620.0,3620.0,3620.0,3620.0,100
2023-10-11 13:42:00+09:00,3615.0,3620.0,3615.0,3620.0,3620.0,200
2023-10-11 13:43:00+09:00,3620.0,3620.0,3615.0,3615.0,3615.0,300
2023-10-11 13:44:00+09:00,3625.0,3625.0,3625.0,3625.0,3625.0,100
2023-10-11 13:47:00+09:00,3620.0,3620.0,3620.0,3620.0,3620.0,100
2023-10-11 13:48:00+09:00,3615.0,3615.0,3615.0,3615.0,3615.0,100
2023-10-11 13:49:00+09:00,3615.0,3615.0,3615.0,3615.0,3615.0,100
2023-10-11 13:50:00+09:00,3615.0,3615.0,3615.0,3615.0,3615.0,1000
2023-10-11 13:53:00+09:00,3610.0,3610.0,3605.0,3605.0,3605.0,900
2023-10-11 13:54:00+09:00,3610.0,3610.0,3610.0,3610.0,3610.0,100
2023-10-11 13:56:00+09:00,3610.0,3610.0,3610.0,3610.0,3610.0,100
2023-10-11 13:58:00+09:00,3615.0,3625.0,3615.0,3625.0,3625.0,2200
2023-10-11 14:02:00+09:00,3625.0,3625.0,3620.0,3620.0,3620.0,300
2023-10-11 14:03:00+09:00,3620.0,3620.0,3620.0,3620.0,3620.0,200
2023-10-11 14:04:00+09:00,3625.0,3625.0,3625.0,3625.0,3625.0,300
2023-10-11 14:05:00+09:00,3625.0,3625.0,3620.0,3620.0,3620.0,800
2023-10-11 14:06:00+09:00,3625.0,3625.0,3625.0,3625.0,3625.0,300
2023-10-11 14:07:00+09:00,3625.0,3625.0,3625.0,3625.0,3625.0,100
2023-10-11 14:09:00+09:00,3620.0,3620.0,3620.0,3620.0,3620.0,100
2023-10-11 14:10:00+09:00,3620.0,3620.0,3615.0,3615.0,3615.0,2600
2023-10-11 14:12:00+09:00,3615.0,3615.0,3615.0,3615.0,3615.0,200
2023-10-11 14:13:00+09:00,3615.0,3615.0,3615.0,3615.0,3615.0,200
2023-10-11 14:16:00+09:00,3615.0,3615.0,3615.0,3615.0,3615.0,200
2023-10-11 14:17:00+09:00,3615.0,3615.0,3615.0,3615.0,3615.0,100
2023-10-11 14:18:00+09:00,3620.0,3620.0,3620.0,3620.0,3620.0,100
2023-10-11 14:19:00+09:00,3620.0,3620.0,3620.0,3620.0,3620.0,100
2023-10-11 14:20:00+09:00,3615.0,3615.0,3615.0,3615.0,3615.0,200
2023-10-11 14:22:00+09:00,3615.0,3615.0,3615.0,3615.0,3615.0,600
2023-10-11 14:26:00+09:00,3615.0,3615.0,3615.0,3615.0,3615.0,500
2023-10-11 14:27:00+09:00,3620.0,3620.0,3620.0,3620.0,3620.0,500
2023-10-11 14:31:00+09:00,3620.0,3620.0,3615.0,3615.0,3615.0,500
2023-10-11 14:32:00+09:00,3615.0,3615.0,3615.0,3615.0,3615.0,100
2023-10-11 14:33:00+09:00,3615.0,3615.0,3615.0,3615.0,3615.0,500
2023-10-11 14:34:00+09:00,3620.0,3620.0,3620.0,3620.0,3620.0,100
2023-10-11 14:36:00+09:00,3615.0,3615.0,3615.0,3615.0,3615.0,900
2023-10-11 14:37:00+09:00,3610.0,3615.0,3610.0,3615.0,3615.0,900
2023-10-11 14:39:00+09:00,3615.0,3615.0,3615.0,3615.0,3615.0,100
2023-10-11 14:40:00+09:00,3615.0,3615.0,3615.0,3615.0,3615.0,400
2023-10-11 14:41:00+09:00,3615.0,3615.0,3610.0,3610.0,3610.0,900
2023-10-11 14:42:00+09:00,3610.0,3610.0,3610.0,3610.0,3610.0,100
2023-10-11 14:43:00+09:00,3610.0,3610.0,3610.0,3610.0,3610.0,1400
2023-10-11 14:44:00+09:00,3610.0,3610.0,3610.0,3610.0,3610.0,100
2023-10-11 14:45:00+09:00,3615.0,3615.0,3610.0,3610.0,3610.0,200
2023-10-11 14:46:00+09:00,3610.0,3610.0,3610.0,3610.0,3610.0,700
2023-10-11 14:47:00+09:00,3615.0,3615.0,3615.0,3615.0,3615.0,500
2023-10-11 14:49:00+09:00,3615.0,3615.0,3615.0,3615.0,3615.0,100
2023-10-11 14:50:00+09:00,3615.0,3615.0,3615.0,3615.0,3615.0,200
2023-10-11 14:51:00+09:00,3620.0,3625.0,3615.0,3625.0,3625.0,1400
2023-10-11 14:52:00+09:00,3620.0,3625.0,3620.0,3625.0,3625.0,200
2023-10-11 14:53:00+09:00,3625.0,3625.0,3620.0,3620.0,3620.0,400
2023-10-11 14:54:00+09:00,3615.0,3620.0,3615.0,3615.0,3615.0,500
2023-10-11 14:55:00+09:00,3620.0,3620.0,3620.0,3620.0,3620.0,200
2023-10-11 14:56:00+09:00,3620.0,3620.0,3615.0,3620.0,3620.0,600
2023-10-11 14:57:00+09:00,3620.0,3625.0,3620.0,3620.0,3620.0,800
2023-10-11 14:58:00+09:00,3620.0,3625.0,3620.0,3620.0,3620.0,900
2023-10-11 14:59:00+09:00,3615.0,3620.0,3615.0,3620.0,3620.0,1600
2023-10-12 09:00:00+09:00,3630.0,3630.0,3605.0,3615.0,3615.0,6300
2023-10-12 09:01:00+09:00,3605.0,3610.0,3565.0,3570.0,3570.0,5900
2023-10-12 09:02:00+09:00,3575.0,3580.0,3550.0,3570.0,3570.0,2800
2023-10-12 09:03:00+09:00,3570.0,3580.0,3565.0,3565.0,3565.0,1500
2023-10-12 09:04:00+09:00,3565.0,3575.0,3565.0,3570.0,3570.0,800
2023-10-12 09:05:00+09:00,3570.0,3570.0,3545.0,3545.0,3545.0,4800
2023-10-12 09:06:00+09:00,3550.0,3575.0,3550.0,3575.0,3575.0,1400
2023-10-12 09:07:00+09:00,3570.0,3575.0,3565.0,3575.0,3575.0,800
2023-10-12 09:08:00+09:00,3565.0,3565.0,3560.0,3560.0,3560.0,400
2023-10-12 09:09:00+09:00,3575.0,3575.0,3570.0,3570.0,3570.0,700
2023-10-12 09:10:00+09:00,3565.0,3565.0,3555.0,3560.0,3560.0,2700
2023-10-12 09:11:00+09:00,3550.0,3550.0,3540.0,3550.0,3550.0,4200
2023-10-12 09:12:00+09:00,3550.0,3555.0,3550.0,3555.0,3555.0,400
2023-10-12 09:13:00+09:00,3555.0,3555.0,3555.0,3555.0,3555.0,300
2023-10-12 09:14:00+09:00,3555.0,3555.0,3550.0,3550.0,3550.0,600
2023-10-12 09:15:00+09:00,3555.0,3560.0,3555.0,3560.0,3560.0,400
2023-10-12 09:16:00+09:00,3560.0,3560.0,3560.0,3560.0,3560.0,300
2023-10-12 09:18:00+09:00,3565.0,3570.0,3565.0,3570.0,3570.0,500
2023-10-12 09:19:00+09:00,3570.0,3570.0,3570.0,3570.0,3570.0,200
2023-10-12 09:20:00+09:00,3570.0,3570.0,3570.0,3570.0,3570.0,300
2023-10-12 09:21:00+09:00,3570.0,3570.0,3570.0,3570.0,3570.0,300
2023-10-12 09:22:00+09:00,3575.0,3575.0,3575.0,3575.0,3575.0,200
2023-10-12 09:23:00+09:00,3575.0,3575.0,3570.0,3570.0,3570.0,400
2023-10-12 09:24:00+09:00,3570.0,3580.0,3570.0,3580.0,3580.0,1000
2023-10-12 09:25:00+09:00,3580.0,3580.0,3575.0,3580.0,3580.0,700
2023-10-12 09:26:00+09:00,3580.0,3580.0,3575.0,3575.0,3575.0,200
2023-10-12 09:28:00+09:00,3580.0,3580.0,3580.0,3580.0,3580.0,100
2023-10-12 09:29:00+09:00,3575.0,3575.0,3575.0,3575.0,3575.0,100
2023-10-12 09:30:00+09:00,3575.0,3580.0,3575.0,3575.0,3575.0,500
2023-10-12 09:31:00+09:00,3570.0,3580.0,3570.0,3580.0,3580.0,500
2023-10-12 09:32:00+09:00,3580.0,3580.0,3580.0,3580.0,3580.0,100
2023-10-12 09:34:00+09:00,3580.0,3580.0,3580.0,3580.0,3580.0,100
2023-10-12 09:35:00+09:00,3575.0,3575.0,3575.0,3575.0,3575.0,200
2023-10-12 09:36:00+09:00,3575.0,3575.0,3545.0,3545.0,3545.0,5000
2023-10-12 09:37:00+09:00,3540.0,3540.0,3540.0,3540.0,3540.0,100
2023-10-12 09:38:00+09:00,3540.0,3545.0,3540.0,3545.0,3545.0,500
2023-10-12 09:39:00+09:00,3540.0,3550.0,3535.0,3550.0,3550.0,2200
2023-10-12 09:40:00+09:00,3550.0,3550.0,3550.0,3550.0,3550.0,100
2023-10-12 09:41:00+09:00,3550.0,3550.0,3545.0,3545.0,3545.0,700
2023-10-12 09:42:00+09:00,3545.0,3545.0,3545.0,3545.0,3545.0,100
2023-10-12 09:44:00+09:00,3540.0,3540.0,3535.0,3535.0,3535.0,1000
2023-10-12 09:45:00+09:00,3535.0,3545.0,3535.0,3545.0,3545.0,1000
2023-10-12 09:46:00+09:00,3540.0,3540.0,3535.0,3535.0,3535.0,500
2023-10-12 09:47:00+09:00,3535.0,3535.0,3525.0,3530.0,3530.0,3900
2023-10-12 09:48:00+09:00,3530.0,3530.0,3525.0,3530.0,3530.0,600
2023-10-12 09:49:00+09:00,3530.0,3530.0,3525.0,3530.0,3530.0,1300
2023-10-12 09:50:00+09:00,3535.0,3535.0,3525.0,3525.0,3525.0,1700
2023-10-12 09:51:00+09:00,3525.0,3525.0,3525.0,3525.0,3525.0,100
2023-10-12 09:52:00+09:00,3525.0,3525.0,3515.0,3515.0,3515.0,2500
2023-10-12 09:53:00+09:00,3520.0,3520.0,3520.0,3520.0,3520.0,700
2023-10-12 09:54:00+09:00,3525.0,3525.0,3525.0,3525.0,3525.0,800
2023-10-12 09:56:00+09:00,3525.0,3525.0,3525.0,3525.0,3525.0,100
2023-10-12 09:57:00+09:00,3530.0,3530.0,3530.0,3530.0,3530.0,100
2023-10-12 09:58:00+09:00,3530.0,3535.0,3530.0,3535.0,3535.0,900
2023-10-12 09:59:00+09:00,3535.0,3535.0,3525.0,3525.0,3525.0,500
2023-10-12 10:00:00+09:00,3530.0,3530.0,3525.0,3525.0,3525.0,600
2023-10-12 10:01:00+09:00,3525.0,3525.0,3525.0,3525.0,3525.0,100
2023-10-12 10:03:00+09:00,3510.0,3510.0,3510.0,3510.0,3510.0,9000
2023-10-12 10:04:00+09:00,3515.0,3515.0,3510.0,3515.0,3515.0,1200
2023-10-12 10:05:00+09:00,3510.0,3510.0,3510.0,3510.0,3510.0,700
2023-10-12 10:06:00+09:00,3510.0,3510.0,3495.0,3505.0,3505.0,18700
2023-10-12 10:07:00+09:00,3510.0,3515.0,3510.0,3515.0,3515.0,1700
2023-10-12 10:08:00+09:00,3520.0,3520.0,3520.0,3520.0,3520.0,300
2023-10-12 10:10:00+09:00,3510.0,3520.0,3510.0,3520.0,3520.0,700
2023-10-12 10:11:00+09:00,3515.0,3515.0,3510.0,3510.0,3510.0,1100
2023-10-12 10:13:00+09:00,3515.0,3515.0,3515.0,3515.0,3515.0,100
2023-10-12 10:14:00+09:00,3510.0,3510.0,3500.0,3505.0,3505.0,4000
2023-10-12 10:15:00+09:00,3510.0,3510.0,3505.0,3505.0,3505.0,300
2023-10-12 10:16:00+09:00,3500.0,3500.0,3500.0,3500.0,3500.0,3300
2023-10-12 10:17:00+09:00,3500.0,3505.0,3500.0,3500.0,3500.0,1400
2023-10-12 10:18:00+09:00,3505.0,3505.0,3495.0,3500.0,3500.0,2100
2023-10-12 10:19:00+09:00,3500.0,3500.0,3500.0,3500.0,3500.0,200
2023-10-12 10:20:00+09:00,3505.0,3505.0,3505.0,3505.0,3505.0,200
2023-10-12 10:21:00+09:00,3500.0,3500.0,3500.0,3500.0,3500.0,200
2023-10-12 10:22:00+09:00,3500.0,3505.0,3500.0,3505.0,3505.0,1100
2023-10-12 10:24:00+09:00,3505.0,3505.0,3505.0,3505.0,3505.0,500
2023-10-12 10:25:00+09:00,3505.0,3505.0,3505.0,3505.0,3505.0,100
2023-10-12 10:26:00+09:00,3500.0,3500.0,3500.0,3500.0,3500.0,2300
2023-10-12 10:27:00+09:00,3505.0,3505.0,3505.0,3505.0,3505.0,700
2023-10-12 10:28:00+09:00,3510.0,3510.0,3505.0,3505.0,3505.0,500
2023-10-12 10:29:00+09:00,3505.0,3510.0,3505.0,3510.0,3510.0,300
2023-10-12 10:30:00+09:00,3505.0,3510.0,3505.0,3505.0,3505.0,800
2023-10-12 10:31:00+09:00,3505.0,3505.0,3505.0,3505.0,3505.0,200
2023-10-12 10:32:00+09:00,3505.0,3505.0,3500.0,3500.0,3500.0,300
2023-10-12 10:34:00+09:00,3510.0,3510.0,3505.0,3505.0,3505.0,500
2023-10-12 10:35:00+09:00,3505.0,3505.0,3505.0,3505.0,3505.0,200
2023-10-12 10:37:00+09:00,3510.0,3510.0,3495.0,3500.0,3500.0,5400
2023-10-12 10:38:00+09:00,3500.0,3510.0,3500.0,3510.0,3510.0,600
2023-10-12 10:39:00+09:00,3515.0,3525.0,3515.0,3515.0,3515.0,1500
2023-10-12 10:40:00+09:00,3515.0,3525.0,3515.0,3515.0,3515.0,1400
2023-10-12 10:41:00+09:00,3515.0,3515.0,3515.0,3515.0,3515.0,100
2023-10-12 10:42:00+09:00,3510.0,3510.0,3510.0,3510.0,3510.0,400
2023-10-12 10:43:00+09:00,3515.0,3515.0,3515.0,3515.0,3515.0,100
2023-10-12 10:47:00+09:00,3505.0,3510.0,3505.0,3510.0,3510.0,500
2023-10-12 10:48:00+09:00,3510.0,3510.0,3510.0,3510.0,3510.0,100
2023-10-12 10:49:00+09:00,3515.0,3515.0,3515.0,3515.0,3515.0,200
2023-10-12 10:50:00+09:00,3520.0,3520.0,3520.0,3520.0,3520.0,200
2023-10-12 10:51:00+09:00,3520.0,3520.0,3520.0,3520.0,3520.0,600
2023-10-12 10:54:00+09:00,3520.0,3520.0,3520.0,3520.0,3520.0,400
2023-10-12 10:55:00+09:00,3515.0,3525.0,3515.0,3525.0,3525.0,1800
2023-10-12 10:56:00+09:00,3530.0,3535.0,3520.0,3525.0,3525.0,900
2023-10-12 10:57:00+09:00,3525.0,3525.0,3510.0,3510.0,3510.0,5000
2023-10-12 10:58:00+09:00,3505.0,3510.0,3505.0,3510.0,3510.0,700
2023-10-12 10:59:00+09:00,3505.0,3515.0,3505.0,3510.0,3510.0,1100
2023-10-12 11:00:00+09:00,3515.0,3515.0,3510.0,3510.0,3510.0,300
2023-10-12 11:01:00+09:00,3510.0,3510.0,3505.0,3510.0,3510.0,1300
2023-10-12 11:02:00+09:00,3510.0,3510.0,3510.0,3510.0,3510.0,400
2023-10-12 11:07:00+09:00,3510.0,3510.0,3510.0,3510.0,3510.0,100
2023-10-12 11:09:00+09:00,3515.0,3515.0,3510.0,3510.0,3510.0,1000
2023-10-12 11:10:00+09:00,3515.0,3515.0,3510.0,3510.0,3510.0,200
2023-10-12 11:11:00+09:00,3510.0,3510.0,3510.0,3510.0,3510.0,300
2023-10-12 11:13:00+09:00,3510.0,3510.0,3510.0,3510.0,3510.0,400
2023-10-12 11:14:00+09:00,3510.0,3510.0,3510.0,3510.0,3510.0,100
2023-10-12 11:15:00+09:00,3510.0,3510.0,3510.0,3510.0,3510.0,100
2023-10-12 11:16:00+09:00,3510.0,3510.0,3510.0,3510.0,3510.0,100
2023-10-12 11:18:00+09:00,3510.0,3510.0,3510.0,3510.0,3510.0,300
2023-10-12 11:20:00+09:00,3515.0,3515.0,3515.0,3515.0,3515.0,300
2023-10-12 11:21:00+09:00,3510.0,3510.0,3510.0,3510.0,3510.0,200
2023-10-12 11:23:00+09:00,3510.0,3510.0,3510.0,3510.0,3510.0,100
2023-10-12 11:24:00+09:00,3510.0,3510.0,3505.0,3505.0,3505.0,1400
2023-10-12 11:25:00+09:00,3510.0,3510.0,3510.0,3510.0,3510.0,300
2023-10-12 11:26:00+09:00,3510.0,3510.0,3510.0,3510.0,3510.0,200
2023-10-12 11:29:00+09:00,3505.0,3505.0,3500.0,3500.0,3500.0,800
2023-10-12 11:30:00+09:00,3500.0,3500.0,3500.0,3500.0,3500.0,700
2023-10-12 11:35:00+09:00,3500.0,3500.0,3500.0,3500.0,3500.0,0
2023-10-12 12:30:00+09:00,3500.0,3510.0,3500.0,3505.0,3505.0,152200
2023-10-12 12:31:00+09:00,3510.0,3510.0,3505.0,3505.0,3505.0,200
2023-10-12 12:32:00+09:00,3515.0,3515.0,3515.0,3515.0,3515.0,300
2023-10-12 12:33:00+09:00,3505.0,3510.0,3505.0,3505.0,3505.0,700
2023-10-12 12:34:00+09:00,3500.0,3500.0,3500.0,3500.0,3500.0,100
2023-10-12 12:35:00+09:00,3500.0,3510.0,3495.0,3510.0,3510.0,10500
2023-10-12 12:36:00+09:00,3505.0,3510.0,3505.0,3510.0,3510.0,300
2023-10-12 12:37:00+09:00,3510.0,3510.0,3510.0,3510.0,3510.0,800
2023-10-12 12:38:00+09:00,3505.0,3505.0,3505.0,3505.0,3505.0,200
2023-10-12 12:39:00+09:00,3505.0,3510.0,3505.0,3510.0,3510.0,500
2023-10-12 12:40:00+09:00,3515.0,3515.0,3515.0,3515.0,3515.0,700
2023-10-12 12:41:00+09:00,3510.0,3510.0,3505.0,3505.0,3505.0,1000
2023-10-12 12:42:00+09:00,3510.0,3510.0,3510.0,3510.0,3510.0,300
2023-10-12 12:43:00+09:00,3505.0,3505.0,3505.0,3505.0,3505.0,300
2023-10-12 12:44:00+09:00,3500.0,3500.0,3495.0,3500.0,3500.0,3700
2023-10-12 12:45:00+09:00,3505.0,3505.0,3500.0,3500.0,3500.0,200
2023-10-12 12:46:00+09:00,3510.0,3510.0,3510.0,3510.0,3510.0,600
2023-10-12 12:47:00+09:00,3510.0,3510.0,3510.0,3510.0,3510.0,300
2023-10-12 12:49:00+09:00,3515.0,3515.0,3510.0,3515.0,3515.0,1500
2023-10-12 12:50:00+09:00,3515.0,3520.0,3515.0,3520.0,3520.0,300
2023-10-12 12:51:00+09:00,3510.0,3510.0,3510.0,3510.0,3510.0,100
2023-10-12 12:53:00+09:00,3515.0,3515.0,3510.0,3510.0,3510.0,300
2023-10-12 12:55:00+09:00,3515.0,3520.0,3510.0,3510.0,3510.0,500
2023-10-12 12:56:00+09:00,3520.0,3520.0,3515.0,3515.0,3515.0,600
2023-10-12 12:57:00+09:00,3515.0,3515.0,3515.0,3515.0,3515.0,100
2023-10-12 12:58:00+09:00,3510.0,3510.0,3510.0,3510.0,3510.0,100
2023-10-12 13:00:00+09:00,3510.0,3510.0,3505.0,3510.0,3510.0,800
2023-10-12 13:01:00+09:00,3505.0,3505.0,3505.0,3505.0,3505.0,200
2023-10-12 13:02:00+09:00,3505.0,3505.0,3505.0,3505.0,3505.0,600
2023-10-12 13:03:00+09:00,3505.0,3505.0,3505.0,3505.0,3505.0,100
2023-10-12 13:04:00+09:00,3500.0,3500.0,3495.0,3500.0,3500.0,2100
2023-10-12 13:05:00+09:00,3500.0,3505.0,3500.0,3505.0,3505.0,600
2023-10-12 13:07:00+09:00,3500.0,3500.0,3500.0,3500.0,3500.0,600
2023-10-12 13:08:00+09:00,3500.0,3500.0,3500.0,3500.0,3500.0,200
2023-10-12 13:10:00+09:00,3505.0,3505.0,3505.0,3505.0,3505.0,400
2023-10-12 13:11:00+09:00,3500.0,3500.0,3500.0,3500.0,3500.0,100
2023-10-12 13:12:00+09:00,3500.0,3500.0,3500.0,3500.0,3500.0,1200
2023-10-12 13:13:00+09:00,3500.0,3500.0,3500.0,3500.0,3500.0,200
2023-10-12 13:14:00+09:00,3495.0,3495.0,3485.0,3490.0,3490.0,4800
2023-10-12 13:15:00+09:00,3495.0,3495.0,3495.0,3495.0,3495.0,400
2023-10-12 13:16:00+09:00,3495.0,3495.0,3495.0,3495.0,3495.0,100
2023-10-12 13:17:00+09:00,3495.0,3495.0,3495.0,3495.0,3495.0,200
2023-10-12 13:18:00+09:00,3495.0,3495.0,3495.0,3495.0,3495.0,100
2023-10-12 13:19:00+09:00,3495.0,3495.0,3495.0,3495.0,3495.0,800
2023-10-12 13:20:00+09:00,3495.0,3495.0,3495.0,3495.0,3495.0,200
2023-10-12 13:21:00+09:00,3500.0,3500.0,3495.0,3500.0,3500.0,2700
2023-10-12 13:23:00+09:00,3495.0,3495.0,3490.0,3495.0,3495.0,500
2023-10-12 13:24:00+09:00,3495.0,3500.0,3495.0,3495.0,3495.0,300
2023-10-12 13:25:00+09:00,3490.0,3495.0,3490.0,3495.0,3495.0,400
2023-10-12 13:26:00+09:00,3495.0,3495.0,3490.0,3495.0,3495.0,1300
2023-10-12 13:29:00+09:00,3495.0,3495.0,3495.0,3495.0,3495.0,100
2023-10-12 13:30:00+09:00,3490.0,3490.0,3490.0,3490.0,3490.0,400
2023-10-12 13:31:00+09:00,3490.0,3490.0,3490.0,3490.0,3490.0,100
2023-10-12 13:32:00+09:00,3490.0,3490.0,3490.0,3490.0,3490.0,1300
2023-10-12 13:33:00+09:00,3490.0,3490.0,3490.0,3490.0,3490.0,800
2023-10-12 13:34:00+09:00,3490.0,3490.0,3490.0,3490.0,3490.0,800
2023-10-12 13:35:00+09:00,3495.0,3495.0,3495.0,3495.0,3495.0,100
2023-10-12 13:36:00+09:00,3490.0,3490.0,3490.0,3490.0,3490.0,200
2023-10-12 13:37:00+09:00,3495.0,3495.0,3485.0,3485.0,3485.0,2600
2023-10-12 13:38:00+09:00,3485.0,3485.0,3485.0,3485.0,3485.0,200
2023-10-12 13:39:00+09:00,3485.0,3485.0,3485.0,3485.0,3485.0,100
2023-10-12 13:40:00+09:00,3490.0,3490.0,3480.0,3480.0,3480.0,400
2023-10-12 13:41:00+09:00,3485.0,3485.0,3485.0,3485.0,3485.0,100
2023-10-12 13:43:00+09:00,3490.0,3490.0,3490.0,3490.0,3490.0,1400
2023-10-12 13:44:00+09:00,3490.0,3490.0,3490.0,3490.0,3490.0,200
2023-10-12 13:45:00+09:00,3490.0,3490.0,3490.0,3490.0,3490.0,200
2023-10-12 13:47:00+09:00,3490.0,3490.0,3490.0,3490.0,3490.0,100
2023-10-12 13:48:00+09:00,3490.0,3490.0,3490.0,3490.0,3490.0,200
2023-10-12 13:49:00+09:00,3495.0,3495.0,3490.0,3490.0,3490.0,600
2023-10-12 13:50:00+09:00,3490.0,3495.0,3490.0,3490.0,3490.0,400
2023-10-12 13:52:00+09:00,3490.0,3490.0,3490.0,3490.0,3490.0,200
2023-10-12 13:53:00+09:00,3490.0,3490.0,3490.0,3490.0,3490.0,200
2023-10-12 13:54:00+09:00,3490.0,3490.0,3490.0,3490.0,3490.0,100
2023-10-12 13:55:00+09:00,3485.0,3490.0,3485.0,3490.0,3490.0,1700
2023-10-12 13:58:00+09:00,3490.0,3490.0,3490.0,3490.0,3490.0,500
2023-10-12 14:01:00+09:00,3490.0,3490.0,3485.0,3485.0,3485.0,2000
2023-10-12 14:02:00+09:00,3485.0,3485.0,3485.0,3485.0,3485.0,300
2023-10-12 14:04:00+09:00,3480.0,3480.0,3480.0,3480.0,3480.0,7400
2023-10-12 14:05:00+09:00,3475.0,3475.0,3470.0,3475.0,3475.0,4700
2023-10-12 14:06:00+09:00,3475.0,3480.0,3470.0,3480.0,3480.0,1900
2023-10-12 14:07:00+09:00,3480.0,3480.0,3480.0,3480.0,3480.0,1300
2023-10-12 14:08:00+09:00,3485.0,3485.0,3465.0,3470.0,3470.0,11100
2023-10-12 14:10:00+09:00,3465.0,3480.0,3465.0,3480.0,3480.0,1900
2023-10-12 14:12:00+09:00,3470.0,3475.0,3470.0,3475.0,3475.0,1400
2023-10-12 14:13:00+09:00,3480.0,3490.0,3480.0,3490.0,3490.0,1000
2023-10-12 14:15:00+09:00,3480.0,3480.0,3480.0,3480.0,3480.0,100
2023-10-12 14:16:00+09:00,3480.0,3480.0,3480.0,3480.0,3480.0,500
2023-10-12 14:17:00+09:00,3485.0,3485.0,3485.0,3485.0,3485.0,100
2023-10-12 14:18:00+09:00,3475.0,3475.0,3470.0,3470.0,3470.0,500
2023-10-12 14:19:00+09:00,3470.0,3470.0,3470.0,3470.0,3470.0,500
2023-10-12 14:20:00+09:00,3475.0,3480.0,3475.0,3480.0,3480.0,600
2023-10-12 14:22:00+09:00,3475.0,3480.0,3475.0,3480.0,3480.0,200
2023-10-12 14:23:00+09:00,3470.0,3470.0,3470.0,3470.0,3470.0,600
2023-10-12 14:24:00+09:00,3470.0,3485.0,3465.0,3485.0,3485.0,1300
2023-10-12 14:26:00+09:00,3470.0,3470.0,3470.0,3470.0,3470.0,400
2023-10-12 14:27:00+09:00,3470.0,3470.0,3465.0,3465.0,3465.0,200
2023-10-12 14:28:00+09:00,3465.0,3470.0,3465.0,3465.0,3465.0,400
2023-10-12 14:29:00+09:00,3470.0,3470.0,3460.0,3465.0,3465.0,1400
2023-10-12 14:30:00+09:00,3470.0,3470.0,3470.0,3470.0,3470.0,400
2023-10-12 14:31:00+09:00,3470.0,3470.0,3470.0,3470.0,3470.0,100
2023-10-12 14:33:00+09:00,3470.0,3470.0,3465.0,3465.0,3465.0,200
2023-10-12 14:34:00+09:00,3470.0,3475.0,3470.0,3475.0,3475.0,1100
2023-10-12 14:36:00+09:00,3475.0,3475.0,3470.0,3470.0,3470.0,600
2023-10-12 14:37:00+09:00,3470.0,3475.0,3470.0,3475.0,3475.0,700
2023-10-12 14:38:00+09:00,3475.0,3475.0,3475.0,3475.0,3475.0,200
2023-10-12 14:39:00+09:00,3475.0,3485.0,3475.0,3485.0,3485.0,1600
2023-10-12 14:40:00+09:00,3480.0,3480.0,3480.0,3480.0,3480.0,400
2023-10-12 14:41:00+09:00,3475.0,3480.0,3475.0,3475.0,3475.0,2800
2023-10-12 14:42:00+09:00,3480.0,3480.0,3480.0,3480.0,3480.0,100
2023-10-12 14:44:00+09:00,3475.0,3475.0,3465.0,3465.0,3465.0,8700
2023-10-12 14:45:00+09:00,3470.0,3470.0,3455.0,3470.0,3470.0,4800
2023-10-12 14:46:00+09:00,3470.0,3470.0,3470.0,3470.0,3470.0,1000
2023-10-12 14:47:00+09:00,3470.0,3470.0,3465.0,3465.0,3465.0,200
2023-10-12 14:49:00+09:00,3470.0,3470.0,3465.0,3470.0,3470.0,3100
2023-10-12 14:50:00+09:00,3465.0,3465.0,3465.0,3465.0,3465.0,300
2023-10-12 14:51:00+09:00,3470.0,3485.0,3470.0,3480.0,3480.0,2500
2023-10-12 14:52:00+09:00,3475.0,3480.0,3475.0,3480.0,3480.0,200
2023-10-12 14:53:00+09:00,3475.0,3475.0,3470.0,3470.0,3470.0,800
2023-10-12 14:54:00+09:00,3470.0,3470.0,3470.0,3470.0,3470.0,100
2023-10-12 14:55:00+09:00,3475.0,3480.0,3470.0,3470.0,3470.0,1100
2023-10-12 14:56:00+09:00,3470.0,3475.0,3470.0,3475.0,3475.0,300
2023-10-12 14:57:00+09:00,3480.0,3485.0,3475.0,3475.0,3475.0,1500
2023-10-12 14:58:00+09:00,3475.0,3480.0,3470.0,3470.0,3470.0,2100
2023-10-12 14:59:00+09:00,3470.0,3485.0,3470.0,3470.0,3470.0,3300
2023-10-13 09:00:00+09:00,3450.0,3460.0,3430.0,3430.0,3430.0,16900
2023-10-13 09:01:00+09:00,3425.0,3425.0,3375.0,3390.0,3390.0,10000
2023-10-13 09:02:00+09:00,3395.0,3410.0,3385.0,3395.0,3395.0,5400
2023-10-13 09:03:00+09:00,3395.0,3395.0,3395.0,3395.0,3395.0,300
2023-10-13 09:04:00+09:00,3395.0,3410.0,3395.0,3410.0,3410.0,900
2023-10-13 09:05:00+09:00,3410.0,3415.0,3410.0,3410.0,3410.0,700
2023-10-13 09:06:00+09:00,3410.0,3415.0,3405.0,3405.0,3405.0,800
2023-10-13 09:07:00+09:00,3410.0,3410.0,3410.0,3410.0,3410.0,400
2023-10-13 09:08:00+09:00,3405.0,3405.0,3395.0,3400.0,3400.0,2800
2023-10-13 09:10:00+09:00,3400.0,3400.0,3390.0,3400.0,3400.0,3000
2023-10-13 09:11:00+09:00,3400.0,3405.0,3400.0,3400.0,3400.0,800
2023-10-13 09:12:00+09:00,3400.0,3400.0,3400.0,3400.0,3400.0,100
2023-10-13 09:13:00+09:00,3390.0,3390.0,3390.0,3390.0,3390.0,400
2023-10-13 09:14:00+09:00,3395.0,3400.0,3395.0,3400.0,3400.0,1500
2023-10-13 09:15:00+09:00,3400.0,3410.0,3400.0,3410.0,3410.0,600
2023-10-13 09:16:00+09:00,3410.0,3410.0,3410.0,3410.0,3410.0,200
2023-10-13 09:17:00+09:00,3410.0,3415.0,3410.0,3415.0,3415.0,3400
2023-10-13 09:18:00+09:00,3420.0,3420.0,3415.0,3415.0,3415.0,2900
2023-10-13 09:19:00+09:00,3420.0,3430.0,3420.0,3430.0,3430.0,2000
2023-10-13 09:20:00+09:00,3435.0,3440.0,3435.0,3435.0,3435.0,2200
2023-10-13 09:21:00+09:00,3435.0,3435.0,3435.0,3435.0,3435.0,400
2023-10-13 09:23:00+09:00,3430.0,3430.0,3425.0,3425.0,3425.0,600
2023-10-13 09:24:00+09:00,3420.0,3420.0,3420.0,3420.0,3420.0,400
2023-10-13 09:25:00+09:00,3415.0,3415.0,3410.0,3410.0,3410.0,1400
2023-10-13 09:26:00+09:00,3405.0,3405.0,3405.0,3405.0,3405.0,2000
2023-10-13 09:27:00+09:00,3405.0,3415.0,3400.0,3415.0,3415.0,6400
2023-10-13 09:28:00+09:00,3420.0,3420.0,3415.0,3415.0,3415.0,500
2023-10-13 09:30:00+09:00,3415.0,3430.0,3415.0,3430.0,3430.0,800
2023-10-13 09:31:00+09:00,3425.0,3435.0,3425.0,3435.0,3435.0,400
2023-10-13 09:32:00+09:00,3440.0,3450.0,3440.0,3450.0,3450.0,2900
2023-10-13 09:33:00+09:00,3450.0,3455.0,3440.0,3440.0,3440.0,4800
2023-10-13 09:34:00+09:00,3440.0,3440.0,3435.0,3435.0,3435.0,1500
2023-10-13 09:35:00+09:00,3430.0,3435.0,3430.0,3435.0,3435.0,400
2023-10-13 09:36:00+09:00,3430.0,3430.0,3425.0,3425.0,3425.0,300
2023-10-13 09:37:00+09:00,3425.0,3425.0,3425.0,3425.0,3425.0,300
2023-10-13 09:39:00+09:00,3415.0,3415.0,3415.0,3415.0,3415.0,100
2023-10-13 09:40:00+09:00,3415.0,3415.0,3415.0,3415.0,3415.0,200
2023-10-13 09:41:00+09:00,3415.0,3415.0,3410.0,3410.0,3410.0,400
2023-10-13 09:42:00+09:00,3410.0,3410.0,3405.0,3405.0,3405.0,800
2023-10-13 09:44:00+09:00,3405.0,3405.0,3405.0,3405.0,3405.0,100
2023-10-13 09:45:00+09:00,3410.0,3410.0,3410.0,3410.0,3410.0,100
2023-10-13 09:46:00+09:00,3410.0,3410.0,3410.0,3410.0,3410.0,500
2023-10-13 09:47:00+09:00,3415.0,3415.0,3415.0,3415.0,3415.0,300
2023-10-13 09:48:00+09:00,3420.0,3440.0,3415.0,3415.0,3415.0,1900
2023-10-13 09:49:00+09:00,3410.0,3410.0,3405.0,3405.0,3405.0,600
2023-10-13 09:50:00+09:00,3405.0,3410.0,3405.0,3410.0,3410.0,800
2023-10-13 09:51:00+09:00,3405.0,3405.0,3405.0,3405.0,3405.0,100
2023-10-13 09:52:00+09:00,3405.0,3405.0,3400.0,3400.0,3400.0,1100
2023-10-13 09:53:00+09:00,3395.0,3395.0,3395.0,3395.0,3395.0,1500
2023-10-13 09:54:00+09:00,3385.0,3385.0,3385.0,3385.0,3385.0,4200
2023-10-13 09:55:00+09:00,3380.0,3385.0,3380.0,3385.0,3385.0,800
2023-10-13 09:57:00+09:00,3375.0,3375.0,3375.0,3375.0,3375.0,400
2023-10-13 09:58:00+09:00,3375.0,3380.0,3370.0,3380.0,3380.0,2600
2023-10-13 09:59:00+09:00,3375.0,3375.0,3375.0,3375.0,3375.0,300
2023-10-13 10:00:00+09:00,3375.0,3390.0,3375.0,3390.0,3390.0,1600
2023-10-13 10:01:00+09:00,3390.0,3390.0,3385.0,3385.0,3385.0,200
2023-10-13 10:02:00+09:00,3375.0,3375.0,3375.0,3375.0,3375.0,300
2023-10-13 10:03:00+09:00,3380.0,3385.0,3380.0,3385.0,3385.0,2000
2023-10-13 10:04:00+09:00,3390.0,3390.0,3390.0,3390.0,3390.0,300
2023-10-13 10:05:00+09:00,3395.0,3395.0,3395.0,3395.0,3395.0,500
2023-10-13 10:06:00+09:00,3390.0,3390.0,3390.0,3390.0,3390.0,600
2023-10-13 10:07:00+09:00,3385.0,3385.0,3380.0,3380.0,3380.0,400
2023-10-13 10:08:00+09:00,3375.0,3375.0,3375.0,3375.0,3375.0,0
2023-10-13 10:11:00+09:00,3385.0,3385.0,3380.0,3385.0,3385.0,101600
2023-10-13 10:14:00+09:00,3380.0,3380.0,3380.0,3380.0,3380.0,100
2023-10-13 10:15:00+09:00,3380.0,3380.0,3380.0,3380.0,3380.0,300
2023-10-13 10:16:00+09:00,3375.0,3375.0,3375.0,3375.0,3375.0,500
2023-10-13 10:17:00+09:00,3380.0,3380.0,3380.0,3380.0,3380.0,200
2023-10-13 10:18:00+09:00,3380.0,3380.0,3380.0,3380.0,3380.0,200
2023-10-13 10:19:00+09:00,3375.0,3375.0,3370.0,3375.0,3375.0,3000
2023-10-13 10:20:00+09:00,3370.0,3370.0,3330.0,3360.0,3360.0,30700
2023-10-13 10:21:00+09:00,3365.0,3365.0,3365.0,3365.0,3365.0,400
2023-10-13 10:22:00+09:00,3365.0,3365.0,3360.0,3360.0,3360.0,500
2023-10-13 10:23:00+09:00,3365.0,3370.0,3365.0,3370.0,3370.0,300
2023-10-13 10:24:00+09:00,3360.0,3360.0,3360.0,3360.0,3360.0,500
2023-10-13 10:25:00+09:00,3355.0,3360.0,3355.0,3360.0,3360.0,1400
2023-10-13 10:26:00+09:00,3355.0,3360.0,3350.0,3355.0,3355.0,1800
2023-10-13 10:28:00+09:00,3360.0,3360.0,3355.0,3360.0,3360.0,1000
2023-10-13 10:29:00+09:00,3365.0,3365.0,3365.0,3365.0,3365.0,100
2023-10-13 10:30:00+09:00,3360.0,3360.0,3350.0,3350.0,3350.0,4300
2023-10-13 10:31:00+09:00,3345.0,3345.0,3340.0,3340.0,3340.0,700
2023-10-13 10:32:00+09:00,3340.0,3340.0,3335.0,3335.0,3335.0,2200
2023-10-13 10:33:00+09:00,3335.0,3340.0,3330.0,3330.0,3330.0,1100
2023-10-13 10:34:00+09:00,3335.0,3340.0,3330.0,3330.0,3330.0,2900
2023-10-13 10:35:00+09:00,3330.0,3335.0,3330.0,3335.0,3335.0,1200
2023-10-13 10:36:00+09:00,3330.0,3330.0,3330.0,3330.0,3330.0,100
2023-10-13 10:37:00+09:00,3330.0,3335.0,3330.0,3335.0,3335.0,700
2023-10-13 10:38:00+09:00,3335.0,3335.0,3325.0,3325.0,3325.0,2600
2023-10-13 10:39:00+09:00,3330.0,3335.0,3325.0,3330.0,3330.0,3600
2023-10-13 10:40:00+09:00,3335.0,3335.0,3335.0,3335.0,3335.0,1200
2023-10-13 10:41:00+09:00,3330.0,3330.0,3330.0,3330.0,3330.0,200
2023-10-13 10:42:00+09:00,3325.0,3330.0,3325.0,3330.0,3330.0,400
2023-10-13 10:43:00+09:00,3330.0,3330.0,3320.0,3320.0,3320.0,2900
2023-10-13 10:44:00+09:00,3325.0,3325.0,3315.0,3315.0,3315.0,4900
2023-10-13 10:45:00+09:00,3315.0,3315.0,3310.0,3315.0,3315.0,2200
2023-10-13 10:46:00+09:00,3320.0,3320.0,3315.0,3315.0,3315.0,200
2023-10-13 10:47:00+09:00,3315.0,3315.0,3305.0,3305.0,3305.0,2300
2023-10-13 10:48:00+09:00,3315.0,3315.0,3310.0,3315.0,3315.0,2200
2023-10-13 10:49:00+09:00,3315.0,3330.0,3315.0,3330.0,3330.0,3400
2023-10-13 10:50:00+09:00,3325.0,3325.0,3325.0,3325.0,3325.0,3100
2023-10-13 10:51:00+09:00,3330.0,3330.0,3330.0,3330.0,3330.0,800
2023-10-13 10:52:00+09:00,3325.0,3325.0,3325.0,3325.0,3325.0,200
2023-10-13 10:53:00+09:00,3325.0,3325.0,3325.0,3325.0,3325.0,200
2023-10-13 10:54:00+09:00,3330.0,3330.0,3330.0,3330.0,3330.0,400
2023-10-13 10:55:00+09:00,3325.0,3325.0,3325.0,3325.0,3325.0,100
2023-10-13 10:56:00+09:00,3325.0,3330.0,3325.0,3330.0,3330.0,400
2023-10-13 10:57:00+09:00,3325.0,3325.0,3325.0,3325.0,3325.0,1200
2023-10-13 10:58:00+09:00,3325.0,3325.0,3325.0,3325.0,3325.0,300
2023-10-13 10:59:00+09:00,3325.0,3325.0,3325.0,3325.0,3325.0,100
2023-10-13 11:00:00+09:00,3330.0,3330.0,3330.0,3330.0,3330.0,100
2023-10-13 11:03:00+09:00,3330.0,3330.0,3325.0,3325.0,3325.0,300
2023-10-13 11:05:00+09:00,3330.0,3340.0,3330.0,3340.0,3340.0,4500
2023-10-13 11:06:00+09:00,3335.0,3335.0,3335.0,3335.0,3335.0,400
2023-10-13 11:07:00+09:00,3335.0,3335.0,3335.0,3335.0,3335.0,100
2023-10-13 11:08:00+09:00,3330.0,3330.0,3330.0,3330.0,3330.0,600
2023-10-13 11:12:00+09:00,3335.0,3335.0,3335.0,3335.0,3335.0,100
2023-10-13 11:13:00+09:00,3330.0,3335.0,3325.0,3335.0,3335.0,1200
2023-10-13 11:17:00+09:00,3330.0,3330.0,3330.0,3330.0,3330.0,800
2023-10-13 11:18:00+09:00,3335.0,3340.0,3335.0,3335.0,3335.0,1900
2023-10-13 11:19:00+09:00,3330.0,3330.0,3330.0,3330.0,3330.0,200
2023-10-13 11:20:00+09:00,3330.0,3330.0,3325.0,3325.0,3325.0,200
2023-10-13 11:21:00+09:00,3320.0,3325.0,3320.0,3325.0,3325.0,1400
2023-10-13 11:23:00+09:00,3320.0,3320.0,3320.0,3320.0,3320.0,1200
2023-10-13 11:24:00+09:00,3315.0,3315.0,3300.0,3300.0,3300.0,9700
2023-10-13 11:25:00+09:00,3305.0,3305.0,3305.0,3305.0,3305.0,100
2023-10-13 11:26:00+09:00,3305.0,3305.0,3300.0,3305.0,3305.0,1000
2023-10-13 11:27:00+09:00,3310.0,3310.0,3305.0,3310.0,3310.0,600
2023-10-13 11:28:00+09:00,3310.0,3310.0,3305.0,3305.0,3305.0,900
2023-10-13 11:29:00+09:00,3310.0,3310.0,3310.0,3310.0,3310.0,1000
2023-10-13 11:30:00+09:00,3315.0,3315.0,3315.0,3315.0,3315.0,10600
2023-10-13 11:35:00+09:00,3315.0,3315.0,3315.0,3315.0,3315.0,0
2023-10-13 12:30:00+09:00,3320.0,3350.0,3315.0,3345.0,3345.0,238300
2023-10-13 12:31:00+09:00,3350.0,3355.0,3335.0,3345.0,3345.0,7800
2023-10-13 12:32:00+09:00,3350.0,3360.0,3350.0,3360.0,3360.0,1000
2023-10-13 12:33:00+09:00,3360.0,3360.0,3350.0,3350.0,3350.0,1500
2023-10-13 12:34:00+09:00,3345.0,3350.0,3340.0,3340.0,3340.0,2000
2023-10-13 12:35:00+09:00,3340.0,3340.0,3335.0,3335.0,3335.0,1000
2023-10-13 12:36:00+09:00,3335.0,3355.0,3335.0,3355.0,3355.0,1900
2023-10-13 12:37:00+09:00,3360.0,3360.0,3350.0,3350.0,3350.0,1300
2023-10-13 12:38:00+09:00,3350.0,3350.0,3350.0,3350.0,3350.0,400
2023-10-13 12:39:00+09:00,3355.0,3355.0,3350.0,3350.0,3350.0,400
2023-10-13 12:40:00+09:00,3355.0,3375.0,3350.0,3365.0,3365.0,4400
2023-10-13 12:41:00+09:00,3365.0,3365.0,3355.0,3355.0,3355.0,1000
2023-10-13 12:42:00+09:00,3355.0,3355.0,3355.0,3355.0,3355.0,300
2023-10-13 12:43:00+09:00,3355.0,3355.0,3355.0,3355.0,3355.0,300
2023-10-13 12:44:00+09:00,3350.0,3350.0,3340.0,3345.0,3345.0,2100
2023-10-13 12:45:00+09:00,3345.0,3350.0,3345.0,3350.0,3350.0,200
2023-10-13 12:46:00+09:00,3355.0,3355.0,3355.0,3355.0,3355.0,100
2023-10-13 12:47:00+09:00,3355.0,3355.0,3340.0,3340.0,3340.0,1100
2023-10-13 12:48:00+09:00,3340.0,3350.0,3340.0,3350.0,3350.0,1500
2023-10-13 12:49:00+09:00,3350.0,3350.0,3350.0,3350.0,3350.0,100
2023-10-13 12:51:00+09:00,3350.0,3350.0,3350.0,3350.0,3350.0,400
2023-10-13 12:52:00+09:00,3355.0,3355.0,3355.0,3355.0,3355.0,1000
2023-10-13 12:53:00+09:00,3355.0,3360.0,3350.0,3360.0,3360.0,700
2023-10-13 12:54:00+09:00,3360.0,3360.0,3360.0,3360.0,3360.0,100
2023-10-13 12:58:00+09:00,3360.0,3365.0,3355.0,3360.0,3360.0,2100
2023-10-13 12:59:00+09:00,3360.0,3360.0,3355.0,3360.0,3360.0,1600
2023-10-13 13:00:00+09:00,3360.0,3360.0,3360.0,3360.0,3360.0,100
2023-10-13 13:01:00+09:00,3365.0,3385.0,3360.0,3385.0,3385.0,5900
2023-10-13 13:02:00+09:00,3375.0,3375.0,3375.0,3375.0,3375.0,1700
2023-10-13 13:03:00+09:00,3375.0,3375.0,3375.0,3375.0,3375.0,800
2023-10-13 13:04:00+09:00,3375.0,3385.0,3375.0,3380.0,3380.0,900
2023-10-13 13:05:00+09:00,3380.0,3380.0,3380.0,3380.0,3380.0,500
2023-10-13 13:06:00+09:00,3380.0,3385.0,3380.0,3380.0,3380.0,1700
2023-10-13 13:07:00+09:00,3385.0,3390.0,3385.0,3390.0,3390.0,1700
2023-10-13 13:08:00+09:00,3395.0,3395.0,3385.0,3385.0,3385.0,2600
2023-10-13 13:10:00+09:00,3385.0,3385.0,3385.0,3385.0,3385.0,200
2023-10-13 13:11:00+09:00,3385.0,3385.0,3380.0,3380.0,3380.0,1700
2023-10-13 13:12:00+09:00,3380.0,3380.0,3380.0,3380.0,3380.0,100
2023-10-13 13:13:00+09:00,3375.0,3375.0,3375.0,3375.0,3375.0,300
2023-10-13 13:15:00+09:00,3370.0,3370.0,3370.0,3370.0,3370.0,2100
2023-10-13 13:16:00+09:00,3370.0,3375.0,3370.0,3370.0,3370.0,700
2023-10-13 13:17:00+09:00,3370.0,3370.0,3370.0,3370.0,3370.0,500
2023-10-13 13:18:00+09:00,3370.0,3370.0,3315.0,3345.0,3345.0,26500
2023-10-13 13:19:00+09:00,3350.0,3350.0,3330.0,3340.0,3340.0,2500
2023-10-13 13:20:00+09:00,3345.0,3345.0,3340.0,3340.0,3340.0,200
2023-10-13 13:21:00+09:00,3340.0,3340.0,3340.0,3340.0,3340.0,300
2023-10-13 13:22:00+09:00,3345.0,3345.0,3340.0,3340.0,3340.0,900
2023-10-13 13:23:00+09:00,3345.0,3345.0,3345.0,3345.0,3345.0,100
2023-10-13 13:24:00+09:00,3335.0,3340.0,3335.0,3340.0,3340.0,1800
2023-10-13 13:25:00+09:00,3345.0,3345.0,3345.0,3345.0,3345.0,100
2023-10-13 13:26:00+09:00,3345.0,3350.0,3345.0,3345.0,3345.0,1600
2023-10-13 13:28:00+09:00,3345.0,3345.0,3340.0,3345.0,3345.0,900
2023-10-13 13:29:00+09:00,3350.0,3350.0,3350.0,3350.0,3350.0,100
2023-10-13 13:30:00+09:00,3350.0,3355.0,3345.0,3355.0,3355.0,1600
2023-10-13 13:32:00+09:00,3355.0,3355.0,3355.0,3355.0,3355.0,100
2023-10-13 13:33:00+09:00,3355.0,3355.0,3355.0,3355.0,3355.0,300
2023-10-13 13:36:00+09:00,3350.0,3350.0,3350.0,3350.0,3350.0,1000
2023-10-13 13:37:00+09:00,3345.0,3345.0,3345.0,3345.0,3345.0,1000
2023-10-13 13:39:00+09:00,3340.0,3345.0,3340.0,3345.0,3345.0,400
2023-10-13 13:40:00+09:00,3345.0,3345.0,3345.0,3345.0,3345.0,200
2023-10-13 13:41:00+09:00,3340.0,3340.0,3340.0,3340.0,3340.0,100
2023-10-13 13:42:00+09:00,3345.0,3350.0,3345.0,3345.0,3345.0,1200
2023-10-13 13:43:00+09:00,3340.0,3340.0,3340.0,3340.0,3340.0,100
2023-10-13 13:44:00+09:00,3340.0,3340.0,3335.0,3335.0,3335.0,1200
2023-10-13 13:45:00+09:00,3340.0,3340.0,3340.0,3340.0,3340.0,700
2023-10-13 13:46:00+09:00,3335.0,3335.0,3335.0,3335.0,3335.0,200
2023-10-13 13:48:00+09:00,3335.0,3335.0,3335.0,3335.0,3335.0,300
2023-10-13 13:50:00+09:00,3335.0,3335.0,3335.0,3335.0,3335.0,100
2023-10-13 13:52:00+09:00,3335.0,3340.0,3330.0,3340.0,3340.0,300
2023-10-13 13:53:00+09:00,3330.0,3335.0,3330.0,3335.0,3335.0,400
2023-10-13 13:54:00+09:00,3330.0,3335.0,3330.0,3335.0,3335.0,1400
2023-10-13 13:55:00+09:00,3340.0,3340.0,3335.0,3335.0,3335.0,700
2023-10-13 13:56:00+09:00,3340.0,3340.0,3340.0,3340.0,3340.0,100
2023-10-13 13:57:00+09:00,3335.0,3335.0,3335.0,3335.0,3335.0,100
2023-10-13 13:58:00+09:00,3335.0,3335.0,3335.0,3335.0,3335.0,800
2023-10-13 13:59:00+09:00,3335.0,3335.0,3335.0,3335.0,3335.0,100
2023-10-13 14:00:00+09:00,3335.0,3335.0,3335.0,3335.0,3335.0,200
2023-10-13 14:02:00+09:00,3330.0,3335.0,3330.0,3335.0,3335.0,4000
2023-10-13 14:03:00+09:00,3330.0,3335.0,3330.0,3335.0,3335.0,1800
2023-10-13 14:04:00+09:00,3340.0,3340.0,3335.0,3335.0,3335.0,200
2023-10-13 14:05:00+09:00,3335.0,3340.0,3335.0,3340.0,3340.0,500
2023-10-13 14:06:00+09:00,3335.0,3335.0,3335.0,3335.0,3335.0,100
2023-10-13 14:07:00+09:00,3340.0,3340.0,3340.0,3340.0,3340.0,400
2023-10-13 14:08:00+09:00,3340.0,3340.0,3340.0,3340.0,3340.0,1300
2023-10-13 14:09:00+09:00,3340.0,3340.0,3340.0,3340.0,3340.0,100
2023-10-13 14:10:00+09:00,3345.0,3345.0,3345.0,3345.0,3345.0,100
2023-10-13 14:11:00+09:00,3345.0,3345.0,3345.0,3345.0,3345.0,1000
2023-10-13 14:12:00+09:00,3350.0,3350.0,3345.0,3350.0,3350.0,300
2023-10-13 14:13:00+09:00,3340.0,3340.0,3340.0,3340.0,3340.0,600
2023-10-13 14:14:00+09:00,3340.0,3345.0,3340.0,3345.0,3345.0,1300
2023-10-13 14:15:00+09:00,3345.0,3345.0,3345.0,3345.0,3345.0,400
2023-10-13 14:16:00+09:00,3345.0,3345.0,3345.0,3345.0,3345.0,300
2023-10-13 14:17:00+09:00,3345.0,3345.0,3345.0,3345.0,3345.0,200
2023-10-13 14:18:00+09:00,3340.0,3340.0,3335.0,3340.0,3340.0,2100
2023-10-13 14:19:00+09:00,3335.0,3335.0,3335.0,3335.0,3335.0,100
2023-10-13 14:20:00+09:00,3340.0,3340.0,3340.0,3340.0,3340.0,500
2023-10-13 14:22:00+09:00,3345.0,3345.0,3345.0,3345.0,3345.0,300
2023-10-13 14:23:00+09:00,3340.0,3345.0,3340.0,3345.0,3345.0,800
2023-10-13 14:24:00+09:00,3340.0,3340.0,3340.0,3340.0,3340.0,600
2023-10-13 14:25:00+09:00,3345.0,3345.0,3345.0,3345.0,3345.0,500
2023-10-13 14:27:00+09:00,3345.0,3345.0,3345.0,3345.0,3345.0,1500
2023-10-13 14:28:00+09:00,3345.0,3345.0,3345.0,3345.0,3345.0,1100
2023-10-13 14:30:00+09:00,3340.0,3340.0,3340.0,3340.0,3340.0,1900
2023-10-13 14:31:00+09:00,3345.0,3350.0,3345.0,3350.0,3350.0,1000
2023-10-13 14:32:00+09:00,3345.0,3345.0,3340.0,3340.0,3340.0,1800
2023-10-13 14:33:00+09:00,3340.0,3340.0,3340.0,3340.0,3340.0,200
2023-10-13 14:34:00+09:00,3345.0,3345.0,3345.0,3345.0,3345.0,300
2023-10-13 14:35:00+09:00,3345.0,3345.0,3345.0,3345.0,3345.0,600
2023-10-13 14:36:00+09:00,3350.0,3350.0,3345.0,3345.0,3345.0,200
2023-10-13 14:37:00+09:00,3345.0,3355.0,3345.0,3355.0,3355.0,2100
2023-10-13 14:38:00+09:00,3355.0,3355.0,3355.0,3355.0,3355.0,100
2023-10-13 14:39:00+09:00,3355.0,3355.0,3355.0,3355.0,3355.0,500
2023-10-13 14:40:00+09:00,3355.0,3355.0,3345.0,3345.0,3345.0,2700
2023-10-13 14:41:00+09:00,3340.0,3340.0,3310.0,3330.0,3330.0,13000
2023-10-13 14:42:00+09:00,3330.0,3335.0,3325.0,3325.0,3325.0,2100
2023-10-13 14:43:00+09:00,3330.0,3330.0,3325.0,3325.0,3325.0,1600
2023-10-13 14:45:00+09:00,3335.0,3335.0,3330.0,3330.0,3330.0,700
2023-10-13 14:46:00+09:00,3325.0,3330.0,3325.0,3330.0,3330.0,1800
2023-10-13 14:47:00+09:00,3325.0,3325.0,3325.0,3325.0,3325.0,200
2023-10-13 14:48:00+09:00,3325.0,3330.0,3325.0,3330.0,3330.0,1800
2023-10-13 14:49:00+09:00,3320.0,3325.0,3320.0,3320.0,3320.0,700
2023-10-13 14:50:00+09:00,3320.0,3325.0,3320.0,3325.0,3325.0,2200
2023-10-13 14:51:00+09:00,3325.0,3330.0,3325.0,3330.0,3330.0,400
2023-10-13 14:52:00+09:00,3325.0,3325.0,3325.0,3325.0,3325.0,2700
2023-10-13 14:53:00+09:00,3320.0,3325.0,3305.0,3315.0,3315.0,7000
2023-10-13 14:54:00+09:00,3315.0,3325.0,3310.0,3310.0,3310.0,3400
2023-10-13 14:55:00+09:00,3315.0,3325.0,3310.0,3320.0,3320.0,3500
2023-10-13 14:56:00+09:00,3320.0,3325.0,3315.0,3320.0,3320.0,1600
2023-10-13 14:57:00+09:00,3320.0,3320.0,3320.0,3320.0,3320.0,700
2023-10-13 14:58:00+09:00,3320.0,3330.0,3320.0,3330.0,3330.0,3200
2023-10-13 14:59:00+09:00,3335.0,3345.0,3320.0,3320.0,3320.0,4500
