Date,Adj Close,Close,High,Low,Open,Volume
2001-06-04,223.26695251464844,310.0,310.0,310.0,310.0,0.0
2001-06-12,252.0755615234375,350.0,350.0,350.0,350.0,0.0
2001-06-15,237.6712951660156,330.0,330.0,330.0,330.0,0.0
2001-07-05,244.8734588623047,340.0,340.0,340.0,340.0,0.0
2001-07-23,247.7543334960937,344.0,344.0,344.0,344.0,0.0
2001-08-03,216.0647888183593,300.0,300.0,300.0,300.0,0.0
2001-08-08,226.86802673339844,315.0,315.0,315.0,315.0,0.0
2001-08-14,223.98716735839844,311.0,311.0,311.0,311.0,0.0
2001-08-20,230.46910095214844,320.0,320.0,320.0,320.0,0.0
2001-08-27,231.18934631347656,321.0,321.0,321.0,321.0,0.0
2001-08-30,227.58824157714844,316.0,316.0,316.0,316.0,0.0
2001-09-04,221.82652282714844,308.0,308.0,308.0,308.0,0.0
2001-09-10,208.8626251220703,290.0,290.0,290.0,290.0,0.0
2001-09-24,165.64967346191406,230.0,230.0,230.0,230.0,0.0
2001-10-15,198.05938720703125,275.0,275.0,275.0,275.0,0.0
2001-10-19,194.4582977294922,270.0,270.0,270.0,270.0,0.0
2001-10-26,198.77960205078125,276.0,276.0,276.0,276.0,0.0
2001-11-14,201.6604766845703,280.0,280.0,280.0,280.0,0.0
2001-11-26,190.85723876953125,265.0,265.0,265.0,265.0,0.0
2001-12-03,185.0955047607422,257.0,257.0,257.0,257.0,0.0
2001-12-07,196.6189422607422,273.0,273.0,273.0,273.0,0.0
2002-01-04,153.406005859375,213.0,213.0,213.0,213.0,0.0
2002-01-14,155.56666564941406,216.0,216.0,216.0,216.0,0.0
2002-01-17,195.17852783203125,271.0,271.0,271.0,271.0,0.0
2002-01-25,187.97634887695312,261.0,261.0,261.0,261.0,0.0
2002-01-31,200.9402770996093,279.0,279.0,279.0,279.0,0.0
2002-02-11,166.36990356445312,231.0,231.0,231.0,231.0,0.0
2002-02-27,172.85183715820312,240.0,240.0,240.0,240.0,0.0
2002-03-11,174.2922821044922,242.0,242.0,242.0,242.0,0.0
2002-03-13,180.05397033691406,250.0,250.0,250.0,250.0,0.0
2002-03-15,147.64427185058594,205.0,205.0,205.0,205.0,0.0
2002-03-21,183.6550750732422,255.0,255.0,255.0,255.0,0.0
2002-03-25,151.2453155517578,210.0,210.0,210.0,210.0,0.0
2002-04-16,166.0010223388672,225.0,225.0,225.0,225.0,0.0
2002-04-19,161.57431030273438,219.0,219.0,219.0,219.0,0.0
2002-04-24,154.1964874267578,209.0,209.0,209.0,209.0,0.0
2002-05-23,169.6898956298828,230.0,230.0,230.0,230.0,0.0
2002-05-27,188.8722686767578,256.0,256.0,256.0,256.0,0.0
2002-06-03,177.06771850585938,240.0,240.0,240.0,240.0,0.0
2002-06-21,154.93426513671875,210.0,210.0,210.0,210.0,0.0
2002-07-01,196.2500762939453,266.0,266.0,266.0,266.0,0.0
2002-07-31,194.7745056152344,264.0,264.0,264.0,264.0,0.0
2002-08-26,192.56118774414065,261.0,261.0,261.0,261.0,0.0
2002-09-23,206.5790100097656,280.0,280.0,280.0,280.0,0.0
2002-10-14,188.1344757080078,255.0,255.0,255.0,255.0,0.0
2002-10-25,199.9390106201172,271.0,271.0,271.0,271.0,0.0
2002-11-07,191.8234100341797,260.0,260.0,260.0,260.0,0.0
2002-11-14,195.51231384277344,265.0,265.0,265.0,265.0,0.0
2002-11-22,171.1654815673828,232.0,232.0,232.0,232.0,0.0
2002-12-02,162.31211853027344,220.0,220.0,220.0,220.0,0.0
2002-12-10,211.00572204589844,286.0,286.0,286.0,286.0,0.0
2002-12-12,218.383544921875,296.0,296.0,296.0,296.0,0.0
2002-12-24,217.6457672119141,295.0,295.0,295.0,295.0,0.0
2003-01-03,184.44552612304688,250.0,250.0,250.0,250.0,0.0
2003-01-09,220.59689331054688,299.0,299.0,299.0,299.0,0.0
2003-02-11,223.54803466796875,303.0,303.0,303.0,303.0,0.0
2003-02-19,221.3346710205078,300.0,300.0,300.0,300.0,0.0
2003-02-24,222.07247924804688,301.0,301.0,301.0,301.0,0.0
2003-02-28,180.75662231445312,245.0,245.0,245.0,245.0,0.0
2003-03-25,199.20118713378903,270.0,270.0,270.0,270.0,0.0
2003-04-30,194.604232788086,254.0,254.0,254.0,254.0,0.0
2003-05-27,198.43505859375,259.0,259.0,259.0,259.0,0.0
2003-07-23,168.5548858642578,220.0,220.0,220.0,220.0,0.0
2003-08-20,207.6289825439453,271.0,271.0,271.0,271.0,0.0
2003-09-02,215.29052734375,281.0,281.0,281.0,281.0,0.0
2003-09-04,237.50914001464844,310.0,310.0,310.0,310.0,0.0
2003-09-23,222.1859436035156,290.0,290.0,290.0,290.0,0.0
2003-10-06,222.95211791992188,291.0,291.0,291.0,291.0,0.0
2003-10-16,231.3798217773437,302.0,302.0,302.0,302.0,0.0
2003-10-22,223.71826171875,292.0,292.0,292.0,292.0,0.0
2003-10-27,219.8875274658203,287.0,287.0,287.0,287.0,0.0
2003-11-12,214.52438354492188,280.0,280.0,280.0,280.0,0.0
2003-11-14,206.0966339111328,269.0,269.0,269.0,269.0,0.0
2003-11-28,217.58905029296875,284.0,284.0,284.0,284.0,0.0
2003-12-10,195.3704071044922,255.0,255.0,255.0,255.0,0.0
2003-12-17,199.20120239257807,260.0,260.0,260.0,260.0,0.0
2003-12-24,220.65362548828125,288.0,288.0,288.0,288.0,0.0
2004-01-02,187.7088623046875,245.0,245.0,245.0,245.0,0.0
2004-01-12,206.8627777099609,270.0,270.0,270.0,270.0,0.0
2004-01-15,218.3551483154297,285.0,285.0,285.0,285.0,0.0
2004-02-03,226.0167388916016,295.0,295.0,295.0,295.0,0.0
2004-02-05,160.89329528808594,210.0,210.0,210.0,210.0,0.0
2004-02-13,229.8475646972656,300.0,300.0,300.0,300.0,0.0
2004-02-24,230.6137237548828,301.0,301.0,301.0,301.0,0.0
2004-03-02,191.53961181640625,250.0,250.0,250.0,250.0,0.0
2004-03-25,235.2107086181641,307.0,307.0,307.0,307.0,0.0
2004-03-30,243.1302032470703,307.0,307.0,307.0,307.0,0.0
2004-07-20,207.49221801757807,262.0,262.0,262.0,262.0,0.0
2004-09-16,239.96237182617188,303.0,303.0,303.0,303.0,0.0
2004-11-03,190.06919860839844,240.0,240.0,240.0,240.0,0.0
2004-11-10,226.49913024902344,286.0,286.0,286.0,286.0,0.0
2004-11-30,227.29112243652344,287.0,287.0,287.0,287.0,0.0
2004-12-06,228.08302307128903,288.0,288.0,288.0,288.0,0.0
2005-01-03,231.2508850097656,292.0,292.0,292.0,292.0,0.0
2005-02-01,240.7543182373047,304.0,304.0,304.0,304.0,0.0
2005-02-11,249.46583557128903,315.0,315.0,315.0,315.0,0.0
2005-03-08,239.1703948974609,302.0,302.0,302.0,302.0,0.0
2005-04-11,225.70718383789065,285.0,285.0,285.0,285.0,0.0
2005-05-10,214.61984252929688,271.0,271.0,271.0,271.0,0.0
2005-05-12,229.66696166992188,290.0,290.0,290.0,290.0,0.0
2005-05-20,213.82785034179688,270.0,270.0,270.0,270.0,0.0
2005-05-25,223.3313140869141,282.0,282.0,282.0,282.0,0.0
2005-05-30,220.1635284423828,278.0,278.0,278.0,278.0,0.0
2005-06-07,217.78762817382807,275.0,275.0,275.0,275.0,0.0
2005-06-09,216.20372009277344,273.0,273.0,273.0,273.0,0.0
2005-06-14,224.1232452392578,283.0,283.0,283.0,283.0,0.0
2005-06-30,221.74742126464844,280.0,280.0,280.0,280.0,0.0
2005-07-14,233.62673950195312,295.0,295.0,295.0,295.0,0.0
2005-07-22,248.67384338378903,314.0,314.0,314.0,314.0,0.0
2005-08-02,244.714096069336,309.0,309.0,309.0,309.0,0.0
2005-09-07,238.3784942626953,301.0,301.0,301.0,301.0,0.0
2005-09-12,242.3382568359375,306.0,306.0,306.0,306.0,0.0
2005-10-11,245.50607299804688,310.0,310.0,310.0,310.0,0.0
2005-10-14,255.00955200195312,322.0,322.0,322.0,322.0,0.0
2005-12-22,308.8624572753906,390.0,390.0,390.0,390.0,0.0
2005-12-28,351.6280212402344,444.0,444.0,444.0,444.0,0.0
2006-01-06,340.5406799316406,430.0,430.0,430.0,430.0,0.0
2006-01-13,380.1383972167969,480.0,480.0,480.0,480.0,0.0
2006-02-06,358.7556457519531,453.0,453.0,453.0,453.0,0.0
2006-02-09,350.83612060546875,443.0,443.0,443.0,443.0,0.0
2006-02-15,318.365966796875,402.0,402.0,402.0,402.0,0.0
2006-02-27,319.1578369140625,403.0,403.0,403.0,403.0,0.0
2006-03-01,313.6141967773437,396.0,396.0,396.0,396.0,0.0
2006-03-07,312.8222045898437,395.0,395.0,395.0,395.0,0.0
2006-03-14,304.9026794433594,385.0,385.0,385.0,385.0,0.0
2006-03-20,297.7750549316406,376.0,376.0,376.0,376.0,0.0
2006-03-28,315.1981201171875,398.0,398.0,398.0,398.0,0.0
2006-04-10,301.7348327636719,381.0,381.0,381.0,381.0,0.0
2006-04-13,302.5268249511719,382.0,382.0,382.0,382.0,0.0
2006-05-10,289.8555603027344,366.0,366.0,366.0,366.0,0.0
2006-05-18,316.7820129394531,400.0,400.0,400.0,400.0,0.0
2006-06-05,263.72100830078125,333.0,333.0,333.0,333.0,0.0
2006-06-09,293.0233764648437,370.0,370.0,370.0,370.0,0.0
2006-06-13,241.5463409423828,305.0,305.0,305.0,305.0,0.0
2006-06-16,307.278564453125,388.0,388.0,388.0,388.0,0.0
2006-07-11,270.8486022949219,342.0,342.0,342.0,342.0,0.0
2006-08-03,300.9429016113281,380.0,380.0,380.0,380.0,0.0
2006-08-25,292.2313842773437,369.0,369.0,369.0,369.0,0.0
2006-09-15,277.1842956542969,350.0,350.0,350.0,350.0,0.0
2006-09-20,296.9831848144531,375.0,375.0,375.0,375.0,0.0
2006-10-05,284.3118896484375,359.0,359.0,359.0,359.0,0.0
2006-11-22,259.7612609863281,328.0,328.0,328.0,328.0,0.0
2006-11-24,285.10382080078125,360.0,360.0,360.0,360.0,0.0
2006-12-18,265.304931640625,335.0,335.0,335.0,335.0,0.0
2006-12-22,266.88885498046875,337.0,337.0,337.0,337.0,0.0
2006-12-28,251.84169006347656,318.0,318.0,318.0,318.0,0.0
2007-01-11,237.58653259277344,300.0,300.0,300.0,300.0,0.0
2007-01-17,250.2577514648437,316.0,316.0,316.0,316.0,0.0
2007-02-09,243.9221649169922,308.0,308.0,308.0,308.0,0.0
2007-02-14,266.0968933105469,336.0,336.0,336.0,336.0,0.0
2007-02-20,269.2647399902344,340.0,340.0,340.0,340.0,0.0
2007-02-22,247.0900421142578,312.0,312.0,312.0,312.0,0.0
2007-02-26,273.2244873046875,345.0,345.0,345.0,345.0,0.0
2007-03-05,261.3451232910156,330.0,330.0,330.0,330.0,0.0
2007-03-08,253.4256286621093,320.0,320.0,320.0,320.0,0.0
2007-03-26,257.3854064941406,325.0,325.0,325.0,325.0,0.0
2007-03-27,,,,,,
2007-06-06,213.1472930908203,265.0,265.0,265.0,265.0,0.0
2007-06-12,233.25547790527344,290.0,290.0,290.0,290.0,0.0
2007-06-18,225.2122344970703,280.0,280.0,280.0,280.0,0.0
2007-06-21,242.9074859619141,302.0,302.0,302.0,302.0,0.0
2007-06-25,246.9291229248047,307.0,307.0,307.0,307.0,0.0
2007-06-28,241.29884338378903,300.0,300.0,300.0,300.0,0.0
2007-07-05,245.3204498291016,305.0,305.0,305.0,305.0,0.0
2007-07-10,240.4945068359375,299.0,299.0,299.0,299.0,0.0
2007-07-31,226.0165252685547,281.0,281.0,281.0,281.0,0.0
2007-09-14,217.16891479492188,270.0,270.0,270.0,270.0,0.0
2007-09-27,237.2771453857422,295.0,295.0,295.0,295.0,0.0
2007-10-05,209.9299468994141,261.0,261.0,261.0,261.0,0.0
2007-10-10,207.5169677734375,258.0,258.0,258.0,258.0,0.0
2007-10-12,197.86502075195312,246.0,246.0,246.0,246.0,0.0
2007-10-22,201.0823516845703,250.0,250.0,250.0,250.0,0.0
2007-10-29,182.582748413086,227.0,227.0,227.0,227.0,0.0
2007-11-13,189.0174102783203,235.0,235.0,235.0,235.0,0.0
2007-11-19,184.99575805664065,230.0,230.0,230.0,230.0,0.0
2007-11-30,153.62689208984375,191.0,191.0,191.0,191.0,0.0
2007-12-20,178.5611114501953,222.0,222.0,222.0,222.0,0.0
2009-12-24,94.10653686523438,117.0,117.0,117.0,117.0,0.0
2010-02-02,90.08489227294922,112.0,112.0,112.0,112.0,0.0
2010-02-24,94.91085815429688,118.0,120.0,118.0,120.0,2000.0
2010-02-25,106.97581481933594,133.0,133.0,133.0,133.0,1000.0
2010-02-26,108.58445739746094,135.0,135.0,135.0,135.0,1000.0
2010-03-01,103.75848388671876,129.0,135.0,129.0,135.0,4000.0
2010-03-02,105.3671417236328,131.0,135.0,131.0,135.0,4000.0
2010-03-03,97.3238525390625,121.0,121.0,121.0,121.0,1000.0
2010-03-04,96.51952362060548,120.0,120.0,120.0,120.0,1000.0
2010-03-09,96.51952362060548,120.0,120.0,120.0,120.0,3000.0
2010-03-10,94.91085815429688,118.0,118.0,118.0,118.0,2000.0
2010-03-11,100.54117584228516,125.0,125.0,123.0,123.0,2000.0
2010-03-12,102.14982604980467,127.0,127.0,127.0,127.0,1000.0
2010-03-16,102.14982604980467,127.0,127.0,127.0,127.0,0.0
2010-03-17,96.51952362060548,120.0,120.0,120.0,120.0,5000.0
2010-03-18,96.51952362060548,120.0,120.0,120.0,120.0,0.0
2010-03-19,96.51952362060548,120.0,120.0,118.0,118.0,5000.0
2010-03-23,104.56281280517578,130.0,130.0,124.0,124.0,12000.0
2010-03-24,109.38880157470705,136.0,136.0,130.0,134.0,11000.0
2010-03-25,112.60611724853516,140.0,140.0,131.0,131.0,10000.0
2010-03-26,108.58445739746094,135.0,145.0,135.0,140.0,8000.0
2010-04-07,104.40813446044922,125.0,125.0,125.0,125.0,1000.0
2010-04-21,115.26658630371094,138.0,138.0,138.0,138.0,1000.0
2010-04-27,116.1018524169922,139.0,139.0,137.0,137.0,4000.0
2010-05-06,116.1018524169922,139.0,139.0,139.0,139.0,0.0
2010-05-07,109.4197235107422,131.0,131.0,126.0,126.0,3000.0
2010-05-10,109.4197235107422,131.0,131.0,131.0,131.0,0.0
2010-05-11,108.58446502685548,130.0,130.0,130.0,130.0,1000.0
2010-05-13,108.58446502685548,130.0,130.0,130.0,130.0,0.0
2010-05-14,112.76078033447266,135.0,135.0,125.0,125.0,3000.0
2010-05-17,125.2897720336914,150.0,150.0,145.0,145.0,2000.0
2010-05-26,125.2897720336914,150.0,150.0,150.0,150.0,0.0
2010-06-09,116.9371109008789,140.0,140.0,140.0,140.0,0.0
2010-06-10,120.27816772460938,144.0,144.0,144.0,144.0,1000.0
2010-06-18,120.27816772460938,144.0,144.0,144.0,144.0,0.0
2010-06-21,119.44290924072266,143.0,143.0,143.0,143.0,1000.0
2010-07-09,119.44290924072266,143.0,143.0,143.0,143.0,0.0
2010-07-12,115.26658630371094,138.0,138.0,138.0,138.0,2000.0
2010-07-14,115.26658630371094,138.0,138.0,138.0,138.0,0.0
2010-07-15,111.09025573730467,133.0,133.0,128.0,128.0,2000.0
2010-07-16,111.09025573730467,133.0,133.0,133.0,133.0,1000.0
2010-08-09,111.09025573730467,133.0,133.0,133.0,133.0,0.0
2010-10-08,111.9255142211914,134.0,134.0,134.0,134.0,0.0
2010-11-09,111.9255142211914,134.0,134.0,134.0,134.0,8000.0
2010-12-06,114.43131256103516,137.0,137.0,137.0,137.0,1000.0
2010-12-07,101.90233612060548,122.0,122.0,122.0,122.0,4000.0
2010-12-08,104.40813446044922,125.0,125.0,121.0,121.0,2000.0
2010-12-09,103.5728759765625,124.0,124.0,115.0,115.0,6000.0
2010-12-13,103.5728759765625,124.0,124.0,124.0,124.0,6000.0
2010-12-17,108.58446502685548,130.0,130.0,130.0,130.0,3000.0
2010-12-22,106.07867431640624,127.0,127.0,127.0,127.0,1000.0
2010-12-24,111.9255142211914,134.0,134.0,129.0,129.0,3000.0
2010-12-27,106.07867431640624,127.0,129.0,127.0,129.0,2000.0
2010-12-28,106.07867431640624,127.0,127.0,127.0,127.0,2000.0
2010-12-29,115.26658630371094,138.0,138.0,127.0,127.0,9000.0
2011-01-07,115.26658630371094,138.0,138.0,138.0,138.0,9000.0
2011-01-11,111.9255142211914,134.0,134.0,134.0,134.0,2000.0
2011-01-12,107.74919128417967,129.0,129.0,127.0,127.0,5000.0
2011-01-20,105.24339294433594,126.0,126.0,126.0,126.0,1000.0
2011-01-26,104.40813446044922,125.0,125.0,125.0,125.0,0.0
2011-01-28,104.40813446044922,125.0,125.0,125.0,125.0,2000.0
2011-01-31,107.74919128417967,129.0,129.0,129.0,129.0,1000.0
2011-02-01,112.76078033447266,135.0,135.0,130.0,130.0,3000.0
2011-02-07,108.58446502685548,130.0,130.0,130.0,130.0,2000.0
2011-02-08,112.76078033447266,135.0,135.0,131.0,131.0,5000.0
2011-02-09,112.76078033447266,135.0,135.0,135.0,135.0,5000.0
2011-02-14,112.76078033447266,135.0,135.0,135.0,135.0,2000.0
2011-02-21,116.9371109008789,140.0,140.0,136.0,136.0,8000.0
2011-02-23,118.60765075683594,142.0,142.0,142.0,142.0,4000.0
2011-02-25,112.76078033447266,135.0,135.0,135.0,135.0,1000.0
2011-03-02,116.9371109008789,140.0,140.0,140.0,140.0,1000.0
2011-03-03,114.43131256103516,137.0,137.0,135.0,135.0,3000.0
2011-03-04,113.59605407714844,136.0,136.0,136.0,136.0,1000.0
2011-03-07,112.76078033447266,135.0,138.0,135.0,138.0,10000.0
2011-03-08,112.76078033447266,135.0,135.0,135.0,135.0,0.0
2011-03-09,116.1018524169922,139.0,139.0,135.0,135.0,7000.0
2011-03-11,117.77236938476562,141.0,141.0,141.0,141.0,1000.0
2011-03-15,117.77236938476562,141.0,141.0,141.0,141.0,0.0
2011-03-16,116.9371109008789,140.0,140.0,133.0,133.0,8000.0
2011-03-17,122.78397369384766,147.0,147.0,131.0,140.0,8000.0
2011-03-18,141.9950714111328,170.0,170.0,157.0,157.0,25000.0
2011-03-22,162.87667846679688,195.0,195.0,173.0,173.0,21000.0
2011-03-23,183.75831604003903,220.0,220.0,196.0,196.0,9000.0
2011-03-24,200.463623046875,240.0,250.0,220.0,220.0,39000.0
2011-03-25,197.9578094482422,237.0,245.0,237.0,242.0,17000.0
2011-03-28,195.45204162597656,234.0,250.0,232.0,250.0,6000.0
2011-03-30,184.3564910888672,216.0,216.0,190.0,199.0,11000.0
2011-03-31,174.96795654296875,205.0,209.0,205.0,209.0,2000.0
2011-04-01,179.23548889160156,210.0,210.0,210.0,210.0,1000.0
2011-04-04,183.50299072265625,215.0,218.0,187.0,200.0,6000.0
2011-04-05,171.55397033691406,201.0,201.0,201.0,201.0,1000.0
2011-04-06,160.45843505859375,188.0,190.0,188.0,190.0,3000.0
2011-04-07,153.6304168701172,180.0,183.0,180.0,183.0,2000.0
2011-04-13,153.6304168701172,180.0,180.0,180.0,180.0,2000.0
2011-04-14,177.52850341796875,208.0,208.0,208.0,208.0,3000.0
2011-04-15,165.5794677734375,194.0,194.0,194.0,194.0,1000.0
2011-04-18,173.260986328125,203.0,203.0,203.0,203.0,1000.0
2011-04-19,170.70046997070312,200.0,200.0,200.0,200.0,2000.0
2011-04-22,174.96795654296875,205.0,205.0,205.0,205.0,1000.0
2011-04-25,160.45843505859375,188.0,188.0,183.0,183.0,2000.0
2011-05-09,160.45843505859375,188.0,188.0,188.0,188.0,0.0
2011-05-13,160.45843505859375,188.0,188.0,188.0,188.0,2000.0
2011-05-20,143.38839721679688,168.0,168.0,168.0,168.0,2000.0
2011-05-24,153.6304168701172,180.0,180.0,175.0,175.0,3000.0
2011-05-26,157.89791870117188,185.0,185.0,185.0,185.0,1000.0
2011-06-06,145.09539794921875,170.0,170.0,170.0,170.0,1000.0
2011-06-16,144.2418975830078,169.0,169.0,169.0,169.0,1000.0
2011-06-29,132.29286193847656,155.0,155.0,155.0,155.0,3000.0
2011-06-30,136.5603790283203,160.0,160.0,160.0,160.0,2000.0
2011-07-01,136.5603790283203,160.0,160.0,160.0,160.0,1000.0
2011-07-04,138.2673797607422,162.0,164.0,162.0,164.0,2000.0
2011-07-05,135.70684814453125,159.0,159.0,159.0,159.0,1000.0
2011-07-06,140.82786560058594,165.0,165.0,164.0,164.0,3000.0
2011-07-07,136.5603790283203,160.0,160.0,160.0,160.0,10000.0
2011-07-08,139.12088012695312,163.0,163.0,153.0,153.0,5000.0
2011-07-11,151.06991577148438,177.0,177.0,167.0,167.0,3000.0
2011-07-12,157.04443359375,184.0,184.0,182.0,182.0,5000.0
2011-07-14,157.04443359375,184.0,184.0,184.0,184.0,0.0
2011-07-15,157.04443359375,184.0,184.0,184.0,184.0,5000.0
2011-07-21,140.82786560058594,165.0,165.0,165.0,165.0,3000.0
2011-08-02,148.5093994140625,174.0,174.0,160.0,160.0,3000.0
2011-08-08,148.5093994140625,174.0,174.0,174.0,174.0,3000.0
2011-08-12,128.02536010742188,150.0,150.0,150.0,150.0,0.0
2011-08-16,153.6304168701172,180.0,180.0,179.0,179.0,4000.0
2011-08-19,153.6304168701172,180.0,180.0,180.0,180.0,4000.0
2011-08-22,133.99986267089844,157.0,160.0,157.0,160.0,2000.0
2011-08-23,133.99986267089844,157.0,157.0,157.0,157.0,2000.0
2011-08-24,138.2673797607422,162.0,162.0,162.0,162.0,1000.0
2011-08-25,140.82786560058594,165.0,165.0,150.0,162.0,8000.0
2011-08-29,140.82786560058594,165.0,165.0,165.0,165.0,0.0
2011-09-07,140.82786560058594,165.0,165.0,165.0,165.0,1000.0
2011-09-09,140.82786560058594,165.0,165.0,165.0,165.0,2000.0
2011-09-12,137.41387939453125,161.0,161.0,155.0,155.0,5000.0
2011-09-29,137.41387939453125,161.0,161.0,161.0,161.0,5000.0
2011-09-30,130.58587646484375,153.0,153.0,146.0,151.0,3000.0
2011-10-05,130.58587646484375,153.0,153.0,153.0,153.0,3000.0
2011-10-06,128.02536010742188,150.0,150.0,149.0,149.0,4000.0
2011-10-07,119.49032592773438,140.0,150.0,140.0,150.0,2000.0
2011-10-14,128.02536010742188,150.0,150.0,150.0,150.0,1000.0
2011-10-18,120.34381866455078,141.0,141.0,141.0,141.0,0.0
2011-10-27,120.34381866455078,141.0,141.0,141.0,141.0,1000.0
2011-11-09,123.75782775878906,145.0,145.0,145.0,145.0,5000.0
2011-11-17,106.6877899169922,125.0,129.0,125.0,129.0,3000.0
2011-12-26,110.95530700683594,130.0,130.0,130.0,130.0,0.0
2012-01-06,110.95530700683594,130.0,130.0,130.0,130.0,1000.0
2012-01-17,105.83429718017578,124.0,125.0,124.0,124.0,6000.0
2012-01-18,118.63683319091795,139.0,139.0,128.0,128.0,8000.0
2012-01-19,118.63683319091795,139.0,139.0,134.0,134.0,2000.0
2012-01-20,116.92981719970705,137.0,137.0,133.0,134.0,4000.0
2012-01-23,119.49032592773438,140.0,140.0,139.0,139.0,2000.0
2012-01-24,119.49032592773438,140.0,140.0,140.0,140.0,2000.0
2012-01-25,120.34381866455078,141.0,141.0,141.0,141.0,2000.0
2012-01-26,112.6623077392578,132.0,141.0,126.0,141.0,12000.0
2012-01-27,114.36930847167967,134.0,134.0,131.0,133.0,5000.0
2012-02-02,114.36930847167967,134.0,134.0,134.0,134.0,5000.0
2012-02-06,116.92981719970705,137.0,137.0,131.0,131.0,6000.0
2012-02-07,116.92981719970705,137.0,137.0,137.0,137.0,6000.0
2012-02-08,111.80880737304688,131.0,133.0,131.0,133.0,8000.0
2012-02-09,110.95530700683594,130.0,130.0,128.0,128.0,2000.0
2012-02-27,112.6623077392578,132.0,132.0,131.0,131.0,3000.0
2012-02-28,114.36930847167967,134.0,134.0,134.0,134.0,1000.0
2012-02-29,114.36930847167967,134.0,134.0,134.0,134.0,2000.0
2012-03-01,115.22280883789062,135.0,135.0,135.0,135.0,1000.0
2012-03-05,111.80880737304688,131.0,139.0,131.0,139.0,2000.0
2012-03-09,111.80880737304688,131.0,131.0,131.0,131.0,2000.0
2012-03-12,111.80880737304688,131.0,131.0,131.0,131.0,0.0
2012-03-13,114.36930847167967,134.0,134.0,131.0,132.0,6000.0
2012-03-14,117.7833251953125,138.0,138.0,138.0,138.0,3000.0
2012-03-15,115.22280883789062,135.0,145.0,135.0,145.0,3000.0
2012-03-23,126.31832885742188,148.0,148.0,148.0,148.0,1000.0
2012-03-27,122.05083465576172,143.0,147.0,140.0,140.0,3000.0
2012-03-28,122.05083465576172,143.0,143.0,143.0,143.0,3000.0
2012-03-30,119.49032592773438,140.0,140.0,135.0,135.0,2000.0
2012-04-05,119.49032592773438,140.0,140.0,140.0,140.0,1000.0
2012-04-10,123.75782775878906,145.0,145.0,145.0,145.0,1000.0
2012-04-11,118.63683319091795,139.0,139.0,139.0,139.0,1000.0
2012-04-12,110.95530700683594,130.0,130.0,130.0,130.0,2000.0
2012-04-13,111.80880737304688,131.0,131.0,131.0,131.0,1000.0
2012-04-16,112.6623077392578,132.0,132.0,129.0,129.0,2000.0
2012-04-18,112.6623077392578,132.0,132.0,132.0,132.0,2000.0
2012-04-26,108.39480590820312,127.0,127.0,127.0,127.0,1000.0
2012-05-01,109.24829864501952,128.0,128.0,128.0,128.0,0.0
2012-05-09,109.24829864501952,128.0,128.0,128.0,128.0,1000.0
2012-05-11,108.39480590820312,127.0,127.0,127.0,127.0,4000.0
2012-05-14,106.6877899169922,125.0,125.0,125.0,125.0,1000.0
2012-05-17,102.42028045654295,120.0,120.0,120.0,120.0,3000.0
2012-06-20,100.71326446533205,118.0,118.0,118.0,118.0,1000.0
2012-06-21,102.42028045654295,120.0,120.0,120.0,120.0,1000.0
2012-06-22,99.85977935791016,117.0,117.0,113.0,113.0,5000.0
2012-06-26,99.85977935791016,117.0,117.0,117.0,117.0,5000.0
2012-06-27,100.71326446533205,118.0,118.0,117.0,117.0,2000.0
2012-06-28,100.71326446533205,118.0,118.0,118.0,118.0,2000.0
2012-07-10,96.4457550048828,113.0,113.0,113.0,113.0,2000.0
2012-07-11,97.2992706298828,114.0,114.0,113.0,113.0,4000.0
2012-07-13,98.15277099609376,115.0,115.0,115.0,115.0,1000.0
2012-07-19,99.00627899169922,116.0,116.0,116.0,116.0,1000.0
2012-07-24,94.73876190185548,111.0,111.0,111.0,111.0,4000.0
2012-07-25,98.15277099609376,115.0,115.0,110.0,110.0,2000.0
2012-07-26,98.15277099609376,115.0,115.0,115.0,115.0,2000.0
2012-08-02,101.56678009033205,119.0,119.0,119.0,119.0,1000.0
2012-08-06,97.2992706298828,114.0,114.0,114.0,114.0,1000.0
2012-08-08,110.10179901123048,129.0,129.0,129.0,129.0,1000.0
2012-08-10,107.54129028320312,126.0,126.0,126.0,126.0,1000.0
2012-08-13,104.98078918457033,123.0,123.0,123.0,123.0,3000.0
2012-08-14,93.88525390625,110.0,113.0,108.0,113.0,6000.0
2012-08-15,100.71326446533205,118.0,118.0,115.0,115.0,4000.0
2012-08-16,100.71326446533205,118.0,118.0,118.0,118.0,4000.0
2012-08-17,99.00627899169922,116.0,116.0,107.0,108.0,15000.0
2012-08-21,99.00627899169922,116.0,116.0,116.0,116.0,15000.0
2012-08-22,95.59226989746094,112.0,112.0,108.0,108.0,3000.0
2012-08-23,93.0317611694336,109.0,109.0,109.0,109.0,1000.0
2012-08-27,92.1782455444336,108.0,108.0,108.0,108.0,2000.0
2012-08-28,94.73876190185548,111.0,111.0,111.0,111.0,1000.0
2012-08-29,91.32476043701172,107.0,110.0,107.0,110.0,5000.0
2012-09-05,91.32476043701172,107.0,107.0,107.0,107.0,2000.0
2012-09-06,88.76425170898438,104.0,104.0,104.0,104.0,1000.0
2012-09-07,89.61774444580078,105.0,105.0,105.0,105.0,1000.0
2012-09-10,93.88525390625,110.0,110.0,107.0,107.0,9000.0
2012-09-12,93.88525390625,110.0,110.0,110.0,110.0,9000.0
2012-09-14,93.88525390625,110.0,110.0,110.0,110.0,2000.0
2012-09-21,93.88525390625,110.0,110.0,110.0,110.0,1000.0
2012-09-24,87.05723571777344,102.0,105.0,102.0,105.0,2000.0
2012-09-25,84.49673461914062,99.0,101.0,97.0,101.0,6000.0
2012-09-26,84.49673461914062,99.0,99.0,99.0,99.0,6000.0
2012-10-03,88.76425170898438,104.0,104.0,104.0,104.0,3000.0
2012-10-04,82.78973388671875,97.0,99.0,97.0,99.0,3000.0
2012-10-09,78.522216796875,92.0,92.0,87.0,87.0,71000.0
2012-10-12,78.522216796875,92.0,92.0,92.0,92.0,71000.0
2012-10-16,78.522216796875,92.0,92.0,92.0,92.0,4000.0
2012-10-17,79.37571716308594,93.0,93.0,92.0,92.0,4000.0
2012-10-18,80.22921752929688,94.0,94.0,93.0,93.0,2000.0
2012-10-19,77.668701171875,91.0,93.0,90.0,90.0,3000.0
2012-10-24,79.37571716308594,93.0,93.0,93.0,93.0,1000.0
2012-10-25,79.37571716308594,93.0,93.0,93.0,93.0,4000.0
2012-10-26,79.37571716308594,93.0,98.0,93.0,95.0,8000.0
2012-10-29,79.37571716308594,93.0,93.0,93.0,93.0,8000.0
2012-10-30,82.78973388671875,97.0,97.0,97.0,97.0,1000.0
2012-11-02,82.78973388671875,97.0,97.0,97.0,97.0,3000.0
2012-11-08,83.64321899414062,98.0,100.0,98.0,100.0,3000.0
2012-11-09,81.08271026611328,95.0,95.0,95.0,95.0,1000.0
2012-11-12,76.8152084350586,90.0,90.0,90.0,90.0,3000.0
2012-11-14,89.61774444580078,105.0,105.0,105.0,105.0,6000.0
2012-11-15,93.88525390625,110.0,110.0,108.0,108.0,10000.0
2012-11-16,87.05723571777344,102.0,107.0,102.0,105.0,12000.0
2012-11-19,87.91072845458984,103.0,105.0,103.0,105.0,7000.0
2012-11-20,83.64321899414062,98.0,100.0,98.0,100.0,4000.0
2012-11-21,83.64321899414062,98.0,98.0,98.0,98.0,4000.0
2012-11-22,86.2037353515625,101.0,101.0,100.0,100.0,2000.0
2012-11-27,86.2037353515625,101.0,101.0,101.0,101.0,1000.0
2012-11-28,87.91072845458984,103.0,106.0,103.0,106.0,3000.0
2012-11-29,87.91072845458984,103.0,103.0,103.0,103.0,3000.0
2012-11-30,93.0317611694336,109.0,109.0,107.0,107.0,2000.0
2012-12-03,97.2992706298828,114.0,120.0,110.0,114.0,13000.0
2012-12-04,102.42028045654295,120.0,120.0,117.0,117.0,6000.0
2012-12-05,99.85977935791016,117.0,122.0,117.0,122.0,4000.0
2012-12-07,96.4457550048828,113.0,113.0,113.0,113.0,1000.0
2012-12-10,116.92981719970705,137.0,137.0,111.0,111.0,0.0
2012-12-11,127.1718521118164,149.0,149.0,137.0,137.0,4000.0
2012-12-12,111.80880737304688,131.0,147.0,129.0,147.0,20000.0
2012-12-13,121.19734191894533,142.0,142.0,126.0,126.0,15000.0
2012-12-14,125.46485137939452,147.0,153.0,143.0,153.0,19000.0
2012-12-17,168.13995361328125,197.0,197.0,157.0,167.0,111000.0
2012-12-18,210.8150787353516,247.0,247.0,247.0,247.0,8000.0
2012-12-19,279.0953063964844,327.0,327.0,327.0,327.0,30000.0
2012-12-20,347.37548828125,407.0,407.0,407.0,407.0,165000.0
2012-12-21,402.8530578613281,472.0,487.0,407.0,487.0,473000.0
2012-12-25,362.7384643554688,425.0,480.0,410.0,416.0,232000.0
2012-12-26,305.5538024902344,358.0,406.0,351.0,406.0,0.0
2012-12-27,305.5538024902344,358.0,406.0,351.0,406.0,120000.0
2012-12-28,262.87872314453125,308.0,314.0,282.0,312.0,92000.0
2013-01-04,259.4646911621094,304.0,319.0,301.0,315.0,54000.0
2013-01-07,250.92970275878903,294.0,301.0,281.0,301.0,42000.0
2013-01-08,252.6366577148437,296.0,300.0,285.0,300.0,23000.0
2013-01-09,302.99334716796875,355.0,370.0,287.0,288.0,0.0
2013-01-10,349.9359130859375,410.0,426.0,371.0,371.0,225000.0
2013-01-11,333.7194519042969,391.0,419.0,385.0,418.0,64000.0
2013-01-15,310.6748046875,364.0,380.0,334.0,378.0,81000.0
2013-01-16,315.7958374023437,370.0,411.0,370.0,371.0,51000.0
2013-01-17,292.7513122558594,343.0,380.0,342.0,375.0,28000.0
2013-01-18,291.89776611328125,342.0,365.0,342.0,365.0,20000.0
2013-01-21,315.7958374023437,370.0,380.0,343.0,343.0,36000.0
2013-01-22,331.158935546875,388.0,388.0,360.0,360.0,18000.0
2013-01-23,303.84686279296875,356.0,362.0,356.0,358.0,6000.0
2013-01-24,292.7513122558594,343.0,355.0,343.0,355.0,7000.0
2013-01-25,298.7257995605469,350.0,350.0,340.0,343.0,18000.0
2013-01-28,296.165283203125,347.0,355.0,333.0,355.0,26000.0
2013-01-29,285.9233093261719,335.0,343.0,335.0,343.0,5000.0
2013-01-30,279.94879150390625,328.0,335.0,328.0,335.0,16000.0
2013-01-31,285.0697937011719,334.0,334.0,310.0,320.0,12000.0
2013-02-01,266.2927551269531,312.0,328.0,311.0,328.0,9000.0
2013-02-04,268.8532409667969,315.0,328.0,312.0,328.0,13000.0
2013-02-05,258.6112060546875,303.0,323.0,303.0,323.0,6000.0
2013-02-06,267.9997253417969,314.0,318.0,304.0,304.0,10000.0
2013-02-07,260.3182373046875,305.0,314.0,305.0,314.0,9000.0
2013-02-08,257.7576904296875,302.0,313.0,301.0,313.0,11000.0
2013-02-12,243.2481689453125,285.0,300.0,285.0,300.0,12000.0
2013-02-13,220.2035980224609,258.0,271.0,258.0,271.0,10000.0
2013-02-14,227.0316162109375,266.0,266.0,258.0,258.0,2000.0
2013-02-15,204.840560913086,240.0,259.0,235.0,259.0,21000.0
2013-02-18,217.64309692382807,255.0,256.0,247.0,256.0,24000.0
2013-02-19,215.08258056640625,252.0,255.0,245.0,255.0,14000.0
2013-02-20,283.3627624511719,332.0,332.0,255.0,255.0,72000.0
2013-02-21,348.2289428710937,408.0,412.0,372.0,410.0,325000.0
2013-02-22,319.2098999023437,374.0,400.0,355.0,400.0,99000.0
2013-02-25,291.0443115234375,341.0,358.0,341.0,358.0,39000.0
2013-02-26,284.2162780761719,333.0,341.0,317.0,328.0,25000.0
2013-02-27,283.3627624511719,332.0,341.0,317.0,317.0,18000.0
2013-02-28,279.0953063964844,327.0,341.0,327.0,332.0,10000.0
2013-03-01,273.9742736816406,321.0,327.0,316.0,327.0,20000.0
2013-03-04,272.2672424316406,319.0,330.0,312.0,321.0,22000.0
2013-03-05,275.6812438964844,323.0,323.0,319.0,319.0,7000.0
2013-03-06,320.0633850097656,375.0,380.0,324.0,324.0,79000.0
2013-03-07,302.99334716796875,355.0,380.0,352.0,372.0,27000.0
2013-03-08,298.7257995605469,350.0,375.0,350.0,369.0,16000.0
2013-03-11,280.80224609375,329.0,368.0,329.0,357.0,11000.0
2013-03-12,291.0443115234375,341.0,373.0,340.0,343.0,57000.0
2013-03-13,295.3118591308594,346.0,351.0,346.0,346.0,11000.0
2013-03-14,297.018798828125,348.0,354.0,340.0,354.0,5000.0
2013-03-15,298.7257995605469,350.0,350.0,320.0,345.0,22000.0
2013-03-18,285.0697937011719,334.0,336.0,321.0,336.0,9000.0
2013-03-19,287.6302490234375,337.0,350.0,334.0,334.0,8000.0
2013-03-21,290.1907958984375,340.0,345.0,337.0,345.0,6000.0
2013-03-22,296.165283203125,347.0,348.0,334.0,340.0,7000.0
2013-03-25,287.6302490234375,337.0,341.0,337.0,341.0,3000.0
2013-03-26,278.24176025390625,326.0,342.0,325.0,330.0,8000.0
2013-03-27,278.24176025390625,326.0,326.0,326.0,326.0,8000.0
2013-03-28,290.1907958984375,340.0,340.0,305.0,314.0,22000.0
2013-03-29,288.4837951660156,338.0,340.0,315.0,340.0,5000.0
2013-04-01,271.4136962890625,318.0,334.0,318.0,322.0,7000.0
2013-04-02,272.2672424316406,319.0,326.0,308.0,326.0,11000.0
2013-04-03,265.439208984375,311.0,311.0,311.0,311.0,1000.0
2013-04-04,273.1207580566406,320.0,328.0,307.0,311.0,9000.0
2013-04-05,273.1207580566406,320.0,336.0,320.0,336.0,3000.0
2013-04-08,273.1207580566406,320.0,328.0,320.0,320.0,7000.0
2013-04-09,279.94879150390625,328.0,328.0,321.0,322.0,8000.0
2013-04-10,279.94879150390625,328.0,328.0,320.0,320.0,4000.0
2013-04-11,281.6557312011719,330.0,330.0,327.0,328.0,8000.0
2013-04-12,277.38824462890625,325.0,325.0,313.0,322.0,12000.0
2013-04-15,273.1207580566406,320.0,330.0,312.0,326.0,8000.0
2013-04-16,278.24176025390625,326.0,326.0,320.0,320.0,7000.0
2013-04-17,280.80224609375,329.0,329.0,318.0,318.0,4000.0
2013-04-18,287.6302490234375,337.0,343.0,327.0,327.0,14000.0
2013-04-19,285.0697937011719,334.0,340.0,326.0,330.0,10000.0
2013-04-22,301.28631591796875,353.0,353.0,330.0,330.0,35000.0
2013-04-23,325.18438720703125,381.0,433.0,345.0,350.0,210000.0
2013-04-24,319.2098999023437,374.0,428.0,364.0,397.0,80000.0
2013-04-25,311.5283508300781,365.0,365.0,336.0,358.0,30000.0
2013-04-26,311.5283508300781,365.0,399.0,353.0,373.0,44000.0
2013-04-30,320.0633850097656,375.0,375.0,349.0,349.0,11000.0
2013-05-01,311.5283508300781,365.0,383.0,365.0,383.0,15000.0
2013-05-02,322.6238708496094,378.0,393.0,367.0,369.0,33000.0
2013-05-07,318.3563537597656,373.0,380.0,373.0,380.0,14000.0
2013-05-08,331.158935546875,388.0,400.0,380.0,389.0,31000.0
2013-05-09,339.6939697265625,398.0,404.0,388.0,388.0,30000.0
2013-05-10,343.1079406738281,402.0,402.0,390.0,400.0,31000.0
2013-05-13,368.7129821777344,432.0,440.0,404.0,404.0,59000.0
2013-05-14,352.4964904785156,413.0,428.0,398.0,428.0,54000.0
2013-05-15,343.9613952636719,403.0,435.0,378.0,414.0,55000.0
2013-05-16,308.9678649902344,362.0,388.0,323.0,387.0,48000.0
2013-05-17,314.0888671875,368.0,370.0,348.0,348.0,13000.0
2013-05-20,312.38189697265625,366.0,390.0,365.0,390.0,35000.0
2013-05-21,309.82135009765625,363.0,379.0,360.0,378.0,20000.0
2013-05-22,301.28631591796875,353.0,365.0,350.0,365.0,30000.0
2013-05-23,275.6812438964844,323.0,350.0,315.0,350.0,39000.0
2013-05-24,282.50927734375,331.0,331.0,315.0,317.0,21000.0
2013-05-27,278.24176025390625,326.0,326.0,310.0,316.0,13000.0
2013-05-28,283.3627624511719,332.0,333.0,332.0,333.0,4000.0
2013-05-30,283.3627624511719,332.0,332.0,332.0,332.0,1000.0
2013-05-31,273.9742736816406,321.0,324.0,321.0,324.0,4000.0
2013-06-03,279.0953063964844,327.0,327.0,277.0,306.0,23000.0
2013-06-04,259.4646911621094,304.0,311.0,303.0,311.0,5000.0
2013-06-05,258.6112060546875,303.0,320.0,303.0,320.0,6000.0
2013-06-06,227.88511657714844,267.0,296.0,267.0,291.0,10000.0
2013-06-07,222.7641143798828,261.0,261.0,247.0,252.0,10000.0
2013-06-10,242.39468383789065,284.0,287.0,271.0,271.0,8000.0
2013-06-11,259.4646911621094,304.0,305.0,281.0,286.0,15000.0
2013-06-14,249.22268676757807,292.0,292.0,292.0,292.0,4000.0
2013-06-19,256.0507202148437,300.0,300.0,300.0,300.0,2000.0
2013-06-20,243.2481689453125,285.0,285.0,285.0,285.0,1000.0
2013-06-21,286.7767944335937,336.0,340.0,310.0,310.0,16000.0
2013-06-24,275.6812438964844,323.0,336.0,323.0,336.0,6000.0
2013-06-25,245.8086700439453,288.0,323.0,288.0,323.0,12000.0
2013-06-26,241.5411376953125,283.0,283.0,280.0,281.0,10000.0
2013-06-27,238.98065185546875,280.0,285.0,270.0,283.0,8000.0
2013-06-28,240.6876373291016,282.0,282.0,273.0,275.0,13000.0
2013-07-01,259.4646911621094,304.0,320.0,282.0,285.0,12000.0
2013-07-02,260.3182373046875,305.0,324.0,291.0,324.0,26000.0
2013-07-03,264.5857238769531,310.0,310.0,307.0,310.0,11000.0
2013-07-04,264.5857238769531,310.0,315.0,303.0,307.0,8000.0
2013-07-05,317.5028686523437,372.0,387.0,314.0,314.0,91000.0
2013-07-08,316.6493835449219,371.0,396.0,371.0,396.0,83000.0
2013-07-09,311.5283508300781,365.0,371.0,358.0,371.0,7000.0
2013-07-10,306.4073181152344,359.0,371.0,350.0,365.0,24000.0
2013-07-11,304.7003479003906,357.0,370.0,350.0,350.0,15000.0
2013-07-12,332.01239013671875,389.0,398.0,367.0,368.0,34000.0
2013-07-16,325.18438720703125,381.0,396.0,370.0,395.0,52000.0
2013-07-17,324.3308410644531,380.0,385.0,370.0,383.0,16000.0
2013-07-18,349.9359130859375,410.0,410.0,385.0,385.0,355000.0
2013-07-19,418.2161560058594,490.0,490.0,442.0,442.0,254000.0
2013-07-22,486.496337890625,570.0,570.0,570.0,570.0,56000.0
2013-07-23,401.1461181640625,470.0,565.0,470.0,565.0,615000.0
2013-07-24,349.0824279785156,409.0,452.0,409.0,452.0,164000.0
2013-07-25,367.0059814453125,430.0,450.0,417.0,417.0,55000.0
2013-07-26,350.7894287109375,411.0,444.0,411.0,435.0,31000.0
2013-07-29,332.8658752441406,390.0,411.0,367.0,411.0,39000.0
2013-07-30,326.891357421875,383.0,390.0,375.0,377.0,28000.0
2013-07-31,342.25445556640625,401.0,412.0,376.0,376.0,26000.0
2013-08-01,326.891357421875,383.0,401.0,378.0,401.0,26000.0
2013-08-02,311.5283508300781,365.0,383.0,360.0,383.0,17000.0
2013-08-05,311.5283508300781,365.0,365.0,357.0,357.0,8000.0
2013-08-06,304.7003479003906,357.0,357.0,357.0,357.0,3000.0
2013-08-07,298.7257995605469,350.0,355.0,350.0,353.0,11000.0
2013-08-08,301.28631591796875,353.0,353.0,338.0,348.0,22000.0
2013-08-09,289.3372497558594,339.0,340.0,337.0,337.0,13000.0
2013-08-12,284.2162780761719,333.0,338.0,333.0,338.0,4000.0
2013-08-13,278.24176025390625,326.0,326.0,326.0,326.0,1000.0
2013-08-14,286.7767944335937,336.0,340.0,328.0,334.0,9000.0
2013-08-15,291.89776611328125,342.0,342.0,342.0,342.0,1000.0
2013-08-16,280.80224609375,329.0,330.0,326.0,326.0,4000.0
2013-08-19,290.1907958984375,340.0,340.0,331.0,337.0,3000.0
2013-08-20,286.7767944335937,336.0,340.0,336.0,340.0,2000.0
2013-08-21,279.94879150390625,328.0,330.0,328.0,330.0,6000.0
2013-08-22,279.0953063964844,327.0,329.0,327.0,329.0,3000.0
2013-08-23,285.0697937011719,334.0,334.0,327.0,327.0,11000.0
2013-08-27,285.0697937011719,334.0,334.0,334.0,334.0,0.0
2013-08-28,281.6557312011719,330.0,334.0,330.0,334.0,7000.0
2013-08-29,282.50927734375,331.0,331.0,330.0,330.0,2000.0
2013-08-30,282.50927734375,331.0,331.0,331.0,331.0,0.0
2013-09-02,290.1907958984375,340.0,340.0,331.0,331.0,13000.0
2013-09-03,321.7703857421875,377.0,388.0,356.0,356.0,25000.0
2013-09-04,320.9168701171875,376.0,383.0,371.0,371.0,19000.0
2013-09-05,313.2353515625,367.0,378.0,367.0,378.0,5000.0
2013-09-06,307.2608337402344,360.0,367.0,360.0,367.0,4000.0
2013-09-09,352.4964904785156,413.0,430.0,384.0,430.0,76000.0
2013-09-10,369.56646728515625,433.0,439.0,415.0,418.0,42000.0
2013-09-11,357.61749267578125,419.0,440.0,419.0,439.0,49000.0
2013-09-12,361.0315246582031,423.0,439.0,423.0,439.0,7000.0
2013-09-13,360.177978515625,422.0,422.0,400.0,415.0,13000.0
2013-09-17,349.9359130859375,410.0,426.0,410.0,415.0,13000.0
2013-09-18,349.9359130859375,410.0,420.0,407.0,418.0,10000.0
2013-09-19,384.0760803222656,450.0,484.0,419.0,420.0,149000.0
2013-09-20,358.4709777832031,420.0,457.0,414.0,457.0,44000.0
2013-09-24,355.0570068359375,416.0,425.0,410.0,425.0,14000.0
2013-09-25,339.6939697265625,398.0,417.0,398.0,417.0,17000.0
2013-09-26,349.9359130859375,410.0,414.0,410.0,410.0,7000.0
2013-09-27,355.91046142578125,417.0,418.0,402.0,418.0,6000.0
2013-09-30,356.7640075683594,418.0,421.0,410.0,421.0,5000.0
2013-10-01,349.0824279785156,409.0,409.0,397.0,398.0,4000.0
2013-10-02,328.5984191894531,385.0,401.0,380.0,401.0,20000.0
2013-10-03,332.01239013671875,389.0,389.0,365.0,377.0,20000.0
2013-10-04,332.01239013671875,389.0,389.0,389.0,389.0,0.0
2013-10-07,328.5984191894531,385.0,385.0,385.0,385.0,1000.0
2013-10-08,315.7958374023437,370.0,372.0,356.0,372.0,8000.0
2013-10-09,318.3563537597656,373.0,387.0,360.0,363.0,14000.0
2013-10-10,318.3563537597656,373.0,373.0,373.0,373.0,0.0
2013-10-11,326.891357421875,383.0,383.0,376.0,380.0,10000.0
2013-10-15,327.7449035644531,384.0,384.0,370.0,384.0,12000.0
2013-10-16,326.891357421875,383.0,385.0,375.0,385.0,5000.0
2013-10-17,324.3308410644531,380.0,381.0,380.0,380.0,3000.0
2013-10-18,325.18438720703125,381.0,381.0,375.0,375.0,3000.0
2013-10-21,325.18438720703125,381.0,381.0,381.0,381.0,2000.0
2013-10-22,324.3308410644531,380.0,380.0,380.0,380.0,1000.0
2013-10-23,320.0633850097656,375.0,380.0,375.0,380.0,8000.0
2013-10-24,325.18438720703125,381.0,381.0,370.0,375.0,5000.0
2013-10-25,325.18438720703125,381.0,381.0,363.0,373.0,7000.0
2013-10-28,319.2098999023437,374.0,384.0,367.0,381.0,11000.0
2013-10-30,325.18438720703125,381.0,384.0,378.0,378.0,20000.0
2013-10-31,334.5728759765625,392.0,404.0,386.0,386.0,25000.0
2013-11-01,337.1334228515625,395.0,402.0,389.0,399.0,9000.0
2013-11-05,330.3053894042969,387.0,397.0,387.0,387.0,5000.0
2013-11-06,330.3053894042969,387.0,387.0,379.0,379.0,2000.0
2013-11-07,334.5728759765625,392.0,392.0,392.0,392.0,1000.0
2013-11-08,334.5728759765625,392.0,392.0,392.0,392.0,0.0
2013-11-11,326.891357421875,383.0,385.0,367.0,385.0,9000.0
2013-11-12,322.6238708496094,378.0,378.0,368.0,368.0,4000.0
2013-11-13,320.0633850097656,375.0,375.0,369.0,371.0,6000.0
2013-11-14,324.3308410644531,380.0,380.0,380.0,380.0,5000.0
2013-11-15,325.18438720703125,381.0,381.0,375.0,376.0,3000.0
2013-11-19,320.9168701171875,376.0,376.0,370.0,370.0,9000.0
2013-11-20,314.9423217773437,369.0,369.0,369.0,369.0,1000.0
2013-11-21,319.2098999023437,374.0,377.0,374.0,375.0,5000.0
2013-11-25,320.9168701171875,376.0,376.0,376.0,376.0,2000.0
2013-11-26,314.0888671875,368.0,368.0,360.0,360.0,3000.0
2013-11-27,313.2353515625,367.0,373.0,367.0,373.0,3000.0
2013-11-28,313.2353515625,367.0,367.0,367.0,367.0,0.0
2013-11-29,317.5028686523437,372.0,372.0,372.0,372.0,1000.0
2013-12-02,313.2353515625,367.0,367.0,363.0,367.0,5000.0
2013-12-03,316.6493835449219,371.0,371.0,363.0,367.0,7000.0
2013-12-04,320.9168701171875,376.0,376.0,348.0,368.0,13000.0
2013-12-05,316.6493835449219,371.0,371.0,363.0,368.0,12000.0
2013-12-06,312.38189697265625,366.0,367.0,358.0,364.0,19000.0
2013-12-09,308.9678649902344,362.0,362.0,361.0,361.0,5000.0
2013-12-10,308.9678649902344,362.0,362.0,362.0,362.0,0.0
2013-12-11,310.6748046875,364.0,364.0,356.0,356.0,3000.0
2013-12-12,305.5538024902344,358.0,358.0,358.0,358.0,2000.0
2013-12-13,305.5538024902344,358.0,358.0,358.0,358.0,0.0
2013-12-16,305.5538024902344,358.0,358.0,342.0,350.0,8000.0
2013-12-17,302.13983154296875,354.0,354.0,354.0,354.0,2000.0
2013-12-18,306.4073181152344,359.0,359.0,353.0,354.0,4000.0
2013-12-19,305.5538024902344,358.0,359.0,350.0,359.0,5000.0
2013-12-20,304.7003479003906,357.0,357.0,357.0,357.0,1000.0
2013-12-24,301.28631591796875,353.0,353.0,349.0,350.0,6000.0
2013-12-25,304.7003479003906,357.0,357.0,348.0,348.0,5000.0
2013-12-26,304.7003479003906,357.0,357.0,357.0,357.0,0.0
2013-12-27,307.2608337402344,360.0,362.0,356.0,356.0,4000.0
2013-12-30,321.7703857421875,377.0,377.0,366.0,368.0,18000.0
2014-01-06,322.6238708496094,378.0,378.0,373.0,377.0,8000.0
2014-01-07,326.03790283203125,382.0,382.0,374.0,379.0,8000.0
2014-01-08,324.3308410644531,380.0,380.0,370.0,370.0,6000.0
2014-01-09,318.3563537597656,373.0,373.0,373.0,373.0,1000.0
2014-01-10,322.6238708496094,378.0,380.0,370.0,380.0,6000.0
2014-01-14,333.7194519042969,391.0,391.0,365.0,365.0,3000.0
2014-01-15,323.4773864746094,379.0,379.0,368.0,373.0,19000.0
2014-01-16,317.5028686523437,372.0,373.0,361.0,373.0,20000.0
2014-01-17,314.0888671875,368.0,368.0,363.0,364.0,8000.0
2014-01-20,318.3563537597656,373.0,373.0,368.0,369.0,6000.0
2014-01-21,319.2098999023437,374.0,374.0,367.0,367.0,2000.0
2014-01-22,319.2098999023437,374.0,374.0,374.0,374.0,0.0
2014-01-23,317.5028686523437,372.0,372.0,367.0,367.0,3000.0
2014-01-24,310.6748046875,364.0,364.0,364.0,364.0,1000.0
2014-01-27,310.6748046875,364.0,364.0,364.0,364.0,0.0
2014-01-28,307.2608337402344,360.0,360.0,356.0,356.0,2000.0
2014-01-30,307.2608337402344,360.0,360.0,360.0,360.0,0.0
2014-01-31,311.5283508300781,365.0,365.0,353.0,353.0,5000.0
2014-02-03,307.2608337402344,360.0,360.0,352.0,352.0,2000.0
2014-02-04,292.7513122558594,343.0,350.0,327.0,350.0,7000.0
2014-02-05,279.94879150390625,328.0,336.0,319.0,327.0,13000.0
2014-02-06,285.9233093261719,335.0,335.0,335.0,335.0,1000.0
2014-02-07,291.0443115234375,341.0,341.0,333.0,333.0,4000.0
2014-02-10,273.1207580566406,320.0,325.0,317.0,317.0,16000.0
2014-02-12,273.9742736816406,321.0,323.0,318.0,320.0,6000.0
2014-02-13,273.1207580566406,320.0,320.0,317.0,317.0,5000.0
2014-02-14,274.8277587890625,322.0,322.0,315.0,315.0,3000.0
2014-02-17,269.70672607421875,316.0,316.0,308.0,308.0,2000.0
2014-02-20,269.70672607421875,316.0,316.0,316.0,316.0,0.0
2014-02-21,272.2672424316406,319.0,319.0,319.0,319.0,1000.0
2014-02-24,279.0953063964844,327.0,327.0,316.0,316.0,7000.0
2014-02-25,285.9233093261719,335.0,335.0,324.0,334.0,4000.0
2014-02-27,285.9233093261719,335.0,335.0,335.0,335.0,0.0
2014-02-28,276.5347595214844,324.0,324.0,318.0,322.0,3000.0
2014-03-04,276.5347595214844,324.0,324.0,324.0,324.0,0.0
2014-03-05,277.38824462890625,325.0,325.0,317.0,319.0,6000.0
2014-03-06,275.6812438964844,323.0,324.0,318.0,324.0,3000.0
2014-03-07,275.6812438964844,323.0,323.0,315.0,317.0,15000.0
2014-03-10,273.1207580566406,320.0,322.0,307.0,318.0,21000.0
2014-03-11,273.9742736816406,321.0,325.0,315.0,317.0,7000.0
2014-03-12,275.6812438964844,323.0,323.0,313.0,313.0,22000.0
2014-03-13,274.8277587890625,322.0,322.0,315.0,318.0,8000.0
2014-03-14,268.8532409667969,315.0,315.0,314.0,314.0,4000.0
2014-03-17,264.5857238769531,310.0,310.0,302.0,307.0,4000.0
2014-03-19,258.6112060546875,303.0,309.0,297.0,309.0,3000.0
2014-03-20,246.66213989257807,289.0,302.0,289.0,297.0,5000.0
2014-03-24,246.66213989257807,289.0,289.0,289.0,289.0,0.0
2014-03-25,264.5857238769531,310.0,310.0,288.0,289.0,13000.0
2014-03-26,264.5857238769531,310.0,310.0,310.0,310.0,0.0
2014-03-31,268.9231872558594,310.0,310.0,310.0,310.0,0.0
2014-04-01,267.18817138671875,308.0,308.0,292.0,295.0,29000.0
2014-04-02,268.9231872558594,310.0,310.0,300.0,308.0,31000.0
2014-04-03,271.5256652832031,313.0,316.0,305.0,316.0,7000.0
2014-04-04,268.0556945800781,309.0,309.0,303.0,307.0,3000.0
2014-04-07,272.3931884765625,314.0,314.0,309.0,309.0,8000.0
2014-04-08,275.86309814453125,318.0,319.0,307.0,315.0,15000.0
2014-04-18,282.8031005859375,326.0,326.0,313.0,316.0,5000.0
2014-04-21,282.8031005859375,326.0,334.0,318.0,334.0,5000.0
2014-04-23,281.9355773925781,325.0,326.0,318.0,318.0,7000.0
2014-04-24,287.1405639648437,331.0,331.0,328.0,328.0,2000.0
2014-04-25,285.40557861328125,329.0,358.0,322.0,329.0,47000.0
2014-04-28,283.670654296875,327.0,327.0,303.0,327.0,38000.0
2014-04-30,289.7430725097656,334.0,334.0,327.0,327.0,4000.0
2014-05-01,289.7430725097656,334.0,334.0,319.0,326.0,12000.0
2014-05-02,287.1405639648437,331.0,332.0,327.0,332.0,3000.0
2014-05-07,282.8031005859375,326.0,326.0,309.0,316.0,14000.0
2014-05-08,281.068115234375,324.0,324.0,313.0,318.0,6000.0
2014-05-09,285.40557861328125,329.0,329.0,316.0,316.0,6000.0
2014-05-12,273.2606506347656,315.0,321.0,315.0,321.0,2000.0
2014-05-13,279.3331298828125,322.0,322.0,314.0,314.0,3000.0
2014-05-14,283.670654296875,327.0,327.0,313.0,322.0,17000.0
2014-05-15,283.670654296875,327.0,327.0,327.0,327.0,2000.0
2014-05-27,283.670654296875,327.0,327.0,327.0,327.0,0.0
2014-05-28,281.068115234375,324.0,324.0,324.0,324.0,3000.0
2014-05-29,281.068115234375,324.0,324.0,324.0,324.0,0.0
2014-05-30,277.59814453125,320.0,323.0,320.0,323.0,5000.0
2014-06-02,278.46563720703125,321.0,324.0,313.0,324.0,4000.0
2014-06-03,278.46563720703125,321.0,321.0,312.0,315.0,11000.0
2014-06-04,274.99566650390625,317.0,319.0,309.0,315.0,23000.0
2014-06-05,280.2005920410156,323.0,323.0,307.0,311.0,8000.0
2014-06-06,278.46563720703125,321.0,321.0,312.0,313.0,20000.0
2014-06-09,287.1405639648437,331.0,331.0,315.0,315.0,7000.0
2014-06-10,274.99566650390625,317.0,324.0,314.0,316.0,25000.0
2014-06-11,275.86309814453125,318.0,318.0,317.0,317.0,2000.0
2014-06-12,275.86309814453125,318.0,318.0,318.0,318.0,0.0
2014-06-13,276.7306213378906,319.0,319.0,312.0,312.0,4000.0
2014-06-16,277.59814453125,320.0,320.0,315.0,315.0,3000.0
2014-06-17,275.86309814453125,318.0,318.0,314.0,315.0,4000.0
2014-06-18,267.18817138671875,308.0,322.0,308.0,322.0,20000.0
2014-06-19,274.99566650390625,317.0,317.0,308.0,308.0,7000.0
2014-06-20,269.7906799316406,311.0,317.0,309.0,312.0,12000.0
2014-06-23,276.7306213378906,319.0,319.0,310.0,310.0,8000.0
2014-06-24,273.2606506347656,315.0,315.0,312.0,313.0,4000.0
2014-06-26,272.3931884765625,314.0,314.0,312.0,313.0,4000.0
2014-07-01,271.5256652832031,313.0,313.0,311.0,311.0,6000.0
2014-07-02,273.2606506347656,315.0,315.0,312.0,313.0,6000.0
2014-07-03,273.2606506347656,315.0,315.0,312.0,314.0,3000.0
2014-07-04,274.1281433105469,316.0,320.0,314.0,315.0,9000.0
2014-07-07,276.7306213378906,319.0,319.0,315.0,316.0,3000.0
2014-07-08,284.5381164550781,328.0,333.0,318.0,319.0,22000.0
2014-07-09,290.61053466796875,335.0,339.0,332.0,336.0,6000.0
2014-07-10,293.2130126953125,338.0,347.0,331.0,340.0,11000.0
2014-07-11,296.6830139160156,342.0,342.0,329.0,330.0,10000.0
2014-07-14,292.3455505371094,337.0,339.0,331.0,334.0,7000.0
2014-07-15,295.8155212402344,341.0,341.0,333.0,335.0,5000.0
2014-07-16,294.947998046875,340.0,340.0,329.0,333.0,10000.0
2014-07-17,297.5505065917969,343.0,345.0,335.0,337.0,16000.0
2014-07-18,301.0204467773437,347.0,348.0,330.0,335.0,11000.0
2014-07-22,300.15301513671875,346.0,346.0,332.0,339.0,13000.0
2014-07-23,298.4179992675781,344.0,344.0,336.0,338.0,10000.0
2014-07-24,298.4179992675781,344.0,346.0,338.0,341.0,16000.0
2014-07-25,294.947998046875,340.0,345.0,338.0,339.0,14000.0
2014-07-28,295.8155212402344,341.0,341.0,334.0,339.0,9000.0
2014-07-29,295.8155212402344,341.0,341.0,341.0,341.0,4000.0
2014-07-30,293.2130126953125,338.0,338.0,336.0,336.0,3000.0
2014-07-31,295.8155212402344,341.0,341.0,332.0,332.0,6000.0
2014-08-01,294.947998046875,340.0,340.0,333.0,335.0,6000.0
2014-08-04,292.3455505371094,337.0,337.0,328.0,332.0,10000.0
2014-08-05,292.3455505371094,337.0,337.0,337.0,337.0,0.0
2014-08-06,278.46563720703125,321.0,330.0,321.0,330.0,4000.0
2014-08-08,270.658203125,312.0,315.0,312.0,312.0,6000.0
2014-08-11,277.59814453125,320.0,320.0,320.0,320.0,1000.0
2014-08-12,275.86309814453125,318.0,322.0,318.0,322.0,2000.0
2014-08-13,272.3931884765625,314.0,314.0,310.0,310.0,3000.0
2014-08-14,272.3931884765625,314.0,316.0,314.0,314.0,3000.0
2014-08-18,272.3931884765625,314.0,314.0,314.0,314.0,0.0
2014-08-20,277.59814453125,320.0,324.0,316.0,324.0,4000.0
2014-08-21,277.59814453125,320.0,320.0,320.0,320.0,0.0
2014-08-22,286.2730407714844,330.0,330.0,321.0,321.0,4000.0
2014-08-25,286.2730407714844,330.0,332.0,327.0,332.0,8000.0
2014-08-26,286.2730407714844,330.0,330.0,330.0,330.0,0.0
2014-08-29,290.61053466796875,335.0,335.0,335.0,335.0,0.0
2014-09-01,290.61053466796875,335.0,335.0,335.0,335.0,1000.0
2014-09-02,305.3579406738281,352.0,370.0,343.0,343.0,38000.0
2014-09-03,311.430419921875,359.0,362.0,358.0,358.0,4000.0
2014-09-04,302.7554931640625,349.0,349.0,340.0,340.0,3000.0
2014-09-05,305.3579406738281,352.0,352.0,344.0,350.0,5000.0
2014-09-08,307.96044921875,355.0,355.0,347.0,351.0,4000.0
2014-09-09,305.3579406738281,352.0,352.0,347.0,347.0,2000.0
2014-09-16,305.3579406738281,352.0,352.0,352.0,352.0,0.0
2014-09-17,288.87554931640625,333.0,349.0,333.0,349.0,2000.0
2014-09-18,282.8031005859375,326.0,326.0,323.0,325.0,12000.0
2014-09-22,282.8031005859375,326.0,332.0,322.0,322.0,4000.0
2014-09-25,282.8031005859375,326.0,326.0,318.0,318.0,6000.0
2014-09-26,282.8031005859375,326.0,326.0,326.0,326.0,0.0
2014-09-29,274.99566650390625,317.0,323.0,316.0,323.0,3000.0
2014-09-30,274.99566650390625,317.0,317.0,317.0,317.0,1000.0
2014-10-01,279.3331298828125,322.0,322.0,322.0,322.0,1000.0
2014-10-02,279.3331298828125,322.0,322.0,322.0,322.0,0.0
2014-10-03,276.7306213378906,319.0,319.0,314.0,314.0,2000.0
2014-10-06,287.1405639648437,331.0,333.0,325.0,325.0,3000.0
2014-10-08,281.9355773925781,325.0,325.0,317.0,317.0,2000.0
2014-10-09,281.068115234375,324.0,324.0,324.0,324.0,5000.0
2014-10-10,271.5256652832031,313.0,322.0,308.0,322.0,8000.0
2014-10-14,271.5256652832031,313.0,313.0,313.0,313.0,0.0
2014-10-15,268.9231872558594,310.0,310.0,310.0,310.0,1000.0
2014-10-16,262.8507080078125,303.0,303.0,292.0,300.0,5000.0
2014-10-17,262.8507080078125,303.0,303.0,303.0,303.0,0.0
2014-10-20,262.8507080078125,303.0,308.0,303.0,308.0,2000.0
2014-10-21,255.0433044433593,294.0,295.0,294.0,295.0,4000.0
2014-10-22,259.3807983398437,299.0,299.0,295.0,295.0,2000.0
2014-10-24,259.3807983398437,299.0,299.0,299.0,299.0,2000.0
2014-10-27,260.248291015625,300.0,300.0,300.0,300.0,1000.0
2014-10-28,260.248291015625,300.0,300.0,300.0,300.0,0.0
2014-10-29,268.0556945800781,309.0,309.0,295.0,295.0,5000.0
2014-10-30,266.3207092285156,307.0,311.0,301.0,311.0,10000.0
2014-10-31,268.9231872558594,310.0,312.0,310.0,310.0,4000.0
2014-11-04,275.86309814453125,318.0,318.0,316.0,316.0,3000.0
2014-11-05,275.86309814453125,318.0,321.0,313.0,318.0,5000.0
2014-11-06,278.46563720703125,321.0,321.0,312.0,318.0,4000.0
2014-11-07,278.46563720703125,321.0,321.0,321.0,321.0,0.0
2014-11-10,277.59814453125,320.0,320.0,320.0,320.0,2000.0
2014-11-11,294.0805358886719,339.0,339.0,320.0,320.0,9000.0
2014-11-12,327.9128112792969,378.0,419.0,340.0,340.0,265000.0
2014-11-13,360.0101013183594,415.0,455.0,378.0,378.0,178000.0
2014-11-14,359.142578125,414.0,449.0,405.0,449.0,60000.0
2014-11-17,339.19024658203125,391.0,420.0,380.0,420.0,30000.0
2014-11-18,333.1177673339844,384.0,398.0,371.0,398.0,7000.0
2014-11-19,348.732666015625,402.0,422.0,397.0,412.0,53000.0
2014-11-20,346.13018798828125,399.0,402.0,397.0,402.0,6000.0
2014-11-21,351.33514404296875,405.0,416.0,391.0,391.0,11000.0
2014-11-25,328.7803039550781,379.0,395.0,379.0,395.0,2000.0
2014-11-26,316.6353759765625,365.0,370.0,365.0,370.0,9000.0
2014-11-27,318.370361328125,367.0,367.0,365.0,365.0,3000.0
2014-11-28,360.0101013183594,415.0,415.0,346.0,360.0,25000.0
2014-12-01,355.6725769042969,410.0,430.0,410.0,425.0,37000.0
2014-12-02,353.9375915527344,408.0,410.0,400.0,410.0,8000.0
2014-12-03,346.9976806640625,400.0,424.0,400.0,424.0,14000.0
2014-12-04,353.07012939453125,407.0,415.0,407.0,415.0,3000.0
2014-12-05,373.8899841308594,431.0,450.0,419.0,419.0,31000.0
2014-12-08,373.8899841308594,431.0,445.0,429.0,443.0,18000.0
2014-12-09,376.4924621582031,434.0,444.0,430.0,430.0,12000.0
2014-12-10,383.4324340820313,442.0,442.0,439.0,440.0,15000.0
2014-12-11,383.4324340820313,442.0,445.0,440.0,443.0,44000.0
2014-12-12,442.4220275878906,510.0,522.0,448.0,448.0,320000.0
2014-12-15,355.6725769042969,410.0,410.0,410.0,410.0,15000.0
2014-12-16,328.7803039550781,379.0,392.0,353.0,354.0,281000.0
2014-12-17,294.947998046875,340.0,374.0,330.0,373.0,204000.0
2014-12-18,293.2130126953125,338.0,351.0,325.0,348.0,58000.0
2014-12-19,289.7430725097656,334.0,338.0,328.0,335.0,27000.0
2014-12-22,268.0556945800781,309.0,332.0,309.0,332.0,72000.0
2014-12-24,298.4179992675781,344.0,346.0,321.0,322.0,86000.0
2014-12-25,286.2730407714844,330.0,344.0,330.0,344.0,27000.0
2014-12-26,299.28546142578125,345.0,345.0,322.0,322.0,8000.0
2014-12-29,294.947998046875,340.0,343.0,337.0,337.0,3000.0
2014-12-30,298.4179992675781,344.0,348.0,340.0,340.0,8000.0
2015-01-05,303.6229553222656,350.0,350.0,345.0,345.0,12000.0
2015-01-06,306.2254333496094,353.0,353.0,351.0,351.0,10000.0
2015-01-07,294.0805358886719,339.0,348.0,337.0,345.0,13000.0
2015-01-08,297.5505065917969,343.0,347.0,340.0,347.0,6000.0
2015-01-09,299.28546142578125,345.0,350.0,341.0,341.0,16000.0
2015-01-13,294.0805358886719,339.0,339.0,335.0,337.0,4000.0
2015-01-14,292.3455505371094,337.0,346.0,337.0,345.0,10000.0
2015-01-15,293.2130126953125,338.0,338.0,334.0,336.0,11000.0
2015-01-16,284.5381164550781,328.0,328.0,321.0,327.0,14000.0
2015-01-19,286.2730407714844,330.0,333.0,321.0,321.0,7000.0
2015-01-20,286.2730407714844,330.0,330.0,330.0,330.0,1000.0
2015-01-21,288.87554931640625,333.0,333.0,324.0,324.0,5000.0
2015-01-22,288.87554931640625,333.0,333.0,333.0,333.0,0.0
2015-01-23,284.5381164550781,328.0,336.0,328.0,336.0,4000.0
2015-01-26,285.40557861328125,329.0,329.0,328.0,328.0,2000.0
2015-01-27,286.2730407714844,330.0,330.0,325.0,325.0,2000.0
2015-01-28,281.9355773925781,325.0,332.0,322.0,322.0,15000.0
2015-01-29,286.2730407714844,330.0,330.0,330.0,330.0,5000.0
2015-01-30,281.068115234375,324.0,324.0,324.0,324.0,2000.0
2015-02-02,286.2730407714844,330.0,330.0,329.0,329.0,2000.0
2015-02-03,281.9355773925781,325.0,325.0,325.0,325.0,1000.0
2015-02-04,280.2005920410156,323.0,323.0,320.0,322.0,10000.0
2015-02-05,280.2005920410156,323.0,323.0,323.0,323.0,0.0
2015-02-06,299.28546142578125,345.0,345.0,318.0,318.0,18000.0
2015-02-09,291.47802734375,336.0,393.0,336.0,393.0,41000.0
2015-02-10,289.7430725097656,334.0,351.0,329.0,332.0,22000.0
2015-02-12,289.7430725097656,334.0,342.0,334.0,342.0,5000.0
2015-02-13,288.008056640625,332.0,332.0,332.0,332.0,2000.0
2015-02-16,290.61053466796875,335.0,335.0,335.0,335.0,2000.0
2015-02-17,288.87554931640625,333.0,333.0,330.0,330.0,6000.0
2015-02-18,288.87554931640625,333.0,337.0,333.0,337.0,3000.0
2015-02-19,294.947998046875,340.0,343.0,338.0,341.0,14000.0
2015-02-20,284.5381164550781,328.0,338.0,325.0,337.0,15000.0
2015-02-23,287.1405639648437,331.0,331.0,325.0,325.0,12000.0
2015-02-24,283.670654296875,327.0,327.0,327.0,327.0,1000.0
2015-02-25,287.1405639648437,331.0,331.0,328.0,329.0,4000.0
2015-02-26,289.7430725097656,334.0,334.0,332.0,332.0,2000.0
2015-02-27,312.2978820800781,360.0,360.0,335.0,335.0,63000.0
2015-03-02,326.17779541015625,376.0,414.0,372.0,389.0,67000.0
2015-03-03,310.5628662109375,358.0,375.0,352.0,375.0,15000.0
2015-03-04,301.88800048828125,348.0,354.0,347.0,351.0,6000.0
2015-03-05,311.430419921875,359.0,359.0,350.0,350.0,9000.0
2015-03-06,312.2978820800781,360.0,374.0,360.0,365.0,24000.0
2015-03-09,314.03289794921875,362.0,373.0,361.0,365.0,5000.0
2015-03-10,313.1654052734375,361.0,361.0,361.0,361.0,4000.0
2015-03-11,312.2978820800781,360.0,365.0,360.0,365.0,2000.0
2015-03-12,318.370361328125,367.0,367.0,367.0,367.0,2000.0
2015-03-13,324.44287109375,374.0,383.0,373.0,373.0,30000.0
2015-03-16,329.64776611328125,380.0,380.0,371.0,374.0,12000.0
2015-03-17,345.2626953125,398.0,400.0,385.0,385.0,33000.0
2015-03-18,351.33514404296875,405.0,405.0,391.0,391.0,21000.0
2015-03-19,353.07012939453125,407.0,407.0,399.0,406.0,17000.0
2015-03-20,360.0101013183594,415.0,440.0,403.0,404.0,48000.0
2015-03-23,373.0224609375,430.0,431.0,415.0,415.0,10000.0
2015-03-24,380.8299255371094,439.0,442.0,426.0,438.0,15000.0
2015-03-25,367.8175354003906,424.0,442.0,420.0,442.0,10000.0
2015-03-26,355.6725769042969,410.0,410.0,410.0,410.0,1000.0
2015-03-27,332.6688842773437,376.0,413.0,366.0,413.0,45000.0
2015-03-30,336.2079162597656,380.0,380.0,373.0,376.0,13000.0
2015-03-31,336.2079162597656,380.0,380.0,380.0,380.0,0.0
2015-04-01,335.3231811523437,379.0,379.0,379.0,379.0,1000.0
2015-04-02,336.2079162597656,380.0,380.0,380.0,380.0,2000.0
2015-04-03,333.5536499023437,377.0,384.0,372.0,372.0,11000.0
2015-04-06,330.8994140625,374.0,385.0,373.0,384.0,9000.0
2015-04-07,331.7841491699219,375.0,375.0,373.0,373.0,2000.0
2015-04-08,327.3603515625,370.0,371.0,370.0,371.0,2000.0
2015-04-09,335.3231811523437,379.0,379.0,375.0,375.0,4000.0
2015-04-10,322.9365539550781,365.0,380.0,365.0,380.0,14000.0
2015-04-13,323.8213195800781,366.0,370.0,366.0,370.0,3000.0
2015-04-14,322.9365539550781,365.0,367.0,365.0,367.0,3000.0
2015-04-15,322.9365539550781,365.0,365.0,365.0,365.0,2000.0
2015-04-16,320.2823181152344,362.0,365.0,362.0,362.0,6000.0
2015-04-20,331.7841491699219,375.0,378.0,375.0,378.0,5000.0
2015-04-21,326.4755249023437,369.0,369.0,367.0,367.0,2000.0
2015-04-22,329.1298828125,372.0,372.0,372.0,372.0,1000.0
2015-04-23,325.5908508300781,368.0,372.0,364.0,364.0,7000.0
2015-04-24,325.5908508300781,368.0,368.0,368.0,368.0,0.0
2015-04-27,373.3677673339844,422.0,422.0,361.0,361.0,49000.0
2015-04-28,338.8621826171875,383.0,414.0,377.0,414.0,44000.0
2015-04-30,331.7841491699219,375.0,383.0,375.0,383.0,6000.0
2015-05-01,327.3603515625,370.0,370.0,370.0,370.0,2000.0
2015-05-07,331.7841491699219,375.0,375.0,375.0,375.0,1000.0
2015-05-08,323.8213195800781,366.0,367.0,355.0,359.0,9000.0
2015-05-11,327.3603515625,370.0,370.0,360.0,360.0,6000.0
2015-05-12,326.4755249023437,369.0,370.0,368.0,370.0,3000.0
2015-05-13,327.3603515625,370.0,370.0,370.0,370.0,1000.0
2015-05-14,321.1670227050781,363.0,364.0,363.0,363.0,5000.0
2015-05-19,323.8213195800781,366.0,366.0,362.0,362.0,3000.0
2015-05-21,323.8213195800781,366.0,366.0,366.0,366.0,0.0
2015-05-22,318.5127868652344,360.0,360.0,360.0,360.0,6000.0
2015-05-25,318.5127868652344,360.0,360.0,360.0,360.0,0.0
2015-05-26,324.7060852050781,367.0,373.0,363.0,363.0,5000.0
2015-05-28,327.3603515625,370.0,370.0,367.0,367.0,3000.0
2015-05-29,320.2823181152344,362.0,362.0,362.0,362.0,1000.0
2015-06-01,322.05181884765625,364.0,367.0,363.0,367.0,4000.0
2015-06-02,325.5908508300781,368.0,368.0,364.0,364.0,2000.0
2015-06-03,329.1298828125,372.0,372.0,364.0,364.0,2000.0
2015-06-04,321.1670227050781,363.0,370.0,363.0,370.0,2000.0
2015-06-08,321.1670227050781,363.0,363.0,363.0,363.0,0.0
2015-06-09,325.5908508300781,368.0,368.0,365.0,365.0,3000.0
2015-06-10,329.1298828125,372.0,395.0,370.0,370.0,8000.0
2015-06-11,329.1298828125,372.0,372.0,372.0,372.0,2000.0
2015-06-16,329.1298828125,372.0,372.0,372.0,372.0,0.0
2015-06-17,329.1298828125,372.0,373.0,372.0,372.0,4000.0
2015-06-18,321.1670227050781,363.0,369.0,359.0,369.0,13000.0
2015-06-24,324.7060852050781,367.0,367.0,367.0,367.0,1000.0
2015-06-26,324.7060852050781,367.0,367.0,367.0,367.0,0.0
2015-06-29,308.78045654296875,349.0,360.0,349.0,360.0,6000.0
2015-06-30,322.05181884765625,364.0,364.0,342.0,342.0,5000.0
2015-07-01,318.5127868652344,360.0,362.0,360.0,362.0,3000.0
2015-07-02,325.5908508300781,368.0,368.0,368.0,368.0,1000.0
2015-07-03,318.5127868652344,360.0,361.0,360.0,360.0,3000.0
2015-07-06,312.3194580078125,353.0,360.0,353.0,360.0,3000.0
2015-07-07,309.6651916503906,350.0,350.0,350.0,350.0,1000.0
2015-07-08,309.6651916503906,350.0,353.0,350.0,353.0,4000.0
2015-07-09,309.6651916503906,350.0,350.0,350.0,350.0,0.0
2015-07-13,317.6280212402344,359.0,359.0,359.0,359.0,1000.0
2015-07-14,318.5127868652344,360.0,360.0,352.0,352.0,8000.0
2015-07-15,314.0890197753906,355.0,355.0,352.0,352.0,2000.0
2015-07-16,314.0890197753906,355.0,355.0,355.0,355.0,1000.0
2015-07-17,314.0890197753906,355.0,355.0,355.0,355.0,0.0
2015-07-21,314.9737548828125,356.0,356.0,356.0,356.0,2000.0
2015-07-22,322.9365539550781,365.0,365.0,365.0,365.0,1000.0
2015-07-23,322.9365539550781,365.0,365.0,365.0,365.0,5000.0
2015-07-24,312.3194580078125,353.0,353.0,353.0,353.0,4000.0
2015-07-27,315.8584899902344,357.0,357.0,356.0,356.0,2000.0
2015-08-03,308.78045654296875,349.0,349.0,349.0,349.0,0.0
2015-08-04,307.8957214355469,348.0,348.0,348.0,348.0,1000.0
2015-08-05,308.78045654296875,349.0,349.0,349.0,349.0,1000.0
2015-08-06,301.7023620605469,341.0,341.0,341.0,341.0,1000.0
2015-08-07,304.3566589355469,344.0,344.0,337.0,337.0,6000.0
2015-08-10,301.7023620605469,341.0,346.0,338.0,338.0,4000.0
2015-08-11,296.3938293457031,335.0,337.0,335.0,337.0,3000.0
2015-08-12,296.3938293457031,335.0,335.0,335.0,335.0,0.0
2015-08-14,297.2785949707031,336.0,336.0,336.0,336.0,1000.0
2015-08-18,297.2785949707031,336.0,336.0,336.0,336.0,0.0
2015-08-19,299.048095703125,338.0,352.0,338.0,352.0,3000.0
2015-08-20,296.3938293457031,335.0,335.0,335.0,335.0,1000.0
2015-08-21,284.0072631835937,321.0,327.0,321.0,327.0,4000.0
2015-08-24,268.0815734863281,303.0,320.0,303.0,315.0,11000.0
2015-08-25,265.4273376464844,300.0,301.0,289.0,290.0,11000.0
2015-08-26,260.1187744140625,294.0,294.0,284.0,284.0,33000.0
2015-08-27,265.4273376464844,300.0,300.0,292.0,294.0,4000.0
2015-08-28,263.6578063964844,298.0,313.0,298.0,313.0,6000.0
2015-08-31,276.9291687011719,313.0,314.0,313.0,314.0,3000.0
2015-09-01,276.04443359375,312.0,312.0,312.0,312.0,1000.0
2015-09-04,268.9663391113281,304.0,304.0,304.0,304.0,3000.0
2015-09-07,258.3492736816406,292.0,292.0,292.0,292.0,1000.0
2015-09-08,268.9663391113281,304.0,308.0,304.0,308.0,4000.0
2015-09-09,268.9663391113281,304.0,304.0,304.0,304.0,2000.0
2015-09-14,267.1968078613281,302.0,306.0,301.0,301.0,3000.0
2015-09-15,270.7358703613281,306.0,306.0,302.0,302.0,4000.0
2015-09-25,260.1187744140625,294.0,298.0,294.0,298.0,8000.0
2015-09-28,265.4273376464844,300.0,301.0,300.0,301.0,2000.0
2015-09-29,259.2340393066406,293.0,296.0,293.0,296.0,3000.0
2015-10-01,266.3121032714844,301.0,301.0,301.0,301.0,1000.0
2015-10-02,273.39013671875,309.0,309.0,309.0,309.0,2000.0
2015-10-05,273.39013671875,309.0,309.0,309.0,309.0,0.0
2015-10-06,269.85113525390625,305.0,305.0,305.0,305.0,2000.0
2015-10-09,281.3529052734375,318.0,318.0,318.0,318.0,1000.0
2015-10-20,269.85113525390625,305.0,312.0,305.0,312.0,5000.0
2015-10-28,275.1596374511719,311.0,319.0,311.0,318.0,5000.0
2015-11-06,283.1224975585937,320.0,320.0,320.0,320.0,1000.0
2015-11-11,283.1224975585937,320.0,320.0,320.0,320.0,0.0
2015-11-13,269.85113525390625,305.0,305.0,305.0,305.0,1000.0
2015-11-17,269.85113525390625,305.0,305.0,305.0,305.0,0.0
2015-11-18,271.62060546875,307.0,307.0,307.0,307.0,1000.0
2015-11-19,270.7358703613281,306.0,306.0,306.0,306.0,1000.0
2015-11-26,270.7358703613281,306.0,306.0,306.0,306.0,0.0
2015-12-01,274.2748718261719,310.0,310.0,310.0,310.0,2000.0
2015-12-03,274.2748718261719,310.0,310.0,310.0,310.0,0.0
2015-12-04,274.2748718261719,310.0,310.0,310.0,310.0,1000.0
2015-12-07,280.4682006835937,317.0,317.0,314.0,314.0,2000.0
2015-12-09,280.4682006835937,317.0,317.0,317.0,317.0,0.0
2015-12-10,282.2377014160156,319.0,319.0,317.0,317.0,3000.0
2015-12-11,282.2377014160156,319.0,320.0,319.0,320.0,2000.0
2015-12-14,282.2377014160156,319.0,319.0,319.0,319.0,0.0
2015-12-15,276.04443359375,312.0,320.0,312.0,320.0,2000.0
2015-12-16,276.04443359375,312.0,312.0,312.0,312.0,0.0
2015-12-17,275.1596374511719,311.0,312.0,311.0,312.0,5000.0
2015-12-18,275.1596374511719,311.0,311.0,311.0,311.0,0.0
2015-12-21,268.9663391113281,304.0,304.0,304.0,304.0,1000.0
2015-12-22,268.9663391113281,304.0,304.0,304.0,304.0,0.0
2015-12-24,268.0815734863281,303.0,307.0,296.0,307.0,11000.0
2015-12-25,268.0815734863281,303.0,303.0,303.0,303.0,0.0
2015-12-28,265.4273376464844,300.0,302.0,300.0,302.0,2000.0
2016-01-04,268.9663391113281,304.0,305.0,304.0,305.0,3000.0
2016-01-05,265.4273376464844,300.0,300.0,300.0,300.0,1000.0
2016-01-06,265.4273376464844,300.0,300.0,300.0,300.0,0.0
2016-01-07,267.1968078613281,302.0,302.0,302.0,302.0,3000.0
2016-01-08,267.1968078613281,302.0,302.0,302.0,302.0,0.0
2016-01-12,261.88824462890625,296.0,296.0,294.0,294.0,5000.0
2016-01-13,261.88824462890625,296.0,296.0,296.0,296.0,0.0
2016-01-14,262.77301025390625,297.0,297.0,290.0,296.0,12000.0
2016-01-21,262.77301025390625,297.0,297.0,297.0,297.0,0.0
2016-01-22,264.5426025390625,299.0,299.0,293.0,293.0,4000.0
2016-01-25,256.5796813964844,290.0,291.0,290.0,291.0,5000.0
2016-01-26,248.6168975830078,281.0,290.0,281.0,290.0,7000.0
2016-01-27,253.92547607421875,287.0,287.0,287.0,287.0,2000.0
2016-01-28,253.92547607421875,287.0,287.0,287.0,287.0,1000.0
2016-01-29,259.2340393066406,293.0,297.0,293.0,297.0,2000.0
2016-02-01,259.2340393066406,293.0,293.0,293.0,293.0,0.0
2016-02-02,263.6578063964844,298.0,298.0,293.0,293.0,4000.0
2016-02-03,263.6578063964844,298.0,298.0,298.0,298.0,0.0
2016-02-04,256.5796813964844,290.0,290.0,290.0,290.0,1000.0
2016-02-05,256.5796813964844,290.0,290.0,290.0,290.0,0.0
2016-02-08,247.73214721679688,280.0,280.0,280.0,280.0,2000.0
2016-02-10,247.73214721679688,280.0,280.0,280.0,280.0,0.0
2016-02-12,230.0370178222656,260.0,261.0,260.0,261.0,3000.0
2016-02-15,245.9626617431641,278.0,278.0,278.0,278.0,1000.0
2016-02-16,238.8845672607422,270.0,278.0,270.0,278.0,3000.0
2016-02-18,238.8845672607422,270.0,270.0,270.0,270.0,0.0
2016-02-19,238.8845672607422,270.0,270.0,270.0,270.0,1000.0
2016-02-22,231.8065185546875,262.0,263.0,262.0,262.0,3000.0
2016-02-23,218.53515625,247.0,262.0,241.0,262.0,11000.0
2016-02-24,218.53515625,247.0,247.0,247.0,247.0,0.0
2016-02-25,217.65040588378903,246.0,246.0,246.0,246.0,1000.0
2016-02-26,247.73214721679688,280.0,280.0,250.0,250.0,9000.0
2016-02-29,235.3455505371093,266.0,325.0,266.0,312.0,22000.0
2016-03-01,228.2674865722656,258.0,267.0,258.0,267.0,9000.0
2016-03-02,228.2674865722656,258.0,258.0,258.0,258.0,0.0
2016-03-04,243.308349609375,275.0,275.0,275.0,275.0,1000.0
2016-03-07,243.308349609375,275.0,275.0,275.0,275.0,0.0
2016-03-08,243.308349609375,275.0,275.0,275.0,275.0,2000.0
2016-03-09,246.84738159179688,279.0,279.0,279.0,279.0,2000.0
2016-03-14,246.84738159179688,279.0,279.0,279.0,279.0,0.0
2016-03-15,267.1968078613281,302.0,302.0,280.0,280.0,3000.0
2016-03-16,253.0407257080078,286.0,286.0,286.0,286.0,1000.0
2016-03-23,253.0407257080078,286.0,286.0,286.0,286.0,0.0
2016-03-24,257.4644775390625,291.0,291.0,284.0,284.0,4000.0
2016-03-25,261.0035095214844,295.0,295.0,295.0,295.0,2000.0
2016-03-28,261.0035095214844,295.0,295.0,295.0,295.0,0.0
2016-04-04,270.1615295410156,295.0,295.0,295.0,295.0,0.0
2016-04-05,257.3403015136719,281.0,291.0,281.0,290.0,7000.0
2016-04-06,257.3403015136719,281.0,281.0,281.0,281.0,0.0
2016-04-07,254.59292602539065,278.0,278.0,278.0,278.0,1000.0
2016-04-08,254.59292602539065,278.0,278.0,278.0,278.0,0.0
2016-04-11,243.6032867431641,266.0,266.0,266.0,266.0,1000.0
2016-04-12,246.35069274902344,269.0,269.0,269.0,269.0,1000.0
2016-04-13,247.2664794921875,270.0,270.0,270.0,270.0,4000.0
2016-04-14,253.67713928222656,277.0,277.0,270.0,270.0,3000.0
2016-04-15,326.9412536621094,357.0,357.0,349.0,357.0,114000.0
2016-04-18,400.2053833007813,437.0,437.0,437.0,437.0,33000.0
2016-04-19,473.4695434570313,517.0,517.0,517.0,517.0,75000.0
2016-04-20,386.4683837890625,422.0,461.0,422.0,441.0,431000.0
2016-04-21,382.80517578125,418.0,434.0,377.0,406.0,146000.0
2016-04-22,391.0473937988281,427.0,435.0,410.0,426.0,66000.0
2016-04-25,378.2261657714844,413.0,419.0,400.0,416.0,31000.0
2016-04-26,366.32073974609375,400.0,401.0,390.0,401.0,23000.0
2016-04-27,369.9839172363281,404.0,418.0,392.0,399.0,34000.0
2016-04-28,362.6575317382813,396.0,405.0,392.0,405.0,18000.0
2016-05-02,357.1626892089844,390.0,393.0,380.0,390.0,13000.0
2016-05-06,373.6471252441406,408.0,408.0,366.0,382.0,31000.0
2016-05-09,369.068115234375,403.0,409.0,399.0,409.0,12000.0
2016-05-10,369.9839172363281,404.0,404.0,400.0,400.0,9000.0
2016-05-11,365.4049682617188,399.0,409.0,399.0,409.0,2000.0
2016-05-12,365.4049682617188,399.0,399.0,399.0,399.0,1000.0
2016-05-13,368.15234375,402.0,402.0,388.0,390.0,5000.0
2016-05-16,366.32073974609375,400.0,404.0,396.0,404.0,5000.0
2016-05-17,365.4049682617188,399.0,401.0,397.0,397.0,7000.0
2016-05-18,346.173095703125,378.0,408.0,378.0,400.0,12000.0
2016-05-19,348.9205017089844,381.0,381.0,381.0,381.0,2000.0
2016-05-20,348.0046691894531,380.0,381.0,380.0,381.0,6000.0
2016-05-23,349.8363037109375,382.0,382.0,382.0,382.0,1000.0
2016-05-24,349.8363037109375,382.0,382.0,382.0,382.0,0.0
2016-05-25,352.5837097167969,385.0,385.0,385.0,385.0,1000.0
2016-05-26,348.9205017089844,381.0,385.0,381.0,385.0,3000.0
2016-05-27,363.57330322265625,397.0,397.0,376.0,380.0,12000.0
2016-05-30,368.15234375,402.0,404.0,393.0,404.0,8000.0
2016-05-31,362.6575317382813,396.0,396.0,394.0,394.0,2000.0
2016-06-01,351.6679077148437,384.0,389.0,384.0,389.0,7000.0
2016-06-02,344.3414611816406,376.0,376.0,368.0,368.0,4000.0
2016-06-06,344.3414611816406,376.0,376.0,376.0,376.0,0.0
2016-06-07,360.825927734375,394.0,394.0,394.0,394.0,2000.0
2016-06-08,360.825927734375,394.0,394.0,394.0,394.0,0.0
2016-06-09,346.173095703125,378.0,378.0,378.0,378.0,1000.0
2016-06-10,364.4891357421875,398.0,400.0,398.0,400.0,12000.0
2016-06-13,343.4256896972656,375.0,382.0,373.0,382.0,9000.0
2016-06-14,338.8466796875,370.0,371.0,370.0,371.0,3000.0
2016-06-15,335.1834716796875,366.0,370.0,366.0,370.0,7000.0
2016-06-16,335.1834716796875,366.0,398.0,366.0,398.0,18000.0
2016-06-17,362.6575317382813,396.0,408.0,367.0,367.0,20000.0
2016-06-20,348.0046691894531,380.0,390.0,378.0,390.0,9000.0
2016-06-21,348.0046691894531,380.0,380.0,380.0,380.0,1000.0
2016-06-22,361.7417297363281,395.0,395.0,395.0,395.0,4000.0
2016-06-23,361.7417297363281,395.0,395.0,395.0,395.0,0.0
2016-06-24,309.541015625,338.0,395.0,338.0,395.0,19000.0
2016-06-27,317.783203125,347.0,347.0,347.0,347.0,2000.0
2016-06-28,321.4464416503906,351.0,354.0,351.0,353.0,4000.0
2016-06-29,321.4464416503906,351.0,351.0,351.0,351.0,0.0
2016-06-30,336.0992736816406,367.0,370.0,347.0,347.0,6000.0
2016-07-01,337.0150756835937,368.0,368.0,360.0,360.0,5000.0
2016-07-04,337.9308166503906,369.0,369.0,365.0,365.0,3000.0
2016-07-05,353.49951171875,386.0,386.0,376.0,376.0,10000.0
2016-07-06,338.8466796875,370.0,375.0,367.0,375.0,5000.0
2016-07-07,338.8466796875,370.0,370.0,370.0,370.0,1000.0
2016-07-08,335.1834716796875,366.0,373.0,363.0,363.0,7000.0
2016-07-11,335.1834716796875,366.0,366.0,366.0,366.0,0.0
2016-07-12,333.35186767578125,364.0,369.0,364.0,369.0,3000.0
2016-07-13,333.35186767578125,364.0,364.0,364.0,364.0,0.0
2016-07-14,333.35186767578125,364.0,372.0,364.0,372.0,4000.0
2016-07-15,311.37261962890625,340.0,364.0,340.0,364.0,13000.0
2016-07-19,311.37261962890625,340.0,345.0,336.0,336.0,6000.0
2016-07-20,313.2042236328125,342.0,347.0,338.0,347.0,6000.0
2016-07-21,313.2042236328125,342.0,342.0,342.0,342.0,0.0
2016-07-22,315.9516296386719,345.0,345.0,345.0,345.0,2000.0
2016-07-26,315.9516296386719,345.0,345.0,345.0,345.0,0.0
2016-07-28,322.3622436523437,352.0,352.0,345.0,345.0,2000.0
2016-08-01,305.8778381347656,334.0,350.0,334.0,350.0,3000.0
2016-08-02,316.8674621582031,346.0,350.0,342.0,350.0,3000.0
2016-08-03,311.37261962890625,340.0,340.0,338.0,338.0,2000.0
2016-08-04,306.7936096191406,335.0,336.0,331.0,334.0,4000.0
2016-08-05,318.6990661621094,348.0,348.0,330.0,330.0,3000.0
2016-08-09,305.8778381347656,334.0,335.0,334.0,335.0,5000.0
2016-08-12,302.2145690917969,330.0,332.0,329.0,332.0,7000.0
2016-08-18,293.0566101074219,320.0,320.0,314.0,320.0,6000.0
2016-08-19,283.8985595703125,310.0,315.0,310.0,315.0,7000.0
2016-08-26,283.8985595703125,310.0,310.0,310.0,310.0,1000.0
2016-08-31,283.8985595703125,310.0,310.0,310.0,310.0,0.0
2016-09-01,304.9620056152344,333.0,333.0,326.0,326.0,2000.0
2016-09-02,294.88818359375,322.0,323.0,322.0,323.0,4000.0
2016-09-05,289.39337158203125,316.0,320.0,316.0,320.0,2000.0
2016-09-07,289.39337158203125,316.0,316.0,316.0,316.0,0.0
2016-09-08,296.71978759765625,324.0,324.0,324.0,324.0,3000.0
2016-09-16,296.71978759765625,324.0,324.0,324.0,324.0,0.0
2016-09-20,293.0566101074219,320.0,320.0,320.0,320.0,2000.0
2016-09-21,293.0566101074219,320.0,320.0,320.0,320.0,1000.0
2016-09-23,301.2987976074219,329.0,329.0,315.0,315.0,2000.0
2016-09-26,293.972412109375,321.0,324.0,317.0,317.0,6000.0
2016-09-28,293.972412109375,321.0,321.0,321.0,321.0,0.0
2016-09-29,288.4775695800781,315.0,315.0,313.0,315.0,3000.0
2016-09-30,285.7301940917969,312.0,312.0,312.0,312.0,3000.0
2016-10-04,285.7301940917969,312.0,312.0,312.0,312.0,0.0
2016-10-05,286.6459655761719,313.0,313.0,313.0,313.0,1000.0
2016-10-06,306.7936096191406,335.0,335.0,333.0,333.0,5000.0
2016-10-07,314.1200256347656,343.0,343.0,343.0,343.0,3000.0
2016-10-13,313.2042236328125,342.0,342.0,327.0,327.0,2000.0
2016-10-17,299.4672546386719,327.0,334.0,327.0,334.0,3000.0
2016-10-18,287.5617980957031,314.0,320.0,314.0,320.0,4000.0
2016-10-19,293.0566101074219,320.0,333.0,320.0,320.0,13000.0
2016-10-20,298.5513916015625,326.0,326.0,320.0,320.0,2000.0
2016-10-21,302.2145690917969,330.0,330.0,322.0,322.0,4000.0
2016-10-25,298.5513916015625,326.0,326.0,326.0,326.0,2000.0
2016-10-26,302.2145690917969,330.0,330.0,330.0,330.0,1000.0
2016-11-02,299.4672546386719,327.0,327.0,326.0,326.0,2000.0
2016-11-04,295.8039855957031,323.0,323.0,323.0,323.0,3000.0
2016-11-07,302.2145690917969,330.0,330.0,322.0,323.0,3000.0
2016-11-08,301.2987976074219,329.0,329.0,329.0,329.0,2000.0
2016-11-09,286.6459655761719,313.0,360.0,313.0,360.0,19000.0
2016-11-10,298.5513916015625,326.0,326.0,320.0,320.0,3000.0
2016-11-11,302.2145690917969,330.0,334.0,330.0,333.0,7000.0
2016-11-14,302.2145690917969,330.0,330.0,330.0,330.0,0.0
2016-11-15,304.9620056152344,333.0,340.0,333.0,340.0,2000.0
2016-11-17,304.9620056152344,333.0,333.0,333.0,333.0,0.0
2016-11-18,306.7936096191406,335.0,339.0,335.0,339.0,3000.0
2016-11-21,306.7936096191406,335.0,335.0,335.0,335.0,1000.0
2016-11-22,311.37261962890625,340.0,340.0,336.0,338.0,4000.0
2016-11-24,307.7094116210937,336.0,336.0,333.0,333.0,5000.0
2016-11-25,315.03582763671875,344.0,344.0,344.0,344.0,2000.0
2016-11-28,319.6148681640625,349.0,349.0,349.0,349.0,1000.0
2016-11-29,319.6148681640625,349.0,349.0,349.0,349.0,0.0
2016-11-30,319.6148681640625,349.0,349.0,349.0,349.0,2000.0
2016-12-01,311.37261962890625,340.0,341.0,340.0,341.0,5000.0
2016-12-02,318.6990661621094,348.0,348.0,348.0,348.0,2000.0
2016-12-05,312.2884216308594,341.0,341.0,340.0,340.0,3000.0
2016-12-08,311.37261962890625,340.0,340.0,340.0,340.0,1000.0
2016-12-09,311.37261962890625,340.0,340.0,340.0,340.0,0.0
2016-12-12,308.6252136230469,337.0,340.0,335.0,340.0,18000.0
2016-12-13,305.8778381347656,334.0,334.0,334.0,334.0,1000.0
2016-12-14,305.8778381347656,334.0,334.0,334.0,334.0,0.0
2016-12-15,303.1304016113281,331.0,332.0,331.0,331.0,7000.0
2016-12-16,304.9620056152344,333.0,333.0,333.0,333.0,1000.0
2016-12-20,312.2884216308594,341.0,341.0,341.0,341.0,0.0
2016-12-21,312.2884216308594,341.0,341.0,341.0,341.0,1000.0
2016-12-22,312.2884216308594,341.0,343.0,340.0,340.0,4000.0
2016-12-30,315.9516296386719,345.0,345.0,340.0,341.0,3000.0
2017-01-04,326.9412536621094,357.0,357.0,349.0,350.0,9000.0
2017-01-05,326.9412536621094,357.0,357.0,357.0,357.0,0.0
2017-01-06,326.02545166015625,356.0,356.0,356.0,356.0,1000.0
2017-01-10,326.02545166015625,356.0,356.0,356.0,356.0,0.0
2017-01-11,327.8570251464844,358.0,358.0,358.0,358.0,1000.0
2017-01-12,314.1200256347656,343.0,354.0,343.0,354.0,7000.0
2017-01-13,314.1200256347656,343.0,343.0,343.0,343.0,1000.0
2017-01-17,315.03582763671875,344.0,344.0,344.0,344.0,4000.0
2017-01-18,319.6148681640625,349.0,349.0,347.0,347.0,2000.0
2017-01-19,314.1200256347656,343.0,343.0,341.0,341.0,8000.0
2017-01-20,314.1200256347656,343.0,343.0,343.0,343.0,0.0
2017-01-23,313.2042236328125,342.0,342.0,342.0,342.0,1000.0
2017-01-24,312.2884216308594,341.0,342.0,341.0,342.0,3000.0
2017-01-25,309.541015625,338.0,338.0,338.0,338.0,1000.0
2017-01-26,307.7094116210937,336.0,336.0,336.0,336.0,1000.0
2017-01-27,307.7094116210937,336.0,336.0,336.0,336.0,0.0
2017-01-30,320.5306396484375,350.0,350.0,350.0,350.0,1000.0
2017-01-31,320.5306396484375,350.0,350.0,350.0,350.0,0.0
2017-02-01,317.783203125,347.0,347.0,347.0,347.0,1000.0
2017-02-02,317.783203125,347.0,347.0,347.0,347.0,0.0
2017-02-03,321.4464416503906,351.0,351.0,349.0,349.0,6000.0
2017-02-06,318.6990661621094,348.0,351.0,347.0,351.0,5000.0
2017-02-07,315.9516296386719,345.0,345.0,345.0,345.0,1000.0
2017-02-08,318.6990661621094,348.0,348.0,348.0,348.0,1000.0
2017-02-09,321.4464416503906,351.0,359.0,350.0,350.0,6000.0
2017-02-10,318.6990661621094,348.0,351.0,348.0,351.0,2000.0
2017-02-14,318.6990661621094,348.0,348.0,348.0,348.0,0.0
2017-02-15,316.8674621582031,346.0,346.0,346.0,346.0,2000.0
2017-02-17,316.8674621582031,346.0,346.0,346.0,346.0,0.0
2017-02-20,327.8570251464844,358.0,358.0,351.0,351.0,4000.0
2017-02-21,324.19384765625,354.0,357.0,354.0,357.0,3000.0
2017-02-22,324.19384765625,354.0,354.0,354.0,354.0,1000.0
2017-02-27,324.19384765625,354.0,354.0,354.0,354.0,0.0
2017-02-28,328.7728576660156,359.0,359.0,359.0,359.0,1000.0
2017-03-01,329.68865966796875,360.0,360.0,360.0,360.0,1000.0
2017-03-02,329.68865966796875,360.0,360.0,360.0,360.0,0.0
2017-03-03,326.02545166015625,356.0,356.0,356.0,356.0,2000.0
2017-03-06,328.7728576660156,359.0,359.0,359.0,359.0,2000.0
2017-03-08,328.7728576660156,359.0,359.0,359.0,359.0,0.0
2017-03-09,327.8570251464844,358.0,359.0,358.0,359.0,4000.0
2017-03-10,329.68865966796875,360.0,360.0,360.0,360.0,7000.0
2017-03-13,327.8570251464844,358.0,360.0,358.0,360.0,5000.0
2017-03-14,329.68865966796875,360.0,360.0,360.0,360.0,22000.0
2017-03-15,331.5202941894531,362.0,373.0,362.0,364.0,9000.0
2017-03-16,331.5202941894531,362.0,362.0,362.0,362.0,0.0
2017-03-17,331.5202941894531,362.0,362.0,360.0,360.0,3000.0
2017-03-21,338.8466796875,370.0,378.0,367.0,367.0,6000.0
2017-03-22,341.5940856933594,373.0,373.0,366.0,366.0,7000.0
2017-03-23,337.0150756835937,368.0,374.0,368.0,374.0,3000.0
2017-03-24,335.1834716796875,366.0,366.0,366.0,366.0,2000.0
2017-03-27,342.5099182128906,374.0,375.0,374.0,375.0,5000.0
2017-03-28,342.5099182128906,374.0,374.0,374.0,374.0,2000.0
2017-03-31,351.91949462890625,374.0,374.0,374.0,374.0,0.0
2017-04-03,342.5098876953125,364.0,364.0,364.0,364.0,2000.0
2017-04-06,342.5098876953125,364.0,364.0,364.0,364.0,0.0
2017-04-07,332.1593322753906,353.0,353.0,353.0,353.0,1000.0
2017-04-10,346.2737121582031,368.0,368.0,363.0,363.0,6000.0
2017-04-11,346.2737121582031,368.0,368.0,368.0,368.0,0.0
2017-04-12,343.4508361816406,365.0,365.0,365.0,365.0,5000.0
2017-04-17,338.7460327148437,360.0,360.0,360.0,360.0,1000.0
2017-04-21,348.1557006835937,370.0,370.0,360.0,362.0,5000.0
2017-04-25,339.68701171875,361.0,368.0,361.0,368.0,3000.0
2017-04-26,347.2146911621094,369.0,369.0,369.0,369.0,1000.0
2017-04-27,339.68701171875,361.0,361.0,361.0,361.0,1000.0
2017-04-28,348.1557006835937,370.0,370.0,369.0,369.0,2000.0
2017-05-01,344.3918151855469,366.0,380.0,366.0,366.0,6000.0
2017-05-02,341.5689392089844,363.0,366.0,363.0,366.0,3000.0
2017-05-08,344.3918151855469,366.0,367.0,365.0,367.0,6000.0
2017-05-09,347.2146911621094,369.0,369.0,365.0,365.0,4000.0
2017-05-10,348.1557006835937,370.0,370.0,369.0,369.0,3000.0
2017-05-12,350.03759765625,372.0,374.0,372.0,373.0,5000.0
2017-05-18,344.3918151855469,366.0,366.0,366.0,366.0,2000.0
2017-05-22,344.3918151855469,366.0,366.0,366.0,366.0,1000.0
2017-05-23,344.3918151855469,366.0,366.0,366.0,366.0,0.0
2017-05-24,343.4508361816406,365.0,366.0,365.0,366.0,5000.0
2017-05-25,343.4508361816406,365.0,368.0,365.0,368.0,2000.0
2017-05-26,343.4508361816406,365.0,365.0,365.0,365.0,1000.0
2017-05-30,343.4508361816406,365.0,365.0,365.0,365.0,0.0
2017-06-01,336.8641357421875,358.0,358.0,356.0,358.0,4000.0
2017-06-05,333.10028076171875,354.0,354.0,354.0,354.0,2000.0
2017-06-06,333.10028076171875,354.0,354.0,354.0,354.0,0.0
2017-06-07,337.8050842285156,359.0,359.0,359.0,359.0,1000.0
2017-06-13,329.33642578125,350.0,350.0,348.0,348.0,9000.0
2017-06-14,329.33642578125,350.0,350.0,350.0,350.0,0.0
2017-06-15,328.3954772949219,349.0,349.0,349.0,349.0,1000.0
2017-06-21,328.3954772949219,349.0,349.0,349.0,349.0,0.0
2017-06-22,329.33642578125,350.0,350.0,350.0,350.0,1000.0
2017-06-23,339.68701171875,361.0,369.0,361.0,366.0,4000.0
2017-06-28,339.68701171875,361.0,361.0,361.0,361.0,0.0
2017-06-29,339.68701171875,361.0,361.0,361.0,361.0,4000.0
2017-06-30,340.6279602050781,362.0,362.0,362.0,362.0,1000.0
2017-07-03,341.5689392089844,363.0,363.0,362.0,362.0,9000.0
2017-07-06,358.5061950683594,381.0,401.0,379.0,401.0,45000.0
2017-07-07,353.80145263671875,376.0,382.0,370.0,381.0,16000.0
2017-07-10,348.1557006835937,370.0,373.0,370.0,373.0,17000.0
2017-07-11,356.62432861328125,379.0,379.0,379.0,379.0,3000.0
2017-07-12,356.62432861328125,379.0,379.0,379.0,379.0,0.0
2017-07-13,348.1557006835937,370.0,371.0,370.0,371.0,6000.0
2017-07-14,348.1557006835937,370.0,370.0,370.0,370.0,1000.0
2017-07-17,348.1557006835937,370.0,370.0,370.0,370.0,0.0
2017-07-18,353.80145263671875,376.0,376.0,370.0,370.0,3000.0
2017-07-19,353.80145263671875,376.0,376.0,376.0,376.0,0.0
2017-07-20,358.5061950683594,381.0,381.0,376.0,376.0,7000.0
2017-07-21,357.56524658203125,380.0,380.0,375.0,375.0,6000.0
2017-07-24,357.56524658203125,380.0,382.0,373.0,382.0,5000.0
2017-07-25,357.56524658203125,380.0,380.0,380.0,380.0,0.0
2017-07-26,359.4472045898437,382.0,382.0,381.0,381.0,3000.0
2017-07-27,359.4472045898437,382.0,389.0,382.0,382.0,14000.0
2017-08-04,372.6206665039063,396.0,397.0,396.0,397.0,2000.0
2017-08-08,372.6206665039063,396.0,396.0,396.0,396.0,0.0
2017-08-09,345.332763671875,367.0,380.0,367.0,380.0,4000.0
2017-08-11,345.332763671875,367.0,367.0,367.0,367.0,0.0
2017-08-14,336.8641357421875,358.0,359.0,357.0,359.0,4000.0
2017-08-15,335.9231872558594,357.0,357.0,357.0,357.0,3000.0
2017-08-16,336.8641357421875,358.0,358.0,358.0,358.0,1000.0
2017-08-17,337.8050842285156,359.0,359.0,358.0,358.0,2000.0
2017-08-31,337.8050842285156,359.0,359.0,359.0,359.0,0.0
2017-09-01,341.5689392089844,363.0,373.0,363.0,373.0,5000.0
2017-09-12,352.8604431152344,375.0,375.0,375.0,375.0,1000.0
2017-09-13,350.97857666015625,373.0,375.0,373.0,375.0,5000.0
2017-09-14,350.97857666015625,373.0,373.0,373.0,373.0,0.0
2017-09-15,341.5689392089844,363.0,363.0,363.0,363.0,1000.0
2017-09-18,341.5689392089844,363.0,363.0,363.0,363.0,0.0
2017-09-19,366.9749145507813,390.0,405.0,381.0,403.0,89000.0
2017-09-20,362.2700805664063,385.0,397.0,385.0,390.0,22000.0
2017-09-21,362.2700805664063,385.0,385.0,382.0,383.0,8000.0
2017-09-22,357.56524658203125,380.0,384.0,380.0,384.0,7000.0
2017-09-25,370.7387390136719,394.0,396.0,387.0,390.0,17000.0
2017-09-26,365.0929565429688,388.0,393.0,379.0,379.0,10000.0
2017-09-27,362.2700805664063,385.0,385.0,380.0,380.0,5000.0
2017-09-28,362.2700805664063,385.0,385.0,377.0,377.0,3000.0
2017-09-29,359.4472045898437,382.0,382.0,373.0,377.0,11000.0
2017-10-02,358.5061950683594,381.0,382.0,381.0,382.0,5500.0
2017-10-03,358.5061950683594,381.0,381.0,378.0,380.0,4400.0
2017-10-04,362.2700805664063,385.0,400.0,376.0,376.0,67800.0
2017-10-05,365.0929565429688,388.0,393.0,387.0,393.0,2900.0
2017-10-06,367.9158935546875,391.0,395.0,389.0,395.0,10800.0
2017-10-09,367.9158935546875,391.0,391.0,391.0,391.0,0.0
2017-10-10,367.9158935546875,391.0,397.0,391.0,397.0,6200.0
2017-10-11,366.033935546875,389.0,393.0,386.0,391.0,6100.0
2017-10-12,368.8567810058594,392.0,392.0,387.0,391.0,6900.0
2017-10-13,364.1520080566406,387.0,393.0,387.0,393.0,5300.0
2017-10-16,371.6796875,395.0,395.0,388.0,389.0,9400.0
2017-10-17,374.5025634765625,398.0,398.0,391.0,395.0,11600.0
2017-10-18,366.033935546875,389.0,398.0,389.0,398.0,13300.0
2017-10-19,372.6206665039063,396.0,397.0,390.0,390.0,8200.0
2017-10-20,369.7977600097656,393.0,395.0,390.0,395.0,8300.0
2017-10-23,356.62432861328125,379.0,404.0,370.0,399.0,42300.0
2017-10-24,354.7424011230469,377.0,385.0,375.0,377.0,26900.0
2017-10-25,352.8604431152344,375.0,381.0,365.0,381.0,14900.0
2017-10-26,352.8604431152344,375.0,375.0,375.0,375.0,0.0
2017-10-27,334.9822082519531,356.0,376.0,356.0,373.0,21200.0
2017-10-30,320.8677673339844,341.0,366.0,340.0,361.0,38600.0
2017-10-31,334.041259765625,355.0,360.0,349.0,349.0,10000.0
2017-11-01,335.9231872558594,357.0,363.0,355.0,362.0,9000.0
2017-11-02,338.7460327148437,360.0,362.0,356.0,362.0,6900.0
2017-11-03,338.7460327148437,360.0,360.0,360.0,360.0,0.0
2017-11-06,330.27740478515625,351.0,353.0,350.0,353.0,9500.0
2017-11-07,330.27740478515625,351.0,351.0,351.0,351.0,0.0
2017-11-08,405.5542602539063,431.0,431.0,355.0,355.0,313300.0
2017-11-09,480.8312072753906,511.0,511.0,475.0,503.0,746500.0
2017-11-10,452.6023864746094,481.0,520.0,461.0,501.0,597700.0
2017-11-13,527.8792724609375,561.0,561.0,561.0,561.0,99500.0
2017-11-14,621.9754028320312,661.0,661.0,623.0,641.0,337900.0
2017-11-15,716.0714721679688,761.0,761.0,755.0,761.0,163900.0
2017-11-16,677.4920654296875,720.0,911.0,676.0,686.0,2695700.0
2017-11-17,818.6363525390625,870.0,870.0,802.0,810.0,863000.0
2017-11-20,959.7804565429688,1020.0,1020.0,1020.0,1020.0,32800.0
2017-11-21,1067.050048828125,1134.0,1320.0,1086.0,1140.0,2291100.0
2017-11-22,1349.3382568359375,1434.0,1434.0,1140.0,1140.0,296300.0
2017-11-23,1349.3382568359375,1434.0,1434.0,1434.0,1434.0,0.0
2017-11-24,1182.788330078125,1257.0,1441.0,1250.0,1350.0,1872700.0
2017-11-27,955.07568359375,1015.0,1160.0,1010.0,1137.0,566900.0
2017-11-28,1031.2935791015625,1096.0,1249.0,1035.0,1035.0,789900.0
2017-11-29,972.0130004882812,1033.0,1068.0,1011.0,1059.0,177000.0
2017-11-30,896.736083984375,953.0,1017.0,952.0,1011.0,164200.0
2017-12-01,883.5626220703125,939.0,961.0,920.0,955.0,103100.0
2017-12-04,810.1676025390625,861.0,939.0,861.0,939.0,117700.0
2017-12-05,951.311767578125,1011.0,1011.0,867.0,867.0,659800.0
2017-12-06,969.1900024414062,1030.0,1278.0,1022.0,1101.0,1328100.0
2017-12-07,1007.76953125,1071.0,1229.0,1022.0,1161.0,536400.0
2017-12-08,970.1309814453124,1031.0,1132.0,1000.0,1100.0,191400.0
2017-12-11,925.9059448242188,984.0,1019.0,960.0,1016.0,117900.0
2017-12-12,961.6624145507812,1022.0,1067.0,1002.0,1028.0,178000.0
2017-12-13,968.2491455078124,1029.0,1043.0,995.0,1039.0,65600.0
2017-12-14,942.8432006835938,1002.0,1020.0,996.0,1006.0,32000.0
2017-12-15,905.2047729492188,962.0,1024.0,952.0,1024.0,54800.0
2017-12-18,899.5590209960938,956.0,1010.0,956.0,1000.0,51300.0
2017-12-19,872.2710571289062,927.0,949.0,900.0,926.0,48800.0
2017-12-20,845.9241333007812,899.0,950.0,898.0,921.0,35700.0
2017-12-21,847.8060913085938,901.0,928.0,898.0,903.0,24100.0
2017-12-22,821.4591064453125,873.0,900.0,873.0,896.0,39600.0
2017-12-25,808.2857666015625,859.0,880.0,858.0,871.0,25700.0
2017-12-26,854.392822265625,908.0,988.0,850.0,859.0,117100.0
2017-12-27,860.0386352539062,914.0,915.0,883.0,898.0,21400.0
2017-12-28,839.3374633789062,892.0,902.0,888.0,888.0,19200.0
2017-12-29,816.7543334960938,868.0,889.0,865.0,889.0,20500.0
2018-01-03,816.7543334960938,868.0,868.0,868.0,868.0,0.0
2018-01-04,804.5219116210938,855.0,875.0,853.0,870.0,30900.0
2018-01-05,846.8651123046875,900.0,945.0,857.0,870.0,92600.0
2018-01-08,846.8651123046875,900.0,900.0,900.0,900.0,0.0
2018-01-09,844.983154296875,898.0,922.0,882.0,896.0,18100.0
2018-01-10,842.1603393554688,895.0,902.0,890.0,890.0,6700.0
2018-01-11,851.5699462890625,905.0,913.0,891.0,893.0,15800.0
2018-01-12,837.4555053710938,890.0,910.0,881.0,901.0,23100.0
2018-01-15,828.0458984375,880.0,900.0,880.0,896.0,24300.0
2018-01-16,827.1049194335938,879.0,886.0,870.0,874.0,18800.0
2018-01-17,784.7616577148438,834.0,878.0,833.0,878.0,28400.0
2018-01-18,778.1749877929688,827.0,852.0,815.0,835.0,20300.0
2018-01-19,766.8834228515625,815.0,867.0,815.0,857.0,59900.0
2018-01-22,773.4701538085938,822.0,845.0,808.0,845.0,20600.0
2018-01-23,768.7653198242188,817.0,823.0,811.0,814.0,14400.0
2018-01-24,758.414794921875,806.0,814.0,796.0,800.0,28500.0
2018-01-25,771.5881958007812,820.0,820.0,804.0,819.0,16000.0
2018-01-26,771.5881958007812,820.0,820.0,807.0,815.0,13200.0
2018-01-29,778.1749877929688,827.0,841.0,821.0,835.0,22800.0
2018-01-30,758.414794921875,806.0,823.0,802.0,821.0,14500.0
2018-01-31,756.5328369140625,804.0,811.0,796.0,803.0,8000.0
2018-02-01,753.7098999023438,801.0,809.0,789.0,800.0,7400.0
2018-02-02,762.1786499023438,810.0,810.0,788.0,800.0,11700.0
2018-02-05,715.1304931640625,760.0,770.0,750.0,750.0,14900.0
2018-02-06,614.4476928710938,653.0,750.0,653.0,750.0,27400.0
2018-02-07,708.5437622070312,753.0,753.0,714.0,735.0,37300.0
2018-02-08,691.6065063476562,735.0,796.0,722.0,783.0,63000.0
2018-02-09,671.8463745117188,714.0,714.0,660.0,660.0,28300.0
2018-02-12,671.8463745117188,714.0,714.0,714.0,714.0,0.0
2018-02-13,664.3186645507812,706.0,736.0,701.0,703.0,17800.0
2018-02-14,602.2152099609375,640.0,725.0,630.0,706.0,24800.0
2018-02-15,580.5730590820312,617.0,635.0,610.0,610.0,19800.0
2018-02-16,628.5621337890625,668.0,669.0,630.0,644.0,15200.0
2018-02-19,666.2005615234375,708.0,711.0,668.0,688.0,16300.0
2018-02-20,654.9089965820312,696.0,696.0,684.0,693.0,9900.0
2018-02-21,645.4993896484375,686.0,706.0,680.0,706.0,10200.0
2018-02-22,648.322265625,689.0,696.0,671.0,676.0,6000.0
2018-02-23,627.6212158203125,667.0,695.0,666.0,695.0,7200.0
2018-02-26,635.1488037109375,675.0,702.0,670.0,671.0,4400.0
2018-02-27,628.5621337890625,668.0,680.0,657.0,676.0,8800.0
2018-02-28,620.0934448242188,659.0,672.0,653.0,669.0,7200.0
2018-03-01,610.683837890625,649.0,665.0,644.0,654.0,7000.0
2018-03-02,608.8018798828125,647.0,647.0,630.0,630.0,4300.0
2018-03-05,585.2778930664062,622.0,642.0,622.0,636.0,10900.0
2018-03-06,586.2188720703125,623.0,645.0,623.0,623.0,11100.0
2018-03-07,585.2778930664062,622.0,633.0,622.0,633.0,3900.0
2018-03-08,590.9236450195312,628.0,635.0,622.0,632.0,5700.0
2018-03-09,586.2188720703125,623.0,637.0,620.0,625.0,8100.0
2018-03-12,592.8055419921875,630.0,633.0,614.0,633.0,7400.0
2018-03-13,580.5730590820312,617.0,629.0,617.0,627.0,3600.0
2018-03-14,586.2188720703125,623.0,623.0,610.0,613.0,5900.0
2018-03-15,586.2188720703125,623.0,629.0,613.0,629.0,1800.0
2018-03-16,573.9863891601562,610.0,619.0,609.0,617.0,2800.0
2018-03-19,576.8092651367188,613.0,623.0,610.0,610.0,9900.0
2018-03-20,557.989990234375,593.0,613.0,593.0,613.0,9900.0
2018-03-21,557.989990234375,593.0,593.0,593.0,593.0,0.0
2018-03-22,559.8719482421875,595.0,600.0,592.0,593.0,1300.0
2018-03-23,532.5841064453125,566.0,593.0,566.0,593.0,3400.0
2018-03-26,532.5841064453125,566.0,566.0,550.0,566.0,5800.0
2018-03-27,524.1153564453125,557.0,570.0,546.0,568.0,7600.0
2018-03-28,520.3175048828125,548.0,549.0,532.0,532.0,3500.0
2018-03-29,520.3175048828125,548.0,559.0,548.0,559.0,3300.0
2018-03-30,529.812255859375,558.0,560.0,548.0,558.0,3900.0
2018-04-02,548.8020629882812,578.0,580.0,555.0,556.0,7700.0
2018-04-03,532.6607666015625,561.0,569.0,558.0,558.0,4000.0
2018-04-04,546.903076171875,576.0,581.0,572.0,581.0,4500.0
2018-04-05,549.75146484375,579.0,582.0,563.0,581.0,6600.0
2018-04-06,542.1556396484375,571.0,574.0,571.0,574.0,600.0
2018-04-09,551.650390625,581.0,585.0,571.0,571.0,1300.0
2018-04-10,555.4483642578125,585.0,585.0,561.0,561.0,1900.0
2018-04-11,546.903076171875,576.0,588.0,572.0,572.0,1700.0
2018-04-12,546.903076171875,576.0,576.0,576.0,576.0,0.0
2018-04-13,518.4185180664062,546.0,586.0,542.0,578.0,11700.0
2018-04-16,498.4793090820313,525.0,526.0,504.0,526.0,15600.0
2018-04-17,498.4793090820313,525.0,525.0,525.0,525.0,0.0
2018-04-18,484.237060546875,510.0,522.0,510.0,522.0,5400.0
2018-04-19,483.2875671386719,509.0,511.0,491.0,511.0,5700.0
2018-04-20,475.6917114257813,501.0,503.0,501.0,502.0,2500.0
2018-04-23,477.5906677246094,503.0,507.0,501.0,505.0,800.0
2018-04-24,572.5390625,603.0,603.0,503.0,503.0,10700.0
2018-04-25,667.4876098632812,703.0,703.0,703.0,703.0,19600.0
2018-04-26,809.91015625,853.0,853.0,763.0,820.0,200500.0
2018-04-27,667.4876098632812,703.0,793.0,703.0,778.0,375800.0
2018-04-30,667.4876098632812,703.0,703.0,703.0,703.0,0.0
2018-05-01,622.86181640625,656.0,685.0,646.0,668.0,90900.0
2018-05-02,595.3267211914062,627.0,649.0,627.0,638.0,36000.0
2018-05-04,595.3267211914062,627.0,627.0,627.0,627.0,0.0
2018-05-07,604.8215942382812,637.0,646.0,631.0,635.0,22700.0
2018-05-08,699.77001953125,737.0,737.0,656.0,656.0,70500.0
2018-05-09,790.9205322265625,833.0,883.0,816.0,883.0,393100.0
2018-05-10,699.77001953125,737.0,822.0,731.0,822.0,95600.0
2018-05-11,701.6690063476562,739.0,817.0,700.0,714.0,119000.0
2018-05-14,678.88134765625,715.0,730.0,710.0,710.0,16900.0
2018-05-15,661.7906494140625,697.0,714.0,686.0,714.0,27800.0
2018-05-16,637.10400390625,671.0,689.0,670.0,687.0,15400.0
2018-05-17,732.0524291992188,771.0,771.0,682.0,683.0,37300.0
2018-05-18,749.1431884765625,789.0,885.0,770.0,831.0,333000.0
2018-05-21,749.1431884765625,789.0,799.0,751.0,771.0,42400.0
2018-05-22,740.597900390625,780.0,820.0,777.0,819.0,40900.0
2018-05-23,734.9009399414062,774.0,785.0,771.0,782.0,15300.0
2018-05-24,729.2040405273438,768.0,798.0,759.0,759.0,22300.0
2018-05-25,716.8607788085938,755.0,765.0,749.0,760.0,10700.0
2018-05-28,709.2648315429688,747.0,762.0,745.0,755.0,8000.0
2018-05-29,670.3359985351562,706.0,747.0,703.0,747.0,14000.0
2018-05-30,760.5369873046875,801.0,830.0,711.0,721.0,243400.0
2018-05-31,728.2545776367188,767.0,802.0,755.0,796.0,58300.0
2018-06-01,711.1637573242188,749.0,770.0,749.0,759.0,11100.0
2018-06-04,710.21435546875,748.0,764.0,743.0,763.0,6700.0
2018-06-05,678.88134765625,715.0,747.0,704.0,747.0,16700.0
2018-06-06,668.43701171875,704.0,715.0,704.0,712.0,11700.0
2018-06-07,680.7802734375,717.0,727.0,707.0,707.0,6300.0
2018-06-08,685.5277709960938,722.0,729.0,717.0,729.0,6400.0
2018-06-11,681.7297973632812,718.0,729.0,713.0,729.0,7600.0
2018-06-12,701.6690063476562,739.0,739.0,715.0,719.0,9100.0
2018-06-13,735.8504028320312,775.0,782.0,726.0,739.0,22600.0
2018-06-14,734.9009399414062,774.0,782.0,762.0,780.0,14900.0
2018-06-15,718.759765625,757.0,772.0,756.0,759.0,7200.0
2018-06-18,732.0524291992188,771.0,817.0,764.0,800.0,88500.0
2018-06-19,743.4462280273438,783.0,864.0,755.0,823.0,342200.0
2018-06-20,705.4669189453125,743.0,783.0,722.0,771.0,57000.0
2018-06-21,694.0731201171875,731.0,744.0,730.0,743.0,10700.0
2018-06-22,680.7802734375,717.0,749.0,710.0,734.0,13400.0
2018-06-25,672.2349853515625,708.0,744.0,704.0,718.0,11100.0
2018-06-26,658.942138671875,694.0,715.0,680.0,701.0,22700.0
2018-06-27,666.5380859375,702.0,723.0,672.0,688.0,17200.0
2018-06-28,656.0938110351562,691.0,710.0,691.0,700.0,5600.0
2018-06-29,688.376220703125,725.0,725.0,689.0,691.0,17600.0
2018-07-02,679.8308715820312,716.0,726.0,702.0,723.0,14800.0
2018-07-03,649.4473266601562,684.0,716.0,682.0,705.0,19300.0
2018-07-04,647.54833984375,682.0,700.0,682.0,687.0,3400.0
2018-07-05,617.1649169921875,650.0,697.0,650.0,680.0,12900.0
2018-07-06,618.1143188476562,651.0,666.0,636.0,640.0,17800.0
2018-07-09,713.0628051757812,751.0,751.0,750.0,751.0,49400.0
2018-07-10,686.4772338867188,723.0,786.0,707.0,775.0,120500.0
2018-07-11,675.0833740234375,711.0,720.0,680.0,720.0,38100.0
2018-07-12,664.6390991210938,700.0,710.0,683.0,710.0,10200.0
2018-07-13,666.5380859375,702.0,710.0,700.0,701.0,8500.0
2018-07-16,666.5380859375,702.0,702.0,702.0,702.0,0.0
2018-07-17,657.99267578125,693.0,707.0,690.0,702.0,11600.0
2018-07-18,668.43701171875,704.0,705.0,693.0,694.0,7500.0
2018-07-19,664.6390991210938,700.0,705.0,694.0,694.0,6500.0
2018-07-20,649.4473266601562,684.0,700.0,682.0,700.0,7500.0
2018-07-23,645.6494750976562,680.0,686.0,680.0,685.0,1900.0
2018-07-24,654.1947631835938,689.0,696.0,678.0,680.0,4500.0
2018-07-25,655.144287109375,690.0,700.0,690.0,692.0,7400.0
2018-07-26,678.88134765625,715.0,715.0,691.0,691.0,14000.0
2018-07-27,698.8204956054688,736.0,745.0,713.0,720.0,33400.0
2018-07-30,662.7401123046875,698.0,721.0,695.0,721.0,17800.0
2018-07-31,660.8411254882812,696.0,699.0,694.0,697.0,4300.0
2018-08-01,668.43701171875,704.0,704.0,690.0,695.0,5400.0
2018-08-02,663.6895751953125,699.0,707.0,694.0,695.0,6100.0
2018-08-03,656.0938110351562,691.0,730.0,685.0,699.0,38300.0
2018-08-06,637.10400390625,671.0,701.0,671.0,701.0,16500.0
2018-08-07,635.205078125,669.0,681.0,664.0,664.0,6000.0
2018-08-08,642.8009643554688,677.0,686.0,668.0,669.0,4300.0
2018-08-09,631.4071655273438,665.0,680.0,660.0,677.0,9000.0
2018-08-10,659.8916625976562,695.0,720.0,664.0,673.0,25200.0
2018-08-13,648.497802734375,683.0,688.0,676.0,687.0,10000.0
2018-08-14,647.54833984375,682.0,690.0,681.0,690.0,2100.0
2018-08-15,646.5988159179688,681.0,693.0,680.0,683.0,2600.0
2018-08-16,643.75048828125,678.0,680.0,675.0,679.0,2900.0
2018-08-17,646.5988159179688,681.0,697.0,678.0,680.0,1900.0
2018-08-20,649.4473266601562,684.0,689.0,677.0,677.0,2100.0
2018-08-21,654.1947631835938,689.0,694.0,679.0,679.0,4300.0
2018-08-22,667.4876098632812,703.0,710.0,686.0,690.0,11000.0
2018-08-23,670.3359985351562,706.0,709.0,695.0,695.0,7300.0
2018-08-24,668.43701171875,704.0,713.0,703.0,709.0,5400.0
2018-08-27,662.7401123046875,698.0,708.0,696.0,700.0,3900.0
2018-08-28,662.7401123046875,698.0,709.0,697.0,707.0,3600.0
2018-08-29,665.588623046875,701.0,705.0,698.0,705.0,4300.0
2018-08-30,666.5380859375,702.0,708.0,696.0,702.0,4200.0
2018-08-31,669.386474609375,705.0,708.0,700.0,708.0,1400.0
2018-09-03,672.2349853515625,708.0,715.0,698.0,708.0,12600.0
2018-09-04,665.588623046875,701.0,715.0,698.0,705.0,7000.0
2018-09-05,662.7401123046875,698.0,720.0,691.0,716.0,6200.0
2018-09-06,683.6287841796875,720.0,754.0,708.0,720.0,43000.0
2018-09-07,667.4876098632812,703.0,719.0,694.0,719.0,15200.0
2018-09-10,666.5380859375,702.0,708.0,698.0,703.0,1600.0
2018-09-11,680.7802734375,717.0,723.0,700.0,700.0,9800.0
2018-09-12,695.0225830078125,732.0,732.0,704.0,711.0,28700.0
2018-09-13,685.5277709960938,722.0,735.0,722.0,733.0,8800.0
2018-09-14,689.32568359375,726.0,728.0,721.0,724.0,7600.0
2018-09-17,689.32568359375,726.0,726.0,726.0,726.0,0.0
2018-09-18,688.376220703125,725.0,726.0,701.0,725.0,10800.0
2018-09-19,693.1235961914062,730.0,740.0,710.0,740.0,8500.0
2018-09-20,678.88134765625,715.0,730.0,713.0,730.0,5600.0
2018-09-21,673.1844482421875,709.0,727.0,707.0,716.0,3200.0
2018-09-24,673.1844482421875,709.0,709.0,709.0,709.0,0.0
2018-09-25,677.9319458007812,714.0,729.0,702.0,702.0,5200.0
2018-09-26,672.2349853515625,708.0,714.0,706.0,714.0,1600.0
2018-09-27,673.1844482421875,709.0,711.0,703.0,707.0,4400.0
2018-09-28,673.1844482421875,709.0,722.0,705.0,715.0,7300.0
2018-10-01,671.2854614257812,707.0,710.0,704.0,704.0,1700.0
2018-10-02,676.0328979492188,712.0,714.0,706.0,713.0,3400.0
2018-10-03,664.6390991210938,700.0,708.0,700.0,707.0,5200.0
2018-10-04,669.386474609375,705.0,713.0,701.0,709.0,3500.0
2018-10-05,669.386474609375,705.0,708.0,698.0,700.0,2900.0
2018-10-08,669.386474609375,705.0,705.0,705.0,705.0,0.0
2018-10-09,639.9525756835938,674.0,686.0,639.0,660.0,11700.0
2018-10-10,624.7607421875,658.0,692.0,658.0,683.0,4200.0
2018-10-11,614.31640625,647.0,674.0,636.0,646.0,7800.0
2018-10-12,636.1544799804688,670.0,674.0,654.0,674.0,4400.0
2018-10-15,608.6195068359375,641.0,666.0,641.0,657.0,5800.0
2018-10-16,612.4174194335938,645.0,645.0,628.0,641.0,9500.0
2018-10-17,608.6195068359375,641.0,649.0,635.0,642.0,5000.0
2018-10-18,596.2761840820312,628.0,636.0,628.0,636.0,1600.0
2018-10-19,586.7813720703125,618.0,644.0,599.0,621.0,11200.0
2018-10-22,583.932861328125,615.0,621.0,611.0,621.0,2800.0
2018-10-23,564.9432373046875,595.0,630.0,595.0,615.0,7300.0
2018-10-24,555.4483642578125,585.0,617.0,583.0,600.0,6600.0
2018-10-25,531.7113037109375,560.0,571.0,560.0,571.0,6200.0
2018-10-26,533.6102294921875,562.0,591.0,562.0,590.0,6700.0
2018-10-29,522.2164306640625,550.0,558.0,550.0,550.0,2600.0
2018-10-30,554.4989624023438,584.0,607.0,539.0,540.0,4300.0
2018-10-31,547.8525390625,577.0,594.0,574.0,594.0,2400.0
2018-11-01,562.0947265625,592.0,599.0,574.0,574.0,900.0
2018-11-02,545.0040283203125,574.0,594.0,574.0,593.0,1900.0
2018-11-05,541.2060546875,570.0,573.0,562.0,571.0,1400.0
2018-11-06,531.7113037109375,560.0,570.0,560.0,570.0,900.0
2018-11-07,626.65966796875,660.0,660.0,553.0,568.0,28000.0
2018-11-08,582.9834594726562,614.0,730.0,605.0,680.0,80900.0
2018-11-09,591.52880859375,623.0,636.0,601.0,624.0,8600.0
2018-11-12,575.3875122070312,606.0,609.0,603.0,609.0,1900.0
2018-11-13,557.3473510742188,587.0,595.0,585.0,585.0,1000.0
2018-11-14,557.3473510742188,587.0,587.0,587.0,587.0,0.0
2018-11-15,544.0545654296875,573.0,578.0,571.0,578.0,1200.0
2018-11-16,543.1051025390625,572.0,582.0,572.0,574.0,2300.0
2018-11-19,545.0040283203125,574.0,585.0,565.0,566.0,1300.0
2018-11-20,545.0040283203125,574.0,574.0,550.0,551.0,5200.0
2018-11-21,545.0040283203125,574.0,574.0,574.0,574.0,0.0
2018-11-22,534.5597534179688,563.0,568.0,551.0,564.0,3400.0
2018-11-23,534.5597534179688,563.0,563.0,563.0,563.0,0.0
2018-11-26,552.5999145507812,582.0,583.0,560.0,560.0,5500.0
2018-11-27,533.6102294921875,562.0,591.0,562.0,591.0,8000.0
2018-11-28,536.458740234375,565.0,572.0,562.0,571.0,2600.0
2018-11-29,537.408203125,566.0,580.0,566.0,575.0,1400.0
2018-11-30,531.7113037109375,560.0,578.0,560.0,561.0,2400.0
2018-12-03,548.8020629882812,578.0,579.0,561.0,569.0,3900.0
2018-12-04,545.9535522460938,575.0,585.0,570.0,580.0,2700.0
2018-12-05,545.9535522460938,575.0,576.0,550.0,557.0,2900.0
2018-12-06,526.9638061523438,555.0,565.0,551.0,565.0,7600.0
2018-12-07,532.6607666015625,561.0,561.0,554.0,554.0,900.0
2018-12-10,513.6710815429688,541.0,565.0,541.0,565.0,6700.0
2018-12-11,503.2267456054688,530.0,540.0,530.0,540.0,1300.0
2018-12-12,503.2267456054688,530.0,530.0,530.0,530.0,0.0
2018-12-13,519.3679809570312,547.0,548.0,539.0,539.0,1200.0
2018-12-14,500.3782653808594,527.0,542.0,527.0,537.0,2500.0
2018-12-17,473.792724609375,499.0,503.0,492.0,503.0,6200.0
2018-12-18,473.792724609375,499.0,499.0,499.0,499.0,0.0
2018-12-19,466.1968688964844,491.0,499.0,485.0,490.0,4100.0
2018-12-20,428.2174682617188,451.0,475.0,451.0,475.0,8900.0
2018-12-21,393.0865478515625,414.0,441.0,414.0,440.0,11900.0
2018-12-24,393.0865478515625,414.0,414.0,414.0,414.0,0.0
2018-12-25,376.9453125,397.0,411.0,385.0,411.0,13600.0
2018-12-26,379.7937622070313,400.0,405.0,399.0,400.0,6800.0
2018-12-27,385.4906921386719,406.0,410.0,403.0,405.0,3200.0
2018-12-28,387.3896484375,408.0,440.0,399.0,399.0,10600.0
2018-12-31,387.3896484375,408.0,408.0,408.0,408.0,0.0
2019-01-04,390.2380981445313,411.0,411.0,400.0,408.0,3500.0
2019-01-07,405.4298706054688,427.0,439.0,421.0,421.0,1800.0
2019-01-08,417.7731628417969,440.0,451.0,440.0,451.0,700.0
2019-01-09,493.73193359375,520.0,520.0,470.0,479.0,21300.0
2019-01-10,478.5401611328125,504.0,542.0,495.0,500.0,41500.0
2019-01-11,461.449462890625,486.0,513.0,480.0,494.0,6700.0
2019-01-15,446.2576599121094,470.0,491.0,462.0,471.0,7900.0
2019-01-16,446.2576599121094,470.0,483.0,468.0,483.0,900.0
2019-01-17,443.4092102050781,467.0,474.0,467.0,468.0,500.0
2019-01-18,443.4092102050781,467.0,470.0,464.0,465.0,4000.0
2019-01-21,447.2071533203125,471.0,474.0,470.0,470.0,2100.0
2019-01-22,437.7123107910156,461.0,470.0,461.0,470.0,2900.0
2019-01-23,432.0154113769531,455.0,462.0,455.0,462.0,1400.0
2019-01-24,464.2978820800781,489.0,493.0,456.0,456.0,8100.0
2019-01-25,454.8030395507813,479.0,490.0,469.0,489.0,15000.0
2019-01-28,530.7618408203125,559.0,559.0,501.0,513.0,30400.0
2019-01-29,617.1649169921875,650.0,650.0,566.0,599.0,211200.0
2019-01-30,563.0442504882812,593.0,649.0,561.0,649.0,78500.0
2019-01-31,530.7618408203125,559.0,579.0,547.0,563.0,30700.0
2019-02-01,594.3772583007812,626.0,630.0,543.0,549.0,46100.0
2019-02-04,560.1958618164062,590.0,610.0,580.0,596.0,28700.0
2019-02-05,537.408203125,566.0,590.0,565.0,590.0,16500.0
2019-02-06,535.5092163085938,564.0,573.0,561.0,564.0,5800.0
2019-02-07,539.30712890625,568.0,574.0,561.0,562.0,6800.0
2019-02-08,535.5092163085938,564.0,568.0,560.0,560.0,4600.0
2019-02-12,538.357666015625,567.0,567.0,560.0,560.0,1600.0
2019-02-13,533.6102294921875,562.0,567.0,562.0,567.0,900.0
2019-02-14,541.2060546875,570.0,570.0,562.0,562.0,800.0
2019-02-15,537.408203125,566.0,567.0,565.0,565.0,1400.0
2019-02-18,536.458740234375,565.0,566.0,562.0,563.0,1100.0
2019-02-19,540.256591796875,569.0,573.0,560.0,560.0,1400.0
2019-02-20,538.357666015625,567.0,569.0,555.0,566.0,3500.0
2019-02-21,536.458740234375,565.0,567.0,565.0,567.0,1900.0
2019-02-22,545.0040283203125,574.0,575.0,565.0,575.0,1800.0
2019-02-25,535.5092163085938,564.0,572.0,562.0,572.0,2200.0
2019-02-26,536.458740234375,565.0,565.0,559.0,562.0,1800.0
2019-02-27,542.1556396484375,571.0,575.0,566.0,575.0,2600.0
2019-02-28,538.357666015625,567.0,575.0,560.0,561.0,5200.0
2019-03-01,526.9638061523438,555.0,558.0,550.0,558.0,2700.0
2019-03-04,527.913330078125,556.0,556.0,555.0,555.0,1400.0
2019-03-05,527.913330078125,556.0,557.0,549.0,553.0,4400.0
2019-03-06,526.014404296875,554.0,554.0,545.0,546.0,5100.0
2019-03-07,508.9236145019531,536.0,549.0,536.0,540.0,5800.0
2019-03-08,514.62060546875,542.0,545.0,532.0,532.0,3300.0
2019-03-11,528.86279296875,557.0,557.0,517.0,547.0,3400.0
2019-03-12,522.2164306640625,550.0,550.0,550.0,550.0,100.0
2019-03-13,512.7215576171875,540.0,551.0,540.0,551.0,2800.0
2019-03-14,512.7215576171875,540.0,540.0,540.0,540.0,0.0
2019-03-15,517.468994140625,545.0,547.0,539.0,539.0,700.0
2019-03-18,519.3679809570312,547.0,549.0,539.0,549.0,700.0
2019-03-19,514.62060546875,542.0,547.0,540.0,540.0,2300.0
2019-03-20,504.17626953125,531.0,544.0,528.0,540.0,5000.0
2019-03-22,517.468994140625,545.0,549.0,528.0,529.0,4700.0
2019-03-25,504.17626953125,531.0,539.0,531.0,539.0,2200.0
2019-03-26,522.2164306640625,550.0,557.0,533.0,533.0,4400.0
2019-03-27,525.0910034179688,548.0,553.0,541.0,553.0,1800.0
2019-03-28,522.2164306640625,545.0,548.0,545.0,548.0,200.0
2019-03-29,516.4672241210938,539.0,550.0,530.0,546.0,13000.0
2019-04-01,520.300048828125,543.0,550.0,531.0,531.0,2400.0
2019-04-02,505.9270935058594,528.0,540.0,528.0,540.0,2400.0
2019-04-03,508.8017272949219,531.0,531.0,527.0,527.0,400.0
2019-04-05,508.8017272949219,531.0,531.0,531.0,531.0,0.0
2019-04-08,517.4254150390625,540.0,540.0,530.0,530.0,300.0
2019-04-09,492.5123596191406,514.0,525.0,505.0,525.0,2100.0
2019-04-10,506.8852844238281,529.0,535.0,529.0,535.0,500.0
2019-04-11,504.9689025878906,527.0,527.0,526.0,527.0,900.0
2019-04-12,499.2197265625,521.0,521.0,516.0,516.0,1700.0
2019-04-15,507.843505859375,530.0,530.0,516.0,516.0,1100.0
2019-04-16,501.1361389160156,523.0,523.0,523.0,523.0,100.0
2019-04-17,506.8852844238281,529.0,529.0,518.0,522.0,5000.0
2019-04-18,489.6377868652344,511.0,519.0,511.0,519.0,1700.0
2019-04-19,495.386962890625,517.0,517.0,512.0,513.0,1700.0
2019-04-22,495.386962890625,517.0,526.0,500.0,520.0,4400.0
2019-04-23,487.7214050292969,509.0,510.0,509.0,510.0,300.0
2019-04-24,502.0942993164063,524.0,524.0,524.0,524.0,200.0
2019-04-25,497.3033752441406,519.0,519.0,508.0,508.0,700.0
2019-04-26,508.8017272949219,531.0,546.0,506.0,506.0,15600.0
2019-05-07,514.5508422851562,537.0,539.0,527.0,537.0,4200.0
2019-05-08,498.2615661621094,520.0,527.0,519.0,527.0,2000.0
2019-05-09,495.386962890625,517.0,528.0,517.0,520.0,2600.0
2019-05-10,517.4254150390625,540.0,545.0,514.0,514.0,20800.0
2019-05-13,504.9689025878906,527.0,538.0,520.0,538.0,6800.0
2019-05-14,507.843505859375,530.0,530.0,505.0,517.0,2300.0
2019-05-15,488.6795654296875,510.0,526.0,501.0,526.0,7200.0
2019-05-16,488.6795654296875,510.0,518.0,510.0,510.0,1400.0
2019-05-17,499.2197265625,521.0,521.0,509.0,510.0,3900.0
2019-05-20,500.1779479980469,522.0,539.0,513.0,531.0,5200.0
2019-05-21,496.34515380859375,518.0,521.0,514.0,514.0,2100.0
2019-05-22,494.4287414550781,516.0,535.0,516.0,528.0,9200.0
2019-05-23,499.2197265625,521.0,530.0,519.0,530.0,3000.0
2019-05-24,504.9689025878906,527.0,527.0,514.0,516.0,2800.0
2019-05-27,500.1779479980469,522.0,522.0,519.0,519.0,1200.0
2019-05-28,506.8852844238281,529.0,530.0,520.0,521.0,1900.0
2019-05-29,504.9689025878906,527.0,527.0,517.0,517.0,700.0
2019-05-30,504.9689025878906,527.0,528.0,527.0,528.0,1200.0
2019-05-31,496.34515380859375,518.0,528.0,516.0,526.0,5500.0
2019-06-03,501.1361389160156,523.0,523.0,512.0,518.0,2600.0
2019-06-04,517.4254150390625,540.0,556.0,515.0,515.0,5800.0
2019-06-05,507.843505859375,530.0,553.0,530.0,530.0,6700.0
2019-06-06,503.052490234375,525.0,541.0,520.0,540.0,3300.0
2019-06-07,508.8017272949219,531.0,537.0,526.0,526.0,2200.0
2019-06-10,510.7181091308594,533.0,549.0,530.0,530.0,4900.0
2019-06-11,507.843505859375,530.0,533.0,530.0,533.0,1900.0
2019-06-12,510.7181091308594,533.0,536.0,530.0,530.0,1100.0
2019-06-13,503.052490234375,525.0,531.0,525.0,531.0,1500.0
2019-06-14,502.0942993164063,524.0,525.0,516.0,516.0,600.0
2019-06-17,513.5926513671875,536.0,538.0,536.0,538.0,4600.0
2019-06-18,508.8017272949219,531.0,536.0,529.0,536.0,1200.0
2019-06-19,515.509033203125,538.0,549.0,529.0,529.0,6800.0
2019-06-20,510.7181091308594,533.0,537.0,533.0,537.0,300.0
2019-06-21,497.3033752441406,519.0,539.0,516.0,528.0,3200.0
2019-06-24,500.1779479980469,522.0,522.0,522.0,522.0,1100.0
2019-06-25,499.2197265625,521.0,527.0,521.0,521.0,800.0
2019-06-26,495.386962890625,517.0,531.0,517.0,531.0,3700.0
2019-06-27,504.0107116699219,526.0,535.0,517.0,517.0,1800.0
2019-06-28,504.0107116699219,526.0,538.0,526.0,531.0,4300.0
2019-07-01,512.6344604492188,535.0,540.0,527.0,532.0,3100.0
2019-07-02,542.3385009765625,566.0,630.0,534.0,534.0,159700.0
2019-07-03,603.6630249023438,630.0,630.0,571.0,589.0,161300.0
2019-07-04,552.878662109375,577.0,611.0,566.0,600.0,74100.0
2019-07-05,542.3385009765625,566.0,605.0,566.0,587.0,20800.0
2019-07-08,535.6311645507812,559.0,564.0,551.0,564.0,12900.0
2019-07-09,530.8402099609375,554.0,560.0,547.0,560.0,9900.0
2019-07-10,521.25830078125,544.0,554.0,544.0,554.0,3400.0
2019-07-11,533.7147827148438,557.0,568.0,541.0,548.0,18600.0
2019-07-12,530.8402099609375,554.0,567.0,553.0,565.0,4800.0
2019-07-16,533.7147827148438,557.0,564.0,553.0,558.0,5300.0
2019-07-17,519.3418579101562,542.0,555.0,541.0,555.0,5200.0
2019-07-18,509.7598876953125,532.0,551.0,531.0,543.0,8000.0
2019-07-19,526.0491943359375,549.0,556.0,540.0,542.0,13800.0
2019-07-22,515.509033203125,538.0,554.0,538.0,554.0,3200.0
2019-07-23,511.6763000488281,534.0,541.0,532.0,535.0,2000.0
2019-07-24,514.5508422851562,537.0,537.0,530.0,533.0,1700.0
2019-07-25,510.7181091308594,533.0,533.0,532.0,532.0,300.0
2019-07-26,508.8017272949219,531.0,533.0,531.0,532.0,1300.0
2019-07-29,505.9270935058594,528.0,532.0,526.0,528.0,1200.0
2019-07-30,520.300048828125,543.0,548.0,535.0,548.0,7300.0
2019-07-31,507.843505859375,530.0,540.0,530.0,540.0,1100.0
2019-08-01,507.843505859375,530.0,534.0,528.0,532.0,3200.0
2019-08-02,503.052490234375,525.0,550.0,525.0,527.0,15300.0
2019-08-05,490.5959777832031,512.0,519.0,497.0,515.0,14800.0
2019-08-06,483.88861083984375,505.0,512.0,486.0,486.0,5800.0
2019-08-07,488.6795654296875,510.0,510.0,505.0,505.0,700.0
2019-08-08,488.6795654296875,510.0,512.0,505.0,507.0,1900.0
2019-08-09,498.2615661621094,520.0,520.0,506.0,508.0,4100.0
2019-08-13,483.88861083984375,505.0,510.0,505.0,510.0,300.0
2019-08-14,482.930419921875,504.0,512.0,503.0,512.0,2700.0
2019-08-15,479.0976257324219,500.0,509.0,492.0,509.0,5700.0
2019-08-16,476.2230529785156,497.0,504.0,491.0,504.0,3300.0
2019-08-19,479.0976257324219,500.0,500.0,486.0,486.0,7800.0
2019-08-20,479.0976257324219,500.0,501.0,494.0,500.0,4200.0
2019-08-21,479.0976257324219,500.0,501.0,500.0,500.0,1100.0
2019-08-22,477.1812133789063,498.0,498.0,490.0,490.0,200.0
2019-08-23,477.1812133789063,498.0,498.0,491.0,491.0,400.0
2019-08-26,472.3902587890625,493.0,498.0,493.0,495.0,1100.0
2019-08-27,475.2648620605469,496.0,498.0,477.0,491.0,4400.0
2019-08-28,533.7147827148438,557.0,576.0,513.0,514.0,231000.0
2019-08-29,534.6729125976562,558.0,617.0,546.0,587.0,198800.0
2019-08-30,502.0942993164063,524.0,553.0,520.0,549.0,43200.0
2019-09-02,491.5541687011719,513.0,522.0,511.0,517.0,14600.0
2019-09-03,490.5959777832031,512.0,516.0,497.0,511.0,21200.0
2019-09-04,504.0107116699219,526.0,540.0,517.0,517.0,29500.0
2019-09-05,505.9270935058594,528.0,530.0,521.0,526.0,7100.0
2019-09-06,497.3033752441406,519.0,526.0,510.0,526.0,11300.0
2019-09-09,498.2615661621094,520.0,529.0,517.0,529.0,2800.0
2019-09-10,493.4705505371094,515.0,521.0,509.0,521.0,6400.0
2019-09-11,489.6377868652344,511.0,517.0,510.0,510.0,4200.0
2019-09-12,491.5541687011719,513.0,513.0,511.0,511.0,1000.0
2019-09-13,489.6377868652344,511.0,517.0,511.0,513.0,1400.0
2019-09-17,489.6377868652344,511.0,515.0,511.0,515.0,2400.0
2019-09-18,489.6377868652344,511.0,514.0,511.0,513.0,2500.0
2019-09-19,492.5123596191406,514.0,525.0,513.0,518.0,2000.0
2019-09-20,511.6763000488281,534.0,534.0,518.0,518.0,17400.0
2019-09-24,495.386962890625,517.0,531.0,505.0,523.0,15600.0
2019-09-25,497.3033752441406,519.0,519.0,514.0,514.0,1100.0
2019-09-26,496.34515380859375,518.0,520.0,515.0,520.0,1800.0
2019-09-27,495.386962890625,517.0,520.0,512.0,520.0,1900.0
2019-09-30,492.5123596191406,514.0,521.0,513.0,521.0,900.0
2019-10-01,491.5541687011719,513.0,520.0,511.0,520.0,2800.0
2019-10-02,491.5541687011719,513.0,515.0,512.0,515.0,1100.0
2019-10-03,490.5959777832031,512.0,518.0,511.0,513.0,1700.0
2019-10-04,498.2615661621094,520.0,520.0,511.0,512.0,2400.0
2019-10-07,502.0942993164063,524.0,526.0,516.0,519.0,3100.0
2019-10-08,507.843505859375,530.0,531.0,519.0,520.0,10300.0
2019-10-09,506.8852844238281,529.0,531.0,523.0,531.0,4200.0
2019-10-10,513.5926513671875,536.0,573.0,532.0,549.0,21500.0
2019-10-11,538.5057373046875,562.0,563.0,534.0,542.0,18200.0
2019-10-15,634.3252563476562,662.0,662.0,610.0,642.0,286800.0
2019-10-16,641.0326538085938,669.0,749.0,660.0,696.0,367500.0
2019-10-17,586.41552734375,612.0,643.0,602.0,639.0,66500.0
2019-10-18,560.544189453125,585.0,611.0,585.0,600.0,41100.0
2019-10-21,582.582763671875,608.0,608.0,580.0,587.0,34400.0
2019-10-23,563.4188232421875,588.0,596.0,582.0,595.0,18400.0
2019-10-24,568.2097778320312,593.0,593.0,584.0,584.0,8600.0
2019-10-25,559.5860595703125,584.0,598.0,565.0,598.0,12100.0
2019-10-28,545.2130737304688,569.0,584.0,559.0,584.0,6600.0
2019-10-29,555.7532348632812,580.0,581.0,567.0,567.0,7300.0
2019-10-30,546.1712646484375,570.0,580.0,570.0,580.0,5800.0
2019-10-31,553.8369140625,578.0,580.0,570.0,573.0,7800.0
2019-11-01,563.4188232421875,588.0,590.0,568.0,568.0,11700.0
2019-11-06,556.71142578125,581.0,586.0,572.0,572.0,5000.0
2019-11-07,546.1712646484375,570.0,574.0,570.0,574.0,5800.0
2019-11-08,544.2549438476562,568.0,575.0,561.0,561.0,4900.0
2019-11-11,540.422119140625,564.0,573.0,564.0,573.0,700.0
2019-11-12,539.4639892578125,563.0,565.0,562.0,562.0,1000.0
2019-11-13,540.422119140625,564.0,564.0,561.0,563.0,2100.0
2019-11-14,534.6729125976562,558.0,562.0,551.0,562.0,5800.0
2019-11-15,529.8819580078125,553.0,558.0,552.0,558.0,5300.0
2019-11-18,529.8819580078125,553.0,558.0,553.0,558.0,900.0
2019-11-19,542.3385009765625,566.0,566.0,556.0,563.0,3400.0
2019-11-20,557.669677734375,582.0,633.0,566.0,567.0,32600.0
2019-11-21,550.0040893554688,574.0,584.0,571.0,572.0,3000.0
2019-11-22,550.9622802734375,575.0,580.0,569.0,574.0,4400.0
2019-11-25,544.2549438476562,568.0,580.0,567.0,571.0,4400.0
2019-11-26,546.1712646484375,570.0,574.0,564.0,574.0,3400.0
2019-11-28,541.38037109375,565.0,565.0,559.0,559.0,1300.0
2019-11-29,536.58935546875,560.0,560.0,559.0,560.0,1300.0
2019-12-02,536.58935546875,560.0,563.0,560.0,563.0,200.0
2019-12-03,549.0458984375,573.0,573.0,565.0,565.0,3400.0
2019-12-04,573.0007934570312,598.0,630.0,569.0,572.0,24500.0
2019-12-05,571.0843505859375,596.0,613.0,588.0,592.0,14100.0
2019-12-06,560.544189453125,585.0,597.0,585.0,593.0,6000.0
2019-12-09,585.4573364257812,611.0,619.0,591.0,602.0,8400.0
2019-12-10,580.6663208007812,606.0,609.0,597.0,601.0,4700.0
2019-12-11,573.0007934570312,598.0,606.0,593.0,606.0,3000.0
2019-12-12,565.3352661132812,590.0,595.0,583.0,591.0,2800.0
2019-12-13,559.5860595703125,584.0,593.0,581.0,586.0,2100.0
2019-12-17,570.126220703125,595.0,595.0,586.0,593.0,1800.0
2019-12-18,556.71142578125,581.0,598.0,580.0,595.0,5200.0
2019-12-20,555.7532348632812,580.0,590.0,580.0,585.0,1900.0
2019-12-23,545.2130737304688,569.0,577.0,555.0,577.0,3300.0
2019-12-24,542.3385009765625,566.0,566.0,564.0,564.0,9900.0
2019-12-25,536.58935546875,560.0,566.0,555.0,566.0,3000.0
2019-12-26,531.7984008789062,555.0,560.0,553.0,560.0,15000.0
2019-12-27,532.756591796875,556.0,563.0,553.0,555.0,3300.0
2019-12-30,531.7984008789062,555.0,556.0,551.0,551.0,2600.0
2020-01-06,539.4639892578125,563.0,574.0,551.0,565.0,7900.0
2020-01-07,541.38037109375,565.0,569.0,559.0,563.0,3200.0
2020-01-08,529.8819580078125,553.0,560.0,526.0,560.0,9700.0
2020-01-09,533.7147827148438,557.0,559.0,549.0,549.0,4500.0
2020-01-10,532.756591796875,556.0,559.0,554.0,556.0,2700.0
2020-01-14,524.1328125,547.0,564.0,542.0,559.0,10100.0
2020-01-15,520.300048828125,543.0,549.0,542.0,547.0,4800.0
2020-01-17,516.4672241210938,539.0,548.0,539.0,539.0,1600.0
2020-01-20,527.0073852539062,550.0,552.0,542.0,549.0,1900.0
2020-01-21,527.965576171875,551.0,568.0,551.0,552.0,5400.0
2020-01-22,528.923828125,552.0,558.0,550.0,551.0,2000.0
2020-01-23,527.965576171875,551.0,553.0,550.0,551.0,4500.0
2020-01-24,527.965576171875,551.0,557.0,551.0,557.0,2900.0
2020-01-27,515.509033203125,538.0,549.0,537.0,549.0,4200.0
2020-01-28,514.5508422851562,537.0,556.0,536.0,536.0,4900.0
2020-01-29,517.4254150390625,540.0,542.0,539.0,539.0,1500.0
2020-01-30,512.6344604492188,535.0,540.0,525.0,540.0,8000.0
2020-01-31,508.8017272949219,531.0,535.0,531.0,535.0,1500.0
2020-02-04,504.9689025878906,527.0,537.0,522.0,522.0,1100.0
2020-02-05,506.8852844238281,529.0,531.0,528.0,528.0,700.0
2020-02-06,512.6344604492188,535.0,539.0,535.0,539.0,1700.0
2020-02-07,504.9689025878906,527.0,530.0,526.0,526.0,1500.0
2020-02-10,506.8852844238281,529.0,532.0,512.0,530.0,1800.0
2020-02-12,502.0942993164063,524.0,537.0,521.0,537.0,4700.0
2020-02-13,508.8017272949219,531.0,531.0,523.0,523.0,1000.0
2020-02-14,503.052490234375,525.0,526.0,516.0,526.0,2300.0
2020-02-17,494.4287414550781,516.0,521.0,511.0,517.0,1900.0
2020-02-18,489.6377868652344,511.0,525.0,510.0,516.0,4700.0
2020-02-19,484.8468017578125,506.0,520.0,504.0,511.0,6900.0
2020-02-20,486.7632141113281,508.0,515.0,508.0,515.0,4300.0
2020-02-21,486.7632141113281,508.0,510.0,508.0,510.0,300.0
2020-02-25,472.3902587890625,493.0,502.0,482.0,502.0,3300.0
2020-02-26,479.0976257324219,500.0,500.0,485.0,485.0,4400.0
2020-02-27,460.8919372558594,481.0,500.0,481.0,500.0,4700.0
2020-02-28,427.3551025390625,446.0,469.0,445.0,469.0,11400.0
2020-03-02,440.7698059082031,460.0,474.0,446.0,446.0,2200.0
2020-03-03,447.4771728515625,467.0,476.0,460.0,476.0,6300.0
2020-03-04,452.2681884765625,472.0,472.0,458.0,458.0,2100.0
2020-03-05,456.1009521484375,476.0,476.0,476.0,476.0,200.0
2020-03-06,429.2714538574219,448.0,461.0,446.0,461.0,6000.0
2020-03-09,386.1527099609375,403.0,446.0,372.0,446.0,28500.0
2020-03-10,410.1075744628906,428.0,428.0,380.0,395.0,8400.0
2020-03-11,426.39691162109375,445.0,445.0,405.0,426.0,6800.0
2020-03-12,412.9821472167969,431.0,439.0,429.0,429.0,1300.0
2020-03-13,398.6092224121094,416.0,417.0,376.0,376.0,6600.0
2020-03-16,407.2329711914063,425.0,435.0,416.0,416.0,1400.0
2020-03-17,401.4838562011719,419.0,420.0,393.0,393.0,4100.0
2020-03-18,412.0239868164063,430.0,483.0,430.0,467.0,7500.0
2020-03-19,413.9403381347656,432.0,432.0,432.0,432.0,100.0
2020-03-23,390.9436645507813,408.0,438.0,408.0,438.0,2500.0
2020-03-24,392.8600463867188,410.0,428.0,408.0,408.0,2100.0
2020-03-25,412.9821472167969,431.0,437.0,418.0,418.0,1400.0
2020-03-26,408.1911926269531,426.0,447.0,421.0,447.0,1900.0
2020-03-27,407.2329711914063,425.0,425.0,392.0,418.0,13200.0
2020-03-30,407.2329711914063,420.0,421.0,420.0,420.0,1700.0
2020-03-31,393.6585693359375,406.0,414.0,401.0,404.0,7000.0
2020-04-01,396.5673522949219,409.0,418.0,402.0,402.0,2200.0
2020-04-02,390.749755859375,403.0,405.0,402.0,405.0,1700.0
2020-04-03,389.7801513671875,402.0,404.0,402.0,404.0,700.0
2020-04-06,401.4153747558594,414.0,414.0,395.0,401.0,2900.0
2020-04-07,396.5673522949219,409.0,422.0,406.0,422.0,3200.0
2020-04-08,412.08099365234375,425.0,425.0,425.0,425.0,700.0
2020-04-09,412.08099365234375,425.0,425.0,425.0,425.0,0.0
2020-04-10,382.0233459472656,394.0,405.0,385.0,393.0,32000.0
2020-04-13,387.8409423828125,400.0,400.0,395.0,398.0,3800.0
2020-04-14,397.5369567871094,410.0,410.0,396.0,398.0,5500.0
2020-04-15,391.7193603515625,404.0,423.0,402.0,410.0,7300.0
2020-04-16,390.749755859375,403.0,410.0,390.0,404.0,4400.0
2020-04-17,389.7801513671875,402.0,408.0,395.0,397.0,6200.0
2020-04-20,395.5977478027344,408.0,408.0,401.0,403.0,4300.0
2020-04-21,394.628173828125,407.0,411.0,394.0,410.0,3400.0
2020-04-22,382.9929504394531,395.0,405.0,395.0,399.0,3800.0
2020-04-23,382.9929504394531,395.0,395.0,395.0,395.0,0.0
2020-04-24,383.9625549316406,396.0,406.0,396.0,400.0,1600.0
2020-04-27,395.5977478027344,408.0,412.0,400.0,405.0,4200.0
2020-04-28,402.3849792480469,415.0,415.0,406.0,412.0,1800.0
2020-04-30,399.4761657714844,412.0,417.0,409.0,414.0,5400.0
2020-05-01,394.628173828125,407.0,418.0,405.0,417.0,8400.0
2020-05-07,468.3179321289063,483.0,486.0,417.0,431.0,77100.0
2020-05-08,466.3787536621094,481.0,481.0,457.0,480.0,23000.0
2020-05-11,455.7131042480469,470.0,482.0,444.0,481.0,16400.0
2020-05-12,440.199462890625,454.0,478.0,446.0,477.0,8300.0
2020-05-13,517.7677001953125,534.0,534.0,450.0,452.0,27300.0
2020-05-14,448.9259033203125,463.0,486.0,463.0,478.0,26200.0
2020-05-15,442.138671875,456.0,471.0,452.0,471.0,8300.0
2020-05-18,437.2906799316406,451.0,460.0,451.0,456.0,3200.0
2020-05-19,457.6523132324219,472.0,475.0,455.0,455.0,7800.0
2020-05-20,463.4699401855469,478.0,484.0,470.0,472.0,6400.0
2020-05-21,465.4091491699219,480.0,500.0,476.0,482.0,12700.0
2020-05-22,452.8042907714844,467.0,498.0,463.0,492.0,9400.0
2020-05-25,453.77392578125,468.0,478.0,467.0,471.0,4400.0
2020-05-26,460.5611267089844,475.0,488.0,474.0,488.0,6900.0
2020-05-27,476.0747680664063,491.0,503.0,475.0,476.0,6200.0
2020-05-28,479.9531555175781,495.0,498.0,485.0,490.0,5100.0
2020-05-29,477.04437255859375,492.0,498.0,492.0,495.0,1400.0
2020-06-01,475.1051635742188,490.0,496.0,485.0,492.0,3900.0
2020-06-02,480.92279052734375,496.0,505.0,492.0,492.0,2400.0
2020-06-03,491.5884094238281,507.0,516.0,499.0,499.0,7100.0
2020-06-04,493.5276184082031,509.0,530.0,507.0,512.0,8800.0
2020-06-05,497.406005859375,513.0,519.0,506.0,519.0,5800.0
2020-06-08,506.1324157714844,522.0,524.0,512.0,524.0,2300.0
2020-06-09,493.5276184082031,509.0,524.0,490.0,524.0,5800.0
2020-06-10,492.5580139160156,508.0,523.0,504.0,504.0,3300.0
2020-06-11,494.4971923828125,510.0,519.0,496.0,501.0,16100.0
2020-06-12,578.8526000976562,597.0,610.0,483.0,500.0,187000.0
2020-06-15,504.1932373046875,520.0,590.0,520.0,590.0,66400.0
2020-06-16,533.2813110351562,550.0,555.0,526.0,526.0,17800.0
2020-06-17,538.1293334960938,555.0,569.0,539.0,569.0,9200.0
2020-06-18,533.2813110351562,550.0,554.0,530.0,545.0,9600.0
2020-06-19,531.3421020507812,548.0,555.0,542.0,554.0,6300.0
2020-06-22,536.1901245117188,553.0,554.0,530.0,554.0,6100.0
2020-06-23,522.6156616210938,539.0,553.0,539.0,553.0,3700.0
2020-06-24,514.85888671875,531.0,548.0,531.0,542.0,5000.0
2020-06-25,512.919677734375,529.0,539.0,518.0,528.0,12100.0
2020-06-26,500.3148193359375,516.0,532.0,512.0,530.0,11600.0
2020-06-29,482.8619689941406,498.0,516.0,494.0,516.0,13000.0
2020-06-30,489.6492004394531,505.0,522.0,499.0,502.0,9200.0
2020-07-01,485.7707824707031,501.0,512.0,500.0,506.0,6300.0
2020-07-02,484.8011779785156,500.0,511.0,498.0,511.0,5800.0
2020-07-03,513.8892822265625,530.0,530.0,500.0,503.0,8600.0
2020-07-06,610.8494873046875,630.0,630.0,630.0,630.0,98000.0
2020-07-07,688.4176635742188,710.0,729.0,671.0,720.0,462900.0
2020-07-08,596.305419921875,615.0,690.0,608.0,690.0,207300.0
2020-07-09,575.9437866210938,594.0,608.0,571.0,596.0,107500.0
2020-07-10,558.490966796875,576.0,606.0,564.0,588.0,41600.0
2020-07-13,608.9102783203125,628.0,669.0,576.0,576.0,154600.0
2020-07-14,590.4878540039062,609.0,652.0,592.0,631.0,86500.0
2020-07-15,587.5790405273438,606.0,610.0,592.0,606.0,26900.0
2020-07-16,555.5821533203125,573.0,606.0,571.0,606.0,35300.0
2020-07-17,570.126220703125,588.0,593.0,573.0,573.0,12500.0
2020-07-20,557.5213623046875,575.0,598.0,571.0,598.0,6100.0
2020-07-21,556.5517578125,574.0,580.0,566.0,570.0,8400.0
2020-07-22,572.0654296875,590.0,590.0,573.0,578.0,13900.0
2020-07-27,556.5517578125,574.0,586.0,571.0,583.0,7400.0
2020-07-28,556.5517578125,574.0,578.0,568.0,574.0,6100.0
2020-07-29,543.9468994140625,561.0,577.0,554.0,575.0,12200.0
2020-07-30,549.7645874023438,567.0,579.0,561.0,565.0,8100.0
2020-07-31,539.0989379882812,556.0,566.0,550.0,561.0,10400.0
2020-08-03,500.3148193359375,516.0,640.0,513.0,564.0,121700.0
2020-08-04,542.977294921875,560.0,560.0,525.0,536.0,21500.0
2020-08-05,531.3421020507812,548.0,562.0,538.0,562.0,7700.0
2020-08-06,516.798095703125,533.0,555.0,525.0,555.0,10500.0
2020-08-07,511.9500427246094,528.0,543.0,525.0,533.0,5000.0
2020-08-11,522.6156616210938,539.0,540.0,529.0,529.0,3400.0
2020-08-12,527.4636840820312,544.0,548.0,539.0,539.0,5000.0
2020-08-13,524.5548706054688,541.0,545.0,535.0,545.0,6600.0
2020-08-14,527.4636840820312,544.0,545.0,538.0,545.0,2700.0
2020-08-17,542.977294921875,560.0,567.0,544.0,544.0,6100.0
2020-08-18,540.0685424804688,557.0,570.0,548.0,570.0,6600.0
2020-08-19,545.8861083984375,563.0,567.0,558.0,567.0,10000.0
2020-08-20,575.9437866210938,594.0,629.0,573.0,573.0,114200.0
2020-08-21,569.1566162109375,587.0,600.0,579.0,579.0,10600.0
2020-08-24,595.3358154296875,614.0,619.0,597.0,610.0,49700.0
2020-08-25,592.4270629882812,611.0,621.0,600.0,613.0,30600.0
2020-08-26,594.3662719726562,613.0,630.0,605.0,611.0,34600.0
2020-08-27,594.3662719726562,613.0,653.0,599.0,620.0,68200.0
2020-08-28,691.3264770507812,713.0,713.0,609.0,610.0,171100.0
2020-08-31,600.183837890625,619.0,626.0,587.0,598.0,282100.0
2020-09-01,613.75830078125,633.0,663.0,619.0,629.0,119800.0
2020-09-02,706.840087890625,729.0,729.0,645.0,663.0,397600.0
2020-09-03,675.8128662109375,697.0,709.0,681.0,699.0,139200.0
2020-09-04,707.8096923828125,730.0,733.0,701.0,707.0,251400.0
2020-09-07,606.9710693359375,626.0,641.0,603.0,605.0,217800.0
2020-09-08,597.2750244140625,616.0,626.0,602.0,620.0,72500.0
2020-09-09,601.1534423828125,620.0,623.0,611.0,617.0,34100.0
2020-09-10,607.940673828125,627.0,632.0,613.0,621.0,23700.0
2020-09-11,600.183837890625,619.0,626.0,617.0,621.0,15700.0
2020-09-14,610.8494873046875,630.0,632.0,622.0,626.0,23100.0
2020-09-15,620.5455322265625,640.0,650.0,630.0,637.0,29500.0
2020-09-16,598.24462890625,617.0,637.0,610.0,634.0,30100.0
2020-09-17,594.3662719726562,613.0,615.0,604.0,607.0,16400.0
2020-09-18,610.8494873046875,630.0,630.0,607.0,610.0,33500.0
2020-09-23,596.305419921875,615.0,620.0,612.0,616.0,12000.0
2020-09-24,581.7614135742188,600.0,615.0,600.0,614.0,16000.0
2020-09-25,572.0654296875,590.0,606.0,588.0,600.0,14600.0
2020-09-28,574.9741821289062,593.0,601.0,588.0,590.0,11600.0
2020-09-29,587.5790405273438,606.0,610.0,593.0,593.0,5800.0
2020-09-30,584.6702270507812,603.0,611.0,600.0,611.0,6000.0
2020-10-02,578.8526000976562,597.0,615.0,597.0,604.0,9100.0
2020-10-05,601.1534423828125,620.0,623.0,599.0,599.0,23900.0
2020-10-06,597.2750244140625,616.0,626.0,611.0,626.0,15800.0
2020-10-07,594.3662719726562,613.0,626.0,606.0,616.0,25400.0
2020-10-08,589.5182495117188,608.0,616.0,603.0,613.0,27500.0
2020-10-09,587.5790405273438,606.0,611.0,601.0,606.0,5400.0
2020-10-12,578.8526000976562,597.0,604.0,593.0,602.0,10200.0
2020-10-13,577.8829956054688,596.0,604.0,591.0,604.0,9500.0
2020-10-14,573.0349731445312,591.0,598.0,586.0,593.0,16200.0
2020-10-15,563.3389282226562,581.0,597.0,581.0,588.0,8400.0
2020-10-16,542.0076904296875,559.0,581.0,559.0,581.0,16800.0
2020-10-19,553.6429443359375,571.0,576.0,565.0,565.0,6100.0
2020-10-20,547.8253784179688,565.0,581.0,565.0,570.0,8100.0
2020-10-21,547.8253784179688,565.0,575.0,564.0,575.0,3800.0
2020-10-22,541.0380859375,558.0,566.0,554.0,562.0,8500.0
2020-10-23,576.9133911132812,595.0,615.0,570.0,570.0,59800.0
2020-10-26,559.4605712890625,577.0,587.0,575.0,575.0,5700.0
2020-10-27,568.18701171875,586.0,589.0,577.0,577.0,2300.0
2020-10-28,553.6429443359375,571.0,589.0,567.0,589.0,3300.0
2020-10-29,552.67333984375,570.0,577.0,565.0,577.0,4800.0
2020-10-30,543.9468994140625,561.0,573.0,550.0,569.0,5900.0
2020-11-02,533.2813110351562,550.0,561.0,549.0,556.0,7400.0
2020-11-04,531.3421020507812,548.0,561.0,545.0,551.0,7600.0
2020-11-05,553.6429443359375,571.0,593.0,542.0,549.0,28800.0
2020-11-06,538.1293334960938,555.0,581.0,529.0,581.0,15400.0
2020-11-09,542.0076904296875,559.0,564.0,550.0,551.0,4400.0
2020-11-10,544.91650390625,562.0,581.0,560.0,560.0,6900.0
2020-11-11,542.0076904296875,559.0,569.0,550.0,563.0,2200.0
2020-11-12,542.977294921875,560.0,560.0,553.0,553.0,1400.0
2020-11-13,540.0685424804688,557.0,578.0,552.0,554.0,6900.0
2020-11-16,543.9468994140625,561.0,574.0,559.0,559.0,8900.0
2020-11-17,541.0380859375,558.0,570.0,557.0,567.0,7700.0
2020-11-18,545.8861083984375,563.0,569.0,557.0,568.0,5900.0
2020-11-19,547.8253784179688,565.0,584.0,558.0,560.0,28300.0
2020-11-20,547.8253784179688,565.0,573.0,561.0,566.0,7600.0
2020-11-24,549.7645874023438,567.0,572.0,563.0,570.0,4500.0
2020-11-25,546.855712890625,564.0,564.0,559.0,560.0,6600.0
2020-11-26,545.8861083984375,563.0,564.0,560.0,564.0,1400.0
2020-11-27,542.0076904296875,559.0,566.0,551.0,563.0,6600.0
2020-11-30,538.1293334960938,555.0,559.0,555.0,559.0,1000.0
2020-12-01,533.2813110351562,550.0,564.0,550.0,554.0,10600.0
2020-12-02,536.1901245117188,553.0,555.0,548.0,550.0,4300.0
2020-12-03,538.1293334960938,555.0,555.0,552.0,552.0,1300.0
2020-12-04,541.0380859375,558.0,559.0,551.0,553.0,2700.0
2020-12-07,536.1901245117188,553.0,558.0,549.0,549.0,2000.0
2020-12-08,535.2205200195312,552.0,554.0,531.0,549.0,4200.0
2020-12-09,532.3117065429688,549.0,555.0,549.0,552.0,1900.0
2020-12-10,533.2813110351562,550.0,553.0,549.0,553.0,1500.0
2020-12-11,526.4940795898438,543.0,548.0,533.0,545.0,3700.0
2020-12-14,523.5852661132812,540.0,547.0,540.0,547.0,2300.0
2020-12-15,527.4636840820312,544.0,550.0,539.0,539.0,4300.0
2020-12-16,530.3724975585938,547.0,549.0,538.0,546.0,5000.0
2020-12-17,533.2813110351562,550.0,551.0,540.0,548.0,4100.0
2020-12-18,529.40283203125,546.0,556.0,544.0,556.0,2400.0
2020-12-21,529.40283203125,546.0,552.0,543.0,543.0,3300.0
2020-12-22,520.6764526367188,537.0,543.0,534.0,543.0,3400.0
2020-12-23,515.8284912109375,532.0,537.0,532.0,537.0,2900.0
2020-12-24,513.8892822265625,530.0,531.0,530.0,531.0,2800.0
2020-12-25,510.9804382324219,527.0,530.0,526.0,530.0,3800.0
2020-12-28,513.8892822265625,530.0,533.0,526.0,527.0,9600.0
2020-12-29,516.798095703125,533.0,541.0,528.0,528.0,2300.0
2020-12-30,518.7372436523438,535.0,539.0,533.0,533.0,1700.0
2021-01-04,511.9500427246094,528.0,536.0,525.0,535.0,1800.0
2021-01-05,505.1628112792969,521.0,526.0,518.0,525.0,2700.0
2021-01-06,514.85888671875,531.0,531.0,522.0,522.0,2100.0
2021-01-07,515.8284912109375,532.0,535.0,530.0,535.0,2200.0
2021-01-08,518.7372436523438,535.0,540.0,532.0,532.0,3000.0
2021-01-12,535.2205200195312,552.0,559.0,543.0,544.0,8800.0
2021-01-13,530.3724975585938,547.0,554.0,542.0,554.0,4500.0
2021-01-14,525.5244750976562,542.0,549.0,541.0,548.0,3200.0
2021-01-15,525.5244750976562,542.0,542.0,540.0,542.0,1200.0
2021-01-18,524.5548706054688,541.0,584.0,536.0,539.0,11200.0
2021-01-19,539.0989379882812,556.0,561.0,546.0,561.0,7900.0
2021-01-20,529.40283203125,546.0,554.0,543.0,546.0,5200.0
2021-01-21,528.4332885742188,545.0,546.0,544.0,546.0,2300.0
2021-01-22,528.4332885742188,545.0,549.0,541.0,546.0,6900.0
2021-01-25,527.4636840820312,544.0,550.0,540.0,550.0,2700.0
2021-01-26,526.4940795898438,543.0,548.0,540.0,544.0,5700.0
2021-01-27,533.2813110351562,550.0,550.0,545.0,546.0,2000.0
2021-01-28,527.4636840820312,544.0,546.0,533.0,540.0,3900.0
2021-01-29,526.4940795898438,543.0,547.0,543.0,547.0,1600.0
2021-02-01,540.0685424804688,557.0,558.0,546.0,546.0,4600.0
2021-02-02,545.8861083984375,563.0,564.0,553.0,557.0,6300.0
2021-02-03,642.8463745117188,663.0,663.0,568.0,573.0,296500.0
2021-02-04,576.9133911132812,595.0,632.0,592.0,623.0,180700.0
2021-02-05,558.490966796875,576.0,600.0,570.0,598.0,69800.0
2021-02-08,555.5821533203125,573.0,578.0,573.0,574.0,25400.0
2021-02-09,550.7341918945312,568.0,574.0,567.0,574.0,9600.0
2021-02-10,555.5821533203125,573.0,576.0,568.0,570.0,8700.0
2021-02-12,558.490966796875,576.0,580.0,575.0,577.0,4900.0
2021-02-15,564.3085327148438,582.0,592.0,578.0,586.0,37700.0
2021-02-16,551.7037353515625,569.0,584.0,566.0,584.0,14800.0
2021-02-17,555.5821533203125,573.0,573.0,561.0,568.0,9800.0
2021-02-18,551.7037353515625,569.0,579.0,568.0,579.0,5400.0
2021-02-19,553.6429443359375,571.0,571.0,566.0,569.0,4700.0
2021-02-22,551.7037353515625,569.0,574.0,567.0,570.0,5500.0
2021-02-24,552.67333984375,570.0,579.0,569.0,569.0,6800.0
2021-02-25,552.67333984375,570.0,574.0,570.0,571.0,2600.0
2021-02-26,554.612548828125,572.0,575.0,569.0,573.0,5600.0
2021-03-01,550.7341918945312,568.0,578.0,568.0,568.0,4000.0
2021-03-02,548.7949829101562,566.0,571.0,565.0,568.0,6000.0
2021-03-03,545.8861083984375,563.0,568.0,563.0,566.0,7400.0
2021-03-04,546.855712890625,564.0,573.0,563.0,563.0,4500.0
2021-03-05,547.8253784179688,565.0,571.0,564.0,565.0,4900.0
2021-03-08,548.7949829101562,566.0,585.0,566.0,567.0,5900.0
2021-03-09,552.67333984375,570.0,571.0,566.0,571.0,2900.0
2021-03-10,554.612548828125,572.0,572.0,569.0,570.0,2000.0
2021-03-11,555.5821533203125,573.0,574.0,569.0,569.0,2600.0
2021-03-12,557.5213623046875,575.0,578.0,573.0,573.0,2300.0
2021-03-15,561.3997802734375,579.0,583.0,576.0,583.0,3600.0
2021-03-16,574.9741821289062,593.0,600.0,579.0,579.0,34900.0
2021-03-17,567.2174072265625,585.0,595.0,585.0,590.0,12500.0
2021-03-18,569.1566162109375,587.0,590.0,582.0,590.0,5000.0
2021-03-19,582.7310180664062,601.0,610.0,581.0,587.0,36400.0
2021-03-22,583.7006225585938,602.0,608.0,598.0,602.0,8900.0
2021-03-23,578.8526000976562,597.0,607.0,597.0,604.0,8300.0
2021-03-24,570.126220703125,588.0,597.0,587.0,597.0,7500.0
2021-03-25,582.7310180664062,601.0,601.0,597.0,599.0,1500.0
2021-03-26,581.7614135742188,600.0,606.0,593.0,606.0,6200.0
2021-03-29,579.8222045898438,598.0,602.0,598.0,600.0,4900.0
2021-03-30,586.6666870117188,600.0,600.0,588.0,589.0,3100.0
2021-03-31,582.7555541992188,596.0,600.0,594.0,600.0,1600.0
2021-04-01,582.7555541992188,596.0,600.0,594.0,594.0,2600.0
2021-04-02,582.7555541992188,596.0,596.0,591.0,596.0,1100.0
2021-04-05,585.6889038085938,599.0,599.0,594.0,594.0,4400.0
2021-04-06,578.8444213867188,592.0,598.0,592.0,598.0,5100.0
2021-04-07,583.7333374023438,597.0,597.0,590.0,590.0,2200.0
2021-04-08,576.888916015625,590.0,596.0,590.0,596.0,1900.0
2021-04-09,577.8666381835938,591.0,594.0,586.0,588.0,4200.0
2021-04-12,581.7777709960938,595.0,595.0,588.0,591.0,3400.0
2021-04-13,582.7555541992188,596.0,598.0,591.0,591.0,3200.0
2021-04-14,594.4888916015625,608.0,608.0,593.0,596.0,8700.0
2021-04-15,581.7777709960938,595.0,604.0,592.0,604.0,10100.0
2021-04-16,590.5777587890625,604.0,604.0,591.0,595.0,4700.0
2021-04-19,588.6222534179688,602.0,610.0,601.0,604.0,4100.0
2021-04-20,589.5999755859375,603.0,603.0,597.0,600.0,1900.0
2021-04-21,583.7333374023438,597.0,603.0,572.0,603.0,31900.0
2021-04-22,588.6222534179688,602.0,613.0,591.0,598.0,9300.0
2021-04-23,581.7777709960938,595.0,598.0,590.0,598.0,3200.0
2021-04-26,577.8666381835938,591.0,596.0,591.0,594.0,3900.0
2021-04-27,577.8666381835938,591.0,598.0,587.0,590.0,4600.0
2021-04-28,571.022216796875,584.0,605.0,584.0,594.0,8100.0
2021-04-30,579.8222045898438,593.0,595.0,586.0,590.0,3600.0
2021-05-06,590.5777587890625,604.0,604.0,595.0,595.0,6600.0
2021-05-07,584.7111206054688,598.0,603.0,598.0,603.0,3100.0
2021-05-10,586.6666870117188,600.0,605.0,598.0,600.0,4900.0
2021-05-11,590.5777587890625,604.0,605.0,601.0,602.0,2600.0
2021-05-12,578.8444213867188,592.0,601.0,589.0,600.0,7100.0
2021-05-13,582.7555541992188,596.0,616.0,584.0,590.0,48800.0
2021-05-14,574.933349609375,588.0,600.0,587.0,600.0,9000.0
2021-05-17,587.6444702148438,601.0,604.0,588.0,588.0,10100.0
2021-05-18,583.7333374023438,597.0,601.0,595.0,601.0,2000.0
2021-05-19,589.5999755859375,603.0,621.0,596.0,602.0,17300.0
2021-05-20,602.3110961914062,616.0,619.0,603.0,604.0,13900.0
2021-05-21,586.6666870117188,600.0,612.0,600.0,612.0,11700.0
2021-05-24,589.5999755859375,603.0,606.0,601.0,601.0,800.0
2021-05-25,578.8444213867188,592.0,603.0,590.0,603.0,7100.0
2021-05-26,582.7555541992188,596.0,599.0,593.0,593.0,2100.0
2021-05-27,584.7111206054688,598.0,605.0,593.0,593.0,2700.0
2021-05-28,578.8444213867188,592.0,597.0,591.0,597.0,3900.0
2021-05-31,579.8222045898438,593.0,595.0,585.0,592.0,6800.0
2021-06-01,578.8444213867188,592.0,601.0,591.0,591.0,6500.0
2021-06-02,581.7777709960938,595.0,598.0,592.0,598.0,2600.0
2021-06-03,579.8222045898438,593.0,598.0,589.0,589.0,5600.0
2021-06-04,584.7111206054688,598.0,601.0,591.0,600.0,5400.0
2021-06-07,575.9111328125,589.0,595.0,589.0,593.0,7300.0
2021-06-08,578.8444213867188,592.0,602.0,591.0,593.0,6900.0
2021-06-09,582.7555541992188,596.0,597.0,589.0,589.0,3400.0
2021-06-10,583.7333374023438,597.0,597.0,593.0,593.0,900.0
2021-06-11,596.4444580078125,610.0,610.0,598.0,598.0,5400.0
2021-06-14,591.5555419921875,605.0,613.0,605.0,613.0,7200.0
2021-06-15,595.4666748046875,609.0,616.0,606.0,609.0,8700.0
2021-06-16,596.4444580078125,610.0,614.0,606.0,607.0,6300.0
2021-06-17,609.1555786132812,623.0,625.0,610.0,610.0,11800.0
2021-06-18,598.4000244140625,612.0,620.0,605.0,620.0,17700.0
2021-06-21,586.6666870117188,600.0,609.0,600.0,609.0,6400.0
2021-06-22,587.6444702148438,601.0,610.0,601.0,601.0,5200.0
2021-06-23,595.4666748046875,609.0,610.0,602.0,602.0,5200.0
2021-06-24,598.4000244140625,612.0,615.0,609.0,609.0,6200.0
2021-06-25,592.5333251953125,606.0,612.0,603.0,612.0,6600.0
2021-06-28,589.5999755859375,603.0,607.0,603.0,605.0,6800.0
2021-06-29,597.4222412109375,611.0,614.0,604.0,606.0,3000.0
2021-06-30,590.5777587890625,604.0,613.0,604.0,613.0,4300.0
2021-07-01,600.3555297851562,614.0,614.0,605.0,605.0,2300.0
2021-07-02,613.066650390625,627.0,627.0,613.0,618.0,12000.0
2021-07-05,599.3778076171875,613.0,649.0,612.0,638.0,45500.0
2021-07-06,598.4000244140625,612.0,617.0,611.0,613.0,6400.0
2021-07-07,606.2222290039062,620.0,634.0,609.0,614.0,21700.0
2021-07-08,611.111083984375,625.0,627.0,609.0,620.0,20700.0
2021-07-09,604.2666625976562,618.0,618.0,604.0,610.0,15600.0
2021-07-12,619.9111328125,634.0,637.0,611.0,618.0,45400.0
2021-07-13,610.1333618164062,624.0,642.0,624.0,633.0,29900.0
2021-07-14,600.3555297851562,614.0,620.0,607.0,620.0,17200.0
2021-07-15,593.5111083984375,607.0,610.0,601.0,610.0,10700.0
2021-07-16,594.4888916015625,608.0,608.0,603.0,603.0,4400.0
2021-07-19,592.5333251953125,606.0,614.0,606.0,609.0,3300.0
2021-07-20,581.7777709960938,595.0,603.0,595.0,603.0,8300.0
2021-07-21,585.6889038085938,599.0,599.0,593.0,596.0,5000.0
2021-07-26,584.7111206054688,598.0,602.0,594.0,601.0,8600.0
2021-07-27,581.7777709960938,595.0,601.0,595.0,601.0,4800.0
2021-07-28,581.7777709960938,595.0,595.0,594.0,595.0,2100.0
2021-07-29,581.7777709960938,595.0,596.0,594.0,595.0,2800.0
2021-07-30,580.7999877929688,594.0,595.0,594.0,595.0,9000.0
2021-08-02,568.0888671875,581.0,610.0,580.0,594.0,24200.0
2021-08-03,575.9111328125,589.0,589.0,582.0,588.0,4000.0
2021-08-04,575.9111328125,589.0,592.0,585.0,591.0,4700.0
2021-08-05,580.7999877929688,594.0,606.0,592.0,592.0,4700.0
2021-08-06,582.7555541992188,596.0,598.0,591.0,592.0,2300.0
2021-08-10,573.95556640625,587.0,596.0,584.0,596.0,3400.0
2021-08-11,576.888916015625,590.0,595.0,581.0,594.0,6100.0
2021-08-12,606.2222290039062,620.0,624.0,599.0,600.0,33000.0
2021-08-13,602.3110961914062,616.0,624.0,605.0,620.0,38000.0
2021-08-16,583.7333374023438,597.0,613.0,577.0,613.0,28400.0
2021-08-17,571.022216796875,584.0,597.0,581.0,597.0,9800.0
2021-08-18,572.977783203125,586.0,591.0,581.0,591.0,4900.0
2021-08-19,568.0888671875,581.0,588.0,581.0,583.0,3500.0
2021-08-20,566.1333618164062,579.0,585.0,579.0,582.0,2900.0
2021-08-23,567.111083984375,580.0,582.0,578.0,579.0,2600.0
2021-08-24,565.1555786132812,578.0,579.0,578.0,579.0,1400.0
2021-08-25,574.933349609375,588.0,590.0,578.0,582.0,3300.0
2021-08-26,574.933349609375,588.0,593.0,587.0,593.0,1300.0
2021-08-27,572.0,585.0,590.0,585.0,590.0,1200.0
2021-08-30,576.888916015625,590.0,593.0,585.0,590.0,3700.0
2021-08-31,571.022216796875,584.0,589.0,580.0,585.0,7200.0
2021-09-01,577.8666381835938,591.0,594.0,588.0,594.0,11100.0
2021-09-02,576.888916015625,590.0,594.0,588.0,588.0,1400.0
2021-09-03,591.5555419921875,605.0,626.0,590.0,590.0,35700.0
2021-09-06,582.7555541992188,596.0,601.0,588.0,601.0,12800.0
2021-09-07,581.7777709960938,595.0,599.0,593.0,597.0,4900.0
2021-09-08,581.7777709960938,595.0,596.0,592.0,596.0,1600.0
2021-09-09,596.4444580078125,610.0,622.0,590.0,598.0,23600.0
2021-09-10,595.4666748046875,609.0,618.0,597.0,613.0,21600.0
2021-09-13,586.6666870117188,600.0,610.0,596.0,610.0,6400.0
2021-09-14,583.7333374023438,597.0,604.0,596.0,604.0,4500.0
2021-09-15,585.6889038085938,599.0,599.0,594.0,596.0,2000.0
2021-09-16,581.7777709960938,595.0,597.0,593.0,597.0,3400.0
2021-09-17,581.7777709960938,595.0,602.0,593.0,593.0,9400.0
2021-09-21,575.9111328125,589.0,590.0,583.0,585.0,5400.0
2021-09-22,572.0,585.0,589.0,585.0,585.0,1900.0
2021-09-24,572.977783203125,586.0,597.0,582.0,585.0,7300.0
2021-09-27,584.7111206054688,598.0,598.0,586.0,587.0,5000.0
2021-09-28,575.9111328125,589.0,596.0,587.0,596.0,2600.0
2021-09-29,581.7777709960938,595.0,597.0,584.0,586.0,3700.0
2021-09-30,569.066650390625,582.0,595.0,582.0,591.0,9000.0
2021-10-01,580.7999877929688,594.0,598.0,587.0,590.0,9500.0
2021-10-04,575.9111328125,589.0,597.0,586.0,597.0,4000.0
2021-10-05,572.0,585.0,588.0,583.0,588.0,5200.0
2021-10-06,576.888916015625,590.0,594.0,587.0,593.0,2600.0
2021-10-07,572.977783203125,586.0,591.0,586.0,588.0,1800.0
2021-10-08,577.8666381835938,591.0,591.0,587.0,590.0,2000.0
2021-10-11,576.888916015625,590.0,591.0,588.0,588.0,3000.0
2021-10-12,571.022216796875,584.0,593.0,583.0,589.0,4500.0
2021-10-13,566.1333618164062,579.0,588.0,579.0,583.0,7200.0
2021-10-14,567.111083984375,580.0,584.0,577.0,580.0,3800.0
2021-10-15,570.04443359375,583.0,583.0,580.0,580.0,1400.0
2021-10-18,573.95556640625,587.0,588.0,580.0,580.0,3500.0
2021-10-19,562.2222290039062,575.0,578.0,575.0,578.0,6800.0
2021-10-20,573.95556640625,587.0,587.0,575.0,578.0,6000.0
2021-10-21,568.0888671875,581.0,584.0,576.0,584.0,3200.0
2021-10-22,561.2444458007812,574.0,581.0,573.0,574.0,2400.0
2021-10-25,562.2222290039062,575.0,576.0,575.0,575.0,2500.0
2021-10-26,556.3555297851562,569.0,578.0,569.0,578.0,2700.0
2021-10-27,556.3555297851562,569.0,571.0,569.0,571.0,500.0
2021-10-28,556.3555297851562,569.0,569.0,568.0,568.0,700.0
2021-10-29,550.4888916015625,563.0,569.0,563.0,569.0,2500.0
2021-11-01,550.4888916015625,563.0,567.0,563.0,564.0,2800.0
2021-11-02,546.5777587890625,559.0,563.0,558.0,563.0,4600.0
2021-11-04,544.6222534179688,557.0,560.0,556.0,560.0,1400.0
2021-11-05,531.9111328125,544.0,554.0,543.0,554.0,7500.0
2021-11-08,503.5555419921875,515.0,545.0,498.0,545.0,24500.0
2021-11-09,487.9111022949219,499.0,509.0,499.0,505.0,11200.0
2021-11-10,497.68890380859375,509.0,510.0,500.0,500.0,2200.0
2021-11-11,505.5111083984375,517.0,517.0,505.0,505.0,6400.0
2021-11-12,500.6222229003906,512.0,519.0,511.0,519.0,800.0
2021-11-15,497.68890380859375,509.0,517.0,504.0,505.0,4800.0
2021-11-16,493.77777099609375,505.0,512.0,505.0,508.0,1900.0
2021-11-17,491.8222351074219,503.0,509.0,502.0,509.0,1700.0
2021-11-18,493.77777099609375,505.0,507.0,505.0,507.0,1400.0
2021-11-19,491.8222351074219,503.0,503.0,503.0,503.0,200.0
2021-11-22,484.977783203125,496.0,506.0,488.0,488.0,9800.0
2021-11-24,488.8888854980469,500.0,500.0,494.0,496.0,2400.0
2021-11-25,484.977783203125,496.0,496.0,490.0,490.0,2000.0
2021-11-26,482.04443359375,493.0,496.0,490.0,491.0,3600.0
2021-11-29,467.3777770996094,478.0,487.0,478.0,485.0,5300.0
2021-11-30,462.4888916015625,473.0,489.0,472.0,472.0,1800.0
2021-12-01,456.6222229003906,467.0,478.0,466.0,478.0,8700.0
2021-12-02,428.26666259765625,438.0,460.0,433.0,460.0,26000.0
2021-12-03,453.68890380859375,464.0,504.0,438.0,438.0,12300.0
2021-12-06,483.022216796875,494.0,501.0,465.0,465.0,12200.0
2021-12-07,470.3111267089844,481.0,498.0,474.0,498.0,7700.0
2021-12-08,476.1777648925781,487.0,495.0,482.0,490.0,6900.0
2021-12-09,471.2888793945313,482.0,497.0,482.0,485.0,4700.0
2021-12-10,471.2888793945313,482.0,482.0,475.0,480.0,3400.0
2021-12-13,466.3999938964844,477.0,478.0,477.0,478.0,2300.0
2021-12-14,469.3333435058594,480.0,496.0,477.0,477.0,6100.0
2021-12-15,468.3555603027344,479.0,480.0,477.0,477.0,400.0
2021-12-16,462.4888916015625,473.0,481.0,471.0,478.0,2400.0
2021-12-17,467.3777770996094,478.0,478.0,475.0,475.0,600.0
2021-12-20,452.7111206054688,463.0,477.0,463.0,474.0,1300.0
2021-12-21,447.8222351074219,458.0,468.0,448.0,456.0,3700.0
2021-12-22,439.022216796875,449.0,455.0,449.0,450.0,5200.0
2021-12-23,438.04443359375,448.0,450.0,446.0,447.0,2400.0
2021-12-24,455.6444396972656,466.0,470.0,457.0,457.0,9400.0
2021-12-27,450.7555541992188,461.0,466.0,461.0,466.0,5700.0
2021-12-28,454.6666564941406,465.0,465.0,456.0,457.0,1300.0
2021-12-29,456.6222229003906,467.0,467.0,466.0,466.0,400.0
2021-12-30,466.3999938964844,477.0,477.0,463.0,468.0,700.0
2022-01-04,467.3777770996094,478.0,487.0,477.0,478.0,1600.0
2022-01-05,465.4222106933594,476.0,478.0,472.0,478.0,700.0
2022-01-06,455.6444396972656,466.0,476.0,464.0,476.0,1400.0
2022-01-07,450.7555541992188,461.0,470.0,461.0,470.0,1700.0
2022-01-11,446.8444519042969,457.0,467.0,457.0,467.0,2800.0
2022-01-12,445.8666687011719,456.0,457.0,451.0,457.0,1000.0
2022-01-13,441.95556640625,452.0,463.0,437.0,463.0,3100.0
2022-01-14,436.0888977050781,446.0,451.0,446.0,451.0,2600.0
2022-01-17,441.95556640625,452.0,452.0,446.0,446.0,500.0
2022-01-18,435.1111145019531,445.0,451.0,445.0,450.0,1700.0
2022-01-19,439.022216796875,449.0,451.0,446.0,446.0,1700.0
2022-01-20,440.0,450.0,450.0,449.0,449.0,1700.0
2022-01-21,439.022216796875,449.0,449.0,449.0,449.0,500.0
2022-01-24,443.9111022949219,454.0,454.0,454.0,454.0,200.0
2022-01-25,440.977783203125,451.0,454.0,451.0,453.0,400.0
2022-01-26,442.9333190917969,453.0,462.0,453.0,455.0,1200.0
2022-01-27,430.2222290039063,440.0,445.0,438.0,445.0,3100.0
2022-01-28,446.8444519042969,457.0,457.0,440.0,440.0,1100.0
2022-01-31,445.8666687011719,456.0,456.0,443.0,443.0,400.0
2022-02-01,451.73333740234375,462.0,462.0,450.0,450.0,1800.0
2022-02-02,449.77777099609375,460.0,465.0,455.0,455.0,1300.0
2022-02-03,472.26666259765625,483.0,483.0,442.0,460.0,10600.0
2022-02-04,454.6666564941406,465.0,468.0,454.0,468.0,11100.0
2022-02-07,440.0,450.0,465.0,450.0,465.0,4000.0
2022-02-08,439.022216796875,449.0,465.0,449.0,458.0,2900.0
2022-02-09,450.7555541992188,461.0,461.0,456.0,458.0,500.0
2022-02-10,453.68890380859375,464.0,464.0,455.0,455.0,500.0
2022-02-14,454.6666564941406,465.0,465.0,451.0,451.0,400.0
2022-02-15,446.8444519042969,457.0,463.0,457.0,460.0,400.0
2022-02-16,438.04443359375,448.0,461.0,448.0,456.0,1400.0
2022-02-17,443.9111022949219,454.0,454.0,444.0,444.0,2500.0
2022-02-18,456.6222229003906,467.0,467.0,447.0,447.0,1100.0
2022-02-21,446.8444519042969,457.0,458.0,452.0,458.0,800.0
2022-02-22,445.8666687011719,456.0,456.0,456.0,456.0,200.0
2022-02-24,430.2222290039063,440.0,456.0,439.0,456.0,2900.0
2022-02-25,429.2444458007813,439.0,446.0,439.0,444.0,900.0
2022-02-28,438.04443359375,448.0,448.0,442.0,442.0,500.0
2022-03-01,435.1111145019531,445.0,446.0,441.0,446.0,1000.0
2022-03-02,440.0,450.0,458.0,450.0,458.0,2700.0
2022-03-03,440.0,450.0,450.0,450.0,450.0,200.0
2022-03-04,432.1777648925781,442.0,446.0,441.0,441.0,1300.0
2022-03-07,432.1777648925781,442.0,442.0,441.0,441.0,900.0
2022-03-08,431.2000122070313,441.0,441.0,441.0,441.0,100.0
2022-03-09,431.2000122070313,441.0,441.0,441.0,441.0,0.0
2022-03-10,424.3555603027344,434.0,448.0,424.0,448.0,2400.0
2022-03-11,435.1111145019531,445.0,445.0,439.0,439.0,800.0
2022-03-14,434.1333312988281,444.0,444.0,437.0,438.0,900.0
2022-03-15,436.0888977050781,446.0,446.0,436.0,436.0,1700.0
2022-03-16,428.26666259765625,438.0,446.0,438.0,446.0,1300.0
2022-03-17,440.977783203125,451.0,457.0,448.0,450.0,3800.0
2022-03-18,444.8888854980469,455.0,455.0,447.0,451.0,1700.0
2022-03-22,432.1777648925781,442.0,454.0,441.0,447.0,3300.0
2022-03-23,443.9111022949219,454.0,454.0,442.0,442.0,1700.0
2022-03-24,443.9111022949219,454.0,454.0,447.0,454.0,800.0
2022-03-25,443.9111022949219,454.0,454.0,450.0,450.0,1600.0
2022-03-28,444.8888854980469,455.0,455.0,450.0,450.0,2000.0
2022-03-29,440.0,450.0,455.0,450.0,455.0,1200.0
2022-03-30,452.0,452.0,453.0,452.0,453.0,600.0
2022-03-31,450.0,450.0,450.0,449.0,449.0,1000.0
2022-04-01,456.0,456.0,457.0,450.0,450.0,700.0
2022-04-04,457.0,457.0,457.0,452.0,454.0,400.0
2022-04-05,459.0,459.0,459.0,459.0,459.0,100.0
2022-04-06,457.0,457.0,459.0,457.0,459.0,1000.0
2022-04-07,457.0,457.0,457.0,457.0,457.0,500.0
2022-04-08,455.0,455.0,455.0,455.0,455.0,100.0
2022-04-11,457.0,457.0,458.0,453.0,453.0,500.0
2022-04-12,459.0,459.0,459.0,456.0,457.0,300.0
2022-04-13,460.0,460.0,460.0,450.0,459.0,2000.0
2022-04-14,461.0,461.0,468.0,460.0,460.0,500.0
2022-04-15,455.0,455.0,461.0,455.0,461.0,500.0
2022-04-18,451.0,451.0,452.0,451.0,451.0,1100.0
2022-04-19,450.0,450.0,450.0,443.0,443.0,1600.0
2022-04-20,462.0,462.0,470.0,450.0,450.0,4100.0
2022-04-21,463.0,463.0,465.0,462.0,462.0,1300.0
2022-04-22,495.0,495.0,499.0,471.0,471.0,17500.0
2022-04-25,470.0,470.0,489.0,448.0,489.0,3300.0
2022-04-26,474.0,474.0,475.0,460.0,460.0,800.0
2022-04-27,466.0,466.0,466.0,466.0,466.0,300.0
2022-04-28,474.0,474.0,474.0,461.0,462.0,4700.0
2022-05-02,473.0,473.0,479.0,466.0,479.0,700.0
2022-05-06,469.0,469.0,473.0,465.0,465.0,1800.0
2022-05-09,473.0,473.0,473.0,460.0,465.0,1400.0
2022-05-10,470.0,470.0,477.0,469.0,469.0,600.0
2022-05-11,467.0,467.0,479.0,465.0,476.0,1600.0
2022-05-12,472.0,472.0,472.0,467.0,467.0,1300.0
2022-05-13,467.0,467.0,470.0,466.0,470.0,3100.0
2022-05-16,469.0,469.0,473.0,465.0,467.0,2300.0
2022-05-17,474.0,474.0,474.0,465.0,466.0,1000.0
2022-05-18,471.0,471.0,474.0,469.0,474.0,400.0
2022-05-19,467.0,467.0,475.0,467.0,475.0,3000.0
2022-05-20,470.0,470.0,473.0,464.0,473.0,1700.0
2022-05-23,479.0,479.0,479.0,470.0,470.0,1100.0
2022-05-24,480.0,480.0,485.0,478.0,485.0,1400.0
2022-05-25,480.0,480.0,480.0,473.0,480.0,600.0
2022-05-26,479.0,479.0,485.0,479.0,482.0,4100.0
2022-05-27,487.0,487.0,487.0,479.0,479.0,3200.0
2022-05-30,490.0,490.0,495.0,488.0,495.0,2700.0
2022-05-31,486.0,486.0,493.0,482.0,491.0,3100.0
2022-06-01,486.0,486.0,491.0,484.0,485.0,2100.0
2022-06-02,500.0,500.0,500.0,485.0,485.0,3500.0
2022-06-03,498.0,498.0,500.0,498.0,500.0,700.0
2022-06-06,498.0,498.0,498.0,490.0,498.0,1000.0
2022-06-07,506.0,506.0,509.0,495.0,500.0,3500.0
2022-06-08,506.0,506.0,510.0,500.0,509.0,2800.0
2022-06-09,511.0,511.0,515.0,505.0,515.0,1500.0
2022-06-10,528.0,528.0,534.0,505.0,510.0,11200.0
2022-06-13,519.0,519.0,528.0,512.0,528.0,6300.0
2022-06-14,517.0,517.0,518.0,500.0,514.0,3800.0
2022-06-15,516.0,516.0,516.0,506.0,512.0,900.0
2022-06-16,503.0,503.0,505.0,503.0,505.0,700.0
2022-06-17,491.0,491.0,510.0,490.0,503.0,6100.0
2022-06-20,515.0,515.0,515.0,491.0,491.0,1500.0
2022-06-21,520.0,520.0,524.0,510.0,519.0,2800.0
2022-06-22,507.0,507.0,520.0,507.0,520.0,800.0
2022-06-23,500.0,500.0,511.0,496.0,508.0,4100.0
2022-06-24,506.0,506.0,506.0,500.0,500.0,3100.0
2022-06-27,511.0,511.0,511.0,496.0,496.0,4700.0
2022-06-28,504.0,504.0,505.0,500.0,505.0,1400.0
2022-06-29,510.0,510.0,510.0,497.0,504.0,3300.0
2022-06-30,510.0,510.0,510.0,510.0,510.0,1600.0
2022-07-01,499.0,499.0,502.0,496.0,500.0,4700.0
2022-07-04,504.0,504.0,514.0,504.0,507.0,2000.0
2022-07-05,506.0,506.0,517.0,505.0,510.0,4300.0
2022-07-06,505.0,505.0,509.0,504.0,506.0,800.0
2022-07-07,504.0,504.0,515.0,501.0,505.0,5100.0
2022-07-08,506.0,506.0,514.0,501.0,510.0,4400.0
2022-07-11,502.0,502.0,516.0,502.0,516.0,1000.0
2022-07-12,510.0,510.0,510.0,503.0,503.0,2400.0
2022-07-13,511.0,511.0,514.0,504.0,510.0,1700.0
2022-07-14,511.0,511.0,511.0,511.0,511.0,0.0
2022-07-15,528.0,528.0,530.0,508.0,511.0,7500.0
2022-07-19,524.0,524.0,539.0,520.0,539.0,5600.0
2022-07-20,513.0,513.0,525.0,509.0,514.0,4900.0
2022-07-21,512.0,512.0,513.0,512.0,512.0,1600.0
2022-07-22,506.0,506.0,516.0,506.0,509.0,3200.0
2022-07-25,503.0,503.0,503.0,503.0,503.0,1000.0
2022-07-26,506.0,506.0,506.0,501.0,501.0,1500.0
2022-07-27,501.0,501.0,501.0,500.0,500.0,700.0
2022-07-28,503.0,503.0,506.0,502.0,503.0,2000.0
2022-07-29,500.0,500.0,503.0,499.0,503.0,700.0
2022-08-01,503.0,503.0,523.0,499.0,500.0,11000.0
2022-08-02,495.0,495.0,519.0,494.0,498.0,3400.0
2022-08-03,492.0,492.0,497.0,489.0,497.0,1500.0
2022-08-04,489.0,489.0,489.0,487.0,489.0,2400.0
2022-08-05,500.0,500.0,509.0,495.0,505.0,5200.0
2022-08-08,490.0,490.0,491.0,490.0,491.0,1300.0
2022-08-09,491.0,491.0,491.0,491.0,491.0,600.0
2022-08-10,498.0,498.0,498.0,498.0,498.0,400.0
2022-08-12,498.0,498.0,498.0,498.0,498.0,0.0
2022-08-15,490.0,490.0,490.0,490.0,490.0,100.0
2022-08-16,490.0,490.0,490.0,481.0,490.0,1600.0
2022-08-17,484.0,484.0,487.0,484.0,487.0,1900.0
2022-08-18,490.0,490.0,490.0,484.0,484.0,800.0
2022-08-19,485.0,485.0,493.0,485.0,487.0,1700.0
2022-08-22,485.0,485.0,485.0,485.0,485.0,100.0
2022-08-23,488.0,488.0,488.0,488.0,488.0,100.0
2022-08-24,487.0,487.0,488.0,487.0,488.0,400.0
2022-08-25,488.0,488.0,495.0,486.0,494.0,2200.0
2022-08-26,488.0,488.0,488.0,488.0,488.0,200.0
2022-08-29,493.0,493.0,493.0,483.0,486.0,1400.0
2022-08-30,499.0,499.0,501.0,485.0,485.0,4000.0
2022-08-31,512.0,512.0,512.0,500.0,500.0,4400.0
2022-09-01,526.0,526.0,527.0,505.0,512.0,11400.0
2022-09-02,502.0,502.0,526.0,500.0,522.0,5700.0
2022-09-05,503.0,503.0,511.0,502.0,502.0,2400.0
2022-09-06,502.0,502.0,503.0,486.0,495.0,4800.0
2022-09-07,485.0,485.0,500.0,483.0,500.0,3000.0
2022-09-08,484.0,484.0,485.0,484.0,484.0,1300.0
2022-09-09,492.0,492.0,497.0,483.0,483.0,3000.0
2022-09-12,493.0,493.0,495.0,493.0,495.0,800.0
2022-09-13,492.0,492.0,497.0,487.0,488.0,1100.0
2022-09-14,490.0,490.0,490.0,486.0,487.0,900.0
2022-09-15,497.0,497.0,498.0,495.0,495.0,1100.0
2022-09-16,515.0,515.0,519.0,501.0,504.0,9000.0
2022-09-20,497.0,497.0,505.0,490.0,504.0,8200.0
2022-09-21,497.0,497.0,497.0,497.0,497.0,0.0
2022-09-22,498.0,498.0,499.0,498.0,499.0,700.0
2022-09-26,487.0,487.0,490.0,487.0,490.0,300.0
2022-09-27,487.0,487.0,487.0,487.0,487.0,0.0
2022-09-28,482.0,482.0,491.0,481.0,487.0,2200.0
2022-09-29,482.0,482.0,482.0,482.0,482.0,0.0
2022-09-30,482.0,482.0,489.0,482.0,489.0,200.0
2022-10-03,490.0,490.0,490.0,490.0,490.0,200.0
2022-10-04,484.0,484.0,484.0,483.0,483.0,600.0
2022-10-05,487.0,487.0,487.0,482.0,482.0,1600.0
2022-10-06,482.0,482.0,488.0,482.0,485.0,1500.0
2022-10-07,484.0,484.0,484.0,484.0,484.0,200.0
2022-10-11,481.0,481.0,486.0,481.0,486.0,2500.0
2022-10-12,481.0,481.0,481.0,481.0,481.0,500.0
2022-10-13,481.0,481.0,481.0,481.0,481.0,0.0
2022-10-14,483.0,483.0,491.0,481.0,491.0,1500.0
2022-10-17,482.0,482.0,482.0,482.0,482.0,100.0
2022-10-18,479.0,479.0,482.0,477.0,482.0,400.0
2022-10-19,474.0,474.0,474.0,470.0,470.0,400.0
2022-10-20,479.0,479.0,479.0,479.0,479.0,400.0
2022-10-21,479.0,479.0,479.0,479.0,479.0,0.0
2022-10-24,469.0,469.0,469.0,469.0,469.0,1400.0
2022-10-25,469.0,469.0,469.0,469.0,469.0,100.0
2022-10-26,476.0,476.0,476.0,476.0,476.0,200.0
2022-10-27,469.0,469.0,473.0,469.0,471.0,600.0
2022-10-28,464.0,464.0,465.0,464.0,465.0,300.0
2022-10-31,463.0,463.0,471.0,463.0,471.0,700.0
2022-11-01,461.0,461.0,462.0,460.0,462.0,800.0
2022-11-02,460.0,460.0,460.0,458.0,459.0,1300.0
2022-11-04,486.0,486.0,486.0,474.0,474.0,600.0
2022-11-07,477.0,477.0,479.0,471.0,479.0,300.0
2022-11-08,481.0,481.0,481.0,477.0,477.0,1700.0
2022-11-09,466.0,466.0,473.0,466.0,473.0,200.0
2022-11-10,466.0,466.0,466.0,466.0,466.0,100.0
2022-11-11,464.0,464.0,466.0,464.0,466.0,600.0
2022-11-14,463.0,463.0,465.0,463.0,465.0,400.0
2022-11-15,463.0,463.0,463.0,463.0,463.0,500.0
2022-11-16,462.0,462.0,463.0,462.0,463.0,400.0
2022-11-17,458.0,458.0,458.0,458.0,458.0,100.0
2022-11-18,458.0,458.0,458.0,458.0,458.0,0.0
2022-11-21,467.0,467.0,467.0,454.0,455.0,500.0
2022-11-22,470.0,470.0,470.0,469.0,470.0,3800.0
2022-11-24,470.0,470.0,470.0,470.0,470.0,0.0
2022-11-25,470.0,470.0,470.0,470.0,470.0,300.0
2022-11-28,466.0,466.0,474.0,466.0,474.0,800.0
2022-11-29,468.0,468.0,469.0,468.0,469.0,1100.0
2022-11-30,462.0,462.0,467.0,462.0,467.0,500.0
2022-12-01,461.0,461.0,461.0,461.0,461.0,100.0
2022-12-02,460.0,460.0,461.0,460.0,461.0,800.0
2022-12-05,461.0,461.0,465.0,461.0,465.0,1300.0
2022-12-06,468.0,468.0,473.0,461.0,461.0,1900.0
2022-12-07,461.0,461.0,468.0,459.0,468.0,1900.0
2022-12-08,453.0,453.0,462.0,451.0,461.0,1700.0
2022-12-09,455.0,455.0,455.0,450.0,451.0,2700.0
2022-12-12,440.0,440.0,455.0,440.0,455.0,3200.0
2022-12-13,444.0,444.0,444.0,442.0,442.0,1100.0
2022-12-14,441.0,441.0,449.0,441.0,449.0,1000.0
2022-12-15,445.0,445.0,445.0,440.0,442.0,3500.0
2022-12-16,439.0,439.0,439.0,436.0,439.0,1600.0
2022-12-19,438.0,438.0,438.0,436.0,436.0,200.0
2022-12-20,431.0,431.0,433.0,430.0,433.0,3600.0
2022-12-21,437.0,437.0,437.0,410.0,426.0,4100.0
2022-12-22,417.0,417.0,421.0,411.0,421.0,6800.0
2022-12-23,402.0,402.0,416.0,401.0,416.0,6600.0
2022-12-26,412.0,412.0,418.0,401.0,418.0,4400.0
2022-12-27,403.0,403.0,406.0,401.0,404.0,3100.0
2022-12-28,396.0,396.0,401.0,394.0,401.0,13700.0
2022-12-29,393.0,393.0,396.0,385.0,396.0,1800.0
2022-12-30,407.0,407.0,407.0,395.0,401.0,3000.0
2023-01-04,412.0,412.0,412.0,400.0,407.0,2400.0
2023-01-05,404.0,404.0,416.0,404.0,416.0,800.0
2023-01-06,401.0,401.0,406.0,400.0,401.0,1000.0
2023-01-10,404.0,404.0,404.0,396.0,401.0,1300.0
2023-01-11,411.0,411.0,412.0,396.0,397.0,1400.0
2023-01-12,414.0,414.0,414.0,403.0,411.0,1100.0
2023-01-13,404.0,404.0,414.0,404.0,414.0,1400.0
2023-01-16,419.0,419.0,419.0,397.0,412.0,1800.0
2023-01-17,412.0,412.0,416.0,398.0,416.0,1400.0
2023-01-18,400.0,400.0,411.0,395.0,411.0,9100.0
2023-01-19,397.0,397.0,399.0,397.0,399.0,1900.0
2023-01-20,398.0,398.0,400.0,397.0,397.0,1600.0
2023-01-23,404.0,404.0,405.0,398.0,400.0,2700.0
2023-01-24,401.0,401.0,404.0,400.0,404.0,2000.0
2023-01-25,401.0,401.0,404.0,401.0,404.0,1700.0
2023-01-26,401.0,401.0,403.0,400.0,403.0,2000.0
2023-01-27,405.0,405.0,410.0,400.0,405.0,4200.0
2023-01-30,405.0,405.0,412.0,403.0,412.0,3800.0
2023-01-31,410.0,410.0,410.0,400.0,405.0,2500.0
2023-02-01,407.0,407.0,409.0,400.0,404.0,1500.0
2023-02-02,412.0,412.0,425.0,402.0,407.0,10300.0
2023-02-03,409.0,409.0,416.0,404.0,415.0,6800.0
2023-02-06,403.0,403.0,405.0,401.0,404.0,2900.0
2023-02-07,409.0,409.0,409.0,401.0,406.0,6700.0
2023-02-08,409.0,409.0,409.0,403.0,407.0,4500.0
2023-02-09,404.0,404.0,406.0,402.0,405.0,3300.0
2023-02-10,405.0,405.0,412.0,404.0,406.0,3200.0
2023-02-13,406.0,406.0,406.0,404.0,405.0,2200.0
2023-02-14,407.0,407.0,410.0,406.0,407.0,10100.0
2023-02-15,406.0,406.0,408.0,406.0,408.0,1200.0
2023-02-16,407.0,407.0,410.0,407.0,407.0,1800.0
2023-02-17,416.0,416.0,416.0,408.0,410.0,2900.0
2023-02-20,416.0,416.0,419.0,416.0,419.0,2500.0
2023-02-21,410.0,410.0,413.0,410.0,412.0,2200.0
2023-02-22,408.0,408.0,413.0,408.0,411.0,1800.0
2023-02-24,402.0,402.0,409.0,398.0,409.0,6500.0
2023-02-27,406.0,406.0,406.0,400.0,406.0,2100.0
2023-02-28,403.0,403.0,408.0,403.0,408.0,1500.0
2023-03-01,402.0,402.0,408.0,402.0,403.0,3800.0
2023-03-02,402.0,402.0,405.0,402.0,405.0,2100.0
2023-03-03,407.0,407.0,407.0,403.0,407.0,2800.0
2023-03-06,404.0,404.0,408.0,404.0,408.0,4800.0
2023-03-07,405.0,405.0,406.0,404.0,405.0,5100.0
2023-03-08,404.0,404.0,409.0,403.0,404.0,6400.0
2023-03-09,405.0,405.0,407.0,403.0,406.0,6800.0
2023-03-10,405.0,405.0,405.0,403.0,404.0,5000.0
2023-03-13,403.0,403.0,404.0,401.0,404.0,4900.0
2023-03-14,400.0,400.0,401.0,398.0,401.0,5300.0
2023-03-15,400.0,400.0,405.0,399.0,399.0,2900.0
2023-03-16,402.0,402.0,402.0,394.0,394.0,4000.0
2023-03-17,400.0,400.0,402.0,399.0,399.0,1700.0
2023-03-20,400.0,400.0,400.0,398.0,400.0,2000.0
2023-03-22,400.0,400.0,400.0,397.0,397.0,700.0
2023-03-23,404.0,404.0,404.0,397.0,397.0,2300.0
2023-03-29,401.0,401.0,401.0,395.0,400.0,4500.0
2023-03-24,400.0,400.0,403.0,400.0,401.0,700.0
2023-03-27,401.0,401.0,401.0,401.0,401.0,200.0
2023-03-28,401.0,401.0,401.0,401.0,401.0,1000.0
2023-03-27,391.0,401.0,401.0,401.0,401.0,200.0
2023-03-28,391.0,401.0,401.0,401.0,401.0,1000.0
2023-03-29,391.0,401.0,401.0,395.0,400.0,4500.0
2023-03-30,395.0,395.0,395.0,391.0,391.0,2500.0
2023-03-31,401.0,401.0,406.0,395.0,395.0,3800.0
2023-04-03,400.0,400.0,401.0,400.0,401.0,200.0
2023-04-04,400.0,400.0,400.0,399.0,399.0,1200.0
2023-04-05,400.0,400.0,400.0,400.0,400.0,200.0
2023-04-06,401.0,401.0,401.0,400.0,401.0,600.0
2023-04-07,400.0,400.0,400.0,399.0,400.0,1500.0
2023-04-10,399.0,399.0,404.0,399.0,404.0,1300.0
2023-04-11,401.0,401.0,405.0,400.0,405.0,2700.0
2023-04-13,400.0,400.0,401.0,400.0,400.0,600.0
2023-04-14,401.0,401.0,401.0,401.0,401.0,100.0
2023-04-17,401.0,401.0,403.0,401.0,403.0,1600.0
2023-04-18,402.0,402.0,406.0,402.0,402.0,2100.0
2023-04-19,402.0,402.0,402.0,401.0,401.0,2700.0
2023-04-20,405.0,405.0,406.0,402.0,402.0,4900.0
2023-04-21,404.0,404.0,404.0,404.0,404.0,100.0
2023-04-24,404.0,404.0,404.0,400.0,400.0,1900.0
2023-04-25,403.0,403.0,403.0,401.0,401.0,1300.0
2023-04-26,405.0,405.0,405.0,401.0,401.0,1100.0
2023-04-27,403.0,403.0,405.0,403.0,405.0,4500.0
2023-04-28,403.0,403.0,403.0,403.0,403.0,500.0
2023-05-01,402.0,402.0,404.0,402.0,403.0,1300.0
2023-05-02,405.0,405.0,405.0,402.0,403.0,6600.0
2023-05-08,402.0,402.0,406.0,401.0,406.0,2300.0
2023-05-09,403.0,403.0,407.0,402.0,405.0,2300.0
2023-05-10,409.0,409.0,411.0,406.0,407.0,3200.0
2023-05-11,413.0,413.0,415.0,407.0,407.0,3200.0
2023-05-12,406.0,406.0,429.0,406.0,413.0,5200.0
2023-05-15,411.0,411.0,414.0,408.0,408.0,3200.0
2023-05-16,410.0,410.0,413.0,409.0,411.0,3400.0
2023-05-17,410.0,410.0,412.0,405.0,410.0,2700.0
2023-05-18,415.0,415.0,417.0,408.0,409.0,3000.0
2023-05-19,412.0,412.0,417.0,412.0,416.0,3600.0
2023-05-22,413.0,413.0,417.0,413.0,415.0,5600.0
2023-05-23,414.0,414.0,416.0,409.0,414.0,2400.0
2023-05-24,416.0,416.0,424.0,413.0,413.0,3300.0
2023-05-25,426.0,426.0,426.0,418.0,418.0,3300.0
2023-05-26,456.0,456.0,493.0,428.0,433.0,98300.0
2023-05-29,445.0,445.0,454.0,431.0,454.0,13700.0
2023-05-30,441.0,441.0,454.0,435.0,453.0,4700.0
2023-05-31,426.0,426.0,440.0,426.0,440.0,5600.0
2023-06-01,435.0,435.0,435.0,416.0,423.0,7700.0
2023-06-02,440.0,440.0,440.0,423.0,432.0,8100.0
2023-06-05,427.0,427.0,441.0,427.0,432.0,7200.0
2023-06-06,421.0,421.0,431.0,420.0,430.0,8500.0
2023-06-07,425.0,425.0,425.0,420.0,421.0,1900.0
2023-06-08,426.0,426.0,429.0,422.0,422.0,5900.0
2023-06-09,424.0,424.0,424.0,421.0,424.0,2200.0
2023-06-12,424.0,424.0,426.0,422.0,424.0,2500.0
2023-06-13,430.0,430.0,430.0,424.0,424.0,4500.0
2023-06-14,434.0,434.0,436.0,432.0,432.0,3200.0
2023-06-15,435.0,435.0,457.0,425.0,432.0,29400.0
2023-06-16,429.0,429.0,438.0,429.0,436.0,7200.0
2023-06-19,428.0,428.0,432.0,422.0,426.0,9400.0
2023-06-20,421.0,421.0,425.0,421.0,423.0,4600.0
2023-06-21,426.0,426.0,427.0,422.0,422.0,2400.0
2023-06-22,426.0,426.0,426.0,423.0,426.0,700.0
2023-06-23,421.0,421.0,426.0,421.0,423.0,1600.0
