Date,Adj Close,Close,High,Low,Open,Volume
2014-03-20,650.3046875,767.0,999.0,739.0,871.0,8830200
2014-03-24,585.0198974609375,690.0,821.0,668.0,812.0,2002300
2014-03-25,519.735107421875,613.0,699.0,602.0,670.0,728800
2014-03-26,490.9079284667969,579.0,650.0,573.0,608.0,647700
2014-03-27,474.5157165527344,550.0,596.0,513.0,579.0,438200
2014-03-28,498.6726989746094,578.0,595.0,535.0,540.0,412100
2014-03-31,551.3009643554688,639.0,673.0,575.0,608.0,1577200
2014-04-01,526.2809448242188,610.0,674.0,603.0,658.0,613900
2014-04-02,519.3789672851562,602.0,624.0,600.0,605.0,339400
2014-04-03,515.0651245117188,597.0,620.0,592.0,615.0,420500
2014-04-04,497.8100891113281,577.0,596.0,575.0,590.0,225800
2014-04-07,493.4962768554688,572.0,584.0,553.0,569.0,124900
2014-04-08,474.5157165527344,550.0,572.0,535.0,572.0,141900
2014-04-09,468.4763793945313,543.0,562.0,535.0,550.0,80800
2014-04-10,445.1819763183594,516.0,554.0,515.0,552.0,134800
2014-04-11,427.9268493652344,496.0,510.0,478.0,490.0,132800
2014-04-14,440.0054016113281,510.0,523.0,496.0,501.0,71200
2014-04-15,428.7895812988281,497.0,512.0,492.0,510.0,79400
2014-04-16,433.9661560058594,503.0,512.0,493.0,500.0,70100
2014-04-17,433.9661560058594,503.0,517.0,500.0,503.0,70100
2014-04-18,459.8487854003906,533.0,533.0,501.0,509.0,111700
2014-04-21,462.4370727539063,536.0,565.0,533.0,553.0,131500
2014-04-22,437.4171142578125,507.0,536.0,506.0,536.0,77700
2014-04-23,440.8681640625,511.0,519.0,508.0,509.0,28000
2014-04-24,440.0054016113281,510.0,516.0,506.0,513.0,20100
2014-04-25,441.7309265136719,512.0,513.0,505.0,510.0,39800
2014-04-28,436.5543823242188,506.0,510.0,497.0,507.0,46100
2014-04-30,436.5543823242188,506.0,518.0,505.0,513.0,40100
2014-05-01,437.4171142578125,507.0,509.0,500.0,506.0,28900
2014-05-02,438.2799072265625,508.0,510.0,505.0,508.0,19100
2014-05-07,439.1426086425781,509.0,510.0,503.0,505.0,15500
2014-05-08,440.0054016113281,510.0,511.0,506.0,510.0,24300
2014-05-09,423.613037109375,491.0,513.0,482.0,512.0,94700
2014-05-12,397.7303771972656,461.0,482.0,453.0,482.0,110100
2014-05-13,398.5931396484375,462.0,469.0,454.0,468.0,28100
2014-05-14,402.9069213867188,467.0,475.0,460.0,462.0,16900
2014-05-15,400.3186340332031,464.0,468.0,457.0,464.0,21600
2014-05-16,394.2793273925781,457.0,463.0,451.0,460.0,34900
2014-05-19,382.2008056640625,443.0,460.0,442.0,460.0,32000
2014-05-20,381.3380126953125,442.0,447.0,440.0,443.0,25500
2014-05-21,374.4360046386719,434.0,443.0,427.0,443.0,71500
2014-05-22,379.6124877929688,440.0,446.0,437.0,442.0,18800
2014-05-23,393.4166259765625,456.0,460.0,446.0,447.0,36600
2014-05-26,414.1227416992188,480.0,480.0,466.0,472.0,33600
2014-05-27,402.9069213867188,467.0,483.0,465.0,483.0,50000
2014-05-28,413.2599792480469,479.0,480.0,460.0,475.0,23000
2014-05-29,431.3778076171875,500.0,500.0,473.0,480.0,53400
2014-05-30,426.2013244628906,494.0,499.0,486.0,499.0,29400
2014-06-02,426.2013244628906,494.0,494.0,494.0,494.0,0
2014-06-03,436.5543823242188,506.0,506.0,498.0,506.0,26000
2014-06-04,435.6916198730469,505.0,508.0,496.0,500.0,17200
2014-06-05,431.3778076171875,500.0,508.0,499.0,506.0,12600
2014-06-06,431.3778076171875,500.0,501.0,494.0,499.0,18000
2014-06-09,452.083984375,524.0,526.0,500.0,503.0,68400
2014-06-10,443.4564514160156,514.0,523.0,509.0,520.0,44200
2014-06-11,442.59368896484375,513.0,516.0,501.0,515.0,28000
2014-06-12,438.2799072265625,508.0,512.0,505.0,508.0,15900
2014-06-13,441.7309265136719,512.0,512.0,506.0,508.0,20800
2014-06-16,465.0252990722656,539.0,549.0,515.0,517.0,74500
2014-06-17,473.6528625488281,549.0,550.0,530.0,540.0,56000
2014-06-18,484.0059814453125,561.0,566.0,550.0,555.0,70800
2014-06-19,472.7901306152344,548.0,561.0,547.0,560.0,53200
2014-06-20,481.4176635742188,558.0,561.0,550.0,559.0,44100
2014-06-23,476.24114990234375,552.0,559.0,541.0,558.0,36700
2014-06-24,480.5549926757813,557.0,557.0,541.0,551.0,35800
2014-06-25,481.4176635742188,558.0,558.0,549.0,558.0,28500
2014-06-26,471.9273681640625,547.0,559.0,545.0,558.0,32400
2014-06-27,477.1039123535156,553.0,557.0,548.0,555.0,30300
2014-06-30,485.7314758300781,563.0,564.0,552.0,555.0,23500
2014-07-01,486.5942077636719,564.0,568.0,557.0,568.0,20500
2014-07-02,484.8686828613281,562.0,568.0,560.0,568.0,19600
2014-07-03,484.0059814453125,561.0,565.0,558.0,565.0,12500
2014-07-04,485.7314758300781,563.0,564.0,561.0,561.0,15600
2014-07-07,487.4570007324219,565.0,569.0,563.0,563.0,19400
2014-07-08,490.0453186035156,568.0,568.0,562.0,565.0,21900
2014-07-09,480.5549926757813,557.0,568.0,557.0,568.0,25600
2014-07-10,472.7901306152344,548.0,560.0,546.0,558.0,20800
2014-07-11,458.1232604980469,531.0,547.0,530.0,545.0,32200
2014-07-14,462.4370727539063,536.0,540.0,528.0,532.0,21900
2014-07-15,470.2018432617188,545.0,548.0,538.0,544.0,16100
2014-07-16,470.2018432617188,545.0,547.0,538.0,546.0,12800
2014-07-17,467.6135864257813,542.0,549.0,542.0,546.0,11900
2014-07-18,465.0252990722656,539.0,543.0,535.0,539.0,10200
2014-07-22,470.2018432617188,545.0,547.0,540.0,540.0,6300
2014-07-23,471.9273681640625,547.0,550.0,546.0,546.0,10000
2014-07-24,477.9666748046875,554.0,554.0,548.0,550.0,8800
2014-07-25,486.5942077636719,564.0,564.0,552.0,552.0,13900
2014-07-28,490.0453186035156,568.0,569.0,563.0,565.0,16600
2014-07-29,521.9672241210938,605.0,612.0,576.0,587.0,120200
2014-07-30,524.5554809570312,608.0,641.0,607.0,618.0,83800
2014-07-31,492.6334533691406,571.0,600.0,569.0,600.0,107000
2014-08-01,492.6334533691406,571.0,577.0,559.0,562.0,26800
2014-08-04,499.5354919433594,579.0,583.0,572.0,580.0,11100
2014-08-05,496.0845031738281,575.0,581.0,573.0,581.0,19700
2014-08-06,491.770751953125,570.0,575.0,550.0,575.0,31200
2014-08-07,490.9079284667969,569.0,572.0,564.0,570.0,5800
2014-08-08,488.3197326660156,566.0,576.0,556.0,576.0,13100
2014-08-11,493.4962768554688,572.0,575.0,557.0,561.0,16700
2014-08-12,500.3983154296875,580.0,580.0,575.0,579.0,9200
2014-08-13,502.123779296875,582.0,585.0,570.0,580.0,10000
2014-08-14,504.7120666503906,585.0,589.0,582.0,586.0,4900
2014-08-15,507.3003234863281,588.0,590.0,580.0,589.0,5200
2014-08-18,514.202392578125,596.0,596.0,589.0,595.0,9400
2014-08-19,515.0651245117188,597.0,598.0,596.0,598.0,6100
2014-08-20,515.927978515625,598.0,599.0,595.0,598.0,9400
2014-08-21,513.3396606445312,595.0,600.0,594.0,600.0,9300
2014-08-22,515.927978515625,598.0,599.0,592.0,599.0,14800
2014-08-25,515.927978515625,598.0,605.0,597.0,600.0,16500
2014-08-26,517.6534423828125,600.0,600.0,595.0,597.0,6500
2014-08-27,525.418212890625,609.0,609.0,600.0,609.0,16200
2014-08-28,519.3789672851562,602.0,608.0,600.0,607.0,12700
2014-08-29,524.5554809570312,608.0,609.0,600.0,603.0,23700
2014-09-01,527.143798828125,611.0,613.0,609.0,609.0,12600
2014-09-02,534.0457153320312,619.0,619.0,610.0,610.0,19000
2014-09-03,535.7713623046875,621.0,623.0,619.0,620.0,7600
2014-09-04,532.3202514648438,617.0,623.0,617.0,623.0,13900
2014-09-05,532.3202514648438,617.0,619.0,616.0,619.0,8200
2014-09-08,535.7713623046875,621.0,621.0,618.0,620.0,8600
2014-09-09,534.9085693359375,620.0,623.0,618.0,623.0,14300
2014-09-10,535.7713623046875,621.0,623.0,616.0,623.0,9100
2014-09-11,534.0457153320312,619.0,621.0,615.0,621.0,19000
2014-09-12,533.18310546875,618.0,619.0,611.0,618.0,15800
2014-09-16,534.0457153320312,619.0,620.0,618.0,618.0,8600
2014-09-17,534.0457153320312,619.0,620.0,615.0,619.0,21600
2014-09-18,530.5947265625,615.0,618.0,609.0,618.0,13500
2014-09-19,524.5554809570312,608.0,615.0,608.0,615.0,12800
2014-09-22,523.6927490234375,607.0,610.0,606.0,610.0,22300
2014-09-24,521.9672241210938,605.0,612.0,600.0,607.0,29900
2014-09-25,527.143798828125,611.0,611.0,603.0,605.0,20400
2014-09-26,512.4768676757812,594.0,600.0,571.0,571.0,47700
2014-09-29,516.7906494140625,599.0,599.0,589.0,598.0,20100
2014-09-30,506.4376220703125,587.0,594.0,586.0,589.0,7400
2014-10-01,493.4962768554688,572.0,585.0,570.0,578.0,12100
2014-10-02,478.8293762207031,555.0,570.0,530.0,561.0,18300
2014-10-03,480.5549926757813,557.0,558.0,548.0,548.0,10400
2014-10-06,480.5549926757813,557.0,560.0,557.0,557.0,4200
2014-10-07,480.5549926757813,557.0,560.0,556.0,558.0,3200
2014-10-08,470.2018432617188,545.0,551.0,543.0,545.0,5000
2014-10-09,455.5350646972656,528.0,545.0,525.0,545.0,13400
2014-10-10,451.2212219238281,523.0,523.0,509.0,511.0,17900
2014-10-14,414.1227416992188,480.0,485.0,473.0,480.0,42100
2014-10-15,408.94622802734375,474.0,485.0,471.0,480.0,17700
2014-10-16,393.4166259765625,456.0,462.0,440.0,462.0,22100
2014-10-17,394.2793273925781,457.0,468.0,451.0,457.0,12300
2014-10-20,399.4559326171875,463.0,473.0,461.0,468.0,4600
2014-10-21,407.2207336425781,472.0,487.0,463.0,487.0,7800
2014-10-22,409.8089294433594,475.0,480.0,472.0,472.0,6000
2014-10-23,413.2599792480469,479.0,480.0,477.0,480.0,2300
2014-10-24,408.94622802734375,474.0,484.0,471.0,482.0,10600
2014-10-27,408.94622802734375,474.0,476.0,471.0,473.0,4900
2014-10-28,408.94622802734375,474.0,506.0,470.0,506.0,14200
2014-10-29,414.1227416992188,480.0,482.0,471.0,474.0,4000
2014-10-30,407.2207336425781,472.0,480.0,471.0,478.0,9500
2014-10-31,407.2207336425781,472.0,474.0,468.0,472.0,16200
2014-11-04,405.49517822265625,470.0,470.0,467.0,469.0,11500
2014-11-05,402.9069213867188,467.0,467.0,464.0,464.0,12300
2014-11-06,396.86761474609375,460.0,468.0,455.0,468.0,18300
2014-11-07,394.2793273925781,457.0,465.0,457.0,457.0,7800
2014-11-10,400.3186340332031,464.0,465.0,459.0,459.0,5400
2014-11-11,402.9069213867188,467.0,468.0,463.0,467.0,3900
2014-11-12,404.6324157714844,469.0,470.0,466.0,470.0,6300
2014-11-13,399.4559326171875,463.0,471.0,463.0,468.0,9500
2014-11-14,402.9069213867188,467.0,470.0,466.0,469.0,7800
2014-11-17,408.0834655761719,473.0,473.0,470.0,473.0,7900
2014-11-18,409.8089294433594,475.0,480.0,475.0,480.0,11000
2014-11-19,408.94622802734375,474.0,478.0,474.0,475.0,8100
2014-11-20,409.8089294433594,475.0,475.0,473.0,473.0,4000
2014-11-21,410.6717224121094,476.0,478.0,475.0,476.0,2500
2014-11-25,409.8089294433594,475.0,480.0,473.0,480.0,11000
2014-11-26,414.1227416992188,480.0,481.0,476.0,480.0,8700
2014-11-27,418.4365234375,485.0,499.0,483.0,499.0,12600
2014-11-28,415.8482666015625,482.0,485.0,481.0,485.0,5000
2014-12-01,421.0247497558594,488.0,498.0,480.0,482.0,13200
2014-12-02,422.7503356933594,490.0,496.0,485.0,496.0,10100
2014-12-03,422.7503356933594,490.0,494.0,486.0,491.0,7200
2014-12-04,421.8875427246094,489.0,490.0,488.0,490.0,8300
2014-12-05,422.7503356933594,490.0,491.0,488.0,490.0,7600
2014-12-08,416.7109680175781,483.0,493.0,480.0,492.0,9400
2014-12-09,414.9855041503906,481.0,486.0,480.0,485.0,6600
2014-12-10,414.9855041503906,481.0,483.0,480.0,481.0,4900
2014-12-11,414.1227416992188,480.0,482.0,480.0,481.0,5100
2014-12-12,416.7109680175781,483.0,485.0,481.0,485.0,2200
2014-12-15,414.1227416992188,480.0,485.0,480.0,483.0,7900
2014-12-16,411.5344543457031,477.0,481.0,477.0,480.0,5900
2014-12-17,409.8089294433594,475.0,479.0,475.0,475.0,6500
2014-12-18,408.0834655761719,473.0,476.0,473.0,475.0,6400
2014-12-19,403.7696533203125,468.0,475.0,468.0,473.0,17000
2014-12-22,398.5931396484375,462.0,466.0,460.0,466.0,18600
2014-12-24,392.5538330078125,455.0,460.0,452.0,460.0,26400
2014-12-25,388.2400817871094,450.0,454.0,449.0,453.0,30400
2014-12-26,395.14208984375,458.0,458.0,452.0,452.0,8800
2014-12-29,408.0834655761719,473.0,498.0,465.0,498.0,21800
2014-12-30,410.6717224121094,476.0,483.0,473.0,473.0,7500
2015-01-05,414.1227416992188,480.0,483.0,478.0,482.0,5900
2015-01-06,410.6717224121094,476.0,480.0,476.0,477.0,3800
2015-01-07,410.6717224121094,476.0,479.0,474.0,474.0,3900
2015-01-08,410.6717224121094,476.0,481.0,476.0,480.0,7500
2015-01-09,413.2599792480469,479.0,480.0,479.0,480.0,700
2015-01-13,414.1227416992188,480.0,481.0,479.0,481.0,3300
2015-01-14,414.1227416992188,480.0,483.0,477.0,483.0,4200
2015-01-15,410.6717224121094,476.0,480.0,476.0,478.0,8100
2015-01-16,412.397216796875,478.0,478.0,475.0,477.0,3100
2015-01-19,412.397216796875,478.0,480.0,478.0,480.0,2600
2015-01-20,412.397216796875,478.0,480.0,476.0,478.0,2600
2015-01-21,413.2599792480469,479.0,481.0,479.0,480.0,2300
2015-01-22,413.2599792480469,479.0,480.0,479.0,479.0,3500
2015-01-23,414.1227416992188,480.0,480.0,479.0,480.0,2900
2015-01-26,418.4365234375,485.0,485.0,480.0,480.0,8500
2015-01-27,418.4365234375,485.0,490.0,483.0,490.0,10800
2015-01-28,421.0247497558594,488.0,488.0,482.0,482.0,5200
2015-01-29,419.29925537109375,486.0,489.0,485.0,488.0,3000
2015-01-30,417.5737609863281,484.0,484.0,477.0,480.0,11400
2015-02-02,417.5737609863281,484.0,485.0,482.0,484.0,3500
2015-02-03,414.9855041503906,481.0,483.0,480.0,483.0,3700
2015-02-04,414.1227416992188,480.0,481.0,480.0,481.0,1800
2015-02-05,414.9855041503906,481.0,483.0,480.0,480.0,2000
2015-02-06,414.9855041503906,481.0,482.0,480.0,482.0,2200
2015-02-09,417.5737609863281,484.0,487.0,481.0,481.0,3000
2015-02-10,414.9855041503906,481.0,485.0,480.0,485.0,2400
2015-02-12,417.5737609863281,484.0,490.0,481.0,483.0,5900
2015-02-13,415.8482666015625,482.0,484.0,482.0,484.0,1800
2015-02-16,413.2599792480469,479.0,484.0,475.0,484.0,13400
2015-02-17,414.1227416992188,480.0,480.0,479.0,480.0,3300
2015-02-18,411.5344543457031,477.0,479.0,476.0,479.0,6700
2015-02-19,413.2599792480469,479.0,479.0,477.0,477.0,5700
2015-02-20,413.2599792480469,479.0,480.0,479.0,479.0,1700
2015-02-23,412.397216796875,478.0,482.0,475.0,480.0,25500
2015-02-24,414.9855041503906,481.0,483.0,480.0,480.0,27300
2015-02-25,424.4757995605469,492.0,492.0,481.0,481.0,23700
2015-02-26,429.6523132324219,498.0,502.0,493.0,497.0,21100
2015-02-27,427.0640563964844,495.0,507.0,495.0,507.0,13200
2015-03-02,435.6916198730469,505.0,505.0,496.0,498.0,6700
2015-03-03,440.8681640625,511.0,511.0,505.0,507.0,16100
2015-03-04,446.9074401855469,518.0,520.0,511.0,513.0,13000
2015-03-05,446.9074401855469,518.0,520.0,515.0,520.0,11000
2015-03-06,449.4957885742188,521.0,522.0,518.0,518.0,5900
2015-03-09,452.94677734375,525.0,525.0,515.0,523.0,13600
2015-03-10,468.4763793945313,543.0,543.0,528.0,528.0,22100
2015-03-11,465.0252990722656,539.0,540.0,527.0,527.0,19100
2015-03-12,465.0252990722656,539.0,548.0,538.0,540.0,14700
2015-03-13,463.2997741699219,537.0,538.0,533.0,535.0,6400
2015-03-16,460.7115478515625,534.0,539.0,534.0,538.0,7100
2015-03-17,458.986083984375,532.0,540.0,532.0,539.0,4300
2015-03-18,461.5743103027344,535.0,535.0,516.0,529.0,10800
2015-03-19,461.5743103027344,535.0,537.0,515.0,535.0,6100
2015-03-20,456.3977661132813,529.0,535.0,525.0,535.0,2100
2015-03-23,449.4957885742188,521.0,527.0,520.0,525.0,5700
2015-03-24,455.5350646972656,528.0,528.0,520.0,520.0,5600
2015-03-25,446.0446472167969,517.0,539.0,515.0,530.0,11900
2015-03-26,454.6722412109375,527.0,540.0,515.0,515.0,7900
2015-03-27,466.1050109863281,530.0,540.0,522.0,540.0,8600
2015-03-30,464.3461608886719,528.0,532.0,528.0,528.0,6000
2015-03-31,470.5022277832031,535.0,535.0,530.0,533.0,5800
2015-04-01,471.3816528320313,536.0,536.0,535.0,535.0,5100
2015-04-02,464.3461608886719,528.0,536.0,528.0,533.0,4000
2015-04-03,465.2255554199219,529.0,532.0,520.0,527.0,4300
2015-04-06,469.6227722167969,534.0,535.0,530.0,531.0,1700
2015-04-07,465.2255554199219,529.0,535.0,511.0,535.0,6000
2015-04-08,466.9844665527344,531.0,531.0,522.0,525.0,5300
2015-04-09,466.1050109863281,530.0,533.0,530.0,532.0,1800
2015-04-10,466.9844665527344,531.0,533.0,530.0,530.0,1400
2015-04-13,470.5022277832031,535.0,535.0,530.0,530.0,6300
2015-04-14,468.7433471679688,533.0,535.0,533.0,535.0,2400
2015-04-15,472.2610778808594,537.0,540.0,533.0,534.0,10700
2015-04-16,472.2610778808594,537.0,540.0,530.0,532.0,7000
2015-04-17,473.1405334472656,538.0,540.0,530.0,539.0,2700
2015-04-20,471.3816528320313,536.0,539.0,515.0,539.0,7700
2015-04-21,471.3816528320313,536.0,536.0,530.0,530.0,2300
2015-04-22,472.2610778808594,537.0,537.0,530.0,530.0,3300
2015-04-23,472.2610778808594,537.0,537.0,535.0,537.0,2300
2015-04-24,474.02001953125,539.0,539.0,535.0,536.0,4300
2015-04-27,484.57330322265625,551.0,585.0,539.0,550.0,45200
2015-04-28,483.6939086914063,550.0,550.0,545.0,550.0,3600
2015-04-30,482.8144226074219,549.0,551.0,548.0,550.0,12600
2015-05-01,480.1761474609375,546.0,550.0,545.0,549.0,3100
2015-05-07,473.1405334472656,538.0,541.0,538.0,540.0,4300
2015-05-08,474.89947509765625,540.0,560.0,538.0,540.0,17200
2015-05-11,478.4172058105469,544.0,544.0,539.0,540.0,4100
2015-05-12,482.8144226074219,549.0,550.0,543.0,544.0,2000
2015-05-13,481.93499755859375,548.0,549.0,548.0,549.0,1600
2015-05-14,481.93499755859375,548.0,549.0,548.0,548.0,1400
2015-05-15,470.5022277832031,535.0,549.0,530.0,549.0,10500
2015-05-18,478.4172058105469,544.0,546.0,535.0,535.0,3300
2015-05-19,487.211669921875,554.0,557.0,544.0,555.0,15700
2015-05-20,484.57330322265625,551.0,558.0,551.0,554.0,3100
2015-05-21,485.4527282714844,552.0,554.0,544.0,550.0,2300
2015-05-22,483.6939086914063,550.0,552.0,550.0,552.0,1200
2015-05-25,482.8144226074219,549.0,560.0,547.0,560.0,4000
2015-05-26,483.6939086914063,550.0,550.0,549.0,550.0,2300
2015-05-27,488.9705505371094,556.0,556.0,544.0,550.0,11600
2015-05-28,488.091064453125,555.0,559.0,551.0,552.0,4500
2015-05-29,488.091064453125,555.0,555.0,550.0,550.0,2800
2015-06-01,488.091064453125,555.0,555.0,554.0,555.0,2500
2015-06-02,486.332275390625,553.0,554.0,553.0,554.0,3000
2015-06-03,484.57330322265625,551.0,553.0,550.0,553.0,3300
2015-06-04,485.4527282714844,552.0,553.0,550.0,552.0,3800
2015-06-05,485.4527282714844,552.0,553.0,547.0,552.0,4100
2015-06-08,484.57330322265625,551.0,555.0,551.0,554.0,5100
2015-06-09,485.4527282714844,552.0,557.0,552.0,557.0,3800
2015-06-10,484.57330322265625,551.0,553.0,551.0,553.0,1300
2015-06-11,485.4527282714844,552.0,553.0,550.0,553.0,1200
2015-06-12,486.332275390625,553.0,553.0,550.0,552.0,2800
2015-06-15,486.332275390625,553.0,553.0,553.0,553.0,1600
2015-06-16,486.332275390625,553.0,555.0,552.0,554.0,3500
2015-06-17,483.6939086914063,550.0,555.0,550.0,553.0,8700
2015-06-18,486.332275390625,553.0,553.0,550.0,552.0,2700
2015-06-19,485.4527282714844,552.0,558.0,551.0,551.0,6600
2015-06-22,486.332275390625,553.0,558.0,552.0,558.0,3700
2015-06-23,486.332275390625,553.0,557.0,552.0,555.0,2600
2015-06-24,488.091064453125,555.0,559.0,555.0,558.0,4200
2015-06-25,491.60882568359375,559.0,559.0,555.0,556.0,3600
2015-06-26,491.60882568359375,559.0,560.0,557.0,560.0,4100
2015-06-29,495.1266784667969,563.0,619.0,555.0,619.0,61100
2015-06-30,492.48828125,560.0,568.0,550.0,565.0,9700
2015-07-01,495.1266784667969,563.0,565.0,555.0,560.0,5900
2015-07-02,494.2471923828125,562.0,565.0,561.0,564.0,6400
2015-07-03,494.2471923828125,562.0,564.0,561.0,563.0,2900
2015-07-06,492.48828125,560.0,565.0,559.0,562.0,6200
2015-07-07,498.6444091796875,567.0,569.0,560.0,560.0,3600
2015-07-08,489.8500671386719,557.0,565.0,557.0,558.0,7500
2015-07-09,482.8144226074219,549.0,554.0,541.0,552.0,10300
2015-07-10,487.211669921875,554.0,558.0,552.0,555.0,2700
2015-07-13,491.60882568359375,559.0,564.0,555.0,555.0,2500
2015-07-14,491.60882568359375,559.0,563.0,558.0,563.0,4300
2015-07-15,496.885498046875,565.0,565.0,559.0,559.0,3200
2015-07-16,496.885498046875,565.0,568.0,561.0,568.0,2700
2015-07-17,492.48828125,560.0,565.0,560.0,565.0,3900
2015-07-21,496.0061340332031,564.0,565.0,564.0,565.0,2600
2015-07-22,496.885498046875,565.0,567.0,563.0,565.0,3900
2015-07-23,497.7649536132813,566.0,568.0,564.0,566.0,5100
2015-07-24,503.921142578125,573.0,573.0,568.0,568.0,5800
2015-07-27,513.594970703125,584.0,602.0,575.0,602.0,16100
2015-07-28,509.19769287109375,579.0,581.0,573.0,575.0,3400
2015-07-29,508.31829833984375,578.0,593.0,577.0,593.0,6600
2015-07-30,507.4388122558594,577.0,582.0,575.0,577.0,5500
2015-07-31,510.9566345214844,581.0,582.0,577.0,582.0,3100
2015-08-03,511.8360900878906,582.0,582.0,580.0,581.0,3100
2015-08-04,513.594970703125,584.0,586.0,580.0,583.0,5200
2015-08-05,517.1127319335938,588.0,589.0,585.0,588.0,1700
2015-08-06,515.3538208007812,586.0,590.0,586.0,589.0,2200
2015-08-07,509.19769287109375,579.0,590.0,567.0,590.0,12600
2015-08-10,505.679931640625,575.0,585.0,575.0,579.0,4600
2015-08-11,508.31829833984375,578.0,585.0,575.0,575.0,5400
2015-08-12,508.31829833984375,578.0,580.0,576.0,580.0,2500
2015-08-13,509.19769287109375,579.0,579.0,570.0,578.0,4100
2015-08-14,504.8004760742188,574.0,579.0,574.0,579.0,3800
2015-08-17,505.679931640625,575.0,579.0,574.0,575.0,4100
2015-08-18,506.5594177246094,576.0,584.0,560.0,584.0,7600
2015-08-19,497.7649536132813,566.0,579.0,566.0,576.0,5300
2015-08-20,492.48828125,560.0,570.0,560.0,563.0,6200
2015-08-21,484.57330322265625,551.0,558.0,551.0,555.0,7700
2015-08-24,470.5022277832031,535.0,547.0,530.0,545.0,16400
2015-08-25,452.9133605957031,515.0,535.0,488.0,500.0,21000
2015-08-26,467.8639221191406,532.0,538.0,515.0,515.0,8000
2015-08-27,488.9705505371094,556.0,562.0,549.0,560.0,14800
2015-08-28,492.48828125,560.0,562.0,556.0,562.0,8300
2015-08-31,486.332275390625,553.0,560.0,552.0,556.0,7500
2015-09-01,485.4527282714844,552.0,558.0,552.0,554.0,8100
2015-09-02,485.4527282714844,552.0,552.0,542.0,550.0,4600
2015-09-03,485.4527282714844,552.0,560.0,551.0,560.0,5300
2015-09-04,481.93499755859375,548.0,559.0,548.0,559.0,5000
2015-09-07,480.1761474609375,546.0,546.0,530.0,536.0,6600
2015-09-08,480.1761474609375,546.0,549.0,546.0,549.0,3500
2015-09-09,482.8144226074219,549.0,550.0,542.0,549.0,7400
2015-09-10,482.8144226074219,549.0,553.0,547.0,549.0,4400
2015-09-11,488.9705505371094,556.0,556.0,552.0,554.0,1800
2015-09-14,488.9705505371094,556.0,559.0,554.0,556.0,4400
2015-09-15,488.9705505371094,556.0,560.0,553.0,560.0,5300
2015-09-16,488.9705505371094,556.0,558.0,554.0,556.0,3700
2015-09-17,488.091064453125,555.0,556.0,554.0,555.0,5800
2015-09-18,493.3677978515625,561.0,561.0,557.0,559.0,5600
2015-09-24,496.0061340332031,564.0,564.0,561.0,563.0,11400
2015-09-25,500.4032897949219,569.0,569.0,562.0,564.0,18400
2015-09-28,456.43115234375,519.0,530.0,517.0,529.0,34100
2015-09-29,443.239501953125,504.0,520.0,502.0,511.0,10700
2015-09-30,437.0834045410156,497.0,504.0,497.0,504.0,9900
2015-10-01,435.324462890625,495.0,500.0,492.0,497.0,5900
2015-10-02,436.2039489746094,496.0,500.0,494.0,498.0,4100
2015-10-05,441.4805908203125,502.0,502.0,496.0,496.0,6700
2015-10-06,443.239501953125,504.0,505.0,502.0,502.0,4200
2015-10-07,444.9983825683594,506.0,506.0,503.0,504.0,1500
2015-10-08,443.239501953125,504.0,510.0,501.0,509.0,4100
2015-10-09,441.4805908203125,502.0,505.0,500.0,505.0,6100
2015-10-13,439.72174072265625,500.0,502.0,500.0,501.0,4400
2015-10-14,439.72174072265625,500.0,501.0,499.0,501.0,2400
2015-10-15,437.0834045410156,497.0,500.0,497.0,500.0,4400
2015-10-16,434.4450378417969,494.0,498.0,494.0,498.0,6300
2015-10-19,434.4450378417969,494.0,499.0,494.0,499.0,3900
2015-10-20,434.4450378417969,494.0,495.0,494.0,494.0,3700
2015-10-21,435.324462890625,495.0,495.0,493.0,494.0,3400
2015-10-22,437.0834045410156,497.0,498.0,495.0,495.0,1200
2015-10-23,437.0834045410156,497.0,498.0,494.0,498.0,3100
2015-10-26,437.0834045410156,497.0,500.0,497.0,500.0,6300
2015-10-27,437.96282958984375,498.0,498.0,496.0,497.0,8600
2015-10-28,435.324462890625,495.0,497.0,495.0,495.0,4100
2015-10-29,433.5655822753906,493.0,495.0,492.0,495.0,3600
2015-10-30,433.5655822753906,493.0,495.0,491.0,493.0,2600
2015-11-02,433.5655822753906,493.0,496.0,493.0,494.0,4400
2015-11-04,435.324462890625,495.0,495.0,491.0,492.0,7900
2015-11-05,430.9272766113281,490.0,494.0,490.0,492.0,5900
2015-11-06,432.6861267089844,492.0,494.0,490.0,494.0,5400
2015-11-09,433.5655822753906,493.0,495.0,492.0,494.0,4600
2015-11-10,433.5655822753906,493.0,495.0,492.0,494.0,1900
2015-11-11,434.4450378417969,494.0,495.0,493.0,495.0,2600
2015-11-12,438.8422546386719,499.0,502.0,492.0,494.0,9900
2015-11-13,500.4032897949219,569.0,579.0,492.0,492.0,110600
2015-11-16,466.1050109863281,530.0,560.0,517.0,550.0,54900
2015-11-17,449.39556884765625,511.0,521.0,511.0,520.0,14900
2015-11-18,445.8778381347656,507.0,516.0,505.0,506.0,24500
2015-11-19,444.118896484375,505.0,516.0,505.0,516.0,6400
2015-11-20,444.9983825683594,506.0,506.0,500.0,505.0,13700
2015-11-24,439.72174072265625,500.0,506.0,495.0,506.0,12900
2015-11-25,440.6011657714844,501.0,506.0,500.0,503.0,8000
2015-11-26,444.118896484375,505.0,508.0,500.0,505.0,8700
2015-11-27,443.239501953125,504.0,506.0,500.0,506.0,13000
2015-11-30,441.4805908203125,502.0,509.0,502.0,502.0,4200
2015-12-01,441.4805908203125,502.0,507.0,501.0,507.0,2700
2015-12-02,441.4805908203125,502.0,507.0,499.0,506.0,9500
2015-12-03,443.239501953125,504.0,506.0,501.0,505.0,8500
2015-12-04,443.239501953125,504.0,504.0,500.0,500.0,2300
2015-12-07,442.3600463867188,503.0,508.0,501.0,506.0,4900
2015-12-08,442.3600463867188,503.0,505.0,500.0,504.0,7200
2015-12-09,440.6011657714844,501.0,503.0,500.0,503.0,4400
2015-12-10,439.72174072265625,500.0,502.0,499.0,501.0,4100
2015-12-11,439.72174072265625,500.0,501.0,500.0,500.0,5200
2015-12-14,440.6011657714844,501.0,501.0,498.0,498.0,6000
2015-12-15,438.8422546386719,499.0,501.0,499.0,501.0,5900
2015-12-16,442.3600463867188,503.0,503.0,501.0,503.0,2100
2015-12-17,444.118896484375,505.0,507.0,501.0,504.0,5300
2015-12-18,439.72174072265625,500.0,503.0,499.0,503.0,7400
2015-12-21,437.96282958984375,498.0,502.0,497.0,502.0,9100
2015-12-22,435.324462890625,495.0,498.0,495.0,498.0,6100
2015-12-24,435.324462890625,495.0,498.0,495.0,497.0,6300
2015-12-25,435.324462890625,495.0,495.0,495.0,495.0,0
2015-12-28,441.4805908203125,502.0,518.0,500.0,518.0,13800
2015-12-29,439.72174072265625,500.0,501.0,497.0,500.0,2700
2015-12-30,441.4805908203125,502.0,502.0,499.0,500.0,2800
2016-01-04,440.6011657714844,501.0,502.0,497.0,502.0,4300
2016-01-05,440.6011657714844,501.0,502.0,497.0,500.0,4900
2016-01-06,437.0834045410156,497.0,502.0,497.0,502.0,4900
2016-01-07,437.96282958984375,498.0,499.0,495.0,499.0,5400
2016-01-08,437.96282958984375,498.0,501.0,496.0,496.0,2700
2016-01-12,429.16839599609375,488.0,498.0,485.0,498.0,11400
2016-01-13,433.5655822753906,493.0,493.0,491.0,492.0,1500
2016-01-14,424.7711181640625,483.0,493.0,480.0,490.0,9300
2016-01-15,425.6506042480469,484.0,488.0,484.0,488.0,2300
2016-01-18,423.8917541503906,482.0,484.0,480.0,483.0,4600
2016-01-19,430.0478515625,489.0,499.0,477.0,487.0,4900
2016-01-20,418.6150817871094,476.0,495.0,476.0,495.0,3600
2016-01-21,415.9767761230469,473.0,476.0,471.0,475.0,3900
2016-01-22,421.2533874511719,479.0,479.0,471.0,471.0,3100
2016-01-25,430.9272766113281,490.0,492.0,482.0,486.0,3000
2016-01-26,436.2039489746094,496.0,496.0,489.0,490.0,2900
2016-01-27,435.324462890625,495.0,504.0,495.0,504.0,5500
2016-01-28,437.0834045410156,497.0,499.0,495.0,496.0,700
2016-01-29,435.324462890625,495.0,498.0,492.0,498.0,1600
2016-02-01,437.0834045410156,497.0,504.0,491.0,500.0,7400
2016-02-02,439.72174072265625,500.0,500.0,495.0,497.0,1400
2016-02-03,432.6861267089844,492.0,496.0,492.0,496.0,1100
2016-02-04,433.5655822753906,493.0,500.0,491.0,492.0,1600
2016-02-05,433.5655822753906,493.0,495.0,493.0,493.0,2600
2016-02-08,436.2039489746094,496.0,498.0,495.0,498.0,1100
2016-02-09,425.6506042480469,484.0,493.0,482.0,485.0,2600
2016-02-10,427.4094543457031,486.0,487.0,482.0,483.0,4100
2016-02-12,412.4589538574219,469.0,476.0,461.0,471.0,6300
2016-02-15,410.7001037597656,467.0,467.0,451.0,467.0,7900
2016-02-16,404.5439758300781,460.0,472.0,460.0,468.0,2800
2016-02-17,402.7850646972656,458.0,463.0,458.0,458.0,1400
2016-02-18,408.9411926269531,465.0,468.0,460.0,460.0,2100
2016-02-19,411.5794982910156,468.0,468.0,462.0,465.0,1800
2016-02-22,418.6150817871094,476.0,476.0,467.0,469.0,900
2016-02-23,420.3739929199219,478.0,478.0,472.0,474.0,1300
2016-02-24,411.5794982910156,468.0,472.0,468.0,472.0,1300
2016-02-25,415.0972900390625,472.0,473.0,468.0,468.0,1600
2016-02-26,420.3739929199219,478.0,478.0,472.0,472.0,2200
2016-02-29,415.0972900390625,472.0,497.0,470.0,497.0,7300
2016-03-01,422.13287353515625,480.0,480.0,471.0,471.0,1000
2016-03-02,422.13287353515625,480.0,482.0,480.0,480.0,900
2016-03-03,417.7356567382813,475.0,487.0,473.0,486.0,2500
2016-03-04,430.0478515625,489.0,489.0,475.0,475.0,600
2016-03-07,430.0478515625,489.0,489.0,485.0,486.0,1200
2016-03-08,425.6506042480469,484.0,489.0,476.0,489.0,2400
2016-03-09,423.8917541503906,482.0,482.0,482.0,482.0,300
2016-03-10,429.16839599609375,488.0,488.0,480.0,487.0,400
2016-03-11,426.5300598144531,485.0,490.0,485.0,488.0,900
2016-03-14,428.28900146484375,487.0,489.0,484.0,484.0,1400
2016-03-15,428.28900146484375,487.0,492.0,487.0,490.0,2200
2016-03-16,432.6861267089844,492.0,493.0,487.0,493.0,1600
2016-03-17,430.9272766113281,490.0,494.0,490.0,490.0,2200
2016-03-18,429.16839599609375,488.0,492.0,486.0,492.0,1900
2016-03-22,426.5300598144531,485.0,489.0,485.0,488.0,2300
2016-03-23,429.16839599609375,488.0,489.0,485.0,485.0,1500
2016-03-24,429.16839599609375,488.0,490.0,487.0,487.0,2200
2016-03-25,432.6861267089844,492.0,492.0,489.0,492.0,2800
2016-03-28,439.72174072265625,500.0,503.0,499.0,500.0,14800
2016-03-29,442.4138793945313,493.0,494.0,474.0,490.0,2400
2016-03-30,434.33734130859375,484.0,493.0,482.0,485.0,1900
2016-03-31,438.8243408203125,489.0,490.0,489.0,489.0,600
2016-04-01,441.5164794921875,492.0,493.0,486.0,493.0,1500
2016-04-04,439.72174072265625,490.0,491.0,490.0,491.0,400
2016-04-05,434.33734130859375,484.0,492.0,483.0,489.0,2100
2016-04-06,431.6451416015625,481.0,484.0,481.0,484.0,1900
2016-04-07,434.33734130859375,484.0,485.0,480.0,481.0,1200
2016-04-08,434.33734130859375,484.0,484.0,480.0,480.0,800
2016-04-11,433.43994140625,483.0,485.0,481.0,484.0,1600
2016-04-12,430.747802734375,480.0,483.0,480.0,483.0,600
2016-04-13,434.33734130859375,484.0,489.0,484.0,485.0,400
2016-04-14,435.2347412109375,485.0,485.0,483.0,483.0,300
2016-04-15,434.33734130859375,484.0,485.0,482.0,482.0,1400
2016-04-18,435.2347412109375,485.0,490.0,483.0,484.0,1300
2016-04-19,435.2347412109375,485.0,489.0,482.0,485.0,2100
2016-04-20,432.5425720214844,482.0,485.0,482.0,482.0,3100
2016-04-21,433.43994140625,483.0,483.0,482.0,482.0,1600
2016-04-22,435.2347412109375,485.0,487.0,483.0,484.0,1300
2016-04-25,437.029541015625,487.0,492.0,485.0,485.0,4200
2016-04-26,440.61907958984375,491.0,491.0,486.0,487.0,2200
2016-04-27,438.8243408203125,489.0,492.0,487.0,492.0,5200
2016-04-28,441.5164794921875,492.0,492.0,490.0,492.0,600
2016-05-02,439.72174072265625,490.0,490.0,485.0,490.0,1800
2016-05-06,439.72174072265625,490.0,490.0,486.0,487.0,1600
2016-05-09,438.8243408203125,489.0,490.0,488.0,490.0,900
2016-05-10,436.1321105957031,486.0,489.0,484.0,489.0,2900
2016-05-11,437.9269104003906,488.0,489.0,484.0,486.0,2500
2016-05-12,432.5425720214844,482.0,488.0,480.0,486.0,3100
2016-05-13,430.747802734375,480.0,489.0,480.0,482.0,1600
2016-05-16,428.95306396484375,478.0,484.0,478.0,481.0,3500
2016-05-17,428.95306396484375,478.0,483.0,477.0,483.0,2100
2016-05-18,428.95306396484375,478.0,480.0,477.0,480.0,2100
2016-05-19,425.3634643554688,474.0,479.0,470.0,478.0,3700
2016-05-20,419.0816955566406,467.0,469.0,466.0,469.0,8400
2016-05-23,418.1842956542969,466.0,467.0,465.0,467.0,1900
2016-05-24,417.2869262695313,465.0,465.0,464.0,465.0,5700
2016-05-25,405.6208190917969,452.0,465.0,450.0,465.0,20300
2016-05-26,407.4156494140625,454.0,456.0,453.0,453.0,9600
2016-05-27,433.43994140625,483.0,523.0,481.0,519.0,113700
2016-05-30,422.6712646484375,471.0,483.0,469.0,483.0,15600
2016-05-31,420.8764953613281,469.0,471.0,467.0,470.0,7900
2016-06-01,414.5947570800781,462.0,466.0,461.0,466.0,12300
2016-06-02,411.9025573730469,459.0,470.0,458.0,460.0,18000
2016-06-03,411.0052185058594,458.0,460.0,457.0,459.0,10300
2016-06-06,409.2104187011719,456.0,463.0,452.0,458.0,11000
2016-06-07,404.7234497070313,451.0,453.0,450.0,450.0,11900
2016-06-08,405.6208190917969,452.0,457.0,451.0,456.0,4600
2016-06-09,408.3130187988281,455.0,455.0,451.0,452.0,8800
2016-06-10,405.6208190917969,452.0,455.0,450.0,454.0,7600
2016-06-13,404.7234497070313,451.0,454.0,451.0,452.0,11000
2016-06-14,402.03131103515625,448.0,452.0,448.0,451.0,10500
2016-06-15,405.6208190917969,452.0,453.0,448.0,448.0,9400
2016-06-16,403.8260498046875,450.0,452.0,449.0,452.0,6200
2016-06-17,404.7234497070313,451.0,452.0,450.0,450.0,9500
2016-06-20,407.4156494140625,454.0,457.0,450.0,451.0,10200
2016-06-21,413.6973571777344,461.0,463.0,456.0,456.0,12200
2016-06-22,415.4921569824219,463.0,464.0,461.0,461.0,6600
2016-06-23,416.3895263671875,464.0,466.0,463.0,464.0,8500
2016-06-24,402.03131103515625,448.0,469.0,445.0,468.0,8500
2016-06-27,402.03131103515625,448.0,496.0,448.0,496.0,32800
2016-06-28,403.8260498046875,450.0,466.0,448.0,448.0,7600
2016-06-29,410.1077880859375,457.0,470.0,453.0,458.0,7700
2016-06-30,405.6208190917969,452.0,462.0,451.0,460.0,8100
2016-07-01,408.3130187988281,455.0,458.0,452.0,458.0,6900
2016-07-04,414.5947570800781,462.0,462.0,455.0,455.0,4500
2016-07-05,419.0816955566406,467.0,467.0,462.0,462.0,4100
2016-07-06,419.9790954589844,468.0,470.0,466.0,469.0,5800
2016-07-07,424.466064453125,473.0,474.0,468.0,469.0,4400
2016-07-08,414.5947570800781,462.0,475.0,462.0,474.0,7100
2016-07-11,414.5947570800781,462.0,462.0,462.0,462.0,0
2016-07-12,432.5425720214844,482.0,483.0,481.0,482.0,11100
2016-07-13,437.029541015625,487.0,488.0,483.0,483.0,8400
2016-07-14,437.029541015625,487.0,488.0,482.0,487.0,1100
2016-07-15,431.6451416015625,481.0,486.0,481.0,486.0,2600
2016-07-19,431.6451416015625,481.0,481.0,478.0,480.0,2600
2016-07-20,431.6451416015625,481.0,481.0,480.0,480.0,1400
2016-07-21,436.1321105957031,486.0,488.0,482.0,482.0,3200
2016-07-22,437.029541015625,487.0,487.0,484.0,486.0,2300
2016-07-25,438.8243408203125,489.0,490.0,485.0,487.0,3900
2016-07-26,440.61907958984375,491.0,491.0,487.0,487.0,3900
2016-07-27,438.8243408203125,489.0,492.0,489.0,492.0,14200
2016-07-28,438.8243408203125,489.0,492.0,486.0,492.0,1500
2016-07-29,437.029541015625,487.0,489.0,483.0,488.0,2400
2016-08-01,440.61907958984375,491.0,493.0,487.0,487.0,5400
2016-08-02,442.4138793945313,493.0,498.0,492.0,492.0,4400
2016-08-03,443.3112487792969,494.0,495.0,492.0,493.0,5400
2016-08-04,441.5164794921875,492.0,498.0,492.0,493.0,7100
2016-08-05,446.0034484863281,497.0,499.0,492.0,492.0,5100
2016-08-08,447.7982177734375,499.0,500.0,497.0,497.0,4500
2016-08-09,450.4903869628906,502.0,502.0,499.0,499.0,4000
2016-08-10,450.4903869628906,502.0,504.0,501.0,502.0,4200
2016-08-12,450.4903869628906,502.0,504.0,502.0,502.0,5200
2016-08-15,452.2851867675781,504.0,504.0,502.0,502.0,3400
2016-08-16,452.2851867675781,504.0,506.0,503.0,504.0,6000
2016-08-17,451.3877868652344,503.0,504.0,501.0,504.0,3200
2016-08-18,452.2851867675781,504.0,505.0,501.0,503.0,4800
2016-08-19,453.18255615234375,505.0,507.0,504.0,504.0,4600
2016-08-22,455.8747253417969,508.0,508.0,505.0,505.0,4200
2016-08-23,453.18255615234375,505.0,508.0,505.0,508.0,4000
2016-08-24,455.8747253417969,508.0,509.0,503.0,507.0,8100
2016-08-25,462.156494140625,515.0,515.0,508.0,509.0,5300
2016-08-26,461.2591247558594,514.0,515.0,512.0,515.0,7600
2016-08-29,464.8486328125,518.0,519.0,517.0,519.0,11400
2016-08-30,464.8486328125,518.0,520.0,515.0,520.0,7400
2016-08-31,463.9512634277344,517.0,520.0,510.0,520.0,8400
2016-09-01,464.8486328125,518.0,519.0,517.0,517.0,7100
2016-09-02,459.46429443359375,512.0,518.0,512.0,518.0,8100
2016-09-05,463.9512634277344,517.0,518.0,512.0,512.0,5900
2016-09-06,461.2591247558594,514.0,520.0,514.0,517.0,8100
2016-09-07,460.3617248535156,513.0,515.0,512.0,514.0,7200
2016-09-08,460.3617248535156,513.0,514.0,511.0,513.0,8300
2016-09-09,462.156494140625,515.0,515.0,514.0,514.0,2400
2016-09-12,463.9512634277344,517.0,518.0,515.0,518.0,5600
2016-09-13,465.7460632324219,519.0,520.0,518.0,518.0,4700
2016-09-14,464.8486328125,518.0,520.0,518.0,519.0,7100
2016-09-15,466.6434326171875,520.0,521.0,518.0,518.0,5600
2016-09-16,465.7460632324219,519.0,520.0,519.0,520.0,5800
2016-09-20,466.6434326171875,520.0,520.0,519.0,520.0,2400
2016-09-21,466.6434326171875,520.0,520.0,519.0,520.0,2100
2016-09-23,467.5408630371094,521.0,521.0,519.0,520.0,4100
2016-09-26,465.7460632324219,519.0,521.0,519.0,521.0,14400
2016-09-27,464.8486328125,518.0,520.0,517.0,519.0,9900
2016-09-28,437.029541015625,487.0,493.0,482.0,482.0,12600
2016-09-29,433.43994140625,483.0,492.0,483.0,486.0,5300
2016-09-30,432.5425720214844,482.0,485.0,481.0,483.0,2300
2016-10-03,430.747802734375,480.0,483.0,480.0,482.0,3100
2016-10-04,429.8504028320313,479.0,480.0,479.0,479.0,3300
2016-10-05,428.95306396484375,478.0,481.0,478.0,481.0,2000
2016-10-06,424.466064453125,473.0,478.0,473.0,478.0,3000
2016-10-07,427.1582336425781,476.0,479.0,473.0,473.0,1800
2016-10-11,430.747802734375,480.0,480.0,476.0,479.0,2300
2016-10-12,426.2608337402344,475.0,477.0,475.0,475.0,3600
2016-10-13,428.05560302734375,477.0,480.0,475.0,480.0,700
2016-10-14,426.2608337402344,475.0,477.0,474.0,477.0,2300
2016-10-17,424.466064453125,473.0,477.0,473.0,475.0,2600
2016-10-18,425.3634643554688,474.0,475.0,473.0,473.0,1300
2016-10-19,425.3634643554688,474.0,475.0,474.0,475.0,800
2016-10-20,427.1582336425781,476.0,476.0,475.0,476.0,800
2016-10-21,427.1582336425781,476.0,476.0,474.0,475.0,1200
2016-10-24,426.2608337402344,475.0,476.0,474.0,475.0,2700
2016-10-25,427.1582336425781,476.0,476.0,473.0,475.0,2400
2016-10-26,430.747802734375,480.0,480.0,476.0,476.0,3900
2016-10-27,430.747802734375,480.0,485.0,478.0,485.0,6200
2016-10-28,427.1582336425781,476.0,484.0,476.0,484.0,2800
2016-10-31,428.95306396484375,478.0,479.0,478.0,479.0,1600
2016-11-01,427.1582336425781,476.0,478.0,475.0,477.0,2800
2016-11-02,426.2608337402344,475.0,476.0,475.0,476.0,1600
2016-11-04,425.3634643554688,474.0,477.0,473.0,475.0,1400
2016-11-07,426.2608337402344,475.0,476.0,473.0,474.0,2000
2016-11-08,421.77386474609375,470.0,476.0,470.0,476.0,5600
2016-11-09,415.4921569824219,463.0,470.0,462.0,470.0,6100
2016-11-10,419.9790954589844,468.0,473.0,467.0,467.0,1200
2016-11-11,419.9790954589844,468.0,472.0,468.0,472.0,1300
2016-11-14,416.3895263671875,464.0,471.0,464.0,468.0,5300
2016-11-15,421.77386474609375,470.0,470.0,466.0,470.0,1000
2016-11-16,428.05560302734375,477.0,477.0,470.0,471.0,4200
2016-11-17,426.2608337402344,475.0,484.0,470.0,480.0,4100
2016-11-18,429.8504028320313,479.0,480.0,473.0,476.0,2800
2016-11-21,433.43994140625,483.0,485.0,480.0,483.0,3000
2016-11-22,431.6451416015625,481.0,485.0,481.0,485.0,4300
2016-11-24,434.33734130859375,484.0,489.0,481.0,489.0,6900
2016-11-25,435.2347412109375,485.0,490.0,481.0,485.0,9100
2016-11-28,430.747802734375,480.0,481.0,477.0,480.0,10300
2016-11-29,435.2347412109375,485.0,485.0,481.0,485.0,1400
2016-11-30,435.2347412109375,485.0,487.0,482.0,485.0,1400
2016-12-01,433.43994140625,483.0,488.0,483.0,488.0,2200
2016-12-02,434.33734130859375,484.0,486.0,481.0,485.0,6300
2016-12-05,435.2347412109375,485.0,485.0,484.0,484.0,800
2016-12-06,436.1321105957031,486.0,486.0,482.0,485.0,1800
2016-12-07,436.1321105957031,486.0,486.0,486.0,486.0,800
2016-12-08,435.2347412109375,485.0,486.0,480.0,484.0,6600
2016-12-09,437.9269104003906,488.0,488.0,483.0,485.0,4100
2016-12-12,444.2086791992188,495.0,499.0,487.0,490.0,7300
2016-12-13,443.3112487792969,494.0,495.0,493.0,495.0,3100
2016-12-14,443.3112487792969,494.0,494.0,490.0,494.0,4200
2016-12-15,437.029541015625,487.0,497.0,487.0,490.0,13300
2016-12-16,439.72174072265625,490.0,490.0,488.0,488.0,1200
2016-12-19,442.4138793945313,493.0,493.0,489.0,490.0,1600
2016-12-20,441.5164794921875,492.0,494.0,490.0,493.0,2400
2016-12-21,440.61907958984375,491.0,499.0,491.0,493.0,7100
2016-12-22,441.5164794921875,492.0,495.0,491.0,495.0,2700
2016-12-26,443.3112487792969,494.0,496.0,492.0,492.0,7500
2016-12-27,447.7982177734375,499.0,500.0,492.0,500.0,14700
2016-12-28,444.2086791992188,495.0,500.0,489.0,500.0,3700
2016-12-29,447.7982177734375,499.0,502.0,496.0,502.0,9800
2016-12-30,448.6956176757813,500.0,500.0,494.0,495.0,5400
2017-01-04,451.3877868652344,503.0,510.0,500.0,500.0,3800
2017-01-05,450.4903869628906,502.0,506.0,501.0,505.0,2000
2017-01-06,454.9773254394531,507.0,508.0,505.0,508.0,2600
2017-01-10,454.9773254394531,507.0,508.0,506.0,507.0,3000
2017-01-11,454.9773254394531,507.0,508.0,507.0,507.0,3800
2017-01-12,456.7721252441406,509.0,510.0,507.0,509.0,8500
2017-01-13,453.18255615234375,505.0,509.0,505.0,509.0,2600
2017-01-16,457.6695251464844,510.0,510.0,507.0,510.0,1900
2017-01-17,454.0799865722656,506.0,510.0,505.0,509.0,3600
2017-01-18,450.4903869628906,502.0,504.0,501.0,504.0,1500
2017-01-19,454.9773254394531,507.0,510.0,507.0,510.0,2200
2017-01-20,457.6695251464844,510.0,511.0,506.0,508.0,3300
2017-01-23,456.7721252441406,509.0,510.0,507.0,510.0,1200
2017-01-24,457.6695251464844,510.0,510.0,507.0,509.0,1800
2017-01-25,457.6695251464844,510.0,511.0,508.0,510.0,3000
2017-01-26,458.5669250488281,511.0,511.0,509.0,511.0,1700
2017-01-27,449.5929870605469,501.0,512.0,501.0,512.0,7300
2017-01-30,449.5929870605469,501.0,506.0,498.0,506.0,4700
2017-01-31,447.7982177734375,499.0,506.0,497.0,501.0,5600
2017-02-01,447.7982177734375,499.0,500.0,497.0,500.0,7300
2017-02-02,448.6956176757813,500.0,504.0,500.0,501.0,3300
2017-02-03,452.2851867675781,504.0,505.0,501.0,504.0,1600
2017-02-06,451.3877868652344,503.0,504.0,500.0,504.0,10200
2017-02-07,452.2851867675781,504.0,505.0,502.0,505.0,1000
2017-02-08,451.3877868652344,503.0,505.0,503.0,504.0,2700
2017-02-09,453.18255615234375,505.0,506.0,503.0,506.0,900
2017-02-10,454.9773254394531,507.0,509.0,506.0,507.0,1900
2017-02-13,455.8747253417969,508.0,510.0,506.0,509.0,1800
2017-02-14,454.0799865722656,506.0,512.0,506.0,512.0,800
2017-02-15,455.8747253417969,508.0,510.0,508.0,510.0,1500
2017-02-16,455.8747253417969,508.0,510.0,508.0,508.0,1000
2017-02-17,456.7721252441406,509.0,510.0,508.0,509.0,1400
2017-02-20,455.8747253417969,508.0,510.0,508.0,509.0,2000
2017-02-21,457.6695251464844,510.0,510.0,508.0,509.0,3900
2017-02-22,459.46429443359375,512.0,513.0,511.0,512.0,3600
2017-02-23,461.2591247558594,514.0,514.0,510.0,510.0,1100
2017-02-24,461.2591247558594,514.0,514.0,511.0,512.0,3600
2017-02-27,463.9512634277344,517.0,518.0,511.0,518.0,5100
2017-02-28,463.0538940429688,516.0,518.0,512.0,512.0,1700
2017-03-01,463.9512634277344,517.0,518.0,516.0,516.0,1000
2017-03-02,463.9512634277344,517.0,518.0,516.0,518.0,1400
2017-03-03,463.9512634277344,517.0,518.0,516.0,517.0,2400
2017-03-06,462.156494140625,515.0,519.0,513.0,517.0,3900
2017-03-07,463.9512634277344,517.0,517.0,516.0,516.0,700
2017-03-08,467.5408630371094,521.0,521.0,517.0,517.0,5900
2017-03-09,464.8486328125,518.0,521.0,517.0,518.0,900
2017-03-10,472.02777099609375,526.0,526.0,520.0,520.0,5600
2017-03-13,473.8226013183594,528.0,529.0,526.0,526.0,3000
2017-03-14,471.13037109375,525.0,528.0,525.0,525.0,1500
2017-03-15,471.13037109375,525.0,529.0,525.0,525.0,500
2017-03-16,469.3355712890625,523.0,525.0,523.0,525.0,1200
2017-03-17,477.4121398925781,532.0,534.0,527.0,527.0,6800
2017-03-21,476.5147705078125,531.0,533.0,531.0,532.0,4500
2017-03-22,477.4121398925781,532.0,533.0,531.0,532.0,3200
2017-03-23,479.2069091796875,534.0,534.0,531.0,533.0,3900
2017-03-24,484.59124755859375,540.0,540.0,534.0,534.0,2800
2017-03-27,484.59124755859375,540.0,545.0,535.0,545.0,9400
2017-03-28,487.283447265625,543.0,548.0,540.0,547.0,5800
2017-03-29,476.3127136230469,521.0,529.0,519.0,519.0,3400
2017-03-30,477.2269287109375,522.0,523.0,521.0,521.0,1500
2017-03-31,478.1411437988281,523.0,527.0,523.0,527.0,900
2017-04-03,475.3984680175781,520.0,523.0,520.0,523.0,1500
2017-04-04,479.055419921875,524.0,528.0,520.0,520.0,1600
2017-04-05,477.2269287109375,522.0,522.0,520.0,520.0,800
2017-04-06,466.2562255859375,510.0,524.0,500.0,524.0,7500
2017-04-07,470.8273620605469,515.0,524.0,500.0,501.0,2200
2017-04-10,479.055419921875,524.0,524.0,515.0,515.0,800
2017-04-11,475.3984680175781,520.0,524.0,520.0,524.0,1100
2017-04-12,462.5993347167969,506.0,518.0,506.0,518.0,1000
2017-04-13,465.3419799804688,509.0,509.0,502.0,505.0,1000
2017-04-14,470.8273620605469,515.0,525.0,515.0,519.0,900
2017-04-17,468.9989013671875,513.0,514.0,510.0,514.0,1600
2017-04-18,474.4842529296875,519.0,519.0,513.0,518.0,700
2017-04-19,479.9696350097656,525.0,526.0,523.0,523.0,1400
2017-04-20,479.9696350097656,525.0,525.0,525.0,525.0,400
2017-04-21,482.7123107910156,528.0,531.0,526.0,526.0,800
2017-04-24,479.9696350097656,525.0,531.0,520.0,531.0,1500
2017-04-25,479.9696350097656,525.0,525.0,522.0,524.0,1000
2017-04-26,484.540771484375,530.0,530.0,528.0,529.0,1700
2017-04-27,489.1118469238281,535.0,535.0,530.0,535.0,5600
2017-04-28,483.6264953613281,529.0,529.0,524.0,525.0,2200
2017-05-01,479.9696350097656,525.0,529.0,525.0,529.0,600
2017-05-02,483.6264953613281,529.0,529.0,525.0,525.0,1000
2017-05-08,480.8839111328125,526.0,529.0,525.0,529.0,2200
2017-05-09,479.9696350097656,525.0,528.0,525.0,526.0,1600
2017-05-10,481.798095703125,527.0,527.0,525.0,527.0,800
2017-05-11,479.9696350097656,525.0,527.0,524.0,527.0,1200
2017-05-12,479.9696350097656,525.0,525.0,524.0,525.0,800
2017-05-15,478.1411437988281,523.0,524.0,521.0,524.0,1000
2017-05-16,479.9696350097656,525.0,525.0,520.0,521.0,1700
2017-05-17,479.9696350097656,525.0,525.0,525.0,525.0,0
2017-05-18,479.055419921875,524.0,524.0,521.0,521.0,1500
2017-05-19,480.8839111328125,526.0,526.0,521.0,521.0,2400
2017-05-22,484.540771484375,530.0,530.0,522.0,522.0,4200
2017-05-23,479.9696350097656,525.0,534.0,524.0,532.0,2200
2017-05-24,483.6264953613281,529.0,530.0,529.0,530.0,2300
2017-05-25,487.283447265625,533.0,533.0,527.0,533.0,900
2017-05-26,488.19769287109375,534.0,534.0,531.0,532.0,1600
2017-05-29,485.4549560546875,531.0,540.0,527.0,540.0,6900
2017-05-30,487.283447265625,533.0,534.0,525.0,529.0,4200
2017-05-31,493.6830749511719,540.0,540.0,527.0,530.0,1200
2017-06-01,492.7687683105469,539.0,539.0,530.0,530.0,600
2017-06-02,489.1118469238281,535.0,540.0,535.0,539.0,600
2017-06-05,489.1118469238281,535.0,540.0,535.0,535.0,2100
2017-06-06,489.1118469238281,535.0,540.0,535.0,535.0,2800
2017-06-07,490.9403381347656,537.0,537.0,535.0,536.0,500
2017-06-08,490.0261535644531,536.0,538.0,535.0,535.0,900
2017-06-09,488.19769287109375,534.0,537.0,532.0,535.0,1400
2017-06-12,491.8545837402344,538.0,538.0,535.0,535.0,1600
2017-06-13,494.5972900390625,541.0,541.0,538.0,538.0,2600
2017-06-14,491.8545837402344,538.0,545.0,538.0,545.0,2200
2017-06-15,494.5972900390625,541.0,550.0,541.0,549.0,2700
2017-06-16,491.8545837402344,538.0,545.0,538.0,542.0,1600
2017-06-19,493.6830749511719,540.0,542.0,538.0,539.0,1000
2017-06-20,501.9111022949219,549.0,549.0,542.0,542.0,3800
2017-06-21,500.0827026367188,547.0,549.0,547.0,549.0,1000
2017-06-22,502.8252258300781,550.0,550.0,545.0,550.0,6700
2017-06-23,510.1391296386719,558.0,563.0,547.0,550.0,15600
2017-06-26,517.452880859375,566.0,566.0,557.0,558.0,7600
2017-06-27,508.3106994628906,556.0,576.0,555.0,576.0,25700
2017-06-28,496.4257507324219,543.0,566.0,543.0,557.0,5100
2017-06-29,511.0534057617188,559.0,559.0,544.0,544.0,2800
2017-06-30,502.8252258300781,550.0,557.0,550.0,557.0,2600
2017-07-03,507.396484375,555.0,555.0,550.0,550.0,3100
2017-07-04,506.4822387695313,554.0,562.0,554.0,562.0,2600
2017-07-05,508.3106994628906,556.0,556.0,553.0,555.0,2100
2017-07-06,512.8818359375,561.0,562.0,554.0,559.0,2400
2017-07-07,512.8818359375,561.0,565.0,555.0,560.0,1300
2017-07-10,511.9675903320313,560.0,564.0,557.0,561.0,2100
2017-07-11,511.9675903320313,560.0,562.0,560.0,562.0,1000
2017-07-12,513.7960205078125,562.0,563.0,560.0,560.0,1000
2017-07-13,510.1391296386719,558.0,560.0,557.0,560.0,2000
2017-07-14,511.9675903320313,560.0,560.0,556.0,560.0,1800
2017-07-17,511.9675903320313,560.0,560.0,560.0,560.0,0
2017-07-18,511.9675903320313,560.0,569.0,560.0,564.0,3400
2017-07-19,511.9675903320313,560.0,563.0,560.0,563.0,300
2017-07-20,514.7103271484375,563.0,565.0,560.0,560.0,1000
2017-07-21,518.3671875,567.0,568.0,566.0,566.0,1100
2017-07-24,523.8525390625,573.0,573.0,569.0,569.0,4600
2017-07-25,524.7667236328125,574.0,574.0,571.0,574.0,1900
2017-07-26,531.1663818359375,581.0,581.0,573.0,573.0,7300
2017-07-27,528.4237060546875,578.0,582.0,577.0,582.0,11200
2017-07-28,529.3379516601562,579.0,580.0,576.0,580.0,1100
2017-07-31,541.222900390625,592.0,648.0,570.0,574.0,53100
2017-08-01,529.3379516601562,579.0,590.0,578.0,584.0,6400
2017-08-02,528.4237060546875,578.0,583.0,578.0,579.0,2800
2017-08-03,516.538818359375,565.0,575.0,561.0,574.0,9300
2017-08-04,514.7103271484375,563.0,565.0,559.0,561.0,3400
2017-08-07,514.7103271484375,563.0,563.0,560.0,560.0,2900
2017-08-08,516.538818359375,565.0,565.0,563.0,565.0,4400
2017-08-09,506.4822387695313,554.0,568.0,552.0,565.0,6700
2017-08-10,517.452880859375,566.0,566.0,551.0,558.0,4000
2017-08-11,517.452880859375,566.0,566.0,566.0,566.0,0
2017-08-14,515.62451171875,564.0,569.0,558.0,560.0,4100
2017-08-15,524.7667236328125,574.0,574.0,570.0,570.0,4300
2017-08-16,527.5094604492188,577.0,580.0,572.0,575.0,4000
2017-08-17,526.5952758789062,576.0,577.0,574.0,577.0,1800
2017-08-18,525.6809692382812,575.0,578.0,573.0,575.0,2200
2017-08-21,527.5094604492188,577.0,579.0,573.0,577.0,3700
2017-08-22,525.6809692382812,575.0,577.0,575.0,577.0,2600
2017-08-23,527.5094604492188,577.0,578.0,575.0,577.0,2700
2017-08-24,526.5952758789062,576.0,579.0,575.0,577.0,2700
2017-08-25,526.5952758789062,576.0,579.0,576.0,577.0,2700
2017-08-28,530.252197265625,580.0,584.0,576.0,580.0,5300
2017-08-29,530.252197265625,580.0,580.0,576.0,576.0,2300
2017-08-30,528.4237060546875,578.0,580.0,576.0,576.0,1800
2017-08-31,543.9656372070312,595.0,601.0,581.0,588.0,14300
2017-09-01,542.1370849609375,593.0,594.0,587.0,587.0,3000
2017-09-04,535.7374877929688,586.0,590.0,585.0,588.0,7300
2017-09-05,531.1663818359375,581.0,588.0,581.0,587.0,4500
2017-09-06,533.9090576171875,584.0,584.0,568.0,584.0,9000
2017-09-07,532.08056640625,582.0,586.0,570.0,584.0,5000
2017-09-08,532.08056640625,582.0,582.0,580.0,581.0,2300
2017-09-11,532.08056640625,582.0,590.0,581.0,582.0,4000
2017-09-12,532.08056640625,582.0,588.0,582.0,586.0,3500
2017-09-13,532.08056640625,582.0,585.0,578.0,585.0,6200
2017-09-14,531.1663818359375,581.0,583.0,581.0,583.0,2300
2017-09-15,544.8797607421875,596.0,600.0,583.0,583.0,13900
2017-09-18,544.8797607421875,596.0,596.0,596.0,596.0,0
2017-09-19,544.8797607421875,596.0,600.0,588.0,596.0,20200
2017-09-20,543.9656372070312,595.0,596.0,590.0,596.0,5500
2017-09-21,539.3944091796875,590.0,595.0,590.0,594.0,8900
2017-09-22,542.1370849609375,593.0,596.0,588.0,596.0,5800
2017-09-25,543.9656372070312,595.0,598.0,591.0,598.0,7200
2017-09-26,554.0220336914062,606.0,606.0,596.0,598.0,13300
2017-09-27,532.994873046875,583.0,589.0,569.0,580.0,20900
2017-09-28,532.994873046875,583.0,585.0,576.0,585.0,4400
2017-09-29,526.5952758789062,576.0,583.0,575.0,583.0,4000
2017-10-02,526.5952758789062,576.0,579.0,571.0,576.0,4100
2017-10-03,529.3379516601562,579.0,585.0,573.0,577.0,4800
2017-10-04,522.0241088867188,571.0,578.0,571.0,578.0,1600
2017-10-05,514.7103271484375,563.0,570.0,561.0,570.0,7200
2017-10-06,515.62451171875,564.0,564.0,563.0,563.0,2100
2017-10-09,515.62451171875,564.0,564.0,564.0,564.0,0
2017-10-10,517.452880859375,566.0,574.0,566.0,574.0,2200
2017-10-11,513.7960205078125,562.0,564.0,561.0,561.0,3200
2017-10-12,506.4822387695313,554.0,563.0,550.0,562.0,8600
2017-10-13,505.5679626464844,553.0,559.0,553.0,558.0,2300
2017-10-16,505.5679626464844,553.0,558.0,550.0,550.0,4700
2017-10-17,514.7103271484375,563.0,563.0,549.0,550.0,6900
2017-10-18,503.7395629882813,551.0,562.0,549.0,559.0,4000
2017-10-19,540.3086547851562,591.0,649.0,551.0,551.0,132700
2017-10-20,527.5094604492188,577.0,583.0,562.0,566.0,36600
2017-10-23,524.7667236328125,574.0,577.0,568.0,571.0,6300
2017-10-24,565.9070434570312,619.0,620.0,564.0,579.0,36600
2017-10-25,559.5074462890625,612.0,719.0,612.0,650.0,439200
2017-10-26,557.6790161132812,610.0,629.0,599.0,610.0,38800
2017-10-27,556.7647705078125,609.0,620.0,602.0,620.0,23300
2017-10-30,564.9927978515625,618.0,636.0,616.0,636.0,18100
2017-10-31,571.3923950195312,625.0,644.0,609.0,620.0,44200
2017-11-01,577.7920532226562,632.0,650.0,625.0,630.0,22800
2017-11-02,566.8212890625,620.0,625.0,606.0,620.0,27600
2017-11-03,566.8212890625,620.0,620.0,620.0,620.0,0
2017-11-06,552.1935424804688,604.0,613.0,601.0,611.0,12600
2017-11-07,540.3086547851562,591.0,601.0,581.0,601.0,12000
2017-11-08,540.3086547851562,591.0,595.0,585.0,595.0,6400
2017-11-09,533.9090576171875,584.0,595.0,582.0,595.0,10300
2017-11-10,528.4237060546875,578.0,590.0,570.0,585.0,14200
2017-11-13,533.9090576171875,584.0,585.0,575.0,575.0,4500
2017-11-14,527.5094604492188,577.0,600.0,576.0,576.0,9500
2017-11-15,532.994873046875,583.0,592.0,578.0,578.0,5100
2017-11-16,530.252197265625,580.0,580.0,571.0,571.0,6700
2017-11-17,532.08056640625,582.0,584.0,579.0,584.0,2600
2017-11-20,530.252197265625,580.0,583.0,580.0,582.0,2400
2017-11-21,544.8797607421875,596.0,608.0,584.0,584.0,15100
2017-11-22,543.0513916015625,594.0,607.0,591.0,607.0,4400
2017-11-23,543.0513916015625,594.0,594.0,594.0,594.0,0
2017-11-24,540.3086547851562,591.0,601.0,591.0,600.0,8800
2017-11-27,554.9363403320312,607.0,610.0,600.0,607.0,12700
2017-11-28,545.7940063476562,597.0,607.0,595.0,607.0,2400
2017-11-29,555.8505249023438,608.0,608.0,597.0,598.0,3100
2017-11-30,559.5074462890625,612.0,614.0,605.0,612.0,8100
2017-12-01,557.6790161132812,610.0,615.0,605.0,612.0,4200
2017-12-04,575.9635009765625,630.0,630.0,608.0,611.0,13300
2017-12-05,575.04931640625,629.0,630.0,618.0,623.0,6300
2017-12-06,588.7626953125,644.0,644.0,619.0,619.0,26500
2017-12-07,644.5306396484375,705.0,744.0,650.0,650.0,343800
2017-12-08,639.9595336914062,700.0,754.0,676.0,720.0,162600
2017-12-11,621.6748657226562,680.0,720.0,677.0,720.0,23100
2017-12-12,605.2188110351562,662.0,698.0,654.0,698.0,22600
2017-12-13,607.9614868164062,665.0,667.0,646.0,654.0,12200
2017-12-14,598.8192749023438,655.0,668.0,640.0,666.0,10800
2017-12-15,605.2188110351562,662.0,680.0,657.0,680.0,18700
2017-12-18,593.3338623046875,649.0,670.0,640.0,670.0,12400
2017-12-19,578.7062377929688,633.0,649.0,633.0,644.0,6400
2017-12-20,585.1058349609375,640.0,645.0,633.0,633.0,9300
2017-12-21,589.677001953125,645.0,646.0,634.0,646.0,3000
2017-12-22,594.2481079101562,650.0,650.0,635.0,641.0,7200
2017-12-25,623.5033569335938,682.0,682.0,656.0,658.0,28000
2017-12-26,629.9029541015625,689.0,692.0,672.0,692.0,22000
2017-12-27,653.6729736328125,715.0,755.0,688.0,709.0,57000
2017-12-28,639.9595336914062,700.0,719.0,686.0,711.0,12900
2017-12-29,631.7314453125,691.0,705.0,681.0,705.0,11000
2018-01-03,631.7314453125,691.0,691.0,691.0,691.0,0
2018-01-04,623.5033569335938,682.0,698.0,660.0,691.0,17900
2018-01-05,612.5326538085938,670.0,682.0,665.0,682.0,15100
2018-01-08,612.5326538085938,670.0,670.0,670.0,670.0,0
2018-01-09,614.361083984375,672.0,679.0,670.0,675.0,7400
2018-01-10,636.3026123046875,696.0,696.0,681.0,683.0,17800
2018-01-11,637.216796875,697.0,703.0,693.0,698.0,6100
2018-01-15,644.5306396484375,705.0,705.0,682.0,695.0,10800
2018-01-16,644.5306396484375,705.0,716.0,696.0,710.0,12600
2018-01-17,650.0159912109375,711.0,715.0,701.0,707.0,8700
2018-01-18,639.9595336914062,700.0,712.0,700.0,711.0,8800
2018-01-19,639.9595336914062,700.0,708.0,700.0,708.0,8600
2018-01-22,640.8737182617188,701.0,714.0,701.0,707.0,8900
2018-01-23,652.7586669921875,714.0,714.0,701.0,707.0,10400
2018-01-24,649.1017456054688,710.0,712.0,708.0,712.0,4600
2018-01-25,649.1017456054688,710.0,712.0,704.0,710.0,9400
2018-01-26,659.1583251953125,721.0,726.0,710.0,712.0,8900
2018-01-29,746.0098876953125,816.0,871.0,751.0,751.0,204600
2018-01-30,758.8091430664062,830.0,832.0,783.0,786.0,72000
2018-01-31,703.9553833007812,770.0,915.0,752.0,820.0,333600
2018-02-01,738.696044921875,808.0,822.0,778.0,799.0,62800
2018-02-02,727.725341796875,796.0,819.0,773.0,819.0,25500
2018-02-05,712.1835327148438,779.0,793.0,754.0,765.0,19000
2018-02-06,595.1622924804688,651.0,714.0,638.0,689.0,92000
2018-02-07,672.8717041015625,736.0,736.0,691.0,716.0,37500
2018-02-08,676.528564453125,740.0,751.0,740.0,748.0,9500
2018-02-09,637.216796875,697.0,708.0,667.0,668.0,20100
2018-02-12,637.216796875,697.0,697.0,697.0,697.0,0
2018-02-13,629.9029541015625,689.0,707.0,688.0,700.0,3600
2018-02-14,616.1895751953125,674.0,710.0,651.0,688.0,10000
2018-02-15,620.7607421875,679.0,691.0,674.0,674.0,4600
2018-02-16,621.6748657226562,680.0,697.0,670.0,678.0,3000
2018-02-19,639.0452880859375,699.0,703.0,690.0,703.0,5800
2018-02-20,647.2733764648438,708.0,714.0,697.0,703.0,5200
2018-02-21,662.815185546875,725.0,725.0,707.0,708.0,8700
2018-02-22,652.7586669921875,714.0,724.0,694.0,710.0,6500
2018-02-23,658.2440185546875,720.0,728.0,715.0,715.0,3000
2018-02-26,689.3278198242188,754.0,756.0,725.0,727.0,13100
2018-02-27,699.38427734375,765.0,777.0,759.0,775.0,5800
2018-02-28,694.8131713867188,760.0,779.0,754.0,779.0,7900
2018-03-01,689.3278198242188,754.0,770.0,732.0,747.0,4500
2018-03-02,683.8424072265625,748.0,750.0,720.0,750.0,6400
2018-03-05,686.585205078125,751.0,763.0,749.0,749.0,5300
2018-03-06,689.3278198242188,754.0,760.0,750.0,752.0,3800
2018-03-07,682.0139770507812,746.0,755.0,746.0,746.0,1700
2018-03-08,682.0139770507812,746.0,746.0,746.0,746.0,0
2018-03-09,663.7294311523438,726.0,745.0,724.0,745.0,4100
2018-03-12,663.7294311523438,726.0,732.0,723.0,731.0,1500
2018-03-13,656.41552734375,718.0,725.0,700.0,711.0,2300
2018-03-14,656.41552734375,718.0,718.0,718.0,718.0,0
2018-03-15,643.616455078125,704.0,713.0,683.0,713.0,7900
2018-03-16,659.1583251953125,721.0,721.0,702.0,702.0,1600
2018-03-19,659.1583251953125,721.0,721.0,721.0,721.0,0
2018-03-20,639.9595336914062,700.0,705.0,700.0,701.0,2800
2018-03-21,639.9595336914062,700.0,700.0,700.0,700.0,0
2018-03-22,636.3026123046875,696.0,696.0,680.0,691.0,2900
2018-03-23,624.4176635742188,683.0,695.0,683.0,695.0,2400
2018-03-26,624.4176635742188,683.0,683.0,670.0,683.0,3900
2018-03-27,625.3319091796875,684.0,703.0,683.0,703.0,3700
2018-03-28,637.3931274414062,687.0,690.0,653.0,662.0,1600
2018-03-29,624.4039916992188,673.0,707.0,667.0,695.0,5400
2018-03-30,621.6206665039062,670.0,676.0,670.0,675.0,3900
2018-04-02,628.115234375,677.0,683.0,675.0,683.0,700
2018-04-03,622.5485229492188,671.0,676.0,669.0,676.0,2300
2018-04-04,624.4039916992188,673.0,674.0,667.0,672.0,2700
2018-04-05,621.6206665039062,670.0,676.0,660.0,665.0,2200
2018-04-06,618.8373413085938,667.0,679.0,663.0,677.0,4000
2018-04-09,616.981689453125,665.0,673.0,665.0,667.0,1300
2018-04-10,624.4039916992188,673.0,675.0,668.0,675.0,1000
2018-04-11,624.4039916992188,673.0,681.0,671.0,681.0,2000
2018-04-12,625.3318481445312,674.0,675.0,670.0,670.0,1300
2018-04-13,655.0211791992188,706.0,735.0,670.0,674.0,39000
2018-04-16,662.4435424804688,714.0,728.0,693.0,696.0,6600
2018-04-17,656.8768310546875,708.0,726.0,704.0,725.0,4000
2018-04-18,649.4544677734375,700.0,710.0,700.0,708.0,3600
2018-04-19,676.3604125976562,729.0,737.0,700.0,706.0,23500
2018-04-20,670.793701171875,723.0,736.0,719.0,730.0,6400
2018-04-23,678.2160034179688,731.0,732.0,718.0,732.0,6200
2018-04-24,671.7214965820312,724.0,733.0,722.0,733.0,3700
2018-04-25,673.5770263671875,726.0,730.0,720.0,720.0,3900
2018-04-26,653.1656494140625,704.0,726.0,687.0,726.0,6900
2018-04-27,657.8045654296875,709.0,728.0,707.0,728.0,5000
2018-04-30,657.8045654296875,709.0,709.0,709.0,709.0,0
2018-05-01,661.5157470703125,713.0,713.0,698.0,710.0,2200
2018-05-04,661.5157470703125,713.0,713.0,713.0,713.0,0
2018-05-07,653.1656494140625,704.0,705.0,695.0,695.0,3400
2018-05-08,663.3713989257812,715.0,723.0,707.0,720.0,15300
2018-05-09,674.5048217773438,727.0,865.0,715.0,722.0,222800
2018-05-10,660.5879516601562,712.0,727.0,696.0,727.0,21000
2018-05-11,647.5988159179688,698.0,704.0,665.0,704.0,25800
2018-05-14,634.6098022460938,684.0,698.0,681.0,698.0,5000
2018-05-15,626.2597045898438,675.0,692.0,673.0,692.0,8500
2018-05-16,629.9708251953125,679.0,679.0,676.0,676.0,1100
2018-05-17,631.826416015625,681.0,689.0,673.0,689.0,5000
2018-05-18,633.6820068359375,683.0,694.0,678.0,685.0,2800
2018-05-21,642.0321655273438,692.0,693.0,686.0,686.0,2200
2018-05-22,639.2487182617188,689.0,692.0,680.0,692.0,2700
2018-05-23,639.2487182617188,689.0,693.0,680.0,692.0,3500
2018-05-24,633.6820068359375,683.0,684.0,682.0,683.0,1000
2018-05-25,610.4871215820312,658.0,682.0,657.0,680.0,16600
2018-05-28,592.8591918945312,639.0,671.0,629.0,661.0,18800
2018-05-29,589.14794921875,635.0,649.0,629.0,644.0,3700
2018-05-30,584.5089721679688,630.0,630.0,624.0,628.0,3400
2018-05-31,588.2201538085938,634.0,637.0,630.0,630.0,1500
2018-06-01,590.0757446289062,636.0,637.0,630.0,632.0,3200
2018-06-04,597.498046875,644.0,646.0,638.0,646.0,1200
2018-06-05,594.7147216796875,641.0,642.0,639.0,639.0,800
2018-06-06,592.8591918945312,639.0,645.0,639.0,645.0,900
2018-06-07,593.7869262695312,640.0,645.0,636.0,644.0,3900
2018-06-08,591.0035400390625,637.0,642.0,637.0,640.0,2600
2018-06-11,591.9313354492188,638.0,641.0,637.0,640.0,1600
2018-06-12,592.8591918945312,639.0,640.0,638.0,638.0,1200
2018-06-13,594.7147216796875,641.0,643.0,640.0,643.0,1600
2018-06-14,593.7869262695312,640.0,646.0,639.0,642.0,3400
2018-06-15,582.6534423828125,628.0,645.0,624.0,640.0,9700
2018-06-18,571.5199584960938,616.0,625.0,616.0,625.0,8900
2018-06-19,566.8809204101562,611.0,625.0,611.0,616.0,5300
2018-06-20,553.891845703125,597.0,608.0,592.0,608.0,10800
2018-06-21,554.8196411132812,598.0,607.0,595.0,597.0,4200
2018-06-22,555.7474975585938,599.0,605.0,593.0,598.0,11400
2018-06-25,564.0975952148438,608.0,609.0,602.0,608.0,3400
2018-06-26,564.0975952148438,608.0,624.0,605.0,616.0,10700
2018-06-27,575.2310791015625,620.0,620.0,610.0,610.0,26400
2018-06-28,565.9531860351562,610.0,627.0,610.0,624.0,2300
2018-06-29,560.3863525390625,604.0,612.0,600.0,600.0,2800
2018-07-02,572.44775390625,617.0,617.0,608.0,614.0,2300
2018-07-03,556.6752319335938,600.0,612.0,600.0,607.0,3200
2018-07-04,562.241943359375,606.0,606.0,597.0,600.0,2200
2018-07-05,549.2529296875,592.0,606.0,592.0,601.0,4400
2018-07-06,563.1697998046875,607.0,607.0,588.0,591.0,3600
2018-07-09,568.7365112304688,613.0,623.0,610.0,610.0,1600
2018-07-10,576.1588745117188,621.0,627.0,619.0,619.0,1800
2018-07-11,580.7977905273438,626.0,628.0,620.0,624.0,3000
2018-07-12,578.9422607421875,624.0,627.0,621.0,627.0,800
2018-07-13,561.314208984375,605.0,630.0,605.0,629.0,7200
2018-07-16,561.314208984375,605.0,605.0,605.0,605.0,0
2018-07-17,560.3863525390625,604.0,624.0,604.0,620.0,2600
2018-07-18,565.9531860351562,610.0,616.0,608.0,608.0,1300
2018-07-19,565.9531860351562,610.0,610.0,610.0,610.0,0
2018-07-20,565.025390625,609.0,611.0,609.0,611.0,700
2018-07-23,565.9531860351562,610.0,617.0,610.0,611.0,1500
2018-07-24,567.8087768554688,612.0,618.0,612.0,612.0,2100
2018-07-25,576.1588745117188,621.0,625.0,615.0,619.0,4000
2018-07-26,589.14794921875,635.0,635.0,621.0,625.0,4300
2018-07-27,586.3646240234375,632.0,635.0,625.0,632.0,11500
2018-07-30,572.44775390625,617.0,642.0,617.0,642.0,10400
2018-07-31,556.6752319335938,600.0,600.0,579.0,588.0,16200
2018-08-01,566.8809204101562,611.0,611.0,602.0,603.0,2400
2018-08-02,566.8809204101562,611.0,611.0,611.0,611.0,0
2018-08-03,566.8809204101562,611.0,611.0,600.0,607.0,3300
2018-08-06,577.0866088867188,622.0,624.0,611.0,611.0,5100
2018-08-07,585.4368286132812,631.0,670.0,621.0,623.0,43900
2018-08-08,595.6424560546875,642.0,655.0,637.0,651.0,10700
2018-08-09,599.3536987304688,646.0,653.0,646.0,646.0,14500
2018-08-10,558.5308227539062,602.0,646.0,600.0,646.0,22800
2018-08-13,555.7474975585938,599.0,611.0,592.0,607.0,7300
2018-08-14,557.60302734375,601.0,610.0,599.0,599.0,3200
2018-08-15,556.6752319335938,600.0,605.0,600.0,605.0,2900
2018-08-16,562.241943359375,606.0,606.0,598.0,600.0,1900
2018-08-17,559.4586791992188,603.0,605.0,596.0,605.0,4500
2018-08-20,551.1085205078125,594.0,604.0,589.0,601.0,3800
2018-08-21,554.8196411132812,598.0,599.0,593.0,594.0,1400
2018-08-22,548.3251342773438,591.0,598.0,586.0,590.0,3800
2018-08-23,546.469482421875,589.0,595.0,586.0,593.0,3200
2018-08-24,553.891845703125,597.0,599.0,592.0,599.0,1600
2018-08-27,550.1806640625,593.0,610.0,593.0,600.0,22900
2018-08-28,551.1085205078125,594.0,605.0,594.0,600.0,3100
2018-08-29,549.2529296875,592.0,600.0,590.0,595.0,4600
2018-08-30,552.9640502929688,596.0,598.0,593.0,593.0,1900
2018-08-31,554.8196411132812,598.0,603.0,596.0,596.0,3500
2018-09-03,552.0363159179688,595.0,595.0,590.0,591.0,4000
2018-09-04,553.891845703125,597.0,600.0,595.0,595.0,3300
2018-09-05,555.7474975585938,599.0,599.0,597.0,597.0,1700
2018-09-06,553.891845703125,597.0,599.0,595.0,598.0,900
2018-09-07,554.8196411132812,598.0,599.0,595.0,597.0,2300
2018-09-10,553.891845703125,597.0,597.0,594.0,595.0,1500
2018-09-11,552.0363159179688,595.0,598.0,595.0,597.0,1400
2018-09-12,548.3251342773438,591.0,595.0,591.0,595.0,1900
2018-09-13,547.3972778320312,590.0,597.0,588.0,597.0,3700
2018-09-14,546.469482421875,589.0,591.0,588.0,591.0,1000
2018-09-17,546.469482421875,589.0,589.0,589.0,589.0,0
2018-09-18,542.7583618164062,585.0,592.0,585.0,590.0,10100
2018-09-19,545.541748046875,588.0,588.0,583.0,588.0,6700
2018-09-20,544.614013671875,587.0,591.0,584.0,584.0,4600
2018-09-21,543.6860961914062,586.0,591.0,586.0,588.0,5300
2018-09-25,552.9640502929688,596.0,596.0,580.0,585.0,18500
2018-09-26,539.9749145507812,582.0,584.0,580.0,581.0,6100
2018-09-27,534.4082641601562,576.0,584.0,576.0,584.0,6300
2018-09-28,538.1194458007812,580.0,584.0,580.0,582.0,1000
2018-10-01,535.3359985351562,577.0,580.0,575.0,580.0,2000
2018-10-02,534.4082641601562,576.0,579.0,576.0,579.0,1000
2018-10-03,533.4804077148438,575.0,580.0,572.0,578.0,4300
2018-10-04,534.4082641601562,576.0,577.0,572.0,577.0,3000
2018-10-05,531.6248168945312,573.0,576.0,572.0,573.0,1200
2018-10-08,531.6248168945312,573.0,573.0,573.0,573.0,0
2018-10-09,529.769287109375,571.0,573.0,571.0,572.0,1500
2018-10-10,535.3359985351562,577.0,577.0,571.0,571.0,1300
2018-10-11,528.8414916992188,570.0,573.0,570.0,570.0,2400
2018-10-12,524.2025756835938,565.0,570.0,563.0,569.0,2100
2018-10-15,523.2747192382812,564.0,584.0,564.0,584.0,4800
2018-10-16,524.2025756835938,565.0,565.0,564.0,564.0,800
2018-10-17,526.05810546875,567.0,567.0,566.0,566.0,1000
2018-10-18,526.9859008789062,568.0,568.0,557.0,567.0,2600
2018-10-19,521.4191284179688,562.0,562.0,560.0,561.0,1200
2018-10-22,517.7079467773438,558.0,562.0,552.0,562.0,2800
2018-10-23,512.1412353515625,552.0,553.0,548.0,552.0,2400
2018-10-24,525.1302490234375,566.0,568.0,555.0,555.0,2900
2018-10-25,523.2747192382812,564.0,568.0,560.0,565.0,2500
2018-10-26,528.8414916992188,570.0,574.0,565.0,567.0,1900
2018-10-29,538.1194458007812,580.0,587.0,577.0,587.0,6400
2018-10-31,538.1194458007812,580.0,580.0,579.0,579.0,1100
2018-11-01,542.7583618164062,585.0,585.0,583.0,583.0,2500
2018-11-02,544.614013671875,587.0,587.0,583.0,584.0,2100
2018-11-05,544.614013671875,587.0,587.0,583.0,586.0,3600
2018-11-06,543.6860961914062,586.0,587.0,586.0,586.0,4500
2018-11-07,543.6860961914062,586.0,586.0,586.0,586.0,0
2018-11-08,544.614013671875,587.0,588.0,584.0,586.0,3500
2018-11-09,536.2637939453125,578.0,588.0,577.0,577.0,1600
2018-11-12,533.4804077148438,575.0,575.0,574.0,575.0,400
2018-11-13,533.4804077148438,575.0,575.0,575.0,575.0,0
2018-11-14,529.769287109375,571.0,571.0,570.0,570.0,700
2018-11-15,528.8414916992188,570.0,579.0,565.0,579.0,800
2018-11-16,533.4804077148438,575.0,602.0,570.0,572.0,26600
2018-11-19,540.90283203125,583.0,590.0,579.0,579.0,1900
2018-11-20,540.90283203125,583.0,590.0,583.0,583.0,1800
2018-11-21,528.8414916992188,570.0,583.0,565.0,583.0,2300
2018-11-22,530.6970825195312,572.0,579.0,572.0,579.0,800
2018-11-23,530.6970825195312,572.0,572.0,572.0,572.0,0
2018-11-26,547.3972778320312,590.0,590.0,575.0,581.0,1500
2018-11-27,549.2529296875,592.0,593.0,585.0,593.0,3800
2018-11-28,544.614013671875,587.0,591.0,587.0,591.0,600
2018-11-29,538.1194458007812,580.0,590.0,580.0,590.0,600
2018-11-30,538.1194458007812,580.0,580.0,580.0,580.0,0
2018-12-03,545.541748046875,588.0,592.0,580.0,580.0,2500
2018-12-04,551.1085205078125,594.0,595.0,579.0,589.0,2300
2018-12-05,551.1085205078125,594.0,594.0,581.0,586.0,2500
2018-12-06,551.1085205078125,594.0,595.0,584.0,594.0,1800
2018-12-07,543.6860961914062,586.0,595.0,585.0,594.0,2300
2018-12-10,541.83056640625,584.0,584.0,578.0,578.0,1900
2018-12-11,545.541748046875,588.0,596.0,585.0,585.0,1900
2018-12-12,553.891845703125,597.0,597.0,577.0,590.0,4600
2018-12-13,552.0363159179688,595.0,597.0,586.0,597.0,900
2018-12-14,544.614013671875,587.0,596.0,586.0,596.0,1200
2018-12-17,552.0363159179688,595.0,598.0,583.0,587.0,8200
2018-12-18,546.469482421875,589.0,598.0,584.0,594.0,3100
2018-12-19,525.1302490234375,566.0,590.0,559.0,589.0,11500
2018-12-20,508.4300842285156,548.0,566.0,540.0,566.0,5200
2018-12-21,493.58538818359375,532.0,548.0,525.0,548.0,5700
2018-12-24,493.58538818359375,532.0,532.0,532.0,532.0,0
2018-12-25,453.6903076171875,489.0,507.0,489.0,502.0,10700
2018-12-26,484.3074340820313,522.0,531.0,489.0,495.0,8000
2018-12-27,547.3972778320312,590.0,600.0,571.0,600.0,12000
2018-12-28,510.2855529785156,550.0,579.0,550.0,560.0,2000
2018-12-31,510.2855529785156,550.0,550.0,550.0,550.0,0
2019-01-04,521.4191284179688,562.0,575.0,552.0,552.0,2600
2019-01-07,521.4191284179688,562.0,574.0,540.0,574.0,3300
2019-01-08,519.5635375976562,560.0,564.0,552.0,562.0,2200
2019-01-09,519.5635375976562,560.0,560.0,560.0,560.0,0
2019-01-10,535.3359985351562,577.0,579.0,567.0,569.0,2200
2019-01-11,550.1806640625,593.0,597.0,573.0,577.0,5400
2019-01-15,536.2637939453125,578.0,591.0,575.0,591.0,2000
2019-01-16,546.469482421875,589.0,589.0,578.0,588.0,1800
2019-01-17,549.2529296875,592.0,592.0,589.0,589.0,700
2019-01-18,544.614013671875,587.0,591.0,577.0,577.0,1200
2019-01-21,545.541748046875,588.0,594.0,572.0,587.0,4200
2019-01-22,537.191650390625,579.0,587.0,579.0,586.0,800
2019-01-23,537.191650390625,579.0,579.0,579.0,579.0,0
2019-01-24,547.3972778320312,590.0,594.0,572.0,579.0,3700
2019-01-25,549.2529296875,592.0,592.0,575.0,586.0,3800
2019-01-28,542.7583618164062,585.0,594.0,583.0,593.0,6100
2019-01-29,537.191650390625,579.0,585.0,576.0,585.0,500
2019-01-30,537.191650390625,579.0,593.0,579.0,582.0,1500
2019-01-31,564.0975952148438,608.0,670.0,576.0,579.0,65100
2019-02-01,550.1806640625,593.0,627.0,590.0,607.0,8600
2019-02-04,529.769287109375,571.0,602.0,569.0,596.0,6700
2019-02-05,525.1302490234375,566.0,576.0,566.0,571.0,4200
2019-02-06,505.6466674804688,545.0,557.0,537.0,554.0,22600
2019-02-07,492.6575622558594,531.0,545.0,529.0,545.0,6800
2019-02-08,493.58538818359375,532.0,535.0,527.0,528.0,2000
2019-02-12,511.2134399414063,551.0,551.0,526.0,528.0,6900
2019-02-13,509.35784912109375,549.0,551.0,541.0,551.0,1700
2019-02-14,496.3687133789063,535.0,550.0,533.0,550.0,2700
2019-02-15,499.1521301269531,538.0,540.0,532.0,535.0,1600
2019-02-18,503.7911071777344,543.0,543.0,535.0,539.0,1000
2019-02-19,504.7189025878906,544.0,544.0,543.0,543.0,500
2019-02-20,506.5744323730469,546.0,547.0,537.0,540.0,1900
2019-02-21,500.0798950195313,539.0,545.0,539.0,545.0,1400
2019-02-22,499.1521301269531,538.0,547.0,538.0,547.0,1500
2019-02-25,507.5023193359375,547.0,548.0,541.0,548.0,1400
2019-02-26,516.7801513671875,557.0,557.0,547.0,547.0,2500
2019-02-27,510.2855529785156,550.0,556.0,550.0,552.0,5300
2019-02-28,513.996826171875,554.0,555.0,549.0,550.0,1100
2019-03-01,513.996826171875,554.0,554.0,554.0,554.0,0
2019-03-04,515.8524169921875,556.0,558.0,550.0,555.0,2200
2019-03-05,514.9246215820312,555.0,556.0,551.0,556.0,1500
2019-03-06,511.2134399414063,551.0,557.0,549.0,555.0,1500
2019-03-08,499.1521301269531,538.0,551.0,537.0,551.0,2800
2019-03-11,503.7911071777344,543.0,545.0,539.0,539.0,400
2019-03-12,511.2134399414063,551.0,551.0,551.0,551.0,600
2019-03-14,514.9246215820312,555.0,555.0,552.0,555.0,600
2019-03-15,515.8524169921875,556.0,556.0,552.0,555.0,800
2019-03-18,516.7801513671875,557.0,557.0,556.0,556.0,700
2019-03-19,515.8524169921875,556.0,556.0,547.0,547.0,300
2019-03-20,515.8524169921875,556.0,556.0,550.0,555.0,1200
2019-03-22,511.2134399414063,551.0,557.0,551.0,556.0,2400
2019-03-25,511.2134399414063,551.0,551.0,551.0,551.0,0
2019-03-26,514.9246215820312,555.0,555.0,552.0,552.0,1700
2019-03-27,513.9797973632812,544.0,553.0,543.0,553.0,3700
2019-03-28,526.2623901367188,557.0,558.0,545.0,545.0,2700
2019-03-29,527.2072143554688,558.0,560.0,546.0,551.0,1900
2019-04-01,521.5382690429688,552.0,560.0,552.0,553.0,1000
2019-04-02,521.5382690429688,552.0,552.0,552.0,552.0,0
2019-04-03,519.6486206054688,550.0,550.0,550.0,550.0,200
2019-04-04,519.6486206054688,550.0,550.0,550.0,550.0,0
2019-04-05,519.6486206054688,550.0,551.0,550.0,550.0,900
2019-04-08,524.372802734375,555.0,555.0,555.0,555.0,100
2019-04-10,519.6486206054688,550.0,550.0,550.0,550.0,300
2019-04-11,528.1519775390625,559.0,559.0,556.0,556.0,2500
2019-04-12,527.2072143554688,558.0,558.0,552.0,554.0,900
2019-04-15,524.372802734375,555.0,558.0,549.0,558.0,1800
2019-04-16,526.2623901367188,557.0,558.0,550.0,558.0,600
2019-04-17,517.759033203125,548.0,556.0,548.0,556.0,2800
2019-04-18,519.6486206054688,550.0,551.0,545.0,551.0,2300
2019-04-19,514.924560546875,545.0,548.0,545.0,548.0,200
2019-04-22,511.1453552246094,541.0,547.0,539.0,540.0,2300
2019-04-23,509.2556762695313,539.0,545.0,539.0,545.0,800
2019-04-24,512.0901489257812,542.0,543.0,538.0,541.0,1300
2019-04-25,506.4212646484375,536.0,542.0,536.0,539.0,4100
2019-04-26,510.2005310058594,540.0,544.0,533.0,535.0,2500
2019-05-07,517.759033203125,548.0,558.0,548.0,557.0,6000
2019-05-08,520.593505859375,551.0,551.0,544.0,544.0,1000
2019-05-09,515.869384765625,546.0,555.0,545.0,551.0,3400
2019-05-10,519.6486206054688,550.0,550.0,543.0,550.0,1500
2019-05-13,513.9797973632812,544.0,549.0,541.0,549.0,1200
2019-05-14,513.9797973632812,544.0,544.0,537.0,537.0,1100
2019-05-15,508.3108825683594,538.0,542.0,535.0,542.0,2700
2019-05-16,503.5868225097656,533.0,541.0,533.0,538.0,1900
2019-05-17,509.2556762695313,539.0,540.0,529.0,539.0,6300
2019-05-20,505.4763793945313,535.0,546.0,535.0,535.0,900
2019-05-21,508.3108825683594,538.0,538.0,537.0,537.0,500
2019-05-22,519.6486206054688,550.0,550.0,538.0,542.0,6100
2019-05-23,520.593505859375,551.0,555.0,542.0,554.0,2200
2019-05-24,521.5382690429688,552.0,562.0,550.0,550.0,7000
2019-05-27,523.427978515625,554.0,572.0,553.0,572.0,4200
2019-05-28,522.4830932617188,553.0,555.0,553.0,555.0,1000
2019-05-29,520.593505859375,551.0,551.0,550.0,550.0,1000
2019-05-30,520.593505859375,551.0,551.0,551.0,551.0,0
2019-05-31,527.2072143554688,558.0,560.0,551.0,559.0,1200
2019-06-03,523.427978515625,554.0,555.0,540.0,550.0,2900
2019-06-04,526.2623901367188,557.0,558.0,548.0,551.0,1700
2019-06-05,523.427978515625,554.0,554.0,554.0,554.0,100
2019-06-06,524.372802734375,555.0,565.0,554.0,558.0,2300
2019-06-07,524.372802734375,555.0,561.0,555.0,556.0,1700
2019-06-10,523.427978515625,554.0,555.0,552.0,555.0,900
2019-06-11,531.9312744140625,563.0,607.0,549.0,549.0,23200
2019-06-12,592.3994750976562,627.0,663.0,582.0,583.0,370900
2019-06-13,609.4061889648438,645.0,657.0,607.0,651.0,158300
2019-06-14,564.0549926757812,597.0,626.0,593.0,618.0,47900
2019-06-17,542.32421875,574.0,617.0,571.0,607.0,20700
2019-06-18,542.32421875,574.0,601.0,574.0,576.0,14200
2019-06-19,536.6553344726562,568.0,584.0,567.0,580.0,6400
2019-06-20,539.4898071289062,571.0,575.0,565.0,568.0,4200
2019-06-21,540.4346313476562,572.0,585.0,572.0,578.0,5400
2019-06-24,550.82763671875,583.0,590.0,577.0,579.0,8400
2019-06-25,552.7172241210938,585.0,585.0,579.0,583.0,1900
2019-06-26,571.613525390625,605.0,605.0,573.0,593.0,8600
2019-06-27,556.4964599609375,589.0,620.0,582.0,620.0,24800
2019-06-28,552.7172241210938,585.0,590.0,584.0,590.0,700
2019-07-01,554.6068725585938,587.0,598.0,587.0,587.0,1500
2019-07-02,552.7172241210938,585.0,587.0,583.0,587.0,1200
2019-07-03,548.9379272460938,581.0,583.0,581.0,583.0,1800
2019-07-04,548.9379272460938,581.0,581.0,577.0,580.0,1900
2019-07-05,542.32421875,574.0,581.0,572.0,581.0,4800
2019-07-08,565.9446411132812,599.0,611.0,575.0,583.0,13200
2019-07-09,568.7791137695312,602.0,606.0,594.0,606.0,3600
2019-07-10,566.8894653320312,600.0,600.0,596.0,596.0,1100
2019-07-11,569.7239379882812,603.0,603.0,597.0,599.0,2400
2019-07-12,565.9446411132812,599.0,600.0,599.0,600.0,1600
2019-07-16,566.8894653320312,600.0,600.0,599.0,599.0,2200
2019-07-17,558.3861083984375,591.0,603.0,584.0,603.0,4200
2019-07-18,570.668701171875,604.0,605.0,595.0,599.0,4000
2019-07-19,559.3309326171875,592.0,602.0,592.0,600.0,1000
2019-07-22,558.3861083984375,591.0,597.0,587.0,597.0,2400
2019-07-23,566.8894653320312,600.0,600.0,591.0,591.0,2400
2019-07-24,574.447998046875,608.0,608.0,601.0,601.0,1800
2019-07-25,578.2272338867188,612.0,612.0,604.0,608.0,3000
2019-07-26,582.9513549804688,617.0,617.0,608.0,612.0,3000
2019-07-29,578.2272338867188,612.0,627.0,606.0,627.0,9400
2019-07-30,581.0617065429688,615.0,619.0,614.0,614.0,2100
2019-07-31,573.503173828125,607.0,616.0,607.0,615.0,2800
2019-08-01,576.337646484375,610.0,624.0,607.0,624.0,3000
2019-08-02,576.337646484375,610.0,610.0,606.0,607.0,800
2019-08-05,566.8894653320312,600.0,613.0,600.0,605.0,1100
2019-08-06,562.1654052734375,595.0,595.0,594.0,595.0,1400
2019-08-07,563.1101684570312,596.0,603.0,596.0,599.0,1400
2019-08-08,570.668701171875,604.0,604.0,596.0,596.0,200
2019-08-09,577.2824096679688,611.0,615.0,605.0,611.0,5200
2019-08-13,587.6754150390625,622.0,627.0,615.0,620.0,6000
2019-08-14,593.3442993164062,628.0,628.0,625.0,627.0,2800
2019-08-15,585.7857666015625,620.0,620.0,610.0,610.0,3500
2019-08-16,588.6202392578125,623.0,624.0,615.0,617.0,3600
2019-08-19,595.23388671875,630.0,635.0,623.0,623.0,9800
2019-08-20,611.2958374023438,647.0,653.0,634.0,649.0,13800
2019-08-21,607.5165405273438,643.0,654.0,642.0,648.0,6100
2019-08-22,596.1787719726562,631.0,650.0,624.0,647.0,8700
2019-08-23,603.7373046875,639.0,645.0,624.0,624.0,3500
2019-08-26,596.1787719726562,631.0,639.0,620.0,639.0,4100
2019-08-27,599.9580078125,635.0,641.0,631.0,641.0,5900
2019-08-28,595.23388671875,630.0,637.0,630.0,635.0,1600
2019-08-29,578.2272338867188,612.0,626.0,607.0,625.0,10700
2019-08-30,573.503173828125,607.0,615.0,607.0,612.0,3100
2019-09-02,576.337646484375,610.0,614.0,607.0,609.0,2200
2019-09-03,573.503173828125,607.0,612.0,605.0,610.0,3100
2019-09-04,574.447998046875,608.0,609.0,601.0,607.0,3300
2019-09-05,574.447998046875,608.0,610.0,604.0,605.0,2500
2019-09-06,573.503173828125,607.0,611.0,605.0,608.0,1600
2019-09-09,567.8342895507812,601.0,615.0,600.0,607.0,7800
2019-09-10,569.7239379882812,603.0,606.0,601.0,602.0,1900
2019-09-11,569.7239379882812,603.0,607.0,603.0,603.0,2000
2019-09-12,571.613525390625,605.0,607.0,602.0,603.0,2900
2019-09-13,573.503173828125,607.0,607.0,604.0,607.0,800
2019-09-17,572.558349609375,606.0,609.0,605.0,605.0,2600
2019-09-18,573.503173828125,607.0,609.0,607.0,607.0,1100
2019-09-19,575.392822265625,609.0,610.0,605.0,608.0,3900
2019-09-20,569.7239379882812,603.0,612.0,602.0,611.0,6800
2019-09-24,573.503173828125,607.0,608.0,604.0,606.0,2700
2019-09-25,574.447998046875,608.0,620.0,608.0,610.0,12100
2019-09-26,567.8342895507812,601.0,613.0,601.0,609.0,11400
2019-09-27,562.1654052734375,595.0,599.0,588.0,599.0,9100
2019-09-30,548.9379272460938,581.0,594.0,581.0,594.0,3500
2019-10-01,544.2139282226562,576.0,581.0,574.0,581.0,1200
2019-10-02,545.15869140625,577.0,586.0,576.0,576.0,3200
2019-10-03,547.04833984375,579.0,581.0,575.0,575.0,600
2019-10-04,546.103515625,578.0,578.0,577.0,577.0,300
2019-10-07,541.37939453125,573.0,587.0,573.0,577.0,1900
2019-10-08,534.7656860351562,566.0,579.0,566.0,573.0,2900
2019-10-09,534.7656860351562,566.0,567.0,566.0,566.0,800
2019-10-10,524.372802734375,555.0,568.0,549.0,566.0,7600
2019-10-11,517.759033203125,548.0,555.0,527.0,555.0,7000
2019-10-15,517.759033203125,548.0,550.0,546.0,550.0,1200
2019-10-16,514.924560546875,545.0,548.0,545.0,548.0,2100
2019-10-17,530.0416259765625,561.0,563.0,546.0,546.0,7900
2019-10-18,542.32421875,574.0,580.0,567.0,571.0,8700
2019-10-21,535.7105102539062,567.0,574.0,558.0,574.0,6000
2019-10-23,538.5449829101562,570.0,577.0,563.0,577.0,700
2019-10-24,538.5449829101562,570.0,575.0,568.0,575.0,3300
2019-10-25,541.37939453125,573.0,573.0,555.0,570.0,6700
2019-10-28,553.6620483398438,586.0,587.0,579.0,587.0,4700
2019-10-29,556.4964599609375,589.0,590.0,580.0,587.0,2600
2019-10-30,559.3309326171875,592.0,592.0,583.0,589.0,2200
2019-10-31,582.0065307617188,616.0,638.0,596.0,599.0,31800
2019-11-01,564.0549926757812,597.0,608.0,597.0,608.0,4900
2019-11-05,555.5516357421875,588.0,597.0,586.0,597.0,2100
2019-11-06,554.6068725585938,587.0,593.0,587.0,588.0,1600
2019-11-07,551.7723999023438,584.0,584.0,584.0,584.0,700
2019-11-08,552.7172241210938,585.0,593.0,585.0,590.0,2900
2019-11-11,554.6068725585938,587.0,591.0,587.0,591.0,1000
2019-11-12,557.4412841796875,590.0,599.0,590.0,599.0,3000
2019-11-13,559.3309326171875,592.0,593.0,584.0,593.0,1600
2019-11-14,552.7172241210938,585.0,589.0,585.0,589.0,500
2019-11-15,548.9379272460938,581.0,590.0,581.0,585.0,2500
2019-11-18,547.04833984375,579.0,581.0,579.0,581.0,1100
2019-11-19,531.9312744140625,563.0,581.0,562.0,579.0,6500
2019-11-20,541.37939453125,573.0,573.0,566.0,567.0,1300
2019-11-21,541.37939453125,573.0,586.0,573.0,580.0,3800
2019-11-22,544.2139282226562,576.0,576.0,573.0,573.0,1300
2019-11-25,548.9379272460938,581.0,582.0,580.0,580.0,1700
2019-11-26,549.8827514648438,582.0,583.0,576.0,580.0,2500
2019-11-27,550.82763671875,583.0,585.0,583.0,585.0,500
2019-11-29,550.82763671875,583.0,587.0,583.0,583.0,1000
2019-12-02,551.7723999023438,584.0,584.0,583.0,583.0,700
2019-12-03,548.9379272460938,581.0,584.0,581.0,584.0,900
2019-12-05,543.26904296875,575.0,580.0,575.0,580.0,1400
2019-12-06,542.32421875,574.0,580.0,572.0,580.0,2700
2019-12-09,550.82763671875,583.0,585.0,574.0,578.0,2700
2019-12-10,557.4412841796875,590.0,595.0,584.0,587.0,4600
2019-12-11,552.7172241210938,585.0,585.0,581.0,581.0,2000
2019-12-12,560.2757568359375,593.0,599.0,579.0,579.0,12400
2019-12-13,561.2206420898438,594.0,594.0,589.0,589.0,3800
2019-12-16,557.4412841796875,590.0,591.0,588.0,588.0,1000
2019-12-17,562.1654052734375,595.0,596.0,590.0,590.0,4100
2019-12-18,573.503173828125,607.0,607.0,596.0,600.0,11300
2019-12-19,570.668701171875,604.0,604.0,601.0,602.0,1400
2019-12-20,572.558349609375,606.0,606.0,602.0,606.0,3300
2019-12-23,567.8342895507812,601.0,606.0,596.0,606.0,2200
2019-12-24,570.668701171875,604.0,618.0,603.0,603.0,18200
2019-12-25,582.0065307617188,616.0,618.0,607.0,607.0,5900
2019-12-26,578.2272338867188,612.0,616.0,610.0,612.0,6200
2019-12-27,570.668701171875,604.0,607.0,595.0,602.0,9700
2019-12-30,565.9446411132812,599.0,603.0,597.0,603.0,1900
2020-01-06,560.2757568359375,593.0,601.0,593.0,598.0,1800
2020-01-07,562.1654052734375,595.0,597.0,592.0,597.0,1800
2020-01-09,569.7239379882812,603.0,608.0,593.0,595.0,17800
2020-01-10,562.1654052734375,595.0,603.0,593.0,603.0,2000
2020-01-15,564.9998168945312,598.0,602.0,598.0,602.0,300
2020-01-16,562.1654052734375,595.0,601.0,593.0,601.0,1600
2020-01-17,561.2206420898438,594.0,601.0,594.0,601.0,500
2020-01-20,562.1654052734375,595.0,598.0,594.0,594.0,1000
2020-01-21,565.9446411132812,599.0,600.0,595.0,595.0,1600
2020-01-22,570.668701171875,604.0,604.0,599.0,599.0,1900
2020-01-23,566.8894653320312,600.0,604.0,599.0,604.0,900
2020-01-24,570.668701171875,604.0,604.0,600.0,600.0,2500
2020-01-28,572.558349609375,606.0,608.0,606.0,607.0,600
2020-01-29,569.7239379882812,603.0,606.0,603.0,603.0,800
2020-01-30,564.9998168945312,598.0,606.0,598.0,603.0,2500
2020-01-31,568.7791137695312,602.0,614.0,597.0,597.0,9900
2020-02-03,545.15869140625,577.0,600.0,563.0,597.0,7300
2020-02-04,556.4964599609375,589.0,591.0,577.0,577.0,2200
2020-02-05,560.2757568359375,593.0,593.0,583.0,583.0,1800
2020-02-06,555.5516357421875,588.0,592.0,588.0,592.0,800
2020-02-07,553.6620483398438,586.0,590.0,586.0,587.0,600
2020-02-10,550.82763671875,583.0,587.0,583.0,586.0,500
2020-02-13,539.4898071289062,571.0,577.0,571.0,575.0,2100
2020-02-14,535.7105102539062,567.0,580.0,567.0,570.0,2100
2020-02-17,545.15869140625,577.0,579.0,567.0,567.0,2700
2020-02-18,536.6553344726562,568.0,574.0,562.0,571.0,2600
2020-02-20,537.6002197265625,569.0,570.0,569.0,570.0,200
2020-02-21,540.4346313476562,572.0,572.0,567.0,567.0,500
2020-02-25,529.0968017578125,560.0,572.0,560.0,567.0,2200
2020-02-26,534.7656860351562,566.0,568.0,557.0,560.0,4000
2020-02-27,517.759033203125,548.0,577.0,548.0,577.0,6300
2020-02-28,475.2423095703125,503.0,530.0,498.0,530.0,9100
2020-03-02,496.0282897949219,525.0,529.0,485.0,485.0,3500
2020-03-03,486.58013916015625,515.0,525.0,512.0,525.0,2000
2020-03-04,480.9112243652344,509.0,509.0,500.0,500.0,800
2020-03-05,484.6905212402344,513.0,516.0,509.0,509.0,600
2020-03-06,475.2423095703125,503.0,512.0,503.0,512.0,1000
2020-03-09,451.6219177246094,478.0,499.0,477.0,486.0,6400
2020-03-10,403.4363098144531,427.0,447.0,408.0,430.0,32000
2020-03-11,414.7741088867188,439.0,466.0,430.0,435.0,6400
2020-03-12,396.8226013183594,420.0,439.0,420.0,439.0,5000
2020-03-13,358.0851745605469,379.0,388.0,364.0,364.0,8900
2020-03-16,359.9748229980469,381.0,405.0,381.0,387.0,8300
2020-03-17,367.5333251953125,389.0,394.0,380.0,380.0,6200
2020-03-18,418.5533752441406,443.0,453.0,400.0,400.0,4400
2020-03-19,407.215576171875,431.0,443.0,431.0,442.0,1700
2020-03-23,402.4915466308594,426.0,438.0,420.0,420.0,1400
2020-03-24,415.7189331054688,440.0,448.0,436.0,436.0,2000
2020-03-25,434.6152648925781,460.0,460.0,446.0,446.0,1900
2020-03-26,449.7322998046875,476.0,476.0,451.0,455.0,2600
2020-03-27,464.849365234375,492.0,522.0,476.0,522.0,4400
2020-03-30,451.3475036621094,468.0,468.0,443.0,443.0,2200
2020-03-31,440.7389221191406,457.0,463.0,446.0,461.0,1300
2020-04-01,440.7389221191406,457.0,467.0,457.0,467.0,400
2020-04-02,429.1658935546875,445.0,449.0,445.0,448.0,2300
2020-04-03,417.5928955078125,433.0,466.0,433.0,466.0,3100
2020-04-06,421.4505615234375,437.0,439.0,433.0,433.0,1300
2020-04-07,432.0591430664063,448.0,451.0,440.0,451.0,1200
2020-04-08,427.237060546875,443.0,454.0,441.0,447.0,2200
2020-04-09,439.7745056152344,456.0,456.0,454.0,455.0,1000
2020-04-10,440.7389221191406,457.0,461.0,453.0,461.0,800
2020-04-13,442.6677551269531,459.0,459.0,450.0,451.0,1300
2020-04-14,445.56097412109375,462.0,462.0,459.0,459.0,500
2020-04-15,444.5965576171875,461.0,478.0,460.0,465.0,6700
2020-04-16,442.6677551269531,459.0,462.0,455.0,461.0,1200
2020-04-17,441.7033081054688,458.0,459.0,454.0,456.0,1100
2020-04-20,444.5965576171875,461.0,461.0,460.0,460.0,1600
2020-04-21,439.7745056152344,456.0,465.0,456.0,461.0,1500
2020-04-22,434.952392578125,451.0,459.0,451.0,457.0,2500
2020-04-23,439.7745056152344,456.0,459.0,450.0,450.0,2100
2020-04-24,453.2763366699219,470.0,470.0,456.0,456.0,2500
2020-04-27,454.2407531738281,471.0,478.0,471.0,478.0,3900
2020-04-28,464.849365234375,482.0,492.0,470.0,475.0,3000
2020-04-30,459.0628356933594,476.0,487.0,460.0,485.0,2600
2020-05-01,463.8849182128906,481.0,491.0,471.0,491.0,1900
2020-05-07,464.849365234375,482.0,502.0,482.0,489.0,8000
2020-05-08,466.7781677246094,484.0,490.0,478.0,490.0,2000
2020-05-11,498.6039733886719,517.0,517.0,484.0,484.0,8800
2020-05-12,495.710693359375,514.0,515.0,505.0,515.0,1200
2020-05-13,495.710693359375,514.0,514.0,514.0,514.0,400
2020-05-14,486.0665283203125,504.0,513.0,501.0,501.0,1100
2020-05-15,474.4935302734375,492.0,505.0,492.0,505.0,1000
2020-05-18,476.42236328125,494.0,494.0,492.0,492.0,500
2020-05-19,484.1377258300781,502.0,503.0,500.0,500.0,900
2020-05-20,489.9241943359375,508.0,511.0,502.0,502.0,600
2020-05-21,490.8886413574219,509.0,510.0,506.0,506.0,600
2020-05-22,487.9953918457031,506.0,509.0,506.0,509.0,900
2020-05-25,491.8530578613281,510.0,515.0,502.0,506.0,1800
2020-05-26,510.1769714355469,529.0,529.0,510.0,510.0,4700
2020-05-27,512.1058349609375,531.0,538.0,525.0,538.0,6700
2020-05-28,498.6039733886719,517.0,529.0,517.0,525.0,3000
2020-05-29,499.5683898925781,518.0,527.0,508.0,527.0,1500
2020-06-01,494.7463073730469,513.0,519.0,512.0,519.0,1000
2020-06-02,497.6395568847656,516.0,518.0,510.0,518.0,1000
2020-06-03,492.81744384765625,511.0,517.0,510.0,517.0,900
2020-06-04,495.710693359375,514.0,520.0,512.0,512.0,800
2020-06-05,487.9953918457031,506.0,520.0,506.0,520.0,700
2020-06-08,500.5328063964844,519.0,520.0,510.0,519.0,4300
2020-06-09,505.3548889160156,524.0,528.0,519.0,519.0,700
2020-06-10,505.3548889160156,524.0,525.0,521.0,524.0,2400
2020-06-11,503.4260559082031,522.0,525.0,522.0,525.0,900
2020-06-12,488.9597778320313,507.0,507.0,493.0,500.0,3900
2020-06-15,503.4260559082031,522.0,523.0,502.0,502.0,2500
2020-06-16,510.1769714355469,529.0,529.0,523.0,524.0,5100
2020-06-17,494.7463073730469,513.0,550.0,513.0,534.0,27700
2020-06-18,492.81744384765625,511.0,516.0,511.0,516.0,1400
2020-06-19,482.2088623046875,500.0,510.0,498.0,510.0,12400
2020-06-22,487.0309753417969,505.0,507.0,498.0,498.0,3000
2020-06-23,487.9953918457031,506.0,514.0,500.0,514.0,4800
2020-06-24,499.5683898925781,518.0,520.0,511.0,512.0,5500
2020-06-25,501.4972229003906,520.0,524.0,515.0,521.0,3900
2020-06-26,530.4297485351562,550.0,550.0,525.0,525.0,8400
2020-06-29,518.8567504882812,538.0,542.0,527.0,542.0,21400
2020-06-30,502.4616394042969,521.0,546.0,521.0,536.0,2800
2020-07-01,504.3904724121094,523.0,541.0,523.0,531.0,900
2020-07-02,509.2125549316406,528.0,538.0,520.0,538.0,2300
2020-07-03,512.1058349609375,531.0,537.0,522.0,532.0,1200
2020-07-06,502.4616394042969,521.0,527.0,521.0,525.0,6200
2020-07-07,506.3193359375,525.0,537.0,525.0,537.0,300
2020-07-08,514.03466796875,533.0,534.0,525.0,525.0,1800
2020-07-09,507.2837524414063,526.0,536.0,526.0,530.0,1600
2020-07-10,515.9634399414062,535.0,536.0,528.0,534.0,1200
2020-07-13,510.1769714355469,529.0,535.0,529.0,535.0,400
2020-07-14,510.1769714355469,529.0,531.0,527.0,527.0,1900
2020-07-15,514.03466796875,533.0,535.0,521.0,531.0,900
2020-07-16,514.03466796875,533.0,533.0,527.0,533.0,900
2020-07-17,511.1413879394531,530.0,536.0,530.0,536.0,700
2020-07-20,512.1058349609375,531.0,535.0,530.0,530.0,1000
2020-07-21,517.892333984375,537.0,549.0,537.0,538.0,4500
2020-07-22,545.8604125976562,566.0,566.0,537.0,537.0,4200
2020-07-27,530.4297485351562,550.0,580.0,550.0,580.0,8300
2020-07-28,525.607666015625,545.0,545.0,542.0,542.0,300
2020-07-29,529.46533203125,549.0,549.0,545.0,545.0,700
2020-07-30,523.6788330078125,543.0,543.0,530.0,530.0,1400
2020-07-31,511.1413879394531,530.0,639.0,505.0,543.0,23500
2020-08-03,494.7463073730469,513.0,530.0,510.0,530.0,3500
2020-08-04,496.6751403808594,515.0,519.0,513.0,513.0,1000
2020-08-05,488.9597778320313,507.0,507.0,506.0,506.0,1100
2020-08-06,492.81744384765625,511.0,511.0,507.0,507.0,900
2020-08-07,501.4972229003906,520.0,520.0,511.0,511.0,400
2020-08-11,501.4972229003906,520.0,523.0,518.0,520.0,900
2020-08-12,499.5683898925781,518.0,524.0,518.0,524.0,1000
2020-08-13,511.1413879394531,530.0,541.0,518.0,518.0,4100
2020-08-14,531.3941650390625,551.0,561.0,538.0,546.0,11900
2020-08-17,515.9634399414062,535.0,556.0,530.0,556.0,3300
2020-08-18,524.6432495117188,544.0,546.0,536.0,536.0,800
2020-08-19,522.7144165039062,542.0,542.0,542.0,542.0,200
2020-08-20,514.9990844726562,534.0,548.0,527.0,547.0,2400
2020-08-21,527.5364990234375,547.0,547.0,539.0,547.0,1000
2020-08-24,524.6432495117188,544.0,548.0,539.0,548.0,1900
2020-08-25,527.5364990234375,547.0,550.0,546.0,547.0,2500
2020-08-26,523.6788330078125,543.0,544.0,539.0,544.0,2300
2020-08-27,505.3548889160156,524.0,536.0,524.0,527.0,11700
2020-08-28,512.1058349609375,531.0,534.0,527.0,527.0,1400
2020-08-31,516.9279174804688,536.0,543.0,525.0,527.0,4300
2020-09-01,528.5009155273438,548.0,548.0,540.0,544.0,1400
2020-09-02,529.46533203125,549.0,549.0,548.0,548.0,400
2020-09-03,523.6788330078125,543.0,550.0,542.0,542.0,600
2020-09-04,520.7855834960938,540.0,544.0,537.0,540.0,1200
2020-09-07,525.607666015625,545.0,548.0,540.0,540.0,1300
2020-09-08,525.607666015625,545.0,545.0,545.0,545.0,400
2020-09-09,523.6788330078125,543.0,550.0,537.0,549.0,2700
2020-09-10,516.9279174804688,536.0,545.0,526.0,543.0,2800
2020-09-11,523.6788330078125,543.0,543.0,532.0,536.0,1100
2020-09-14,521.75,541.0,543.0,534.0,543.0,1100
2020-09-15,529.46533203125,549.0,549.0,541.0,541.0,2100
2020-09-16,521.75,541.0,551.0,538.0,551.0,2900
2020-09-17,527.5364990234375,547.0,547.0,541.0,541.0,1500
2020-09-18,528.5009155273438,548.0,559.0,543.0,547.0,2000
2020-09-23,532.3585815429688,552.0,552.0,546.0,551.0,3300
2020-09-24,535.2518310546875,555.0,556.0,547.0,554.0,3200
2020-09-25,548.7537231445312,569.0,569.0,554.0,556.0,4500
2020-09-28,563.219970703125,584.0,584.0,570.0,572.0,7500
2020-09-29,524.6432495117188,544.0,555.0,537.0,549.0,6600
2020-09-30,519.8211669921875,539.0,552.0,539.0,544.0,1000
2020-10-02,514.9990844726562,534.0,539.0,534.0,539.0,800
2020-10-05,514.9990844726562,534.0,536.0,521.0,525.0,2800
2020-10-06,521.75,541.0,541.0,528.0,528.0,1100
2020-10-07,519.8211669921875,539.0,543.0,538.0,543.0,1100
2020-10-08,523.6788330078125,543.0,543.0,533.0,539.0,800
2020-10-09,514.03466796875,533.0,543.0,521.0,543.0,2000
2020-10-12,508.2481689453125,527.0,534.0,527.0,530.0,600
2020-10-13,507.2837524414063,526.0,532.0,526.0,528.0,1800
2020-10-14,510.1769714355469,529.0,530.0,525.0,530.0,1000
2020-10-15,504.3904724121094,523.0,527.0,522.0,522.0,300
2020-10-16,506.3193359375,525.0,525.0,525.0,525.0,900
2020-10-19,501.4972229003906,520.0,534.0,520.0,525.0,3000
2020-10-20,506.3193359375,525.0,526.0,521.0,526.0,1600
2020-10-21,506.3193359375,525.0,525.0,520.0,520.0,600
2020-10-22,503.4260559082031,522.0,522.0,521.0,521.0,1600
2020-10-23,498.6039733886719,517.0,521.0,512.0,513.0,3500
2020-10-26,508.2481689453125,527.0,527.0,522.0,522.0,1600
2020-10-27,509.2125549316406,528.0,528.0,527.0,527.0,3900
2020-10-28,496.6751403808594,515.0,520.0,515.0,518.0,500
2020-10-29,502.4616394042969,521.0,522.0,512.0,522.0,1100
2020-10-30,497.6395568847656,516.0,522.0,516.0,521.0,900
2020-11-02,459.0628356933594,476.0,526.0,456.0,506.0,14900
2020-11-04,476.42236328125,494.0,494.0,486.0,486.0,1500
2020-11-05,471.6002807617188,489.0,493.0,489.0,493.0,1200
2020-11-06,481.2444458007813,499.0,499.0,486.0,489.0,1400
2020-11-09,474.4935302734375,492.0,499.0,492.0,494.0,900
2020-11-10,477.38677978515625,495.0,500.0,493.0,500.0,700
2020-11-11,477.38677978515625,495.0,500.0,495.0,500.0,1800
2020-11-12,478.3511962890625,496.0,505.0,496.0,505.0,600
2020-11-13,486.0665283203125,504.0,504.0,495.0,495.0,800
2020-11-16,486.0665283203125,504.0,504.0,501.0,502.0,1100
2020-11-17,482.2088623046875,500.0,504.0,500.0,503.0,2200
2020-11-18,487.9953918457031,506.0,506.0,500.0,500.0,1300
2020-11-19,483.17327880859375,501.0,501.0,501.0,501.0,200
2020-11-20,483.17327880859375,501.0,502.0,501.0,502.0,200
2020-11-24,487.9953918457031,506.0,507.0,502.0,502.0,1600
2020-11-25,489.9241943359375,508.0,508.0,506.0,506.0,2200
2020-11-26,490.8886413574219,509.0,510.0,505.0,508.0,2800
2020-11-27,494.7463073730469,513.0,517.0,509.0,517.0,3600
2020-11-30,487.9953918457031,506.0,506.0,505.0,505.0,1000
2020-12-01,487.9953918457031,506.0,514.0,506.0,506.0,1700
2020-12-02,488.9597778320313,507.0,510.0,504.0,504.0,800
2020-12-03,493.7818908691406,512.0,513.0,509.0,509.0,900
2020-12-04,491.8530578613281,510.0,517.0,508.0,512.0,2900
2020-12-07,491.8530578613281,510.0,517.0,509.0,517.0,2900
2020-12-08,491.8530578613281,510.0,513.0,507.0,507.0,500
2020-12-09,488.9597778320313,507.0,511.0,507.0,510.0,1500
2020-12-10,493.7818908691406,512.0,512.0,506.0,506.0,700
2020-12-11,492.81744384765625,511.0,511.0,505.0,509.0,1600
2020-12-14,500.5328063964844,519.0,520.0,510.0,510.0,9300
2020-12-15,495.710693359375,514.0,528.0,514.0,528.0,2800
2020-12-16,497.6395568847656,516.0,520.0,513.0,519.0,3200
2020-12-17,502.4616394042969,521.0,527.0,518.0,518.0,2400
2020-12-18,495.710693359375,514.0,521.0,513.0,521.0,2000
2020-12-21,497.6395568847656,516.0,520.0,512.0,514.0,2200
2020-12-22,487.0309753417969,505.0,515.0,505.0,515.0,3100
2020-12-23,487.9953918457031,506.0,510.0,505.0,508.0,5600
2020-12-24,487.9953918457031,506.0,509.0,506.0,508.0,1600
2020-12-25,501.4972229003906,520.0,520.0,508.0,509.0,5800
2020-12-28,491.8530578613281,510.0,510.0,504.0,510.0,11800
2020-12-29,490.8886413574219,509.0,515.0,508.0,509.0,1100
2020-12-30,493.7818908691406,512.0,513.0,509.0,509.0,1000
2021-01-04,484.1377258300781,502.0,514.0,502.0,512.0,1900
2021-01-05,487.0309753417969,505.0,514.0,505.0,514.0,800
2021-01-06,487.0309753417969,505.0,506.0,505.0,505.0,600
2021-01-07,487.0309753417969,505.0,518.0,504.0,515.0,2000
2021-01-08,494.7463073730469,513.0,513.0,507.0,507.0,700
2021-01-12,487.9953918457031,506.0,513.0,505.0,513.0,2800
2021-01-13,490.8886413574219,509.0,511.0,504.0,507.0,1900
2021-01-14,491.8530578613281,510.0,511.0,509.0,511.0,600
2021-01-15,487.9953918457031,506.0,507.0,505.0,507.0,1800
2021-01-18,492.81744384765625,511.0,511.0,506.0,506.0,900
2021-01-19,487.9953918457031,506.0,510.0,505.0,509.0,3600
2021-01-20,491.8530578613281,510.0,510.0,506.0,509.0,900
2021-01-21,490.8886413574219,509.0,510.0,505.0,510.0,2200
2021-01-22,494.7463073730469,513.0,513.0,508.0,510.0,2100
2021-01-25,493.7818908691406,512.0,514.0,508.0,514.0,2400
2021-01-26,496.6751403808594,515.0,516.0,512.0,512.0,1500
2021-01-27,490.8886413574219,509.0,517.0,506.0,517.0,4900
2021-01-28,493.7818908691406,512.0,512.0,507.0,507.0,700
2021-01-29,497.6395568847656,516.0,549.0,512.0,517.0,20300
2021-02-01,498.6039733886719,517.0,520.0,510.0,520.0,2600
2021-02-02,494.7463073730469,513.0,517.0,513.0,517.0,1600
2021-02-03,496.6751403808594,515.0,518.0,515.0,515.0,2800
2021-02-04,497.6395568847656,516.0,518.0,514.0,515.0,1900
2021-02-05,496.6751403808594,515.0,520.0,513.0,518.0,3100
2021-02-08,502.4616394042969,521.0,521.0,515.0,516.0,3600
2021-02-09,509.2125549316406,528.0,528.0,520.0,525.0,2100
2021-02-10,519.8211669921875,539.0,539.0,524.0,529.0,9500
2021-02-12,522.7144165039062,542.0,552.0,532.0,532.0,11500
2021-02-15,518.8567504882812,538.0,545.0,530.0,544.0,5800
2021-02-16,511.1413879394531,530.0,538.0,529.0,538.0,3500
2021-02-17,502.4616394042969,521.0,534.0,515.0,530.0,6500
2021-02-18,502.4616394042969,521.0,523.0,517.0,523.0,2400
2021-02-19,499.5683898925781,518.0,521.0,517.0,521.0,2300
2021-02-22,497.6395568847656,516.0,521.0,512.0,518.0,3100
2021-02-24,504.3904724121094,523.0,524.0,517.0,517.0,1600
2021-02-25,507.2837524414063,526.0,533.0,526.0,533.0,1800
2021-02-26,511.1413879394531,530.0,530.0,520.0,526.0,2400
2021-03-01,517.892333984375,537.0,539.0,537.0,539.0,3600
2021-03-02,508.2481689453125,527.0,538.0,527.0,532.0,2000
2021-03-03,508.2481689453125,527.0,529.0,520.0,526.0,2600
2021-03-04,510.1769714355469,529.0,539.0,529.0,539.0,1400
2021-03-05,510.1769714355469,529.0,536.0,525.0,536.0,3000
2021-03-08,514.03466796875,533.0,533.0,531.0,531.0,2200
2021-03-09,514.9990844726562,534.0,538.0,531.0,532.0,3200
2021-03-10,516.9279174804688,536.0,540.0,533.0,534.0,4400
2021-03-11,521.75,541.0,543.0,536.0,543.0,4300
2021-03-12,524.6432495117188,544.0,544.0,535.0,538.0,2700
2021-03-15,522.7144165039062,542.0,544.0,534.0,544.0,2300
2021-03-16,525.607666015625,545.0,545.0,541.0,542.0,1400
2021-03-17,521.75,541.0,543.0,540.0,540.0,1600
2021-03-18,523.6788330078125,543.0,545.0,540.0,545.0,1600
2021-03-19,516.9279174804688,536.0,543.0,534.0,543.0,3900
2021-03-22,519.8211669921875,539.0,543.0,536.0,538.0,2500
2021-03-23,513.0702514648438,532.0,539.0,532.0,539.0,2400
2021-03-24,512.1058349609375,531.0,537.0,530.0,531.0,3200
2021-03-25,514.9990844726562,534.0,534.0,530.0,533.0,1400
2021-03-26,520.7855834960938,540.0,540.0,536.0,539.0,1700
2021-03-29,511.1413879394531,530.0,540.0,527.0,540.0,6400
2021-03-30,517.0391845703125,526.0,531.0,526.0,530.0,1600
2021-03-31,518.0221557617188,527.0,528.0,526.0,526.0,400
2021-04-01,519.005126953125,528.0,528.0,525.0,525.0,1000
2021-04-02,514.0902709960938,523.0,523.0,522.0,522.0,1000
2021-04-05,511.1413879394531,520.0,525.0,520.0,523.0,2400
2021-04-06,519.9880981445312,529.0,529.0,529.0,529.0,400
2021-04-07,516.0562133789062,525.0,528.0,523.0,528.0,1500
2021-04-08,514.0902709960938,523.0,529.0,523.0,529.0,1400
2021-04-09,515.0732421875,524.0,524.0,523.0,523.0,400
2021-04-12,513.1072998046875,522.0,523.0,520.0,522.0,2500
2021-04-13,514.0902709960938,523.0,528.0,522.0,528.0,700
2021-04-14,512.1243286132812,521.0,522.0,520.0,520.0,2300
2021-04-15,510.1584167480469,519.0,524.0,519.0,524.0,1300
2021-04-16,511.1413879394531,520.0,521.0,518.0,520.0,800
2021-04-19,506.2265625,515.0,518.0,514.0,518.0,4800
2021-04-20,512.1243286132812,521.0,522.0,511.0,516.0,2400
2021-04-21,503.2776794433594,512.0,522.0,510.0,522.0,5600
2021-04-22,507.2095336914063,516.0,524.0,516.0,516.0,1500
2021-04-23,514.0902709960938,523.0,524.0,515.0,524.0,3000
2021-04-26,519.9880981445312,529.0,529.0,516.0,523.0,3100
2021-04-27,517.0391845703125,526.0,530.0,520.0,530.0,4800
2021-04-28,514.0902709960938,523.0,527.0,523.0,525.0,600
2021-04-30,517.0391845703125,526.0,526.0,518.0,519.0,1400
2021-05-06,519.005126953125,528.0,539.0,526.0,526.0,1900
2021-05-07,523.919921875,533.0,533.0,527.0,531.0,2400
2021-05-10,512.1243286132812,521.0,543.0,517.0,533.0,18200
2021-05-11,507.2095336914063,516.0,521.0,516.0,516.0,3100
2021-05-12,502.2947082519531,511.0,518.0,506.0,515.0,7400
2021-05-13,506.2265625,515.0,522.0,506.0,510.0,2000
2021-05-14,504.2606506347656,513.0,518.0,513.0,515.0,600
2021-05-17,506.2265625,515.0,522.0,513.0,513.0,1100
2021-05-18,513.1072998046875,522.0,522.0,515.0,515.0,900
2021-05-19,508.1925048828125,517.0,522.0,517.0,522.0,1700
2021-05-20,514.0902709960938,523.0,523.0,518.0,520.0,500
2021-05-21,514.0902709960938,523.0,526.0,521.0,525.0,1100
2021-05-24,516.0562133789062,525.0,533.0,524.0,533.0,1400
2021-05-25,515.0732421875,524.0,534.0,524.0,526.0,3500
2021-05-26,511.1413879394531,520.0,530.0,520.0,530.0,3800
2021-05-27,511.1413879394531,520.0,520.0,520.0,520.0,4100
2021-05-28,513.1072998046875,522.0,522.0,516.0,519.0,700
2021-05-31,518.0221557617188,527.0,527.0,520.0,520.0,800
2021-06-01,515.0732421875,524.0,527.0,524.0,527.0,500
2021-06-02,514.0902709960938,523.0,523.0,523.0,523.0,600
2021-06-03,513.1072998046875,522.0,523.0,522.0,523.0,300
2021-06-04,516.0562133789062,525.0,530.0,524.0,524.0,1600
2021-06-07,523.919921875,533.0,533.0,532.0,532.0,800
2021-06-08,522.9369506835938,532.0,532.0,526.0,529.0,700
2021-06-09,530.8006591796875,540.0,544.0,532.0,532.0,3800
2021-06-10,527.851806640625,537.0,540.0,537.0,540.0,1200
2021-06-11,531.7836303710938,541.0,541.0,537.0,537.0,1900
2021-06-14,527.851806640625,537.0,542.0,536.0,542.0,2400
2021-06-15,532.7666015625,542.0,542.0,539.0,541.0,1400
2021-06-16,532.7666015625,542.0,543.0,542.0,543.0,400
2021-06-17,534.7325439453125,544.0,545.0,542.0,542.0,2200
2021-06-18,528.8347778320312,538.0,545.0,538.0,545.0,2300
2021-06-21,541.61328125,551.0,551.0,538.0,538.0,5600
2021-06-22,547.5110473632812,557.0,562.0,544.0,559.0,5400
2021-06-23,550.4599609375,560.0,574.0,556.0,558.0,6100
2021-06-24,550.4599609375,560.0,562.0,557.0,560.0,2100
2021-06-25,560.2896118164062,570.0,570.0,553.0,557.0,7100
2021-06-28,567.1703491210938,577.0,599.0,573.0,599.0,21500
2021-06-29,567.1703491210938,577.0,595.0,577.0,587.0,4800
2021-06-30,564.221435546875,574.0,585.0,573.0,577.0,2700
2021-07-01,563.238525390625,573.0,580.0,573.0,574.0,1500
2021-07-02,571.1022338867188,581.0,581.0,571.0,578.0,1300
2021-07-05,565.2044067382812,575.0,579.0,575.0,579.0,1000
2021-07-06,556.3577270507812,566.0,570.0,564.0,570.0,800
2021-07-07,556.3577270507812,566.0,566.0,565.0,566.0,500
2021-07-08,558.3236694335938,568.0,568.0,566.0,566.0,300
2021-07-09,557.3406982421875,567.0,568.0,567.0,568.0,500
2021-07-12,554.391845703125,564.0,568.0,557.0,568.0,2900
2021-07-13,550.4599609375,560.0,568.0,559.0,568.0,2400
2021-07-14,555.374755859375,565.0,565.0,560.0,560.0,400
2021-07-15,564.221435546875,574.0,574.0,565.0,565.0,1400
2021-07-16,557.3406982421875,567.0,573.0,559.0,573.0,2400
2021-07-19,562.2555541992188,572.0,574.0,567.0,567.0,2300
2021-07-20,564.221435546875,574.0,576.0,561.0,561.0,1000
2021-07-21,571.1022338867188,581.0,581.0,574.0,579.0,2400
2021-07-26,579.9489135742188,590.0,592.0,583.0,583.0,5500
2021-07-27,571.1022338867188,581.0,600.0,580.0,600.0,10500
2021-07-28,565.2044067382812,575.0,585.0,571.0,573.0,1600
2021-07-29,568.1533203125,578.0,579.0,573.0,573.0,700
2021-07-30,567.1703491210938,577.0,583.0,575.0,575.0,700
2021-08-02,555.374755859375,565.0,575.0,560.0,560.0,3100
2021-08-03,566.1873779296875,576.0,579.0,560.0,560.0,5900
2021-08-04,555.374755859375,565.0,572.0,561.0,572.0,1100
2021-08-05,555.374755859375,565.0,572.0,565.0,572.0,500
2021-08-06,558.3236694335938,568.0,568.0,562.0,565.0,800
2021-08-10,556.3577270507812,566.0,572.0,566.0,567.0,600
2021-08-11,559.306640625,569.0,569.0,565.0,566.0,400
2021-08-12,560.2896118164062,570.0,572.0,565.0,569.0,1500
2021-08-13,560.2896118164062,570.0,570.0,570.0,570.0,700
2021-08-16,560.2896118164062,570.0,570.0,565.0,570.0,700
2021-08-17,558.3236694335938,568.0,570.0,561.0,570.0,1000
2021-08-18,656.6201171875,668.0,668.0,569.0,580.0,45300
2021-08-19,634.0119018554688,645.0,768.0,640.0,768.0,445100
2021-08-20,574.0510864257812,584.0,688.0,584.0,688.0,112300
2021-08-23,593.7103881835938,604.0,604.0,579.0,590.0,24200
2021-08-24,601.5740966796875,612.0,612.0,588.0,594.0,16200
2021-08-25,591.7444458007812,602.0,607.0,596.0,606.0,6000
2021-08-26,588.7955932617188,599.0,602.0,588.0,602.0,5700
2021-08-27,585.8466796875,596.0,606.0,596.0,606.0,6300
2021-08-30,586.8296508789062,597.0,602.0,595.0,597.0,2700
2021-08-31,581.914794921875,592.0,594.0,590.0,590.0,6800
2021-09-01,583.8807373046875,594.0,600.0,591.0,591.0,2900
2021-09-02,582.8977661132812,593.0,598.0,590.0,596.0,7300
2021-09-03,580.9318237304688,591.0,596.0,590.0,594.0,5900
2021-09-06,584.8637084960938,595.0,600.0,590.0,591.0,7000
2021-09-07,591.7444458007812,602.0,602.0,592.0,593.0,4800
2021-09-08,587.8126220703125,598.0,605.0,594.0,605.0,3500
2021-09-09,594.693359375,605.0,605.0,597.0,600.0,3900
2021-09-10,590.761474609375,601.0,605.0,598.0,605.0,2800
2021-09-13,594.693359375,605.0,605.0,599.0,600.0,4400
2021-09-14,594.693359375,605.0,605.0,600.0,604.0,4400
2021-09-15,595.6763305664062,606.0,606.0,602.0,604.0,3500
2021-09-16,599.608154296875,610.0,613.0,606.0,606.0,3400
2021-09-17,602.5570678710938,613.0,613.0,605.0,610.0,3300
2021-09-21,599.608154296875,610.0,610.0,602.0,606.0,2400
2021-09-22,597.6422729492188,608.0,613.0,608.0,610.0,2000
2021-09-24,598.6251831054688,609.0,613.0,606.0,610.0,3900
2021-09-27,604.5230102539062,615.0,615.0,609.0,609.0,6400
2021-09-28,621.2333984375,632.0,634.0,610.0,612.0,8400
2021-09-29,588.7955932617188,599.0,610.0,599.0,610.0,7600
2021-09-30,563.238525390625,573.0,600.0,562.0,598.0,8000
2021-10-01,553.4088745117188,563.0,579.0,563.0,574.0,2600
2021-10-04,542.5962524414062,552.0,562.0,552.0,555.0,3800
2021-10-05,548.4940185546875,558.0,558.0,549.0,557.0,5300
2021-10-06,547.5110473632812,557.0,565.0,557.0,564.0,2600
2021-10-07,548.4940185546875,558.0,560.0,555.0,560.0,1300
2021-10-08,547.5110473632812,557.0,557.0,551.0,557.0,1600
2021-10-11,552.4259033203125,562.0,565.0,557.0,557.0,900
2021-10-12,550.4599609375,560.0,562.0,556.0,562.0,1000
2021-10-13,543.5792236328125,553.0,560.0,543.0,560.0,3600
2021-10-14,537.6814575195312,547.0,554.0,546.0,550.0,1600
2021-10-15,541.61328125,551.0,553.0,551.0,553.0,500
2021-10-18,544.5621948242188,554.0,559.0,551.0,559.0,2100
2021-10-19,540.6303100585938,550.0,553.0,549.0,552.0,2000
2021-10-20,540.6303100585938,550.0,553.0,550.0,550.0,700
2021-10-21,541.61328125,551.0,551.0,551.0,551.0,300
2021-10-22,543.5792236328125,553.0,554.0,551.0,551.0,1100
2021-10-25,543.5792236328125,553.0,557.0,553.0,555.0,800
2021-10-26,554.391845703125,564.0,564.0,558.0,558.0,1700
2021-10-27,550.4599609375,560.0,565.0,560.0,565.0,3600
2021-10-28,541.61328125,551.0,558.0,551.0,555.0,1900
2021-10-29,537.6814575195312,547.0,553.0,544.0,551.0,3400
2021-11-01,537.6814575195312,547.0,550.0,545.0,548.0,2200
2021-11-02,539.6473388671875,549.0,549.0,547.0,549.0,800
2021-11-04,539.6473388671875,549.0,549.0,549.0,549.0,500
2021-11-05,539.6473388671875,549.0,549.0,549.0,549.0,0
2021-11-08,529.8176879882812,539.0,549.0,539.0,549.0,3200
2021-11-09,530.8006591796875,540.0,540.0,539.0,540.0,700
2021-11-10,528.8347778320312,538.0,544.0,538.0,544.0,800
2021-11-11,529.8176879882812,539.0,541.0,537.0,541.0,900
2021-11-12,528.8347778320312,538.0,538.0,536.0,536.0,500
2021-11-15,530.8006591796875,540.0,541.0,537.0,539.0,2100
2021-11-16,527.851806640625,537.0,540.0,536.0,539.0,1900
2021-11-17,529.8176879882812,539.0,539.0,536.0,537.0,700
2021-11-18,528.8347778320312,538.0,539.0,537.0,539.0,700
2021-11-19,527.851806640625,537.0,538.0,535.0,538.0,700
2021-11-22,531.7836303710938,541.0,541.0,537.0,537.0,1100
2021-11-24,535.7155151367188,545.0,552.0,545.0,545.0,2700
2021-11-25,536.698486328125,546.0,546.0,545.0,545.0,600
2021-11-26,540.6303100585938,550.0,550.0,546.0,546.0,2400
2021-11-29,535.7155151367188,545.0,559.0,545.0,558.0,4600
2021-11-30,536.698486328125,546.0,551.0,546.0,548.0,800
2021-12-01,531.7836303710938,541.0,549.0,541.0,546.0,1000
2021-12-02,533.7495727539062,543.0,548.0,541.0,548.0,500
2021-12-03,533.7495727539062,543.0,544.0,541.0,542.0,900
2021-12-06,532.7666015625,542.0,546.0,542.0,546.0,500
2021-12-07,533.7495727539062,543.0,545.0,538.0,545.0,4900
2021-12-08,527.851806640625,537.0,541.0,533.0,541.0,2800
2021-12-09,527.851806640625,537.0,537.0,537.0,537.0,200
2021-12-10,528.8347778320312,538.0,539.0,536.0,537.0,1000
2021-12-13,529.8176879882812,539.0,539.0,537.0,537.0,800
2021-12-14,527.851806640625,537.0,537.0,536.0,536.0,300
2021-12-15,530.8006591796875,540.0,540.0,538.0,538.0,900
2021-12-16,530.8006591796875,540.0,540.0,539.0,540.0,800
2021-12-17,527.851806640625,537.0,543.0,537.0,543.0,700
2021-12-20,526.8688354492188,536.0,537.0,532.0,535.0,900
2021-12-21,531.7836303710938,541.0,545.0,536.0,536.0,1700
2021-12-22,536.698486328125,546.0,547.0,542.0,545.0,2400
2021-12-23,536.698486328125,546.0,546.0,543.0,545.0,1600
2021-12-24,555.374755859375,565.0,567.0,550.0,550.0,3800
2021-12-27,555.374755859375,565.0,570.0,561.0,569.0,8400
2021-12-28,555.374755859375,565.0,566.0,557.0,565.0,5000
2021-12-29,551.4429321289062,561.0,570.0,560.0,570.0,500
2021-12-30,552.4259033203125,562.0,563.0,562.0,562.0,700
2022-01-04,542.5962524414062,552.0,564.0,552.0,564.0,400
2022-01-05,545.545166015625,555.0,556.0,553.0,553.0,600
2022-01-06,540.6303100585938,550.0,555.0,550.0,555.0,800
2022-01-07,536.698486328125,546.0,546.0,546.0,546.0,100
2022-01-11,535.7155151367188,545.0,555.0,545.0,555.0,1200
2022-01-12,535.7155151367188,545.0,558.0,542.0,542.0,800
2022-01-13,536.698486328125,546.0,550.0,546.0,546.0,600
2022-01-14,544.5621948242188,554.0,556.0,554.0,556.0,1300
2022-01-17,538.6643676757812,548.0,550.0,545.0,550.0,900
2022-01-18,559.306640625,569.0,569.0,546.0,548.0,1600
2022-01-19,559.306640625,569.0,569.0,555.0,565.0,1400
2022-01-20,541.61328125,551.0,559.0,550.0,559.0,2200
2022-01-21,535.7155151367188,545.0,551.0,545.0,551.0,400
2022-01-24,546.528076171875,556.0,561.0,551.0,551.0,800
2022-01-25,546.528076171875,556.0,556.0,552.0,556.0,400
2022-01-26,552.4259033203125,562.0,563.0,550.0,556.0,3300
2022-01-27,543.5792236328125,553.0,565.0,553.0,565.0,3900
2022-01-28,540.6303100585938,550.0,555.0,550.0,554.0,1500
2022-01-31,543.5792236328125,553.0,561.0,550.0,550.0,1300
2022-02-01,542.5962524414062,552.0,559.0,552.0,559.0,700
2022-02-02,550.4599609375,560.0,560.0,552.0,560.0,2100
2022-02-03,545.545166015625,555.0,556.0,551.0,555.0,1200
2022-02-04,543.5792236328125,553.0,553.0,553.0,553.0,200
2022-02-07,555.374755859375,565.0,565.0,558.0,558.0,8800
2022-02-08,560.2896118164062,570.0,570.0,560.0,560.0,2300
2022-02-09,560.2896118164062,570.0,570.0,570.0,570.0,0
2022-02-10,554.391845703125,564.0,564.0,564.0,564.0,500
2022-02-14,579.9489135742188,590.0,590.0,558.0,565.0,3700
2022-02-15,552.4259033203125,562.0,578.0,558.0,565.0,1500
2022-02-16,558.3236694335938,568.0,575.0,562.0,562.0,600
2022-02-17,551.4429321289062,561.0,568.0,561.0,568.0,300
2022-02-18,560.2896118164062,570.0,570.0,550.0,550.0,3300
2022-02-21,562.2555541992188,572.0,580.0,563.0,564.0,4200
2022-02-22,555.374755859375,565.0,565.0,565.0,565.0,600
2022-02-24,567.1703491210938,577.0,577.0,565.0,575.0,3200
2022-02-25,569.1362915039062,579.0,579.0,573.0,577.0,2700
2022-02-28,560.2896118164062,570.0,580.0,563.0,580.0,3900
2022-03-01,564.221435546875,574.0,580.0,574.0,580.0,1500
2022-03-02,564.221435546875,574.0,574.0,574.0,574.0,0
2022-03-03,561.2725830078125,571.0,573.0,570.0,572.0,1500
2022-03-04,558.3236694335938,568.0,568.0,567.0,567.0,200
2022-03-07,555.374755859375,565.0,565.0,565.0,565.0,1500
2022-03-08,557.3406982421875,567.0,577.0,567.0,570.0,1000
2022-03-09,551.4429321289062,561.0,564.0,561.0,564.0,1400
2022-03-10,551.4429321289062,561.0,564.0,560.0,561.0,600
2022-03-11,550.4599609375,560.0,560.0,560.0,560.0,200
2022-03-14,565.2044067382812,575.0,575.0,560.0,560.0,1800
2022-03-15,565.2044067382812,575.0,576.0,571.0,571.0,800
2022-03-16,566.1873779296875,576.0,576.0,572.0,576.0,1400
2022-03-17,567.1703491210938,577.0,577.0,577.0,577.0,200
2022-03-18,571.1022338867188,581.0,581.0,575.0,575.0,400
2022-03-22,556.3577270507812,566.0,578.0,565.0,574.0,2600
2022-03-23,566.1873779296875,576.0,576.0,570.0,576.0,600
2022-03-24,569.1362915039062,579.0,581.0,571.0,578.0,800
2022-03-25,572.085205078125,582.0,582.0,579.0,579.0,1200
2022-03-28,576.0170288085938,586.0,588.0,583.0,583.0,3800
2022-03-29,577.0,587.0,587.0,577.0,577.0,800
2022-03-30,559.0,559.0,576.0,556.0,571.0,2300
2022-03-31,577.0,577.0,577.0,561.0,561.0,700
2022-04-01,581.0,581.0,581.0,581.0,581.0,200
2022-04-04,576.0,576.0,582.0,576.0,581.0,1200
2022-04-05,579.0,579.0,579.0,579.0,579.0,100
2022-04-06,571.0,571.0,579.0,570.0,579.0,900
2022-04-08,565.0,565.0,565.0,563.0,563.0,200
2022-04-11,570.0,570.0,570.0,565.0,565.0,900
2022-04-12,562.0,562.0,562.0,562.0,562.0,100
2022-04-13,570.0,570.0,572.0,570.0,572.0,300
2022-04-14,567.0,567.0,567.0,567.0,567.0,400
2022-04-15,566.0,566.0,566.0,566.0,566.0,300
2022-04-18,563.0,563.0,565.0,563.0,565.0,700
2022-04-19,563.0,563.0,563.0,563.0,563.0,600
2022-04-20,564.0,564.0,565.0,564.0,565.0,200
2022-04-21,563.0,563.0,567.0,563.0,563.0,300
2022-04-22,570.0,570.0,570.0,566.0,566.0,600
2022-04-25,573.0,573.0,573.0,572.0,572.0,300
2022-04-26,584.0,584.0,584.0,577.0,577.0,2000
2022-04-27,571.0,571.0,583.0,564.0,583.0,3200
2022-04-28,575.0,575.0,575.0,570.0,570.0,700
2022-05-02,573.0,573.0,573.0,573.0,573.0,900
2022-05-06,579.0,579.0,579.0,573.0,573.0,400
2022-05-09,579.0,579.0,579.0,578.0,579.0,400
2022-05-10,579.0,579.0,579.0,570.0,579.0,1800
2022-05-11,572.0,572.0,573.0,572.0,573.0,300
2022-05-12,560.0,560.0,572.0,560.0,572.0,1900
2022-05-13,556.0,556.0,569.0,556.0,560.0,2100
2022-05-16,556.0,556.0,556.0,555.0,555.0,1500
2022-05-17,553.0,553.0,555.0,551.0,552.0,600
2022-05-18,555.0,555.0,555.0,550.0,552.0,1400
2022-05-19,555.0,555.0,560.0,555.0,560.0,400
2022-05-20,555.0,555.0,555.0,553.0,555.0,1000
2022-05-23,552.0,552.0,555.0,545.0,545.0,4600
2022-05-24,560.0,560.0,560.0,550.0,551.0,1400
2022-05-25,556.0,556.0,565.0,556.0,565.0,600
2022-05-26,559.0,559.0,559.0,556.0,559.0,1100
2022-05-27,552.0,552.0,559.0,552.0,559.0,3100
2022-05-30,552.0,552.0,554.0,552.0,553.0,5400
2022-05-31,558.0,558.0,558.0,553.0,553.0,1000
2022-06-01,559.0,559.0,559.0,556.0,556.0,700
2022-06-02,560.0,560.0,560.0,556.0,556.0,400
2022-06-03,554.0,554.0,560.0,550.0,560.0,5400
2022-06-06,554.0,554.0,555.0,550.0,552.0,1200
2022-06-07,553.0,553.0,554.0,552.0,552.0,600
2022-06-08,555.0,555.0,555.0,553.0,553.0,300
2022-06-09,554.0,554.0,557.0,554.0,555.0,500
2022-06-10,555.0,555.0,556.0,539.0,555.0,6600
2022-06-13,553.0,553.0,555.0,550.0,550.0,1100
2022-06-14,545.0,545.0,545.0,545.0,545.0,400
2022-06-15,547.0,547.0,550.0,546.0,546.0,1000
2022-06-16,553.0,553.0,553.0,547.0,547.0,200
2022-06-17,553.0,553.0,553.0,553.0,553.0,200
2022-06-20,559.0,559.0,559.0,552.0,555.0,4200
2022-06-21,577.0,577.0,579.0,550.0,559.0,5500
2022-06-22,571.0,571.0,576.0,568.0,576.0,1200
2022-06-23,568.0,568.0,574.0,563.0,570.0,900
2022-06-24,588.0,588.0,588.0,571.0,572.0,12500
2022-06-27,561.0,561.0,582.0,550.0,558.0,20400
2022-06-28,561.0,561.0,561.0,561.0,561.0,600
2022-06-29,555.0,555.0,565.0,555.0,565.0,1200
2022-06-30,562.0,562.0,562.0,560.0,560.0,300
2022-07-01,563.0,563.0,563.0,562.0,562.0,300
2022-07-04,564.0,564.0,566.0,564.0,566.0,600
2022-07-05,568.0,568.0,568.0,565.0,566.0,800
2022-07-06,569.0,569.0,569.0,569.0,569.0,200
2022-07-07,573.0,573.0,575.0,569.0,569.0,500
2022-07-08,568.0,568.0,568.0,568.0,568.0,200
2022-07-11,570.0,570.0,586.0,569.0,586.0,400
2022-07-13,570.0,570.0,580.0,565.0,570.0,2600
2022-07-14,570.0,570.0,570.0,567.0,569.0,900
2022-07-15,580.0,580.0,580.0,579.0,579.0,1200
2022-07-19,580.0,580.0,582.0,580.0,580.0,2400
2022-07-20,574.0,574.0,580.0,574.0,580.0,500
2022-07-21,586.0,586.0,587.0,576.0,582.0,2200
2022-07-22,586.0,586.0,586.0,585.0,586.0,900
2022-07-25,590.0,590.0,590.0,583.0,586.0,3800
2022-07-26,600.0,600.0,600.0,593.0,598.0,5100
2022-07-27,575.0,575.0,600.0,575.0,600.0,11900
2022-07-28,575.0,575.0,575.0,575.0,575.0,0
2022-07-29,583.0,583.0,606.0,581.0,585.0,10800
2022-08-01,580.0,580.0,585.0,580.0,583.0,2500
2022-08-02,580.0,580.0,588.0,580.0,588.0,200
2022-08-03,578.0,578.0,582.0,578.0,579.0,400
2022-08-04,576.0,576.0,579.0,576.0,579.0,1600
2022-08-05,576.0,576.0,576.0,576.0,576.0,200
2022-08-08,576.0,576.0,582.0,576.0,576.0,1100
2022-08-09,573.0,573.0,581.0,573.0,580.0,2800
2022-08-12,579.0,579.0,579.0,575.0,576.0,600
2022-08-15,584.0,584.0,584.0,583.0,583.0,600
2022-08-16,599.0,599.0,599.0,583.0,584.0,4600
2022-08-17,594.0,594.0,594.0,587.0,594.0,800
2022-08-18,589.0,589.0,590.0,589.0,590.0,500
2022-08-19,580.0,580.0,588.0,579.0,588.0,5400
2022-08-22,580.0,580.0,580.0,579.0,580.0,500
2022-08-23,582.0,582.0,582.0,579.0,579.0,700
2022-08-24,583.0,583.0,584.0,582.0,583.0,600
2022-08-25,586.0,586.0,586.0,580.0,582.0,700
2022-08-26,596.0,596.0,596.0,590.0,591.0,1700
2022-08-29,590.0,590.0,600.0,590.0,600.0,4600
2022-08-30,585.0,585.0,585.0,580.0,581.0,1900
2022-08-31,585.0,585.0,588.0,585.0,585.0,700
2022-09-01,587.0,587.0,590.0,587.0,590.0,900
2022-09-02,595.0,595.0,595.0,585.0,587.0,1700
2022-09-05,590.0,590.0,593.0,590.0,590.0,800
2022-09-06,587.0,587.0,598.0,587.0,596.0,1600
2022-09-07,584.0,584.0,596.0,584.0,596.0,800
2022-09-08,584.0,584.0,584.0,584.0,584.0,0
2022-09-09,592.0,592.0,592.0,587.0,587.0,500
2022-09-12,586.0,586.0,590.0,586.0,587.0,3800
2022-09-13,590.0,590.0,592.0,586.0,592.0,1600
2022-09-14,591.0,591.0,591.0,590.0,590.0,500
2022-09-15,590.0,590.0,590.0,589.0,590.0,1300
2022-09-16,592.0,592.0,592.0,590.0,592.0,700
2022-09-20,595.0,595.0,595.0,592.0,592.0,1700
2022-09-21,595.0,595.0,595.0,590.0,590.0,1300
2022-09-22,591.0,591.0,595.0,591.0,591.0,1200
2022-09-26,595.0,595.0,595.0,592.0,594.0,2000
2022-09-27,591.0,591.0,600.0,591.0,594.0,8600
2022-09-28,592.0,592.0,592.0,582.0,590.0,5800
2022-09-29,566.0,566.0,570.0,565.0,565.0,2500
2022-09-30,560.0,560.0,565.0,559.0,565.0,2500
2022-10-03,553.0,553.0,557.0,550.0,557.0,1300
2022-10-04,555.0,555.0,564.0,550.0,553.0,1100
2022-10-05,555.0,555.0,560.0,555.0,555.0,700
2022-10-06,563.0,563.0,563.0,555.0,555.0,1000
2022-10-07,565.0,565.0,580.0,562.0,562.0,1200
2022-10-11,564.0,564.0,565.0,564.0,565.0,600
2022-10-12,551.0,551.0,564.0,551.0,561.0,1700
2022-10-13,551.0,551.0,552.0,551.0,552.0,200
2022-10-14,557.0,557.0,557.0,550.0,551.0,900
2022-10-17,555.0,555.0,557.0,555.0,557.0,300
2022-10-18,559.0,559.0,559.0,559.0,559.0,100
2022-10-19,555.0,555.0,555.0,555.0,555.0,200
2022-10-20,555.0,555.0,555.0,555.0,555.0,0
2022-10-21,556.0,556.0,556.0,551.0,555.0,1600
2022-10-24,558.0,558.0,558.0,558.0,558.0,200
2022-10-25,565.0,565.0,565.0,561.0,562.0,1300
2022-10-26,567.0,567.0,570.0,565.0,566.0,2100
2022-10-27,574.0,574.0,579.0,568.0,579.0,3600
2022-10-28,574.0,574.0,574.0,574.0,574.0,100
2022-10-31,570.0,570.0,584.0,565.0,574.0,5600
2022-11-01,558.0,558.0,563.0,557.0,563.0,3600
2022-11-02,560.0,560.0,560.0,558.0,560.0,300
2022-11-04,557.0,557.0,559.0,557.0,559.0,500
2022-11-07,556.0,556.0,556.0,555.0,556.0,900
2022-11-08,564.0,564.0,568.0,554.0,554.0,500
2022-11-09,560.0,560.0,563.0,557.0,558.0,500
2022-11-10,560.0,560.0,560.0,560.0,560.0,200
2022-11-11,560.0,560.0,560.0,560.0,560.0,0
2022-11-14,561.0,561.0,561.0,561.0,561.0,200
2022-11-15,560.0,560.0,560.0,560.0,560.0,100
2022-11-16,560.0,560.0,560.0,560.0,560.0,400
2022-11-17,563.0,563.0,563.0,561.0,561.0,500
2022-11-18,565.0,565.0,565.0,564.0,565.0,400
2022-11-21,564.0,564.0,565.0,560.0,565.0,600
2022-11-22,575.0,575.0,575.0,565.0,565.0,4000
2022-11-24,567.0,567.0,568.0,566.0,566.0,2800
2022-11-25,571.0,571.0,571.0,568.0,568.0,1500
2022-11-28,568.0,568.0,570.0,565.0,567.0,3800
2022-11-29,566.0,566.0,571.0,566.0,571.0,300
2022-11-30,573.0,573.0,573.0,567.0,572.0,1100
2022-12-01,566.0,566.0,569.0,565.0,569.0,500
2022-12-02,567.0,567.0,570.0,567.0,570.0,200
2022-12-05,568.0,568.0,570.0,568.0,570.0,500
2022-12-06,568.0,568.0,569.0,567.0,569.0,300
2022-12-07,568.0,568.0,568.0,568.0,568.0,100
2022-12-08,567.0,567.0,568.0,567.0,568.0,300
2022-12-09,562.0,562.0,570.0,562.0,569.0,1800
2022-12-12,569.0,569.0,569.0,569.0,569.0,100
2022-12-13,569.0,569.0,569.0,565.0,565.0,700
2022-12-14,564.0,564.0,570.0,564.0,570.0,700
2022-12-15,570.0,570.0,570.0,570.0,570.0,100
2022-12-16,565.0,565.0,570.0,565.0,570.0,200
2022-12-19,570.0,570.0,572.0,562.0,562.0,1600
2022-12-20,565.0,565.0,569.0,563.0,569.0,2400
2022-12-21,570.0,570.0,570.0,562.0,565.0,1400
2022-12-22,574.0,574.0,574.0,571.0,571.0,1500
2022-12-23,575.0,575.0,580.0,570.0,575.0,4600
2022-12-26,583.0,583.0,584.0,575.0,575.0,2000
2022-12-27,566.0,566.0,568.0,564.0,565.0,11000
2022-12-28,565.0,565.0,569.0,560.0,565.0,1700
2022-12-29,558.0,558.0,568.0,558.0,561.0,600
2022-12-30,558.0,558.0,558.0,558.0,558.0,0
2023-01-04,557.0,557.0,560.0,557.0,559.0,600
2023-01-05,557.0,557.0,558.0,555.0,555.0,700
2023-01-06,556.0,556.0,556.0,556.0,556.0,300
2023-01-10,554.0,554.0,556.0,554.0,555.0,1100
2023-01-11,560.0,560.0,560.0,553.0,558.0,800
2023-01-12,556.0,556.0,556.0,556.0,556.0,500
2023-01-13,560.0,560.0,560.0,555.0,556.0,700
2023-01-16,559.0,559.0,559.0,556.0,556.0,400
2023-01-17,559.0,559.0,559.0,557.0,559.0,900
2023-01-18,556.0,556.0,557.0,556.0,557.0,1100
2023-01-19,557.0,557.0,558.0,557.0,557.0,500
2023-01-20,560.0,560.0,560.0,556.0,556.0,1300
2023-01-23,559.0,559.0,565.0,559.0,560.0,2900
2023-01-24,567.0,567.0,568.0,567.0,568.0,900
2023-01-25,567.0,567.0,567.0,567.0,567.0,0
2023-01-26,569.0,569.0,569.0,562.0,562.0,2200
2023-01-27,569.0,569.0,572.0,564.0,572.0,2900
2023-01-30,565.0,565.0,569.0,565.0,569.0,500
2023-01-31,559.0,559.0,580.0,557.0,562.0,4700
2023-02-01,562.0,562.0,573.0,562.0,564.0,1400
2023-02-02,562.0,562.0,570.0,562.0,562.0,400
2023-02-03,570.0,570.0,570.0,570.0,570.0,200
2023-02-06,566.0,566.0,573.0,564.0,573.0,600
2023-02-07,565.0,565.0,565.0,564.0,564.0,800
2023-02-08,565.0,565.0,565.0,565.0,565.0,0
2023-02-09,570.0,570.0,570.0,565.0,565.0,300
2023-02-10,570.0,570.0,570.0,570.0,570.0,300
2023-02-13,570.0,570.0,574.0,570.0,570.0,700
2023-02-14,570.0,570.0,570.0,569.0,570.0,500
2023-02-15,567.0,567.0,570.0,562.0,570.0,2100
2023-02-16,564.0,564.0,568.0,564.0,568.0,600
2023-02-17,566.0,566.0,568.0,566.0,566.0,400
2023-02-20,574.0,574.0,576.0,569.0,569.0,1900
2023-02-21,575.0,575.0,575.0,570.0,574.0,1000
2023-02-22,570.0,570.0,575.0,565.0,575.0,2200
2023-02-24,577.0,577.0,577.0,569.0,570.0,1600
2023-02-27,574.0,574.0,586.0,574.0,586.0,3300
2023-02-28,582.0,582.0,584.0,574.0,574.0,300
2023-03-01,582.0,582.0,582.0,582.0,582.0,0
2023-03-02,570.0,570.0,582.0,570.0,582.0,3000
2023-03-03,576.0,576.0,578.0,573.0,573.0,1200
2023-03-06,577.0,577.0,579.0,570.0,576.0,1600
2023-03-07,577.0,577.0,577.0,577.0,577.0,400
2023-03-08,577.0,577.0,577.0,573.0,573.0,900
2023-03-09,579.0,579.0,579.0,577.0,578.0,500
2023-03-10,574.0,574.0,579.0,574.0,579.0,700
2023-03-13,575.0,575.0,575.0,573.0,574.0,500
2023-03-14,570.0,570.0,571.0,570.0,571.0,200
2023-03-15,571.0,571.0,571.0,570.0,570.0,500
2023-03-16,568.0,568.0,571.0,568.0,571.0,500
2023-03-17,573.0,573.0,573.0,573.0,573.0,1100
2023-03-20,572.0,572.0,572.0,570.0,570.0,2400
2023-03-22,573.0,573.0,574.0,570.0,573.0,1100
2023-03-23,574.0,574.0,576.0,573.0,573.0,800
2023-03-29,580.0,580.0,580.0,577.0,577.0,400
2023-03-24,579.0,579.0,579.0,573.0,575.0,1800
2023-03-27,572.0,572.0,579.0,570.0,579.0,3400
2023-03-28,577.0,577.0,577.0,573.0,573.0,600
2023-03-27,562.137939453125,572.0,579.0,570.0,579.0,3400
2023-03-28,567.0517578125,577.0,577.0,573.0,573.0,600
2023-03-29,570.0,580.0,580.0,577.0,577.0,400
2023-03-30,572.0,572.0,572.0,570.0,570.0,1000
2023-03-31,578.0,578.0,578.0,571.0,575.0,300
2023-04-03,573.0,573.0,580.0,572.0,580.0,1200
2023-04-04,580.0,580.0,580.0,575.0,575.0,800
2023-04-05,584.0,584.0,584.0,575.0,578.0,2400
2023-04-06,582.0,582.0,582.0,576.0,576.0,400
2023-04-07,577.0,577.0,584.0,577.0,584.0,900
2023-04-10,578.0,578.0,578.0,578.0,578.0,100
2023-04-11,578.0,578.0,580.0,578.0,580.0,300
2023-04-12,576.0,576.0,577.0,576.0,577.0,400
2023-04-13,579.0,579.0,579.0,578.0,579.0,800
2023-04-14,579.0,579.0,583.0,578.0,578.0,1200
2023-04-17,579.0,579.0,580.0,579.0,579.0,500
2023-04-18,582.0,582.0,582.0,579.0,579.0,500
2023-04-19,581.0,581.0,582.0,579.0,582.0,500
2023-04-20,578.0,578.0,582.0,578.0,582.0,1900
2023-04-26,588.0,588.0,588.0,587.0,588.0,3300
2023-04-21,582.0,582.0,584.0,577.0,584.0,5300
2023-04-24,584.0,584.0,584.0,582.0,583.0,800
2023-04-25,588.0,588.0,588.0,583.0,584.0,3800
2023-04-26,588.0,588.0,588.0,583.0,588.0,3300
2023-04-27,581.0,581.0,590.0,581.0,590.0,3300
2023-04-28,583.0,583.0,588.0,581.0,581.0,500
2023-05-09,612.0,612.0,665.0,607.0,654.0,96600
2023-05-01,584.0,584.0,584.0,583.0,584.0,1500
2023-05-02,587.0,587.0,588.0,584.0,585.0,1800
2023-05-08,654.0,654.0,687.0,634.0,687.0,151300
2023-05-09,612.0,612.0,665.0,601.0,654.0,96600
2023-05-10,615.0,615.0,617.0,607.0,610.0,16000
2023-05-11,603.0,603.0,615.0,595.0,612.0,9000
2023-05-12,603.0,603.0,605.0,602.0,603.0,5600
2023-05-15,605.0,605.0,609.0,604.0,606.0,2600
2023-05-16,600.0,600.0,602.0,600.0,602.0,3000
2023-05-17,602.0,602.0,603.0,596.0,600.0,3600
2023-05-18,599.0,599.0,604.0,595.0,604.0,3400
2023-05-19,595.0,595.0,605.0,595.0,605.0,3000
2023-05-22,597.0,597.0,604.0,597.0,600.0,3000
2023-05-23,592.0,592.0,599.0,587.0,597.0,8300
2023-05-24,595.0,595.0,601.0,589.0,589.0,8100
2023-05-25,599.0,599.0,603.0,595.0,595.0,4200
2023-05-26,602.0,602.0,602.0,599.0,600.0,2100
2023-05-29,598.0,598.0,607.0,598.0,607.0,3500
2023-05-30,602.0,602.0,605.0,599.0,605.0,1300
2023-05-31,596.0,596.0,598.0,586.0,597.0,3300
2023-06-01,593.0,593.0,593.0,592.0,592.0,1300
2023-06-02,594.0,594.0,598.0,592.0,592.0,400
2023-06-05,599.0,599.0,599.0,593.0,599.0,5000
2023-06-06,597.0,597.0,599.0,593.0,599.0,1200
2023-06-07,593.0,593.0,597.0,593.0,597.0,2900
2023-06-08,596.0,596.0,596.0,593.0,593.0,1300
2023-06-09,596.0,596.0,596.0,592.0,596.0,1600
2023-06-12,596.0,596.0,596.0,594.0,595.0,700
2023-06-13,597.0,597.0,597.0,590.0,594.0,4900
2023-06-14,597.0,597.0,599.0,593.0,598.0,4500
2023-06-15,594.0,594.0,597.0,594.0,597.0,2200
2023-06-16,594.0,594.0,598.0,594.0,595.0,2100
2023-06-19,598.0,598.0,598.0,594.0,594.0,200
2023-06-23,606.0,606.0,608.0,606.0,606.0,4300
2023-06-20,595.0,595.0,598.0,595.0,596.0,700
2023-06-21,598.0,598.0,599.0,595.0,597.0,4100
2023-06-22,601.0,601.0,606.0,600.0,600.0,8100
2023-06-23,606.0,606.0,608.0,603.0,606.0,4300
2023-06-26,613.0,613.0,618.0,607.0,608.0,8800
2023-06-27,606.0,606.0,617.0,606.0,617.0,12900
2023-06-28,602.0,602.0,603.0,601.0,603.0,1200
2023-06-29,601.0,601.0,605.0,600.0,605.0,600
2023-06-30,603.0,603.0,603.0,599.0,601.0,1100
2023-07-03,607.0,607.0,607.0,605.0,605.0,1200
2023-07-04,606.0,606.0,607.0,605.0,607.0,500
2023-07-05,605.0,605.0,605.0,603.0,605.0,1800
2023-07-06,603.0,603.0,607.0,603.0,605.0,500
2023-07-07,605.0,605.0,605.0,598.0,601.0,3200
2023-07-10,604.0,604.0,605.0,600.0,605.0,2400
2023-07-11,601.0,601.0,604.0,601.0,604.0,800
2023-07-12,603.0,603.0,607.0,599.0,604.0,2400
2023-07-13,604.0,604.0,604.0,603.0,603.0,300
2023-07-14,600.0,600.0,604.0,597.0,597.0,1200
2023-07-18,609.0,609.0,609.0,603.0,603.0,3100
2023-07-19,612.0,612.0,612.0,607.0,607.0,2700
2023-07-20,609.0,609.0,612.0,607.0,612.0,2000
2023-07-21,609.0,609.0,612.0,609.0,610.0,1700
2023-07-24,612.0,612.0,615.0,608.0,612.0,3400
2023-07-25,618.0,618.0,618.0,612.0,615.0,3200
2023-07-26,627.0,627.0,630.0,620.0,620.0,6000
2023-08-01,638.0,638.0,639.0,625.0,630.0,2700
2023-07-27,618.0,618.0,620.0,612.0,617.0,9300
2023-07-28,619.0,619.0,619.0,615.0,616.0,1900
2023-07-31,629.0,629.0,653.0,616.0,619.0,15400
2023-08-04,633.0,633.0,634.0,632.0,633.0,700
2023-08-01,638.0,638.0,639.0,625.0,630.0,2800
2023-08-02,629.0,629.0,642.0,626.0,638.0,1900
2023-08-03,630.0,630.0,639.0,627.0,629.0,700
2023-08-04,633.0,633.0,634.0,632.0,633.0,800
2023-08-07,626.0,626.0,634.0,626.0,633.0,3300
2023-08-08,624.0,624.0,643.0,621.0,643.0,2200
2023-08-09,628.0,628.0,638.0,624.0,625.0,2400
2023-08-10,618.0,618.0,627.0,615.0,627.0,2200
2023-08-14,629.0,629.0,635.0,621.0,634.0,3100
2023-08-15,635.0,635.0,635.0,624.0,633.0,3200
2023-08-16,635.0,635.0,637.0,631.0,637.0,1500
2023-08-17,620.0,620.0,632.0,620.0,621.0,2600
2023-08-18,620.0,620.0,620.0,615.0,615.0,1700
2023-08-21,627.0,627.0,627.0,620.0,620.0,800
2023-08-22,628.0,628.0,635.0,625.0,627.0,1400
2023-08-23,632.0,632.0,635.0,625.0,633.0,1700
2023-08-24,635.0,635.0,640.0,632.0,635.0,2600
2023-08-25,638.0,638.0,638.0,633.0,635.0,2000
2023-08-28,638.0,638.0,650.0,632.0,650.0,5400
2023-08-29,632.0,632.0,640.0,632.0,640.0,1500
2023-08-30,637.0,637.0,637.0,632.0,637.0,1600
2023-08-31,637.0,637.0,637.0,633.0,635.0,2200
