Date,Adj Close,Close,High,Low,Open,Volume
2004-04-07,380.8952331542969,676.25,760.0,638.75,638.75,41360000
2004-04-08,432.99554443359375,768.75,790.0,688.75,701.25,26240000
2004-04-09,428.771240234375,761.25,810.0,738.75,761.25,12960000
2004-04-12,499.1769714355469,886.25,886.25,782.5,800.0,17120000
2004-04-13,528.747314453125,938.75,1000.0,905.0,961.25,15200000
2004-04-14,516.7783813476562,917.5,971.25,891.25,913.75,5520000
2004-04-15,476.6471557617188,846.25,912.5,792.5,912.5,5760000
2004-04-16,468.198486328125,831.25,871.25,800.0,871.25,2880000
2004-04-19,440.7402038574219,782.5,820.0,760.0,818.75,2000000
2004-04-20,450.5970764160156,800.0,825.0,777.5,777.5,1600000
2004-04-21,440.7402038574219,782.5,803.75,781.25,803.75,1280000
2004-04-22,478.7593688964844,850.0,853.75,797.5,805.0,3520000
2004-04-23,458.341552734375,813.75,866.25,806.25,841.25,2160000
2004-04-26,451.3010864257813,801.25,835.0,791.25,831.25,1280000
2004-04-27,444.2605895996094,788.75,797.5,782.5,797.5,1040000
2004-04-28,457.6376037597656,812.5,822.5,782.5,785.0,1680000
2004-04-30,451.3010864257813,801.25,813.75,788.75,800.0,880000
2004-05-06,466.0862731933594,827.5,837.5,803.75,815.0,1680000
2004-05-07,457.6376037597656,812.5,832.5,806.25,832.5,800000
2004-05-10,394.2723693847656,700.0,803.75,693.75,802.5,1680000
2004-05-11,374.558837890625,665.0,712.5,662.5,662.5,1040000
2004-05-12,413.9859619140625,735.0,747.5,693.75,715.0,720000
2004-05-13,402.01708984375,713.75,728.75,707.5,722.5,400000
2004-05-14,387.935791015625,688.75,710.0,662.5,703.75,640000
2004-05-17,360.47760009765625,640.0,757.5,638.75,738.75,3760000
2004-05-18,386.5276794433594,686.25,711.25,607.5,615.0,1520000
2004-05-19,415.3941040039063,737.5,747.5,707.5,723.75,1360000
2004-05-20,405.5372924804688,720.0,747.5,718.75,733.75,1120000
2004-05-21,411.8739013671875,731.25,737.5,718.75,725.0,720000
2004-05-24,405.5372924804688,720.0,737.5,718.75,736.25,1120000
2004-05-25,402.7210388183594,715.0,718.75,697.5,707.5,1520000
2004-05-26,429.4752502441406,762.5,805.0,740.0,790.0,720000
2004-05-27,399.9048461914063,710.0,765.0,700.0,762.5,240000
2004-05-28,402.7210388183594,715.0,732.5,700.0,700.0,200000
2004-05-31,398.4965515136719,707.5,725.0,700.0,725.0,120000
2004-06-01,409.7616271972656,727.5,727.5,705.0,712.5,200000
2004-06-02,411.1697692871094,730.0,735.0,717.5,732.5,160000
2004-06-03,399.9048461914063,710.0,727.5,705.0,727.5,120000
2004-06-04,398.4965515136719,707.5,707.5,697.5,702.5,120000
2004-06-07,394.2723693847656,700.0,707.5,700.0,705.0,80000
2004-06-08,397.0886840820313,705.0,710.0,700.0,702.5,240000
2004-06-09,429.4752502441406,762.5,777.5,707.5,707.5,800000
2004-06-10,446.37255859375,792.5,797.5,770.0,775.0,800000
2004-06-11,449.1888732910156,797.5,810.0,795.0,800.0,400000
2004-06-14,447.7808227539063,795.0,805.0,795.0,800.0,280000
2004-06-15,437.9239196777344,777.5,787.5,775.0,787.5,160000
2004-06-16,443.5565490722656,787.5,800.0,770.0,800.0,240000
2004-06-17,447.7808227539063,795.0,802.5,787.5,800.0,320000
2004-06-18,443.5565490722656,787.5,800.0,770.0,787.5,200000
2004-06-21,432.2915344238281,767.5,777.5,767.5,777.5,80000
2004-06-22,433.6995239257813,770.0,777.5,767.5,770.0,200000
2004-06-23,436.5158386230469,775.0,785.0,767.5,770.0,240000
2004-06-24,437.9239196777344,777.5,777.5,767.5,775.0,160000
2004-06-25,437.9239196777344,777.5,782.5,777.5,777.5,80000
2004-06-28,439.33209228515625,780.0,785.0,777.5,785.0,80000
2004-06-29,444.964599609375,790.0,790.0,777.5,787.5,240000
2004-06-30,463.2699279785156,822.5,842.5,792.5,795.0,880000
2004-07-01,453.4132080078125,805.0,832.5,802.5,832.5,280000
2004-07-02,459.0455932617188,815.0,822.5,780.0,792.5,400000
2004-07-05,453.4132080078125,805.0,807.5,795.0,805.0,280000
2004-07-06,456.2294616699219,810.0,835.0,807.5,835.0,360000
2004-07-07,463.2699279785156,822.5,822.5,807.5,810.0,360000
2004-07-08,457.6376037597656,812.5,825.0,807.5,825.0,280000
2004-07-09,446.37255859375,792.5,812.5,785.0,810.0,320000
2004-07-12,453.4132080078125,805.0,805.0,792.5,792.5,280000
2004-07-13,429.4752502441406,762.5,797.5,755.0,780.0,840000
2004-07-14,432.2915344238281,767.5,782.5,762.5,767.5,560000
2004-07-15,425.2509460449219,755.0,775.0,742.5,765.0,600000
2004-07-16,423.8427429199219,752.5,762.5,737.5,742.5,320000
2004-07-20,412.5778503417969,732.5,750.0,725.0,750.0,120000
2004-07-21,415.3941040039063,737.5,742.5,727.5,732.5,160000
2004-07-22,405.5372924804688,720.0,732.5,705.0,730.0,240000
2004-07-23,406.9454650878906,722.5,727.5,720.0,725.0,120000
2004-07-26,397.0886840820313,705.0,722.5,700.0,722.5,240000
2004-07-27,360.47760009765625,640.0,705.0,635.0,695.0,480000
2004-07-28,368.9263000488281,655.0,672.5,650.0,662.5,200000
2004-07-29,377.37506103515625,670.0,672.5,637.5,665.0,280000
2004-07-30,364.701904296875,647.5,670.0,635.0,655.0,200000
2004-08-02,368.9263000488281,655.0,660.0,650.0,652.5,80000
2004-08-03,368.9263000488281,655.0,667.5,650.0,667.5,160000
2004-08-04,366.1100463867188,650.0,655.0,625.0,655.0,240000
2004-08-05,368.9263000488281,655.0,660.0,645.0,650.0,80000
2004-08-06,364.701904296875,647.5,655.0,630.0,635.0,80000
2004-08-09,366.1100463867188,650.0,657.5,635.0,657.5,120000
2004-08-10,374.558837890625,665.0,685.0,647.5,657.5,160000
2004-08-11,383.0074157714844,680.0,695.0,672.5,677.5,160000
2004-08-12,385.82366943359375,685.0,690.0,675.0,680.0,40000
2004-08-13,387.2317810058594,687.5,687.5,675.0,682.5,120000
2004-08-16,385.82366943359375,685.0,707.5,677.5,707.5,80000
2004-08-17,375.9668884277344,667.5,687.5,665.0,685.0,80000
2004-08-18,364.701904296875,647.5,665.0,647.5,665.0,80000
2004-08-19,371.7426452636719,660.0,665.0,642.5,642.5,120000
2004-08-20,366.1100463867188,650.0,657.5,647.5,657.5,80000
2004-08-23,371.7426452636719,660.0,662.5,655.0,655.0,80000
2004-08-24,398.4965515136719,707.5,707.5,667.5,672.5,280000
2004-08-25,397.0886840820313,705.0,715.0,687.5,707.5,160000
2004-08-26,384.4154968261719,682.5,712.5,680.0,707.5,40000
2004-08-27,387.2317810058594,687.5,700.0,682.5,682.5,80000
2004-08-30,394.2723693847656,700.0,700.0,675.0,682.5,200000
2004-08-31,418.2103271484375,742.5,745.0,682.5,690.0,760000
2004-09-01,421.026611328125,747.5,762.5,720.0,737.5,400000
2004-09-02,418.2103271484375,742.5,747.5,725.0,747.5,160000
2004-09-03,419.618408203125,745.0,747.5,725.0,737.5,240000
2004-09-06,426.6590576171875,757.5,760.0,747.5,750.0,320000
2004-09-07,423.8427429199219,752.5,757.5,740.0,757.5,240000
2004-09-08,415.3941040039063,737.5,750.0,727.5,745.0,280000
2004-09-09,413.9859619140625,735.0,737.5,727.5,732.5,120000
2004-09-10,404.1291198730469,717.5,727.5,715.0,725.0,160000
2004-09-13,394.2723693847656,700.0,715.0,692.5,707.5,120000
2004-09-14,381.599365234375,677.5,700.0,677.5,700.0,160000
2004-09-15,371.7426452636719,660.0,687.5,657.5,680.0,360000
2004-09-16,367.5181579589844,652.5,665.0,645.0,660.0,320000
2004-09-17,380.1911926269531,675.0,675.0,652.5,652.5,120000
2004-09-21,380.1911926269531,675.0,682.5,675.0,680.0,160000
2004-09-22,373.1505737304688,662.5,675.0,662.5,670.0,200000
2004-09-24,374.558837890625,665.0,672.5,655.0,655.0,120000
2004-09-27,382.3473205566406,675.0,690.0,662.5,690.0,40000
2004-09-28,363.9378967285156,642.5,665.0,642.5,657.5,120000
2004-09-29,375.2666931152344,662.5,662.5,637.5,652.5,240000
2004-09-30,389.427734375,687.5,687.5,655.0,657.5,80000
2004-10-01,396.50830078125,700.0,712.5,675.0,677.5,160000
2004-10-04,400.7565002441406,707.5,717.5,687.5,712.5,120000
2004-10-05,395.0921630859375,697.5,700.0,675.0,700.0,80000
2004-10-06,385.179443359375,680.0,697.5,677.5,692.5,200000
2004-10-07,397.9244079589844,702.5,702.5,680.0,682.5,520000
2004-10-08,437.5751647949219,772.5,772.5,692.5,700.0,760000
2004-10-12,430.4946899414063,760.0,762.5,745.0,747.5,320000
2004-10-13,427.6625671386719,755.0,760.0,745.0,752.5,280000
2004-10-14,424.8303527832031,750.0,752.5,740.0,745.0,240000
2004-10-15,429.0785827636719,757.5,760.0,747.5,750.0,400000
2004-10-18,424.8303527832031,750.0,755.0,750.0,755.0,160000
2004-10-19,427.6625671386719,755.0,755.0,750.0,750.0,280000
2004-10-20,424.8303527832031,750.0,755.0,750.0,750.0,240000
2004-10-21,424.8303527832031,750.0,755.0,715.0,750.0,840000
2004-10-22,446.0718383789063,787.5,800.0,750.0,750.0,960000
2004-10-25,429.0785827636719,757.5,775.0,750.0,775.0,280000
2004-10-26,458.8168029785156,810.0,817.5,745.0,745.0,1760000
2004-10-27,458.8168029785156,810.0,820.0,795.0,815.0,1040000
2004-10-28,458.8168029785156,810.0,817.5,805.0,812.5,800000
2004-10-29,463.0650634765625,817.5,830.0,810.0,825.0,880000
2004-11-01,464.4812316894531,820.0,822.5,812.5,820.0,360000
2004-11-02,467.3132934570313,825.0,830.0,822.5,825.0,440000
2004-11-04,480.0582275390625,847.5,872.5,837.5,837.5,1360000
2004-11-05,464.4812316894531,820.0,847.5,812.5,847.5,200000
2004-11-08,424.8303527832031,750.0,820.0,750.0,820.0,440000
2004-11-09,464.4812316894531,820.0,837.5,775.0,775.0,320000
2004-11-10,453.1524658203125,800.0,802.5,782.5,782.5,160000
2004-11-11,446.0718383789063,787.5,817.5,787.5,817.5,160000
2004-11-12,461.64892578125,815.0,817.5,775.0,777.5,200000
2004-11-15,464.4812316894531,820.0,842.5,817.5,820.0,360000
2004-11-16,465.897216796875,822.5,835.0,820.0,825.0,440000
2004-11-17,501.2998046875,885.0,895.0,795.0,820.0,2560000
2004-11-18,482.8904418945313,852.5,885.0,845.0,860.0,640000
2004-11-19,481.4743347167969,850.0,852.5,832.5,852.5,160000
2004-11-22,472.9776306152344,835.0,862.5,822.5,827.5,240000
2004-11-24,474.3938903808594,837.5,855.0,837.5,847.5,80000
2004-11-25,481.4743347167969,850.0,850.0,825.0,845.0,320000
2004-11-26,482.8904418945313,852.5,855.0,825.0,825.0,280000
2004-11-29,478.6422424316406,845.0,850.0,837.5,845.0,40000
2004-11-30,471.5616149902344,832.5,847.5,832.5,837.5,80000
2004-12-01,455.9844970703125,805.0,825.0,792.5,825.0,320000
2004-12-02,455.9844970703125,805.0,815.0,800.0,815.0,120000
2004-12-03,457.4005432128906,807.5,810.0,797.5,807.5,160000
2004-12-06,455.9844970703125,805.0,807.5,800.0,800.0,80000
2004-12-07,457.4005432128906,807.5,825.0,800.0,825.0,160000
2004-12-08,457.4005432128906,807.5,825.0,790.0,800.0,360000
2004-12-09,453.1524658203125,800.0,815.0,800.0,810.0,720000
2004-12-10,434.7430725097656,767.5,790.0,765.0,777.5,440000
2004-12-13,434.7430725097656,767.5,777.5,737.5,777.5,240000
2004-12-14,438.991455078125,775.0,780.0,762.5,762.5,80000
2004-12-15,433.3269958496094,765.0,782.5,765.0,775.0,320000
2004-12-16,433.3269958496094,765.0,767.5,737.5,752.5,720000
2004-12-17,431.9108581542969,762.5,765.0,755.0,762.5,120000
2004-12-20,429.0785827636719,757.5,757.5,750.0,755.0,160000
2004-12-21,434.7430725097656,767.5,767.5,752.5,757.5,80000
2004-12-22,444.65576171875,785.0,790.0,762.5,765.0,160000
2004-12-24,446.0718383789063,787.5,787.5,780.0,785.0,80000
2004-12-27,457.4005432128906,807.5,815.0,795.0,812.5,240000
2004-12-28,460.23284912109375,812.5,812.5,800.0,802.5,40000
2004-12-29,465.897216796875,822.5,835.0,800.0,812.5,200000
2004-12-30,460.23284912109375,812.5,820.0,802.5,807.5,120000
2005-01-04,458.8168029785156,810.0,815.0,805.0,815.0,40000
2005-01-05,458.8168029785156,810.0,812.5,805.0,810.0,40000
2005-01-06,467.3132934570313,825.0,832.5,807.5,812.5,280000
2005-01-07,463.0650634765625,817.5,827.5,807.5,825.0,120000
2005-01-11,467.3132934570313,825.0,825.0,812.5,817.5,160000
2005-01-12,497.0514526367188,877.5,880.0,835.0,837.5,1400000
2005-01-13,499.88372802734375,882.5,892.5,875.0,877.5,560000
2005-01-14,499.88372802734375,882.5,885.0,850.0,882.5,280000
2005-01-17,494.2192687988281,872.5,872.5,862.5,862.5,200000
2005-01-18,478.6422424316406,845.0,862.5,832.5,862.5,720000
2005-01-19,480.0582275390625,847.5,852.5,845.0,847.5,120000
2005-01-20,468.7294616699219,827.5,850.0,822.5,850.0,280000
2005-01-21,482.8904418945313,852.5,857.5,840.0,840.0,280000
2005-01-24,492.8030700683594,870.0,870.0,860.0,865.0,200000
2005-01-25,495.6353149414063,875.0,892.5,862.5,880.0,760000
2005-01-26,497.0514526367188,877.5,887.5,877.5,882.5,440000
2005-01-27,495.6353149414063,875.0,887.5,862.5,885.0,560000
2005-01-28,491.3870544433594,867.5,880.0,865.0,875.0,480000
2005-01-31,498.4674987792969,880.0,880.0,862.5,862.5,80000
2005-02-01,523.957275390625,925.0,937.5,885.0,887.5,840000
2005-02-02,535.2861328125,945.0,950.0,925.0,950.0,560000
2005-02-03,533.8699951171875,942.5,947.5,937.5,947.5,320000
2005-02-04,528.20556640625,932.5,945.0,917.5,945.0,120000
2005-02-07,523.957275390625,925.0,935.0,915.0,930.0,120000
2005-02-08,523.957275390625,925.0,935.0,915.0,925.0,280000
2005-02-09,522.5413208007812,922.5,930.0,917.5,930.0,160000
2005-02-10,515.4608764648438,910.0,947.5,910.0,932.5,720000
2005-02-11,515.4608764648438,910.0,910.0,910.0,910.0,0
2005-02-14,533.8699951171875,942.5,947.5,932.5,947.5,320000
2005-02-15,532.4541015625,940.0,947.5,932.5,947.5,320000
2005-02-16,525.3734130859375,927.5,942.5,920.0,942.5,160000
2005-02-17,515.4608764648438,910.0,935.0,910.0,927.5,200000
2005-02-18,506.964111328125,895.0,905.0,880.0,905.0,280000
2005-02-21,540.95068359375,955.0,960.0,942.5,952.5,1080000
2005-02-22,550.86328125,972.5,987.5,952.5,960.0,960000
2005-02-23,538.118408203125,950.0,972.5,932.5,947.5,920000
2005-02-24,549.447265625,970.0,975.0,957.5,962.5,720000
2005-02-25,559.3600463867188,987.5,997.5,980.0,982.5,1120000
2005-02-28,550.86328125,972.5,997.5,945.0,987.5,3480000
2005-03-01,608.9234619140625,1075.0,1075.0,975.0,985.0,1680000
2005-03-02,557.9439697265625,985.0,1037.5,980.0,1025.0,1560000
2005-03-03,556.5276489257812,982.5,995.0,972.5,990.0,560000
2005-03-04,546.6150512695312,965.0,972.5,962.5,972.5,400000
2005-03-07,548.0311279296875,967.5,995.0,960.0,962.5,640000
2005-03-08,549.447265625,970.0,975.0,965.0,970.0,320000
2005-03-09,543.78271484375,960.0,970.0,957.5,970.0,400000
2005-03-10,532.4541015625,940.0,952.5,937.5,952.5,320000
2005-03-11,505.5480651855469,892.5,927.5,890.0,915.0,1240000
2005-03-14,504.1320190429688,890.0,915.0,887.5,912.5,520000
2005-03-15,470.14556884765625,830.0,885.0,815.0,880.0,2800000
2005-03-16,480.0582275390625,847.5,860.0,840.0,840.0,840000
2005-03-17,484.3064880371094,855.0,867.5,840.0,840.0,560000
2005-03-18,523.957275390625,925.0,927.5,880.0,892.5,1320000
2005-03-21,523.957275390625,925.0,925.0,925.0,925.0,0
2005-03-22,522.5413208007812,922.5,930.0,905.0,920.0,440000
2005-03-23,521.1254272460938,920.0,925.0,912.5,922.5,200000
2005-03-24,516.876953125,912.5,920.0,897.5,920.0,200000
2005-03-25,511.2125549316406,902.5,915.0,900.0,912.5,200000
2005-03-28,495.6353149414063,875.0,882.5,837.5,840.0,240000
2005-03-29,497.0514526367188,877.5,885.0,872.5,882.5,120000
2005-03-30,484.3064880371094,855.0,867.5,847.5,865.0,160000
2005-03-31,495.6353149414063,875.0,875.0,850.0,852.5,160000
2005-04-01,485.72271728515625,857.5,865.0,855.0,862.5,160000
2005-04-04,495.6353149414063,875.0,875.0,850.0,850.0,120000
2005-04-05,492.8030700683594,870.0,880.0,862.5,862.5,120000
2005-04-06,488.554931640625,862.5,875.0,857.5,875.0,160000
2005-04-07,475.8100891113281,840.0,862.5,837.5,855.0,280000
2005-04-08,487.13873291015625,860.0,860.0,842.5,842.5,520000
2005-04-11,480.0582275390625,847.5,860.0,845.0,860.0,160000
2005-04-12,478.6422424316406,845.0,852.5,840.0,842.5,80000
2005-04-13,481.4743347167969,850.0,850.0,840.0,845.0,240000
2005-04-14,472.9776306152344,835.0,847.5,830.0,837.5,320000
2005-04-15,467.3132934570313,825.0,835.0,825.0,832.5,280000
2005-04-18,440.4074401855469,777.5,817.5,770.0,812.5,520000
2005-04-19,437.5751647949219,772.5,782.5,765.0,765.0,360000
2005-04-20,434.7430725097656,767.5,775.0,760.0,760.0,520000
2005-04-21,434.7430725097656,767.5,775.0,750.0,762.5,280000
2005-04-22,440.4074401855469,777.5,805.0,777.5,805.0,160000
2005-04-25,441.8235168457031,780.0,787.5,780.0,785.0,200000
2005-04-26,446.0718383789063,787.5,800.0,780.0,785.0,200000
2005-04-27,437.5751647949219,772.5,785.0,765.0,782.5,240000
2005-04-28,438.991455078125,775.0,785.0,767.5,775.0,200000
2005-04-29,438.991455078125,775.0,775.0,775.0,775.0,0
2005-05-02,447.4880065917969,790.0,792.5,777.5,787.5,160000
2005-05-05,447.4880065917969,790.0,790.0,790.0,790.0,0
2005-05-06,457.4005432128906,807.5,810.0,795.0,797.5,240000
2005-05-09,465.897216796875,822.5,830.0,810.0,815.0,200000
2005-05-10,470.14556884765625,830.0,840.0,825.0,835.0,200000
2005-05-11,471.5616149902344,832.5,837.5,825.0,830.0,240000
2005-05-12,472.9776306152344,835.0,840.0,832.5,832.5,200000
2005-05-13,489.9710693359375,865.0,872.5,825.0,832.5,560000
2005-05-16,453.1524658203125,800.0,865.0,790.0,865.0,440000
2005-05-17,440.4074401855469,777.5,815.0,775.0,812.5,400000
2005-05-18,447.4880065917969,790.0,805.0,780.0,787.5,360000
2005-05-19,451.7362365722656,797.5,810.0,795.0,795.0,320000
2005-05-20,443.2396545410156,782.5,792.5,782.5,787.5,360000
2005-05-23,446.0718383789063,787.5,790.0,782.5,782.5,200000
2005-05-24,444.65576171875,785.0,790.0,782.5,787.5,280000
2005-05-25,431.9108581542969,762.5,792.5,762.5,787.5,320000
2005-05-26,438.991455078125,775.0,787.5,760.0,767.5,240000
2005-05-27,434.7430725097656,767.5,782.5,765.0,775.0,160000
2005-05-30,434.7430725097656,767.5,777.5,762.5,765.0,280000
2005-05-31,448.9039916992188,792.5,792.5,770.0,772.5,440000
2005-06-01,447.4880065917969,790.0,800.0,775.0,775.0,600000
2005-06-02,443.2396545410156,782.5,797.5,775.0,777.5,840000
2005-06-03,447.4880065917969,790.0,790.0,780.0,780.0,200000
2005-06-06,450.32025146484375,795.0,807.5,785.0,790.0,680000
2005-06-07,463.0650634765625,817.5,820.0,800.0,800.0,680000
2005-06-08,465.897216796875,822.5,825.0,810.0,820.0,520000
2005-06-09,461.64892578125,815.0,822.5,795.0,822.5,360000
2005-06-10,455.9844970703125,805.0,822.5,802.5,822.5,240000
2005-06-13,460.23284912109375,812.5,820.0,800.0,812.5,200000
2005-06-14,455.9844970703125,805.0,812.5,802.5,805.0,80000
2005-06-15,468.7294616699219,827.5,827.5,807.5,810.0,240000
2005-06-16,465.897216796875,822.5,832.5,820.0,827.5,200000
2005-06-17,470.14556884765625,830.0,840.0,822.5,827.5,400000
2005-06-20,481.4743347167969,850.0,857.5,830.0,832.5,400000
2005-06-21,484.3064880371094,855.0,862.5,845.0,850.0,440000
2005-06-22,492.8030700683594,870.0,870.0,855.0,870.0,280000
2005-06-23,488.554931640625,862.5,875.0,862.5,872.5,200000
2005-06-24,478.6422424316406,845.0,857.5,830.0,857.5,280000
2005-06-27,474.3938903808594,837.5,837.5,827.5,837.5,240000
2005-06-28,482.8904418945313,852.5,855.0,835.0,837.5,160000
2005-06-29,488.554931640625,862.5,865.0,852.5,862.5,320000
2005-06-30,495.6353149414063,875.0,882.5,862.5,862.5,480000
2005-07-01,515.4608764648438,910.0,915.0,880.0,885.0,680000
2005-07-04,502.7158203125,887.5,907.5,880.0,907.5,280000
2005-07-05,504.1320190429688,890.0,912.5,890.0,912.5,400000
2005-07-06,508.3803405761719,897.5,902.5,892.5,902.5,200000
2005-07-07,502.7158203125,887.5,895.0,885.0,885.0,80000
2005-07-08,501.2998046875,885.0,900.0,880.0,882.5,80000
2005-07-11,506.964111328125,895.0,900.0,887.5,887.5,120000
2005-07-12,508.3803405761719,897.5,907.5,890.0,897.5,200000
2005-07-13,514.0445556640625,907.5,912.5,900.0,910.0,200000
2005-07-14,516.876953125,912.5,925.0,912.5,915.0,480000
2005-07-15,518.2930297851562,915.0,937.5,915.0,932.5,360000
2005-07-18,518.2930297851562,915.0,915.0,915.0,915.0,0
2005-07-19,514.0445556640625,907.5,917.5,882.5,905.0,320000
2005-07-20,512.6285400390625,905.0,915.0,900.0,910.0,200000
2005-07-21,511.2125549316406,902.5,912.5,902.5,912.5,120000
2005-07-22,509.7964782714844,900.0,905.0,895.0,900.0,80000
2005-07-25,508.3803405761719,897.5,905.0,892.5,892.5,120000
2005-07-26,509.7964782714844,900.0,902.5,895.0,902.5,80000
2005-07-27,519.7090454101562,917.5,920.0,897.5,900.0,280000
2005-07-28,518.2930297851562,915.0,915.0,905.0,905.0,120000
2005-07-29,516.876953125,912.5,922.5,912.5,917.5,160000
2005-08-01,514.0445556640625,907.5,930.0,907.5,915.0,360000
2005-08-02,519.7090454101562,917.5,922.5,907.5,910.0,240000
2005-08-03,518.2930297851562,915.0,925.0,915.0,915.0,240000
2005-08-04,515.4608764648438,910.0,922.5,890.0,922.5,200000
2005-08-05,514.0445556640625,907.5,915.0,902.5,912.5,200000
2005-08-08,522.5413208007812,922.5,922.5,890.0,922.5,360000
2005-08-09,523.957275390625,925.0,927.5,912.5,922.5,200000
2005-08-10,533.8699951171875,942.5,947.5,925.0,925.0,440000
2005-08-11,536.7024536132812,947.5,950.0,942.5,947.5,200000
2005-08-12,535.2861328125,945.0,950.0,942.5,950.0,200000
2005-08-15,533.8699951171875,942.5,947.5,935.0,945.0,160000
2005-08-16,533.8699951171875,942.5,942.5,935.0,942.5,120000
2005-08-17,529.6218872070312,935.0,942.5,935.0,942.5,120000
2005-08-18,531.0379638671875,937.5,937.5,922.5,932.5,200000
2005-08-19,526.7897338867188,930.0,935.0,922.5,935.0,120000
2005-08-22,521.1254272460938,920.0,925.0,900.0,922.5,280000
2005-08-23,514.0445556640625,907.5,917.5,907.5,907.5,240000
2005-08-24,502.7158203125,887.5,905.0,882.5,902.5,600000
2005-08-25,511.2125549316406,902.5,902.5,895.0,895.0,120000
2005-08-26,515.4608764648438,910.0,910.0,890.0,900.0,280000
2005-08-29,508.3803405761719,897.5,907.5,897.5,907.5,80000
2005-08-30,511.2125549316406,902.5,907.5,897.5,897.5,120000
2005-08-31,515.4608764648438,910.0,925.0,892.5,892.5,320000
2005-09-01,515.4608764648438,910.0,920.0,910.0,912.5,80000
2005-09-02,514.0445556640625,907.5,915.0,900.0,907.5,280000
2005-09-05,515.4608764648438,910.0,917.5,910.0,912.5,120000
2005-09-06,525.3734130859375,927.5,930.0,910.0,912.5,400000
2005-09-07,533.8699951171875,942.5,942.5,917.5,927.5,320000
2005-09-08,538.118408203125,950.0,952.5,927.5,942.5,480000
2005-09-09,559.3600463867188,987.5,1017.5,957.5,957.5,1480000
2005-09-12,548.0311279296875,967.5,1020.0,967.5,992.5,400000
2005-09-13,550.86328125,972.5,980.0,962.5,962.5,440000
2005-09-14,562.1920776367188,992.5,997.5,970.0,975.0,360000
2005-09-15,584.8497314453125,1032.5,1055.0,997.5,1000.0,1240000
2005-09-16,582.0175170898438,1027.5,1037.5,1012.5,1032.5,360000
2005-09-19,582.0175170898438,1027.5,1027.5,1027.5,1027.5,0
2005-09-20,594.7623291015625,1050.0,1057.5,1032.5,1037.5,320000
2005-09-21,593.3463745117188,1047.5,1062.5,1042.5,1062.5,360000
2005-09-22,583.4336547851562,1030.0,1045.0,1025.0,1037.5,280000
2005-09-23,583.4336547851562,1030.0,1030.0,1030.0,1030.0,0
2005-09-26,628.748779296875,1110.0,1155.0,1037.5,1040.0,1360000
2005-09-27,573.7958374023438,1005.0,1095.0,1000.0,1077.5,720000
2005-09-28,575.2230834960938,1007.5,1025.0,980.0,980.0,480000
2005-09-29,578.0777587890625,1012.5,1025.0,987.5,1020.0,400000
2005-09-30,575.2230834960938,1007.5,1037.5,1002.5,1037.5,560000
2005-10-03,630.8900146484375,1105.0,1112.5,1005.0,1020.0,680000
2005-10-04,602.3429565429688,1055.0,1082.5,1045.0,1080.0,640000
2005-10-05,609.4796142578125,1067.5,1067.5,1042.5,1060.0,640000
2005-10-06,603.7702026367188,1057.5,1067.5,1047.5,1062.5,240000
2005-10-07,616.616455078125,1080.0,1092.5,1070.0,1075.0,440000
2005-10-10,616.616455078125,1080.0,1080.0,1080.0,1080.0,0
2005-10-11,622.3257446289062,1090.0,1135.0,1080.0,1090.0,1320000
2005-10-12,603.7702026367188,1057.5,1102.5,1052.5,1102.5,920000
2005-10-13,608.0521850585938,1065.0,1067.5,1055.0,1060.0,520000
2005-10-14,589.4967041015625,1032.5,1067.5,1032.5,1065.0,280000
2005-10-17,592.3516235351562,1037.5,1055.0,1027.5,1037.5,400000
2005-10-18,586.6419677734375,1027.5,1050.0,1022.5,1050.0,360000
2005-10-19,585.2146606445312,1025.0,1027.5,1020.0,1025.0,320000
2005-10-20,586.6419677734375,1027.5,1037.5,1025.0,1030.0,280000
2005-10-21,650.8728637695312,1140.0,1142.5,1097.5,1127.5,1480000
2005-10-24,713.6763916015625,1250.0,1260.0,1162.5,1175.0,2400000
2005-10-25,712.2489013671875,1247.5,1295.0,1200.0,1225.0,1280000
2005-10-26,696.5482177734375,1220.0,1260.0,1215.0,1250.0,680000
2005-10-27,660.8642578125,1157.5,1212.5,1125.0,1210.0,1880000
2005-10-28,659.4368896484375,1155.0,1172.5,1125.0,1132.5,1840000
2005-10-31,727.9500732421875,1275.0,1280.0,1170.0,1180.0,1800000
2005-11-01,777.9072875976562,1362.5,1375.0,1237.5,1267.5,1400000
2005-11-02,746.5055541992188,1307.5,1345.0,1282.5,1337.5,1080000
2005-11-03,746.5055541992188,1307.5,1307.5,1307.5,1307.5,0
2005-11-04,770.7704467773438,1350.0,1360.0,1307.5,1325.0,760000
2005-11-07,777.9072875976562,1362.5,1440.0,1340.0,1380.0,1640000
2005-11-08,785.0438232421875,1375.0,1405.0,1367.5,1380.0,880000
2005-11-09,755.0695190429688,1322.5,1382.5,1315.0,1380.0,480000
2005-11-10,776.4796752929688,1360.0,1365.0,1307.5,1347.5,640000
2005-11-11,769.3430786132812,1347.5,1370.0,1337.5,1360.0,480000
2005-11-14,775.0525512695312,1357.5,1367.5,1342.5,1362.5,520000
2005-11-15,812.16357421875,1422.5,1442.5,1362.5,1362.5,1120000
2005-11-16,802.17236328125,1405.0,1425.0,1377.5,1425.0,680000
2005-11-17,815.0185546875,1427.5,1430.0,1380.0,1405.0,840000
2005-11-18,802.17236328125,1405.0,1417.5,1380.0,1405.0,400000
2005-11-21,792.1808471679688,1387.5,1410.0,1387.5,1410.0,320000
2005-11-22,806.454345703125,1412.5,1412.5,1390.0,1397.5,360000
2005-11-23,806.454345703125,1412.5,1412.5,1412.5,1412.5,0
2005-11-24,844.9927978515625,1480.0,1520.0,1427.5,1440.0,1000000
2005-11-25,827.864501953125,1450.0,1515.0,1400.0,1440.0,200000
2005-11-28,856.411865234375,1500.0,1545.0,1480.0,1495.0,220000
2005-11-29,853.5570678710938,1495.0,1510.0,1485.0,1510.0,120000
2005-11-30,859.2664184570312,1505.0,1565.0,1505.0,1505.0,280000
2005-12-01,853.5570678710938,1495.0,1520.0,1480.0,1520.0,200000
2005-12-02,884.9586181640625,1550.0,1610.0,1510.0,1510.0,460000
2005-12-05,913.505859375,1600.0,1635.0,1590.0,1600.0,240000
2005-12-06,984.8734741210938,1725.0,1850.0,1630.0,1650.0,820000
2005-12-07,936.3434448242188,1640.0,1810.0,1620.0,1750.0,600000
2005-12-08,919.2153930664062,1610.0,1665.0,1605.0,1615.0,120000
2005-12-09,944.9071044921876,1655.0,1680.0,1625.0,1680.0,220000
2005-12-12,967.7451171875,1695.0,1740.0,1690.0,1705.0,280000
2005-12-13,964.8905639648438,1690.0,1720.0,1660.0,1715.0,300000
2005-12-14,953.4718017578124,1670.0,1705.0,1660.0,1700.0,200000
2005-12-15,959.1810913085938,1680.0,1690.0,1675.0,1680.0,120000
2005-12-16,942.0527954101562,1650.0,1690.0,1640.0,1685.0,160000
2005-12-19,930.634033203125,1630.0,1650.0,1605.0,1650.0,160000
2005-12-20,924.9242553710938,1620.0,1630.0,1595.0,1615.0,140000
2005-12-21,942.0527954101562,1650.0,1660.0,1625.0,1625.0,140000
2005-12-22,939.1980590820312,1645.0,1665.0,1630.0,1650.0,120000
2005-12-23,939.1980590820312,1645.0,1645.0,1645.0,1645.0,0
2005-12-26,959.1810913085938,1680.0,1700.0,1660.0,1660.0,240000
2005-12-27,1007.7109375,1765.0,1775.0,1680.0,1690.0,340000
2005-12-28,1130.4632568359375,1980.0,2015.0,1755.0,1760.0,760000
2005-12-29,1090.49755859375,1910.0,2020.0,1865.0,1995.0,480000
2005-12-30,1050.531494140625,1840.0,1900.0,1840.0,1900.0,120000
2006-01-03,1050.531494140625,1840.0,1840.0,1840.0,1840.0,0
2006-01-04,1056.240966796875,1850.0,1880.0,1815.0,1860.0,120000
2006-01-05,1067.6600341796875,1870.0,1895.0,1835.0,1855.0,160000
2006-01-06,1056.240966796875,1850.0,1870.0,1835.0,1855.0,120000
2006-01-09,1056.240966796875,1850.0,1850.0,1850.0,1850.0,0
2006-01-10,1004.85595703125,1760.0,1860.0,1760.0,1850.0,240000
2006-01-11,1033.4033203125,1810.0,1810.0,1735.0,1770.0,160000
2006-01-12,1021.984619140625,1790.0,1825.0,1790.0,1820.0,180000
2006-01-13,1036.258056640625,1815.0,1815.0,1780.0,1795.0,200000
2006-01-16,1099.061767578125,1925.0,1940.0,1830.0,1855.0,440000
2006-01-17,990.5830688476562,1735.0,1875.0,1675.0,1850.0,360000
2006-01-18,893.522705078125,1565.0,1710.0,1485.0,1675.0,480000
2006-01-19,967.7451171875,1695.0,1760.0,1500.0,1525.0,580000
2006-01-20,913.505859375,1600.0,1750.0,1545.0,1730.0,320000
2006-01-23,896.3776245117188,1570.0,1625.0,1515.0,1530.0,220000
2006-01-24,924.9242553710938,1620.0,1680.0,1580.0,1590.0,320000
2006-01-25,896.3776245117188,1570.0,1620.0,1570.0,1615.0,320000
2006-01-26,910.6510009765624,1595.0,1635.0,1580.0,1620.0,240000
2006-01-27,956.326416015625,1675.0,1675.0,1615.0,1630.0,280000
2006-01-30,933.4888305664062,1635.0,1720.0,1630.0,1700.0,420000
2006-01-31,930.634033203125,1630.0,1660.0,1605.0,1645.0,220000
2006-02-01,939.1980590820312,1645.0,1685.0,1635.0,1635.0,220000
2006-02-02,979.1640625,1715.0,1720.0,1650.0,1650.0,320000
2006-02-03,996.2924194335938,1745.0,1750.0,1695.0,1705.0,260000
2006-02-06,1084.7879638671875,1900.0,1900.0,1760.0,1785.0,1080000
2006-02-07,1050.531494140625,1840.0,1915.0,1810.0,1875.0,900000
2006-02-08,1021.984619140625,1790.0,1870.0,1745.0,1835.0,480000
2006-02-09,1016.2753295898438,1780.0,1840.0,1750.0,1840.0,260000
2006-02-10,984.8734741210938,1725.0,1805.0,1675.0,1805.0,200000
2006-02-13,910.6510009765624,1595.0,1685.0,1555.0,1675.0,220000
2006-02-14,916.3604125976562,1605.0,1635.0,1460.0,1545.0,300000
2006-02-15,910.6510009765624,1595.0,1635.0,1560.0,1630.0,160000
2006-02-16,907.7965698242188,1590.0,1615.0,1535.0,1585.0,200000
2006-02-17,876.3947143554688,1535.0,1665.0,1505.0,1615.0,340000
2006-02-20,776.4796752929688,1360.0,1485.0,1355.0,1435.0,360000
2006-02-21,842.1380004882812,1475.0,1485.0,1350.0,1350.0,360000
2006-02-22,842.1380004882812,1475.0,1540.0,1455.0,1495.0,400000
2006-02-23,856.411865234375,1500.0,1520.0,1450.0,1475.0,460000
2006-02-24,873.5398559570312,1530.0,1550.0,1460.0,1475.0,300000
2006-02-27,856.411865234375,1500.0,1615.0,1500.0,1555.0,440000
2006-02-28,836.4288940429688,1465.0,1540.0,1465.0,1520.0,380000
2006-03-01,822.1551513671875,1440.0,1470.0,1415.0,1455.0,360000
2006-03-02,790.7534790039062,1385.0,1470.0,1360.0,1460.0,460000
2006-03-03,790.7534790039062,1385.0,1390.0,1320.0,1380.0,460000
2006-03-06,856.411865234375,1500.0,1500.0,1365.0,1420.0,460000
2006-03-07,830.7193603515625,1455.0,1490.0,1440.0,1490.0,280000
2006-03-08,833.57421875,1460.0,1475.0,1440.0,1455.0,140000
2006-03-09,844.9927978515625,1480.0,1485.0,1450.0,1450.0,140000
2006-03-10,896.3776245117188,1570.0,1575.0,1465.0,1475.0,400000
2006-03-13,896.3776245117188,1570.0,1610.0,1550.0,1575.0,220000
2006-03-14,882.1038208007812,1545.0,1575.0,1530.0,1560.0,120000
2006-03-15,879.2492065429688,1540.0,1560.0,1520.0,1545.0,120000
2006-03-16,847.8475341796875,1485.0,1550.0,1480.0,1535.0,140000
2006-03-17,867.8302612304688,1520.0,1535.0,1490.0,1505.0,100000
2006-03-20,890.6680297851562,1560.0,1585.0,1540.0,1560.0,180000
2006-03-21,890.6680297851562,1560.0,1560.0,1560.0,1560.0,0
2006-03-22,882.1038208007812,1545.0,1590.0,1535.0,1560.0,220000
2006-03-23,899.232177734375,1575.0,1580.0,1560.0,1575.0,140000
2006-03-24,907.7965698242188,1590.0,1605.0,1575.0,1580.0,220000
2006-03-27,896.3776245117188,1570.0,1610.0,1565.0,1605.0,160000
2006-03-28,896.37744140625,1560.0,1585.0,1545.0,1570.0,140000
2006-03-29,904.9964599609376,1575.0,1585.0,1540.0,1540.0,160000
2006-03-30,884.8853759765625,1540.0,1595.0,1540.0,1585.0,180000
2006-03-31,904.9964599609376,1575.0,1585.0,1550.0,1565.0,220000
2006-04-03,982.5676879882812,1710.0,1725.0,1590.0,1600.0,1080000
2006-04-04,973.9486083984376,1695.0,1740.0,1650.0,1685.0,620000
2006-04-05,962.4567260742188,1675.0,1715.0,1665.0,1695.0,260000
2006-04-06,962.4567260742188,1675.0,1700.0,1665.0,1675.0,140000
2006-04-07,971.0757446289062,1690.0,1690.0,1675.0,1680.0,160000
2006-04-10,1005.551513671875,1750.0,1760.0,1690.0,1710.0,520000
2006-04-11,996.9329223632812,1735.0,1750.0,1700.0,1750.0,260000
2006-04-12,996.9329223632812,1735.0,1765.0,1720.0,1720.0,400000
2006-04-13,985.4407348632812,1715.0,1750.0,1710.0,1750.0,160000
2006-04-14,999.8056640625,1740.0,1745.0,1715.0,1730.0,140000
2006-04-17,950.9641723632812,1655.0,1740.0,1645.0,1740.0,200000
2006-04-18,968.20263671875,1685.0,1690.0,1615.0,1645.0,120000
2006-04-19,968.20263671875,1685.0,1700.0,1670.0,1700.0,120000
2006-04-20,927.9803466796876,1615.0,1695.0,1610.0,1695.0,240000
2006-04-21,933.7265014648438,1625.0,1670.0,1555.0,1565.0,320000
2006-04-24,948.091552734375,1650.0,1665.0,1580.0,1580.0,220000
2006-04-25,985.4407348632812,1715.0,1765.0,1650.0,1675.0,920000
2006-04-26,962.4567260742188,1675.0,1730.0,1670.0,1725.0,200000
2006-04-27,971.0757446289062,1690.0,1715.0,1660.0,1680.0,200000
2006-04-28,982.5676879882812,1710.0,1710.0,1670.0,1675.0,140000
2006-05-01,968.20263671875,1685.0,1725.0,1680.0,1720.0,100000
2006-05-02,962.4567260742188,1675.0,1690.0,1630.0,1675.0,180000
2006-05-05,962.4567260742188,1675.0,1675.0,1675.0,1675.0,0
2006-05-08,976.8214721679688,1700.0,1715.0,1670.0,1700.0,220000
2006-05-09,896.37744140625,1560.0,1700.0,1555.0,1700.0,740000
2006-05-10,870.5205078125,1515.0,1585.0,1495.0,1580.0,440000
2006-05-11,867.6473999023438,1510.0,1565.0,1495.0,1515.0,220000
2006-05-12,853.282470703125,1485.0,1500.0,1455.0,1490.0,280000
2006-05-15,815.9332885742188,1420.0,1465.0,1370.0,1445.0,440000
2006-05-16,769.96533203125,1340.0,1425.0,1335.0,1420.0,300000
2006-05-17,787.2034301757812,1370.0,1390.0,1310.0,1345.0,260000
2006-05-18,775.7112426757812,1350.0,1365.0,1290.0,1290.0,200000
2006-05-19,830.2984008789062,1445.0,1465.0,1340.0,1350.0,320000
2006-05-22,833.1713256835938,1450.0,1480.0,1445.0,1465.0,220000
2006-05-23,833.1713256835938,1450.0,1475.0,1415.0,1445.0,180000
2006-05-24,838.9176025390625,1460.0,1470.0,1425.0,1450.0,160000
2006-05-25,853.282470703125,1485.0,1490.0,1440.0,1460.0,100000
2006-05-26,859.028564453125,1495.0,1515.0,1465.0,1495.0,200000
2006-05-29,850.409423828125,1480.0,1515.0,1460.0,1510.0,180000
2006-05-30,827.4253540039062,1440.0,1460.0,1430.0,1460.0,180000
2006-05-31,836.0444946289062,1455.0,1485.0,1390.0,1420.0,240000
2006-06-01,810.1875,1410.0,1475.0,1405.0,1445.0,160000
2006-06-02,810.1875,1410.0,1445.0,1275.0,1400.0,240000
2006-06-05,838.9176025390625,1460.0,1485.0,1400.0,1425.0,140000
2006-06-06,853.282470703125,1485.0,1505.0,1435.0,1455.0,140000
2006-06-07,821.6793212890625,1430.0,1485.0,1430.0,1485.0,80000
2006-06-08,775.7112426757812,1350.0,1375.0,1325.0,1335.0,180000
2006-06-09,769.96533203125,1340.0,1390.0,1305.0,1350.0,180000
2006-06-12,772.8383178710938,1345.0,1360.0,1305.0,1320.0,160000
2006-06-13,769.96533203125,1340.0,1360.0,1320.0,1325.0,80000
2006-06-14,778.58447265625,1355.0,1360.0,1310.0,1310.0,80000
2006-06-15,818.8062133789062,1425.0,1470.0,1415.0,1435.0,240000
2006-06-16,821.6793212890625,1430.0,1460.0,1430.0,1455.0,140000
2006-06-19,818.8062133789062,1425.0,1445.0,1415.0,1415.0,20000
2006-06-20,798.6951904296875,1390.0,1420.0,1385.0,1415.0,60000
2006-06-21,787.2034301757812,1370.0,1400.0,1365.0,1390.0,40000
2006-06-22,795.8223876953125,1385.0,1390.0,1360.0,1385.0,40000
2006-06-23,784.3302612304688,1365.0,1390.0,1360.0,1370.0,100000
2006-06-26,787.2034301757812,1370.0,1375.0,1350.0,1355.0,40000
2006-06-27,784.3302612304688,1365.0,1380.0,1355.0,1370.0,60000
2006-06-28,787.2034301757812,1370.0,1395.0,1350.0,1350.0,120000
2006-06-29,778.58447265625,1355.0,1370.0,1355.0,1355.0,120000
2006-06-30,787.2034301757812,1370.0,1385.0,1365.0,1375.0,60000
2006-07-03,810.1875,1410.0,1410.0,1375.0,1385.0,80000
2006-07-04,813.0603637695312,1415.0,1425.0,1385.0,1410.0,100000
2006-07-05,804.4412841796875,1400.0,1420.0,1390.0,1395.0,100000
2006-07-06,795.8223876953125,1385.0,1400.0,1380.0,1390.0,40000
2006-07-07,792.949462890625,1380.0,1395.0,1375.0,1395.0,60000
2006-07-10,801.5682373046875,1395.0,1400.0,1365.0,1380.0,40000
2006-07-11,784.3302612304688,1365.0,1410.0,1345.0,1410.0,80000
2006-07-12,758.4733276367188,1320.0,1355.0,1320.0,1355.0,60000
2006-07-13,755.60009765625,1315.0,1340.0,1305.0,1320.0,60000
2006-07-14,729.7432861328125,1270.0,1300.0,1260.0,1275.0,120000
2006-07-17,729.7432861328125,1270.0,1270.0,1270.0,1270.0,0
2006-07-18,660.7911376953125,1150.0,1255.0,1105.0,1255.0,220000
2006-07-19,660.7911376953125,1150.0,1180.0,1145.0,1150.0,180000
2006-07-20,686.6483154296875,1195.0,1210.0,1180.0,1210.0,80000
2006-07-21,701.0132446289062,1220.0,1225.0,1155.0,1155.0,60000
2006-07-24,692.39404296875,1205.0,1215.0,1195.0,1205.0,20000
2006-07-25,692.39404296875,1205.0,1245.0,1195.0,1245.0,60000
2006-07-26,680.9020385742188,1185.0,1270.0,1180.0,1245.0,80000
2006-07-27,657.918212890625,1145.0,1175.0,1120.0,1175.0,200000
2006-07-28,692.39404296875,1205.0,1225.0,1145.0,1150.0,220000
2006-07-31,695.2672729492188,1210.0,1240.0,1210.0,1230.0,80000
2006-08-01,709.6322021484375,1235.0,1245.0,1205.0,1215.0,160000
2006-08-02,706.7593383789062,1230.0,1235.0,1210.0,1225.0,60000
2006-08-03,698.1403198242188,1215.0,1245.0,1200.0,1240.0,120000
2006-08-04,695.2672729492188,1210.0,1230.0,1195.0,1225.0,80000
2006-08-07,695.2672729492188,1210.0,1220.0,1195.0,1200.0,60000
2006-08-08,683.7752075195312,1190.0,1215.0,1170.0,1210.0,160000
2006-08-09,698.1403198242188,1215.0,1215.0,1170.0,1170.0,100000
2006-08-10,686.6483154296875,1195.0,1220.0,1195.0,1210.0,180000
2006-08-11,692.39404296875,1205.0,1205.0,1195.0,1200.0,80000
2006-08-14,701.0132446289062,1220.0,1235.0,1200.0,1210.0,60000
2006-08-15,723.9970703125,1260.0,1270.0,1220.0,1225.0,180000
2006-08-16,784.3302612304688,1365.0,1365.0,1270.0,1295.0,420000
2006-08-17,818.8062133789062,1425.0,1445.0,1365.0,1365.0,520000
2006-08-18,813.0603637695312,1415.0,1425.0,1400.0,1420.0,140000
2006-08-21,792.949462890625,1380.0,1415.0,1380.0,1415.0,60000
2006-08-22,815.9332885742188,1420.0,1425.0,1390.0,1390.0,140000
2006-08-23,807.314453125,1405.0,1415.0,1400.0,1400.0,60000
2006-08-24,807.314453125,1405.0,1415.0,1400.0,1415.0,40000
2006-08-25,810.1875,1410.0,1425.0,1400.0,1410.0,60000
2006-08-28,815.9332885742188,1420.0,1435.0,1410.0,1420.0,180000
2006-08-29,813.0603637695312,1415.0,1425.0,1410.0,1420.0,100000
2006-08-30,801.5682373046875,1395.0,1415.0,1385.0,1415.0,40000
2006-08-31,804.4412841796875,1400.0,1405.0,1390.0,1395.0,60000
2006-09-01,792.949462890625,1380.0,1405.0,1380.0,1405.0,20000
2006-09-04,804.4412841796875,1400.0,1405.0,1385.0,1385.0,20000
2006-09-05,815.9332885742188,1420.0,1420.0,1390.0,1390.0,80000
2006-09-06,807.314453125,1405.0,1415.0,1395.0,1415.0,60000
2006-09-07,841.7905883789062,1465.0,1475.0,1390.0,1390.0,180000
2006-09-08,838.9176025390625,1460.0,1475.0,1430.0,1460.0,160000
2006-09-11,853.282470703125,1485.0,1485.0,1440.0,1465.0,140000
2006-09-12,838.9176025390625,1460.0,1490.0,1435.0,1490.0,120000
2006-09-13,830.2984008789062,1445.0,1480.0,1445.0,1480.0,100000
2006-09-14,810.1875,1410.0,1450.0,1400.0,1435.0,140000
2006-09-15,804.4412841796875,1400.0,1420.0,1390.0,1405.0,60000
2006-09-18,804.4412841796875,1400.0,1400.0,1400.0,1400.0,0
2006-09-19,804.4412841796875,1400.0,1410.0,1390.0,1405.0,40000
2006-09-20,813.0603637695312,1415.0,1420.0,1395.0,1400.0,80000
2006-09-21,815.9332885742188,1420.0,1430.0,1400.0,1400.0,80000
2006-09-22,813.0603637695312,1415.0,1430.0,1410.0,1410.0,60000
2006-09-25,810.1875,1410.0,1445.0,1365.0,1425.0,100000
2006-09-26,827.548583984375,1430.0,1435.0,1400.0,1410.0,40000
2006-09-27,830.442138671875,1435.0,1445.0,1420.0,1425.0,80000
2006-09-28,839.12255859375,1450.0,1460.0,1440.0,1450.0,100000
2006-09-29,862.2706298828125,1490.0,1510.0,1460.0,1465.0,180000
2006-10-02,859.3773193359375,1485.0,1520.0,1480.0,1505.0,120000
2006-10-03,865.1643676757812,1495.0,1505.0,1485.0,1500.0,120000
2006-10-04,833.3356323242188,1440.0,1505.0,1440.0,1495.0,80000
2006-10-05,850.69677734375,1470.0,1480.0,1465.0,1475.0,60000
2006-10-06,833.3356323242188,1440.0,1475.0,1430.0,1475.0,80000
2006-10-09,833.3356323242188,1440.0,1440.0,1440.0,1440.0,0
2006-10-10,804.4003295898438,1390.0,1425.0,1385.0,1415.0,120000
2006-10-11,755.2103271484375,1305.0,1385.0,1285.0,1375.0,180000
2006-10-12,755.2103271484375,1305.0,1330.0,1255.0,1255.0,220000
2006-10-13,755.2103271484375,1305.0,1325.0,1285.0,1315.0,240000
2006-10-16,801.5067749023438,1385.0,1405.0,1350.0,1365.0,180000
2006-10-17,804.4003295898438,1390.0,1415.0,1370.0,1415.0,80000
2006-10-18,818.8677368164062,1415.0,1415.0,1370.0,1385.0,60000
2006-10-19,844.909912109375,1460.0,1470.0,1405.0,1430.0,200000
2006-10-20,853.5900268554688,1475.0,1505.0,1460.0,1465.0,280000
2006-10-23,882.5255737304688,1525.0,1540.0,1460.0,1485.0,260000
2006-10-24,911.4609375,1575.0,1585.0,1530.0,1570.0,420000
2006-10-25,876.7383422851562,1515.0,1555.0,1500.0,1550.0,220000
2006-10-26,876.7383422851562,1515.0,1545.0,1495.0,1535.0,120000
2006-10-27,873.8447875976562,1510.0,1520.0,1485.0,1520.0,60000
2006-10-30,856.4837646484375,1480.0,1515.0,1465.0,1515.0,100000
2006-10-31,833.3356323242188,1440.0,1475.0,1435.0,1475.0,160000
2006-11-01,827.548583984375,1430.0,1440.0,1420.0,1420.0,100000
2006-11-02,847.80322265625,1465.0,1485.0,1440.0,1440.0,160000
2006-11-03,847.80322265625,1465.0,1465.0,1465.0,1465.0,0
2006-11-06,830.442138671875,1435.0,1475.0,1425.0,1465.0,80000
2006-11-07,804.4003295898438,1390.0,1480.0,1390.0,1440.0,340000
2006-11-08,787.0390014648438,1360.0,1415.0,1350.0,1375.0,220000
2006-11-09,746.529541015625,1290.0,1355.0,1275.0,1350.0,320000
2006-11-10,772.5715942382812,1335.0,1385.0,1315.0,1330.0,240000
2006-11-13,758.1038818359375,1310.0,1340.0,1305.0,1340.0,100000
2006-11-14,743.6362915039062,1285.0,1325.0,1235.0,1295.0,520000
2006-11-15,714.7009887695312,1235.0,1280.0,1225.0,1275.0,380000
2006-11-16,714.7009887695312,1235.0,1270.0,1225.0,1250.0,200000
2006-11-17,688.659423828125,1190.0,1230.0,1190.0,1230.0,160000
2006-11-20,653.9369506835938,1130.0,1165.0,1125.0,1160.0,340000
2006-11-21,642.3626708984375,1110.0,1145.0,1085.0,1130.0,460000
2006-11-22,720.488037109375,1245.0,1275.0,1130.0,1130.0,600000
2006-11-23,720.488037109375,1245.0,1245.0,1245.0,1245.0,0
2006-11-24,734.9556274414062,1270.0,1280.0,1190.0,1265.0,340000
2006-11-27,760.99755859375,1315.0,1315.0,1260.0,1285.0,160000
2006-11-28,763.8909301757812,1320.0,1335.0,1265.0,1275.0,160000
2006-11-29,763.8909301757812,1320.0,1330.0,1305.0,1320.0,140000
2006-11-30,740.7427978515625,1280.0,1325.0,1280.0,1325.0,240000
2006-12-01,717.5945434570312,1240.0,1270.0,1235.0,1260.0,340000
2006-12-04,734.9556274414062,1270.0,1285.0,1255.0,1260.0,240000
2006-12-05,743.6362915039062,1285.0,1290.0,1265.0,1280.0,100000
2006-12-06,755.2103271484375,1305.0,1305.0,1280.0,1280.0,120000
2006-12-07,743.6362915039062,1285.0,1310.0,1275.0,1310.0,80000
2006-12-08,726.27490234375,1255.0,1280.0,1250.0,1265.0,160000
2006-12-11,720.488037109375,1245.0,1255.0,1230.0,1250.0,100000
2006-12-12,720.488037109375,1245.0,1270.0,1235.0,1235.0,160000
2006-12-13,697.33984375,1205.0,1235.0,1190.0,1230.0,200000
2006-12-14,688.659423828125,1190.0,1205.0,1185.0,1190.0,180000
2006-12-15,685.7656860351562,1185.0,1225.0,1185.0,1205.0,180000
2006-12-18,697.33984375,1205.0,1235.0,1195.0,1205.0,200000
2006-12-19,674.191650390625,1165.0,1220.0,1160.0,1210.0,200000
2006-12-20,674.191650390625,1165.0,1170.0,1155.0,1160.0,240000
2006-12-21,656.830322265625,1135.0,1165.0,1135.0,1165.0,220000
2006-12-22,642.3626708984375,1110.0,1135.0,1105.0,1135.0,400000
2006-12-25,648.14990234375,1120.0,1130.0,1100.0,1125.0,200000
2006-12-26,671.2980346679688,1160.0,1160.0,1115.0,1125.0,320000
2006-12-27,668.404541015625,1155.0,1180.0,1155.0,1165.0,340000
2006-12-28,671.2980346679688,1160.0,1160.0,1130.0,1160.0,220000
2006-12-29,671.2980346679688,1160.0,1170.0,1150.0,1160.0,60000
2007-01-04,679.978759765625,1175.0,1175.0,1165.0,1175.0,40000
2007-01-05,688.659423828125,1190.0,1210.0,1185.0,1190.0,280000
2007-01-09,691.5528564453125,1195.0,1195.0,1185.0,1190.0,140000
2007-01-10,717.5945434570312,1240.0,1250.0,1190.0,1195.0,500000
2007-01-11,697.33984375,1205.0,1265.0,1195.0,1245.0,500000
2007-01-12,708.9136962890625,1225.0,1235.0,1210.0,1220.0,240000
2007-01-15,703.1270141601562,1215.0,1230.0,1210.0,1225.0,140000
2007-01-16,717.5945434570312,1240.0,1240.0,1225.0,1225.0,180000
2007-01-17,691.5528564453125,1195.0,1230.0,1195.0,1230.0,400000
2007-01-18,671.2980346679688,1160.0,1205.0,1160.0,1190.0,520000
2007-01-19,682.8721923828125,1180.0,1185.0,1165.0,1165.0,440000
2007-01-22,688.659423828125,1190.0,1200.0,1185.0,1190.0,200000
2007-01-23,674.191650390625,1165.0,1190.0,1165.0,1190.0,220000
2007-01-24,665.5111083984375,1150.0,1175.0,1140.0,1165.0,420000
2007-01-25,668.404541015625,1155.0,1165.0,1145.0,1155.0,220000
2007-01-26,651.0433959960938,1125.0,1150.0,1125.0,1145.0,300000
2007-01-29,665.5111083984375,1150.0,1150.0,1140.0,1140.0,220000
2007-01-30,662.6175537109375,1145.0,1150.0,1135.0,1135.0,200000
2007-01-31,651.0433959960938,1125.0,1150.0,1125.0,1150.0,200000
2007-02-01,651.0433959960938,1125.0,1135.0,1115.0,1130.0,180000
2007-02-02,648.14990234375,1120.0,1145.0,1115.0,1130.0,140000
2007-02-05,651.0433959960938,1125.0,1135.0,1115.0,1120.0,220000
2007-02-06,636.5758056640625,1100.0,1175.0,1095.0,1130.0,720000
2007-02-07,619.2146606445312,1070.0,1105.0,1065.0,1100.0,640000
2007-02-08,601.8533325195312,1040.0,1070.0,1030.0,1065.0,580000
2007-02-09,607.6405029296875,1050.0,1055.0,1035.0,1045.0,340000
2007-02-13,590.2793579101562,1020.0,1040.0,1015.0,1040.0,240000
2007-02-14,596.0664672851562,1030.0,1040.0,1020.0,1020.0,280000
2007-02-15,607.6405029296875,1050.0,1055.0,1040.0,1050.0,220000
2007-02-16,604.7471923828125,1045.0,1055.0,1035.0,1050.0,280000
2007-02-19,616.3209228515625,1065.0,1080.0,1045.0,1050.0,280000
2007-02-20,610.5341796875,1055.0,1075.0,1050.0,1055.0,220000
2007-02-21,601.8533325195312,1040.0,1065.0,1035.0,1060.0,340000
2007-02-22,598.9599609375,1035.0,1050.0,1020.0,1040.0,320000
2007-02-23,607.6405029296875,1050.0,1050.0,1025.0,1030.0,220000
2007-02-26,625.0016479492188,1080.0,1080.0,1060.0,1060.0,340000
2007-02-27,610.5341796875,1055.0,1080.0,1055.0,1075.0,160000
2007-02-28,590.2793579101562,1020.0,1030.0,975.0,995.0,260000
2007-03-01,581.5988159179688,1005.0,1035.0,990.0,1025.0,320000
2007-03-02,549.77001953125,950.0,975.0,945.0,970.0,500000
2007-03-05,529.51513671875,915.0,930.0,890.0,905.0,560000
2007-03-06,549.77001953125,950.0,955.0,900.0,900.0,340000
2007-03-07,558.4506225585938,965.0,985.0,960.0,970.0,540000
2007-03-08,529.51513671875,915.0,950.0,910.0,950.0,500000
2007-03-09,517.9410400390625,895.0,910.0,895.0,910.0,1220000
2007-03-12,520.834716796875,900.0,920.0,895.0,895.0,540000
2007-03-13,523.728271484375,905.0,910.0,895.0,900.0,680000
2007-03-14,512.1541748046875,885.0,895.0,880.0,895.0,320000
2007-03-15,506.36712646484375,875.0,890.0,865.0,885.0,480000
2007-03-16,494.79296875,855.0,880.0,840.0,880.0,920000
2007-03-19,483.2189025878906,835.0,845.0,825.0,845.0,780000
2007-03-20,500.5801696777344,865.0,865.0,830.0,830.0,520000
2007-03-22,503.4736022949219,870.0,880.0,860.0,870.0,560000
2007-03-23,491.8994445800781,850.0,870.0,840.0,860.0,620000
2007-03-26,480.3253173828125,830.0,850.0,815.0,850.0,1580000
2007-03-27,467.1053771972656,795.0,820.0,790.0,805.0,820000
2007-03-28,472.98095703125,805.0,810.0,795.0,800.0,660000
2007-03-29,484.7320556640625,825.0,825.0,785.0,805.0,460000
2007-03-30,502.3586120605469,855.0,855.0,820.0,830.0,560000
2007-04-02,490.6075439453125,835.0,865.0,830.0,865.0,600000
2007-04-03,496.4830627441406,845.0,850.0,835.0,845.0,320000
2007-04-04,514.1097412109375,875.0,875.0,860.0,860.0,560000
2007-04-05,511.1719665527344,870.0,875.0,860.0,870.0,280000
2007-04-06,496.4830627441406,845.0,870.0,840.0,870.0,220000
2007-04-09,499.42083740234375,850.0,855.0,840.0,840.0,140000
2007-04-10,499.42083740234375,850.0,850.0,840.0,845.0,120000
2007-04-11,493.54534912109375,840.0,865.0,835.0,860.0,240000
2007-04-12,511.1719665527344,870.0,870.0,840.0,845.0,540000
2007-04-13,496.4830627441406,845.0,885.0,840.0,880.0,520000
2007-04-16,490.6075439453125,835.0,850.0,830.0,850.0,280000
2007-04-17,490.6075439453125,835.0,850.0,830.0,835.0,140000
2007-04-18,496.4830627441406,845.0,850.0,835.0,840.0,220000
2007-04-19,490.6075439453125,835.0,845.0,830.0,845.0,200000
2007-04-20,472.98095703125,805.0,840.0,805.0,840.0,340000
2007-04-23,467.1053771972656,795.0,825.0,790.0,820.0,300000
2007-04-24,472.98095703125,805.0,810.0,790.0,790.0,220000
2007-04-25,467.1053771972656,795.0,810.0,795.0,810.0,160000
2007-04-26,470.0431518554688,800.0,805.0,790.0,795.0,220000
2007-04-27,467.1053771972656,795.0,810.0,795.0,810.0,180000
2007-05-01,475.918701171875,810.0,825.0,805.0,810.0,180000
2007-05-02,487.6697692871094,830.0,835.0,815.0,815.0,260000
2007-05-07,496.4830627441406,845.0,860.0,840.0,845.0,260000
2007-05-08,522.9230346679688,890.0,910.0,830.0,845.0,1280000
2007-05-09,519.9852294921875,885.0,885.0,865.0,885.0,540000
2007-05-10,493.54534912109375,840.0,890.0,835.0,890.0,760000
2007-05-11,487.6697692871094,830.0,845.0,825.0,830.0,200000
2007-05-14,496.4830627441406,845.0,855.0,830.0,845.0,260000
2007-05-15,478.8565673828125,815.0,845.0,815.0,845.0,260000
2007-05-16,475.918701171875,810.0,815.0,790.0,815.0,320000
2007-05-17,470.0431518554688,800.0,810.0,795.0,810.0,120000
2007-05-18,464.1676025390625,790.0,805.0,785.0,805.0,180000
2007-05-21,472.98095703125,805.0,810.0,785.0,790.0,200000
2007-05-22,490.6075439453125,835.0,835.0,795.0,800.0,260000
2007-05-23,493.54534912109375,840.0,850.0,820.0,840.0,220000
2007-05-24,493.54534912109375,840.0,845.0,830.0,840.0,160000
2007-05-25,490.6075439453125,835.0,840.0,815.0,825.0,180000
2007-05-28,508.2342529296875,865.0,875.0,840.0,850.0,380000
2007-05-29,517.0474853515625,880.0,885.0,860.0,870.0,480000
2007-05-30,514.1097412109375,875.0,885.0,865.0,880.0,360000
2007-05-31,517.0474853515625,880.0,885.0,870.0,875.0,240000
2007-06-01,525.8606567382812,895.0,895.0,875.0,885.0,280000
2007-06-04,517.0474853515625,880.0,895.0,875.0,890.0,320000
2007-06-06,514.1097412109375,875.0,880.0,860.0,860.0,260000
2007-06-07,505.2963562011719,860.0,870.0,850.0,860.0,340000
2007-06-08,519.9852294921875,885.0,885.0,855.0,860.0,360000
2007-06-11,519.9852294921875,885.0,900.0,880.0,885.0,460000
2007-06-12,517.0474853515625,880.0,885.0,870.0,880.0,240000
2007-06-13,511.1719665527344,870.0,875.0,865.0,865.0,100000
2007-06-14,528.798583984375,900.0,900.0,870.0,875.0,380000
2007-06-15,546.4251708984375,930.0,935.0,890.0,905.0,680000
2007-06-18,552.3005981445312,940.0,950.0,920.0,945.0,720000
2007-06-19,549.363037109375,935.0,945.0,930.0,945.0,420000
2007-06-20,564.0518188476562,960.0,960.0,930.0,935.0,440000
2007-06-21,555.2384643554688,945.0,960.0,945.0,960.0,240000
2007-06-22,546.4251708984375,930.0,945.0,920.0,940.0,360000
2007-06-25,522.9230346679688,890.0,910.0,885.0,885.0,1080000
2007-06-26,508.2342529296875,865.0,895.0,865.0,895.0,660000
2007-06-27,522.9230346679688,890.0,890.0,855.0,855.0,340000
2007-06-28,531.736328125,905.0,905.0,880.0,880.0,300000
2007-06-29,528.798583984375,900.0,905.0,885.0,900.0,120000
2007-07-02,528.798583984375,900.0,910.0,895.0,900.0,160000
2007-07-03,528.798583984375,900.0,910.0,890.0,910.0,160000
2007-07-04,522.9230346679688,890.0,895.0,885.0,895.0,80000
2007-07-05,522.9230346679688,890.0,895.0,885.0,890.0,100000
2007-07-06,517.0474853515625,880.0,890.0,875.0,885.0,60000
2007-07-09,519.9852294921875,885.0,890.0,880.0,885.0,80000
2007-07-10,519.9852294921875,885.0,895.0,880.0,890.0,120000
2007-07-11,517.0474853515625,880.0,885.0,875.0,880.0,120000
2007-07-12,511.1719665527344,870.0,880.0,865.0,875.0,140000
2007-07-13,514.1097412109375,875.0,880.0,855.0,860.0,260000
2007-07-17,511.1719665527344,870.0,885.0,865.0,885.0,100000
2007-07-18,502.3586120605469,855.0,870.0,855.0,865.0,80000
2007-07-19,499.42083740234375,850.0,860.0,845.0,855.0,140000
2007-07-20,487.6697692871094,830.0,850.0,830.0,845.0,160000
2007-07-23,481.7942810058594,820.0,835.0,815.0,830.0,80000
2007-07-24,490.6075439453125,835.0,845.0,820.0,820.0,240000
2007-07-25,487.6697692871094,830.0,840.0,820.0,825.0,120000
2007-07-26,478.8565673828125,815.0,840.0,810.0,835.0,120000
2007-07-27,467.1053771972656,795.0,805.0,790.0,790.0,180000
2007-07-30,481.7942810058594,820.0,825.0,785.0,790.0,160000
2007-07-31,490.6075439453125,835.0,835.0,820.0,835.0,140000
2007-08-01,481.7942810058594,820.0,835.0,820.0,835.0,100000
2007-08-02,478.8565673828125,815.0,830.0,810.0,825.0,120000
2007-08-03,472.98095703125,805.0,820.0,805.0,815.0,60000
2007-08-06,464.1676025390625,790.0,800.0,780.0,795.0,200000
2007-08-07,437.72760009765625,745.0,795.0,745.0,780.0,420000
2007-08-08,428.91448974609375,730.0,735.0,705.0,725.0,360000
2007-08-09,408.35003662109375,695.0,745.0,685.0,725.0,820000
2007-08-10,396.598876953125,675.0,685.0,650.0,680.0,780000
2007-08-13,414.22564697265625,705.0,720.0,665.0,665.0,400000
2007-08-14,420.1011352539063,715.0,730.0,695.0,715.0,260000
2007-08-15,417.1632995605469,710.0,720.0,700.0,710.0,220000
2007-08-16,417.1632995605469,710.0,715.0,690.0,700.0,240000
2007-08-17,408.35003662109375,695.0,715.0,690.0,710.0,340000
2007-08-20,396.598876953125,675.0,710.0,670.0,710.0,260000
2007-08-21,423.0388793945313,720.0,735.0,685.0,690.0,400000
2007-08-22,411.2877197265625,700.0,720.0,690.0,700.0,220000
2007-08-23,402.4744873046875,685.0,700.0,675.0,695.0,400000
2007-08-24,393.6612243652344,670.0,685.0,670.0,680.0,200000
2007-08-27,396.598876953125,675.0,685.0,665.0,680.0,220000
2007-08-28,384.8478393554688,655.0,670.0,655.0,670.0,220000
2007-08-29,381.9100646972656,650.0,650.0,625.0,635.0,380000
2007-08-30,393.6612243652344,670.0,670.0,650.0,650.0,400000
2007-08-31,423.0388793945313,720.0,725.0,670.0,670.0,640000
2007-09-03,414.22564697265625,705.0,720.0,700.0,720.0,380000
2007-09-04,414.22564697265625,705.0,705.0,695.0,705.0,180000
2007-09-05,405.4122314453125,690.0,715.0,690.0,715.0,260000
2007-09-06,405.4122314453125,690.0,695.0,675.0,680.0,240000
2007-09-07,396.598876953125,675.0,690.0,665.0,680.0,200000
2007-09-10,381.9100646972656,650.0,660.0,645.0,655.0,400000
2007-09-11,378.97216796875,645.0,655.0,630.0,655.0,440000
2007-09-12,378.97216796875,645.0,655.0,640.0,650.0,320000
2007-09-13,367.2212524414063,625.0,645.0,620.0,640.0,320000
2007-09-14,384.8478393554688,655.0,670.0,630.0,635.0,1280000
2007-09-18,370.1589660644531,630.0,645.0,625.0,645.0,580000
2007-09-19,355.47021484375,605.0,645.0,595.0,645.0,880000
2007-09-20,355.47021484375,605.0,620.0,590.0,605.0,500000
2007-09-21,352.5323486328125,600.0,610.0,590.0,600.0,380000
2007-09-25,351.03228759765625,585.0,590.0,565.0,580.0,380000
2007-09-26,357.0328674316406,595.0,600.0,580.0,590.0,380000
2007-09-27,372.03411865234375,620.0,620.0,605.0,605.0,360000
2007-09-28,369.0338439941406,615.0,615.0,600.0,610.0,380000
2007-10-01,360.03302001953125,600.0,615.0,595.0,615.0,300000
2007-10-02,351.03228759765625,585.0,605.0,580.0,600.0,380000
2007-10-03,351.03228759765625,585.0,585.0,560.0,580.0,660000
2007-10-04,354.0325012207031,590.0,595.0,575.0,580.0,320000
2007-10-05,363.0333862304688,605.0,605.0,590.0,595.0,300000
2007-10-09,372.03411865234375,620.0,640.0,615.0,620.0,700000
2007-10-10,393.03607177734375,655.0,665.0,640.0,640.0,640000
2007-10-11,396.0363464355469,660.0,665.0,645.0,660.0,460000
2007-10-12,387.0354309082031,645.0,660.0,645.0,655.0,180000
2007-10-15,393.03607177734375,655.0,660.0,645.0,650.0,180000
2007-10-16,381.0349731445313,635.0,655.0,630.0,650.0,200000
2007-10-17,369.0338439941406,615.0,635.0,615.0,625.0,240000
2007-10-18,390.0357971191406,650.0,650.0,625.0,625.0,140000
2007-10-19,381.0349731445313,635.0,655.0,635.0,655.0,140000
2007-10-22,378.03466796875,630.0,630.0,605.0,615.0,200000
2007-10-23,378.03466796875,630.0,650.0,625.0,640.0,160000
2007-10-24,384.0352783203125,640.0,640.0,630.0,640.0,120000
2007-10-25,381.0349731445313,635.0,650.0,630.0,650.0,180000
2007-10-26,381.0349731445313,635.0,635.0,634.4285278320312,634.4285278320312,136200
2007-10-29,393.03607177734375,655.0,665.0,640.0,645.0,660000
2007-10-30,384.0352783203125,640.0,695.0,625.0,675.0,2220000
2007-10-31,378.03466796875,630.0,645.0,610.0,645.0,560000
2007-11-01,369.0338439941406,615.0,635.0,615.0,630.0,300000
2007-11-02,366.0335998535156,610.0,620.0,600.0,605.0,340000
2007-11-05,366.0335998535156,610.0,625.0,605.0,620.0,260000
2007-11-06,309.0284118652344,515.0,610.0,510.0,605.0,1640000
2007-11-07,351.03228759765625,585.0,585.0,554.3895263671875,554.3895263671875,263200
2007-11-08,345.0317077636719,575.0,605.0,570.0,575.0,1440000
2007-11-09,345.0317077636719,575.0,579.3619995117188,575.0,579.3619995117188,263200
2007-11-12,336.0309143066406,560.0,565.0,545.0,550.0,360000
2007-11-13,339.0311584472656,565.0,580.0,560.0,570.0,300000
2007-11-14,363.0333862304688,605.0,605.0,585.0,585.0,400000
2007-11-15,366.0335998535156,610.0,615.0,595.0,595.0,300000
2007-11-16,345.0317077636719,575.0,584.2979736328125,575.0,584.2979736328125,263200
2007-11-19,342.0313720703125,570.0,585.0,565.0,575.0,160000
2007-11-20,351.03228759765625,585.0,585.0,555.0,560.0,340000
2007-11-21,345.0317077636719,575.0,575.6325073242188,575.0,575.6325073242188,263200
2007-11-22,345.0317077636719,575.0,580.0,560.0,570.0,180000
2007-11-26,351.03228759765625,585.0,585.0,570.0,575.0,180000
2007-11-27,369.0338439941406,615.0,615.0,570.0,580.0,400000
2007-11-28,372.03411865234375,620.0,620.0,604.2739868164062,604.2739868164062,263200
2007-11-29,384.0352783203125,640.0,645.0,625.0,625.0,360000
2007-11-30,405.0371398925781,675.0,675.0,640.0,645.0,620000
2007-12-03,393.03607177734375,655.0,680.0,645.0,675.0,340000
2007-12-04,378.03466796875,630.0,655.0,615.0,650.0,400000
2007-12-05,381.0349731445313,635.0,635.0,615.0,630.0,80000
2007-12-06,390.0357971191406,650.0,650.0,635.0,640.0,200000
2007-12-07,393.03607177734375,655.0,665.0,645.0,665.0,180000
2007-12-10,405.0371398925781,675.0,690.0,655.0,660.0,380000
2007-12-11,405.0371398925781,675.0,685.0,665.0,680.0,300000
2007-12-12,420.0385437011719,700.0,705.0,670.0,670.0,620000
2007-12-13,405.0371398925781,675.0,700.0,670.0,700.0,460000
2007-12-14,396.0363464355469,660.0,685.0,660.0,670.0,240000
2007-12-17,384.0352783203125,640.0,655.0,635.0,640.0,200000
2007-12-18,387.0354309082031,645.0,655.0,625.0,630.0,200000
2007-12-19,384.0352783203125,640.0,665.0,630.0,640.0,220000
2007-12-20,378.03466796875,630.0,645.0,625.0,640.0,160000
2007-12-21,375.0344543457031,625.0,630.0,610.0,620.0,140000
2007-12-25,375.0344543457031,625.0,635.0,620.0,620.0,120000
2007-12-26,390.0357971191406,650.0,655.0,630.0,630.0,220000
2007-12-27,393.03607177734375,655.0,655.0,635.0,650.0,140000
2007-12-28,381.0349731445313,635.0,645.0,635.0,640.0,84000
2008-01-04,363.0333862304688,605.0,640.0,605.0,635.0,181800
2008-01-07,345.0317077636719,575.0,598.280029296875,575.0,598.280029296875,263200
2008-01-08,342.0313720703125,570.0,570.0,565.0,565.0,263200
2008-01-09,351.03228759765625,585.0,585.0,579.9149780273438,579.9149780273438,263200
2008-01-10,342.0313720703125,570.0,580.0,570.0,580.0,263200
2008-01-11,342.0313720703125,570.0,570.3400268554688,570.0,570.3400268554688,263200
2008-01-15,321.0294494628906,535.0,570.239990234375,535.0,570.239990234375,263200
2008-01-16,315.0289001464844,525.0,535.0,505.0,505.0,288600
2008-01-17,330.0303955078125,550.0,550.0,535.0,540.0,288600
2008-01-18,342.0313720703125,570.0,570.0,560.6699829101562,560.6699829101562,288600
2008-01-21,336.0309143066406,560.0,575.0,560.0,575.0,288600
2008-01-22,318.0292053222656,530.0,540.0,530.0,535.0,288600
2008-01-23,324.0297546386719,540.0,540.0,540.0,540.0,288600
2008-01-24,336.0309143066406,560.0,565.0,550.0,550.0,119800
2008-01-25,354.0325012207031,590.0,590.0,560.39501953125,560.39501953125,119800
2008-01-28,336.0309143066406,560.0,584.0499877929688,560.0,584.0499877929688,119800
2008-01-29,348.03192138671875,580.0,580.0,570.0,575.0,94200
2008-01-30,339.0311584472656,565.0,580.0,560.0,580.0,179200
2008-01-31,339.0311584472656,565.0,570.0,555.0,560.0,278400
2008-02-01,327.0299987792969,545.0,565.0,545.0,565.0,278400
2008-02-04,336.0309143066406,560.0,560.0,559.9349975585938,559.9349975585938,278400
2008-02-05,333.0304870605469,555.0,560.8250122070312,555.0,560.8250122070312,278400
2008-02-06,327.0299987792969,545.0,545.9600219726562,545.0,545.9600219726562,278400
2008-02-07,330.0303955078125,550.0,550.0,545.0,545.0,278400
2008-02-08,333.0304870605469,555.0,556.344970703125,555.0,556.344970703125,278400
2008-02-12,327.0299987792969,545.0,555.3200073242188,545.0,555.3200073242188,278400
2008-02-13,327.0299987792969,545.0,545.0,545.0,545.0,278400
2008-02-14,327.0299987792969,545.0,550.0,540.0,540.0,266200
2008-02-15,333.0304870605469,555.0,560.0,550.0,550.0,176200
2008-02-18,336.0309143066406,560.0,560.0,555.280029296875,555.280029296875,176200
2008-02-19,336.0309143066406,560.0,560.0,555.0,555.0,176200
2008-02-20,324.0297546386719,540.0,551.155029296875,540.0,551.155029296875,176200
2008-02-21,330.0303955078125,550.0,550.0,540.0,540.0,176200
2008-02-22,321.0294494628906,535.0,545.4000244140625,535.0,545.4000244140625,176200
2008-02-25,330.0303955078125,550.0,550.0,546.0349731445312,546.0349731445312,176200
2008-02-26,321.0294494628906,535.0,545.0,535.0,540.0,176200
2008-02-27,327.0299987792969,545.0,545.0,535.22998046875,535.22998046875,176200
2008-02-28,324.0297546386719,540.0,545.0,540.0,545.0,176200
2008-02-29,315.0289001464844,525.0,533.7899780273438,525.0,533.7899780273438,176200
2008-03-03,309.0284118652344,515.0,520.0,515.0,515.0,176200
2008-03-04,303.0278625488281,505.0,505.0,505.0,505.0,176200
2008-03-05,295.527099609375,492.5,497.5,492.5,497.5,176200
2008-03-06,306.028076171875,510.0,511.2850036621094,510.0,511.2850036621094,176200
2008-03-07,285.3262023925781,475.5,510.0,475.5,510.0,176200
2008-03-10,266.1244201660156,443.5,451.5,439.5,451.5,550800
2008-03-11,270.0247802734375,450.0,450.0,446.0,446.0,550800
2008-03-12,269.4247741699219,449.0,464.0,449.0,463.5,540400
2008-03-13,260.1239318847656,433.5,437.0,430.0,432.0,379800
2008-03-14,245.7225341796875,409.5,423.0,409.5,423.0,379800
2008-03-17,246.3226623535156,410.5,415.0,393.5,395.5,746400
2008-03-18,250.2229766845703,417.0,417.0,415.2650146484375,415.2650146484375,746400
2008-03-19,263.4241943359375,439.0,440.1000061035156,439.0,440.1000061035156,746400
2008-03-21,282.6260070800781,471.0,471.0,439.0,439.0,746400
2008-03-24,282.6260070800781,471.0,472.0700073242188,471.0,472.0700073242188,746400
2008-03-25,284.1260681152344,473.5,473.5,469.2449951171875,469.2449951171875,746400
2008-03-26,280.4281005859375,455.0,455.0,454.30999755859375,454.30999755859375,746400
2008-03-27,275.49755859375,447.0,449.5,447.0,449.5,746400
2008-03-28,274.572998046875,445.5,447.9400024414063,445.5,447.9400024414063,746400
2008-03-31,298.3016052246094,484.0,484.0,468.375,468.375,746400
2008-04-01,298.9178771972656,485.0,485.0,474.3299865722656,474.3299865722656,746400
2008-04-02,297.99334716796875,483.5,485.0,483.5,485.0,746400
2008-04-03,301.07501220703125,488.5,488.5,485.3999938964844,485.3999938964844,746400
2008-04-04,303.23223876953125,492.0,492.0,488.8150024414063,488.8150024414063,746400
2008-04-07,311.2443542480469,505.0,505.0,489.7999877929688,489.7999877929688,746400
2008-04-08,308.1627502441406,500.0,501.7650146484375,500.0,501.7650146484375,746400
2008-04-09,285.6669311523437,463.5,500.1449890136719,463.5,500.1449890136719,746400
2008-04-10,286.89959716796875,465.5,466.9549865722656,465.5,466.9549865722656,746400
2008-04-11,295.83624267578125,480.0,480.0,465.5,465.5,746400
2008-04-14,294.9117431640625,478.5,480.4800109863281,478.5,480.4800109863281,746400
2008-04-15,290.5975341796875,471.5,477.3049926757813,471.5,477.3049926757813,746400
2008-04-16,300.4586181640625,487.5,487.5,471.6950073242188,471.6950073242188,746400
2008-04-17,299.8423156738281,486.5,492.0,486.5,492.0,746400
2008-04-18,298.6097412109375,484.5,484.5,481.5,481.5,746400
2008-04-21,298.6097412109375,484.5,488.5650024414063,484.5,488.5650024414063,746400
2008-04-22,289.6730041503906,470.0,473.5,470.0,473.5,746400
2008-04-23,286.5914306640625,465.0,465.0,465.0,465.0,746400
2008-04-24,288.4403991699219,468.0,468.0,465.4649963378906,465.4649963378906,746400
2008-04-25,292.1382751464844,474.0,478.5,474.0,478.5,746400
2008-04-28,293.3709411621094,476.0,478.4249877929688,476.0,478.4249877929688,746400
2008-04-30,298.3016052246094,484.0,484.0,472.2850036621094,472.2850036621094,746400
2008-05-01,297.37713623046875,482.5,482.5,479.0549926757813,479.0549926757813,746400
2008-05-02,298.6097412109375,484.5,484.5,480.8949890136719,480.8949890136719,746400
2008-05-07,311.2443542480469,505.0,505.0,493.8349914550781,493.8349914550781,746400
2008-05-08,314.3260192871094,510.0,510.0,503.2550048828125,503.2550048828125,746400
2008-05-09,317.4076538085937,515.0,515.0,510.0,510.0,746400
2008-05-12,326.65252685546875,530.0,535.0,520.0,520.0,226200
2008-05-13,317.4076538085937,515.0,515.0,514.02001953125,514.02001953125,226200
2008-05-14,332.8158569335937,540.0,540.0,526.7349853515625,526.7349853515625,226200
2008-05-15,348.2239685058594,565.0,565.0,559.9400024414062,559.9400024414062,226200
2008-05-16,345.1423645019531,560.0,564.5277709960938,560.0,564.5277709960938,226200
2008-05-19,342.0606689453125,555.0,555.0,554.4149780273438,554.4149780273438,226200
2008-05-20,360.5504760742188,585.0,590.0,570.0,575.0,417200
2008-05-21,397.5299682617188,645.0,645.0,590.0,590.0,417200
2008-05-22,388.2850036621094,630.0,630.0,620.0,620.0,417200
2008-05-23,449.9176635742188,730.0,730.0,710.0,710.0,417200
2008-05-26,459.1624145507813,745.0,745.0,730.72998046875,730.72998046875,417200
2008-05-27,446.8360595703125,725.0,725.1649780273438,725.0,725.1649780273438,417200
2008-05-28,443.7543029785156,720.0,720.0,719.5,719.5,417200
2008-05-29,422.1829833984375,685.0,689.510009765625,685.0,689.510009765625,417200
2008-05-30,428.3463134765625,695.0,695.0,679.5900268554688,679.5900268554688,417200
2008-06-02,446.8360595703125,725.0,725.0,720.0,720.0,417200
2008-06-03,428.3463134765625,695.0,720.864013671875,695.0,720.864013671875,417200
2008-06-04,437.5911254882813,710.0,710.0,695.0800170898438,695.0800170898438,417200
2008-06-05,440.6726989746094,715.0,715.0,705.0,705.0,417200
2008-06-06,419.1013488769531,680.0,691.239990234375,680.0,691.239990234375,417200
2008-06-09,409.8565368652344,665.0,675.0,665.0,675.0,417200
2008-06-10,400.6116027832031,650.0,665.0,650.0,665.0,417200
2008-06-11,406.77490234375,660.0,660.0,650.0,650.0,417200
2008-06-12,419.1013488769531,680.0,680.0,653.72998046875,653.72998046875,417200
2008-06-13,425.2646179199219,690.0,690.0,680.6849975585938,680.6849975585938,417200
2008-06-16,416.0197143554688,675.0,685.47998046875,675.0,685.47998046875,417200
2008-06-17,425.2646179199219,690.0,690.0,674.7349853515625,674.7349853515625,417200
2008-06-18,431.4278869628906,700.0,700.0,689.9949951171875,689.9949951171875,417200
2008-06-19,428.3463134765625,695.0,695.0,695.0,695.0,417200
2008-06-20,406.77490234375,660.0,660.260009765625,660.0,660.260009765625,417200
2008-06-23,403.6931457519531,655.0,665.0,650.0,650.0,178400
2008-06-24,400.6116027832031,650.0,655.0050048828125,650.0,655.0050048828125,178400
2008-06-25,406.77490234375,660.0,660.0,647.6599731445312,647.6599731445312,178400
2008-06-26,400.6116027832031,650.0,660.4000244140625,650.0,660.4000244140625,178400
2008-06-27,409.8565368652344,665.0,665.0,659.405029296875,659.405029296875,178400
2008-06-30,406.77490234375,660.0,664.2849731445312,660.0,664.2849731445312,178400
2008-07-01,425.2646179199219,690.0,690.0,660.1500244140625,660.1500244140625,178400
2008-07-02,409.8565368652344,665.0,690.0,665.0,690.0,178400
2008-07-03,416.0197143554688,675.0,675.0,665.135009765625,665.135009765625,178400
2008-07-04,406.77490234375,660.0,675.6749877929688,660.0,675.6749877929688,178400
2008-07-07,422.1829833984375,685.0,685.0,660.0,660.0,178400
2008-07-08,406.77490234375,660.0,675.9450073242188,660.0,675.9450073242188,178400
2008-07-09,406.77490234375,660.0,660.0,659.9949951171875,659.9949951171875,178400
2008-07-10,403.6931457519531,655.0,655.0,645.64501953125,645.64501953125,178400
2008-07-11,400.6116027832031,650.0,655.489990234375,650.0,655.489990234375,178400
2008-07-14,388.2850036621094,630.0,635.0,630.0,635.0,178400
2008-07-15,382.1217956542969,620.0,620.0,600.780029296875,600.780029296875,178400
2008-07-16,363.6321105957031,590.0,600.0,590.0,600.0,178400
2008-07-17,375.9585266113281,610.0,610.0,605.0,605.0,178400
2008-07-18,369.7953796386719,600.0,605.9749755859375,600.0,605.9749755859375,178400
2008-07-22,372.56878662109375,604.5,605.0,575.5,595.0,278200
2008-07-23,374.7259521484375,608.0,612.5399780273438,608.0,612.5399780273438,278200
2008-07-24,385.2035217285156,625.0,625.0,621.0,621.0,278200
2008-07-25,371.3360900878906,602.5,606.094970703125,602.5,606.094970703125,278200
2008-07-28,380.8892211914063,618.0,622.0,618.0,622.0,278200
2008-07-29,376.5750122070313,611.0,611.0,610.219970703125,610.219970703125,278200
2008-07-30,379.656494140625,616.0,616.0,609.5499877929688,609.5499877929688,278200
2008-07-31,371.6443176269531,603.0,603.0,602.3800048828125,602.3800048828125,278200
2008-08-01,367.3300476074219,596.0,603.5999755859375,596.0,603.5999755859375,278200
2008-08-04,361.7830505371094,587.0,587.0850219726562,587.0,587.0850219726562,278200
2008-08-05,346.3748779296875,562.0,575.9249877929688,562.0,575.9249877929688,278200
2008-08-06,350.0729064941406,568.0,568.0,561.7150268554688,561.7150268554688,278200
2008-08-07,330.04229736328125,535.5,552.8911743164062,535.5,552.8911743164062,278200
2008-08-08,371.3360900878906,602.5,602.5,556.219970703125,556.219970703125,278200
2008-08-11,381.19732666015625,618.5,618.5,611.0700073242188,611.0700073242188,278200
2008-08-12,398.4544677734375,646.5,648.0,646.5,648.0,278200
2008-08-13,399.6871643066406,648.5,648.5,645.9849853515625,645.9849853515625,278200
2008-08-14,396.9136657714844,644.0,647.27001953125,644.0,647.27001953125,278200
2008-08-15,403.6931457519531,655.0,655.0,647.885009765625,647.885009765625,278200
2008-08-18,402.15240478515625,652.5,656.510009765625,652.5,656.510009765625,278200
2008-08-19,385.2035217285156,625.0,638.2249755859375,625.0,638.2249755859375,278200
2008-08-20,393.2157287597656,638.0,638.0,624.780029296875,624.780029296875,278200
2008-08-21,400.6116027832031,650.0,650.0,648.2860717773438,648.2860717773438,278200
2008-08-22,391.6748962402344,635.5,650.2750244140625,635.5,650.2750244140625,278200
2008-08-25,396.6054992675781,643.5,649.5,625.0,636.0,139200
2008-08-26,395.9892578125,642.5,642.5,638.3900146484375,638.3900146484375,139200
2008-08-27,397.2218322753906,644.5,656.1199951171875,644.5,656.1199951171875,139200
2008-08-28,401.2279052734375,651.0,651.0,648.5257568359375,648.5257568359375,139200
2008-08-29,409.5483093261719,664.5,664.5,651.3250122070312,651.3250122070312,139200
2008-09-01,397.5299682617188,645.0,664.7000122070312,645.0,664.7000122070312,139200
2008-09-02,384.587158203125,624.0,643.0650024414062,624.0,643.0650024414062,139200
2008-09-03,393.5239562988281,638.5,644.885009765625,638.5,644.885009765625,139200
2008-09-04,386.4361267089844,627.0,638.7550048828125,627.0,638.7550048828125,139200
2008-09-05,368.8708801269531,598.5,598.5,598.0549926757812,598.0549926757812,139200
2008-09-08,388.5932312011719,630.5,630.5,609.5,609.5,139200
2008-09-09,375.34228515625,609.0,617.5,609.0,617.5,139200
2008-09-10,404.3096618652344,656.0,669.5,621.5,630.0,251600
2008-09-11,398.4544677734375,646.5,650.5,646.5,650.5,251600
2008-09-12,407.08306884765625,660.5,660.5,650.2999877929688,650.2999877929688,251600
2008-09-16,370.4116821289063,601.0,660.72998046875,601.0,660.72998046875,251600
2008-09-17,384.8953552246094,624.5,635.5,624.5,635.5,251600
2008-09-18,382.1217956542969,620.0,620.0,607.89501953125,607.89501953125,251600
2008-09-19,371.6443176269531,603.0,611.0,603.0,611.0,251600
2008-09-22,376.2667236328125,610.5,615.0,610.5,615.0,251600
2008-09-24,377.8075866699219,613.0,613.5349731445312,613.0,613.5349731445312,251600
2008-09-25,379.3804931640625,603.0,603.0,599.5800170898438,599.5800170898438,251600
2008-09-26,346.66436767578125,551.0,586.5,551.0,586.5,251600
2008-09-29,339.74371337890625,540.0,551.2650146484375,540.0,551.2650146484375,251600
2008-09-30,338.48541259765625,538.0,538.0,516.2349853515625,516.2349853515625,251600
2008-10-01,323.07110595703125,513.5,538.0,513.5,538.0,251600
2008-10-02,316.77947998046875,503.5,524.1849975585938,503.5,524.1849975585938,251600
2008-10-03,328.73345947265625,522.5,525.0,500.5,511.0,117200
2008-10-06,265.8179626464844,422.5,510.0,422.5,500.0,393200
2008-10-07,272.7387390136719,433.5,433.5,430.8049926757813,430.8049926757813,117200
2008-10-08,241.5955352783203,384.0,433.7149963378906,384.0,433.7149963378906,117200
2008-10-09,230.5852966308593,366.5,385.0,366.5,385.0,117200
2008-10-10,216.743896484375,344.5,344.5,339.010009765625,339.010009765625,117200
2008-10-14,232.47276306152344,369.5,369.5,369.260009765625,369.260009765625,117200
2008-10-15,242.53927612304688,385.5,385.5,377.8399963378906,377.8399963378906,117200
2008-10-16,228.0686798095703,362.5,362.5,359.6400146484375,359.6400146484375,117200
2008-10-17,232.7873687744141,370.0,383.1749877929688,370.0,383.1749877929688,117200
2008-10-20,241.5955352783203,384.0,384.0,371.4849853515625,371.4849853515625,117200
2008-10-21,250.71826171875,398.5,398.5,393.5899963378906,393.5899963378906,117200
2008-10-22,236.8768920898437,376.5,392.0700073242188,376.5,392.0700073242188,117200
2008-10-23,233.1019287109375,370.5,370.5,364.80999755859375,364.80999755859375,117200
2008-10-24,212.0252227783203,337.0,364.0,337.0,364.0,117200
2008-10-27,206.6773834228516,328.5,337.2099914550781,328.5,337.2099914550781,117200
2008-10-28,211.71066284179688,336.5,336.5,315.6199951171875,315.6199951171875,117200
2008-10-29,227.4395751953125,361.5,361.5,336.5,336.5,117200
2008-10-30,242.53927612304688,385.5,385.5,385.5,385.5,117200
2008-10-31,254.8077392578125,405.0,405.0,384.9200134277344,384.9200134277344,117200
2008-11-04,276.5137023925781,439.5,439.5,405.4100036621094,405.4100036621094,425800
2008-11-05,294.7591552734375,468.5,468.5,440.4700012207031,440.4700012207031,425800
2008-11-06,286.2655639648437,455.0,468.9700012207031,455.0,468.9700012207031,425800
2008-11-07,284.0635070800781,451.5,464.114990234375,451.5,464.114990234375,425800
2008-11-10,276.5137023925781,439.5,456.0400085449219,439.5,456.0400085449219,425800
2008-11-11,278.0865478515625,442.0,450.0950012207031,442.0,450.0950012207031,425800
2008-11-12,272.7387390136719,433.5,436.1400146484375,433.5,436.1400146484375,425800
2008-11-13,278.0865478515625,442.0,442.0,434.4249877929688,434.4249877929688,425800
2008-11-14,276.1990051269531,439.0,442.3699951171875,439.0,442.3699951171875,425800
2008-11-17,265.8179626464844,422.5,439.0,422.5,439.0,425800
2008-11-18,266.4471130371094,423.5,423.5,423.010009765625,423.010009765625,425800
2008-11-19,266.4471130371094,423.5,427.9849853515625,423.5,427.9849853515625,425800
2008-11-20,253.54949951171875,403.0,424.010009765625,403.0,424.010009765625,425800
2008-11-21,272.1095275878906,432.5,432.5,403.3599853515625,403.3599853515625,425800
2008-11-25,287.83837890625,457.5,457.5,433.2799987792969,433.2799987792969,50000
2008-11-26,294.7591552734375,468.5,468.5,453.8299865722656,453.8299865722656,50000
2008-11-27,298.8486022949219,475.0,475.0,461.6050109863281,461.6050109863281,50000
2008-11-28,311.1171264648437,494.5,494.5,475.30999755859375,475.30999755859375,50000
2008-12-01,303.2526550292969,482.0,493.510009765625,482.0,493.510009765625,50000
2008-12-02,292.8716125488281,465.5,482.1000061035156,465.5,482.1000061035156,50000
2008-12-03,319.296142578125,507.5,507.5,469.5950012207031,469.5950012207031,50000
2008-12-04,309.54425048828125,492.0,496.239990234375,492.0,496.239990234375,50000
2008-12-05,308.2859191894531,490.0,492.3699951171875,490.0,492.3699951171875,50000
2008-12-08,318.9815673828125,507.0,507.0,493.5,493.5,50000
2008-12-09,355.4725646972656,565.0,565.0,519.9450073242188,519.9450073242188,50000
2008-12-10,334.08123779296875,531.0,565.4450073242188,531.0,565.4450073242188,50000
2008-12-11,333.1375427246094,529.5,540.7999877929688,529.5,540.7999877929688,50000
2008-12-12,331.25006103515625,526.5,529.5,526.5,529.5,50000
2008-12-15,342.8893737792969,545.0,545.0,530.3150024414062,530.3150024414062,50000
2008-12-16,334.3959350585937,531.5,538.739990234375,531.5,538.739990234375,165200
2008-12-17,330.30633544921875,525.0,531.97998046875,525.0,531.97998046875,141800
2008-12-18,350.1247253417969,556.5,556.5,547.344970703125,547.344970703125,191400
2008-12-19,348.866455078125,554.5,556.9749755859375,554.5,556.9749755859375,226000
2008-12-22,377.4930419921875,600.0,600.0,554.5,554.5,189000
2008-12-24,352.0121765136719,559.5,568.5,559.5,568.5,182200
2008-12-25,354.8434753417969,564.0,564.33837890625,564.0,564.33837890625,47600
2008-12-26,371.2014770507813,590.0,590.0,581.0,585.0,81600
2008-12-29,373.7181396484375,594.0,594.0,592.4600219726562,592.4600219726562,93000
2008-12-30,382.8408203125,608.5,608.5,585.0,594.0,51600
2009-01-05,365.5390319824219,581.0,617.5,575.0,616.0,80000
2009-01-06,354.2142944335937,563.0,563.0,558.5,558.5,175200
2009-01-07,333.4521179199219,530.0,561.0,530.0,561.0,383600
2009-01-08,314.5774230957031,500.0,502.9049987792969,500.0,502.9049987792969,239800
2009-01-09,309.8588562011719,492.5,492.5,491.1099853515625,491.1099853515625,631600
2009-01-13,298.8486022949219,475.0,475.0,462.0150146484375,462.0150146484375,641000
2009-01-14,291.9278564453125,464.0,475.0950012207031,464.0,475.0950012207031,415400
2009-01-15,284.3780517578125,452.0,455.2149963378906,452.0,455.2149963378906,393800
2009-01-16,278.40106201171875,442.5,444.05999755859375,442.5,444.05999755859375,393400
2009-01-19,281.8614501953125,448.0,448.5,448.0,448.5,250400
2009-01-20,278.7156066894531,443.0,443.2550048828125,443.0,443.2550048828125,186600
2009-01-21,310.1734313964844,493.0,493.0,443.0,443.0,1061800
2009-01-22,310.4880065917969,493.5,493.5,493.2149963378906,493.2149963378906,783800
2009-01-23,337.5416564941406,536.5,536.5,494.0199890136719,494.0199890136719,792400
2009-01-26,352.3268127441406,560.0,560.0,536.7949829101562,536.7949829101562,825600
2009-01-27,346.0352783203125,550.0,550.0,550.0,550.0,461600
2009-01-28,343.8332214355469,546.5,550.3400268554688,546.5,550.3400268554688,315000
2009-01-29,326.53143310546875,519.0,546.7650146484375,519.0,546.7650146484375,431200
2009-01-30,335.6541748046875,533.5,533.5,519.2849731445312,519.2849731445312,310400
2009-02-02,313.9483947753906,499.0,533.5,499.0,533.5,268600
2009-02-03,324.0148620605469,515.0,515.0,511.5,511.5,128600
2009-02-04,317.7231750488281,505.0,515.719970703125,505.0,515.719970703125,183200
2009-02-05,329.3625793457031,523.5,527.5,523.5,527.5,303800
2009-02-06,337.8562316894531,537.0,537.0,523.7050170898438,523.7050170898438,270400
2009-02-09,317.0941772460937,504.0,516.8250122070312,504.0,516.8250122070312,199400
2009-02-10,333.7667541503906,530.5,544.5,522.0,534.5,260200
2009-02-12,327.1605834960937,520.0,520.0,510.6650085449219,510.6650085449219,220800
2009-02-13,346.0352783203125,550.0,550.0,532.5,532.5,408000
2009-02-16,341.316650390625,542.5,542.6649780273438,542.5,542.6649780273438,221800
2009-02-17,338.1707763671875,537.5,538.7000122070312,537.5,538.7000122070312,76800
2009-02-18,352.6413879394531,560.5,560.5,533.4299926757812,533.4299926757812,379000
2009-02-19,368.3702392578125,585.5,585.5,567.0499877929688,567.0499877929688,299600
2009-02-20,353.5849914550781,562.0,572.5,562.0,572.5,279600
2009-02-23,353.8997497558594,562.5,562.5,552.35498046875,552.35498046875,162200
2009-02-24,368.0556640625,585.0,585.0,573.2449951171875,573.2449951171875,352600
2009-02-25,343.2040405273437,545.5,545.5,533.719970703125,533.719970703125,498400
2009-02-26,339.74371337890625,540.0,545.8250122070312,540.0,545.8250122070312,212800
2009-02-27,324.3293762207031,515.5,517.2050170898438,515.5,517.2050170898438,362000
2009-03-02,325.2731018066406,517.0,517.0,515.5,515.5,165800
2009-03-03,318.3524169921875,506.0,520.5,506.0,520.5,121400
2009-03-04,333.4521179199219,530.0,530.0,507.0,507.0,333800
2009-03-05,332.50848388671875,528.5,530.0499877929688,528.5,530.0499877929688,154200
2009-03-06,331.8792724609375,527.5,533.2899780273438,527.5,533.2899780273438,285400
2009-03-09,331.5646667480469,527.0,530.8400268554688,527.0,530.8400268554688,179000
2009-03-10,333.7667541503906,530.5,530.5,516.8300170898438,516.8300170898438,228600
2009-03-11,335.6541748046875,533.5,533.5,532.6900024414062,532.6900024414062,256200
2009-03-12,334.08123779296875,531.0,535.0349731445312,531.0,535.0349731445312,122600
2009-03-13,335.9687194824219,534.0,534.0,530.0549926757812,530.0549926757812,440000
2009-03-16,330.6209716796875,525.5,525.5,519.5,519.5,370600
2009-03-17,314.262939453125,499.5,499.5,499.5,499.5,565600
2009-03-18,319.6106872558594,508.0,509.3900146484375,508.0,509.3900146484375,213200
2009-03-19,318.9815673828125,507.0,508.0,507.0,508.0,123000
2009-03-23,323.70025634765625,514.5,514.5,506.1799926757813,506.1799926757813,292600
2009-03-24,327.47515869140625,520.5,520.5,512.5,512.5,152800
2009-03-25,344.1478881835937,547.0,547.0,520.5,520.5,243600
2009-03-26,340.6715393066406,539.0,539.0,523.0050048828125,523.0050048828125,270000
2009-03-27,346.6759338378906,548.5,548.5,544.72998046875,544.72998046875,242000
2009-03-30,337.5113525390625,534.0,537.5,534.0,537.5,179400
2009-03-31,329.9267578125,522.0,534.5349731445312,522.0,534.5349731445312,217800
2009-04-01,335.9312438964844,531.5,531.5,526.6599731445312,526.6599731445312,108000
2009-04-02,341.3036193847656,540.0,540.0,531.9249877929688,531.9249877929688,123400
2009-04-03,349.2041320800781,552.5,552.5,550.0,550.0,201200
2009-04-06,352.04833984375,557.0,557.5,557.0,557.5,205600
2009-04-07,351.10028076171875,555.5,557.25,555.5,557.25,285600
2009-04-08,333.7190246582031,528.0,531.9600219726562,528.0,531.9600219726562,189200
2009-04-09,333.0870361328125,527.0,528.4349975585938,527.0,528.4349975585938,311000
2009-04-10,335.2991943359375,530.5,530.5,528.0,528.0,67800
2009-04-13,338.1433410644531,535.0,535.0,530.864990234375,530.864990234375,83800
2009-04-14,338.1433410644531,535.0,535.0,530.4199829101562,530.4199829101562,126200
2009-04-15,335.6152038574219,531.0,535.9149780273438,531.0,535.9149780273438,130600
2009-04-16,340.6715393066406,539.0,544.0,539.0,544.0,117600
2009-04-17,346.991943359375,549.0,549.0,539.75,539.75,257200
2009-04-20,341.9355773925781,541.0,548.52001953125,541.0,548.52001953125,173600
2009-04-21,338.7753601074219,536.0,536.0,536.0,536.0,300800
2009-04-22,352.996337890625,558.5,558.5,539.219970703125,539.219970703125,270200
2009-04-23,367.21728515625,581.0,581.0,571.280029296875,571.280029296875,407600
2009-04-24,351.416259765625,556.0,571.3499755859375,556.0,571.3499755859375,242400
2009-04-27,357.10467529296875,565.0,565.0,556.4450073242188,556.4450073242188,204000
2009-04-28,362.4769592285156,573.5,582.239990234375,573.5,582.239990234375,286200
2009-04-30,378.59417724609375,599.0,599.0,590.5,593.5,323600
2009-05-01,370.06158447265625,585.5,585.5,582.1749877929688,582.1749877929688,246000
2009-05-07,377.9620666503906,598.0,599.2999877929688,598.0,599.2999877929688,207400
2009-05-08,377.33013916015625,597.0,601.0,597.0,601.0,110000
2009-05-11,378.59417724609375,599.0,599.0,597.239990234375,597.239990234375,136400
2009-05-12,382.0704040527344,604.5,604.5,599.0599975585938,599.0599975585938,244200
2009-05-13,388.7068481445313,615.0,615.0,605.1649780273438,605.1649780273438,218200
2009-05-14,405.7720031738281,642.0,642.0,605.5,605.5,434600
2009-05-15,396.60736083984375,627.5,644.719970703125,627.5,644.719970703125,219000
2009-05-18,388.3907775878906,614.5,614.5,614.2050170898438,614.2050170898438,153400
2009-05-19,409.2482604980469,647.5,647.5,630.0,630.0,257400
2009-05-20,418.0968933105469,661.5,661.5,647.8900146484375,647.8900146484375,226600
2009-05-21,394.71136474609375,624.5,631.9450073242188,624.5,631.9450073242188,314800
2009-05-22,395.3433227539063,625.5,625.5,624.469970703125,624.469970703125,254800
2009-05-25,395.975341796875,626.5,626.5,626.5,626.5,156000
2009-05-26,395.3433227539063,625.5,626.5,625.5,626.5,101800
2009-05-27,386.4946899414063,611.5,621.8300170898438,611.5,621.8300170898438,332600
2009-05-28,393.76312255859375,623.0,623.0,611.89501953125,611.89501953125,196000
2009-05-29,392.1831359863281,620.5,623.280029296875,620.5,623.280029296875,165400
2009-06-01,396.60736083984375,627.5,634.0,627.5,628.0,117400
2009-06-02,390.2869262695313,617.5,627.739990234375,617.5,627.739990234375,202400
2009-06-03,398.1874694824219,630.0,630.0,629.3599853515625,629.3599853515625,284000
2009-06-04,394.0791320800781,623.5,626.0,623.5,626.0,162000
2009-06-05,398.819580078125,631.0,631.0,627.0,627.0,110600
2009-06-08,395.0273132324219,625.0,637.8300170898438,625.0,637.8300170898438,137000
2009-06-09,393.44720458984375,622.5,626.635009765625,622.5,626.635009765625,179600
2009-06-10,400.7157287597656,634.0,634.0,625.14501953125,625.14501953125,111400
2009-06-11,400.0836181640625,633.0,639.0,632.0,639.0,91800
2009-06-12,400.3995666503906,633.5,637.0,628.0,634.0,121200
2009-06-15,406.7200927734375,643.5,646.0,637.5,637.5,103600
2009-06-16,389.02288818359375,615.5,619.0,612.5,619.0,216600
2009-06-17,390.9190673828125,618.5,621.5,615.0,617.5,105600
2009-06-18,393.1310729980469,622.0,627.0,613.0,615.0,81400
2009-06-19,385.546630859375,610.0,615.0,608.5,614.0,154800
2009-06-22,389.02288818359375,615.5,620.0,614.5,619.5,128000
2009-06-23,383.9665832519531,607.5,614.5,607.5,612.5,164200
2009-06-24,380.8062438964844,602.5,605.5,593.0,593.0,157400
2009-06-25,394.71136474609375,624.5,631.0,607.5,607.5,280000
2009-06-26,395.0273132324219,625.0,644.5,619.5,644.5,238600
2009-06-29,398.5034484863281,630.5,640.0,626.0,635.0,80000
2009-06-30,406.7200927734375,643.5,650.0,635.0,635.0,140000
2009-07-01,405.7720031738281,642.0,648.5,635.0,638.0,129400
2009-07-02,405.7720031738281,642.0,649.0,639.0,649.0,98600
2009-07-03,400.3995666503906,633.5,640.0,631.0,632.0,69400
2009-07-06,408.61614990234375,646.5,647.5,633.5,639.5,108600
2009-07-07,442.1146240234375,699.5,699.5,651.0,651.0,500000
2009-07-08,448.43505859375,709.5,717.0,673.0,678.5,500000
2009-07-09,435.7941284179688,689.5,712.5,687.5,699.5,172800
2009-07-10,439.2704162597656,695.0,699.5,682.0,685.5,160000
2009-07-13,425.3653564453125,673.0,704.5,667.5,697.5,203600
2009-07-14,447.4868774414063,708.0,712.0,674.0,676.5,340000
2009-07-15,449.6990051269531,711.5,714.5,696.0,696.0,149000
2009-07-16,442.74658203125,700.5,716.0,700.5,712.0,100000
2009-07-17,462.9720458984375,732.5,739.0,705.5,710.5,210600
2009-07-21,474.9808349609375,751.5,754.0,730.0,750.0,180000
2009-07-22,461.0759887695313,729.5,745.0,720.0,745.0,240000
2009-07-23,454.1233520507813,718.5,729.0,714.5,723.5,91200
2009-07-24,446.85491943359375,707.0,728.5,700.0,728.5,151600
2009-07-27,453.4912414550781,717.5,724.0,712.5,724.0,60000
2009-07-28,445.9067993164063,705.5,710.0,698.5,700.0,76000
2009-07-29,450.01513671875,712.0,722.5,702.5,715.5,169600
2009-07-30,443.3786010742188,701.5,722.0,690.0,722.0,147600
2009-07-31,451.279052734375,714.0,719.5,700.5,702.0,110000
2009-08-03,449.06689453125,710.5,722.5,703.5,718.5,137200
2009-08-04,438.9542846679688,694.5,711.0,692.0,711.0,280000
2009-08-05,439.9023132324219,696.0,707.0,693.0,697.0,114400
2009-08-06,445.2747802734375,704.5,714.5,701.0,708.0,128600
2009-08-07,434.2139892578125,687.0,709.5,671.0,705.5,171200
2009-08-10,438.6382141113281,694.0,694.5,682.5,682.5,85600
2009-08-11,445.2747802734375,704.5,715.5,699.5,700.0,180000
2009-08-12,440.2184143066406,696.5,705.0,693.5,694.5,94000
2009-08-13,467.7122802734375,740.0,744.0,698.5,701.0,480000
2009-08-14,461.0759887695313,729.5,739.5,725.0,732.0,360000
2009-08-17,451.5951843261719,714.5,723.0,707.0,723.0,151200
2009-08-18,467.0802307128906,739.0,739.5,708.0,708.5,254200
2009-08-19,463.6040649414063,733.5,743.5,730.0,739.5,152200
2009-08-20,479.4049987792969,758.5,758.5,730.0,730.0,240000
2009-08-21,473.4006042480469,749.0,758.5,739.5,758.5,180000
2009-08-24,486.0415954589844,769.0,772.5,754.0,757.5,340000
2009-08-25,479.7211608886719,759.0,768.0,754.0,763.5,160000
2009-08-26,492.9940490722656,780.0,785.0,759.0,759.0,233200
2009-08-27,541.9774780273438,857.5,867.0,780.0,790.5,737200
2009-08-28,531.8648681640625,841.5,849.5,810.0,812.5,260000
2009-08-31,518.2757568359375,820.0,853.5,820.0,850.0,177400
2009-09-02,511.6393737792969,809.5,817.5,777.0,794.5,156400
2009-09-03,519.2237548828125,821.5,832.0,803.5,808.5,130800
2009-09-04,510.059326171875,807.0,836.5,806.5,825.0,200000
2009-09-07,505.9510192871094,800.5,829.0,795.5,815.0,212000
2009-09-08,509.7431945800781,806.5,814.5,800.0,810.0,240000
2009-09-09,500.2626647949219,791.5,817.5,786.5,794.0,255000
2009-09-10,510.059326171875,807.0,812.5,785.0,785.5,273600
2009-09-11,502.1587829589844,794.5,800.0,787.0,797.5,240000
2009-09-14,494.5740661621094,782.5,802.5,782.0,795.0,120000
2009-09-15,505.635009765625,800.0,808.0,782.5,782.5,213200
2009-09-16,510.059326171875,807.0,811.0,789.5,792.0,280000
2009-09-17,526.1763916015625,832.5,833.5,812.5,815.0,199400
2009-09-18,522.068115234375,826.0,835.0,808.5,818.5,260000
2009-09-24,495.5221862792969,784.0,818.0,779.0,811.0,420000
2009-09-25,499.388427734375,775.0,783.5,758.0,775.0,320000
2009-09-28,490.0451049804688,760.5,768.5,727.0,756.5,440000
2009-09-29,461.6926879882813,716.5,752.5,699.5,740.0,500000
2009-09-30,463.6257934570313,719.5,735.0,712.5,715.0,260000
2009-10-01,478.7685546875,743.0,759.5,719.5,729.5,215800
2009-10-02,463.6257934570313,719.5,740.0,711.5,738.0,235400
2009-10-05,453.9602355957031,704.5,722.0,699.5,710.5,110800
2009-10-06,467.8142700195313,726.0,732.0,679.5,700.0,540000
2009-10-07,483.2792053222656,750.0,762.0,725.0,725.0,540000
2009-10-08,469.7473449707031,729.0,765.0,715.0,750.5,360000
2009-10-09,480.3794555664063,745.5,749.5,720.0,733.0,400000
2009-10-13,486.5011291503906,755.0,759.0,749.5,749.5,80000
2009-10-14,506.1542663574219,785.5,788.5,760.0,761.0,440000
2009-10-15,534.1843872070312,829.0,830.0,799.5,800.0,517400
2009-10-16,546.427734375,848.0,852.0,818.0,829.0,479000
2009-10-19,549.3272705078125,852.5,857.5,830.5,831.0,332200
2009-10-20,543.85009765625,844.0,854.5,826.0,837.5,224400
2009-10-21,544.816650390625,845.5,853.5,830.0,853.5,209800
2009-10-22,540.9505004882812,839.5,859.0,825.5,841.0,303200
2009-10-23,531.6071166992188,825.0,844.0,820.5,828.5,316400
2009-10-26,541.5949096679688,840.5,843.0,813.0,837.5,213600
2009-10-27,551.2603759765625,855.5,856.0,835.5,848.0,261000
2009-10-28,568.9806518554688,883.0,884.0,848.0,849.5,509600
2009-10-29,565.7587890625,878.0,888.5,865.5,881.5,482000
2009-10-30,563.1813354492188,874.0,883.5,868.5,880.0,214800
2009-11-02,557.7042236328125,865.5,871.5,850.0,859.0,151200
2009-11-04,550.9382934570312,855.0,863.5,846.5,863.5,199200
2009-11-05,546.427734375,848.0,849.5,831.0,849.5,102000
2009-11-06,534.8289184570312,830.0,844.5,827.5,844.5,135800
2009-11-09,529.9961547851562,822.5,825.0,818.0,825.0,189800
2009-11-10,529.6739501953125,822.0,835.0,818.0,825.0,173200
2009-11-11,514.8533325195312,799.0,837.0,794.0,837.0,252400
2009-11-12,510.9870910644531,793.0,799.0,780.0,799.0,214400
2009-11-13,516.4644165039062,801.5,819.0,780.5,795.5,409400
2009-11-16,511.6314697265625,794.0,807.5,790.0,790.0,201000
2009-11-17,481.9903564453125,748.0,790.0,743.5,779.5,338600
2009-11-18,494.5556945800781,767.5,770.5,745.5,750.5,278400
2009-11-19,485.21240234375,753.0,767.5,740.0,758.5,177400
2009-11-20,488.1118774414063,757.5,765.5,742.0,742.0,330000
2009-11-24,464.5923461914063,721.0,775.0,715.5,772.5,386000
2009-11-25,468.1365661621094,726.5,734.0,710.0,719.5,176800
2009-11-26,482.3125,748.5,759.5,710.0,725.0,387800
2009-11-27,487.4675598144531,756.5,771.0,728.5,728.5,676600
2009-11-30,511.6314697265625,794.0,800.0,771.5,771.5,357600
2009-12-01,511.309326171875,793.5,806.0,782.0,794.0,249400
2009-12-02,505.8322143554688,785.0,818.0,781.5,806.0,336800
2009-12-03,514.208984375,798.0,812.0,791.5,800.0,735800
2009-12-04,493.5891723632813,766.0,795.0,750.5,785.0,304600
2009-12-07,493.5891723632813,766.0,775.0,761.0,765.0,261800
2009-12-08,508.7319030761719,789.5,792.0,765.0,770.5,235800
2009-12-09,532.5736694335938,826.5,835.5,782.0,785.5,513400
2009-12-10,527.0966186523438,818.0,838.5,796.5,827.5,516600
2009-12-11,528.7073364257812,820.5,827.5,813.5,819.0,266600
2009-12-14,539.0173950195312,836.5,839.5,821.5,831.5,229000
2009-12-15,533.8623657226562,828.5,835.0,824.0,835.0,109000
2009-12-16,537.0841674804688,833.5,839.0,822.5,823.0,117000
2009-12-17,529.6739501953125,822.0,832.5,815.5,825.0,168200
2009-12-18,547.3941650390625,849.5,854.0,827.0,830.0,271200
2009-12-21,541.5949096679688,840.5,864.5,830.5,864.5,180800
2009-12-22,545.1388549804688,846.0,850.0,825.5,831.5,171000
2009-12-24,544.816650390625,845.5,849.0,835.5,841.0,99600
2009-12-25,543.5278930664062,843.5,852.5,839.5,847.0,100400
2009-12-28,542.8834228515625,842.5,845.0,827.0,832.5,123000
2009-12-29,538.0506591796875,835.0,840.0,833.0,837.0,93600
2009-12-30,530.6405029296875,823.5,830.5,815.0,822.0,118000
2010-01-04,540.3059692382812,838.5,838.5,820.5,822.5,108600
2010-01-05,533.5402221679688,828.0,839.0,824.0,839.0,176400
2010-01-06,532.8958129882812,827.0,835.0,821.0,835.0,125800
2010-01-07,527.0966186523438,818.0,827.0,817.0,823.0,115800
2010-01-08,524.1967163085938,813.5,820.0,811.0,819.0,145400
2010-01-12,527.0966186523438,818.0,823.5,812.0,820.0,88400
2010-01-13,519.6862182617188,806.5,819.5,806.5,811.0,127600
2010-01-14,521.6192626953125,809.5,815.0,791.5,807.0,178800
2010-01-15,522.9080200195312,811.5,815.5,795.0,795.0,259600
2010-01-18,516.1422119140625,801.0,810.5,793.5,795.5,138400
2010-01-19,514.8533325195312,799.0,806.0,795.0,801.0,78000
2010-01-20,513.5645751953125,797.0,807.5,794.0,805.5,79200
2010-01-21,515.4978637695312,800.0,807.5,790.5,794.0,115200
2010-01-22,509.3763122558594,790.5,795.0,785.5,795.0,112200
2010-01-25,499.388427734375,775.0,789.0,775.0,782.0,111400
2010-01-26,487.1455078125,756.0,770.0,756.0,765.0,203000
2010-01-27,481.3459777832031,747.0,758.0,744.5,758.0,218000
2010-01-28,476.1910095214844,739.0,755.5,738.0,745.0,217000
2010-01-29,463.3036193847656,719.0,731.0,714.0,728.0,461000
2010-02-01,452.3492431640625,702.0,715.5,698.0,711.5,361600
2010-02-02,457.5043029785156,710.0,713.5,703.5,712.5,190200
2010-02-03,467.1697998046875,725.0,728.0,716.0,717.5,160400
2010-02-04,457.5043029785156,710.0,729.5,707.5,728.5,295000
2010-02-05,451.0605163574219,700.0,712.5,696.0,705.0,228200
2010-02-08,445.2611389160156,691.0,704.5,687.0,695.0,186800
2010-02-09,433.6624450683594,673.0,691.0,663.0,691.0,317600
2010-02-10,427.8631896972656,664.0,679.5,663.5,679.5,302600
2010-02-12,424.6412353515625,659.0,682.0,652.0,665.0,450000
2010-02-15,425.2856750488281,660.0,668.5,649.0,664.0,286800
2010-02-16,427.8631896972656,664.0,672.0,650.5,650.5,267800
2010-02-17,437.52880859375,679.0,684.5,670.5,679.0,285800
2010-02-18,435.9178161621094,676.5,696.0,676.0,681.0,244600
2010-02-19,429.4740295410156,666.5,682.0,666.0,677.5,142800
2010-02-22,445.5833740234375,691.5,694.0,677.5,684.5,248000
2010-02-23,439.7840881347656,682.5,691.0,668.0,679.0,195800
2010-02-24,422.0638732910156,655.0,676.0,651.5,674.5,417200
2010-02-25,429.4740295410156,666.5,668.0,654.0,659.0,204000
2010-02-26,432.6959838867188,671.5,673.0,665.5,671.0,161400
2010-03-01,433.9847106933594,673.5,682.5,670.0,680.0,218800
2010-03-02,433.0181884765625,672.0,677.0,665.0,672.0,147200
2010-03-03,427.8631896972656,664.0,674.0,661.0,670.0,189000
2010-03-04,423.6747131347656,657.5,668.5,655.5,663.0,121000
2010-03-05,431.4071960449219,669.5,671.5,660.0,660.0,231000
2010-03-08,427.54095458984375,663.5,675.0,661.5,670.5,393800
2010-03-09,425.2856750488281,660.0,662.5,657.0,660.0,274200
2010-03-10,419.8085021972656,651.5,661.0,650.0,660.0,292600
2010-03-11,422.0638732910156,655.0,659.0,645.0,651.5,280600
2010-03-12,410.4651184082031,637.0,650.5,632.0,645.5,500400
2010-03-15,410.142822265625,636.5,640.5,634.0,637.5,293600
2010-03-16,411.1094665527344,638.0,643.5,635.5,636.0,245600
2010-03-17,415.6200866699219,645.0,646.0,640.0,642.0,183600
2010-03-18,422.0638732910156,655.0,659.5,646.0,646.0,224400
2010-03-19,429.15185546875,666.0,674.0,661.5,669.5,393200
2010-03-23,442.0393371582031,686.0,690.5,670.5,674.5,565600
2010-03-24,451.0605163574219,700.0,700.0,682.0,693.5,684000
2010-03-25,439.1396484375,681.5,701.0,679.0,700.0,379800
2010-03-26,434.6290283203125,674.5,680.0,665.5,679.0,653200
2010-03-29,440.5602722167969,668.5,671.5,650.5,651.0,200600
2010-03-30,454.39990234375,689.5,693.0,664.0,667.5,314200
2010-03-31,455.7179565429688,691.5,697.0,684.0,693.5,173600
2010-04-01,462.3081970214844,701.5,706.0,695.0,697.5,349400
2010-04-02,471.8641357421875,716.0,718.5,702.0,704.0,421800
2010-04-05,453.7408752441406,688.5,722.5,670.0,720.0,699200
2010-04-06,464.2852783203125,704.5,709.5,685.0,699.0,584000
2010-04-07,458.024658203125,695.0,704.0,692.0,700.0,480000
2010-04-08,461.3196105957031,700.0,703.5,691.5,695.0,208000
2010-04-09,463.6261901855469,703.5,708.0,691.5,694.5,265800
2010-04-12,461.6492309570313,700.5,710.0,699.0,708.0,167600
2010-04-13,461.6492309570313,700.5,710.0,690.0,710.0,282800
2010-04-14,460.66064453125,699.0,702.5,694.5,702.5,119400
2010-04-15,463.2968444824219,703.0,704.0,695.0,702.0,216000
2010-04-16,469.55755615234375,712.5,719.5,695.0,709.0,303400
2010-04-19,461.3196105957031,700.0,705.0,695.5,696.0,277000
2010-04-20,466.59185791015625,708.0,712.0,700.5,700.5,198600
2010-04-21,467.9099426269531,710.0,719.5,705.0,719.5,247200
2010-04-22,464.9444580078125,705.5,708.0,696.0,701.0,432600
2010-04-23,478.7840270996094,726.5,733.5,706.0,710.0,391200
2010-04-26,505.8041687011719,767.5,769.5,745.0,756.5,765400
2010-04-27,500.5320129394531,759.5,766.5,754.5,765.5,369000
2010-04-28,494.2710876464844,750.0,759.0,739.0,739.5,253200
2010-04-30,510.7467956542969,775.0,779.0,755.5,755.5,402800
2010-05-06,516.3485717773438,783.5,797.0,760.5,769.5,527400
2010-05-07,500.2023010253906,759.0,779.0,747.5,775.0,404200
2010-05-10,507.4515686035156,770.0,771.0,751.0,758.5,184600
2010-05-11,500.2023010253906,759.0,789.5,755.5,789.5,230400
2010-05-12,496.2482299804688,753.0,764.0,740.5,763.5,190000
2010-05-13,481.7496337890625,731.0,757.0,713.5,755.0,477000
2010-05-14,474.8296203613281,720.5,730.0,707.0,716.0,501400
2010-05-17,471.8641357421875,716.0,722.5,707.5,709.5,257200
2010-05-18,462.9673461914063,702.5,720.0,702.0,716.5,357400
2010-05-19,449.7866821289063,682.5,697.0,680.0,697.0,264400
2010-05-20,450.1162109375,683.0,691.5,660.0,672.0,350400
2010-05-21,443.5258483886719,673.0,677.5,666.5,675.0,210800
2010-05-24,440.8898315429688,669.0,674.0,662.5,666.5,107800
2010-05-25,431.33392333984375,654.5,675.0,654.0,665.5,207200
2010-05-26,408.2679443359375,619.5,646.5,619.0,641.5,402400
2010-05-27,399.7005920410156,606.5,617.0,594.0,605.0,477800
2010-05-28,413.8696899414063,628.0,630.5,611.5,620.0,223200
2010-05-31,436.2766723632813,662.0,669.5,628.0,628.0,401400
2010-06-01,437.26513671875,663.5,676.5,662.0,662.5,454200
2010-06-02,441.87835693359375,670.5,675.0,649.0,652.5,419800
2010-06-03,440.8898315429688,669.0,684.5,668.0,671.5,210200
2010-06-04,448.13909912109375,680.0,686.5,665.5,669.5,271000
2010-06-07,425.7322082519531,646.0,662.5,636.0,660.0,195800
2010-06-08,438.9127502441406,666.0,674.5,637.5,640.0,246000
2010-06-09,433.64056396484375,658.0,661.0,642.0,658.5,126800
2010-06-10,433.3110656738281,657.5,665.0,646.0,659.0,211400
2010-06-11,441.5488586425781,670.0,672.5,662.5,672.5,238000
2010-06-14,450.1162109375,683.0,690.5,676.0,683.0,122800
2010-06-15,456.04736328125,692.0,699.0,681.0,687.5,249800
2010-06-16,456.7064514160156,693.0,698.0,686.0,697.5,212000
2010-06-17,454.72943115234375,690.0,692.5,665.0,685.0,294000
2010-06-18,459.0130920410156,696.5,696.5,676.5,693.0,199400
2010-06-21,460.66064453125,699.0,711.5,694.5,711.5,234600
2010-06-22,450.7751770019531,684.0,696.5,676.0,694.5,257800
2010-06-23,461.3196105957031,700.0,709.0,683.5,685.0,257400
2010-06-24,457.3655090332031,694.0,705.5,692.0,700.0,233600
2010-06-25,464.9444580078125,705.5,708.5,693.0,693.0,207800
2010-06-28,474.5002746582031,720.0,724.0,710.0,712.5,319800
2010-06-29,482.7381286621094,732.5,744.5,723.5,725.0,527000
2010-06-30,475.8182678222656,722.0,728.0,710.5,717.5,288800
2010-07-01,464.2852783203125,704.5,719.5,704.0,719.5,212800
2010-07-02,466.2622985839844,707.5,716.0,700.0,709.5,116600
2010-07-05,469.8870239257813,713.0,715.0,704.0,706.0,84000
2010-07-06,474.8296203613281,720.5,724.5,703.0,703.0,84800
2010-07-07,467.2508544921875,709.0,719.5,703.0,719.5,120400
2010-07-08,473.51171875,718.5,723.0,712.0,717.5,152000
2010-07-09,469.55755615234375,712.5,719.0,710.5,716.5,117000
2010-07-12,470.2166137695313,713.5,718.5,708.5,710.0,85400
2010-07-13,482.40869140625,732.0,740.0,715.5,716.0,279200
2010-07-14,500.5320129394531,759.5,767.5,746.0,749.5,399800
2010-07-15,499.543212890625,758.0,759.5,738.5,752.5,155800
2010-07-16,496.5776977539063,753.5,755.0,736.0,747.5,187600
2010-07-21,469.8870239257813,713.0,737.0,712.5,737.0,352400
2010-07-22,447.150634765625,678.5,706.0,676.0,700.5,383200
2010-07-23,443.1964721679688,672.5,689.0,669.5,680.5,369600
2010-07-26,448.13909912109375,680.0,687.0,678.5,682.5,255400
2010-07-27,467.2508544921875,709.0,712.5,672.5,676.5,302000
2010-07-28,473.51171875,718.5,725.0,707.5,707.5,149600
2010-07-29,468.89849853515625,711.5,722.5,709.0,719.5,92800
2010-07-30,483.7267150878906,734.0,738.0,713.0,716.0,285200
2010-08-02,474.1707763671875,719.5,731.5,716.5,727.5,248800
2010-08-03,489.9874267578125,743.5,746.5,726.5,734.5,201600
2010-08-04,477.7953186035156,725.0,737.0,722.5,735.0,84400
2010-08-05,486.3627624511719,738.0,738.0,725.0,726.0,85600
2010-08-06,496.2482299804688,753.0,755.5,736.0,736.0,201600
2010-08-09,493.612060546875,749.0,751.0,740.0,740.5,52000
2010-08-10,491.6350708007813,746.0,752.5,739.5,748.5,124200
2010-08-11,461.3196105957031,700.0,746.0,690.0,739.0,220400
2010-08-12,460.99017333984375,699.5,701.5,675.0,688.0,278800
2010-08-13,471.8641357421875,716.0,724.0,690.0,690.0,159000
2010-08-16,473.51171875,718.5,722.0,708.5,711.0,153600
2010-08-17,484.0560607910156,734.5,740.0,722.0,722.0,189200
2010-08-18,473.1822509765625,718.0,737.0,715.5,737.0,171400
2010-08-19,472.8525695800781,717.5,724.0,709.0,709.0,218800
2010-08-20,467.5805969238281,709.5,725.0,709.5,712.5,91000
2010-08-23,456.7064514160156,693.0,719.0,692.0,715.5,220200
2010-08-24,444.5144653320313,674.5,685.5,669.0,685.5,237000
2010-08-25,438.9127502441406,666.0,674.5,655.0,660.5,244200
2010-08-26,427.3797302246094,648.5,666.0,645.5,662.0,323800
2010-08-27,432.6519165039063,656.5,664.5,642.5,646.0,268400
2010-08-30,435.2879638671875,660.5,673.0,659.5,670.0,102400
2010-08-31,433.64056396484375,658.0,663.5,648.0,662.5,209000
2010-09-01,435.94720458984375,661.5,664.0,650.5,664.0,92000
2010-09-02,409.58599853515625,621.5,664.0,617.0,660.0,502800
2010-09-03,411.2335205078125,624.0,633.0,617.5,626.0,326000
2010-09-06,418.8123779296875,635.5,639.0,625.0,630.0,177000
2010-09-07,416.8353271484375,632.5,632.5,627.5,628.5,126000
2010-09-08,408.5973205566406,620.0,623.5,614.0,617.5,212800
2010-09-09,408.9269714355469,620.5,629.5,616.5,620.0,125800
2010-09-10,408.9269714355469,620.5,629.5,615.0,615.0,191800
2010-09-13,407.6089172363281,618.5,627.5,617.5,624.0,219800
2010-09-14,408.5973205566406,620.0,623.0,616.5,622.0,161000
2010-09-16,416.1763305664063,631.5,637.5,628.5,635.0,138200
2010-09-17,426.0617370605469,646.5,648.5,629.5,632.5,231000
2010-09-21,425.402587890625,645.5,654.0,644.5,653.5,127000
2010-09-22,419.8009948730469,637.0,649.0,635.0,649.0,79400
2010-09-24,419.141845703125,636.0,648.5,631.0,634.0,85400
2010-09-27,420.7895202636719,638.5,647.0,630.0,646.5,114000
2010-09-28,418.2638244628906,621.0,622.5,613.5,618.0,93400
2010-09-29,415.9064025878906,617.5,628.5,613.5,622.0,93600
2010-09-30,405.8032836914063,602.5,619.5,602.0,619.0,144800
2010-10-01,398.0577087402344,591.0,603.0,589.0,602.5,143000
2010-10-04,391.99603271484375,582.0,595.5,580.5,590.0,146200
2010-10-05,394.3533020019531,585.5,594.0,575.0,575.5,130600
2010-10-06,401.7621765136719,596.5,602.5,585.5,586.0,121000
2010-10-07,407.8239135742188,605.5,619.5,595.0,595.0,145400
2010-10-08,400.7518615722656,595.0,610.5,592.5,599.5,138800
2010-10-12,388.2915344238281,576.5,600.5,576.5,595.5,133400
2010-10-13,387.9547729492188,576.0,589.0,571.5,577.0,104000
2010-10-14,387.6179809570313,575.5,579.5,571.5,576.5,74400
2010-10-15,372.80029296875,553.5,604.0,549.0,571.0,286400
2010-10-18,385.2606201171875,572.0,574.5,543.0,545.0,210200
2010-10-19,389.975341796875,579.0,585.0,570.0,572.5,112600
2010-10-20,380.5458679199219,565.0,572.0,560.0,571.0,138600
2010-10-21,379.8723754882813,564.0,580.0,558.5,580.0,84800
2010-10-22,382.229736328125,567.5,571.5,560.0,560.0,77000
2010-10-25,374.484130859375,556.0,571.5,554.5,563.5,171000
2010-10-26,368.7590026855469,547.5,558.5,545.5,555.5,169800
2010-10-27,370.1060791015625,549.5,555.0,543.5,544.0,188200
2010-10-28,389.63861083984375,578.5,589.0,549.0,549.5,411000
2010-10-29,396.3738708496094,588.5,593.0,549.0,549.5,179400
2010-11-01,390.3121643066406,579.5,584.0,569.5,575.5,257000
2010-11-02,394.6900634765625,586.0,586.0,577.0,581.0,115200
2010-11-04,397.38421630859375,590.0,602.0,585.0,600.5,130000
2010-11-05,399.7416687011719,593.5,599.5,591.0,597.5,62200
2010-11-08,404.11962890625,600.0,603.5,596.5,600.0,101200
2010-11-09,405.12982177734375,601.5,603.5,596.0,603.5,194000
2010-11-10,411.8651428222656,611.5,619.0,606.0,606.0,149000
2010-11-11,410.8547973632813,610.0,612.5,595.0,604.0,111800
2010-11-12,413.2122802734375,613.5,619.0,599.0,601.0,242600
2010-11-15,416.5799560546875,618.5,620.5,610.5,617.5,123800
2010-11-16,415.5696411132813,617.0,625.0,612.5,621.0,94600
2010-11-17,417.2534484863281,619.5,622.5,606.5,606.5,115600
2010-11-18,424.6622619628906,630.5,630.5,621.5,624.5,63400
2010-11-19,420.2843627929688,624.0,628.5,613.5,625.5,168800
2010-11-22,420.9578247070313,625.0,635.5,625.0,635.0,85800
2010-11-24,420.2843627929688,624.0,632.5,622.0,624.0,195000
2010-11-25,420.9578247070313,625.0,627.0,621.0,625.0,89400
2010-11-26,435.7755126953125,647.0,659.5,627.0,627.0,248800
2010-11-29,433.7550354003906,644.0,654.0,643.5,647.5,78800
2010-11-30,428.7034301757813,636.5,649.0,636.5,644.5,86800
2010-12-01,439.4799499511719,652.5,654.0,638.0,639.5,128600
2010-12-02,438.4696960449219,651.0,657.5,650.5,654.0,80400
2010-12-03,440.1535034179688,653.5,656.5,651.0,652.5,65400
2010-12-06,444.531494140625,660.0,664.0,653.5,655.0,66200
2010-12-07,449.5830383300781,667.5,669.0,662.0,665.0,112800
2010-12-08,469.7888793945313,697.5,698.5,667.0,670.0,322800
2010-12-09,466.7580261230469,693.0,697.5,679.5,693.5,179200
2010-12-10,456.6550903320313,678.0,691.0,674.0,685.5,305400
2010-12-13,466.0845031738281,692.0,698.5,684.0,698.5,172600
2010-12-14,468.1051635742188,695.0,702.5,691.0,695.0,202000
2010-12-15,478.2081604003906,710.0,710.0,692.0,692.5,172800
2010-12-16,477.8714294433594,709.5,720.0,701.5,710.5,158600
2010-12-17,483.259521484375,717.5,719.0,696.5,718.5,180000
2010-12-20,477.8714294433594,709.5,716.5,702.5,716.5,219200
2010-12-21,479.2183837890625,711.5,716.0,705.5,714.5,185800
2010-12-22,472.1463012695313,701.0,711.0,697.5,706.0,167600
2010-12-24,469.7888793945313,697.5,699.5,695.0,697.0,48800
2010-12-27,473.830078125,703.5,706.0,690.0,690.0,121000
2010-12-28,477.5345153808594,709.0,711.0,703.5,705.0,80000
2010-12-29,486.9641418457031,723.0,724.5,709.0,709.5,159400
2010-12-30,486.9641418457031,723.0,735.0,722.0,724.0,126200
2011-01-04,494.7095642089844,734.5,736.5,730.0,730.0,69800
2011-01-05,491.6788330078125,730.0,734.0,729.5,731.0,70800
2011-01-06,493.36273193359375,732.5,736.5,726.0,731.5,85800
2011-01-07,486.2904357910156,722.0,733.5,717.5,732.0,155600
2011-01-11,478.8816833496094,711.0,725.0,702.0,725.0,252200
2011-01-12,481.5758056640625,715.0,721.0,705.0,709.5,129000
2011-01-13,486.9641418457031,723.0,725.0,710.0,711.0,149400
2011-01-14,499.0876159667969,741.0,744.5,726.0,726.5,198600
2011-01-17,503.465576171875,747.5,754.0,740.0,743.0,152000
2011-01-18,496.3935852050781,737.0,747.5,736.5,743.5,83600
2011-01-19,490.6685180664063,728.5,737.5,712.5,737.5,117400
2011-01-20,493.6993713378906,733.0,740.0,724.5,728.5,102800
2011-01-21,501.1082458496094,744.0,753.0,739.0,743.0,237400
2011-01-24,502.4552917480469,746.0,747.5,732.0,741.0,167400
2011-01-25,510.2008666992188,757.5,758.5,742.5,749.5,142400
2011-01-26,515.2525634765625,765.0,773.0,756.0,758.5,152600
2011-01-27,514.5789184570312,764.0,770.0,760.0,770.0,133400
2011-01-28,498.7507934570313,740.5,760.0,740.5,760.0,109600
2011-01-31,493.6993713378906,733.0,740.5,725.5,740.5,110000
2011-02-01,488.31103515625,725.0,732.5,719.5,732.5,158800
2011-02-02,502.4552917480469,746.0,750.0,729.0,729.0,100600
2011-02-03,507.169921875,753.0,760.0,737.5,741.0,128800
2011-02-04,502.1185302734375,745.5,754.5,739.0,749.5,157400
2011-02-07,513.5685424804688,762.5,763.5,750.0,754.0,117600
2011-02-08,518.2833251953125,769.5,771.0,755.5,763.0,167800
2011-02-09,506.8331909179688,752.5,765.5,750.0,763.0,174200
2011-02-10,499.4243774414063,741.5,765.0,738.0,759.0,216800
2011-02-14,504.8126525878906,749.5,750.5,730.0,742.5,231200
2011-02-15,522.998046875,776.5,778.0,752.5,753.0,257400
2011-02-16,523.3348388671875,777.0,791.0,773.5,779.5,234000
2011-02-17,531.75390625,789.5,791.0,770.0,775.5,128400
2011-02-18,541.1834716796875,803.5,805.0,783.5,790.0,230400
2011-02-21,566.4408569335938,841.0,841.0,815.5,820.0,373600
2011-02-22,547.2453002929688,812.5,832.5,806.5,832.5,264400
2011-02-23,545.224609375,809.5,823.5,800.0,800.0,179400
2011-02-24,540.5098266601562,802.5,814.5,784.5,801.5,198000
2011-02-25,537.47900390625,798.0,801.5,773.5,790.0,210800
2011-02-28,542.5303955078125,805.5,811.0,791.5,798.0,118600
2011-03-01,540.5098266601562,802.5,819.0,802.5,806.0,245000
2011-03-02,521.9877319335938,775.0,790.5,774.0,787.0,228800
2011-03-03,516.599365234375,767.0,775.0,761.0,775.0,155800
2011-03-04,502.4552917480469,746.0,767.0,740.5,767.0,425200
2011-03-07,493.36273193359375,732.5,750.0,725.5,750.0,309600
2011-03-08,493.36273193359375,732.5,742.0,732.0,735.0,236800
2011-03-09,502.1185302734375,745.5,749.5,734.0,734.0,159800
2011-03-10,510.2008666992188,757.5,760.5,740.0,740.0,250600
2011-03-11,509.86419677734375,757.0,767.5,746.0,759.5,341000
2011-03-14,452.6138305664063,672.0,721.5,650.0,677.0,213800
2011-03-15,397.38421630859375,590.0,673.0,525.5,670.5,246000
2011-03-16,430.38720703125,639.0,656.5,615.0,615.0,304000
2011-03-17,446.8889465332031,663.5,670.0,624.0,637.5,232600
2011-03-18,454.9712219238281,675.5,687.5,667.5,667.5,133400
2011-03-22,471.1360778808594,699.5,707.5,690.5,704.5,164400
2011-03-23,470.7992858886719,699.0,704.0,690.0,700.0,135000
2011-03-24,470.7992858886719,699.0,708.0,697.0,700.0,69200
2011-03-25,473.15673828125,702.5,702.5,690.0,702.5,168000
2011-03-28,471.1360778808594,699.5,708.5,694.5,703.0,188600
2011-03-29,467.5291137695313,680.5,687.0,673.0,675.0,250400
2011-03-30,467.1855773925781,680.0,685.5,671.0,675.5,438000
2011-03-31,470.2771301269531,684.5,688.0,676.5,684.0,91000
2011-04-01,459.6281433105469,669.0,685.0,665.0,684.5,183400
2011-04-04,461.0022583007813,671.0,679.5,665.5,672.0,115600
2011-04-05,450.3530883789063,655.5,665.0,651.5,665.0,136400
2011-04-06,450.3530883789063,655.5,658.0,642.0,656.5,157000
2011-04-07,453.7882385253906,660.5,679.5,659.0,659.0,193400
2011-04-08,462.7198486328125,673.5,676.5,650.0,651.5,195600
2011-04-11,463.4068908691406,674.5,683.0,672.5,678.0,78000
2011-04-12,454.4753723144531,661.5,670.5,657.5,662.0,93200
2011-04-13,461.6892700195313,672.0,683.0,655.0,660.0,118000
2011-04-14,465.1244201660156,677.0,680.0,661.0,668.5,153400
2011-04-15,463.0633544921875,674.0,680.5,669.0,670.5,111600
2011-04-18,467.5291137695313,680.5,688.0,667.5,678.0,98600
2011-04-19,463.4068908691406,674.5,678.0,664.0,668.5,72200
2011-04-20,469.9337463378906,684.0,689.0,674.5,679.0,80800
2011-04-21,473.71240234375,689.5,694.0,683.0,694.0,55800
2011-04-22,478.865234375,697.0,700.0,685.5,690.0,61000
2011-04-25,475.0866088867188,691.5,698.0,689.5,692.5,37200
2011-04-26,463.7503356933594,675.0,688.5,672.5,688.5,49000
2011-04-27,470.6207885742188,685.0,687.0,672.0,675.0,76600
2011-04-28,480.2392883300781,699.0,700.0,684.0,688.0,81800
2011-05-02,480.9263000488281,700.0,701.5,686.5,686.5,48400
2011-05-06,477.1475830078125,694.5,698.5,685.0,698.5,65000
2011-05-09,480.2392883300781,699.0,700.0,686.5,694.5,67800
2011-05-10,480.582763671875,699.5,706.5,693.0,699.0,71400
2011-05-11,489.1706848144531,712.0,712.0,695.5,702.5,80000
2011-05-12,471.6512756347656,686.5,693.5,686.5,690.0,128200
2011-05-13,460.3151245117188,670.0,695.5,661.5,686.0,283000
2011-05-16,469.9337463378906,684.0,686.0,665.5,668.0,113600
2011-05-17,473.3689880371094,689.0,695.0,682.0,685.0,106600
2011-05-18,483.3309020996094,703.5,708.0,686.0,688.0,127400
2011-05-19,479.2087707519531,697.5,706.5,697.5,705.0,71400
2011-05-20,492.60589599609375,717.0,720.0,693.0,704.5,131800
2011-05-23,496.041015625,722.0,723.0,710.0,721.5,160200
2011-05-24,485.3921203613281,706.5,720.5,699.0,710.0,163000
2011-05-25,488.1401062011719,710.5,712.5,695.0,698.5,150200
2011-05-26,496.38470458984375,722.5,724.0,699.0,705.5,127000
2011-05-27,510.4689025878906,743.0,748.5,720.5,725.0,149400
2011-05-30,514.2476196289062,748.5,755.0,744.0,748.5,103800
2011-05-31,516.308837890625,751.5,759.0,744.0,749.0,106800
2011-06-01,510.1254577636719,742.5,749.5,731.5,745.0,97600
2011-06-02,506.34661865234375,737.0,740.5,727.5,734.0,69600
2011-06-03,499.4764099121094,727.0,739.5,726.0,737.0,61000
2011-06-06,496.38470458984375,722.5,729.5,711.5,720.0,39200
2011-06-07,509.7819519042969,742.0,742.0,718.5,726.0,104800
2011-06-08,511.8429260253906,745.0,750.5,737.5,745.0,102200
2011-06-09,506.6901550292969,737.5,750.0,731.0,750.0,162000
2011-06-10,507.7207946777344,739.0,745.5,733.0,745.5,103600
2011-06-13,508.4077453613281,740.0,745.0,737.5,739.5,56400
2011-06-14,503.59857177734375,733.0,740.0,732.0,740.0,67800
2011-06-15,499.13287353515625,726.5,731.5,723.5,727.5,59800
2011-06-16,500.1632690429688,728.0,735.0,725.0,725.0,52600
2011-06-17,494.6670837402344,720.0,729.5,720.0,725.5,68800
2011-06-20,496.38470458984375,722.5,729.5,721.5,721.5,45800
2011-06-21,508.4077453613281,740.0,750.5,727.5,750.5,78000
2011-06-22,517.33935546875,753.0,755.0,737.0,737.0,55200
2011-06-23,515.6217651367188,750.5,755.5,742.5,755.5,43800
2011-06-24,522.8355712890625,761.0,764.0,749.5,750.5,68800
2011-06-27,508.0643005371094,739.5,755.5,739.5,755.0,77800
2011-06-28,515.9652099609375,751.0,752.5,739.0,739.0,48600
2011-06-29,520.7744750976562,758.0,762.5,752.5,756.0,77400
2011-06-30,514.5911865234375,749.0,752.5,740.0,752.5,89400
2011-07-01,509.0948181152344,741.0,749.0,739.0,745.0,51800
2011-07-04,514.9346923828125,749.5,752.5,745.0,748.5,52800
2011-07-05,510.8124694824219,743.5,746.5,736.0,744.5,104400
2011-07-06,515.2781372070312,750.0,750.0,738.5,738.5,83200
2011-07-07,511.4994812011719,744.5,749.5,740.5,746.0,88000
2011-07-08,510.4689025878906,743.0,748.0,742.0,744.5,57600
2011-07-11,510.1254577636719,742.5,742.5,738.0,739.5,97600
2011-07-12,507.3773498535156,738.5,743.0,735.5,738.0,65600
2011-07-13,508.0643005371094,739.5,744.0,733.5,733.5,88800
2011-07-14,495.6976013183594,721.5,738.5,719.5,735.5,140000
2011-07-15,495.6976013183594,721.5,730.0,718.0,718.0,76400
2011-07-19,484.3614807128906,705.0,716.5,703.0,716.5,108400
2011-07-20,485.0484619140625,706.0,717.0,705.5,705.5,85600
2011-07-21,490.2013244628906,713.5,718.5,710.5,718.5,85400
2011-07-22,484.3614807128906,705.0,717.5,705.0,715.0,107800
2011-07-25,487.45318603515625,709.5,713.0,704.5,708.0,120800
2011-07-26,484.705078125,705.5,709.0,701.0,706.0,92400
2011-07-27,508.4077453613281,740.0,740.0,710.0,710.5,207000
2011-07-28,512.8735961914062,746.5,746.5,732.0,740.5,126000
2011-07-29,507.7207946777344,739.0,744.0,739.0,742.5,78800
2011-08-01,498.1022033691406,725.0,740.0,724.0,740.0,101600
2011-08-02,516.6522216796875,752.0,752.5,719.5,727.0,199200
2011-08-03,515.6217651367188,750.5,751.5,736.0,745.0,141000
2011-08-04,520.7744750976562,758.0,764.5,749.5,750.5,151200
2011-08-05,502.5677490234375,731.5,737.5,725.0,730.5,71800
2011-08-08,491.9189453125,716.0,727.0,712.0,724.5,59800
2011-08-09,488.1401062011719,710.5,714.5,686.0,700.0,147800
2011-08-10,516.6522216796875,752.0,752.5,711.5,725.0,111400
2011-08-11,511.1559753417969,744.0,751.0,734.0,750.0,97000
2011-08-12,509.0948181152344,741.0,753.5,737.5,753.5,64200
2011-08-15,518.369873046875,754.5,754.5,736.5,749.5,77400
2011-08-16,516.308837890625,751.5,755.0,733.0,750.0,136800
2011-08-17,516.308837890625,751.5,752.5,743.0,750.0,107400
2011-08-18,507.7207946777344,739.0,750.0,735.0,750.0,92000
2011-08-19,507.3773498535156,738.5,738.5,724.0,727.0,88400
2011-08-22,508.0643005371094,739.5,754.0,739.0,749.5,82200
2011-08-23,512.8735961914062,746.5,750.0,744.0,750.0,70000
2011-08-24,511.8429260253906,745.0,750.0,740.0,750.0,87000
2011-08-25,508.4077453613281,740.0,747.5,737.5,745.0,83800
2011-08-26,520.4310302734375,757.5,758.5,744.0,746.0,152600
2011-08-29,524.508544921875,763.4349975585938,763.5,750.5,759.5,168000
2011-08-30,512.1865844726562,745.5,766.0,740.5,765.0,206000
2011-08-31,506.54595947265625,737.2899780273438,750.5,734.0,740.5,171800
2011-09-01,515.7763061523438,750.7249755859375,757.5,742.5,756.5,45200
2011-09-02,541.890625,788.7349853515625,812.0,759.0,759.0,361400
2011-09-05,528.8197021484375,769.7100219726562,791.5,761.5,780.5,167200
2011-09-06,515.7316284179688,750.6599731445312,765.0,742.5,760.0,134800
2011-09-07,512.7327880859375,746.2949829101562,759.5,740.5,759.5,115600
2011-09-08,525.32275390625,764.6199951171875,767.5,756.0,758.5,141000
2011-09-09,521.6505126953125,759.2750244140625,784.5,759.0,779.0,289200
2011-09-12,525.54248046875,764.9400024414062,777.0,757.0,758.0,175000
2011-09-13,543.6837768554688,791.344970703125,795.0,772.0,779.0,149800
2011-09-14,530.9735717773438,772.844970703125,790.5,760.0,790.5,266600
2011-09-15,536.23291015625,780.5,799.0,764.5,799.0,213800
2011-09-16,538.8057250976562,784.2449951171875,796.0,765.5,794.5,231800
2011-09-20,532.4541625976562,775.0,785.0,771.0,771.0,110400
2011-09-21,538.2940673828125,783.5,790.0,778.0,781.5,152600
2011-09-22,581.5773315429688,846.5,883.5,815.0,883.5,747400
2011-09-26,564.4013061523438,821.5,846.0,816.5,845.5,267600
2011-09-27,564.744873046875,822.0,833.0,809.5,821.5,125400
2011-09-28,575.7838134765625,821.5,837.0,791.5,800.0,227000
2011-09-29,600.3152465820312,856.5,857.0,789.0,823.0,275200
2011-09-30,593.3062133789062,846.5,860.0,836.5,858.5,244600
2011-10-03,586.2974243164062,836.5,852.0,824.0,846.5,170600
2011-10-04,595.05859375,849.0,855.0,783.0,783.0,327400
2011-10-05,568.4246215820312,811.0,848.5,806.0,848.5,205400
2011-10-06,578.2371215820312,825.0,831.5,807.5,815.0,196200
2011-10-07,580.6902465820312,828.5,838.5,814.5,838.0,227200
2011-10-11,557.560791015625,795.5,843.0,792.0,835.0,315200
2011-10-12,566.6724243164062,808.5,817.5,795.0,797.0,192400
2011-10-13,543.1925048828125,775.0,805.0,768.0,800.0,382200
2011-10-14,545.6456298828125,778.5,784.5,763.0,782.5,271400
2011-10-17,557.9111938476562,796.0,804.0,781.5,784.5,195000
2011-10-18,542.4915771484375,774.0,800.5,768.0,798.0,166000
2011-10-19,536.8843994140625,766.0,784.0,763.5,768.5,123800
2011-10-20,528.4735717773438,754.0,762.0,750.5,757.0,112800
2011-10-21,521.4646606445312,744.0,753.5,741.0,750.0,83200
2011-10-24,529.8753662109375,756.0,765.0,743.5,748.5,103200
2011-10-25,530.2258911132812,756.5,770.5,751.5,752.0,160000
2011-10-26,525.319580078125,749.5,753.0,732.0,743.5,158000
2011-10-27,506.3955078125,722.5,747.5,716.0,740.0,312600
2011-10-28,502.1900329589844,716.5,734.0,707.0,730.5,497600
2011-10-31,510.2503051757813,728.0,743.5,710.0,710.0,143800
2011-11-01,503.94232177734375,719.0,723.5,712.5,715.5,67800
2011-11-02,517.2593383789062,738.0,740.0,721.5,740.0,206400
2011-11-04,526.3709716796875,751.0,752.5,743.5,743.5,74200
2011-11-07,524.2681884765625,748.0,751.0,736.0,747.5,46400
2011-11-08,509.5496215820313,727.0,750.0,720.0,750.0,72600
2011-11-09,539.6878662109375,770.0,770.5,739.5,740.0,122800
2011-11-10,539.3374633789062,769.5,770.0,747.5,757.5,120000
2011-11-11,532.6788940429688,760.0,779.5,755.5,773.5,160600
2011-11-14,531.2772216796875,758.0,770.0,753.0,767.5,160600
2011-11-15,532.6788940429688,760.0,769.0,756.5,767.0,231800
2011-11-16,532.32861328125,759.5,762.5,756.0,760.0,86800
2011-11-17,523.5675048828125,747.0,757.5,740.5,757.5,83000
2011-11-18,520.7639770507812,743.0,746.0,737.5,738.5,65800
2011-11-21,513.7549438476562,733.0,755.0,730.0,742.5,79800
2011-11-22,520.0628662109375,742.0,745.0,715.0,720.0,75600
2011-11-24,523.5675048828125,747.0,747.0,727.5,742.0,80600
2011-11-25,499.737060546875,713.0,740.0,712.0,737.5,81600
2011-11-28,504.29290771484375,719.5,740.0,717.0,740.0,140200
2011-11-29,517.9602661132812,739.0,744.0,725.0,734.5,115200
2011-11-30,524.2681884765625,748.0,748.0,739.0,741.5,98800
2011-12-01,520.7639770507812,743.0,748.0,740.5,748.0,70000
2011-12-02,522.5159301757812,745.5,749.0,744.5,744.5,37800
2011-12-05,523.2169799804688,746.5,747.0,742.5,745.5,52800
2011-12-06,523.5675048828125,747.0,749.0,743.0,746.5,65600
2011-12-07,523.91796875,747.5,749.5,736.5,747.0,85600
2011-12-08,524.2681884765625,748.0,756.5,745.0,747.5,94400
2011-12-09,522.16552734375,745.0,755.0,741.5,748.5,147800
2011-12-12,524.2681884765625,748.0,767.5,746.0,767.5,113200
2011-12-13,517.6097412109375,738.5,743.5,735.5,742.5,66800
2011-12-14,529.8753662109375,756.0,759.5,731.5,735.5,123800
2011-12-15,527.0718383789062,752.0,764.5,744.5,756.0,128000
2011-12-16,506.0450134277344,722.0,748.0,721.0,747.0,71600
2011-12-19,500.0875244140625,713.5,715.0,705.0,715.0,107000
2011-12-20,500.7882690429688,714.5,724.0,709.5,724.0,114800
2011-12-21,507.7972717285156,724.5,727.0,713.0,727.0,63200
2011-12-22,507.7972717285156,724.5,730.5,720.0,727.0,45000
2011-12-26,500.7882690429688,714.5,725.0,712.0,725.0,47000
2011-12-27,501.1388244628906,715.0,719.0,707.5,714.5,38400
2011-12-28,498.3351440429688,711.0,715.5,709.0,712.5,65800
2011-12-29,497.9847106933594,710.5,714.5,709.5,714.5,15800
2011-12-30,502.5406799316406,717.0,719.0,711.0,714.5,15000
2012-01-04,509.5496215820313,727.0,734.5,720.5,729.5,66800
2012-01-05,508.4981994628906,725.5,729.0,723.5,729.0,13400
2012-01-06,504.6431274414063,720.0,728.0,719.0,728.0,66800
2012-01-10,498.3351440429688,711.0,729.0,710.0,723.5,95600
2012-01-11,498.6856384277344,711.5,722.0,711.0,718.5,39600
2012-01-12,506.0450134277344,722.0,727.0,714.0,714.0,91600
2012-01-13,503.5919189453125,718.5,726.0,716.0,725.0,41200
2012-01-16,502.8909606933594,717.5,720.0,713.5,716.0,37200
2012-01-17,500.4378051757813,714.0,723.5,711.0,723.5,76600
2012-01-18,492.7279968261719,703.0,710.0,702.0,710.0,68600
2012-01-19,504.9936828613281,720.5,726.0,710.0,710.0,153200
2012-01-20,508.1476745605469,725.0,729.0,719.0,726.0,111400
2012-01-23,506.7459716796875,723.0,729.0,722.0,729.0,59400
2012-01-24,516.2080078125,736.5,741.0,725.0,728.5,52400
2012-01-25,522.5159301757812,745.5,748.5,733.5,741.0,67200
2012-01-26,504.6431274414063,720.0,740.0,716.0,738.0,195200
2012-01-27,509.8999633789063,727.5,730.5,723.5,725.0,61200
2012-01-30,506.7459716796875,723.0,732.0,720.0,727.5,51600
2012-01-31,505.3440856933594,721.0,724.5,716.5,723.0,92800
2012-02-01,505.6947326660156,721.5,730.0,718.0,718.0,67600
2012-02-02,500.7882690429688,714.5,721.5,706.5,707.0,145600
2012-02-03,504.9936828613281,720.5,724.0,718.0,718.5,82000
2012-02-06,509.5496215820313,727.0,729.5,724.0,724.5,33000
2012-02-07,505.3440856933594,721.0,731.5,716.5,723.5,55200
2012-02-08,505.6947326660156,721.5,726.5,718.0,721.0,67200
2012-02-09,504.29290771484375,719.5,725.5,719.0,725.0,55600
2012-02-10,499.0362243652344,712.0,718.5,708.0,717.5,80600
2012-02-13,496.2326049804688,708.0,718.5,705.5,718.5,107800
2012-02-14,501.1388244628906,715.0,717.5,709.0,713.5,91600
2012-02-15,500.4378051757813,714.0,718.5,712.0,718.5,56000
2012-02-16,499.38671875,712.5,718.0,711.5,714.0,34000
2012-02-17,499.737060546875,713.0,717.5,710.5,716.5,110800
2012-02-20,495.882080078125,707.5,715.5,705.0,715.0,203200
2012-02-21,501.4892883300781,715.5,715.5,705.0,705.5,241800
2012-02-22,501.4892883300781,715.5,719.5,714.5,719.0,144600
2012-02-23,501.8397216796875,716.0,718.0,711.5,714.0,144600
2012-02-24,501.8397216796875,716.0,724.5,714.0,715.0,187800
2012-02-27,504.6431274414063,720.0,721.0,713.0,717.0,211200
2012-02-28,503.94232177734375,719.0,720.5,714.0,720.0,115800
2012-02-29,506.7459716796875,723.0,730.0,720.5,722.5,151200
2012-03-01,506.7459716796875,723.0,727.5,720.0,722.0,111400
2012-03-02,505.3440856933594,721.0,729.0,720.5,724.5,130800
2012-03-05,508.1476745605469,725.0,727.5,722.5,725.0,63800
2012-03-06,506.3955078125,722.5,728.0,720.0,725.0,83200
2012-03-07,501.1388244628906,715.0,720.5,711.5,720.0,118000
2012-03-08,500.4378051757813,714.0,720.0,711.5,714.5,65800
2012-03-09,500.7882690429688,714.5,716.0,710.0,710.0,278800
2012-03-12,498.6856384277344,711.5,719.5,711.5,714.5,124800
2012-03-13,492.3775939941406,702.5,714.5,701.5,712.5,309400
2012-03-14,494.1299743652344,705.0,710.5,705.0,707.5,110000
2012-03-15,490.9759216308594,700.5,708.5,700.0,705.0,215600
2012-03-16,489.5740356445313,698.5,702.5,698.5,700.0,188200
2012-03-19,490.9759216308594,700.5,704.0,698.5,702.0,139400
2012-03-21,494.4802551269531,705.5,707.0,701.0,707.0,159400
2012-03-22,497.2839050292969,709.5,711.0,706.0,707.5,151000
2012-03-23,495.882080078125,707.5,710.5,706.5,709.5,221600
2012-03-26,494.1299743652344,705.0,714.5,704.5,714.5,253000
2012-03-27,493.07861328125,703.5,709.5,700.5,706.0,267400
2012-03-28,493.6165161132813,688.0,689.0,681.5,686.5,198600
2012-03-29,491.4642639160156,685.0,689.0,684.0,688.5,221600
2012-03-30,492.5404968261719,686.5,688.0,675.0,683.0,235800
2012-04-02,488.5943298339844,681.0,691.5,679.5,687.0,237400
2012-04-03,484.6482543945313,675.5,682.5,674.0,678.0,161800
2012-04-04,491.4642639160156,685.0,687.0,673.0,673.5,317200
2012-04-05,478.9085388183594,667.5,680.0,666.0,680.0,257200
2012-04-06,478.9085388183594,667.5,669.5,665.0,667.5,107800
2012-04-09,475.3211975097656,662.5,666.0,659.0,666.0,126800
2012-04-10,467.42913818359375,651.5,663.5,650.5,659.0,176200
2012-04-11,479.9847106933594,669.0,671.0,649.0,650.5,259800
2012-04-12,483.2132568359375,673.5,677.5,665.0,666.5,233600
2012-04-13,487.1594848632813,679.0,687.0,668.5,673.5,224200
2012-04-16,495.4102478027344,690.5,694.5,679.5,684.0,185200
2012-04-17,494.6927185058594,689.5,691.5,680.0,686.0,100800
2012-04-18,500.4326171875,697.5,698.0,686.5,690.5,247200
2012-04-19,507.9658508300781,708.0,709.5,696.0,697.0,275800
2012-04-20,509.40081787109375,710.0,710.0,700.0,703.5,171600
2012-04-23,505.8136901855469,705.0,711.0,703.5,710.0,194200
2012-04-24,503.3023376464844,701.5,705.0,686.5,696.5,243200
2012-04-25,502.9437255859375,701.0,704.5,696.0,699.0,129800
2012-04-26,507.2485961914063,707.0,707.0,700.0,705.0,159200
2012-04-27,502.9437255859375,701.0,711.5,697.5,707.0,245400
2012-05-01,505.4547424316406,704.5,706.0,695.0,695.5,168400
2012-05-02,500.0738525390625,697.0,703.0,691.0,698.0,187800
2012-05-07,497.2039184570313,693.0,697.0,684.5,694.0,171800
2012-05-08,493.6165161132813,688.0,695.0,684.5,692.0,130400
2012-05-09,493.6165161132813,688.0,693.5,681.5,687.5,113200
2012-05-10,493.25787353515625,687.5,689.5,677.5,683.0,53400
2012-05-11,493.6165161132813,688.0,694.5,685.5,687.0,115600
2012-05-14,497.2039184570313,693.0,756.5,684.5,685.0,778200
2012-05-15,499.7151184082031,696.5,699.5,668.0,687.5,341800
2012-05-16,489.3118896484375,682.0,696.5,679.0,696.5,100000
2012-05-17,500.0738525390625,697.0,707.0,690.0,699.5,341400
2012-05-18,504.01995849609375,702.5,702.5,692.5,695.0,303600
2012-05-21,500.7913513183594,698.0,710.0,696.0,710.0,132200
2012-05-22,501.1500549316406,698.5,700.0,695.0,698.0,106600
2012-05-23,509.0421447753906,709.5,709.5,688.5,700.0,267000
2012-05-24,494.3341369628906,689.0,703.5,687.5,700.0,199400
2012-05-25,502.2261657714844,700.0,703.5,680.0,685.0,279600
2012-05-28,511.1945495605469,712.5,714.5,693.5,700.5,271400
2012-05-29,505.0960693359375,704.0,716.0,700.0,705.5,266800
2012-05-30,497.2039184570313,693.0,710.0,692.5,707.5,235600
2012-05-31,510.8358459472656,712.0,714.0,691.0,693.5,217800
2012-06-01,498.99749755859375,695.5,703.0,693.0,703.0,115800
2012-06-04,490.7467651367188,684.0,690.0,680.5,680.5,128400
2012-06-05,490.7467651367188,684.0,691.0,682.5,684.0,116800
2012-06-06,490.3880310058594,683.5,684.5,678.0,680.5,158000
2012-06-07,504.01995849609375,702.5,702.5,684.0,690.5,164800
2012-06-08,504.7373962402344,703.5,704.0,693.0,704.0,194200
2012-06-11,508.3247680664063,708.5,711.5,701.5,704.0,124800
2012-06-12,502.5848388671875,700.5,703.0,690.5,700.0,175400
2012-06-13,503.66107177734375,702.0,702.0,694.0,695.5,181400
2012-06-14,495.0515747070313,690.0,696.5,684.0,694.5,181800
2012-06-15,497.562744140625,693.5,698.5,688.5,690.0,165600
2012-06-18,507.2485961914063,707.0,709.5,691.5,691.5,164200
2012-06-19,502.2261657714844,700.0,710.5,699.5,709.0,190600
2012-06-20,511.1945495605469,712.5,717.5,704.0,706.5,188400
2012-06-21,516.575439453125,720.0,723.0,712.0,723.0,217200
2012-06-22,510.4771118164063,711.5,717.0,707.5,709.5,134400
2012-06-25,506.8896789550781,706.5,737.5,702.5,710.5,197600
2012-06-26,510.4771118164063,711.5,721.0,707.5,707.5,122600
2012-06-27,517.2930297851562,721.0,722.0,715.0,715.0,186800
2012-06-28,534.8707885742188,745.5,750.5,718.0,721.0,534600
2012-06-29,547.4266357421875,763.0,766.5,743.0,745.0,269000
2012-07-02,548.8616333007812,765.0,767.5,756.0,764.5,125800
2012-07-03,554.601318359375,773.0,775.0,764.5,764.5,135400
2012-07-04,557.4711303710938,777.0,783.0,775.0,780.5,125600
2012-07-05,557.4711303710938,777.0,781.5,770.0,779.0,135600
2012-07-06,555.3186645507812,774.0,781.0,772.0,779.0,120000
2012-07-09,563.2108154296875,785.0,788.0,776.0,776.5,145200
2012-07-10,568.441162109375,792.2899780273438,797.5,781.0,783.5,212400
2012-07-11,561.9696044921875,783.27001953125,791.0,777.5,789.5,105000
2012-07-12,571.5765380859375,796.6599731445312,799.0,790.0,792.0,194200
2012-07-13,566.2564697265625,789.2449951171875,795.0,786.0,795.0,166400
2012-07-17,567.128173828125,790.4600219726562,796.5,779.0,779.0,88800
2012-07-18,567.8922119140625,791.5250244140625,795.0,789.0,790.5,96600
2012-07-19,566.0914306640625,789.0150146484375,792.0,785.0,789.5,79200
2012-07-20,570.0266723632812,794.5,794.5,780.5,786.5,97600
2012-07-23,563.5695190429688,785.5,791.0,785.5,785.5,101400
2012-07-24,553.3849487304688,771.3049926757812,777.0,766.0,775.5,119200
2012-07-25,561.6897583007812,782.8800048828125,784.5,765.5,773.5,102400
2012-07-26,566.7836303710938,789.97998046875,797.0,782.0,783.0,112000
2012-07-27,571.1279907226562,796.0349731445312,799.0,793.5,796.5,88000
2012-07-30,571.4651489257812,796.5050048828125,799.5,788.0,796.0,79400
2012-07-31,574.9019165039062,801.2949829101562,802.5,793.0,799.0,73400
2012-08-01,577.5599975585938,805.0,809.5,793.0,795.5,80000
2012-08-02,581.506103515625,810.5,816.0,791.0,809.5,124800
2012-08-03,577.201416015625,804.5,808.5,799.5,802.5,39400
2012-08-06,582.2236938476562,811.5,813.5,806.0,809.0,31400
2012-08-07,588.6810302734375,820.5,822.5,811.0,815.0,75600
2012-08-08,588.6810302734375,820.5,823.0,803.5,817.0,89000
2012-08-09,580.3529663085938,808.8926391601562,819.0,801.5,815.0,96200
2012-08-10,587.7659912109375,819.2249755859375,822.0,770.0,814.0,212000
2012-08-13,553.8837280273438,772.0,775.0,757.5,760.0,150800
2012-08-14,548.1439819335938,764.0,774.0,758.0,765.0,195600
2012-08-15,529.4898681640625,738.0,762.5,733.0,762.5,221600
2012-08-16,516.9093017578125,720.4650268554688,730.5,715.5,730.5,283000
2012-08-17,516.9306640625,720.4949951171875,727.0,719.0,719.0,194800
2012-08-20,521.8369140625,727.3333740234375,734.0,723.0,723.0,168400
2012-08-21,516.29931640625,719.614990234375,727.0,715.5,724.5,245200
2012-08-22,514.8320922851562,717.5700073242188,721.0,715.5,715.5,225400
2012-08-23,515.6427001953125,718.7000122070312,724.0,717.0,721.0,177600
2012-08-24,522.1861572265625,727.8200073242188,732.0,722.0,722.5,194200
2012-08-27,520.5217895507812,725.5,738.5,721.0,728.5,195800
2012-08-28,517.6517333984375,721.5,730.5,720.5,721.5,194800
2012-08-29,525.902587890625,733.0,737.0,721.0,721.5,246600
2012-08-30,529.4898681640625,738.0,739.0,727.5,731.5,177400
2012-08-31,530.5661010742188,739.5,749.5,727.5,727.5,224200
2012-09-03,531.642333984375,741.0,749.5,736.0,736.0,135600
2012-09-04,512.6295776367188,714.5,741.5,713.0,741.5,276600
2012-09-05,508.6833801269531,709.0,717.0,702.5,713.0,206200
2012-09-06,489.3118896484375,682.0,711.5,678.0,710.0,360200
2012-09-07,490.7467651367188,684.0,693.0,675.5,680.5,262400
2012-09-10,496.8452758789063,692.5,693.5,677.5,683.5,184000
2012-09-11,503.3023376464844,701.5,704.5,691.5,693.5,102000
2012-09-12,507.2485961914063,707.0,709.0,695.5,697.5,169600
2012-09-13,502.9437255859375,701.0,709.0,700.0,709.0,103000
2012-09-14,501.8674621582031,699.5,703.5,696.0,697.0,162800
2012-09-18,491.4642639160156,685.0,698.5,682.5,697.5,434800
2012-09-19,501.50872802734375,699.0,699.0,687.0,687.5,198200
2012-09-20,504.01995849609375,702.5,706.0,700.5,704.0,167200
2012-09-21,507.2485961914063,707.0,708.5,703.5,707.5,118600
2012-09-24,523.7503051757812,730.0,733.5,712.0,712.0,261400
2012-09-25,532.0010375976562,741.5,742.5,723.0,725.5,235200
2012-09-26,538.6143188476562,733.0,739.0,714.0,720.0,97300
2012-09-27,543.7579956054688,740.0,740.0,725.0,735.0,121800
2012-09-28,554.7801513671875,755.0,758.0,743.0,743.0,171900
2012-10-01,546.697265625,744.0,750.0,739.0,746.0,133700
2012-10-02,526.857421875,717.0,740.0,710.0,740.0,212300
2012-10-03,529.796630859375,721.0,724.0,709.0,715.0,111400
2012-10-04,507.0175476074219,690.0,718.0,687.0,709.0,245900
2012-10-05,517.3048706054688,704.0,707.0,694.0,700.0,151700
2012-10-09,538.6143188476562,733.0,736.0,714.0,721.0,199800
2012-10-10,536.4099731445312,730.0,737.0,723.0,728.0,127400
2012-10-11,543.023193359375,739.0,742.0,724.0,729.0,136700
2012-10-12,535.675048828125,729.0,738.0,724.0,738.0,202400
2012-10-15,515.8351440429688,702.0,724.0,701.0,722.0,195800
2012-10-16,529.796630859375,721.0,729.0,705.0,705.0,113800
2012-10-17,540.0838012695312,735.0,737.0,719.0,732.0,93100
2012-10-18,540.8186645507812,736.0,738.0,723.0,735.0,155100
2012-10-19,530.531494140625,722.0,727.0,713.0,727.0,177100
2012-10-22,525.3876953125,715.0,728.0,710.0,715.0,178400
2012-10-23,529.061767578125,720.0,726.0,710.0,710.0,156900
2012-10-24,537.144775390625,731.0,735.0,717.0,720.0,119300
2012-10-25,565.0673828125,769.0,774.0,731.0,735.0,360700
2012-10-26,545.96240234375,743.0,769.0,739.0,769.0,150300
2012-10-29,556.9845581054688,758.0,761.0,738.0,738.0,140900
2012-10-30,552.57568359375,752.0,761.0,745.0,754.0,231000
2012-10-31,564.3326416015625,768.0,785.0,741.0,759.0,320100
2012-11-01,553.3104858398438,753.0,772.0,749.0,771.0,105500
2012-11-02,560.6585693359375,763.0,767.0,750.0,750.0,74300
2012-11-05,564.3326416015625,768.0,770.0,757.0,759.0,75700
2012-11-06,564.3326416015625,768.0,770.0,757.0,761.0,74000
2012-11-07,562.8629760742188,766.0,776.0,765.0,770.0,81400
2012-11-08,568.0067138671875,773.0,777.0,755.0,755.0,109600
2012-11-09,571.6806640625,778.0,783.0,772.0,774.0,97700
2012-11-12,581.2332153320312,791.0,800.0,772.0,775.0,214300
2012-11-13,576.8243408203125,785.0,793.0,775.0,776.0,112800
2012-11-14,590.7857666015625,804.0,808.0,780.0,780.0,186500
2012-11-15,595.9293823242188,811.0,812.0,793.0,801.0,135800
2012-11-16,567.2717895507812,772.0,803.0,769.0,802.0,186800
2012-11-19,567.2717895507812,772.0,773.0,758.0,772.0,187300
2012-11-20,581.2332153320312,791.0,792.0,773.0,775.0,136600
2012-11-21,576.0894775390625,784.0,802.0,780.0,799.0,127300
2012-11-22,574.619873046875,782.0,799.0,781.0,799.0,87700
2012-11-26,584.9071655273438,796.0,796.0,781.0,795.0,108800
2012-11-27,588.5813598632812,801.0,804.0,793.0,797.0,75600
2012-11-28,587.8464965820312,800.0,808.0,793.0,798.0,122600
2012-11-29,586.376953125,798.0,806.0,794.0,800.0,90900
2012-11-30,575.3547973632812,783.0,799.0,774.0,799.0,159500
2012-12-03,562.8629760742188,766.0,784.0,765.0,783.0,127600
2012-12-04,564.3326416015625,768.0,774.0,764.0,766.0,119500
2012-12-05,569.4762573242188,775.0,781.0,770.0,781.0,111100
2012-12-06,576.8243408203125,785.0,785.0,776.0,778.0,89200
2012-12-07,581.2332153320312,791.0,795.0,780.0,783.0,87500
2012-12-10,579.0286865234375,788.0,793.0,783.0,789.0,78700
2012-12-11,587.8464965820312,800.0,800.0,792.0,800.0,128500
2012-12-12,590.0509033203125,803.0,807.0,794.0,800.0,101700
2012-12-13,585.64208984375,797.0,809.0,793.0,808.0,59300
2012-12-14,573.8851318359375,781.0,789.0,774.0,774.0,117500
2012-12-17,575.3547973632812,783.0,790.0,781.0,783.0,49300
2012-12-18,589.3159790039062,802.0,804.0,789.0,790.0,108600
2012-12-19,596.6642456054688,812.0,812.0,796.0,805.0,114700
2012-12-20,587.8464965820312,800.0,815.0,793.0,815.0,104600
2012-12-21,594.459716796875,809.0,815.0,804.0,815.0,133400
2012-12-25,589.3159790039062,802.0,820.0,791.0,820.0,63000
2012-12-26,598.8685302734375,815.0,815.0,793.0,794.0,56700
2012-12-27,598.1337280273438,814.0,815.0,805.0,815.0,52600
2012-12-28,599.6034545898438,816.0,819.0,803.0,812.0,54900
2013-01-04,607.686279296875,827.0,830.0,815.0,820.0,72800
2013-01-07,606.9514770507812,826.0,834.0,821.0,825.0,76700
2013-01-08,608.421142578125,828.0,830.0,822.0,826.0,69000
2013-01-09,611.3602294921875,832.0,835.0,820.0,825.0,69600
2013-01-10,615.7692260742188,838.0,842.0,824.0,826.0,73400
2013-01-11,615.7692260742188,838.0,844.0,833.0,844.0,72800
2013-01-15,628.2609252929688,855.0,855.0,838.0,844.0,123000
2013-01-16,623.1171875,848.0,854.0,845.0,852.0,69100
2013-01-17,627.5259399414062,854.0,857.0,845.0,851.0,90100
2013-01-18,635.6090698242188,865.0,867.0,854.0,858.0,74600
2013-01-21,645.8963012695312,879.0,889.0,874.0,889.0,68200
2013-01-22,640.0177612304688,871.0,880.0,865.0,879.0,71700
2013-01-23,645.1614990234375,878.0,885.0,865.0,866.0,74000
2013-01-24,638.5482788085938,869.0,875.0,860.0,868.0,54900
2013-01-25,652.5096435546875,888.0,890.0,874.0,875.0,74600
2013-01-28,657.6531982421875,895.0,900.0,888.0,900.0,92600
2013-01-29,665.0012817382812,905.0,909.0,893.0,895.0,98000
2013-01-30,671.6145629882812,914.0,917.0,903.0,908.0,73800
2013-01-31,662.0621948242188,901.0,917.0,884.0,914.0,132300
2013-02-01,661.3272094726562,900.0,911.0,896.0,898.0,91000
2013-02-04,656.91845703125,894.0,909.0,892.0,909.0,95100
2013-02-05,665.7362060546875,906.0,914.0,886.0,886.0,116600
2013-02-06,671.6145629882812,914.0,918.0,906.0,912.0,94200
2013-02-07,681.9017333984375,928.0,932.0,907.0,913.0,138400
2013-02-08,681.9017333984375,928.0,932.0,918.0,932.0,113900
2013-02-12,656.91845703125,894.0,927.0,890.0,926.0,101300
2013-02-13,638.5482788085938,869.0,892.0,868.0,890.0,136000
2013-02-14,641.4874267578125,873.0,880.0,860.0,860.0,78500
2013-02-15,655.4487915039062,892.0,894.0,865.0,869.0,137300
2013-02-18,678.962646484375,924.0,932.0,877.0,878.0,167200
2013-02-19,719.3770141601562,979.0,988.0,950.0,950.0,315200
2013-02-20,706.8853759765625,962.0,985.0,962.0,983.0,174100
2013-02-21,712.0289916992188,969.0,974.0,955.0,967.0,104000
2013-02-22,728.19482421875,991.0,994.0,963.0,963.0,161400
2013-02-25,737.747314453125,1004.0,1008.0,992.0,995.0,125500
2013-02-26,731.8689575195312,996.0,1000.0,988.0,991.0,53700
2013-02-27,733.33837890625,998.0,1006.0,990.0,991.0,75700
2013-02-28,748.0345458984375,1018.0,1028.0,1001.0,1003.0,111500
2013-03-01,753.9130859375,1026.0,1032.0,995.0,995.0,89400
2013-03-04,742.1561279296875,1010.0,1028.0,1007.0,1028.0,108800
2013-03-05,739.9517822265625,1007.0,1021.0,1004.0,1010.0,80500
2013-03-06,735.5428466796875,1001.0,1012.0,994.0,1004.0,88200
2013-03-07,725.9904174804688,988.0,1028.0,987.0,1015.0,198800
2013-03-08,730.3992309570312,994.0,1000.0,980.0,987.0,213600
2013-03-11,731.1340942382812,995.0,999.0,990.0,991.0,128200
2013-03-12,730.3992309570312,994.0,1007.0,992.0,994.0,116300
2013-03-13,744.360595703125,1013.0,1018.0,991.0,1000.0,156000
2013-03-14,756.1175537109375,1029.0,1040.0,1017.0,1018.0,161900
2013-03-15,770.0789184570312,1048.0,1062.0,1038.0,1040.0,154900
2013-03-18,756.1175537109375,1029.0,1050.0,1028.0,1038.0,126100
2013-03-19,781.1010131835938,1063.0,1065.0,1033.0,1033.0,130500
2013-03-21,783.3054809570312,1066.0,1085.0,1062.0,1068.0,134800
2013-03-22,772.2833251953125,1051.0,1072.0,1051.0,1069.0,109300
2013-03-25,769.3440551757812,1047.0,1074.0,1046.0,1055.0,139700
2013-03-26,775.2227172851562,1055.0,1061.0,1031.0,1035.0,131100
2013-03-27,788.2987670898438,1055.0,1073.0,1050.0,1068.0,60100
2013-03-28,814.4505004882812,1090.0,1090.0,1060.0,1060.0,173800
2013-03-29,824.1642456054688,1103.0,1107.0,1076.0,1090.0,142900
2013-04-01,762.893798828125,1021.0,1100.0,1005.0,1099.0,132100
2013-04-02,751.6856079101562,1006.0,1019.0,976.0,996.0,166900
2013-04-03,780.8264770507812,1045.0,1050.0,1002.0,1002.0,123000
2013-04-04,793.5288696289062,1062.0,1065.0,1002.0,1048.0,100500
2013-04-05,774.1017456054688,1036.0,1084.0,1029.0,1067.0,138300
2013-04-08,809.22021484375,1083.0,1084.0,1034.0,1040.0,159000
2013-04-09,790.5401000976562,1058.0,1074.0,1046.0,1061.0,108000
2013-04-10,754.6744384765625,1010.0,1023.0,988.0,1006.0,297000
2013-04-11,750.1912841796875,1004.0,1013.0,995.0,1000.0,180900
2013-04-12,747.9496459960938,1001.0,1008.0,998.0,1000.0,130500
2013-04-15,743.4664306640625,995.0,1003.0,993.0,1000.0,98400
2013-04-16,758.410400390625,1015.0,1021.0,991.0,995.0,161200
2013-04-17,792.78173828125,1061.0,1064.0,1017.0,1017.0,215900
2013-04-18,784.5624389648438,1050.0,1065.0,1037.0,1046.0,148600
2013-04-19,795.0234985351562,1064.0,1068.0,1043.0,1055.0,70800
2013-04-22,787.5513916015625,1054.0,1084.0,1051.0,1078.0,99900
2013-04-23,773.3545532226562,1035.0,1048.0,1033.0,1047.0,142100
2013-04-24,808.47314453125,1082.0,1084.0,1041.0,1050.0,112400
2013-04-25,788.2987670898438,1055.0,1089.0,1045.0,1088.0,149300
2013-04-26,770.3656616210938,1031.0,1062.0,1027.0,1057.0,94900
2013-04-30,786.0570068359375,1052.0,1058.0,1030.0,1031.0,86700
2013-05-01,786.0570068359375,1052.0,1063.0,1041.0,1058.0,94100
2013-05-02,783.0681762695312,1048.0,1059.0,1041.0,1059.0,66400
2013-05-07,795.0234985351562,1064.0,1074.0,1053.0,1062.0,94400
2013-05-08,788.2987670898438,1055.0,1069.0,1052.0,1064.0,73600
2013-05-09,798.0121459960938,1068.0,1084.0,1060.0,1060.0,96800
2013-05-10,805.4842529296875,1078.0,1081.0,1050.0,1081.0,124000
2013-05-13,798.759521484375,1069.0,1081.0,1054.0,1078.0,104300
2013-05-14,792.03466796875,1060.0,1067.0,1043.0,1055.0,112000
2013-05-15,762.893798828125,1021.0,1060.0,1014.0,1060.0,135800
2013-05-16,719.5559692382812,963.0,1020.0,950.0,1020.0,202400
2013-05-17,741.2247924804688,992.0,1005.0,951.0,954.0,140300
2013-05-20,753.92724609375,1009.0,1015.0,990.0,992.0,101400
2013-05-21,743.4664306640625,995.0,1020.0,994.0,1019.0,88300
2013-05-22,751.6856079101562,1006.0,1014.0,991.0,995.0,111500
2013-05-23,697.1398315429688,933.0,1012.0,928.0,1012.0,269500
2013-05-24,695.6453857421875,931.0,957.0,909.0,930.0,148500
2013-05-27,685.1846923828125,917.0,933.0,896.0,904.0,152300
2013-05-28,672.482177734375,900.0,920.0,896.0,902.0,106300
2013-05-29,670.98779296875,898.0,923.0,897.0,910.0,144400
2013-05-30,662.7684936523438,887.0,911.0,882.0,898.0,94800
2013-05-31,681.448486328125,912.0,913.0,890.0,893.0,133700
2013-06-03,663.5157470703125,888.0,914.0,885.0,903.0,106000
2013-06-04,652.3077392578125,873.0,895.0,852.0,889.0,154200
2013-06-05,646.3302001953125,865.0,900.0,863.0,874.0,132100
2013-06-06,617.9364013671875,827.0,862.0,820.0,851.0,129400
2013-06-07,609.7172241210938,816.0,830.0,796.0,819.0,130900
2013-06-10,641.8469848632812,859.0,865.0,835.0,835.0,151300
2013-06-11,639.6053466796875,856.0,880.0,844.0,844.0,177900
2013-06-12,635.8692016601562,851.0,853.0,825.0,837.0,70300
2013-06-13,626.90283203125,839.0,848.0,818.0,829.0,103800
2013-06-14,620.9251708984375,831.0,874.0,828.0,867.0,216900
2013-06-17,674.7238159179688,903.0,920.0,856.0,861.0,255600
2013-06-18,679.2071533203125,909.0,914.0,895.0,898.0,137900
2013-06-19,679.9542846679688,910.0,939.0,904.0,922.0,135100
2013-06-20,703.86474609375,942.0,942.0,912.0,914.0,143400
2013-06-21,695.6453857421875,931.0,943.0,890.0,943.0,269400
2013-06-24,688.920654296875,922.0,948.0,918.0,937.0,125000
2013-06-25,706.853515625,946.0,949.0,900.0,944.0,193400
2013-06-26,664.2630004882812,889.0,939.0,887.0,937.0,109300
2013-06-27,668.7462768554688,895.0,895.0,865.0,883.0,114900
2013-06-28,700.128662109375,937.0,937.0,902.0,910.0,94500
2013-07-01,706.853515625,946.0,946.0,914.0,935.0,123700
2013-07-02,709.0950927734375,949.0,949.0,924.0,949.0,99100
2013-07-03,706.1062622070312,945.0,948.0,932.0,948.0,56000
2013-07-04,699.3814697265625,936.0,945.0,928.0,945.0,62000
2013-07-05,706.853515625,946.0,946.0,932.0,940.0,53600
2013-07-08,707.6006469726562,947.0,953.0,938.0,949.0,67600
2013-07-09,709.84228515625,950.0,955.0,938.0,949.0,49400
2013-07-10,700.128662109375,937.0,955.0,931.0,944.0,78900
2013-07-11,695.6453857421875,931.0,936.0,918.0,935.0,47700
2013-07-12,694.1510009765625,929.0,937.0,916.0,927.0,101600
2013-07-16,691.1622924804688,925.0,934.0,913.0,924.0,121100
2013-07-17,692.6566772460938,927.0,931.0,912.0,921.0,96900
2013-07-18,711.3367919921875,952.0,956.0,924.0,931.0,904100
2013-07-19,706.1062622070312,945.0,957.0,942.0,947.0,194800
2013-07-22,724.7864990234375,970.0,984.0,949.0,960.0,134300
2013-07-23,706.853515625,946.0,970.0,916.0,970.0,103500
2013-07-24,711.3367919921875,952.0,960.0,945.0,952.0,39500
2013-07-25,703.86474609375,942.0,951.0,934.0,948.0,71000
2013-07-26,682.1958618164062,913.0,930.0,909.0,930.0,101300
2013-07-29,676.9653930664062,906.0,920.0,891.0,902.0,86100
2013-07-30,667.9990844726562,894.0,897.0,883.0,894.0,84600
2013-07-31,667.2517700195312,893.0,922.0,884.0,888.0,65100
2013-08-01,697.8870239257812,934.0,1043.0,880.0,1043.0,1176300
2013-08-02,686.6790161132812,919.0,930.0,891.0,928.0,242600
2013-08-05,676.2181396484375,905.0,919.0,900.0,905.0,126600
2013-08-06,673.2294311523438,901.0,905.0,891.0,900.0,78800
2013-08-07,665.7573852539062,891.0,904.0,890.0,895.0,66700
2013-08-08,689.66796875,923.0,938.0,890.0,890.0,181800
2013-08-09,662.0214233398438,886.0,921.0,885.0,918.0,123700
2013-08-12,706.853515625,946.0,970.0,900.0,900.0,324300
2013-08-13,716.5671997070312,959.0,960.0,927.0,947.0,100600
2013-08-14,718.0614624023438,961.0,965.0,949.0,959.0,85200
2013-08-15,712.0838623046875,953.0,965.0,949.0,958.0,98000
2013-08-16,714.3255004882812,956.0,963.0,941.0,945.0,106000
2013-08-19,734.5000610351562,983.0,992.0,965.0,965.0,130400
2013-08-20,733.0055541992188,981.0,991.0,978.0,983.0,96400
2013-08-21,738.2360229492188,988.0,1009.0,980.0,990.0,165900
2013-08-22,721.05029296875,965.0,983.0,959.0,974.0,106200
2013-08-23,735.9942626953125,985.0,995.0,977.0,978.0,131300
2013-08-26,732.2583618164062,980.0,988.0,978.0,984.0,54400
2013-08-27,731.5110473632812,979.0,998.0,972.0,975.0,104100
2013-08-28,735.2471923828125,984.0,987.0,969.0,974.0,74100
2013-08-29,729.26953125,976.0,990.0,970.0,978.0,92800
2013-08-30,721.7974853515625,966.0,988.0,965.0,977.0,78500
2013-09-02,743.4664306640625,995.0,998.0,977.0,977.0,64600
2013-09-03,750.1912841796875,1004.0,1005.0,988.0,998.0,91900
2013-09-04,770.3656616210938,1031.0,1040.0,992.0,999.0,177000
2013-09-05,756.916015625,1013.0,1039.0,1011.0,1039.0,89200
2013-09-06,753.1799926757812,1008.0,1059.0,982.0,1037.0,258500
2013-09-09,759.1577758789062,1016.0,1042.0,993.0,1020.0,139700
2013-09-10,779.33203125,1043.0,1056.0,1020.0,1023.0,111400
2013-09-11,747.9496459960938,1001.0,1047.0,996.0,1043.0,216800
2013-09-12,723.2919921875,968.0,994.0,962.0,990.0,274900
2013-09-13,706.1062622070312,945.0,967.0,940.0,953.0,332800
2013-09-17,713.578369140625,955.0,962.0,941.0,941.0,140100
2013-09-18,713.578369140625,955.0,960.0,950.0,956.0,117000
2013-09-19,720.30322265625,964.0,965.0,950.0,953.0,122300
2013-09-20,730.016845703125,977.0,980.0,963.0,963.0,115500
2013-09-24,736.74169921875,986.0,990.0,975.0,980.0,109400
2013-09-25,769.6185302734375,1030.0,1037.0,987.0,990.0,318100
2013-09-26,772.279052734375,1016.0,1024.0,988.0,1012.0,156800
2013-09-27,775.3194580078125,1020.0,1024.0,1006.0,1006.0,126700
2013-09-30,770.7587280273438,1014.0,1035.0,1002.0,1023.0,228400
2013-10-01,778.3597412109375,1024.0,1034.0,1006.0,1010.0,109300
2013-10-02,745.6748657226562,981.0,1021.0,978.0,1021.0,139200
2013-10-03,731.2325439453125,962.0,988.0,958.0,977.0,149200
2013-10-04,737.3136596679688,970.0,983.0,950.0,951.0,138800
2013-10-07,708.4290771484375,932.0,979.0,931.0,960.0,203400
2013-10-08,702.3480834960938,924.0,933.0,910.0,923.0,195200
2013-10-09,710.7095336914062,935.0,937.0,908.0,921.0,92500
2013-10-10,726.671875,956.0,958.0,928.0,928.0,114700
2013-10-11,722.8713989257812,951.0,970.0,945.0,960.0,105500
2013-10-15,730.4724731445312,961.0,964.0,950.0,951.0,85400
2013-10-16,739.5938720703125,973.0,998.0,952.0,964.0,146800
2013-10-17,749.4754028320312,986.0,995.0,979.0,983.0,69300
2013-10-18,731.99267578125,963.0,981.0,957.0,976.0,122400
2013-10-21,735.7932739257812,968.0,973.0,941.0,973.0,97200
2013-10-22,736.553466796875,969.0,984.0,962.0,962.0,93600
2013-10-23,732.7528686523438,964.0,976.0,961.0,964.0,92800
2013-10-24,737.3136596679688,970.0,973.0,954.0,960.0,122400
2013-10-25,740.3540649414062,974.0,980.0,965.0,972.0,152900
2013-10-28,744.154541015625,979.0,988.0,966.0,975.0,145700
2013-10-29,749.4754028320312,986.0,992.0,958.0,979.0,206700
2013-10-30,771.518798828125,1015.0,1015.0,979.0,981.0,362700
2013-10-31,751.7557983398438,989.0,1012.0,985.0,1002.0,162300
2013-11-01,745.6748657226562,981.0,1004.0,971.0,1004.0,114400
2013-11-05,761.6373291015625,1002.0,1014.0,981.0,985.0,217400
2013-11-06,770.7587280273438,1014.0,1022.0,1002.0,1008.0,121100
2013-11-07,782.1605224609375,1029.0,1032.0,1014.0,1024.0,209500
2013-11-08,734.2730102539062,966.0,1008.0,960.0,1008.0,236600
2013-11-11,744.9146728515625,980.0,993.0,978.0,981.0,84400
2013-11-12,766.1979370117188,1008.0,1008.0,979.0,980.0,91500
2013-11-13,763.1575317382812,1004.0,1017.0,998.0,1009.0,114000
2013-11-14,772.279052734375,1016.0,1022.0,1005.0,1005.0,80900
2013-11-15,785.9610595703125,1034.0,1044.0,1016.0,1018.0,183800
2013-11-18,779.1199340820312,1025.0,1039.0,1021.0,1030.0,87400
2013-11-19,786.72119140625,1035.0,1041.0,1020.0,1025.0,129800
2013-11-20,801.9236450195312,1055.0,1066.0,1038.0,1043.0,174300
2013-11-21,826.2471923828125,1087.0,1089.0,1060.0,1062.0,207900
2013-11-22,825.4871215820312,1086.0,1104.0,1070.0,1098.0,177900
2013-11-25,841.4495239257812,1107.0,1110.0,1094.0,1100.0,161000
2013-11-26,834.6085815429688,1098.0,1102.0,1082.0,1097.0,109200
2013-11-27,817.885986328125,1076.0,1104.0,1054.0,1104.0,146100
2013-11-28,827.7673950195312,1089.0,1092.0,1069.0,1070.0,126600
2013-11-29,826.2471923828125,1087.0,1091.0,1065.0,1076.0,79400
2013-12-02,828.5274658203125,1090.0,1094.0,1053.0,1087.0,70400
2013-12-03,829.2877807617188,1091.0,1109.0,1088.0,1099.0,97400
2013-12-04,821.6864624023438,1081.0,1100.0,1070.0,1100.0,88300
2013-12-05,863.4929809570312,1136.0,1145.0,1098.0,1110.0,535600
2013-12-06,842.2098388671875,1108.0,1141.0,1094.0,1141.0,181100
2013-12-09,860.4525146484375,1132.0,1134.0,1113.0,1134.0,128700
2013-12-10,883.2557983398438,1162.0,1166.0,1133.0,1135.0,238300
2013-12-11,876.4148559570312,1153.0,1173.0,1081.0,1168.0,197600
2013-12-12,873.3744506835938,1149.0,1159.0,1114.0,1150.0,82000
2013-12-13,870.3341674804688,1145.0,1157.0,1137.0,1145.0,109600
2013-12-16,855.8919067382812,1126.0,1143.0,1119.0,1140.0,96100
2013-12-17,865.7733764648438,1139.0,1140.0,1120.0,1135.0,98400
2013-12-18,860.4525146484375,1132.0,1141.0,1123.0,1134.0,144800
2013-12-19,852.0911865234375,1121.0,1136.0,1112.0,1135.0,160300
2013-12-20,864.2531127929688,1137.0,1138.0,1116.0,1120.0,113200
2013-12-24,854.3714599609375,1124.0,1140.0,1120.0,1140.0,125000
2013-12-25,849.8109741210938,1118.0,1129.0,1094.0,1119.0,157100
2013-12-26,867.2935791015625,1141.0,1151.0,1110.0,1129.0,138700
2013-12-27,893.8976440429688,1176.0,1178.0,1133.0,1151.0,141800
2013-12-30,902.2590942382812,1187.0,1188.0,1177.0,1181.0,84900
2014-01-06,906.0593872070312,1192.0,1199.0,1169.0,1187.0,133700
2014-01-07,904.5392456054688,1190.0,1203.0,1182.0,1200.0,112000
2014-01-08,916.7011108398438,1206.0,1218.0,1159.0,1203.0,148700
2014-01-09,914.4208984375,1203.0,1209.0,1181.0,1209.0,156200
2014-01-10,928.8632202148438,1222.0,1226.0,1184.0,1209.0,172300
2014-01-14,950.9064331054688,1251.0,1265.0,1195.0,1216.0,278700
2014-01-15,950.9064331054688,1251.0,1263.0,1235.0,1256.0,182100
2014-01-16,935.7041015625,1231.0,1253.0,1210.0,1235.0,296800
2014-01-17,956.9873657226562,1259.0,1260.0,1216.0,1224.0,112600
2014-01-20,956.2272338867188,1258.0,1262.0,1246.0,1260.0,82700
2014-01-21,958.50732421875,1261.0,1288.0,1250.0,1260.0,143700
2014-01-22,962.3082275390624,1266.0,1275.0,1256.0,1260.0,154300
2014-01-23,957.7473754882812,1260.0,1282.0,1255.0,1275.0,193400
2014-01-24,957.7473754882812,1260.0,1268.0,1222.0,1243.0,202900
2014-01-27,944.825439453125,1243.0,1259.0,1226.0,1227.0,279800
2014-01-28,948.6259155273438,1248.0,1265.0,1234.0,1242.0,252500
2014-01-29,961.54833984375,1265.0,1273.0,1254.0,1260.0,275300
2014-01-30,947.105712890625,1246.0,1270.0,1230.0,1259.0,319900
2014-01-31,960.0279541015624,1263.0,1280.0,1240.0,1250.0,195000
2014-02-03,886.296630859375,1166.0,1218.0,1149.0,1213.0,296800
2014-02-04,850.571044921875,1119.0,1170.0,1090.0,1100.0,294800
2014-02-05,851.3311767578125,1120.0,1137.0,1113.0,1123.0,289400
2014-02-06,858.9322509765625,1130.0,1140.0,1116.0,1119.0,259300
2014-02-07,863.4929809570312,1136.0,1143.0,1107.0,1131.0,165700
2014-02-10,857.412109375,1128.0,1136.0,1100.0,1136.0,139300
2014-02-12,847.5305786132812,1115.0,1138.0,1104.0,1136.0,158100
2014-02-13,842.9697265625,1109.0,1136.0,1106.0,1116.0,193300
2014-02-14,834.6085815429688,1098.0,1126.0,1091.0,1114.0,141000
2014-02-17,846.7704467773438,1114.0,1117.0,1084.0,1100.0,114200
2014-02-18,866.5335693359375,1140.0,1143.0,1093.0,1093.0,286900
2014-02-19,842.2098388671875,1108.0,1124.0,1103.0,1122.0,168000
2014-02-20,806.4840698242188,1061.0,1108.0,1046.0,1101.0,292000
2014-02-21,816.3656616210938,1074.0,1087.0,1055.0,1077.0,338700
2014-02-24,800.4032592773438,1053.0,1078.0,1042.0,1078.0,290900
2014-02-25,809.524658203125,1065.0,1074.0,1054.0,1069.0,216300
2014-02-26,797.36279296875,1049.0,1065.0,1045.0,1045.0,181100
2014-02-27,776.0796508789062,1021.0,1055.0,1017.0,1044.0,200500
2014-02-28,742.6344604492188,977.0,997.0,965.0,992.0,355900
2014-03-03,744.9146728515625,980.0,997.0,957.0,997.0,238300
2014-03-04,721.35107421875,949.0,988.0,940.0,966.0,384100
2014-03-05,730.4724731445312,961.0,971.0,945.0,945.0,359900
2014-03-06,733.5128784179688,965.0,986.0,955.0,963.0,139200
2014-03-07,739.5938720703125,973.0,979.0,964.0,972.0,187500
2014-03-10,745.6748657226562,981.0,985.0,970.0,980.0,119900
2014-03-11,760.8771362304688,1001.0,1005.0,980.0,981.0,197500
2014-03-12,738.8336791992188,972.0,1004.0,969.0,1001.0,188500
2014-03-13,745.6748657226562,981.0,986.0,972.0,979.0,141800
2014-03-14,720.5909423828125,948.0,978.0,945.0,976.0,235300
2014-03-17,709.9492797851562,934.0,960.0,931.0,948.0,134700
2014-03-18,719.830810546875,947.0,975.0,941.0,955.0,153700
2014-03-19,724.3915405273438,953.0,971.0,945.0,958.0,117800
2014-03-20,708.4290771484375,932.0,961.0,921.0,961.0,199100
2014-03-24,710.7095336914062,935.0,968.0,929.0,947.0,241800
2014-03-25,696.2672119140625,916.0,935.0,912.0,921.0,261900
2014-03-26,695.507080078125,915.0,928.0,910.0,917.0,200700
2014-03-27,694.3448486328125,896.0,903.0,884.0,888.0,187600
2014-03-28,726.8921508789062,938.0,938.0,901.0,904.0,190500
2014-03-31,721.4675903320312,931.0,939.0,914.0,938.0,174100
2014-04-01,712.9432983398438,920.0,937.0,913.0,936.0,174600
2014-04-02,716.0430297851562,924.0,930.0,908.0,918.0,204700
2014-04-03,729.9918823242188,942.0,948.0,919.0,923.0,263100
2014-04-04,705.19384765625,910.0,938.0,909.0,936.0,207600
2014-04-07,692.7947998046875,894.0,905.0,888.0,900.0,184400
2014-04-08,681.9457397460938,880.0,893.0,869.0,889.0,219500
2014-04-09,685.0454711914062,884.0,889.0,867.0,867.0,198200
2014-04-10,676.5211791992188,873.0,900.0,866.0,890.0,184000
2014-04-11,677.2960205078125,874.0,885.0,852.0,860.0,147800
2014-04-14,674.9712524414062,871.0,884.0,864.0,864.0,101600
2014-04-15,680.3958129882812,878.0,883.0,872.0,872.0,145400
2014-04-16,713.7180786132812,921.0,923.0,886.0,889.0,127500
2014-04-17,712.1682739257812,919.0,927.0,914.0,922.0,106800
2014-04-18,709.8433837890625,916.0,929.0,909.0,928.0,128300
2014-04-21,702.0941162109375,906.0,940.0,900.0,919.0,116100
2014-04-22,695.8946533203125,898.0,909.0,897.0,902.0,65000
2014-04-23,695.1197509765625,897.0,901.0,886.0,895.0,198300
2014-04-24,714.4931030273438,922.0,931.0,898.0,898.0,168300
2014-04-25,702.8690185546875,907.0,929.0,906.0,929.0,130700
2014-04-28,702.8690185546875,907.0,913.0,893.0,902.0,118000
2014-04-30,697.4443359375,900.0,912.0,894.0,903.0,89200
2014-05-01,702.8690185546875,907.0,914.0,898.0,906.0,72000
2014-05-02,703.64404296875,908.0,914.0,890.0,910.0,62600
2014-05-07,695.1197509765625,897.0,906.0,891.0,902.0,112500
2014-05-08,710.618408203125,917.0,920.0,898.0,900.0,119600
2014-05-09,711.3934326171875,918.0,925.0,906.0,917.0,99800
2014-05-12,697.4443359375,900.0,919.0,895.0,912.0,110000
2014-05-13,696.66943359375,899.0,913.0,891.0,910.0,155800
2014-05-14,705.96875,911.0,911.0,890.0,899.0,141500
2014-05-15,703.64404296875,908.0,918.0,901.0,908.0,142900
2014-05-16,740.0661010742188,955.0,989.0,908.0,911.0,429200
2014-05-19,722.2424926757812,932.0,980.0,929.0,956.0,207100
2014-05-20,748.59033203125,966.0,971.0,943.0,943.0,199500
2014-05-21,712.1682739257812,919.0,961.0,903.0,961.0,336700
2014-05-22,702.0941162109375,906.0,922.0,896.0,919.0,207700
2014-05-23,701.3191528320312,905.0,907.0,893.0,901.0,194500
2014-05-26,740.0661010742188,955.0,960.0,907.0,913.0,219800
2014-05-27,733.8665771484375,947.0,955.0,935.0,950.0,143100
2014-05-28,742.3908081054688,958.0,970.0,950.0,955.0,189700
2014-05-29,738.5162353515625,953.0,958.0,939.0,952.0,137200
2014-05-30,760.2145385742188,981.0,997.0,960.0,960.0,240200
2014-06-02,757.11474609375,977.0,986.0,971.0,981.0,98000
2014-06-03,774.938232421875,1000.0,1004.0,974.0,975.0,192700
2014-06-04,760.2145385742188,981.0,1009.0,976.0,1003.0,111300
2014-06-05,761.7642822265625,983.0,1003.0,976.0,976.0,220900
2014-06-06,754.0150146484375,973.0,986.0,966.0,979.0,102900
2014-06-09,756.3397216796875,976.0,986.0,968.0,980.0,84100
2014-06-10,757.11474609375,977.0,987.0,973.0,983.0,101700
2014-06-11,762.5392456054688,984.0,985.0,973.0,976.0,171300
2014-06-12,760.2145385742188,981.0,985.0,974.0,980.0,126600
2014-06-13,755.5648803710938,975.0,979.0,963.0,976.0,174200
2014-06-16,752.4651489257812,971.0,979.0,966.0,974.0,87200
2014-06-17,755.5648803710938,975.0,979.0,966.0,973.0,71100
2014-06-18,761.7642822265625,983.0,984.0,974.0,977.0,64800
2014-06-19,767.1889038085938,990.0,1000.0,978.0,989.0,139500
2014-06-20,750.9152221679688,969.0,994.0,963.0,990.0,333000
2014-06-23,740.8409423828125,956.0,982.0,953.0,982.0,234900
2014-06-24,740.8409423828125,956.0,966.0,951.0,955.0,164300
2014-06-25,740.8409423828125,956.0,962.0,951.0,955.0,56500
2014-06-26,743.165771484375,959.0,963.0,955.0,959.0,49900
2014-06-27,740.8409423828125,956.0,960.0,946.0,955.0,123000
2014-06-30,746.2655029296875,963.0,965.0,952.0,954.0,108800
2014-07-01,740.0661010742188,955.0,962.0,953.0,955.0,202100
2014-07-02,754.0150146484375,973.0,973.0,962.0,965.0,109000
2014-07-03,745.4907836914062,962.0,974.0,959.0,973.0,104800
2014-07-04,745.4907836914062,962.0,967.0,956.0,965.0,74200
2014-07-07,740.8409423828125,956.0,965.0,952.0,962.0,151500
2014-07-08,731.541748046875,944.0,958.0,942.0,951.0,147400
2014-07-09,727.6670532226562,939.0,944.0,930.0,943.0,93100
2014-07-10,715.26806640625,923.0,941.0,918.0,938.0,99600
2014-07-11,709.8433837890625,916.0,923.0,913.0,921.0,50800
2014-07-14,727.6670532226562,939.0,940.0,924.0,924.0,88100
2014-07-15,717.5928344726562,926.0,941.0,924.0,939.0,79600
2014-07-16,712.9432983398438,920.0,930.0,918.0,925.0,84800
2014-07-17,714.4931030273438,922.0,924.0,916.0,919.0,40000
2014-07-18,716.8179931640625,925.0,926.0,911.0,919.0,76100
2014-07-22,728.4420776367188,940.0,953.0,936.0,942.0,120000
2014-07-23,732.3167724609375,945.0,946.0,935.0,942.0,76800
2014-07-24,732.3167724609375,945.0,948.0,941.0,944.0,58800
2014-07-25,736.19140625,950.0,951.0,945.0,949.0,81300
2014-07-28,735.4164428710938,949.0,965.0,947.0,955.0,100700
2014-07-29,736.96630859375,951.0,953.0,946.0,953.0,40400
2014-07-30,730.7667236328125,943.0,950.0,941.0,949.0,50800
2014-07-31,744.7156982421875,961.0,962.0,944.0,945.0,96600
2014-08-01,735.4164428710938,949.0,954.0,943.0,954.0,49700
2014-08-04,729.9918823242188,942.0,955.0,938.0,955.0,50600
2014-08-05,730.7667236328125,943.0,950.0,941.0,941.0,47100
2014-08-06,731.541748046875,944.0,952.0,942.0,944.0,56900
2014-08-07,729.9918823242188,942.0,946.0,925.0,944.0,81400
2014-08-08,706.7437133789062,912.0,942.0,912.0,942.0,131400
2014-08-11,695.1197509765625,897.0,942.0,892.0,921.0,200400
2014-08-12,700.5442504882812,904.0,906.0,874.0,892.0,204500
2014-08-13,720.692626953125,930.0,945.0,905.0,909.0,143800
2014-08-14,692.0198364257812,893.0,927.0,888.0,916.0,312000
2014-08-15,705.96875,911.0,914.0,892.0,893.0,150100
2014-08-18,697.4443359375,900.0,912.0,897.0,911.0,75400
2014-08-19,689.695068359375,890.0,901.0,889.0,900.0,194200
2014-08-20,697.4443359375,900.0,901.0,891.0,894.0,55100
2014-08-21,693.56982421875,895.0,905.0,890.0,905.0,113400
2014-08-22,700.5442504882812,904.0,904.0,897.0,900.0,60500
2014-08-25,707.5186157226562,913.0,920.0,901.0,908.0,91300
2014-08-26,713.7180786132812,921.0,932.0,911.0,920.0,156700
2014-08-27,714.4931030273438,922.0,927.0,916.0,920.0,94000
2014-08-28,718.3677368164062,927.0,927.0,916.0,920.0,75100
2014-08-29,714.4931030273438,922.0,928.0,919.0,923.0,90100
2014-09-01,721.4675903320312,931.0,933.0,920.0,929.0,87500
2014-09-02,719.917724609375,929.0,943.0,926.0,935.0,85300
2014-09-03,720.692626953125,930.0,935.0,928.0,930.0,38200
2014-09-04,714.4931030273438,922.0,931.0,918.0,931.0,74400
2014-09-05,711.3934326171875,918.0,924.0,915.0,921.0,48700
2014-09-08,723.7923583984375,934.0,934.0,922.0,933.0,52700
2014-09-09,729.2169189453125,941.0,947.0,934.0,935.0,78000
2014-09-10,736.19140625,950.0,950.0,936.0,943.0,105000
2014-09-11,735.4164428710938,949.0,954.0,946.0,952.0,97100
2014-09-12,736.19140625,950.0,953.0,943.0,950.0,121300
2014-09-16,734.6414184570312,948.0,951.0,944.0,951.0,75500
2014-09-17,739.2910766601562,954.0,960.0,944.0,944.0,50700
2014-09-18,739.2910766601562,954.0,955.0,943.0,954.0,98600
2014-09-19,766.4140014648438,989.0,992.0,960.0,960.0,364100
2014-09-22,761.7642822265625,983.0,998.0,975.0,998.0,224600
2014-09-24,765.63916015625,988.0,995.0,970.0,972.0,193900
2014-09-25,790.43701171875,1020.0,1020.0,995.0,998.0,253700
2014-09-26,798.7158813476562,1013.0,1023.0,996.0,1001.0,190800
2014-09-29,834.9854125976562,1059.0,1064.0,1023.0,1023.0,224600
2014-09-30,827.8892211914062,1050.0,1059.0,1033.0,1057.0,167200
2014-10-01,824.7354125976562,1046.0,1088.0,1037.0,1060.0,260200
2014-10-02,815.2738037109375,1034.0,1051.0,1028.0,1041.0,174600
2014-10-03,832.6200561523438,1056.0,1081.0,1040.0,1045.0,371400
2014-10-06,851.5430908203125,1080.0,1106.0,1067.0,1070.0,383900
2014-10-07,854.6968994140625,1084.0,1092.0,1065.0,1078.0,286500
2014-10-08,864.1585693359375,1096.0,1104.0,1072.0,1082.0,346800
2014-10-09,855.4854736328125,1085.0,1118.0,1079.0,1105.0,245800
2014-10-10,845.2354125976562,1072.0,1074.0,1056.0,1061.0,124600
2014-10-14,831.8314819335938,1055.0,1068.0,1043.0,1057.0,240900
2014-10-15,833.408447265625,1057.0,1062.0,1048.0,1055.0,154300
2014-10-16,809.7544555664062,1027.0,1037.0,1021.0,1032.0,121400
2014-10-17,822.369873046875,1043.0,1049.0,1029.0,1029.0,225600
2014-10-20,855.4854736328125,1085.0,1088.0,1052.0,1055.0,363000
2014-10-21,796.3505249023438,1010.0,1071.0,1004.0,1071.0,275900
2014-10-22,832.6200561523438,1056.0,1061.0,1023.0,1034.0,174800
2014-10-23,812.908203125,1031.0,1056.0,1026.0,1056.0,160900
2014-10-24,807.388916015625,1024.0,1050.0,1016.0,1050.0,180200
2014-10-27,831.8314819335938,1055.0,1064.0,1030.0,1030.0,92300
2014-10-28,841.2930908203125,1067.0,1072.0,1047.0,1058.0,136300
2014-10-29,845.2354125976562,1072.0,1086.0,1058.0,1077.0,112800
2014-10-30,828.6776733398438,1051.0,1079.0,1050.0,1076.0,99200
2014-10-31,875.1972045898438,1110.0,1117.0,1059.0,1063.0,250500
2014-11-04,869.6778564453125,1103.0,1140.0,1100.0,1140.0,218200
2014-11-05,876.7741088867188,1112.0,1114.0,1096.0,1102.0,132700
2014-11-06,868.8895263671875,1102.0,1123.0,1092.0,1112.0,117800
2014-11-07,861.0047607421875,1092.0,1110.0,1090.0,1110.0,76500
2014-11-10,858.6392822265625,1089.0,1103.0,1080.0,1080.0,97100
2014-11-11,878.3510131835938,1114.0,1118.0,1073.0,1109.0,152000
2014-11-12,907.5242309570312,1151.0,1163.0,1105.0,1149.0,263300
2014-11-13,915.4090576171876,1161.0,1174.0,1128.0,1150.0,214700
2014-11-14,902.0049438476562,1144.0,1166.0,1136.0,1160.0,116600
2014-11-17,899.6396484375,1141.0,1157.0,1136.0,1144.0,88600
2014-11-18,910.6780395507812,1155.0,1168.0,1145.0,1162.0,120400
2014-11-19,927.2357177734376,1176.0,1219.0,1160.0,1160.0,314100
2014-11-20,925.6588745117188,1174.0,1179.0,1153.0,1170.0,212700
2014-11-21,918.5625610351562,1165.0,1179.0,1160.0,1174.0,169200
2014-11-25,902.0049438476562,1144.0,1159.0,1118.0,1140.0,663600
2014-11-26,914.6204833984376,1160.0,1177.0,1132.0,1132.0,580800
2014-11-27,905.1588134765624,1148.0,1158.0,1122.0,1146.0,152100
2014-11-28,909.8897094726562,1154.0,1170.0,1141.0,1141.0,225800
2014-12-01,919.3511962890624,1166.0,1188.0,1136.0,1151.0,513500
2014-12-02,907.5242309570312,1151.0,1172.0,1140.0,1146.0,1573300
2014-12-03,929.6013793945312,1179.0,1192.0,1150.0,1165.0,1174600
2014-12-04,972.1783447265624,1233.0,1240.0,1166.0,1188.0,739500
2014-12-05,944.5822143554688,1198.0,1226.0,1185.0,1219.0,462400
2014-12-08,935.9090576171876,1187.0,1201.0,1177.0,1197.0,226100
2014-12-09,943.7937622070312,1197.0,1199.0,1184.0,1187.0,265100
2014-12-10,943.7937622070312,1197.0,1223.0,1188.0,1196.0,427900
2014-12-11,952.4667358398438,1208.0,1211.0,1180.0,1200.0,207800
2014-12-12,943.0051879882812,1196.0,1220.0,1190.0,1191.0,279300
2014-12-15,919.3511962890624,1166.0,1190.0,1162.0,1171.0,225300
2014-12-16,905.1588134765624,1148.0,1171.0,1144.0,1160.0,331300
2014-12-17,923.29345703125,1171.0,1197.0,1150.0,1150.0,324700
2014-12-18,940.6398315429688,1193.0,1210.0,1178.0,1180.0,156000
2014-12-19,940.6398315429688,1193.0,1214.0,1180.0,1214.0,202800
2014-12-22,943.7937622070312,1197.0,1210.0,1189.0,1203.0,261100
2014-12-24,954.8321533203124,1211.0,1216.0,1197.0,1200.0,108900
2014-12-25,943.0051879882812,1196.0,1208.0,1194.0,1208.0,68200
2014-12-26,939.062744140625,1191.0,1196.0,1185.0,1195.0,71200
2014-12-29,947.7359619140624,1202.0,1203.0,1181.0,1199.0,101800
2014-12-30,939.062744140625,1191.0,1209.0,1188.0,1194.0,150600
2015-01-05,939.8512573242188,1192.0,1209.0,1170.0,1190.0,161400
2015-01-06,935.9090576171876,1187.0,1197.0,1177.0,1185.0,171400
2015-01-07,952.4667358398438,1208.0,1212.0,1173.0,1173.0,242400
2015-01-08,965.8707885742188,1225.0,1237.0,1219.0,1219.0,142900
2015-01-09,969.8131713867188,1230.0,1242.0,1222.0,1239.0,145200
2015-01-13,969.8131713867188,1230.0,1231.0,1200.0,1222.0,179100
2015-01-14,984.0054931640624,1248.0,1255.0,1222.0,1222.0,297500
2015-01-15,973.7553100585938,1235.0,1272.0,1215.0,1248.0,376800
2015-01-16,919.3511962890624,1166.0,1207.0,1157.0,1203.0,431300
2015-01-19,924.0820922851562,1172.0,1175.0,1150.0,1162.0,217100
2015-01-20,923.29345703125,1171.0,1175.0,1145.0,1151.0,339800
2015-01-21,969.0245971679688,1229.0,1234.0,1201.0,1201.0,225200
2015-01-22,968.2359008789062,1228.0,1233.0,1211.0,1233.0,165400
2015-01-23,988.736083984375,1254.0,1256.0,1235.0,1235.0,150800
2015-01-26,994.255615234375,1261.0,1265.0,1237.0,1237.0,145900
2015-01-27,1010.0247802734376,1281.0,1282.0,1255.0,1263.0,121500
2015-01-28,1011.6016235351562,1283.0,1285.0,1270.0,1282.0,116900
2015-01-29,1006.8710327148438,1277.0,1290.0,1271.0,1281.0,122900
2015-01-30,1011.6016235351562,1283.0,1294.0,1280.0,1285.0,161700
2015-02-02,1036.044189453125,1314.0,1315.0,1266.0,1275.0,310000
2015-02-03,1026.5826416015625,1302.0,1320.0,1294.0,1315.0,219100
2015-02-04,1056.54443359375,1340.0,1345.0,1318.0,1326.0,133000
2015-02-05,1042.351806640625,1322.0,1340.0,1301.0,1326.0,178100
2015-02-06,1001.3516845703124,1270.0,1314.0,1259.0,1305.0,249700
2015-02-09,1018.697998046875,1292.0,1292.0,1255.0,1272.0,221500
2015-02-10,1045.505859375,1326.0,1337.0,1295.0,1299.0,297000
2015-02-12,1073.8905029296875,1362.0,1375.0,1294.0,1325.0,238000
2015-02-13,1073.8905029296875,1362.0,1379.0,1346.0,1365.0,137900
2015-02-16,1103.8519287109375,1400.0,1411.0,1375.0,1377.0,229500
2015-02-17,1114.890625,1414.0,1438.0,1385.0,1414.0,172000
2015-02-18,1142.487060546875,1449.0,1455.0,1426.0,1427.0,332500
2015-02-19,1122.7755126953125,1424.0,1470.0,1413.0,1455.0,217000
2015-02-20,1170.0833740234375,1484.0,1496.0,1451.0,1460.0,339700
2015-02-23,1160.6217041015625,1472.0,1499.0,1456.0,1498.0,110800
2015-02-24,1176.39111328125,1492.0,1509.0,1475.0,1480.0,175200
2015-02-25,1173.2371826171875,1488.0,1516.0,1479.0,1509.0,127700
2015-02-26,1183.4873046875,1501.0,1505.0,1467.0,1488.0,92000
2015-02-27,1170.8719482421875,1485.0,1505.0,1468.0,1499.0,141700
2015-03-02,1177.1796875,1493.0,1509.0,1488.0,1488.0,94100
2015-03-03,1207.9296875,1532.0,1536.0,1485.0,1500.0,148300
2015-03-04,1236.3143310546875,1568.0,1582.0,1542.0,1546.0,332800
2015-03-05,1207.9296875,1532.0,1564.0,1518.0,1552.0,112900
2015-03-06,1239.46826171875,1572.0,1577.0,1523.0,1529.0,163400
2015-03-09,1244.1988525390625,1578.0,1579.0,1558.0,1570.0,54700
2015-03-10,1250.5068359375,1586.0,1609.0,1570.0,1580.0,251200
2015-03-11,1244.9876708984375,1579.0,1630.0,1575.0,1595.0,225900
2015-03-12,1245.776123046875,1580.0,1617.0,1573.0,1584.0,217200
2015-03-13,1251.29541015625,1587.0,1610.0,1572.0,1577.0,478100
2015-03-16,1233.9490966796875,1565.0,1594.0,1544.0,1568.0,321900
2015-03-17,1223.6988525390625,1552.0,1569.0,1524.0,1561.0,298400
2015-03-18,1221.3336181640625,1549.0,1553.0,1522.0,1532.0,351600
2015-03-19,1310.4302978515625,1662.0,1696.0,1555.0,1555.0,533400
2015-03-20,1271.0069580078125,1612.0,1668.0,1577.0,1662.0,348100
2015-03-23,1304.9110107421875,1655.0,1658.0,1607.0,1607.0,161900
2015-03-24,1266.276123046875,1606.0,1649.0,1590.0,1640.0,253000
2015-03-25,1257.6031494140625,1595.0,1615.0,1585.0,1606.0,234500
2015-03-26,1259.179931640625,1597.0,1618.0,1584.0,1585.0,379300
2015-03-27,1263.970703125,1583.0,1637.0,1561.0,1580.0,284800
2015-03-30,1289.52197265625,1615.0,1672.0,1584.0,1619.0,299400
2015-03-31,1268.761474609375,1589.0,1632.0,1567.0,1620.0,182000
2015-04-01,1290.3199462890625,1616.0,1644.0,1597.0,1597.0,280800
2015-04-02,1296.7080078125,1624.0,1640.0,1601.0,1634.0,117500
2015-04-03,1299.9019775390625,1628.0,1637.0,1617.0,1637.0,46100
2015-04-06,1299.1031494140625,1627.0,1638.0,1614.0,1619.0,66900
2015-04-07,1301.4986572265625,1630.0,1642.0,1614.0,1630.0,100600
2015-04-08,1355.794189453125,1698.0,1700.0,1635.0,1648.0,200600
2015-04-09,1380.5467529296875,1729.0,1733.0,1680.0,1680.0,190300
2015-04-10,1374.1590576171875,1721.0,1729.0,1709.0,1729.0,83000
2015-04-13,1368.5694580078125,1714.0,1767.0,1696.0,1721.0,235100
2015-04-14,1396.51611328125,1749.0,1804.0,1736.0,1750.0,458700
2015-04-15,1373.360595703125,1720.0,1736.0,1694.0,1725.0,136000
2015-04-16,1378.9498291015625,1727.0,1743.0,1683.0,1702.0,122000
2015-04-17,1343.8172607421875,1683.0,1733.0,1680.0,1710.0,310900
2015-04-20,1315.8709716796875,1648.0,1686.0,1634.0,1646.0,301700
2015-04-21,1328.646484375,1664.0,1697.0,1645.0,1669.0,169300
2015-04-22,1327.847900390625,1663.0,1681.0,1640.0,1660.0,204800
2015-04-23,1319.0648193359375,1652.0,1675.0,1647.0,1664.0,110800
2015-04-24,1307.88623046875,1638.0,1651.0,1623.0,1638.0,155100
2015-04-27,1312.67724609375,1644.0,1667.0,1621.0,1626.0,133100
2015-04-28,1341.4219970703125,1680.0,1695.0,1646.0,1646.0,108500
2015-04-30,1298.3046875,1626.0,1664.0,1603.0,1644.0,288000
2015-05-01,1279.1414794921875,1602.0,1629.0,1590.0,1611.0,65600
2015-05-07,1283.1339111328125,1607.0,1645.0,1596.0,1609.0,199100
2015-05-08,1275.149169921875,1597.0,1606.0,1585.0,1604.0,131200
2015-05-11,1274.3507080078125,1596.0,1638.0,1596.0,1607.0,226500
2015-05-12,1305.490966796875,1635.0,1746.0,1610.0,1610.0,325600
2015-05-13,1298.3046875,1626.0,1661.0,1594.0,1641.0,121800
2015-05-14,1291.9169921875,1618.0,1643.0,1615.0,1631.0,117300
2015-05-15,1280.73876953125,1604.0,1692.0,1598.0,1641.0,342100
2015-05-18,1298.3046875,1626.0,1638.0,1595.0,1595.0,149900
2015-05-19,1299.1031494140625,1627.0,1654.0,1622.0,1634.0,142900
2015-05-20,1289.52197265625,1615.0,1633.0,1577.0,1630.0,322000
2015-05-21,1319.86328125,1653.0,1693.0,1633.0,1633.0,284700
2015-05-22,1341.4219970703125,1680.0,1697.0,1667.0,1668.0,136100
2015-05-25,1347.0113525390625,1687.0,1724.0,1680.0,1698.0,139700
2015-05-26,1355.794189453125,1698.0,1738.0,1683.0,1700.0,161200
2015-05-27,1386.934326171875,1737.0,1764.0,1706.0,1709.0,298200
2015-05-28,1380.5467529296875,1729.0,1738.0,1713.0,1733.0,137300
2015-05-29,1378.9498291015625,1727.0,1750.0,1712.0,1729.0,216900
2015-06-01,1378.1512451171875,1726.0,1734.0,1682.0,1687.0,57100
2015-06-02,1413.2838134765625,1770.0,1783.0,1734.0,1740.0,169100
2015-06-03,1380.5467529296875,1729.0,1754.0,1722.0,1746.0,174000
2015-06-04,1364.577392578125,1709.0,1735.0,1691.0,1722.0,122000
2015-06-05,1372.5618896484375,1719.0,1732.0,1688.0,1688.0,134800
2015-06-08,1344.61572265625,1684.0,1718.0,1677.0,1715.0,144300
2015-06-09,1366.1744384765625,1711.0,1732.0,1675.0,1678.0,277200
2015-06-10,1348.6080322265625,1689.0,1723.0,1688.0,1700.0,178300
2015-06-11,1404.5008544921875,1759.0,1759.0,1696.0,1717.0,167200
2015-06-12,1385.33740234375,1735.0,1776.0,1730.0,1749.0,265100
2015-06-15,1385.33740234375,1735.0,1748.0,1697.0,1706.0,129700
2015-06-16,1386.1361083984375,1736.0,1775.0,1722.0,1722.0,166400
2015-06-17,1409.29150390625,1765.0,1815.0,1750.0,1760.0,198600
2015-06-18,1433.2454833984375,1795.0,1818.0,1777.0,1777.0,285600
2015-06-19,1468.3779296875,1839.0,1845.0,1816.0,1827.0,238000
2015-06-22,1477.95947265625,1851.0,1860.0,1817.0,1850.0,152700
2015-06-23,1497.122802734375,1875.0,1878.0,1831.0,1841.0,126000
2015-06-24,1501.1151123046875,1880.0,1898.0,1861.0,1888.0,166200
2015-06-25,1517.084228515625,1900.0,1925.0,1876.0,1883.0,191400
2015-06-26,1568.9844970703125,1965.0,1982.0,1907.0,1907.0,324900
2015-06-29,1509.898193359375,1891.0,1946.0,1884.0,1908.0,169900
2015-06-30,1548.2244873046875,1939.0,1945.0,1881.0,1896.0,127000
2015-07-01,1614.4971923828125,2022.0,2030.0,1943.0,1953.0,227500
2015-07-02,1620.086181640625,2029.0,2048.0,1990.0,2022.0,183100
2015-07-03,1627.2728271484375,2038.0,2097.0,2017.0,2029.0,314000
2015-07-06,1620.8848876953125,2030.0,2049.0,1983.0,1998.0,220900
2015-07-07,1709.5145263671875,2141.0,2160.0,2055.0,2080.0,346300
2015-07-08,1689.552978515625,2116.0,2143.0,2093.0,2132.0,279500
2015-07-09,1691.1497802734375,2118.0,2128.0,2038.0,2080.0,376100
2015-07-10,1683.1649169921875,2108.0,2164.0,2093.0,2138.0,282000
2015-07-13,1711.111328125,2143.0,2157.0,2122.0,2141.0,85800
2015-07-14,1744.646728515625,2185.0,2215.0,2165.0,2197.0,153700
2015-07-15,1741.453125,2181.0,2202.0,2165.0,2197.0,131700
2015-07-16,1767.8026123046875,2214.0,2220.0,2153.0,2180.0,244000
2015-07-17,1796.547119140625,2250.0,2267.0,2222.0,2222.0,122700
2015-07-21,1797.3453369140625,2251.0,2280.0,2220.0,2280.0,143500
2015-07-22,1766.20556640625,2212.0,2265.0,2205.0,2222.0,205800
2015-07-23,1808.5242919921875,2265.0,2269.0,2221.0,2233.0,112900
2015-07-24,1822.09814453125,2282.0,2320.0,2251.0,2270.0,130100
2015-07-27,1708.716064453125,2140.0,2268.0,1950.0,2248.0,248000
2015-07-28,1736.6624755859375,2175.0,2192.0,2098.0,2119.0,168200
2015-07-29,1769.3992919921875,2216.0,2227.0,2177.0,2188.0,126500
2015-07-30,1715.9019775390625,2149.0,2231.0,2142.0,2219.0,102400
2015-07-31,1723.08837890625,2158.0,2185.0,2130.0,2168.0,141100
2015-08-03,1792.5548095703125,2245.0,2251.0,2157.0,2177.0,135600
2015-08-04,1827.6875,2289.0,2298.0,2221.0,2259.0,179300
2015-08-05,1793.353515625,2246.0,2292.0,2195.0,2267.0,435100
2015-08-06,1856.43212890625,2325.0,2338.0,2229.0,2288.0,294600
2015-08-07,1763.0115966796875,2208.0,2284.0,2092.0,2175.0,659100
2015-08-10,1796.547119140625,2250.0,2252.0,2174.0,2182.0,174500
2015-08-11,1761.414794921875,2206.0,2242.0,2180.0,2220.0,180200
2015-08-12,1711.9100341796875,2144.0,2184.0,2116.0,2181.0,177900
2015-08-13,1694.3438720703125,2122.0,2132.0,2081.0,2122.0,195300
2015-08-14,1695.9405517578125,2124.0,2150.0,2068.0,2086.0,165700
2015-08-17,1745.445556640625,2186.0,2194.0,2120.0,2120.0,118700
2015-08-18,1711.111328125,2143.0,2187.0,2124.0,2180.0,202000
2015-08-19,1677.575927734375,2101.0,2167.0,2101.0,2131.0,121600
2015-08-20,1629.667724609375,2041.0,2088.0,2034.0,2079.0,150100
2015-08-21,1596.13232421875,1999.0,2039.0,1991.0,2005.0,106600
2015-08-24,1501.1151123046875,1880.0,1981.0,1861.0,1926.0,119900
2015-08-25,1453.2071533203125,1820.0,1894.0,1800.0,1840.0,292500
2015-08-26,1517.8828125,1901.0,1912.0,1837.0,1837.0,151000
2015-08-27,1555.4105224609375,1948.0,1984.0,1931.0,1931.0,126600
2015-08-28,1584.953857421875,1985.0,2026.0,1959.0,2024.0,113400
2015-08-31,1588.9461669921875,1990.0,1998.0,1961.0,1970.0,68400
2015-09-01,1513.890380859375,1896.0,1974.0,1896.0,1974.0,60900
2015-09-02,1463.587158203125,1833.0,1897.0,1821.0,1837.0,181800
2015-09-03,1503.5103759765625,1883.0,1925.0,1855.0,1855.0,182700
2015-09-04,1450.013427734375,1816.0,1882.0,1806.0,1879.0,204800
2015-09-07,1471.5718994140625,1843.0,1845.0,1789.0,1812.0,98100
2015-09-08,1399.7099609375,1753.0,1856.0,1745.0,1840.0,130400
2015-09-09,1467.5794677734375,1838.0,1839.0,1783.0,1820.0,96800
2015-09-10,1459.5948486328125,1828.0,1835.0,1789.0,1805.0,79300
2015-09-11,1502.7120361328125,1882.0,1902.0,1820.0,1840.0,91600
2015-09-14,1486.742431640625,1862.0,1903.0,1833.0,1894.0,118100
2015-09-15,1481.1534423828125,1855.0,1896.0,1853.0,1863.0,67700
2015-09-16,1458.7962646484375,1827.0,1900.0,1817.0,1876.0,98100
2015-09-17,1487.5411376953125,1863.0,1873.0,1828.0,1837.0,67100
2015-09-18,1431.6484375,1793.0,1869.0,1793.0,1829.0,163500
2015-09-24,1442.8270263671875,1807.0,1859.0,1783.0,1785.0,150400
2015-09-25,1434.8421630859375,1797.0,1843.0,1780.0,1814.0,146300
2015-09-28,1446.5537109375,1791.0,1814.0,1763.0,1785.0,119400
2015-09-29,1445.7459716796875,1790.0,1804.0,1754.0,1769.0,159100
2015-09-30,1501.47607421875,1859.0,1892.0,1824.0,1824.0,171300
2015-10-01,1476.4378662109375,1828.0,1909.0,1812.0,1884.0,155300
2015-10-02,1400.5162353515625,1734.0,1833.0,1721.0,1826.0,299100
2015-10-05,1449.784423828125,1795.0,1799.0,1740.0,1740.0,160600
2015-10-06,1449.784423828125,1795.0,1834.0,1790.0,1822.0,78900
2015-10-07,1463.514892578125,1812.0,1824.0,1772.0,1806.0,93900
2015-10-08,1376.2855224609375,1704.0,1807.0,1684.0,1800.0,296600
2015-10-09,1370.6319580078125,1697.0,1710.0,1656.0,1694.0,239100
2015-10-13,1350.43994140625,1672.0,1732.0,1668.0,1701.0,281000
2015-10-14,1397.2855224609375,1730.0,1749.0,1662.0,1662.0,165500
2015-10-15,1419.900390625,1758.0,1772.0,1700.0,1730.0,189000
2015-10-16,1411.015869140625,1747.0,1793.0,1737.0,1765.0,117100
2015-10-19,1429.592529296875,1770.0,1774.0,1719.0,1736.0,143600
2015-10-20,1423.9385986328125,1763.0,1800.0,1745.0,1745.0,127500
2015-10-21,1452.2076416015625,1798.0,1800.0,1763.0,1763.0,126400
2015-10-22,1421.5157470703125,1760.0,1799.0,1751.0,1799.0,84600
2015-10-23,1457.0535888671875,1804.0,1814.0,1783.0,1814.0,88100
2015-10-26,1458.6689453125,1806.0,1825.0,1797.0,1824.0,64200
2015-10-27,1475.630126953125,1827.0,1834.0,1797.0,1805.0,98800
2015-10-28,1469.976318359375,1820.0,1839.0,1805.0,1829.0,81900
2015-10-29,1470.7841796875,1821.0,1834.0,1801.0,1830.0,83000
2015-10-30,1495.014404296875,1851.0,1877.0,1826.0,1826.0,119500
2015-11-02,1465.9381103515625,1815.0,1852.0,1802.0,1841.0,100000
2015-11-04,1520.8603515625,1883.0,1886.0,1820.0,1856.0,128100
2015-11-05,1477.2454833984375,1829.0,1890.0,1823.0,1890.0,125200
2015-11-06,1494.206787109375,1850.0,1857.0,1826.0,1845.0,46500
2015-11-09,1524.0909423828125,1887.0,1888.0,1866.0,1867.0,95300
2015-11-10,1532.167724609375,1897.0,1899.0,1862.0,1870.0,109300
2015-11-11,1542.6676025390625,1910.0,1917.0,1882.0,1898.0,82700
2015-11-12,1537.0140380859375,1903.0,1943.0,1888.0,1927.0,145200
2015-11-13,1435.24609375,1777.0,1863.0,1767.0,1823.0,250100
2015-11-16,1392.4390869140625,1724.0,1756.0,1708.0,1735.0,170600
2015-11-17,1351.24755859375,1673.0,1722.0,1670.0,1713.0,245200
2015-11-18,1336.70947265625,1655.0,1691.0,1645.0,1673.0,230600
2015-11-19,1316.5174560546875,1630.0,1665.0,1607.0,1661.0,350400
2015-11-20,1254.326171875,1553.0,1612.0,1540.0,1610.0,445100
2015-11-24,1202.634521484375,1489.0,1571.0,1480.0,1555.0,650000
2015-11-25,1192.1346435546875,1476.0,1518.0,1462.0,1498.0,619200
2015-11-26,1223.6341552734375,1515.0,1516.0,1484.0,1497.0,592200
2015-11-27,1221.2113037109375,1512.0,1551.0,1506.0,1516.0,316500
2015-11-30,1207.4808349609375,1495.0,1522.0,1490.0,1512.0,341600
2015-12-01,1226.864990234375,1519.0,1522.0,1482.0,1487.0,350400
2015-12-02,1268.8642578125,1571.0,1574.0,1522.0,1539.0,424600
2015-12-03,1248.672119140625,1546.0,1573.0,1534.0,1560.0,275300
2015-12-04,1222.8267822265625,1514.0,1526.0,1498.0,1514.0,198900
2015-12-07,1222.0185546875,1513.0,1531.0,1503.0,1514.0,195700
2015-12-08,1209.0960693359375,1497.0,1523.0,1495.0,1509.0,211400
2015-12-09,1154.173828125,1429.0,1475.0,1380.0,1467.0,643700
2015-12-10,1108.13623046875,1372.0,1412.0,1365.0,1377.0,565700
2015-12-11,1058.06005859375,1310.0,1355.0,1302.0,1342.0,785200
2015-12-14,1070.175048828125,1325.0,1334.0,1302.0,1315.0,511400
2015-12-15,1048.367919921875,1298.0,1330.0,1294.0,1316.0,335500
2015-12-16,1063.713623046875,1317.0,1326.0,1302.0,1310.0,454500
2015-12-17,1081.482666015625,1339.0,1353.0,1320.0,1338.0,254800
2015-12-18,1053.2139892578125,1304.0,1350.0,1304.0,1333.0,466900
2015-12-21,1078.251953125,1335.0,1359.0,1304.0,1304.0,348900
2015-12-22,1074.2135009765625,1330.0,1342.0,1315.0,1325.0,175500
2015-12-24,1045.136962890625,1294.0,1345.0,1291.0,1345.0,208000
2015-12-25,1045.136962890625,1294.0,1294.0,1294.0,1294.0,0
2015-12-28,1076.6368408203125,1333.0,1346.0,1305.0,1315.0,158800
2015-12-29,1082.2904052734375,1340.0,1387.0,1340.0,1363.0,290400
2015-12-30,1116.212646484375,1382.0,1389.0,1349.0,1359.0,215600
2016-01-04,1088.7520751953125,1348.0,1377.0,1332.0,1360.0,249800
2016-01-05,1091.1746826171875,1351.0,1369.0,1327.0,1333.0,247000
2016-01-06,1108.943603515625,1373.0,1381.0,1353.0,1365.0,238200
2016-01-07,1105.7130126953125,1369.0,1392.0,1362.0,1375.0,237400
2016-01-08,1083.0980224609375,1341.0,1376.0,1335.0,1352.0,255200
2016-01-12,1075.8287353515625,1332.0,1365.0,1326.0,1332.0,255100
2016-01-13,1124.28955078125,1392.0,1401.0,1340.0,1340.0,310700
2016-01-14,1082.2904052734375,1340.0,1378.0,1318.0,1364.0,248300
2016-01-15,1070.175048828125,1325.0,1382.0,1316.0,1370.0,181100
2016-01-18,991.8302612304688,1228.0,1291.0,1223.0,1291.0,415400
2016-01-19,976.4842529296876,1209.0,1226.0,1191.0,1217.0,297200
2016-01-20,965.1769409179688,1195.0,1239.0,1189.0,1215.0,218200
2016-01-21,933.6773681640624,1156.0,1213.0,1155.0,1189.0,304300
2016-01-22,1001.5222778320312,1240.0,1245.0,1186.0,1186.0,246400
2016-01-25,1006.36865234375,1246.0,1265.0,1214.0,1256.0,187400
2016-01-26,991.8302612304688,1228.0,1260.0,1215.0,1233.0,240100
2016-01-27,1011.2145385742188,1252.0,1260.0,1242.0,1244.0,157400
2016-01-28,1015.2527465820312,1257.0,1270.0,1227.0,1241.0,223300
2016-01-29,1045.9447021484375,1295.0,1300.0,1256.0,1273.0,187100
2016-02-01,1066.13671875,1320.0,1356.0,1297.0,1356.0,208800
2016-02-02,1070.9830322265625,1326.0,1332.0,1281.0,1295.0,250000
2016-02-03,1075.8287353515625,1332.0,1335.0,1294.0,1296.0,205100
2016-02-04,1049.9832763671875,1300.0,1314.0,1286.0,1306.0,197400
2016-02-05,1055.6370849609375,1307.0,1310.0,1275.0,1279.0,239400
2016-02-08,1066.13671875,1320.0,1324.0,1284.0,1284.0,135100
2016-02-09,1016.8681640625,1259.0,1296.0,1253.0,1275.0,227200
2016-02-10,987.791748046875,1223.0,1301.0,1200.0,1286.0,463600
2016-02-12,869.8707275390625,1077.0,1113.0,1073.0,1080.0,717800
2016-02-15,898.9470825195312,1113.0,1138.0,1104.0,1107.0,307200
2016-02-16,920.7543334960938,1140.0,1153.0,1101.0,1101.0,325300
2016-02-17,936.1004028320312,1159.0,1179.0,1137.0,1155.0,177600
2016-02-18,935.2925415039062,1158.0,1167.0,1119.0,1130.0,478800
2016-02-19,958.7153930664062,1187.0,1190.0,1146.0,1146.0,253900
2016-02-22,972.446044921875,1204.0,1216.0,1188.0,1189.0,234100
2016-02-23,1016.0606689453124,1258.0,1346.0,1253.0,1304.0,876400
2016-02-24,1013.6376342773438,1255.0,1276.0,1226.0,1250.0,386700
2016-02-25,1045.9447021484375,1295.0,1317.0,1277.0,1283.0,232100
2016-02-26,1076.6368408203125,1333.0,1341.0,1313.0,1315.0,315900
2016-02-29,1054.829345703125,1306.0,1345.0,1305.0,1337.0,297200
2016-03-01,1062.0982666015625,1315.0,1325.0,1273.0,1318.0,281200
2016-03-02,1074.2135009765625,1330.0,1356.0,1313.0,1345.0,320600
2016-03-03,1079.867431640625,1337.0,1347.0,1320.0,1321.0,199700
2016-03-04,1100.0595703125,1362.0,1386.0,1330.0,1337.0,291900
2016-03-07,1117.828369140625,1384.0,1392.0,1344.0,1357.0,186500
2016-03-08,1107.3284912109375,1371.0,1391.0,1359.0,1385.0,163700
2016-03-09,1103.2900390625,1366.0,1372.0,1339.0,1357.0,122200
2016-03-10,1104.09765625,1367.0,1393.0,1359.0,1377.0,230900
2016-03-11,1117.828369140625,1384.0,1386.0,1355.0,1361.0,156300
2016-03-14,1132.3665771484375,1402.0,1408.0,1388.0,1407.0,155200
2016-03-15,1121.05908203125,1388.0,1411.0,1378.0,1397.0,207700
2016-03-16,1127.5203857421875,1396.0,1400.0,1377.0,1388.0,162000
2016-03-17,1166.288818359375,1444.0,1444.0,1407.0,1413.0,324700
2016-03-18,1172.7503662109375,1452.0,1455.0,1426.0,1443.0,596600
2016-03-22,1150.9429931640625,1425.0,1451.0,1390.0,1451.0,292600
2016-03-23,1103.2900390625,1366.0,1431.0,1357.0,1425.0,244100
2016-03-24,1121.05908203125,1388.0,1393.0,1350.0,1364.0,214000
2016-03-25,1122.67431640625,1390.0,1408.0,1366.0,1408.0,141600
2016-03-28,1112.1744384765625,1377.0,1397.0,1347.0,1395.0,234200
2016-03-29,1120.7962646484375,1365.0,1372.0,1347.0,1356.0,137300
2016-03-30,1090.4154052734375,1328.0,1379.0,1322.0,1365.0,167200
2016-03-31,1069.8883056640625,1303.0,1329.0,1290.0,1323.0,180600
2016-04-01,1071.530029296875,1305.0,1342.0,1283.0,1325.0,389400
2016-04-04,1073.9935302734375,1308.0,1331.0,1296.0,1305.0,108000
2016-04-05,1071.530029296875,1305.0,1325.0,1282.0,1293.0,283700
2016-04-06,1059.2137451171875,1290.0,1295.0,1236.0,1275.0,316600
2016-04-07,1037.865234375,1264.0,1299.0,1245.0,1275.0,245900
2016-04-08,1063.319091796875,1295.0,1315.0,1232.0,1240.0,337300
2016-04-11,1082.2047119140625,1318.0,1325.0,1276.0,1293.0,180900
2016-04-12,1126.5435791015625,1372.0,1376.0,1321.0,1328.0,245900
2016-04-13,1140.5023193359375,1389.0,1399.0,1374.0,1379.0,203100
2016-04-14,1166.7774658203125,1421.0,1422.0,1393.0,1403.0,201800
2016-04-15,1146.2496337890625,1396.0,1405.0,1365.0,1391.0,252400
2016-04-18,1129.828125,1376.0,1386.0,1339.0,1339.0,172600
2016-04-19,1159.3876953125,1412.0,1413.0,1388.0,1400.0,203000
2016-04-20,1142.14453125,1391.0,1407.0,1380.0,1406.0,187100
2016-04-21,1133.1124267578125,1380.0,1406.0,1375.0,1400.0,135900
2016-04-22,1143.7864990234375,1393.0,1394.0,1367.0,1389.0,107400
2016-04-25,1139.6812744140625,1388.0,1400.0,1381.0,1400.0,73400
2016-04-26,1129.0069580078125,1375.0,1399.0,1371.0,1388.0,90000
2016-04-27,1119.974853515625,1364.0,1387.0,1360.0,1366.0,107900
2016-04-28,1106.837646484375,1348.0,1399.0,1341.0,1385.0,94300
2016-05-02,1083.025634765625,1319.0,1326.0,1300.0,1302.0,131600
2016-05-06,1080.5623779296875,1316.0,1322.0,1300.0,1306.0,143100
2016-05-09,1093.699951171875,1332.0,1342.0,1321.0,1321.0,87200
2016-05-10,1124.9013671875,1370.0,1370.0,1338.0,1340.0,76200
2016-05-11,1119.15380859375,1363.0,1387.0,1361.0,1380.0,102300
2016-05-12,1127.36474609375,1373.0,1398.0,1346.0,1355.0,200900
2016-05-13,1213.579833984375,1478.0,1495.0,1342.0,1360.0,331800
2016-05-16,1228.3594970703125,1496.0,1549.0,1487.0,1490.0,407500
2016-05-17,1212.7586669921875,1477.0,1535.0,1449.0,1527.0,291400
2016-05-18,1233.2861328125,1502.0,1505.0,1472.0,1479.0,146700
2016-05-19,1227.5384521484375,1495.0,1530.0,1488.0,1517.0,151300
2016-05-20,1289.1207275390625,1570.0,1583.0,1495.0,1500.0,318900
2016-05-23,1285.836181640625,1566.0,1575.0,1520.0,1575.0,419700
2016-05-24,1279.2674560546875,1558.0,1578.0,1556.0,1560.0,188500
2016-05-25,1285.836181640625,1566.0,1600.0,1550.0,1578.0,264800
2016-05-26,1271.056640625,1548.0,1565.0,1546.0,1564.0,104000
2016-05-27,1262.8458251953125,1538.0,1571.0,1532.0,1550.0,143900
2016-05-30,1277.62548828125,1556.0,1568.0,1536.0,1552.0,139800
2016-05-31,1307.1846923828125,1592.0,1598.0,1563.0,1563.0,99700
2016-06-01,1307.1846923828125,1592.0,1621.0,1570.0,1575.0,159300
2016-06-02,1303.0792236328125,1587.0,1618.0,1574.0,1590.0,152400
2016-06-03,1288.299560546875,1569.0,1600.0,1562.0,1578.0,114300
2016-06-06,1283.3729248046875,1563.0,1579.0,1528.0,1547.0,99200
2016-06-07,1274.34130859375,1552.0,1588.0,1547.0,1554.0,109100
2016-06-08,1272.69873046875,1550.0,1583.0,1549.0,1574.0,191600
2016-06-09,1230.82275390625,1499.0,1547.0,1494.0,1539.0,262800
2016-06-10,1205.369140625,1468.0,1502.0,1467.0,1496.0,332300
2016-06-13,1151.1763916015625,1402.0,1446.0,1396.0,1446.0,273000
2016-06-14,1148.71337890625,1399.0,1440.0,1384.0,1402.0,228300
2016-06-15,1167.5985107421875,1422.0,1453.0,1399.0,1400.0,177000
2016-06-16,1162.6719970703125,1416.0,1448.0,1413.0,1430.0,257700
2016-06-17,1157.745361328125,1410.0,1443.0,1397.0,1419.0,163700
2016-06-20,1179.9150390625,1437.0,1458.0,1422.0,1422.0,151200
2016-06-21,1211.937744140625,1476.0,1486.0,1430.0,1436.0,159400
2016-06-22,1199.6212158203125,1461.0,1481.0,1451.0,1454.0,132800
2016-06-23,1206.1898193359375,1469.0,1475.0,1454.0,1469.0,107400
2016-06-24,1162.6719970703125,1416.0,1490.0,1372.0,1467.0,200900
2016-06-27,1192.231201171875,1452.0,1460.0,1405.0,1415.0,130800
2016-06-28,1185.6627197265625,1444.0,1460.0,1412.0,1415.0,92900
2016-06-29,1188.9468994140625,1448.0,1460.0,1434.0,1446.0,150600
2016-06-30,1179.0938720703125,1436.0,1466.0,1434.0,1456.0,102100
2016-07-01,1223.432861328125,1490.0,1504.0,1441.0,1447.0,142300
2016-07-04,1238.2127685546875,1508.0,1512.0,1471.0,1478.0,126400
2016-07-05,1192.231201171875,1452.0,1495.0,1448.0,1495.0,67500
2016-07-06,1193.87353515625,1454.0,1459.0,1394.0,1424.0,156300
2016-07-07,1204.5478515625,1467.0,1484.0,1424.0,1424.0,136700
2016-07-08,1181.5572509765625,1439.0,1473.0,1429.0,1459.0,91100
2016-07-11,1181.5572509765625,1439.0,1439.0,1439.0,1439.0,0
2016-07-12,1252.9925537109375,1526.0,1533.0,1512.0,1512.0,93000
2016-07-13,1237.3916015625,1507.0,1544.0,1501.0,1541.0,72200
2016-07-14,1235.7496337890625,1505.0,1533.0,1501.0,1515.0,85000
2016-07-15,1218.5064697265625,1484.0,1532.0,1481.0,1530.0,95500
2016-07-19,1271.877685546875,1549.0,1553.0,1469.0,1475.0,132700
2016-07-20,1289.9417724609375,1571.0,1573.0,1531.0,1542.0,283700
2016-07-21,1280.0887451171875,1559.0,1582.0,1548.0,1576.0,113500
2016-07-22,1286.657470703125,1567.0,1572.0,1525.0,1536.0,123500
2016-07-25,1356.4503173828125,1652.0,1718.0,1584.0,1584.0,377600
2016-07-26,1323.6068115234375,1612.0,1650.0,1612.0,1648.0,129400
2016-07-27,1328.533203125,1618.0,1637.0,1608.0,1622.0,79900
2016-07-28,1309.64794921875,1595.0,1608.0,1552.0,1593.0,117100
2016-07-29,1298.152587890625,1581.0,1599.0,1530.0,1589.0,160000
2016-08-01,1255.455810546875,1529.0,1561.0,1516.0,1550.0,134200
2016-08-02,1233.2861328125,1502.0,1527.0,1486.0,1503.0,184800
2016-08-03,1182.3779296875,1440.0,1466.0,1437.0,1463.0,122500
2016-08-04,1163.4931640625,1417.0,1444.0,1410.0,1434.0,127500
2016-08-05,1153.6397705078125,1405.0,1443.0,1396.0,1421.0,127500
2016-08-08,1143.7864990234375,1393.0,1402.0,1368.0,1401.0,133500
2016-08-09,1152.818603515625,1404.0,1417.0,1376.0,1385.0,84700
2016-08-10,1145.4290771484375,1395.0,1408.0,1360.0,1374.0,113800
2016-08-12,1135.57568359375,1383.0,1394.0,1350.0,1365.0,160900
2016-08-15,1172.5250244140625,1428.0,1455.0,1408.0,1411.0,181200
2016-08-16,1130.6490478515625,1377.0,1444.0,1373.0,1444.0,141000
2016-08-17,1159.3876953125,1412.0,1424.0,1377.0,1379.0,145300
2016-08-18,1168.41943359375,1423.0,1445.0,1394.0,1397.0,146600
2016-08-19,1189.7681884765625,1449.0,1465.0,1425.0,1425.0,113600
2016-08-22,1201.263427734375,1463.0,1470.0,1450.0,1460.0,101400
2016-08-23,1175.8095703125,1432.0,1459.0,1427.0,1448.0,61200
2016-08-24,1185.6627197265625,1444.0,1462.0,1423.0,1423.0,90200
2016-08-25,1179.0938720703125,1436.0,1451.0,1429.0,1441.0,52100
2016-08-26,1175.8095703125,1432.0,1440.0,1421.0,1431.0,60400
2016-08-29,1170.883056640625,1426.0,1441.0,1411.0,1439.0,53600
2016-08-30,1153.6397705078125,1405.0,1426.0,1404.0,1426.0,71800
2016-08-31,1161.8509521484375,1415.0,1432.0,1409.0,1416.0,74700
2016-09-01,1199.6212158203125,1461.0,1463.0,1409.0,1416.0,60100
2016-09-02,1172.5250244140625,1428.0,1442.0,1411.0,1431.0,107900
2016-09-05,1169.240966796875,1424.0,1452.0,1417.0,1440.0,66400
2016-09-06,1200.4423828125,1462.0,1466.0,1425.0,1425.0,56700
2016-09-07,1199.6212158203125,1461.0,1463.0,1437.0,1441.0,91800
2016-09-08,1166.7774658203125,1421.0,1462.0,1408.0,1451.0,165400
2016-09-09,1170.883056640625,1426.0,1435.0,1409.0,1410.0,102700
2016-09-12,1188.1259765625,1447.0,1448.0,1408.0,1408.0,93300
2016-09-13,1167.5985107421875,1422.0,1465.0,1411.0,1447.0,103300
2016-09-14,1163.4931640625,1417.0,1428.0,1391.0,1410.0,67900
2016-09-15,1152.818603515625,1404.0,1407.0,1389.0,1396.0,62900
2016-09-16,1179.9150390625,1437.0,1437.0,1407.0,1419.0,78600
2016-09-20,1163.4931640625,1417.0,1437.0,1401.0,1437.0,108800
2016-09-21,1161.8509521484375,1415.0,1417.0,1365.0,1395.0,157100
2016-09-23,1169.240966796875,1424.0,1429.0,1373.0,1389.0,137700
2016-09-26,1200.4423828125,1462.0,1472.0,1427.0,1435.0,146100
2016-09-27,1208.6531982421875,1472.0,1472.0,1427.0,1439.0,97100
2016-09-28,1234.5648193359375,1477.0,1477.0,1446.0,1446.0,92200
2016-09-29,1227.878173828125,1469.0,1509.0,1457.0,1473.0,146100
2016-09-30,1203.6380615234375,1440.0,1443.0,1421.0,1431.0,114900
2016-10-03,1241.2518310546875,1485.0,1494.0,1440.0,1440.0,77100
2016-10-04,1256.2974853515625,1503.0,1504.0,1471.0,1481.0,142400
2016-10-05,1289.7315673828125,1543.0,1553.0,1495.0,1505.0,166400
2016-10-06,1275.5218505859375,1526.0,1538.0,1492.0,1510.0,170200
2016-10-07,1253.789794921875,1500.0,1566.0,1496.0,1529.0,187000
2016-10-11,1267.999267578125,1517.0,1521.0,1490.0,1490.0,97500
2016-10-12,1278.8653564453125,1530.0,1536.0,1499.0,1499.0,106300
2016-10-13,1317.3150634765625,1576.0,1578.0,1528.0,1537.0,123200
2016-10-14,1310.6280517578125,1568.0,1581.0,1554.0,1572.0,114900
2016-10-17,1309.79248046875,1567.0,1573.0,1539.0,1559.0,101900
2016-10-18,1303.10546875,1559.0,1564.0,1549.0,1550.0,114100
2016-10-19,1308.12060546875,1565.0,1571.0,1536.0,1546.0,99200
2016-10-20,1307.2845458984375,1564.0,1575.0,1549.0,1549.0,74600
2016-10-21,1299.7620849609375,1555.0,1562.0,1548.0,1557.0,76300
2016-10-24,1322.3302001953125,1582.0,1589.0,1555.0,1559.0,71500
2016-10-25,1331.5247802734375,1593.0,1596.0,1575.0,1578.0,74300
2016-10-26,1340.71923828125,1604.0,1608.0,1576.0,1592.0,70600
2016-10-27,1349.9136962890625,1615.0,1617.0,1601.0,1604.0,76200
2016-10-28,1366.630859375,1635.0,1642.0,1615.0,1620.0,123500
2016-10-31,1350.749267578125,1616.0,1642.0,1601.0,1635.0,76000
2016-11-01,1348.2420654296875,1613.0,1614.0,1600.0,1608.0,68000
2016-11-02,1349.077880859375,1614.0,1616.0,1597.0,1600.0,81000
2016-11-04,1344.0626220703125,1608.0,1613.0,1590.0,1600.0,65500
2016-11-07,1339.04736328125,1602.0,1628.0,1596.0,1624.0,77500
2016-11-08,1346.5701904296875,1611.0,1627.0,1593.0,1602.0,60700
2016-11-09,1293.9111328125,1548.0,1665.0,1524.0,1585.0,258000
2016-11-10,1371.646240234375,1641.0,1645.0,1583.0,1600.0,151500
2016-11-11,1312.2999267578125,1570.0,1640.0,1537.0,1640.0,178100
2016-11-14,1316.479248046875,1575.0,1606.0,1569.0,1569.0,75800
2016-11-15,1330.6888427734375,1592.0,1596.0,1565.0,1572.0,113800
2016-11-16,1327.345458984375,1588.0,1608.0,1582.0,1598.0,106500
2016-11-17,1329.85302734375,1591.0,1593.0,1558.0,1573.0,97000
2016-11-18,1342.390869140625,1606.0,1610.0,1584.0,1600.0,66100
2016-11-21,1339.04736328125,1602.0,1608.0,1592.0,1600.0,70000
2016-11-22,1351.5853271484375,1617.0,1619.0,1598.0,1603.0,68400
2016-11-24,1344.8985595703125,1609.0,1630.0,1606.0,1628.0,37500
2016-11-25,1363.2874755859375,1631.0,1636.0,1609.0,1609.0,56700
2016-11-28,1400.90087890625,1676.0,1676.0,1633.0,1638.0,75600
2016-11-29,1418.4541015625,1697.0,1715.0,1677.0,1689.0,129600
2016-11-30,1426.8128662109375,1707.0,1708.0,1680.0,1697.0,116300
2016-12-01,1442.694091796875,1726.0,1733.0,1705.0,1715.0,68500
2016-12-02,1459.411376953125,1746.0,1751.0,1711.0,1727.0,114000
2016-12-05,1471.1134033203125,1760.0,1770.0,1719.0,1743.0,120600
2016-12-06,1487.8306884765625,1780.0,1784.0,1747.0,1774.0,123100
2016-12-07,1464.426513671875,1752.0,1793.0,1743.0,1793.0,148500
2016-12-08,1486.158935546875,1778.0,1780.0,1728.0,1762.0,94000
2016-12-09,1464.426513671875,1752.0,1770.0,1729.0,1766.0,154100
2016-12-12,1510.398681640625,1807.0,1820.0,1776.0,1789.0,127500
2016-12-13,1550.5198974609375,1855.0,1858.0,1815.0,1815.0,161100
2016-12-14,1578.939208984375,1889.0,1896.0,1867.0,1872.0,112300
2016-12-15,1594.8204345703125,1908.0,1913.0,1899.0,1900.0,88700
2016-12-16,1596.4921875,1910.0,1920.0,1901.0,1915.0,90100
2016-12-19,1599.8358154296875,1914.0,1914.0,1895.0,1898.0,69600
2016-12-20,1609.8660888671875,1926.0,1926.0,1904.0,1909.0,62700
2016-12-21,1593.1490478515625,1906.0,1929.0,1903.0,1924.0,94100
2016-12-22,1584.7904052734375,1896.0,1918.0,1892.0,1913.0,86300
2016-12-26,1591.4771728515625,1904.0,1916.0,1891.0,1905.0,48600
2016-12-27,1588.1336669921875,1900.0,1924.0,1897.0,1903.0,52400
2016-12-28,1600.6717529296875,1915.0,1917.0,1900.0,1904.0,54400
2016-12-29,1593.984619140625,1907.0,1915.0,1887.0,1910.0,63500
2016-12-30,1590.64111328125,1903.0,1908.0,1886.0,1891.0,46300
2017-01-04,1629.0906982421875,1949.0,1954.0,1903.0,1913.0,75900
2017-01-05,1618.224609375,1936.0,1961.0,1928.0,1960.0,98400
2017-01-06,1607.3583984375,1923.0,1928.0,1903.0,1904.0,75200
2017-01-10,1599.8358154296875,1914.0,1926.0,1900.0,1917.0,75200
2017-01-11,1573.924072265625,1883.0,1926.0,1881.0,1926.0,86700
2017-01-12,1563.0579833984375,1870.0,1883.0,1857.0,1876.0,79300
2017-01-13,1565.565673828125,1873.0,1885.0,1860.0,1872.0,54300
2017-01-16,1540.48974609375,1843.0,1872.0,1843.0,1872.0,38200
2017-01-17,1521.264892578125,1820.0,1839.0,1820.0,1839.0,31200
2017-01-18,1510.398681640625,1807.0,1816.0,1782.0,1812.0,72300
2017-01-19,1523.7724609375,1823.0,1841.0,1819.0,1820.0,43500
2017-01-20,1538.81787109375,1841.0,1851.0,1815.0,1815.0,53300
2017-01-23,1507.05517578125,1803.0,1831.0,1802.0,1831.0,38400
2017-01-24,1535.4744873046875,1837.0,1841.0,1811.0,1816.0,57500
2017-01-25,1539.6536865234375,1842.0,1858.0,1831.0,1856.0,35400
2017-01-26,1542.16162109375,1845.0,1855.0,1832.0,1850.0,59500
2017-01-27,1553.8634033203125,1859.0,1868.0,1833.0,1853.0,53400
2017-01-30,1569.7449951171875,1878.0,1884.0,1857.0,1865.0,44100
2017-01-31,1546.340576171875,1850.0,1862.0,1834.0,1862.0,41100
2017-02-01,1546.340576171875,1850.0,1854.0,1816.0,1839.0,52000
2017-02-02,1528.7874755859375,1829.0,1860.0,1822.0,1860.0,36700
2017-02-03,1532.1309814453125,1833.0,1842.0,1809.0,1818.0,43300
2017-02-06,1531.2952880859375,1832.0,1838.0,1810.0,1836.0,36000
2017-02-07,1516.24951171875,1814.0,1833.0,1814.0,1830.0,34000
2017-02-08,1519.5931396484375,1818.0,1840.0,1803.0,1808.0,25900
2017-02-09,1521.264892578125,1820.0,1834.0,1800.0,1810.0,55500
2017-02-10,1497.0247802734375,1791.0,1803.0,1770.0,1770.0,128900
2017-02-13,1488.6663818359375,1781.0,1810.0,1781.0,1790.0,62600
2017-02-14,1459.411376953125,1746.0,1788.0,1745.0,1776.0,68000
2017-02-15,1527.9517822265625,1828.0,1836.0,1772.0,1778.0,140500
2017-02-16,1544.6689453125,1848.0,1868.0,1832.0,1868.0,65200
2017-02-17,1542.9971923828125,1846.0,1851.0,1822.0,1835.0,39500
2017-02-20,1559.7144775390625,1866.0,1889.0,1854.0,1879.0,66600
2017-02-21,1548.8482666015625,1853.0,1868.0,1841.0,1866.0,35200
2017-02-22,1553.027587890625,1858.0,1861.0,1839.0,1851.0,42100
2017-02-23,1551.355712890625,1856.0,1870.0,1831.0,1870.0,52200
2017-02-24,1611.537841796875,1928.0,1958.0,1906.0,1950.0,212400
2017-02-27,1611.537841796875,1928.0,1952.0,1927.0,1930.0,119400
2017-02-28,1604.8509521484375,1920.0,1939.0,1916.0,1927.0,134500
2017-03-01,1604.8509521484375,1920.0,1931.0,1906.0,1925.0,75800
2017-03-02,1616.5528564453125,1934.0,1940.0,1918.0,1940.0,60800
2017-03-03,1621.568115234375,1940.0,1944.0,1925.0,1925.0,57100
2017-03-06,1628.2548828125,1948.0,1957.0,1934.0,1934.0,73900
2017-03-07,1626.583251953125,1946.0,1960.0,1944.0,1948.0,43600
2017-03-08,1631.598388671875,1952.0,1954.0,1936.0,1940.0,60800
2017-03-09,1627.4190673828125,1947.0,1960.0,1943.0,1960.0,54300
2017-03-10,1647.4798583984375,1971.0,1977.0,1951.0,1955.0,99700
2017-03-13,1680.078369140625,2010.0,2022.0,1970.0,1972.0,118900
2017-03-14,1675.06298828125,2004.0,2025.0,1991.0,2012.0,72400
2017-03-15,1680.078369140625,2010.0,2016.0,1998.0,2009.0,68000
2017-03-16,1681.75,2012.0,2022.0,1985.0,1993.0,94400
2017-03-17,1671.7196044921875,2000.0,2012.0,1996.0,2007.0,97600
2017-03-21,1685.0936279296875,2016.0,2023.0,1992.0,2000.0,96300
2017-03-22,1663.361083984375,1990.0,2013.0,1986.0,1997.0,117900
2017-03-23,1649.9871826171875,1974.0,1997.0,1971.0,1995.0,116600
2017-03-24,1670.8839111328125,1999.0,2012.0,1971.0,1972.0,137800
2017-03-27,1652.494873046875,1977.0,1993.0,1974.0,1991.0,202600
2017-03-28,1676.7347412109375,2006.0,2015.0,1992.0,1992.0,268000
2017-03-29,1658.9510498046875,1959.0,2001.0,1943.0,2001.0,228900
2017-03-30,1644.5550537109375,1942.0,1965.0,1940.0,1957.0,55300
2017-03-31,1621.690673828125,1915.0,1953.0,1915.0,1953.0,58700
2017-04-03,1611.5283203125,1903.0,1930.0,1892.0,1922.0,64800
2017-04-04,1626.7713623046875,1921.0,1937.0,1909.0,1913.0,82800
2017-04-05,1638.6270751953125,1935.0,1943.0,1918.0,1924.0,64700
2017-04-06,1590.357666015625,1878.0,1952.0,1878.0,1935.0,68500
2017-04-07,1613.2220458984375,1905.0,1919.0,1891.0,1899.0,70600
2017-04-10,1607.2943115234375,1898.0,1910.0,1888.0,1908.0,34900
2017-04-11,1598.825927734375,1888.0,1908.0,1874.0,1903.0,53000
2017-04-12,1597.13232421875,1886.0,1887.0,1862.0,1883.0,48400
2017-04-13,1585.2767333984375,1872.0,1881.0,1856.0,1863.0,54700
2017-04-14,1565.7991943359375,1849.0,1880.0,1844.0,1871.0,32000
2017-04-17,1581.8892822265625,1868.0,1907.0,1836.0,1836.0,40200
2017-04-18,1592.8980712890625,1881.0,1887.0,1857.0,1860.0,50300
2017-04-19,1608.14111328125,1899.0,1912.0,1866.0,1877.0,88200
2017-04-20,1631.852294921875,1927.0,1929.0,1897.0,1908.0,75700
2017-04-21,1639.4739990234375,1936.0,1938.0,1910.0,1937.0,52700
2017-04-24,1653.0233154296875,1952.0,1961.0,1940.0,1961.0,93900
2017-04-25,1667.419677734375,1969.0,1970.0,1940.0,1956.0,49100
2017-04-26,1624.2310791015625,1918.0,1965.0,1910.0,1962.0,227500
2017-04-27,1623.38427734375,1917.0,1942.0,1913.0,1916.0,98400
2017-04-28,1628.465087890625,1923.0,1929.0,1915.0,1915.0,115600
2017-05-01,1558.1778564453125,1840.0,1900.0,1839.0,1900.0,192900
2017-05-02,1583.5830078125,1870.0,1889.0,1837.0,1837.0,100500
2017-05-08,1644.5550537109375,1942.0,1942.0,1893.0,1894.0,110500
2017-05-09,1672.5006103515625,1975.0,1986.0,1945.0,1946.0,105200
2017-05-10,1685.2032470703125,1990.0,2007.0,1979.0,1991.0,115000
2017-05-11,1697.90576171875,2005.0,2015.0,1985.0,1990.0,77300
2017-05-12,1695.364990234375,2002.0,2014.0,1991.0,2005.0,46500
2017-05-15,1674.1943359375,1977.0,1982.0,1943.0,1962.0,175100
2017-05-16,1680.968994140625,1985.0,1997.0,1959.0,1966.0,82900
2017-05-17,1688.59033203125,1994.0,2010.0,1962.0,1962.0,103400
2017-05-18,1680.968994140625,1985.0,1985.0,1953.0,1957.0,62800
2017-05-19,1682.66259765625,1987.0,1992.0,1972.0,1981.0,78800
2017-05-22,1689.4373779296875,1995.0,1998.0,1953.0,1967.0,87400
2017-05-23,1680.968994140625,1985.0,1990.0,1968.0,1978.0,97800
2017-05-24,1671.6536865234375,1974.0,1987.0,1971.0,1987.0,95900
2017-05-25,1673.3475341796875,1976.0,1994.0,1972.0,1980.0,72400
2017-05-26,1669.960205078125,1972.0,1987.0,1968.0,1972.0,56400
2017-05-29,1702.1400146484375,2010.0,2017.0,1972.0,1972.0,110100
2017-05-30,1721.6171875,2033.0,2037.0,2008.0,2019.0,97200
2017-05-31,1731.7791748046875,2045.0,2062.0,2034.0,2060.0,138200
2017-06-01,1758.03125,2076.0,2082.0,2044.0,2045.0,74200
2017-06-02,1750.409423828125,2067.0,2083.0,2056.0,2083.0,91000
2017-06-05,1752.9500732421875,2070.0,2079.0,2043.0,2047.0,78700
2017-06-06,1726.697998046875,2039.0,2063.0,2035.0,2050.0,104100
2017-06-07,1730.0855712890625,2043.0,2051.0,2021.0,2039.0,71100
2017-06-08,1747.8690185546875,2064.0,2083.0,2051.0,2060.0,90700
2017-06-09,1752.1031494140625,2069.0,2083.0,2039.0,2048.0,122800
2017-06-12,1776.6612548828125,2098.0,2102.0,2049.0,2062.0,92000
2017-06-13,1813.921875,2142.0,2144.0,2095.0,2100.0,116100
2017-06-14,1796.9854736328125,2122.0,2150.0,2114.0,2150.0,89000
2017-06-15,1793.59814453125,2118.0,2133.0,2105.0,2128.0,71600
2017-06-16,1808.8411865234373,2136.0,2142.0,2105.0,2129.0,106900
2017-06-19,1802.913330078125,2129.0,2148.0,2129.0,2144.0,50300
2017-06-20,1835.93994140625,2168.0,2172.0,2127.0,2131.0,137300
2017-06-21,1817.3094482421875,2146.0,2164.0,2146.0,2164.0,87700
2017-06-22,1809.68798828125,2137.0,2152.0,2122.0,2143.0,94900
2017-06-23,1816.4625244140625,2145.0,2153.0,2132.0,2132.0,69800
2017-06-26,1855.4169921875,2191.0,2196.0,2137.0,2146.0,110200
2017-06-27,1830.01220703125,2161.0,2199.0,2150.0,2199.0,86600
2017-06-28,1820.69677734375,2150.0,2172.0,2150.0,2162.0,62700
2017-06-29,1833.3995361328125,2165.0,2173.0,2138.0,2151.0,97900
2017-06-30,1805.4537353515625,2132.0,2167.0,2128.0,2155.0,83400
2017-07-03,1812.2283935546875,2140.0,2156.0,2133.0,2134.0,58400
2017-07-04,1795.291748046875,2120.0,2152.0,2115.0,2152.0,74700
2017-07-05,1802.913330078125,2129.0,2135.0,2100.0,2111.0,70000
2017-07-06,1798.678955078125,2124.0,2127.0,2112.0,2112.0,50900
2017-07-07,1791.0574951171875,2115.0,2140.0,2110.0,2111.0,83200
2017-07-10,1782.589111328125,2105.0,2126.0,2105.0,2117.0,63500
2017-07-11,1780.0487060546875,2102.0,2124.0,2093.0,2102.0,92600
2017-07-12,1747.8690185546875,2064.0,2099.0,2064.0,2098.0,96000
2017-07-13,1743.6348876953125,2059.0,2087.0,2053.0,2087.0,71000
2017-07-14,1761.418212890625,2080.0,2085.0,2054.0,2055.0,84200
2017-07-17,1761.418212890625,2080.0,2080.0,2080.0,2080.0,0
2017-07-18,1763.1119384765625,2082.0,2095.0,2066.0,2074.0,110100
2017-07-19,1778.35498046875,2100.0,2101.0,2068.0,2072.0,97300
2017-07-20,1814.76904296875,2143.0,2143.0,2110.0,2110.0,54300
2017-07-21,1829.1651611328125,2160.0,2160.0,2133.0,2147.0,85600
2017-07-24,1848.642578125,2183.0,2186.0,2154.0,2169.0,76100
2017-07-25,1844.4080810546875,2178.0,2196.0,2168.0,2196.0,84300
2017-07-26,1857.11083984375,2193.0,2194.0,2166.0,2189.0,86500
2017-07-27,1868.9664306640625,2207.0,2223.0,2181.0,2188.0,76900
2017-07-28,1889.290283203125,2231.0,2231.0,2199.0,2214.0,84300
2017-07-31,1869.8135986328125,2208.0,2237.0,2200.0,2237.0,161900
2017-08-01,1879.128662109375,2219.0,2223.0,2157.0,2165.0,113700
2017-08-02,1702.1400146484375,2010.0,2127.0,1998.0,2126.0,327400
2017-08-03,1680.1221923828125,1984.0,2016.0,1964.0,2012.0,275600
2017-08-04,1684.3563232421875,1989.0,1992.0,1957.0,1977.0,125600
2017-08-07,1691.9779052734375,1998.0,2007.0,1985.0,2007.0,78200
2017-08-08,1680.1221923828125,1984.0,2001.0,1979.0,1996.0,64100
2017-08-09,1706.3740234375,2015.0,2021.0,1978.0,1980.0,132800
2017-08-10,1729.2386474609375,2042.0,2042.0,2017.0,2022.0,99100
2017-08-11,1729.2386474609375,2042.0,2042.0,2042.0,2042.0,0
2017-08-14,1717.3829345703125,2028.0,2049.0,2019.0,2030.0,90800
2017-08-15,1756.33740234375,2074.0,2078.0,2040.0,2040.0,101800
2017-08-16,1764.8057861328125,2084.0,2095.0,2068.0,2071.0,86500
2017-08-17,1753.7969970703125,2071.0,2090.0,1976.0,2076.0,112700
2017-08-18,1751.2564697265625,2068.0,2080.0,1980.0,2063.0,83400
2017-08-21,1758.03125,2076.0,2097.0,2062.0,2075.0,71700
2017-08-22,1742.7879638671875,2058.0,2081.0,2051.0,2080.0,89500
2017-08-23,1774.120849609375,2095.0,2096.0,2066.0,2074.0,67000
2017-08-24,1792.7515869140625,2117.0,2118.0,2095.0,2100.0,68400
2017-08-25,1807.1474609375,2134.0,2139.0,2112.0,2129.0,62100
2017-08-28,1802.913330078125,2129.0,2143.0,2117.0,2143.0,65200
2017-08-29,1819.8499755859373,2149.0,2156.0,2125.0,2129.0,74900
2017-08-30,1822.3907470703125,2152.0,2164.0,2145.0,2155.0,48600
2017-08-31,1828.318359375,2159.0,2183.0,2147.0,2160.0,85400
2017-09-01,1826.624755859375,2157.0,2182.0,2141.0,2174.0,70000
2017-09-04,1792.7515869140625,2117.0,2156.0,2116.0,2152.0,60800
2017-09-05,1770.7335205078125,2091.0,2117.0,2078.0,2103.0,72000
2017-09-06,1748.7159423828125,2065.0,2090.0,2057.0,2071.0,55100
2017-09-07,1779.2017822265625,2101.0,2103.0,2065.0,2065.0,52800
2017-09-08,1758.8779296875,2077.0,2104.0,2077.0,2084.0,68900
2017-09-11,1785.976806640625,2109.0,2120.0,2096.0,2096.0,46500
2017-09-12,1744.481689453125,2060.0,2110.0,2058.0,2110.0,154200
2017-09-13,1764.8057861328125,2084.0,2087.0,2044.0,2051.0,117700
2017-09-14,1778.35498046875,2100.0,2144.0,2088.0,2098.0,105700
2017-09-15,1779.2017822265625,2101.0,2124.0,2087.0,2123.0,111200
2017-09-18,1779.2017822265625,2101.0,2101.0,2101.0,2101.0,0
2017-09-19,1782.589111328125,2105.0,2116.0,2097.0,2103.0,90600
2017-09-20,1784.282958984375,2107.0,2122.0,2102.0,2121.0,73100
2017-09-21,1758.03125,2076.0,2113.0,2073.0,2106.0,112000
2017-09-22,1775.8143310546875,2097.0,2108.0,2078.0,2088.0,62500
2017-09-25,1785.1297607421875,2108.0,2117.0,2086.0,2097.0,89000
2017-09-26,1821.543701171875,2151.0,2156.0,2126.0,2126.0,142600
2017-09-27,1846.84912109375,2153.0,2180.0,2150.0,2152.0,128300
2017-09-28,1876.0140380859373,2187.0,2189.0,2140.0,2163.0,91400
2017-09-29,1876.0140380859373,2187.0,2223.0,2176.0,2184.0,132900
2017-10-02,1875.1561279296875,2186.0,2197.0,2173.0,2176.0,66400
2017-10-03,1856.284423828125,2164.0,2190.0,2155.0,2190.0,44100
2017-10-04,1853.71142578125,2161.0,2176.0,2159.0,2164.0,61400
2017-10-05,1857.142578125,2165.0,2177.0,2151.0,2151.0,71800
2017-10-06,1821.97265625,2124.0,2151.0,2121.0,2148.0,79100
2017-10-09,1821.97265625,2124.0,2124.0,2124.0,2124.0,0
2017-10-10,1841.7022705078125,2147.0,2160.0,2127.0,2127.0,69900
2017-10-11,1846.84912109375,2153.0,2157.0,2136.0,2147.0,49200
2017-10-12,1842.559814453125,2148.0,2170.0,2145.0,2162.0,52000
2017-10-13,1839.986572265625,2145.0,2152.0,2130.0,2130.0,69100
2017-10-16,1842.559814453125,2148.0,2169.0,2148.0,2149.0,56500
2017-10-17,1851.1378173828125,2158.0,2162.0,2139.0,2145.0,46900
2017-10-18,1837.4129638671875,2142.0,2161.0,2138.0,2159.0,44400
2017-10-19,1840.84423828125,2146.0,2162.0,2142.0,2142.0,67500
2017-10-20,1852.8533935546875,2160.0,2172.0,2136.0,2136.0,109300
2017-10-23,1857.142578125,2165.0,2188.0,2161.0,2188.0,52800
2017-10-24,1897.459228515625,2212.0,2213.0,2160.0,2163.0,74400
2017-10-25,1880.30322265625,2192.0,2218.0,2190.0,2212.0,71500
2017-10-26,1861.4315185546875,2170.0,2190.0,2169.0,2190.0,44900
2017-10-27,1860.5738525390625,2169.0,2172.0,2157.0,2170.0,63000
2017-10-30,1858.8583984375,2167.0,2175.0,2147.0,2168.0,100300
2017-10-31,1975.519287109375,2303.0,2453.0,2231.0,2231.0,437200
2017-11-01,1927.4822998046875,2247.0,2312.0,2242.0,2306.0,167400
2017-11-02,1937.7760009765625,2259.0,2269.0,2243.0,2250.0,104200
2017-11-03,1937.7760009765625,2259.0,2259.0,2259.0,2259.0,0
2017-11-06,1935.202880859375,2256.0,2279.0,2253.0,2267.0,47600
2017-11-07,1967.799072265625,2294.0,2315.0,2258.0,2274.0,68600
2017-11-08,1975.519287109375,2303.0,2304.0,2274.0,2294.0,66000
2017-11-09,1978.092529296875,2306.0,2332.0,2292.0,2329.0,92100
2017-11-10,1992.6754150390625,2323.0,2346.0,2302.0,2306.0,80300
2017-11-13,1975.519287109375,2303.0,2327.0,2300.0,2324.0,50400
2017-11-14,1969.5145263671875,2296.0,2338.0,2292.0,2330.0,59200
2017-11-15,1957.5057373046875,2282.0,2320.0,2264.0,2311.0,114200
2017-11-16,2002.9688720703125,2335.0,2350.0,2283.0,2283.0,126000
2017-11-17,2002.9688720703125,2335.0,2388.0,2330.0,2372.0,124500
2017-11-20,2062.1572265625,2404.0,2412.0,2353.0,2375.0,139300
2017-11-21,2065.5888671875,2408.0,2420.0,2389.0,2420.0,75000
2017-11-22,2069.019775390625,2412.0,2420.0,2388.0,2406.0,76700
2017-11-23,2069.019775390625,2412.0,2412.0,2412.0,2412.0,0
2017-11-24,2097.327392578125,2445.0,2446.0,2395.0,2405.0,61300
2017-11-27,2080.17138671875,2425.0,2457.0,2415.0,2453.0,74300
2017-11-28,2087.033935546875,2433.0,2447.0,2428.0,2440.0,33100
2017-11-29,2101.6162109375,2450.0,2462.0,2412.0,2431.0,63500
2017-11-30,2103.331787109375,2452.0,2466.0,2432.0,2450.0,76900
2017-12-01,2103.331787109375,2452.0,2469.0,2415.0,2455.0,84700
2017-12-04,2141.074951171875,2496.0,2551.0,2485.0,2485.0,127800
2017-12-05,2134.212890625,2488.0,2491.0,2449.0,2490.0,79500
2017-12-06,2148.79541015625,2505.0,2527.0,2486.0,2491.0,96300
2017-12-07,2185.680908203125,2548.0,2549.0,2507.0,2508.0,138400
2017-12-08,2205.410400390625,2571.0,2582.0,2528.0,2550.0,126400
2017-12-11,2227.71337890625,2597.0,2626.0,2561.0,2600.0,104800
2017-12-12,2238.864501953125,2610.0,2637.0,2595.0,2622.0,82800
2017-12-13,2254.30517578125,2628.0,2636.0,2592.0,2618.0,93400
2017-12-14,2269.74560546875,2646.0,2658.0,2632.0,2650.0,59800
2017-12-15,2278.323486328125,2656.0,2677.0,2628.0,2634.0,129200
2017-12-18,2277.465576171875,2655.0,2709.0,2632.0,2705.0,108800
2017-12-19,2253.447265625,2627.0,2653.0,2618.0,2636.0,47600
2017-12-20,2230.287109375,2600.0,2631.0,2593.0,2626.0,61600
2017-12-21,2226.85546875,2596.0,2605.0,2552.0,2575.0,84000
2017-12-22,2219.13525390625,2587.0,2604.0,2575.0,2583.0,44200
2017-12-25,2213.98828125,2581.0,2598.0,2577.0,2577.0,31900
2017-12-26,2234.576171875,2605.0,2617.0,2596.0,2602.0,55200
2017-12-27,2241.43798828125,2613.0,2631.0,2600.0,2600.0,42300
2017-12-28,2243.153564453125,2615.0,2659.0,2614.0,2649.0,45200
2017-12-29,2245.727294921875,2618.0,2635.0,2595.0,2616.0,35600
2018-01-03,2245.727294921875,2618.0,2618.0,2618.0,2618.0,0
2018-01-04,2261.167724609375,2636.0,2636.0,2603.0,2625.0,68400
2018-01-05,2286.0439453125,2665.0,2665.0,2635.0,2640.0,69000
2018-01-08,2286.0439453125,2665.0,2665.0,2665.0,2665.0,0
2018-01-09,2280.89697265625,2659.0,2695.0,2648.0,2682.0,53600
2018-01-10,2272.3193359375,2649.0,2673.0,2617.0,2657.0,62400
2018-01-11,2280.89697265625,2659.0,2666.0,2635.0,2639.0,79000
2018-01-12,2257.736328125,2632.0,2668.0,2630.0,2663.0,62500
2018-01-15,2304.0576171875,2686.0,2708.0,2636.0,2660.0,59400
2018-01-16,2326.360595703125,2712.0,2723.0,2691.0,2708.0,77200
2018-01-17,2347.8056640625,2737.0,2746.0,2701.0,2710.0,81700
2018-01-18,2310.920166015625,2694.0,2765.0,2694.0,2760.0,91900
2018-01-19,2299.768798828125,2681.0,2691.0,2665.0,2689.0,83500
2018-01-22,2300.626953125,2682.0,2683.0,2664.0,2668.0,66800
2018-01-23,2286.901611328125,2666.0,2682.0,2655.0,2682.0,79300
2018-01-24,2299.768798828125,2681.0,2709.0,2664.0,2672.0,115000
2018-01-25,2328.07568359375,2714.0,2719.0,2676.0,2689.0,98900
2018-01-26,2340.08544921875,2728.0,2772.0,2711.0,2726.0,152500
2018-01-29,2407.851806640625,2807.0,2816.0,2727.0,2734.0,137000
2018-01-30,2381.259765625,2776.0,2806.0,2734.0,2805.0,180800
2018-01-31,2325.5029296875,2711.0,2758.0,2710.0,2738.0,142600
2018-02-01,2351.236572265625,2741.0,2744.0,2673.0,2694.0,192200
2018-02-02,2351.236572265625,2741.0,2745.0,2708.0,2712.0,107900
2018-02-05,2272.3193359375,2649.0,2720.0,2648.0,2705.0,124300
2018-02-06,2186.538818359375,2549.0,2625.0,2511.0,2597.0,265100
2018-02-07,2166.809814453125,2526.0,2591.0,2454.0,2537.0,208000
2018-02-08,2177.10302734375,2538.0,2567.0,2487.0,2515.0,171700
2018-02-09,2264.598388671875,2640.0,2645.0,2493.0,2493.0,255200
2018-02-12,2264.598388671875,2640.0,2640.0,2640.0,2640.0,0
2018-02-13,2328.933837890625,2715.0,2736.0,2668.0,2690.0,266100
2018-02-14,2357.241455078125,2748.0,2767.0,2703.0,2722.0,175800
2018-02-15,2369.250732421875,2762.0,2790.0,2754.0,2765.0,188500
2018-02-16,2467.89794921875,2877.0,2893.0,2779.0,2799.0,233200
2018-02-19,2509.93017578125,2926.0,2935.0,2881.0,2900.0,132000
2018-02-20,2549.388916015625,2972.0,2981.0,2911.0,2930.0,143400
2018-02-21,2559.6826171875,2984.0,3005.0,2934.0,2952.0,226400
2018-02-22,2520.223876953125,2938.0,2998.0,2938.0,2975.0,138700
2018-02-23,2555.393798828125,2979.0,3005.0,2923.0,2946.0,170900
2018-02-26,2577.696533203125,3005.0,3040.0,2979.0,3000.0,179300
2018-02-27,2603.430908203125,3035.0,3040.0,2980.0,2985.0,165400
2018-02-28,2637.742919921875,3075.0,3115.0,3035.0,3035.0,189600
2018-03-01,2581.985595703125,3010.0,3070.0,2998.0,3070.0,148700
2018-03-02,2537.379638671875,2958.0,2994.0,2940.0,2975.0,194600
2018-03-05,2500.494384765625,2915.0,2957.0,2899.0,2940.0,134500
2018-03-06,2530.517578125,2950.0,2963.0,2918.0,2940.0,109400
2018-03-07,2502.209716796875,2917.0,2969.0,2911.0,2945.0,142100
2018-03-08,2465.32470703125,2874.0,2939.0,2856.0,2937.0,194100
2018-03-09,2473.044921875,2883.0,2966.0,2879.0,2918.0,181300
2018-03-12,2474.760498046875,2885.0,2926.0,2867.0,2926.0,113100
2018-03-13,2504.783447265625,2920.0,2920.0,2857.0,2857.0,92100
2018-03-14,2494.489990234375,2908.0,2953.0,2896.0,2935.0,176400
2018-03-15,2531.37548828125,2951.0,2955.0,2916.0,2924.0,111500
2018-03-16,2550.2470703125,2973.0,2990.0,2947.0,2951.0,202600
2018-03-19,2452.45751953125,2859.0,2969.0,2856.0,2969.0,208800
2018-03-20,2412.9990234375,2813.0,2863.0,2800.0,2850.0,282600
2018-03-21,2412.9990234375,2813.0,2813.0,2813.0,2813.0,0
2018-03-22,2427.58154296875,2830.0,2834.0,2783.0,2801.0,248400
2018-03-23,2403.56298828125,2802.0,2830.0,2795.0,2795.0,161400
2018-03-26,2463.60888671875,2872.0,2874.0,2795.0,2800.0,209700
2018-03-27,2553.67822265625,2977.0,2977.0,2888.0,2890.0,309500
2018-03-28,2554.11083984375,2950.0,2954.0,2876.0,2900.0,144700
2018-03-29,2567.098388671875,2965.0,2992.0,2929.0,2982.0,78200
2018-03-30,2563.634765625,2961.0,2988.0,2949.0,2986.0,57000
2018-04-02,2558.440185546875,2955.0,2982.0,2953.0,2970.0,77800
2018-04-03,2585.2802734375,2986.0,2993.0,2930.0,2948.0,95600
2018-04-04,2662.336181640625,3075.0,3110.0,3010.0,3010.0,177400
2018-04-05,2692.638916015625,3110.0,3150.0,3080.0,3105.0,114900
2018-04-06,2722.942138671875,3145.0,3170.0,3095.0,3140.0,176000
2018-04-09,2744.587158203125,3170.0,3185.0,3160.0,3170.0,107300
2018-04-10,2688.31005859375,3105.0,3140.0,3100.0,3120.0,174500
2018-04-11,2670.994140625,3085.0,3125.0,3040.0,3110.0,111700
2018-04-12,2727.27099609375,3150.0,3165.0,3090.0,3110.0,76300
2018-04-13,2670.994140625,3085.0,3170.0,3070.0,3170.0,109700
2018-04-16,2701.297119140625,3120.0,3140.0,3085.0,3085.0,68900
2018-04-17,2670.994140625,3085.0,3120.0,3070.0,3090.0,74900
2018-04-18,2649.34912109375,3060.0,3105.0,3050.0,3060.0,117600
2018-04-19,2627.704345703125,3035.0,3075.0,3005.0,3075.0,91700
2018-04-20,2640.691162109375,3050.0,3105.0,3035.0,3035.0,95100
2018-04-23,2632.033203125,3040.0,3060.0,2999.0,3050.0,80200
2018-04-24,2666.665771484375,3080.0,3085.0,3030.0,3085.0,45600
2018-04-25,2610.387939453125,3015.0,3045.0,3000.0,3040.0,95000
2018-04-26,2623.375,3030.0,3035.0,2996.0,3025.0,50700
2018-04-27,2649.34912109375,3060.0,3075.0,3020.0,3020.0,78800
2018-04-30,2649.34912109375,3060.0,3060.0,3060.0,3060.0,0
2018-05-01,2701.297119140625,3120.0,3175.0,3055.0,3175.0,89300
2018-05-02,2597.4013671875,3000.0,3230.0,2999.0,3230.0,256600
2018-05-04,2597.4013671875,3000.0,3000.0,3000.0,3000.0,0
2018-05-07,2636.3623046875,3045.0,3115.0,3015.0,3015.0,184000
2018-05-08,2579.218994140625,2979.0,3065.0,2975.0,3040.0,119100
2018-05-09,2555.8427734375,2952.0,3035.0,2943.0,3000.0,143400
2018-05-10,2558.440185546875,2955.0,2993.0,2946.0,2972.0,92900
2018-05-11,2569.695556640625,2968.0,2985.0,2952.0,2956.0,120000
2018-05-14,2571.427001953125,2970.0,2987.0,2945.0,2977.0,75100
2018-05-15,2534.197509765625,2927.0,2974.0,2911.0,2970.0,144900
2018-05-16,2545.453125,2940.0,2943.0,2891.0,2922.0,118200
2018-05-17,2561.9033203125,2959.0,2970.0,2918.0,2943.0,77300
2018-05-18,2596.534912109375,2999.0,3010.0,2932.0,2980.0,139000
2018-05-21,2597.4013671875,3000.0,3010.0,2980.0,3000.0,72200
2018-05-22,2606.05908203125,3010.0,3020.0,2973.0,3000.0,78000
2018-05-23,2606.05908203125,3010.0,3055.0,3005.0,3010.0,74500
2018-05-24,2653.677734375,3065.0,3095.0,3025.0,3035.0,143600
2018-05-25,2696.96826171875,3115.0,3140.0,3065.0,3085.0,140300
2018-05-28,2683.98095703125,3100.0,3150.0,3085.0,3140.0,90500
2018-05-29,2666.665771484375,3080.0,3095.0,3030.0,3075.0,92400
2018-05-30,2614.717041015625,3020.0,3075.0,3005.0,3055.0,91600
2018-05-31,2645.02001953125,3055.0,3105.0,3015.0,3035.0,135200
2018-06-01,2610.387939453125,3015.0,3065.0,3015.0,3060.0,89500
2018-06-04,2601.730224609375,3005.0,3045.0,2993.0,3030.0,85100
2018-06-05,2597.4013671875,3000.0,3005.0,2961.0,2990.0,100100
2018-06-06,2714.2841796875,3135.0,3160.0,3020.0,3050.0,133300
2018-06-07,2688.31005859375,3105.0,3135.0,3065.0,3135.0,99200
2018-06-08,2653.677734375,3065.0,3115.0,3050.0,3085.0,89000
2018-06-11,2649.34912109375,3060.0,3080.0,3020.0,3065.0,66900
2018-06-12,2636.3623046875,3045.0,3080.0,3035.0,3075.0,56100
2018-06-13,2610.387939453125,3015.0,3070.0,2999.0,3040.0,88500
2018-06-14,2606.05908203125,3010.0,3045.0,3005.0,3030.0,74700
2018-06-15,2696.96826171875,3115.0,3120.0,3035.0,3035.0,106400
2018-06-18,2632.033203125,3040.0,3110.0,3030.0,3110.0,110800
2018-06-19,2564.500732421875,2962.0,3070.0,2960.0,3050.0,95700
2018-06-20,2564.500732421875,2962.0,3010.0,2942.0,2985.0,119100
2018-06-21,2534.197509765625,2927.0,2988.0,2926.0,2951.0,107700
2018-06-22,2610.387939453125,3015.0,3025.0,2934.0,2934.0,190700
2018-06-25,2593.072265625,2995.0,3055.0,2977.0,3040.0,109800
2018-06-26,2511.686767578125,2901.0,2975.0,2898.0,2968.0,92500
2018-06-27,2506.4921875,2895.0,2912.0,2867.0,2885.0,102200
2018-06-28,2477.92041015625,2862.0,2906.0,2852.0,2886.0,67300
2018-06-29,2450.21484375,2830.0,2871.0,2817.0,2861.0,50900
2018-07-02,2373.15869140625,2741.0,2820.0,2741.0,2811.0,93400
2018-07-03,2369.6953125,2737.0,2773.0,2724.0,2742.0,69200
2018-07-04,2422.509521484375,2798.0,2815.0,2728.0,2739.0,82400
2018-07-05,2385.27978515625,2755.0,2811.0,2743.0,2811.0,81800
2018-07-06,2346.31884765625,2710.0,2762.0,2702.0,2755.0,84000
2018-07-09,2311.68701171875,2670.0,2707.0,2665.0,2703.0,155400
2018-07-10,2344.58740234375,2708.0,2721.0,2658.0,2690.0,109000
2018-07-11,2295.236572265625,2651.0,2695.0,2644.0,2683.0,86400
2018-07-12,2286.578857421875,2641.0,2665.0,2632.0,2645.0,96500
2018-07-13,2304.7607421875,2662.0,2673.0,2630.0,2657.0,116600
2018-07-16,2304.7607421875,2662.0,2662.0,2662.0,2662.0,0
2018-07-17,2336.795166015625,2699.0,2707.0,2666.0,2673.0,93900
2018-07-18,2376.621826171875,2745.0,2753.0,2713.0,2736.0,79400
2018-07-19,2412.119873046875,2786.0,2839.0,2777.0,2825.0,160700
2018-07-20,2484.84716796875,2870.0,2883.0,2807.0,2836.0,164300
2018-07-23,2484.84716796875,2870.0,2886.0,2841.0,2878.0,198500
2018-07-24,2447.617431640625,2827.0,2927.0,2821.0,2920.0,91700
2018-07-25,2437.228271484375,2815.0,2819.0,2787.0,2812.0,94300
2018-07-26,2423.375,2799.0,2827.0,2785.0,2817.0,110400
2018-07-27,2395.669677734375,2767.0,2793.0,2755.0,2780.0,108600
2018-07-30,2404.327392578125,2777.0,2794.0,2719.0,2732.0,157900
2018-07-31,2342.85595703125,2706.0,2765.0,2635.0,2739.0,350100
2018-08-01,2593.072265625,2995.0,2996.0,2800.0,2802.0,347300
2018-08-02,2537.660888671875,2931.0,3020.0,2928.0,2995.0,217100
2018-08-03,2517.747314453125,2908.0,2989.0,2905.0,2960.0,108300
2018-08-06,2483.9814453125,2869.0,2908.0,2864.0,2892.0,102900
2018-08-07,2492.639404296875,2879.0,2879.0,2818.0,2852.0,117000
2018-08-08,2547.184814453125,2942.0,2968.0,2880.0,2880.0,81500
2018-08-09,2539.392578125,2933.0,2946.0,2902.0,2909.0,47300
2018-08-10,2543.721435546875,2938.0,2955.0,2887.0,2917.0,78100
2018-08-13,2505.626220703125,2894.0,2925.0,2873.0,2918.0,63400
2018-08-14,2590.474853515625,2992.0,2996.0,2913.0,2913.0,89300
2018-08-15,2548.916259765625,2944.0,2976.0,2920.0,2972.0,92700
2018-08-16,2461.470458984375,2843.0,2929.0,2834.0,2920.0,86300
2018-08-17,2486.57861328125,2872.0,2872.0,2830.0,2835.0,46100
2018-08-20,2467.531005859375,2850.0,2855.0,2823.0,2842.0,54600
2018-08-21,2464.06787109375,2846.0,2866.0,2808.0,2833.0,87000
2018-08-22,2492.639404296875,2879.0,2904.0,2855.0,2896.0,70900
2018-08-23,2477.92041015625,2862.0,2872.0,2836.0,2855.0,150400
2018-08-24,2490.90771484375,2877.0,2892.0,2857.0,2888.0,51600
2018-08-27,2540.25830078125,2934.0,2943.0,2896.0,2896.0,96500
2018-08-28,2539.392578125,2933.0,2940.0,2914.0,2937.0,49100
2018-08-29,2554.97705078125,2951.0,2955.0,2927.0,2933.0,38600
2018-08-30,2541.124267578125,2935.0,2951.0,2915.0,2949.0,70000
2018-08-31,2532.466064453125,2925.0,2940.0,2913.0,2925.0,45300
2018-09-03,2508.223876953125,2897.0,2915.0,2874.0,2911.0,48200
2018-09-04,2492.639404296875,2879.0,2891.0,2855.0,2891.0,34700
2018-09-05,2489.176025390625,2875.0,2887.0,2850.0,2868.0,47100
2018-09-06,2440.691162109375,2819.0,2865.0,2817.0,2865.0,59900
2018-09-07,2464.93359375,2847.0,2854.0,2802.0,2811.0,50600
2018-09-10,2472.725830078125,2856.0,2867.0,2839.0,2847.0,34800
2018-09-11,2499.56591796875,2887.0,2894.0,2859.0,2871.0,56500
2018-09-12,2505.626220703125,2894.0,2899.0,2865.0,2888.0,51800
2018-09-13,2514.2841796875,2904.0,2944.0,2903.0,2910.0,73600
2018-09-14,2502.162841796875,2890.0,2903.0,2868.0,2886.0,107600
2018-09-17,2502.162841796875,2890.0,2890.0,2890.0,2890.0,0
2018-09-18,2580.95068359375,2981.0,2985.0,2898.0,2907.0,85200
2018-09-19,2632.033203125,3040.0,3055.0,2989.0,3015.0,95500
2018-09-20,2593.072265625,2995.0,3010.0,2961.0,3000.0,114600
2018-09-21,2583.548095703125,2984.0,3050.0,2972.0,3020.0,114900
2018-09-24,2583.548095703125,2984.0,2984.0,2984.0,2984.0,0
2018-09-25,2670.994140625,3085.0,3085.0,3000.0,3075.0,223300
2018-09-26,2702.97412109375,3085.0,3085.0,3020.0,3030.0,70700
2018-09-27,2585.568115234375,2951.0,3030.0,2951.0,2991.0,95000
2018-09-28,2596.958251953125,2964.0,2982.0,2941.0,2952.0,87100
2018-10-01,2596.08154296875,2963.0,2980.0,2916.0,2964.0,68600
2018-10-02,2591.701171875,2958.0,3005.0,2956.0,2996.0,37200
2018-10-03,2544.38818359375,2904.0,2965.0,2899.0,2965.0,35200
2018-10-04,2525.1123046875,2882.0,2930.0,2860.0,2930.0,52300
2018-10-05,2490.065673828125,2842.0,2891.0,2837.0,2884.0,68200
2018-10-08,2490.065673828125,2842.0,2842.0,2842.0,2842.0,0
2018-10-09,2497.950927734375,2851.0,2891.0,2816.0,2883.0,77700
2018-10-10,2532.1220703125,2890.0,2935.0,2867.0,2935.0,70200
2018-10-11,2429.610107421875,2773.0,2825.0,2761.0,2807.0,71300
2018-10-12,2398.9443359375,2738.0,2767.0,2724.0,2759.0,89000
2018-10-15,2338.48876953125,2669.0,2729.0,2667.0,2688.0,75300
2018-10-16,2318.33740234375,2646.0,2669.0,2616.0,2649.0,61400
2018-10-17,2412.087158203125,2753.0,2755.0,2688.0,2696.0,64900
2018-10-18,2405.077392578125,2745.0,2781.0,2738.0,2749.0,69600
2018-10-19,2393.6875,2732.0,2734.0,2690.0,2695.0,65100
2018-10-22,2379.6689453125,2716.0,2745.0,2673.0,2711.0,61900
2018-10-23,2292.927978515625,2617.0,2701.0,2612.0,2701.0,71200
2018-10-24,2310.451904296875,2637.0,2650.0,2588.0,2628.0,84000
2018-10-25,2247.367431640625,2565.0,2599.0,2557.0,2568.0,62600
2018-10-26,2205.311767578125,2517.0,2586.0,2506.0,2573.0,58900
2018-10-29,2157.998779296875,2463.0,2547.0,2456.0,2528.0,98500
2018-10-30,2175.52197265625,2483.0,2497.0,2412.0,2413.0,153500
2018-10-31,2242.987060546875,2560.0,2570.0,2464.0,2504.0,114800
2018-11-01,2131.713134765625,2433.0,2548.0,2401.0,2510.0,212300
2018-11-02,2168.5126953125,2475.0,2493.0,2448.0,2460.0,115400
2018-11-05,2132.58984375,2434.0,2477.0,2425.0,2453.0,82000
2018-11-06,2154.493896484375,2459.0,2474.0,2415.0,2434.0,85000
2018-11-07,2145.73193359375,2449.0,2494.0,2434.0,2450.0,77500
2018-11-08,2198.30224609375,2509.0,2524.0,2493.0,2499.0,67500
2018-11-09,2190.416748046875,2500.0,2553.0,2500.0,2540.0,66400
2018-11-12,2178.150390625,2486.0,2539.0,2486.0,2532.0,57800
2018-11-13,2165.008056640625,2471.0,2528.0,2471.0,2490.0,122700
2018-11-14,2115.9423828125,2415.0,2527.0,2414.0,2500.0,163100
2018-11-15,2103.67626953125,2401.0,2407.0,2373.0,2400.0,110100
2018-11-16,2108.933349609375,2407.0,2434.0,2395.0,2411.0,84500
2018-11-19,2055.487060546875,2346.0,2385.0,2345.0,2385.0,116600
2018-11-20,2021.316650390625,2307.0,2337.0,2307.0,2321.0,137200
2018-11-21,2059.867919921875,2351.0,2361.0,2252.0,2265.0,135500
2018-11-22,2109.809326171875,2408.0,2431.0,2336.0,2349.0,187600
2018-11-23,2109.809326171875,2408.0,2408.0,2408.0,2408.0,0
2018-11-26,2087.9052734375,2383.0,2418.0,2360.0,2390.0,215600
2018-11-27,2033.582763671875,2321.0,2396.0,2314.0,2383.0,148200
2018-11-28,2094.914306640625,2391.0,2400.0,2280.0,2316.0,180300
2018-11-29,2085.277099609375,2380.0,2478.0,2376.0,2413.0,151400
2018-11-30,2122.07568359375,2422.0,2428.0,2349.0,2365.0,93600
2018-12-03,2134.34228515625,2436.0,2442.0,2374.0,2413.0,90200
2018-12-04,2049.35400390625,2339.0,2455.0,2339.0,2439.0,100200
2018-12-05,2024.8212890625,2311.0,2338.0,2288.0,2295.0,127900
2018-12-06,2053.734619140625,2344.0,2346.0,2308.0,2315.0,116300
2018-12-07,2042.3450927734373,2331.0,2344.0,2294.0,2318.0,88700
2018-12-10,1953.851806640625,2230.0,2308.0,2227.0,2300.0,70400
2018-12-11,1890.767822265625,2158.0,2230.0,2140.0,2230.0,147300
2018-12-12,1953.851806640625,2230.0,2243.0,2195.0,2195.0,106600
2018-12-13,1935.4520263671875,2209.0,2266.0,2208.0,2248.0,94100
2018-12-14,1915.30029296875,2186.0,2228.0,2179.0,2200.0,93600
2018-12-17,1927.5665283203125,2200.0,2218.0,2165.0,2183.0,71200
2018-12-18,1866.235107421875,2130.0,2178.0,2104.0,2169.0,90600
2018-12-19,1860.10205078125,2123.0,2156.0,2111.0,2148.0,119100
2018-12-20,1836.4454345703125,2096.0,2127.0,2077.0,2097.0,112200
2018-12-21,1786.50390625,2039.0,2100.0,2020.0,2100.0,168700
2018-12-24,1786.50390625,2039.0,2039.0,2039.0,2039.0,0
2018-12-25,1719.9151611328125,1963.0,1980.0,1939.0,1980.0,86700
2018-12-26,1787.3800048828125,2040.0,2072.0,2003.0,2003.0,119000
2018-12-27,1898.6533203125,2167.0,2253.0,2077.0,2220.0,189600
2018-12-28,1819.79833984375,2077.0,2146.0,2064.0,2121.0,136900
2018-12-31,1819.79833984375,2077.0,2077.0,2077.0,2077.0,0
2019-01-04,1845.2069091796875,2106.0,2106.0,2032.0,2053.0,108800
2019-01-07,1870.615966796875,2135.0,2172.0,2130.0,2156.0,94300
2019-01-08,1881.1300048828125,2147.0,2182.0,2142.0,2168.0,91000
2019-01-09,1914.4244384765625,2185.0,2249.0,2170.0,2173.0,152700
2019-01-10,1856.59716796875,2119.0,2171.0,2105.0,2138.0,144400
2019-01-11,1816.2935791015625,2073.0,2097.0,2032.0,2056.0,231000
2019-01-15,1879.37744140625,2145.0,2151.0,2071.0,2077.0,95100
2019-01-16,1827.683837890625,2086.0,2154.0,2082.0,2147.0,100300
2019-01-17,1849.587890625,2111.0,2118.0,2080.0,2100.0,72200
2019-01-18,1827.683837890625,2086.0,2115.0,2071.0,2100.0,88200
2019-01-21,1854.844970703125,2117.0,2122.0,2085.0,2101.0,85200
2019-01-22,1839.9500732421875,2100.0,2140.0,2089.0,2139.0,56400
2019-01-23,1814.5411376953125,2071.0,2089.0,2060.0,2080.0,47900
2019-01-24,1816.2935791015625,2073.0,2085.0,2059.0,2063.0,43700
2019-01-25,1857.4735107421875,2120.0,2149.0,2072.0,2077.0,133100
2019-01-28,1814.5411376953125,2071.0,2118.0,2070.0,2118.0,91400
2019-01-29,1818.9219970703125,2076.0,2082.0,2059.0,2073.0,74400
2019-01-30,1825.0552978515625,2083.0,2131.0,2061.0,2076.0,127700
2019-01-31,1860.10205078125,2123.0,2145.0,2109.0,2119.0,86700
2019-02-01,1860.10205078125,2123.0,2158.0,2110.0,2126.0,62300
2019-02-04,1894.2723388671875,2162.0,2167.0,2124.0,2132.0,138000
2019-02-05,1796.1417236328125,2050.0,2155.0,2050.0,2152.0,145600
2019-02-06,1775.11376953125,2026.0,2065.0,2017.0,2063.0,120900
2019-02-07,1740.067138671875,1986.0,2038.0,1986.0,2026.0,93900
2019-02-08,1712.02978515625,1954.0,1973.0,1947.0,1973.0,80100
2019-02-12,1756.7142333984375,2005.0,2007.0,1940.0,1950.0,108700
2019-02-13,1759.3427734375,2008.0,2025.0,1997.0,2020.0,55700
2019-02-14,1752.33349609375,2000.0,2024.0,1985.0,1988.0,58500
2019-02-15,1713.7821044921875,1956.0,1991.0,1948.0,1990.0,93200
2019-02-18,1737.4385986328125,1983.0,1990.0,1962.0,1965.0,116400
2019-02-19,1743.57177734375,1990.0,2002.0,1960.0,1971.0,98000
2019-02-20,1771.6090087890625,2022.0,2040.0,2011.0,2019.0,100200
2019-02-21,1782.9991455078125,2035.0,2058.0,2022.0,2022.0,98800
2019-02-22,1759.3427734375,2008.0,2043.0,2006.0,2028.0,71300
2019-02-25,1758.4664306640625,2007.0,2034.0,1985.0,2013.0,82800
2019-02-26,1765.475830078125,2015.0,2035.0,2010.0,2013.0,51000
2019-02-27,1757.59033203125,2006.0,2027.0,2006.0,2011.0,90800
2019-02-28,1771.6090087890625,2022.0,2034.0,2006.0,2012.0,78200
2019-03-01,1755.838134765625,2004.0,2029.0,2000.0,2021.0,64000
2019-03-04,1758.4664306640625,2007.0,2033.0,2004.0,2019.0,85800
2019-03-05,1736.5623779296875,1982.0,2008.0,1980.0,2001.0,90600
2019-03-06,1717.286865234375,1960.0,1979.0,1953.0,1977.0,124400
2019-03-07,1725.1722412109375,1969.0,1970.0,1953.0,1954.0,78300
2019-03-08,1662.0882568359375,1897.0,1945.0,1892.0,1942.0,138200
2019-03-11,1661.2120361328125,1896.0,1911.0,1885.0,1890.0,55900
2019-03-12,1707.6488037109375,1949.0,1956.0,1904.0,1923.0,54200
2019-03-13,1705.0203857421875,1946.0,1966.0,1938.0,1945.0,58400
2019-03-14,1703.26806640625,1944.0,1949.0,1920.0,1940.0,50000
2019-03-15,1683.992431640625,1922.0,1956.0,1920.0,1943.0,99400
2019-03-18,1697.135009765625,1937.0,1948.0,1932.0,1939.0,37800
2019-03-19,1672.6021728515625,1909.0,1941.0,1905.0,1941.0,60400
2019-03-20,1681.36376953125,1919.0,1919.0,1891.0,1902.0,101800
2019-03-22,1668.221435546875,1904.0,1911.0,1890.0,1899.0,112100
2019-03-25,1645.4410400390625,1878.0,1899.0,1865.0,1879.0,138800
2019-03-26,1707.6488037109375,1949.0,1960.0,1900.0,1902.0,156500
2019-03-27,1684.856201171875,1885.0,1921.0,1883.0,1921.0,102100
2019-03-28,1646.4219970703125,1842.0,1871.0,1839.0,1868.0,78900
2019-03-29,1641.0589599609375,1836.0,1853.0,1832.0,1841.0,64500
2019-04-01,1679.493408203125,1879.0,1895.0,1847.0,1847.0,59600
2019-04-02,1683.0687255859375,1883.0,1896.0,1867.0,1893.0,48300
2019-04-03,1665.1923828125,1863.0,1876.0,1860.0,1867.0,46400
2019-04-04,1637.4837646484375,1832.0,1869.0,1830.0,1867.0,53900
2019-04-05,1637.4837646484375,1832.0,1845.0,1827.0,1840.0,99200
2019-04-08,1623.1826171875,1816.0,1842.0,1816.0,1842.0,57900
2019-04-09,1620.5010986328125,1813.0,1816.0,1781.0,1805.0,69900
2019-04-10,1640.165283203125,1835.0,1837.0,1788.0,1790.0,76200
2019-04-11,1628.5455322265625,1822.0,1843.0,1810.0,1836.0,46900
2019-04-12,1626.7578125,1820.0,1836.0,1816.0,1833.0,46700
2019-04-15,1639.271484375,1834.0,1849.0,1828.0,1828.0,50600
2019-04-16,1624.9700927734375,1818.0,1834.0,1812.0,1834.0,55900
2019-04-17,1601.73095703125,1792.0,1830.0,1791.0,1824.0,113800
2019-04-18,1599.9432373046875,1790.0,1805.0,1781.0,1795.0,69900
2019-04-19,1598.1553955078125,1788.0,1804.0,1780.0,1790.0,39500
2019-04-22,1597.26171875,1787.0,1800.0,1774.0,1783.0,54000
2019-04-23,1602.6246337890625,1793.0,1795.0,1773.0,1787.0,84700
2019-04-24,1582.96044921875,1771.0,1800.0,1771.0,1799.0,92100
2019-04-25,1606.199951171875,1797.0,1797.0,1761.0,1768.0,73700
2019-04-26,1614.244384765625,1806.0,1816.0,1714.0,1815.0,247000
2019-05-07,1623.1826171875,1816.0,1871.0,1805.0,1805.0,190900
2019-05-08,1616.0321044921875,1808.0,1810.0,1773.0,1805.0,110000
2019-05-09,1565.0841064453125,1751.0,1798.0,1747.0,1798.0,132200
2019-05-10,1564.190185546875,1750.0,1787.0,1743.0,1745.0,60200
2019-05-13,1565.0841064453125,1751.0,1780.0,1740.0,1752.0,114800
2019-05-14,1564.190185546875,1750.0,1758.0,1707.0,1729.0,65400
2019-05-15,1556.1458740234375,1741.0,1766.0,1720.0,1756.0,100500
2019-05-16,1582.066650390625,1770.0,1774.0,1726.0,1739.0,122000
2019-05-17,1628.5455322265625,1822.0,1827.0,1756.0,1780.0,118500
2019-05-20,1632.120849609375,1826.0,1845.0,1811.0,1827.0,82700
2019-05-21,1631.22705078125,1825.0,1828.0,1791.0,1810.0,103500
2019-05-22,1614.244384765625,1806.0,1857.0,1800.0,1839.0,161200
2019-05-23,1647.31591796875,1843.0,1854.0,1792.0,1805.0,184500
2019-05-24,1637.4837646484375,1832.0,1857.0,1810.0,1825.0,127100
2019-05-27,1657.1478271484375,1854.0,1860.0,1830.0,1860.0,93000
2019-05-28,1631.22705078125,1825.0,1844.0,1809.0,1828.0,234400
2019-05-29,1598.1553955078125,1788.0,1800.0,1773.0,1792.0,151400
2019-05-30,1597.26171875,1787.0,1792.0,1767.0,1769.0,83900
2019-05-31,1567.7655029296875,1754.0,1787.0,1750.0,1783.0,80600
2019-06-03,1564.190185546875,1750.0,1770.0,1726.0,1734.0,107100
2019-06-04,1597.26171875,1787.0,1791.0,1744.0,1765.0,172400
2019-06-05,1703.626708984375,1906.0,1919.0,1835.0,1835.0,352200
2019-06-06,1768.8758544921875,1979.0,1987.0,1907.0,1907.0,345100
2019-06-07,1755.4686279296875,1964.0,1986.0,1941.0,1979.0,250500
2019-06-10,1757.2559814453125,1966.0,1986.0,1932.0,1983.0,166800
2019-06-11,1721.5032958984375,1926.0,1954.0,1907.0,1946.0,207700
2019-06-12,1774.2386474609375,1985.0,2003.0,1937.0,1955.0,168300
2019-06-13,1739.379638671875,1946.0,2035.0,1926.0,1995.0,185200
2019-06-14,1750.1053466796875,1958.0,1968.0,1930.0,1968.0,83600
2019-06-17,1756.3623046875,1965.0,1976.0,1949.0,1959.0,129500
2019-06-18,1711.6710205078125,1915.0,1980.0,1909.0,1966.0,99000
2019-06-19,1730.4412841796875,1936.0,1954.0,1917.0,1952.0,117700
2019-06-20,1745.6363525390625,1953.0,1979.0,1945.0,1959.0,120200
2019-06-21,1746.530029296875,1954.0,1954.0,1926.0,1949.0,137100
2019-06-24,1741.167236328125,1948.0,1962.0,1928.0,1951.0,150600
2019-06-25,1765.3004150390625,1975.0,1991.0,1948.0,1955.0,187800
2019-06-26,1769.7696533203125,1980.0,2024.0,1979.0,2015.0,278600
2019-06-27,1799.2657470703125,2013.0,2022.0,1986.0,2000.0,433100
2019-06-28,1820.7174072265625,2037.0,2046.0,2006.0,2035.0,277200
2019-07-01,1867.1961669921875,2089.0,2090.0,2053.0,2065.0,155100
2019-07-02,1889.5418701171875,2114.0,2120.0,2085.0,2106.0,157600
2019-07-03,1883.2850341796875,2107.0,2125.0,2098.0,2115.0,147600
2019-07-04,1906.5245361328125,2133.0,2142.0,2107.0,2117.0,128000
2019-07-05,1888.64794921875,2113.0,2140.0,2107.0,2133.0,102200
2019-07-08,1892.223388671875,2117.0,2149.0,2114.0,2133.0,101700
2019-07-09,1893.1171875,2118.0,2149.0,2114.0,2140.0,110600
2019-07-10,1889.5418701171875,2114.0,2125.0,2092.0,2112.0,110900
2019-07-11,1851.107421875,2071.0,2095.0,2060.0,2070.0,187800
2019-07-12,1840.381591796875,2059.0,2080.0,2053.0,2067.0,148300
2019-07-16,1840.381591796875,2059.0,2063.0,2043.0,2050.0,132800
2019-07-17,1827.8680419921875,2045.0,2061.0,2038.0,2044.0,170800
2019-07-18,1796.5843505859375,2010.0,2040.0,1999.0,2040.0,138000
2019-07-19,1830.549560546875,2048.0,2067.0,2013.0,2017.0,114300
2019-07-22,1818.0360107421875,2034.0,2052.0,2026.0,2042.0,82000
2019-07-23,1844.8507080078125,2064.0,2076.0,2025.0,2034.0,83900
2019-07-24,1843.0631103515625,2062.0,2074.0,2050.0,2069.0,61700
2019-07-25,1858.258056640625,2079.0,2098.0,2077.0,2092.0,78000
2019-07-26,1852.89501953125,2073.0,2098.0,2064.0,2098.0,120500
2019-07-29,1843.0631103515625,2062.0,2090.0,2058.0,2070.0,57900
2019-07-30,1857.3642578125,2078.0,2092.0,2058.0,2070.0,165900
2019-07-31,1969.98583984375,2204.0,2214.0,2082.0,2100.0,321600
2019-08-01,2009.3140869140625,2248.0,2261.0,2217.0,2235.0,280500
2019-08-02,1877.0284423828125,2100.0,2202.0,2080.0,2202.0,241300
2019-08-05,1828.761962890625,2046.0,2098.0,1999.0,2092.0,173800
2019-08-06,1852.001220703125,2072.0,2072.0,1985.0,1987.0,107200
2019-08-07,1843.0631103515625,2062.0,2067.0,2015.0,2048.0,73700
2019-08-08,1837.7001953125,2056.0,2085.0,2044.0,2063.0,55400
2019-08-09,1830.549560546875,2048.0,2077.0,2045.0,2066.0,66000
2019-08-13,1851.107421875,2071.0,2072.0,2018.0,2027.0,97500
2019-08-14,1893.1171875,2118.0,2118.0,2075.0,2099.0,76600
2019-08-15,1847.5321044921875,2067.0,2076.0,2045.0,2060.0,63700
2019-08-16,1848.4259033203125,2068.0,2082.0,2045.0,2065.0,59100
2019-08-19,1865.4085693359373,2087.0,2111.0,2075.0,2075.0,122500
2019-08-20,1893.1171875,2118.0,2123.0,2080.0,2090.0,84900
2019-08-21,1901.1614990234373,2127.0,2150.0,2099.0,2126.0,111700
2019-08-22,1890.435546875,2115.0,2134.0,2102.0,2126.0,77400
2019-08-23,1894.0108642578125,2119.0,2134.0,2104.0,2123.0,65200
2019-08-26,1833.2310791015625,2051.0,2100.0,2025.0,2069.0,200600
2019-08-27,1914.56884765625,2142.0,2144.0,2081.0,2099.0,134700
2019-08-28,1901.1614990234373,2127.0,2142.0,2107.0,2142.0,72400
2019-08-29,1894.0108642578125,2119.0,2138.0,2091.0,2138.0,92000
2019-08-30,1907.41845703125,2134.0,2140.0,2120.0,2130.0,60400
2019-09-02,1870.771728515625,2093.0,2121.0,2085.0,2121.0,172800
2019-09-03,1870.771728515625,2093.0,2100.0,2075.0,2091.0,109500
2019-09-04,1844.8507080078125,2064.0,2095.0,2058.0,2091.0,129500
2019-09-05,1884.178955078125,2108.0,2125.0,2073.0,2089.0,156900
2019-09-06,1887.7542724609373,2112.0,2134.0,2096.0,2132.0,98300
2019-09-09,1885.07275390625,2109.0,2126.0,2105.0,2126.0,193900
2019-09-10,1944.958984375,2176.0,2180.0,2110.0,2110.0,107400
2019-09-11,1922.6131591796875,2151.0,2187.0,2148.0,2181.0,147100
2019-09-12,1943.1712646484373,2174.0,2196.0,2134.0,2171.0,186300
2019-09-13,1955.6846923828125,2188.0,2192.0,2155.0,2168.0,171200
2019-09-17,1979.818115234375,2215.0,2228.0,2184.0,2195.0,165900
2019-09-18,1931.5516357421875,2161.0,2210.0,2153.0,2201.0,104300
2019-09-19,1991.437744140625,2228.0,2235.0,2172.0,2172.0,167600
2019-09-20,1994.118896484375,2231.0,2265.0,2225.0,2251.0,188300
2019-09-24,2020.9337158203125,2261.0,2276.0,2233.0,2248.0,233400
2019-09-25,2025.40283203125,2266.0,2290.0,2237.0,2286.0,230000
2019-09-26,2014.677001953125,2254.0,2290.0,2245.0,2290.0,268900
2019-09-27,2008.76904296875,2210.0,2216.0,2170.0,2199.0,276400
2019-09-30,1980.5916748046875,2179.0,2199.0,2167.0,2199.0,213600
2019-10-01,2041.490966796875,2246.0,2252.0,2197.0,2197.0,236500
2019-10-02,2001.4974365234373,2202.0,2242.0,2192.0,2232.0,157300
2019-10-03,1958.7767333984373,2155.0,2177.0,2142.0,2173.0,201100
2019-10-04,1929.6905517578125,2123.0,2155.0,2106.0,2155.0,185300
2019-10-07,1963.321533203125,2160.0,2162.0,2133.0,2151.0,109200
2019-10-08,2002.4063720703125,2203.0,2203.0,2152.0,2157.0,210100
2019-10-09,1994.2257080078125,2194.0,2212.0,2180.0,2212.0,146700
2019-10-10,2026.947998046875,2230.0,2232.0,2190.0,2191.0,152600
2019-10-11,2024.220947265625,2227.0,2276.0,2220.0,2257.0,144700
2019-10-15,2032.4013671875,2236.0,2266.0,2236.0,2261.0,73800
2019-10-16,2032.4013671875,2236.0,2254.0,2225.0,2235.0,119900
2019-10-17,2034.219482421875,2238.0,2248.0,2225.0,2248.0,133600
2019-10-18,2064.214599609375,2271.0,2305.0,2250.0,2256.0,183900
2019-10-21,2047.8533935546875,2253.0,2261.0,2233.0,2249.0,92800
2019-10-23,2063.3056640625,2270.0,2270.0,2225.0,2254.0,122600
2019-10-24,2061.488037109375,2268.0,2311.0,2268.0,2288.0,129900
2019-10-25,2058.7607421875,2265.0,2265.0,2234.0,2244.0,91600
2019-10-28,2030.5836181640625,2234.0,2261.0,2213.0,2215.0,142200
2019-10-29,2034.219482421875,2238.0,2265.0,2205.0,2212.0,196600
2019-10-30,2052.398193359375,2258.0,2268.0,2230.0,2247.0,368000
2019-10-31,2381.436279296875,2620.0,2719.0,2488.0,2558.0,885900
2019-11-01,2422.3388671875,2665.0,2736.0,2590.0,2630.0,461700
2019-11-05,2442.335693359375,2687.0,2692.0,2626.0,2667.0,317800
2019-11-06,2462.332763671875,2709.0,2743.0,2692.0,2700.0,246400
2019-11-07,2435.97314453125,2680.0,2739.0,2641.0,2732.0,161200
2019-11-08,2430.519287109375,2674.0,2715.0,2658.0,2715.0,112400
2019-11-11,2412.340576171875,2654.0,2686.0,2647.0,2663.0,83400
2019-11-12,2416.8857421875,2659.0,2677.0,2625.0,2648.0,95900
2019-11-13,2395.0703125,2635.0,2679.0,2630.0,2679.0,83900
2019-11-14,2375.07373046875,2613.0,2656.0,2607.0,2636.0,87600
2019-11-15,2385.072021484375,2624.0,2642.0,2603.0,2613.0,84100
2019-11-18,2417.794189453125,2660.0,2674.0,2608.0,2623.0,78100
2019-11-19,2392.34423828125,2632.0,2670.0,2632.0,2649.0,142500
2019-11-20,2387.79931640625,2627.0,2652.0,2606.0,2625.0,103800
2019-11-21,2388.7080078125,2628.0,2645.0,2587.0,2620.0,160700
2019-11-22,2401.433349609375,2642.0,2656.0,2630.0,2643.0,45800
2019-11-25,2385.072021484375,2624.0,2657.0,2624.0,2648.0,43300
2019-11-26,2393.252685546875,2633.0,2662.0,2610.0,2662.0,68500
2019-11-27,2416.8857421875,2659.0,2679.0,2635.0,2635.0,50000
2019-11-28,2394.16162109375,2634.0,2652.0,2623.0,2647.0,66400
2019-11-29,2378.70947265625,2617.0,2631.0,2597.0,2625.0,128100
2019-12-02,2380.527587890625,2619.0,2633.0,2600.0,2609.0,45800
2019-12-03,2360.53076171875,2597.0,2599.0,2569.0,2593.0,113900
2019-12-04,2407.7958984375,2649.0,2650.0,2567.0,2581.0,128300
2019-12-05,2419.61181640625,2662.0,2723.0,2638.0,2672.0,132100
2019-12-06,2384.16357421875,2623.0,2670.0,2619.0,2660.0,76900
2019-12-09,2390.52587890625,2630.0,2650.0,2607.0,2650.0,70300
2019-12-10,2428.701416015625,2672.0,2680.0,2637.0,2679.0,66200
2019-12-11,2389.616943359375,2629.0,2649.0,2618.0,2649.0,60800
2019-12-12,2395.9794921875,2636.0,2647.0,2622.0,2622.0,85600
2019-12-13,2398.70654296875,2639.0,2686.0,2639.0,2679.0,95500
2019-12-16,2412.340576171875,2654.0,2684.0,2653.0,2660.0,81500
2019-12-17,2434.1552734375,2678.0,2681.0,2651.0,2668.0,75100
2019-12-18,2444.153564453125,2689.0,2700.0,2666.0,2699.0,83200
2019-12-19,2446.88037109375,2692.0,2700.0,2661.0,2674.0,56500
2019-12-20,2455.969970703125,2702.0,2708.0,2666.0,2686.0,85200
2019-12-23,2460.5146484375,2707.0,2717.0,2697.0,2699.0,65900
2019-12-24,2477.78466796875,2726.0,2746.0,2721.0,2725.0,71700
2019-12-25,2429.610595703125,2673.0,2711.0,2660.0,2711.0,49900
2019-12-26,2413.24951171875,2655.0,2681.0,2641.0,2677.0,94800
2019-12-27,2400.524658203125,2641.0,2680.0,2632.0,2679.0,75300
2019-12-30,2412.340576171875,2654.0,2660.0,2617.0,2653.0,68600
2020-01-06,2392.34423828125,2632.0,2648.0,2603.0,2615.0,107500
2020-01-07,2409.61376953125,2651.0,2662.0,2636.0,2652.0,71900
2020-01-08,2362.348388671875,2599.0,2630.0,2566.0,2630.0,95200
2020-01-09,2403.2509765625,2644.0,2651.0,2611.0,2639.0,49800
2020-01-10,2402.342041015625,2643.0,2681.0,2624.0,2654.0,64900
2020-01-14,2435.97314453125,2680.0,2685.0,2642.0,2664.0,87100
2020-01-15,2415.0673828125,2657.0,2688.0,2630.0,2688.0,68700
2020-01-16,2443.24462890625,2688.0,2705.0,2665.0,2690.0,111000
2020-01-17,2411.431396484375,2653.0,2730.0,2652.0,2729.0,71800
2020-01-20,2451.425048828125,2697.0,2702.0,2673.0,2700.0,60700
2020-01-21,2484.14697265625,2733.0,2749.0,2717.0,2717.0,86900
2020-01-22,2515.05126953125,2767.0,2781.0,2715.0,2717.0,110000
2020-01-23,2493.236572265625,2743.0,2770.0,2732.0,2770.0,88500
2020-01-24,2485.96533203125,2735.0,2793.0,2729.0,2793.0,73900
2020-01-27,2472.3310546875,2720.0,2723.0,2685.0,2706.0,79700
2020-01-28,2468.695068359375,2716.0,2720.0,2686.0,2707.0,74400
2020-01-29,2487.783203125,2737.0,2755.0,2724.0,2739.0,109100
2020-01-30,2436.882080078125,2681.0,2740.0,2665.0,2711.0,68800
2020-01-31,2454.152099609375,2700.0,2718.0,2685.0,2685.0,75200
2020-02-03,2450.51611328125,2696.0,2717.0,2654.0,2661.0,100300
2020-02-04,2460.5146484375,2707.0,2718.0,2671.0,2671.0,54900
2020-02-05,2482.329345703125,2731.0,2752.0,2690.0,2690.0,75400
2020-02-06,2568.67919921875,2826.0,2844.0,2750.0,2831.0,146100
2020-02-07,2332.353759765625,2566.0,2723.0,2535.0,2545.0,250400
2020-02-10,2320.537109375,2553.0,2564.0,2510.0,2543.0,169300
2020-02-12,2269.636474609375,2497.0,2552.0,2483.0,2552.0,117700
2020-02-13,2236.914306640625,2461.0,2516.0,2451.0,2489.0,95300
2020-02-14,2186.922119140625,2406.0,2462.0,2400.0,2449.0,93500
2020-02-17,2160.562744140625,2377.0,2410.0,2358.0,2392.0,97500
2020-02-18,2133.294677734375,2347.0,2406.0,2347.0,2388.0,123800
2020-02-19,2116.933349609375,2329.0,2375.0,2328.0,2357.0,81100
2020-02-20,2103.299072265625,2314.0,2361.0,2312.0,2350.0,78900
2020-02-21,2084.21142578125,2293.0,2335.0,2293.0,2320.0,84700
2020-02-25,2015.13134765625,2217.0,2239.0,2203.0,2218.0,115200
2020-02-26,2026.0390625,2229.0,2231.0,2184.0,2195.0,119700
2020-02-27,1946.0516357421875,2141.0,2211.0,2137.0,2200.0,147600
2020-02-28,1875.1539306640625,2063.0,2113.0,2046.0,2099.0,223800
2020-03-02,1911.5118408203125,2103.0,2140.0,2003.0,2019.0,247900
2020-03-03,1860.61083984375,2047.0,2156.0,2045.0,2153.0,175400
2020-03-04,1856.9752197265625,2043.0,2079.0,2026.0,2033.0,110100
2020-03-05,1865.1556396484373,2052.0,2087.0,2035.0,2087.0,119100
2020-03-06,1803.34716796875,1984.0,2032.0,1976.0,2020.0,145500
2020-03-09,1733.3585205078125,1907.0,1951.0,1900.0,1924.0,140700
2020-03-10,1721.5421142578125,1894.0,1898.0,1775.0,1864.0,196800
2020-03-11,1696.091796875,1866.0,1913.0,1866.0,1894.0,176100
2020-03-12,1633.37451171875,1797.0,1862.0,1783.0,1836.0,185100
2020-03-13,1607.01513671875,1768.0,1796.0,1656.0,1720.0,280300
2020-03-16,1554.2962646484375,1710.0,1793.0,1707.0,1752.0,183700
2020-03-17,1592.471923828125,1752.0,1769.0,1638.0,1682.0,232500
2020-03-18,1570.6573486328125,1728.0,1804.0,1728.0,1751.0,131500
2020-03-19,1721.5421142578125,1894.0,1899.0,1768.0,1808.0,185500
2020-03-23,1730.6317138671875,1904.0,1934.0,1793.0,1934.0,298300
2020-03-24,1773.3521728515625,1951.0,2004.0,1907.0,1998.0,136100
2020-03-25,1831.5245361328125,2015.0,2079.0,1969.0,2079.0,153800
2020-03-26,1872.4271240234373,2060.0,2070.0,1951.0,2019.0,114100
2020-03-27,1947.8697509765625,2143.0,2173.0,2062.0,2126.0,187100
2020-03-30,1911.326904296875,2066.0,2079.0,1931.0,2079.0,176600
2020-03-31,1894.674560546875,2048.0,2106.0,2010.0,2051.0,164500
2020-04-01,1777.1822509765625,1921.0,2027.0,1917.0,1998.0,133000
2020-04-02,1720.749267578125,1860.0,1921.0,1835.0,1921.0,61600
2020-04-03,1728.1502685546875,1868.0,1935.0,1850.0,1900.0,75500
2020-04-06,1798.46044921875,1944.0,1951.0,1828.0,1828.0,85300
2020-04-07,1875.24658203125,2027.0,2059.0,1949.0,2012.0,90300
2020-04-08,1924.278564453125,2080.0,2098.0,1985.0,2031.0,85600
2020-04-09,1921.5032958984373,2077.0,2095.0,2017.0,2080.0,61100
2020-04-10,1941.8563232421875,2099.0,2102.0,2020.0,2072.0,42700
2020-04-13,1910.40185546875,2065.0,2092.0,2048.0,2092.0,38100
2020-04-14,1949.25732421875,2107.0,2117.0,2015.0,2015.0,67100
2020-04-15,1938.1556396484373,2095.0,2126.0,2079.0,2124.0,86000
2020-04-16,1989.0379638671875,2150.0,2153.0,2050.0,2050.0,51300
2020-04-17,2005.6905517578125,2168.0,2204.0,2120.0,2162.0,67600
2020-04-20,1968.6849365234373,2128.0,2169.0,2092.0,2125.0,39100
2020-04-21,1945.556884765625,2103.0,2130.0,2078.0,2084.0,57100
2020-04-22,1908.5513916015625,2063.0,2083.0,2022.0,2049.0,50200
2020-04-23,1927.979248046875,2084.0,2092.0,2048.0,2059.0,59800
2020-04-24,1925.203857421875,2081.0,2109.0,2036.0,2088.0,99000
2020-04-27,1932.60498046875,2089.0,2160.0,2080.0,2160.0,118100
2020-04-28,1995.5140380859373,2157.0,2166.0,2056.0,2089.0,71200
2020-04-30,1990.8885498046875,2152.0,2218.0,2145.0,2206.0,84800
2020-05-01,1989.0379638671875,2150.0,2155.0,2118.0,2122.0,49500
2020-05-07,1971.4605712890625,2131.0,2158.0,2118.0,2150.0,93700
2020-05-08,1994.5888671875,2156.0,2158.0,2050.0,2081.0,90800
2020-05-11,2042.69580078125,2208.0,2221.0,2132.0,2171.0,126800
2020-05-12,2048.246826171875,2214.0,2237.0,2194.0,2194.0,46700
2020-05-13,2054.72265625,2221.0,2222.0,2170.0,2186.0,62200
2020-05-14,1989.9632568359373,2151.0,2209.0,2144.0,2157.0,107800
2020-05-15,1987.1878662109373,2148.0,2153.0,2122.0,2136.0,60400
2020-05-18,2006.6156005859373,2169.0,2170.0,2132.0,2148.0,63100
2020-05-19,2011.2412109375,2174.0,2224.0,2162.0,2218.0,67900
2020-05-20,2036.2198486328125,2201.0,2202.0,2159.0,2184.0,52800
2020-05-21,2051.947021484375,2218.0,2221.0,2191.0,2197.0,50300
2020-05-22,2066.749267578125,2234.0,2251.0,2204.0,2204.0,42400
2020-05-25,2137.0595703125,2310.0,2330.0,2260.0,2299.0,63700
2020-05-26,2131.5087890625,2304.0,2337.0,2287.0,2337.0,54700
2020-05-27,2124.107666015625,2296.0,2299.0,2265.0,2280.0,52000
2020-05-28,2135.209228515625,2308.0,2308.0,2275.0,2288.0,51700
2020-05-29,2118.556640625,2290.0,2338.0,2282.0,2282.0,82500
2020-06-01,2113.93115234375,2285.0,2292.0,2261.0,2281.0,51600
2020-06-02,2088.027587890625,2257.0,2288.0,2214.0,2276.0,87400
2020-06-03,2083.40185546875,2252.0,2271.0,2222.0,2271.0,68700
2020-06-04,2100.053955078125,2270.0,2291.0,2246.0,2246.0,76600
2020-06-05,2064.8994140625,2232.0,2256.0,2212.0,2248.0,105900
2020-06-08,2095.428466796875,2265.0,2268.0,2237.0,2262.0,52700
2020-06-09,2051.947021484375,2218.0,2240.0,2200.0,2230.0,73400
2020-06-10,2002.9151611328125,2165.0,2199.0,2165.0,2188.0,81400
2020-06-11,1952.9578857421875,2111.0,2146.0,2105.0,2142.0,79300
2020-06-12,1899.300048828125,2053.0,2068.0,2038.0,2047.0,107000
2020-06-15,1911.326904296875,2066.0,2096.0,2061.0,2068.0,77800
2020-06-16,1966.8349609375,2126.0,2138.0,2092.0,2100.0,58000
2020-06-17,1951.1075439453125,2109.0,2148.0,2107.0,2148.0,49600
2020-06-18,1959.4337158203125,2118.0,2127.0,2097.0,2097.0,39000
2020-06-19,1945.556884765625,2103.0,2124.0,2101.0,2124.0,55700
2020-06-22,1948.3321533203125,2106.0,2111.0,2096.0,2103.0,36900
2020-06-23,1981.636962890625,2142.0,2158.0,2103.0,2105.0,43500
2020-06-24,1936.3056640625,2093.0,2123.0,2093.0,2120.0,46200
2020-06-25,1897.44970703125,2051.0,2096.0,2043.0,2057.0,93700
2020-06-26,1934.455078125,2091.0,2103.0,2072.0,2078.0,108000
2020-06-29,1897.44970703125,2051.0,2079.0,2048.0,2055.0,71900
2020-06-30,1879.872314453125,2032.0,2081.0,2032.0,2080.0,95800
2020-07-01,1834.540771484375,1983.0,2027.0,1980.0,2017.0,111000
2020-07-02,1839.166259765625,1988.0,2011.0,1983.0,1987.0,106700
2020-07-03,1843.7919921875,1993.0,1997.0,1977.0,1981.0,50600
2020-07-06,1908.5513916015625,2063.0,2089.0,2017.0,2017.0,103500
2020-07-07,1877.096923828125,2029.0,2058.0,2022.0,2058.0,37800
2020-07-08,1844.71728515625,1994.0,2048.0,1994.0,2019.0,66200
2020-07-09,1849.3427734375,1999.0,2017.0,1967.0,1985.0,78300
2020-07-10,1805.8614501953125,1952.0,1990.0,1944.0,1986.0,64500
2020-07-13,1846.5673828125,1996.0,2018.0,1970.0,1981.0,60800
2020-07-14,1826.2144775390625,1974.0,1987.0,1969.0,1987.0,46400
2020-07-15,1853.0433349609373,2003.0,2015.0,1985.0,1995.0,59300
2020-07-16,1837.3160400390625,1986.0,2007.0,1985.0,2000.0,63200
2020-07-17,1832.6904296875,1981.0,1995.0,1964.0,1987.0,41500
2020-07-20,1838.2412109375,1987.0,1996.0,1953.0,1969.0,47800
2020-07-21,1844.71728515625,1994.0,2005.0,1984.0,1989.0,54500
2020-07-22,1798.46044921875,1944.0,1985.0,1939.0,1956.0,77700
2020-07-27,1791.0594482421875,1936.0,1940.0,1914.0,1940.0,101000
2020-07-28,1801.23583984375,1947.0,1967.0,1922.0,1936.0,55300
2020-07-29,1767.005859375,1910.0,1934.0,1906.0,1929.0,56000
2020-07-30,1786.4337158203125,1931.0,1945.0,1917.0,1926.0,65200
2020-07-31,1749.428466796875,1891.0,1936.0,1891.0,1916.0,78000
2020-08-03,1755.904296875,1898.0,1941.0,1887.0,1931.0,59600
2020-08-04,1762.3802490234375,1905.0,1942.0,1905.0,1941.0,42900
2020-08-05,1786.4337158203125,1931.0,1944.0,1893.0,1912.0,95900
2020-08-06,1914.1021728515625,2069.0,2174.0,2055.0,2061.0,208500
2020-08-07,1865.995361328125,2017.0,2043.0,1979.0,2019.0,112500
2020-08-11,1949.25732421875,2107.0,2124.0,2036.0,2036.0,121600
2020-08-12,1954.8082275390625,2113.0,2136.0,2094.0,2125.0,76300
2020-08-13,1978.861572265625,2139.0,2140.0,2105.0,2125.0,41200
2020-08-14,1997.3642578125,2159.0,2184.0,2141.0,2156.0,40500
2020-08-17,1970.5355224609373,2130.0,2163.0,2121.0,2159.0,32600
2020-08-18,1987.1878662109373,2148.0,2157.0,2123.0,2124.0,31100
2020-08-19,1995.5140380859373,2157.0,2175.0,2148.0,2173.0,33900
2020-08-20,1978.861572265625,2139.0,2168.0,2132.0,2148.0,29700
2020-08-21,1989.9632568359373,2151.0,2170.0,2147.0,2150.0,28000
2020-08-24,2006.6156005859373,2169.0,2176.0,2154.0,2155.0,30900
2020-08-25,2020.4925537109373,2184.0,2213.0,2179.0,2196.0,61600
2020-08-26,1998.289306640625,2160.0,2180.0,2124.0,2180.0,40800
2020-08-27,1992.738525390625,2154.0,2161.0,2146.0,2158.0,18100
2020-08-28,1949.25732421875,2107.0,2183.0,2079.0,2155.0,53200
2020-08-31,1933.530029296875,2090.0,2145.0,2090.0,2140.0,54400
2020-09-01,1933.530029296875,2090.0,2093.0,2050.0,2090.0,66100
2020-09-02,1937.2305908203125,2094.0,2112.0,2086.0,2086.0,40500
2020-09-03,1934.455078125,2091.0,2121.0,2091.0,2099.0,27800
2020-09-04,1925.203857421875,2081.0,2094.0,2058.0,2058.0,52200
2020-09-07,1901.150390625,2055.0,2092.0,2045.0,2070.0,57200
2020-09-08,1899.300048828125,2053.0,2068.0,2043.0,2051.0,63300
2020-09-09,1861.36962890625,2012.0,2037.0,2003.0,2030.0,72900
2020-09-10,1888.198486328125,2041.0,2059.0,2012.0,2013.0,68300
2020-09-11,1920.578125,2076.0,2102.0,2031.0,2043.0,111700
2020-09-14,1931.6796875,2088.0,2113.0,2071.0,2083.0,74000
2020-09-15,1920.578125,2076.0,2088.0,2055.0,2077.0,59700
2020-09-16,1886.3482666015625,2039.0,2080.0,2030.0,2068.0,73600
2020-09-17,1871.5460205078125,2023.0,2061.0,2009.0,2021.0,88400
2020-09-18,1870.6209716796875,2022.0,2047.0,2009.0,2021.0,141000
2020-09-23,1868.7706298828125,2020.0,2023.0,2001.0,2011.0,199400
2020-09-24,1883.57275390625,2036.0,2052.0,2006.0,2006.0,140900
2020-09-25,1886.3482666015625,2039.0,2045.0,2014.0,2036.0,247600
2020-09-28,1907.6263427734373,2062.0,2072.0,2019.0,2060.0,496500
2020-09-29,1898.6746826171875,2015.0,2019.0,1987.0,2017.0,163400
2020-09-30,1858.1571044921875,1972.0,2029.0,1972.0,2029.0,78200
2020-10-02,1823.293212890625,1935.0,1972.0,1926.0,1950.0,80000
2020-10-05,1844.96533203125,1958.0,1995.0,1958.0,1975.0,57800
2020-10-06,1843.0806884765625,1956.0,1984.0,1953.0,1983.0,44100
2020-10-07,1845.907470703125,1959.0,1970.0,1939.0,1948.0,62200
2020-10-08,1823.293212890625,1935.0,1984.0,1928.0,1967.0,93300
2020-10-09,1833.6580810546875,1946.0,1947.0,1917.0,1933.0,71500
2020-10-12,1843.0806884765625,1956.0,1967.0,1930.0,1935.0,54800
2020-10-13,1839.3116455078125,1952.0,1952.0,1932.0,1948.0,33200
2020-10-14,1845.907470703125,1959.0,1964.0,1943.0,1954.0,51700
2020-10-15,1846.849853515625,1960.0,1963.0,1945.0,1957.0,44000
2020-10-16,1830.8311767578125,1943.0,1968.0,1942.0,1968.0,41900
2020-10-19,1832.7156982421875,1945.0,1950.0,1926.0,1932.0,64200
2020-10-20,1836.48486328125,1949.0,1968.0,1940.0,1940.0,54200
2020-10-21,1871.348876953125,1986.0,1995.0,1968.0,1968.0,47800
2020-10-22,1870.4066162109373,1985.0,1995.0,1967.0,1978.0,52500
2020-10-23,1857.21484375,1971.0,1989.0,1961.0,1982.0,46000
2020-10-26,1856.2724609375,1970.0,2019.0,1966.0,2019.0,58300
2020-10-27,1863.8106689453125,1978.0,1985.0,1940.0,1962.0,56500
2020-10-28,1846.849853515625,1960.0,1973.0,1934.0,1973.0,71300
2020-10-29,1828.0045166015625,1940.0,1949.0,1917.0,1936.0,78100
2020-10-30,1799.7362060546875,1910.0,1940.0,1900.0,1940.0,70300
2020-11-02,1813.870361328125,1925.0,1935.0,1910.0,1910.0,65800
2020-11-04,1791.255859375,1901.0,1955.0,1893.0,1955.0,155200
2020-11-05,1835.54248046875,1948.0,1967.0,1900.0,1905.0,125000
2020-11-06,1799.7362060546875,1910.0,1948.0,1902.0,1948.0,93600
2020-11-09,1792.1981201171875,1902.0,1936.0,1895.0,1936.0,91800
2020-11-10,1776.179443359375,1885.0,1942.0,1879.0,1923.0,122200
2020-11-11,1730.0081787109375,1836.0,1909.0,1824.0,1904.0,204500
2020-11-12,1705.50927734375,1810.0,1861.0,1806.0,1846.0,142400
2020-11-13,1698.9134521484375,1803.0,1816.0,1781.0,1805.0,168900
2020-11-16,1725.296875,1831.0,1847.0,1814.0,1827.0,89000
2020-11-17,1715.8743896484375,1821.0,1839.0,1806.0,1835.0,107800
2020-11-18,1691.375244140625,1795.0,1827.0,1761.0,1808.0,191900
2020-11-19,1688.5484619140625,1792.0,1808.0,1775.0,1795.0,150000
2020-11-20,1697.0289306640625,1801.0,1815.0,1785.0,1788.0,102200
2020-11-24,1681.9525146484375,1785.0,1815.0,1778.0,1812.0,260600
2020-11-25,1710.220703125,1815.0,1841.0,1797.0,1803.0,176100
2020-11-26,1753.565185546875,1861.0,1870.0,1811.0,1825.0,166400
2020-11-27,1779.9486083984375,1889.0,1889.0,1841.0,1854.0,223200
2020-11-30,1732.8350830078125,1839.0,1895.0,1830.0,1889.0,213000
2020-12-01,1750.73828125,1858.0,1874.0,1801.0,1831.0,223300
2020-12-02,1722.4700927734375,1828.0,1885.0,1818.0,1884.0,164300
2020-12-03,1721.5277099609375,1827.0,1844.0,1815.0,1830.0,104600
2020-12-04,1715.8743896484375,1821.0,1841.0,1818.0,1833.0,72000
2020-12-07,1694.2021484375,1798.0,1826.0,1788.0,1820.0,93700
2020-12-08,1699.855712890625,1804.0,1813.0,1796.0,1797.0,72000
2020-12-09,1719.643310546875,1825.0,1825.0,1805.0,1805.0,53900
2020-12-10,1706.4515380859375,1811.0,1835.0,1807.0,1821.0,42200
2020-12-11,1713.0474853515625,1818.0,1818.0,1797.0,1811.0,65900
2020-12-14,1745.084716796875,1852.0,1867.0,1834.0,1839.0,87700
2020-12-15,1743.2000732421875,1850.0,1878.0,1850.0,1865.0,79400
2020-12-16,1724.3546142578125,1830.0,1862.0,1829.0,1852.0,74400
2020-12-17,1711.1629638671875,1816.0,1833.0,1814.0,1831.0,67000
2020-12-18,1726.2392578125,1832.0,1836.0,1799.0,1816.0,132900
2020-12-21,1739.4310302734375,1846.0,1858.0,1829.0,1840.0,81100
2020-12-22,1771.46826171875,1880.0,1896.0,1850.0,1850.0,164200
2020-12-23,1780.890869140625,1890.0,1904.0,1872.0,1891.0,128600
2020-12-24,1767.6990966796875,1876.0,1895.0,1875.0,1892.0,45000
2020-12-25,1811.98583984375,1923.0,1928.0,1876.0,1876.0,86500
2020-12-28,1833.6580810546875,1946.0,1956.0,1925.0,1937.0,142100
2020-12-29,1832.7156982421875,1945.0,1994.0,1913.0,1986.0,91400
2020-12-30,1823.293212890625,1935.0,1968.0,1926.0,1968.0,85000
2021-01-04,1838.369384765625,1951.0,1955.0,1912.0,1940.0,81400
2021-01-05,1802.5631103515625,1913.0,1950.0,1910.0,1950.0,117300
2021-01-06,1837.427001953125,1950.0,1972.0,1910.0,1914.0,118000
2021-01-07,1826.1199951171875,1938.0,1970.0,1936.0,1963.0,74100
2021-01-08,1825.177734375,1937.0,1954.0,1928.0,1940.0,72500
2021-01-12,1860.0416259765625,1974.0,1977.0,1933.0,1952.0,117500
2021-01-13,1839.3116455078125,1952.0,1964.0,1933.0,1950.0,69400
2021-01-14,1844.02294921875,1957.0,1957.0,1938.0,1940.0,76200
2021-01-15,1806.332275390625,1917.0,1940.0,1913.0,1940.0,103700
2021-01-18,1792.1981201171875,1902.0,1920.0,1894.0,1916.0,76300
2021-01-19,1768.6414794921875,1877.0,1897.0,1877.0,1893.0,76200
2021-01-20,1759.2186279296875,1867.0,1888.0,1859.0,1877.0,150800
2021-01-21,1779.00634765625,1888.0,1902.0,1867.0,1867.0,130600
2021-01-22,1770.5260009765625,1879.0,1905.0,1875.0,1879.0,105600
2021-01-25,1807.2745361328125,1918.0,1919.0,1874.0,1880.0,131300
2021-01-26,1773.352783203125,1882.0,1929.0,1881.0,1926.0,125800
2021-01-27,1827.0621337890625,1939.0,1948.0,1900.0,1900.0,99100
2021-01-28,1797.851806640625,1908.0,1945.0,1895.0,1928.0,416000
2021-01-29,1839.3116455078125,1952.0,1956.0,1914.0,1921.0,129500
2021-02-01,1796.909423828125,1907.0,1932.0,1905.0,1932.0,96600
2021-02-02,1809.1590576171875,1920.0,1931.0,1909.0,1921.0,61900
2021-02-03,1816.697265625,1928.0,1941.0,1916.0,1916.0,65500
2021-02-04,1811.98583984375,1923.0,1967.0,1923.0,1949.0,112000
2021-02-05,1797.851806640625,1908.0,1931.0,1905.0,1923.0,93700
2021-02-08,1810.1011962890625,1921.0,1927.0,1907.0,1920.0,113400
2021-02-09,1809.1590576171875,1920.0,1922.0,1907.0,1917.0,98200
2021-02-10,1778.06396484375,1887.0,1919.0,1886.0,1906.0,131100
2021-02-12,1803.50537109375,1914.0,1915.0,1889.0,1889.0,74500
2021-02-15,1795.02490234375,1905.0,1915.0,1902.0,1914.0,48900
2021-02-16,1779.9486083984375,1889.0,1910.0,1884.0,1893.0,82400
2021-02-17,1770.5260009765625,1879.0,1904.0,1875.0,1884.0,96700
2021-02-18,1778.06396484375,1887.0,1914.0,1882.0,1899.0,87300
2021-02-19,1753.565185546875,1861.0,1880.0,1854.0,1875.0,103800
2021-02-22,1768.6414794921875,1877.0,1887.0,1870.0,1870.0,118900
2021-02-24,1755.44970703125,1863.0,1887.0,1862.0,1882.0,139000
2021-02-25,1762.0455322265625,1870.0,1878.0,1854.0,1878.0,153700
2021-02-26,1715.8743896484375,1821.0,1870.0,1821.0,1870.0,213300
2021-03-01,1754.50732421875,1862.0,1865.0,1839.0,1850.0,126200
2021-03-02,1728.123779296875,1834.0,1872.0,1826.0,1870.0,137400
2021-03-03,1730.0081787109375,1836.0,1844.0,1829.0,1834.0,87400
2021-03-04,1720.5855712890625,1826.0,1834.0,1818.0,1828.0,110900
2021-03-05,1768.6414794921875,1877.0,1882.0,1844.0,1849.0,149900
2021-03-08,1779.9486083984375,1889.0,1909.0,1882.0,1887.0,145500
2021-03-09,1785.602294921875,1895.0,1908.0,1892.0,1905.0,115200
2021-03-10,1779.00634765625,1888.0,1918.0,1886.0,1901.0,173000
2021-03-11,1813.870361328125,1925.0,1925.0,1895.0,1905.0,121100
2021-03-12,1811.98583984375,1923.0,1923.0,1892.0,1906.0,118700
2021-03-15,1820.46630859375,1932.0,1932.0,1907.0,1913.0,96800
2021-03-16,1870.4066162109373,1985.0,1985.0,1940.0,1942.0,106500
2021-03-17,1868.5220947265625,1983.0,1995.0,1953.0,1995.0,83400
2021-03-18,1872.2911376953125,1987.0,1994.0,1972.0,1976.0,91300
2021-03-19,1910.9241943359373,2028.0,2028.0,1988.0,1995.0,133800
2021-03-22,1922.2314453125,2040.0,2049.0,2004.0,2013.0,117600
2021-03-23,1909.98193359375,2027.0,2052.0,2027.0,2040.0,77200
2021-03-24,1846.849853515625,1960.0,2027.0,1958.0,2027.0,151000
2021-03-25,1887.367431640625,2003.0,2015.0,1974.0,1995.0,95300
2021-03-26,1920.346923828125,2038.0,2044.0,2004.0,2013.0,148700
2021-03-29,1911.8665771484373,2029.0,2054.0,2006.0,2050.0,207800
2021-03-30,1869.1458740234373,1947.0,1976.0,1933.0,1975.0,121700
2021-03-31,1840.3455810546875,1917.0,1947.0,1916.0,1936.0,100600
2021-04-01,1851.86572265625,1929.0,1932.0,1915.0,1917.0,56800
2021-04-02,1849.9456787109373,1927.0,1961.0,1923.0,1957.0,37600
2021-04-05,1860.505859375,1938.0,1944.0,1919.0,1928.0,41300
2021-04-06,1826.9052734375,1903.0,1947.0,1903.0,1939.0,58700
2021-04-07,1882.5860595703125,1961.0,1964.0,1932.0,1939.0,103200
2021-04-08,1837.4654541015625,1914.0,1953.0,1911.0,1942.0,65600
2021-04-09,1837.4654541015625,1914.0,1940.0,1909.0,1930.0,57500
2021-04-12,1848.025634765625,1925.0,1934.0,1914.0,1914.0,48600
2021-04-13,1880.666015625,1959.0,1987.0,1937.0,1945.0,98900
2021-04-14,1894.1063232421875,1973.0,1980.0,1950.0,1957.0,71700
2021-04-15,1907.5465087890625,1987.0,1991.0,1963.0,1973.0,43500
2021-04-16,1898.9063720703125,1978.0,1995.0,1961.0,1994.0,68100
2021-04-19,1900.826416015625,1980.0,1990.0,1960.0,1964.0,43700
2021-04-20,1854.7457275390625,1932.0,1974.0,1924.0,1955.0,189200
2021-04-21,1833.6253662109373,1910.0,1930.0,1889.0,1920.0,109500
2021-04-22,1865.3057861328125,1943.0,1947.0,1910.0,1910.0,66000
2021-04-23,1849.9456787109373,1927.0,1963.0,1921.0,1960.0,95200
2021-04-26,1824.9852294921875,1901.0,1944.0,1897.0,1938.0,57900
2021-04-27,1826.9052734375,1903.0,1926.0,1894.0,1909.0,59300
2021-04-28,1818.26513671875,1894.0,1906.0,1887.0,1903.0,52000
2021-04-30,1797.14501953125,1872.0,1900.0,1872.0,1888.0,73700
2021-05-06,1804.8250732421875,1880.0,1895.0,1867.0,1868.0,82500
2021-05-07,1842.2655029296875,1919.0,1925.0,1883.0,1890.0,92200
2021-05-10,1851.86572265625,1929.0,1942.0,1908.0,1941.0,83800
2021-05-11,1852.82568359375,1930.0,1938.0,1908.0,1920.0,99900
2021-05-12,1820.1851806640625,1896.0,1930.0,1874.0,1930.0,100800
2021-05-13,1805.78515625,1881.0,1899.0,1872.0,1878.0,83900
2021-05-14,1845.1456298828125,1922.0,1935.0,1910.0,1918.0,62500
2021-05-17,1845.1456298828125,1922.0,1940.0,1912.0,1940.0,42000
2021-05-18,1870.1058349609373,1948.0,1949.0,1916.0,1922.0,46400
2021-05-19,1866.265869140625,1944.0,1944.0,1923.0,1925.0,42600
2021-05-20,1851.86572265625,1929.0,1952.0,1928.0,1930.0,42800
2021-05-21,1860.505859375,1938.0,1939.0,1912.0,1929.0,85900
2021-05-24,1879.7060546875,1958.0,1964.0,1927.0,1939.0,68300
2021-05-25,1863.3858642578125,1941.0,1970.0,1930.0,1970.0,54000
2021-05-26,1824.0252685546875,1900.0,1914.0,1893.0,1913.0,94100
2021-05-27,1800.0250244140625,1875.0,1902.0,1875.0,1900.0,117700
2021-05-28,1817.30517578125,1893.0,1902.0,1882.0,1902.0,76200
2021-05-31,1791.3848876953125,1866.0,1895.0,1865.0,1887.0,98100
2021-06-01,1813.465087890625,1889.0,1895.0,1835.0,1860.0,185700
2021-06-02,1824.0252685546875,1900.0,1905.0,1857.0,1877.0,130500
2021-06-03,1847.065673828125,1924.0,1932.0,1889.0,1895.0,116600
2021-06-04,1861.4658203125,1939.0,1954.0,1912.0,1924.0,74600
2021-06-07,1872.9859619140625,1951.0,1952.0,1939.0,1945.0,30500
2021-06-08,1882.5860595703125,1961.0,1968.0,1936.0,1943.0,48800
2021-06-09,1872.9859619140625,1951.0,1975.0,1944.0,1975.0,40900
2021-06-10,1878.7459716796875,1957.0,1971.0,1931.0,1954.0,71700
2021-06-11,1893.146240234375,1972.0,1982.0,1951.0,1958.0,79800
2021-06-14,1881.6260986328125,1960.0,1979.0,1949.0,1972.0,45000
2021-06-15,1879.7060546875,1958.0,1968.0,1943.0,1953.0,56500
2021-06-16,1883.546142578125,1962.0,1979.0,1951.0,1967.0,52800
2021-06-17,1880.666015625,1959.0,1964.0,1942.0,1962.0,67800
2021-06-18,1882.5860595703125,1961.0,1962.0,1940.0,1961.0,97100
2021-06-21,1855.705810546875,1933.0,1948.0,1926.0,1934.0,69900
2021-06-22,1882.5860595703125,1961.0,1986.0,1955.0,1973.0,64700
2021-06-23,1849.9456787109373,1927.0,1955.0,1916.0,1955.0,102000
2021-06-24,1863.3858642578125,1941.0,1955.0,1916.0,1924.0,88500
2021-06-25,1882.5860595703125,1961.0,1971.0,1953.0,1964.0,49500
2021-06-28,1891.2261962890625,1970.0,1985.0,1966.0,1985.0,70900
2021-06-29,1889.30615234375,1968.0,1970.0,1945.0,1968.0,72000
2021-06-30,1874.906005859375,1953.0,1980.0,1953.0,1980.0,86800
2021-07-01,1869.1458740234373,1947.0,1964.0,1928.0,1956.0,97500
2021-07-02,1859.5458984375,1937.0,1966.0,1930.0,1954.0,70300
2021-07-05,1874.906005859375,1953.0,1967.0,1940.0,1940.0,28600
2021-07-06,1885.4661865234373,1964.0,1977.0,1950.0,1953.0,28700
2021-07-07,1880.666015625,1959.0,1970.0,1951.0,1954.0,42100
2021-07-08,1885.4661865234373,1964.0,1985.0,1964.0,1968.0,72400
2021-07-09,1896.986328125,1976.0,1986.0,1941.0,1943.0,119600
2021-07-12,1926.7467041015625,2007.0,2020.0,1985.0,1995.0,86400
2021-07-13,1944.9869384765625,2026.0,2048.0,2015.0,2018.0,91500
2021-07-14,1950.7470703125,2032.0,2052.0,2025.0,2025.0,56000
2021-07-15,1920.0267333984373,2000.0,2033.0,1994.0,2020.0,47900
2021-07-16,1913.3065185546875,1993.0,2000.0,1978.0,1983.0,54700
2021-07-19,1907.5465087890625,1987.0,1995.0,1971.0,1978.0,52000
2021-07-20,1905.62646484375,1985.0,1992.0,1965.0,1971.0,52900
2021-07-21,1908.5064697265625,1988.0,2010.0,1988.0,2000.0,75800
2021-07-26,1931.5467529296875,2012.0,2036.0,1992.0,2036.0,92400
2021-07-27,1936.3468017578125,2017.0,2024.0,2001.0,2024.0,27800
2021-07-28,1915.2265625,1995.0,2011.0,1994.0,2001.0,49700
2021-07-29,1903.7064208984373,1983.0,2000.0,1972.0,1991.0,39400
2021-07-30,1892.186279296875,1971.0,1982.0,1960.0,1971.0,47500
2021-08-02,1936.3468017578125,2017.0,2021.0,1989.0,1997.0,55500
2021-08-03,1922.9066162109373,2003.0,2034.0,2003.0,2008.0,63800
2021-08-04,1900.826416015625,1980.0,2002.0,1976.0,1999.0,61800
2021-08-05,1885.4661865234373,1964.0,1987.0,1955.0,1977.0,56000
2021-08-06,1865.3057861328125,1943.0,1965.0,1939.0,1952.0,56500
2021-08-10,1895.0662841796875,1974.0,1979.0,1942.0,1942.0,66200
2021-08-11,1889.30615234375,1968.0,1996.0,1967.0,1990.0,51200
2021-08-12,1894.1063232421875,1973.0,1980.0,1962.0,1970.0,37400
2021-08-13,1883.546142578125,1962.0,1971.0,1956.0,1967.0,65300
2021-08-16,1870.1058349609373,1948.0,1965.0,1931.0,1959.0,94900
2021-08-17,1849.9456787109373,1927.0,1953.0,1927.0,1950.0,76100
2021-08-18,1836.5054931640625,1913.0,1941.0,1913.0,1927.0,70300
2021-08-19,1832.6654052734373,1909.0,1921.0,1903.0,1912.0,62100
2021-08-20,1827.8653564453125,1904.0,1918.0,1895.0,1906.0,76400
2021-08-23,1852.82568359375,1930.0,1943.0,1923.0,1923.0,52200
2021-08-24,1867.225830078125,1945.0,1950.0,1931.0,1931.0,38900
2021-08-25,1849.9456787109373,1927.0,1958.0,1924.0,1950.0,59200
2021-08-26,1862.4259033203125,1940.0,1951.0,1927.0,1951.0,35400
2021-08-27,1853.7857666015625,1931.0,1934.0,1918.0,1925.0,54800
2021-08-30,1878.7459716796875,1957.0,1957.0,1935.0,1935.0,84800
2021-08-31,1889.30615234375,1968.0,1978.0,1947.0,1947.0,64400
2021-09-01,1883.546142578125,1962.0,1984.0,1960.0,1972.0,70400
2021-09-02,1892.186279296875,1971.0,1971.0,1951.0,1960.0,53000
2021-09-03,1900.826416015625,1980.0,1994.0,1975.0,1985.0,122000
2021-09-06,1920.0267333984373,2000.0,2007.0,1989.0,2000.0,67900
2021-09-07,1926.7467041015625,2007.0,2023.0,2004.0,2016.0,106000
2021-09-08,1944.0269775390625,2025.0,2033.0,2005.0,2013.0,76300
2021-09-09,1936.3468017578125,2017.0,2038.0,2013.0,2015.0,60700
2021-09-10,1952.6671142578125,2034.0,2036.0,2016.0,2017.0,129900
2021-09-13,1968.9873046875,2051.0,2053.0,2028.0,2030.0,103200
2021-09-14,1996.82763671875,2080.0,2081.0,2058.0,2067.0,107000
2021-09-15,1965.1473388671875,2047.0,2064.0,2044.0,2060.0,77100
2021-09-16,1966.1072998046875,2048.0,2062.0,2040.0,2062.0,102400
2021-09-17,1984.347412109375,2067.0,2070.0,2045.0,2062.0,213400
2021-09-21,1944.0269775390625,2025.0,2040.0,2019.0,2025.0,181200
2021-09-22,1921.9466552734373,2002.0,2044.0,2002.0,2038.0,157300
2021-09-24,1965.1473388671875,2047.0,2051.0,2017.0,2040.0,353200
2021-09-27,1939.2269287109373,2020.0,2063.0,2019.0,2056.0,287000
2021-09-28,1945.947021484375,2027.0,2037.0,2011.0,2030.0,495200
2021-09-29,1921.9833984375,1965.0,1971.0,1932.0,1969.0,299300
2021-09-30,1943.501708984375,1987.0,1994.0,1959.0,1965.0,126600
2021-10-01,1924.917724609375,1968.0,1978.0,1961.0,1970.0,87700
2021-10-04,1941.5455322265625,1985.0,1990.0,1965.0,1990.0,69900
2021-10-05,1906.3336181640625,1949.0,1985.0,1948.0,1958.0,135000
2021-10-06,1960.129638671875,2004.0,2010.0,1967.0,1970.0,130600
2021-10-07,1939.58935546875,1983.0,2023.0,1983.0,2007.0,88100
2021-10-08,2002.188232421875,2047.0,2070.0,1995.0,1995.0,268300
2021-10-11,2026.6409912109373,2072.0,2074.0,2045.0,2051.0,92900
2021-10-12,2001.210205078125,2046.0,2071.0,2040.0,2052.0,85700
2021-10-13,1999.25390625,2044.0,2051.0,2027.0,2033.0,47200
2021-10-14,2014.9036865234373,2060.0,2067.0,2036.0,2044.0,78900
2021-10-15,2030.553466796875,2076.0,2076.0,2044.0,2052.0,79900
2021-10-18,2012.947509765625,2058.0,2069.0,2044.0,2061.0,52600
2021-10-19,2011.9693603515625,2057.0,2067.0,2043.0,2058.0,37700
2021-10-20,2011.9693603515625,2057.0,2070.0,2051.0,2063.0,41100
2021-10-21,2000.2320556640625,2045.0,2059.0,2041.0,2043.0,52200
2021-10-22,2004.14453125,2049.0,2059.0,2035.0,2037.0,51000
2021-10-25,1976.7574462890625,2021.0,2047.0,2021.0,2032.0,68700
2021-10-26,2015.8818359375,2061.0,2074.0,2033.0,2038.0,127500
2021-10-27,1986.53857421875,2031.0,2053.0,2013.0,2046.0,101700
2021-10-28,1985.5604248046875,2030.0,2034.0,2000.0,2012.0,385800
2021-10-29,1983.604248046875,2028.0,2036.0,2001.0,2033.0,47100
2021-11-01,2011.9693603515625,2057.0,2069.0,2039.0,2069.0,52800
2021-11-02,1846.6690673828125,1888.0,1966.0,1887.0,1932.0,282400
2021-11-04,1822.21630859375,1863.0,1931.0,1862.0,1928.0,306000
2021-11-05,1788.9605712890625,1829.0,1868.0,1827.0,1866.0,163600
2021-11-08,1773.3109130859375,1813.0,1838.0,1800.0,1830.0,217000
2021-11-09,1764.5079345703125,1804.0,1833.0,1802.0,1815.0,120400
2021-11-10,1754.726806640625,1794.0,1810.0,1790.0,1804.0,157000
2021-11-11,1742.0113525390625,1781.0,1805.0,1781.0,1791.0,102200
2021-11-12,1768.4202880859375,1808.0,1811.0,1784.0,1784.0,75500
2021-11-15,1753.7486572265625,1793.0,1824.0,1792.0,1824.0,88700
2021-11-16,1742.989501953125,1782.0,1793.0,1771.0,1786.0,115100
2021-11-17,1742.0113525390625,1781.0,1786.0,1771.0,1777.0,85600
2021-11-18,1727.3397216796875,1766.0,1783.0,1764.0,1777.0,112000
2021-11-19,1734.1865234375,1773.0,1773.0,1752.0,1763.0,76300
2021-11-22,1717.5587158203125,1756.0,1764.0,1746.0,1750.0,74400
2021-11-24,1696.040283203125,1734.0,1766.0,1732.0,1758.0,128300
2021-11-25,1675.5,1713.0,1740.0,1711.0,1737.0,88700
2021-11-26,1650.0692138671875,1687.0,1714.0,1682.0,1714.0,118100
2021-11-29,1611.9229736328125,1648.0,1685.0,1645.0,1668.0,185700
2021-11-30,1580.6234130859375,1616.0,1679.0,1616.0,1652.0,196300
2021-12-01,1588.4483642578125,1624.0,1632.0,1595.0,1607.0,162200
2021-12-02,1571.820556640625,1607.0,1625.0,1604.0,1608.0,96400
2021-12-03,1569.8642578125,1605.0,1609.0,1590.0,1600.0,228900
2021-12-06,1564.9737548828125,1600.0,1628.0,1600.0,1617.0,150600
2021-12-07,1596.273193359375,1632.0,1636.0,1608.0,1612.0,138200
2021-12-08,1595.2950439453125,1631.0,1660.0,1631.0,1656.0,118500
2021-12-09,1579.6453857421875,1615.0,1636.0,1612.0,1632.0,100900
2021-12-10,1563.99560546875,1599.0,1618.0,1598.0,1612.0,146000
2021-12-13,1580.6234130859375,1616.0,1616.0,1601.0,1610.0,109600
2021-12-14,1563.99560546875,1599.0,1618.0,1597.0,1617.0,91800
2021-12-15,1568.88623046875,1604.0,1610.0,1596.0,1596.0,66400
2021-12-16,1581.6015625,1617.0,1621.0,1606.0,1613.0,62800
2021-12-17,1570.8424072265625,1606.0,1611.0,1598.0,1605.0,120000
2021-12-20,1553.2364501953125,1588.0,1609.0,1585.0,1595.0,110800
2021-12-21,1562.0394287109375,1597.0,1612.0,1596.0,1600.0,92800
2021-12-22,1561.061279296875,1596.0,1607.0,1594.0,1600.0,91500
2021-12-23,1573.7767333984375,1609.0,1610.0,1603.0,1605.0,61200
2021-12-24,1583.5577392578125,1619.0,1625.0,1611.0,1615.0,60400
2021-12-27,1575.73291015625,1611.0,1634.0,1611.0,1634.0,93500
2021-12-28,1590.404541015625,1626.0,1626.0,1613.0,1619.0,71200
2021-12-29,1614.8572998046875,1651.0,1657.0,1628.0,1631.0,66300
2021-12-30,1619.747802734375,1656.0,1663.0,1643.0,1646.0,60700
2022-01-04,1636.3756103515625,1673.0,1688.0,1663.0,1682.0,75600
2022-01-05,1630.5069580078125,1667.0,1684.0,1664.0,1680.0,76100
2022-01-06,1613.879150390625,1650.0,1669.0,1645.0,1660.0,90600
2022-01-07,1622.68212890625,1659.0,1668.0,1652.0,1658.0,74800
2022-01-11,1631.485107421875,1668.0,1677.0,1654.0,1677.0,61500
2022-01-12,1647.1348876953125,1684.0,1686.0,1675.0,1678.0,52700
2022-01-13,1620.7259521484375,1657.0,1683.0,1657.0,1680.0,108200
2022-01-14,1634.41943359375,1671.0,1673.0,1656.0,1664.0,67000
2022-01-17,1646.15673828125,1683.0,1691.0,1675.0,1683.0,53000
2022-01-18,1634.41943359375,1671.0,1695.0,1670.0,1693.0,60200
2022-01-19,1597.2513427734375,1633.0,1667.0,1629.0,1656.0,122300
2022-01-20,1611.9229736328125,1648.0,1659.0,1635.0,1635.0,91100
2022-01-21,1618.7696533203125,1655.0,1656.0,1625.0,1630.0,58700
2022-01-24,1627.5726318359375,1664.0,1666.0,1641.0,1645.0,62900
2022-01-25,1629.5289306640625,1666.0,1677.0,1649.0,1677.0,80400
2022-01-26,1606.0543212890625,1642.0,1663.0,1642.0,1653.0,83400
2022-01-27,1579.6453857421875,1615.0,1650.0,1607.0,1650.0,131600
2022-01-28,1612.9010009765625,1649.0,1654.0,1629.0,1636.0,70900
2022-01-31,1622.68212890625,1659.0,1664.0,1651.0,1655.0,53800
2022-02-01,1616.8134765625,1653.0,1669.0,1650.0,1659.0,57000
2022-02-02,1640.2880859375,1677.0,1678.0,1658.0,1667.0,74700
2022-02-03,1636.3756103515625,1673.0,1688.0,1651.0,1665.0,78000
2022-02-04,1634.41943359375,1671.0,1682.0,1665.0,1673.0,42000
2022-02-07,1638.3319091796875,1675.0,1680.0,1656.0,1660.0,74500
2022-02-08,1631.485107421875,1668.0,1680.0,1663.0,1675.0,57900
2022-02-09,1659.8502197265625,1697.0,1711.0,1670.0,1677.0,85700
2022-02-10,1660.828369140625,1698.0,1715.0,1697.0,1707.0,64000
2022-02-14,1678.434326171875,1716.0,1719.0,1690.0,1703.0,73700
2022-02-15,1697.9964599609375,1736.0,1737.0,1716.0,1716.0,84800
2022-02-16,1691.1497802734375,1729.0,1753.0,1726.0,1752.0,66600
2022-02-17,1682.3468017578125,1720.0,1735.0,1715.0,1728.0,43300
2022-02-18,1690.171630859375,1728.0,1733.0,1720.0,1720.0,54300
2022-02-21,1686.2591552734375,1724.0,1728.0,1710.0,1715.0,39700
2022-02-22,1680.3905029296875,1718.0,1727.0,1711.0,1720.0,41500
2022-02-24,1674.5218505859375,1712.0,1718.0,1701.0,1714.0,69600
2022-02-25,1667.6751708984375,1705.0,1718.0,1705.0,1712.0,58800
2022-02-28,1695.0621337890625,1733.0,1735.0,1709.0,1709.0,70300
2022-03-01,1686.2591552734375,1724.0,1740.0,1724.0,1733.0,66700
2022-03-02,1658.8721923828125,1696.0,1723.0,1696.0,1705.0,69500
2022-03-03,1666.697021484375,1704.0,1718.0,1704.0,1705.0,56900
2022-03-04,1657.89404296875,1695.0,1716.0,1695.0,1704.0,66500
2022-03-07,1640.2880859375,1677.0,1691.0,1667.0,1683.0,86100
2022-03-08,1604.0980224609375,1640.0,1678.0,1630.0,1677.0,88600
2022-03-09,1597.2513427734375,1633.0,1665.0,1629.0,1640.0,70500
2022-03-10,1644.2005615234375,1681.0,1688.0,1660.0,1665.0,76600
2022-03-11,1637.353759765625,1674.0,1681.0,1651.0,1651.0,82700
2022-03-14,1632.4632568359375,1669.0,1688.0,1669.0,1678.0,61300
2022-03-15,1648.1129150390625,1685.0,1700.0,1675.0,1681.0,72200
2022-03-16,1650.0692138671875,1687.0,1714.0,1685.0,1704.0,122100
2022-03-17,1651.0472412109375,1688.0,1703.0,1679.0,1703.0,98000
2022-03-18,1652.025390625,1689.0,1694.0,1675.0,1688.0,154500
2022-03-22,1660.828369140625,1698.0,1716.0,1692.0,1706.0,161100
2022-03-23,1684.302978515625,1722.0,1725.0,1705.0,1713.0,102700
2022-03-24,1662.7845458984375,1700.0,1715.0,1694.0,1711.0,136800
2022-03-25,1653.0035400390625,1690.0,1704.0,1686.0,1702.0,239500
2022-03-28,1665.7188720703125,1703.0,1710.0,1687.0,1701.0,219200
2022-03-29,1675.5,1713.0,1713.0,1684.0,1704.0,221400
2022-03-30,1660.0,1660.0,1676.0,1651.0,1675.0,169300
2022-03-31,1637.0,1637.0,1663.0,1637.0,1650.0,85700
2022-04-01,1647.0,1647.0,1653.0,1621.0,1630.0,76800
2022-04-04,1655.0,1655.0,1663.0,1643.0,1645.0,57100
2022-04-05,1670.0,1670.0,1676.0,1656.0,1662.0,73400
2022-04-06,1657.0,1657.0,1672.0,1657.0,1670.0,46700
2022-04-07,1657.0,1657.0,1659.0,1649.0,1656.0,48900
2022-04-08,1631.0,1631.0,1651.0,1628.0,1649.0,73400
2022-04-11,1630.0,1630.0,1640.0,1618.0,1631.0,69200
2022-04-12,1610.0,1610.0,1627.0,1610.0,1620.0,65500
2022-04-13,1608.0,1608.0,1615.0,1595.0,1610.0,120100
2022-04-14,1617.0,1617.0,1625.0,1610.0,1611.0,39900
2022-04-15,1617.0,1617.0,1627.0,1615.0,1617.0,29000
2022-04-18,1607.0,1607.0,1619.0,1593.0,1610.0,57100
2022-04-19,1610.0,1610.0,1618.0,1603.0,1603.0,58100
2022-04-20,1640.0,1640.0,1642.0,1614.0,1620.0,69000
2022-04-21,1622.0,1622.0,1649.0,1622.0,1643.0,50500
2022-04-22,1622.0,1622.0,1625.0,1608.0,1618.0,53000
2022-04-25,1606.0,1606.0,1611.0,1603.0,1606.0,67000
2022-04-26,1618.0,1618.0,1628.0,1610.0,1612.0,70800
2022-04-27,1612.0,1612.0,1620.0,1599.0,1604.0,107800
2022-04-28,1649.0,1649.0,1649.0,1603.0,1606.0,89400
2022-05-02,1671.0,1671.0,1675.0,1640.0,1649.0,129300
2022-05-06,1680.0,1680.0,1688.0,1636.0,1636.0,127000
2022-05-09,1690.0,1690.0,1698.0,1652.0,1659.0,121300
2022-05-10,1711.0,1711.0,1712.0,1675.0,1690.0,109900
2022-05-11,1705.0,1705.0,1709.0,1695.0,1700.0,62200
2022-05-12,1656.0,1656.0,1697.0,1656.0,1695.0,72500
2022-05-13,1685.0,1685.0,1685.0,1652.0,1655.0,68900
2022-05-16,1650.0,1650.0,1694.0,1650.0,1694.0,67100
2022-05-17,1644.0,1644.0,1660.0,1643.0,1650.0,39000
2022-05-18,1639.0,1639.0,1657.0,1635.0,1644.0,53100
2022-05-19,1626.0,1626.0,1633.0,1616.0,1620.0,49700
2022-05-20,1626.0,1626.0,1635.0,1598.0,1600.0,113100
2022-05-23,1650.0,1650.0,1658.0,1631.0,1632.0,91100
2022-05-24,1617.0,1617.0,1642.0,1613.0,1640.0,79200
2022-05-25,1598.0,1598.0,1615.0,1598.0,1610.0,80100
2022-05-26,1626.0,1626.0,1636.0,1603.0,1609.0,80900
2022-05-27,1636.0,1636.0,1650.0,1629.0,1649.0,62000
2022-05-30,1659.0,1659.0,1666.0,1636.0,1645.0,131000
2022-05-31,1634.0,1634.0,1651.0,1627.0,1650.0,91300
2022-06-01,1664.0,1664.0,1672.0,1633.0,1634.0,73100
2022-06-02,1643.0,1643.0,1662.0,1643.0,1656.0,61600
2022-06-03,1649.0,1649.0,1665.0,1646.0,1647.0,55700
2022-06-06,1644.0,1644.0,1651.0,1640.0,1644.0,50200
2022-06-07,1640.0,1640.0,1659.0,1640.0,1653.0,35800
2022-06-08,1643.0,1643.0,1651.0,1636.0,1640.0,54400
2022-06-09,1627.0,1627.0,1645.0,1627.0,1641.0,69400
2022-06-10,1623.0,1623.0,1634.0,1616.0,1620.0,57900
2022-06-13,1623.0,1623.0,1635.0,1619.0,1620.0,58300
2022-06-14,1609.0,1609.0,1624.0,1604.0,1613.0,64600
2022-06-15,1606.0,1606.0,1627.0,1606.0,1614.0,50500
2022-06-16,1606.0,1606.0,1625.0,1603.0,1625.0,60500
2022-06-17,1608.0,1608.0,1614.0,1595.0,1600.0,83600
2022-06-20,1604.0,1604.0,1619.0,1598.0,1610.0,52000
2022-06-21,1604.0,1604.0,1618.0,1602.0,1609.0,51600
2022-06-22,1607.0,1607.0,1615.0,1604.0,1608.0,49900
2022-06-23,1617.0,1617.0,1623.0,1607.0,1607.0,46500
2022-06-24,1617.0,1617.0,1624.0,1608.0,1619.0,59700
2022-06-27,1622.0,1622.0,1648.0,1614.0,1648.0,92300
2022-06-28,1642.0,1642.0,1644.0,1620.0,1620.0,63700
2022-06-29,1644.0,1644.0,1645.0,1629.0,1635.0,79000
2022-06-30,1618.0,1618.0,1650.0,1615.0,1644.0,80900
2022-07-01,1611.0,1611.0,1628.0,1605.0,1628.0,62600
2022-07-04,1631.0,1631.0,1636.0,1623.0,1631.0,37400
2022-07-05,1624.0,1624.0,1630.0,1620.0,1625.0,49200
2022-07-06,1618.0,1618.0,1627.0,1615.0,1618.0,37800
2022-07-07,1621.0,1621.0,1630.0,1615.0,1628.0,35600
2022-07-08,1612.0,1612.0,1631.0,1608.0,1619.0,94100
2022-07-11,1640.0,1640.0,1643.0,1625.0,1627.0,63200
2022-07-12,1632.0,1632.0,1641.0,1623.0,1640.0,70100
2022-07-13,1637.0,1637.0,1641.0,1630.0,1632.0,46700
2022-07-14,1639.0,1639.0,1643.0,1636.0,1637.0,35500
2022-07-15,1645.0,1645.0,1653.0,1639.0,1643.0,47300
2022-07-19,1652.0,1652.0,1653.0,1641.0,1650.0,49000
2022-07-20,1672.0,1672.0,1675.0,1658.0,1660.0,64100
2022-07-21,1685.0,1685.0,1688.0,1668.0,1670.0,80300
2022-07-22,1676.0,1676.0,1689.0,1674.0,1681.0,50200
2022-07-25,1681.0,1681.0,1687.0,1673.0,1675.0,42000
2022-07-26,1665.0,1665.0,1684.0,1661.0,1684.0,71500
2022-07-27,1644.0,1644.0,1667.0,1644.0,1665.0,56400
2022-07-28,1660.0,1660.0,1660.0,1645.0,1655.0,69300
2022-07-29,1631.0,1631.0,1644.0,1631.0,1638.0,57800
2022-08-01,1645.0,1645.0,1645.0,1633.0,1638.0,72900
2022-08-02,1632.0,1632.0,1635.0,1616.0,1627.0,97000
2022-08-03,1608.0,1608.0,1628.0,1608.0,1627.0,107400
2022-08-04,1616.0,1616.0,1625.0,1610.0,1625.0,52900
2022-08-05,1618.0,1618.0,1619.0,1611.0,1611.0,56300
2022-08-08,1612.0,1612.0,1627.0,1612.0,1624.0,46700
2022-08-09,1609.0,1609.0,1627.0,1606.0,1625.0,54000
2022-08-10,1610.0,1610.0,1618.0,1609.0,1615.0,41800
2022-08-12,1614.0,1614.0,1620.0,1611.0,1618.0,84600
2022-08-15,1615.0,1615.0,1617.0,1608.0,1614.0,94800
2022-08-16,1619.0,1619.0,1619.0,1610.0,1615.0,74900
2022-08-17,1641.0,1641.0,1642.0,1625.0,1628.0,86000
2022-08-18,1654.0,1654.0,1654.0,1643.0,1647.0,59000
2022-08-19,1643.0,1643.0,1660.0,1643.0,1660.0,54500
2022-08-22,1659.0,1659.0,1666.0,1636.0,1643.0,64500
2022-08-23,1670.0,1670.0,1673.0,1651.0,1661.0,61900
2022-08-24,1670.0,1670.0,1676.0,1666.0,1670.0,39500
2022-08-25,1680.0,1680.0,1680.0,1667.0,1670.0,40200
2022-08-26,1663.0,1663.0,1686.0,1663.0,1680.0,61300
2022-08-29,1654.0,1654.0,1658.0,1651.0,1655.0,73000
2022-08-30,1667.0,1667.0,1674.0,1657.0,1665.0,72200
2022-08-31,1656.0,1656.0,1669.0,1654.0,1660.0,67400
2022-09-01,1644.0,1644.0,1656.0,1634.0,1649.0,88400
2022-09-02,1643.0,1643.0,1646.0,1634.0,1645.0,92500
2022-09-05,1657.0,1657.0,1661.0,1639.0,1641.0,66900
2022-09-06,1660.0,1660.0,1673.0,1657.0,1663.0,49400
2022-09-07,1648.0,1648.0,1659.0,1640.0,1658.0,86100
2022-09-08,1683.0,1683.0,1685.0,1663.0,1663.0,103100
2022-09-09,1672.0,1672.0,1680.0,1667.0,1672.0,102800
2022-09-12,1682.0,1682.0,1687.0,1681.0,1687.0,42900
2022-09-13,1692.0,1692.0,1692.0,1679.0,1688.0,44100
2022-09-14,1631.0682373046875,1669.0,1680.0,1667.0,1675.0,65900
2022-09-15,1632.0455322265625,1670.0,1671.0,1665.0,1669.0,45700
2022-09-16,1630.0909423828125,1668.0,1671.0,1661.0,1666.0,103100
2022-09-20,1643.772705078125,1682.0,1682.0,1665.0,1668.0,89400
2022-09-21,1617.3863525390625,1655.0,1675.0,1655.0,1675.0,84100
2022-09-22,1617.3863525390625,1655.0,1656.0,1644.0,1650.0,116900
2022-09-26,1617.3863525390625,1655.0,1667.0,1648.0,1650.0,130100
2022-09-27,1625.20458984375,1663.0,1674.0,1650.0,1650.0,121200
2022-09-28,1612.5,1650.0,1652.0,1641.0,1652.0,194800
2022-09-29,1645.0,1645.0,1650.0,1614.0,1619.0,121900
2022-09-30,1639.0,1639.0,1661.0,1635.0,1635.0,86000
2022-10-03,1635.0,1635.0,1636.0,1619.0,1635.0,61300
2022-10-04,1669.0,1669.0,1673.0,1646.0,1646.0,75100
2022-10-05,1673.0,1673.0,1686.0,1672.0,1680.0,61700
2022-10-06,1676.0,1676.0,1687.0,1665.0,1672.0,98800
2022-10-07,1673.0,1673.0,1677.0,1667.0,1676.0,64200
2022-10-11,1646.0,1646.0,1673.0,1645.0,1663.0,110800
2022-10-12,1652.0,1652.0,1661.0,1641.0,1656.0,93200
2022-10-13,1645.0,1645.0,1660.0,1639.0,1646.0,68400
2022-10-14,1655.0,1655.0,1673.0,1655.0,1668.0,84900
2022-10-17,1663.0,1663.0,1669.0,1650.0,1650.0,43500
2022-10-18,1677.0,1677.0,1679.0,1666.0,1670.0,48000
2022-10-19,1679.0,1679.0,1687.0,1673.0,1677.0,46900
2022-10-20,1665.0,1665.0,1675.0,1663.0,1670.0,35100
2022-10-21,1657.0,1657.0,1673.0,1655.0,1659.0,30000
2022-10-24,1641.0,1641.0,1667.0,1637.0,1666.0,57200
2022-10-25,1646.0,1646.0,1654.0,1640.0,1642.0,45600
2022-10-26,1655.0,1655.0,1663.0,1651.0,1657.0,51300
2022-10-27,1640.0,1640.0,1655.0,1636.0,1650.0,46200
2022-10-28,1643.0,1643.0,1652.0,1632.0,1640.0,179200
2022-10-31,1655.0,1655.0,1655.0,1642.0,1644.0,50800
2022-11-01,1644.0,1644.0,1648.0,1629.0,1640.0,51000
2022-11-02,1651.0,1651.0,1660.0,1646.0,1650.0,56300
2022-11-04,1631.0,1631.0,1653.0,1628.0,1645.0,68600
2022-11-07,1639.0,1639.0,1647.0,1623.0,1647.0,88400
2022-11-08,1664.0,1664.0,1665.0,1641.0,1650.0,57000
2022-11-09,1666.0,1666.0,1670.0,1659.0,1667.0,36100
2022-11-10,1656.0,1656.0,1658.0,1642.0,1648.0,39900
2022-11-11,1650.0,1650.0,1674.0,1645.0,1674.0,61500
2022-11-14,1642.0,1642.0,1651.0,1640.0,1650.0,46500
2022-11-15,1638.0,1638.0,1643.0,1632.0,1640.0,53600
2022-11-16,1644.0,1644.0,1646.0,1636.0,1640.0,54700
2022-11-17,1659.0,1659.0,1663.0,1643.0,1644.0,60300
2022-11-18,1672.0,1672.0,1675.0,1661.0,1663.0,62400
2022-11-21,1669.0,1669.0,1673.0,1662.0,1662.0,51100
2022-11-22,1679.0,1679.0,1684.0,1669.0,1669.0,67500
2022-11-24,1681.0,1681.0,1687.0,1675.0,1679.0,84200
2022-11-25,1691.0,1691.0,1694.0,1680.0,1682.0,59600
2022-11-28,1670.0,1670.0,1695.0,1668.0,1693.0,68300
2022-11-29,1656.0,1656.0,1669.0,1651.0,1665.0,72700
2022-11-30,1652.0,1652.0,1661.0,1651.0,1656.0,85700
2022-12-01,1641.0,1641.0,1661.0,1640.0,1661.0,72300
2022-12-02,1636.0,1636.0,1641.0,1623.0,1640.0,110100
2022-12-05,1626.0,1626.0,1636.0,1613.0,1636.0,105100
2022-12-06,1622.0,1622.0,1628.0,1618.0,1626.0,47200
2022-12-07,1636.0,1636.0,1640.0,1622.0,1622.0,45800
2022-12-08,1633.0,1633.0,1641.0,1627.0,1640.0,39900
2022-12-09,1628.0,1628.0,1633.0,1616.0,1621.0,85100
2022-12-12,1638.0,1638.0,1642.0,1622.0,1628.0,245600
2022-12-13,1727.0,1727.0,1729.0,1642.0,1645.0,434000
2022-12-14,1793.0,1793.0,1801.0,1731.0,1743.0,732200
2022-12-15,1747.0,1747.0,1893.0,1746.0,1805.0,906600
2022-12-16,1774.0,1774.0,1787.0,1722.0,1747.0,534800
2022-12-19,1650.0,1650.0,1740.0,1646.0,1734.0,545600
2022-12-20,1683.0,1683.0,1685.0,1650.0,1663.0,188200
2022-12-21,1709.0,1709.0,1710.0,1661.0,1661.0,182200
2022-12-22,1777.0,1777.0,1777.0,1699.0,1710.0,250500
2022-12-23,1603.0,1603.0,1710.0,1595.0,1700.0,1026400
2022-12-26,1625.0,1625.0,1630.0,1607.0,1612.0,248100
2022-12-27,1618.0,1618.0,1633.0,1611.0,1618.0,194200
2022-12-28,1626.0,1626.0,1634.0,1613.0,1613.0,127800
2022-12-29,1630.0,1630.0,1632.0,1611.0,1620.0,110500
2022-12-30,1630.0,1630.0,1641.0,1628.0,1631.0,69500
2023-01-04,1625.0,1625.0,1646.0,1616.0,1639.0,110800
2023-01-05,1615.0,1615.0,1629.0,1611.0,1626.0,105900
2023-01-06,1610.0,1610.0,1625.0,1609.0,1625.0,89000
2023-01-10,1608.0,1608.0,1627.0,1608.0,1620.0,60700
2023-01-11,1608.0,1608.0,1619.0,1606.0,1619.0,84900
2023-01-12,1610.0,1610.0,1619.0,1605.0,1618.0,53100
2023-01-13,1615.0,1615.0,1628.0,1611.0,1615.0,120000
2023-01-16,1613.0,1613.0,1623.0,1606.0,1607.0,54000
2023-01-17,1614.0,1614.0,1619.0,1611.0,1613.0,46600
2023-01-18,1626.0,1626.0,1641.0,1620.0,1624.0,152100
2023-01-19,1626.0,1626.0,1641.0,1626.0,1638.0,46700
2023-01-20,1631.0,1631.0,1640.0,1626.0,1636.0,70100
2023-01-23,1639.0,1639.0,1650.0,1636.0,1641.0,70800
2023-01-24,1644.0,1644.0,1649.0,1641.0,1646.0,43800
2023-01-25,1648.0,1648.0,1655.0,1641.0,1644.0,84300
2023-01-26,1646.0,1646.0,1661.0,1643.0,1660.0,74500
2023-01-27,1642.0,1642.0,1652.0,1640.0,1646.0,56800
2023-01-30,1655.0,1655.0,1655.0,1645.0,1646.0,90400
2023-01-31,1659.0,1659.0,1660.0,1652.0,1658.0,85100
2023-02-01,1644.0,1644.0,1667.0,1641.0,1667.0,59800
2023-02-02,1634.0,1634.0,1657.0,1625.0,1650.0,95400
2023-02-03,1627.0,1627.0,1641.0,1614.0,1631.0,88800
2023-02-06,1626.0,1626.0,1638.0,1619.0,1635.0,78800
2023-02-07,1626.0,1626.0,1634.0,1623.0,1631.0,40900
2023-02-08,1630.0,1630.0,1639.0,1626.0,1634.0,60500
2023-02-09,1631.0,1631.0,1639.0,1630.0,1633.0,56700
2023-02-10,1634.0,1634.0,1639.0,1625.0,1627.0,70000
2023-02-13,1632.0,1632.0,1636.0,1622.0,1633.0,33700
2023-02-14,1649.0,1649.0,1649.0,1637.0,1640.0,51300
2023-02-15,1648.0,1648.0,1652.0,1644.0,1650.0,33800
2023-02-16,1658.0,1658.0,1658.0,1646.0,1652.0,58700
2023-02-17,1644.0,1644.0,1656.0,1644.0,1648.0,54200
2023-02-20,1650.0,1650.0,1653.0,1638.0,1652.0,76200
2023-02-21,1645.0,1645.0,1658.0,1645.0,1650.0,63800
2023-02-22,1642.0,1642.0,1644.0,1635.0,1637.0,48900
2023-02-24,1650.0,1650.0,1650.0,1637.0,1640.0,58000
2023-02-27,1658.0,1658.0,1659.0,1647.0,1648.0,68200
2023-02-28,1640.0,1640.0,1662.0,1638.0,1660.0,82700
2023-03-01,1640.0,1640.0,1646.0,1631.0,1638.0,153700
2023-03-02,1640.0,1640.0,1644.0,1634.0,1643.0,83200
2023-03-03,1645.0,1645.0,1651.0,1640.0,1650.0,119700
2023-03-06,1651.0,1651.0,1656.0,1640.0,1647.0,182200
2023-03-07,1659.0,1659.0,1661.0,1654.0,1657.0,76400
2023-03-08,1673.0,1673.0,1681.0,1655.0,1655.0,182900
2023-03-09,1684.0,1684.0,1687.0,1669.0,1681.0,184800
2023-03-10,1671.0,1671.0,1691.0,1667.0,1670.0,200500
2023-03-13,1653.0,1653.0,1678.0,1634.0,1665.0,179700
2023-03-14,1629.0,1629.0,1640.0,1623.0,1638.0,157400
2023-03-15,1671.0,1671.0,1679.0,1643.0,1649.0,144500
2023-03-16,1640.0,1640.0,1657.0,1640.0,1653.0,121000
2023-03-17,1663.0,1663.0,1670.0,1650.0,1656.0,151900
2023-03-20,1643.0,1643.0,1679.0,1643.0,1673.0,67900
2023-03-22,1662.0,1662.0,1668.0,1650.0,1658.0,103800
2023-03-23,1671.0,1671.0,1674.0,1650.0,1658.0,57600
2023-03-29,1712.0,1712.0,1712.0,1688.0,1692.0,191700
2023-03-24,1672.0,1672.0,1684.0,1668.0,1677.0,151600
2023-03-27,1688.0,1688.0,1695.0,1681.0,1686.0,84700
2023-03-28,1684.0,1684.0,1694.0,1684.0,1694.0,61100
2023-03-27,1651.025634765625,1688.0,1695.0,1681.0,1686.0,84700
2023-03-28,1647.11328125,1684.0,1694.0,1684.0,1694.0,61100
2023-03-29,1674.5,1712.0,1712.0,1688.0,1692.0,191700
2023-03-30,1665.0,1665.0,1679.0,1657.0,1675.0,108700
2023-03-31,1670.0,1670.0,1684.0,1667.0,1667.0,81300
2023-04-03,1699.0,1699.0,1699.0,1684.0,1689.0,80200
