Date,Adj Close,Close,High,Low,Open,Volume
2000-01-11,1012.7975463867188,1200.0,1240.0,1200.0,1200.0,0
2000-01-12,1012.7975463867188,1200.0,1220.0,1200.0,1200.0,0
2000-01-13,1029.6773681640625,1220.0,1220.0,1200.0,1200.0,3000
2000-01-18,1029.6773681640625,1220.0,1220.0,1220.0,1220.0,0
2000-01-19,1012.7975463867188,1200.0,1200.0,1200.0,1200.0,2000
2000-01-20,1012.7975463867188,1200.0,1200.0,1200.0,1200.0,1000
2000-01-31,1012.7975463867188,1200.0,1200.0,1200.0,1200.0,0
2000-02-01,843.9979248046875,1000.0,1000.0,1000.0,1000.0,1000
2000-02-02,843.9979248046875,1000.0,1010.0,1000.0,1010.0,2000
2000-02-03,852.43798828125,1010.0,1010.0,1010.0,1010.0,1000
2000-02-07,852.43798828125,1010.0,1020.0,1010.0,1020.0,2000
2000-02-09,852.43798828125,1010.0,1010.0,1010.0,1010.0,0
2000-02-10,843.9979248046875,1000.0,1000.0,1000.0,1000.0,2000
2000-02-14,843.9979248046875,1000.0,1000.0,1000.0,1000.0,0
2000-02-15,801.798095703125,950.0,970.0,950.0,970.0,2000
2000-02-18,801.798095703125,950.0,950.0,950.0,950.0,2000
2000-02-21,768.0381469726562,910.0,945.0,910.0,945.0,3000
2000-02-22,759.5982666015625,900.0,910.0,900.0,910.0,2000
2000-02-23,768.0381469726562,910.0,910.0,910.0,910.0,3000
2000-02-24,768.0381469726562,910.0,910.0,910.0,910.0,0
2000-02-25,801.798095703125,950.0,950.0,925.0,925.0,5000
2000-02-28,801.798095703125,950.0,950.0,950.0,950.0,1000
2000-02-29,886.1978759765625,1050.0,1050.0,1040.0,1040.0,6000
2000-03-01,1054.9974365234375,1250.0,1250.0,1110.0,1110.0,5000
2000-03-02,1130.9571533203125,1340.0,1350.0,1240.0,1240.0,16000
2000-03-03,1164.717041015625,1380.0,1380.0,1380.0,1380.0,2000
2000-03-06,1164.717041015625,1380.0,1380.0,1380.0,1380.0,0
2000-03-07,1130.9571533203125,1340.0,1340.0,1340.0,1340.0,2000
2000-03-08,1130.9571533203125,1340.0,1340.0,1340.0,1340.0,1000
2000-03-14,1130.9571533203125,1340.0,1340.0,1340.0,1340.0,0
2000-03-15,793.3580932617188,940.0,940.0,940.0,940.0,2000
2000-03-16,793.3580932617188,940.0,940.0,940.0,940.0,0
2000-03-17,831.3379516601562,985.0,985.0,985.0,985.0,1000
2000-03-21,831.3379516601562,985.0,985.0,985.0,985.0,0
2000-03-22,919.9578247070312,1090.0,1090.0,1050.0,1050.0,2000
2000-03-23,1046.55712890625,1240.0,1240.0,1240.0,1240.0,2000
2000-03-24,1080.3173828125,1280.0,1280.0,1280.0,1280.0,1000
2000-03-27,1080.3173828125,1280.0,1280.0,1280.0,1280.0,2000
2000-03-30,1107.5809326171875,1300.0,1300.0,1300.0,1300.0,3000
2000-04-03,1107.5809326171875,1300.0,1300.0,1300.0,1300.0,0
2000-04-04,1099.0611572265625,1290.0,1290.0,1290.0,1290.0,1000
2000-04-05,1056.461669921875,1240.0,1240.0,1240.0,1240.0,2000
2000-04-07,1056.461669921875,1240.0,1240.0,1240.0,1240.0,0
2000-04-11,1022.3823852539062,1200.0,1200.0,1200.0,1200.0,0
2000-04-17,979.7830200195312,1150.0,1150.0,1150.0,1150.0,0
2000-04-18,886.064697265625,1040.0,1040.0,1040.0,1040.0,2000
2000-04-25,920.1443481445312,1080.0,1080.0,975.0,975.0,6000
2000-04-26,1013.8623657226562,1190.0,1190.0,1190.0,1190.0,4000
2000-04-27,1090.5411376953125,1280.0,1280.0,1280.0,1280.0,10000
2000-05-01,1090.5411376953125,1280.0,1280.0,1280.0,1280.0,0
2000-05-17,937.1837158203124,1100.0,1150.0,1100.0,1150.0,2000
2000-05-18,937.1837158203124,1100.0,1100.0,1100.0,1100.0,2000
2000-05-19,937.1837158203124,1100.0,1100.0,1100.0,1100.0,1000
2000-05-22,1064.9813232421875,1250.0,1250.0,1250.0,1250.0,1000
2000-05-30,1064.9813232421875,1250.0,1250.0,1250.0,1250.0,0
2000-06-01,920.1443481445312,1080.0,1080.0,1080.0,1080.0,1000
2000-06-02,920.1443481445312,1080.0,1100.0,1080.0,1100.0,3000
2000-06-08,979.7830200195312,1150.0,1150.0,1150.0,1150.0,1000
2000-06-09,1022.3823852539062,1200.0,1200.0,1200.0,1200.0,1000
2000-06-12,1030.902099609375,1210.0,1210.0,1210.0,1210.0,1000
2000-06-13,1030.902099609375,1210.0,1210.0,1210.0,1210.0,0
2000-06-14,1192.7794189453125,1400.0,1410.0,1210.0,1210.0,11000
2000-06-15,1201.299072265625,1410.0,1410.0,1410.0,1410.0,6000
2000-06-16,1107.5809326171875,1300.0,1300.0,1300.0,1300.0,1000
2000-06-19,996.8226928710938,1170.0,1170.0,1170.0,1170.0,3000
2000-06-22,996.8226928710938,1170.0,1170.0,1170.0,1170.0,0
2000-06-23,937.1837158203124,1100.0,1120.0,1100.0,1120.0,7000
2000-06-29,937.1837158203124,1100.0,1100.0,1100.0,1100.0,0
2000-06-30,1005.3427124023438,1180.0,1180.0,1180.0,1180.0,3000
2000-07-03,1005.3427124023438,1180.0,1180.0,1180.0,1180.0,7000
2000-07-10,1005.3427124023438,1180.0,1180.0,1180.0,1180.0,1000
2000-07-20,1005.3427124023438,1180.0,1180.0,1180.0,1180.0,0
2000-07-21,920.1443481445312,1080.0,1100.0,1080.0,1100.0,2000
2000-07-26,971.2631225585938,1140.0,1140.0,1140.0,1140.0,1000
2000-07-27,920.1443481445312,1080.0,1140.0,1080.0,1140.0,3000
2000-08-01,920.1443481445312,1080.0,1080.0,1050.0,1050.0,2000
2000-08-03,903.1043701171876,1060.0,1060.0,1060.0,1060.0,1000
2000-08-04,894.5846557617188,1050.0,1050.0,1050.0,1050.0,2000
2000-08-09,962.7435302734376,1130.0,1130.0,1050.0,1050.0,3000
2000-08-15,962.7435302734376,1130.0,1130.0,1130.0,1130.0,0
2000-08-16,894.5846557617188,1050.0,1140.0,1050.0,1140.0,2000
2000-08-18,894.5846557617188,1050.0,1050.0,1050.0,1050.0,1000
2000-08-22,894.5846557617188,1050.0,1050.0,1050.0,1050.0,0
2000-08-23,945.7034912109376,1110.0,1110.0,1110.0,1110.0,1000
2000-09-01,937.1837158203124,1100.0,1100.0,1070.0,1070.0,2000
2000-09-04,945.7034912109376,1110.0,1140.0,1110.0,1140.0,3000
2000-09-06,945.7034912109376,1110.0,1110.0,1110.0,1110.0,0
2000-09-08,911.6242065429688,1070.0,1070.0,1070.0,1070.0,1000
2000-09-15,911.6242065429688,1070.0,1070.0,1070.0,1070.0,0
2000-09-18,886.064697265625,1040.0,1040.0,1040.0,1040.0,1000
2000-10-03,886.064697265625,1040.0,1040.0,1040.0,1040.0,0
2000-10-04,826.42578125,970.0,970.0,970.0,970.0,1000
2000-10-05,826.42578125,970.0,970.0,970.0,970.0,0
2000-10-06,843.4653930664062,990.0,990.0,990.0,990.0,1000
2000-10-09,843.4653930664062,990.0,990.0,990.0,990.0,0
2000-10-10,851.9851684570312,1000.0,1000.0,1000.0,1000.0,1000
2000-10-11,920.1443481445312,1080.0,1080.0,1000.0,1000.0,4000
2000-10-17,920.1443481445312,1080.0,1080.0,1080.0,1080.0,0
2000-10-18,792.34619140625,930.0,940.0,930.0,940.0,4000
2000-10-20,792.34619140625,930.0,930.0,930.0,930.0,0
2000-10-23,766.7868041992188,900.0,900.0,900.0,900.0,1000
2000-10-24,758.266845703125,890.0,890.0,890.0,890.0,1000
2000-10-25,758.266845703125,890.0,890.0,890.0,890.0,0
2000-10-26,707.1476440429688,830.0,830.0,830.0,830.0,1000
2000-10-27,707.1476440429688,830.0,830.0,830.0,830.0,0
2000-10-30,647.5087280273438,760.0,800.0,760.0,800.0,11000
2000-10-31,647.5087280273438,760.0,760.0,760.0,760.0,2000
2000-11-07,698.6279296875,820.0,820.0,820.0,820.0,4000
2000-11-10,698.6279296875,820.0,820.0,820.0,820.0,1000
2000-11-14,698.6279296875,820.0,820.0,820.0,820.0,0
2000-11-15,656.0286865234375,770.0,800.0,770.0,800.0,8000
2000-11-17,690.1080322265625,810.0,810.0,770.0,770.0,3000
2000-11-20,690.1080322265625,810.0,810.0,810.0,810.0,1000
2000-11-23,690.1080322265625,810.0,810.0,810.0,810.0,0
2000-11-24,681.5881958007812,800.0,800.0,750.0,750.0,3000
2000-11-28,681.5881958007812,800.0,800.0,800.0,800.0,0
2000-11-29,638.9889526367188,750.0,750.0,720.0,720.0,3000
2000-12-04,638.9889526367188,750.0,750.0,750.0,750.0,3000
2000-12-06,596.3897094726562,700.0,720.0,700.0,720.0,4000
2000-12-07,638.9889526367188,750.0,750.0,750.0,750.0,2000
2000-12-12,638.9889526367188,750.0,800.0,750.0,800.0,3000
2000-12-20,638.9889526367188,750.0,750.0,750.0,750.0,4000
2000-12-21,604.9094848632812,710.0,710.0,710.0,710.0,2000
2000-12-26,604.9094848632812,710.0,710.0,710.0,710.0,0
2000-12-27,600.6495361328125,705.0,705.0,705.0,705.0,1000
2000-12-28,600.6495361328125,705.0,705.0,705.0,705.0,0
2000-12-29,596.3897094726562,700.0,700.0,700.0,700.0,1000
2001-01-10,596.3897094726562,700.0,700.0,700.0,700.0,0
2001-01-11,596.3897094726562,700.0,701.0,700.0,701.0,5000
2001-01-12,587.8698120117188,690.0,690.0,690.0,690.0,1000
2001-01-15,587.8698120117188,690.0,690.0,690.0,690.0,0
2001-01-16,621.94921875,730.0,730.0,730.0,730.0,1000
2001-01-18,621.94921875,730.0,730.0,730.0,730.0,0
2001-01-23,638.9889526367188,750.0,750.0,750.0,750.0,1000
2001-01-25,638.9889526367188,750.0,750.0,750.0,750.0,0
2001-01-31,613.4293823242188,720.0,720.0,720.0,720.0,1000
2001-02-07,613.4293823242188,720.0,720.0,720.0,720.0,0
2001-02-08,673.0682983398438,790.0,805.0,790.0,805.0,7000
2001-02-13,673.0682983398438,790.0,790.0,790.0,790.0,0
2001-02-14,656.0286865234375,770.0,770.0,770.0,770.0,3000
2001-02-20,656.0286865234375,770.0,770.0,770.0,770.0,5000
2001-02-23,656.0286865234375,770.0,770.0,770.0,770.0,2000
2001-03-23,656.0286865234375,770.0,770.0,770.0,770.0,1000
2001-03-26,656.0286865234375,770.0,770.0,770.0,770.0,0
2001-04-02,666.4143676757812,770.0,779.0,770.0,779.0,2000
2001-04-05,666.4143676757812,770.0,770.0,770.0,770.0,2000
2001-04-06,666.4143676757812,770.0,770.0,770.0,770.0,0
2001-04-16,683.7238159179688,790.0,790.0,790.0,790.0,2000
2001-04-18,701.0333251953125,810.0,810.0,790.0,790.0,3000
2001-05-08,675.0690307617188,780.0,780.0,775.0,775.0,7000
2001-05-21,675.0690307617188,780.0,780.0,780.0,780.0,0
2001-05-22,675.0690307617188,780.0,780.0,780.0,780.0,1000
2001-06-05,701.0333251953125,810.0,810.0,810.0,810.0,0
2001-06-06,683.7238159179688,790.0,790.0,790.0,790.0,1000
2001-06-07,683.7238159179688,790.0,790.0,790.0,790.0,0
2001-06-11,701.0333251953125,810.0,810.0,810.0,810.0,1000
2001-06-12,692.37841796875,800.0,820.0,800.0,820.0,3000
2001-06-20,688.0510864257812,795.0,795.0,795.0,795.0,1000
2001-06-28,688.0510864257812,795.0,795.0,795.0,795.0,0
2001-07-03,692.37841796875,800.0,800.0,800.0,800.0,5000
2001-08-13,692.37841796875,800.0,800.0,800.0,800.0,2000
2001-08-20,692.37841796875,800.0,800.0,800.0,800.0,1000
2001-09-07,692.37841796875,800.0,800.0,800.0,800.0,0
2001-09-10,656.8941650390625,759.0,759.0,759.0,759.0,1000
2001-09-19,656.8941650390625,759.0,759.0,759.0,759.0,0
2001-09-20,613.6204223632812,709.0,709.0,709.0,709.0,1000
2001-10-12,613.6204223632812,709.0,709.0,709.0,709.0,0
2001-10-15,443.9877624511719,513.0,513.0,513.0,513.0,1000
2001-10-17,445.7186279296875,515.0,515.0,515.0,515.0,1000
2001-10-23,445.7186279296875,515.0,515.0,515.0,515.0,0
2001-10-25,488.9923400878906,565.0,566.0,565.0,566.0,3000
2001-11-06,488.9923400878906,565.0,565.0,565.0,565.0,1000
2001-11-15,488.9923400878906,565.0,565.0,565.0,565.0,2000
2001-11-27,488.9923400878906,565.0,565.0,565.0,565.0,0
2001-11-29,476.0102844238281,550.0,550.0,550.0,550.0,1000
2001-12-05,476.0102844238281,550.0,550.0,550.0,550.0,0
2001-12-06,441.391357421875,510.0,510.0,510.0,510.0,1000
2001-12-20,441.391357421875,510.0,510.0,510.0,510.0,0
2001-12-25,442.2567443847656,511.0,511.0,511.0,511.0,6000
2002-01-11,442.2567443847656,511.0,511.0,511.0,511.0,2000
2002-01-18,442.2567443847656,511.0,511.0,511.0,511.0,1000
2002-01-24,442.2567443847656,511.0,511.0,511.0,511.0,0
2002-01-25,432.736572265625,500.0,500.0,500.0,500.0,1000
2002-01-28,432.736572265625,500.0,500.0,500.0,500.0,12000
2002-01-29,432.736572265625,500.0,500.0,500.0,500.0,0
2002-01-30,424.0818176269531,490.0,500.0,490.0,500.0,2000
2002-02-07,424.0818176269531,490.0,490.0,490.0,490.0,0
2002-02-08,415.4271545410156,480.0,489.0,480.0,489.0,3000
2002-02-13,415.4271545410156,480.0,480.0,480.0,480.0,2000
2002-02-14,415.4271545410156,480.0,480.0,480.0,480.0,0
2002-02-21,412.8306884765625,477.0,477.0,477.0,477.0,1000
2002-02-25,412.8306884765625,477.0,477.0,477.0,477.0,0
2002-02-26,389.462890625,450.0,450.0,450.0,450.0,2000
2002-02-27,372.1534423828125,430.0,430.0,430.0,430.0,3000
2002-02-28,372.1534423828125,430.0,430.0,430.0,430.0,0
2002-03-01,363.4987182617188,420.0,420.0,420.0,420.0,2000
2002-03-04,346.189208984375,400.0,420.0,400.0,420.0,6000
2002-03-05,346.189208984375,400.0,400.0,400.0,400.0,1000
2002-03-06,346.189208984375,400.0,400.0,400.0,400.0,2000
2002-03-07,320.2250366210937,370.0,400.0,370.0,400.0,5000
2002-03-08,350.51666259765625,405.0,405.0,390.0,390.0,3000
2002-03-18,350.51666259765625,405.0,405.0,405.0,405.0,0
2002-03-19,376.4807739257813,435.0,435.0,435.0,435.0,1000
2002-03-20,376.4807739257813,435.0,435.0,435.0,435.0,2000
2002-03-25,376.4807739257813,435.0,435.0,435.0,435.0,0
2002-03-26,381.7462463378906,435.0,435.0,435.0,435.0,0
2002-03-27,459.8507385253906,524.0,524.0,499.0,499.0,6000
2002-03-28,539.7103271484375,615.0,624.0,600.0,600.0,9000
2002-03-29,500.21917724609375,570.0,570.0,570.0,570.0,2000
2002-04-01,430.0130310058594,490.0,490.0,490.0,490.0,1000
2002-04-02,451.9524841308594,515.0,515.0,515.0,515.0,1000
2002-04-04,495.8314208984375,565.0,565.0,550.0,550.0,2000
2002-04-09,535.3224487304688,610.0,610.0,547.0,547.0,3000
2002-04-10,544.09814453125,620.0,620.0,610.0,610.0,1500
2002-04-11,614.304443359375,700.0,700.0,650.0,650.0,1000
2002-04-12,614.304443359375,700.0,700.0,700.0,700.0,700
2002-04-15,614.304443359375,700.0,700.0,675.0,675.0,11200
2002-04-16,614.304443359375,700.0,700.0,700.0,700.0,1800
2002-04-17,605.5286254882812,690.0,700.0,690.0,700.0,2900
2002-04-18,579.2012939453125,660.0,660.0,660.0,660.0,100
2002-04-19,552.8739624023438,630.0,660.0,630.0,660.0,1900
2002-04-22,552.8739624023438,630.0,630.0,560.0,560.0,200
2002-04-23,570.4253540039062,650.0,650.0,560.0,560.0,200
2002-04-24,596.7528686523438,680.0,700.0,580.0,610.0,3200
2002-04-25,658.1832885742188,750.0,750.0,580.0,680.0,16600
2002-04-26,579.2012939453125,660.0,730.0,660.0,730.0,800
2002-05-10,579.2012939453125,660.0,674.0,660.0,674.0,600
2002-05-16,579.2012939453125,660.0,660.0,660.0,660.0,0
2002-05-17,525.6691284179688,599.0,599.0,599.0,599.0,200
2002-05-20,526.5465087890625,600.0,600.0,599.0,599.0,1200
2002-05-22,566.0376586914062,645.0,645.0,630.0,630.0,1900
2002-05-24,566.0376586914062,645.0,645.0,645.0,645.0,200
2002-05-27,566.0376586914062,645.0,645.0,645.0,645.0,700
2002-05-30,566.0376586914062,645.0,645.0,645.0,645.0,0
2002-05-31,517.7708740234375,590.0,590.0,590.0,590.0,300
2002-06-10,517.7708740234375,590.0,590.0,590.0,590.0,0
2002-06-11,517.7708740234375,590.0,590.0,590.0,590.0,100
2002-06-12,552.8739624023438,630.0,630.0,630.0,630.0,100
2002-06-13,552.8739624023438,630.0,630.0,630.0,630.0,500
2002-06-20,552.8739624023438,630.0,630.0,630.0,630.0,1100
2002-06-21,552.8739624023438,630.0,630.0,630.0,630.0,0
2002-07-02,526.5465087890625,600.0,600.0,600.0,600.0,4100
2002-07-04,526.5465087890625,600.0,600.0,600.0,600.0,500
2002-07-10,508.9949645996094,580.0,590.0,580.0,590.0,1000
2002-07-12,508.9949645996094,580.0,580.0,580.0,580.0,0
2002-07-15,526.5465087890625,600.0,600.0,600.0,600.0,100
2002-07-18,526.5465087890625,600.0,600.0,600.0,600.0,0
2002-07-19,513.3828735351562,585.0,585.0,555.0,555.0,1700
2002-07-24,513.3828735351562,585.0,585.0,585.0,585.0,0
2002-07-29,482.6677856445313,550.0,550.0,550.0,550.0,0
2002-07-30,473.8919372558594,540.0,540.0,540.0,540.0,500
2002-07-31,482.6677856445313,550.0,550.0,550.0,550.0,100
2002-08-01,482.6677856445313,550.0,550.0,550.0,550.0,400
2002-08-02,495.8314208984375,565.0,565.0,565.0,565.0,400
2002-08-07,495.8314208984375,565.0,565.0,565.0,565.0,300
2002-08-09,495.8314208984375,565.0,565.0,565.0,565.0,700
2002-08-16,495.8314208984375,565.0,565.0,565.0,565.0,0
2002-08-19,500.21917724609375,570.0,570.0,570.0,570.0,200
2002-08-20,500.21917724609375,570.0,570.0,570.0,570.0,1200
2002-08-28,500.21917724609375,570.0,570.0,570.0,570.0,500
2002-09-02,500.21917724609375,570.0,570.0,570.0,570.0,0
2002-09-03,478.2798156738281,545.0,545.0,545.0,545.0,300
2002-09-04,478.2798156738281,545.0,545.0,545.0,545.0,0
2002-09-05,465.1162414550781,530.0,530.0,530.0,530.0,200
2002-09-10,438.788818359375,500.0,530.0,500.0,530.0,1300
2002-09-11,438.788818359375,500.0,500.0,500.0,500.0,200
2002-09-12,438.788818359375,500.0,500.0,500.0,500.0,0
2002-09-13,359.806884765625,410.0,445.0,410.0,445.0,2300
2002-09-20,361.56201171875,412.0,412.0,412.0,412.0,1900
2002-09-23,361.56201171875,412.0,412.0,412.0,412.0,0
2002-09-24,357.17413330078125,407.0,407.0,407.0,407.0,900
2002-09-25,357.17413330078125,407.0,408.0,407.0,408.0,1000
2002-09-26,357.17413330078125,407.0,407.0,407.0,407.0,2000
2002-09-27,355.4189758300781,405.0,407.0,405.0,407.0,2000
2002-09-30,351.0310363769531,400.0,402.0,400.0,402.0,2000
2002-10-10,351.0310363769531,400.0,400.0,400.0,400.0,900
2002-10-15,346.6431884765625,395.0,395.0,395.0,395.0,300
2002-10-16,342.2553100585937,390.0,395.0,390.0,395.0,1200
2002-10-17,342.2553100585937,390.0,390.0,390.0,390.0,0
2002-10-18,342.2553100585937,390.0,390.0,390.0,390.0,1500
2002-10-21,342.2553100585937,390.0,390.0,390.0,390.0,4500
2002-10-22,342.2553100585937,390.0,390.0,390.0,390.0,1200
2002-10-23,315.92791748046875,360.0,381.0,360.0,381.0,600
2002-10-24,307.1522216796875,350.0,350.0,350.0,350.0,1200
2002-10-28,307.1522216796875,350.0,350.0,350.0,350.0,0
2002-10-29,333.4795227050781,380.0,380.0,380.0,380.0,200
2002-11-11,333.4795227050781,380.0,380.0,380.0,380.0,1000
2002-11-18,333.4795227050781,380.0,380.0,380.0,380.0,0
2002-11-19,315.92791748046875,360.0,360.0,360.0,360.0,400
2002-11-20,315.92791748046875,360.0,360.0,360.0,360.0,1800
2002-11-21,298.3764343261719,340.0,340.0,340.0,340.0,200
2002-11-22,298.3764343261719,340.0,340.0,340.0,340.0,800
2002-11-27,302.7643127441406,345.0,345.0,345.0,345.0,1200
2002-11-28,298.3764343261719,340.0,345.0,340.0,345.0,700
2002-11-29,289.60064697265625,330.0,340.0,330.0,340.0,1400
2002-12-04,289.60064697265625,330.0,330.0,330.0,330.0,300
2002-12-06,289.60064697265625,330.0,330.0,330.0,330.0,0
2002-12-09,289.60064697265625,330.0,330.0,330.0,330.0,100
2002-12-10,289.60064697265625,330.0,330.0,330.0,330.0,900
2002-12-11,289.60064697265625,330.0,330.0,330.0,330.0,2000
2002-12-12,298.3764343261719,340.0,340.0,340.0,340.0,6000
2002-12-13,298.3764343261719,340.0,340.0,340.0,340.0,0
2002-12-16,312.4176025390625,356.0,356.0,356.0,356.0,100
2002-12-18,312.4176025390625,356.0,356.0,356.0,356.0,0
2002-12-19,315.92791748046875,360.0,360.0,355.0,355.0,1100
2002-12-20,357.17413330078125,407.0,407.0,407.0,407.0,100
2002-12-23,357.17413330078125,407.0,407.0,407.0,407.0,0
2002-12-24,358.0516357421875,408.0,408.0,408.0,408.0,1000
2002-12-25,359.806884765625,410.0,430.0,410.0,420.0,2300
2002-12-26,359.806884765625,410.0,410.0,410.0,410.0,100
2003-01-07,368.5826416015625,420.0,420.0,410.0,410.0,1500
2003-01-14,368.5826416015625,420.0,420.0,420.0,420.0,1800
2003-01-20,368.5826416015625,420.0,420.0,420.0,420.0,3500
2003-01-22,368.5826416015625,420.0,420.0,420.0,420.0,500
2003-01-31,368.5826416015625,420.0,420.0,420.0,420.0,0
2003-02-03,359.806884765625,410.0,410.0,410.0,410.0,1000
2003-02-05,359.806884765625,410.0,410.0,410.0,410.0,0
2003-02-06,368.5826416015625,420.0,420.0,420.0,420.0,1000
2003-02-10,351.0310363769531,400.0,400.0,400.0,400.0,1200
2003-02-13,351.0310363769531,400.0,400.0,400.0,400.0,400
2003-02-14,351.0310363769531,400.0,400.0,400.0,400.0,200
2003-02-17,351.0310363769531,400.0,400.0,400.0,400.0,1000
2003-02-18,351.0310363769531,400.0,400.0,400.0,400.0,100
2003-02-20,351.0310363769531,400.0,400.0,400.0,400.0,2000
2003-02-25,361.56201171875,412.0,412.0,410.0,410.0,2100
2003-02-26,364.1947021484375,415.0,415.0,412.0,412.0,3400
2003-02-27,351.0310363769531,400.0,410.0,400.0,410.0,1800
2003-02-28,351.0310363769531,400.0,400.0,400.0,400.0,0
2003-03-03,372.9705200195313,425.0,425.0,414.0,414.0,8000
2003-03-04,393.1548156738281,448.0,449.0,421.0,421.0,9800
2003-03-05,412.4614868164063,470.0,470.0,450.0,450.0,900
2003-03-06,421.23736572265625,480.0,480.0,480.0,480.0,1200
2003-03-07,434.4009704589844,495.0,495.0,495.0,495.0,100
2003-03-10,434.4009704589844,495.0,495.0,495.0,495.0,700
2003-03-11,438.788818359375,500.0,500.0,499.0,500.0,5400
2003-03-12,460.728271484375,525.0,525.0,505.0,505.0,2800
2003-03-13,451.9524841308594,515.0,515.0,515.0,515.0,3900
2003-03-14,451.9524841308594,515.0,515.0,515.0,515.0,0
2003-03-17,447.5646667480469,510.0,510.0,510.0,510.0,400
2003-03-18,464.2386169433594,529.0,530.0,510.0,510.0,1100
2003-03-19,464.2386169433594,529.0,529.0,529.0,529.0,0
2003-03-20,465.1162414550781,530.0,530.0,529.0,529.0,2100
2003-03-24,465.1162414550781,530.0,530.0,530.0,530.0,0
2003-03-25,487.05560302734375,555.0,555.0,555.0,555.0,100
2003-03-26,489.7366027832031,548.0,548.0,548.0,548.0,100
2003-03-27,455.7768249511719,510.0,510.0,510.0,510.0,100
2003-03-28,455.7768249511719,510.0,510.0,510.0,510.0,900
2003-03-31,455.7768249511719,510.0,510.0,510.0,510.0,0
2003-04-01,453.9894409179688,508.0,508.0,508.0,508.0,200
2003-04-02,453.9894409179688,508.0,508.0,508.0,508.0,0
2003-04-03,437.9031982421875,490.0,500.0,490.0,500.0,2500
2003-04-04,437.0095825195313,489.0,508.0,489.0,491.0,1600
2003-04-07,428.9664306640625,480.0,485.0,480.0,485.0,1300
2003-04-08,428.9664306640625,480.0,480.0,480.0,480.0,700
2003-04-10,448.6274108886719,502.0,508.0,480.0,490.0,10600
2003-04-11,473.6504211425781,530.0,530.0,510.0,530.0,2100
2003-04-14,473.6504211425781,530.0,530.0,530.0,530.0,1000
2003-04-15,487.0555419921875,545.0,545.0,530.0,540.0,3600
2003-04-16,518.3344116210938,580.0,580.0,530.0,545.0,3200
2003-04-17,487.0555419921875,545.0,555.0,545.0,555.0,1200
2003-04-18,487.0555419921875,545.0,545.0,545.0,545.0,1100
2003-04-23,478.1188354492188,535.0,535.0,535.0,535.0,1000
2003-04-24,504.9292297363281,565.0,575.0,535.0,535.0,5200
2003-04-25,504.9292297363281,565.0,580.0,565.0,580.0,1800
2003-04-28,540.6764526367188,605.0,605.0,575.0,575.0,4300
2003-05-01,518.3344116210938,580.0,580.0,580.0,580.0,1000
2003-05-02,540.6764526367188,605.0,605.0,590.0,600.0,4000
2003-05-05,540.6764526367188,605.0,605.0,605.0,605.0,0
2003-05-06,558.550048828125,625.0,625.0,600.0,600.0,7000
2003-05-07,558.550048828125,625.0,625.0,624.0,624.0,2000
2003-05-08,567.4867553710938,635.0,635.0,590.0,624.0,5300
2003-05-09,576.4236450195312,645.0,645.0,615.0,620.0,7500
2003-05-12,567.4867553710938,635.0,635.0,635.0,635.0,200
2003-05-13,518.3344116210938,580.0,620.0,580.0,620.0,2400
2003-05-14,527.2711791992188,590.0,650.0,590.0,615.0,3000
2003-05-15,527.2711791992188,590.0,645.0,590.0,645.0,2400
2003-05-16,527.2711791992188,590.0,620.0,590.0,620.0,5700
2003-05-19,554.08154296875,620.0,620.0,580.0,580.0,4300
2003-05-20,558.550048828125,625.0,625.0,620.0,620.0,3500
2003-05-21,558.550048828125,625.0,625.0,625.0,625.0,1500
2003-05-22,558.550048828125,625.0,625.0,610.0,620.0,2500
2003-05-23,536.2080078125,600.0,600.0,590.0,595.0,1500
2003-05-26,527.2711791992188,590.0,590.0,590.0,590.0,500
2003-05-28,527.2711791992188,590.0,590.0,590.0,590.0,0
2003-05-29,518.3344116210938,580.0,580.0,580.0,580.0,600
2003-05-30,540.6764526367188,605.0,605.0,555.0,580.0,1100
2003-06-02,554.08154296875,620.0,625.0,620.0,625.0,1500
2003-06-04,554.08154296875,620.0,620.0,620.0,620.0,0
2003-06-05,589.8287963867188,660.0,660.0,614.0,620.0,2900
2003-06-06,598.765625,670.0,670.0,670.0,670.0,200
2003-06-09,576.4236450195312,645.0,690.0,645.0,660.0,1400
2003-06-10,576.4236450195312,645.0,645.0,645.0,645.0,1000
2003-06-11,665.7916870117188,745.0,745.0,645.0,645.0,4500
2003-06-12,616.63916015625,690.0,745.0,690.0,745.0,1800
2003-06-16,643.4495849609375,720.0,720.0,700.0,715.0,2000
2003-06-17,647.9180297851562,725.0,725.0,700.0,700.0,1000
2003-06-18,647.9180297851562,725.0,725.0,725.0,725.0,0
2003-06-19,665.7916870117188,745.0,745.0,720.0,720.0,600
2003-06-20,661.3231201171875,740.0,745.0,740.0,745.0,800
2003-06-23,710.4755859375,795.0,795.0,730.0,761.0,4700
2003-06-24,706.0072021484375,790.0,790.0,790.0,790.0,700
2003-06-25,706.0072021484375,790.0,790.0,790.0,790.0,0
2003-06-26,714.9439697265625,800.0,800.0,800.0,800.0,100
2003-06-27,741.7543334960938,830.0,830.0,800.0,800.0,3700
2003-06-30,737.2860717773438,825.0,830.0,825.0,830.0,2600
2003-07-01,746.2227172851562,835.0,835.0,810.0,825.0,5800
2003-07-02,741.7543334960938,830.0,840.0,830.0,830.0,2600
2003-07-03,768.5647583007812,860.0,871.0,835.0,835.0,6300
2003-07-07,844.5275268554688,945.0,955.0,880.0,895.0,14400
2003-07-08,857.932861328125,960.0,975.0,940.0,947.0,11800
2003-07-09,857.932861328125,960.0,975.0,930.0,945.0,12000
2003-07-10,857.932861328125,960.0,960.0,955.0,955.0,600
2003-07-11,804.3120727539062,900.0,945.0,900.0,945.0,4000
2003-07-14,804.3120727539062,900.0,900.0,850.0,880.0,3800
2003-07-15,804.3120727539062,900.0,900.0,900.0,900.0,0
2003-07-16,804.3120727539062,900.0,900.0,900.0,900.0,200
2003-07-17,786.4384765625,880.0,880.0,880.0,880.0,600
2003-07-18,786.4384765625,880.0,880.0,880.0,880.0,4500
2003-07-21,786.4384765625,880.0,880.0,880.0,880.0,0
2003-07-22,795.3751831054688,890.0,890.0,890.0,890.0,500
2003-07-23,795.3751831054688,890.0,890.0,890.0,890.0,0
2003-07-24,768.5647583007812,860.0,880.0,800.0,860.0,5500
2003-07-28,768.5647583007812,860.0,860.0,860.0,860.0,0
2003-07-29,777.5015258789062,870.0,870.0,860.0,860.0,500
2003-07-30,758.7344360351562,849.0,870.0,849.0,870.0,1400
2003-07-31,795.3751831054688,890.0,890.0,849.0,849.0,3700
2003-08-01,799.8435668945312,895.0,905.0,875.0,899.0,4200
2003-08-04,799.8435668945312,895.0,895.0,895.0,895.0,0
2003-08-05,777.5015258789062,870.0,870.0,870.0,870.0,500
2003-08-06,759.6280517578125,850.0,850.0,850.0,850.0,900
2003-08-07,755.1596069335938,845.0,850.0,840.0,840.0,2000
2003-08-08,759.6280517578125,850.0,850.0,790.0,845.0,5600
2003-08-11,758.7344360351562,849.0,849.0,849.0,849.0,1000
2003-08-14,758.7344360351562,849.0,849.0,849.0,849.0,0
2003-08-15,697.9640502929688,781.0,781.0,727.0,727.0,700
2003-08-18,652.3864135742188,730.0,790.0,730.0,790.0,4600
2003-08-19,670.2600708007812,750.0,750.0,710.0,740.0,8200
2003-08-20,670.2600708007812,750.0,751.0,750.0,751.0,1700
2003-08-21,670.2600708007812,750.0,750.0,750.0,750.0,100
2003-08-25,670.2600708007812,750.0,750.0,750.0,750.0,0
2003-08-26,670.2600708007812,750.0,750.0,750.0,750.0,2400
2003-08-27,643.4495849609375,720.0,720.0,700.0,700.0,1100
2003-08-28,643.4495849609375,720.0,720.0,700.0,720.0,2100
2003-08-29,661.3231201171875,740.0,740.0,720.0,720.0,1000
2003-09-01,661.3231201171875,740.0,740.0,740.0,740.0,0
2003-09-02,665.7916870117188,745.0,745.0,725.0,725.0,600
2003-09-03,665.7916870117188,745.0,745.0,745.0,745.0,200
2003-09-05,665.7916870117188,745.0,745.0,745.0,745.0,0
2003-09-08,647.9180297851562,725.0,725.0,725.0,725.0,500
2003-09-09,647.9180297851562,725.0,725.0,725.0,725.0,100
2003-09-10,648.8117065429688,726.0,726.0,725.0,725.0,1100
2003-09-12,648.8117065429688,726.0,726.0,726.0,726.0,100
2003-09-15,648.8117065429688,726.0,726.0,726.0,726.0,0
2003-09-16,625.5761108398438,700.0,700.0,678.0,678.0,300
2003-09-17,697.0704345703125,780.0,780.0,730.0,730.0,3000
2003-09-18,688.1336669921875,770.0,790.0,760.0,785.0,900
2003-09-19,688.1336669921875,770.0,770.0,770.0,770.0,800
2003-09-23,688.1336669921875,770.0,770.0,770.0,770.0,0
2003-09-24,670.2600708007812,750.0,750.0,750.0,750.0,300
2003-09-25,697.0704345703125,780.0,780.0,780.0,780.0,100
2003-09-26,697.0704345703125,780.0,780.0,780.0,780.0,0
2003-09-29,626.4697265625,701.0,701.0,701.0,701.0,1000
2003-09-30,634.5128173828125,710.0,710.0,710.0,710.0,200
2003-10-01,636.3001098632812,712.0,712.0,712.0,712.0,300
2003-10-02,636.3001098632812,712.0,712.0,712.0,712.0,0
2003-10-03,643.4495849609375,720.0,720.0,720.0,720.0,300
2003-10-06,643.4495849609375,720.0,720.0,720.0,720.0,0
2003-10-07,638.9810791015625,715.0,715.0,700.0,700.0,1100
2003-10-08,625.5761108398438,700.0,715.0,700.0,715.0,2100
2003-10-09,624.682373046875,699.0,700.0,699.0,700.0,1600
2003-10-10,616.63916015625,690.0,699.0,690.0,699.0,1800
2003-10-14,616.63916015625,690.0,690.0,690.0,690.0,100
2003-10-15,616.63916015625,690.0,690.0,690.0,690.0,0
2003-10-16,605.9151000976562,678.0,678.0,678.0,678.0,100
2003-10-17,605.9151000976562,678.0,678.0,678.0,678.0,0
2003-10-20,589.8287963867188,660.0,678.0,660.0,678.0,2900
2003-10-28,589.8287963867188,660.0,660.0,660.0,660.0,100
2003-10-30,589.8287963867188,660.0,660.0,660.0,660.0,0
2003-10-31,580.8920288085938,650.0,650.0,650.0,650.0,100
2003-11-03,580.8920288085938,650.0,650.0,650.0,650.0,0
2003-11-04,571.9551391601562,640.0,640.0,640.0,640.0,100
2003-11-05,563.0184326171875,630.0,630.0,630.0,630.0,100
2003-11-06,563.0184326171875,630.0,630.0,630.0,630.0,0
2003-11-07,563.0184326171875,630.0,630.0,630.0,630.0,1000
2003-11-10,536.2080078125,600.0,630.0,600.0,630.0,1200
2003-11-19,536.2080078125,600.0,600.0,600.0,600.0,0
2003-11-20,531.7396240234375,595.0,600.0,595.0,600.0,1700
2003-11-27,531.7396240234375,595.0,595.0,595.0,595.0,0
2003-11-28,487.0555419921875,545.0,545.0,545.0,545.0,200
2003-12-09,487.0555419921875,545.0,545.0,545.0,545.0,1000
2003-12-10,487.0555419921875,545.0,550.0,545.0,550.0,3000
2003-12-11,487.0555419921875,545.0,545.0,545.0,545.0,500
2003-12-15,487.0555419921875,545.0,545.0,545.0,545.0,0
2003-12-16,393.21923828125,440.0,500.0,440.0,500.0,3500
2003-12-17,388.7507629394531,435.0,435.0,435.0,435.0,1600
2003-12-18,384.2823791503906,430.0,430.0,430.0,430.0,1000
2003-12-19,396.7938537597656,444.0,444.0,444.0,444.0,200
2003-12-22,402.1560363769531,450.0,475.0,450.0,475.0,1500
2003-12-23,402.1560363769531,450.0,450.0,450.0,450.0,0
2003-12-24,393.21923828125,440.0,450.0,430.0,450.0,7200
2003-12-29,393.21923828125,440.0,440.0,440.0,440.0,0
2003-12-30,386.06976318359375,432.0,432.0,432.0,432.0,2000
2004-01-02,386.06976318359375,432.0,432.0,432.0,432.0,0
2004-01-05,388.7507629394531,435.0,435.0,432.0,432.0,4200
2004-01-06,390.53814697265625,437.0,437.0,436.0,436.0,3000
2004-01-07,393.21923828125,440.0,440.0,440.0,440.0,3000
2004-01-08,406.6243591308594,455.0,455.0,450.0,450.0,1500
2004-01-09,420.0296020507813,470.0,475.0,460.0,460.0,6400
2004-01-13,415.5611877441406,465.0,470.0,465.0,470.0,4900
2004-01-15,420.0296020507813,470.0,470.0,470.0,470.0,2200
2004-01-16,420.0296020507813,470.0,470.0,470.0,470.0,0
2004-01-19,416.4548645019531,466.0,466.0,466.0,466.0,2700
2004-01-20,417.34857177734375,467.0,467.0,466.0,467.0,2700
2004-01-21,420.0296020507813,470.0,470.0,470.0,470.0,6500
2004-01-22,420.9232482910156,471.0,471.0,471.0,471.0,2900
2004-01-23,420.9232482910156,471.0,471.0,471.0,471.0,0
2004-01-26,421.8169555664063,472.0,474.0,471.0,471.0,8100
2004-01-27,420.0296020507813,470.0,472.0,470.0,471.0,5000
2004-01-28,421.8169555664063,472.0,480.0,472.0,480.0,1200
2004-01-29,424.49798583984375,475.0,475.0,472.0,474.0,9700
2004-01-30,420.0296020507813,470.0,475.0,470.0,475.0,2200
2004-02-02,421.8169555664063,472.0,475.0,471.0,475.0,2900
2004-02-03,422.7106323242188,473.0,473.0,472.0,473.0,1200
2004-02-04,423.6042785644531,474.0,474.0,474.0,474.0,200
2004-02-05,417.34857177734375,467.0,470.0,460.0,470.0,7500
2004-02-06,420.0296020507813,470.0,470.0,470.0,470.0,900
2004-02-09,420.0296020507813,470.0,470.0,470.0,470.0,400
2004-02-10,416.4548645019531,466.0,470.0,466.0,470.0,1600
2004-02-11,416.4548645019531,466.0,466.0,466.0,466.0,0
2004-02-12,420.0296020507813,470.0,470.0,470.0,470.0,4100
2004-02-13,415.5611877441406,465.0,470.0,465.0,470.0,1300
2004-02-17,415.5611877441406,465.0,465.0,465.0,465.0,0
2004-02-18,428.9664306640625,480.0,480.0,475.0,475.0,2400
2004-02-19,428.9664306640625,480.0,480.0,480.0,480.0,0
2004-02-20,441.4779052734375,494.0,494.0,494.0,494.0,100
2004-02-23,446.8399963378906,500.0,500.0,494.0,494.0,1400
2004-02-24,446.8399963378906,500.0,500.0,500.0,500.0,0
2004-02-25,536.2080078125,600.0,600.0,514.0,514.0,4600
2004-02-26,535.3143920898438,599.0,599.0,598.0,599.0,500
2004-02-27,466.50091552734375,522.0,598.0,522.0,598.0,1600
2004-03-01,446.8399963378906,500.0,500.0,494.0,500.0,6600
2004-03-02,495.0987548828125,554.0,554.0,500.0,500.0,7600
2004-03-03,495.0987548828125,554.0,600.0,554.0,600.0,3600
2004-03-04,491.5240478515625,550.0,555.0,550.0,554.0,1300
2004-03-08,496.8861389160156,556.0,556.0,556.0,556.0,100
2004-03-09,495.9923706054688,555.0,560.0,555.0,560.0,3000
2004-03-10,491.5240478515625,550.0,555.0,550.0,555.0,1600
2004-03-11,487.0555419921875,545.0,550.0,545.0,550.0,300
2004-03-12,464.713623046875,520.0,545.0,520.0,545.0,600
2004-03-15,486.1618957519531,544.0,544.0,530.0,530.0,600
2004-03-16,487.0555419921875,545.0,545.0,544.0,544.0,200
2004-03-17,490.6304016113281,549.0,549.0,545.0,545.0,900
2004-03-18,469.1820373535156,525.0,549.0,490.0,549.0,14200
2004-03-19,489.7366027832031,548.0,548.0,530.0,530.0,3200
2004-03-22,462.0325317382813,517.0,538.0,515.0,538.0,3900
2004-03-23,460.2452087402344,515.0,520.0,515.0,520.0,1800
2004-03-24,464.713623046875,520.0,530.0,520.0,525.0,800
2004-03-25,457.5641784667969,512.0,520.0,512.0,520.0,1300
2004-03-26,473.80902099609375,525.0,525.0,525.0,525.0,800
2004-03-30,473.80902099609375,525.0,545.0,525.0,525.0,2600
2004-03-31,451.2466735839844,500.0,525.0,500.0,525.0,4400
2004-04-01,450.34423828125,499.0,500.0,498.0,500.0,1600
2004-04-02,451.2466735839844,500.0,510.0,500.0,510.0,2400
2004-04-05,449.4416809082031,498.0,500.0,498.0,500.0,5800
2004-04-06,453.0516662597656,502.0,515.0,502.0,515.0,3800
2004-04-07,453.0516662597656,502.0,502.0,502.0,502.0,0
2004-04-08,482.833984375,535.0,535.0,520.0,520.0,3200
2004-04-09,491.8588562011719,545.0,545.0,535.0,535.0,800
2004-04-12,460.2716674804688,510.0,546.0,510.0,546.0,1900
2004-04-13,478.3215637207031,530.0,540.0,530.0,530.0,1200
2004-04-14,496.3713684082031,550.0,550.0,535.0,540.0,3700
2004-04-15,496.3713684082031,550.0,555.0,550.0,555.0,1700
2004-04-16,487.346435546875,540.0,545.0,540.0,545.0,500
2004-04-19,478.3215637207031,530.0,546.0,530.0,540.0,2900
2004-04-20,478.3215637207031,530.0,530.0,530.0,530.0,1600
2004-04-21,474.7115478515625,526.0,535.0,525.0,535.0,2400
2004-04-22,474.7115478515625,526.0,526.0,516.0,516.0,1100
2004-04-23,464.7841491699219,515.0,520.0,515.0,520.0,1700
2004-04-26,469.2966003417969,520.0,525.0,520.0,525.0,300
2004-04-27,473.80902099609375,525.0,525.0,525.0,525.0,1800
2004-04-28,460.2716674804688,510.0,545.0,510.0,530.0,5800
2004-04-30,478.3215637207031,530.0,530.0,521.0,521.0,2900
2004-05-05,478.3215637207031,530.0,530.0,530.0,530.0,0
2004-05-06,471.1015625,522.0,522.0,522.0,522.0,400
2004-05-07,471.1015625,522.0,522.0,522.0,522.0,0
2004-05-10,447.6367492675781,496.0,522.0,496.0,522.0,1700
2004-05-11,392.5846252441406,435.0,499.0,435.0,499.0,3200
2004-05-12,406.1220397949219,450.0,456.0,450.0,450.0,3700
2004-05-14,415.1469421386719,460.0,480.0,460.0,475.0,1700
2004-05-17,410.6344909667969,455.0,470.0,455.0,470.0,200
2004-05-21,433.1968688964844,480.0,480.0,480.0,480.0,500
2004-05-26,424.17193603515625,470.0,475.0,470.0,475.0,200
2004-06-01,433.1968688964844,480.0,480.0,465.0,465.0,1900
2004-06-03,424.17193603515625,470.0,475.0,470.0,475.0,900
2004-06-07,433.1968688964844,480.0,480.0,475.0,475.0,200
2004-06-10,424.17193603515625,470.0,479.0,470.0,479.0,1000
2004-06-11,415.1469421386719,460.0,465.0,435.0,465.0,2300
2004-06-14,410.6344909667969,455.0,456.0,455.0,456.0,1500
2004-06-15,401.609619140625,445.0,451.0,430.0,451.0,1500
2004-06-16,401.609619140625,445.0,449.0,445.0,445.0,1600
2004-06-17,406.1220397949219,450.0,455.0,450.0,455.0,400
2004-06-18,406.1220397949219,450.0,450.0,450.0,450.0,1700
2004-06-21,392.5846252441406,435.0,444.0,435.0,444.0,1300
2004-06-22,392.5846252441406,435.0,435.0,435.0,435.0,1200
2004-06-23,392.5846252441406,435.0,435.0,431.0,435.0,900
2004-06-24,406.1220397949219,450.0,450.0,432.0,432.0,1100
2004-06-28,406.1220397949219,450.0,450.0,450.0,450.0,400
2004-06-30,413.342041015625,458.0,458.0,458.0,458.0,2000
2004-07-01,408.8294982910156,453.0,455.0,453.0,453.0,1600
2004-07-02,408.8294982910156,453.0,454.0,453.0,454.0,1500
2004-07-05,406.1220397949219,450.0,450.0,450.0,450.0,1600
2004-07-07,397.0970458984375,440.0,450.0,440.0,450.0,20600
2004-07-09,397.0970458984375,440.0,440.0,436.0,440.0,2700
2004-07-13,469.2966003417969,520.0,520.0,465.0,465.0,2000
2004-07-14,415.1469421386719,460.0,520.0,460.0,514.0,1600
2004-07-15,414.2444763183594,459.0,469.0,459.0,469.0,1200
2004-07-20,414.2444763183594,459.0,471.0,459.0,470.0,6800
2004-07-21,414.2444763183594,459.0,459.0,459.0,459.0,0
2004-07-22,424.17193603515625,470.0,470.0,470.0,470.0,200
2004-07-26,410.6344909667969,455.0,460.0,455.0,460.0,300
2004-07-27,424.17193603515625,470.0,470.0,452.0,452.0,2100
2004-07-28,433.1968688964844,480.0,490.0,470.0,470.0,2000
2004-08-02,407.0245361328125,451.0,451.0,451.0,451.0,100
2004-08-05,432.2943115234375,479.0,479.0,468.0,468.0,1100
2004-08-09,424.17193603515625,470.0,470.0,469.0,469.0,2000
2004-08-10,424.17193603515625,470.0,470.0,470.0,470.0,300
2004-08-11,424.17193603515625,470.0,470.0,470.0,470.0,500
2004-08-16,424.17193603515625,470.0,470.0,470.0,470.0,0
2004-08-20,419.6594543457031,465.0,465.0,465.0,465.0,1500
2004-08-23,427.7818603515625,474.0,474.0,465.0,465.0,200
2004-08-24,427.7818603515625,474.0,474.0,474.0,474.0,0
2004-08-25,416.9519653320313,462.0,465.0,462.0,465.0,700
2004-08-30,416.9519653320313,462.0,462.0,462.0,462.0,0
2004-09-03,397.9995727539063,441.0,441.0,441.0,441.0,100
2004-09-06,397.9995727539063,441.0,441.0,441.0,441.0,0
2004-09-10,406.1220397949219,450.0,464.0,450.0,464.0,1600
2004-09-14,419.6594543457031,465.0,465.0,465.0,465.0,300
2004-09-17,419.6594543457031,465.0,465.0,465.0,465.0,1600
2004-09-22,415.1469421386719,460.0,460.0,460.0,460.0,100
2004-09-24,402.5120849609375,446.0,465.0,446.0,465.0,1100
2004-09-27,397.0970458984375,440.0,440.0,440.0,440.0,600
2004-09-30,433.1968688964844,480.0,480.0,480.0,480.0,2000
2004-10-01,460.2716674804688,510.0,510.0,479.0,479.0,5000
2004-10-06,460.2716674804688,510.0,510.0,510.0,510.0,0
2004-10-13,406.1220397949219,450.0,465.0,450.0,465.0,1300
2004-10-19,406.1220397949219,450.0,450.0,430.0,430.0,600
2004-10-20,388.0721435546875,430.0,450.0,430.0,450.0,1700
2004-10-21,388.0721435546875,430.0,430.0,430.0,430.0,400
2004-10-29,379.0472412109375,420.0,420.0,420.0,420.0,400
2004-11-01,397.0970458984375,440.0,440.0,439.0,439.0,200
2004-11-08,388.0721435546875,430.0,430.0,430.0,430.0,100
2004-11-10,388.0721435546875,430.0,430.0,430.0,430.0,1000
2004-11-15,392.5846252441406,435.0,435.0,435.0,435.0,2000
2004-11-18,392.5846252441406,435.0,435.0,435.0,435.0,0
2004-11-19,381.7546997070313,423.0,423.0,423.0,423.0,1300
2004-11-22,381.7546997070313,423.0,423.0,423.0,423.0,100
2004-11-29,388.9746398925781,431.0,432.0,431.0,431.0,300
2004-11-30,388.9746398925781,431.0,431.0,431.0,431.0,0
2004-12-01,388.0721435546875,430.0,430.0,430.0,430.0,800
2004-12-02,387.169677734375,429.0,429.0,429.0,429.0,200
2004-12-03,388.0721435546875,430.0,430.0,430.0,430.0,200
2004-12-08,379.0472412109375,420.0,420.0,420.0,420.0,300
2004-12-13,379.0472412109375,420.0,421.0,420.0,420.0,2400
2004-12-20,358.28985595703125,397.0,420.0,396.0,420.0,2200
2004-12-21,379.0472412109375,420.0,430.0,410.0,410.0,1100
2004-12-22,360.9973754882813,400.0,400.0,400.0,400.0,1700
2004-12-24,360.9973754882813,400.0,404.0,400.0,404.0,1300
2004-12-30,370.0223083496094,410.0,418.0,410.0,418.0,300
2005-01-04,370.0223083496094,410.0,415.0,410.0,415.0,500
2005-01-05,370.0223083496094,410.0,410.0,410.0,410.0,200
2005-01-06,370.9248046875,411.0,411.0,411.0,411.0,100
2005-01-07,379.0472412109375,420.0,420.0,420.0,420.0,900
2005-01-11,379.0472412109375,420.0,425.0,420.0,425.0,3800
2005-01-13,392.5846252441406,435.0,445.0,435.0,441.0,900
2005-01-14,406.1220397949219,450.0,450.0,443.0,448.0,1400
2005-01-17,424.17193603515625,470.0,470.0,450.0,450.0,700
2005-01-19,424.17193603515625,470.0,470.0,470.0,470.0,1000
2005-01-20,415.1469421386719,460.0,460.0,460.0,460.0,1200
2005-01-21,388.0721435546875,430.0,460.0,430.0,460.0,3800
2005-01-24,379.0472412109375,420.0,420.0,420.0,420.0,800
2005-01-25,397.0970458984375,440.0,444.0,422.0,422.0,2300
2005-01-26,415.1469421386719,460.0,460.0,459.0,460.0,3400
2005-01-27,406.1220397949219,450.0,460.0,450.0,460.0,700
2005-01-28,406.1220397949219,450.0,450.0,450.0,450.0,100
2005-01-31,388.0721435546875,430.0,430.0,430.0,430.0,900
2005-02-03,387.169677734375,429.0,435.0,420.0,435.0,1400
2005-02-04,388.0721435546875,430.0,430.0,420.0,429.0,1500
2005-02-07,396.1946411132813,439.0,439.0,439.0,439.0,600
2005-02-08,396.1946411132813,439.0,439.0,430.0,439.0,700
2005-02-09,396.1946411132813,439.0,439.0,439.0,439.0,0
2005-02-10,383.5596618652344,425.0,439.0,425.0,439.0,2800
2005-02-14,397.0970458984375,440.0,460.0,439.0,439.0,2700
2005-02-17,397.0970458984375,440.0,440.0,440.0,440.0,0
2005-02-18,407.0245361328125,451.0,451.0,451.0,451.0,1300
2005-02-21,407.9270324707031,452.0,455.0,451.0,451.0,1600
2005-02-22,415.1469421386719,460.0,460.0,452.0,455.0,600
2005-02-23,415.1469421386719,460.0,461.0,460.0,461.0,1500
2005-02-25,406.1220397949219,450.0,450.0,425.0,425.0,1700
2005-03-02,392.5846252441406,435.0,435.0,435.0,435.0,200
2005-03-03,392.5846252441406,435.0,435.0,435.0,435.0,700
2005-03-04,403.4145812988281,447.0,447.0,446.0,446.0,300
2005-03-07,419.6594543457031,465.0,465.0,450.0,450.0,600
2005-03-09,414.2444763183594,459.0,459.0,459.0,459.0,200
2005-03-10,419.6594543457031,465.0,465.0,459.0,459.0,600
2005-03-11,406.1220397949219,450.0,469.0,450.0,469.0,1600
2005-03-14,415.1469421386719,460.0,460.0,451.0,451.0,400
2005-03-15,410.6344909667969,455.0,455.0,455.0,455.0,100
2005-03-16,415.1469421386719,460.0,469.0,459.0,459.0,2000
2005-03-18,422.3669128417969,468.0,468.0,460.0,460.0,2300
2005-03-22,433.1968688964844,480.0,483.0,480.0,483.0,2100
2005-03-23,417.85443115234375,463.0,480.0,463.0,480.0,1500
2005-03-24,424.17193603515625,470.0,470.0,469.0,469.0,600
2005-03-25,424.17193603515625,470.0,480.0,470.0,480.0,1700
2005-03-28,416.0494384765625,461.0,466.0,461.0,465.0,600
2005-03-29,416.0494384765625,461.0,461.0,461.0,461.0,0
2005-03-30,400.7070617675781,444.0,444.0,444.0,444.0,100
2005-03-31,400.7070617675781,444.0,444.0,444.0,444.0,0
2005-04-01,388.0721435546875,430.0,430.0,430.0,430.0,300
2005-04-05,389.8771667480469,432.0,432.0,432.0,432.0,100
2005-04-07,389.8771667480469,432.0,432.0,432.0,432.0,0
2005-04-08,388.0721435546875,430.0,430.0,430.0,430.0,2000
2005-04-11,390.7796936035156,433.0,433.0,433.0,433.0,100
2005-04-12,391.6821899414063,434.0,434.0,434.0,434.0,100
2005-04-13,405.2195434570313,449.0,449.0,434.0,434.0,700
2005-04-14,399.8045959472656,443.0,443.0,443.0,443.0,100
2005-04-15,401.609619140625,445.0,450.0,435.0,443.0,1300
2005-04-18,401.609619140625,445.0,445.0,445.0,445.0,700
2005-04-19,409.7319946289063,454.0,454.0,449.0,449.0,200
2005-04-20,409.7319946289063,454.0,460.0,454.0,459.0,1100
2005-04-21,415.1469421386719,460.0,460.0,458.0,459.0,500
2005-04-22,415.1469421386719,460.0,460.0,460.0,460.0,1500
2005-04-26,405.2195434570313,449.0,449.0,445.0,445.0,2100
2005-04-27,406.1220397949219,450.0,450.0,450.0,450.0,1000
2005-04-28,407.0245361328125,451.0,451.0,450.0,450.0,1300
2005-05-02,407.0245361328125,451.0,451.0,451.0,451.0,200
2005-05-06,432.2943115234375,479.0,500.0,450.0,450.0,2200
2005-05-09,433.1968688964844,480.0,500.0,480.0,500.0,2000
2005-05-10,406.1220397949219,450.0,480.0,450.0,480.0,1000
2005-05-11,415.1469421386719,460.0,460.0,450.0,450.0,1200
2005-05-18,407.0245361328125,451.0,451.0,450.0,450.0,1200
2005-05-20,406.1220397949219,450.0,450.0,450.0,450.0,1300
2005-05-26,406.1220397949219,450.0,450.0,450.0,450.0,0
2005-05-27,370.0223083496094,410.0,416.0,410.0,411.0,3300
2005-05-30,370.9248046875,411.0,411.0,411.0,411.0,2600
2005-05-31,381.7546997070313,423.0,423.0,410.0,412.0,2600
2005-06-01,367.3148193359375,407.0,415.0,405.0,413.0,2300
2005-06-02,384.4622192382813,426.0,426.0,408.0,408.0,3800
2005-06-03,383.5596618652344,425.0,426.0,425.0,426.0,1000
2005-06-06,374.5347290039063,415.0,420.0,415.0,420.0,1900
2005-06-08,376.3397216796875,417.0,417.0,417.0,417.0,700
2005-06-09,375.437255859375,416.0,418.0,416.0,418.0,800
2005-06-10,375.437255859375,416.0,416.0,416.0,416.0,600
2005-06-13,375.437255859375,416.0,416.0,416.0,416.0,100
2005-06-14,374.5347290039063,415.0,416.0,415.0,416.0,700
2005-06-17,374.5347290039063,415.0,415.0,415.0,415.0,100
2005-06-20,375.437255859375,416.0,416.0,416.0,416.0,300
2005-06-21,375.437255859375,416.0,416.0,416.0,416.0,1300
2005-06-22,374.5347290039063,415.0,416.0,415.0,416.0,500
2005-06-23,371.8272705078125,412.0,415.0,410.0,415.0,2900
2005-06-24,371.8272705078125,412.0,413.0,412.0,413.0,1700
2005-06-27,370.0223083496094,410.0,412.0,410.0,412.0,2000
2005-06-28,361.8998718261719,401.0,410.0,400.0,410.0,3600
2005-06-29,364.6073303222656,404.0,405.0,400.0,402.0,18900
2005-06-30,361.8998718261719,401.0,409.0,400.0,409.0,19800
2005-07-01,363.7048645019531,403.0,408.0,400.0,402.0,8000
2005-07-04,367.3148193359375,407.0,407.0,401.0,403.0,5700
2005-07-05,368.2173156738281,408.0,408.0,401.0,408.0,8000
2005-07-06,372.7297973632813,413.0,413.0,407.0,409.0,14200
2005-07-07,372.7297973632813,413.0,415.0,412.0,414.0,8500
2005-07-08,373.63232421875,414.0,414.0,413.0,414.0,3100
2005-07-11,380.8522033691406,422.0,432.0,415.0,415.0,11800
2005-07-12,373.63232421875,414.0,423.0,413.0,423.0,12000
2005-07-13,374.5347290039063,415.0,415.0,414.0,415.0,1600
2005-07-14,379.0472412109375,420.0,420.0,414.0,414.0,17800
2005-07-15,388.0721435546875,430.0,438.0,425.0,437.0,6300
2005-07-18,388.0721435546875,430.0,430.0,430.0,430.0,0
2005-07-19,397.0970458984375,440.0,440.0,431.0,440.0,13000
2005-07-20,394.3896179199219,437.0,448.0,431.0,445.0,18900
2005-07-21,397.9995727539063,441.0,445.0,441.0,445.0,4900
2005-07-22,397.9995727539063,441.0,444.0,423.0,444.0,12000
2005-07-25,430.4893798828125,477.0,480.0,447.0,449.0,27800
2005-07-26,502.6888427734375,557.0,557.0,477.0,477.0,118500
2005-07-27,592.9381103515625,657.0,657.0,657.0,657.0,41300
2005-07-28,683.1876220703125,757.0,757.0,750.0,757.0,266000
2005-07-29,592.9381103515625,657.0,767.0,657.0,767.0,103800
2005-08-01,669.6500244140625,742.0,757.0,695.0,757.0,190400
2005-08-02,579.4007568359375,642.0,755.0,642.0,750.0,93900
2005-08-03,534.2761840820312,592.0,638.0,559.0,612.0,74100
2005-08-04,541.4960327148438,600.0,630.0,550.0,552.0,43800
2005-08-05,532.4711303710938,590.0,642.0,560.0,611.0,34500
2005-08-08,508.103759765625,563.0,580.0,552.0,561.0,14100
2005-08-09,503.59130859375,558.0,563.0,551.0,551.0,12800
2005-08-10,521.6410522460938,578.0,587.0,564.0,571.0,14600
2005-08-11,496.3713684082031,550.0,578.0,547.0,578.0,25800
2005-08-12,488.2489929199219,541.0,550.0,525.0,545.0,13100
2005-08-15,469.2966003417969,520.0,540.0,510.0,521.0,13500
2005-08-16,470.1990661621094,521.0,538.0,521.0,538.0,9200
2005-08-17,472.9065856933594,524.0,530.0,516.0,522.0,9300
2005-08-18,456.6616516113281,506.0,525.0,501.0,524.0,17100
2005-08-19,460.2716674804688,510.0,515.0,506.0,509.0,17000
2005-08-22,546.9109497070312,606.0,606.0,517.0,517.0,73200
2005-08-23,505.3963623046875,560.0,581.0,556.0,576.0,48100
2005-08-24,509.9088745117188,565.0,586.0,561.0,580.0,23100
2005-08-25,509.9088745117188,565.0,585.0,562.0,585.0,10500
2005-08-26,507.2013244628906,562.0,572.0,560.0,572.0,11100
2005-08-29,493.6638793945313,547.0,562.0,545.0,562.0,10100
2005-08-30,505.3963623046875,560.0,570.0,548.0,562.0,8100
2005-08-31,504.4937438964844,559.0,564.0,546.0,564.0,7100
2005-09-01,492.7614440917969,546.0,562.0,544.0,561.0,13900
2005-09-02,487.346435546875,540.0,545.0,531.0,545.0,3200
2005-09-05,481.029052734375,533.0,544.0,533.0,540.0,10800
2005-09-06,480.12646484375,532.0,535.0,522.0,523.0,6100
2005-09-07,482.833984375,535.0,540.0,535.0,535.0,8500
2005-09-08,491.8588562011719,545.0,549.0,536.0,549.0,2300
2005-09-09,482.833984375,535.0,545.0,535.0,545.0,5000
2005-09-12,478.3215637207031,530.0,539.0,530.0,539.0,5800
2005-09-13,478.3215637207031,530.0,540.0,530.0,540.0,4800
2005-09-14,484.638916015625,537.0,538.0,532.0,538.0,3400
2005-09-15,484.638916015625,537.0,539.0,532.0,539.0,5000
2005-09-16,487.346435546875,540.0,540.0,530.0,530.0,4600
2005-09-19,487.346435546875,540.0,540.0,540.0,540.0,0
2005-09-20,482.833984375,535.0,549.0,520.0,540.0,9500
2005-09-21,480.12646484375,532.0,548.0,530.0,530.0,11700
2005-09-22,473.80902099609375,525.0,540.0,522.0,536.0,6800
2005-09-23,473.80902099609375,525.0,525.0,525.0,525.0,0
2005-09-26,487.346435546875,540.0,540.0,526.0,540.0,9200
2005-09-27,491.8588562011719,545.0,545.0,530.0,531.0,5800
2005-09-28,491.8588562011719,545.0,545.0,531.0,539.0,4600
2005-09-29,488.2489929199219,541.0,545.0,530.0,545.0,8800
2005-09-30,518.9337158203125,575.0,575.0,545.0,546.0,24300
2005-10-03,559.5458374023438,620.0,640.0,574.0,577.0,92500
2005-10-04,542.3984985351562,601.0,641.0,601.0,640.0,32500
2005-10-05,534.2761840820312,592.0,605.0,584.0,601.0,16200
2005-10-06,514.4212646484375,570.0,584.0,560.0,584.0,11800
2005-10-07,541.4960327148438,600.0,610.0,571.0,589.0,22300
2005-10-10,541.4960327148438,600.0,600.0,600.0,600.0,0
2005-10-11,559.5458374023438,620.0,647.0,610.0,630.0,39200
2005-10-12,551.4234619140625,611.0,630.0,610.0,630.0,14800
2005-10-13,541.4960327148438,600.0,615.0,600.0,610.0,7900
2005-10-14,519.836181640625,576.0,615.0,570.0,605.0,6600
2005-10-17,532.4711303710938,590.0,590.0,577.0,577.0,2700
2005-10-18,527.9586181640625,585.0,610.0,580.0,590.0,6600
2005-10-19,536.0810546875,594.0,595.0,586.0,586.0,1300
2005-10-20,528.8611450195312,586.0,595.0,585.0,595.0,2800
2005-10-21,536.983642578125,595.0,595.0,580.0,587.0,3300
2005-10-24,527.05615234375,584.0,590.0,570.0,580.0,8700
2005-10-25,516.226318359375,572.0,573.0,561.0,566.0,5200
2005-10-26,521.6410522460938,578.0,579.0,560.0,572.0,7600
2005-10-27,507.2013244628906,562.0,570.0,562.0,570.0,1100
2005-10-28,507.2013244628906,562.0,565.0,552.0,561.0,6500
2005-10-31,509.9088745117188,565.0,565.0,562.0,565.0,2100
2005-11-01,501.7862854003906,556.0,567.0,555.0,565.0,4800
2005-11-02,507.2013244628906,562.0,567.0,555.0,559.0,21700
2005-11-04,515.32373046875,571.0,579.0,566.0,568.0,8900
2005-11-07,536.983642578125,595.0,600.0,585.0,590.0,13000
2005-11-08,534.2761840820312,592.0,600.0,592.0,600.0,6500
2005-11-09,534.2761840820312,592.0,595.0,591.0,595.0,5300
2005-11-10,527.9586181640625,585.0,598.0,585.0,591.0,6800
2005-11-11,536.0810546875,594.0,597.0,586.0,597.0,2700
2005-11-14,536.983642578125,595.0,598.0,593.0,598.0,3400
2005-11-15,531.5685424804688,589.0,594.0,575.0,594.0,4800
2005-11-16,514.4212646484375,570.0,575.0,495.0,574.0,13400
2005-11-17,486.4439086914063,539.0,550.0,523.0,530.0,14500
2005-11-18,475.6140747070313,527.0,540.0,520.0,540.0,14300
2005-11-21,478.3215637207031,530.0,530.0,515.0,529.0,17800
2005-11-22,513.5188598632812,569.0,570.0,530.0,530.0,13400
2005-11-24,492.7614440917969,546.0,571.0,510.0,570.0,24400
2005-11-25,481.9315490722656,534.0,550.0,530.0,550.0,2700
2005-11-28,473.80902099609375,525.0,540.0,520.0,520.0,1900
2005-11-29,468.3940734863281,519.0,524.0,517.0,524.0,7700
2005-11-30,468.3940734863281,519.0,520.0,510.0,514.0,9300
2005-12-01,478.3215637207031,530.0,535.0,522.0,529.0,3200
2005-12-02,466.589111328125,517.0,530.0,507.0,530.0,7400
2005-12-05,482.833984375,535.0,535.0,517.0,530.0,18500
2005-12-06,478.3215637207031,530.0,540.0,523.0,540.0,11500
2005-12-07,470.1990661621094,521.0,537.0,521.0,530.0,10200
2005-12-08,470.1990661621094,521.0,530.0,520.0,528.0,6100
2005-12-09,470.1990661621094,521.0,531.0,520.0,523.0,9800
2005-12-12,472.0040283203125,523.0,524.0,521.0,523.0,4100
2005-12-13,472.0040283203125,523.0,526.0,521.0,526.0,4200
2005-12-14,469.2966003417969,520.0,524.0,520.0,523.0,8000
2005-12-15,462.9791564941406,513.0,522.0,513.0,519.0,3700
2005-12-16,471.1015625,522.0,523.0,515.0,521.0,7800
2005-12-19,491.8588562011719,545.0,555.0,520.0,523.0,46700
2005-12-20,560.4483642578125,621.0,638.0,561.0,565.0,138200
2005-12-21,515.32373046875,571.0,645.0,560.0,630.0,107800
2005-12-22,513.5188598632812,569.0,585.0,561.0,580.0,19700
2005-12-23,513.5188598632812,569.0,569.0,569.0,569.0,0
2005-12-26,506.2987060546875,561.0,579.0,561.0,579.0,13300
2005-12-27,502.6888427734375,557.0,565.0,557.0,562.0,8200
2005-12-28,497.2738342285156,551.0,558.0,550.0,558.0,6800
2005-12-29,500.8838195800781,555.0,561.0,552.0,552.0,6700
2005-12-30,507.2013244628906,562.0,579.0,556.0,556.0,5200
2006-01-03,507.2013244628906,562.0,562.0,562.0,562.0,0
2006-01-04,505.3963623046875,560.0,560.0,550.0,560.0,1900
2006-01-05,512.6162719726562,568.0,590.0,560.0,586.0,21600
2006-01-06,525.251220703125,582.0,582.0,561.0,570.0,8400
2006-01-09,525.251220703125,582.0,582.0,582.0,582.0,0
2006-01-10,548.716064453125,608.0,615.0,583.0,583.0,16200
2006-01-11,541.4960327148438,600.0,610.0,593.0,609.0,13500
2006-01-12,541.4960327148438,600.0,613.0,600.0,600.0,18200
2006-01-13,546.008544921875,605.0,608.0,600.0,600.0,7600
2006-01-16,537.8861083984375,596.0,605.0,581.0,605.0,10500
2006-01-17,520.7387084960938,577.0,595.0,576.0,595.0,6800
2006-01-18,479.2239685058594,531.0,565.0,531.0,565.0,9200
2006-01-19,501.7862854003906,556.0,570.0,521.0,521.0,3600
2006-01-20,523.4461669921875,580.0,600.0,570.0,579.0,2900
2006-01-23,500.8838195800781,555.0,579.0,555.0,579.0,4400
2006-01-24,496.3713684082031,550.0,580.0,550.0,555.0,4300
2006-01-25,514.4212646484375,570.0,579.0,562.0,570.0,1900
2006-01-26,513.5188598632812,569.0,571.0,556.0,571.0,2900
2006-01-27,505.3963623046875,560.0,569.0,541.0,557.0,7400
2006-01-30,514.4212646484375,570.0,581.0,560.0,577.0,7300
2006-01-31,518.9337158203125,575.0,590.0,575.0,590.0,10100
2006-02-01,523.4461669921875,580.0,590.0,580.0,590.0,2600
2006-02-02,514.4212646484375,570.0,589.0,570.0,589.0,2800
2006-02-03,518.9337158203125,575.0,580.0,570.0,571.0,1900
2006-02-06,522.5437622070312,579.0,580.0,562.0,575.0,4100
2006-02-07,514.4212646484375,570.0,570.0,563.0,567.0,4200
2006-02-08,497.2738342285156,551.0,570.0,550.0,570.0,3400
2006-02-09,502.6888427734375,557.0,560.0,548.0,550.0,7700
2006-02-10,501.7862854003906,556.0,560.0,556.0,558.0,3400
2006-02-13,487.346435546875,540.0,560.0,540.0,560.0,6500
2006-02-14,478.3215637207031,530.0,540.0,530.0,540.0,3800
2006-02-15,478.3215637207031,530.0,535.0,530.0,532.0,2100
2006-02-16,472.9065856933594,524.0,526.0,521.0,523.0,1300
2006-02-17,478.3215637207031,530.0,535.0,520.0,524.0,3400
2006-02-20,475.6140747070313,527.0,530.0,526.0,530.0,2600
2006-02-21,473.80902099609375,525.0,526.0,507.0,526.0,2500
2006-02-22,460.2716674804688,510.0,510.0,505.0,505.0,2200
2006-02-23,468.3940734863281,519.0,525.0,508.0,524.0,3500
2006-02-24,478.3215637207031,530.0,532.0,529.0,529.0,4600
2006-02-27,485.54144287109375,538.0,540.0,535.0,535.0,1900
2006-02-28,484.638916015625,537.0,544.0,535.0,544.0,1500
2006-03-01,482.833984375,535.0,535.0,529.0,530.0,4500
2006-03-02,455.7592468261719,505.0,528.0,505.0,527.0,2100
2006-03-03,455.7592468261719,505.0,505.0,500.0,500.0,900
2006-03-06,469.2966003417969,520.0,521.0,505.0,505.0,1500
2006-03-07,473.80902099609375,525.0,530.0,525.0,530.0,1400
2006-03-08,469.2966003417969,520.0,520.0,512.0,513.0,1000
2006-03-09,464.7841491699219,515.0,515.0,512.0,512.0,300
2006-03-10,464.7841491699219,515.0,520.0,515.0,515.0,1700
2006-03-13,473.80902099609375,525.0,525.0,515.0,515.0,1600
2006-03-14,473.80902099609375,525.0,525.0,525.0,525.0,200
2006-03-15,474.7115478515625,526.0,527.0,520.0,527.0,4100
2006-03-16,464.7841491699219,515.0,527.0,515.0,527.0,2900
2006-03-17,478.3215637207031,530.0,530.0,515.0,515.0,400
2006-03-20,465.68658447265625,516.0,535.0,515.0,530.0,5200
2006-03-21,465.68658447265625,516.0,516.0,516.0,516.0,0
2006-03-22,464.7841491699219,515.0,520.0,515.0,517.0,3300
2006-03-23,464.7841491699219,515.0,529.0,515.0,529.0,3800
2006-03-24,478.3215637207031,530.0,530.0,509.0,515.0,4000
2006-03-27,478.3215637207031,530.0,530.0,521.0,530.0,1800
2006-03-28,469.2966003417969,520.0,525.0,510.0,525.0,700
2006-03-29,469.2966003417969,520.0,520.0,516.0,518.0,400
2006-03-30,472.0040283203125,523.0,523.0,519.0,520.0,1100
2006-03-31,477.41900634765625,529.0,529.0,523.0,523.0,2100
2006-04-03,475.6140747070313,527.0,529.0,525.0,529.0,5400
2006-04-04,476.51654052734375,528.0,530.0,527.0,530.0,3800
2006-04-05,473.80902099609375,525.0,529.0,525.0,527.0,3600
2006-04-06,478.3215637207031,530.0,531.0,524.0,525.0,2700
2006-04-07,477.41900634765625,529.0,530.0,527.0,530.0,400
2006-04-10,473.80902099609375,525.0,529.0,525.0,529.0,5200
2006-04-11,471.1015625,522.0,531.0,522.0,531.0,1000
2006-04-12,472.0040283203125,523.0,523.0,520.0,521.0,1800
2006-04-13,518.03125,574.0,620.0,571.0,613.0,174100
2006-04-14,505.3963623046875,560.0,569.0,555.0,561.0,19800
2006-04-17,490.95648193359375,544.0,567.0,544.0,567.0,28900
2006-04-18,500.8838195800781,555.0,555.0,525.0,541.0,4400
2006-04-19,491.8588562011719,545.0,555.0,530.0,553.0,7000
2006-04-20,491.8588562011719,545.0,546.0,545.0,545.0,1900
2006-04-21,488.2489929199219,541.0,551.0,541.0,550.0,6500
2006-04-24,465.68658447265625,516.0,540.0,515.0,540.0,3400
2006-04-25,482.833984375,535.0,556.0,535.0,543.0,3500
2006-04-26,471.1015625,522.0,530.0,522.0,530.0,1600
2006-04-27,469.2966003417969,520.0,537.0,520.0,537.0,1200
2006-04-28,475.6140747070313,527.0,555.0,525.0,538.0,8700
2006-05-01,482.833984375,535.0,545.0,515.0,540.0,4700
2006-05-02,474.7115478515625,526.0,540.0,523.0,540.0,1700
2006-05-05,474.7115478515625,526.0,526.0,526.0,526.0,0
2006-05-08,478.3215637207031,530.0,540.0,530.0,531.0,800
2006-05-09,482.833984375,535.0,535.0,535.0,535.0,300
2006-05-10,483.7364501953125,536.0,542.0,536.0,542.0,1600
2006-05-11,483.7364501953125,536.0,544.0,536.0,542.0,1100
2006-05-12,478.3215637207031,530.0,536.0,525.0,536.0,2100
2006-05-15,495.4689636230469,549.0,549.0,525.0,530.0,2600
2006-05-16,464.7841491699219,515.0,535.0,512.0,519.0,11900
2006-05-17,446.7342224121094,495.0,516.0,490.0,515.0,3500
2006-05-18,446.7342224121094,495.0,497.0,474.0,497.0,2000
2006-05-19,450.34423828125,499.0,509.0,491.0,501.0,2200
2006-05-22,455.7592468261719,505.0,505.0,490.0,498.0,900
2006-05-23,433.1968688964844,480.0,480.0,465.0,480.0,2700
2006-05-24,429.58685302734375,476.0,483.0,465.0,465.0,1200
2006-05-25,437.7093200683594,485.0,488.0,480.0,484.0,700
2006-05-26,453.0516662597656,502.0,502.0,485.0,500.0,2200
2006-05-29,455.7592468261719,505.0,520.0,500.0,500.0,2200
2006-05-30,455.7592468261719,505.0,505.0,505.0,505.0,300
2006-05-31,434.099365234375,481.0,501.0,481.0,501.0,1500
2006-06-01,435.9043273925781,483.0,483.0,483.0,483.0,100
2006-06-02,406.1220397949219,450.0,482.0,430.0,482.0,1900
2006-06-05,416.0494384765625,461.0,461.0,461.0,461.0,100
2006-06-06,406.1220397949219,450.0,465.0,450.0,465.0,1200
2006-06-07,429.58685302734375,476.0,476.0,452.0,452.0,500
2006-06-08,397.9995727539063,441.0,460.0,440.0,451.0,2100
2006-06-09,389.8771667480469,432.0,445.0,432.0,445.0,1800
2006-06-12,406.1220397949219,450.0,450.0,447.0,447.0,900
2006-06-13,415.1469421386719,460.0,460.0,450.0,451.0,3000
2006-06-14,427.7818603515625,474.0,474.0,460.0,460.0,1300
2006-06-15,428.6843566894531,475.0,480.0,475.0,480.0,200
2006-06-16,435.9043273925781,483.0,498.0,476.0,476.0,1800
2006-06-19,435.9043273925781,483.0,483.0,480.0,480.0,600
2006-06-20,435.9043273925781,483.0,485.0,483.0,483.0,800
2006-06-21,442.22174072265625,490.0,492.0,490.0,492.0,200
2006-06-22,442.22174072265625,490.0,494.0,490.0,494.0,1000
2006-06-23,434.099365234375,481.0,485.0,481.0,484.0,1600
2006-06-26,424.17193603515625,470.0,476.0,460.0,476.0,2100
2006-06-27,434.099365234375,481.0,499.0,481.0,488.0,2900
2006-06-28,430.4893798828125,477.0,477.0,463.0,469.0,2200
2006-06-29,432.2943115234375,479.0,479.0,475.0,479.0,500
2006-06-30,442.22174072265625,490.0,490.0,479.0,479.0,1000
2006-07-03,442.22174072265625,490.0,491.0,490.0,491.0,1400
2006-07-04,437.7093200683594,485.0,490.0,485.0,490.0,600
2006-07-05,436.8068237304688,484.0,484.0,484.0,484.0,100
2006-07-06,424.17193603515625,470.0,470.0,470.0,470.0,900
2006-07-07,415.1469421386719,460.0,471.0,460.0,471.0,500
2006-07-10,416.9519653320313,462.0,462.0,462.0,462.0,200
2006-07-11,417.85443115234375,463.0,463.0,463.0,463.0,1100
2006-07-12,419.6594543457031,465.0,465.0,465.0,465.0,100
2006-07-14,419.6594543457031,465.0,466.0,465.0,466.0,300
2006-07-18,409.7319946289063,454.0,454.0,454.0,454.0,400
2006-07-19,409.7319946289063,454.0,454.0,454.0,454.0,0
2006-07-20,409.7319946289063,454.0,454.0,454.0,454.0,1000
2006-07-21,410.6344909667969,455.0,455.0,455.0,455.0,200
2006-07-25,410.6344909667969,455.0,455.0,455.0,455.0,0
2006-07-26,410.6344909667969,455.0,458.0,455.0,458.0,3400
2006-07-27,411.5369873046875,456.0,456.0,456.0,456.0,400
2006-07-28,411.5369873046875,456.0,469.0,456.0,469.0,1200
2006-07-31,423.2693786621094,469.0,469.0,469.0,469.0,100
2006-08-01,427.7818603515625,474.0,474.0,474.0,474.0,100
2006-08-02,430.4893798828125,477.0,477.0,477.0,477.0,200
2006-08-03,429.58685302734375,476.0,477.0,476.0,477.0,200
2006-08-04,429.58685302734375,476.0,476.0,476.0,476.0,0
2006-08-07,420.56195068359375,466.0,480.0,466.0,471.0,700
2006-08-08,422.3669128417969,468.0,468.0,468.0,468.0,100
2006-08-09,422.3669128417969,468.0,468.0,468.0,468.0,0
2006-08-10,422.3669128417969,468.0,470.0,468.0,470.0,800
2006-08-14,424.17193603515625,470.0,470.0,470.0,470.0,1400
2006-08-15,424.17193603515625,470.0,470.0,470.0,470.0,400
2006-08-16,426.8794250488281,473.0,473.0,470.0,470.0,400
2006-08-18,427.7818603515625,474.0,475.0,474.0,475.0,300
2006-08-21,435.0018310546875,482.0,482.0,477.0,478.0,400
2006-08-22,435.0018310546875,482.0,485.0,482.0,482.0,1500
2006-08-23,437.7093200683594,485.0,487.0,485.0,487.0,400
2006-08-24,445.8317565917969,494.0,499.0,487.0,488.0,700
2006-08-25,450.34423828125,499.0,499.0,498.0,498.0,200
2006-08-28,450.34423828125,499.0,499.0,499.0,499.0,100
2006-08-29,452.1492004394531,501.0,501.0,499.0,500.0,500
2006-08-31,452.1492004394531,501.0,501.0,501.0,501.0,0
2006-09-01,433.1968688964844,480.0,483.0,480.0,483.0,600
2006-09-04,424.17193603515625,470.0,470.0,470.0,470.0,100
2006-09-05,432.2943115234375,479.0,479.0,479.0,479.0,100
2006-09-06,427.7818603515625,474.0,479.0,474.0,479.0,200
2006-09-07,415.1469421386719,460.0,472.0,460.0,472.0,500
2006-09-08,415.1469421386719,460.0,460.0,460.0,460.0,0
2006-09-11,433.1968688964844,480.0,480.0,480.0,480.0,200
2006-09-12,433.1968688964844,480.0,480.0,480.0,480.0,1000
2006-09-13,450.34423828125,499.0,499.0,471.0,480.0,1100
2006-09-14,433.1968688964844,480.0,480.0,480.0,480.0,100
2006-09-15,433.1968688964844,480.0,480.0,465.0,465.0,200
2006-09-18,433.1968688964844,480.0,480.0,480.0,480.0,0
2006-09-19,433.1968688964844,480.0,485.0,480.0,485.0,200
2006-09-20,437.7093200683594,485.0,486.0,480.0,480.0,1600
2006-09-21,437.7093200683594,485.0,485.0,485.0,485.0,900
2006-09-22,437.7093200683594,485.0,485.0,485.0,485.0,100
2006-09-25,437.7093200683594,485.0,485.0,485.0,485.0,300
2006-09-26,437.7093200683594,485.0,485.0,485.0,485.0,500
2006-09-27,437.7093200683594,485.0,485.0,485.0,485.0,200
2006-09-28,437.7093200683594,485.0,485.0,485.0,485.0,0
2006-09-29,437.7093200683594,485.0,485.0,485.0,485.0,400
2006-10-02,425.0744323730469,471.0,471.0,471.0,471.0,200
2006-10-03,428.6843566894531,475.0,475.0,468.0,468.0,600
2006-10-04,423.2693786621094,469.0,472.0,469.0,472.0,300
2006-10-05,423.2693786621094,469.0,469.0,469.0,469.0,0
2006-10-06,419.6594543457031,465.0,465.0,465.0,465.0,200
2006-10-10,419.6594543457031,465.0,475.0,465.0,474.0,1100
2006-10-11,419.6594543457031,465.0,465.0,465.0,465.0,1000
2006-10-12,415.1469421386719,460.0,460.0,460.0,460.0,300
2006-10-13,397.0970458984375,440.0,455.0,440.0,455.0,1500
2006-10-16,399.8045959472656,443.0,469.0,443.0,469.0,300
2006-10-17,397.9995727539063,441.0,441.0,441.0,441.0,400
2006-10-18,397.0970458984375,440.0,440.0,440.0,440.0,1800
2006-10-19,405.2195434570313,449.0,449.0,443.0,449.0,500
2006-10-20,407.9270324707031,452.0,452.0,452.0,452.0,400
2006-10-23,407.9270324707031,452.0,452.0,452.0,452.0,1100
2006-10-24,407.0245361328125,451.0,451.0,450.0,450.0,900
2006-10-25,407.0245361328125,451.0,451.0,451.0,451.0,0
2006-10-26,397.0970458984375,440.0,440.0,440.0,440.0,1500
2006-10-27,406.1220397949219,450.0,470.0,450.0,452.0,1600
2006-10-30,419.6594543457031,465.0,465.0,450.0,450.0,400
2006-10-31,419.6594543457031,465.0,465.0,465.0,465.0,0
2006-11-01,405.2195434570313,449.0,469.0,449.0,469.0,200
2006-11-03,405.2195434570313,449.0,449.0,449.0,449.0,0
2006-11-06,397.0970458984375,440.0,450.0,440.0,447.0,1000
2006-11-07,397.0970458984375,440.0,440.0,440.0,440.0,200
2006-11-08,392.5846252441406,435.0,441.0,435.0,441.0,2500
2006-11-09,397.0970458984375,440.0,440.0,440.0,440.0,100
2006-11-10,383.5596618652344,425.0,440.0,425.0,440.0,1400
2006-11-13,384.4622192382813,426.0,426.0,426.0,426.0,100
2006-11-14,391.6821899414063,434.0,439.0,427.0,439.0,500
2006-11-17,391.6821899414063,434.0,434.0,434.0,434.0,0
2006-11-20,391.6821899414063,434.0,437.0,434.0,435.0,1900
2006-11-21,384.4622192382813,426.0,434.0,426.0,434.0,200
2006-11-22,384.4622192382813,426.0,426.0,426.0,426.0,200
2006-11-23,384.4622192382813,426.0,426.0,426.0,426.0,0
2006-11-24,379.0472412109375,420.0,421.0,420.0,421.0,1000
2006-11-27,370.0223083496094,410.0,410.0,406.0,410.0,500
2006-11-28,370.0223083496094,410.0,410.0,404.0,404.0,300
2006-11-29,366.4122924804688,406.0,406.0,406.0,406.0,600
2006-11-30,366.4122924804688,406.0,410.0,406.0,410.0,500
2006-12-01,370.0223083496094,410.0,410.0,410.0,410.0,2200
2006-12-05,370.0223083496094,410.0,410.0,410.0,410.0,1900
2006-12-06,370.0223083496094,410.0,410.0,410.0,410.0,300
2006-12-07,370.0223083496094,410.0,410.0,410.0,410.0,6200
2006-12-08,379.0472412109375,420.0,420.0,412.0,412.0,500
2006-12-11,379.94970703125,421.0,422.0,420.0,420.0,1400
2006-12-12,376.3397216796875,417.0,420.0,417.0,420.0,1500
2006-12-13,379.0472412109375,420.0,420.0,416.0,416.0,500
2006-12-14,378.1447448730469,419.0,420.0,416.0,419.0,1100
2006-12-15,386.2671508789063,428.0,429.0,420.0,420.0,2300
2006-12-18,384.4622192382813,426.0,430.0,426.0,427.0,4600
2006-12-19,388.0721435546875,430.0,430.0,426.0,430.0,1500
2006-12-20,388.9746398925781,431.0,431.0,430.0,430.0,1200
2006-12-21,384.4622192382813,426.0,433.0,426.0,433.0,1200
2006-12-22,384.4622192382813,426.0,427.0,426.0,426.0,600
2006-12-25,383.5596618652344,425.0,431.0,425.0,431.0,1100
2006-12-26,379.94970703125,421.0,430.0,421.0,421.0,1200
2006-12-27,375.437255859375,416.0,421.0,416.0,421.0,200
2006-12-29,370.9248046875,411.0,416.0,411.0,416.0,1700
2007-01-04,370.0223083496094,410.0,411.0,410.0,411.0,400
2007-01-09,373.63232421875,414.0,416.0,402.0,416.0,2500
2007-01-10,374.5347290039063,415.0,415.0,414.0,414.0,1600
2007-01-11,374.5347290039063,415.0,415.0,415.0,415.0,300
2007-01-12,375.437255859375,416.0,416.0,416.0,416.0,200
2007-01-15,383.5596618652344,425.0,425.0,420.0,420.0,600
2007-01-16,379.0472412109375,420.0,425.0,420.0,425.0,200
2007-01-17,378.1447448730469,419.0,420.0,419.0,420.0,1000
2007-01-18,378.1447448730469,419.0,419.0,419.0,419.0,100
2007-01-19,386.2671508789063,428.0,428.0,420.0,422.0,4300
2007-01-22,384.4622192382813,426.0,430.0,425.0,429.0,4800
2007-01-23,384.4622192382813,426.0,427.0,426.0,426.0,400
2007-01-24,380.8522033691406,422.0,426.0,422.0,426.0,3200
2007-01-25,386.2671508789063,428.0,435.0,427.0,427.0,6700
2007-01-26,386.2671508789063,428.0,428.0,426.0,426.0,600
2007-01-29,402.5120849609375,446.0,446.0,428.0,428.0,8000
2007-01-30,384.4622192382813,426.0,445.0,422.0,445.0,10900
2007-01-31,387.169677734375,429.0,435.0,427.0,428.0,3400
2007-02-01,385.36468505859375,427.0,428.0,422.0,428.0,1800
2007-02-02,384.4622192382813,426.0,427.0,426.0,427.0,1100
2007-02-05,379.0472412109375,420.0,425.0,420.0,425.0,1000
2007-02-06,380.8522033691406,422.0,424.0,419.0,424.0,1600
2007-02-07,376.3397216796875,417.0,420.0,416.0,420.0,1600
2007-02-08,371.8272705078125,412.0,417.0,411.0,417.0,1000
2007-02-09,377.2422180175781,418.0,419.0,418.0,418.0,800
2007-02-13,377.2422180175781,418.0,418.0,410.0,418.0,1200
2007-02-14,380.8522033691406,422.0,422.0,415.0,419.0,6500
2007-02-15,381.7546997070313,423.0,423.0,420.0,420.0,600
2007-02-16,379.0472412109375,420.0,420.0,420.0,420.0,100
2007-02-19,379.0472412109375,420.0,422.0,420.0,422.0,700
2007-02-20,373.63232421875,414.0,422.0,410.0,422.0,2700
2007-02-21,377.2422180175781,418.0,418.0,418.0,418.0,100
2007-02-22,379.0472412109375,420.0,420.0,416.0,416.0,1000
2007-02-23,376.3397216796875,417.0,422.0,417.0,422.0,1800
2007-02-26,379.0472412109375,420.0,422.0,420.0,422.0,1800
2007-02-27,386.2671508789063,428.0,428.0,420.0,423.0,8200
2007-02-28,379.0472412109375,420.0,420.0,415.0,419.0,1300
2007-03-01,374.5347290039063,415.0,423.0,415.0,423.0,1400
2007-03-02,371.8272705078125,412.0,412.0,412.0,412.0,300
2007-03-05,370.0223083496094,410.0,413.0,410.0,413.0,1400
2007-03-06,368.2173156738281,408.0,408.0,405.0,405.0,800
2007-03-07,374.5347290039063,415.0,415.0,409.0,413.0,500
2007-03-08,378.1447448730469,419.0,419.0,410.0,418.0,300
2007-03-09,371.8272705078125,412.0,419.0,402.0,419.0,2800
2007-03-13,375.437255859375,416.0,416.0,415.0,415.0,200
2007-03-14,369.1198120117188,409.0,415.0,409.0,415.0,2000
2007-03-16,370.0223083496094,410.0,418.0,410.0,417.0,1200
2007-03-19,374.5347290039063,415.0,415.0,415.0,415.0,200
2007-03-20,379.0472412109375,420.0,420.0,415.0,416.0,1300
2007-03-22,378.1447448730469,419.0,420.0,419.0,420.0,2300
2007-03-23,375.437255859375,416.0,416.0,416.0,416.0,500
2007-03-26,372.7297973632813,413.0,419.0,410.0,419.0,600
2007-03-27,372.7297973632813,413.0,413.0,413.0,413.0,0
2007-03-28,379.0472412109375,420.0,420.0,420.0,420.0,2600
2007-04-02,379.0472412109375,420.0,420.0,420.0,420.0,0
2007-04-04,370.9248046875,411.0,411.0,411.0,411.0,300
2007-04-06,370.0223083496094,410.0,410.0,410.0,410.0,0
2007-04-09,369.1198120117188,409.0,409.0,409.0,409.0,200
2007-04-10,369.1198120117188,409.0,410.0,409.0,409.0,1200
2007-04-11,370.9248046875,411.0,413.0,410.0,410.0,600
2007-04-12,373.63232421875,414.0,414.0,414.0,414.0,100
2007-04-13,379.0472412109375,420.0,420.0,403.0,414.0,4100
2007-04-18,363.7048645019531,403.0,404.0,403.0,404.0,1500
2007-04-19,363.7048645019531,403.0,403.0,403.0,403.0,0
2007-04-20,371.8272705078125,412.0,412.0,403.0,403.0,1700
2007-04-23,371.8272705078125,412.0,412.0,412.0,412.0,1000
2007-04-26,362.8023071289063,402.0,402.0,401.0,401.0,200
2007-04-27,376.3397216796875,417.0,418.0,402.0,403.0,2400
2007-05-01,376.3397216796875,417.0,417.0,417.0,417.0,100
2007-05-02,361.8998718261719,401.0,401.0,401.0,401.0,1000
2007-05-07,373.63232421875,414.0,414.0,401.0,404.0,1600
2007-05-09,374.5347290039063,415.0,415.0,415.0,415.0,1500
2007-05-10,374.5347290039063,415.0,415.0,415.0,415.0,1000
2007-05-11,365.5098571777344,405.0,407.0,405.0,405.0,1900
2007-05-14,369.1198120117188,409.0,409.0,404.0,406.0,1000
2007-05-16,360.9973754882813,400.0,408.0,400.0,408.0,2100
2007-05-18,361.8998718261719,401.0,401.0,400.0,401.0,900
2007-05-21,368.2173156738281,408.0,408.0,408.0,408.0,100
2007-05-22,368.2173156738281,408.0,408.0,408.0,408.0,1000
2007-05-23,370.9248046875,411.0,419.0,411.0,415.0,4100
2007-05-24,360.9973754882813,400.0,411.0,400.0,411.0,3900
2007-05-25,365.5098571777344,405.0,405.0,404.0,404.0,300
2007-05-28,366.4122924804688,406.0,406.0,401.0,401.0,1400
2007-05-29,361.8998718261719,401.0,401.0,401.0,401.0,1100
2007-05-30,363.7048645019531,403.0,405.0,401.0,401.0,700
2007-05-31,362.8023071289063,402.0,402.0,400.0,401.0,1500
2007-06-01,366.4122924804688,406.0,406.0,406.0,406.0,200
2007-06-04,359.1923828125,398.0,406.0,398.0,406.0,2000
2007-06-06,385.36468505859375,427.0,427.0,398.0,403.0,6200
2007-06-07,378.1447448730469,419.0,419.0,419.0,419.0,400
2007-06-08,378.1447448730469,419.0,419.0,419.0,419.0,900
2007-06-11,378.1447448730469,419.0,419.0,419.0,419.0,300
2007-06-12,351.9724426269531,390.0,410.0,390.0,398.0,7600
2007-06-13,356.4849548339844,395.0,404.0,395.0,404.0,2800
2007-06-14,365.5098571777344,405.0,405.0,392.0,392.0,3600
2007-06-15,366.4122924804688,406.0,415.0,406.0,409.0,6800
2007-06-18,379.0472412109375,420.0,421.0,420.0,421.0,4500
2007-06-19,375.437255859375,416.0,420.0,416.0,420.0,1600
2007-06-20,377.2422180175781,418.0,420.0,418.0,419.0,300
2007-06-21,378.1447448730469,419.0,419.0,418.0,418.0,2400
2007-06-22,371.8272705078125,412.0,412.0,412.0,412.0,100
2007-06-26,371.8272705078125,412.0,412.0,412.0,412.0,0
2007-06-27,380.8522033691406,422.0,422.0,410.0,410.0,1100
2007-06-28,380.8522033691406,422.0,422.0,422.0,422.0,0
2007-06-29,370.0223083496094,410.0,420.0,410.0,416.0,1800
2007-07-02,366.4122924804688,406.0,410.0,401.0,410.0,900
2007-07-03,370.0223083496094,410.0,410.0,410.0,410.0,700
2007-07-04,370.0223083496094,410.0,415.0,410.0,415.0,2500
2007-07-05,377.2422180175781,418.0,418.0,413.0,415.0,1300
2007-07-06,377.2422180175781,418.0,420.0,418.0,419.0,2300
2007-07-09,377.2422180175781,418.0,418.0,418.0,418.0,300
2007-07-10,374.5347290039063,415.0,420.0,415.0,420.0,2900
2007-07-11,365.5098571777344,405.0,405.0,400.0,402.0,3400
2007-07-12,369.1198120117188,409.0,410.0,408.0,408.0,1200
2007-07-13,368.2173156738281,408.0,410.0,399.0,410.0,2200
2007-07-17,367.3148193359375,407.0,407.0,403.0,403.0,200
2007-07-18,361.8998718261719,401.0,407.0,401.0,407.0,300
2007-07-19,361.8998718261719,401.0,408.0,401.0,401.0,800
2007-07-20,364.6073303222656,404.0,404.0,404.0,404.0,100
2007-07-23,370.0223083496094,410.0,412.0,410.0,412.0,1100
2007-07-24,374.5347290039063,415.0,415.0,410.0,414.0,900
2007-07-25,377.2422180175781,418.0,418.0,415.0,415.0,2300
2007-07-26,377.2422180175781,418.0,418.0,418.0,418.0,1600
2007-07-27,370.0223083496094,410.0,410.0,410.0,410.0,100
2007-07-30,368.2173156738281,408.0,414.0,408.0,414.0,300
2007-07-31,359.1923828125,398.0,400.0,395.0,395.0,1400
2007-08-01,351.9724426269531,390.0,398.0,390.0,398.0,2800
2007-08-02,360.0948486328125,399.0,400.0,395.0,395.0,1600
2007-08-03,360.9973754882813,400.0,400.0,396.0,396.0,200
2007-08-06,360.0948486328125,399.0,399.0,390.0,390.0,1200
2007-08-07,354.6799011230469,393.0,399.0,393.0,399.0,200
2007-08-08,354.6799011230469,393.0,393.0,393.0,393.0,0
2007-08-10,359.1923828125,398.0,398.0,398.0,398.0,2000
2007-08-14,360.9973754882813,400.0,400.0,400.0,400.0,800
2007-08-15,352.8749084472656,391.0,400.0,391.0,400.0,900
2007-08-16,347.46002197265625,385.0,391.0,385.0,391.0,1000
2007-08-17,347.46002197265625,385.0,385.0,375.0,375.0,1400
2007-08-20,347.46002197265625,385.0,385.0,385.0,385.0,0
2007-08-21,360.0948486328125,399.0,399.0,390.0,390.0,800
2007-08-22,360.9973754882813,400.0,408.0,400.0,400.0,1800
2007-08-23,367.3148193359375,407.0,407.0,400.0,400.0,1400
2007-08-24,367.3148193359375,407.0,407.0,407.0,407.0,100
2007-08-27,369.1198120117188,409.0,409.0,409.0,409.0,100
2007-08-29,369.1198120117188,409.0,409.0,409.0,409.0,0
2007-08-30,370.9248046875,411.0,411.0,390.0,390.0,1400
2007-08-31,370.9248046875,411.0,411.0,411.0,411.0,0
2007-09-03,361.8998718261719,401.0,401.0,401.0,401.0,200
2007-09-04,361.8998718261719,401.0,401.0,401.0,401.0,100
2007-09-05,361.8998718261719,401.0,401.0,401.0,401.0,0
2007-09-06,360.0948486328125,399.0,399.0,399.0,399.0,300
2007-09-07,360.0948486328125,399.0,399.0,399.0,399.0,700
2007-09-11,352.8749084472656,391.0,399.0,391.0,399.0,2600
2007-09-14,352.8749084472656,391.0,391.0,391.0,391.0,0
2007-09-20,360.0948486328125,399.0,400.0,399.0,399.0,2200
2007-09-21,360.0948486328125,399.0,399.0,399.0,399.0,5200
2007-09-25,346.5574951171875,384.0,384.0,384.0,384.0,200
2007-09-26,346.5574951171875,384.0,384.0,384.0,384.0,1000
2007-09-27,347.46002197265625,385.0,390.0,371.0,390.0,600
2007-09-28,360.9973754882813,400.0,400.0,381.0,395.0,2400
2007-10-03,360.9973754882813,400.0,400.0,400.0,400.0,200
2007-10-05,348.3624572753906,386.0,386.0,386.0,386.0,100
2007-10-09,348.3624572753906,386.0,386.0,386.0,386.0,3200
2007-10-10,349.2649230957031,387.0,387.0,387.0,387.0,500
2007-10-12,350.1674499511719,388.0,388.0,388.0,388.0,0
2007-10-15,350.1674499511719,388.0,389.0,388.0,389.0,400
2007-10-16,358.28985595703125,397.0,397.0,397.0,397.0,100
2007-10-18,350.1674499511719,388.0,388.0,388.0,388.0,100
2007-10-19,351.9724426269531,390.0,390.0,388.0,389.0,1400
2007-10-22,356.4849548339844,395.0,395.0,390.0,390.0,500
2007-10-23,359.1923828125,398.0,399.0,398.0,398.0,400
2007-10-24,359.1923828125,398.0,398.0,398.0,398.0,800
2007-11-02,352.8749084472656,391.0,391.0,391.0,391.0,300
2007-11-05,360.0948486328125,399.0,399.0,399.0,399.0,100
2007-11-07,360.0948486328125,399.0,399.0,399.0,399.0,0
2007-11-08,355.5823974609375,394.0,399.0,383.0,399.0,2100
2007-11-09,355.5823974609375,394.0,394.0,394.0,394.0,600
2007-11-12,342.94744873046875,380.0,394.0,379.0,394.0,2400
2007-11-14,355.5823974609375,394.0,394.0,394.0,394.0,300
2007-11-15,355.5823974609375,394.0,394.0,394.0,394.0,0
2007-11-16,342.94744873046875,380.0,382.0,380.0,382.0,2500
2007-11-20,339.3375549316406,376.0,380.0,376.0,380.0,2700
2007-11-21,352.8749084472656,391.0,391.0,391.0,391.0,100
2007-11-22,346.5574951171875,384.0,384.0,370.0,370.0,300
2007-11-26,347.46002197265625,385.0,385.0,384.0,384.0,300
2007-11-27,344.7525329589844,382.0,382.0,367.0,367.0,300
2007-11-29,337.5325622558594,374.0,374.0,370.0,370.0,1900
2007-11-30,344.7525329589844,382.0,382.0,374.0,374.0,600
2007-12-03,337.5325622558594,374.0,374.0,374.0,374.0,100
2007-12-04,335.7275390625,372.0,380.0,372.0,380.0,400
2007-12-05,336.6300048828125,373.0,373.0,373.0,373.0,200
2007-12-07,344.7525329589844,382.0,382.0,381.0,381.0,500
2007-12-10,344.7525329589844,382.0,382.0,382.0,382.0,1900
2007-12-11,343.8500061035156,381.0,383.0,381.0,383.0,4100
2007-12-12,344.7525329589844,382.0,383.0,382.0,383.0,1000
2007-12-13,344.7525329589844,382.0,382.0,382.0,382.0,0
2007-12-14,334.82501220703125,371.0,375.0,371.0,375.0,1200
2007-12-17,324.8975830078125,360.0,382.0,360.0,367.0,2700
2007-12-18,326.70263671875,362.0,363.0,362.0,363.0,1200
2007-12-19,318.5802001953125,353.0,365.0,353.0,365.0,2100
2007-12-20,324.8975830078125,360.0,361.0,360.0,361.0,1100
2007-12-21,324.8975830078125,360.0,367.0,360.0,360.0,2500
2007-12-25,319.482666015625,354.0,365.0,354.0,360.0,5100
2007-12-26,325.8001403808594,361.0,361.0,361.0,361.0,100
2008-01-04,325.8001403808594,361.0,361.0,361.0,361.0,0
2008-01-07,333.92254638671875,370.0,370.0,355.0,355.0,200
2008-01-09,333.92254638671875,370.0,370.0,370.0,370.0,0
2008-01-10,333.92254638671875,370.0,371.0,370.0,371.0,1500
2008-01-15,333.92254638671875,370.0,370.0,370.0,370.0,200
2008-01-16,330.3125915527344,366.0,366.0,366.0,366.0,100
2008-01-17,330.3125915527344,366.0,366.0,366.0,366.0,0
2008-01-18,334.82501220703125,371.0,373.0,366.0,366.0,1800
2008-01-21,335.7275390625,372.0,375.0,371.0,375.0,1200
2008-01-22,324.8975830078125,360.0,361.0,346.0,361.0,700
2008-01-24,336.6300048828125,373.0,373.0,373.0,373.0,100
2008-01-25,324.8975830078125,360.0,370.0,360.0,370.0,1400
2008-01-28,333.92254638671875,370.0,370.0,370.0,370.0,8300
2008-01-29,333.92254638671875,370.0,371.0,370.0,371.0,1000
2008-01-30,338.43505859375,375.0,375.0,370.0,370.0,1200
2008-01-31,337.5325622558594,374.0,374.0,360.0,360.0,300
2008-02-01,350.1674499511719,388.0,388.0,360.0,360.0,1500
2008-02-04,333.92254638671875,370.0,388.0,370.0,388.0,200
2008-02-05,342.94744873046875,380.0,380.0,380.0,380.0,100
2008-02-06,342.94744873046875,380.0,380.0,380.0,380.0,0
2008-02-07,329.4101257324219,365.0,390.0,357.0,390.0,2700
2008-02-08,320.3851623535156,355.0,355.0,345.0,350.0,4300
2008-02-12,293.3103942871094,325.0,348.0,325.0,348.0,500
2008-02-13,293.3103942871094,325.0,325.0,325.0,325.0,0
2008-02-14,297.8228454589844,330.0,330.0,320.0,320.0,1600
2008-02-15,296.9203186035156,329.0,329.0,301.0,328.0,700
2008-02-18,279.7729187011719,310.0,330.0,310.0,330.0,900
2008-02-19,261.7230834960937,290.0,300.0,270.0,300.0,2200
2008-02-20,313.1651916503906,347.0,347.0,318.0,319.0,4900
2008-02-21,313.1651916503906,347.0,347.0,347.0,347.0,3300
2008-02-22,306.8477478027344,340.0,352.0,340.0,352.0,900
2008-02-25,282.4804382324219,313.0,330.0,307.0,330.0,1300
2008-02-26,302.33526611328125,335.0,335.0,308.0,308.0,700
2008-02-27,276.1630249023437,306.0,310.0,295.0,295.0,6900
2008-02-28,274.3580322265625,304.0,308.0,304.0,308.0,1000
2008-02-29,293.3103942871094,325.0,325.0,310.0,310.0,400
2008-03-03,279.7729187011719,310.0,320.0,310.0,320.0,300
2008-03-04,277.06549072265625,307.0,322.0,307.0,309.0,900
2008-03-05,277.06549072265625,307.0,307.0,307.0,307.0,0
2008-03-06,270.7480163574219,300.0,300.0,280.0,295.0,800
2008-03-10,266.2355651855469,295.0,300.0,295.0,300.0,2200
2008-03-11,266.2355651855469,295.0,295.0,295.0,295.0,0
2008-03-12,267.1380920410156,296.0,296.0,295.0,295.0,500
2008-03-14,273.4554748535156,303.0,303.0,302.0,302.0,600
2008-03-17,252.6981811523437,280.0,292.0,280.0,282.0,400
2008-03-18,244.57569885253903,271.0,272.0,271.0,272.0,300
2008-03-19,270.7480163574219,300.0,300.0,272.0,272.0,1400
2008-03-21,270.7480163574219,300.0,300.0,300.0,300.0,3400
2008-03-24,252.6981811523437,280.0,280.0,280.0,280.0,200
2008-03-25,252.6981811523437,280.0,300.0,280.0,300.0,1800
2008-03-26,257.21063232421875,285.0,285.0,285.0,285.0,100
2008-03-27,270.7480163574219,300.0,300.0,270.0,270.0,600
2008-03-28,270.7480163574219,300.0,300.0,299.0,299.0,200
2008-04-01,267.1380920410156,296.0,296.0,296.0,296.0,100
2008-04-02,267.1380920410156,296.0,296.0,296.0,296.0,0
2008-04-03,269.84552001953125,299.0,299.0,298.0,298.0,400
2008-04-04,284.28546142578125,315.0,320.0,279.0,279.0,3200
2008-04-07,306.8477478027344,340.0,340.0,320.0,320.0,3000
2008-04-08,308.6527709960937,342.0,365.0,340.0,340.0,8000
2008-04-09,324.8975830078125,360.0,360.0,340.0,340.0,1600
2008-04-10,324.8975830078125,360.0,361.0,360.0,361.0,2700
2008-04-15,328.5075988769531,364.0,364.0,339.0,339.0,2000
2008-04-16,301.4328308105469,334.0,334.0,334.0,334.0,100
2008-04-17,290.60284423828125,322.0,322.0,322.0,322.0,600
2008-04-18,290.60284423828125,322.0,330.0,322.0,323.0,800
2008-04-21,299.6278076171875,332.0,332.0,330.0,330.0,200
2008-04-22,299.6278076171875,332.0,332.0,332.0,332.0,1600
2008-04-23,299.6278076171875,332.0,335.0,332.0,335.0,200
2008-04-24,299.6278076171875,332.0,332.0,332.0,332.0,300
2008-04-25,299.6278076171875,332.0,332.0,332.0,332.0,0
2008-04-28,319.482666015625,354.0,354.0,311.0,311.0,500
2008-04-30,319.482666015625,354.0,354.0,354.0,354.0,0
2008-05-01,267.1380920410156,296.0,352.0,296.0,352.0,500
2008-05-02,320.3851623535156,355.0,355.0,333.0,339.0,600
2008-05-07,320.3851623535156,355.0,375.0,355.0,375.0,1000
2008-05-08,305.9452514648437,339.0,380.0,320.0,320.0,3600
2008-05-09,360.9973754882813,400.0,400.0,345.0,345.0,9100
2008-05-12,327.60516357421875,363.0,400.0,355.0,400.0,5000
2008-05-13,304.1402893066406,337.0,367.0,335.0,367.0,1400
2008-05-14,315.8727111816406,350.0,379.0,345.0,379.0,2400
2008-05-15,338.43505859375,375.0,375.0,375.0,375.0,300
2008-05-16,336.6300048828125,373.0,373.0,370.0,370.0,1200
2008-05-19,341.1424560546875,378.0,378.0,378.0,378.0,400
2008-05-20,341.1424560546875,378.0,378.0,378.0,378.0,2500
2008-05-21,342.94744873046875,380.0,380.0,355.0,355.0,400
2008-05-22,353.7773742675781,392.0,392.0,353.0,385.0,3900
2008-05-23,356.4849548339844,395.0,395.0,395.0,395.0,10200
2008-05-26,342.04498291015625,379.0,379.0,379.0,379.0,100
2008-05-27,355.5823974609375,394.0,394.0,394.0,394.0,200
2008-05-28,356.4849548339844,395.0,397.0,395.0,397.0,2700
2008-05-29,359.1923828125,398.0,398.0,395.0,395.0,900
2008-05-30,358.28985595703125,397.0,398.0,397.0,398.0,400
2008-06-02,363.7048645019531,403.0,403.0,390.0,400.0,5500
2008-06-03,364.6073303222656,404.0,405.0,402.0,402.0,2100
2008-06-04,370.0223083496094,410.0,410.0,404.0,404.0,2200
2008-06-05,372.7297973632813,413.0,413.0,413.0,413.0,300
2008-06-06,374.5347290039063,415.0,415.0,410.0,413.0,400
2008-06-09,369.1198120117188,409.0,409.0,395.0,395.0,600
2008-06-10,374.5347290039063,415.0,415.0,409.0,410.0,1900
2008-06-11,383.5596618652344,425.0,425.0,405.0,410.0,5300
2008-06-13,370.0223083496094,410.0,410.0,410.0,410.0,500
2008-06-16,383.5596618652344,425.0,425.0,400.0,400.0,900
2008-06-17,383.5596618652344,425.0,425.0,425.0,425.0,600
2008-06-18,382.6572570800781,424.0,424.0,424.0,424.0,400
2008-06-19,382.6572570800781,424.0,424.0,424.0,424.0,0
2008-06-20,381.7546997070313,423.0,424.0,423.0,424.0,2200
2008-06-24,381.7546997070313,423.0,423.0,423.0,423.0,0
2008-06-25,385.36468505859375,427.0,427.0,368.0,368.0,1200
2008-06-26,385.36468505859375,427.0,427.0,427.0,427.0,300
2008-06-30,385.36468505859375,427.0,427.0,427.0,427.0,0
2008-07-01,383.5596618652344,425.0,425.0,425.0,425.0,2200
2008-07-02,383.5596618652344,425.0,425.0,425.0,425.0,0
2008-07-03,374.5347290039063,415.0,415.0,400.0,400.0,400
2008-07-04,359.1923828125,398.0,398.0,398.0,398.0,100
2008-07-10,359.1923828125,398.0,398.0,398.0,398.0,1600
2008-07-16,347.46002197265625,385.0,385.0,385.0,385.0,300
2008-07-17,359.1923828125,398.0,398.0,385.0,385.0,200
2008-07-18,359.1923828125,398.0,398.0,398.0,398.0,3800
2008-07-22,358.28985595703125,397.0,397.0,383.0,383.0,500
2008-07-23,356.4849548339844,395.0,395.0,395.0,395.0,100
2008-07-24,351.9724426269531,390.0,390.0,390.0,390.0,100
2008-07-28,351.9724426269531,390.0,390.0,390.0,390.0,0
2008-07-29,355.5823974609375,394.0,394.0,390.0,390.0,200
2008-07-30,358.28985595703125,397.0,397.0,397.0,397.0,300
2008-07-31,360.9973754882813,400.0,400.0,399.0,399.0,400
2008-08-01,360.9973754882813,400.0,400.0,400.0,400.0,100
2008-08-05,360.9973754882813,400.0,400.0,400.0,400.0,0
2008-08-06,359.1923828125,398.0,398.0,398.0,398.0,300
2008-08-07,359.1923828125,398.0,398.0,398.0,398.0,0
2008-08-08,296.017822265625,328.0,398.0,328.0,398.0,3400
2008-08-11,296.017822265625,328.0,328.0,328.0,328.0,0
2008-08-12,243.6732177734375,270.0,330.0,260.0,330.0,4400
2008-08-13,315.8727111816406,350.0,350.0,325.0,325.0,800
2008-08-14,281.57794189453125,312.0,390.0,312.0,390.0,1200
2008-08-15,323.0926513671875,358.0,358.0,317.0,317.0,400
2008-08-18,315.8727111816406,350.0,358.0,350.0,358.0,400
2008-08-19,315.8727111816406,350.0,350.0,350.0,350.0,0
2008-08-20,345.6549072265625,383.0,383.0,380.0,380.0,300
2008-08-21,324.8975830078125,360.0,383.0,360.0,383.0,2500
2008-08-22,324.8975830078125,360.0,360.0,360.0,360.0,0
2008-08-25,350.1674499511719,388.0,390.0,388.0,390.0,400
2008-08-26,358.28985595703125,397.0,397.0,397.0,397.0,200
2008-08-29,358.28985595703125,397.0,397.0,397.0,397.0,0
2008-09-01,314.0676574707031,348.0,348.0,333.0,333.0,700
2008-09-04,314.0676574707031,348.0,348.0,348.0,348.0,0
2008-09-05,277.9678955078125,308.0,338.0,308.0,308.0,500
2008-09-08,286.992919921875,318.0,318.0,318.0,318.0,100
2008-09-09,336.6300048828125,373.0,373.0,373.0,373.0,400
2008-09-10,336.6300048828125,373.0,373.0,373.0,373.0,1600
2008-09-18,336.6300048828125,373.0,373.0,373.0,373.0,0
2008-09-19,336.6300048828125,373.0,373.0,373.0,373.0,2500
2008-09-22,305.0428161621094,338.0,338.0,338.0,338.0,100
2008-09-24,303.2377624511719,336.0,336.0,336.0,336.0,300
2008-09-25,303.2377624511719,336.0,336.0,336.0,336.0,100
2008-09-26,303.2377624511719,336.0,336.0,336.0,336.0,0
2008-09-29,334.82501220703125,371.0,371.0,371.0,371.0,100
2008-09-30,262.6256103515625,291.0,291.0,291.0,291.0,1500
2008-10-01,268.04052734375,297.0,297.0,266.0,266.0,12300
2008-10-02,267.1380920410156,296.0,296.0,292.0,292.0,800
2008-10-03,241.86822509765625,268.0,276.0,268.0,276.0,300
2008-10-06,223.81837463378903,248.0,248.0,248.0,248.0,300
2008-10-07,189.52362060546875,210.0,215.0,188.0,188.0,2500
2008-10-08,189.52362060546875,210.0,225.0,210.0,220.0,600
2008-10-09,198.54852294921875,220.0,224.0,200.0,200.0,1500
2008-10-10,212.08596801757807,235.0,235.0,220.0,220.0,1600
2008-10-14,212.9884490966797,236.0,236.0,236.0,236.0,300
2008-10-15,270.7480163574219,300.0,300.0,284.0,284.0,700
2008-10-16,270.7480163574219,300.0,300.0,290.0,300.0,3000
2008-10-17,261.7230834960937,290.0,290.0,290.0,290.0,200
2008-10-20,261.7230834960937,290.0,290.0,290.0,290.0,3200
2008-10-22,279.7729187011719,310.0,310.0,300.0,300.0,1400
2008-10-23,302.33526611328125,335.0,335.0,310.0,310.0,300
2008-10-27,302.33526611328125,335.0,335.0,335.0,335.0,0
2008-10-28,248.1856842041016,275.0,275.0,275.0,275.0,200
2008-10-31,261.7230834960937,290.0,295.0,290.0,295.0,200
2008-11-07,261.7230834960937,290.0,290.0,290.0,290.0,0
2008-11-10,261.7230834960937,290.0,290.0,290.0,290.0,2100
2008-11-11,261.7230834960937,290.0,290.0,290.0,290.0,100
2008-11-12,257.21063232421875,285.0,285.0,285.0,285.0,200
2008-11-13,270.7480163574219,300.0,300.0,260.0,260.0,800
2008-11-18,270.7480163574219,300.0,300.0,300.0,300.0,0
2008-11-19,252.6981811523437,280.0,280.0,275.0,275.0,400
2008-11-20,252.6981811523437,280.0,295.0,280.0,295.0,3700
2008-11-21,230.1358337402344,255.0,255.0,241.0,241.0,1800
2008-11-26,234.64830017089844,260.0,260.0,260.0,260.0,100
2008-11-27,243.6732177734375,270.0,270.0,270.0,270.0,300
2008-11-28,242.77072143554688,269.0,269.0,265.0,265.0,200
2008-12-03,242.77072143554688,269.0,269.0,269.0,269.0,0
2008-12-04,207.573471069336,230.0,230.0,229.0,229.0,1000
2008-12-05,207.573471069336,230.0,230.0,230.0,230.0,0
2008-12-08,225.6233367919922,250.0,250.0,250.0,250.0,100
2008-12-09,225.6233367919922,250.0,250.0,250.0,250.0,3100
2008-12-10,225.6233367919922,250.0,265.0,250.0,265.0,2100
2008-12-11,225.6233367919922,250.0,250.0,250.0,250.0,900
2008-12-16,225.6233367919922,250.0,250.0,250.0,250.0,0
2008-12-17,221.11087036132807,245.0,245.0,245.0,245.0,100
2008-12-18,221.11087036132807,245.0,245.0,245.0,245.0,1200
2008-12-19,217.5009155273437,241.0,245.0,241.0,245.0,4000
2008-12-22,216.5984344482422,240.0,240.0,240.0,240.0,1000
2008-12-25,216.5984344482422,240.0,240.0,240.0,240.0,0
2008-12-26,200.35353088378903,222.0,222.0,210.0,210.0,2000
2008-12-29,189.52362060546875,210.0,210.0,202.0,202.0,1600
2008-12-30,187.7186279296875,208.0,208.0,208.0,208.0,300
2009-01-05,184.1086578369141,204.0,204.0,204.0,204.0,700
2009-01-06,186.816162109375,207.0,207.0,204.0,205.0,1500
2009-01-07,189.52362060546875,210.0,210.0,210.0,210.0,200
2009-01-08,188.62110900878903,209.0,209.0,209.0,209.0,200
2009-01-09,188.62110900878903,209.0,209.0,209.0,209.0,2900
2009-01-13,180.49868774414065,200.0,205.0,200.0,205.0,400
2009-01-14,183.2061462402344,203.0,203.0,198.0,200.0,1800
2009-01-15,184.1086578369141,204.0,205.0,204.0,205.0,1800
2009-01-16,190.4261016845703,211.0,211.0,180.0,211.0,6400
2009-01-19,194.93858337402344,216.0,216.0,200.0,200.0,3900
2009-01-20,194.93858337402344,216.0,216.0,216.0,216.0,4300
2009-01-22,194.93858337402344,216.0,216.0,212.0,215.0,800
2009-01-23,194.93858337402344,216.0,216.0,216.0,216.0,0
2009-01-26,180.49868774414065,200.0,200.0,200.0,200.0,200
2009-01-27,180.49868774414065,200.0,201.0,200.0,201.0,200
2009-01-28,180.49868774414065,200.0,200.0,200.0,200.0,0
2009-01-29,178.6936798095703,198.0,198.0,198.0,198.0,100
2009-01-30,173.27874755859375,192.0,192.0,192.0,192.0,100
2009-02-02,165.1562957763672,183.0,183.0,183.0,183.0,200
2009-02-03,156.13134765625,173.0,180.0,173.0,180.0,1800
2009-02-04,160.6438446044922,178.0,178.0,178.0,178.0,1000
2009-02-05,160.6438446044922,178.0,180.0,178.0,180.0,300
2009-02-06,165.1562957763672,183.0,183.0,183.0,183.0,1000
2009-02-09,169.6687774658203,188.0,188.0,188.0,188.0,1000
2009-02-10,178.6936798095703,198.0,198.0,188.0,188.0,8500
2009-02-12,178.6936798095703,198.0,198.0,198.0,198.0,0
2009-02-13,171.47372436523438,190.0,191.0,190.0,191.0,500
2009-02-18,175.98622131347656,195.0,195.0,195.0,195.0,200
2009-02-19,175.98622131347656,195.0,195.0,195.0,195.0,0
2009-02-20,166.96127319335938,185.0,190.0,185.0,190.0,5900
2009-02-25,157.9363555908203,175.0,175.0,175.0,175.0,400
2009-02-26,157.9363555908203,175.0,175.0,175.0,175.0,200
2009-03-02,157.9363555908203,175.0,175.0,173.0,175.0,1000
2009-03-04,153.4238739013672,170.0,170.0,170.0,170.0,800
2009-03-05,151.61888122558594,168.0,175.0,168.0,175.0,4000
2009-03-06,135.37400817871094,150.0,153.0,150.0,153.0,4000
2009-03-09,144.39892578125,160.0,165.0,160.0,160.0,3500
2009-03-10,144.39892578125,160.0,160.0,160.0,160.0,4200
2009-03-16,141.6914825439453,157.0,157.0,157.0,157.0,100
2009-03-17,135.37400817871094,150.0,150.0,150.0,150.0,800
2009-03-18,135.37400817871094,150.0,150.0,149.0,150.0,3600
2009-03-19,127.25155639648438,141.0,150.0,141.0,150.0,9400
2009-03-23,127.25155639648438,141.0,141.0,141.0,141.0,0
2009-03-24,131.7640380859375,146.0,146.0,146.0,146.0,200
2009-03-25,135.37400817871094,150.0,160.0,145.0,145.0,11100
2009-03-26,144.39892578125,160.0,160.0,155.0,155.0,3500
2009-03-27,135.37400817871094,150.0,150.0,144.0,144.0,6300
2009-03-30,148.9114227294922,165.0,165.0,147.0,150.0,2500
2009-03-31,135.37400817871094,150.0,150.0,140.0,148.0,13100
2009-04-01,130.86154174804688,145.0,155.0,135.0,135.0,19200
2009-04-02,124.5440902709961,138.0,139.0,130.0,139.0,12800
2009-04-03,118.22664642333984,131.0,134.0,129.0,133.0,6000
2009-04-06,115.51915740966795,128.0,132.0,120.0,132.0,17000
2009-04-07,114.61666107177734,127.0,127.0,118.0,118.0,7800
2009-04-08,114.61666107177734,127.0,128.0,126.0,128.0,2700
2009-04-09,115.51915740966795,128.0,128.0,128.0,128.0,800
2009-04-10,116.42164611816406,129.0,129.0,121.0,128.0,8200
2009-04-13,124.5440902709961,138.0,138.0,125.0,129.0,3700
2009-04-14,117.32415008544922,130.0,137.0,130.0,137.0,1500
2009-04-15,117.32415008544922,130.0,138.0,130.0,138.0,2100
2009-04-16,119.12913513183594,132.0,132.0,125.0,125.0,700
2009-04-17,118.22664642333984,131.0,131.0,127.0,127.0,2000
2009-04-20,121.83660888671876,135.0,135.0,133.0,135.0,1000
2009-04-21,129.95904541015625,144.0,144.0,138.0,140.0,4700
2009-04-22,133.5690460205078,148.0,148.0,145.0,145.0,1500
2009-04-23,133.5690460205078,148.0,149.0,148.0,148.0,6700
2009-04-24,119.12913513183594,132.0,150.0,132.0,147.0,2300
2009-04-27,123.64158630371094,137.0,137.0,137.0,137.0,400
2009-04-28,120.0316162109375,133.0,135.0,133.0,135.0,400
2009-04-30,133.5690460205078,148.0,150.0,135.0,135.0,2300
2009-05-01,132.6665496826172,147.0,149.0,147.0,148.0,2400
2009-05-07,127.25155639648438,141.0,141.0,135.0,140.0,1300
2009-05-08,127.25155639648438,141.0,141.0,141.0,141.0,1300
2009-05-11,127.25155639648438,141.0,142.0,141.0,142.0,400
2009-05-12,127.25155639648438,141.0,143.0,141.0,141.0,1300
2009-05-13,127.25155639648438,141.0,141.0,140.0,141.0,2400
2009-05-14,125.44657135009766,139.0,141.0,139.0,141.0,4100
2009-05-15,125.44657135009766,139.0,139.0,139.0,139.0,0
2009-05-18,130.86154174804688,145.0,145.0,143.0,143.0,2900
2009-05-19,135.37400817871094,150.0,150.0,145.0,147.0,600
2009-05-20,143.4964599609375,159.0,159.0,141.0,155.0,7000
2009-05-21,138.08151245117188,153.0,153.0,143.0,143.0,400
2009-05-22,129.05657958984375,143.0,158.0,143.0,158.0,3900
2009-05-25,132.6665496826172,147.0,154.0,146.0,146.0,600
2009-05-26,132.6665496826172,147.0,156.0,147.0,150.0,2200
2009-05-27,132.6665496826172,147.0,147.0,147.0,147.0,400
2009-05-28,130.86154174804688,145.0,146.0,145.0,146.0,1100
2009-05-29,141.6914825439453,157.0,158.0,148.0,148.0,3500
2009-06-01,138.98394775390625,154.0,174.0,154.0,165.0,7600
2009-06-02,145.30142211914062,161.0,161.0,156.0,156.0,1400
2009-06-03,148.0089111328125,164.0,164.0,160.0,160.0,2800
2009-06-04,149.81390380859375,166.0,166.0,165.0,165.0,400
2009-06-05,152.5214080810547,169.0,169.0,162.0,162.0,300
2009-06-08,152.5214080810547,169.0,170.0,158.0,158.0,2900
2009-06-09,151.61888122558594,168.0,172.0,168.0,172.0,2500
2009-06-10,155.22889709472656,172.0,172.0,168.0,172.0,1200
2009-06-11,157.03382873535156,174.0,174.0,172.0,172.0,3800
2009-06-12,155.22889709472656,172.0,174.0,170.0,174.0,2700
2009-06-16,154.32638549804688,171.0,171.0,160.0,161.0,800
2009-06-18,157.9363555908203,175.0,175.0,172.0,172.0,500
2009-06-19,153.4238739013672,170.0,175.0,170.0,175.0,7300
2009-06-22,151.61888122558594,168.0,170.0,163.0,170.0,3600
2009-06-23,148.9114227294922,165.0,165.0,165.0,165.0,500
2009-06-26,160.6438446044922,178.0,178.0,173.0,173.0,3600
2009-06-30,160.6438446044922,178.0,178.0,178.0,178.0,500
2009-07-01,160.6438446044922,178.0,178.0,178.0,178.0,0
2009-07-02,164.25379943847656,182.0,182.0,175.0,178.0,1700
2009-07-03,157.9363555908203,175.0,175.0,172.0,172.0,200
2009-07-07,148.9114227294922,165.0,175.0,165.0,175.0,500
2009-07-08,152.5214080810547,169.0,172.0,168.0,172.0,1800
2009-07-09,151.61888122558594,168.0,171.0,168.0,170.0,600
2009-07-10,151.61888122558594,168.0,168.0,168.0,168.0,2700
2009-07-13,148.9114227294922,165.0,168.0,165.0,168.0,700
2009-07-16,148.9114227294922,165.0,165.0,165.0,165.0,0
2009-07-17,148.9114227294922,165.0,165.0,165.0,165.0,5100
2009-07-21,153.4238739013672,170.0,170.0,170.0,170.0,600
2009-07-22,153.4238739013672,170.0,170.0,170.0,170.0,1700
2009-07-24,153.4238739013672,170.0,170.0,170.0,170.0,100
2009-07-27,162.44879150390625,180.0,180.0,170.0,170.0,1400
2009-07-28,157.9363555908203,175.0,175.0,175.0,175.0,1000
2009-07-30,157.9363555908203,175.0,175.0,175.0,175.0,800
2009-07-31,154.32638549804688,171.0,171.0,171.0,171.0,100
2009-08-04,141.6914825439453,157.0,170.0,157.0,170.0,1800
2009-08-05,151.61888122558594,168.0,168.0,168.0,168.0,100
2009-08-07,145.30142211914062,161.0,161.0,161.0,161.0,2800
2009-08-10,145.30142211914062,161.0,161.0,161.0,161.0,500
2009-08-11,145.30142211914062,161.0,161.0,161.0,161.0,200
2009-08-12,146.2039337158203,162.0,162.0,162.0,162.0,100
2009-08-13,146.2039337158203,162.0,162.0,162.0,162.0,400
2009-08-14,151.61888122558594,168.0,168.0,167.0,167.0,200
2009-08-19,151.61888122558594,168.0,168.0,168.0,168.0,0
2009-08-20,152.5214080810547,169.0,169.0,168.0,168.0,3200
2009-08-21,152.5214080810547,169.0,170.0,169.0,170.0,2700
2009-08-25,152.5214080810547,169.0,169.0,169.0,169.0,200
2009-08-27,157.03382873535156,174.0,174.0,174.0,174.0,100
2009-08-31,153.4238739013672,170.0,170.0,159.0,159.0,900
2009-09-02,157.9363555908203,175.0,175.0,158.0,158.0,800
2009-09-03,157.9363555908203,175.0,175.0,175.0,175.0,0
2009-09-04,155.22889709472656,172.0,172.0,172.0,172.0,300
2009-09-07,171.47372436523438,190.0,190.0,189.0,189.0,500
2009-09-08,177.79119873046875,197.0,197.0,196.0,197.0,2000
2009-09-09,163.351318359375,181.0,189.0,179.0,179.0,1000
2009-09-10,164.25379943847656,182.0,183.0,173.0,182.0,5500
2009-09-11,182.3036651611328,202.0,202.0,174.0,183.0,2000
2009-09-14,177.79119873046875,197.0,203.0,197.0,203.0,2000
2009-09-15,157.03382873535156,174.0,194.0,174.0,194.0,900
2009-09-16,157.03382873535156,174.0,174.0,174.0,174.0,0
2009-09-17,176.88868713378906,196.0,196.0,180.0,180.0,400
2009-09-18,176.88868713378906,196.0,196.0,196.0,196.0,4700
2009-09-21,176.88868713378906,196.0,196.0,196.0,196.0,0
2009-09-24,155.22889709472656,172.0,197.0,172.0,197.0,1000
2009-09-25,164.25379943847656,182.0,182.0,182.0,182.0,200
2009-09-30,164.25379943847656,182.0,182.0,182.0,182.0,0
2009-10-01,150.71641540527344,167.0,187.0,167.0,187.0,200
2009-10-06,150.71641540527344,167.0,167.0,167.0,167.0,0
2009-10-07,171.47372436523438,190.0,190.0,190.0,190.0,700
2009-10-08,171.47372436523438,190.0,190.0,190.0,190.0,0
2009-10-09,154.32638549804688,171.0,171.0,171.0,171.0,2800
2009-10-13,161.54632568359375,179.0,179.0,179.0,179.0,1100
2009-10-14,157.03382873535156,174.0,174.0,164.0,164.0,1600
2009-10-15,157.03382873535156,174.0,174.0,174.0,174.0,200
2009-10-16,153.4238739013672,170.0,174.0,170.0,174.0,300
2009-10-19,166.96127319335938,185.0,185.0,170.0,170.0,600
2009-10-20,166.96127319335938,185.0,185.0,185.0,185.0,4300
2009-10-22,166.96127319335938,185.0,185.0,185.0,185.0,500
2009-10-27,166.96127319335938,185.0,185.0,185.0,185.0,0
2009-10-28,155.22889709472656,172.0,172.0,171.0,171.0,600
2009-10-30,155.22889709472656,172.0,172.0,172.0,172.0,0
2009-11-02,155.22889709472656,172.0,172.0,172.0,172.0,100
2009-11-04,153.4238739013672,170.0,170.0,170.0,170.0,1000
2009-11-05,141.6914825439453,157.0,159.0,150.0,150.0,1000
2009-11-06,175.08372497558594,194.0,194.0,170.0,170.0,2100
2009-11-09,171.47372436523438,190.0,190.0,190.0,190.0,100
2009-11-10,161.54632568359375,179.0,192.0,172.0,190.0,1200
2009-11-11,161.54632568359375,179.0,179.0,179.0,179.0,0
2009-11-12,157.9363555908203,175.0,175.0,155.0,155.0,1600
2009-11-13,148.9114227294922,165.0,165.0,160.0,160.0,800
2009-11-16,143.4964599609375,159.0,159.0,159.0,159.0,100
2009-11-17,143.4964599609375,159.0,159.0,159.0,159.0,0
2009-11-18,188.62110900878903,209.0,209.0,155.0,155.0,2200
2009-11-19,180.49868774414065,200.0,200.0,161.0,165.0,2200
2009-11-20,165.1562957763672,183.0,199.0,160.0,199.0,9000
2009-11-24,169.6687774658203,188.0,188.0,168.0,169.0,3900
2009-11-25,153.4238739013672,170.0,174.0,169.0,169.0,1700
2009-11-26,156.13134765625,173.0,187.0,163.0,167.0,2400
2009-11-27,163.351318359375,181.0,185.0,169.0,173.0,2600
2009-11-30,158.8388214111328,176.0,177.0,168.0,171.0,4000
2009-12-01,154.32638549804688,171.0,171.0,171.0,171.0,300
2009-12-02,154.32638549804688,171.0,171.0,171.0,171.0,0
2009-12-03,146.2039337158203,162.0,169.0,162.0,169.0,1400
2009-12-04,142.5939483642578,158.0,164.0,158.0,162.0,1600
2009-12-07,145.30142211914062,161.0,161.0,157.0,159.0,900
2009-12-08,141.6914825439453,157.0,159.0,157.0,159.0,1400
2009-12-09,142.5939483642578,158.0,158.0,158.0,158.0,100
2009-12-10,142.5939483642578,158.0,159.0,158.0,158.0,400
2009-12-11,140.78897094726562,156.0,156.0,156.0,156.0,2000
2009-12-14,142.5939483642578,158.0,160.0,158.0,158.0,1700
2009-12-15,144.39892578125,160.0,160.0,157.0,157.0,1100
2009-12-16,148.0089111328125,164.0,164.0,164.0,164.0,600
2009-12-17,152.5214080810547,169.0,171.0,169.0,169.0,1300
2009-12-18,152.5214080810547,169.0,169.0,169.0,169.0,6500
2009-12-22,152.5214080810547,169.0,169.0,169.0,169.0,0
2009-12-24,144.39892578125,160.0,163.0,160.0,163.0,900
2009-12-25,140.78897094726562,156.0,156.0,156.0,156.0,300
2009-12-28,140.78897094726562,156.0,156.0,156.0,156.0,0
2009-12-29,139.88645935058594,155.0,156.0,155.0,156.0,1100
2009-12-30,142.5939483642578,158.0,162.0,153.0,155.0,2900
2010-03-26,142.5939483642578,158.0,158.0,158.0,158.0,0
2010-07-30,145.35385131835938,158.0,158.0,158.0,158.0,0
2010-08-02,138.91412353515625,151.0,155.0,151.0,155.0,600
2010-08-03,122.35481262207033,133.0,148.0,129.0,148.0,50400
2010-08-04,117.75502014160156,128.0,130.0,112.0,128.0,29400
2010-08-05,117.75502014160156,128.0,128.0,121.0,121.0,3800
2010-08-06,116.83505249023438,127.0,127.0,121.0,121.0,4000
2010-08-09,108.55540466308594,118.0,123.0,117.0,122.0,7800
2010-08-10,99.35580444335938,108.0,118.0,99.0,116.0,132100
2010-08-11,103.95559692382812,113.0,113.0,105.0,109.0,36200
2010-08-12,102.11568450927734,111.0,111.0,105.0,111.0,2600
2010-08-13,95.67594146728516,104.0,111.0,104.0,111.0,6900
2010-08-16,94.75598907470705,103.0,110.0,99.0,110.0,22100
2010-08-17,94.75598907470705,103.0,104.0,103.0,104.0,5200
2010-08-18,99.35580444335938,108.0,108.0,104.0,104.0,600
2010-08-19,96.5959014892578,105.0,108.0,105.0,105.0,1500
2010-08-20,98.4358367919922,107.0,107.0,105.0,105.0,1000
2010-08-23,99.35580444335938,108.0,111.0,107.0,107.0,10500
2010-08-24,101.19572448730467,110.0,110.0,110.0,110.0,1000
2010-08-25,96.5959014892578,105.0,108.0,100.0,100.0,3400
2010-08-26,95.67594146728516,104.0,104.0,104.0,104.0,200
2010-08-27,93.83602142333984,102.0,102.0,100.0,101.0,4500
2010-08-30,97.515869140625,106.0,106.0,102.0,102.0,1400
2010-08-31,96.5959014892578,105.0,108.0,104.0,104.0,1700
2010-09-02,96.5959014892578,105.0,105.0,105.0,105.0,100
2010-09-03,99.35580444335938,108.0,108.0,105.0,105.0,1700
2010-09-06,96.5959014892578,105.0,108.0,104.0,108.0,1900
2010-09-07,98.4358367919922,107.0,107.0,104.0,104.0,1100
2010-09-08,98.4358367919922,107.0,107.0,107.0,107.0,100
2010-09-09,144.4338836669922,157.0,157.0,108.0,109.0,244800
2010-09-10,119.5949478149414,130.0,153.0,129.0,152.0,184800
2010-09-13,111.3152847290039,121.0,134.0,117.0,131.0,53900
2010-09-14,108.55540466308594,118.0,123.0,118.0,120.0,13200
2010-09-16,149.03369140625,162.0,162.0,114.0,114.0,573100
2010-09-17,179.3924102783203,195.0,211.0,157.0,162.0,767200
2010-09-21,225.39044189453125,245.0,245.0,196.0,200.0,503500
2010-09-22,298.9873046875,325.0,325.0,261.0,261.0,958600
2010-09-24,333.94586181640625,363.0,405.0,322.0,357.0,1336700
2010-09-27,274.1484069824219,298.0,405.0,291.0,395.0,699300
2010-09-28,247.46951293945312,269.0,310.0,260.0,306.0,214100
2010-09-29,321.06640625,349.0,349.0,268.0,280.0,1565800
2010-09-30,279.66815185546875,304.0,367.0,298.0,355.0,440300
2010-10-01,267.70867919921875,291.0,345.0,282.0,307.0,637000
2010-10-04,289.7877502441406,315.0,324.0,295.0,297.0,252100
2010-10-05,266.7886962890625,290.0,322.0,285.0,307.0,132000
2010-10-06,253.90924072265625,276.0,301.0,275.0,301.0,61600
2010-10-07,229.99024963378903,250.0,300.0,225.0,225.0,5000
2010-10-08,241.02980041503903,262.0,278.0,260.0,276.0,47900
2010-10-12,228.1503448486328,248.0,270.0,244.0,265.0,70800
2010-10-13,292.547607421875,318.0,322.0,255.0,265.0,1228600
2010-10-14,244.70962524414065,266.0,347.0,256.0,330.0,1563000
2010-10-15,224.4704742431641,244.0,271.0,244.0,267.0,158800
2010-10-18,222.6305694580078,242.0,260.0,234.0,250.0,130900
2010-10-19,220.7906646728516,240.0,250.0,233.0,240.0,92900
2010-10-20,211.5910186767578,230.0,242.0,230.0,240.0,34600
2010-10-21,202.3914489746093,220.0,240.0,219.0,240.0,66100
2010-10-22,215.27085876464844,234.0,254.0,226.0,226.0,275000
2010-10-25,204.2313690185547,222.0,223.0,210.0,211.0,114700
2010-10-26,197.7916412353516,215.0,242.0,214.0,216.0,168300
2010-10-27,203.31138610839844,221.0,234.0,218.0,231.0,106100
2010-10-28,195.9517059326172,213.0,221.0,213.0,216.0,46800
2010-10-29,190.43194580078125,207.0,214.0,205.0,214.0,27500
2010-11-01,173.87265014648438,189.0,197.0,181.0,189.0,82600
2010-11-02,184.91217041015625,201.0,239.0,195.0,210.0,818300
2010-11-04,203.31138610839844,221.0,245.0,211.0,215.0,435200
2010-11-05,189.5119781494141,206.0,220.0,201.0,215.0,85500
2010-11-08,192.2718505859375,209.0,216.0,200.0,206.0,55900
2010-11-09,192.2718505859375,209.0,210.0,202.0,202.0,54600
2010-11-10,195.03173828125,212.0,218.0,201.0,202.0,71100
2010-11-11,193.1918029785156,210.0,212.0,209.0,212.0,12200
2010-11-12,191.3518829345703,208.0,212.0,205.0,212.0,38200
2010-11-15,190.43194580078125,207.0,211.0,204.0,211.0,14400
2010-11-16,191.3518829345703,208.0,219.0,204.0,204.0,59700
2010-11-17,189.5119781494141,206.0,210.0,205.0,206.0,30000
2010-11-18,211.5910186767578,230.0,262.0,207.0,210.0,1009000
2010-11-19,204.2313690185547,222.0,243.0,219.0,230.0,263300
2010-11-22,204.2313690185547,222.0,226.0,220.0,225.0,67500
2010-11-24,197.7916412353516,215.0,218.0,210.0,218.0,45000
2010-11-25,198.71160888671875,216.0,220.0,214.0,218.0,24300
2010-11-26,198.71160888671875,216.0,227.0,216.0,216.0,35700
2010-11-29,199.6315460205078,217.0,222.0,214.0,218.0,21000
2010-11-30,195.9517059326172,213.0,220.0,211.0,220.0,14600
2010-12-01,196.8716735839844,214.0,215.0,209.0,212.0,15500
2010-12-02,197.7916412353516,215.0,216.0,211.0,213.0,12100
2010-12-03,196.8716735839844,214.0,214.0,212.0,214.0,27500
2010-12-06,202.3914489746093,220.0,222.0,214.0,217.0,40200
2010-12-07,201.4714508056641,219.0,225.0,219.0,222.0,36700
2010-12-08,196.8716735839844,214.0,219.0,211.0,219.0,21800
2010-12-09,193.1918029785156,210.0,216.0,209.0,215.0,28200
2010-12-10,193.1918029785156,210.0,212.0,207.0,210.0,10200
2010-12-13,195.03173828125,212.0,212.0,207.0,211.0,12300
2010-12-14,194.11178588867188,211.0,215.0,208.0,209.0,11900
2010-12-15,190.43194580078125,207.0,214.0,207.0,214.0,16200
2010-12-16,200.551513671875,218.0,224.0,204.0,208.0,117600
2010-12-17,255.7491607666016,278.0,278.0,219.0,221.0,851800
2010-12-20,227.2303924560547,247.0,272.0,246.0,266.0,442600
2010-12-21,212.51101684570312,231.0,244.0,230.0,244.0,93200
2010-12-22,218.03076171875,237.0,288.0,229.0,232.0,710400
2010-12-24,220.7906646728516,240.0,254.0,234.0,234.0,179700
2010-12-27,205.1512908935547,223.0,237.0,223.0,234.0,88900
2010-12-28,211.5910186767578,230.0,231.0,224.0,228.0,26600
2010-12-29,212.51101684570312,231.0,232.0,226.0,232.0,17300
2010-12-30,206.07125854492188,224.0,230.0,224.0,227.0,17300
2011-01-04,206.07125854492188,224.0,227.0,223.0,227.0,13300
2011-01-05,221.71063232421875,241.0,244.0,223.0,225.0,118800
2011-01-06,218.03076171875,237.0,244.0,233.0,241.0,66000
2011-01-07,217.11080932617188,236.0,237.0,235.0,237.0,18800
2011-01-11,214.35093688964844,233.0,239.0,231.0,239.0,19400
2011-01-12,215.27085876464844,234.0,237.0,231.0,237.0,14100
2011-01-13,213.4309539794922,232.0,234.0,231.0,234.0,6400
2011-01-14,205.1512908935547,223.0,233.0,223.0,231.0,18200
2011-01-17,205.1512908935547,223.0,226.0,221.0,223.0,14200
2011-01-18,210.67108154296875,229.0,229.0,222.0,225.0,11200
2011-01-19,202.3914489746093,220.0,230.0,207.0,230.0,46600
2011-01-20,199.6315460205078,217.0,219.0,212.0,219.0,16000
2011-01-21,196.8716735839844,214.0,216.0,210.0,215.0,12900
2011-01-24,194.11178588867188,211.0,215.0,210.0,211.0,4900
2011-01-25,196.8716735839844,214.0,218.0,213.0,213.0,5500
2011-01-26,196.8716735839844,214.0,214.0,214.0,214.0,0
2011-01-27,196.8716735839844,214.0,214.0,211.0,212.0,8300
2011-01-28,195.9517059326172,213.0,213.0,211.0,211.0,2900
2011-01-31,191.3518829345703,208.0,213.0,208.0,210.0,10100
2011-02-01,190.43194580078125,207.0,211.0,206.0,207.0,5100
2011-02-02,200.551513671875,218.0,240.0,208.0,209.0,206400
2011-02-03,195.9517059326172,213.0,222.0,213.0,220.0,32400
2011-02-04,198.71160888671875,216.0,217.0,212.0,213.0,12300
2011-02-07,200.551513671875,218.0,221.0,214.0,219.0,17300
2011-02-08,203.31138610839844,221.0,232.0,218.0,232.0,25400
2011-02-09,202.3914489746093,220.0,230.0,219.0,222.0,17200
2011-02-10,195.9517059326172,213.0,219.0,213.0,218.0,8100
2011-02-14,198.71160888671875,216.0,220.0,214.0,215.0,3900
2011-02-15,198.71160888671875,216.0,216.0,213.0,216.0,2300
2011-02-16,195.9517059326172,213.0,218.0,204.0,216.0,7500
2011-02-17,198.71160888671875,216.0,237.0,209.0,215.0,103300
2011-02-18,202.3914489746093,220.0,224.0,211.0,221.0,28200
2011-02-21,198.71160888671875,216.0,223.0,213.0,218.0,28300
2011-02-22,195.9517059326172,213.0,216.0,212.0,216.0,8500
2011-02-23,197.7916412353516,215.0,215.0,210.0,210.0,4100
2011-02-24,191.3518829345703,208.0,212.0,208.0,212.0,7900
2011-02-25,193.1918029785156,210.0,214.0,205.0,206.0,13000
2011-02-28,195.9517059326172,213.0,213.0,208.0,208.0,4500
2011-03-01,194.11178588867188,211.0,211.0,208.0,210.0,10800
2011-03-02,192.2718505859375,209.0,210.0,207.0,208.0,4800
2011-03-03,190.43194580078125,207.0,209.0,206.0,209.0,6700
2011-03-04,189.5119781494141,206.0,210.0,206.0,207.0,5200
2011-03-07,188.59201049804688,205.0,208.0,204.0,208.0,3800
2011-03-09,188.59201049804688,205.0,209.0,205.0,205.0,3600
2011-03-10,195.03173828125,212.0,226.0,211.0,220.0,32100
2011-03-11,188.59201049804688,205.0,209.0,205.0,206.0,13600
2011-03-14,188.59201049804688,205.0,205.0,205.0,205.0,0
2011-03-15,98.4358367919922,107.0,140.0,102.0,140.0,118600
2011-03-16,113.15521240234376,123.0,128.0,113.0,117.0,54400
2011-03-17,122.35481262207033,133.0,134.0,123.0,124.0,35100
2011-03-18,136.1542510986328,148.0,150.0,137.0,138.0,48500
2011-03-22,164.67303466796875,179.0,180.0,152.0,171.0,76400
2011-03-23,165.59300231933594,180.0,191.0,168.0,189.0,64100
2011-03-24,211.5910186767578,230.0,230.0,193.0,193.0,78000
2011-03-25,285.1878967285156,310.0,310.0,310.0,310.0,219500
2011-03-28,266.7886962890625,290.0,390.0,283.0,350.0,1067300
2011-03-29,341.1548767089844,367.0,367.0,257.0,271.0,905400
2011-03-30,373.6900939941406,402.0,445.0,380.0,407.0,1022000
2011-03-31,356.95770263671875,384.0,427.0,368.0,400.0,333100
2011-04-01,320.7041931152344,345.0,374.0,336.0,373.0,218100
2011-04-04,354.1689758300781,381.0,412.0,347.0,347.0,559000
2011-04-05,325.3520812988281,350.0,375.0,350.0,373.0,165300
2011-04-06,325.3520812988281,350.0,375.0,326.0,347.0,220000
2011-04-07,313.2675476074219,337.0,348.0,330.0,334.0,97200
2011-04-08,309.5492553710937,333.0,343.0,320.0,330.0,72800
2011-04-11,301.1830749511719,324.0,334.0,308.0,330.0,135300
2011-04-12,375.5491943359375,404.0,404.0,380.0,388.0,242900
2011-04-13,449.9154052734375,484.0,484.0,443.0,468.0,538300
2011-04-14,524.2816162109375,564.0,564.0,564.0,564.0,113900
2011-04-15,431.3239135742188,464.0,538.0,464.0,504.0,1272400
2011-04-18,417.3802795410156,449.0,493.0,420.0,477.0,440600
2011-04-19,491.7464294433594,529.0,529.0,428.0,448.0,1241200
2011-04-20,457.3520812988281,492.0,568.0,490.0,539.0,1191700
2011-04-21,428.5351257324219,461.0,528.0,460.0,515.0,418600
2011-04-22,439.6901245117188,473.0,496.0,442.0,477.0,274100
2011-04-25,419.2394104003906,451.0,482.0,445.0,449.0,225200
2011-04-26,413.6619262695313,445.0,464.0,434.0,455.0,134800
2011-04-27,412.7323303222656,444.0,470.0,437.0,440.0,156900
2011-04-28,395.99993896484375,426.0,448.0,413.0,438.0,89900
2011-05-02,395.99993896484375,426.0,426.0,426.0,426.0,0
2011-05-09,384.8450622558594,414.0,414.0,414.0,414.0,0
2011-05-10,374.6196899414063,403.0,426.0,399.0,399.0,87200
2011-05-11,385.7745361328125,415.0,448.0,415.0,441.0,218200
2011-05-12,375.5491943359375,404.0,425.0,400.0,407.0,106000
2011-05-13,353.2393798828125,380.0,409.0,355.0,401.0,128300
2011-05-16,341.1548767089844,367.0,380.0,352.0,380.0,43400
2011-05-17,311.4084167480469,335.0,374.0,329.0,368.0,119300
2011-05-18,343.943603515625,370.0,408.0,340.0,342.0,627500
2011-05-19,325.3520812988281,350.0,389.0,350.0,350.0,353000
2011-05-20,320.7041931152344,345.0,350.0,337.0,349.0,72500
2011-05-23,292.81689453125,315.0,338.0,315.0,331.0,99700
2011-05-24,303.0422668457031,326.0,344.0,316.0,316.0,162000
2011-05-25,300.25347900390625,323.0,335.0,317.0,321.0,77300
2011-05-26,298.3943786621094,321.0,327.0,317.0,323.0,61800
2011-05-27,292.81689453125,315.0,321.0,307.0,315.0,66100
2011-05-31,292.81689453125,315.0,315.0,315.0,315.0,0
2011-06-01,300.25347900390625,323.0,339.0,320.0,336.0,46400
2011-06-02,294.676025390625,317.0,321.0,308.0,310.0,37800
2011-06-03,289.0985412597656,311.0,330.0,310.0,317.0,42500
2011-06-06,283.5210876464844,305.0,316.0,301.0,313.0,43600
2011-06-07,282.59149169921875,304.0,310.0,297.0,305.0,44600
2011-06-08,283.5210876464844,305.0,315.0,301.0,305.0,53300
2011-06-09,270.50701904296875,291.0,309.0,281.0,309.0,64800
2011-06-10,271.4365539550781,292.0,298.0,291.0,293.0,25800
2011-06-13,269.5774230957031,290.0,296.0,275.0,280.0,32400
2011-06-14,343.943603515625,370.0,370.0,283.0,292.0,993100
2011-06-15,334.6478576660156,360.0,437.0,355.0,410.0,998600
2011-06-16,360.6759948730469,388.0,417.0,336.0,350.0,516600
2011-06-17,341.1548767089844,367.0,413.0,367.0,383.0,257600
2011-06-20,331.85906982421875,357.0,386.0,357.0,367.0,75800
2011-06-21,330.0,355.0,372.0,350.0,358.0,30300
2011-06-22,334.6478576660156,360.0,400.0,353.0,360.0,210900
2011-06-23,343.943603515625,370.0,376.0,363.0,363.0,65800
2011-06-24,340.2253112792969,366.0,374.0,360.0,370.0,37700
2011-06-27,345.802734375,372.0,387.0,355.0,360.0,113700
2011-06-28,339.2957763671875,365.0,379.0,365.0,375.0,31400
2011-06-29,336.5069885253906,362.0,365.0,356.0,364.0,34200
2011-06-30,334.6478576660156,360.0,368.0,356.0,368.0,21700
2011-07-01,328.1408386230469,353.0,364.0,353.0,364.0,18000
2011-07-04,328.1408386230469,353.0,359.0,350.0,358.0,15400
2011-07-05,320.7041931152344,345.0,353.0,340.0,353.0,17800
2011-07-06,323.4928894042969,348.0,353.0,339.0,345.0,29500
2011-07-07,330.0,355.0,362.0,343.0,343.0,46800
2011-07-08,368.1126098632813,396.0,396.0,356.0,360.0,352300
2011-07-11,371.8309326171875,400.0,415.0,380.0,390.0,343300
2011-07-12,358.8168640136719,386.0,398.0,380.0,396.0,62200
2011-07-13,351.3802490234375,378.0,391.0,373.0,384.0,43800
2011-07-15,343.0140380859375,369.0,384.0,369.0,380.0,44800
2011-07-19,392.2816467285156,422.0,460.0,396.0,405.0,758300
2011-07-20,387.6337585449219,417.0,450.0,410.0,433.0,267500
2011-07-21,374.6196899414063,403.0,423.0,402.0,423.0,64600
2011-07-22,375.5491943359375,404.0,412.0,396.0,400.0,42600
2011-07-25,365.3239440917969,393.0,407.0,390.0,406.0,23800
2011-07-26,361.6055603027344,389.0,400.0,382.0,400.0,37200
2011-07-27,352.3097839355469,379.0,389.0,376.0,389.0,39600
2011-07-28,370.9013366699219,399.0,424.0,378.0,388.0,425500
2011-07-29,356.95770263671875,384.0,428.0,381.0,395.0,205700
2011-08-01,342.08447265625,368.0,373.0,332.0,361.0,78100
2011-08-02,335.5774230957031,361.0,365.0,353.0,362.0,33200
2011-08-03,330.0,355.0,363.0,348.0,363.0,34100
2011-08-04,326.2816467285156,351.0,360.0,344.0,358.0,26900
2011-08-05,309.5492553710937,333.0,335.0,315.0,320.0,57100
2011-08-08,284.45068359375,306.0,333.0,301.0,324.0,33200
2011-08-09,267.71826171875,288.0,295.0,247.0,285.0,166200
2011-08-10,287.2394104003906,309.0,333.0,306.0,328.0,61900
2011-08-11,302.11260986328125,325.0,341.0,284.0,285.0,94400
2011-08-12,301.1830749511719,324.0,342.0,320.0,341.0,52900
2011-08-15,299.32391357421875,322.0,327.0,320.0,320.0,14800
2011-08-16,302.11260986328125,325.0,337.0,319.0,326.0,47200
2011-08-17,303.0422668457031,326.0,333.0,320.0,321.0,28700
2011-08-18,295.6055908203125,318.0,325.0,316.0,325.0,18300
2011-08-19,283.5210876464844,305.0,313.0,300.0,305.0,29400
2011-08-22,280.7323303222656,302.0,307.0,300.0,306.0,10400
2011-08-23,277.0140686035156,298.0,305.0,295.0,296.0,11100
2011-08-24,268.6478271484375,289.0,304.0,282.0,302.0,14500
2011-08-25,273.2957458496094,294.0,299.0,289.0,297.0,7100
2011-08-26,267.71826171875,288.0,293.0,278.0,284.0,16200
2011-08-29,286.309814453125,308.0,328.0,283.0,284.0,52200
2011-08-30,292.81689453125,315.0,322.0,311.0,312.0,29700
2011-08-31,287.2394104003906,309.0,316.0,305.0,312.0,17600
2011-09-01,285.3802795410156,307.0,311.0,307.0,311.0,8400
2011-09-02,283.5210876464844,305.0,305.0,295.0,302.0,3300
2011-09-05,277.943603515625,299.0,300.0,293.0,295.0,6500
2011-09-06,279.8027648925781,301.0,318.0,293.0,301.0,40500
2011-09-07,285.3802795410156,307.0,307.0,288.0,301.0,20800
2011-09-08,281.66192626953125,303.0,312.0,300.0,310.0,11100
2011-09-09,277.0140686035156,298.0,300.0,290.0,295.0,26200
2011-09-12,271.4365539550781,292.0,294.0,284.0,288.0,10900
2011-09-13,271.4365539550781,292.0,296.0,287.0,291.0,10800
2011-09-14,260.2816162109375,280.0,296.0,280.0,294.0,20900
2011-09-15,266.7886657714844,287.0,290.0,283.0,283.0,5800
2011-09-16,273.2957458496094,294.0,305.0,289.0,300.0,30400
2011-09-20,276.0845031738281,297.0,298.0,294.0,298.0,9300
2011-09-21,271.4365539550781,292.0,297.0,289.0,297.0,9700
2011-09-22,259.3520812988281,279.0,297.0,272.0,284.0,14800
2011-09-26,214.7323760986328,231.0,278.0,223.0,273.0,23800
2011-09-27,225.8872833251953,243.0,263.0,239.0,263.0,13000
2011-09-28,237.042236328125,255.0,255.0,242.0,243.0,11300
2011-09-29,241.6901397705078,260.0,260.0,232.0,232.0,14500
2011-09-30,263.0703430175781,283.0,319.0,265.0,265.0,122100
2011-10-03,262.14080810546875,282.0,290.0,270.0,275.0,24000
2011-10-04,266.7886657714844,287.0,288.0,271.0,272.0,11700
2011-10-05,275.1549377441406,296.0,333.0,287.0,289.0,201200
2011-10-06,281.66192626953125,303.0,310.0,290.0,297.0,52500
2011-10-07,282.59149169921875,304.0,315.0,299.0,311.0,31600
2011-10-11,285.3802795410156,307.0,319.0,298.0,319.0,31400
2011-10-12,280.7323303222656,302.0,307.0,296.0,302.0,13500
2011-10-13,279.8027648925781,301.0,307.0,301.0,302.0,19900
2011-10-14,268.6478271484375,289.0,298.0,286.0,289.0,39800
2011-10-17,267.71826171875,288.0,296.0,285.0,289.0,16700
2011-10-18,261.2112731933594,281.0,292.0,280.0,285.0,10900
2011-10-19,256.5633239746094,276.0,286.0,272.0,281.0,14800
2011-10-20,256.5633239746094,276.0,286.0,273.0,273.0,19500
2011-10-21,246.3380279541016,265.0,280.0,265.0,280.0,25300
2011-10-24,248.1971740722656,267.0,270.0,266.0,266.0,9200
2011-10-25,250.05630493164065,269.0,275.0,268.0,275.0,5300
2011-10-26,246.3380279541016,265.0,270.0,263.0,263.0,7100
2011-10-27,246.3380279541016,265.0,265.0,260.0,262.0,14700
2011-10-28,257.492919921875,277.0,299.0,268.0,268.0,54800
2011-10-31,246.3380279541016,265.0,270.0,256.0,269.0,37600
2011-11-01,244.4788513183593,263.0,268.0,258.0,261.0,14400
2011-11-02,250.9858856201172,270.0,275.0,263.0,273.0,30100
2011-11-04,248.1971740722656,267.0,269.0,263.0,266.0,13700
2011-11-07,241.6901397705078,260.0,263.0,254.0,262.0,14100
2011-11-08,232.39431762695312,250.0,259.0,250.0,259.0,16500
2011-11-09,233.32391357421875,251.0,251.0,245.0,250.0,14000
2011-11-10,227.7464294433593,245.0,248.0,236.0,238.0,7900
2011-11-11,227.7464294433593,245.0,248.0,239.0,247.0,14600
2011-11-14,235.18307495117188,253.0,255.0,246.0,246.0,5700
2011-11-15,229.6056060791016,247.0,251.0,245.0,247.0,6800
2011-11-16,222.16900634765625,239.0,246.0,238.0,246.0,9200
2011-11-17,221.23941040039065,238.0,241.0,234.0,240.0,5500
2011-11-18,221.23941040039065,238.0,238.0,230.0,238.0,13600
2011-11-21,214.7323760986328,231.0,235.0,230.0,233.0,4000
2011-11-22,214.7323760986328,231.0,231.0,231.0,231.0,0
2011-11-24,202.6478576660156,218.0,221.0,210.0,220.0,15600
2011-11-25,193.35206604003903,208.0,215.0,206.0,214.0,35600
2011-11-28,197.99996948242188,213.0,217.0,207.0,208.0,18200
2011-11-29,208.225326538086,224.0,234.0,212.0,217.0,32500
2011-11-30,208.225326538086,224.0,225.0,212.0,225.0,15900
2011-12-01,210.08448791503903,226.0,245.0,218.0,228.0,52200
2011-12-02,218.45068359375,235.0,243.0,228.0,230.0,30700
2011-12-05,237.042236328125,255.0,256.0,235.0,244.0,55000
2011-12-06,258.4225158691406,278.0,294.0,248.0,254.0,222800
2011-12-07,251.9154510498047,271.0,290.0,270.0,280.0,106800
2011-12-08,246.3380279541016,265.0,276.0,257.0,275.0,43400
2011-12-09,240.76052856445312,259.0,259.0,252.0,256.0,16800
2011-12-12,233.32391357421875,251.0,258.0,251.0,256.0,20400
2011-12-13,231.4647521972656,249.0,253.0,247.0,252.0,4300
2011-12-14,237.9718017578125,256.0,264.0,249.0,249.0,16200
2011-12-16,227.7464294433593,245.0,253.0,244.0,251.0,12700
2011-12-19,218.45068359375,235.0,238.0,231.0,238.0,4500
2011-12-20,213.80276489257807,230.0,235.0,227.0,230.0,15700
2011-12-21,213.80276489257807,230.0,234.0,230.0,231.0,4900
2011-12-22,211.0140686035156,227.0,234.0,227.0,228.0,5900
2011-12-26,211.0140686035156,227.0,227.0,227.0,227.0,0
2011-12-27,216.59152221679688,233.0,235.0,225.0,227.0,9000
2011-12-28,220.309814453125,237.0,237.0,230.0,231.0,1700
2011-12-29,217.5210876464844,234.0,237.0,225.0,237.0,8700
2011-12-30,218.45068359375,235.0,235.0,224.0,227.0,11700
2012-01-04,217.5210876464844,234.0,240.0,225.0,238.0,7800
2012-01-05,216.59152221679688,233.0,235.0,230.0,231.0,5600
2012-01-06,213.80276489257807,230.0,234.0,228.0,234.0,9000
2012-01-10,213.80276489257807,230.0,233.0,228.0,231.0,7400
2012-01-11,232.39431762695312,250.0,267.0,234.0,236.0,98300
2012-01-12,225.8872833251953,243.0,252.0,236.0,252.0,19100
2012-01-13,220.309814453125,237.0,240.0,234.0,237.0,7700
2012-01-16,212.87319946289065,229.0,235.0,225.0,235.0,24800
2012-01-17,233.32391357421875,251.0,266.0,222.0,224.0,129500
2012-01-18,228.6760406494141,246.0,266.0,240.0,266.0,55000
2012-01-19,234.25347900390625,252.0,261.0,248.0,249.0,38700
2012-01-20,235.18307495117188,253.0,260.0,246.0,255.0,47900
2012-01-23,231.4647521972656,249.0,252.0,246.0,252.0,15500
2012-01-24,235.18307495117188,253.0,256.0,245.0,249.0,16500
2012-01-25,233.32391357421875,251.0,255.0,248.0,255.0,18500
2012-01-26,228.6760406494141,246.0,253.0,242.0,249.0,13700
2012-01-27,227.7464294433593,245.0,258.0,244.0,245.0,32100
2012-01-30,241.6901397705078,260.0,282.0,246.0,246.0,216200
2012-01-31,229.6056060791016,247.0,250.0,242.0,244.0,52500
2012-02-01,232.39431762695312,250.0,255.0,245.0,245.0,20300
2012-02-02,231.4647521972656,249.0,255.0,247.0,255.0,7800
2012-02-03,228.6760406494141,246.0,249.0,243.0,247.0,15200
2012-02-06,231.4647521972656,249.0,251.0,243.0,244.0,19300
2012-02-07,230.53518676757807,248.0,250.0,246.0,247.0,7300
2012-02-08,231.4647521972656,249.0,252.0,248.0,251.0,16100
2012-02-09,234.25347900390625,252.0,256.0,250.0,255.0,26400
2012-02-10,247.2675628662109,266.0,277.0,254.0,255.0,109900
2012-02-13,257.492919921875,277.0,278.0,261.0,262.0,61700
2012-02-14,255.6337738037109,275.0,285.0,270.0,273.0,58600
2012-02-15,251.9154510498047,271.0,282.0,270.0,280.0,20700
2012-02-16,252.8450622558593,272.0,283.0,265.0,274.0,56100
2012-02-17,250.9858856201172,270.0,272.0,263.0,272.0,5300
2012-02-20,249.1267242431641,268.0,270.0,263.0,270.0,15100
2012-02-21,250.05630493164065,269.0,270.0,263.0,265.0,13600
2012-02-22,251.9154510498047,271.0,271.0,261.0,266.0,10800
2012-02-23,249.1267242431641,268.0,273.0,263.0,273.0,10100
2012-02-24,247.2675628662109,266.0,269.0,264.0,268.0,8900
2012-02-27,248.1971740722656,267.0,272.0,266.0,272.0,30800
2012-02-28,244.4788513183593,263.0,266.0,261.0,265.0,7100
2012-02-29,244.4788513183593,263.0,263.0,261.0,263.0,8800
2012-03-01,242.6196746826172,261.0,266.0,261.0,265.0,10200
2012-03-02,237.042236328125,255.0,261.0,254.0,261.0,13000
2012-03-05,237.042236328125,255.0,259.0,255.0,259.0,3800
2012-03-06,237.042236328125,255.0,255.0,255.0,255.0,0
2012-03-07,237.9718017578125,256.0,260.0,251.0,254.0,5300
2012-03-08,237.9718017578125,256.0,256.0,256.0,256.0,0
2012-03-09,247.2675628662109,266.0,270.0,262.0,270.0,4900
2012-03-12,247.2675628662109,266.0,266.0,266.0,266.0,0
2012-03-13,330.0,355.0,355.0,275.0,285.0,941500
2012-03-14,404.36614990234375,435.0,435.0,386.0,396.0,2443800
2012-03-15,343.0140380859375,369.0,422.0,361.0,412.0,771800
2012-03-16,362.5351867675781,390.0,419.0,365.0,367.0,741000
2012-03-19,413.6619262695313,445.0,466.0,372.0,390.0,1730400
2012-03-21,395.0703430175781,425.0,464.0,418.0,445.0,575700
2012-03-22,376.4788818359375,405.0,444.0,401.0,436.0,317000
2012-03-23,382.9858703613281,412.0,421.0,402.0,409.0,108900
2012-03-26,346.7322998046875,373.0,409.0,371.0,401.0,83500
2012-03-27,340.2253112792969,366.0,384.0,354.0,373.0,81500
2012-03-28,336.5069885253906,362.0,380.0,360.0,360.0,46600
2012-03-29,342.08447265625,368.0,374.0,356.0,362.0,38500
2012-03-30,337.4366149902344,363.0,369.0,361.0,369.0,18100
2012-04-02,325.3520812988281,350.0,365.0,346.0,365.0,47300
2012-04-03,321.6337280273437,346.0,363.0,344.0,346.0,47800
2012-04-04,314.1971435546875,338.0,353.0,330.0,347.0,36400
2012-04-05,308.61962890625,332.0,341.0,330.0,341.0,21400
2012-04-06,327.2112121582031,352.0,370.0,335.0,339.0,131100
2012-04-09,315.1266784667969,339.0,348.0,334.0,344.0,35000
2012-04-10,308.61962890625,332.0,345.0,332.0,336.0,19100
2012-04-11,298.3943786621094,321.0,329.0,314.0,329.0,23800
2012-04-12,290.9577331542969,313.0,320.0,303.0,320.0,68100
2012-04-13,292.81689453125,315.0,320.0,309.0,316.0,23900
2012-04-16,283.5210876464844,305.0,315.0,305.0,315.0,23300
2012-04-17,278.8731689453125,300.0,310.0,294.0,310.0,30500
2012-04-18,312.3380126953125,336.0,369.0,306.0,306.0,434000
2012-04-19,302.11260986328125,325.0,342.0,321.0,335.0,74300
2012-04-20,323.4928894042969,348.0,364.0,329.0,330.0,187800
2012-04-23,323.4928894042969,348.0,362.0,343.0,348.0,46900
2012-04-24,322.5633239746094,347.0,355.0,345.0,352.0,27800
2012-04-25,311.4084167480469,335.0,347.0,334.0,347.0,17200
2012-04-26,309.5492553710937,333.0,344.0,333.0,335.0,16600
2012-04-27,303.9718017578125,327.0,340.0,327.0,340.0,21000
2012-05-02,282.59149169921875,304.0,318.0,303.0,303.0,56400
2012-05-07,269.5774230957031,290.0,310.0,290.0,310.0,23500
2012-05-08,264.92950439453125,285.0,293.0,276.0,290.0,13100
2012-05-09,251.9154510498047,271.0,289.0,270.0,289.0,14800
2012-05-10,250.05630493164065,269.0,269.0,260.0,269.0,22000
2012-05-11,241.6901397705078,260.0,274.0,260.0,260.0,24100
2012-05-14,212.87319946289065,229.0,247.0,225.0,231.0,38500
2012-05-15,223.0985870361328,240.0,258.0,222.0,237.0,32000
2012-05-16,222.16900634765625,239.0,255.0,230.0,240.0,11300
2012-05-17,232.39431762695312,250.0,250.0,225.0,231.0,12900
2012-05-18,220.309814453125,237.0,239.0,230.0,233.0,10500
2012-05-21,230.53518676757807,248.0,254.0,237.0,237.0,12000
2012-05-22,233.32391357421875,251.0,259.0,245.0,245.0,8400
2012-05-23,227.7464294433593,245.0,271.0,245.0,250.0,33200
2012-05-24,226.8168334960937,244.0,251.0,235.0,245.0,13900
2012-05-25,220.309814453125,237.0,243.0,235.0,242.0,9100
2012-05-28,216.59152221679688,233.0,240.0,232.0,240.0,3400
2012-05-29,224.0281677246093,241.0,247.0,231.0,235.0,7200
2012-05-30,228.6760406494141,246.0,247.0,235.0,247.0,6800
2012-05-31,217.5210876464844,234.0,241.0,231.0,231.0,8200
2012-06-01,219.3802490234375,236.0,239.0,230.0,234.0,10100
2012-06-04,211.0140686035156,227.0,235.0,222.0,228.0,10200
2012-06-05,216.59152221679688,233.0,234.0,222.0,224.0,4200
2012-06-06,219.3802490234375,236.0,253.0,229.0,229.0,18700
2012-06-07,224.0281677246093,241.0,250.0,239.0,240.0,8100
2012-06-08,226.8168334960937,244.0,248.0,241.0,245.0,8800
2012-06-11,228.6760406494141,246.0,254.0,245.0,245.0,7600
2012-06-12,223.0985870361328,240.0,246.0,237.0,246.0,5800
2012-06-13,248.1971740722656,267.0,280.0,243.0,243.0,149100
2012-06-14,234.25347900390625,252.0,262.0,252.0,262.0,21600
2012-06-15,217.5210876464844,234.0,259.0,230.0,259.0,35000
2012-06-18,223.0985870361328,240.0,247.0,235.0,242.0,12300
2012-06-19,223.0985870361328,240.0,245.0,236.0,243.0,7500
2012-06-20,229.6056060791016,247.0,248.0,245.0,248.0,12500
2012-06-21,234.25347900390625,252.0,257.0,247.0,247.0,14700
2012-06-22,235.18307495117188,253.0,253.0,248.0,252.0,9000
2012-06-25,256.5633239746094,276.0,301.0,254.0,254.0,122300
2012-06-26,250.9858856201172,270.0,282.0,259.0,276.0,26000
2012-06-27,250.05630493164065,269.0,275.0,261.0,275.0,10800
2012-06-28,249.1267242431641,268.0,270.0,266.0,266.0,9000
2012-06-29,249.1267242431641,268.0,270.0,257.0,266.0,9700
2012-07-02,249.1267242431641,268.0,273.0,264.0,273.0,4200
2012-07-03,250.9858856201172,270.0,275.0,265.0,265.0,12300
2012-07-04,245.4084014892578,264.0,269.0,262.0,269.0,8400
2012-07-05,251.9154510498047,271.0,272.0,264.0,264.0,5800
2012-07-06,245.4084014892578,264.0,270.0,263.0,270.0,8400
2012-07-09,239.83094787597656,258.0,267.0,255.0,263.0,5700
2012-07-10,236.1126403808593,254.0,258.0,253.0,258.0,4300
2012-07-11,237.9718017578125,256.0,265.0,250.0,252.0,10600
2012-07-12,236.1126403808593,254.0,260.0,253.0,259.0,5200
2012-07-13,240.76052856445312,259.0,259.0,251.0,251.0,2400
2012-07-17,234.25347900390625,252.0,261.0,251.0,255.0,6300
2012-07-18,225.8872833251953,243.0,257.0,243.0,257.0,5500
2012-07-19,223.0985870361328,240.0,246.0,240.0,246.0,6300
2012-07-20,223.0985870361328,240.0,241.0,240.0,240.0,3500
2012-07-23,212.87319946289065,229.0,242.0,228.0,240.0,11800
2012-07-24,218.45068359375,235.0,235.0,225.0,228.0,5700
2012-07-25,214.7323760986328,231.0,234.0,225.0,228.0,3700
2012-07-26,222.16900634765625,239.0,239.0,231.0,234.0,2500
2012-07-27,224.95770263671875,242.0,246.0,236.0,246.0,4900
2012-07-30,229.6056060791016,247.0,249.0,237.0,237.0,3800
2012-07-31,225.8872833251953,243.0,247.0,233.0,243.0,9400
2012-08-01,214.7323760986328,231.0,237.0,230.0,237.0,6900
2012-08-02,216.59152221679688,233.0,233.0,228.0,232.0,900
2012-08-03,213.80276489257807,230.0,231.0,224.0,229.0,5800
2012-08-06,210.08448791503903,226.0,229.0,226.0,227.0,7700
2012-08-07,216.59152221679688,233.0,236.0,228.0,228.0,7100
2012-08-08,215.6619567871093,232.0,239.0,229.0,233.0,2800
2012-08-09,212.87319946289065,229.0,235.0,229.0,231.0,6200
2012-08-10,213.80276489257807,230.0,230.0,228.0,229.0,3000
2012-08-13,212.87319946289065,229.0,230.0,228.0,230.0,1000
2012-08-14,229.6056060791016,247.0,265.0,235.0,235.0,50600
2012-08-15,303.9718017578125,327.0,327.0,248.0,254.0,321400
2012-08-16,303.9718017578125,327.0,399.0,326.0,387.0,896800
2012-08-17,271.4365539550781,292.0,364.0,292.0,327.0,488600
2012-08-20,283.5210876464844,305.0,338.0,294.0,308.0,273200
2012-08-21,312.3380126953125,336.0,336.0,305.0,321.0,286500
2012-08-22,302.11260986328125,325.0,350.0,312.0,328.0,279000
2012-08-23,279.8027648925781,301.0,317.0,301.0,317.0,96800
2012-08-24,270.50701904296875,291.0,301.0,287.0,301.0,72500
2012-08-27,266.7886657714844,287.0,291.0,280.0,291.0,34200
2012-08-28,259.3520812988281,279.0,285.0,272.0,281.0,42500
2012-08-29,254.7041778564453,274.0,288.0,272.0,277.0,54200
2012-08-30,261.2112731933594,281.0,312.0,273.0,279.0,259400
2012-08-31,252.8450622558593,272.0,280.0,272.0,280.0,26400
2012-09-03,243.5492706298828,262.0,270.0,248.0,268.0,39800
2012-09-04,241.6901397705078,260.0,268.0,251.0,268.0,20500
2012-09-05,236.1126403808593,254.0,258.0,250.0,256.0,17500
2012-09-06,237.9718017578125,256.0,258.0,250.0,255.0,11500
2012-09-07,237.9718017578125,256.0,261.0,254.0,259.0,11900
2012-09-10,312.3380126953125,336.0,336.0,262.0,262.0,1192800
2012-09-11,285.3802795410156,307.0,349.0,299.0,344.0,524100
2012-09-12,285.3802795410156,307.0,314.0,292.0,305.0,108900
2012-09-13,270.50701904296875,291.0,299.0,287.0,298.0,69200
2012-09-14,276.0845031738281,297.0,318.0,289.0,294.0,85700
2012-09-18,269.5774230957031,290.0,307.0,286.0,299.0,29300
2012-09-19,271.4365539550781,292.0,292.0,286.0,286.0,11900
2012-09-20,277.0140686035156,298.0,301.0,292.0,295.0,53200
2012-09-21,266.7886657714844,287.0,294.0,285.0,290.0,19600
2012-09-24,268.6478271484375,289.0,293.0,285.0,288.0,7500
2012-09-25,272.3661804199219,293.0,345.0,280.0,284.0,667500
2012-09-26,288.1689453125,310.0,336.0,300.0,301.0,265000
2012-09-27,289.0985412597656,311.0,318.0,305.0,318.0,31900
2012-09-28,282.59149169921875,304.0,312.0,291.0,305.0,45500
2012-10-01,275.1549377441406,296.0,304.0,294.0,304.0,10500
2012-10-02,277.0140686035156,298.0,306.0,296.0,296.0,16700
2012-10-03,275.1549377441406,296.0,303.0,295.0,302.0,3000
2012-10-04,269.5774230957031,290.0,295.0,275.0,295.0,20200
2012-10-05,264.0,284.0,293.0,280.0,285.0,16700
2012-10-09,277.0140686035156,298.0,298.0,287.0,290.0,9800
2012-10-10,270.50701904296875,291.0,300.0,290.0,300.0,5700
2012-10-11,267.71826171875,288.0,291.0,283.0,291.0,6500
2012-10-12,266.7886657714844,287.0,288.0,281.0,284.0,4300
2012-10-15,266.7886657714844,287.0,292.0,283.0,290.0,8600
2012-10-16,264.92950439453125,285.0,291.0,280.0,280.0,18000
2012-10-17,265.8591613769531,286.0,288.0,279.0,286.0,12700
2012-10-18,285.3802795410156,307.0,313.0,284.0,287.0,56000
2012-10-19,287.2394104003906,309.0,319.0,300.0,307.0,66100
2012-10-22,288.1689453125,310.0,310.0,300.0,300.0,8900
2012-10-23,284.45068359375,306.0,314.0,304.0,314.0,12400
2012-10-24,285.3802795410156,307.0,308.0,299.0,300.0,7900
2012-10-25,290.9577331542969,313.0,313.0,301.0,302.0,21700
2012-10-26,286.309814453125,308.0,313.0,305.0,313.0,20100
2012-10-29,291.88726806640625,314.0,320.0,306.0,312.0,44200
2012-10-30,278.8731689453125,300.0,330.0,290.0,319.0,143900
2012-10-31,277.943603515625,299.0,310.0,298.0,305.0,47000
2012-11-01,279.8027648925781,301.0,305.0,298.0,303.0,18300
2012-11-02,277.0140686035156,298.0,302.0,298.0,301.0,10000
2012-11-05,277.0140686035156,298.0,301.0,297.0,299.0,13200
2012-11-06,270.50701904296875,291.0,298.0,289.0,298.0,15600
2012-11-07,268.6478271484375,289.0,291.0,285.0,289.0,11800
2012-11-08,268.6478271484375,289.0,294.0,282.0,285.0,15700
2012-11-09,269.5774230957031,290.0,290.0,284.0,284.0,6100
2012-11-12,265.8591613769531,286.0,288.0,284.0,285.0,6300
2012-11-13,265.8591613769531,286.0,287.0,281.0,286.0,13800
2012-11-14,262.14080810546875,282.0,283.0,280.0,281.0,8000
2012-11-15,266.7886657714844,287.0,288.0,283.0,283.0,8600
2012-11-16,268.6478271484375,289.0,290.0,282.0,285.0,7400
2012-11-19,265.8591613769531,286.0,287.0,284.0,287.0,12600
2012-11-20,268.6478271484375,289.0,290.0,287.0,288.0,6100
2012-11-21,270.50701904296875,291.0,292.0,289.0,290.0,9700
2012-11-22,271.4365539550781,292.0,293.0,290.0,293.0,6800
2012-11-26,271.4365539550781,292.0,294.0,290.0,293.0,8300
2012-11-27,269.5774230957031,290.0,292.0,288.0,292.0,6000
2012-11-28,262.14080810546875,282.0,290.0,276.0,288.0,39000
2012-11-29,264.92950439453125,285.0,285.0,283.0,285.0,5600
2012-11-30,269.5774230957031,290.0,295.0,287.0,287.0,15000
2012-12-03,278.8731689453125,300.0,300.0,291.0,291.0,14300
2012-12-04,277.943603515625,299.0,310.0,298.0,305.0,42700
2012-12-05,273.2957458496094,294.0,299.0,293.0,296.0,9300
2012-12-06,280.7323303222656,302.0,302.0,294.0,294.0,15500
2012-12-07,284.45068359375,306.0,306.0,298.0,304.0,13400
2012-12-10,280.7323303222656,302.0,307.0,299.0,304.0,25800
2012-12-11,276.0845031738281,297.0,300.0,295.0,295.0,10200
2012-12-12,278.8731689453125,300.0,302.0,298.0,298.0,5900
2012-12-13,278.8731689453125,300.0,303.0,298.0,301.0,7100
2012-12-14,280.7323303222656,302.0,303.0,296.0,297.0,5000
2012-12-17,286.309814453125,308.0,308.0,299.0,305.0,17400
2012-12-18,284.45068359375,306.0,322.0,304.0,308.0,48500
2012-12-19,282.59149169921875,304.0,305.0,299.0,304.0,20500
2012-12-20,279.8027648925781,301.0,307.0,296.0,299.0,38400
2012-12-21,281.66192626953125,303.0,308.0,299.0,305.0,18100
2012-12-25,277.0140686035156,298.0,304.0,298.0,303.0,16500
2012-12-27,284.45068359375,306.0,315.0,302.0,303.0,28200
2012-12-28,283.5210876464844,305.0,310.0,300.0,309.0,12800
2013-01-04,285.3802795410156,307.0,309.0,304.0,304.0,18000
2013-01-07,294.676025390625,317.0,323.0,308.0,310.0,37500
2013-01-08,294.676025390625,317.0,317.0,311.0,314.0,18100
2013-01-09,294.676025390625,317.0,321.0,315.0,320.0,21600
2013-01-10,303.9718017578125,327.0,335.0,318.0,318.0,49500
2013-01-11,304.9013671875,328.0,333.0,327.0,332.0,17200
2013-01-15,303.9718017578125,327.0,330.0,325.0,330.0,18600
2013-01-16,299.32391357421875,322.0,325.0,313.0,325.0,29600
2013-01-17,290.9577331542969,313.0,322.0,309.0,320.0,18600
2013-01-18,291.88726806640625,314.0,317.0,306.0,313.0,19100
2013-01-21,294.676025390625,317.0,318.0,305.0,315.0,14700
2013-01-22,294.676025390625,317.0,318.0,313.0,317.0,7400
2013-01-23,290.9577331542969,313.0,321.0,312.0,318.0,15200
2013-01-24,295.6055908203125,318.0,318.0,312.0,313.0,9900
2013-01-25,291.88726806640625,314.0,323.0,314.0,318.0,14200
2013-01-28,303.0422668457031,326.0,328.0,315.0,315.0,29700
2013-01-29,337.4366149902344,363.0,389.0,336.0,336.0,361700
2013-01-30,325.3520812988281,350.0,350.0,330.0,339.0,102300
2013-01-31,334.6478576660156,360.0,364.0,344.0,348.0,67600
2013-02-01,309.5492553710937,333.0,345.0,320.0,345.0,105800
2013-02-04,307.6900939941406,331.0,341.0,328.0,333.0,32100
2013-02-05,304.9013671875,328.0,333.0,325.0,332.0,25600
2013-02-06,308.61962890625,332.0,338.0,329.0,336.0,22600
2013-02-07,321.6337280273437,346.0,349.0,330.0,334.0,37500
2013-02-08,332.7886962890625,358.0,377.0,336.0,346.0,107200
2013-02-12,336.5069885253906,362.0,370.0,352.0,370.0,71300
2013-02-13,336.5069885253906,362.0,370.0,340.0,370.0,50800
2013-02-14,330.9295349121094,356.0,362.0,334.0,362.0,35100
2013-02-15,317.9154663085937,342.0,350.0,320.0,340.0,38100
2013-02-18,315.1266784667969,339.0,342.0,332.0,341.0,13200
2013-02-19,321.6337280273437,346.0,348.0,340.0,342.0,15900
2013-02-20,321.6337280273437,346.0,358.0,342.0,357.0,31600
2013-02-21,320.7041931152344,345.0,356.0,338.0,346.0,23200
2013-02-22,326.2816467285156,351.0,351.0,343.0,347.0,19600
2013-02-25,334.6478576660156,360.0,362.0,352.0,355.0,36900
2013-02-26,329.07037353515625,354.0,358.0,350.0,355.0,18600
2013-02-27,350.4506530761719,377.0,380.0,353.0,358.0,90800
2013-02-28,424.8168640136719,457.0,457.0,457.0,457.0,103000
2013-03-01,499.18304443359375,537.0,537.0,537.0,537.0,71400
2013-03-04,592.1407470703125,637.0,637.0,637.0,637.0,306700
2013-03-05,778.0562744140625,837.0,837.0,737.0,750.0,1165200
2013-03-06,917.4928588867188,987.0,987.0,987.0,987.0,68600
2013-03-07,1056.9293212890625,1137.0,1137.0,1137.0,1137.0,28600
2013-03-08,1335.8026123046875,1437.0,1437.0,1156.0,1167.0,1655600
2013-03-11,1173.1265869140625,1262.0,1734.0,1170.0,1727.0,1846800
2013-03-12,957.464599609375,1030.0,1140.0,962.0,1022.0,1462600
2013-03-13,952.8167724609376,1025.0,1150.0,989.0,999.0,727500
2013-03-14,881.2392578125,948.0,1030.0,936.0,984.0,524400
2013-03-15,915.6336669921876,985.0,1030.0,951.0,975.0,403100
2013-03-18,851.4927978515625,916.0,979.0,911.0,979.0,197000
2013-03-19,830.112548828125,893.0,950.0,852.0,944.0,384900
2013-03-21,969.5491943359376,1043.0,1043.0,911.0,930.0,821900
2013-03-22,867.295654296875,933.0,989.0,909.0,970.0,508000
2013-03-25,843.1265869140625,907.0,948.0,883.0,948.0,159400
2013-03-26,836.61962890625,900.0,940.0,891.0,919.0,136600
2013-03-27,824.0213623046875,883.0,900.0,855.0,890.0,138900
2013-03-28,807.2235107421875,865.0,923.0,856.0,886.0,129600
2013-03-29,785.7598266601562,842.0,853.0,832.0,852.0,117000
2013-04-01,691.5060424804688,741.0,850.0,741.0,850.0,164900
2013-04-02,732.5670776367188,785.0,809.0,730.0,771.0,158400
2013-04-03,759.6300659179688,814.0,930.0,752.0,755.0,675600
2013-04-04,760.5632934570312,815.0,818.0,751.0,780.0,233600
2013-04-05,740.03271484375,793.0,840.0,770.0,812.0,117600
2013-04-08,709.2368774414062,760.0,791.0,750.0,791.0,98000
2013-04-09,727.9010620117188,780.0,800.0,763.0,767.0,92300
2013-04-10,716.7025756835938,768.0,779.0,756.0,768.0,124800
2013-04-11,716.7025756835938,768.0,825.0,758.0,773.0,194200
2013-04-12,710.1701049804688,761.0,769.0,754.0,768.0,71200
2013-04-15,695.2388916015625,745.0,783.0,731.0,754.0,94100
2013-04-16,688.7063598632812,738.0,756.0,712.0,725.0,65800
2013-04-17,690.57275390625,740.0,749.0,722.0,745.0,39500
2013-04-18,709.2368774414062,760.0,801.0,733.0,733.0,214800
2013-04-19,706.4373779296875,757.0,763.0,750.0,750.0,55700
2013-04-22,691.5060424804688,741.0,760.0,741.0,757.0,89800
2013-04-23,742.8323364257812,796.0,811.0,743.0,748.0,242000
2013-04-24,737.233154296875,790.0,792.0,770.0,781.0,113800
2013-04-25,877.214111328125,940.0,940.0,809.0,810.0,1214200
2013-04-26,801.6243286132812,859.0,1064.0,838.0,941.0,903400
2013-04-30,780.16064453125,836.0,880.0,810.0,871.0,245200
2013-05-01,763.3629760742188,818.0,843.0,794.0,840.0,108300
2013-05-02,752.1644897460938,806.0,823.0,796.0,800.0,61400
2013-05-07,810.9564208984375,869.0,911.0,840.0,840.0,232200
2013-05-08,785.7598266601562,842.0,880.0,832.0,857.0,99400
2013-05-09,769.8953857421875,825.0,845.0,820.0,844.0,51800
2013-05-10,785.7598266601562,842.0,842.0,808.0,817.0,69200
2013-05-13,760.5632934570312,815.0,859.0,811.0,853.0,80400
2013-05-14,770.8285522460938,826.0,826.0,800.0,816.0,42500
2013-05-15,732.5670776367188,785.0,825.0,750.0,820.0,77300
2013-05-16,667.2426147460938,715.0,764.0,635.0,738.0,143200
2013-05-17,713.9029541015625,765.0,769.0,685.0,720.0,64100
2013-05-20,709.2368774414062,760.0,790.0,745.0,777.0,47900
2013-05-21,689.6395874023438,739.0,763.0,719.0,763.0,40200
2013-05-22,672.8418579101562,721.0,743.0,713.0,736.0,37500
2013-05-23,587.920166015625,630.0,709.0,625.0,682.0,68300
2013-05-24,596.3189697265625,639.0,675.0,625.0,646.0,49900
2013-05-27,602.8513793945312,646.0,650.0,626.0,640.0,20000
2013-05-28,594.4525146484375,637.0,652.0,625.0,646.0,30800
2013-05-29,620.5823364257812,665.0,680.0,635.0,635.0,31500
2013-05-30,609.3839111328125,653.0,760.0,630.0,670.0,243600
2013-05-31,614.983154296875,659.0,695.0,639.0,661.0,27100
2013-06-03,587.920166015625,630.0,662.0,630.0,662.0,41300
2013-06-04,591.6529541015625,634.0,646.0,625.0,646.0,22300
2013-06-05,587.920166015625,630.0,680.0,628.0,637.0,31000
2013-06-06,502.0650634765625,538.0,625.0,535.0,625.0,72800
2013-06-07,432.0745849609375,463.0,489.0,438.0,459.0,132600
2013-06-10,483.4009399414063,518.0,525.0,492.0,520.0,48000
2013-06-11,471.2693176269531,505.0,530.0,496.0,498.0,35900
2013-06-12,503.9314880371094,540.0,545.0,485.0,495.0,29300
2013-06-13,504.86468505859375,541.0,563.0,511.0,511.0,38700
2013-06-14,514.1967163085938,551.0,580.0,540.0,550.0,38600
2013-06-17,494.5995178222656,530.0,534.0,525.0,529.0,11400
2013-06-18,513.2636108398438,550.0,555.0,530.0,530.0,11900
2013-06-19,502.0650634765625,538.0,568.0,532.0,565.0,31100
2013-06-20,503.9314880371094,540.0,542.0,530.0,538.0,9000
2013-06-21,482.4677429199219,517.0,530.0,500.0,510.0,18100
2013-06-24,481.5345153808594,516.0,527.0,498.0,527.0,13400
2013-06-25,463.80364990234375,497.0,508.0,490.0,496.0,21000
2013-06-26,422.7425537109375,453.0,504.0,441.0,504.0,23600
2013-06-27,406.8780212402344,436.0,460.0,403.0,460.0,20300
2013-06-28,432.0745849609375,463.0,466.0,448.0,448.0,14900
2013-07-01,461.9372253417969,495.0,497.0,461.0,461.0,17200
2013-07-02,475.0021057128906,509.0,511.0,481.0,500.0,18400
2013-07-03,477.8017578125,512.0,530.0,500.0,530.0,23000
2013-07-04,489.9334106445313,525.0,525.0,514.0,518.0,14500
2013-07-05,499.2654724121094,535.0,538.0,515.0,520.0,21300
2013-07-08,592.5860595703125,635.0,635.0,541.0,541.0,295700
2013-07-09,581.3876953125,623.0,660.0,574.0,615.0,147300
2013-07-10,674.7081909179688,723.0,723.0,634.0,636.0,569000
2013-07-11,664.4429931640625,712.0,799.0,704.0,760.0,430300
2013-07-12,626.1815795898438,671.0,703.0,661.0,700.0,125800
2013-07-16,583.2540283203125,625.0,642.0,603.0,632.0,189200
2013-07-17,566.4563598632812,607.0,618.0,600.0,618.0,44900
2013-07-18,570.189208984375,611.0,638.0,593.0,604.0,178700
2013-07-19,554.3247680664062,594.0,619.0,590.0,613.0,32700
2013-07-22,567.3895263671875,608.0,608.0,591.0,604.0,7800
2013-07-23,561.7903442382812,602.0,612.0,594.0,604.0,12600
2013-07-24,571.1223754882812,612.0,612.0,587.0,596.0,23900
2013-07-25,564.5899047851562,605.0,630.0,604.0,620.0,34000
2013-07-26,542.1929321289062,581.0,615.0,578.0,615.0,45200
2013-07-29,489.9334106445313,525.0,578.0,520.0,578.0,62600
2013-07-30,502.0650634765625,538.0,545.0,519.0,519.0,17900
2013-07-31,479.6681213378906,514.0,545.0,491.0,545.0,26100
2013-08-01,466.6032409667969,500.0,514.0,499.0,504.0,30200
2013-08-02,481.5345153808594,516.0,529.0,504.0,505.0,16800
2013-08-05,510.46392822265625,547.0,550.0,517.0,520.0,19500
2013-08-06,513.2636108398438,550.0,557.0,525.0,539.0,22400
2013-08-07,492.7330322265625,528.0,540.0,526.0,532.0,24300
2013-08-08,477.8017578125,512.0,531.0,512.0,524.0,12600
2013-08-09,481.5345153808594,516.0,536.0,515.0,519.0,17400
2013-08-12,460.0707702636719,493.0,525.0,490.0,516.0,26000
2013-08-13,478.7348937988281,513.0,516.0,490.0,498.0,20100
2013-08-14,478.7348937988281,513.0,528.0,507.0,523.0,6400
2013-08-15,459.1376037597656,492.0,519.0,492.0,519.0,6800
2013-08-16,559.923828125,600.0,600.0,510.0,510.0,93400
2013-08-19,653.2445068359375,700.0,700.0,700.0,700.0,15000
2013-08-20,634.5804443359375,680.0,819.0,650.0,805.0,712600
2013-08-21,583.2540283203125,625.0,659.0,611.0,650.0,191400
2013-08-22,559.923828125,600.0,624.0,593.0,615.0,75600
2013-08-23,601.918212890625,645.0,688.0,591.0,595.0,284200
2013-08-26,578.5880126953125,620.0,660.0,610.0,655.0,61200
2013-08-27,549.6585693359375,589.0,624.0,576.0,613.0,60100
2013-08-28,519.7960205078125,557.0,593.0,557.0,569.0,59600
2013-08-29,521.662353515625,559.0,570.0,558.0,562.0,16300
2013-08-30,614.983154296875,659.0,659.0,561.0,569.0,172700
2013-09-02,568.3226928710938,609.0,756.0,596.0,689.0,496200
2013-09-03,568.3226928710938,609.0,652.0,590.0,606.0,79700
2013-09-04,587.920166015625,630.0,644.0,609.0,619.0,65800
2013-09-05,620.5823364257812,665.0,708.0,605.0,630.0,339800
2013-09-06,601.918212890625,645.0,685.0,632.0,645.0,125300
2013-09-09,695.2388916015625,745.0,745.0,716.0,745.0,205400
2013-09-10,835.2199096679688,895.0,895.0,806.0,820.0,896700
2013-09-11,755.8973388671875,810.0,974.0,806.0,970.0,552100
2013-09-12,790.4259033203125,847.0,860.0,810.0,810.0,176200
2013-09-13,748.4315795898438,802.0,825.0,780.0,817.0,147600
2013-09-17,728.8342895507812,781.0,795.0,760.0,795.0,118900
2013-09-18,715.7694702148438,767.0,781.0,751.0,763.0,110500
2013-09-19,712.0365600585938,763.0,764.0,748.0,759.0,68400
2013-09-20,740.9659423828125,794.0,820.0,766.0,766.0,204800
2013-09-24,732.5670776367188,785.0,800.0,753.0,773.0,80100
2013-09-25,704.5709838867188,755.0,795.0,755.0,793.0,58000
2013-09-26,710.1701049804688,761.0,765.0,734.0,750.0,43700
2013-09-27,735.3666381835938,788.0,793.0,761.0,776.0,56700
2013-09-30,741.899169921875,795.0,829.0,783.0,814.0,127200
2013-10-01,758.6968994140625,813.0,889.0,801.0,840.0,397700
2013-10-02,783.8934326171875,840.0,890.0,815.0,847.0,274300
2013-10-03,750.2979736328125,804.0,837.0,803.0,828.0,72100
2013-10-04,714.836181640625,766.0,800.0,760.0,800.0,65800
2013-10-07,667.2426147460938,715.0,765.0,701.0,756.0,61900
2013-10-08,690.57275390625,740.0,740.0,684.0,686.0,58100
2013-10-09,693.3723754882812,743.0,743.0,713.0,713.0,23400
2013-10-10,694.3056640625,744.0,775.0,734.0,775.0,22900
2013-10-11,692.4391479492188,742.0,750.0,740.0,748.0,18800
2013-10-15,685.90673828125,735.0,755.0,735.0,746.0,22200
2013-10-16,670.042236328125,718.0,731.0,715.0,730.0,24000
2013-10-17,679.374267578125,728.0,740.0,722.0,740.0,16500
2013-10-18,774.5613403320312,830.0,830.0,743.0,743.0,234900
2013-10-21,771.76171875,827.0,841.0,780.0,815.0,188400
2013-10-22,811.8896484375,870.0,921.0,857.0,885.0,544600
2013-10-23,778.2942504882812,834.0,883.0,816.0,880.0,157600
2013-10-24,778.2942504882812,834.0,840.0,809.0,840.0,57500
2013-10-25,759.6300659179688,814.0,829.0,806.0,822.0,52200
2013-10-28,788.5595092773438,845.0,868.0,817.0,820.0,79300
2013-10-29,788.5595092773438,845.0,845.0,845.0,845.0,0
2013-10-30,746.565185546875,800.0,836.0,798.0,836.0,61000
2013-10-31,765.2293701171875,820.0,886.0,786.0,802.0,186200
2013-11-01,751.2312622070312,805.0,820.0,761.0,819.0,74400
2013-11-05,772.6950073242188,828.0,863.0,800.0,840.0,102100
2013-11-06,763.3629760742188,818.0,820.0,801.0,801.0,28600
2013-11-07,757.763671875,812.0,824.0,804.0,804.0,26400
2013-11-08,751.2312622070312,805.0,813.0,795.0,808.0,27400
2013-11-11,725.1014404296875,777.0,820.0,776.0,820.0,68400
2013-11-12,749.3648071289062,803.0,810.0,765.0,775.0,30300
2013-11-13,746.565185546875,800.0,803.0,787.0,803.0,17900
2013-11-14,748.4315795898438,802.0,814.0,797.0,800.0,29700
2013-11-15,744.6986694335938,798.0,808.0,796.0,800.0,23800
2013-11-18,745.6320190429688,799.0,800.0,786.0,800.0,30500
2013-11-19,736.2999267578125,789.0,795.0,786.0,795.0,26100
2013-11-20,734.43359375,787.0,789.0,783.0,789.0,12800
2013-11-21,729.7674560546875,782.0,787.0,781.0,782.0,14700
2013-11-22,725.1014404296875,777.0,787.0,777.0,786.0,19200
2013-11-25,726.9677734375,779.0,790.0,765.0,785.0,29600
2013-11-26,716.7025756835938,768.0,773.0,766.0,772.0,14400
2013-11-27,732.5670776367188,785.0,789.0,766.0,779.0,17900
2013-11-28,723.2349853515625,775.0,789.0,772.0,789.0,9900
2013-11-29,717.6358032226562,769.0,771.0,763.0,766.0,16100
2013-12-02,720.4354248046875,772.0,779.0,762.0,762.0,10900
2013-12-03,746.565185546875,800.0,800.0,775.0,783.0,48800
2013-12-04,735.3666381835938,788.0,807.0,785.0,802.0,30000
2013-12-05,723.2349853515625,775.0,798.0,775.0,788.0,27500
2013-12-06,733.5003051757812,786.0,800.0,777.0,777.0,30900
2013-12-09,732.5670776367188,785.0,796.0,780.0,787.0,17300
2013-12-10,724.168212890625,776.0,783.0,775.0,782.0,11900
2013-12-11,721.3687133789062,773.0,779.0,735.0,778.0,67300
2013-12-12,716.7025756835938,768.0,770.0,752.0,770.0,22500
2013-12-13,727.9010620117188,780.0,784.0,756.0,766.0,30400
2013-12-16,695.2388916015625,745.0,771.0,745.0,771.0,23100
2013-12-17,697.105224609375,747.0,758.0,738.0,738.0,11800
2013-12-18,686.8400268554688,736.0,747.0,728.0,742.0,20000
2013-12-19,664.4429931640625,712.0,743.0,705.0,733.0,20000
2013-12-20,645.7789306640625,692.0,702.0,689.0,702.0,32000
2013-12-24,630.8475341796875,676.0,693.0,676.0,693.0,17300
2013-12-25,642.046142578125,688.0,688.0,655.0,656.0,35300
2013-12-26,656.044189453125,703.0,709.0,695.0,695.0,20800
2013-12-27,667.2426147460938,715.0,721.0,708.0,720.0,20000
2013-12-30,679.374267578125,728.0,731.0,715.0,717.0,9600
2014-01-06,676.5747680664062,725.0,731.0,719.0,730.0,8000
2014-01-07,681.2407836914062,730.0,741.0,725.0,728.0,12200
2014-01-08,693.3723754882812,743.0,744.0,726.0,733.0,11900
2014-01-09,693.3723754882812,743.0,749.0,732.0,749.0,5400
2014-01-10,685.90673828125,735.0,748.0,723.0,748.0,7900
2014-01-14,676.5747680664062,725.0,740.0,714.0,720.0,13900
2014-01-15,665.376220703125,713.0,729.0,711.0,729.0,15800
2014-01-16,685.90673828125,735.0,740.0,711.0,720.0,26000
2014-01-17,712.9698486328125,764.0,818.0,747.0,760.0,147800
2014-01-20,712.0365600585938,763.0,769.0,741.0,760.0,28200
2014-01-21,705.5040893554688,756.0,770.0,750.0,760.0,13100
2014-01-22,712.9698486328125,764.0,764.0,750.0,754.0,7400
2014-01-23,701.771240234375,752.0,766.0,751.0,765.0,14100
2014-01-24,696.1719970703125,746.0,753.0,744.0,752.0,18200
2014-01-27,669.1090087890625,717.0,731.0,715.0,716.0,16900
2014-01-28,666.3093872070312,714.0,735.0,714.0,715.0,7900
2014-01-29,684.040283203125,733.0,735.0,717.0,720.0,9700
2014-01-30,661.6434326171875,709.0,725.0,709.0,716.0,10500
2014-01-31,651.378173828125,698.0,720.0,690.0,710.0,23700
2014-02-03,587.920166015625,630.0,678.0,630.0,665.0,29800
2014-02-04,494.5995178222656,530.0,565.0,530.0,530.0,80200
2014-02-05,505.7978820800781,542.0,566.0,530.0,555.0,27900
2014-02-06,519.7960205078125,557.0,566.0,529.0,542.0,47400
2014-02-07,517.9296264648438,555.0,597.0,553.0,558.0,36100
2014-02-10,550.5918579101562,590.0,615.0,581.0,595.0,35800
2014-02-12,563.65673828125,604.0,613.0,595.0,611.0,12400
2014-02-13,547.7921752929688,587.0,600.0,587.0,596.0,12700
2014-02-14,550.5918579101562,590.0,607.0,562.0,607.0,15800
2014-02-17,555.2579345703125,595.0,611.0,572.0,590.0,21800
2014-02-18,648.5784301757812,695.0,695.0,695.0,695.0,9000
2014-02-19,741.899169921875,795.0,795.0,795.0,795.0,18800
2014-02-20,881.880126953125,945.0,945.0,945.0,945.0,131500
2014-02-21,895.8782958984375,960.0,1169.0,957.0,1115.0,2474700
2014-02-24,849.2178344726562,910.0,957.0,875.0,930.0,553300
2014-02-25,989.1990356445312,1060.0,1060.0,955.0,955.0,596200
2014-02-26,920.1415405273438,986.0,1227.0,929.0,1100.0,2298300
2014-02-27,847.3515014648438,908.0,994.0,901.0,971.0,362300
2014-02-28,819.3552856445312,878.0,930.0,853.0,923.0,250000
2014-03-03,809.090087890625,867.0,868.0,812.0,864.0,157500
2014-03-04,863.216064453125,925.0,952.0,852.0,852.0,689800
2014-03-05,871.6148681640625,934.0,988.0,904.0,940.0,555400
2014-03-06,868.8152465820312,931.0,1040.0,915.0,919.0,575400
2014-03-07,821.2217407226562,880.0,909.0,860.0,886.0,291000
2014-03-10,825.8877563476562,885.0,914.0,866.0,908.0,124200
2014-03-11,797.8914794921875,855.0,877.0,831.0,873.0,110200
2014-03-12,780.16064453125,836.0,844.0,822.0,832.0,95800
2014-03-13,741.899169921875,795.0,834.0,795.0,823.0,101600
2014-03-14,702.7045288085938,753.0,791.0,752.0,780.0,88900
2014-03-17,684.9735717773438,734.0,788.0,734.0,753.0,51100
2014-03-18,714.836181640625,766.0,783.0,740.0,742.0,58000
2014-03-19,700.8380737304688,751.0,786.0,725.0,781.0,56400
2014-03-20,639.2464599609375,685.0,755.0,682.0,755.0,63400
2014-03-24,640.1796264648438,686.0,695.0,666.0,695.0,31300
2014-03-25,597.2521362304688,640.0,687.0,635.0,687.0,37000
2014-03-26,614.983154296875,659.0,680.0,653.0,680.0,29000
2014-03-27,626.2671508789062,666.0,672.0,639.0,658.0,17300
2014-03-28,653.5369873046875,695.0,719.0,670.0,684.0,54600
2014-03-31,655.417724609375,697.0,711.0,683.0,683.0,42600
2014-04-01,673.2841796875,716.0,723.0,698.0,710.0,37500
2014-04-02,673.2841796875,716.0,727.0,705.0,712.0,26700
2014-04-03,677.0455322265625,720.0,739.0,715.0,739.0,31000
2014-04-04,669.5228271484375,712.0,723.0,700.0,711.0,24300
2014-04-07,648.8353881835938,690.0,701.0,682.0,682.0,24300
2014-04-08,627.20751953125,667.0,692.0,656.0,688.0,25400
2014-04-09,622.5057373046875,662.0,675.0,660.0,661.0,19000
2014-04-10,624.386474609375,664.0,680.0,663.0,665.0,20800
2014-04-11,607.4603881835938,646.0,657.0,635.0,641.0,22200
2014-04-14,605.57958984375,644.0,650.0,626.0,626.0,9200
2014-04-15,602.7586059570312,641.0,655.0,640.0,655.0,10300
2014-04-16,614.0427856445312,653.0,653.0,638.0,638.0,16400
2014-04-17,621.5655517578125,661.0,672.0,659.0,669.0,17300
2014-04-18,622.5057373046875,662.0,666.0,635.0,661.0,12900
2014-04-21,622.5057373046875,662.0,670.0,648.0,670.0,11200
2014-04-22,606.52001953125,645.0,663.0,643.0,655.0,14300
2014-04-23,600.8779296875,639.0,648.0,635.0,645.0,10300
2014-04-24,590.5341796875,628.0,640.0,627.0,631.0,5100
2014-04-25,598.9972534179688,637.0,647.0,623.0,623.0,10800
2014-04-28,591.4745483398438,629.0,640.0,620.0,630.0,11900
2014-04-30,594.2955322265625,632.0,641.0,626.0,632.0,12500
2014-05-01,596.17626953125,634.0,634.0,621.0,631.0,12600
2014-05-02,597.1165161132812,635.0,635.0,625.0,629.0,6300
2014-05-07,587.7131958007812,625.0,639.0,625.0,639.0,6900
2014-05-08,585.83251953125,623.0,633.0,622.0,626.0,6600
2014-05-09,581.1307983398438,618.0,634.0,616.0,623.0,8600
2014-05-12,577.3695068359375,614.0,632.0,612.0,632.0,10600
2014-05-13,592.4149169921875,630.0,630.0,619.0,619.0,8200
2014-05-14,603.6990356445312,642.0,644.0,626.0,626.0,6000
2014-05-15,619.684814453125,659.0,667.0,636.0,642.0,26100
2014-05-16,580.1904296875,617.0,617.0,597.0,609.0,36300
2014-05-19,531.292724609375,565.0,617.0,561.0,617.0,38800
2014-05-20,519.0682373046875,552.0,575.0,552.0,565.0,24700
2014-05-21,510.605224609375,543.0,551.0,532.0,550.0,16900
2014-05-22,535.0540771484375,569.0,573.0,546.0,551.0,13000
2014-05-23,564.2046508789062,600.0,600.0,552.0,573.0,14500
2014-05-26,567.025634765625,603.0,608.0,590.0,599.0,15200
2014-05-27,568.9063720703125,605.0,613.0,598.0,600.0,13700
2014-05-28,589.5938720703125,627.0,628.0,605.0,605.0,14800
2014-05-29,583.9518432617188,621.0,629.0,615.0,629.0,13500
2014-05-30,583.9518432617188,621.0,629.0,616.0,622.0,10100
2014-06-02,607.4603881835938,646.0,666.0,625.0,627.0,26500
2014-06-03,605.57958984375,644.0,649.0,635.0,642.0,7000
2014-06-04,613.1024780273438,652.0,669.0,645.0,646.0,12500
2014-06-05,609.3410034179688,648.0,664.0,644.0,655.0,5300
2014-06-06,619.684814453125,659.0,664.0,651.0,662.0,7900
2014-06-09,630.0285034179688,670.0,672.0,658.0,660.0,12500
2014-06-10,602.7586059570312,641.0,671.0,639.0,670.0,13700
2014-06-11,632.8495483398438,673.0,673.0,637.0,637.0,20200
2014-06-12,616.86376953125,656.0,671.0,647.0,653.0,21000
2014-06-13,616.86376953125,656.0,660.0,642.0,655.0,12500
2014-06-16,610.2814331054688,649.0,669.0,645.0,659.0,12300
2014-06-17,606.52001953125,645.0,655.0,642.0,652.0,11000
2014-06-18,614.0427856445312,653.0,653.0,644.0,644.0,5100
2014-06-19,614.0427856445312,653.0,662.0,648.0,655.0,8100
2014-06-20,597.1165161132812,635.0,653.0,635.0,653.0,13500
2014-06-23,602.7586059570312,641.0,641.0,632.0,639.0,4900
2014-06-24,601.8182373046875,640.0,649.0,633.0,634.0,4600
2014-06-25,595.2359619140625,633.0,636.0,621.0,630.0,18000
2014-06-26,590.5341796875,628.0,642.0,620.0,631.0,6900
2014-06-27,568.9063720703125,605.0,626.0,598.0,626.0,15900
2014-06-30,575.4887084960938,612.0,616.0,606.0,606.0,5100
2014-07-01,584.8921508789062,622.0,624.0,605.0,611.0,8600
2014-07-02,629.0881958007812,669.0,669.0,605.0,625.0,48600
2014-07-03,662.0001220703125,704.0,769.0,683.0,724.0,601200
2014-07-04,635.6705322265625,676.0,689.0,663.0,689.0,80700
2014-07-07,630.9689331054688,671.0,678.0,664.0,670.0,20400
2014-07-08,625.326904296875,665.0,675.0,656.0,675.0,16700
2014-07-09,617.8040771484375,657.0,670.0,648.0,655.0,16700
2014-07-10,617.8040771484375,657.0,666.0,657.0,658.0,8800
2014-07-11,612.162109375,651.0,654.0,627.0,650.0,13700
2014-07-14,617.8040771484375,657.0,666.0,647.0,650.0,12400
2014-07-15,618.744384765625,658.0,667.0,654.0,667.0,6700
2014-07-16,611.2217407226562,650.0,657.0,647.0,657.0,12400
2014-07-17,628.1478881835938,668.0,668.0,647.0,650.0,15300
2014-07-18,617.8040771484375,657.0,665.0,655.0,665.0,13100
2014-07-22,636.6109008789062,677.0,683.0,665.0,671.0,26000
2014-07-23,646.0143432617188,687.0,687.0,679.0,685.0,17600
2014-07-24,648.8353881835938,690.0,690.0,677.0,685.0,10200
2014-07-25,650.716064453125,692.0,695.0,683.0,690.0,11800
2014-07-28,639.4319458007812,680.0,697.0,680.0,693.0,14400
2014-07-29,631.9092407226562,672.0,680.0,652.0,680.0,14000
2014-07-30,630.0285034179688,670.0,679.0,670.0,677.0,11600
2014-07-31,618.744384765625,658.0,671.0,655.0,671.0,6200
2014-08-01,614.9830932617188,654.0,655.0,647.0,652.0,10600
2014-08-04,609.3410034179688,648.0,657.0,646.0,646.0,4900
2014-08-05,604.6392822265625,643.0,651.0,641.0,650.0,5300
2014-08-06,593.355224609375,631.0,641.0,631.0,640.0,6900
2014-08-07,585.83251953125,623.0,658.0,620.0,638.0,8400
2014-08-08,556.6820068359375,592.0,624.0,589.0,624.0,23300
2014-08-11,594.2955322265625,632.0,637.0,597.0,597.0,8600
2014-08-12,588.653564453125,626.0,642.0,624.0,642.0,8500
2014-08-13,573.608154296875,610.0,626.0,608.0,626.0,6900
2014-08-14,597.1165161132812,635.0,640.0,612.0,612.0,6400
2014-08-15,598.9972534179688,637.0,637.0,626.0,637.0,4400
2014-08-18,595.2359619140625,633.0,639.0,622.0,622.0,2000
2014-08-19,589.5938720703125,627.0,638.0,626.0,635.0,12100
2014-08-20,580.1904296875,617.0,628.0,616.0,627.0,9800
2014-08-21,585.83251953125,623.0,623.0,614.0,614.0,6400
2014-08-22,580.1904296875,617.0,627.0,617.0,625.0,9000
2014-08-25,575.4887084960938,612.0,622.0,612.0,617.0,15300
2014-08-26,586.7728271484375,624.0,625.0,607.0,607.0,15500
2014-08-27,584.8921508789062,622.0,626.0,610.0,619.0,13800
2014-08-28,576.4291381835938,613.0,618.0,613.0,618.0,4700
2014-08-29,576.4291381835938,613.0,622.0,608.0,612.0,7500
2014-09-01,579.25,616.0,617.0,613.0,613.0,2200
2014-09-02,578.3097534179688,615.0,620.0,613.0,613.0,9300
2014-09-03,581.1307983398438,618.0,625.0,614.0,616.0,12800
2014-09-04,591.4745483398438,629.0,629.0,618.0,618.0,18500
2014-09-05,582.0711059570312,619.0,627.0,619.0,622.0,7600
2014-09-08,591.4745483398438,629.0,631.0,619.0,628.0,7200
2014-09-09,600.8779296875,639.0,644.0,627.0,644.0,11200
2014-09-10,595.2359619140625,633.0,638.0,628.0,628.0,11700
2014-09-11,596.17626953125,634.0,634.0,628.0,631.0,11900
2014-09-12,587.7131958007812,625.0,639.0,621.0,630.0,11500
2014-09-16,594.2955322265625,632.0,633.0,623.0,623.0,3400
2014-09-17,591.4745483398438,629.0,631.0,627.0,627.0,1400
2014-09-18,588.653564453125,626.0,629.0,622.0,625.0,4400
2014-09-19,585.83251953125,623.0,629.0,621.0,626.0,8100
2014-09-22,585.83251953125,623.0,627.0,622.0,623.0,8600
2014-09-24,585.83251953125,623.0,627.0,622.0,623.0,6300
2014-09-25,585.83251953125,623.0,626.0,621.0,623.0,7500
2014-09-26,587.7131958007812,625.0,633.0,624.0,625.0,6300
2014-09-29,592.4149169921875,630.0,640.0,626.0,640.0,15100
2014-09-30,591.4745483398438,629.0,634.0,626.0,626.0,7400
2014-10-01,583.9518432617188,621.0,629.0,621.0,629.0,11400
2014-10-02,573.608154296875,610.0,617.0,600.0,617.0,19700
2014-10-03,578.3097534179688,615.0,619.0,603.0,603.0,4500
2014-10-06,580.1904296875,617.0,623.0,615.0,621.0,4900
2014-10-07,579.25,616.0,630.0,615.0,621.0,4800
2014-10-08,574.5484008789062,611.0,611.0,608.0,609.0,7300
2014-10-09,577.3695068359375,614.0,625.0,610.0,625.0,3000
2014-10-10,556.6820068359375,592.0,612.0,584.0,601.0,14400
2014-10-14,552.920654296875,588.0,588.0,572.0,587.0,13100
2014-10-15,547.278564453125,582.0,594.0,578.0,578.0,6300
2014-10-16,536.934814453125,571.0,578.0,563.0,568.0,7300
2014-10-17,535.9944458007812,570.0,595.0,570.0,570.0,8400
2014-10-20,570.7870483398438,607.0,625.0,585.0,585.0,12800
2014-10-21,567.9660034179688,604.0,608.0,592.0,607.0,3200
2014-10-22,572.667724609375,609.0,610.0,596.0,610.0,3700
2014-10-23,566.0853271484375,602.0,603.0,595.0,603.0,1300
2014-10-24,555.7416381835938,591.0,605.0,590.0,602.0,9200
2014-10-27,557.6222534179688,593.0,603.0,590.0,595.0,5200
2014-10-28,568.9063720703125,605.0,605.0,593.0,600.0,3800
2014-10-29,561.3836059570312,597.0,605.0,597.0,598.0,1700
2014-10-30,560.443359375,596.0,600.0,596.0,598.0,2300
2014-10-31,567.9660034179688,604.0,607.0,598.0,603.0,6500
2014-11-04,564.2046508789062,600.0,613.0,600.0,613.0,9200
2014-11-05,563.2642822265625,599.0,601.0,596.0,599.0,4600
2014-11-06,576.4291381835938,613.0,613.0,600.0,601.0,11300
2014-11-07,575.4887084960938,612.0,615.0,606.0,614.0,2900
2014-11-10,572.667724609375,609.0,613.0,605.0,613.0,4200
2014-11-11,573.608154296875,610.0,616.0,609.0,609.0,4000
2014-11-12,572.667724609375,609.0,610.0,604.0,604.0,5400
2014-11-13,577.3695068359375,614.0,616.0,606.0,612.0,5800
2014-11-14,574.5484008789062,611.0,614.0,609.0,614.0,3000
2014-11-17,581.1307983398438,618.0,629.0,613.0,616.0,8700
2014-11-18,578.3097534179688,615.0,629.0,610.0,622.0,5300
2014-11-19,592.4149169921875,630.0,631.0,617.0,617.0,7500
2014-11-20,596.17626953125,634.0,643.0,631.0,632.0,15500
2014-11-21,583.0114135742188,620.0,636.0,615.0,636.0,4900
2014-11-25,580.1904296875,617.0,625.0,610.0,613.0,9600
2014-11-26,583.9518432617188,621.0,624.0,615.0,619.0,5700
2014-11-27,583.9518432617188,621.0,621.0,617.0,621.0,3500
2014-11-28,582.0711059570312,619.0,624.0,618.0,621.0,3100
2014-12-01,579.25,616.0,623.0,611.0,620.0,7900
2014-12-02,583.0114135742188,620.0,630.0,616.0,630.0,6300
2014-12-03,578.3097534179688,615.0,627.0,612.0,617.0,10200
2014-12-04,578.3097534179688,615.0,625.0,615.0,623.0,3700
2014-12-05,583.0114135742188,620.0,620.0,613.0,616.0,13000
2014-12-08,580.1904296875,617.0,629.0,617.0,625.0,5100
2014-12-09,578.3097534179688,615.0,617.0,612.0,617.0,6900
2014-12-10,567.025634765625,603.0,612.0,602.0,612.0,7400
2014-12-11,567.025634765625,603.0,610.0,600.0,600.0,3200
2014-12-12,576.4291381835938,613.0,614.0,603.0,604.0,4300
2014-12-15,564.2046508789062,600.0,608.0,600.0,607.0,4400
2014-12-16,554.80126953125,590.0,600.0,584.0,600.0,14400
2014-12-17,551.9801635742188,587.0,596.0,586.0,587.0,10100
2014-12-18,559.5029907226562,595.0,600.0,587.0,596.0,5600
2014-12-19,554.80126953125,590.0,601.0,590.0,601.0,8400
2014-12-22,554.80126953125,590.0,590.0,583.0,589.0,5100
2014-12-24,529.4120483398438,563.0,585.0,563.0,584.0,15400
2014-12-25,526.5910034179688,560.0,566.0,556.0,560.0,28200
2014-12-26,535.0540771484375,569.0,572.0,561.0,561.0,3000
2014-12-29,556.6820068359375,592.0,593.0,575.0,579.0,14400
2014-12-30,553.8609008789062,589.0,595.0,579.0,586.0,17300
2015-01-05,550.0995483398438,585.0,589.0,580.0,584.0,3100
2015-01-06,535.9944458007812,570.0,582.0,565.0,582.0,4000
2015-01-07,551.0399169921875,586.0,596.0,570.0,570.0,11000
2015-01-08,557.6222534179688,593.0,597.0,581.0,581.0,2500
2015-01-09,551.9801635742188,587.0,597.0,587.0,596.0,2700
2015-01-13,543.5171508789062,578.0,596.0,578.0,585.0,2600
2015-01-14,556.6820068359375,592.0,595.0,590.0,593.0,3700
2015-01-15,556.6820068359375,592.0,597.0,590.0,590.0,3100
2015-01-16,550.0995483398438,585.0,598.0,581.0,594.0,8500
2015-01-19,540.6961669921875,575.0,585.0,571.0,585.0,6600
2015-01-20,539.7557983398438,574.0,584.0,571.0,576.0,9100
2015-01-21,535.0540771484375,569.0,577.0,568.0,571.0,5700
2015-01-22,535.0540771484375,569.0,575.0,566.0,569.0,5800
2015-01-23,536.934814453125,571.0,575.0,568.0,574.0,2800
2015-01-26,553.8609008789062,589.0,589.0,576.0,581.0,8600
2015-01-27,582.0711059570312,619.0,619.0,587.0,587.0,25300
2015-01-28,592.4149169921875,630.0,638.0,619.0,619.0,37300
2015-01-29,588.653564453125,626.0,640.0,623.0,640.0,10600
2015-01-30,577.3695068359375,614.0,621.0,605.0,621.0,10100
2015-02-02,579.25,616.0,634.0,605.0,605.0,7600
2015-02-03,577.3695068359375,614.0,624.0,613.0,615.0,3100
2015-02-04,577.3695068359375,614.0,614.0,611.0,611.0,2500
2015-02-05,571.7273559570312,608.0,615.0,608.0,614.0,3800
2015-02-06,581.1307983398438,618.0,623.0,614.0,618.0,12600
2015-02-09,584.8921508789062,622.0,627.0,618.0,627.0,6300
2015-02-10,583.0114135742188,620.0,621.0,615.0,619.0,8500
2015-02-12,581.1307983398438,618.0,623.0,618.0,620.0,3800
2015-02-13,583.0114135742188,620.0,622.0,618.0,622.0,11400
2015-02-16,592.4149169921875,630.0,634.0,619.0,619.0,25100
2015-02-17,595.2359619140625,633.0,633.0,623.0,623.0,5500
2015-02-18,594.2955322265625,632.0,634.0,627.0,631.0,11900
2015-02-19,592.4149169921875,630.0,632.0,626.0,632.0,11700
2015-02-20,587.7131958007812,625.0,634.0,620.0,633.0,14800
2015-02-23,578.3097534179688,615.0,619.0,609.0,618.0,11200
2015-02-24,585.83251953125,623.0,623.0,611.0,611.0,10900
2015-02-25,580.1904296875,617.0,620.0,617.0,620.0,2000
2015-02-26,578.3097534179688,615.0,620.0,611.0,620.0,5200
2015-02-27,573.608154296875,610.0,617.0,608.0,612.0,7500
2015-03-02,577.3695068359375,614.0,614.0,602.0,602.0,4500
2015-03-03,572.667724609375,609.0,614.0,605.0,614.0,3800
2015-03-04,573.608154296875,610.0,610.0,601.0,606.0,6200
2015-03-05,575.4887084960938,612.0,615.0,610.0,610.0,5300
2015-03-06,567.9660034179688,604.0,604.0,600.0,602.0,5700
2015-03-09,553.8609008789062,589.0,596.0,583.0,596.0,13000
2015-03-10,554.80126953125,590.0,596.0,585.0,589.0,5300
2015-03-11,554.80126953125,590.0,590.0,588.0,588.0,6600
2015-03-12,557.6222534179688,593.0,597.0,585.0,591.0,11800
2015-03-13,559.5029907226562,595.0,595.0,585.0,594.0,6100
2015-03-16,564.2046508789062,600.0,608.0,596.0,596.0,3400
2015-03-17,556.6820068359375,592.0,599.0,590.0,598.0,7800
2015-03-18,559.5029907226562,595.0,595.0,589.0,591.0,4500
2015-03-19,556.6820068359375,592.0,598.0,591.0,595.0,4300
2015-03-20,562.323974609375,598.0,600.0,592.0,599.0,9500
2015-03-23,575.4887084960938,612.0,619.0,606.0,619.0,4900
2015-03-24,576.4291381835938,613.0,613.0,596.0,612.0,2000
2015-03-25,564.2046508789062,600.0,615.0,592.0,603.0,3800
2015-03-26,559.5029907226562,595.0,599.0,594.0,594.0,3200
2015-03-27,556.6820068359375,592.0,595.0,590.0,595.0,3300
2015-03-30,555.7416381835938,591.0,595.0,590.0,590.0,1200
2015-03-31,557.6222534179688,593.0,593.0,589.0,590.0,1900
2015-04-01,545.3978881835938,580.0,590.0,574.0,590.0,8800
2015-04-02,553.8609008789062,589.0,589.0,575.0,580.0,5800
2015-04-03,553.8609008789062,589.0,590.0,581.0,590.0,2300
2015-04-06,549.1592407226562,584.0,587.0,580.0,580.0,1100
2015-04-07,546.3381958007812,581.0,587.0,581.0,587.0,2000
2015-04-08,547.278564453125,582.0,582.0,578.0,581.0,2800
2015-04-09,551.0399169921875,586.0,586.0,578.0,579.0,6100
2015-04-10,549.1592407226562,584.0,586.0,580.0,586.0,4000
2015-04-13,548.2188110351562,583.0,594.0,581.0,593.0,3900
2015-04-14,549.1592407226562,584.0,585.0,580.0,585.0,9500
2015-04-15,546.3381958007812,581.0,585.0,581.0,584.0,4100
2015-04-16,552.920654296875,588.0,590.0,582.0,588.0,7800
2015-04-17,553.8609008789062,589.0,591.0,585.0,591.0,6000
2015-04-20,549.1592407226562,584.0,589.0,584.0,589.0,1800
2015-04-21,546.3381958007812,581.0,585.0,580.0,585.0,2200
2015-04-22,551.0399169921875,586.0,586.0,578.0,583.0,9200
2015-04-23,547.278564453125,582.0,586.0,579.0,586.0,3900
2015-04-24,554.80126953125,590.0,590.0,580.0,582.0,7700
2015-04-27,554.80126953125,590.0,590.0,581.0,584.0,1800
2015-04-28,557.6222534179688,593.0,595.0,583.0,584.0,13500
2015-04-30,526.5910034179688,560.0,565.0,545.0,553.0,34000
2015-05-01,521.8892822265625,555.0,557.0,522.0,551.0,35400
2015-05-07,512.48583984375,545.0,549.0,543.0,549.0,6000
2015-05-08,506.84381103515625,539.0,547.0,538.0,539.0,8100
2015-05-11,504.9631652832031,537.0,552.0,537.0,545.0,2300
2015-05-12,503.08251953125,535.0,549.0,532.0,544.0,5600
2015-05-13,493.6790771484375,525.0,539.0,525.0,539.0,9300
2015-05-14,493.6790771484375,525.0,529.0,522.0,525.0,5400
2015-05-15,491.79833984375,523.0,536.0,520.0,525.0,4700
2015-05-18,497.4404602050781,529.0,529.0,520.0,523.0,3900
2015-05-19,488.9773864746094,520.0,530.0,520.0,527.0,6300
2015-05-20,495.5597839355469,527.0,527.0,520.0,521.0,5800
2015-05-21,494.6194152832031,526.0,530.0,522.0,528.0,5600
2015-05-22,489.9177551269531,521.0,524.0,518.0,524.0,8800
2015-05-25,495.5597839355469,527.0,530.0,524.0,530.0,3400
2015-05-26,498.380859375,530.0,540.0,519.0,533.0,10000
2015-05-27,488.9773864746094,520.0,525.0,513.0,524.0,6700
2015-05-28,488.9773864746094,520.0,532.0,520.0,530.0,5600
2015-05-29,488.0370178222656,519.0,525.0,519.0,521.0,5300
2015-06-01,489.9177551269531,521.0,528.0,520.0,528.0,3100
2015-06-02,488.0370178222656,519.0,524.0,517.0,517.0,4000
2015-06-03,492.7387390136719,524.0,536.0,520.0,523.0,16500
2015-06-04,490.8580322265625,522.0,525.0,519.0,525.0,3200
2015-06-05,484.2756652832031,515.0,525.0,515.0,524.0,15000
2015-06-08,489.9177551269531,521.0,522.0,517.0,517.0,4400
2015-06-09,485.2160034179688,516.0,525.0,515.0,524.0,7600
2015-06-10,481.4546508789063,512.0,522.0,511.0,516.0,4600
2015-06-11,488.0370178222656,519.0,522.0,516.0,522.0,5600
2015-06-12,497.4404602050781,529.0,546.0,520.0,520.0,26800
2015-06-15,490.8580322265625,522.0,534.0,510.0,530.0,11500
2015-06-16,484.2756652832031,515.0,525.0,515.0,525.0,6500
2015-06-17,483.3353271484375,514.0,514.0,512.0,514.0,3400
2015-06-18,482.3949890136719,513.0,515.0,513.0,514.0,1200
2015-06-19,479.573974609375,510.0,520.0,510.0,515.0,10300
2015-06-22,477.6932678222656,508.0,515.0,508.0,511.0,2200
2015-06-23,480.5142517089844,511.0,532.0,511.0,527.0,19200
2015-06-24,472.0512390136719,502.0,510.0,497.0,510.0,38500
2015-06-25,471.1109008789063,501.0,503.0,496.0,503.0,13300
2015-06-26,475.8600158691406,501.0,505.0,501.0,501.0,2200
2015-06-29,468.2614135742188,493.0,499.0,456.0,480.0,10600
2015-06-30,463.5122985839844,488.0,488.0,477.0,484.0,7800
2015-07-01,465.4119262695313,490.0,490.0,485.0,485.0,3800
2015-07-02,462.5625,487.0,487.0,480.0,482.0,3500
2015-07-03,463.5122985839844,488.0,491.0,484.0,489.0,4700
2015-07-06,463.5122985839844,488.0,488.0,481.0,488.0,2500
2015-07-07,461.6126708984375,486.0,486.0,483.0,485.0,1900
2015-07-08,435.0177001953125,458.0,488.0,454.0,488.0,13000
2015-07-09,432.168212890625,455.0,458.0,432.0,455.0,18700
2015-07-10,424.5696716308594,447.0,455.0,447.0,447.0,4400
2015-07-13,422.6700439453125,445.0,447.0,441.0,441.0,10100
2015-07-14,423.6198425292969,446.0,448.0,439.0,447.0,16200
2015-07-15,438.8169860839844,462.0,467.0,444.0,444.0,8900
2015-07-16,440.7166137695313,464.0,464.0,455.0,462.0,5100
2015-07-17,441.66644287109375,465.0,466.0,461.0,464.0,4600
2015-07-21,444.5159301757813,468.0,468.0,457.0,465.0,2900
2015-07-22,440.7166137695313,464.0,467.0,455.0,467.0,2500
2015-07-23,443.5661010742188,467.0,467.0,460.0,460.0,1700
2015-07-24,439.7667846679688,463.0,467.0,458.0,467.0,4900
2015-07-27,435.9675598144531,459.0,459.0,451.0,458.0,3500
2015-07-28,427.4191589355469,450.0,450.0,442.0,450.0,3700
2015-07-29,420.77044677734375,443.0,450.0,443.0,450.0,2700
2015-07-30,434.0679016113281,457.0,458.0,444.0,444.0,3600
2015-07-31,435.0177001953125,458.0,458.0,457.0,457.0,2200
2015-08-03,417.9209289550781,440.0,459.0,440.0,459.0,7000
2015-08-04,417.9209289550781,440.0,444.0,440.0,444.0,600
2015-08-05,423.6198425292969,446.0,446.0,443.0,446.0,600
2015-08-06,427.4191589355469,450.0,450.0,446.0,446.0,1400
2015-08-07,421.72021484375,444.0,445.0,443.0,444.0,3200
2015-08-10,417.9209289550781,440.0,447.0,440.0,444.0,3100
2015-08-11,417.9209289550781,440.0,440.0,434.0,440.0,4900
2015-08-12,413.1718444824219,435.0,436.0,434.0,436.0,2700
2015-08-13,417.9209289550781,440.0,442.0,434.0,434.0,3900
2015-08-14,422.6700439453125,445.0,445.0,440.0,441.0,1400
2015-08-17,498.6556701660156,525.0,525.0,447.0,447.0,96400
2015-08-18,525.250732421875,553.0,624.0,533.0,535.0,1871900
2015-08-19,479.6592712402344,505.0,540.0,502.0,523.0,183600
2015-08-20,467.3116149902344,492.0,546.0,480.0,515.0,219900
2015-08-21,449.2650451660156,473.0,480.0,467.0,470.0,44600
2015-08-24,402.7238464355469,424.0,448.0,418.0,440.0,58500
2015-08-25,380.8779296875,401.0,427.0,366.0,368.0,76100
2015-08-26,393.22564697265625,414.0,420.0,392.0,393.0,24600
2015-08-27,375.1790466308594,395.0,421.0,395.0,406.0,16000
2015-08-28,385.6270446777344,406.0,420.0,402.0,405.0,30900
2015-08-31,390.3761901855469,411.0,422.0,410.0,411.0,11500
2015-09-01,382.7776184082031,403.0,427.0,403.0,411.0,14300
2015-09-02,395.125244140625,416.0,426.0,397.0,403.0,16800
2015-09-03,388.4765319824219,409.0,430.0,408.0,430.0,5400
2015-09-04,380.8779296875,401.0,421.0,400.0,412.0,14500
2015-09-07,366.6306457519531,386.0,393.0,374.0,393.0,5800
2015-09-08,353.3331604003906,372.0,386.0,370.0,386.0,8000
2015-09-09,361.8815307617188,381.0,386.0,378.0,379.0,6600
2015-09-10,378.0284729003906,398.0,415.0,381.0,381.0,24200
2015-09-11,377.0786437988281,397.0,416.0,394.0,398.0,20700
2015-09-14,377.0786437988281,397.0,416.0,390.0,395.0,9100
2015-09-15,380.8779296875,401.0,404.0,393.0,394.0,3400
2015-09-16,378.0284729003906,398.0,409.0,395.0,398.0,9000
2015-09-17,379.9281005859375,400.0,402.0,397.0,397.0,1100
2015-09-18,378.0284729003906,398.0,401.0,393.0,400.0,6300
2015-09-24,379.9281005859375,400.0,408.0,391.0,398.0,4000
2015-09-25,376.1288146972656,396.0,405.0,391.0,393.0,3800
2015-09-28,374.2291870117188,394.0,402.0,394.0,394.0,600
2015-09-29,358.082275390625,377.0,392.0,376.0,392.0,9900
2015-09-30,363.7811584472656,383.0,385.0,372.0,372.0,5700
2015-10-01,364.7310180664063,384.0,386.0,381.0,381.0,1800
2015-10-02,363.7811584472656,383.0,386.0,382.0,383.0,900
2015-10-05,363.7811584472656,383.0,405.0,375.0,389.0,17700
2015-10-06,393.22564697265625,414.0,420.0,386.0,386.0,14800
2015-10-07,406.5231018066406,428.0,428.0,411.0,415.0,15900
2015-10-08,391.3259887695313,412.0,420.0,408.0,415.0,7400
2015-10-09,394.1753845214844,415.0,416.0,415.0,415.0,1200
2015-10-13,389.4263610839844,410.0,415.0,410.0,415.0,1400
2015-10-14,384.6772766113281,405.0,415.0,405.0,415.0,3400
2015-10-15,384.6772766113281,405.0,412.0,401.0,409.0,2300
2015-10-16,396.0750732421875,417.0,419.0,411.0,411.0,1500
2015-10-19,401.7739868164063,423.0,425.0,416.0,420.0,2000
2015-10-20,398.9245300292969,420.0,430.0,414.0,423.0,5900
2015-10-21,400.8241882324219,422.0,428.0,416.0,428.0,2300
2015-10-22,410.3223876953125,432.0,444.0,425.0,430.0,9400
2015-10-23,399.8743591308594,421.0,438.0,420.0,438.0,16800
2015-10-26,410.3223876953125,432.0,437.0,427.0,428.0,2700
2015-10-27,408.4227600097656,430.0,431.0,425.0,430.0,6400
2015-10-28,404.62347412109375,426.0,433.0,425.0,433.0,500
2015-10-29,398.9245300292969,420.0,431.0,420.0,430.0,3600
2015-10-30,389.4263610839844,410.0,428.0,405.0,428.0,8600
2015-11-02,384.6772766113281,405.0,406.0,400.0,406.0,4000
2015-11-04,384.6772766113281,405.0,413.0,405.0,405.0,2800
2015-11-05,381.8277587890625,402.0,407.0,395.0,405.0,4200
2015-11-06,383.7274169921875,404.0,404.0,394.0,399.0,5600
2015-11-09,383.7274169921875,404.0,408.0,388.0,401.0,10600
2015-11-10,380.8779296875,401.0,407.0,401.0,404.0,4900
2015-11-11,386.5768737792969,407.0,412.0,404.0,408.0,4100
2015-11-12,388.4765319824219,409.0,409.0,400.0,400.0,700
2015-11-13,378.978271484375,399.0,403.0,398.0,401.0,4700
2015-11-16,373.2793884277344,393.0,400.0,391.0,393.0,4700
2015-11-17,371.3797302246094,391.0,398.0,389.0,394.0,7900
2015-11-18,372.32952880859375,392.0,397.0,391.0,391.0,4700
2015-11-19,378.0284729003906,398.0,408.0,391.0,395.0,17000
2015-11-20,376.1288146972656,396.0,398.0,395.0,398.0,3900
2015-11-24,376.1288146972656,396.0,400.0,393.0,396.0,3700
2015-11-25,382.7776184082031,403.0,403.0,402.0,402.0,500
2015-11-26,386.5768737792969,407.0,407.0,403.0,403.0,4500
2015-11-27,379.9281005859375,400.0,408.0,393.0,403.0,11900
2015-11-30,378.0284729003906,398.0,405.0,397.0,402.0,3000
2015-12-01,434.0679016113281,457.0,478.0,406.0,406.0,237600
2015-12-02,425.51947021484375,448.0,452.0,433.0,449.0,107500
2015-12-03,406.5231018066406,428.0,440.0,420.0,440.0,32600
2015-12-04,398.9245300292969,420.0,427.0,418.0,420.0,29600
2015-12-07,406.5231018066406,428.0,449.0,423.0,423.0,24500
2015-12-08,437.8671569824219,461.0,505.0,426.0,440.0,425400
2015-12-09,513.852783203125,541.0,541.0,493.0,496.0,826800
2015-12-10,539.4979858398438,568.0,641.0,546.0,551.0,1926600
2015-12-11,550.8958129882812,580.0,647.0,524.0,568.0,1581300
2015-12-14,527.1502685546875,555.0,641.0,541.0,548.0,1606200
2015-12-15,491.0570983886719,517.0,598.0,503.0,564.0,416300
2015-12-16,466.36181640625,491.0,535.0,485.0,507.0,212600
2015-12-17,461.6126708984375,486.0,497.0,473.0,495.0,113100
2015-12-18,463.5122985839844,488.0,510.0,467.0,490.0,323000
2015-12-21,454.01416015625,478.0,509.0,470.0,488.0,110600
2015-12-22,421.72021484375,444.0,482.0,442.0,482.0,87400
2015-12-24,403.6736145019531,425.0,445.0,425.0,445.0,52300
2015-12-25,403.6736145019531,425.0,425.0,425.0,425.0,0
2015-12-28,396.0750732421875,417.0,424.0,402.0,414.0,60100
2015-12-29,403.6736145019531,425.0,431.0,415.0,419.0,37100
2015-12-30,415.0714721679688,437.0,439.0,425.0,426.0,43800
2016-01-04,418.8707580566406,441.0,458.0,429.0,429.0,56900
2016-01-05,421.72021484375,444.0,454.0,437.0,437.0,38700
2016-01-06,497.7058715820313,524.0,524.0,443.0,444.0,411100
2016-01-07,438.8169860839844,462.0,502.0,460.0,494.0,315400
2016-01-08,415.0714721679688,437.0,486.0,435.0,486.0,129000
2016-01-12,382.7776184082031,403.0,433.0,403.0,433.0,61900
2016-01-13,392.27581787109375,413.0,421.0,406.0,410.0,37000
2016-01-14,380.8779296875,401.0,407.0,394.0,407.0,38600
2016-01-15,384.6772766113281,405.0,430.0,397.0,406.0,47700
2016-01-18,380.8779296875,401.0,405.0,389.0,389.0,24000
2016-01-19,384.6772766113281,405.0,418.0,400.0,409.0,16800
2016-01-20,371.3797302246094,391.0,408.0,391.0,406.0,15300
2016-01-21,334.33673095703125,352.0,396.0,352.0,392.0,34500
2016-01-22,355.2328186035156,374.0,377.0,362.0,362.0,16600
2016-01-25,381.8277587890625,402.0,440.0,384.0,384.0,63600
2016-01-26,378.0284729003906,398.0,406.0,391.0,395.0,8500
2016-01-27,383.7274169921875,404.0,413.0,403.0,403.0,20900
2016-01-28,377.0786437988281,397.0,407.0,389.0,398.0,13200
2016-01-29,378.978271484375,399.0,409.0,397.0,397.0,12400
2016-02-01,401.7739868164063,423.0,427.0,405.0,410.0,30500
2016-02-02,395.125244140625,416.0,428.0,415.0,416.0,11600
2016-02-03,387.5266723632813,408.0,421.0,403.0,416.0,7900
2016-02-04,382.7776184082031,403.0,416.0,402.0,416.0,27100
2016-02-05,379.9281005859375,400.0,400.0,387.0,398.0,16000
2016-02-08,391.3259887695313,412.0,412.0,394.0,399.0,7000
2016-02-09,371.3797302246094,391.0,398.0,386.0,396.0,16800
2016-02-10,347.6342468261719,366.0,393.0,366.0,391.0,15100
2016-02-12,317.239990234375,334.0,359.0,334.0,351.0,26800
2016-02-15,333.3869323730469,351.0,359.0,333.0,350.0,10800
2016-02-16,347.6342468261719,366.0,374.0,351.0,355.0,8200
2016-02-17,359.0320739746094,378.0,386.0,367.0,368.0,14100
2016-02-18,365.6808471679688,385.0,387.0,371.0,371.0,21500
2016-02-19,354.282958984375,373.0,385.0,366.0,384.0,6400
2016-02-22,362.8313903808594,382.0,399.0,370.0,370.0,9000
2016-02-23,359.0320739746094,378.0,385.0,378.0,385.0,3400
2016-02-24,354.282958984375,373.0,385.0,373.0,385.0,3400
2016-02-25,356.1826171875,375.0,380.0,373.0,373.0,3500
2016-02-26,363.7811584472656,383.0,383.0,376.0,376.0,2800
2016-02-29,361.8815307617188,381.0,392.0,381.0,390.0,8400
2016-03-01,378.0284729003906,398.0,424.0,386.0,388.0,47400
2016-03-02,397.02490234375,418.0,435.0,400.0,403.0,31000
2016-03-03,402.7238464355469,424.0,434.0,412.0,420.0,12400
2016-03-04,414.1216735839844,436.0,439.0,418.0,418.0,43600
2016-03-07,444.5159301757813,468.0,503.0,436.0,436.0,112500
2016-03-08,427.4191589355469,450.0,468.0,444.0,466.0,28600
2016-03-09,417.9209289550781,440.0,447.0,433.0,441.0,6000
2016-03-10,424.5696716308594,447.0,450.0,438.0,440.0,5000
2016-03-11,413.1718444824219,435.0,447.0,431.0,447.0,6900
2016-03-14,421.72021484375,444.0,447.0,433.0,435.0,10000
2016-03-15,423.6198425292969,446.0,453.0,436.0,440.0,9100
2016-03-16,436.9173278808594,460.0,460.0,438.0,438.0,20400
2016-03-17,449.2650451660156,473.0,483.0,459.0,460.0,33600
2016-03-18,429.31878662109375,452.0,475.0,450.0,473.0,15900
2016-03-22,430.26861572265625,453.0,496.0,448.0,468.0,47100
2016-03-23,440.7166137695313,464.0,468.0,454.0,461.0,8700
2016-03-24,444.5159301757813,468.0,474.0,456.0,464.0,13600
2016-03-25,436.9173278808594,460.0,464.0,456.0,460.0,1100
2016-03-28,428.3689880371094,451.0,474.0,451.0,460.0,5500
2016-03-29,448.3152160644531,472.0,478.0,452.0,452.0,24700
2016-03-30,435.9675598144531,459.0,466.0,454.0,464.0,8200
2016-03-31,438.8169860839844,462.0,466.0,458.0,458.0,1400
2016-04-01,421.72021484375,444.0,446.0,428.0,438.0,32100
2016-04-04,416.0213012695313,438.0,445.0,420.0,435.0,20400
2016-04-05,397.9747314453125,419.0,438.0,418.0,430.0,5800
2016-04-06,387.5266723632813,408.0,412.0,408.0,411.0,3000
2016-04-07,380.8779296875,401.0,414.0,392.0,406.0,12300
2016-04-08,392.27581787109375,413.0,413.0,398.0,401.0,4400
2016-04-11,395.125244140625,416.0,416.0,401.0,401.0,1700
2016-04-12,396.0750732421875,417.0,429.0,412.0,412.0,2300
2016-04-13,392.27581787109375,413.0,416.0,408.0,416.0,2700
2016-04-14,393.22564697265625,414.0,421.0,408.0,411.0,7100
2016-04-15,382.7776184082031,403.0,411.0,403.0,406.0,6200
2016-04-18,378.978271484375,399.0,420.0,399.0,400.0,4100
2016-04-19,393.22564697265625,414.0,418.0,407.0,407.0,2100
2016-04-20,387.5266723632813,408.0,415.0,408.0,415.0,3500
2016-04-21,389.4263610839844,410.0,410.0,403.0,408.0,1000
2016-04-22,381.8277587890625,402.0,408.0,400.0,403.0,8600
2016-04-25,378.978271484375,399.0,410.0,399.0,402.0,5000
2016-04-26,380.8779296875,401.0,405.0,396.0,399.0,3300
2016-04-27,380.8779296875,401.0,404.0,397.0,400.0,4100
2016-04-28,378.978271484375,399.0,407.0,395.0,407.0,3400
2016-05-02,386.5768737792969,407.0,421.0,395.0,404.0,8700
2016-05-06,387.5266723632813,408.0,409.0,406.0,407.0,1300
2016-05-09,386.5768737792969,407.0,410.0,407.0,410.0,2600
2016-05-10,387.5266723632813,408.0,408.0,406.0,407.0,3400
2016-05-11,383.7274169921875,404.0,408.0,404.0,408.0,2800
2016-05-12,380.8779296875,401.0,407.0,400.0,405.0,12400
2016-05-13,383.7274169921875,404.0,404.0,402.0,402.0,1600
2016-05-16,379.9281005859375,400.0,402.0,392.0,401.0,6100
2016-05-17,378.978271484375,399.0,399.0,389.0,392.0,10500
2016-05-18,372.32952880859375,392.0,399.0,391.0,399.0,2700
2016-05-19,375.1790466308594,395.0,398.0,377.0,392.0,5800
2016-05-20,371.3797302246094,391.0,395.0,385.0,395.0,4200
2016-05-23,366.6306457519531,386.0,390.0,386.0,387.0,6300
2016-05-24,368.5302734375,388.0,405.0,385.0,385.0,8900
2016-05-25,380.8779296875,401.0,404.0,394.0,404.0,8600
2016-05-26,378.0284729003906,398.0,401.0,396.0,401.0,2900
2016-05-27,372.32952880859375,392.0,400.0,392.0,400.0,5800
2016-05-30,383.7274169921875,404.0,430.0,390.0,392.0,18600
2016-05-31,375.1790466308594,395.0,400.0,394.0,400.0,10600
2016-06-01,372.32952880859375,392.0,402.0,392.0,393.0,11500
2016-06-02,371.3797302246094,391.0,394.0,388.0,388.0,7900
2016-06-03,370.429931640625,390.0,393.0,388.0,391.0,2300
2016-06-06,368.5302734375,388.0,389.0,388.0,388.0,6700
2016-06-07,369.4801025390625,389.0,395.0,382.0,395.0,11000
2016-06-08,364.7310180664063,384.0,399.0,382.0,390.0,27800
2016-06-09,360.93170166015625,380.0,388.0,380.0,388.0,17800
2016-06-10,362.8313903808594,382.0,383.0,380.0,381.0,9200
2016-06-13,351.4335327148437,370.0,380.0,370.0,380.0,15800
2016-06-14,340.0356750488281,358.0,370.0,358.0,365.0,19700
2016-06-15,338.13604736328125,356.0,362.0,352.0,352.0,13800
2016-06-16,332.4371032714844,350.0,358.0,350.0,356.0,18100
2016-06-17,335.28662109375,353.0,369.0,351.0,351.0,7100
2016-06-20,336.2364196777344,354.0,362.0,350.0,353.0,14000
2016-06-21,340.0356750488281,358.0,358.0,352.0,356.0,800
2016-06-22,333.3869323730469,351.0,355.0,351.0,354.0,3500
2016-06-23,329.5876770019531,347.0,355.0,345.0,347.0,4700
2016-06-24,287.7955322265625,303.0,347.0,295.0,345.0,36600
2016-06-27,307.74176025390625,324.0,324.0,303.0,305.0,12300
2016-06-28,311.5765686035156,325.0,325.0,310.0,311.0,5200
2016-06-29,308.7004699707031,322.0,333.0,317.0,333.0,3600
2016-06-30,305.82440185546875,319.0,323.0,319.0,319.0,2700
2016-07-01,312.5353088378906,326.0,328.0,322.0,322.0,1100
2016-07-04,310.61785888671875,324.0,325.0,322.0,323.0,800
2016-07-05,308.7004699707031,322.0,322.0,322.0,322.0,200
2016-07-06,298.1548156738281,311.0,322.0,310.0,322.0,6700
2016-07-07,300.0722351074219,313.0,325.0,310.0,310.0,5600
2016-07-08,296.2374267578125,309.0,314.0,309.0,314.0,1200
2016-07-11,296.2374267578125,309.0,309.0,309.0,309.0,0
2016-07-12,311.5765686035156,325.0,328.0,322.0,322.0,1500
2016-07-13,320.2048645019531,334.0,337.0,325.0,333.0,6500
2016-07-14,325.95703125,340.0,346.0,332.0,334.0,14900
2016-07-15,319.24615478515625,333.0,335.0,332.0,332.0,7600
2016-07-19,327.8744812011719,342.0,349.0,327.0,329.0,5400
2016-07-20,319.24615478515625,333.0,339.0,331.0,336.0,5700
2016-07-21,323.0809326171875,337.0,338.0,333.0,333.0,7200
2016-07-22,320.2048645019531,334.0,365.0,333.0,340.0,26100
2016-07-25,325.95703125,340.0,340.0,333.0,334.0,1400
2016-07-26,321.1635437011719,335.0,336.0,332.0,336.0,400
2016-07-27,316.3700561523437,330.0,338.0,326.0,333.0,4000
2016-07-28,314.4526672363281,328.0,330.0,328.0,330.0,300
2016-07-29,316.3700561523437,330.0,331.0,330.0,330.0,2900
2016-08-01,311.5765686035156,325.0,325.0,324.0,324.0,1000
2016-08-02,310.61785888671875,324.0,324.0,322.0,324.0,2900
2016-08-03,310.61785888671875,324.0,325.0,324.0,325.0,1500
2016-08-04,319.24615478515625,333.0,333.0,326.0,332.0,4300
2016-08-05,315.4113464355469,329.0,333.0,325.0,333.0,2000
2016-08-08,306.7830810546875,320.0,321.0,320.0,321.0,1200
2016-08-09,306.7830810546875,320.0,321.0,320.0,321.0,1100
2016-08-10,307.7418212890625,321.0,321.0,320.0,320.0,1000
2016-08-12,314.4526672363281,328.0,330.0,322.0,322.0,2200
2016-08-15,339.3788146972656,354.0,374.0,344.0,344.0,36800
2016-08-16,322.12225341796875,336.0,350.0,336.0,350.0,8200
2016-08-17,325.95703125,340.0,341.0,334.0,341.0,2400
2016-08-18,325.95703125,340.0,340.0,340.0,340.0,1500
2016-08-19,330.75054931640625,345.0,345.0,340.0,340.0,1100
2016-08-22,330.75054931640625,345.0,350.0,345.0,350.0,4400
2016-08-23,349.92449951171875,365.0,367.0,345.0,345.0,5700
2016-08-24,338.4201354980469,353.0,367.0,351.0,364.0,4500
2016-08-25,346.0897216796875,361.0,363.0,361.0,361.0,2200
2016-08-26,334.5853271484375,349.0,355.0,341.0,355.0,2800
2016-08-29,345.1309814453125,360.0,372.0,346.0,354.0,8900
2016-08-30,338.4201354980469,353.0,353.0,350.0,352.0,2600
2016-08-31,345.1309814453125,360.0,364.0,353.0,361.0,7900
2016-09-01,347.0483703613281,362.0,363.0,353.0,353.0,4900
2016-09-02,348.0071105957031,363.0,365.0,353.0,363.0,8500
2016-09-05,351.84185791015625,367.0,372.0,363.0,363.0,4100
2016-09-06,347.0483703613281,362.0,367.0,358.0,362.0,2300
2016-09-07,348.9657592773437,364.0,364.0,358.0,362.0,600
2016-09-08,345.1309814453125,360.0,360.0,348.0,356.0,11200
2016-09-09,339.3788146972656,354.0,379.0,350.0,359.0,24500
2016-09-12,346.0897216796875,361.0,367.0,349.0,354.0,14600
2016-09-13,351.84185791015625,367.0,374.0,358.0,367.0,17000
2016-09-14,347.0483703613281,362.0,377.0,362.0,363.0,11100
2016-09-15,347.0483703613281,362.0,362.0,360.0,360.0,900
2016-09-16,423.744140625,442.0,442.0,370.0,370.0,142800
2016-09-20,500.4399108886719,522.0,522.0,494.0,498.0,1116300
2016-09-21,442.9180908203125,462.0,554.0,462.0,550.0,1553700
2016-09-23,519.6138305664062,542.0,542.0,542.0,542.0,243900
2016-09-26,484.14208984375,505.0,577.0,483.0,552.0,1287000
2016-09-27,471.6790161132813,492.0,518.0,463.0,471.0,403500
2016-09-28,457.2985534667969,477.0,500.0,476.0,500.0,100400
2016-09-29,451.54638671875,471.0,486.0,465.0,484.0,66800
2016-09-30,463.0507507324219,483.0,510.0,469.0,510.0,212000
2016-10-03,436.2071838378906,455.0,476.0,446.0,451.0,88200
2016-10-04,427.5789184570313,446.0,462.0,444.0,455.0,36000
2016-10-05,418.9506530761719,437.0,440.0,430.0,440.0,66100
2016-10-06,421.8267517089844,440.0,446.0,436.0,440.0,34600
2016-10-07,409.3636779785156,427.0,439.0,421.0,434.0,37900
2016-10-11,386.35498046875,403.0,430.0,400.0,423.0,63000
2016-10-12,382.5201416015625,399.0,406.0,396.0,402.0,53500
2016-10-13,382.5201416015625,399.0,406.0,395.0,405.0,18800
2016-10-14,391.1484375,408.0,422.0,405.0,410.0,43200
2016-10-17,404.5702209472656,422.0,441.0,399.0,403.0,64400
2016-10-18,405.5289001464844,423.0,438.0,417.0,419.0,24400
2016-10-19,482.22467041015625,503.0,503.0,420.0,421.0,183100
2016-10-20,509.0681762695313,531.0,600.0,528.0,573.0,1915900
2016-10-21,495.64642333984375,517.0,585.0,505.0,571.0,701300
2016-10-24,469.7615966796875,490.0,505.0,484.0,500.0,179700
2016-10-25,452.5050964355469,472.0,504.0,472.0,489.0,78900
2016-10-26,451.54638671875,471.0,485.0,468.0,485.0,59300
2016-10-27,463.0507507324219,483.0,492.0,465.0,471.0,51700
2016-10-28,451.54638671875,471.0,492.0,468.0,491.0,45300
2016-10-31,404.5702209472656,422.0,460.0,418.0,456.0,133900
2016-11-01,410.3223876953125,428.0,437.0,425.0,429.0,57500
2016-11-02,401.6941223144531,419.0,428.0,410.0,426.0,42200
2016-11-04,385.396240234375,402.0,411.0,399.0,410.0,40700
2016-11-07,390.1897583007813,407.0,416.0,403.0,415.0,34400
2016-11-08,391.1484375,408.0,420.0,408.0,416.0,23300
2016-11-09,361.4288330078125,377.0,412.0,368.0,405.0,68600
2016-11-10,406.4876403808594,424.0,456.0,391.0,391.0,201300
2016-11-11,417.03326416015625,435.0,439.0,425.0,425.0,42800
2016-11-14,419.9093627929688,438.0,443.0,430.0,435.0,39400
2016-11-15,421.8267517089844,440.0,443.0,434.0,443.0,15600
2016-11-16,426.6202392578125,445.0,448.0,439.0,439.0,24800
2016-11-17,418.9506530761719,437.0,445.0,432.0,445.0,24800
2016-11-18,462.0920715332031,482.0,490.0,440.0,440.0,179700
2016-11-21,464.0093994140625,484.0,503.0,481.0,481.0,97500
2016-11-22,457.2985534667969,477.0,488.0,466.0,488.0,31600
2016-11-24,448.6702880859375,468.0,470.0,455.0,470.0,43800
2016-11-25,440.0420227050781,459.0,462.0,446.0,452.0,49100
2016-11-28,434.2898254394531,453.0,465.0,447.0,459.0,36700
2016-11-29,428.5376281738281,447.0,454.0,434.0,454.0,70500
2016-11-30,451.54638671875,471.0,483.0,447.0,448.0,45600
2016-12-01,446.7528991699219,466.0,484.0,462.0,475.0,18200
2016-12-02,435.2485046386719,454.0,461.0,450.0,457.0,14300
2016-12-05,441.0006713867188,460.0,460.0,448.0,454.0,21400
2016-12-06,452.5050964355469,472.0,480.0,462.0,465.0,19000
2016-12-07,447.7115783691406,467.0,474.0,460.0,474.0,13500
2016-12-08,437.1658935546875,456.0,465.0,456.0,465.0,22400
2016-12-09,436.2071838378906,455.0,464.0,450.0,464.0,20600
2016-12-12,444.8354797363281,464.0,479.0,458.0,479.0,20400
2016-12-13,440.0420227050781,459.0,468.0,455.0,468.0,9700
2016-12-14,436.2071838378906,455.0,464.0,442.0,464.0,26500
2016-12-15,440.0420227050781,459.0,459.0,451.0,456.0,18700
2016-12-16,436.2071838378906,455.0,461.0,445.0,455.0,20200
2016-12-19,448.6702880859375,468.0,477.0,458.0,459.0,66800
2016-12-20,453.46380615234375,473.0,496.0,469.0,469.0,153200
2016-12-21,445.794189453125,465.0,486.0,465.0,477.0,59600
2016-12-22,460.1746826171875,480.0,513.0,472.0,473.0,378200
2016-12-26,464.9681396484375,485.0,493.0,483.0,483.0,59700
2016-12-27,438.1246337890625,457.0,487.0,450.0,484.0,108200
2016-12-28,436.2071838378906,455.0,463.0,451.0,457.0,34200
2016-12-29,426.6202392578125,445.0,454.0,442.0,453.0,21400
2016-12-30,423.744140625,442.0,453.0,438.0,453.0,16200
2017-01-04,429.4963073730469,448.0,456.0,443.0,443.0,18400
2017-01-05,443.8767700195313,463.0,463.0,449.0,451.0,13900
2017-01-06,438.1246337890625,457.0,467.0,455.0,467.0,22700
2017-01-10,440.0420227050781,459.0,463.0,457.0,457.0,18200
2017-01-11,444.8354797363281,464.0,469.0,459.0,461.0,22100
2017-01-12,447.7115783691406,467.0,475.0,462.0,464.0,27400
2017-01-13,445.794189453125,465.0,467.0,462.0,466.0,12000
2017-01-16,448.6702880859375,468.0,533.0,468.0,505.0,469800
2017-01-17,449.62896728515625,469.0,477.0,454.0,475.0,68000
2017-01-18,451.54638671875,471.0,476.0,454.0,466.0,38400
2017-01-19,441.9593811035156,461.0,474.0,460.0,474.0,19000
2017-01-20,441.9593811035156,461.0,464.0,450.0,461.0,25100
2017-01-23,444.8354797363281,464.0,465.0,455.0,460.0,17200
2017-01-24,452.5050964355469,472.0,522.0,467.0,468.0,236000
2017-01-25,455.3811645507813,475.0,479.0,468.0,476.0,28700
2017-01-26,457.2985534667969,477.0,478.0,466.0,476.0,42700
2017-01-27,472.6376953125,493.0,493.0,474.0,477.0,54200
2017-01-30,455.3811645507813,475.0,484.0,471.0,482.0,29100
2017-01-31,455.3811645507813,475.0,484.0,474.0,475.0,27700
2017-02-01,451.54638671875,471.0,477.0,470.0,476.0,29300
2017-02-02,453.46380615234375,473.0,484.0,472.0,475.0,37100
2017-02-03,447.7115783691406,467.0,475.0,467.0,474.0,17300
2017-02-06,444.8354797363281,464.0,471.0,450.0,468.0,23100
2017-02-07,438.1246337890625,457.0,461.0,454.0,457.0,38800
2017-02-08,447.7115783691406,467.0,467.0,456.0,462.0,25000
2017-02-09,448.6702880859375,468.0,473.0,465.0,470.0,12600
2017-02-10,447.7115783691406,467.0,468.0,463.0,468.0,15500
2017-02-13,447.7115783691406,467.0,470.0,464.0,466.0,5600
2017-02-14,447.7115783691406,467.0,470.0,461.0,470.0,11400
2017-02-15,450.5877075195313,470.0,471.0,462.0,463.0,10500
2017-02-16,451.54638671875,471.0,471.0,465.0,468.0,6000
2017-02-17,450.5877075195313,470.0,471.0,465.0,471.0,7200
2017-02-20,448.6702880859375,468.0,471.0,467.0,470.0,6200
2017-02-21,448.6702880859375,468.0,470.0,465.0,470.0,4200
2017-02-22,444.8354797363281,464.0,467.0,463.0,467.0,9700
2017-02-23,450.5877075195313,470.0,473.0,460.0,464.0,8200
2017-02-24,446.7528991699219,466.0,470.0,465.0,470.0,4800
2017-02-27,444.8354797363281,464.0,471.0,462.0,471.0,11600
2017-02-28,441.0006713867188,460.0,468.0,455.0,466.0,15900
2017-03-01,450.5877075195313,470.0,470.0,458.0,465.0,19400
2017-03-02,454.4224548339844,474.0,474.0,470.0,471.0,11400
2017-03-03,470.7203369140625,491.0,494.0,478.0,480.0,69100
2017-03-06,464.0093994140625,484.0,502.0,482.0,501.0,53700
2017-03-07,456.33984375,476.0,484.0,474.0,484.0,10000
2017-03-08,467.8442077636719,488.0,493.0,476.0,476.0,25800
2017-03-09,462.0920715332031,482.0,487.0,478.0,485.0,5600
2017-03-10,462.0920715332031,482.0,488.0,478.0,482.0,10300
2017-03-13,449.62896728515625,469.0,481.0,469.0,481.0,23700
2017-03-14,453.46380615234375,473.0,475.0,465.0,466.0,16100
2017-03-15,446.7528991699219,466.0,475.0,464.0,472.0,17500
2017-03-16,446.7528991699219,466.0,469.0,465.0,469.0,16600
2017-03-17,447.7115783691406,467.0,470.0,466.0,467.0,9400
2017-03-21,452.5050964355469,472.0,477.0,470.0,473.0,12500
2017-03-22,446.7528991699219,466.0,472.0,464.0,472.0,13300
2017-03-23,445.794189453125,465.0,467.0,460.0,466.0,8000
2017-03-24,450.5877075195313,470.0,474.0,462.0,463.0,13500
2017-03-27,444.8354797363281,464.0,474.0,464.0,474.0,5400
2017-03-28,444.8354797363281,464.0,470.0,464.0,464.0,8400
2017-03-29,443.8767700195313,463.0,464.0,460.0,464.0,9500
2017-03-30,442.9180908203125,462.0,464.0,460.0,463.0,9300
2017-03-31,441.0006713867188,460.0,463.0,460.0,463.0,2300
2017-04-03,442.9180908203125,462.0,466.0,460.0,460.0,6800
2017-04-04,435.2485046386719,454.0,470.0,436.0,462.0,17700
2017-04-05,426.6202392578125,445.0,453.0,444.0,453.0,10800
2017-04-06,407.4462890625,425.0,445.0,420.0,445.0,23800
2017-04-07,420.8680419921875,439.0,453.0,425.0,425.0,13000
2017-04-10,430.4550476074219,449.0,459.0,432.0,439.0,14100
2017-04-11,423.744140625,442.0,455.0,441.0,443.0,6500
2017-04-12,434.2898254394531,453.0,493.0,444.0,444.0,293700
2017-04-13,408.4049987792969,426.0,445.0,402.0,437.0,69800
2017-04-14,402.6528015136719,420.0,430.0,420.0,421.0,17900
2017-04-17,394.9832458496094,412.0,426.0,407.0,426.0,10900
2017-04-18,403.6115112304688,421.0,422.0,415.0,415.0,19000
2017-04-19,402.6528015136719,420.0,425.0,417.0,418.0,6400
2017-04-20,411.2810974121094,429.0,440.0,422.0,425.0,35300
2017-04-21,410.3223876953125,428.0,437.0,428.0,429.0,10600
2017-04-24,408.4049987792969,426.0,435.0,425.0,429.0,20500
2017-04-25,411.2810974121094,429.0,431.0,423.0,426.0,8300
2017-04-26,411.2810974121094,429.0,431.0,428.0,429.0,2600
2017-04-27,420.8680419921875,439.0,439.0,432.0,435.0,8400
2017-04-28,414.1571960449219,432.0,440.0,431.0,440.0,12300
2017-05-01,429.4963073730469,448.0,457.0,439.0,448.0,42200
2017-05-02,425.6615295410156,444.0,449.0,442.0,449.0,13900
2017-05-08,433.33111572265625,452.0,462.0,450.0,452.0,30100
2017-05-09,424.702880859375,443.0,450.0,439.0,449.0,12500
2017-05-10,427.5789184570313,446.0,455.0,440.0,455.0,18400
2017-05-11,425.6615295410156,444.0,447.0,438.0,442.0,13400
2017-05-12,421.8267517089844,440.0,442.0,439.0,441.0,4900
2017-05-15,419.9093627929688,438.0,445.0,429.0,445.0,12800
2017-05-16,421.8267517089844,440.0,440.0,440.0,440.0,2400
2017-05-17,420.8680419921875,439.0,448.0,439.0,444.0,10600
2017-05-18,421.8267517089844,440.0,448.0,435.0,435.0,16100
2017-05-19,415.1159057617188,433.0,448.0,429.0,447.0,33500
2017-05-22,417.9919738769531,436.0,440.0,433.0,433.0,14200
2017-05-23,413.198486328125,431.0,438.0,429.0,438.0,9500
2017-05-24,423.744140625,442.0,443.0,430.0,430.0,19200
2017-05-25,434.2898254394531,453.0,463.0,437.0,437.0,52100
2017-05-26,429.4963073730469,448.0,457.0,445.0,457.0,14400
2017-05-29,425.6615295410156,444.0,455.0,442.0,446.0,11200
2017-05-30,422.7854614257813,441.0,441.0,437.0,441.0,5700
2017-05-31,431.4137268066406,450.0,450.0,437.0,442.0,5800
2017-06-01,428.5376281738281,447.0,450.0,443.0,450.0,7200
2017-06-02,422.7854614257813,441.0,446.0,441.0,446.0,7000
2017-06-05,437.1658935546875,456.0,457.0,449.0,449.0,23300
2017-06-06,431.4137268066406,450.0,458.0,450.0,458.0,16000
2017-06-07,431.4137268066406,450.0,450.0,448.0,448.0,2800
2017-06-08,428.5376281738281,447.0,453.0,443.0,450.0,16200
2017-06-09,432.3724365234375,451.0,452.0,445.0,447.0,5500
2017-06-12,427.5789184570313,446.0,455.0,445.0,455.0,8000
2017-06-13,428.5376281738281,447.0,449.0,440.0,448.0,18000
2017-06-14,426.6202392578125,445.0,449.0,445.0,449.0,13600
2017-06-15,441.9593811035156,461.0,466.0,450.0,450.0,52200
2017-06-16,454.4224548339844,474.0,477.0,465.0,468.0,64600
2017-06-19,465.92681884765625,486.0,497.0,478.0,489.0,90500
2017-06-20,542.6226196289062,566.0,566.0,478.0,486.0,1204200
2017-06-21,479.34857177734375,500.0,526.0,495.0,519.0,573800
2017-06-22,474.5550842285156,495.0,508.0,486.0,500.0,106200
2017-06-23,471.6790161132813,492.0,503.0,486.0,503.0,57400
2017-06-26,465.92681884765625,486.0,495.0,480.0,492.0,37800
2017-06-27,467.8442077636719,488.0,491.0,484.0,491.0,25300
2017-06-28,462.0564575195313,479.0,488.0,475.0,488.0,37400
2017-06-29,465.9149475097656,483.0,486.0,479.0,479.0,25000
2017-06-30,471.7027587890625,489.0,489.0,470.0,476.0,37200
2017-07-03,509.3232116699219,528.0,559.0,496.0,515.0,392600
2017-07-04,492.9245300292969,511.0,540.0,506.0,530.0,160100
2017-07-05,485.2074890136719,503.0,516.0,501.0,506.0,47600
2017-07-06,477.4905090332031,495.0,508.0,495.0,503.0,30000
2017-07-07,489.0660400390625,507.0,512.0,490.0,491.0,20200
2017-07-10,485.2074890136719,503.0,510.0,503.0,510.0,15800
2017-07-11,481.3490295410156,499.0,501.0,492.0,500.0,21800
2017-07-12,491.95989990234375,510.0,510.0,500.0,500.0,29600
2017-07-13,484.2428894042969,502.0,519.0,502.0,510.0,32900
2017-07-14,477.4905090332031,495.0,500.0,495.0,500.0,23800
2017-07-17,477.4905090332031,495.0,495.0,495.0,495.0,0
2017-07-18,474.5966491699219,492.0,495.0,492.0,494.0,10900
2017-07-19,470.7380981445313,488.0,497.0,487.0,494.0,29000
2017-07-20,463.9857177734375,481.0,488.0,480.0,488.0,22300
2017-07-21,466.8796081542969,484.0,487.0,476.0,478.0,11500
2017-07-24,468.8088684082031,486.0,490.0,484.0,484.0,5200
2017-07-25,471.7027587890625,489.0,492.0,485.0,489.0,9500
2017-07-26,469.77349853515625,487.0,492.0,487.0,491.0,10000
2017-07-27,467.84423828125,485.0,491.0,484.0,488.0,9400
2017-07-28,460.127197265625,477.0,492.0,477.0,486.0,22700
2017-07-31,460.127197265625,477.0,483.0,476.0,476.0,11900
2017-08-01,460.127197265625,477.0,484.0,475.0,482.0,14700
2017-08-02,464.9503479003906,482.0,485.0,478.0,478.0,8700
2017-08-03,462.0564575195313,479.0,482.0,478.0,480.0,3400
2017-08-04,465.9149475097656,483.0,486.0,480.0,483.0,9700
2017-08-07,453.3748168945313,470.0,483.0,467.0,481.0,30800
2017-08-08,448.55169677734375,465.0,470.0,457.0,470.0,34500
2017-08-09,451.4455871582031,468.0,470.0,461.0,469.0,21100
2017-08-10,451.4455871582031,468.0,476.0,465.0,476.0,18800
2017-08-11,451.4455871582031,468.0,468.0,468.0,468.0,0
2017-08-14,477.4905090332031,495.0,511.0,466.0,468.0,74600
2017-08-15,458.1979675292969,475.0,501.0,470.0,501.0,59700
2017-08-16,465.9149475097656,483.0,485.0,471.0,472.0,12100
2017-08-17,466.8796081542969,484.0,484.0,479.0,483.0,9500
2017-08-18,466.8796081542969,484.0,484.0,480.0,484.0,11300
2017-08-21,457.2333068847656,474.0,483.0,472.0,483.0,8800
2017-08-22,459.1625671386719,476.0,476.0,474.0,476.0,3100
2017-08-23,453.3748168945313,470.0,481.0,470.0,481.0,8100
2017-08-24,457.2333068847656,474.0,476.0,470.0,471.0,5400
2017-08-25,458.1979675292969,475.0,483.0,472.0,475.0,7900
2017-08-28,459.1625671386719,476.0,477.0,474.0,476.0,5800
2017-08-29,461.0918273925781,478.0,480.0,470.0,472.0,6600
2017-08-30,459.1625671386719,476.0,478.0,474.0,478.0,2400
2017-08-31,462.0564575195313,479.0,489.0,473.0,476.0,10900
2017-09-01,454.3394775390625,471.0,480.0,464.0,479.0,24100
2017-09-04,465.9149475097656,483.0,505.0,473.0,474.0,105900
2017-09-05,459.1625671386719,476.0,485.0,459.0,485.0,28900
2017-09-06,459.1625671386719,476.0,482.0,468.0,468.0,30600
2017-09-07,464.9503479003906,482.0,486.0,475.0,475.0,17400
2017-09-08,456.2687072753906,473.0,481.0,470.0,480.0,6800
2017-09-11,463.0211181640625,480.0,482.0,472.0,476.0,17200
2017-09-12,461.0918273925781,478.0,484.0,477.0,483.0,16600
2017-09-13,459.1625671386719,476.0,481.0,475.0,481.0,8000
2017-09-14,457.2333068847656,474.0,478.0,473.0,475.0,12300
2017-09-15,462.0564575195313,479.0,483.0,476.0,478.0,20000
2017-09-18,462.0564575195313,479.0,479.0,479.0,479.0,0
2017-09-19,460.127197265625,477.0,481.0,476.0,476.0,22100
2017-09-20,459.1625671386719,476.0,480.0,475.0,480.0,13000
2017-09-21,460.127197265625,477.0,483.0,476.0,480.0,10000
2017-09-22,478.4551696777344,496.0,531.0,475.0,477.0,367400
2017-09-25,478.4551696777344,496.0,504.0,489.0,494.0,56100
2017-09-26,464.9503479003906,482.0,496.0,481.0,496.0,60400
2017-09-27,464.9503479003906,482.0,487.0,479.0,486.0,21700
2017-09-28,465.9149475097656,483.0,486.0,477.0,486.0,23300
2017-09-29,465.9149475097656,483.0,489.0,483.0,489.0,9200
2017-10-02,465.9149475097656,483.0,490.0,482.0,489.0,10700
2017-10-03,467.84423828125,485.0,485.0,481.0,483.0,12100
2017-10-04,465.9149475097656,483.0,489.0,483.0,487.0,16200
2017-10-05,461.0918273925781,478.0,481.0,474.0,480.0,32500
2017-10-06,463.0211181640625,480.0,486.0,476.0,476.0,12100
2017-10-09,463.0211181640625,480.0,480.0,480.0,480.0,0
2017-10-10,460.127197265625,477.0,478.0,472.0,478.0,13000
2017-10-11,456.2687072753906,473.0,476.0,464.0,475.0,28700
2017-10-12,452.4101867675781,469.0,480.0,469.0,472.0,16000
2017-10-13,453.3748168945313,470.0,472.0,465.0,465.0,9400
2017-10-16,453.3748168945313,470.0,472.0,468.0,472.0,12900
2017-10-17,464.9503479003906,482.0,485.0,470.0,473.0,59500
2017-10-18,460.127197265625,477.0,484.0,474.0,480.0,24800
2017-10-19,458.1979675292969,475.0,479.0,471.0,475.0,8500
2017-10-20,458.1979675292969,475.0,476.0,475.0,476.0,5800
2017-10-23,460.127197265625,477.0,477.0,473.0,475.0,9600
2017-10-24,460.127197265625,477.0,477.0,474.0,477.0,4400
2017-10-25,458.1979675292969,475.0,477.0,473.0,477.0,6400
2017-10-26,458.1979675292969,475.0,475.0,473.0,473.0,5500
2017-10-27,458.1979675292969,475.0,479.0,474.0,476.0,12400
2017-10-30,456.2687072753906,473.0,476.0,465.0,476.0,39600
2017-10-31,453.3748168945313,470.0,474.0,468.0,474.0,6600
2017-11-01,454.3394775390625,471.0,474.0,470.0,472.0,6500
2017-11-02,453.3748168945313,470.0,477.0,469.0,472.0,12800
2017-11-03,453.3748168945313,470.0,470.0,470.0,470.0,0
2017-11-06,452.4101867675781,469.0,470.0,469.0,469.0,4900
2017-11-07,449.516357421875,466.0,476.0,466.0,469.0,18600
2017-11-08,438.9054260253906,455.0,466.0,453.0,466.0,36300
2017-11-09,439.8700256347656,456.0,460.0,452.0,459.0,15900
2017-11-10,438.9054260253906,455.0,458.0,453.0,455.0,13900
2017-11-13,443.7285461425781,460.0,463.0,458.0,458.0,12300
2017-11-14,442.7639465332031,459.0,461.0,457.0,457.0,11900
2017-11-15,417.6836242675781,433.0,461.0,433.0,459.0,35500
2017-11-16,424.4360046386719,440.0,444.0,433.0,433.0,12500
2017-11-17,427.3298950195313,443.0,450.0,441.0,448.0,8200
2017-11-20,422.5067443847656,438.0,446.0,436.0,446.0,12700
2017-11-21,442.7639465332031,459.0,470.0,446.0,446.0,99700
2017-11-22,447.5870971679688,464.0,492.0,457.0,457.0,82700
2017-11-23,447.5870971679688,464.0,464.0,464.0,464.0,0
2017-11-24,448.55169677734375,465.0,475.0,455.0,457.0,37800
2017-11-27,443.7285461425781,460.0,469.0,457.0,469.0,15900
2017-11-28,443.7285461425781,460.0,463.0,456.0,463.0,8100
2017-11-29,440.8346862792969,457.0,460.0,454.0,460.0,9700
2017-11-30,441.7992858886719,458.0,460.0,452.0,460.0,4200
2017-12-01,445.6578063964844,462.0,463.0,457.0,458.0,15100
2017-12-04,439.8700256347656,456.0,462.0,456.0,462.0,2400
2017-12-05,436.9761657714844,453.0,458.0,453.0,456.0,5700
2017-12-06,434.0823059082031,450.0,455.0,447.0,453.0,7100
2017-12-07,436.9761657714844,453.0,453.0,450.0,450.0,2700
2017-12-08,436.0115356445313,452.0,456.0,452.0,453.0,3600
2017-12-11,434.0823059082031,450.0,454.0,448.0,451.0,9100
2017-12-12,434.0823059082031,450.0,456.0,450.0,452.0,19100
2017-12-13,436.0115356445313,452.0,455.0,445.0,450.0,17100
2017-12-14,440.8346862792969,457.0,461.0,450.0,452.0,24200
2017-12-15,440.8346862792969,457.0,459.0,453.0,458.0,8600
2017-12-18,437.9407958984375,454.0,461.0,449.0,460.0,13200
2017-12-19,436.0115356445313,452.0,456.0,451.0,452.0,16800
2017-12-20,432.1530151367188,448.0,455.0,448.0,452.0,17600
2017-12-21,431.1883850097656,447.0,450.0,447.0,449.0,9000
2017-12-22,432.1530151367188,448.0,449.0,445.0,445.0,6300
2017-12-25,431.1883850097656,447.0,449.0,445.0,448.0,26100
2017-12-26,428.2945251464844,444.0,450.0,444.0,450.0,11200
2017-12-27,433.1176452636719,449.0,449.0,443.0,444.0,6600
2017-12-28,429.2591552734375,445.0,451.0,438.0,450.0,21500
2017-12-29,429.2591552734375,445.0,445.0,441.0,445.0,12600
2018-01-03,429.2591552734375,445.0,445.0,445.0,445.0,0
2018-01-04,430.2237548828125,446.0,449.0,442.0,444.0,14500
2018-01-05,437.9407958984375,454.0,457.0,447.0,447.0,26600
2018-01-08,437.9407958984375,454.0,454.0,454.0,454.0,0
2018-01-09,450.4809265136719,467.0,468.0,457.0,460.0,20300
2018-01-10,444.6931762695313,461.0,473.0,460.0,470.0,24000
2018-01-11,450.4809265136719,467.0,467.0,461.0,462.0,11100
2018-01-12,456.2687072753906,473.0,475.0,462.0,464.0,24700
2018-01-15,461.0918273925781,478.0,481.0,473.0,475.0,36200
2018-01-16,471.7027587890625,489.0,491.0,478.0,482.0,67300
2018-01-17,463.0211181640625,480.0,489.0,480.0,485.0,45100
2018-01-18,465.9149475097656,483.0,490.0,483.0,487.0,32400
2018-01-19,471.7027587890625,489.0,490.0,484.0,484.0,33200
2018-01-22,490.9952697753906,509.0,510.0,490.0,490.0,199800
2018-01-23,507.3940124511719,526.0,530.0,506.0,511.0,243900
2018-01-24,513.1817016601562,532.0,544.0,528.0,530.0,113900
2018-01-25,499.6769409179688,518.0,532.0,500.0,532.0,88400
2018-01-26,500.64154052734375,519.0,529.0,499.0,518.0,76200
2018-01-29,466.8796081542969,484.0,487.0,460.0,467.0,155700
2018-01-30,446.6224365234375,463.0,489.0,460.0,485.0,97600
2018-01-31,446.6224365234375,463.0,466.0,453.0,460.0,35600
2018-02-01,450.4809265136719,467.0,470.0,461.0,470.0,29000
2018-02-02,440.8346862792969,457.0,467.0,456.0,466.0,35600
2018-02-05,433.1176452636719,449.0,464.0,443.0,450.0,85100
2018-02-06,388.7448425292969,403.0,427.0,390.0,420.0,146700
2018-02-07,401.2849426269531,416.0,427.0,416.0,425.0,18200
2018-02-08,406.1080932617188,421.0,424.0,418.0,421.0,7300
2018-02-09,396.4617919921875,411.0,418.0,395.0,395.0,26100
2018-02-12,396.4617919921875,411.0,411.0,411.0,411.0,0
2018-02-13,399.3556823730469,414.0,418.0,408.0,414.0,17000
2018-02-14,392.6033020019531,407.0,414.0,403.0,406.0,16500
2018-02-15,411.8958435058594,427.0,427.0,410.0,410.0,16700
2018-02-16,411.8958435058594,427.0,433.0,424.0,424.0,10900
2018-02-19,426.365234375,442.0,442.0,428.0,429.0,13700
2018-02-20,424.4360046386719,440.0,445.0,435.0,441.0,8300
2018-02-21,431.1883850097656,447.0,448.0,435.0,438.0,13600
2018-02-22,424.4360046386719,440.0,447.0,439.0,443.0,10700
2018-02-23,434.0823059082031,450.0,450.0,440.0,440.0,17400
2018-02-26,434.0823059082031,450.0,450.0,445.0,450.0,8500
2018-02-27,428.2945251464844,444.0,447.0,441.0,447.0,8900
2018-02-28,429.2591552734375,445.0,447.0,439.0,442.0,6300
2018-03-01,432.1530151367188,448.0,450.0,441.0,441.0,19000
2018-03-02,427.3298950195313,443.0,447.0,442.0,445.0,10700
2018-03-05,425.4006042480469,441.0,446.0,441.0,442.0,16400
2018-03-06,434.0823059082031,450.0,452.0,443.0,443.0,24700
2018-03-07,435.046875,451.0,451.0,448.0,448.0,7600
2018-03-08,433.1176452636719,449.0,454.0,448.0,449.0,26200
2018-03-09,434.0823059082031,450.0,451.0,448.0,450.0,9300
2018-03-12,440.8346862792969,457.0,460.0,452.0,453.0,19000
2018-03-13,452.4101867675781,469.0,472.0,456.0,456.0,49500
2018-03-14,454.3394775390625,471.0,473.0,463.0,463.0,15200
2018-03-15,462.0564575195313,479.0,493.0,469.0,469.0,58500
2018-03-16,460.127197265625,477.0,485.0,470.0,485.0,16700
2018-03-19,449.516357421875,466.0,473.0,461.0,473.0,16500
2018-03-20,459.1625671386719,476.0,479.0,468.0,469.0,13000
2018-03-21,459.1625671386719,476.0,476.0,476.0,476.0,0
2018-03-22,455.3040466308594,472.0,479.0,467.0,477.0,16800
2018-03-23,451.4455871582031,468.0,468.0,465.0,465.0,15300
2018-03-26,452.4101867675781,469.0,470.0,465.0,465.0,8300
2018-03-27,452.4101867675781,469.0,478.0,462.0,478.0,20400
2018-03-28,460.127197265625,477.0,478.0,467.0,467.0,5200
2018-03-29,463.0211181640625,480.0,484.0,474.0,480.0,15900
2018-03-30,472.6673583984375,490.0,490.0,482.0,487.0,22800
2018-04-02,468.8088684082031,486.0,496.0,486.0,496.0,13300
2018-04-03,472.6673583984375,490.0,493.0,486.0,486.0,12600
2018-04-04,472.6673583984375,490.0,494.0,490.0,494.0,5700
2018-04-05,473.6320190429688,491.0,493.0,490.0,490.0,9700
2018-04-06,480.3843994140625,498.0,513.0,492.0,494.0,100100
2018-04-09,493.88916015625,512.0,515.0,488.0,498.0,65800
2018-04-10,492.9245300292969,511.0,512.0,505.0,512.0,12600
2018-04-11,484.2428894042969,502.0,510.0,502.0,510.0,8200
2018-04-12,501.606201171875,520.0,520.0,496.0,502.0,60100
2018-04-13,492.9245300292969,511.0,517.0,504.0,513.0,40400
2018-04-16,490.0306396484375,508.0,515.0,505.0,511.0,19900
2018-04-17,496.7830505371094,515.0,515.0,504.0,505.0,26600
2018-04-18,493.88916015625,512.0,516.0,500.0,514.0,31400
2018-04-19,487.13677978515625,505.0,518.0,505.0,518.0,13500
2018-04-20,490.0306396484375,508.0,509.0,505.0,507.0,3700
2018-04-23,488.1014099121094,506.0,511.0,503.0,508.0,20300
2018-04-24,483.2782897949219,501.0,506.0,500.0,503.0,33700
2018-04-25,482.3136596679688,500.0,504.0,500.0,500.0,10200
2018-04-26,483.2782897949219,501.0,504.0,500.0,501.0,12100
2018-04-27,483.2782897949219,501.0,503.0,499.0,501.0,18700
2018-04-30,483.2782897949219,501.0,501.0,501.0,501.0,0
2018-05-01,455.3040466308594,472.0,475.0,462.0,475.0,48500
2018-05-02,463.9857177734375,481.0,492.0,468.0,468.0,26300
2018-05-04,463.9857177734375,481.0,481.0,481.0,481.0,0
2018-05-07,461.0918273925781,478.0,484.0,476.0,481.0,13800
2018-05-08,462.0564575195313,479.0,482.0,476.0,478.0,8500
2018-05-09,466.8796081542969,484.0,484.0,475.0,475.0,13200
2018-05-11,466.8796081542969,484.0,484.0,484.0,484.0,0
2018-05-14,465.9149475097656,483.0,490.0,482.0,482.0,44900
2018-05-15,465.9149475097656,483.0,483.0,479.0,483.0,6900
2018-05-16,463.9857177734375,481.0,483.0,480.0,483.0,2400
2018-05-17,466.8796081542969,484.0,484.0,471.0,476.0,22800
2018-05-18,463.9857177734375,481.0,484.0,478.0,484.0,5000
2018-05-21,463.0211181640625,480.0,480.0,473.0,480.0,3400
2018-05-22,472.6673583984375,490.0,496.0,473.0,474.0,4600
2018-05-23,482.3136596679688,500.0,502.0,487.0,490.0,15400
2018-05-24,487.13677978515625,505.0,507.0,497.0,497.0,12900
2018-05-25,473.6320190429688,491.0,496.0,470.0,493.0,27100
2018-05-28,491.95989990234375,510.0,517.0,485.0,485.0,37100
2018-05-29,483.2782897949219,501.0,510.0,500.0,510.0,4200
2018-05-30,482.3136596679688,500.0,504.0,490.0,492.0,7000
2018-05-31,490.9952697753906,509.0,513.0,501.0,501.0,4800
2018-06-01,485.2074890136719,503.0,513.0,500.0,500.0,12100
2018-06-04,490.0306396484375,508.0,512.0,504.0,510.0,10900
2018-06-05,490.0306396484375,508.0,510.0,507.0,508.0,7000
2018-06-06,492.9245300292969,511.0,513.0,505.0,508.0,17200
2018-06-07,492.9245300292969,511.0,511.0,504.0,510.0,6400
2018-06-08,490.9952697753906,509.0,510.0,492.0,510.0,18500
2018-06-11,490.0306396484375,508.0,512.0,504.0,504.0,7200
2018-06-12,489.0660400390625,507.0,509.0,502.0,508.0,6800
2018-06-13,481.3490295410156,499.0,507.0,498.0,505.0,12200
2018-06-14,478.4551696777344,496.0,551.0,485.0,499.0,373600
2018-06-15,479.4197692871094,497.0,500.0,486.0,496.0,22600
2018-06-18,483.2782897949219,501.0,502.0,492.0,502.0,9400
2018-06-19,479.4197692871094,497.0,505.0,488.0,493.0,30000
2018-06-20,480.3843994140625,498.0,499.0,490.0,497.0,16200
2018-06-21,480.3843994140625,498.0,501.0,497.0,498.0,7600
2018-06-22,486.172119140625,504.0,506.0,498.0,498.0,9400
2018-06-25,480.3843994140625,498.0,528.0,489.0,504.0,108200
2018-06-26,500.64154052734375,519.0,519.0,489.0,490.0,17900
2018-06-27,495.771484375,509.0,517.0,499.0,508.0,24200
2018-06-28,501.6155700683594,515.0,515.0,500.0,504.0,30800
2018-06-29,494.7974853515625,508.0,515.0,507.0,515.0,8000
2018-07-02,485.057373046875,498.0,511.0,495.0,510.0,16600
2018-07-03,465.5771789550781,478.0,501.0,471.0,497.0,55300
2018-07-04,466.5511474609375,479.0,486.0,478.0,478.0,4700
2018-07-05,461.6811218261719,474.0,487.0,470.0,487.0,13000
2018-07-06,460.70709228515625,473.0,477.0,454.0,475.0,22000
2018-07-09,471.4212341308594,484.0,484.0,477.0,479.0,6500
2018-07-10,480.1873168945313,493.0,499.0,485.0,491.0,23000
2018-07-11,479.21331787109375,492.0,493.0,490.0,493.0,7100
2018-07-12,480.1873168945313,493.0,495.0,475.0,485.0,11400
2018-07-13,479.21331787109375,492.0,500.0,491.0,493.0,7300
2018-07-16,479.21331787109375,492.0,492.0,492.0,492.0,0
2018-07-17,476.291259765625,489.0,499.0,486.0,499.0,9300
2018-07-18,478.2392883300781,491.0,495.0,489.0,489.0,3500
2018-07-19,476.291259765625,489.0,493.0,488.0,489.0,3500
2018-07-20,472.3952331542969,485.0,489.0,482.0,489.0,8900
2018-07-23,478.2392883300781,491.0,493.0,483.0,485.0,2900
2018-07-24,470.44720458984375,483.0,493.0,482.0,488.0,6600
2018-07-25,498.6935424804688,512.0,533.0,484.0,484.0,76800
2018-07-26,497.719482421875,511.0,515.0,500.0,500.0,40200
2018-07-27,503.5635681152344,517.0,523.0,513.0,513.0,29100
2018-07-30,507.4596862792969,521.0,530.0,515.0,515.0,46900
2018-07-31,496.7455139160156,510.0,525.0,506.0,516.0,38300
2018-08-01,492.8494873046875,506.0,513.0,495.0,508.0,53400
2018-08-02,497.719482421875,511.0,513.0,501.0,513.0,18600
2018-08-03,516.2257080078125,530.0,541.0,506.0,508.0,177600
2018-08-06,516.2257080078125,530.0,546.0,521.0,525.0,148300
2018-08-07,521.0957641601562,535.0,558.0,528.0,545.0,166300
2018-08-08,515.2517700195312,529.0,534.0,520.0,532.0,106600
2018-08-09,526.9398193359375,541.0,549.0,523.0,533.0,128300
2018-08-10,531.8098754882812,546.0,553.0,536.0,546.0,77700
2018-08-13,552.2640991210938,567.0,574.0,539.0,544.0,287100
2018-08-14,549.3421020507812,564.0,577.0,544.0,560.0,110500
2018-08-15,553.2381591796875,568.0,574.0,555.0,564.0,86200
2018-08-16,548.3681030273438,563.0,570.0,555.0,570.0,66900
2018-08-17,556.16015625,571.0,571.0,490.0,553.0,254400
2018-08-20,523.0438232421875,537.0,549.0,521.0,541.0,117400
2018-08-21,504.53759765625,518.0,530.0,505.0,529.0,59700
2018-08-22,530.8358764648438,545.0,553.0,524.0,534.0,69300
2018-08-23,534.7319946289062,549.0,565.0,544.0,545.0,106400
2018-08-24,535.7058715820312,550.0,550.0,535.0,545.0,40700
2018-08-27,535.7058715820312,550.0,558.0,542.0,545.0,58300
2018-08-28,525.9658813476562,540.0,550.0,537.0,550.0,35000
2018-08-29,528.8878784179688,543.0,543.0,535.0,535.0,42300
2018-08-30,537.6539916992188,552.0,553.0,539.0,544.0,52600
2018-08-31,534.7319946289062,549.0,552.0,541.0,547.0,58700
2018-09-03,522.0697631835938,536.0,549.0,530.0,549.0,33500
2018-09-04,515.2517700195312,529.0,529.0,508.0,526.0,47900
2018-09-05,509.4076232910156,523.0,537.0,520.0,537.0,14500
2018-09-06,495.771484375,509.0,523.0,506.0,523.0,23900
2018-09-07,513.3036499023438,527.0,530.0,505.0,511.0,78900
2018-09-10,532.7838745117188,547.0,553.0,522.0,524.0,108000
2018-09-11,511.355712890625,525.0,555.0,522.0,550.0,76500
2018-09-12,518.1737060546875,532.0,534.0,512.0,526.0,39400
2018-09-13,511.355712890625,525.0,533.0,515.0,532.0,46100
2018-09-14,511.355712890625,525.0,525.0,517.0,517.0,17700
2018-09-17,511.355712890625,525.0,525.0,525.0,525.0,0
2018-09-18,505.5115966796875,519.0,525.0,517.0,525.0,7900
2018-09-19,508.43359375,522.0,524.0,518.0,520.0,13000
2018-09-20,538.6279907226562,553.0,622.0,521.0,525.0,868000
2018-09-21,530.8358764648438,545.0,568.0,534.0,550.0,187700
2018-09-24,530.8358764648438,545.0,545.0,545.0,545.0,0
2018-09-25,539.6019897460938,554.0,576.0,539.0,550.0,134800
2018-09-26,524.0177612304688,538.0,558.0,536.0,556.0,48100
2018-09-27,505.5115966796875,519.0,538.0,513.0,531.0,78700
2018-09-28,518.1737060546875,532.0,540.0,516.0,518.0,36900
2018-10-01,516.2257080078125,530.0,539.0,524.0,538.0,43300
2018-10-02,512.3297119140625,526.0,549.0,521.0,521.0,104000
2018-10-03,514.2777099609375,528.0,536.0,515.0,522.0,50500
2018-10-04,515.2517700195312,529.0,540.0,522.0,526.0,42300
2018-10-05,507.4596862792969,521.0,531.0,517.0,527.0,43300
2018-10-08,507.4596862792969,521.0,521.0,521.0,521.0,0
2018-10-09,495.771484375,509.0,516.0,503.0,516.0,49800
2018-10-10,504.53759765625,518.0,524.0,510.0,510.0,29200
2018-10-11,478.2392883300781,491.0,500.0,471.0,474.0,110800
2018-10-12,501.6155700683594,515.0,519.0,485.0,499.0,39700
2018-10-15,496.7455139160156,510.0,538.0,509.0,524.0,49200
2018-10-16,511.355712890625,525.0,527.0,516.0,517.0,20400
2018-10-17,516.2257080078125,530.0,535.0,522.0,535.0,17600
2018-10-18,500.64154052734375,514.0,531.0,510.0,530.0,68200
2018-10-19,499.6675415039063,513.0,518.0,510.0,514.0,10300
2018-10-22,501.6155700683594,515.0,519.0,508.0,513.0,30500
2018-10-23,494.7974853515625,508.0,512.0,499.0,512.0,40400
2018-10-24,480.1873168945313,493.0,512.0,477.0,512.0,52400
2018-10-25,448.0449523925781,460.0,480.0,458.0,480.0,45300
2018-10-26,423.6947021484375,435.0,468.0,413.0,462.0,60800
2018-10-29,383.76025390625,394.0,421.0,383.0,411.0,115300
2018-10-30,376.942138671875,387.0,410.0,378.0,410.0,100500
2018-10-31,395.4483642578125,406.0,406.0,381.0,397.0,61500
2018-11-01,395.4483642578125,406.0,430.0,406.0,418.0,48300
2018-11-02,394.474365234375,405.0,412.0,402.0,406.0,32200
2018-11-05,408.1105346679688,419.0,421.0,397.0,405.0,32200
2018-11-06,393.5003662109375,404.0,417.0,393.0,417.0,43600
2018-11-07,395.4483642578125,406.0,408.0,403.0,406.0,14100
2018-11-08,396.4223937988281,407.0,414.0,404.0,410.0,13700
2018-11-09,398.3703918457031,409.0,410.0,405.0,408.0,12100
2018-11-12,390.5783081054688,401.0,410.0,400.0,410.0,14500
2018-11-13,386.6822814941406,397.0,399.0,393.0,396.0,12300
2018-11-14,375.9681701660156,386.0,401.0,384.0,394.0,26000
2018-11-15,360.3840026855469,370.0,394.0,364.0,394.0,36700
2018-11-16,369.1500854492188,379.0,379.0,372.0,372.0,15800
2018-11-19,379.86419677734375,390.0,393.0,371.0,371.0,19600
2018-11-20,374.994140625,385.0,390.0,383.0,390.0,8000
2018-11-21,371.0981140136719,381.0,383.0,377.0,377.0,15800
2018-11-22,374.994140625,385.0,386.0,379.0,381.0,9900
2018-11-23,374.994140625,385.0,385.0,385.0,385.0,0
2018-11-26,376.942138671875,387.0,391.0,383.0,391.0,8000
2018-11-27,376.942138671875,387.0,390.0,379.0,387.0,8900
2018-11-28,374.994140625,385.0,388.0,383.0,385.0,2600
2018-11-29,372.0721435546875,382.0,385.0,378.0,378.0,8600
2018-11-30,372.0721435546875,382.0,386.0,380.0,383.0,9300
2018-12-03,374.0201721191406,384.0,388.0,382.0,382.0,5000
2018-12-04,374.0201721191406,384.0,385.0,381.0,385.0,5500
2018-12-05,368.1760864257813,378.0,381.0,373.0,376.0,4800
2018-12-06,364.280029296875,374.0,379.0,373.0,379.0,9900
2018-12-07,361.3579711914063,371.0,379.0,370.0,375.0,12900
2018-12-10,301.9433288574219,310.0,371.0,310.0,371.0,56000
2018-12-11,313.6314697265625,322.0,375.0,315.0,334.0,277600
2018-12-12,314.60546875,323.0,329.0,312.0,322.0,64400
2018-12-13,317.52752685546875,326.0,328.0,318.0,322.0,22000
2018-12-14,306.8133850097656,315.0,326.0,308.0,326.0,58300
2018-12-17,294.1512756347656,302.0,322.0,301.0,322.0,31000
2018-12-18,271.7490234375,279.0,300.0,279.0,300.0,52200
2018-12-19,267.8529357910156,275.0,285.0,265.0,285.0,64300
2018-12-20,230.840560913086,237.0,267.0,233.0,267.0,116100
2018-12-21,242.5286865234375,249.0,273.0,246.0,266.0,106600
2018-12-24,242.5286865234375,249.0,249.0,249.0,249.0,0
2018-12-25,205.51626586914065,211.0,228.0,207.0,209.0,116700
2018-12-26,224.02247619628903,230.0,251.0,225.0,251.0,64300
2018-12-27,237.6586303710937,244.0,248.0,232.0,247.0,57200
2018-12-28,238.6326446533203,245.0,247.0,236.0,236.0,17400
2018-12-31,238.6326446533203,245.0,245.0,245.0,245.0,0
2019-01-04,231.81455993652344,238.0,240.0,230.0,237.0,21700
2019-01-07,239.60665893554688,246.0,250.0,239.0,239.0,19700
2019-01-08,258.11285400390625,265.0,280.0,245.0,250.0,68600
2019-01-09,258.11285400390625,265.0,278.0,257.0,257.0,39200
2019-01-10,263.9569091796875,271.0,275.0,256.0,259.0,14400
2019-01-11,257.13885498046875,264.0,272.0,264.0,270.0,14500
2019-01-15,246.4247436523437,253.0,267.0,251.0,257.0,24300
2019-01-16,252.268798828125,259.0,264.0,259.0,262.0,8300
2019-01-17,252.268798828125,259.0,259.0,259.0,259.0,0
2019-01-18,263.9569091796875,271.0,271.0,261.0,261.0,10000
2019-01-21,313.6314697265625,322.0,347.0,277.0,277.0,599400
2019-01-22,294.1512756347656,302.0,321.0,294.0,306.0,156400
2019-01-23,282.463134765625,290.0,295.0,285.0,295.0,44400
2019-01-24,277.5930480957031,285.0,288.0,280.0,288.0,17200
2019-01-25,281.4891052246094,289.0,301.0,281.0,293.0,53200
2019-01-28,269.8009948730469,277.0,288.0,276.0,281.0,34800
2019-01-29,270.7749938964844,278.0,280.0,273.0,275.0,16400
2019-01-30,264.9309387207031,272.0,278.0,271.0,276.0,14900
2019-01-31,275.6450500488281,283.0,283.0,269.0,272.0,23000
2019-02-01,282.463134765625,290.0,290.0,274.0,284.0,16300
2019-02-04,277.5930480957031,285.0,286.0,278.0,284.0,16800
2019-02-05,289.2811889648437,297.0,324.0,281.0,290.0,176400
2019-02-06,286.3591613769531,294.0,305.0,287.0,301.0,32500
2019-02-07,278.5671081542969,286.0,300.0,282.0,300.0,21000
2019-02-08,276.6190795898437,284.0,289.0,273.0,284.0,35800
2019-02-12,286.3591613769531,294.0,305.0,289.0,300.0,41700
2019-02-13,282.463134765625,290.0,297.0,281.0,293.0,26000
2019-02-14,276.6190795898437,284.0,290.0,284.0,290.0,13900
2019-02-15,273.697021484375,281.0,290.0,278.0,285.0,15700
2019-02-18,275.6450500488281,283.0,283.0,274.0,281.0,23600
2019-02-19,273.697021484375,281.0,284.0,276.0,284.0,25600
2019-02-20,284.4111633300781,292.0,296.0,284.0,284.0,28400
2019-02-21,288.30718994140625,296.0,301.0,292.0,292.0,16900
2019-02-22,284.4111633300781,292.0,299.0,290.0,296.0,15500
2019-02-25,282.463134765625,290.0,292.0,290.0,292.0,5000
2019-02-26,280.5151062011719,288.0,290.0,284.0,290.0,6100
2019-02-27,277.5930480957031,285.0,292.0,285.0,285.0,7000
2019-02-28,281.4891052246094,289.0,289.0,285.0,285.0,3400
2019-03-01,280.5151062011719,288.0,292.0,286.0,286.0,2500
2019-03-04,268.8269958496094,276.0,292.0,271.0,292.0,52000
2019-03-05,266.87896728515625,274.0,279.0,274.0,277.0,12000
2019-03-06,270.7749938964844,278.0,280.0,274.0,278.0,8100
2019-03-07,287.33319091796875,295.0,305.0,274.0,278.0,180200
2019-03-08,278.5671081542969,286.0,289.0,280.0,287.0,23900
2019-03-11,282.463134765625,290.0,294.0,280.0,283.0,17900
2019-03-12,296.0992736816406,304.0,313.0,287.0,295.0,145400
2019-03-13,296.0992736816406,304.0,328.0,304.0,308.0,165400
2019-03-14,288.30718994140625,296.0,316.0,291.0,306.0,47200
2019-03-15,284.4111633300781,292.0,297.0,290.0,295.0,33300
2019-03-18,285.3851623535156,293.0,304.0,292.0,293.0,22700
2019-03-19,294.1512756347656,302.0,303.0,295.0,299.0,17700
2019-03-20,300.9693298339844,309.0,316.0,301.0,301.0,73700
2019-03-22,290.2552490234375,298.0,312.0,296.0,308.0,29800
2019-03-25,281.4891052246094,289.0,291.0,283.0,290.0,15200
2019-03-26,282.463134765625,290.0,294.0,286.0,292.0,7500
2019-03-27,290.2552490234375,298.0,311.0,294.0,308.0,35600
2019-03-28,285.3851623535156,293.0,296.0,288.0,295.0,15800
2019-03-29,299.9953308105469,308.0,315.0,291.0,291.0,112700
2019-04-01,298.0473022460937,306.0,315.0,298.0,310.0,66700
2019-04-02,298.0473022460937,306.0,311.0,302.0,306.0,15600
2019-04-03,299.02130126953125,307.0,313.0,299.0,302.0,20900
2019-04-04,297.07330322265625,305.0,307.0,304.0,304.0,12200
2019-04-05,291.2292175292969,299.0,308.0,299.0,305.0,13500
2019-04-08,291.2292175292969,299.0,307.0,296.0,307.0,12700
2019-04-09,290.2552490234375,298.0,299.0,295.0,299.0,5800
2019-04-11,290.2552490234375,298.0,302.0,297.0,299.0,5100
2019-04-12,289.2811889648437,297.0,301.0,297.0,297.0,2900
2019-04-15,296.0992736816406,304.0,306.0,301.0,302.0,8400
2019-04-16,301.9433288574219,310.0,318.0,300.0,304.0,121600
2019-04-17,349.6698608398437,359.0,384.0,316.0,317.0,1273600
2019-04-18,427.5907287597656,439.0,439.0,361.0,373.0,2271200
2019-04-19,505.5115966796875,519.0,519.0,425.0,471.0,2286700
2019-04-22,454.863037109375,467.0,543.0,449.0,529.0,3011700
2019-04-23,413.9545593261719,425.0,477.0,422.0,473.0,1004100
2019-04-24,491.8754577636719,505.0,505.0,434.0,436.0,3412700
2019-04-25,589.2765502929688,605.0,605.0,587.0,605.0,433300
2019-04-26,535.7058715820312,550.0,697.0,505.0,605.0,7840100
2019-05-07,633.1069946289062,650.0,650.0,650.0,650.0,62600
2019-05-08,730.5081176757812,750.0,750.0,685.0,715.0,1145500
2019-05-09,876.6097412109375,900.0,900.0,817.0,840.0,2292100
2019-05-10,1022.71142578125,1050.0,1050.0,1050.0,1050.0,66500
2019-05-13,1066.5418701171875,1095.0,1327.0,1050.0,1230.0,4156800
2019-05-14,824.9871215820312,847.0,1060.0,801.0,975.0,3215900
2019-05-15,911.6741333007812,936.0,987.0,847.0,847.0,2981600
2019-05-16,805.5068969726562,827.0,960.0,800.0,940.0,2069300
2019-05-17,735.378173828125,755.0,843.0,752.0,835.0,971700
2019-05-20,881.4797973632812,905.0,905.0,778.0,779.0,2946900
2019-05-21,862.9735717773438,886.0,1040.0,885.0,965.0,4673200
2019-05-22,799.662841796875,821.0,869.0,790.0,841.0,1567100
2019-05-23,743.1702270507812,763.0,840.0,758.0,810.0,731700
2019-05-24,736.3521728515625,756.0,827.0,716.0,763.0,1301600
2019-05-27,707.1318359375,726.0,750.0,721.0,741.0,386800
2019-05-28,724.6640625,744.0,806.0,715.0,721.0,1254500
2019-05-29,755.8323974609375,776.0,780.0,726.0,736.0,627400
2019-05-30,765.5724487304688,786.0,816.0,781.0,784.0,806700
2019-05-31,683.7555541992188,702.0,764.0,702.0,741.0,594800
2019-06-03,620.4448852539062,637.0,687.0,630.0,680.0,363300
2019-06-04,631.1589965820312,648.0,715.0,643.0,674.0,794100
2019-06-05,637.97705078125,655.0,672.0,644.0,669.0,287400
2019-06-06,603.8866577148438,620.0,655.0,616.0,653.0,282500
2019-06-07,609.730712890625,626.0,663.0,618.0,638.0,369000
2019-06-10,618.496826171875,635.0,642.0,615.0,619.0,229400
2019-06-11,596.0946044921875,612.0,637.0,611.0,625.0,218000
2019-06-12,603.8866577148438,620.0,650.0,604.0,612.0,396900
2019-06-13,597.0686645507812,613.0,619.0,605.0,612.0,107200
2019-06-14,608.7567749023438,625.0,638.0,615.0,615.0,189400
2019-06-17,593.172607421875,609.0,624.0,604.0,615.0,167900
2019-06-18,559.0821533203125,574.0,613.0,569.0,612.0,279600
2019-06-19,570.7703247070312,586.0,594.0,574.0,575.0,178700
2019-06-20,668.17138671875,686.0,686.0,583.0,584.0,1016200
2019-06-21,735.378173828125,755.0,786.0,724.0,750.0,4051400
2019-06-24,881.4797973632812,905.0,905.0,760.0,760.0,4236800
2019-06-25,794.7927856445312,816.0,1038.0,815.0,875.0,6653500
2019-06-26,778.234619140625,799.0,909.0,750.0,801.0,3097000
2019-06-27,759.7283935546875,780.0,860.0,765.0,825.0,1125000
2019-06-28,789.9227905273438,811.0,845.0,782.0,795.0,1526000
2019-07-01,801.6109008789062,823.0,876.0,804.0,850.0,846400
2019-07-02,775.3126220703125,796.0,825.0,790.0,814.0,310500
2019-07-03,734.4041137695312,754.0,798.0,736.0,798.0,550100
2019-07-04,728.56005859375,748.0,761.0,739.0,760.0,248700
2019-07-05,702.2618408203125,721.0,739.0,716.0,737.0,247600
2019-07-08,696.417724609375,715.0,738.0,708.0,722.0,172900
2019-07-09,765.5724487304688,786.0,801.0,710.0,718.0,1254800
2019-07-10,749.98828125,770.0,820.0,753.0,773.0,729600
2019-07-11,728.56005859375,748.0,783.0,745.0,767.0,188200
2019-07-12,726.6119995117188,746.0,764.0,741.0,750.0,126000
2019-07-16,691.547607421875,710.0,749.0,703.0,741.0,153100
2019-07-17,732.4561157226562,752.0,796.0,707.0,710.0,719200
2019-07-18,713.949951171875,733.0,760.0,722.0,736.0,145300
2019-07-19,721.7420654296875,741.0,746.0,728.0,733.0,74700
2019-07-22,702.2618408203125,721.0,734.0,715.0,726.0,68300
2019-07-23,708.1058959960938,727.0,736.0,720.0,725.0,74800
2019-07-24,720.7680053710938,740.0,758.0,733.0,733.0,137500
2019-07-25,751.9363403320312,772.0,797.0,749.0,752.0,444000
2019-07-26,736.3521728515625,756.0,772.0,748.0,753.0,152500
2019-07-29,882.4537353515625,906.0,906.0,863.0,904.0,2423600
2019-07-30,801.6109008789062,823.0,933.0,823.0,890.0,2529800
2019-07-31,825.961181640625,848.0,861.0,815.0,834.0,886000
2019-08-01,785.0526733398438,806.0,855.0,806.0,834.0,420300
2019-08-02,764.5985107421875,785.0,820.0,762.0,802.0,378600
2019-08-05,721.7420654296875,741.0,788.0,731.0,784.0,257600
2019-08-06,722.7159423828125,742.0,768.0,703.0,715.0,330400
2019-08-07,725.6380615234375,745.0,763.0,726.0,728.0,168500
2019-08-08,730.5081176757812,750.0,759.0,747.0,747.0,120000
2019-08-09,742.1962280273438,762.0,777.0,759.0,760.0,138700
2019-08-13,772.3905639648438,793.0,793.0,747.0,747.0,116300
2019-08-14,805.5068969726562,827.0,834.0,804.0,805.0,253200
2019-08-15,881.4797973632812,905.0,910.0,804.0,820.0,1290000
2019-08-16,905.8300170898438,930.0,972.0,837.0,935.0,1512300
2019-08-19,763.6244506835938,784.0,842.0,780.0,825.0,1272000
2019-08-20,729.5341186523438,749.0,785.0,741.0,769.0,596900
2019-08-21,730.5081176757812,750.0,782.0,741.0,764.0,418200
2019-08-22,714.9238891601562,734.0,752.0,730.0,744.0,233200
2019-08-23,721.7420654296875,741.0,754.0,721.0,730.0,199700
2019-08-26,703.2357788085938,722.0,748.0,721.0,722.0,134700
2019-08-27,703.2357788085938,722.0,739.0,722.0,737.0,101400
2019-08-28,684.7296142578125,703.0,724.0,703.0,723.0,107700
2019-08-29,640.8990478515625,658.0,700.0,630.0,700.0,310500
2019-08-30,664.2753295898438,682.0,688.0,669.0,688.0,107700
2019-09-02,687.651611328125,706.0,711.0,683.0,710.0,96100
2019-09-03,684.7296142578125,703.0,714.0,699.0,701.0,61500
2019-09-04,683.7555541992188,702.0,711.0,693.0,707.0,54300
2019-09-05,712.9758911132812,732.0,732.0,702.0,711.0,132100
2019-09-06,698.3657836914062,717.0,748.0,713.0,740.0,123500
2019-09-09,694.4697265625,713.0,724.0,712.0,713.0,38900
2019-09-10,689.5996704101562,708.0,720.0,708.0,720.0,32700
2019-09-11,698.3657836914062,717.0,721.0,708.0,714.0,71100
2019-09-12,692.5216674804688,711.0,729.0,710.0,729.0,48800
2019-09-13,676.9375,695.0,711.0,692.0,709.0,76800
2019-09-17,681.8075561523438,700.0,702.0,690.0,691.0,50100
2019-09-18,661.3533325195312,679.0,700.0,674.0,685.0,77600
2019-09-19,660.3792724609375,678.0,684.0,672.0,684.0,55900
2019-09-20,662.327392578125,680.0,687.0,673.0,678.0,50500
2019-09-24,669.1453857421875,687.0,695.0,679.0,679.0,45700
2019-09-25,659.4053344726562,677.0,687.0,672.0,687.0,39500
2019-09-26,654.5352172851562,672.0,682.0,671.0,675.0,38500
2019-09-27,647.7172241210938,665.0,673.0,664.0,669.0,27000
2019-09-30,626.2888793945312,643.0,666.0,640.0,661.0,66800
2019-10-01,603.8866577148438,620.0,641.0,601.0,640.0,137600
2019-10-02,661.3533325195312,679.0,679.0,603.0,611.0,202600
2019-10-03,641.8731079101562,659.0,703.0,645.0,662.0,193400
2019-10-04,618.496826171875,635.0,659.0,635.0,659.0,60100
2019-10-07,633.1069946289062,650.0,660.0,627.0,650.0,65800
2019-10-08,623.3668823242188,640.0,653.0,632.0,650.0,36200
2019-10-09,606.8087158203125,623.0,641.0,618.0,635.0,51400
2019-10-10,605.834716796875,622.0,629.0,618.0,625.0,29000
2019-10-11,608.7567749023438,625.0,640.0,620.0,620.0,35600
2019-10-15,605.834716796875,622.0,640.0,620.0,635.0,47200
2019-10-16,608.7567749023438,625.0,628.0,621.0,625.0,19200
2019-10-17,613.6267700195312,630.0,633.0,618.0,618.0,58800
2019-10-18,607.7827758789062,624.0,630.0,621.0,630.0,26200
2019-10-21,628.2369995117188,645.0,650.0,626.0,627.0,82500
2019-10-23,642.84716796875,660.0,660.0,635.0,641.0,53800
2019-10-24,643.8211669921875,661.0,669.0,650.0,667.0,62500
2019-10-25,656.4832763671875,674.0,674.0,651.0,660.0,128800
2019-10-28,625.31494140625,642.0,690.0,638.0,678.0,160200
2019-10-29,613.6267700195312,630.0,643.0,623.0,643.0,60100
2019-10-30,603.8866577148438,620.0,628.0,616.0,623.0,57700
2019-10-31,613.6267700195312,630.0,633.0,620.0,622.0,40000
2019-11-01,601.9386596679688,618.0,622.0,612.0,621.0,51300
2019-11-05,600.9646606445312,617.0,635.0,612.0,618.0,51000
2019-11-06,600.9646606445312,617.0,632.0,616.0,616.0,42200
2019-11-07,602.9127197265625,619.0,626.0,617.0,623.0,22000
2019-11-08,606.8087158203125,623.0,625.0,617.0,617.0,30800
2019-11-11,609.730712890625,626.0,634.0,622.0,623.0,32800
2019-11-12,609.730712890625,626.0,640.0,625.0,631.0,55400
2019-11-13,611.6788330078125,628.0,635.0,618.0,620.0,39400
2019-11-14,621.4188842773438,638.0,685.0,624.0,624.0,352800
2019-11-15,615.5748291015625,632.0,635.0,621.0,628.0,41000
2019-11-18,621.4188842773438,638.0,642.0,631.0,642.0,25500
2019-11-19,617.5228271484375,634.0,649.0,630.0,638.0,46800
2019-11-20,613.6267700195312,630.0,639.0,629.0,639.0,21000
2019-11-21,608.7567749023438,625.0,628.0,621.0,628.0,17800
2019-11-22,618.496826171875,635.0,635.0,624.0,625.0,18200
2019-11-25,620.4448852539062,637.0,642.0,632.0,632.0,18200
2019-11-26,615.5748291015625,632.0,640.0,630.0,633.0,15800
2019-11-27,618.496826171875,635.0,638.0,628.0,633.0,19700
2019-11-28,618.496826171875,635.0,638.0,630.0,635.0,21900
2019-11-29,633.1069946289062,650.0,650.0,632.0,635.0,71100
2019-12-02,630.1849975585938,647.0,671.0,646.0,650.0,65300
2019-12-03,635.0550537109375,652.0,652.0,637.0,637.0,26600
2019-12-04,664.2753295898438,682.0,724.0,662.0,662.0,624800
2019-12-05,650.6392211914062,668.0,698.0,660.0,689.0,102400
2019-12-06,659.4053344726562,677.0,683.0,660.0,675.0,82500
2019-12-09,664.2753295898438,682.0,694.0,675.0,690.0,72500
2019-12-10,655.50927734375,673.0,685.0,666.0,685.0,43200
2019-12-11,656.4832763671875,674.0,680.0,667.0,678.0,24100
2019-12-12,654.5352172851562,672.0,695.0,671.0,677.0,81600
2019-12-13,660.3792724609375,678.0,681.0,662.0,681.0,36100
2019-12-16,649.6651611328125,667.0,683.0,662.0,671.0,29200
2019-12-17,657.457275390625,675.0,677.0,666.0,676.0,40600
2019-12-18,665.2493896484375,683.0,683.0,670.0,675.0,39600
2019-12-19,665.2493896484375,683.0,696.0,678.0,686.0,78600
2019-12-20,665.2493896484375,683.0,692.0,680.0,684.0,45300
2019-12-23,645.7691650390625,663.0,692.0,663.0,692.0,54900
2019-12-24,637.0030517578125,654.0,669.0,652.0,664.0,57300
2019-12-25,620.4448852539062,637.0,651.0,635.0,644.0,65700
2019-12-26,623.3668823242188,640.0,648.0,635.0,635.0,35800
2019-12-27,640.8990478515625,658.0,659.0,637.0,639.0,36400
2019-12-30,628.2369995117188,645.0,657.0,641.0,657.0,32000
2020-01-06,637.0030517578125,654.0,659.0,645.0,650.0,40400
2020-01-07,652.5872192382812,670.0,670.0,658.0,658.0,34500
2020-01-08,635.0550537109375,652.0,675.0,645.0,675.0,56900
2020-01-09,637.97705078125,655.0,661.0,652.0,654.0,27300
2020-01-10,643.8211669921875,661.0,740.0,655.0,655.0,758900
2020-01-14,661.3533325195312,679.0,685.0,661.0,663.0,125900
2020-01-15,661.3533325195312,679.0,689.0,667.0,689.0,71900
2020-01-16,670.1194458007812,688.0,710.0,682.0,689.0,159800
2020-01-17,661.3533325195312,679.0,687.0,676.0,682.0,46100
2020-01-20,658.4312744140625,676.0,683.0,667.0,673.0,34300
2020-01-21,673.0414428710938,691.0,700.0,673.0,673.0,91100
2020-01-22,670.1194458007812,688.0,712.0,682.0,697.0,121200
2020-01-23,651.6132202148438,669.0,681.0,666.0,680.0,74100
2020-01-24,641.8731079101562,659.0,673.0,654.0,665.0,48000
2020-01-27,620.4448852539062,637.0,656.0,635.0,652.0,80000
2020-01-28,611.6788330078125,628.0,632.0,615.0,620.0,67900
2020-01-29,597.0686645507812,613.0,630.0,611.0,626.0,53700
2020-01-30,608.7567749023438,625.0,663.0,610.0,615.0,368800
2020-01-31,603.8866577148438,620.0,634.0,614.0,616.0,88400
2020-02-03,507.4596862792969,521.0,535.0,520.0,530.0,358000
2020-02-04,485.057373046875,498.0,528.0,491.0,528.0,194200
2020-02-05,487.0054016113281,500.0,511.0,495.0,511.0,83000
2020-02-06,485.057373046875,498.0,510.0,496.0,510.0,47700
2020-02-07,472.3952331542969,485.0,499.0,484.0,499.0,62900
2020-02-10,476.291259765625,489.0,493.0,478.0,485.0,39900
2020-02-12,477.2652893066406,490.0,492.0,482.0,491.0,30600
2020-02-13,471.4212341308594,484.0,489.0,483.0,484.0,43900
2020-02-14,460.70709228515625,473.0,480.0,468.0,479.0,56400
2020-02-17,447.0709533691406,459.0,469.0,455.0,468.0,42600
2020-02-18,433.434814453125,445.0,462.0,441.0,456.0,55600
2020-02-19,448.0449523925781,460.0,468.0,442.0,442.0,64400
2020-02-20,443.1748962402344,455.0,470.0,455.0,459.0,34800
2020-02-21,445.1229248046875,457.0,463.0,448.0,448.0,47700
2020-02-25,409.0845336914063,420.0,435.0,420.0,425.0,50300
2020-02-26,399.3444519042969,410.0,428.0,398.0,428.0,56500
2020-02-27,377.9161987304688,388.0,417.0,388.0,404.0,60100
2020-02-28,341.8777770996094,351.0,380.0,345.0,348.0,144000
2020-03-02,382.7862243652344,393.0,424.0,358.0,367.0,109100
2020-03-03,377.9161987304688,388.0,405.0,388.0,394.0,81100
2020-03-04,388.6302795410156,399.0,402.0,378.0,378.0,26600
2020-03-05,387.65631103515625,398.0,409.0,398.0,407.0,21200
2020-03-06,364.280029296875,374.0,394.0,371.0,394.0,47500
2020-03-09,305.83941650390625,314.0,355.0,314.0,345.0,93600
2020-03-10,328.2416381835937,337.0,345.0,280.0,306.0,110700
2020-03-11,318.50152587890625,327.0,345.0,326.0,333.0,67300
2020-03-12,301.9433288574219,310.0,338.0,303.0,320.0,51100
2020-03-13,262.9829406738281,270.0,283.0,260.0,270.0,166100
2020-03-16,262.9829406738281,270.0,294.0,259.0,294.0,75000
2020-03-17,278.5671081542969,286.0,289.0,250.0,254.0,82500
2020-03-18,268.8269958496094,276.0,301.0,276.0,295.0,45500
2020-03-19,274.6710510253906,282.0,287.0,260.0,287.0,72600
2020-03-23,352.5919189453125,362.0,362.0,274.0,286.0,181200
2020-03-24,392.5263366699219,403.0,442.0,370.0,370.0,978600
2020-03-25,385.7082824707031,396.0,408.0,383.0,395.0,246200
2020-03-26,388.6302795410156,399.0,464.0,374.0,374.0,917000
2020-03-27,421.7466735839844,433.0,439.0,402.0,439.0,236100
2020-03-30,408.1105346679688,419.0,444.0,411.0,420.0,97500
2020-03-31,376.942138671875,387.0,420.0,387.0,415.0,78100
2020-04-01,359.40997314453125,369.0,391.0,358.0,387.0,54300
2020-04-02,327.2676086425781,336.0,377.0,333.0,361.0,88400
2020-04-03,300.9693298339844,309.0,391.0,304.0,387.0,70000
2020-04-06,325.3196105957031,334.0,360.0,289.0,296.0,182800
2020-04-07,327.2676086425781,336.0,343.0,321.0,329.0,55300
2020-04-08,355.5139465332031,365.0,367.0,329.0,343.0,63500
2020-04-09,370.12408447265625,380.0,435.0,372.0,389.0,419400
2020-04-10,370.12408447265625,380.0,390.0,371.0,380.0,42900
2020-04-13,371.0981140136719,381.0,385.0,372.0,384.0,18000
2020-04-14,384.7342529296875,395.0,399.0,372.0,387.0,60000
2020-04-15,380.8382263183594,391.0,397.0,380.0,391.0,50200
2020-04-16,379.86419677734375,390.0,399.0,384.0,391.0,39100
2020-04-17,379.86419677734375,390.0,396.0,380.0,389.0,35500
2020-04-20,392.5263366699219,403.0,410.0,384.0,384.0,66100
2020-04-21,376.942138671875,387.0,402.0,387.0,401.0,19100
2020-04-22,369.1500854492188,379.0,398.0,376.0,386.0,27500
2020-04-23,380.8382263183594,391.0,395.0,385.0,385.0,22100
2020-04-24,391.5523376464844,402.0,405.0,394.0,394.0,60600
2020-04-27,469.4732055664063,482.0,482.0,466.0,482.0,411500
2020-04-28,547.39404296875,562.0,562.0,522.0,536.0,893100
2020-04-30,505.5115966796875,519.0,580.0,506.0,557.0,961300
2020-05-01,484.0833435058594,497.0,556.0,483.0,535.0,468700
2020-05-07,481.1613464355469,494.0,526.0,494.0,512.0,191600
2020-05-08,471.4212341308594,484.0,511.0,482.0,510.0,154300
2020-05-11,491.8754577636719,505.0,505.0,491.0,499.0,90000
2020-05-12,481.1613464355469,494.0,504.0,485.0,499.0,68800
2020-05-13,467.5252075195313,480.0,484.0,463.0,482.0,98700
2020-05-14,449.01898193359375,461.0,487.0,461.0,472.0,76100
2020-05-15,452.9150085449219,465.0,471.0,456.0,458.0,49600
2020-05-18,458.7590942382813,471.0,474.0,458.0,473.0,32900
2020-05-19,460.70709228515625,473.0,479.0,467.0,473.0,34000
2020-05-20,474.34326171875,487.0,495.0,470.0,474.0,94300
2020-05-21,467.5252075195313,480.0,490.0,471.0,490.0,52500
2020-05-22,469.4732055664063,482.0,486.0,474.0,480.0,28800
2020-05-25,485.057373046875,498.0,506.0,485.0,485.0,71900
2020-05-26,478.2392883300781,491.0,504.0,489.0,495.0,42000
2020-05-27,480.1873168945313,493.0,499.0,487.0,491.0,38600
2020-05-28,486.0314025878906,499.0,502.0,487.0,492.0,51500
2020-05-29,519.1477661132812,533.0,579.0,488.0,501.0,944000
2020-06-01,510.3816528320313,524.0,545.0,511.0,523.0,133900
2020-06-02,504.53759765625,518.0,525.0,518.0,522.0,42400
2020-06-03,490.90142822265625,504.0,525.0,498.0,525.0,74100
2020-06-04,484.0833435058594,497.0,512.0,494.0,512.0,48400
2020-06-05,495.771484375,509.0,510.0,491.0,498.0,46400
2020-06-08,490.90142822265625,504.0,515.0,503.0,515.0,29100
2020-06-09,495.771484375,509.0,514.0,497.0,503.0,66900
2020-06-10,497.719482421875,511.0,511.0,503.0,509.0,26200
2020-06-11,485.057373046875,498.0,509.0,495.0,509.0,44900
2020-06-12,465.5771789550781,478.0,482.0,469.0,474.0,55800
2020-06-15,445.1229248046875,457.0,486.0,451.0,486.0,56100
2020-06-16,462.6551208496094,475.0,479.0,460.0,465.0,35100
2020-06-17,480.1873168945313,493.0,493.0,477.0,484.0,30300
2020-06-18,477.2652893066406,490.0,496.0,483.0,489.0,20800
2020-06-19,480.1873168945313,493.0,493.0,485.0,491.0,28200
2020-06-22,487.0054016113281,500.0,510.0,485.0,485.0,50600
2020-06-23,488.9534301757813,502.0,510.0,492.0,502.0,22800
2020-06-24,487.9794006347656,501.0,503.0,498.0,500.0,12400
2020-06-25,477.2652893066406,490.0,496.0,486.0,493.0,16700
2020-06-26,474.34326171875,487.0,494.0,484.0,489.0,20900
2020-06-29,464.5021057128906,472.0,491.0,462.0,491.0,23200
2020-06-30,466.4703369140625,474.0,478.0,467.0,475.0,12200
2020-07-01,456.6292114257813,464.0,481.0,452.0,481.0,20500
2020-07-02,445.803955078125,453.0,469.0,445.0,467.0,40300
2020-07-03,440.8833618164063,448.0,459.0,441.0,453.0,21800
2020-07-06,455.6450805664063,463.0,463.0,445.0,451.0,11900
2020-07-07,457.6133117675781,465.0,467.0,457.0,465.0,19700
2020-07-08,462.5338745117188,470.0,471.0,462.0,464.0,20000
2020-07-09,450.7245178222656,458.0,474.0,456.0,474.0,16700
2020-07-10,434.9786987304688,442.0,456.0,441.0,453.0,13200
2020-07-13,444.81982421875,452.0,455.0,446.0,448.0,10800
2020-07-14,453.6768493652344,461.0,474.0,447.0,455.0,21800
2020-07-15,454.6609802246094,462.0,469.0,461.0,463.0,4100
2020-07-16,448.7563171386719,456.0,465.0,455.0,465.0,8100
2020-07-17,439.8992614746094,447.0,458.0,443.0,449.0,22300
2020-07-20,435.9627990722656,443.0,451.0,441.0,448.0,7300
2020-07-21,463.51800537109375,471.0,471.0,443.0,443.0,14700
2020-07-22,485.1685485839844,493.0,493.0,463.0,466.0,38700
2020-07-27,474.34326171875,482.0,486.0,476.0,484.0,19300
2020-07-28,463.51800537109375,471.0,480.0,469.0,476.0,16500
2020-07-29,449.7404174804688,457.0,471.0,450.0,471.0,18200
2020-07-30,444.81982421875,452.0,461.0,451.0,457.0,10600
2020-07-31,419.23284912109375,426.0,456.0,425.0,450.0,43200
2020-08-03,463.51800537109375,471.0,506.0,453.0,466.0,291400
2020-08-04,450.7245178222656,458.0,475.0,450.0,471.0,52200
2020-08-05,458.5974426269531,466.0,467.0,457.0,460.0,23800
2020-08-06,449.7404174804688,457.0,474.0,457.0,467.0,19900
2020-08-07,452.6927490234375,460.0,465.0,459.0,459.0,6000
2020-08-11,463.51800537109375,471.0,473.0,460.0,460.0,26700
2020-08-12,477.2956237792969,485.0,487.0,468.0,472.0,32600
2020-08-13,485.1685485839844,493.0,495.0,480.0,485.0,41700
2020-08-14,500.9143676757813,509.0,513.0,493.0,495.0,87400
2020-08-17,467.4544677734375,475.0,479.0,465.0,478.0,63300
2020-08-18,463.51800537109375,471.0,476.0,467.0,471.0,23400
2020-08-19,458.5974426269531,466.0,473.0,463.0,471.0,33700
2020-08-20,447.7721862792969,455.0,469.0,453.0,466.0,36000
2020-08-21,438.9151306152344,446.0,458.0,444.0,456.0,32200
2020-08-24,460.565673828125,468.0,477.0,447.0,449.0,58100
2020-08-25,450.7245178222656,458.0,472.0,458.0,468.0,29300
2020-08-26,452.6927490234375,460.0,462.0,457.0,457.0,9100
2020-08-27,440.8833618164063,448.0,464.0,448.0,457.0,18600
2020-08-28,436.9469299316406,444.0,455.0,442.0,452.0,27600
2020-08-31,441.8674926757813,449.0,457.0,445.0,445.0,9900
2020-09-01,448.7563171386719,456.0,457.0,451.0,455.0,8300
2020-09-02,450.7245178222656,458.0,458.0,451.0,451.0,6800
2020-09-03,448.7563171386719,456.0,461.0,453.0,460.0,16900
2020-09-04,452.6927490234375,460.0,460.0,450.0,451.0,17100
2020-09-07,452.6927490234375,460.0,461.0,454.0,460.0,8600
2020-09-08,450.7245178222656,458.0,461.0,452.0,461.0,14900
2020-09-09,448.7563171386719,456.0,462.0,454.0,458.0,13100
2020-09-10,444.81982421875,452.0,463.0,452.0,456.0,12300
2020-09-11,445.803955078125,453.0,454.0,450.0,451.0,12300
2020-09-14,446.7880554199219,454.0,455.0,450.0,451.0,8700
2020-09-15,452.6927490234375,460.0,461.0,452.0,455.0,14600
2020-09-16,453.6768493652344,461.0,465.0,458.0,465.0,6700
2020-09-17,454.6609802246094,462.0,464.0,458.0,460.0,8400
2020-09-18,455.6450805664063,463.0,465.0,458.0,462.0,17800
2020-09-23,454.6609802246094,462.0,463.0,455.0,463.0,13900
2020-09-24,447.7721862792969,455.0,461.0,453.0,461.0,13000
2020-09-25,451.7086181640625,459.0,459.0,453.0,456.0,16800
2020-09-28,451.7086181640625,459.0,459.0,454.0,458.0,13500
2020-09-29,454.6609802246094,462.0,462.0,456.0,459.0,8900
2020-09-30,450.7245178222656,458.0,464.0,452.0,464.0,23900
2020-10-02,455.6450805664063,463.0,475.0,456.0,458.0,50100
2020-10-05,472.37506103515625,480.0,488.0,465.0,467.0,71200
2020-10-06,479.2638549804688,487.0,488.0,470.0,484.0,41500
2020-10-07,477.2956237792969,485.0,488.0,482.0,487.0,14700
2020-10-08,465.4862365722656,473.0,488.0,473.0,488.0,23900
2020-10-09,461.5498046875,469.0,475.0,455.0,475.0,30200
2020-10-12,468.4385986328125,476.0,476.0,471.0,475.0,12200
2020-10-13,470.4068298339844,478.0,485.0,470.0,476.0,18400
2020-10-14,471.3909301757813,479.0,485.0,478.0,479.0,18300
2020-10-15,474.34326171875,482.0,484.0,466.0,481.0,24000
2020-10-16,465.4862365722656,473.0,481.0,465.0,475.0,14800
2020-10-19,457.6133117675781,465.0,471.0,452.0,467.0,23900
2020-10-20,466.4703369140625,474.0,478.0,465.0,465.0,20300
2020-10-21,472.37506103515625,480.0,485.0,470.0,473.0,31100
2020-10-22,472.37506103515625,480.0,481.0,471.0,480.0,17400
2020-10-23,466.4703369140625,474.0,480.0,463.0,472.0,33700
2020-10-26,465.4862365722656,473.0,478.0,469.0,472.0,16900
2020-10-27,466.4703369140625,474.0,475.0,462.0,464.0,17800
2020-10-28,462.5338745117188,470.0,477.0,462.0,466.0,18000
2020-10-29,435.9627990722656,443.0,467.0,426.0,455.0,106600
2020-10-30,438.9151306152344,446.0,453.0,440.0,441.0,20600
2020-11-02,438.9151306152344,446.0,458.0,429.0,454.0,41900
2020-11-04,448.7563171386719,456.0,457.0,447.0,447.0,22800
2020-11-05,454.6609802246094,462.0,462.0,455.0,459.0,18500
2020-11-06,460.565673828125,468.0,471.0,458.0,465.0,25800
2020-11-09,464.5021057128906,472.0,478.0,461.0,478.0,30300
2020-11-10,450.7245178222656,458.0,475.0,457.0,473.0,21200
2020-11-11,448.7563171386719,456.0,466.0,456.0,466.0,10800
2020-11-12,445.803955078125,453.0,458.0,451.0,456.0,8800
2020-11-13,446.7880554199219,454.0,458.0,448.0,452.0,17400
2020-11-16,455.6450805664063,463.0,463.0,450.0,452.0,16700
2020-11-17,465.4862365722656,473.0,481.0,460.0,462.0,41000
2020-11-18,453.6768493652344,461.0,471.0,460.0,468.0,15800
2020-11-19,454.6609802246094,462.0,465.0,458.0,461.0,8100
2020-11-20,452.6927490234375,460.0,468.0,459.0,462.0,11200
2020-11-24,452.6927490234375,460.0,466.0,456.0,466.0,15000
2020-11-25,438.9151306152344,446.0,465.0,440.0,462.0,43100
2020-11-26,436.9469299316406,444.0,450.0,440.0,450.0,18800
2020-11-27,437.9309997558594,445.0,450.0,442.0,442.0,11100
2020-11-30,430.05810546875,437.0,446.0,437.0,446.0,12200
2020-12-01,428.0898742675781,435.0,442.0,435.0,436.0,13700
2020-12-02,429.073974609375,436.0,440.0,435.0,435.0,5600
2020-12-03,425.1375427246094,432.0,436.0,432.0,435.0,8000
2020-12-04,423.1693115234375,430.0,434.0,429.0,431.0,8600
2020-12-07,416.2804870605469,423.0,428.0,423.0,428.0,14300
2020-12-08,420.2169799804688,427.0,430.0,420.0,421.0,6100
2020-12-09,421.2010803222656,428.0,429.0,425.0,429.0,4900
2020-12-10,422.1852111816406,429.0,430.0,427.0,428.0,6900
2020-12-11,420.2169799804688,427.0,428.0,421.0,426.0,10700
2020-12-14,432.0263366699219,439.0,443.0,428.0,430.0,12600
2020-12-15,440.8833618164063,448.0,450.0,440.0,440.0,19400
2020-12-16,442.8515930175781,450.0,455.0,448.0,455.0,21600
2020-12-17,440.8833618164063,448.0,460.0,448.0,450.0,26300
2020-12-18,442.8515930175781,450.0,455.0,448.0,449.0,6700
2020-12-21,433.0104675292969,440.0,453.0,434.0,450.0,18200
2020-12-22,403.4869995117188,410.0,438.0,409.0,435.0,40000
2020-12-23,404.47113037109375,411.0,420.0,410.0,411.0,18800
2020-12-24,401.518798828125,408.0,416.0,404.0,412.0,32200
2020-12-25,394.6299743652344,401.0,408.0,396.0,405.0,29800
2020-12-28,395.6141052246094,402.0,408.0,397.0,399.0,27700
2020-12-29,404.47113037109375,411.0,417.0,404.0,407.0,6800
2020-12-30,400.53466796875,407.0,415.0,407.0,415.0,13200
2021-01-04,397.5823364257813,404.0,408.0,401.0,407.0,7700
2021-01-05,396.5982055664063,403.0,405.0,401.0,401.0,2900
2021-01-06,397.5823364257813,404.0,408.0,402.0,405.0,12700
2021-01-07,407.4234619140625,414.0,418.0,405.0,405.0,17600
2021-01-08,405.4552307128906,412.0,418.0,411.0,416.0,6600
2021-01-12,416.2804870605469,423.0,429.0,415.0,418.0,26700
2021-01-13,428.0898742675781,435.0,437.0,427.0,430.0,22000
2021-01-14,421.2010803222656,428.0,438.0,424.0,437.0,25200
2021-01-15,421.2010803222656,428.0,430.0,427.0,430.0,6900
2021-01-18,414.312255859375,421.0,427.0,418.0,427.0,5800
2021-01-19,417.2646179199219,424.0,428.0,420.0,427.0,7800
2021-01-20,426.1216430664063,433.0,433.0,424.0,426.0,11400
2021-01-21,427.1057434082031,434.0,437.0,431.0,437.0,10300
2021-01-22,424.1534423828125,431.0,436.0,431.0,433.0,9200
2021-01-25,420.2169799804688,427.0,432.0,425.0,430.0,8300
2021-01-26,420.2169799804688,427.0,430.0,427.0,429.0,7000
2021-01-27,421.2010803222656,428.0,432.0,428.0,430.0,3000
2021-01-28,425.1375427246094,432.0,432.0,421.0,424.0,14200
2021-01-29,422.1852111816406,429.0,434.0,423.0,434.0,10700
2021-02-01,442.8515930175781,450.0,479.0,443.0,461.0,146600
2021-02-02,442.8515930175781,450.0,450.0,440.0,447.0,31500
2021-02-03,441.8674926757813,449.0,450.0,446.0,450.0,9600
2021-02-04,444.81982421875,452.0,460.0,447.0,450.0,24800
2021-02-05,443.8357238769531,451.0,457.0,450.0,453.0,9100
2021-02-08,445.803955078125,453.0,460.0,452.0,456.0,17500
2021-02-09,447.7721862792969,455.0,459.0,452.0,457.0,9800
2021-02-10,453.6768493652344,461.0,463.0,456.0,456.0,15800
2021-02-12,455.6450805664063,463.0,465.0,459.0,461.0,17200
2021-02-15,451.7086181640625,459.0,463.0,452.0,463.0,13600
2021-02-16,443.8357238769531,451.0,458.0,451.0,456.0,18700
2021-02-17,450.7245178222656,458.0,459.0,448.0,450.0,13200
2021-02-18,445.803955078125,453.0,458.0,451.0,458.0,8800
2021-02-19,433.99456787109375,441.0,454.0,436.0,454.0,17300
2021-02-22,441.8674926757813,449.0,451.0,441.0,445.0,10800
2021-02-24,444.81982421875,452.0,453.0,448.0,453.0,4800
2021-02-25,444.81982421875,452.0,458.0,450.0,451.0,7900
2021-02-26,438.9151306152344,446.0,452.0,446.0,452.0,10200
2021-03-01,440.8833618164063,448.0,450.0,448.0,448.0,4400
2021-03-02,438.9151306152344,446.0,453.0,445.0,453.0,2300
2021-03-03,434.9786987304688,442.0,447.0,442.0,447.0,7000
2021-03-04,425.1375427246094,432.0,445.0,430.0,445.0,13600
2021-03-05,434.9786987304688,442.0,442.0,427.0,432.0,7400
2021-03-08,428.0898742675781,435.0,440.0,435.0,439.0,7800
2021-03-09,430.05810546875,437.0,443.0,428.0,443.0,19200
2021-03-10,433.99456787109375,441.0,442.0,435.0,439.0,5600
2021-03-11,447.7721862792969,455.0,470.0,437.0,437.0,70600
2021-03-12,442.8515930175781,450.0,455.0,449.0,449.0,3900
2021-03-15,438.9151306152344,446.0,451.0,446.0,446.0,6800
2021-03-16,455.6450805664063,463.0,464.0,452.0,452.0,25300
2021-03-17,459.5815734863281,467.0,477.0,460.0,465.0,51700
2021-03-18,459.5815734863281,467.0,475.0,467.0,475.0,11900
2021-03-19,467.4544677734375,475.0,475.0,469.0,472.0,12000
2021-03-22,470.4068298339844,478.0,484.0,477.0,479.0,16000
2021-03-23,458.5974426269531,466.0,480.0,465.0,480.0,18200
2021-03-24,438.9151306152344,446.0,462.0,446.0,462.0,16100
2021-03-25,443.8357238769531,451.0,456.0,446.0,456.0,12900
2021-03-26,445.803955078125,453.0,458.0,449.0,451.0,9700
2021-03-29,455.6450805664063,463.0,477.0,463.0,476.0,38400
2021-03-30,456.6292114257813,464.0,464.0,459.0,463.0,4700
2021-03-31,461.5498046875,469.0,472.0,460.0,464.0,11200
2021-04-01,460.565673828125,468.0,470.0,465.0,470.0,4100
2021-04-02,457.6133117675781,465.0,473.0,465.0,469.0,5700
2021-04-05,455.6450805664063,463.0,465.0,461.0,465.0,4100
2021-04-06,454.6609802246094,462.0,464.0,460.0,464.0,1600
2021-04-07,456.6292114257813,464.0,466.0,462.0,462.0,5600
2021-04-08,466.4703369140625,474.0,475.0,464.0,465.0,22000
2021-04-09,472.37506103515625,480.0,505.0,469.0,474.0,163500
2021-04-12,497.9620056152344,506.0,555.0,490.0,493.0,1066600
2021-04-13,596.3734741210938,606.0,606.0,531.0,545.0,982900
2021-04-14,694.7849731445312,706.0,706.0,706.0,706.0,31300
2021-04-15,842.4021606445312,856.0,856.0,783.0,856.0,4265000
2021-04-16,831.576904296875,845.0,993.0,814.0,871.0,7682700
2021-04-19,979.194091796875,995.0,995.0,826.0,845.0,10243300
2021-04-20,1013.6381225585938,1030.0,1128.0,962.0,1100.0,6245300
2021-04-21,870.9415283203125,885.0,1020.0,850.0,962.0,1505300
2021-04-22,786.3076171875,799.0,929.0,762.0,900.0,1657700
2021-04-23,780.4028930664062,793.0,817.0,783.0,795.0,600200
2021-04-26,697.7373046875,709.0,740.0,680.0,733.0,534400
2021-04-27,676.0867919921875,687.0,706.0,671.0,704.0,237700
2021-04-28,690.8485107421875,702.0,717.0,666.0,684.0,366900
2021-04-30,661.3250122070312,672.0,691.0,662.0,680.0,352300
2021-05-06,666.24560546875,677.0,699.0,670.0,699.0,332600
2021-05-07,659.3568725585938,670.0,706.0,665.0,675.0,366600
2021-05-10,625.8969116210938,636.0,660.0,630.0,650.0,324700
2021-05-11,629.8333740234375,640.0,648.0,625.0,646.0,173600
2021-05-12,608.182861328125,618.0,636.0,611.0,630.0,137400
2021-05-13,600.3099365234375,610.0,616.0,592.0,605.0,93100
2021-05-14,621.96044921875,632.0,635.0,610.0,612.0,74500
2021-05-17,619.9922485351562,630.0,630.0,610.0,612.0,96000
2021-05-18,658.3727416992188,669.0,673.0,620.0,620.0,189800
2021-05-19,632.7857666015625,643.0,679.0,631.0,651.0,257100
2021-05-20,651.4839477539062,662.0,664.0,643.0,643.0,60500
2021-05-21,638.6903686523438,649.0,670.0,646.0,662.0,58800
2021-05-24,635.7380981445312,646.0,656.0,639.0,656.0,44100
2021-05-25,621.96044921875,632.0,646.0,625.0,643.0,70100
2021-05-26,610.151123046875,620.0,630.0,615.0,626.0,68900
2021-05-27,606.2146606445312,616.0,625.0,614.0,625.0,23400
2021-05-28,662.3091430664062,673.0,716.0,610.0,620.0,2483100
2021-05-31,619.0081176757812,629.0,706.0,629.0,693.0,911900
2021-06-01,612.1193237304688,622.0,642.0,615.0,639.0,147400
2021-06-02,611.13525390625,621.0,665.0,621.0,640.0,336800
2021-06-03,616.0557861328125,626.0,632.0,615.0,622.0,126400
2021-06-04,604.2463989257812,614.0,628.0,613.0,627.0,98300
2021-06-07,608.182861328125,618.0,624.0,607.0,613.0,73400
2021-06-08,607.1987915039062,617.0,623.0,614.0,618.0,31800
2021-06-09,614.0875244140625,624.0,628.0,614.0,617.0,43500
2021-06-10,619.0081176757812,629.0,631.0,618.0,625.0,51200
2021-06-11,616.0557861328125,626.0,627.0,621.0,627.0,28000
2021-06-14,623.9287109375,634.0,643.0,616.0,626.0,140400
2021-06-15,640.6586303710938,651.0,727.0,636.0,664.0,2437800
2021-06-16,657.3886108398438,668.0,698.0,639.0,641.0,927200
2021-06-17,640.6586303710938,651.0,723.0,645.0,708.0,1449100
2021-06-18,624.912841796875,635.0,658.0,635.0,645.0,273900
2021-06-21,610.151123046875,620.0,631.0,614.0,617.0,143800
2021-06-22,621.96044921875,632.0,634.0,619.0,627.0,86800
2021-06-23,619.0081176757812,629.0,639.0,620.0,628.0,86100
2021-06-24,621.96044921875,632.0,653.0,629.0,633.0,144800
2021-06-25,636.72216796875,647.0,662.0,634.0,634.0,167800
2021-06-28,627.8651733398438,638.0,654.0,636.0,645.0,105400
2021-06-29,617.9775390625,625.0,637.0,622.0,637.0,74400
2021-06-30,618.96630859375,626.0,629.0,618.0,627.0,50100
2021-07-01,611.05615234375,618.0,627.0,611.0,624.0,99800
2021-07-02,612.044921875,619.0,626.0,614.0,616.0,42900
2021-07-05,599.1910400390625,606.0,617.0,601.0,614.0,68600
2021-07-06,605.1235961914062,612.0,612.0,600.0,606.0,45600
2021-07-07,593.2584228515625,600.0,606.0,598.0,606.0,44500
2021-07-08,559.6404418945312,566.0,597.0,565.0,597.0,111700
2021-07-09,579.4157104492188,586.0,587.0,557.0,566.0,132100
2021-07-12,578.4269409179688,585.0,593.0,578.0,586.0,37200
2021-07-13,591.2808837890625,598.0,606.0,586.0,586.0,42400
2021-07-14,586.3370971679688,593.0,602.0,592.0,598.0,27700
2021-07-15,575.460693359375,582.0,593.0,577.0,593.0,30700
2021-07-16,583.3707885742188,590.0,599.0,577.0,580.0,32500
2021-07-19,569.528076171875,576.0,592.0,573.0,590.0,28400
2021-07-20,561.6179809570312,568.0,577.0,567.0,570.0,33200
2021-07-21,573.483154296875,580.0,585.0,572.0,577.0,26500
2021-07-26,579.4157104492188,586.0,588.0,579.0,583.0,13800
2021-07-27,575.460693359375,582.0,588.0,580.0,581.0,17100
2021-07-28,561.6179809570312,568.0,582.0,567.0,581.0,26800
2021-07-29,570.516845703125,577.0,586.0,566.0,569.0,21100
2021-07-30,563.5955200195312,570.0,581.0,566.0,578.0,23300
2021-08-02,564.5842895507812,571.0,573.0,556.0,566.0,21300
2021-08-03,563.5955200195312,570.0,576.0,565.0,567.0,15500
2021-08-04,562.6067504882812,569.0,572.0,563.0,563.0,29600
2021-08-05,545.7977294921875,552.0,571.0,552.0,561.0,43700
2021-08-06,600.1797485351562,607.0,629.0,553.0,553.0,628900
2021-08-10,579.4157104492188,586.0,601.0,578.0,589.0,79600
2021-08-11,579.4157104492188,586.0,590.0,582.0,582.0,33000
2021-08-12,603.1460571289062,610.0,615.0,586.0,586.0,69200
2021-08-13,621.9325561523438,629.0,634.0,615.0,616.0,130500
2021-08-16,561.6179809570312,568.0,576.0,550.0,573.0,129800
2021-08-17,544.8089599609375,551.0,567.0,551.0,566.0,44200
2021-08-18,533.9325561523438,540.0,550.0,526.0,550.0,66400
2021-08-19,528.0,534.0,550.0,526.0,550.0,27200
2021-08-20,502.2921447753906,508.0,534.0,506.0,534.0,57800
2021-08-23,519.1011352539062,525.0,534.0,507.0,508.0,41400
2021-08-24,555.6854248046875,562.0,600.0,524.0,524.0,422900
2021-08-25,548.7640380859375,555.0,573.0,545.0,552.0,96900
2021-08-26,555.6854248046875,562.0,562.0,550.0,551.0,26800
2021-08-27,577.438232421875,584.0,587.0,555.0,559.0,95700
2021-08-30,575.460693359375,582.0,589.0,574.0,574.0,34200
2021-08-31,574.471923828125,581.0,590.0,576.0,577.0,34000
2021-09-01,573.483154296875,580.0,584.0,576.0,578.0,13600
2021-09-02,560.6292114257812,567.0,580.0,565.0,578.0,30600
2021-09-03,558.6516723632812,565.0,572.0,563.0,563.0,12800
2021-09-06,557.6629028320312,564.0,574.0,564.0,573.0,19100
2021-09-07,560.6292114257812,567.0,622.0,563.0,567.0,263900
2021-09-08,562.6067504882812,569.0,576.0,563.0,567.0,33600
2021-09-09,584.3595581054688,591.0,603.0,566.0,567.0,104400
2021-09-10,590.2921142578125,597.0,607.0,591.0,597.0,59700
2021-09-13,585.3483276367188,592.0,605.0,584.0,604.0,34000
2021-09-14,581.3932495117188,588.0,597.0,586.0,597.0,19800
2021-09-15,583.3707885742188,590.0,595.0,576.0,581.0,24300
2021-09-16,558.6516723632812,565.0,586.0,560.0,586.0,27000
2021-09-17,556.6741333007812,563.0,570.0,555.0,565.0,23200
2021-09-21,549.7528076171875,556.0,560.0,549.0,556.0,24800
2021-09-22,540.8539428710938,547.0,565.0,546.0,557.0,15900
2021-09-24,558.6516723632812,565.0,565.0,551.0,551.0,17200
2021-09-27,553.7078857421875,560.0,566.0,556.0,565.0,9100
2021-09-28,545.7977294921875,552.0,560.0,549.0,560.0,13100
2021-09-29,542.8314819335938,549.0,554.0,544.0,546.0,11200
2021-09-30,538.8764038085938,545.0,552.0,543.0,548.0,8200
2021-10-01,526.0224609375,532.0,547.0,532.0,542.0,20600
2021-10-04,509.2134704589844,515.0,542.0,510.0,542.0,23700
2021-10-05,508.2247314453125,514.0,517.0,494.0,507.0,51000
2021-10-06,501.3033752441406,507.0,520.0,503.0,516.0,14800
2021-10-07,496.3595581054688,502.0,512.0,500.0,507.0,13800
2021-10-08,506.2471923828125,512.0,512.0,502.0,504.0,15300
2021-10-11,513.1685180664062,519.0,523.0,512.0,512.0,8300
2021-10-12,507.2359619140625,513.0,520.0,511.0,520.0,9800
2021-10-13,500.3146057128906,506.0,514.0,504.0,512.0,9600
2021-10-14,504.2696533203125,510.0,513.0,503.0,507.0,14000
2021-10-15,516.1348266601562,522.0,543.0,509.0,515.0,56300
2021-10-18,520.0899047851562,526.0,530.0,523.0,529.0,9300
2021-10-19,514.1572875976562,520.0,525.0,520.0,522.0,12200
2021-10-20,518.1123657226562,524.0,539.0,520.0,520.0,36400
2021-10-21,520.0899047851562,526.0,537.0,525.0,525.0,16500
2021-10-22,524.044921875,530.0,532.0,526.0,526.0,11700
2021-10-25,519.1011352539062,525.0,530.0,522.0,528.0,9100
2021-10-26,518.1123657226562,524.0,528.0,523.0,524.0,4400
2021-10-27,521.0786743164062,527.0,529.0,521.0,524.0,11300
2021-10-28,526.0224609375,532.0,532.0,523.0,524.0,6900
2021-10-29,522.0674438476562,528.0,535.0,527.0,532.0,12300
2021-11-01,501.3033752441406,507.0,515.0,495.0,498.0,32100
2021-11-02,500.3146057128906,506.0,509.0,502.0,504.0,9500
2021-11-04,495.3707885742188,501.0,506.0,497.0,506.0,22300
2021-11-05,487.4606628417969,493.0,499.0,488.0,499.0,13500
2021-11-08,493.3932495117188,499.0,502.0,492.0,493.0,12600
2021-11-09,491.4157409667969,497.0,508.0,496.0,497.0,11600
2021-11-10,489.4382019042969,495.0,505.0,492.0,498.0,21600
2021-11-11,499.3258361816406,505.0,509.0,492.0,494.0,13800
2021-11-12,498.3370666503906,504.0,511.0,500.0,506.0,17000
2021-11-15,498.3370666503906,504.0,507.0,500.0,504.0,12500
2021-11-16,499.3258361816406,505.0,510.0,495.0,504.0,21600
2021-11-17,489.4382019042969,495.0,507.0,495.0,505.0,11800
2021-11-18,488.4494323730469,494.0,503.0,493.0,496.0,8500
2021-11-19,486.471923828125,492.0,499.0,490.0,495.0,17200
2021-11-22,492.4045104980469,498.0,501.0,487.0,489.0,13200
2021-11-24,489.4382019042969,495.0,499.0,492.0,492.0,8200
2021-11-25,484.494384765625,490.0,498.0,487.0,493.0,10400
2021-11-26,472.6292114257813,478.0,494.0,470.0,490.0,31600
2021-11-29,460.7640380859375,466.0,495.0,465.0,465.0,45500
2021-11-30,455.8202209472656,461.0,484.0,461.0,466.0,17800
2021-12-01,445.9325866699219,451.0,462.0,441.0,457.0,23500
2021-12-02,426.1573181152344,431.0,451.0,431.0,451.0,29500
2021-12-03,432.0898742675781,437.0,440.0,429.0,429.0,11700
2021-12-06,432.0898742675781,437.0,443.0,434.0,443.0,5600
2021-12-07,440.98876953125,446.0,450.0,438.0,440.0,9500
2021-12-08,440.98876953125,446.0,455.0,446.0,451.0,11500
2021-12-09,444.9438171386719,450.0,455.0,441.0,455.0,12900
2021-12-10,438.0224609375,443.0,450.0,437.0,450.0,10000
2021-12-13,432.0898742675781,437.0,447.0,437.0,447.0,7600
2021-12-14,418.2471923828125,423.0,437.0,419.0,437.0,18400
2021-12-15,408.3595581054688,413.0,422.0,410.0,410.0,39000
2021-12-16,409.3483276367188,414.0,422.0,410.0,411.0,27000
2021-12-17,408.3595581054688,413.0,430.0,410.0,410.0,40200
2021-12-20,406.3820190429688,411.0,420.0,411.0,417.0,20700
2021-12-21,467.6853942871094,473.0,491.0,413.0,413.0,836000
2021-12-22,443.9550476074219,449.0,450.0,432.0,449.0,135800
2021-12-23,444.9438171386719,450.0,470.0,438.0,438.0,61200
2021-12-24,449.88763427734375,455.0,462.0,441.0,448.0,42700
2021-12-27,432.0898742675781,437.0,465.0,437.0,457.0,24300
2021-12-28,429.1235961914063,434.0,447.0,431.0,443.0,46800
2021-12-29,435.0561828613281,440.0,442.0,434.0,434.0,7900
2021-12-30,435.0561828613281,440.0,446.0,437.0,441.0,13000
2022-01-04,436.0449523925781,441.0,447.0,435.0,447.0,21600
2022-01-05,429.1235961914063,434.0,441.0,434.0,441.0,16700
2022-01-06,428.13482666015625,433.0,437.0,425.0,433.0,28200
2022-01-07,427.1460571289063,432.0,437.0,424.0,433.0,18000
2022-01-11,431.1011352539063,436.0,445.0,436.0,440.0,38700
2022-01-12,442.96630859375,448.0,448.0,440.0,440.0,11900
2022-01-13,442.96630859375,448.0,449.0,444.0,448.0,5800
2022-01-14,433.0786437988281,438.0,445.0,433.0,445.0,12700
2022-01-17,430.11236572265625,435.0,444.0,434.0,438.0,8500
2022-01-18,429.1235961914063,434.0,442.0,434.0,436.0,3400
2022-01-19,413.3033752441406,418.0,438.0,415.0,438.0,17400
2022-01-20,418.2471923828125,423.0,427.0,417.0,418.0,12800
2022-01-21,415.2809143066406,420.0,422.0,413.0,421.0,12300
2022-01-24,420.2247314453125,425.0,427.0,417.0,420.0,6500
2022-01-25,408.3595581054688,413.0,425.0,413.0,425.0,9400
2022-01-26,411.3258361816406,416.0,422.0,415.0,415.0,6300
2022-01-27,395.505615234375,400.0,423.0,400.0,416.0,25000
2022-01-28,407.3707885742188,412.0,412.0,399.0,404.0,14300
2022-01-31,401.4382019042969,406.0,408.0,400.0,400.0,9700
2022-02-01,409.3483276367188,414.0,415.0,406.0,406.0,6300
2022-02-02,413.3033752441406,418.0,422.0,408.0,408.0,12400
2022-02-03,411.3258361816406,416.0,423.0,416.0,419.0,7200
2022-02-04,418.2471923828125,423.0,424.0,414.0,414.0,4500
2022-02-07,413.3033752441406,418.0,427.0,418.0,427.0,5100
2022-02-08,411.3258361816406,416.0,424.0,416.0,421.0,3600
2022-02-09,415.2809143066406,420.0,422.0,409.0,416.0,7300
2022-02-10,419.2359619140625,424.0,490.0,424.0,426.0,150100
2022-02-14,414.2921447753906,419.0,426.0,414.0,426.0,16600
2022-02-15,408.3595581054688,413.0,419.0,413.0,419.0,6000
2022-02-16,408.3595581054688,413.0,415.0,411.0,414.0,8900
2022-02-17,409.3483276367188,414.0,426.0,412.0,412.0,9600
2022-02-18,410.3370666503906,415.0,419.0,414.0,415.0,7700
2022-02-21,408.3595581054688,413.0,421.0,413.0,415.0,8700
2022-02-22,410.3370666503906,415.0,420.0,410.0,413.0,17800
2022-02-24,396.494384765625,401.0,414.0,401.0,414.0,21800
2022-02-25,405.3932495117188,410.0,415.0,402.0,402.0,7100
2022-02-28,411.3258361816406,416.0,418.0,407.0,418.0,8900
2022-03-01,417.2584228515625,422.0,436.0,412.0,412.0,39000
2022-03-02,431.1011352539063,436.0,444.0,421.0,421.0,33600
2022-03-03,481.528076171875,487.0,508.0,436.0,441.0,220800
2022-03-04,428.13482666015625,433.0,560.0,433.0,471.0,715700
2022-03-07,426.1573181152344,431.0,471.0,407.0,441.0,179900
2022-03-08,410.3370666503906,415.0,437.0,412.0,424.0,39600
2022-03-09,413.3033752441406,418.0,444.0,410.0,415.0,42200
2022-03-10,424.1797790527344,429.0,432.0,422.0,432.0,25300
2022-03-11,441.9775390625,447.0,449.0,427.0,429.0,46100
2022-03-14,429.1235961914063,434.0,442.0,431.0,442.0,29900
2022-03-15,433.0786437988281,438.0,455.0,435.0,435.0,28100
2022-03-16,448.89886474609375,454.0,460.0,443.0,446.0,21600
2022-03-17,447.9101257324219,453.0,465.0,450.0,455.0,20700
2022-03-18,454.8314514160156,460.0,464.0,456.0,459.0,33000
2022-03-22,453.84271240234375,459.0,466.0,455.0,465.0,12500
2022-03-23,450.87640380859375,456.0,462.0,445.0,460.0,21600
2022-03-24,449.88763427734375,455.0,455.0,445.0,453.0,8400
2022-03-25,450.87640380859375,456.0,462.0,454.0,460.0,8400
2022-03-28,451.86517333984375,457.0,457.0,452.0,457.0,5100
2022-03-29,451.86517333984375,457.0,460.0,452.0,455.0,7400
2022-03-30,450.87640380859375,456.0,460.0,453.0,455.0,5700
2022-03-31,484.494384765625,490.0,510.0,464.0,464.0,392000
2022-04-01,477.5730285644531,483.0,488.0,464.0,486.0,57400
2022-04-04,479.5505676269531,485.0,488.0,473.0,480.0,13400
2022-04-05,480.5393371582031,486.0,493.0,483.0,490.0,20700
2022-04-06,473.6179809570313,479.0,489.0,477.0,489.0,22600
2022-04-07,466.6966247558594,472.0,475.0,465.0,475.0,7900
2022-04-08,468.6741638183594,474.0,477.0,473.0,474.0,12400
2022-04-11,459.7752685546875,465.0,482.0,465.0,482.0,11500
2022-04-12,460.7640380859375,466.0,466.0,460.0,465.0,5700
2022-04-13,467.6853942871094,473.0,479.0,465.0,471.0,14600
2022-04-14,467.6853942871094,473.0,475.0,470.0,473.0,5200
2022-04-15,467.6853942871094,473.0,476.0,471.0,473.0,2500
2022-04-18,465.7078552246094,471.0,471.0,468.0,470.0,3300
2022-04-19,469.6629333496094,475.0,476.0,470.0,471.0,2600
2022-04-20,466.6966247558594,472.0,479.0,471.0,475.0,4800
2022-04-21,470.6516723632813,476.0,480.0,474.0,474.0,6000
2022-04-22,471.6404418945313,477.0,477.0,473.0,473.0,4400
2022-04-25,454.8314514160156,460.0,470.0,458.0,470.0,7600
2022-04-26,450.87640380859375,456.0,458.0,453.0,454.0,5000
2022-04-27,449.88763427734375,455.0,459.0,443.0,447.0,11300
2022-04-28,453.84271240234375,459.0,465.0,455.0,457.0,10300
2022-05-02,437.0337219238281,442.0,443.0,437.0,441.0,12200
2022-05-06,430.11236572265625,435.0,438.0,420.0,435.0,18200
2022-05-09,422.2022399902344,427.0,435.0,427.0,428.0,4800
2022-05-10,425.1685485839844,430.0,431.0,425.0,427.0,8100
2022-05-11,423.1910095214844,428.0,432.0,426.0,426.0,3400
2022-05-12,417.2584228515625,422.0,429.0,422.0,427.0,6400
2022-05-13,417.2584228515625,422.0,431.0,422.0,426.0,6300
2022-05-16,417.2584228515625,422.0,430.0,420.0,430.0,8800
2022-05-17,424.1797790527344,429.0,430.0,423.0,423.0,3400
2022-05-18,440.98876953125,446.0,446.0,426.0,427.0,13300
2022-05-19,428.13482666015625,433.0,438.0,428.0,438.0,7800
2022-05-20,433.0786437988281,438.0,445.0,435.0,445.0,4100
2022-05-23,439.01123046875,444.0,444.0,439.0,441.0,3500
2022-05-24,430.11236572265625,435.0,446.0,435.0,446.0,13400
2022-05-25,435.0561828613281,440.0,446.0,434.0,435.0,5400
2022-05-26,435.0561828613281,440.0,441.0,433.0,438.0,6500
2022-05-27,435.0561828613281,440.0,442.0,437.0,439.0,6000
2022-05-30,439.01123046875,444.0,445.0,440.0,440.0,4000
2022-05-31,447.9101257324219,453.0,464.0,441.0,444.0,15400
2022-06-01,437.0337219238281,442.0,459.0,441.0,456.0,10000
2022-06-02,446.9213562011719,452.0,453.0,446.0,447.0,3000
2022-06-03,444.9438171386719,450.0,453.0,448.0,453.0,1800
2022-06-06,449.88763427734375,455.0,455.0,442.0,452.0,6100
2022-06-07,450.87640380859375,456.0,457.0,449.0,455.0,5000
2022-06-08,457.7977600097656,463.0,464.0,453.0,459.0,10000
2022-06-09,456.8089904785156,462.0,463.0,457.0,462.0,3300
2022-06-10,456.8089904785156,462.0,463.0,458.0,462.0,3500
2022-06-13,451.86517333984375,457.0,459.0,444.0,458.0,12100
2022-06-14,445.9325866699219,451.0,451.0,444.0,447.0,2200
2022-06-15,457.7977600097656,463.0,465.0,445.0,445.0,5600
2022-06-16,451.86517333984375,457.0,463.0,446.0,463.0,3300
2022-06-17,443.9550476074219,449.0,460.0,440.0,447.0,10200
2022-06-20,438.0224609375,443.0,452.0,440.0,449.0,5400
2022-06-21,444.9438171386719,450.0,450.0,437.0,439.0,4100
2022-06-22,438.0224609375,443.0,450.0,442.0,450.0,2400
2022-06-23,436.0449523925781,441.0,450.0,438.0,443.0,6700
2022-06-24,435.0561828613281,440.0,443.0,440.0,440.0,3100
2022-06-27,437.0337219238281,442.0,448.0,441.0,442.0,3500
2022-06-28,440.0,445.0,445.0,435.0,441.0,6900
2022-06-29,440.0,440.0,443.0,439.0,442.0,1800
2022-06-30,438.0,438.0,445.0,438.0,445.0,9300
2022-07-01,435.0,435.0,441.0,433.0,441.0,6600
2022-07-04,435.0,435.0,440.0,428.0,435.0,22900
2022-07-05,436.0,436.0,440.0,434.0,435.0,7100
2022-07-06,434.0,434.0,438.0,430.0,438.0,4200
2022-07-07,434.0,434.0,438.0,433.0,434.0,2700
2022-07-08,442.0,442.0,442.0,434.0,434.0,13200
2022-07-11,440.0,440.0,446.0,438.0,446.0,10500
2022-07-12,438.0,438.0,447.0,438.0,447.0,4200
2022-07-13,435.0,435.0,437.0,434.0,435.0,2400
2022-07-14,436.0,436.0,436.0,435.0,435.0,2200
2022-07-15,443.0,443.0,447.0,435.0,436.0,6300
2022-07-19,446.0,446.0,451.0,440.0,442.0,13900
2022-07-20,447.0,447.0,448.0,442.0,447.0,5500
2022-07-21,447.0,447.0,447.0,442.0,446.0,2300
2022-07-22,444.0,444.0,455.0,442.0,448.0,17800
2022-07-25,444.0,444.0,450.0,443.0,450.0,7800
2022-07-26,450.0,450.0,458.0,445.0,445.0,6200
2022-07-27,452.0,452.0,458.0,450.0,450.0,4700
2022-07-28,453.0,453.0,454.0,450.0,453.0,1200
2022-07-29,454.0,454.0,457.0,452.0,453.0,12100
2022-08-01,454.0,454.0,456.0,454.0,456.0,900
2022-08-02,453.0,453.0,463.0,453.0,455.0,11900
2022-08-03,455.0,455.0,458.0,452.0,456.0,3400
2022-08-04,454.0,454.0,457.0,452.0,455.0,9800
2022-08-05,461.0,461.0,470.0,455.0,458.0,18300
2022-08-08,458.0,458.0,462.0,457.0,457.0,2900
2022-08-09,457.0,457.0,462.0,456.0,460.0,5800
2022-08-10,460.0,460.0,460.0,457.0,457.0,5100
2022-08-12,465.0,465.0,478.0,462.0,464.0,14800
2022-08-15,457.0,457.0,473.0,456.0,464.0,16500
2022-08-16,451.0,451.0,464.0,441.0,464.0,7800
2022-08-17,452.0,452.0,463.0,449.0,449.0,8200
2022-08-18,449.0,449.0,454.0,446.0,454.0,6400
2022-08-19,456.0,456.0,456.0,449.0,452.0,6400
2022-08-22,449.0,449.0,456.0,449.0,456.0,8600
2022-08-23,446.0,446.0,448.0,445.0,448.0,2700
2022-08-24,448.0,448.0,450.0,447.0,448.0,1600
2022-08-25,463.0,463.0,465.0,448.0,449.0,11300
2022-08-26,458.0,458.0,462.0,457.0,457.0,3100
2022-08-29,452.0,452.0,456.0,448.0,455.0,7900
2022-08-30,455.0,455.0,455.0,450.0,451.0,5400
2022-08-31,450.0,450.0,454.0,448.0,451.0,4300
2022-09-01,446.0,446.0,449.0,444.0,445.0,8800
2022-09-02,446.0,446.0,446.0,438.0,445.0,6600
2022-09-05,439.0,439.0,444.0,437.0,444.0,9000
2022-09-06,446.0,446.0,448.0,439.0,439.0,2500
2022-09-07,439.0,439.0,444.0,439.0,444.0,1600
2022-09-08,438.0,438.0,440.0,434.0,439.0,6500
2022-09-09,442.0,442.0,446.0,438.0,438.0,2400
2022-09-12,443.0,443.0,444.0,442.0,442.0,500
2022-09-13,442.0,442.0,444.0,442.0,443.0,2300
2022-09-14,440.0,440.0,440.0,437.0,439.0,3600
2022-09-15,434.0,434.0,438.0,430.0,438.0,12000
2022-09-16,428.0,428.0,430.0,427.0,427.0,4700
2022-09-20,417.0,417.0,428.0,405.0,428.0,28400
2022-09-21,416.0,416.0,419.0,416.0,417.0,2700
2022-09-22,412.0,412.0,416.0,411.0,411.0,2300
2022-09-26,410.0,410.0,410.0,408.0,410.0,6300
2022-09-27,408.0,408.0,412.0,408.0,410.0,3900
2022-09-28,404.0,404.0,409.0,402.0,408.0,5800
2022-09-29,412.0,412.0,415.0,407.0,415.0,9100
2022-09-30,407.0,407.0,408.0,405.0,407.0,3400
2022-10-03,415.0,415.0,415.0,407.0,407.0,7000
2022-10-04,416.0,416.0,418.0,416.0,418.0,3600
2022-10-05,422.0,422.0,429.0,418.0,418.0,5100
2022-10-06,425.0,425.0,425.0,420.0,422.0,7700
2022-10-07,430.0,430.0,430.0,422.0,425.0,8100
2022-10-11,459.0,459.0,463.0,430.0,433.0,68300
2022-10-12,432.0,432.0,450.0,430.0,450.0,18200
2022-10-13,422.0,422.0,433.0,419.0,432.0,9600
2022-10-14,421.0,421.0,432.0,418.0,422.0,6100
2022-10-17,422.0,422.0,422.0,412.0,421.0,7600
2022-10-18,425.0,425.0,426.0,422.0,425.0,6800
2022-10-19,429.0,429.0,429.0,423.0,424.0,1800
2022-10-20,429.0,429.0,433.0,422.0,429.0,22600
2022-10-21,424.0,424.0,430.0,424.0,430.0,1600
2022-10-24,429.0,429.0,429.0,427.0,427.0,600
2022-10-25,426.0,426.0,434.0,426.0,429.0,4700
2022-10-26,423.0,423.0,430.0,422.0,430.0,2600
2022-10-27,428.0,428.0,437.0,422.0,424.0,5500
2022-10-28,427.0,427.0,427.0,418.0,421.0,7100
2022-10-31,419.0,419.0,420.0,417.0,420.0,6900
2022-11-01,419.0,419.0,420.0,411.0,420.0,6700
2022-11-02,420.0,420.0,420.0,413.0,415.0,3700
2022-11-04,414.0,414.0,420.0,413.0,413.0,2400
2022-11-07,417.0,417.0,420.0,415.0,420.0,2300
2022-11-08,417.0,417.0,420.0,417.0,420.0,1200
2022-11-09,419.0,419.0,419.0,415.0,417.0,3800
2022-11-10,416.0,416.0,419.0,414.0,419.0,5000
2022-11-11,413.0,413.0,417.0,411.0,417.0,6900
2022-11-14,417.0,417.0,418.0,405.0,414.0,15000
2022-11-15,408.0,408.0,413.0,408.0,411.0,7000
2022-11-16,410.0,410.0,415.0,408.0,408.0,1300
2022-11-17,413.0,413.0,414.0,409.0,410.0,1800
2022-11-18,414.0,414.0,415.0,413.0,413.0,2600
2022-11-21,417.0,417.0,417.0,414.0,416.0,3100
2022-11-22,414.0,414.0,417.0,413.0,417.0,3800
2022-11-24,413.0,413.0,417.0,413.0,417.0,1900
2022-11-25,413.0,413.0,415.0,411.0,413.0,4000
2022-11-28,411.0,411.0,416.0,409.0,411.0,4800
2022-11-29,413.0,413.0,415.0,413.0,413.0,800
2022-11-30,411.0,411.0,413.0,410.0,413.0,5600
2022-12-01,410.0,410.0,413.0,410.0,412.0,3100
2022-12-02,411.0,411.0,418.0,409.0,411.0,6400
2022-12-05,416.0,416.0,428.0,412.0,412.0,10100
2022-12-06,412.0,412.0,414.0,409.0,409.0,3800
2022-12-07,412.0,412.0,416.0,412.0,416.0,2000
2022-12-08,417.0,417.0,422.0,411.0,411.0,3800
2022-12-09,417.0,417.0,420.0,417.0,418.0,4400
2022-12-12,417.0,417.0,419.0,414.0,417.0,5500
2022-12-13,414.0,414.0,416.0,414.0,415.0,2300
2022-12-14,412.0,412.0,416.0,411.0,413.0,7500
2022-12-15,413.0,413.0,415.0,409.0,412.0,4200
2022-12-16,417.0,417.0,417.0,410.0,413.0,3600
2022-12-19,411.0,411.0,417.0,411.0,417.0,3400
2022-12-20,406.0,406.0,411.0,406.0,411.0,9800
2022-12-21,407.0,407.0,408.0,405.0,407.0,1800
2022-12-22,401.0,401.0,407.0,400.0,406.0,18000
2022-12-23,399.0,399.0,404.0,399.0,401.0,7300
2022-12-26,397.0,397.0,401.0,396.0,399.0,9400
2022-12-27,393.0,393.0,398.0,392.0,398.0,7500
2022-12-28,395.0,395.0,395.0,382.0,390.0,20300
2022-12-29,394.0,394.0,400.0,391.0,391.0,4600
2022-12-30,398.0,398.0,399.0,392.0,392.0,2600
2023-01-04,394.0,394.0,395.0,393.0,394.0,3100
2023-01-05,399.0,399.0,399.0,396.0,397.0,3500
2023-01-06,396.0,396.0,402.0,393.0,402.0,5000
2023-01-10,402.0,402.0,404.0,397.0,397.0,5900
2023-01-11,404.0,404.0,405.0,401.0,404.0,5800
2023-01-12,403.0,403.0,406.0,402.0,402.0,2100
2023-01-13,406.0,406.0,445.0,403.0,403.0,171700
2023-01-16,402.0,402.0,412.0,395.0,404.0,17500
2023-01-17,398.0,398.0,405.0,398.0,402.0,4100
2023-01-18,402.0,402.0,406.0,400.0,400.0,3300
2023-01-19,401.0,401.0,403.0,399.0,401.0,3700
2023-01-20,403.0,403.0,405.0,402.0,402.0,1700
2023-01-23,408.0,408.0,411.0,405.0,406.0,3800
2023-01-24,409.0,409.0,412.0,409.0,412.0,4400
2023-01-25,409.0,409.0,411.0,408.0,409.0,4500
2023-01-26,411.0,411.0,412.0,408.0,412.0,2900
2023-01-27,422.0,422.0,422.0,413.0,414.0,28100
2023-01-30,418.0,418.0,420.0,418.0,418.0,39000
2023-01-31,414.0,414.0,416.0,406.0,416.0,4000
2023-02-01,412.0,412.0,415.0,412.0,414.0,1900
2023-02-02,410.0,410.0,412.0,406.0,409.0,2000
2023-02-03,410.0,410.0,412.0,409.0,411.0,1200
2023-02-06,410.0,410.0,412.0,408.0,410.0,900
2023-02-07,409.0,409.0,415.0,409.0,413.0,4300
2023-02-08,413.0,413.0,413.0,409.0,413.0,3300
2023-02-09,410.0,410.0,414.0,409.0,414.0,2500
2023-02-10,409.0,409.0,410.0,408.0,410.0,4000
2023-02-13,410.0,410.0,410.0,409.0,409.0,2200
2023-02-14,410.0,410.0,412.0,410.0,410.0,2100
2023-02-15,414.0,414.0,415.0,409.0,409.0,6800
2023-02-16,413.0,413.0,417.0,411.0,415.0,3800
2023-02-17,416.0,416.0,416.0,413.0,414.0,5100
2023-02-20,417.0,417.0,419.0,416.0,416.0,5900
2023-02-21,414.0,414.0,418.0,414.0,418.0,3400
2023-02-22,417.0,417.0,417.0,410.0,414.0,3000
2023-02-24,414.0,414.0,417.0,414.0,414.0,900
2023-02-27,410.0,410.0,416.0,410.0,414.0,3800
2023-02-28,417.0,417.0,422.0,409.0,413.0,16400
2023-03-01,416.0,416.0,419.0,415.0,417.0,6600
2023-03-02,421.0,421.0,421.0,412.0,413.0,4000
2023-03-03,418.0,418.0,422.0,416.0,422.0,4200
2023-03-06,414.0,414.0,420.0,414.0,417.0,4800
2023-03-07,420.0,420.0,420.0,415.0,419.0,4100
2023-03-08,424.0,424.0,424.0,416.0,422.0,3200
2023-03-09,433.0,433.0,437.0,422.0,424.0,30400
2023-03-10,421.0,421.0,433.0,421.0,433.0,9200
2023-03-13,422.0,422.0,422.0,418.0,418.0,6200
2023-03-14,416.0,416.0,427.0,415.0,420.0,10500
2023-03-15,420.0,420.0,420.0,416.0,417.0,2100
2023-03-16,415.0,415.0,417.0,414.0,417.0,5000
2023-03-17,415.0,415.0,416.0,415.0,416.0,600
2023-03-20,419.0,419.0,424.0,415.0,417.0,6000
2023-03-22,422.0,422.0,423.0,418.0,418.0,4500
2023-03-23,427.0,427.0,427.0,421.0,425.0,2200
2023-03-24,433.0,433.0,433.0,426.0,426.0,6400
2023-03-27,438.0,438.0,438.0,431.0,432.0,7100
2023-03-28,438.0,438.0,438.0,433.0,434.0,9200
2023-03-29,435.0,435.0,436.0,431.0,436.0,1500
2023-03-30,433.0,433.0,433.0,421.0,433.0,1700
2023-03-31,432.0,432.0,433.0,428.0,433.0,1300
2023-04-03,444.0,444.0,448.0,435.0,436.0,12600
2023-04-04,445.0,445.0,449.0,436.0,438.0,4500
2023-04-05,446.0,446.0,446.0,440.0,443.0,2100
2023-04-06,441.0,441.0,449.0,441.0,445.0,2300
2023-04-07,448.0,448.0,452.0,440.0,441.0,12300
2023-04-10,458.0,458.0,460.0,450.0,456.0,10900
2023-04-11,460.0,460.0,467.0,458.0,466.0,12200
2023-04-12,446.0,446.0,469.0,440.0,460.0,10500
2023-04-13,447.0,447.0,452.0,439.0,441.0,9500
2023-04-14,438.0,438.0,446.0,434.0,442.0,10300
2023-04-17,429.0,429.0,434.0,429.0,430.0,14400
2023-04-18,428.0,428.0,428.0,418.0,428.0,11800
2023-04-19,430.0,430.0,434.0,426.0,431.0,5500
2023-04-20,436.0,436.0,436.0,430.0,430.0,2800
2023-04-26,434.0,434.0,434.0,428.0,426.0,1400
2023-04-21,436.0,436.0,440.0,426.0,440.0,6000
2023-04-27,428.0,428.0,440.0,437.0,438.0,7200
2023-04-24,426.0,426.0,430.0,426.0,428.0,6900
2023-04-25,435.0,435.0,438.0,426.0,426.0,2600
2023-04-26,434.0,434.0,434.0,428.0,428.0,1400
2023-04-27,428.0,428.0,440.0,427.0,438.0,7200
2023-04-28,430.0,430.0,436.0,428.0,435.0,4800
2023-05-01,423.0,423.0,426.0,419.0,425.0,18200
2023-05-02,429.0,429.0,429.0,420.0,422.0,4500
2023-05-08,434.0,434.0,434.0,426.0,429.0,6400
2023-05-09,432.0,432.0,435.0,425.0,430.0,5500
2023-05-10,430.0,430.0,432.0,427.0,432.0,3800
2023-05-11,430.0,430.0,432.0,425.0,432.0,2300
2023-05-12,427.0,427.0,431.0,426.0,427.0,3500
2023-05-15,424.0,424.0,433.0,423.0,433.0,9800
2023-05-16,426.0,426.0,426.0,422.0,422.0,1400
2023-05-17,428.0,428.0,429.0,426.0,427.0,1700
2023-05-18,424.0,424.0,425.0,423.0,425.0,1400
2023-05-19,425.0,425.0,425.0,419.0,424.0,7100
2023-05-22,425.0,425.0,429.0,421.0,422.0,9000
2023-05-23,428.0,428.0,430.0,422.0,426.0,6000
2023-05-29,428.0,428.0,428.0,423.0,428.0,3200
2023-05-24,428.0,428.0,429.0,421.0,421.0,2900
2023-05-25,426.0,426.0,428.0,423.0,427.0,3700
2023-05-31,423.0,423.0,427.0,423.0,423.0,2900
2023-05-26,428.0,428.0,428.0,420.0,426.0,4300
2023-05-29,428.0,428.0,429.0,423.0,428.0,3200
2023-05-30,424.0,424.0,428.0,422.0,424.0,2600
2023-05-31,423.0,423.0,427.0,421.0,423.0,2900
2023-06-01,420.0,420.0,423.0,420.0,421.0,2000
2023-06-02,435.0,435.0,437.0,421.0,421.0,15600
2023-06-05,429.0,429.0,444.0,429.0,442.0,10900
2023-06-06,431.0,431.0,437.0,427.0,437.0,3100
2023-06-07,435.0,435.0,436.0,428.0,428.0,3400
