Date,Adj Close,Close,High,Low,Open,Volume
2000-04-04,666.872314453125,925.0,925.0,900.0,919.5,40000
2000-04-05,684.895751953125,950.0,950.0,920.0,922.5,18000
2000-04-06,670.4768676757812,930.0,950.0,930.0,949.5,26000
2000-04-07,681.2910766601562,945.0,945.0,930.0,930.0,26000
2000-04-10,720.9429321289062,1000.0,1000.0,1000.0,1000.0,6000
2000-04-11,710.1287841796875,985.0,989.5,982.0,989.5,14000
2000-04-12,715.5358276367188,992.5,992.5,988.0,988.0,36000
2000-04-13,720.9429321289062,1000.0,1022.5,1000.0,1007.5,98000
2000-04-14,720.9429321289062,1000.0,1000.0,975.0,975.0,6000
2000-04-17,612.8014526367188,850.0,950.0,850.0,950.0,110000
2000-04-18,623.6156616210938,865.0,895.0,865.0,895.0,22000
2000-04-19,717.338134765625,995.0,995.0,905.0,905.0,4000
2000-04-20,702.9193115234375,975.0,990.0,950.0,950.5,10000
2000-04-21,728.1522827148438,1010.0,1010.0,1000.0,1000.0,12000
2000-04-24,726.3499755859375,1007.5,1010.0,1000.0,1010.0,26000
2000-04-25,742.5711059570312,1030.0,1030.0,1007.5,1010.0,18000
2000-04-26,738.9664306640625,1025.0,1030.0,1025.0,1027.5,16000
2000-04-27,756.989990234375,1050.0,1050.0,1025.0,1027.5,20000
2000-04-28,782.2229614257812,1085.0,1085.0,1050.0,1050.0,22000
2000-05-01,782.2229614257812,1085.0,1100.0,1085.0,1090.0,100000
2000-05-02,785.8276977539062,1090.0,1090.0,1090.0,1090.0,6000
2000-05-05,785.8276977539062,1090.0,1090.0,1090.0,1090.0,0
2000-05-08,720.9429321289062,1000.0,1090.0,1000.0,1090.0,32000
2000-05-10,756.989990234375,1050.0,1092.5,1000.0,1092.5,52000
2000-05-11,738.9664306640625,1025.0,1030.0,1017.5,1030.0,12000
2000-05-12,738.9664306640625,1025.0,1025.0,1000.0,1005.0,14000
2000-05-15,738.9664306640625,1025.0,1025.0,1025.0,1025.0,0
2000-05-16,726.3499755859375,1007.5,1007.5,1000.0,1007.5,76000
2000-05-17,726.3499755859375,1007.5,1007.5,1007.5,1007.5,0
2000-05-18,775.0134887695312,1075.0,1075.0,1075.0,1075.0,2000
2000-05-19,775.0134887695312,1075.0,1075.0,1075.0,1075.0,0
2000-05-22,738.9664306640625,1025.0,1030.0,1025.0,1030.0,14000
2000-05-23,692.105224609375,960.0,990.0,960.0,990.0,18000
2000-05-24,660.023193359375,915.5,950.0,900.0,950.0,38000
2000-05-25,726.3499755859375,1007.5,1007.5,997.5,1002.5,94000
2000-05-26,720.9429321289062,1000.0,1027.5,1000.0,1027.5,12000
2000-05-29,692.105224609375,960.0,975.0,960.0,975.0,94000
2000-05-31,703.27978515625,975.5,975.5,960.5,960.5,20000
2000-06-01,702.9193115234375,975.0,990.0,975.0,975.5,24000
2000-06-02,698.9540405273438,969.5,980.0,969.5,975.0,20000
2000-06-05,756.989990234375,1050.0,1050.0,977.5,977.5,26000
2000-06-06,738.9664306640625,1025.0,1025.0,1010.0,1010.0,10000
2000-06-07,709.4077758789062,984.0,1025.0,984.0,1025.0,52000
2000-06-08,677.6863403320312,940.0,944.5,940.0,944.5,52000
2000-06-09,677.6863403320312,940.0,940.0,940.0,940.0,12000
2000-06-12,749.7807006835938,1040.0,1040.0,1040.0,1040.0,8000
2000-06-13,684.895751953125,950.0,950.0,950.0,950.0,20000
2000-06-14,684.895751953125,950.0,950.0,950.0,950.0,2000
2000-06-15,648.8486328125,900.0,919.5,900.0,919.5,10000
2000-06-16,627.2202758789062,870.0,875.0,850.0,850.0,6000
2000-06-19,612.44091796875,849.5,850.0,843.0,849.5,12000
2000-06-20,594.7779541015625,825.0,850.0,824.5,825.0,34000
2000-06-21,594.7779541015625,825.0,845.0,805.0,825.0,72000
2000-06-22,663.2674560546875,920.0,920.0,895.0,895.0,24000
2000-06-23,677.6863403320312,940.0,940.0,920.0,920.0,72000
2000-06-26,720.9429321289062,1000.0,1000.0,969.5,970.0,36000
2000-06-27,720.9429321289062,1000.0,1005.0,1000.0,1000.0,26000
2000-06-28,711.93115234375,987.5,1000.0,987.5,999.0,38000
2000-06-29,711.93115234375,987.5,987.5,987.0,987.0,30000
2000-06-30,731.7569580078125,1015.0,1025.0,1000.0,1015.0,190000
2000-07-03,738.9664306640625,1025.0,1035.0,1015.0,1015.0,32000
2000-07-04,724.547607421875,1005.0,1045.0,1005.0,1045.0,6000
2000-07-05,728.1522827148438,1010.0,1010.0,1005.0,1005.0,4000
2000-07-06,728.1522827148438,1010.0,1010.0,1010.0,1010.0,10000
2000-07-07,738.9664306640625,1025.0,1050.0,1025.0,1025.0,32000
2000-07-10,756.989990234375,1050.0,1050.0,1045.0,1050.0,20000
2000-07-11,720.9429321289062,1000.0,1005.0,1000.0,1000.0,8000
2000-07-12,684.895751953125,950.0,1005.0,950.0,1000.0,20000
2000-07-13,720.9429321289062,1000.0,1000.0,985.0,985.0,4000
2000-07-19,706.5240478515625,980.0,980.0,965.0,965.0,32000
2000-07-20,706.5240478515625,980.0,980.0,980.0,980.0,0
2000-07-21,753.3853149414062,1045.0,1050.0,975.0,975.5,28000
2000-07-24,744.37353515625,1032.5,1045.0,1025.0,1045.0,34000
2000-07-25,775.0134887695312,1075.0,1075.0,1055.0,1070.0,60000
2000-07-26,793.0371704101562,1100.0,1100.0,1072.5,1100.0,62000
2000-07-31,753.3853149414062,1045.0,1050.0,1045.0,1050.0,22000
2000-08-01,724.547607421875,1005.0,1005.0,1005.0,1005.0,2000
2000-08-02,684.895751953125,950.0,950.0,935.0,935.0,6000
2000-08-03,684.895751953125,950.0,950.0,940.0,950.0,24000
2000-08-04,684.895751953125,950.0,965.0,950.0,950.0,40000
2000-08-08,684.895751953125,950.0,950.0,950.0,950.0,22000
2000-08-09,684.895751953125,950.0,950.0,950.0,950.0,0
2000-08-10,789.4322509765625,1095.0,1095.0,982.5,982.5,44000
2000-08-11,764.1994018554688,1060.0,1097.5,1037.5,1097.5,12000
2000-08-14,764.1994018554688,1060.0,1075.0,1060.0,1075.0,14000
2000-08-15,756.989990234375,1050.0,1050.0,1050.0,1050.0,2000
2000-08-16,789.4322509765625,1095.0,1097.5,1080.0,1080.0,20000
2000-08-17,793.0371704101562,1100.0,1125.0,1100.0,1100.0,30000
2000-08-18,766.0018310546875,1062.5,1100.0,1062.5,1100.0,16000
2000-08-21,775.0134887695312,1075.0,1100.0,1075.0,1100.0,18000
2000-08-22,775.0134887695312,1075.0,1075.0,1075.0,1075.0,8000
2000-08-23,821.8748779296875,1140.0,1140.0,1100.0,1100.0,26000
2000-08-24,836.2937622070312,1160.0,1160.0,1125.0,1137.5,32000
2000-08-25,821.8748779296875,1140.0,1145.0,1125.0,1142.5,52000
2000-08-29,829.0843505859375,1150.0,1150.0,1125.0,1125.0,16000
2000-08-30,829.0843505859375,1150.0,1150.0,1150.0,1150.0,4000
2000-08-31,811.0606689453125,1125.0,1152.5,1125.0,1150.0,42000
2000-09-01,843.5031127929688,1170.0,1170.0,1125.0,1125.0,20000
2000-09-05,843.5031127929688,1170.0,1170.0,1170.0,1170.0,0
2000-09-06,890.3644409179688,1235.0,1265.0,1200.0,1200.0,106000
2000-09-07,908.3878784179688,1260.0,1260.0,1200.0,1235.0,38000
2000-09-08,921.0045166015624,1277.5,1285.0,1277.5,1280.0,14000
2000-09-11,901.1787719726562,1250.0,1250.0,1250.0,1250.0,6000
2000-09-12,847.1077880859375,1175.0,1225.0,1175.0,1225.0,14000
2000-09-13,883.1550903320312,1225.0,1225.0,1175.0,1175.0,12000
2000-09-14,883.1550903320312,1225.0,1225.0,1225.0,1225.0,10000
2000-09-15,883.1550903320312,1225.0,1225.0,1225.0,1225.0,0
2000-09-18,829.0843505859375,1150.0,1162.5,1150.0,1162.5,6000
2000-09-19,811.0606689453125,1125.0,1125.0,975.0,975.0,14000
2000-09-20,793.0371704101562,1100.0,1100.0,1097.5,1100.0,24000
2000-09-21,793.0371704101562,1100.0,1100.0,1100.0,1100.0,2000
2000-09-25,793.0371704101562,1100.0,1100.0,1100.0,1100.0,6000
2000-09-27,793.0371704101562,1100.0,1100.0,1100.0,1100.0,0
2000-09-28,793.0371704101562,1100.0,1100.0,1100.0,1100.0,18000
2000-09-29,811.0606689453125,1125.0,1125.0,1100.0,1100.0,42000
2000-10-02,821.8748779296875,1140.0,1140.0,1125.0,1125.0,10000
2000-10-03,821.8748779296875,1140.0,1140.0,1140.0,1140.0,10000
2000-10-04,821.8748779296875,1140.0,1140.0,1130.0,1140.0,12000
2000-10-06,821.8748779296875,1140.0,1150.0,1140.0,1150.0,6000
2000-10-09,821.8748779296875,1140.0,1140.0,1140.0,1140.0,0
2000-10-10,814.6653442382812,1130.0,1180.0,1130.0,1180.0,6000
2000-10-11,807.4559936523438,1120.0,1120.0,1120.0,1120.0,2000
2000-10-12,811.0606689453125,1125.0,1125.0,1125.0,1125.0,2000
2000-10-13,811.0606689453125,1125.0,1125.0,1125.0,1125.0,36000
2000-10-18,811.0606689453125,1125.0,1125.0,1125.0,1125.0,4000
2000-10-24,811.0606689453125,1125.0,1125.0,1125.0,1125.0,0
2000-10-25,800.24658203125,1110.0,1110.0,1110.0,1110.0,2000
2000-10-27,800.24658203125,1110.0,1110.0,1110.0,1110.0,0
2000-10-30,676.2444458007812,938.0,938.0,905.0,905.0,18000
2000-10-31,676.2444458007812,938.0,938.0,938.0,938.0,0
2000-11-01,695.7098388671875,965.0,965.0,950.0,950.0,4000
2000-11-03,695.7098388671875,965.0,965.0,965.0,965.0,0
2000-11-06,684.895751953125,950.0,950.0,900.0,900.0,6000
2000-11-07,681.2910766601562,945.0,950.0,945.0,950.0,6000
2000-11-08,681.2910766601562,945.0,945.0,945.0,945.0,14000
2000-11-10,681.2910766601562,945.0,945.0,945.0,945.0,4000
2000-11-13,681.2910766601562,945.0,945.0,945.0,945.0,0
2000-11-14,612.8014526367188,850.0,859.5,850.0,850.0,10000
2000-11-15,677.6863403320312,940.0,940.0,940.0,940.0,4000
2000-11-16,677.6863403320312,940.0,940.0,940.0,940.0,0
2000-11-17,648.8486328125,900.0,915.0,900.0,915.0,10000
2000-11-20,666.872314453125,925.0,925.0,925.0,925.0,2000
2000-11-28,656.0579223632812,910.0,915.0,907.5,915.0,52000
2000-11-29,652.453369140625,905.0,905.0,900.0,900.0,82000
2000-11-30,648.8486328125,900.0,900.0,900.0,900.0,6000
2000-12-01,630.8250732421875,875.0,900.0,875.0,875.0,38000
2000-12-04,641.6390991210938,890.0,900.0,865.0,875.0,26000
2000-12-05,623.6156616210938,865.0,890.0,865.0,890.0,10000
2000-12-06,623.6156616210938,865.0,865.0,865.0,865.0,2000
2000-12-07,623.6156616210938,865.0,865.0,860.0,865.0,10000
2000-12-11,648.8486328125,900.0,940.0,900.0,940.0,22000
2000-12-12,648.8486328125,900.0,912.5,897.5,900.0,40000
2000-12-13,709.7682495117188,984.5,1050.0,984.5,1050.0,90000
2000-12-14,706.5240478515625,980.0,984.5,980.0,984.5,34000
2000-12-15,702.9193115234375,975.0,975.0,960.0,974.5,28000
2000-12-18,692.105224609375,960.0,960.0,960.0,960.0,4000
2000-12-19,684.895751953125,950.0,960.0,950.0,960.0,20000
2000-12-20,666.872314453125,925.0,925.0,925.0,925.0,4000
2000-12-21,666.872314453125,925.0,925.0,925.0,925.0,0
2000-12-22,630.8250732421875,875.0,875.0,875.0,875.0,178000
2000-12-25,738.9664306640625,1025.0,1025.0,1025.0,1025.0,4000
2000-12-26,731.7569580078125,1015.0,1015.0,1015.0,1015.0,6000
2000-12-27,702.9193115234375,975.0,990.0,950.0,950.0,10000
2000-12-28,720.9429321289062,1000.0,1000.0,950.0,950.0,8000
2000-12-29,720.9429321289062,1000.0,1000.0,1000.0,1000.0,2000
2001-01-04,720.9429321289062,1000.0,1000.0,1000.0,1000.0,0
2001-01-05,713.7334594726562,990.0,1000.0,980.0,980.0,8000
2001-01-08,713.7334594726562,990.0,990.0,990.0,990.0,0
2001-01-09,720.9429321289062,1000.0,1000.0,990.0,990.0,6000
2001-01-10,720.9429321289062,1000.0,1000.0,1000.0,1000.0,4000
2001-01-11,699.3146362304688,970.0,970.0,970.0,970.0,4000
2001-01-12,702.9193115234375,975.0,975.0,975.0,975.0,4000
2001-01-16,702.9193115234375,975.0,975.0,975.0,975.0,0
2001-01-17,692.105224609375,960.0,960.0,960.0,960.0,8000
2001-01-19,692.105224609375,960.0,960.0,960.0,960.0,16000
2001-01-22,692.105224609375,960.0,960.0,960.0,960.0,0
2001-01-23,677.6863403320312,940.0,940.0,875.5,875.5,20000
2001-01-24,663.2674560546875,920.0,925.0,880.0,925.0,8000
2001-01-25,648.8486328125,900.0,900.0,875.5,875.5,14000
2001-01-26,666.872314453125,925.0,925.0,875.0,875.0,6000
2001-01-29,623.6156616210938,865.0,895.0,865.0,870.5,18000
2001-01-31,605.5919799804688,840.0,840.0,835.0,835.0,16000
2001-02-01,594.7779541015625,825.0,840.0,825.0,840.0,6000
2001-02-02,578.556640625,802.5,802.5,800.0,800.0,8000
2001-02-05,568.8240356445312,789.0,800.0,788.0,800.0,16000
2001-02-06,573.149658203125,795.0,804.5,795.0,804.5,26000
2001-02-07,584.3242797851562,810.5,810.5,810.5,810.5,2000
2001-02-08,584.3242797851562,810.5,810.5,810.5,810.5,0
2001-02-09,551.8818359375,765.5,780.5,765.5,780.0,12000
2001-02-12,551.8818359375,765.5,765.5,765.5,765.5,0
2001-02-13,533.4977416992188,740.0,766.5,740.0,766.0,20000
2001-02-14,494.5668640136719,686.0,725.0,658.5,725.0,36000
2001-02-15,506.4624328613281,702.5,705.0,700.0,700.0,6000
2001-02-16,540.3466186523438,749.5,749.5,700.0,700.0,6000
2001-02-19,539.9862060546875,749.0,749.5,749.0,749.5,6000
2001-02-20,539.9862060546875,749.0,749.0,749.0,749.0,0
2001-02-21,539.9862060546875,749.0,749.0,749.0,749.0,8000
2001-02-22,539.9862060546875,749.0,749.0,749.0,749.0,10000
2001-02-23,576.0333251953125,799.0,799.0,799.0,799.0,2000
2001-02-26,577.11474609375,800.5,800.5,800.0,800.0,6000
2001-02-27,583.9638061523438,810.0,810.0,805.0,805.0,8000
2001-02-28,587.5682983398438,815.0,815.0,815.0,815.0,16000
2001-03-01,594.7779541015625,825.0,840.0,825.0,825.0,30000
2001-03-02,594.7779541015625,825.0,840.0,825.0,825.5,56000
2001-03-05,596.580322265625,827.5,830.0,825.0,825.0,14000
2001-03-06,598.382568359375,830.0,840.0,825.0,827.5,10000
2001-03-07,598.382568359375,830.0,840.0,825.0,830.0,32000
2001-03-08,598.382568359375,830.0,830.0,829.5,830.0,48000
2001-03-09,598.382568359375,830.0,830.0,830.0,830.0,6000
2001-03-12,652.453369140625,905.0,905.0,905.0,905.0,10000
2001-03-13,623.6156616210938,865.0,880.0,865.0,880.0,4000
2001-03-14,623.6156616210938,865.0,865.0,865.0,865.0,0
2001-03-15,623.6156616210938,865.0,865.0,865.0,865.0,4000
2001-03-16,612.8014526367188,850.0,850.0,850.0,850.0,2000
2001-03-19,609.1968383789062,845.0,855.0,845.0,855.0,34000
2001-03-20,609.1968383789062,845.0,845.0,845.0,845.0,0
2001-03-21,609.1968383789062,845.0,845.0,845.0,845.0,32000
2001-03-22,641.6390991210938,890.0,925.0,850.5,850.5,98000
2001-03-23,663.2674560546875,920.0,930.0,920.0,920.0,48000
2001-03-26,663.2674560546875,920.0,925.0,920.0,925.0,36000
2001-03-27,668.7190551757812,920.0,945.0,920.0,924.5,40000
2001-03-28,639.6442260742188,880.0,919.5,880.0,919.5,30000
2001-03-29,648.7300415039062,892.5,897.5,880.0,880.0,6000
2001-03-30,679.6220703125,935.0,935.0,935.0,935.0,2000
2001-04-03,679.6220703125,935.0,935.0,935.0,935.0,0
2001-04-04,726.8684692382812,1000.0,1000.0,935.0,935.0,42000
2001-04-05,726.8684692382812,1000.0,1000.0,1000.0,1000.0,8000
2001-04-06,726.8684692382812,1000.0,1000.0,1000.0,1000.0,4000
2001-04-10,726.8684692382812,1000.0,1002.5,1000.0,1002.5,10000
2001-04-11,679.6220703125,935.0,975.0,935.0,975.0,6000
2001-04-12,723.2340698242188,995.0,995.0,995.0,995.0,2000
2001-04-13,726.8684692382812,1000.0,1000.0,1000.0,1000.0,2000
2001-04-16,728.685546875,1002.5,1002.5,1002.5,1002.5,4000
2001-04-17,728.685546875,1002.5,1002.5,1002.5,1002.5,2000
2001-04-18,726.8684692382812,1000.0,1000.0,990.0,999.5,72000
2001-04-19,763.2118530273438,1050.0,1050.0,1000.0,1002.5,46000
2001-04-20,801.3724365234375,1102.5,1110.0,1050.0,1050.0,56000
2001-04-23,892.2310791015625,1227.5,1227.5,1107.5,1107.5,8000
2001-04-24,835.8987426757812,1150.0,1150.0,1100.0,1100.0,26000
2001-04-26,817.7269287109375,1125.0,1147.5,1110.0,1147.5,18000
2001-04-27,866.7906494140625,1192.5,1192.5,1192.5,1192.5,2000
2001-04-30,866.7906494140625,1192.5,1192.5,1192.5,1192.5,0
2001-05-01,872.241943359375,1200.0,1200.0,1192.5,1192.5,8000
2001-05-02,875.8764038085938,1205.0,1205.0,1200.0,1200.0,6000
2001-05-07,908.5855102539062,1250.0,1250.0,1200.0,1200.0,400
2001-05-08,944.9288940429688,1300.0,1300.0,1247.5,1247.5,400
2001-05-09,944.9288940429688,1300.0,1300.0,1250.0,1250.0,400
2001-05-10,963.1007690429688,1325.0,1340.0,1300.0,1300.0,1800
2001-05-11,999.444091796875,1375.0,1375.0,1325.0,1325.0,400
2001-05-14,1006.7128295898438,1385.0,1385.0,1362.5,1375.0,600
2001-05-15,999.444091796875,1375.0,1375.0,1355.0,1375.0,26000
2001-05-16,963.1007690429688,1325.0,1350.0,1325.0,1350.0,32000
2001-05-17,897.6824340820312,1235.0,1265.0,1235.0,1265.0,12000
2001-05-18,908.5855102539062,1250.0,1272.5,1250.0,1272.5,4000
2001-05-21,908.5855102539062,1250.0,1250.0,1250.0,1250.0,14000
2001-05-23,897.6824340820312,1235.0,1235.0,1135.0,1135.0,6000
2001-05-24,897.6824340820312,1235.0,1250.0,1235.0,1235.0,10000
2001-05-25,941.2947387695312,1295.0,1300.0,1240.0,1240.0,68000
2001-05-28,908.5855102539062,1250.0,1250.0,1250.0,1250.0,2000
2001-05-30,908.5855102539062,1250.0,1250.0,1250.0,1250.0,0
2001-05-31,875.8764038085938,1205.0,1205.0,1175.0,1175.0,6000
2001-06-05,875.8764038085938,1205.0,1205.0,1205.0,1205.0,0
2001-06-06,861.33935546875,1185.0,1195.0,1170.0,1185.0,24000
2001-06-07,854.0703735351562,1175.0,1185.0,1172.5,1185.0,14000
2001-06-08,846.8016967773438,1165.0,1180.0,1165.0,1180.0,8000
2001-06-11,904.9512329101562,1245.0,1245.0,1245.0,1245.0,4000
2001-06-12,884.9622192382812,1217.5,1217.5,1217.5,1217.5,2000
2001-06-15,884.9622192382812,1217.5,1217.5,1217.5,1217.5,0
2001-06-18,854.0703735351562,1175.0,1175.0,1105.0,1105.0,4000
2001-06-21,854.0703735351562,1175.0,1175.0,1175.0,1175.0,0
2001-06-22,872.241943359375,1200.0,1200.0,1200.0,1200.0,4000
2001-06-25,890.4136962890625,1225.0,1225.0,1225.0,1225.0,2000
2001-06-26,854.0703735351562,1175.0,1175.0,1175.0,1175.0,16000
2001-06-28,854.0703735351562,1175.0,1175.0,1175.0,1175.0,2000
2001-06-29,890.4136962890625,1225.0,1235.0,1225.0,1235.0,6000
2001-07-02,888.5967407226562,1222.5,1222.5,1222.5,1222.5,2000
2001-07-03,868.6077270507812,1195.0,1217.5,1195.0,1217.5,42000
2001-07-09,868.6077270507812,1195.0,1195.0,1195.0,1195.0,0
2001-07-10,852.253173828125,1172.5,1172.5,1172.5,1172.5,6000
2001-07-12,852.253173828125,1172.5,1172.5,1172.5,1172.5,0
2001-07-13,835.8987426757812,1150.0,1160.0,1145.0,1160.0,20000
2001-07-18,835.8987426757812,1150.0,1150.0,1150.0,1150.0,0
2001-07-19,814.0926513671875,1120.0,1125.0,1100.0,1125.0,20000
2001-07-20,814.0926513671875,1120.0,1120.0,1120.0,1120.0,0
2001-07-23,761.3946533203125,1047.5,1050.0,1047.5,1050.0,10000
2001-07-24,761.3946533203125,1047.5,1047.5,1045.0,1047.5,38000
2001-07-25,761.3946533203125,1047.5,1047.5,1040.0,1047.5,22000
2001-07-26,755.9432373046875,1040.0,1045.0,1040.0,1042.5,28000
2001-07-31,755.9432373046875,1040.0,1040.0,1040.0,1040.0,0
2001-08-01,741.40576171875,1020.0,1020.0,862.5,862.5,26000
2001-08-02,719.599853515625,990.0,1012.5,990.0,1012.5,20000
2001-08-06,719.599853515625,990.0,990.0,990.0,990.0,0
2001-08-07,718.1459350585938,988.0,988.0,988.0,988.0,6000
2001-08-08,686.8907470703125,945.0,975.0,945.0,975.0,24000
2001-08-09,686.8907470703125,945.0,945.0,945.0,945.0,0
2001-08-10,621.109130859375,854.5,944.5,854.5,944.5,10000
2001-08-14,621.109130859375,854.5,854.5,854.5,854.5,0
2001-08-16,617.8381958007812,850.0,850.0,850.0,850.0,0
2001-08-17,616.0211181640625,847.5,847.5,847.5,847.5,4000
2001-08-20,611.6598510742188,841.5,841.5,841.0,841.0,6000
2001-08-21,599.66650390625,825.0,825.0,825.0,825.0,4000
2001-08-22,599.66650390625,825.0,825.0,825.0,825.0,0
2001-08-23,581.4948120117188,800.0,800.0,800.0,800.0,4000
2001-08-24,570.5916748046875,785.0,800.0,700.0,700.0,26000
2001-08-28,570.5916748046875,785.0,785.0,780.0,780.0,4000
2001-08-31,570.5916748046875,785.0,785.0,785.0,785.0,0
2001-09-04,545.1512451171875,750.0,750.0,749.5,749.5,6000
2001-09-06,545.1512451171875,750.0,750.0,749.5,749.5,14000
2001-09-07,526.9796142578125,725.0,749.5,725.0,749.5,6000
2001-09-10,545.1512451171875,750.0,750.0,750.0,750.0,10000
2001-09-11,512.4421997070312,705.0,705.0,677.5,677.5,10000
2001-09-12,512.4421997070312,705.0,705.0,705.0,705.0,2000
2001-09-13,512.4421997070312,705.0,705.0,705.0,705.0,0
2001-09-14,490.6362915039063,675.0,675.0,675.0,675.0,2000
2001-09-17,429.2158203125,590.5,620.0,590.5,610.0,12000
2001-09-18,410.6806335449219,565.0,610.0,565.0,590.0,22000
2001-09-19,417.9493713378906,575.0,575.0,575.0,575.0,6000
2001-09-20,453.9293823242188,624.5,624.5,585.0,585.0,10000
2001-09-21,461.1981201171875,634.5,634.5,555.0,634.5,10000
2001-09-24,461.1981201171875,634.5,634.5,634.5,634.5,0
2001-09-25,468.8302001953125,645.0,660.0,645.0,650.0,12000
2001-09-27,439.7554626464844,605.0,605.0,605.0,605.0,2000
2001-09-28,439.7554626464844,605.0,605.0,605.0,605.0,0
2001-10-01,468.8302001953125,645.0,645.0,625.0,625.0,8000
2001-10-02,476.0988159179688,655.0,655.0,655.0,655.0,2000
2001-10-03,439.7554626464844,605.0,605.0,555.5,555.5,24000
2001-10-04,432.4866943359375,595.0,595.0,575.0,575.0,6000
2001-10-05,417.9493713378906,575.0,595.0,575.0,595.0,4000
2001-10-08,417.9493713378906,575.0,575.0,575.0,575.0,0
2001-10-09,403.77532958984375,555.5,575.0,555.5,575.0,16000
2001-10-10,403.77532958984375,555.5,562.0,555.5,560.5,18000
2001-10-11,403.77532958984375,555.5,555.5,555.5,555.5,2000
2001-10-12,432.4866943359375,595.0,595.0,575.0,575.0,18000
2001-10-15,436.1209716796875,600.0,605.0,600.0,605.0,10000
2001-10-16,465.19580078125,640.0,640.0,605.0,605.0,22000
2001-10-17,490.6362915039063,675.0,675.0,650.0,650.0,18000
2001-10-18,483.3675231933594,665.0,665.0,665.0,665.0,4000
2001-10-19,468.8302001953125,645.0,645.0,645.0,645.0,8000
2001-10-22,468.8302001953125,645.0,645.0,645.0,645.0,0
2001-10-23,490.6362915039063,675.0,675.0,645.0,645.0,6000
2001-10-25,506.99072265625,697.5,700.0,697.5,700.0,14000
2001-10-26,507.3541259765625,698.0,698.0,697.5,697.5,6000
2001-11-02,507.3541259765625,698.0,698.0,698.0,698.0,0
2001-11-05,490.6362915039063,675.0,675.0,675.0,675.0,28000
2001-11-06,490.6362915039063,675.0,675.0,675.0,675.0,0
2001-11-07,490.6362915039063,675.0,675.0,675.0,675.0,6000
2001-11-08,483.3675231933594,665.0,665.0,625.0,625.0,8000
2001-11-09,483.3675231933594,665.0,665.0,665.0,665.0,0
2001-11-12,519.7109375,715.0,715.0,715.0,715.0,8000
2001-11-13,519.7109375,715.0,715.0,715.0,715.0,0
2001-11-14,516.0765380859375,710.0,710.0,710.0,710.0,10000
2001-11-15,512.4421997070312,705.0,705.0,705.0,705.0,6000
2001-11-16,545.1512451171875,750.0,750.0,705.0,705.0,6000
2001-11-21,545.1512451171875,750.0,750.0,750.0,750.0,0
2001-11-22,526.9796142578125,725.0,725.0,725.0,725.0,4000
2001-11-27,526.9796142578125,725.0,725.0,725.0,725.0,0
2001-11-28,476.462158203125,655.5,665.0,655.5,665.0,4000
2001-11-29,476.462158203125,655.5,655.5,650.0,655.5,12000
2001-11-30,476.462158203125,655.5,655.5,655.5,655.5,0
2001-12-03,477.1890258789063,656.5,656.5,656.5,656.5,4000
2001-12-04,519.7109375,715.0,715.0,715.0,715.0,2000
2001-12-05,545.1512451171875,750.0,750.0,710.0,710.0,4000
2001-12-06,526.9796142578125,725.0,750.0,725.0,750.0,22000
2001-12-07,537.8826293945312,740.0,740.0,725.0,725.0,30000
2001-12-10,563.3231201171875,775.0,775.0,750.0,750.5,18000
2001-12-11,581.4948120117188,800.0,800.0,770.5,770.5,36000
2001-12-12,581.4948120117188,800.0,800.5,800.0,800.0,14000
2001-12-13,581.4948120117188,800.0,800.0,800.0,800.0,8000
2001-12-14,581.4948120117188,800.0,800.5,800.0,800.5,6000
2001-12-17,583.3118286132812,802.5,802.5,800.0,800.0,14000
2001-12-18,583.3118286132812,802.5,802.5,802.5,802.5,16000
2001-12-19,581.4948120117188,800.0,800.0,799.5,800.0,12000
2001-12-20,581.4948120117188,800.0,800.0,800.0,800.0,6000
2001-12-21,581.4948120117188,800.0,800.0,800.0,800.0,34000
2001-12-24,581.4948120117188,800.0,800.0,800.0,800.0,0
2001-12-25,581.4948120117188,800.0,825.0,800.0,825.0,22000
2001-12-26,583.3118286132812,802.5,802.5,800.0,800.0,4000
2001-12-28,583.3118286132812,802.5,802.5,802.5,802.5,2000
2002-01-03,583.3118286132812,802.5,802.5,802.5,802.5,0
2002-01-04,637.8269653320312,877.5,925.0,877.5,925.0,4000
2002-01-09,637.8269653320312,877.5,877.5,877.5,877.5,0
2002-01-10,648.7300415039062,892.5,892.5,892.5,892.5,10000
2002-01-14,648.7300415039062,892.5,892.5,892.5,892.5,0
2002-01-15,646.9127807617188,890.0,890.0,850.0,850.0,6000
2002-01-16,646.9127807617188,890.0,890.0,890.0,890.0,0
2002-01-18,643.2786865234375,885.0,900.0,885.0,900.0,10000
2002-01-21,643.2786865234375,885.0,885.0,885.0,885.0,2000
2002-01-22,654.1815795898438,900.0,900.0,900.0,900.0,8000
2002-01-23,646.9127807617188,890.0,890.0,890.0,890.0,6000
2002-01-24,646.9127807617188,890.0,890.0,890.0,890.0,2000
2002-01-25,708.6967163085938,975.0,975.0,975.0,975.0,4000
2002-01-28,708.6967163085938,975.0,975.0,975.0,975.0,2000
2002-02-06,708.6967163085938,975.0,975.0,975.0,975.0,0
2002-02-07,686.8907470703125,945.0,945.0,900.0,900.0,16000
2002-02-08,683.25634765625,940.0,940.0,900.0,900.0,6000
2002-02-11,683.25634765625,940.0,940.0,940.0,940.0,0
2002-02-12,665.0847778320312,915.0,940.0,915.0,940.0,18000
2002-02-13,654.1815795898438,900.0,900.0,850.0,850.0,10000
2002-02-14,654.1815795898438,900.0,900.0,900.0,900.0,2000
2002-02-22,654.1815795898438,900.0,900.0,900.0,900.0,0
2002-02-25,653.818115234375,899.5,899.5,899.5,899.5,2000
2002-02-26,646.5493774414062,889.5,894.5,889.5,894.5,6000
2002-02-27,617.8381958007812,850.0,850.0,850.0,850.0,2000
2002-02-28,636.0099487304688,875.0,875.0,850.0,850.0,14000
2002-03-01,654.1815795898438,900.0,900.0,900.0,900.0,4000
2002-03-04,664.72119140625,914.5,914.5,914.5,914.5,6000
2002-03-05,661.4501342773438,910.0,910.0,900.0,900.0,8000
2002-03-06,661.4501342773438,910.0,910.0,910.0,910.0,0
2002-03-07,683.25634765625,940.0,940.0,940.0,940.0,2000
2002-03-08,715.9654541015625,985.0,985.0,940.0,940.5,48000
2002-03-11,799.5552368164062,1100.0,1135.0,1100.0,1135.0,24000
2002-03-12,799.5552368164062,1100.0,1100.0,1000.0,1100.0,36000
2002-03-13,797.7382202148438,1097.5,1135.0,1097.5,1100.0,22000
2002-03-14,750.4916381835938,1032.5,1057.5,1010.0,1057.5,16000
2002-03-15,799.5552368164062,1100.0,1100.0,1075.0,1075.0,10000
2002-03-18,799.5552368164062,1100.0,1100.0,1100.0,1100.0,0
2002-03-19,795.9207763671875,1095.0,1097.5,1095.0,1095.0,10000
2002-03-20,797.7382202148438,1097.5,1097.5,1097.5,1097.5,12000
2002-03-21,797.7382202148438,1097.5,1097.5,1097.5,1097.5,0
2002-03-22,797.7382202148438,1097.5,1100.0,1095.0,1100.0,8000
2002-03-25,726.8684692382812,1000.0,1032.5,1000.0,1025.0,30000
2002-03-26,747.0083618164062,1020.0,1020.0,1000.0,1000.0,4000
2002-03-27,768.979248046875,1050.0,1050.0,1020.0,1020.0,10000
2002-03-28,783.62646484375,1070.0,1070.0,1050.0,1050.0,4000
2002-03-29,783.62646484375,1070.0,1100.0,1070.0,1070.0,14000
2002-04-01,805.5972290039062,1100.0,1100.0,1075.0,1095.0,12000
2002-04-03,790.9500122070312,1080.0,1080.0,1000.0,1000.0,12000
2002-04-04,794.6119384765625,1085.0,1085.0,1080.0,1080.0,18000
2002-04-05,794.6119384765625,1085.0,1085.0,1085.0,1085.0,4000
2002-04-08,803.7664184570312,1097.5,1097.5,1085.0,1087.5,18000
2002-04-09,768.979248046875,1050.0,1100.0,1015.0,1057.5,18000
2002-04-10,783.62646484375,1070.0,1090.0,1050.0,1050.0,34000
2002-04-11,801.9353637695312,1095.0,1100.0,1095.0,1100.0,22000
2002-04-12,805.5972290039062,1100.0,1115.0,1085.0,1085.0,26000
2002-04-17,805.5972290039062,1100.0,1100.0,1097.5,1097.5,18000
2002-04-18,805.5972290039062,1100.0,1105.0,1100.0,1102.5,14000
2002-04-19,805.5972290039062,1100.0,1102.5,1100.0,1100.0,20000
2002-04-22,805.5972290039062,1100.0,1102.5,1100.0,1102.5,6000
2002-04-23,800.1045532226562,1092.5,1095.0,1092.5,1095.0,16000
2002-04-24,796.4428100585938,1087.5,1087.5,1087.5,1087.5,8000
2002-04-25,789.119140625,1077.5,1080.0,1077.5,1080.0,6000
2002-04-26,779.9646606445312,1065.0,1065.0,1050.0,1050.0,8000
2002-04-29,779.9646606445312,1065.0,1065.0,1065.0,1065.0,0
2002-04-30,794.6119384765625,1085.0,1085.0,1085.0,1085.0,8000
2002-05-02,761.6555786132812,1040.0,1057.5,1017.5,1057.5,18000
2002-05-06,761.6555786132812,1040.0,1040.0,1040.0,1040.0,0
2002-05-07,750.6701049804688,1025.0,1025.0,1000.0,1000.0,10000
2002-05-08,732.3611450195312,1000.0,1025.0,1000.0,1025.0,12000
2002-05-09,732.3611450195312,1000.0,1000.0,1000.0,1000.0,8000
2002-05-13,670.1104125976562,915.0,920.0,915.0,920.0,8000
2002-05-14,659.1251220703125,900.0,950.0,900.0,930.0,44000
2002-05-15,670.1104125976562,915.0,915.0,900.0,900.0,18000
2002-05-16,714.052001953125,975.0,975.0,920.0,920.0,38000
2002-05-17,732.3611450195312,1000.0,1000.0,950.0,950.0,6000
2002-05-20,714.052001953125,975.0,975.0,975.0,975.0,2000
2002-05-21,717.7139282226562,980.0,980.5,975.0,975.0,6000
2002-05-22,718.0801391601562,980.5,980.5,980.0,980.0,18000
2002-05-23,767.1483154296875,1047.5,1047.5,975.0,975.0,18000
2002-05-24,787.2881469726562,1075.0,1090.0,1055.0,1087.5,16000
2002-05-28,768.979248046875,1050.0,1050.0,1050.0,1050.0,14000
2002-05-29,805.5972290039062,1100.0,1100.0,1070.0,1070.0,20000
2002-05-31,768.979248046875,1050.0,1050.0,1050.0,1050.0,4000
2002-06-04,768.979248046875,1050.0,1050.0,1050.0,1050.0,8000
2002-06-05,768.979248046875,1050.0,1052.5,1050.0,1052.5,10000
2002-06-06,776.302734375,1060.0,1060.0,1060.0,1060.0,4000
2002-06-07,827.568115234375,1130.0,1130.0,1060.0,1060.0,16000
2002-06-10,827.568115234375,1130.0,1150.0,1125.0,1150.0,20000
2002-06-12,827.568115234375,1130.0,1130.0,1130.0,1130.0,0
2002-06-13,809.2589111328125,1105.0,1115.0,1105.0,1115.0,8000
2002-06-18,765.3174438476562,1045.0,1045.0,1002.5,1002.5,4000
2002-06-20,765.3174438476562,1045.0,1045.0,1045.0,1045.0,0
2002-06-27,768.979248046875,1050.0,1050.0,1050.0,1050.0,6000
2002-07-01,803.7664184570312,1097.5,1097.5,1097.5,1097.5,2000
2002-07-02,805.5972290039062,1100.0,1100.0,1100.0,1100.0,6000
2002-07-03,805.5972290039062,1100.0,1100.0,1100.0,1100.0,2000
2002-07-04,801.9353637695312,1095.0,1097.5,1095.0,1097.5,12000
2002-07-05,789.119140625,1077.5,1092.5,1077.5,1092.5,22000
2002-07-08,789.119140625,1077.5,1077.5,1077.5,1077.5,8000
2002-07-09,789.119140625,1077.5,1077.5,1077.5,1077.5,0
2002-07-10,794.6119384765625,1085.0,1085.0,1085.0,1085.0,6000
2002-07-11,805.5972290039062,1100.0,1125.0,1090.0,1090.0,28000
2002-07-16,805.5972290039062,1100.0,1100.0,1100.0,1100.0,38000
2002-07-17,805.5972290039062,1100.0,1125.0,1100.0,1125.0,82000
2002-07-18,805.5972290039062,1100.0,1102.5,1100.0,1102.5,30000
2002-07-23,805.5972290039062,1100.0,1100.0,1095.0,1095.0,12000
2002-07-24,805.5972290039062,1100.0,1100.0,1097.5,1100.0,12000
2002-07-25,805.5972290039062,1100.0,1130.0,1100.0,1130.0,18000
2002-07-26,822.0751342773438,1122.5,1125.0,1120.0,1125.0,30000
2002-07-30,822.0751342773438,1122.5,1122.5,1122.5,1122.5,6000
2002-07-31,823.9063720703125,1125.0,1125.0,1125.0,1125.0,8000
2002-08-01,823.9063720703125,1125.0,1125.0,1120.0,1125.0,26000
2002-08-02,823.9063720703125,1125.0,1125.0,1125.0,1125.0,0
2002-08-05,794.6119384765625,1085.0,1085.0,1065.0,1065.0,6000
2002-08-07,772.6409912109375,1055.0,1055.0,1000.0,1000.0,12000
2002-08-09,772.6409912109375,1055.0,1055.0,1055.0,1055.0,0
2002-08-12,823.9063720703125,1125.0,1125.0,1100.0,1100.0,12000
2002-08-13,794.6119384765625,1085.0,1100.0,1085.0,1100.0,6000
2002-08-15,794.6119384765625,1085.0,1085.0,1085.0,1085.0,0
2002-08-16,790.9500122070312,1080.0,1097.5,1080.0,1097.5,10000
2002-08-19,801.9353637695312,1095.0,1100.0,1095.0,1100.0,10000
2002-08-22,790.9500122070312,1080.0,1080.0,1080.0,1080.0,4000
2002-08-26,790.9500122070312,1080.0,1080.0,1080.0,1080.0,0
2002-08-27,787.2881469726562,1075.0,1075.0,1075.0,1075.0,18000
2002-08-28,787.2881469726562,1075.0,1075.0,1075.0,1075.0,6000
2002-09-02,768.979248046875,1050.0,1070.0,1050.0,1070.0,8000
2002-09-04,787.2881469726562,1075.0,1100.0,1075.0,1075.0,8000
2002-09-05,787.2881469726562,1075.0,1075.0,1075.0,1075.0,0
2002-09-06,787.2881469726562,1075.0,1075.0,1075.0,1075.0,2000
2002-09-09,779.9646606445312,1065.0,1065.0,1065.0,1065.0,6000
2002-09-10,805.5972290039062,1100.0,1100.0,1100.0,1100.0,4000
2002-09-12,805.5972290039062,1100.0,1100.0,1100.0,1100.0,50000
2002-09-13,807.42822265625,1102.5,1102.5,1102.5,1102.5,2000
2002-09-17,807.42822265625,1102.5,1102.5,1102.5,1102.5,0
2002-09-18,805.5972290039062,1100.0,1100.0,1100.0,1100.0,0
2002-09-19,805.5972290039062,1100.0,1102.5,1100.0,1102.5,10000
2002-09-20,783.62646484375,1070.0,1070.0,1060.0,1060.0,8000
2002-09-23,783.62646484375,1070.0,1070.0,1070.0,1070.0,0
2002-09-24,768.979248046875,1050.0,1060.0,1050.0,1057.5,16000
2002-09-25,768.979248046875,1050.0,1050.0,1050.0,1050.0,12000
2002-09-26,768.979248046875,1050.0,1050.0,1050.0,1050.0,0
2002-09-27,768.979248046875,1050.0,1050.0,1050.0,1050.0,2000
2002-09-30,785.4573364257812,1072.5,1072.5,1050.0,1052.5,16000
2002-10-01,787.2881469726562,1075.0,1075.0,1072.5,1072.5,12000
2002-10-02,768.979248046875,1050.0,1050.0,1050.0,1050.0,24000
2002-10-03,787.2881469726562,1075.0,1075.0,1075.0,1075.0,16000
2002-10-04,732.3611450195312,1000.0,1075.0,1000.0,1075.0,16000
2002-10-09,706.7286376953125,965.0,965.0,965.0,965.0,0
2002-10-23,732.3611450195312,1000.0,1000.0,1000.0,1000.0,4000
2002-10-25,731.9949951171875,999.5,1000.0,999.5,1000.0,6000
2002-11-05,731.9949951171875,999.5,999.5,999.5,999.5,2000
2002-11-08,731.9949951171875,999.5,999.5,999.5,999.5,0
2002-11-11,732.3611450195312,1000.0,1000.0,1000.0,1000.0,6000
2002-11-12,765.3174438476562,1045.0,1050.0,1000.0,1000.0,28000
2002-11-13,732.3611450195312,1000.0,1000.0,1000.0,1000.0,0
2002-11-14,695.7430419921875,950.0,956.0,950.0,956.0,8000
2002-11-18,714.052001953125,975.0,975.0,964.0,964.0,4000
2002-11-19,725.03759765625,990.0,990.0,990.0,990.0,6000
2002-11-20,725.03759765625,990.0,990.0,990.0,990.0,0
2002-11-21,677.4340209960938,925.0,926.5,895.0,895.0,18000
2002-11-22,695.7430419921875,950.0,950.0,950.0,950.0,6000
2002-11-25,695.7430419921875,950.0,1000.0,950.0,1000.0,8000
2002-11-26,695.7430419921875,950.0,950.0,950.0,950.0,0
2002-11-27,732.3611450195312,1000.0,1000.0,1000.0,1000.0,2000
2002-11-28,731.9949951171875,999.5,999.5,999.5,999.5,10000
2002-11-29,662.786865234375,905.0,905.5,905.0,905.0,10000
2002-12-02,662.786865234375,905.0,905.0,905.0,905.0,0
2002-12-03,695.7430419921875,950.0,950.0,950.0,950.0,4000
2002-12-04,684.7577514648438,935.0,945.0,935.0,945.0,50000
2002-12-05,659.4912109375,900.5,935.0,900.0,935.0,14000
2002-12-09,659.4912109375,900.5,900.5,900.5,900.5,0
2002-12-10,670.1104125976562,915.0,915.0,915.0,915.0,64000
2002-12-11,670.1104125976562,915.0,915.0,915.0,915.0,8000
2002-12-12,659.1251220703125,900.0,905.0,900.0,905.0,50000
2002-12-13,660.9558715820312,902.5,902.5,902.5,902.5,2000
2002-12-16,660.9558715820312,902.5,902.5,902.5,902.5,30000
2002-12-17,651.8015747070312,890.0,902.5,890.0,902.5,50000
2002-12-18,586.2551879882812,800.5,845.0,790.0,845.0,34000
2002-12-19,596.8742065429688,815.0,815.0,795.0,810.5,18000
2002-12-20,596.8742065429688,815.0,815.0,800.0,815.0,44000
2002-12-24,582.22705078125,795.0,814.5,795.0,814.5,10000
2002-12-25,582.22705078125,795.0,815.0,795.0,815.0,18000
2002-12-26,596.8742065429688,815.0,815.0,815.0,815.0,2000
2002-12-27,591.3817138671875,807.5,815.5,799.5,815.5,26000
2003-01-03,591.3817138671875,807.5,807.5,807.5,807.5,0
2003-01-06,596.8742065429688,815.0,815.0,815.0,815.0,0
2003-01-10,640.8159790039062,875.0,875.0,875.0,875.0,6000
2003-01-14,640.8159790039062,875.0,875.0,875.0,875.0,0
2003-01-15,633.4923095703125,865.0,865.0,865.0,865.0,0
2003-01-16,629.8305053710938,860.0,860.0,860.0,860.0,10000
2003-01-20,629.8305053710938,860.0,860.0,860.0,860.0,18000
2003-01-21,615.1832885742188,840.0,842.5,840.0,842.5,34000
2003-01-22,604.1979370117188,825.0,840.0,825.0,840.0,42000
2003-01-23,604.1979370117188,825.0,825.0,824.5,824.5,12000
2003-01-24,597.9728393554688,816.5,825.0,816.5,825.0,26000
2003-01-27,597.9728393554688,816.5,816.5,816.5,816.5,18000
2003-01-28,597.9728393554688,816.5,817.0,816.5,817.0,18000
2003-01-29,587.7197875976562,802.5,816.5,802.5,816.5,20000
2003-01-30,587.7197875976562,802.5,802.5,802.5,802.5,20000
2003-01-31,615.1832885742188,840.0,840.0,840.0,840.0,2000
2003-02-04,615.1832885742188,840.0,840.0,840.0,840.0,8000
2003-02-05,604.1979370117188,825.0,825.5,825.0,825.0,24000
2003-02-06,589.5506591796875,805.0,805.0,805.0,805.0,6000
2003-02-07,589.9169311523438,805.5,805.5,805.5,805.5,2000
2003-02-10,615.1832885742188,840.0,840.0,840.0,840.0,6000
2003-02-11,615.1832885742188,840.0,840.0,840.0,840.0,0
2003-02-12,609.6905517578125,832.5,840.0,802.5,840.0,10000
2003-02-13,609.6905517578125,832.5,832.5,832.5,832.5,0
2003-02-14,609.3245239257812,832.0,832.0,832.0,832.0,284000
2003-02-17,615.1832885742188,840.0,840.0,800.5,832.0,56000
2003-02-18,640.8159790039062,875.0,875.0,850.0,850.0,46000
2003-02-19,651.8015747070312,890.0,900.0,890.0,890.5,62000
2003-02-21,659.1251220703125,900.0,900.0,900.0,900.0,2000
2003-02-24,659.1251220703125,900.0,900.0,900.0,900.0,6000
2003-02-25,615.1832885742188,840.0,850.0,840.0,850.0,6000
2003-02-27,622.5068969726562,850.0,850.0,850.0,850.0,6000
2003-02-28,623.2392578125,851.0,851.0,851.0,851.0,2000
2003-03-03,623.60546875,851.5,851.5,851.5,851.5,0
2003-03-04,627.2673950195312,856.5,856.5,850.0,850.0,8000
2003-03-05,629.8305053710938,860.0,860.0,860.0,860.0,4000
2003-03-06,640.8159790039062,875.0,875.0,870.0,870.0,32000
2003-03-07,629.8305053710938,860.0,875.5,860.0,875.5,24000
2003-03-10,629.8305053710938,860.0,875.0,860.0,875.0,26000
2003-03-11,629.8305053710938,860.0,860.0,860.0,860.0,2000
2003-03-12,622.8731079101562,850.5,860.0,850.5,859.5,24000
2003-03-13,607.8596801757812,830.0,850.0,830.0,850.0,20000
2003-03-14,607.8596801757812,830.0,830.0,830.0,830.0,4000
2003-03-17,607.8596801757812,830.0,830.0,830.0,830.0,2000
2003-03-18,586.2551879882812,800.5,830.0,800.5,830.0,80000
2003-03-19,603.8316650390625,824.5,845.0,810.0,845.0,24000
2003-03-20,622.5068969726562,850.0,850.5,850.0,850.5,4000
2003-03-21,622.5068969726562,850.0,850.0,850.0,850.0,0
2003-03-24,604.1979370117188,825.0,850.0,825.0,850.0,8000
2003-03-25,622.5068969726562,850.0,915.0,850.0,915.0,22000
2003-03-26,628.048583984375,850.0,850.0,850.0,850.0,0
2003-03-27,628.4179077148438,850.5,850.5,850.5,850.5,4000
2003-03-28,628.4179077148438,850.5,851.0,850.5,851.0,6000
2003-03-31,631.742919921875,855.0,855.0,850.5,850.5,6000
2003-04-01,635.4373168945312,860.0,860.0,860.0,860.0,0
2003-04-02,631.742919921875,855.0,860.0,855.0,860.0,8000
2003-04-03,635.4373168945312,860.0,860.0,860.0,860.0,6000
2003-04-04,635.06787109375,859.5,860.0,859.5,860.0,8000
2003-04-07,637.6539306640625,863.0,863.0,863.0,863.0,0
2003-04-08,639.1317138671875,865.0,865.0,865.0,865.0,2000
2003-04-09,646.5205688476562,875.0,875.0,875.0,875.0,2000
2003-04-10,679.4006958007812,919.5,919.5,918.0,919.5,14000
2003-04-11,676.0758666992188,915.0,924.5,915.0,919.5,12000
2003-04-14,676.0758666992188,915.0,915.0,915.0,915.0,0
2003-04-15,696.0255126953125,942.0,942.0,915.0,915.0,18000
2003-04-16,696.3950805664062,942.5,942.5,942.0,942.5,8000
2003-04-17,716.7141723632812,970.0,970.0,942.5,943.0,20000
2003-04-18,757.3526000976562,1025.0,1045.0,1010.0,1010.0,12000
2003-04-21,751.8110961914062,1017.5,1025.0,1017.5,1025.0,14000
2003-04-22,775.82470703125,1050.0,1057.5,1050.0,1057.5,28000
2003-04-23,764.741455078125,1035.0,1050.0,1035.0,1050.0,28000
2003-04-24,764.741455078125,1035.0,1045.0,1035.0,1037.5,80000
2003-04-25,738.8806762695312,1000.0,1050.0,1000.0,1050.0,14000
2003-04-28,716.7141723632812,970.0,1000.0,970.0,1000.0,16000
2003-04-29,716.7141723632812,970.0,970.0,970.0,970.0,0
2003-05-02,738.8806762695312,1000.0,1000.0,1000.0,1000.0,8000
2003-05-05,738.8806762695312,1000.0,1000.0,1000.0,1000.0,0
2003-05-06,720.4085083007812,975.0,1000.0,975.0,1000.0,16000
2003-05-07,720.4085083007812,975.0,975.0,975.0,975.0,0
2003-05-08,720.4085083007812,975.0,975.0,975.0,975.0,4000
2003-05-09,716.7141723632812,970.0,970.0,950.5,950.5,4000
2003-05-12,731.4918823242188,990.0,990.0,990.0,990.0,6000
2003-05-13,701.9367065429688,950.0,950.0,950.0,950.0,8000
2003-05-14,701.9367065429688,950.0,950.0,950.0,950.0,4000
2003-05-15,731.4918823242188,990.0,990.0,990.0,990.0,8000
2003-05-16,668.68701171875,905.0,950.0,905.0,950.0,8000
2003-05-19,701.9367065429688,950.0,950.0,950.0,950.0,0
2003-05-20,731.4918823242188,990.0,990.0,990.0,990.0,2000
2003-05-21,701.9367065429688,950.0,950.0,950.0,950.0,2000
2003-05-22,707.8477783203125,958.0,958.0,958.0,958.0,0
2003-05-23,738.8806762695312,1000.0,1005.0,977.5,1000.0,62000
2003-05-26,746.2694091796875,1010.0,1055.0,1010.0,1050.0,50000
2003-05-27,775.82470703125,1050.0,1050.0,1025.0,1037.5,20000
2003-05-28,812.7686767578125,1100.0,1100.0,1050.0,1100.0,14000
2003-05-29,812.7686767578125,1100.0,1100.0,1097.5,1097.5,10000
2003-05-30,812.7686767578125,1100.0,1105.0,1100.0,1105.0,34000
2003-06-02,820.1574096679688,1110.0,1110.0,1100.0,1110.0,24000
2003-06-03,831.24072265625,1125.0,1125.0,1100.0,1100.0,48000
2003-06-04,797.990966796875,1080.0,1100.0,1080.0,1100.0,18000
2003-06-05,818.3104248046875,1107.5,1115.0,1075.0,1075.0,70000
2003-06-06,812.7686767578125,1100.0,1107.5,1075.0,1105.0,58000
2003-06-09,812.7686767578125,1100.0,1100.0,1100.0,1100.0,24000
2003-06-10,849.7127075195312,1150.0,1150.0,1122.5,1122.5,12000
2003-06-11,853.4073486328125,1155.0,1160.0,1150.0,1150.0,44000
2003-06-12,849.7127075195312,1150.0,1205.0,1135.0,1200.0,18000
2003-06-13,860.7959594726562,1165.0,1165.0,1150.0,1150.0,16000
2003-06-16,886.6567993164062,1200.0,1200.0,1200.0,1200.0,4000
2003-06-17,894.0455932617188,1210.0,1210.0,1197.5,1197.5,86000
2003-06-18,905.1288452148438,1225.0,1225.0,1200.0,1200.0,76000
2003-06-19,905.1288452148438,1225.0,1225.0,1210.0,1225.0,70000
2003-06-20,894.0455932617188,1210.0,1212.5,1202.5,1210.0,32000
2003-06-23,912.5175170898438,1235.0,1235.0,1200.0,1202.5,46000
2003-06-24,886.6567993164062,1200.0,1205.0,1185.0,1205.0,50000
2003-06-25,886.6567993164062,1200.0,1202.5,1180.0,1180.0,42000
2003-06-26,894.0455932617188,1210.0,1215.0,1200.0,1205.0,54000
2003-06-27,890.35107421875,1205.0,1210.0,1202.5,1202.5,32000
2003-06-30,905.1288452148438,1225.0,1225.0,1225.0,1225.0,6000
2003-07-01,927.2951049804688,1255.0,1275.0,1225.0,1245.0,64000
2003-07-02,949.461669921875,1285.0,1285.0,1275.0,1275.0,44000
2003-07-03,930.98974609375,1260.0,1260.0,1250.0,1250.0,6000
2003-07-04,930.98974609375,1260.0,1260.0,1260.0,1260.0,4000
2003-07-07,953.1559448242188,1290.0,1290.0,1260.0,1260.0,10000
2003-07-08,953.1559448242188,1290.0,1290.0,1290.0,1290.0,54000
2003-07-09,953.1559448242188,1290.0,1290.0,1290.0,1290.0,6000
2003-07-10,960.545166015625,1300.0,1300.0,1292.5,1292.5,10000
2003-07-11,958.6976318359376,1297.5,1297.5,1295.0,1295.0,12000
2003-07-14,951.3090209960938,1287.5,1300.0,1285.0,1297.5,10000
2003-07-15,1025.1968994140625,1387.5,1387.5,1387.5,1387.5,20000
2003-07-16,1034.4329833984375,1400.0,1427.5,1400.0,1427.5,20000
2003-07-17,997.4890747070312,1350.0,1400.0,1325.0,1400.0,22000
2003-07-18,997.4890747070312,1350.0,1350.0,1345.0,1350.0,46000
2003-07-22,997.4890747070312,1350.0,1350.0,1345.0,1350.0,24000
2003-07-23,990.1001586914062,1340.0,1350.0,1340.0,1350.0,46000
2003-07-24,997.4890747070312,1350.0,1375.0,1340.0,1350.0,130000
2003-07-25,997.4890747070312,1350.0,1350.0,1340.0,1350.0,54000
2003-07-28,1015.9609985351562,1375.0,1375.0,1372.5,1375.0,62000
2003-07-29,1027.0440673828125,1390.0,1400.0,1370.0,1375.0,102000
2003-07-30,1038.12744140625,1405.0,1405.0,1372.5,1400.0,62000
2003-07-31,1038.12744140625,1405.0,1405.0,1405.0,1405.0,0
2003-08-01,1104.6265869140625,1495.0,1495.0,1405.0,1405.0,26000
2003-08-04,1152.6539306640625,1560.0,1600.0,1525.0,1540.0,204000
2003-08-05,1108.3209228515625,1500.0,1535.0,1485.0,1535.0,54000
2003-08-06,1049.2103271484375,1420.0,1495.0,1420.0,1495.0,14000
2003-08-07,1034.4329833984375,1400.0,1420.0,1400.0,1420.0,8000
2003-08-08,1019.6552124023438,1380.0,1402.5,1375.0,1402.5,12000
2003-08-11,986.4058227539062,1335.0,1380.0,1320.0,1377.5,32000
2003-08-12,993.79443359375,1345.0,1385.0,1345.0,1382.5,60000
2003-08-13,993.79443359375,1345.0,1345.0,1345.0,1345.0,2000
2003-08-14,1034.4329833984375,1400.0,1400.0,1385.0,1400.0,22000
2003-08-15,1086.15478515625,1470.0,1470.0,1460.0,1470.0,26000
2003-08-18,1082.460205078125,1465.0,1500.0,1450.0,1500.0,18000
2003-08-19,1108.3209228515625,1500.0,1500.0,1465.0,1465.0,16000
2003-08-20,1108.3209228515625,1500.0,1500.0,1500.0,1500.0,26000
2003-08-21,1115.7095947265625,1510.0,1510.0,1500.0,1500.0,6000
2003-08-22,1123.098388671875,1520.0,1525.0,1520.0,1525.0,8000
2003-08-25,1148.95947265625,1555.0,1600.0,1555.0,1600.0,8000
2003-08-26,1126.7928466796875,1525.0,1555.0,1525.0,1555.0,4000
2003-08-27,1130.4874267578125,1530.0,1575.0,1455.0,1455.0,12000
2003-08-29,1108.3209228515625,1500.0,1515.0,1500.0,1500.0,10000
2003-09-01,1182.209228515625,1600.0,1600.0,1500.0,1500.0,30000
2003-09-02,1145.2652587890625,1550.0,1600.0,1550.0,1600.0,8000
2003-09-03,1182.209228515625,1600.0,1600.0,1550.0,1550.0,10000
2003-09-04,1163.737060546875,1575.0,1605.0,1575.0,1605.0,24000
2003-09-05,1163.737060546875,1575.0,1600.0,1575.0,1600.0,24000
2003-09-08,1108.3209228515625,1500.0,1575.0,1500.0,1575.0,6000
2003-09-09,1104.6265869140625,1495.0,1500.0,1495.0,1500.0,6000
2003-09-10,1108.3209228515625,1500.0,1500.0,1500.0,1500.0,12000
2003-09-11,1145.2652587890625,1550.0,1560.0,1550.0,1550.0,12000
2003-09-12,1145.2652587890625,1550.0,1550.0,1550.0,1550.0,14000
2003-09-16,1196.98681640625,1620.0,1640.0,1600.0,1600.0,64000
2003-09-17,1148.95947265625,1555.0,1620.0,1525.0,1620.0,16000
2003-09-18,1137.876220703125,1540.0,1575.0,1520.0,1555.0,44000
2003-09-19,1145.2652587890625,1550.0,1555.0,1550.0,1555.0,12000
2003-09-23,1145.2652587890625,1550.0,1550.0,1550.0,1550.0,0
2003-09-24,1108.3209228515625,1500.0,1500.0,1475.0,1500.0,16000
2003-09-25,1089.8489990234375,1475.0,1500.0,1475.0,1500.0,6000
2003-09-26,1089.8489990234375,1475.0,1475.0,1475.0,1475.0,4000
2003-09-29,1089.8489990234375,1475.0,1475.0,1475.0,1475.0,8000
2003-09-30,1115.7095947265625,1510.0,1510.0,1500.0,1500.0,8000
2003-10-01,1130.4874267578125,1530.0,1535.0,1500.0,1505.0,34000
2003-10-02,1145.2652587890625,1550.0,1550.0,1525.0,1525.0,20000
2003-10-03,1145.2652587890625,1550.0,1550.0,1540.0,1540.0,26000
2003-10-06,1145.2652587890625,1550.0,1600.0,1550.0,1570.0,12000
2003-10-07,1145.2652587890625,1550.0,1550.0,1550.0,1550.0,20000
2003-10-08,1145.2652587890625,1550.0,1550.0,1550.0,1550.0,2000
2003-10-14,1108.3209228515625,1500.0,1530.0,1437.5,1437.5,36000
2003-10-15,1112.015380859375,1505.0,1520.0,1500.0,1500.0,20000
2003-10-16,1108.3209228515625,1500.0,1500.0,1495.0,1495.0,18000
2003-10-17,1112.015380859375,1505.0,1505.0,1505.0,1505.0,0
2003-10-20,1108.3209228515625,1500.0,1500.0,1500.0,1500.0,2000
2003-10-21,1119.404296875,1515.0,1515.0,1515.0,1515.0,0
2003-10-23,1137.876220703125,1540.0,1550.0,1525.0,1530.0,24000
2003-10-24,1108.3209228515625,1500.0,1525.0,1500.0,1525.0,4000
2003-10-27,1108.3209228515625,1500.0,1505.0,1500.0,1505.0,48000
2003-10-31,1126.7928466796875,1525.0,1525.0,1505.0,1505.0,4000
2003-11-03,1126.7928466796875,1525.0,1525.0,1525.0,1525.0,0
2003-11-04,1130.4874267578125,1530.0,1530.0,1530.0,1530.0,2000
2003-11-06,1137.876220703125,1540.0,1540.0,1500.0,1500.0,4000
2003-11-10,1137.876220703125,1540.0,1540.0,1540.0,1540.0,0
2003-11-11,1126.7928466796875,1525.0,1525.0,1525.0,1525.0,4000
2003-11-12,1108.3209228515625,1500.0,1500.0,1500.0,1500.0,6000
2003-11-14,1108.3209228515625,1500.0,1530.0,1500.0,1530.0,8000
2003-11-17,1108.3209228515625,1500.0,1585.0,1500.0,1585.0,8000
2003-11-18,1108.3209228515625,1500.0,1545.0,1500.0,1500.0,20000
2003-11-19,1108.3209228515625,1500.0,1500.0,1500.0,1500.0,0
2003-11-20,1082.460205078125,1465.0,1465.0,1465.0,1465.0,14000
2003-11-21,1073.22412109375,1452.5,1465.0,1452.5,1465.0,16000
2003-11-24,1073.22412109375,1452.5,1452.5,1452.5,1452.5,0
2003-11-25,1071.376708984375,1450.0,1455.0,1430.0,1450.0,40000
2003-11-26,1071.376708984375,1450.0,1450.0,1450.0,1450.0,14000
2003-11-27,1067.6827392578125,1445.0,1450.0,1435.0,1450.0,50000
2003-11-28,1049.2103271484375,1420.0,1450.0,1420.0,1450.0,48000
2003-12-01,1071.376708984375,1450.0,1450.0,1425.0,1425.0,6000
2003-12-02,1054.7523193359375,1427.5,1452.5,1425.0,1452.5,38000
2003-12-03,1058.446533203125,1432.5,1432.5,1425.0,1430.0,30000
2003-12-04,1071.376708984375,1450.0,1450.0,1435.0,1435.0,14000
2003-12-05,1073.22412109375,1452.5,1460.0,1452.5,1460.0,8000
2003-12-08,1054.7523193359375,1427.5,1452.5,1427.5,1452.5,20000
2003-12-09,1015.9609985351562,1375.0,1407.5,1350.0,1407.5,80000
2003-12-10,1017.80810546875,1377.5,1377.5,1377.5,1377.5,4000
2003-12-11,1015.9609985351562,1375.0,1400.0,1375.0,1390.0,24000
2003-12-12,1015.9609985351562,1375.0,1377.5,1375.0,1375.0,20000
2003-12-15,1017.80810546875,1377.5,1455.0,1377.5,1455.0,20000
2003-12-16,1034.4329833984375,1400.0,1400.0,1375.0,1375.0,12000
2003-12-17,982.7113037109376,1330.0,1402.5,1330.0,1402.5,68000
2003-12-18,1017.80810546875,1377.5,1377.5,1377.5,1377.5,2000
2003-12-19,1028.8916015625,1392.5,1392.5,1392.5,1392.5,2000
2003-12-22,1028.8916015625,1392.5,1395.0,1392.5,1395.0,4000
2003-12-23,1028.8916015625,1392.5,1392.5,1392.5,1392.5,0
2003-12-24,1034.4329833984375,1400.0,1400.0,1395.0,1395.0,6000
2004-01-06,1001.1834716796876,1355.0,1355.0,1355.0,1355.0,6000
2004-01-07,986.4058227539062,1335.0,1335.0,1335.0,1335.0,2000
2004-01-08,971.6279296875,1315.0,1325.0,1315.0,1317.5,10000
2004-01-09,971.6279296875,1315.0,1315.0,1315.0,1315.0,2000
2004-01-12,971.6279296875,1315.0,1315.0,1315.0,1315.0,0
2004-01-13,938.3784790039062,1270.0,1295.0,1270.0,1295.0,18000
2004-01-14,956.8507080078124,1295.0,1295.0,1295.0,1295.0,2000
2004-01-15,1030.738525390625,1395.0,1395.0,1395.0,1395.0,4000
2004-01-16,1017.80810546875,1377.5,1377.5,1377.5,1377.5,0
2004-01-19,964.2391357421876,1305.0,1357.5,1265.0,1357.5,20000
2004-01-20,991.9473876953124,1342.5,1342.5,1302.5,1315.0,14000
2004-01-21,964.2391357421876,1305.0,1325.0,1305.0,1322.5,6000
2004-01-22,967.93359375,1310.0,1310.0,1310.0,1310.0,2000
2004-01-23,995.6419067382812,1347.5,1370.0,1347.5,1370.0,6000
2004-01-26,997.4890747070312,1350.0,1350.0,1350.0,1350.0,0
2004-01-27,999.3359985351562,1352.5,1352.5,1352.5,1352.5,0
2004-01-28,997.4890747070312,1350.0,1365.0,1350.0,1365.0,4000
2004-01-29,995.6419067382812,1347.5,1347.5,1347.5,1347.5,2000
2004-02-02,1004.8776245117188,1360.0,1360.0,1360.0,1360.0,0
2004-02-03,1015.9609985351562,1375.0,1375.0,1375.0,1375.0,2000
2004-02-09,1019.6552124023438,1380.0,1380.0,1380.0,1380.0,0
2004-02-10,1034.4329833984375,1400.0,1400.0,1400.0,1400.0,4000
2004-02-16,1034.4329833984375,1400.0,1400.0,1400.0,1400.0,6000
2004-02-17,1034.4329833984375,1400.0,1400.0,1400.0,1400.0,2000
2004-02-19,1034.4329833984375,1400.0,1400.0,1395.0,1400.0,12000
2004-02-20,1034.4329833984375,1400.0,1400.0,1400.0,1400.0,0
2004-02-23,1034.4329833984375,1400.0,1400.0,1400.0,1400.0,102000
2004-02-24,1034.4329833984375,1400.0,1402.5,1400.0,1402.5,14000
2004-02-25,1049.2103271484375,1420.0,1420.0,1420.0,1420.0,4000
2004-02-26,1115.7095947265625,1510.0,1575.0,1460.0,1460.0,54000
2004-02-27,1163.737060546875,1575.0,1590.0,1550.0,1550.0,38000
2004-03-01,1160.04248046875,1570.0,1575.0,1570.0,1570.0,8000
2004-03-02,1073.22412109375,1452.5,1570.0,1452.5,1500.0,26000
2004-03-03,1112.015380859375,1505.0,1505.0,1470.0,1470.0,18000
2004-03-04,1141.5706787109375,1545.0,1550.0,1540.0,1550.0,18000
2004-03-05,1137.876220703125,1540.0,1545.0,1525.0,1540.0,36000
2004-03-08,1130.4874267578125,1530.0,1535.0,1520.0,1535.0,30000
2004-03-09,1108.3209228515625,1500.0,1500.0,1460.0,1460.0,24000
2004-03-10,1082.460205078125,1465.0,1475.0,1445.0,1445.0,28000
2004-03-11,1067.6827392578125,1445.0,1460.0,1445.0,1445.0,34000
2004-03-12,1056.5992431640625,1430.0,1440.0,1415.0,1440.0,28000
2004-03-15,1071.376708984375,1450.0,1455.0,1450.0,1450.0,10000
2004-03-16,1052.905029296875,1425.0,1450.0,1425.0,1447.5,24000
2004-03-17,1086.15478515625,1470.0,1470.0,1425.0,1425.0,50000
2004-03-18,1119.404296875,1515.0,1515.0,1430.0,1500.0,96000
2004-03-19,1071.376708984375,1450.0,1495.0,1450.0,1470.0,14000
2004-03-22,1112.015380859375,1505.0,1510.0,1470.0,1470.0,44000
2004-03-23,1108.3209228515625,1500.0,1500.0,1500.0,1500.0,8000
2004-03-24,1071.376708984375,1450.0,1470.0,1435.0,1435.0,32000
2004-03-25,1063.988525390625,1440.0,1450.0,1435.0,1435.0,24000
2004-03-26,1091.744384765625,1475.0,1475.0,1455.0,1455.0,6000
2004-03-29,1080.641845703125,1460.0,1475.0,1450.0,1475.0,32000
2004-03-30,1082.4921875,1462.5,1470.0,1460.0,1462.5,34000
2004-03-31,1100.9964599609375,1487.5,1500.0,1472.5,1472.5,14000
2004-04-01,1128.752685546875,1525.0,1545.0,1487.5,1490.0,36000
2004-04-02,1147.2568359375,1550.0,1550.0,1500.0,1510.0,12000
2004-04-05,1221.2733154296875,1650.0,1650.0,1545.0,1545.0,64000
2004-04-06,1295.2899169921875,1750.0,1750.0,1650.0,1675.0,76000
2004-04-07,1373.0072021484375,1855.0,1900.0,1760.0,1760.0,100000
2004-04-08,1387.8106689453125,1875.0,1890.0,1855.0,1860.0,50000
2004-04-09,1354.5032958984375,1830.0,1855.0,1825.0,1855.0,72000
2004-04-12,1354.5032958984375,1830.0,1840.0,1830.0,1835.0,26000
2004-04-13,1313.7939453125,1775.0,1830.0,1775.0,1830.0,40000
2004-04-14,1280.4866943359375,1730.0,1750.0,1730.0,1745.0,44000
2004-04-15,1313.7939453125,1775.0,1925.0,1775.0,1850.0,52000
2004-04-16,1332.2982177734375,1800.0,1800.0,1775.0,1775.0,20000
2004-04-19,1332.2982177734375,1800.0,1815.0,1800.0,1805.0,74000
2004-04-20,1332.2982177734375,1800.0,1820.0,1800.0,1815.0,52000
2004-04-21,1324.896484375,1790.0,1800.0,1770.0,1775.0,38000
2004-04-22,1339.7000732421875,1810.0,1850.0,1795.0,1795.0,38000
2004-04-23,1387.8106689453125,1875.0,1875.0,1810.0,1810.0,38000
2004-04-26,1354.5032958984375,1830.0,1830.0,1825.0,1825.0,24000
2004-04-27,1406.314697265625,1900.0,1900.0,1835.0,1835.0,30000
2004-04-28,1406.314697265625,1900.0,1905.0,1885.0,1900.0,70000
2004-04-29,1406.314697265625,1900.0,1900.0,1900.0,1900.0,0
2004-04-30,1424.81884765625,1925.0,1950.0,1870.0,1890.0,72000
2004-05-05,1424.81884765625,1925.0,1925.0,1925.0,1925.0,0
2004-05-06,1421.1180419921875,1920.0,1925.0,1900.0,1900.0,50000
2004-05-07,1406.314697265625,1900.0,1920.0,1900.0,1920.0,6000
2004-05-10,1369.306640625,1850.0,1900.0,1850.0,1900.0,4000
2004-05-11,1369.306640625,1850.0,1850.0,1850.0,1850.0,2000
2004-05-12,1369.306640625,1850.0,1850.0,1850.0,1850.0,0
2004-05-13,1369.306640625,1850.0,1850.0,1850.0,1850.0,6000
2004-05-14,1295.2899169921875,1750.0,1850.0,1750.0,1850.0,16000
2004-05-17,1202.7689208984375,1625.0,1750.0,1625.0,1750.0,8000
2004-05-18,1202.7689208984375,1625.0,1625.0,1620.0,1620.0,8000
2004-05-19,1280.4866943359375,1730.0,1730.0,1700.0,1700.0,6000
2004-05-20,1284.187255859375,1735.0,1735.0,1735.0,1735.0,6000
2004-05-21,1232.3758544921875,1665.0,1735.0,1655.0,1735.0,12000
2004-05-24,1184.2650146484375,1600.0,1620.0,1550.0,1620.0,78000
2004-05-25,1165.7608642578125,1575.0,1590.0,1575.0,1590.0,46000
2004-05-26,1184.2650146484375,1600.0,1600.0,1600.0,1600.0,20000
2004-05-27,1184.2650146484375,1600.0,1600.0,1600.0,1600.0,26000
2004-05-28,1180.564208984375,1595.0,1600.0,1595.0,1595.0,36000
2004-05-31,1136.154296875,1535.0,1570.0,1525.0,1570.0,38000
2004-06-01,1173.16259765625,1585.0,1585.0,1535.0,1535.0,16000
2004-06-02,1206.469970703125,1630.0,1660.0,1575.0,1585.0,78000
2004-06-03,1228.675048828125,1660.0,1675.0,1650.0,1655.0,46000
2004-06-04,1217.572509765625,1645.0,1650.0,1635.0,1650.0,16000
2004-06-07,1206.469970703125,1630.0,1650.0,1600.0,1600.0,22000
2004-06-08,1202.7689208984375,1625.0,1650.0,1625.0,1650.0,22000
2004-06-09,1217.572509765625,1645.0,1645.0,1625.0,1630.0,8000
2004-06-10,1206.469970703125,1630.0,1630.0,1630.0,1630.0,14000
2004-06-11,1210.1707763671875,1635.0,1650.0,1635.0,1650.0,4000
2004-06-14,1202.7689208984375,1625.0,1650.0,1625.0,1650.0,12000
2004-06-15,1184.2650146484375,1600.0,1625.0,1600.0,1625.0,32000
2004-06-16,1147.2568359375,1550.0,1600.0,1550.0,1600.0,72000
2004-06-17,1147.2568359375,1550.0,1555.0,1550.0,1550.0,34000
2004-06-18,1136.154296875,1535.0,1555.0,1535.0,1555.0,34000
2004-06-21,1110.2484130859375,1500.0,1535.0,1500.0,1535.0,46000
2004-06-22,1099.1458740234375,1485.0,1500.0,1475.0,1500.0,46000
2004-06-23,1125.0517578125,1520.0,1520.0,1470.0,1500.0,174000
2004-06-24,1136.154296875,1535.0,1535.0,1515.0,1515.0,52000
2004-06-25,1136.154296875,1535.0,1540.0,1535.0,1535.0,16000
2004-06-28,1147.2568359375,1550.0,1565.0,1535.0,1550.0,78000
2004-06-29,1158.359375,1565.0,1590.0,1550.0,1550.0,36000
2004-06-30,1169.4619140625,1580.0,1610.0,1580.0,1610.0,10000
2004-07-01,1239.7772216796875,1675.0,1680.0,1615.0,1615.0,26000
2004-07-02,1239.7772216796875,1675.0,1675.0,1675.0,1675.0,30000
2004-07-05,1258.2816162109375,1700.0,1700.0,1680.0,1680.0,4000
2004-07-06,1261.9822998046875,1705.0,1725.0,1705.0,1715.0,24000
2004-07-07,1258.2816162109375,1700.0,1700.0,1675.0,1700.0,22000
2004-07-08,1295.2899169921875,1750.0,1750.0,1700.0,1700.0,16000
2004-07-09,1258.2816162109375,1700.0,1740.0,1690.0,1740.0,12000
2004-07-12,1258.2816162109375,1700.0,1700.0,1690.0,1700.0,38000
2004-07-13,1295.2899169921875,1750.0,1750.0,1700.0,1700.0,18000
2004-07-14,1276.785888671875,1725.0,1725.0,1725.0,1725.0,22000
2004-07-15,1276.785888671875,1725.0,1750.0,1725.0,1750.0,12000
2004-07-16,1280.4866943359375,1730.0,1730.0,1730.0,1730.0,2000
2004-07-19,1280.4866943359375,1730.0,1730.0,1730.0,1730.0,0
2004-07-20,1280.4866943359375,1730.0,1730.0,1730.0,1730.0,10000
2004-07-21,1258.2816162109375,1700.0,1700.0,1700.0,1700.0,0
2004-07-22,1258.2816162109375,1700.0,1700.0,1700.0,1700.0,4000
2004-07-23,1206.469970703125,1630.0,1690.0,1625.0,1690.0,8000
2004-07-26,1213.871337890625,1640.0,1640.0,1630.0,1630.0,22000
2004-07-27,1202.7689208984375,1625.0,1645.0,1625.0,1645.0,18000
2004-07-28,1202.7689208984375,1625.0,1630.0,1625.0,1630.0,16000
2004-07-29,1184.2650146484375,1600.0,1620.0,1600.0,1620.0,32000
2004-07-30,1199.068603515625,1620.0,1620.0,1600.0,1600.0,10000
2004-08-02,1184.2650146484375,1600.0,1600.0,1600.0,1600.0,8000
2004-08-04,1080.641845703125,1460.0,1505.0,1460.0,1505.0,10000
2004-08-05,1106.5477294921875,1495.0,1500.0,1495.0,1500.0,12000
2004-08-06,1110.2484130859375,1500.0,1500.0,1500.0,1500.0,6000
2004-08-09,1113.9493408203125,1505.0,1505.0,1500.0,1500.0,4000
2004-08-10,1136.154296875,1535.0,1535.0,1510.0,1510.0,6000
2004-08-11,1143.555908203125,1545.0,1545.0,1545.0,1545.0,4000
2004-08-13,1147.2568359375,1550.0,1560.0,1550.0,1560.0,6000
2004-08-17,1132.4534912109375,1530.0,1530.0,1530.0,1530.0,0
2004-08-19,1128.752685546875,1525.0,1550.0,1525.0,1525.0,12000
2004-08-20,1125.0517578125,1520.0,1530.0,1480.0,1530.0,10000
2004-08-23,1110.2484130859375,1500.0,1520.0,1500.0,1520.0,6000
2004-08-24,1110.2484130859375,1500.0,1500.0,1500.0,1500.0,2000
2004-08-25,1117.6502685546875,1510.0,1510.0,1505.0,1505.0,6000
2004-08-30,1117.6502685546875,1510.0,1510.0,1510.0,1510.0,2000
2004-08-31,1154.658447265625,1560.0,1560.0,1550.0,1550.0,12000
2004-09-01,1147.2568359375,1550.0,1555.0,1550.0,1550.0,22000
2004-09-02,1150.957763671875,1555.0,1555.0,1545.0,1550.0,66000
2004-09-03,1147.2568359375,1550.0,1560.0,1550.0,1560.0,72000
2004-09-06,1154.658447265625,1560.0,1560.0,1555.0,1555.0,8000
2004-09-07,1162.06005859375,1570.0,1570.0,1560.0,1565.0,26000
2004-09-08,1180.564208984375,1595.0,1595.0,1570.0,1570.0,24000
2004-09-09,1180.564208984375,1595.0,1595.0,1590.0,1595.0,14000
2004-09-10,1187.9659423828125,1605.0,1605.0,1590.0,1590.0,32000
2004-09-13,1206.469970703125,1630.0,1650.0,1605.0,1625.0,34000
2004-09-14,1191.6666259765625,1610.0,1635.0,1610.0,1630.0,56000
2004-09-15,1184.2650146484375,1600.0,1630.0,1595.0,1630.0,78000
2004-09-16,1184.2650146484375,1600.0,1625.0,1600.0,1625.0,24000
2004-09-17,1228.675048828125,1660.0,1660.0,1660.0,1660.0,2000
2004-09-20,1228.675048828125,1660.0,1660.0,1660.0,1660.0,0
2004-09-21,1232.3758544921875,1665.0,1665.0,1665.0,1665.0,6000
2004-09-22,1254.5809326171875,1695.0,1695.0,1660.0,1690.0,6000
2004-09-23,1254.5809326171875,1695.0,1695.0,1695.0,1695.0,0
2004-09-24,1258.2816162109375,1700.0,1745.0,1700.0,1745.0,10000
2004-09-27,1276.785888671875,1725.0,1725.0,1675.0,1675.0,14000
2004-09-28,1247.1790771484375,1685.0,1700.0,1680.0,1690.0,22000
2004-09-29,1221.2733154296875,1650.0,1650.0,1605.0,1605.0,6000
2004-09-30,1221.2733154296875,1650.0,1650.0,1595.0,1595.0,16000
2004-10-01,1217.572509765625,1645.0,1645.0,1600.0,1600.0,4000
2004-10-04,1184.2650146484375,1600.0,1605.0,1590.0,1605.0,20000
2004-10-05,1180.564208984375,1595.0,1600.0,1595.0,1595.0,14000
2004-10-06,1180.564208984375,1595.0,1595.0,1595.0,1595.0,4000
2004-10-07,1184.2650146484375,1600.0,1600.0,1595.0,1595.0,6000
2004-10-11,1150.957763671875,1555.0,1555.0,1555.0,1555.0,0
2004-10-12,1113.9493408203125,1505.0,1555.0,1505.0,1555.0,6000
2004-10-13,1117.6502685546875,1510.0,1525.0,1510.0,1525.0,8000
2004-10-14,1117.6502685546875,1510.0,1510.0,1510.0,1510.0,0
2004-10-15,1080.641845703125,1460.0,1497.5,1450.0,1497.5,22000
2004-10-18,1080.641845703125,1460.0,1460.0,1460.0,1460.0,6000
2004-10-19,1076.9410400390625,1455.0,1460.0,1425.0,1460.0,16000
2004-10-20,1080.641845703125,1460.0,1460.0,1450.0,1450.0,14000
2004-10-21,1187.9659423828125,1605.0,1605.0,1605.0,1605.0,2000
2004-10-22,1165.7608642578125,1575.0,1575.0,1570.0,1570.0,6000
2004-10-25,1162.06005859375,1570.0,1575.0,1570.0,1575.0,6000
2004-10-26,1117.6502685546875,1510.0,1525.0,1510.0,1525.0,10000
2004-10-27,1150.957763671875,1555.0,1555.0,1555.0,1555.0,2000
2004-10-28,1165.7608642578125,1575.0,1575.0,1565.0,1565.0,8000
2004-10-29,1165.7608642578125,1575.0,1575.0,1525.0,1525.0,8000
2004-11-01,1121.350830078125,1515.0,1515.0,1515.0,1515.0,2000
2004-11-02,1158.359375,1565.0,1565.0,1565.0,1565.0,6000
2004-11-03,1158.359375,1565.0,1565.0,1565.0,1565.0,0
2004-11-04,1158.359375,1565.0,1580.0,1560.0,1560.0,22000
2004-11-05,1184.2650146484375,1600.0,1600.0,1600.0,1600.0,6000
2004-11-08,1180.564208984375,1595.0,1630.0,1595.0,1620.0,12000
2004-11-09,1180.564208984375,1595.0,1595.0,1595.0,1595.0,12000
2004-11-10,1180.564208984375,1595.0,1595.0,1595.0,1595.0,10000
2004-11-11,1199.068603515625,1620.0,1620.0,1605.0,1605.0,8000
2004-11-15,1202.7689208984375,1625.0,1625.0,1625.0,1625.0,22000
2004-11-16,1202.7689208984375,1625.0,1625.0,1625.0,1625.0,18000
2004-11-17,1202.7689208984375,1625.0,1625.0,1625.0,1625.0,0
2004-11-18,1165.7608642578125,1575.0,1600.0,1575.0,1600.0,8000
2004-11-22,1165.7608642578125,1575.0,1575.0,1575.0,1575.0,10000
2004-11-23,1165.7608642578125,1575.0,1575.0,1575.0,1575.0,0
2004-11-24,1128.752685546875,1525.0,1580.0,1525.0,1580.0,14000
2004-11-25,1113.9493408203125,1505.0,1505.0,1505.0,1505.0,2000
2004-11-26,1117.6502685546875,1510.0,1510.0,1510.0,1510.0,6000
2004-11-29,1117.6502685546875,1510.0,1510.0,1510.0,1510.0,4000
2004-11-30,1147.2568359375,1550.0,1550.0,1550.0,1550.0,4000
2004-12-01,1147.2568359375,1550.0,1550.0,1550.0,1550.0,6000
2004-12-02,1147.2568359375,1550.0,1565.0,1550.0,1565.0,12000
2004-12-03,1128.752685546875,1525.0,1545.0,1525.0,1545.0,4000
2004-12-06,1110.2484130859375,1500.0,1525.0,1495.0,1525.0,30000
2004-12-07,1106.5477294921875,1495.0,1495.0,1495.0,1495.0,4000
2004-12-08,1108.3980712890625,1497.5,1497.5,1495.0,1495.0,10000
2004-12-09,1147.2568359375,1550.0,1550.0,1500.0,1500.0,16000
2004-12-13,1128.752685546875,1525.0,1535.0,1525.0,1530.0,16000
2004-12-14,1217.572509765625,1645.0,1645.0,1600.0,1600.0,8000
2004-12-15,1184.2650146484375,1600.0,1650.0,1600.0,1650.0,26000
2004-12-17,1184.2650146484375,1600.0,1600.0,1600.0,1600.0,22000
2004-12-20,1165.7608642578125,1575.0,1605.0,1550.0,1605.0,14000
2004-12-21,1162.06005859375,1570.0,1570.0,1570.0,1570.0,0
2004-12-22,1147.2568359375,1550.0,1550.0,1545.0,1550.0,12000
2004-12-23,1147.2568359375,1550.0,1550.0,1550.0,1550.0,0
2004-12-24,1128.752685546875,1525.0,1550.0,1505.0,1550.0,6000
2004-12-27,1128.752685546875,1525.0,1525.0,1525.0,1525.0,4000
2004-12-29,1165.7608642578125,1575.0,1575.0,1575.0,1575.0,2000
2005-01-06,1184.2650146484375,1600.0,1600.0,1600.0,1600.0,0
2005-01-07,1128.752685546875,1525.0,1525.0,1525.0,1525.0,2000
2005-01-10,1128.752685546875,1525.0,1525.0,1525.0,1525.0,0
2005-01-11,1128.752685546875,1525.0,1550.0,1525.0,1525.0,28000
2005-01-12,1132.4534912109375,1530.0,1535.0,1520.0,1535.0,48000
2005-01-13,1165.7608642578125,1575.0,1590.0,1570.0,1575.0,36000
2005-01-14,1165.7608642578125,1575.0,1575.0,1565.0,1570.0,26000
2005-01-17,1199.068603515625,1620.0,1620.0,1620.0,1620.0,6000
2005-01-18,1154.658447265625,1560.0,1620.0,1560.0,1620.0,24000
2005-01-19,1162.06005859375,1570.0,1570.0,1570.0,1570.0,2000
2005-01-20,1143.555908203125,1545.0,1545.0,1545.0,1545.0,2000
2005-01-21,1143.555908203125,1545.0,1545.0,1545.0,1545.0,10000
2005-01-24,1147.2568359375,1550.0,1550.0,1550.0,1550.0,2000
2005-01-25,1143.555908203125,1545.0,1565.0,1545.0,1565.0,4000
2005-01-26,1128.752685546875,1525.0,1560.0,1525.0,1560.0,16000
2005-01-27,1147.2568359375,1550.0,1575.0,1540.0,1575.0,10000
2005-01-28,1147.2568359375,1550.0,1600.0,1550.0,1600.0,8000
2005-01-31,1147.2568359375,1550.0,1555.0,1550.0,1550.0,16000
2005-02-01,1147.2568359375,1550.0,1550.0,1540.0,1550.0,22000
2005-02-02,1180.564208984375,1595.0,1595.0,1535.0,1535.0,12000
2005-02-03,1139.8551025390625,1540.0,1560.0,1540.0,1560.0,20000
2005-02-04,1139.8551025390625,1540.0,1540.0,1540.0,1540.0,2000
2005-02-07,1143.555908203125,1545.0,1550.0,1540.0,1550.0,10000
2005-02-08,1143.555908203125,1545.0,1550.0,1545.0,1550.0,18000
2005-02-09,1143.555908203125,1545.0,1555.0,1545.0,1550.0,18000
2005-02-10,1143.555908203125,1545.0,1550.0,1545.0,1545.0,22000
2005-02-11,1143.555908203125,1545.0,1545.0,1545.0,1545.0,0
2005-02-14,1150.957763671875,1555.0,1580.0,1555.0,1570.0,30000
2005-02-15,1165.7608642578125,1575.0,1580.0,1565.0,1570.0,22000
2005-02-16,1150.957763671875,1555.0,1575.0,1555.0,1575.0,26000
2005-02-17,1139.8551025390625,1540.0,1550.0,1540.0,1545.0,32000
2005-02-18,1150.957763671875,1555.0,1555.0,1540.0,1540.0,16000
2005-02-21,1139.8551025390625,1540.0,1555.0,1540.0,1555.0,24000
2005-02-22,1128.752685546875,1525.0,1540.0,1525.0,1540.0,24000
2005-02-23,1128.752685546875,1525.0,1530.0,1525.0,1530.0,6000
2005-02-24,1136.154296875,1535.0,1545.0,1530.0,1530.0,14000
2005-02-25,1162.06005859375,1570.0,1575.0,1540.0,1550.0,28000
2005-02-28,1165.7608642578125,1575.0,1605.0,1570.0,1580.0,30000
2005-03-01,1158.359375,1565.0,1580.0,1565.0,1575.0,14000
2005-03-02,1169.4619140625,1580.0,1580.0,1575.0,1575.0,18000
2005-03-03,1169.4619140625,1580.0,1590.0,1575.0,1575.0,18000
2005-03-04,1169.4619140625,1580.0,1580.0,1575.0,1580.0,16000
2005-03-07,1165.7608642578125,1575.0,1575.0,1570.0,1575.0,56000
2005-03-08,1184.2650146484375,1600.0,1600.0,1575.0,1585.0,42000
2005-03-09,1180.564208984375,1595.0,1595.0,1595.0,1595.0,14000
2005-03-10,1150.957763671875,1555.0,1575.0,1555.0,1575.0,18000
2005-03-11,1169.4619140625,1580.0,1585.0,1565.0,1580.0,18000
2005-03-14,1165.7608642578125,1575.0,1575.0,1575.0,1575.0,6000
2005-03-15,1162.06005859375,1570.0,1575.0,1570.0,1575.0,18000
2005-03-16,1165.7608642578125,1575.0,1575.0,1570.0,1570.0,12000
2005-03-17,1169.4619140625,1580.0,1585.0,1575.0,1580.0,14000
2005-03-18,1180.564208984375,1595.0,1595.0,1580.0,1580.0,16000
2005-03-21,1180.564208984375,1595.0,1595.0,1595.0,1595.0,0
2005-03-22,1187.9659423828125,1605.0,1605.0,1585.0,1585.0,12000
2005-03-23,1187.9659423828125,1605.0,1605.0,1585.0,1595.0,38000
2005-03-24,1169.4619140625,1580.0,1600.0,1580.0,1595.0,16000
2005-03-25,1169.4619140625,1580.0,1580.0,1575.0,1580.0,8000
2005-03-28,1176.9105224609375,1580.0,1580.0,1575.0,1575.0,10000
2005-03-29,1165.7374267578125,1565.0,1580.0,1560.0,1580.0,40000
2005-03-30,1162.0133056640625,1560.0,1565.0,1555.0,1565.0,12000
2005-03-31,1195.5323486328125,1605.0,1605.0,1565.0,1565.0,10000
2005-04-01,1176.9105224609375,1580.0,1600.0,1570.0,1595.0,14000
2005-04-04,1173.186279296875,1575.0,1585.0,1565.0,1580.0,30000
2005-04-05,1162.0133056640625,1560.0,1565.0,1560.0,1565.0,10000
2005-04-06,1173.186279296875,1575.0,1575.0,1575.0,1575.0,18000
2005-04-07,1188.083740234375,1595.0,1595.0,1575.0,1575.0,36000
2005-04-08,1173.186279296875,1575.0,1595.0,1575.0,1595.0,26000
2005-04-11,1191.8082275390625,1600.0,1620.0,1590.0,1590.0,52000
2005-04-12,1199.2569580078125,1610.0,1610.0,1600.0,1605.0,18000
2005-04-13,1188.083740234375,1595.0,1600.0,1585.0,1600.0,30000
2005-04-14,1188.083740234375,1595.0,1600.0,1590.0,1595.0,32000
2005-04-15,1202.9813232421875,1615.0,1615.0,1600.0,1605.0,12000
2005-04-18,1191.8082275390625,1600.0,1610.0,1590.0,1605.0,46000
2005-04-19,1202.9813232421875,1615.0,1625.0,1610.0,1610.0,10000
2005-04-20,1202.9813232421875,1615.0,1615.0,1610.0,1615.0,10000
2005-04-21,1202.9813232421875,1615.0,1615.0,1600.0,1605.0,42000
2005-04-22,1229.0523681640625,1650.0,1650.0,1615.0,1615.0,18000
2005-04-25,1247.674072265625,1675.0,1675.0,1655.0,1655.0,18000
2005-04-26,1247.674072265625,1675.0,1675.0,1675.0,1675.0,8000
2005-04-27,1247.674072265625,1675.0,1675.0,1675.0,1675.0,28000
2005-04-28,1258.8472900390625,1690.0,1690.0,1680.0,1680.0,10000
2005-05-02,1258.8472900390625,1690.0,1700.0,1685.0,1695.0,12000
2005-05-05,1258.8472900390625,1690.0,1690.0,1690.0,1690.0,0
2005-05-06,1258.8472900390625,1690.0,1695.0,1690.0,1695.0,18000
2005-05-09,1258.8472900390625,1690.0,1690.0,1690.0,1690.0,6000
2005-05-10,1255.1231689453125,1685.0,1685.0,1660.0,1670.0,18000
2005-05-11,1262.57177734375,1695.0,1695.0,1690.0,1690.0,24000
2005-05-12,1217.8790283203125,1635.0,1675.0,1635.0,1670.0,32000
2005-05-13,1229.0523681640625,1650.0,1650.0,1640.0,1650.0,18000
2005-05-16,1247.674072265625,1675.0,1675.0,1675.0,1675.0,14000
2005-05-17,1243.949951171875,1670.0,1685.0,1670.0,1685.0,30000
2005-05-18,1225.32763671875,1645.0,1655.0,1645.0,1655.0,12000
2005-05-19,1225.32763671875,1645.0,1655.0,1645.0,1645.0,32000
2005-05-20,1221.603515625,1640.0,1645.0,1640.0,1640.0,34000
2005-05-23,1229.0523681640625,1650.0,1650.0,1625.0,1635.0,30000
2005-05-24,1232.7767333984375,1655.0,1660.0,1655.0,1655.0,16000
2005-05-25,1247.674072265625,1675.0,1675.0,1650.0,1650.0,38000
2005-05-26,1240.2254638671875,1665.0,1670.0,1650.0,1670.0,42000
2005-05-27,1240.2254638671875,1665.0,1670.0,1665.0,1670.0,6000
2005-05-30,1243.949951171875,1670.0,1670.0,1660.0,1660.0,8000
2005-05-31,1247.674072265625,1675.0,1700.0,1670.0,1670.0,8000
2005-06-01,1273.7449951171875,1710.0,1710.0,1700.0,1700.0,10000
2005-06-02,1262.57177734375,1695.0,1710.0,1695.0,1710.0,10000
2005-06-03,1266.296142578125,1700.0,1700.0,1700.0,1700.0,14000
2005-06-06,1273.7449951171875,1710.0,1710.0,1710.0,1710.0,2000
2005-06-07,1296.091552734375,1740.0,1740.0,1715.0,1715.0,30000
2005-06-08,1266.296142578125,1700.0,1700.0,1700.0,1700.0,4000
2005-06-09,1266.296142578125,1700.0,1700.0,1700.0,1700.0,2000
2005-06-10,1266.296142578125,1700.0,1735.0,1700.0,1700.0,22000
2005-06-13,1284.9183349609375,1725.0,1740.0,1660.0,1660.0,42000
2005-06-14,1303.5401611328125,1750.0,1750.0,1725.0,1730.0,24000
2005-06-15,1322.1622314453125,1775.0,1775.0,1750.0,1750.0,28000
2005-06-16,1322.1622314453125,1775.0,1775.0,1750.0,1750.0,4000
2005-06-17,1322.1622314453125,1775.0,1775.0,1750.0,1760.0,14000
2005-06-20,1292.366943359375,1735.0,1750.0,1735.0,1750.0,6000
2005-06-21,1340.7841796875,1800.0,1800.0,1735.0,1735.0,20000
2005-06-22,1344.5084228515625,1805.0,1805.0,1805.0,1805.0,2000
2005-06-23,1344.5084228515625,1805.0,1815.0,1805.0,1805.0,12000
2005-06-24,1359.40625,1825.0,1825.0,1780.0,1780.0,18000
2005-06-27,1378.0281982421875,1850.0,1850.0,1825.0,1825.0,20000
2005-06-28,1418.99658203125,1905.0,1905.0,1850.0,1850.0,22000
2005-06-29,1430.1695556640625,1920.0,1920.0,1910.0,1915.0,38000
2005-06-30,1452.5162353515625,1950.0,1950.0,1920.0,1920.0,26000
2005-07-01,1430.1695556640625,1920.0,1940.0,1920.0,1940.0,4000
2005-07-04,1418.99658203125,1905.0,1905.0,1895.0,1895.0,46000
2005-07-05,1415.2724609375,1900.0,1900.0,1895.0,1895.0,22000
2005-07-06,1396.6502685546875,1875.0,1875.0,1875.0,1875.0,2000
2005-07-07,1385.4769287109375,1860.0,1860.0,1860.0,1860.0,4000
2005-07-08,1378.0281982421875,1850.0,1860.0,1850.0,1860.0,4000
2005-07-11,1392.9256591796875,1870.0,1870.0,1800.0,1800.0,10000
2005-07-12,1415.2724609375,1900.0,1900.0,1870.0,1870.0,16000
2005-07-13,1433.89404296875,1925.0,1925.0,1895.0,1895.0,48000
2005-07-14,1448.791748046875,1945.0,1950.0,1930.0,1930.0,30000
2005-07-15,1471.1383056640625,1975.0,1975.0,1960.0,1960.0,14000
2005-07-18,1471.1383056640625,1975.0,1975.0,1975.0,1975.0,0
2005-07-19,1415.2724609375,1900.0,1900.0,1875.0,1875.0,8000
2005-07-20,1437.61865234375,1930.0,1930.0,1925.0,1925.0,16000
2005-07-21,1459.965087890625,1960.0,1960.0,1930.0,1935.0,12000
2005-07-22,1467.413818359375,1970.0,1975.0,1935.0,1935.0,14000
2005-07-25,1471.1383056640625,1975.0,1975.0,1965.0,1970.0,20000
2005-07-26,1456.2406005859375,1955.0,1975.0,1955.0,1975.0,8000
2005-07-27,1471.1383056640625,1975.0,1975.0,1975.0,1975.0,2000
2005-07-28,1515.8311767578125,2035.0,2035.0,1995.0,1995.0,36000
2005-07-29,1523.27978515625,2045.0,2045.0,2025.0,2030.0,30000
2005-08-01,1508.382080078125,2025.0,2045.0,2025.0,2045.0,20000
2005-08-02,1508.382080078125,2025.0,2045.0,1975.0,1975.0,32000
2005-08-03,1523.27978515625,2045.0,2045.0,2025.0,2025.0,4000
2005-08-04,1500.9334716796875,2015.0,2045.0,1990.0,1990.0,24000
2005-08-05,1560.5238037109375,2095.0,2095.0,2015.0,2025.0,32000
2005-08-08,1512.1064453125,2030.0,2070.0,2025.0,2070.0,8000
2005-08-09,1534.4527587890625,2060.0,2100.0,2045.0,2045.0,18000
2005-08-10,1564.2484130859375,2100.0,2125.0,2090.0,2090.0,50000
2005-08-11,1612.6654052734375,2165.0,2175.0,2100.0,2105.0,52000
2005-08-12,1601.492431640625,2150.0,2150.0,2150.0,2150.0,6000
2005-08-15,1601.492431640625,2150.0,2150.0,2150.0,2150.0,8000
2005-08-16,1597.7677001953125,2145.0,2150.0,2145.0,2150.0,18000
2005-08-17,1567.97265625,2105.0,2125.0,2075.0,2075.0,12000
2005-08-18,1582.870361328125,2125.0,2125.0,2120.0,2120.0,24000
2005-08-19,1571.697021484375,2110.0,2110.0,2030.0,2080.0,14000
2005-08-22,1582.870361328125,2125.0,2140.0,2125.0,2125.0,12000
2005-08-23,1582.870361328125,2125.0,2125.0,2125.0,2125.0,2000
2005-08-24,1579.1458740234375,2120.0,2120.0,2110.0,2120.0,10000
2005-08-25,1545.6263427734375,2075.0,2080.0,2045.0,2045.0,32000
2005-08-26,1545.6263427734375,2075.0,2090.0,2070.0,2075.0,38000
2005-08-29,1545.6263427734375,2075.0,2095.0,2075.0,2075.0,18000
2005-08-30,1527.0042724609375,2050.0,2075.0,2045.0,2055.0,66000
2005-08-31,1527.0042724609375,2050.0,2050.0,2040.0,2040.0,20000
2005-09-01,1553.0751953125,2085.0,2090.0,2050.0,2050.0,10000
2005-09-02,1530.728515625,2055.0,2065.0,2045.0,2065.0,8000
2005-09-05,1553.0751953125,2085.0,2085.0,2055.0,2055.0,16000
2005-09-06,1527.0042724609375,2050.0,2080.0,2050.0,2080.0,22000
2005-09-07,1534.4527587890625,2060.0,2060.0,2035.0,2035.0,16000
2005-09-08,1523.27978515625,2045.0,2050.0,2045.0,2050.0,16000
2005-09-09,1545.6263427734375,2075.0,2075.0,2030.0,2030.0,20000
2005-09-12,1564.2484130859375,2100.0,2100.0,2095.0,2095.0,16000
2005-09-13,1601.492431640625,2150.0,2150.0,2125.0,2125.0,12000
2005-09-14,1616.389892578125,2170.0,2175.0,2110.0,2110.0,18000
2005-09-15,1635.0118408203125,2195.0,2195.0,2150.0,2170.0,12000
2005-09-16,1620.1141357421875,2175.0,2175.0,2150.0,2150.0,8000
2005-09-20,1620.1141357421875,2175.0,2175.0,2175.0,2175.0,0
2005-09-21,1556.7994384765625,2090.0,2135.0,2090.0,2135.0,24000
2005-09-22,1527.0042724609375,2050.0,2050.0,2050.0,2050.0,10000
2005-09-23,1527.0042724609375,2050.0,2050.0,2050.0,2050.0,0
2005-09-26,1512.1064453125,2030.0,2030.0,2030.0,2030.0,10000
2005-09-27,1512.1064453125,2030.0,2030.0,2030.0,2030.0,18000
2005-09-28,1564.2484130859375,2100.0,2100.0,2030.0,2030.0,22000
2005-09-29,1564.2484130859375,2100.0,2100.0,2040.0,2055.0,32000
2005-09-30,1638.7362060546875,2200.0,2200.0,2125.0,2125.0,34000
2005-10-03,1675.9803466796875,2250.0,2275.0,2175.0,2175.0,62000
2005-10-04,1675.9803466796875,2250.0,2250.0,2135.0,2135.0,26000
2005-10-05,1675.9803466796875,2250.0,2250.0,2250.0,2250.0,8000
2005-10-06,1675.9803466796875,2250.0,2250.0,2250.0,2250.0,10000
2005-10-07,1713.22412109375,2300.0,2300.0,2250.0,2250.0,16000
2005-10-10,1713.22412109375,2300.0,2300.0,2300.0,2300.0,0
2005-10-11,1854.7515869140625,2490.0,2490.0,2350.0,2350.0,34000
2005-10-12,1787.7122802734375,2400.0,2450.0,2400.0,2450.0,4000
2005-10-13,1795.160888671875,2410.0,2425.0,2400.0,2405.0,14000
2005-10-14,1787.7122802734375,2400.0,2400.0,2395.0,2400.0,12000
2005-10-17,1787.7122802734375,2400.0,2400.0,2400.0,2400.0,4000
2005-10-18,1750.4683837890625,2350.0,2400.0,2350.0,2400.0,6000
2005-10-19,1862.2003173828125,2500.0,2500.0,2425.0,2425.0,16000
2005-10-20,1910.617431640625,2565.0,2565.0,2500.0,2500.0,16000
2005-10-21,1895.7198486328125,2545.0,2575.0,2545.0,2575.0,6000
2005-10-24,1839.853759765625,2470.0,2495.0,2460.0,2460.0,12000
2005-10-25,1791.4365234375,2405.0,2410.0,2395.0,2395.0,6000
2005-10-26,1769.0899658203125,2375.0,2375.0,2355.0,2355.0,10000
2005-10-27,1821.231689453125,2445.0,2445.0,2390.0,2390.0,14000
2005-10-31,1821.231689453125,2445.0,2445.0,2445.0,2445.0,0
2005-11-01,1843.578125,2475.0,2475.0,2475.0,2475.0,4000
2005-11-02,1862.2003173828125,2500.0,2500.0,2490.0,2490.0,6000
2005-11-03,1862.2003173828125,2500.0,2500.0,2500.0,2500.0,0
2005-11-04,1862.2003173828125,2500.0,2500.0,2500.0,2500.0,10000
2005-11-07,1862.2003173828125,2500.0,2500.0,2500.0,2500.0,4000
2005-11-08,1824.9564208984373,2450.0,2450.0,2450.0,2450.0,0
2005-11-09,1787.7122802734375,2400.0,2425.0,2400.0,2425.0,10000
2005-11-10,1787.7122802734375,2400.0,2400.0,2375.0,2400.0,8000
2005-11-11,1769.0899658203125,2375.0,2400.0,2375.0,2400.0,6000
2005-11-14,1769.0899658203125,2375.0,2375.0,2325.0,2375.0,38000
2005-11-15,1769.0899658203125,2375.0,2385.0,2375.0,2375.0,34000
2005-11-16,1769.0899658203125,2375.0,2395.0,2375.0,2375.0,20000
2005-11-17,1757.9168701171875,2360.0,2400.0,2360.0,2375.0,18000
2005-11-18,1772.8145751953125,2380.0,2395.0,2360.0,2385.0,20000
2005-11-21,1757.9168701171875,2360.0,2365.0,2360.0,2360.0,10000
2005-11-22,1769.0899658203125,2375.0,2375.0,2350.0,2350.0,24000
2005-11-23,1769.0899658203125,2375.0,2375.0,2375.0,2375.0,0
2005-11-24,1802.610107421875,2420.0,2420.0,2395.0,2395.0,18000
2005-11-25,1806.33447265625,2425.0,2425.0,2395.0,2395.0,12000
2005-11-28,1836.12939453125,2465.0,2465.0,2465.0,2465.0,6000
2005-11-29,1828.6810302734373,2455.0,2470.0,2425.0,2470.0,28000
2005-11-30,1828.6810302734373,2455.0,2455.0,2425.0,2455.0,68000
2005-12-01,1973.9324951171875,2650.0,2705.0,2650.0,2705.0,6000
2005-12-02,2048.42041015625,2750.0,2750.0,2650.0,2655.0,38000
2005-12-05,2085.664306640625,2800.0,2800.0,2760.0,2765.0,36000
2005-12-06,2253.261962890625,3025.0,3025.0,2810.0,2810.0,54000
2005-12-07,2383.616455078125,3200.0,3250.0,3150.0,3225.0,12000
2005-12-08,2383.616455078125,3200.0,3225.0,3175.0,3200.0,18000
2005-12-09,2383.616455078125,3200.0,3200.0,3195.0,3195.0,14000
2005-12-12,2398.513916015625,3220.0,3220.0,3195.0,3195.0,8000
2005-12-13,2383.616455078125,3200.0,3200.0,3195.0,3200.0,12000
2005-12-14,2383.616455078125,3200.0,3200.0,3200.0,3200.0,2000
2005-12-15,2301.679443359375,3090.0,3200.0,3000.0,3200.0,12000
2005-12-16,2309.12841796875,3100.0,3100.0,3000.0,3090.0,16000
2005-12-19,2420.86083984375,3250.0,3250.0,3150.0,3150.0,18000
2005-12-20,2439.482177734375,3275.0,3275.0,3225.0,3250.0,24000
2005-12-21,2402.23828125,3225.0,3275.0,3225.0,3275.0,6000
2005-12-22,2383.616455078125,3200.0,3220.0,3200.0,3220.0,6000
2005-12-23,2383.616455078125,3200.0,3200.0,3200.0,3200.0,0
2005-12-26,2383.616455078125,3200.0,3200.0,3200.0,3200.0,8000
2005-12-27,2383.616455078125,3200.0,3200.0,3195.0,3195.0,4000
2005-12-28,2383.616455078125,3200.0,3200.0,3200.0,3200.0,6000
2005-12-30,2379.8916015625,3195.0,3195.0,3195.0,3195.0,2000
2006-01-04,2420.86083984375,3250.0,3250.0,3195.0,3195.0,6000
2006-01-05,2420.86083984375,3250.0,3250.0,3225.0,3250.0,20000
2006-01-06,2402.23828125,3225.0,3250.0,3200.0,3250.0,12000
2006-01-09,2402.23828125,3225.0,3225.0,3225.0,3225.0,0
2006-01-10,2383.616455078125,3200.0,3225.0,3200.0,3225.0,18000
2006-01-11,2454.380126953125,3295.0,3295.0,3290.0,3295.0,8000
2006-01-12,2454.380126953125,3295.0,3295.0,3295.0,3295.0,14000
2006-01-13,2461.82861328125,3305.0,3305.0,3295.0,3295.0,14000
2006-01-16,2458.104736328125,3300.0,3300.0,3300.0,3300.0,4000
2006-01-17,2461.82861328125,3305.0,3305.0,3300.0,3300.0,6000
2006-01-18,2387.341064453125,3205.0,3205.0,2930.0,3005.0,14000
2006-01-19,2383.616455078125,3200.0,3205.0,3060.0,3205.0,14000
2006-01-20,2420.86083984375,3250.0,3250.0,3250.0,3250.0,6000
2006-01-24,2420.86083984375,3250.0,3250.0,3245.0,3245.0,22000
2006-01-25,2417.13623046875,3245.0,3245.0,3245.0,3245.0,2000
2006-01-26,2413.4111328125,3240.0,3240.0,3240.0,3240.0,0
2006-01-27,2379.8916015625,3195.0,3240.0,3150.0,3240.0,10000
2006-01-30,2379.8916015625,3195.0,3195.0,3195.0,3195.0,14000
2006-02-01,2379.8916015625,3195.0,3200.0,3170.0,3200.0,30000
2006-02-02,2379.8916015625,3195.0,3195.0,3195.0,3195.0,0
2006-02-03,2350.09716796875,3155.0,3155.0,3155.0,3155.0,2000
2006-02-06,2376.16748046875,3190.0,3190.0,3150.0,3150.0,4000
2006-02-07,2368.71875,3180.0,3180.0,3180.0,3180.0,2000
2006-02-08,2346.37255859375,3150.0,3170.0,3150.0,3170.0,4000
2006-02-09,2346.37255859375,3150.0,3175.0,3150.0,3150.0,20000
2006-02-10,2357.545166015625,3165.0,3165.0,3150.0,3150.0,16000
2006-02-13,2346.37255859375,3150.0,3150.0,3150.0,3150.0,0
2006-02-14,2335.199462890625,3135.0,3200.0,3050.0,3150.0,42000
2006-02-15,2230.916015625,2995.0,3150.0,2995.0,3150.0,54000
2006-02-16,2234.640380859375,3000.0,3000.0,2995.0,3000.0,14000
2006-02-17,2197.396728515625,2950.0,2950.0,2940.0,2940.0,22000
2006-02-20,2119.18408203125,2845.0,2890.0,2825.0,2890.0,16000
2006-02-21,2089.388671875,2805.0,2840.0,2800.0,2840.0,20000
2006-02-22,2011.1763916015625,2700.0,2800.0,2700.0,2800.0,14000
2006-02-23,1992.5543212890625,2675.0,2675.0,2530.0,2650.0,78000
2006-02-24,1988.829833984375,2670.0,2675.0,2670.0,2670.0,34000
2006-02-27,2048.42041015625,2750.0,2775.0,2705.0,2705.0,20000
2006-02-28,2044.6959228515625,2745.0,2750.0,2745.0,2750.0,12000
2006-03-01,2059.5927734375,2765.0,2800.0,2720.0,2720.0,32000
2006-03-02,2119.18408203125,2845.0,2845.0,2710.0,2765.0,18000
2006-03-03,2134.0810546875,2865.0,2940.0,2840.0,2840.0,12000
2006-03-06,2115.459228515625,2840.0,2865.0,2840.0,2865.0,32000
2006-03-07,2078.215576171875,2790.0,2840.0,2790.0,2840.0,20000
2006-03-08,2059.5927734375,2765.0,2790.0,2765.0,2790.0,32000
2006-03-09,2022.349609375,2715.0,2775.0,2710.0,2760.0,26000
2006-03-10,2096.83740234375,2815.0,2815.0,2765.0,2765.0,6000
2006-03-13,2085.664306640625,2800.0,2865.0,2800.0,2865.0,14000
2006-03-14,2085.664306640625,2800.0,2800.0,2800.0,2800.0,8000
2006-03-15,2085.664306640625,2800.0,2800.0,2800.0,2800.0,6000
2006-03-16,2115.459228515625,2840.0,2840.0,2790.0,2800.0,20000
2006-03-17,2085.664306640625,2800.0,2890.0,2800.0,2800.0,0
2006-03-20,2089.388671875,2805.0,2840.0,2805.0,2840.0,10000
2006-03-21,2089.388671875,2805.0,2805.0,2805.0,2805.0,0
2006-03-22,2089.388671875,2805.0,2805.0,2800.0,2800.0,6000
2006-03-23,2085.664306640625,2800.0,2805.0,2800.0,2805.0,12000
2006-03-24,2085.664306640625,2800.0,2805.0,2800.0,2805.0,4000
2006-03-27,2085.664306640625,2800.0,2800.0,2800.0,2800.0,2000
2006-03-28,2016.3291015625,2690.0,2850.0,2690.0,2690.0,0
2006-03-29,2136.259765625,2850.0,2850.0,2750.0,2750.0,8000
2006-03-30,2154.998779296875,2875.0,2900.0,2875.0,2900.0,8000
2006-03-31,2248.694580078125,3000.0,3000.0,2900.0,2900.0,10000
2006-04-03,2192.4775390625,2925.0,3000.0,2875.0,3000.0,32000
2006-04-04,2192.4775390625,2925.0,2925.0,2875.0,2925.0,42000
2006-04-05,2203.720703125,2940.0,2945.0,2900.0,2915.0,42000
2006-04-06,2166.24267578125,2890.0,2910.0,2850.0,2905.0,22000
2006-04-07,2166.24267578125,2890.0,2890.0,2890.0,2890.0,2000
2006-04-10,2192.4775390625,2925.0,2925.0,2810.0,2810.0,28000
2006-04-11,2173.738037109375,2900.0,2900.0,2900.0,2900.0,14000
2006-04-12,2199.97265625,2935.0,2975.0,2900.0,2900.0,14000
2006-04-13,2140.0078125,2855.0,2855.0,2850.0,2850.0,4000
2006-04-14,2125.016357421875,2835.0,2860.0,2835.0,2860.0,10000
2006-04-17,2147.50341796875,2865.0,2865.0,2865.0,2865.0,8000
2006-04-20,2136.259765625,2850.0,2850.0,2850.0,2850.0,2000
2006-04-21,2132.51220703125,2845.0,2845.0,2750.0,2800.0,46000
2006-04-24,2169.99072265625,2895.0,2895.0,2815.0,2845.0,12000
2006-04-25,2169.99072265625,2895.0,2910.0,2895.0,2910.0,24000
2006-04-26,2166.24267578125,2890.0,2890.0,2885.0,2885.0,4000
2006-04-28,2169.99072265625,2895.0,2895.0,2895.0,2895.0,2000
2006-05-01,2248.694580078125,3000.0,3050.0,2950.0,2950.0,74000
2006-05-02,2274.929443359375,3035.0,3040.0,3000.0,3000.0,58000
2006-05-05,2274.929443359375,3035.0,3035.0,3035.0,3035.0,0
2006-05-08,2436.0859375,3250.0,3300.0,3195.0,3195.0,72000
2006-05-09,2436.0859375,3250.0,3250.0,3250.0,3250.0,6000
2006-05-10,2436.0859375,3250.0,3250.0,3250.0,3250.0,2000
2006-05-11,2293.668701171875,3060.0,3075.0,3060.0,3060.0,8000
2006-05-12,2436.0859375,3250.0,3250.0,3025.0,3025.0,24000
2006-05-15,2451.077392578125,3270.0,3300.0,3265.0,3275.0,60000
2006-05-16,2376.121337890625,3170.0,3270.0,3150.0,3270.0,8000
2006-05-17,2323.6513671875,3100.0,3100.0,3055.0,3055.0,10000
2006-05-18,2316.155029296875,3090.0,3090.0,2890.0,3055.0,16000
2006-05-19,2319.9033203125,3095.0,3115.0,3075.0,3075.0,48000
2006-05-22,2361.1298828125,3150.0,3155.0,3120.0,3145.0,32000
2006-05-23,2357.3818359375,3145.0,3150.0,3145.0,3150.0,4000
2006-05-24,2331.146484375,3110.0,3145.0,3110.0,3125.0,34000
2006-05-25,2263.68603515625,3020.0,3025.0,3020.0,3020.0,6000
2006-05-26,2222.460205078125,2965.0,2990.0,2965.0,2990.0,4000
2006-05-29,2274.929443359375,3035.0,3100.0,3000.0,3000.0,138000
2006-05-30,2289.9208984375,3055.0,3090.0,3040.0,3040.0,50000
2006-05-31,2271.181396484375,3030.0,3050.0,3030.0,3050.0,8000
2006-06-01,2304.912109375,3075.0,3075.0,3050.0,3075.0,20000
2006-06-02,2323.6513671875,3100.0,3120.0,3075.0,3075.0,118000
2006-06-05,2323.6513671875,3100.0,3115.0,3100.0,3100.0,54000
2006-06-06,2323.6513671875,3100.0,3100.0,3095.0,3100.0,22000
2006-06-07,2297.416259765625,3065.0,3100.0,3050.0,3100.0,38000
2006-06-08,2256.190185546875,3010.0,3075.0,3010.0,3075.0,18000
2006-06-09,2394.860107421875,3195.0,3195.0,3050.0,3075.0,8000
2006-06-12,2398.607666015625,3200.0,3220.0,3195.0,3195.0,30000
2006-06-13,2398.607666015625,3200.0,3200.0,3150.0,3200.0,42000
2006-06-14,2323.6513671875,3100.0,3200.0,3100.0,3100.0,0
2006-06-15,2398.607666015625,3200.0,3200.0,3170.0,3195.0,6000
2006-06-16,2316.155029296875,3090.0,3190.0,3090.0,3090.0,0
2006-06-19,2379.86865234375,3175.0,3185.0,3175.0,3185.0,10000
2006-06-20,2379.86865234375,3175.0,3175.0,3175.0,3175.0,6000
2006-06-21,2391.1123046875,3190.0,3190.0,3175.0,3175.0,16000
2006-06-23,2379.86865234375,3175.0,3175.0,3175.0,3175.0,2000
2006-06-26,2383.616455078125,3180.0,3180.0,3175.0,3180.0,22000
2006-06-27,2342.390625,3125.0,3180.0,3125.0,3180.0,8000
2006-06-28,2398.607666015625,3200.0,3200.0,3120.0,3120.0,6000
2006-06-29,2398.607666015625,3200.0,3200.0,3200.0,3200.0,2000
2006-06-30,2623.47705078125,3500.0,3500.0,3250.0,3250.0,16000
2006-07-03,2548.520751953125,3400.0,3500.0,3250.0,3250.0,19200
2006-07-04,2657.208251953125,3545.0,3545.0,3500.0,3505.0,12800
2006-07-05,2627.224853515625,3505.0,3540.0,3500.0,3540.0,4800
2006-07-06,2559.763916015625,3415.0,3520.0,3415.0,3520.0,5000
2006-07-07,2623.47705078125,3500.0,3515.0,3415.0,3505.0,7600
2006-07-10,2623.47705078125,3500.0,3500.0,3425.0,3495.0,6400
2006-07-11,2484.807861328125,3315.0,3425.0,3275.0,3425.0,10000
2006-07-12,2469.816650390625,3295.0,3315.0,3225.0,3315.0,2600
2006-07-13,2458.572998046875,3280.0,3295.0,3245.0,3245.0,2000
2006-07-14,2394.860107421875,3195.0,3245.0,3195.0,3245.0,5600
2006-07-17,2394.860107421875,3195.0,3195.0,3195.0,3195.0,0
2006-07-18,2398.607666015625,3200.0,3200.0,3080.0,3200.0,6400
2006-07-19,2402.355712890625,3205.0,3215.0,3195.0,3200.0,13000
2006-07-20,2406.103271484375,3210.0,3215.0,3205.0,3205.0,6200
2006-07-21,2406.103271484375,3210.0,3210.0,3200.0,3200.0,1200
2006-07-24,2406.103271484375,3210.0,3220.0,3200.0,3220.0,1600
2006-07-25,2394.860107421875,3195.0,3210.0,3195.0,3210.0,2000
2006-07-26,2376.121337890625,3170.0,3190.0,3170.0,3190.0,400
2006-07-27,2304.912109375,3075.0,3115.0,3050.0,3100.0,3400
2006-07-28,2304.912109375,3075.0,3075.0,3075.0,3075.0,1200
2006-07-31,2361.1298828125,3150.0,3150.0,3065.0,3075.0,10800
2006-08-01,2323.6513671875,3100.0,3150.0,3100.0,3150.0,2800
2006-08-02,2263.68603515625,3020.0,3100.0,2975.0,3100.0,16600
2006-08-03,2252.442138671875,3005.0,3030.0,3005.0,3020.0,19600
2006-08-04,2274.929443359375,3035.0,3050.0,3035.0,3040.0,13800
2006-08-07,2274.929443359375,3035.0,3040.0,3025.0,3035.0,19000
2006-08-08,2274.929443359375,3035.0,3035.0,2985.0,3010.0,16800
2006-08-09,2256.190185546875,3010.0,3035.0,2995.0,3035.0,11400
2006-08-10,2252.442138671875,3005.0,3005.0,2950.0,2995.0,13200
2006-08-11,2357.3818359375,3145.0,3145.0,3085.0,3090.0,8600
2006-08-14,2398.607666015625,3200.0,3225.0,3080.0,3080.0,4000
2006-08-15,2511.0419921875,3350.0,3350.0,3285.0,3295.0,29400
2006-08-16,2597.2421875,3465.0,3500.0,3400.0,3500.0,21200
2006-08-17,2709.6767578125,3615.0,3650.0,3495.0,3495.0,54600
2006-08-18,2698.43359375,3600.0,3600.0,3550.0,3550.0,3200
2006-08-21,2660.955322265625,3550.0,3615.0,3500.0,3600.0,9400
2006-08-22,2604.73779296875,3475.0,3540.0,3410.0,3500.0,11600
2006-08-23,2548.520751953125,3400.0,3550.0,3400.0,3525.0,5400
2006-08-24,2526.033935546875,3370.0,3375.0,3330.0,3335.0,5800
2006-08-25,2615.981689453125,3490.0,3490.0,3410.0,3460.0,3200
2006-08-28,2533.529296875,3380.0,3470.0,3370.0,3470.0,1200
2006-08-29,2499.798828125,3335.0,3380.0,3330.0,3380.0,7200
2006-08-30,2481.060302734375,3310.0,3400.0,3310.0,3330.0,7200
2006-08-31,2511.0419921875,3350.0,3385.0,3335.0,3380.0,2400
2006-09-01,2511.0419921875,3350.0,3375.0,3330.0,3365.0,7200
2006-09-04,2548.520751953125,3400.0,3450.0,3360.0,3360.0,12200
2006-09-05,2585.999267578125,3450.0,3450.0,3380.0,3400.0,2400
2006-09-06,2585.999267578125,3450.0,3450.0,3380.0,3450.0,2400
2006-09-07,2541.025146484375,3390.0,3390.0,3380.0,3380.0,800
2006-09-08,2511.0419921875,3350.0,3350.0,3350.0,3350.0,1800
2006-09-11,2492.30322265625,3325.0,3330.0,3320.0,3325.0,16800
2006-09-12,2436.0859375,3250.0,3300.0,3210.0,3300.0,12600
2006-09-13,2473.564697265625,3300.0,3300.0,3200.0,3200.0,23800
2006-09-14,2439.83349609375,3255.0,3295.0,3250.0,3260.0,7600
2006-09-15,2436.0859375,3250.0,3330.0,3250.0,3330.0,12600
2006-09-18,2436.0859375,3250.0,3250.0,3250.0,3250.0,0
2006-09-19,2454.8251953125,3275.0,3275.0,3245.0,3245.0,29000
2006-09-20,2473.564697265625,3300.0,3300.0,3275.0,3290.0,14000
2006-09-21,2488.555419921875,3320.0,3325.0,3255.0,3255.0,20200
2006-09-22,2473.564697265625,3300.0,3340.0,3295.0,3330.0,17400
2006-09-25,2507.294677734375,3345.0,3350.0,3295.0,3350.0,4400
2006-09-26,2522.2861328125,3365.0,3400.0,3305.0,3400.0,13400
2006-09-27,2548.520751953125,3400.0,3400.0,3375.0,3375.0,4200
2006-09-28,2619.729248046875,3495.0,3530.0,3450.0,3490.0,48200
2006-09-29,2571.007568359375,3430.0,3475.0,3425.0,3450.0,17600
2006-10-02,2518.5380859375,3360.0,3380.0,3335.0,3335.0,11400
2006-10-03,2529.781494140625,3375.0,3440.0,3375.0,3440.0,5000
2006-10-04,2496.051025390625,3330.0,3365.0,3325.0,3365.0,11400
2006-10-05,2567.259765625,3425.0,3425.0,3360.0,3375.0,28000
2006-10-06,2574.75537109375,3435.0,3450.0,3395.0,3410.0,42800
2006-10-09,2574.75537109375,3435.0,3435.0,3435.0,3435.0,0
2006-10-10,2544.773193359375,3395.0,3460.0,3395.0,3435.0,39600
2006-10-11,2548.520751953125,3400.0,3400.0,3390.0,3395.0,9800
2006-10-12,2511.0419921875,3350.0,3350.0,3225.0,3300.0,55200
2006-10-13,2529.781494140625,3375.0,3400.0,3350.0,3350.0,4800
2006-10-16,2623.47705078125,3500.0,3505.0,3400.0,3450.0,38200
2006-10-17,2604.73779296875,3475.0,3500.0,3450.0,3450.0,22600
2006-10-18,2585.999267578125,3450.0,3500.0,3450.0,3470.0,6200
2006-10-19,2690.937744140625,3590.0,3650.0,3565.0,3600.0,99800
2006-10-20,2795.876953125,3730.0,3820.0,3655.0,3655.0,181200
2006-10-23,2893.3203125,3860.0,3880.0,3815.0,3845.0,67400
2006-10-24,2904.563720703125,3875.0,3990.0,3860.0,3975.0,66000
2006-10-25,2878.329345703125,3840.0,3935.0,3805.0,3935.0,33800
2006-10-26,2855.841796875,3810.0,3860.0,3795.0,3850.0,51400
2006-10-27,2904.563720703125,3875.0,3905.0,3820.0,3825.0,31800
2006-10-30,2882.0771484375,3845.0,3875.0,3845.0,3875.0,17600
2006-10-31,2893.3203125,3860.0,3875.0,3840.0,3845.0,20800
2006-11-01,2870.83349609375,3830.0,3890.0,3825.0,3890.0,12800
2006-11-02,2923.30322265625,3900.0,3930.0,3805.0,3830.0,43400
2006-11-03,2923.30322265625,3900.0,3900.0,3900.0,3900.0,0
2006-11-06,2994.51220703125,3995.0,4250.0,3855.0,4100.0,109000
2006-11-07,2979.5205078125,3975.0,4125.0,3975.0,4045.0,62600
2006-11-08,2889.57275390625,3855.0,3900.0,3850.0,3890.0,36200
2006-11-09,2912.05908203125,3885.0,4000.0,3825.0,3855.0,22400
2006-11-10,2878.329345703125,3840.0,3950.0,3600.0,3750.0,46400
2006-11-13,2867.086181640625,3825.0,3900.0,3755.0,3760.0,49400
2006-11-14,2893.3203125,3860.0,3965.0,3835.0,3850.0,50600
2006-11-15,2844.598876953125,3795.0,3995.0,3790.0,3980.0,33800
2006-11-16,2822.11181640625,3765.0,3815.0,3745.0,3745.0,25000
2006-11-17,2795.876953125,3730.0,3815.0,3730.0,3815.0,23400
2006-11-20,2825.859619140625,3770.0,3800.0,3625.0,3780.0,55600
2006-11-21,2893.3203125,3860.0,3875.0,3765.0,3770.0,54000
2006-11-22,2904.563720703125,3875.0,3880.0,3800.0,3850.0,21400
2006-11-23,2904.563720703125,3875.0,3875.0,3875.0,3875.0,0
2006-11-24,3065.720947265625,4090.0,4110.0,3805.0,3925.0,64200
2006-11-27,3065.720947265625,4090.0,4090.0,3940.0,3940.0,27000
2006-11-28,2998.259765625,4000.0,4050.0,3945.0,3945.0,15400
2006-11-29,3013.251220703125,4020.0,4040.0,4020.0,4040.0,8000
2006-11-30,2867.086181640625,3825.0,4020.0,3825.0,4020.0,44600
2006-12-01,2863.337646484375,3820.0,3845.0,3805.0,3825.0,20800
2006-12-04,2848.346923828125,3800.0,3825.0,3750.0,3820.0,28400
2006-12-05,2897.068115234375,3865.0,3900.0,3800.0,3800.0,24200
2006-12-06,2915.8076171875,3890.0,3945.0,3880.0,3945.0,21800
2006-12-07,2897.068115234375,3865.0,3930.0,3765.0,3875.0,34200
2006-12-08,2889.57275390625,3855.0,3900.0,3810.0,3865.0,16800
2006-12-11,2852.094482421875,3805.0,3845.0,3805.0,3810.0,7600
2006-12-12,2814.6162109375,3755.0,3855.0,3690.0,3855.0,34800
2006-12-13,2803.372314453125,3740.0,3780.0,3700.0,3760.0,22400
2006-12-14,2825.859619140625,3770.0,3790.0,3660.0,3700.0,26400
2006-12-15,2859.59033203125,3815.0,3925.0,3800.0,3810.0,53400
2006-12-18,2904.563720703125,3875.0,3890.0,3825.0,3850.0,38200
2006-12-19,2927.05078125,3905.0,3915.0,3850.0,3900.0,26800
2006-12-20,2927.05078125,3905.0,3925.0,3810.0,3920.0,40600
2006-12-21,2927.05078125,3905.0,3915.0,3845.0,3910.0,55200
2006-12-22,2957.03369140625,3945.0,3950.0,3905.0,3905.0,86200
2006-12-25,2923.30322265625,3900.0,3945.0,3860.0,3945.0,33200
2006-12-26,2960.781982421875,3950.0,3950.0,3860.0,3945.0,17800
2006-12-27,2904.563720703125,3875.0,3890.0,3865.0,3875.0,4800
2006-12-28,2923.30322265625,3900.0,3900.0,3870.0,3900.0,9400
2006-12-29,2945.790283203125,3930.0,3975.0,3900.0,3900.0,6600
2007-01-04,2972.02490234375,3965.0,3975.0,3920.0,3975.0,5400
2007-01-05,2927.05078125,3905.0,3905.0,3825.0,3890.0,9400
2007-01-09,2953.2861328125,3940.0,3940.0,3875.0,3925.0,11400
2007-01-10,2900.816162109375,3870.0,3900.0,3870.0,3900.0,7400
2007-01-11,2882.0771484375,3845.0,3850.0,3845.0,3850.0,11000
2007-01-12,2852.094482421875,3805.0,3845.0,3775.0,3845.0,14800
2007-01-15,2882.0771484375,3845.0,3855.0,3840.0,3850.0,21400
2007-01-16,2900.816162109375,3870.0,3900.0,3825.0,3845.0,41200
2007-01-17,2938.294921875,3920.0,3925.0,3875.0,3910.0,16400
2007-01-18,2949.53759765625,3935.0,3945.0,3920.0,3920.0,21600
2007-01-19,2957.03369140625,3945.0,3945.0,3915.0,3925.0,38000
2007-01-22,2957.03369140625,3945.0,3960.0,3940.0,3960.0,11000
2007-01-23,2979.5205078125,3975.0,3975.0,3925.0,3945.0,23200
2007-01-24,2987.01611328125,3985.0,3995.0,3975.0,3990.0,10800
2007-01-25,2964.529052734375,3955.0,3995.0,3955.0,3960.0,4800
2007-01-26,2998.259765625,4000.0,4010.0,3915.0,3975.0,26800
2007-01-29,2968.27734375,3960.0,4000.0,3955.0,4000.0,2600
2007-01-30,2942.042236328125,3925.0,3960.0,3925.0,3960.0,3400
2007-01-31,2938.294921875,3920.0,3925.0,3860.0,3905.0,7200
2007-02-01,2908.3115234375,3880.0,3920.0,3875.0,3920.0,5400
2007-02-02,2979.5205078125,3975.0,3975.0,3880.0,3880.0,17600
2007-02-05,2915.8076171875,3890.0,3940.0,3880.0,3935.0,3400
2007-02-06,2960.781982421875,3950.0,3960.0,3890.0,3890.0,8800
2007-02-07,2930.798828125,3910.0,3955.0,3910.0,3950.0,8200
2007-02-08,2863.337646484375,3820.0,3950.0,3800.0,3950.0,28400
2007-02-09,2990.763916015625,3990.0,3995.0,3935.0,3935.0,18400
2007-02-13,3039.486083984375,4055.0,4195.0,4000.0,4050.0,92600
2007-02-14,3035.73779296875,4050.0,4095.0,4015.0,4015.0,62000
2007-02-15,3054.476806640625,4075.0,4100.0,4005.0,4100.0,23200
2007-02-16,3054.476806640625,4075.0,4075.0,4040.0,4045.0,24600
2007-02-19,2957.03369140625,3945.0,4000.0,3935.0,4000.0,10200
2007-02-20,2960.781982421875,3950.0,4000.0,3950.0,4000.0,6600
2007-02-21,2953.2861328125,3940.0,3950.0,3940.0,3950.0,11600
2007-02-22,2983.268310546875,3980.0,4005.0,3950.0,3950.0,33400
2007-02-23,2998.259765625,4000.0,4050.0,3980.0,4050.0,14600
2007-02-26,2994.51220703125,3995.0,4000.0,3950.0,4000.0,4400
2007-02-27,2994.51220703125,3995.0,4000.0,3925.0,4000.0,8800
2007-02-28,2908.3115234375,3880.0,3905.0,3750.0,3750.0,13000
2007-03-01,3016.998779296875,4025.0,4030.0,3975.0,4030.0,41000
2007-03-02,2908.3115234375,3880.0,3950.0,3880.0,3950.0,9400
2007-03-05,2754.651123046875,3675.0,3860.0,3665.0,3860.0,11800
2007-03-06,2743.40771484375,3660.0,3700.0,3650.0,3665.0,26800
2007-03-07,2765.894775390625,3690.0,3850.0,3615.0,3850.0,22600
2007-03-08,2769.642578125,3695.0,3740.0,3650.0,3720.0,18000
2007-03-09,2762.146484375,3685.0,3730.0,3685.0,3725.0,6800
2007-03-12,2784.6337890625,3715.0,3780.0,3705.0,3780.0,5800
2007-03-13,2784.6337890625,3715.0,3785.0,3710.0,3785.0,9600
2007-03-14,2795.876953125,3730.0,3760.0,3690.0,3760.0,4200
2007-03-15,2904.563720703125,3875.0,3910.0,3845.0,3855.0,10000
2007-03-16,2874.581787109375,3835.0,3995.0,3750.0,3995.0,14200
2007-03-19,2878.329345703125,3840.0,3840.0,3785.0,3835.0,1600
2007-03-20,2844.598876953125,3795.0,3840.0,3790.0,3840.0,13400
2007-03-22,2878.329345703125,3840.0,3850.0,3800.0,3850.0,15000
2007-03-23,2859.59033203125,3815.0,3840.0,3805.0,3840.0,21800
2007-03-26,2867.086181640625,3825.0,3840.0,3785.0,3840.0,7400
2007-03-27,2899.1728515625,3840.0,3840.0,3740.0,3750.0,7600
2007-03-28,2899.1728515625,3840.0,3840.0,3785.0,3790.0,10200
2007-03-29,2899.1728515625,3840.0,3850.0,3830.0,3840.0,10800
2007-03-30,2899.1728515625,3840.0,3845.0,3775.0,3840.0,10800
2007-04-02,2816.123779296875,3730.0,3840.0,3725.0,3840.0,8400
2007-04-03,2853.873046875,3780.0,3820.0,3735.0,3820.0,6200
2007-04-04,2868.9736328125,3800.0,3805.0,3750.0,3800.0,5200
2007-04-05,2842.548583984375,3765.0,3775.0,3760.0,3765.0,8200
2007-04-06,2831.2236328125,3750.0,3750.0,3750.0,3750.0,1000
2007-04-09,2801.023681640625,3710.0,3715.0,3705.0,3715.0,1400
2007-04-10,2782.14892578125,3685.0,3765.0,3660.0,3765.0,6000
2007-04-11,2801.023681640625,3710.0,3730.0,3690.0,3730.0,6000
2007-04-12,2850.0986328125,3775.0,3800.0,3715.0,3750.0,23000
2007-04-13,2861.423095703125,3790.0,3800.0,3735.0,3800.0,16800
2007-04-16,2899.1728515625,3840.0,3850.0,3825.0,3850.0,49800
2007-04-17,2887.8486328125,3825.0,3845.0,3800.0,3840.0,29200
2007-04-18,2884.072998046875,3820.0,3850.0,3820.0,3850.0,3400
2007-04-19,2801.023681640625,3710.0,3820.0,3680.0,3820.0,10800
2007-04-20,2714.19970703125,3595.0,3710.0,3580.0,3710.0,20600
2007-04-23,2668.900146484375,3535.0,3595.0,3475.0,3590.0,11400
2007-04-24,2612.27587890625,3460.0,3460.0,3400.0,3425.0,15800
2007-04-25,2525.451904296875,3345.0,3460.0,3325.0,3460.0,16000
2007-04-26,2642.475341796875,3500.0,3500.0,3345.0,3345.0,14000
2007-04-27,2785.92431640625,3690.0,3710.0,3500.0,3500.0,11600
2007-05-01,2680.22509765625,3550.0,3570.0,3410.0,3550.0,13600
2007-05-02,2702.874267578125,3580.0,3615.0,3500.0,3525.0,13800
2007-05-07,2755.72412109375,3650.0,3660.0,3610.0,3615.0,10600
2007-05-08,2755.72412109375,3650.0,3700.0,3610.0,3700.0,15200
2007-05-09,2755.72412109375,3650.0,3650.0,3625.0,3650.0,5200
2007-05-10,2680.22509765625,3550.0,3610.0,3550.0,3610.0,1000
2007-05-11,2585.85107421875,3425.0,3535.0,3400.0,3500.0,5400
2007-05-14,2585.85107421875,3425.0,3450.0,3345.0,3400.0,31200
2007-05-15,2585.85107421875,3425.0,3525.0,3420.0,3525.0,19000
2007-05-16,2529.22607421875,3350.0,3425.0,3350.0,3425.0,4200
2007-05-17,2487.7021484375,3295.0,3375.0,3290.0,3375.0,43400
2007-05-18,2415.9775390625,3200.0,3300.0,3150.0,3300.0,14600
2007-05-21,2272.52880859375,3010.0,3200.0,2905.0,3200.0,39800
2007-05-22,2340.478515625,3100.0,3105.0,3000.0,3010.0,52000
2007-05-23,2378.22802734375,3150.0,3275.0,3110.0,3110.0,36800
2007-05-24,2415.9775390625,3200.0,3250.0,3155.0,3250.0,6600
2007-05-25,2415.9775390625,3200.0,3275.0,3190.0,3245.0,18800
2007-05-28,2385.778076171875,3160.0,3175.0,3050.0,3160.0,9600
2007-05-29,2355.578125,3120.0,3220.0,3110.0,3215.0,12600
2007-05-30,2415.9775390625,3200.0,3215.0,3130.0,3135.0,11800
2007-05-31,2408.427734375,3190.0,3210.0,3135.0,3200.0,7600
2007-06-01,2370.677978515625,3140.0,3190.0,3115.0,3190.0,11600
2007-06-04,2355.578125,3120.0,3125.0,3100.0,3115.0,23200
2007-06-05,2298.953857421875,3045.0,3125.0,2960.0,3095.0,37600
2007-06-06,2340.478515625,3100.0,3100.0,3000.0,3095.0,26000
2007-06-07,2412.20263671875,3195.0,3195.0,3085.0,3115.0,13400
2007-06-08,2419.7529296875,3205.0,3205.0,3145.0,3195.0,15600
2007-06-11,2548.1015625,3375.0,3395.0,3190.0,3190.0,25800
2007-06-12,2559.42626953125,3390.0,3500.0,3300.0,3500.0,22400
2007-06-13,2491.477294921875,3300.0,3300.0,3200.0,3250.0,21800
2007-06-14,2438.62744140625,3230.0,3255.0,3210.0,3220.0,8000
2007-06-15,2510.3515625,3325.0,3325.0,3230.0,3230.0,10000
2007-06-18,2548.1015625,3375.0,3445.0,3270.0,3275.0,28800
2007-06-19,2510.3515625,3325.0,3500.0,3325.0,3500.0,9800
2007-06-20,2499.027099609375,3310.0,3315.0,3250.0,3285.0,18400
2007-06-21,2472.60205078125,3275.0,3290.0,3200.0,3260.0,39200
2007-06-22,2502.802001953125,3315.0,3315.0,3225.0,3230.0,15800
2007-06-25,2491.477294921875,3300.0,3320.0,3275.0,3310.0,11200
2007-06-26,2438.62744140625,3230.0,3230.0,3205.0,3205.0,18800
2007-06-27,2499.027099609375,3310.0,3310.0,3285.0,3310.0,43400
2007-06-28,2533.001708984375,3355.0,3375.0,3310.0,3310.0,16400
2007-06-29,2566.976318359375,3400.0,3425.0,3275.0,3285.0,8200
2007-07-02,2627.375732421875,3480.0,3525.0,3440.0,3450.0,13000
2007-07-03,2774.599365234375,3675.0,3705.0,3585.0,3585.0,16800
2007-07-04,2668.900146484375,3535.0,3600.0,3525.0,3600.0,6800
2007-07-05,2642.475341796875,3500.0,3525.0,3475.0,3525.0,15600
2007-07-06,2755.72412109375,3650.0,3670.0,3525.0,3525.0,20000
2007-07-09,2748.17431640625,3640.0,3690.0,3550.0,3550.0,19800
2007-07-10,2657.575439453125,3520.0,3565.0,3505.0,3560.0,8200
2007-07-11,2570.751220703125,3405.0,3500.0,3405.0,3435.0,14800
2007-07-12,2642.475341796875,3500.0,3505.0,3450.0,3450.0,31000
2007-07-13,2616.050537109375,3465.0,3500.0,3450.0,3465.0,8600
2007-07-17,2623.600341796875,3475.0,3565.0,3445.0,3565.0,43800
2007-07-18,2634.925537109375,3490.0,3500.0,3475.0,3500.0,5200
2007-07-19,2627.375732421875,3480.0,3540.0,3480.0,3530.0,8600
2007-07-20,2736.849853515625,3625.0,3625.0,3580.0,3600.0,6800
2007-07-23,2680.22509765625,3550.0,3580.0,3505.0,3555.0,7200
2007-07-24,2702.874267578125,3580.0,3600.0,3575.0,3585.0,14600
2007-07-25,2717.974609375,3600.0,3690.0,3585.0,3675.0,12000
2007-07-26,2702.874267578125,3580.0,3600.0,3550.0,3600.0,10200
2007-07-27,2717.974609375,3600.0,3600.0,3505.0,3505.0,14200
2007-07-30,2717.974609375,3600.0,3600.0,3550.0,3550.0,12200
2007-07-31,2755.72412109375,3650.0,3650.0,3550.0,3600.0,8600
2007-08-01,2582.075927734375,3420.0,3560.0,3415.0,3560.0,13800
2007-08-02,2604.72607421875,3450.0,3455.0,3440.0,3450.0,11200
2007-08-03,2574.52587890625,3410.0,3450.0,3335.0,3450.0,27600
2007-08-06,2582.075927734375,3420.0,3465.0,3400.0,3410.0,23800
2007-08-07,2529.22607421875,3350.0,3370.0,3330.0,3370.0,23600
2007-08-08,2483.92724609375,3290.0,3345.0,3265.0,3345.0,23400
2007-08-09,2529.22607421875,3350.0,3395.0,3265.0,3265.0,15200
2007-08-10,2646.25,3505.0,3520.0,3400.0,3450.0,61600
2007-08-13,2646.25,3505.0,3505.0,3500.0,3500.0,15600
2007-08-14,2570.751220703125,3405.0,3525.0,3360.0,3360.0,13400
2007-08-15,2642.475341796875,3500.0,3505.0,3410.0,3505.0,5400
2007-08-16,2646.25,3505.0,3505.0,3410.0,3475.0,7200
2007-08-17,2699.099853515625,3575.0,3575.0,3395.0,3505.0,18600
2007-08-20,2585.85107421875,3425.0,3530.0,3420.0,3525.0,33200
2007-08-21,2600.950439453125,3445.0,3445.0,3305.0,3425.0,13200
2007-08-22,2457.502197265625,3255.0,3445.0,3250.0,3445.0,21000
2007-08-23,2491.477294921875,3300.0,3385.0,3270.0,3385.0,15000
2007-08-24,2461.27685546875,3260.0,3335.0,3255.0,3335.0,17200
2007-08-27,2510.3515625,3325.0,3350.0,3265.0,3310.0,5000
2007-08-28,2533.001708984375,3355.0,3375.0,3300.0,3375.0,16200
2007-08-29,2533.001708984375,3355.0,3355.0,3355.0,3355.0,400
2007-08-30,2533.001708984375,3355.0,3425.0,3220.0,3425.0,14800
2007-08-31,2585.85107421875,3425.0,3425.0,3260.0,3410.0,10200
2007-09-03,2483.92724609375,3290.0,3425.0,3285.0,3425.0,5400
2007-09-04,2548.1015625,3375.0,3410.0,3355.0,3400.0,3400
2007-09-05,2544.326416015625,3370.0,3490.0,3305.0,3480.0,14600
2007-09-06,2491.477294921875,3300.0,3390.0,3285.0,3390.0,11200
2007-09-07,2548.1015625,3375.0,3385.0,3280.0,3280.0,10200
2007-09-10,2566.976318359375,3400.0,3400.0,3290.0,3300.0,12400
2007-09-11,2544.326416015625,3370.0,3425.0,3300.0,3425.0,10600
2007-09-12,2578.30078125,3415.0,3425.0,3330.0,3350.0,12200
2007-09-13,2578.30078125,3415.0,3430.0,3345.0,3420.0,12600
2007-09-14,2491.477294921875,3300.0,3355.0,3215.0,3315.0,20600
2007-09-18,2491.477294921875,3300.0,3350.0,3300.0,3340.0,16200
2007-09-19,2491.477294921875,3300.0,3300.0,3285.0,3300.0,8400
2007-09-20,2495.251953125,3305.0,3320.0,3295.0,3300.0,16200
2007-09-21,2453.727294921875,3250.0,3295.0,3200.0,3295.0,13800
2007-09-25,2442.40185546875,3235.0,3255.0,3210.0,3255.0,9200
2007-09-26,2438.62744140625,3230.0,3290.0,3205.0,3205.0,8400
2007-09-27,2529.22607421875,3350.0,3375.0,3245.0,3250.0,19800
2007-09-28,2646.25,3505.0,3525.0,3450.0,3500.0,21200
2007-10-01,2566.976318359375,3400.0,3405.0,3390.0,3405.0,4600
2007-10-02,2510.3515625,3325.0,3485.0,3320.0,3485.0,4600
2007-10-03,2642.475341796875,3500.0,3500.0,3370.0,3370.0,8000
2007-10-04,2533.001708984375,3355.0,3500.0,3355.0,3500.0,1000
2007-10-05,2566.976318359375,3400.0,3400.0,3350.0,3400.0,6000
2007-10-09,2623.600341796875,3475.0,3525.0,3450.0,3475.0,8800
2007-10-10,2616.050537109375,3465.0,3470.0,3380.0,3380.0,6000
2007-10-11,2638.700439453125,3495.0,3545.0,3450.0,3450.0,18600
2007-10-12,2623.600341796875,3475.0,3475.0,3400.0,3400.0,8000
2007-10-15,2548.1015625,3375.0,3500.0,3335.0,3500.0,4400
2007-10-16,2521.67626953125,3340.0,3360.0,3325.0,3355.0,6800
2007-10-17,2566.976318359375,3400.0,3405.0,3300.0,3300.0,9200
2007-10-18,2566.976318359375,3400.0,3400.0,3320.0,3320.0,14200
2007-10-19,2642.475341796875,3500.0,3500.0,3400.0,3450.0,12400
2007-10-22,2642.475341796875,3500.0,3500.0,3395.0,3500.0,14000
2007-10-23,2642.475341796875,3500.0,3510.0,3430.0,3495.0,22000
2007-10-24,2668.900146484375,3535.0,3535.0,3430.0,3505.0,19400
2007-10-25,2661.3505859375,3525.0,3535.0,3460.0,3535.0,13200
2007-10-26,2604.72607421875,3450.0,3450.0,3395.0,3395.0,6400
2007-10-29,2529.22607421875,3350.0,3475.0,3350.0,3455.0,7000
2007-10-30,2506.57666015625,3320.0,3330.0,3295.0,3330.0,6400
2007-10-31,2642.475341796875,3500.0,3500.0,3405.0,3415.0,6600
2007-11-01,2566.976318359375,3400.0,3505.0,3400.0,3505.0,2400
2007-11-02,2529.22607421875,3350.0,3485.0,3350.0,3385.0,1600
2007-11-05,2521.67626953125,3340.0,3350.0,3330.0,3350.0,6400
2007-11-06,2483.92724609375,3290.0,3340.0,3275.0,3340.0,5000
2007-11-07,2480.15234375,3285.0,3300.0,3280.0,3295.0,6200
2007-11-08,2548.1015625,3375.0,3375.0,2940.0,3085.0,21600
2007-11-09,2476.377197265625,3280.0,3280.0,3280.0,3280.0,2000
2007-11-12,2378.22802734375,3150.0,3220.0,3150.0,3220.0,1000
2007-11-13,2378.22802734375,3150.0,3245.0,3015.0,3100.0,7000
2007-11-14,2359.353271484375,3125.0,3150.0,3100.0,3100.0,9000
2007-11-15,2302.728759765625,3050.0,3150.0,3050.0,3150.0,5600
2007-11-16,2163.0546875,2865.0,2950.0,2860.0,2950.0,8000
2007-11-19,2117.755126953125,2805.0,2895.0,2575.0,2650.0,34600
2007-11-20,2110.20556640625,2795.0,2800.0,2555.0,2555.0,9800
2007-11-21,2019.60595703125,2675.0,2730.0,2645.0,2645.0,12600
2007-11-22,1887.4825439453125,2500.0,2620.0,2495.0,2605.0,61800
2007-11-26,1789.33349609375,2370.0,2480.0,2330.0,2480.0,110400
2007-11-27,1830.8580322265625,2425.0,2425.0,2345.0,2345.0,17800
2007-11-28,1857.2830810546875,2460.0,2595.0,2455.0,2490.0,28800
2007-11-29,1879.9326171875,2490.0,2550.0,2475.0,2475.0,32000
2007-11-30,1879.9326171875,2490.0,2490.0,2415.0,2490.0,75200
2007-12-03,1895.0323486328125,2510.0,2620.0,2495.0,2550.0,11400
2007-12-04,1811.9832763671875,2400.0,2500.0,2385.0,2500.0,9000
2007-12-05,1823.307861328125,2415.0,2475.0,2390.0,2475.0,17200
2007-12-06,1830.8580322265625,2425.0,2490.0,2415.0,2490.0,11800
2007-12-07,1834.6329345703125,2430.0,2490.0,2405.0,2450.0,15000
2007-12-10,1940.3319091796875,2570.0,2580.0,2515.0,2550.0,9600
2007-12-11,1981.856689453125,2625.0,2670.0,2585.0,2650.0,15600
2007-12-12,2038.481201171875,2700.0,2715.0,2550.0,2650.0,9000
2007-12-13,1895.0323486328125,2510.0,2650.0,2475.0,2625.0,42400
2007-12-14,2166.830078125,2870.0,2870.0,2510.0,2600.0,39800
2007-12-17,1966.7569580078125,2605.0,2870.0,2600.0,2870.0,19400
2007-12-18,1944.107177734375,2575.0,2605.0,2525.0,2605.0,9800
2007-12-19,1857.2830810546875,2460.0,2520.0,2455.0,2505.0,9600
2007-12-20,1827.0830078125,2420.0,2460.0,2410.0,2450.0,13400
2007-12-21,1864.8326416015625,2470.0,2495.0,2415.0,2495.0,11800
2007-12-25,1853.508056640625,2455.0,2515.0,2455.0,2505.0,5400
2007-12-26,1830.8580322265625,2425.0,2430.0,2410.0,2430.0,17600
2007-12-27,1823.307861328125,2415.0,2430.0,2410.0,2430.0,4800
2007-12-28,1811.9832763671875,2400.0,2415.0,2395.0,2415.0,8400
2008-01-04,1815.758056640625,2405.0,2425.0,2405.0,2410.0,3000
2008-01-07,1808.2081298828125,2395.0,2420.0,2395.0,2395.0,3800
2008-01-08,1925.231689453125,2550.0,2550.0,2445.0,2450.0,9200
2008-01-09,1925.231689453125,2550.0,2570.0,2520.0,2550.0,8200
2008-01-10,1883.7078857421875,2495.0,2505.0,2495.0,2500.0,3800
2008-01-11,1842.1827392578125,2440.0,2500.0,2425.0,2495.0,6000
2008-01-15,1691.1844482421875,2240.0,2405.0,2190.0,2405.0,30800
2008-01-16,1642.1097412109375,2175.0,2190.0,2135.0,2190.0,34400
2008-01-17,1585.4853515625,2100.0,2175.0,2060.0,2175.0,31800
2008-01-18,1585.4853515625,2100.0,2110.0,2065.0,2075.0,43000
2008-01-21,1585.4853515625,2100.0,2100.0,2085.0,2100.0,15600
2008-01-22,1585.4853515625,2100.0,2125.0,2100.0,2100.0,6600
2008-01-23,1555.2855224609375,2060.0,2100.0,2060.0,2100.0,8000
2008-01-24,1536.4107666015625,2035.0,2185.0,2000.0,2185.0,15200
2008-01-25,1551.5103759765625,2055.0,2100.0,2040.0,2085.0,37800
2008-01-28,1540.185791015625,2040.0,2095.0,2035.0,2090.0,23400
2008-01-29,1555.2855224609375,2060.0,2060.0,2015.0,2055.0,39200
2008-01-30,1593.03515625,2110.0,2135.0,2055.0,2135.0,8000
2008-01-31,1585.4853515625,2100.0,2135.0,2055.0,2065.0,16400
2008-02-01,1608.135009765625,2130.0,2160.0,2115.0,2150.0,4800
2008-02-04,1585.4853515625,2100.0,2105.0,2075.0,2105.0,8000
2008-02-05,1551.5103759765625,2055.0,2125.0,2055.0,2125.0,5200
2008-02-06,1528.8607177734375,2025.0,2065.0,2010.0,2040.0,17800
2008-02-07,1525.085693359375,2020.0,2060.0,2000.0,2025.0,18600
2008-02-08,1479.786376953125,1960.0,2020.0,1960.0,2020.0,5800
2008-02-12,1453.361328125,1925.0,1965.0,1905.0,1960.0,5600
2008-02-13,1408.0618896484375,1865.0,1875.0,1845.0,1850.0,33000
2008-02-14,1460.911376953125,1935.0,1965.0,1850.0,1965.0,28800
2008-02-15,1468.4613037109375,1945.0,1995.0,1900.0,1995.0,31000
2008-02-18,1506.2108154296875,1995.0,1995.0,1950.0,1985.0,5800
2008-02-19,1509.9859619140625,2000.0,2030.0,1935.0,2000.0,14600
2008-02-20,1472.236328125,1950.0,2000.0,1925.0,2000.0,10800
2008-02-21,1476.0113525390625,1955.0,1965.0,1925.0,1950.0,7800
2008-02-22,1472.236328125,1950.0,1950.0,1930.0,1950.0,9400
2008-02-25,1423.1617431640625,1885.0,1950.0,1850.0,1950.0,55400
2008-02-26,1468.4613037109375,1945.0,1945.0,1895.0,1910.0,25000
2008-02-27,1464.6861572265625,1940.0,1965.0,1920.0,1950.0,28400
2008-02-28,1426.9365234375,1890.0,1905.0,1875.0,1895.0,13000
2008-02-29,1392.962158203125,1845.0,1885.0,1845.0,1885.0,70200
2008-03-03,1340.112548828125,1775.0,1855.0,1775.0,1855.0,14000
2008-03-04,1340.112548828125,1775.0,1790.0,1715.0,1785.0,148200
2008-03-05,1340.112548828125,1775.0,1780.0,1750.0,1780.0,24400
2008-03-06,1343.8873291015625,1780.0,1800.0,1775.0,1775.0,13400
2008-03-07,1317.4627685546875,1745.0,1760.0,1725.0,1725.0,13800
2008-03-10,1321.2376708984375,1750.0,1755.0,1740.0,1750.0,36200
2008-03-11,1336.33740234375,1770.0,1780.0,1730.0,1730.0,6600
2008-03-12,1325.012939453125,1755.0,1805.0,1750.0,1790.0,7200
2008-03-13,1309.912841796875,1735.0,1945.0,1730.0,1755.0,20600
2008-03-14,1264.613037109375,1675.0,1710.0,1645.0,1710.0,32400
2008-03-17,1245.7386474609375,1650.0,1725.0,1645.0,1725.0,21000
2008-03-18,1215.538818359375,1610.0,1625.0,1575.0,1600.0,23000
2008-03-19,1215.538818359375,1610.0,1690.0,1610.0,1650.0,31200
2008-03-21,1321.2376708984375,1750.0,1750.0,1615.0,1660.0,29200
2008-03-24,1321.2376708984375,1750.0,1800.0,1675.0,1750.0,15800
2008-03-25,1362.7620849609375,1805.0,1820.0,1800.0,1805.0,11400
2008-03-26,1468.1800537109375,1915.0,1925.0,1750.0,1750.0,14200
2008-03-27,1452.8466796875,1895.0,1900.0,1890.0,1890.0,18800
2008-03-28,1441.3463134765625,1880.0,1880.0,1855.0,1870.0,21200
2008-03-31,1495.0137939453125,1950.0,1950.0,1880.0,1925.0,13800
2008-04-01,1475.8466796875,1925.0,1950.0,1875.0,1925.0,14800
2008-04-02,1460.5130615234375,1905.0,1920.0,1875.0,1875.0,4800
2008-04-03,1475.8466796875,1925.0,1930.0,1900.0,1905.0,16000
2008-04-04,1456.6800537109375,1900.0,1900.0,1880.0,1885.0,9200
2008-04-07,1437.512939453125,1875.0,1900.0,1860.0,1865.0,8800
2008-04-08,1429.8463134765625,1865.0,1870.0,1800.0,1870.0,5400
2008-04-09,1418.3460693359375,1850.0,1850.0,1790.0,1790.0,4000
2008-04-10,1380.0123291015625,1800.0,1800.0,1795.0,1800.0,26600
2008-04-11,1364.6790771484375,1780.0,1780.0,1750.0,1750.0,7600
2008-04-14,1357.012451171875,1770.0,1775.0,1760.0,1770.0,7800
2008-04-15,1357.012451171875,1770.0,1795.0,1765.0,1795.0,18800
2008-04-16,1353.178955078125,1765.0,1875.0,1715.0,1875.0,7200
2008-04-17,1330.178466796875,1735.0,1765.0,1730.0,1760.0,13000
2008-04-18,1364.6790771484375,1780.0,1850.0,1765.0,1765.0,9600
2008-04-21,1360.845703125,1775.0,1875.0,1740.0,1875.0,15600
2008-04-22,1341.6787109375,1750.0,1780.0,1745.0,1765.0,56000
2008-04-23,1337.8453369140625,1745.0,1775.0,1745.0,1775.0,13600
2008-04-24,1341.6787109375,1750.0,1775.0,1750.0,1750.0,8800
2008-04-25,1418.3460693359375,1850.0,1850.0,1805.0,1820.0,6600
2008-04-28,1502.6802978515625,1960.0,1990.0,1900.0,1900.0,11600
2008-04-30,1529.513671875,1995.0,2030.0,1965.0,1985.0,16800
2008-05-01,1460.5130615234375,1905.0,1995.0,1905.0,1995.0,3200
2008-05-02,1460.5130615234375,1905.0,1910.0,1900.0,1905.0,9600
2008-05-07,1357.012451171875,1770.0,1905.0,1770.0,1905.0,26800
2008-05-08,1380.0123291015625,1800.0,1805.0,1780.0,1785.0,12200
2008-05-09,1403.012939453125,1830.0,1890.0,1830.0,1890.0,3600
2008-05-12,1406.84619140625,1835.0,1865.0,1815.0,1830.0,3200
2008-05-13,1429.8463134765625,1865.0,1865.0,1820.0,1825.0,1800
2008-05-14,1426.012939453125,1860.0,1865.0,1840.0,1840.0,7800
2008-05-15,1617.6812744140625,2110.0,2110.0,1860.0,1920.0,17200
2008-05-16,1648.3482666015625,2150.0,2150.0,2015.0,2015.0,31200
2008-05-19,1671.3485107421875,2180.0,2200.0,2150.0,2150.0,7000
2008-05-20,1820.849609375,2375.0,2375.0,2180.0,2180.0,12000
2008-05-21,1855.350341796875,2420.0,2445.0,2365.0,2425.0,12200
2008-05-22,1962.6842041015625,2560.0,2560.0,2525.0,2550.0,8200
2008-05-23,1897.517333984375,2475.0,2560.0,2375.0,2560.0,9600
2008-05-26,1801.6832275390625,2350.0,2435.0,2335.0,2435.0,4200
2008-05-27,1790.18310546875,2335.0,2335.0,2325.0,2335.0,25600
2008-05-28,1790.18310546875,2335.0,2350.0,2330.0,2335.0,10200
2008-05-29,1786.3492431640625,2330.0,2335.0,2300.0,2335.0,20600
2008-05-30,1820.849609375,2375.0,2400.0,2330.0,2330.0,1800
2008-06-02,1805.5164794921875,2355.0,2370.0,2345.0,2350.0,16000
2008-06-03,1801.6832275390625,2350.0,2350.0,2335.0,2345.0,17400
2008-06-04,1817.0166015625,2370.0,2370.0,2350.0,2350.0,12400
2008-06-05,1824.6832275390625,2380.0,2380.0,2360.0,2375.0,23400
2008-06-06,1813.1829833984373,2365.0,2380.0,2360.0,2380.0,8800
2008-06-09,1801.6832275390625,2350.0,2350.0,2330.0,2350.0,7800
2008-06-10,1767.1827392578125,2305.0,2375.0,2300.0,2350.0,10400
2008-06-11,1740.348876953125,2270.0,2325.0,2230.0,2305.0,13400
2008-06-12,1698.181884765625,2215.0,2280.0,2215.0,2250.0,19800
2008-06-13,1713.5152587890625,2235.0,2245.0,2215.0,2220.0,8000
2008-06-16,1690.5152587890625,2205.0,2305.0,2165.0,2305.0,16200
2008-06-17,1705.8489990234375,2225.0,2225.0,2200.0,2210.0,9400
2008-06-18,1763.3492431640625,2300.0,2300.0,2200.0,2200.0,6000
2008-06-19,1763.3492431640625,2300.0,2300.0,2275.0,2275.0,600
2008-06-20,1763.3492431640625,2300.0,2300.0,2245.0,2250.0,8000
2008-06-23,1713.5152587890625,2235.0,2275.0,2215.0,2275.0,12400
2008-06-24,1713.5152587890625,2235.0,2240.0,2220.0,2235.0,5000
2008-06-25,1713.5152587890625,2235.0,2295.0,2225.0,2295.0,4000
2008-06-26,1725.0157470703125,2250.0,2300.0,2235.0,2235.0,7600
2008-06-27,1725.0157470703125,2250.0,2250.0,2210.0,2210.0,2400
2008-06-30,1725.0157470703125,2250.0,2265.0,2230.0,2230.0,9400
2008-07-01,1759.515625,2295.0,2300.0,2250.0,2250.0,4600
2008-07-02,1717.34912109375,2240.0,2305.0,2230.0,2305.0,19600
2008-07-03,1667.51513671875,2175.0,2230.0,2175.0,2230.0,23600
2008-07-04,1671.3485107421875,2180.0,2190.0,2160.0,2175.0,7000
2008-07-07,1667.51513671875,2175.0,2175.0,2165.0,2175.0,3400
2008-07-08,1717.34912109375,2240.0,2240.0,2175.0,2175.0,4000
2008-07-09,1690.5152587890625,2205.0,2240.0,2205.0,2235.0,3800
2008-07-10,1702.015380859375,2220.0,2225.0,2200.0,2205.0,4000
2008-07-11,1656.014892578125,2160.0,2220.0,2155.0,2220.0,42600
2008-07-14,1602.3477783203125,2090.0,2165.0,2085.0,2160.0,2600
2008-07-15,1594.6812744140625,2080.0,2155.0,2070.0,2155.0,11400
2008-07-16,1640.6815185546875,2140.0,2150.0,2135.0,2135.0,1400
2008-07-17,1636.8482666015625,2135.0,2135.0,2065.0,2065.0,1600
2008-07-18,1636.8482666015625,2135.0,2135.0,2135.0,2135.0,200
2008-07-22,1564.014404296875,2040.0,2065.0,2030.0,2055.0,22000
2008-07-23,1579.3475341796875,2060.0,2060.0,2040.0,2045.0,2800
2008-07-24,1610.0146484375,2100.0,2100.0,2085.0,2085.0,1200
2008-07-25,1571.6807861328125,2050.0,2165.0,2040.0,2165.0,5200
2008-07-28,1552.5140380859375,2025.0,2050.0,1960.0,2050.0,8800
2008-07-29,1556.347412109375,2030.0,2030.0,1990.0,1990.0,1800
2008-07-30,1533.3470458984375,2000.0,2030.0,2000.0,2030.0,12600
2008-07-31,1610.0146484375,2100.0,2100.0,2000.0,2000.0,3000
2008-08-01,1640.6815185546875,2140.0,2145.0,2140.0,2145.0,400
2008-08-04,1564.014404296875,2040.0,2145.0,2000.0,2145.0,3200
2008-08-05,1564.014404296875,2040.0,2040.0,2000.0,2005.0,9200
2008-08-06,1579.3475341796875,2060.0,2095.0,2015.0,2015.0,2000
2008-08-07,1506.513427734375,1965.0,2045.0,1965.0,2020.0,3600
2008-08-08,1475.8466796875,1925.0,1965.0,1900.0,1965.0,7600
2008-08-11,1475.8466796875,1925.0,1950.0,1925.0,1925.0,9200
2008-08-12,1495.0137939453125,1950.0,1995.0,1935.0,1995.0,5800
2008-08-13,1502.6802978515625,1960.0,2000.0,1950.0,2000.0,19200
2008-08-14,1475.8466796875,1925.0,1925.0,1905.0,1925.0,2600
2008-08-15,1475.8466796875,1925.0,1985.0,1875.0,1985.0,4800
2008-08-18,1422.179443359375,1855.0,1885.0,1855.0,1875.0,4600
2008-08-19,1422.179443359375,1855.0,1860.0,1850.0,1855.0,22400
2008-08-20,1360.845703125,1775.0,1825.0,1775.0,1800.0,4000
2008-08-21,1307.1785888671875,1705.0,1775.0,1695.0,1775.0,4000
2008-08-22,1307.1785888671875,1705.0,1720.0,1700.0,1700.0,2800
2008-08-25,1380.0123291015625,1800.0,1800.0,1745.0,1760.0,5800
2008-08-26,1383.8458251953125,1805.0,1825.0,1800.0,1805.0,3000
2008-08-27,1391.5125732421875,1815.0,1815.0,1805.0,1805.0,600
2008-08-28,1383.8458251953125,1805.0,1820.0,1780.0,1815.0,6600
2008-08-29,1426.012939453125,1860.0,1925.0,1790.0,1805.0,5600
2008-09-01,1472.013427734375,1920.0,1925.0,1880.0,1885.0,1800
2008-09-02,1468.1800537109375,1915.0,1920.0,1910.0,1920.0,2800
2008-09-03,1418.3460693359375,1850.0,1915.0,1850.0,1915.0,3200
2008-09-04,1418.3460693359375,1850.0,1900.0,1800.0,1850.0,9000
2008-09-05,1399.179443359375,1825.0,1830.0,1800.0,1805.0,11200
2008-09-08,1410.6795654296875,1840.0,1875.0,1825.0,1825.0,3600
2008-09-10,1387.67919921875,1810.0,1810.0,1810.0,1810.0,1078000
2008-09-11,1395.3460693359375,1820.0,1820.0,1800.0,1815.0,13600
2008-09-12,1395.3460693359375,1820.0,1820.0,1790.0,1795.0,13600
2008-09-16,1377.7127685546875,1797.0,1797.0,1797.0,1797.0,5000
2008-09-17,1349.3455810546875,1760.0,1920.0,1700.0,1875.0,38600
2008-09-18,1311.0118408203125,1710.0,1755.0,1555.0,1755.0,19600
2008-09-19,1295.6783447265625,1690.0,1715.0,1690.0,1715.0,13600
2008-09-22,1380.0123291015625,1800.0,1800.0,1695.0,1695.0,1400
2008-09-24,1382.3123779296875,1803.0,1803.0,1803.0,1803.0,1400
2008-09-25,1360.845703125,1775.0,1830.0,1750.0,1805.0,9000
2008-09-26,1464.346435546875,1910.0,1910.0,1825.0,1850.0,5800
2008-09-29,1521.8470458984375,1985.0,1985.0,1910.0,1935.0,5000
2008-09-30,1504.5972900390625,1962.5,1962.5,1962.5,1962.5,1000
2008-10-01,1491.94677734375,1946.0,1946.0,1946.0,1946.0,1400
2008-10-02,1464.346435546875,1910.0,1910.0,1910.0,1910.0,1000
2008-10-03,1429.8463134765625,1865.0,1865.0,1865.0,1865.0,200
2008-10-06,1219.0111083984375,1590.0,1775.0,1580.0,1755.0,7400
2008-10-07,1188.34423828125,1550.0,1575.0,1535.0,1550.0,11200
2008-10-08,1184.5107421875,1545.0,1575.0,1545.0,1550.0,14600
2008-10-09,1192.1773681640625,1555.0,1575.0,1500.0,1500.0,28400
2008-10-10,1007.4090576171876,1314.0,1314.0,1314.0,1314.0,3000
2008-10-15,1176.843994140625,1535.0,1550.0,1400.0,1410.0,20000
2008-10-16,1116.27685546875,1456.0,1490.0,1456.0,1490.0,3400
2008-10-17,1042.67626953125,1360.0,1410.0,1350.0,1410.0,8200
2008-10-20,1043.0594482421875,1360.5,1360.5,1360.5,1360.5,600
2008-10-21,1050.3428955078125,1370.0,1400.0,1370.0,1375.0,16200
2008-10-22,1041.52587890625,1358.5,1358.5,1358.5,1358.5,1000
2008-10-23,977.5088500976562,1275.0,1325.0,1240.0,1325.0,22800
2008-10-24,997.4422607421876,1301.0,1301.0,1301.0,1301.0,1000
2008-10-27,1000.5091552734376,1305.0,1320.0,1285.0,1320.0,3000
2008-10-28,1000.5091552734376,1305.0,1305.0,1290.0,1305.0,11200
2008-10-29,1058.7763671875,1381.0,1381.0,1381.0,1381.0,5600
2008-10-30,1036.926025390625,1352.5,1377.5,1330.0,1335.0,7200
2008-10-31,1050.3428955078125,1370.0,1370.0,1370.0,1370.0,600
2008-11-04,1053.4093017578125,1374.0,1374.0,1362.0,1362.0,1000
2008-11-05,1090.5931396484375,1422.5,1440.0,1402.5,1407.5,17600
2008-11-06,1059.9261474609375,1382.5,1400.0,1375.0,1380.0,6800
2008-11-07,1040.3763427734375,1357.0,1357.0,1351.5,1351.5,5000
2008-11-10,1051.492919921875,1371.5,1371.5,1371.5,1371.5,9800
2008-11-11,1056.093017578125,1377.5,1440.0,1365.0,1375.0,36800
2008-11-12,1065.67626953125,1390.0,1405.0,1372.5,1397.5,23800
2008-11-13,1065.67626953125,1390.0,1390.0,1352.5,1370.0,21600
2008-11-14,1050.3428955078125,1370.0,1390.0,1360.0,1370.0,19600
2008-11-17,1027.3426513671875,1340.0,1450.0,1310.0,1412.5,19800
2008-11-18,1027.3426513671875,1340.0,1380.0,1315.0,1340.0,11200
2008-11-19,1031.1759033203125,1345.0,1357.5,1345.0,1347.5,3400
2008-11-20,1013.92578125,1322.5,1345.0,1305.0,1325.0,8000
2008-11-21,996.6759033203124,1300.0,1345.0,1225.0,1275.0,7400
2008-11-25,962.1754150390624,1255.0,1340.0,1250.0,1340.0,9000
2008-11-26,996.6759033203124,1300.0,1317.5,1295.0,1295.0,2400
2008-11-27,1027.3426513671875,1340.0,1350.0,1320.0,1340.0,10800
2008-11-28,1029.2593994140625,1342.5,1342.5,1335.0,1340.0,2800
2008-12-01,1023.50927734375,1335.0,1342.5,1295.0,1342.5,7000
2008-12-02,1004.3421630859376,1310.0,1312.5,1310.0,1312.5,1600
2008-12-03,1000.5091552734376,1305.0,1307.5,1277.5,1307.5,8600
2008-12-04,847.1744384765625,1105.0,1260.0,1105.0,1260.0,15400
2008-12-05,766.6735229492188,1000.0,1025.0,980.0,1025.0,9800
2008-12-08,736.0067138671875,960.0,1000.0,950.0,1000.0,3200
2008-12-09,747.5068969726562,975.0,985.0,974.5,975.0,17800
2008-12-10,739.840087890625,965.0,965.0,962.5,962.5,2200
2008-12-11,724.506591796875,945.0,960.0,925.5,960.0,12000
2008-12-12,741.7567138671875,967.5,973.5,950.0,973.5,11600
2008-12-15,763.2235717773438,995.5,997.0,995.0,997.0,7600
2008-12-16,768.5902709960938,1002.5,1002.5,995.0,995.5,4800
2008-12-17,766.6735229492188,1000.0,1000.0,1000.0,1000.0,400
2008-12-18,743.67333984375,970.0,990.0,970.0,990.0,1800
2008-12-19,728.7233276367188,950.5,975.0,950.0,975.0,6400
2008-12-22,728.3400268554688,950.0,951.0,947.5,951.0,12800
2008-12-24,726.806640625,948.0,950.0,945.0,950.0,16400
2008-12-25,745.5901489257812,972.5,976.5,970.0,976.5,7000
2008-12-26,730.2565307617188,952.5,960.0,950.0,950.0,6600
2008-12-29,726.42333984375,947.5,952.5,945.0,952.5,9000
2008-12-30,713.0064697265625,930.0,949.0,930.0,949.0,35600
2009-01-05,728.3400268554688,950.0,955.0,948.0,950.0,6600
2009-01-06,760.9235229492188,992.5,995.0,985.0,990.0,14600
2009-01-07,789.6737670898438,1030.0,1050.0,995.0,997.5,12000
2009-01-08,841.4243774414062,1097.5,1117.5,1050.0,1050.0,13400
2009-01-09,839.5075073242188,1095.0,1102.5,1095.0,1097.5,18800
2009-01-13,818.4241333007812,1067.5,1067.5,1000.0,1040.0,10400
2009-01-14,818.4241333007812,1067.5,1067.5,1052.5,1052.5,13800
2009-01-15,843.3410034179688,1100.0,1102.5,1095.0,1100.0,14000
2009-01-16,841.4243774414062,1097.5,1125.0,1095.0,1122.5,15000
2009-01-19,839.5075073242188,1095.0,1097.5,1092.5,1097.5,8400
2009-01-20,828.0074462890625,1080.0,1097.5,1080.0,1095.0,5400
2009-01-21,801.1738891601562,1045.0,1060.0,1030.0,1050.0,3800
2009-01-22,797.3406372070312,1040.0,1045.0,1015.0,1015.0,4400
2009-01-23,820.3407592773438,1070.0,1080.0,1057.5,1080.0,13400
2009-01-26,789.6737670898438,1030.0,1050.0,1030.0,1050.0,6600
2009-01-27,805.00732421875,1050.0,1050.0,1027.5,1030.0,14400
2009-01-28,799.2572631835938,1042.5,1050.0,1040.0,1050.0,14600
2009-01-29,765.5236206054688,998.5,1032.5,997.5,1030.0,12200
2009-01-30,747.5068969726562,975.0,998.5,975.0,998.5,7000
2009-02-02,697.6730346679688,910.0,950.5,905.0,950.5,9000
2009-02-03,689.6229248046875,899.5,900.0,880.5,900.0,8600
2009-02-04,682.722900390625,890.5,894.0,890.5,893.5,4200
2009-02-05,617.9388427734375,806.0,890.5,803.0,890.5,30200
2009-02-06,634.4224853515625,827.5,840.0,816.0,821.0,9600
2009-02-09,651.6726684570312,850.0,927.5,845.5,927.5,11000
2009-02-10,657.422607421875,857.5,857.5,850.0,850.0,2200
2009-02-12,670.4561157226562,874.5,874.5,857.5,857.5,6600
2009-02-13,670.0726928710938,874.0,880.0,872.5,877.5,66200
2009-02-16,667.006103515625,870.0,884.0,867.5,884.0,40000
2009-02-17,659.33935546875,860.0,870.0,860.0,870.0,17400
2009-02-18,659.33935546875,860.0,869.5,855.0,855.0,5600
2009-02-19,658.1893310546875,858.5,860.0,855.0,855.0,10600
2009-02-20,654.7392578125,854.0,858.5,853.5,855.0,39600
2009-02-23,640.5558471679688,835.5,845.5,835.0,835.0,11800
2009-02-24,638.255859375,832.5,845.0,826.0,835.5,46600
2009-02-25,631.739013671875,824.0,837.5,820.0,837.5,21200
2009-02-26,609.5055541992188,795.0,825.0,787.5,824.0,43600
2009-02-27,552.0050048828125,720.0,780.0,702.5,780.0,121400
2009-03-02,560.8217163085938,731.5,744.5,720.0,740.0,17400
2009-03-03,567.3384399414062,740.0,745.0,721.5,721.5,13800
2009-03-04,573.0885009765625,747.5,754.0,730.0,730.0,37400
2009-03-05,571.171875,745.0,759.5,740.5,750.0,20800
2009-03-06,578.838623046875,755.0,755.0,732.0,735.0,6600
2009-03-09,561.5884399414062,732.5,755.0,731.0,755.0,12800
2009-03-10,545.1049194335938,711.0,735.0,711.0,727.0,17400
2009-03-11,552.0050048828125,720.0,725.5,718.5,718.5,11200
2009-03-12,574.2385864257812,749.0,750.0,710.0,710.0,8400
2009-03-13,609.5055541992188,795.0,795.0,750.0,759.0,36800
2009-03-16,651.6726684570312,850.0,860.0,819.0,819.0,24800
2009-03-17,667.7727661132812,871.0,875.0,860.5,875.0,29600
2009-03-18,663.5559692382812,865.5,871.5,865.0,871.5,20600
2009-03-19,644.3892211914062,840.5,865.0,840.0,865.0,8000
2009-03-23,640.5558471679688,835.5,884.0,825.0,840.5,7800
2009-03-24,682.3395385742188,890.0,905.0,850.5,850.5,47600
2009-03-25,701.5064697265625,915.0,922.5,894.5,917.0,10200
2009-03-26,687.6738891601562,870.0,889.5,845.0,857.5,6200
2009-03-27,699.5302734375,885.0,901.0,860.5,860.5,14200
2009-03-30,674.2365112304688,853.0,882.5,853.0,882.5,3400
2009-03-31,681.7456665039062,862.5,862.5,833.0,849.5,5000
2009-04-01,680.9551391601562,861.5,862.5,840.0,847.5,11800
2009-04-02,696.368408203125,881.0,881.0,865.0,865.0,1800
2009-04-03,717.3150024414062,907.5,915.0,896.0,896.0,8600
2009-04-06,763.1598510742188,965.5,982.5,915.0,915.0,39400
2009-04-07,794.3818359375,1005.0,1025.0,965.5,965.5,19000
2009-04-08,783.7110595703125,991.5,1000.0,985.0,1000.0,20200
2009-04-09,790.4296264648438,1000.0,1010.0,995.0,1005.0,35800
2009-04-10,790.4296264648438,1000.0,1005.0,1000.0,1000.0,13400
2009-04-13,772.2498779296875,977.0,1002.5,971.5,1002.5,3400
2009-04-14,792.40576171875,1002.5,1002.5,975.0,975.5,7000
2009-04-15,770.6690063476562,975.0,975.0,967.5,975.0,44000
2009-04-16,771.064208984375,975.5,976.5,973.5,975.0,12000
2009-04-17,774.2258911132812,979.5,990.0,976.5,990.0,7400
2009-04-20,786.4776611328125,995.0,999.5,979.5,979.5,7000
2009-04-21,764.7407836914062,967.5,980.0,957.5,975.0,18600
2009-04-22,762.369384765625,964.5,967.5,960.0,967.5,10800
2009-04-23,755.255615234375,955.5,957.0,955.0,955.0,6800
2009-04-24,764.7407836914062,967.5,984.5,967.0,984.5,13200
2009-04-27,759.207763671875,960.5,967.5,940.0,967.5,4800
2009-04-28,760.3933715820312,962.0,962.0,960.0,960.0,1400
2009-04-30,783.7110595703125,991.5,1000.0,967.5,967.5,9800
2009-05-01,782.525390625,990.0,1005.0,985.0,991.5,16200
2009-05-07,798.333984375,1010.0,1010.0,995.5,997.5,77600
2009-05-08,790.4296264648438,1000.0,1012.5,999.0,1010.0,59200
2009-05-11,783.3157348632812,991.0,1000.0,985.0,1000.0,25400
2009-05-12,827.97509765625,1047.5,1050.0,1000.0,1000.0,8000
2009-05-13,831.9271850585938,1052.5,1075.0,1027.5,1050.0,21200
2009-05-14,814.142578125,1030.0,1035.0,1010.0,1035.0,8800
2009-05-15,825.9990234375,1045.0,1055.0,1025.0,1045.0,91000
2009-05-18,839.8316040039062,1062.5,1075.0,1050.0,1075.0,14000
2009-05-19,861.5684204101562,1090.0,1095.0,1040.0,1065.0,42400
2009-05-20,867.4967041015625,1097.5,1105.0,1080.0,1085.0,87200
2009-05-21,924.802734375,1170.0,1180.0,1090.0,1100.0,61000
2009-05-22,1013.7260131835938,1282.5,1285.0,1190.0,1200.0,29400
2009-05-25,993.9654541015624,1257.5,1295.0,1250.0,1295.0,14600
2009-05-26,997.9172973632812,1262.5,1270.0,1247.5,1252.5,30000
2009-05-27,1021.6303100585938,1292.5,1292.5,1262.5,1262.5,3000
2009-05-28,1027.558837890625,1300.0,1320.0,1287.5,1290.0,13200
2009-05-29,1102.6495361328125,1395.0,1407.5,1330.0,1330.0,23000
2009-06-01,1096.72119140625,1387.5,1395.0,1350.0,1395.0,2400
2009-06-02,1027.558837890625,1300.0,1360.0,1250.0,1360.0,20000
2009-06-03,1043.3673095703125,1320.0,1320.0,1240.0,1300.0,44200
2009-06-04,1065.1038818359375,1347.5,1357.5,1315.0,1325.0,25200
2009-06-05,1067.080078125,1350.0,1355.0,1302.5,1347.5,21800
2009-06-08,1051.271728515625,1330.0,1350.0,1300.0,1305.0,20400
2009-06-09,1051.271728515625,1330.0,1332.5,1327.5,1330.0,21000
2009-06-10,1185.64453125,1500.0,1530.0,1395.0,1400.0,171400
2009-06-11,1146.1229248046875,1450.0,1455.0,1400.0,1400.0,29600
2009-06-12,1179.7161865234375,1492.5,1500.0,1485.0,1500.0,45800
2009-06-15,1233.0703125,1560.0,1600.0,1515.0,1515.0,118400
2009-06-16,1181.6923828125,1495.0,1545.0,1495.0,1520.0,108400
2009-06-17,1154.027587890625,1460.0,1465.0,1415.0,1415.0,140800
2009-06-18,1185.64453125,1500.0,1500.0,1485.0,1485.0,23400
2009-06-19,1185.64453125,1500.0,1505.0,1495.0,1500.0,27200
2009-06-22,1181.6923828125,1495.0,1505.0,1495.0,1500.0,40400
2009-06-23,1148.0992431640625,1452.5,1495.0,1450.0,1495.0,15800
2009-06-24,1134.2666015625,1435.0,1437.5,1425.0,1432.5,15400
2009-06-25,1144.1468505859375,1447.5,1475.0,1447.5,1475.0,26200
2009-06-26,1157.9794921875,1465.0,1475.0,1440.0,1447.5,49400
2009-06-29,1161.9317626953125,1470.0,1475.0,1450.0,1450.0,20600
2009-06-30,1233.0703125,1560.0,1590.0,1495.0,1495.0,63200
2009-07-01,1343.7305908203125,1700.0,1740.0,1580.0,1585.0,68200
2009-07-02,1355.5867919921875,1715.0,1775.0,1630.0,1745.0,52400
2009-07-03,1308.1612548828125,1655.0,1675.0,1625.0,1660.0,47600
2009-07-06,1272.5916748046875,1610.0,1640.0,1600.0,1630.0,112800
2009-07-07,1288.4005126953125,1630.0,1640.0,1600.0,1640.0,36000
2009-07-08,1268.639404296875,1605.0,1625.0,1595.0,1625.0,53400
2009-07-09,1252.8311767578125,1585.0,1620.0,1555.0,1570.0,17800
2009-07-10,1248.87890625,1580.0,1620.0,1540.0,1570.0,35800
2009-07-13,1304.2088623046875,1650.0,1705.0,1620.0,1705.0,108400
2009-07-14,1406.96484375,1780.0,1875.0,1775.0,1800.0,149800
2009-07-15,1462.294921875,1850.0,1865.0,1810.0,1830.0,144800
2009-07-16,1513.6729736328125,1915.0,1925.0,1875.0,1875.0,111000
2009-07-17,1517.6251220703125,1920.0,1990.0,1870.0,1990.0,119000
2009-07-21,1545.2900390625,1955.0,1985.0,1910.0,1920.0,142400
2009-07-22,1588.763671875,2010.0,2010.0,1965.0,1965.0,90000
2009-07-23,1651.998046875,2090.0,2095.0,2020.0,2020.0,77000
2009-07-24,1707.328125,2160.0,2190.0,2140.0,2140.0,65800
2009-07-27,1695.471435546875,2145.0,2175.0,2105.0,2110.0,78600
2009-07-28,1616.428955078125,2045.0,2135.0,1960.0,2135.0,113600
2009-07-29,1600.6202392578125,2025.0,2055.0,2025.0,2035.0,76400
2009-07-30,1600.6202392578125,2025.0,2025.0,1980.0,2010.0,35200
2009-07-31,1620.3807373046875,2050.0,2070.0,2030.0,2045.0,53600
2009-08-03,1659.90234375,2100.0,2155.0,2070.0,2070.0,80600
2009-08-04,1770.5626220703125,2240.0,2275.0,2115.0,2125.0,45400
2009-08-05,1742.8974609375,2205.0,2260.0,2180.0,2250.0,43200
2009-08-06,1640.1414794921875,2075.0,2205.0,2075.0,2205.0,64200
2009-08-07,1651.998046875,2090.0,2100.0,2080.0,2080.0,24000
2009-08-10,1738.9454345703125,2200.0,2205.0,2090.0,2095.0,29000
2009-08-11,1612.4766845703125,2040.0,2090.0,2015.0,2075.0,81000
2009-08-12,1671.7587890625,2115.0,2115.0,2025.0,2025.0,28800
2009-08-13,1683.615234375,2130.0,2145.0,2115.0,2115.0,52800
2009-08-14,1691.5194091796875,2140.0,2145.0,2125.0,2130.0,36200
2009-08-17,1707.328125,2160.0,2160.0,2130.0,2140.0,34000
2009-08-18,1738.9454345703125,2200.0,2200.0,2080.0,2160.0,34600
2009-08-19,1766.610107421875,2235.0,2280.0,2190.0,2200.0,47000
2009-08-20,1802.1796875,2280.0,2290.0,2240.0,2240.0,46800
2009-08-21,1825.892822265625,2310.0,2320.0,2270.0,2285.0,47000
2009-08-24,1877.2703857421875,2375.0,2375.0,2310.0,2310.0,16200
2009-08-25,1679.6632080078125,2125.0,2365.0,2125.0,2365.0,72000
2009-08-26,1628.28515625,2060.0,2150.0,2025.0,2075.0,76000
2009-08-27,1580.8592529296875,2000.0,2060.0,1850.0,2030.0,64000
2009-08-28,1557.1463623046875,1970.0,2000.0,1900.0,2000.0,47200
2009-08-31,1580.8592529296875,2000.0,2000.0,1950.0,1975.0,8800
2009-09-02,1651.998046875,2090.0,2090.0,1970.0,1970.0,25600
2009-09-03,1612.4766845703125,2040.0,2070.0,2010.0,2065.0,2800
2009-09-04,1592.7158203125,2015.0,2015.0,2000.0,2010.0,4800
2009-09-07,1513.6729736328125,1915.0,1940.0,1915.0,1925.0,6400
2009-09-08,1505.7684326171875,1905.0,1935.0,1820.0,1900.0,21000
2009-09-09,1478.1033935546875,1870.0,1885.0,1850.0,1875.0,14000
2009-09-10,1640.1414794921875,2075.0,2100.0,1880.0,1880.0,18600
2009-09-11,1549.2421875,1960.0,2015.0,1960.0,1975.0,4200
2009-09-14,1533.4334716796875,1940.0,1955.0,1930.0,1955.0,24800
2009-09-15,1561.0989990234375,1975.0,1975.0,1940.0,1960.0,10800
2009-09-16,1521.5770263671875,1925.0,1950.0,1910.0,1950.0,27200
2009-09-17,1565.05078125,1980.0,1985.0,1920.0,1925.0,20600
2009-09-18,1707.328125,2160.0,2175.0,2030.0,2050.0,24800
2009-09-21,1707.328125,2160.0,2160.0,2160.0,2160.0,0
2009-09-24,1738.9454345703125,2200.0,2225.0,2160.0,2160.0,19000
2009-09-25,1821.9405517578125,2305.0,2385.0,2225.0,2325.0,50800
2009-09-28,1806.132080078125,2285.0,2305.0,2225.0,2275.0,35200
2009-09-29,1774.5145263671875,2245.0,2290.0,2225.0,2250.0,81400
2009-09-30,1766.610107421875,2235.0,2250.0,2190.0,2190.0,19800
2009-10-01,1857.5098876953125,2350.0,2350.0,2240.0,2295.0,22400
2009-10-02,1719.1845703125,2175.0,2250.0,2175.0,2250.0,18400
2009-10-05,1640.1414794921875,2075.0,2155.0,2000.0,2155.0,21000
2009-10-06,1817.9881591796875,2300.0,2300.0,2100.0,2100.0,34000
2009-10-07,1727.0887451171875,2185.0,2240.0,2085.0,2185.0,70400
2009-10-08,1644.0938720703125,2080.0,2190.0,2080.0,2190.0,21200
2009-10-09,1588.763671875,2010.0,2040.0,2005.0,2035.0,14600
2009-10-13,1659.90234375,2100.0,2100.0,1950.0,1990.0,25000
2009-10-14,1620.3807373046875,2050.0,2100.0,2015.0,2100.0,5600
2009-10-15,1659.90234375,2100.0,2175.0,2050.0,2050.0,23000
2009-10-16,1616.428955078125,2045.0,2100.0,2015.0,2100.0,13400
2009-10-19,1651.998046875,2090.0,2090.0,2040.0,2045.0,6600
2009-10-20,1620.3807373046875,2050.0,2100.0,2030.0,2090.0,15000
2009-10-21,1580.8592529296875,2000.0,2035.0,2000.0,2035.0,14600
2009-10-22,1572.955322265625,1990.0,2010.0,1980.0,2000.0,17800
2009-10-23,1584.8115234375,2005.0,2005.0,1975.0,1975.0,12000
2009-10-26,1572.955322265625,1990.0,2005.0,1985.0,1990.0,5000
2009-10-27,1584.8115234375,2005.0,2005.0,1980.0,1990.0,5800
2009-10-28,1596.66796875,2020.0,2020.0,1985.0,1990.0,14000
2009-10-29,1541.3380126953125,1950.0,1970.0,1950.0,1960.0,23600
2009-10-30,1501.8165283203125,1900.0,1965.0,1900.0,1960.0,51400
2009-11-02,1446.4864501953125,1830.0,1890.0,1825.0,1880.0,25400
2009-11-04,1367.4434814453125,1730.0,1830.0,1730.0,1830.0,110000
2009-11-05,1387.2042236328125,1755.0,1760.0,1735.0,1735.0,37400
2009-11-06,1355.5867919921875,1715.0,1760.0,1710.0,1750.0,24000
2009-11-09,1367.4434814453125,1730.0,1735.0,1725.0,1725.0,36200
2009-11-10,1359.5390625,1720.0,1735.0,1715.0,1730.0,22000
2009-11-11,1276.5440673828125,1615.0,1725.0,1610.0,1720.0,32200
2009-11-12,1347.6826171875,1705.0,1715.0,1625.0,1625.0,53600
2009-11-13,1414.869140625,1790.0,1790.0,1695.0,1730.0,40200
2009-11-16,1387.2042236328125,1755.0,1840.0,1750.0,1815.0,79200
2009-11-17,1276.5440673828125,1615.0,1705.0,1560.0,1705.0,31000
2009-11-18,1304.2088623046875,1650.0,1705.0,1625.0,1625.0,25000
2009-11-19,1272.5916748046875,1610.0,1675.0,1600.0,1675.0,15600
2009-11-20,1276.5440673828125,1615.0,1625.0,1585.0,1610.0,18600
2009-11-24,1272.5916748046875,1610.0,1635.0,1610.0,1635.0,7200
2009-11-25,1248.87890625,1580.0,1660.0,1550.0,1660.0,14800
2009-11-26,1252.8311767578125,1585.0,1615.0,1575.0,1610.0,6200
2009-11-27,1189.5966796875,1505.0,1640.0,1460.0,1585.0,78800
2009-11-30,1173.7882080078125,1485.0,1600.0,1485.0,1485.0,14400
2009-12-01,1163.907470703125,1472.5,1505.0,1450.0,1460.0,19400
2009-12-02,1240.974609375,1570.0,1575.0,1505.0,1545.0,33000
2009-12-03,1248.87890625,1580.0,1670.0,1580.0,1600.0,34600
2009-12-04,1320.017578125,1670.0,1800.0,1600.0,1630.0,45200
2009-12-07,1474.1514892578125,1865.0,1880.0,1700.0,1745.0,30600
2009-12-08,1442.5341796875,1825.0,1885.0,1825.0,1825.0,16800
2009-12-09,1426.7255859375,1805.0,1820.0,1800.0,1815.0,6000
2009-12-10,1426.7255859375,1805.0,1805.0,1700.0,1730.0,5800
2009-12-11,1367.4434814453125,1730.0,1760.0,1730.0,1730.0,15200
2009-12-14,1383.2518310546875,1750.0,1750.0,1670.0,1750.0,8200
2009-12-15,1442.5341796875,1825.0,1840.0,1805.0,1815.0,8400
2009-12-16,1454.390625,1840.0,1850.0,1820.0,1850.0,12800
2009-12-17,1442.5341796875,1825.0,1840.0,1825.0,1840.0,3800
2009-12-18,1379.2998046875,1745.0,1800.0,1725.0,1800.0,4600
2009-12-21,1323.9696044921875,1675.0,1725.0,1675.0,1710.0,6000
2009-12-22,1323.9696044921875,1675.0,1695.0,1665.0,1675.0,20000
2009-12-24,1387.2042236328125,1755.0,1755.0,1665.0,1700.0,20600
2009-12-25,1406.96484375,1780.0,1790.0,1750.0,1790.0,5000
2009-12-28,1414.869140625,1790.0,1790.0,1790.0,1790.0,2800
2009-12-29,1406.96484375,1780.0,1790.0,1775.0,1790.0,6800
2009-12-30,1418.8212890625,1795.0,1795.0,1775.0,1785.0,10000
2010-01-04,1410.9171142578125,1785.0,1800.0,1785.0,1795.0,8800
2010-01-05,1414.869140625,1790.0,1797.5,1785.0,1785.0,4400
2010-01-06,1418.8212890625,1795.0,1797.5,1725.0,1725.0,8800
2010-01-07,1403.0128173828125,1775.0,1800.0,1775.0,1795.0,21600
2010-01-08,1434.6300048828125,1815.0,1815.0,1790.0,1810.0,29400
2010-01-12,1416.8450927734375,1792.5,1800.0,1787.5,1800.0,20600
2010-01-13,1399.060546875,1770.0,1787.5,1755.0,1775.0,3400
2010-01-14,1482.0556640625,1875.0,1885.0,1770.0,1770.0,9800
2010-01-15,1521.5770263671875,1925.0,1985.0,1885.0,1932.5,11800
2010-01-18,1517.6251220703125,1920.0,1920.0,1877.5,1880.0,1800
2010-01-19,1517.6251220703125,1920.0,1920.0,1920.0,1920.0,4000
2010-01-20,1561.0989990234375,1975.0,2000.0,1935.0,2000.0,7200
2010-01-21,1525.5294189453125,1930.0,1965.0,1907.5,1907.5,4200
2010-01-22,1533.4334716796875,1940.0,1945.0,1932.5,1932.5,11800
2010-01-25,1537.3858642578125,1945.0,1965.0,1937.5,1942.5,4200
2010-01-26,1501.8165283203125,1900.0,1947.5,1895.0,1910.0,9400
2010-01-27,1456.3665771484375,1842.5,1875.0,1825.0,1875.0,9400
2010-01-28,1428.701416015625,1807.5,1865.0,1800.0,1865.0,10600
2010-01-29,1414.869140625,1790.0,1860.0,1790.0,1855.0,16400
2010-02-01,1395.1082763671875,1765.0,1842.5,1737.5,1842.5,6800
2010-02-02,1385.2279052734375,1752.5,1760.0,1750.0,1750.0,9600
2010-02-03,1365.4674072265625,1727.5,1750.0,1720.0,1750.0,7800
2010-02-04,1343.7305908203125,1700.0,1772.5,1585.0,1772.5,13200
2010-02-05,1316.0655517578125,1665.0,1700.0,1630.0,1700.0,8200
2010-02-08,1284.4481201171875,1625.0,1650.0,1610.0,1650.0,7400
2010-02-09,1260.7353515625,1595.0,1620.0,1572.5,1600.0,14000
2010-02-10,1270.61572265625,1607.5,1647.5,1575.0,1605.0,19200
2010-02-12,1343.7305908203125,1700.0,1700.0,1550.0,1550.0,14600
2010-02-15,1365.4674072265625,1727.5,1777.5,1685.0,1752.5,8000
2010-02-16,1363.4913330078125,1725.0,1727.5,1722.5,1727.5,4600
2010-02-17,1320.017578125,1670.0,1725.0,1622.5,1725.0,15000
2010-02-18,1288.4005126953125,1630.0,1670.0,1617.5,1670.0,9600
2010-02-19,1284.4481201171875,1625.0,1625.0,1615.0,1620.0,13400
2010-02-22,1264.6876220703125,1600.0,1625.0,1592.5,1625.0,6800
2010-02-23,1254.80712890625,1587.5,1662.5,1575.0,1600.0,11800
2010-02-24,1237.0225830078125,1565.0,1590.0,1565.0,1582.5,14000
2010-02-25,1262.71142578125,1597.5,1612.5,1575.0,1592.5,20200
2010-02-26,1252.8311767578125,1585.0,1620.0,1580.0,1580.0,15800
2010-03-01,1290.3763427734375,1632.5,1650.0,1632.5,1650.0,2200
2010-03-02,1292.3525390625,1635.0,1640.0,1620.0,1637.5,6800
2010-03-03,1321.9935302734375,1672.5,1675.0,1632.5,1635.0,5600
2010-03-04,1306.1849365234375,1652.5,1665.0,1652.5,1665.0,2800
2010-03-05,1302.23291015625,1647.5,1652.5,1597.5,1597.5,7200
2010-03-08,1300.2569580078125,1645.0,1660.0,1637.5,1647.5,10200
2010-03-09,1331.8741455078125,1685.0,1697.5,1677.5,1680.0,6200
2010-03-10,1351.634765625,1710.0,1722.5,1660.0,1687.5,30400
2010-03-11,1414.869140625,1790.0,1795.0,1715.0,1720.0,49200
2010-03-12,1462.294921875,1850.0,1890.0,1785.0,1785.0,14200
2010-03-15,1491.9361572265625,1887.5,1915.0,1865.0,1867.5,31600
2010-03-16,1482.0556640625,1875.0,1900.0,1840.0,1900.0,24800
2010-03-17,1491.9361572265625,1887.5,1887.5,1850.0,1852.5,17000
2010-03-18,1442.5341796875,1825.0,1860.0,1800.0,1855.0,48000
2010-03-19,1476.12744140625,1867.5,1945.0,1850.0,1945.0,44000
2010-03-23,1561.0989990234375,1975.0,1990.0,1880.0,1932.5,16800
2010-03-24,1608.5242919921875,2035.0,2035.0,1922.5,1950.0,14200
2010-03-25,1567.0267333984375,1982.5,2035.0,1972.5,2035.0,12800
2010-03-26,1584.8115234375,2005.0,2010.0,1947.5,1947.5,13000
2010-03-29,1522.7015380859375,1900.0,2000.0,1900.0,2000.0,12600
2010-03-30,1530.715576171875,1910.0,1955.0,1907.5,1907.5,5000
2010-03-31,1518.6943359375,1895.0,1975.0,1895.0,1940.0,14800
2010-04-01,1574.7935791015625,1965.0,2000.0,1905.0,1930.0,20600
2010-04-02,1676.97509765625,2092.5,2095.0,2000.0,2025.0,27600
2010-04-05,1743.0921630859375,2175.0,2175.0,2090.0,2090.0,37200
2010-04-06,1735.0780029296875,2165.0,2165.0,2130.0,2157.5,12200
2010-04-07,1697.010498046875,2117.5,2130.0,2100.0,2130.0,6600
2010-04-08,1652.932373046875,2062.5,2112.5,2040.0,2105.0,9600
2010-04-09,1618.871826171875,2020.0,2045.0,2010.0,2030.0,6800
2010-04-12,1602.8433837890625,2000.0,2035.0,1965.0,2015.0,24000
2010-04-13,1640.9110107421875,2047.5,2075.0,2020.0,2070.0,12400
2010-04-14,1640.9110107421875,2047.5,2060.0,1990.0,2060.0,16200
2010-04-15,1666.957275390625,2080.0,2105.0,2062.5,2105.0,6000
2010-04-16,1699.0140380859375,2120.0,2120.0,2045.0,2045.0,15400
2010-04-19,1638.9075927734375,2045.0,2100.0,2002.5,2100.0,18000
2010-04-20,1644.918212890625,2052.5,2052.5,2012.5,2027.5,3600
2010-04-21,1626.88623046875,2030.0,2117.5,2010.0,2117.5,12800
2010-04-22,1608.8541259765625,2007.5,2030.0,2000.0,2030.0,7800
2010-04-23,1652.932373046875,2062.5,2087.5,2010.0,2040.0,8600
2010-04-26,1680.9822998046875,2097.5,2110.0,2097.5,2097.5,5000
2010-04-27,1642.9144287109375,2050.0,2097.5,2050.0,2062.5,6200
2010-04-28,1690.9996337890625,2110.0,2117.5,2040.0,2075.0,14400
2010-04-30,1682.98583984375,2100.0,2100.0,2080.0,2100.0,3200
2010-05-06,1731.0709228515625,2160.0,2160.0,2100.0,2160.0,38800
2010-05-07,1644.918212890625,2052.5,2140.0,2050.0,2140.0,1400
2010-05-10,1616.8685302734375,2017.5,2087.5,2015.0,2087.5,3200
2010-05-11,1618.871826171875,2020.0,2085.0,2020.0,2035.0,5400
2010-05-12,1640.9110107421875,2047.5,2060.0,2035.0,2055.0,16800
2010-05-13,1632.896728515625,2037.5,2085.0,2007.5,2060.0,10000
2010-05-14,1881.33740234375,2347.5,2350.0,2050.0,2100.0,34000
2010-05-17,1735.0780029296875,2165.0,2335.0,2155.0,2335.0,14400
2010-05-18,1668.9609375,2082.5,2150.0,2072.5,2150.0,17000
2010-05-19,1602.8433837890625,2000.0,2032.5,1925.0,2032.5,29600
2010-05-20,1590.822021484375,1985.0,2060.0,1977.5,2060.0,9000
2010-05-21,1634.9005126953125,2040.0,2040.0,1960.0,1990.0,13400
2010-05-24,1682.98583984375,2100.0,2145.0,2100.0,2145.0,2400
2010-05-25,1578.80078125,1970.0,2100.0,1967.5,2100.0,3200
2010-05-26,1550.751220703125,1935.0,1957.5,1870.0,1952.5,27800
2010-05-27,1588.818603515625,1982.5,1982.5,1935.0,1935.0,3800
2010-05-28,1596.8330078125,1992.5,2030.0,1992.5,2010.0,4200
2010-05-31,1642.9144287109375,2050.0,2050.0,1935.0,1935.0,11800
2010-06-01,1672.9678955078125,2087.5,2087.5,2040.0,2050.0,9000
2010-06-02,1642.9144287109375,2050.0,2090.0,2015.0,2050.0,5800
2010-06-03,1630.8931884765625,2035.0,2085.0,2000.0,2050.0,8000
2010-06-04,1610.857666015625,2010.0,2070.0,2005.0,2040.0,4200
2010-06-07,1558.7652587890625,1945.0,2010.0,1925.0,2010.0,4600
2010-06-08,1536.7261962890625,1917.5,1957.5,1917.5,1940.0,8200
2010-06-09,1434.544921875,1790.0,1925.0,1790.0,1910.0,6400
2010-06-10,1562.7724609375,1950.0,1952.5,1812.5,1820.0,7400
2010-06-11,1554.7581787109375,1940.0,1940.0,1880.0,1880.0,8800
2010-06-14,1574.7935791015625,1965.0,1965.0,1927.5,1950.0,7200
2010-06-15,1570.78662109375,1960.0,2025.0,1960.0,2025.0,7200
2010-06-16,1532.718994140625,1912.5,2010.0,1880.0,2010.0,14200
2010-06-17,1490.6444091796875,1860.0,1935.0,1860.0,1935.0,5000
2010-06-18,1538.729736328125,1920.0,1920.0,1862.5,1880.0,5800
2010-06-21,1540.7332763671875,1922.5,1925.0,1882.5,1902.5,6600
2010-06-22,1594.8294677734375,1990.0,2000.0,1932.5,1955.0,13600
2010-06-23,1564.77587890625,1952.5,1967.5,1925.0,1960.0,2400
2010-06-24,1538.729736328125,1920.0,1952.5,1900.0,1952.5,6800
2010-06-25,1464.5980224609375,1827.5,1920.0,1805.0,1920.0,9200
2010-06-28,1462.5946044921875,1825.0,1825.0,1795.0,1810.0,7600
2010-06-29,1442.55908203125,1800.0,1850.0,1785.0,1805.0,22200
2010-06-30,1438.552001953125,1795.0,1795.0,1765.0,1770.0,8000
2010-07-01,1408.498779296875,1757.5,1795.0,1755.0,1795.0,2200
2010-07-02,1418.5164794921875,1770.0,1782.5,1750.0,1782.5,8200
2010-07-05,1454.5804443359375,1815.0,1845.0,1770.0,1770.0,25800
2010-07-06,1418.5164794921875,1770.0,1780.0,1760.0,1780.0,4600
2010-07-07,1378.4454345703125,1720.0,1755.0,1705.0,1755.0,5600
2010-07-08,1416.512939453125,1767.5,1770.0,1755.0,1755.0,2400
2010-07-09,1402.4879150390625,1750.0,1770.0,1750.0,1750.0,1800
2010-07-12,1414.50927734375,1765.0,1775.0,1750.0,1775.0,2000
2010-07-13,1398.48095703125,1745.0,1752.5,1727.5,1752.5,4200
2010-07-14,1440.5556640625,1797.5,1797.5,1750.0,1750.0,3600
2010-07-15,1484.6337890625,1852.5,1860.0,1852.5,1852.5,7600
2010-07-16,1442.55908203125,1800.0,1910.0,1787.5,1910.0,7800
2010-07-21,1462.5946044921875,1825.0,1825.0,1800.0,1800.0,1200
2010-07-22,1426.53076171875,1780.0,1830.0,1780.0,1830.0,2200
2010-07-23,1394.4739990234375,1740.0,1835.0,1737.5,1835.0,7400
2010-07-26,1392.4700927734375,1737.5,1767.5,1725.0,1767.5,7000
2010-07-27,1416.512939453125,1767.5,1822.5,1765.0,1787.5,3600
2010-07-28,1462.5946044921875,1825.0,1837.5,1810.0,1837.5,8800
2010-07-29,1506.6727294921875,1880.0,1880.0,1825.0,1825.0,6200
2010-07-30,1520.6976318359375,1897.5,1900.0,1845.0,1880.0,8000
2010-08-02,1524.7049560546875,1902.5,1920.0,1840.0,1920.0,6000
2010-08-03,1494.651611328125,1865.0,1902.5,1850.0,1902.5,11000
2010-08-04,1504.66943359375,1877.5,1900.0,1850.0,1850.0,11200
2010-08-05,1506.6727294921875,1880.0,1912.5,1880.0,1912.5,4000
2010-08-06,1518.6943359375,1895.0,1895.0,1880.0,1880.0,2800
2010-08-09,1502.665771484375,1875.0,1885.0,1875.0,1885.0,1600
2010-08-10,1394.4739990234375,1740.0,1805.0,1685.0,1787.5,22000
2010-08-11,1362.4169921875,1700.0,1712.5,1620.0,1710.0,16200
2010-08-12,1274.260498046875,1590.0,1665.0,1587.5,1665.0,12000
2010-08-13,1296.299560546875,1617.5,1617.5,1525.0,1585.0,32200
2010-08-16,1316.3353271484375,1642.5,1650.0,1612.5,1650.0,9400
2010-08-17,1300.306640625,1622.5,1642.5,1597.5,1642.5,5200
2010-08-18,1252.2215576171875,1562.5,1587.5,1557.5,1587.5,7200
2010-08-19,1254.22509765625,1565.0,1572.5,1555.0,1557.5,7200
2010-08-20,1248.2142333984375,1557.5,1597.5,1555.0,1557.5,6000
2010-08-23,1238.196533203125,1545.0,1557.5,1500.0,1557.5,1400
2010-08-24,1238.196533203125,1545.0,1550.0,1545.0,1545.0,1200
2010-08-25,1254.22509765625,1565.0,1575.0,1540.0,1575.0,2400
2010-08-26,1226.17529296875,1530.0,1565.0,1530.0,1565.0,600
2010-08-27,1240.2000732421875,1547.5,1550.0,1525.0,1530.0,7200
2010-08-30,1272.2569580078125,1587.5,1590.0,1552.5,1552.5,4400
2010-08-31,1256.228515625,1567.5,1575.0,1555.0,1575.0,3400
2010-09-01,1242.2039794921875,1550.0,1600.0,1540.0,1600.0,7800
2010-09-02,1236.19287109375,1542.5,1582.5,1542.5,1582.5,5000
2010-09-03,1242.2039794921875,1550.0,1550.0,1540.0,1542.5,2600
2010-09-06,1234.189453125,1540.0,1552.5,1535.0,1550.0,7000
2010-09-07,1230.182373046875,1535.0,1555.0,1535.0,1550.0,4000
2010-09-08,1210.1468505859375,1510.0,1535.0,1500.0,1535.0,7400
2010-09-09,1226.17529296875,1530.0,1530.0,1485.0,1510.0,11400
2010-09-10,1228.1787109375,1532.5,1565.0,1512.5,1530.0,5800
2010-09-13,1254.22509765625,1565.0,1565.0,1520.0,1555.0,5000
2010-09-14,1262.2392578125,1575.0,1577.5,1565.0,1577.5,5600
2010-09-16,1226.17529296875,1530.0,1550.0,1530.0,1540.0,7200
2010-09-17,1242.2039794921875,1550.0,1550.0,1532.5,1545.0,8600
2010-09-21,1242.2039794921875,1550.0,1600.0,1535.0,1550.0,9600
2010-09-22,1228.1787109375,1532.5,1550.0,1532.5,1550.0,5800
2010-09-24,1228.1787109375,1532.5,1560.0,1532.5,1560.0,5200
2010-09-27,1242.2039794921875,1550.0,1550.0,1530.0,1532.5,2000
2010-09-28,1214.1539306640625,1515.0,1535.0,1500.0,1535.0,10800
2010-09-29,1232.18603515625,1537.5,1537.5,1515.0,1515.0,5000
2010-09-30,1230.182373046875,1535.0,1535.0,1525.0,1525.0,6600
2010-10-01,1226.17529296875,1530.0,1535.0,1520.0,1535.0,3800
2010-10-04,1208.143310546875,1507.5,1517.5,1505.0,1517.5,4400
2010-10-05,1202.132568359375,1500.0,1507.5,1415.0,1507.5,13400
2010-10-06,1182.09716796875,1475.0,1492.5,1455.0,1490.0,13600
2010-10-07,1162.0615234375,1450.0,1485.0,1435.0,1470.0,11600
2010-10-08,1166.0684814453125,1455.0,1459.5,1445.0,1450.0,10200
2010-10-12,1177.6890869140625,1469.5,1469.5,1445.0,1450.0,4200
2010-10-13,1182.09716796875,1475.0,1475.0,1450.5,1466.0,5800
2010-10-14,1204.135986328125,1502.5,1505.0,1475.0,1475.0,6200
2010-10-15,1188.5086669921875,1483.0,1537.5,1483.0,1537.5,5800
2010-10-18,1190.5120849609375,1485.5,1494.0,1484.0,1484.0,1000
2010-10-19,1200.9305419921875,1498.5,1498.5,1485.5,1485.5,400
2010-10-20,1206.1397705078125,1505.0,1505.0,1465.0,1488.5,2000
2010-10-21,1182.49755859375,1475.5,1475.5,1465.5,1475.0,4200
2010-10-22,1218.1610107421875,1520.0,1525.0,1475.5,1475.5,6600
2010-10-25,1234.189453125,1540.0,1550.0,1540.0,1550.0,2000
2010-10-26,1202.132568359375,1500.0,1505.0,1500.0,1505.0,3000
2010-10-27,1198.12548828125,1495.0,1499.5,1492.0,1499.0,5000
2010-10-28,1143.228271484375,1426.5,1483.5,1415.0,1483.5,17200
2010-10-29,1130.0047607421875,1410.0,1483.5,1402.5,1483.5,21600
2010-11-01,1117.9833984375,1395.0,1410.0,1375.0,1400.0,17200
2010-11-02,1105.1605224609375,1379.0,1385.5,1377.5,1383.0,15400
2010-11-04,1125.99755859375,1405.0,1412.5,1400.0,1400.0,7800
2010-11-05,1136.0152587890625,1417.5,1417.5,1406.0,1406.0,6800
2010-11-08,1125.99755859375,1405.0,1470.0,1400.5,1421.5,52000
2010-11-09,1147.6361083984375,1432.0,1432.0,1425.0,1430.0,3000
2010-11-10,1142.0260009765625,1425.0,1435.0,1418.5,1418.5,2200
2010-11-11,1151.2423095703125,1436.5,1455.0,1435.0,1449.5,11400
2010-11-12,1179.292236328125,1471.5,1497.5,1436.5,1440.0,27000
2010-11-15,1246.2108154296875,1555.0,1555.0,1490.0,1515.0,16200
2010-11-16,1226.17529296875,1530.0,1547.5,1525.0,1542.5,3000
2010-11-17,1216.1573486328125,1517.5,1530.0,1510.0,1530.0,2400
2010-11-18,1198.12548828125,1495.0,1495.0,1417.5,1432.5,14800
2010-11-19,1214.1539306640625,1515.0,1522.5,1497.5,1520.0,3800
2010-11-22,1234.189453125,1540.0,1550.0,1515.0,1525.0,4800
2010-11-24,1242.2039794921875,1550.0,1570.0,1540.0,1540.0,11400
2010-11-25,1242.2039794921875,1550.0,1597.5,1545.0,1597.5,17400
2010-11-26,1238.196533203125,1545.0,1557.5,1545.0,1545.0,5200
2010-11-29,1262.2392578125,1575.0,1590.0,1575.0,1590.0,4200
2010-11-30,1256.228515625,1567.5,1570.0,1550.0,1552.5,20200
2010-12-01,1250.2178955078125,1560.0,1560.0,1552.5,1552.5,3600
2010-12-02,1248.2142333984375,1557.5,1577.5,1557.5,1560.0,8200
2010-12-03,1290.2890625,1610.0,1610.0,1560.0,1560.0,6400
2010-12-06,1344.385009765625,1677.5,1700.0,1635.0,1635.0,11800
2010-12-07,1404.491455078125,1752.5,1762.5,1680.0,1680.0,19000
2010-12-08,1446.5662841796875,1805.0,1875.0,1790.0,1790.0,17000
2010-12-09,1474.6160888671875,1840.0,1855.0,1800.0,1812.5,16600
2010-12-10,1446.5662841796875,1805.0,1817.5,1770.0,1817.5,18400
2010-12-13,1430.537841796875,1785.0,1815.0,1690.0,1770.0,23600
2010-12-14,1474.6160888671875,1840.0,1867.5,1805.0,1840.0,25800
2010-12-15,1452.5770263671875,1812.5,1855.0,1807.5,1807.5,18000
2010-12-16,1478.6231689453125,1845.0,1852.5,1830.0,1837.5,11400
2010-12-17,1470.60888671875,1835.0,1847.5,1830.0,1840.0,10000
2010-12-20,1478.6231689453125,1845.0,1850.0,1835.0,1835.0,4600
2010-12-21,1446.5662841796875,1805.0,1845.0,1805.0,1845.0,27600
2010-12-22,1430.537841796875,1785.0,1830.0,1765.0,1827.5,8600
2010-12-24,1402.4879150390625,1750.0,1775.0,1732.5,1775.0,8400
2010-12-27,1364.4205322265625,1702.5,1755.0,1700.0,1755.0,14000
2010-12-28,1378.4454345703125,1720.0,1722.5,1692.5,1705.0,8400
2010-12-29,1442.55908203125,1800.0,1800.0,1745.0,1745.0,6800
2010-12-30,1448.5697021484375,1807.5,1822.5,1795.0,1800.0,10800
2011-01-04,1526.708251953125,1905.0,1925.0,1825.0,1825.0,18000
2011-01-05,1522.7015380859375,1900.0,1905.0,1887.5,1905.0,3200
2011-01-06,1602.8433837890625,2000.0,2002.5,1907.5,1910.0,25600
2011-01-07,1550.751220703125,1935.0,1967.5,1935.0,1967.5,11800
2011-01-11,1550.751220703125,1935.0,1935.0,1875.0,1917.5,7800
2011-01-12,1522.7015380859375,1900.0,1975.0,1900.0,1970.0,3400
2011-01-13,1532.718994140625,1912.5,1930.0,1912.5,1920.0,3200
2011-01-14,1572.7904052734375,1962.5,1975.0,1912.5,1920.0,7600
2011-01-17,1550.751220703125,1935.0,1962.5,1935.0,1962.5,9400
2011-01-18,1572.7904052734375,1962.5,1962.5,1932.5,1935.0,12600
2011-01-19,1566.7794189453125,1955.0,1990.0,1937.5,1945.0,18800
2011-01-20,1506.6727294921875,1880.0,1952.5,1880.0,1952.5,6000
2011-01-21,1470.60888671875,1835.0,1915.0,1827.5,1915.0,6600
2011-01-24,1490.6444091796875,1860.0,1875.0,1835.0,1835.0,4000
2011-01-25,1490.6444091796875,1860.0,1885.0,1835.0,1835.0,6800
2011-01-26,1474.6160888671875,1840.0,1870.0,1840.0,1860.0,5600
2011-01-27,1474.6160888671875,1840.0,1872.5,1832.5,1840.0,8600
2011-01-28,1482.630126953125,1850.0,1857.5,1840.0,1840.0,4600
2011-01-31,1442.55908203125,1800.0,1830.0,1770.0,1825.0,6800
2011-02-01,1450.5733642578125,1810.0,1825.0,1802.5,1805.0,3000
2011-02-02,1502.665771484375,1875.0,1877.5,1835.0,1835.0,4000
2011-02-03,1500.662109375,1872.5,1877.5,1860.0,1875.0,3600
2011-02-04,1518.6943359375,1895.0,1900.0,1890.0,1900.0,3200
2011-02-07,1550.751220703125,1935.0,1935.0,1890.0,1895.0,11800
2011-02-08,1534.72265625,1915.0,1960.0,1910.0,1950.0,3600
2011-02-09,1544.740478515625,1927.5,1935.0,1920.0,1920.0,6200
2011-02-10,1538.729736328125,1920.0,1940.0,1920.0,1930.0,6400
2011-02-14,1542.73681640625,1925.0,1925.0,1900.0,1925.0,12000
2011-02-15,1508.67626953125,1882.5,1920.0,1882.5,1900.0,9000
2011-02-16,1530.715576171875,1910.0,1917.5,1900.0,1917.5,2600
2011-02-17,1512.68359375,1887.5,1910.0,1880.0,1910.0,1400
2011-02-18,1496.655029296875,1867.5,1895.0,1850.0,1885.0,5800
2011-02-21,1500.662109375,1872.5,1880.0,1860.0,1860.0,5000
2011-02-22,1496.655029296875,1867.5,1885.0,1855.0,1885.0,3600
2011-02-23,1496.655029296875,1867.5,1867.5,1850.0,1855.0,7800
2011-02-24,1426.53076171875,1780.0,1867.5,1780.0,1867.5,14800
2011-02-25,1426.53076171875,1780.0,1810.0,1780.0,1810.0,2400
2011-02-28,1440.5556640625,1797.5,1825.0,1765.0,1782.5,11200
2011-03-01,1506.6727294921875,1880.0,1880.0,1837.5,1837.5,7200
2011-03-02,1522.7015380859375,1900.0,1902.5,1860.0,1875.0,9200
2011-03-03,1562.7724609375,1950.0,1962.5,1925.0,1925.0,36600
2011-03-04,1574.7935791015625,1965.0,1975.0,1950.0,1950.0,45800
2011-03-07,1598.836181640625,1995.0,1997.5,1965.0,1975.0,23200
2011-03-08,1572.7904052734375,1962.5,1972.5,1962.5,1972.5,5600
2011-03-09,1530.715576171875,1910.0,1960.0,1900.0,1940.0,11000
2011-03-10,1546.7440185546875,1930.0,1945.0,1910.0,1910.0,9600
2011-03-11,1542.73681640625,1925.0,1932.5,1900.0,1905.0,6800
2011-03-14,1288.2855224609375,1607.5,1745.0,1605.0,1650.0,10200
2011-03-15,1286.28173828125,1605.0,1640.0,1510.0,1622.5,79600
2011-03-16,1402.4879150390625,1750.0,1850.0,1510.0,1622.5,72200
2011-03-17,1358.409912109375,1695.0,1730.0,1540.0,1540.0,22400
2011-03-18,1442.55908203125,1800.0,1882.5,1742.5,1750.0,30200
2011-03-22,1500.662109375,1872.5,1882.5,1817.5,1882.5,16000
2011-03-23,1484.6337890625,1852.5,1875.0,1847.5,1872.5,8200
2011-03-24,1500.662109375,1872.5,1875.0,1840.0,1855.0,14000
2011-03-25,1558.7652587890625,1945.0,1950.0,1900.0,1950.0,12000
2011-03-28,1562.7724609375,1950.0,1950.0,1867.5,1882.5,23200
2011-03-29,1544.482666015625,1900.0,1940.0,1877.5,1940.0,11800
2011-03-30,1558.7080078125,1917.5,1935.0,1902.5,1925.0,8400
2011-03-31,1603.416748046875,1972.5,1972.5,1900.0,1907.5,10200
2011-04-01,1617.642333984375,1990.0,1992.5,1950.0,1972.5,10800
2011-04-04,1583.0946044921875,1947.5,1965.0,1927.5,1950.0,12600
2011-04-05,1546.5146484375,1902.5,1925.0,1875.0,1925.0,15200
2011-04-06,1493.6771240234375,1837.5,1900.0,1830.0,1900.0,4400
2011-04-07,1526.1925048828125,1877.5,1905.0,1837.5,1850.0,17200
2011-04-08,1485.548095703125,1827.5,1842.5,1805.0,1842.5,19400
2011-04-11,1473.3551025390625,1812.5,1822.5,1807.5,1822.5,7400
2011-04-12,1499.7738037109375,1845.0,1847.5,1800.0,1800.0,11600
2011-04-13,1505.870361328125,1852.5,1852.5,1837.5,1847.5,16400
2011-04-14,1524.1602783203125,1875.0,1900.0,1845.0,1900.0,7600
2011-04-15,1538.3858642578125,1892.5,1922.5,1890.0,1900.0,10800
2011-04-18,1479.4515380859375,1820.0,1875.0,1817.5,1862.5,7000
2011-04-19,1479.4515380859375,1820.0,1825.0,1815.0,1815.0,10400
2011-04-20,1516.0316162109375,1865.0,1867.5,1825.0,1825.0,13000
2011-04-21,1511.9671630859375,1860.0,1877.5,1860.0,1865.0,1600
2011-04-22,1475.38720703125,1815.0,1815.0,1792.5,1797.5,4600
2011-04-25,1453.0328369140625,1787.5,1817.5,1777.5,1800.0,10200
2011-04-26,1463.19384765625,1800.0,1815.0,1792.5,1795.0,17600
2011-04-27,1463.19384765625,1800.0,1830.0,1800.0,1800.0,8400
2011-04-28,1461.1617431640625,1797.5,1820.0,1777.5,1787.5,15400
2011-05-02,1465.22607421875,1802.5,1840.0,1780.0,1780.0,4000
2011-05-06,1438.807373046875,1770.0,1775.0,1770.0,1772.5,5000
2011-05-09,1483.51611328125,1825.0,1825.0,1822.5,1825.0,1200
2011-05-10,1475.38720703125,1815.0,1830.0,1805.0,1825.0,2600
2011-05-11,1465.22607421875,1802.5,1810.0,1800.0,1800.0,4200
2011-05-12,1469.2904052734375,1807.5,1807.5,1802.5,1802.5,1000
2011-05-13,1479.4515380859375,1820.0,1842.5,1815.0,1815.0,10200
2011-05-16,1459.1295166015625,1795.0,1800.0,1767.5,1800.0,28400
2011-05-17,1416.453125,1742.5,1772.5,1700.0,1760.0,17400
2011-05-18,1422.549560546875,1750.0,1750.0,1727.5,1742.5,12000
2011-05-19,1408.3240966796875,1732.5,1750.0,1722.5,1740.0,5000
2011-05-20,1414.4208984375,1740.0,1747.5,1710.0,1732.5,9000
2011-05-23,1369.7120361328125,1685.0,1720.0,1665.0,1700.0,18400
2011-05-24,1318.90673828125,1622.5,1662.5,1597.5,1652.5,11600
2011-05-25,1310.77783203125,1612.5,1630.0,1605.0,1610.0,12800
2011-05-26,1308.7457275390625,1610.0,1625.0,1595.0,1620.0,13800
2011-05-27,1331.099853515625,1637.5,1637.5,1602.5,1602.5,15000
2011-05-30,1335.16455078125,1642.5,1647.5,1637.5,1637.5,3800
2011-05-31,1318.90673828125,1622.5,1715.0,1622.5,1642.5,15400
2011-06-01,1371.744140625,1687.5,1712.5,1615.0,1630.0,17200
2011-06-02,1333.1322021484375,1640.0,1655.0,1640.0,1655.0,6200
2011-06-03,1325.00341796875,1630.0,1650.0,1625.0,1635.0,9200
2011-06-06,1390.0341796875,1710.0,1727.5,1650.0,1650.0,6400
2011-06-07,1390.0341796875,1710.0,1747.5,1675.0,1700.0,4800
2011-06-08,1444.9039306640625,1777.5,1777.5,1710.0,1710.0,5400
2011-06-09,1479.4515380859375,1820.0,1825.0,1790.0,1790.0,9600
2011-06-10,1463.19384765625,1800.0,1817.5,1785.0,1817.5,1400
2011-06-13,1459.1295166015625,1795.0,1805.0,1725.0,1800.0,3000
2011-06-14,1442.871826171875,1775.0,1795.0,1760.0,1760.0,12200
2011-06-15,1402.2276611328125,1725.0,1810.0,1717.5,1782.5,7400
2011-06-16,1434.7427978515625,1765.0,1765.0,1725.0,1725.0,3400
2011-06-17,1412.388427734375,1737.5,1765.0,1737.5,1765.0,400
2011-06-20,1381.9053955078125,1700.0,1735.0,1690.0,1735.0,3600
2011-06-21,1369.7120361328125,1685.0,1700.0,1682.5,1700.0,2600
2011-06-22,1361.5831298828125,1675.0,1690.0,1675.0,1685.0,4400
2011-06-23,1373.776611328125,1690.0,1690.0,1675.0,1675.0,4000
2011-06-24,1392.0665283203125,1712.5,1742.5,1712.5,1742.5,3000
2011-06-27,1396.130859375,1717.5,1717.5,1712.5,1712.5,1000
2011-06-28,1408.3240966796875,1732.5,1737.5,1700.0,1737.5,11200
2011-06-29,1463.19384765625,1800.0,1800.0,1725.0,1740.0,7000
2011-06-30,1463.19384765625,1800.0,1845.0,1800.0,1845.0,1800
2011-07-01,1491.64501953125,1835.0,1835.0,1780.0,1807.5,10800
2011-07-04,1475.38720703125,1815.0,1850.0,1775.0,1850.0,13400
2011-07-05,1426.6142578125,1755.0,1795.0,1750.0,1795.0,5400
2011-07-06,1414.4208984375,1740.0,1750.0,1710.0,1750.0,10000
2011-07-07,1388.001953125,1707.5,1737.5,1695.0,1737.5,16000
2011-07-08,1373.776611328125,1690.0,1715.0,1682.5,1705.0,27200
2011-07-11,1367.679931640625,1682.5,1695.0,1682.5,1682.5,7400
2011-07-12,1365.6478271484375,1680.0,1680.0,1672.5,1680.0,11400
2011-07-13,1377.841064453125,1695.0,1695.0,1667.5,1680.0,15200
2011-07-14,1371.744140625,1687.5,1695.0,1680.0,1695.0,7000
2011-07-15,1373.776611328125,1690.0,1700.0,1685.0,1697.5,14800
2011-07-19,1369.7120361328125,1685.0,1690.0,1675.0,1690.0,5400
2011-07-20,1377.841064453125,1695.0,1695.0,1687.5,1690.0,7400
2011-07-21,1390.0341796875,1710.0,1710.0,1690.0,1690.0,4200
2011-07-22,1377.841064453125,1695.0,1712.5,1695.0,1712.5,9600
2011-07-25,1379.873046875,1697.5,1725.0,1697.5,1725.0,4800
2011-07-26,1379.873046875,1697.5,1715.0,1697.5,1697.5,2800
2011-07-27,1383.9376220703125,1702.5,1707.5,1695.0,1700.0,7800
2011-07-28,1379.873046875,1697.5,1705.0,1695.0,1700.0,3600
2011-07-29,1390.0341796875,1710.0,1712.5,1705.0,1712.5,1000
2011-08-01,1392.0665283203125,1712.5,1717.5,1712.5,1717.5,1000
2011-08-02,1383.9376220703125,1702.5,1717.5,1695.0,1715.0,4600
2011-08-03,1367.679931640625,1682.5,1702.5,1680.0,1702.5,2600
2011-08-04,1367.679931640625,1682.5,1687.5,1670.0,1682.5,4000
2011-08-05,1385.9698486328125,1705.0,1705.0,1650.0,1650.0,10600
2011-08-08,1359.5509033203125,1672.5,1685.0,1655.0,1685.0,7000
2011-08-09,1343.293212890625,1652.5,1690.0,1605.0,1650.0,13200
2011-08-10,1339.22900390625,1647.5,1652.5,1635.0,1652.5,6800
2011-08-11,1322.9713134765625,1627.5,1645.0,1615.0,1645.0,1800
2011-08-12,1329.0677490234375,1635.0,1640.0,1632.5,1632.5,7800
2011-08-15,1320.93896484375,1625.0,1685.0,1625.0,1685.0,4400
2011-08-16,1359.5509033203125,1672.5,1672.5,1635.0,1650.0,2200
2011-08-17,1381.9053955078125,1700.0,1722.5,1672.5,1672.5,4600
2011-08-18,1351.422119140625,1662.5,1680.0,1637.5,1680.0,3000
2011-08-19,1337.19677734375,1645.0,1645.0,1620.0,1620.0,1400
2011-08-22,1304.6810302734375,1605.0,1620.0,1600.0,1620.0,2200
2011-08-23,1294.520263671875,1592.5,1600.0,1562.5,1600.0,3600
2011-08-24,1296.5523681640625,1595.0,1595.0,1585.0,1595.0,1800
2011-08-25,1276.230224609375,1570.0,1597.5,1557.5,1597.5,7400
2011-08-26,1270.1336669921875,1562.5,1575.0,1555.0,1575.0,4800
2011-08-29,1272.166015625,1565.0,1575.0,1565.0,1575.0,1800
2011-08-30,1280.2947998046875,1575.0,1575.0,1565.0,1565.0,1000
2011-08-31,1282.326904296875,1577.5,1582.5,1562.5,1575.0,12200
2011-09-01,1278.262451171875,1572.5,1577.5,1572.5,1577.5,2000
2011-09-02,1262.0047607421875,1552.5,1570.0,1552.5,1570.0,4000
2011-09-05,1239.6505126953125,1525.0,1557.5,1525.0,1540.0,4400
2011-09-06,1249.8116455078125,1537.5,1542.5,1512.5,1525.0,3400
2011-09-07,1245.7469482421875,1532.5,1550.0,1532.5,1537.5,4000
2011-09-08,1245.7469482421875,1532.5,1550.0,1517.5,1545.0,7400
2011-09-09,1253.875732421875,1542.5,1547.5,1515.0,1515.0,4000
2011-09-12,1215.2637939453125,1495.0,1530.0,1490.0,1530.0,7600
2011-09-13,1208.7608642578125,1487.0,1492.5,1480.0,1480.0,2600
2011-09-14,1199.006103515625,1475.0,1488.0,1475.0,1487.0,3000
2011-09-15,1156.32958984375,1422.5,1472.0,1422.5,1472.0,10400
2011-09-16,1138.039794921875,1400.0,1450.0,1394.0,1425.0,26000
2011-09-20,1137.6331787109375,1399.5,1417.5,1399.5,1417.5,3600
2011-09-21,1138.039794921875,1400.0,1408.5,1395.0,1400.0,4800
2011-09-22,1115.6854248046875,1372.5,1400.0,1355.0,1400.0,12400
2011-09-26,1077.0733642578125,1325.0,1375.0,1305.0,1375.0,43400
2011-09-27,1089.2666015625,1340.0,1370.0,1339.0,1350.0,6200
2011-09-28,1102.2728271484375,1356.0,1356.0,1350.0,1350.0,18400
2011-09-29,1106.7435302734375,1361.5,1383.5,1350.0,1350.0,9200
2011-09-30,1136.007568359375,1397.5,1397.5,1368.0,1368.0,16200
2011-10-03,1098.20849609375,1351.0,1375.0,1350.0,1375.0,31200
2011-10-04,1091.298828125,1342.5,1350.0,1335.0,1350.0,26400
2011-10-05,1052.6866455078125,1295.0,1325.0,1294.5,1325.0,15400
2011-10-06,1089.2666015625,1340.0,1340.0,1335.0,1335.0,600
2011-10-07,1096.989013671875,1349.5,1350.0,1333.5,1340.0,5200
2011-10-11,1096.5826416015625,1349.0,1352.5,1320.0,1350.5,17800
2011-10-12,1081.137939453125,1330.0,1350.0,1322.5,1350.0,3800
2011-10-13,1099.0211181640625,1352.0,1370.0,1350.0,1350.0,10200
2011-10-14,1094.55029296875,1346.5,1352.0,1337.5,1352.0,7000
2011-10-17,1097.3955078125,1350.0,1370.0,1350.0,1370.0,9800
2011-10-18,1095.76953125,1348.0,1352.0,1345.0,1350.0,34000
2011-10-19,1099.0211181640625,1352.0,1357.5,1350.0,1350.0,23000
2011-10-20,1099.0211181640625,1352.0,1357.5,1350.0,1350.0,12800
2011-10-21,1097.3955078125,1350.0,1352.5,1345.0,1351.5,20600
2011-10-24,1099.0211181640625,1352.0,1357.5,1350.0,1350.0,20200
2011-10-25,1102.2728271484375,1356.0,1367.5,1352.5,1364.5,22200
2011-10-26,1101.4599609375,1355.0,1357.5,1342.5,1355.5,32400
2011-10-27,1105.5242919921875,1360.0,1365.0,1355.0,1355.0,8200
2011-10-28,1117.3111572265625,1374.5,1375.0,1370.0,1370.0,2600
2011-10-31,1117.7177734375,1375.0,1375.0,1370.0,1370.0,1600
2011-11-01,1105.5242919921875,1360.0,1380.0,1350.0,1350.0,15400
2011-11-02,1105.5242919921875,1360.0,1362.5,1355.0,1362.5,5400
2011-11-04,1105.5242919921875,1360.0,1362.5,1358.5,1362.5,2800
2011-11-07,1109.588623046875,1365.0,1365.0,1360.0,1360.0,2600
2011-11-08,1113.6531982421875,1370.0,1370.0,1360.0,1370.0,1400
2011-11-09,1103.4921875,1357.5,1362.5,1355.0,1362.5,2400
2011-11-10,1101.8665771484375,1355.5,1357.5,1350.0,1357.5,18400
2011-11-11,1126.2528076171875,1385.5,1403.5,1350.0,1350.0,37400
2011-11-14,1139.2591552734375,1401.5,1410.0,1400.0,1400.0,25600
2011-11-15,1137.6331787109375,1399.5,1402.5,1367.5,1401.5,29000
2011-11-16,1123.814208984375,1382.5,1400.0,1377.5,1400.0,20600
2011-11-17,1121.37548828125,1379.5,1392.0,1379.5,1382.5,16200
2011-11-18,1070.1639404296875,1316.5,1369.5,1310.0,1369.5,43600
2011-11-21,1096.989013671875,1349.5,1354.5,1320.0,1331.5,34000
2011-11-22,1094.143798828125,1346.0,1348.5,1346.0,1348.5,5200
2011-11-24,1091.298828125,1342.5,1345.5,1340.0,1345.5,13000
2011-11-25,1089.2666015625,1340.0,1345.5,1340.0,1345.5,10800
2011-11-28,1090.8924560546875,1342.0,1343.0,1340.0,1340.0,8400
2011-11-29,1095.3631591796875,1347.5,1354.5,1342.0,1342.0,17600
2011-11-30,1093.3309326171875,1345.0,1347.5,1344.0,1347.5,11200
2011-12-01,1095.3631591796875,1347.5,1355.5,1347.5,1353.5,20000
2011-12-02,1096.989013671875,1349.5,1350.5,1347.5,1347.5,22800
2011-12-05,1101.053466796875,1354.5,1360.0,1349.5,1349.5,37600
2011-12-06,1104.71142578125,1359.0,1367.5,1357.5,1360.0,34200
2011-12-07,1119.3433837890625,1377.0,1382.5,1370.0,1370.0,44800
2011-12-08,1117.7177734375,1375.0,1390.0,1372.5,1380.0,44600
2011-12-09,1115.6854248046875,1372.5,1375.0,1372.5,1374.5,26200
2011-12-12,1120.562744140625,1378.5,1378.5,1367.5,1372.5,46600
2011-12-13,1120.562744140625,1378.5,1381.0,1375.0,1379.0,45000
2011-12-14,1128.284912109375,1388.0,1394.0,1377.0,1378.5,52600
2011-12-15,1129.0980224609375,1389.0,1400.0,1388.0,1388.0,30800
2011-12-16,1137.6331787109375,1399.5,1415.0,1391.0,1391.0,30800
2011-12-19,1173.4002685546875,1443.5,1450.0,1415.0,1415.0,20000
2011-12-20,1199.006103515625,1475.0,1485.0,1450.0,1455.0,28000
2011-12-21,1231.521484375,1515.0,1535.0,1475.0,1475.0,37400
2011-12-22,1227.4571533203125,1510.0,1532.5,1510.0,1520.0,32800
2011-12-26,1235.5860595703125,1520.0,1550.0,1415.0,1505.0,34200
2011-12-27,1199.006103515625,1475.0,1520.0,1475.0,1520.0,200
2011-12-28,1170.5552978515625,1440.0,1460.0,1440.0,1460.0,1800
2011-12-29,1207.135009765625,1485.0,1485.0,1447.5,1447.5,3800
2011-12-30,1223.392822265625,1505.0,1505.0,1460.0,1502.5,18000
2012-01-04,1216.483154296875,1496.5,1510.0,1495.0,1510.0,20800
2012-01-05,1213.231689453125,1492.5,1496.5,1492.5,1496.5,29000
2012-01-06,1209.5736083984375,1488.0,1493.0,1487.5,1493.0,24200
2012-01-10,1207.54150390625,1485.5,1489.0,1485.5,1488.0,22800
2012-01-11,1215.2637939453125,1495.0,1495.0,1486.0,1486.0,9400
2012-01-12,1166.8973388671875,1435.5,1475.0,1435.5,1450.5,17800
2012-01-13,1184.78076171875,1457.5,1460.5,1457.5,1460.5,4000
2012-01-16,1211.199462890625,1490.0,1490.0,1475.0,1490.0,15000
2012-01-17,1205.1029052734375,1482.5,1490.0,1482.5,1490.0,12400
2012-01-18,1205.91552734375,1483.5,1488.0,1482.5,1482.5,24600
2012-01-19,1205.1029052734375,1482.5,1486.5,1480.0,1483.5,26400
2012-01-20,1205.1029052734375,1482.5,1483.5,1481.5,1482.5,10800
2012-01-23,1206.3221435546875,1484.0,1492.5,1482.0,1482.5,7200
2012-01-24,1207.54150390625,1485.5,1492.5,1484.0,1485.5,6600
2012-01-25,1219.3282470703125,1500.0,1500.0,1485.0,1485.5,30800
2012-01-26,1219.3282470703125,1500.0,1502.5,1497.5,1500.0,19600
2012-01-27,1219.3282470703125,1500.0,1500.0,1499.5,1500.0,10400
2012-01-30,1218.921875,1499.5,1500.0,1499.5,1500.0,6800
2012-01-31,1219.3282470703125,1500.0,1505.0,1499.5,1499.5,13800
2012-02-01,1203.070556640625,1480.0,1480.0,1480.0,1480.0,400
2012-02-02,1144.9493408203125,1408.5,1433.5,1400.0,1430.5,21600
2012-02-03,1190.4708251953125,1464.5,1464.5,1450.0,1450.0,1600
2012-02-06,1223.392822265625,1505.0,1520.0,1497.5,1500.0,6600
2012-02-07,1243.71484375,1530.0,1530.0,1505.0,1512.5,9400
2012-02-08,1243.71484375,1530.0,1530.0,1530.0,1530.0,400
2012-02-09,1247.779296875,1535.0,1535.0,1535.0,1535.0,400
2012-02-10,1251.84375,1540.0,1540.0,1535.0,1540.0,2200
2012-02-13,1239.6505126953125,1525.0,1542.5,1510.0,1540.0,2000
2012-02-14,1259.9727783203125,1550.0,1550.0,1532.5,1532.5,5000
2012-02-15,1259.9727783203125,1550.0,1592.5,1525.0,1592.5,6800
2012-02-16,1284.359130859375,1580.0,1580.0,1562.5,1575.0,6600
2012-02-17,1300.616943359375,1600.0,1600.0,1592.5,1597.5,4200
2012-02-20,1300.616943359375,1600.0,1600.0,1585.0,1590.0,2000
2012-02-21,1255.9080810546875,1545.0,1590.0,1545.0,1590.0,800
2012-02-22,1255.9080810546875,1545.0,1552.5,1545.0,1552.5,2400
2012-02-23,1243.71484375,1530.0,1550.0,1530.0,1545.0,3600
2012-02-24,1251.84375,1540.0,1555.0,1532.5,1555.0,6000
2012-02-27,1243.71484375,1530.0,1550.0,1530.0,1550.0,11000
2012-02-28,1239.6505126953125,1525.0,1545.0,1525.0,1530.0,8800
2012-02-29,1253.875732421875,1542.5,1542.5,1542.5,1542.5,1400
2012-03-01,1251.84375,1540.0,1542.5,1530.0,1542.5,2200
2012-03-02,1255.9080810546875,1545.0,1550.0,1530.0,1530.0,11600
2012-03-05,1280.2947998046875,1575.0,1575.0,1545.0,1560.0,39800
2012-03-06,1259.9727783203125,1550.0,1560.0,1545.0,1557.5,7800
2012-03-07,1259.9727783203125,1550.0,1550.0,1550.0,1550.0,800
2012-03-08,1251.84375,1540.0,1550.0,1540.0,1550.0,2400
2012-03-09,1292.4879150390625,1590.0,1590.0,1530.0,1545.0,8800
2012-03-12,1272.166015625,1565.0,1590.0,1550.0,1590.0,7000
2012-03-13,1280.2947998046875,1575.0,1575.0,1530.0,1550.0,9000
2012-03-14,1300.616943359375,1600.0,1600.0,1570.0,1600.0,4800
2012-03-15,1300.616943359375,1600.0,1650.0,1565.0,1650.0,20200
2012-03-16,1290.455810546875,1587.5,1587.5,1530.0,1565.0,4000
2012-03-19,1259.9727783203125,1550.0,1575.0,1542.5,1575.0,8000
2012-03-21,1296.5523681640625,1595.0,1600.0,1560.0,1562.5,4400
2012-03-22,1290.455810546875,1587.5,1605.0,1575.0,1597.5,8400
2012-03-23,1300.616943359375,1600.0,1600.0,1572.5,1600.0,6000
2012-03-26,1300.616943359375,1600.0,1605.0,1597.5,1600.0,22800
2012-03-27,1306.7135009765625,1607.5,1615.0,1590.0,1615.0,3200
2012-03-28,1331.524658203125,1610.0,1610.0,1595.0,1595.0,4800
2012-03-29,1331.524658203125,1610.0,1610.0,1610.0,1610.0,600
2012-03-30,1339.7947998046875,1620.0,1625.0,1620.0,1620.0,1600
2012-04-02,1364.605712890625,1650.0,1650.0,1620.0,1620.0,5600
2012-04-03,1364.605712890625,1650.0,1660.0,1625.0,1650.0,6600
2012-04-04,1387.349365234375,1677.5,1677.5,1670.0,1670.0,3200
2012-04-05,1385.281494140625,1675.0,1682.5,1625.0,1677.5,14600
2012-04-06,1374.94384765625,1662.5,1675.0,1662.5,1675.0,3600
2012-04-09,1387.349365234375,1677.5,1677.5,1655.0,1675.0,9600
2012-04-10,1383.214111328125,1672.5,1672.5,1647.5,1652.5,7200
2012-04-11,1356.33544921875,1640.0,1667.5,1640.0,1667.5,5400
2012-04-12,1356.33544921875,1640.0,1665.0,1640.0,1640.0,3200
2012-04-13,1381.146484375,1670.0,1670.0,1640.0,1640.0,5200
2012-04-16,1292.240478515625,1562.5,1670.0,1540.0,1670.0,46800
2012-04-17,1323.254150390625,1600.0,1615.0,1577.5,1597.5,7400
2012-04-18,1339.7947998046875,1620.0,1620.0,1602.5,1602.5,4000
2012-04-19,1339.7947998046875,1620.0,1620.0,1612.5,1620.0,2600
2012-04-20,1339.7947998046875,1620.0,1620.0,1620.0,1620.0,600
2012-04-23,1339.7947998046875,1620.0,1620.0,1602.5,1602.5,3600
2012-04-24,1348.065185546875,1630.0,1630.0,1620.0,1620.0,3200
2012-04-25,1329.45703125,1607.5,1630.0,1602.5,1630.0,2600
2012-04-26,1331.524658203125,1610.0,1612.5,1607.5,1607.5,2600
2012-04-27,1329.45703125,1607.5,1607.5,1602.5,1602.5,4000
2012-05-01,1339.7947998046875,1620.0,1620.0,1605.0,1605.0,3400
2012-05-02,1341.8624267578125,1622.5,1625.0,1610.0,1620.0,4200
2012-05-07,1323.254150390625,1600.0,1620.0,1600.0,1620.0,2400
2012-05-08,1323.254150390625,1600.0,1605.0,1570.0,1570.0,5000
2012-05-09,1300.5106201171875,1572.5,1615.0,1565.0,1600.0,13400
2012-05-10,1286.03759765625,1555.0,1580.0,1532.5,1572.5,11400
2012-05-11,1283.969970703125,1552.5,1575.0,1522.5,1522.5,3200
2012-05-14,1314.98388671875,1590.0,1590.0,1570.0,1575.0,2200
2012-05-15,1263.294189453125,1527.5,1585.0,1525.0,1575.0,32200
2012-05-16,1325.32177734375,1602.5,1615.0,1550.0,1550.0,18400
2012-05-17,1323.254150390625,1600.0,1602.5,1600.0,1600.0,14800
2012-05-18,1323.254150390625,1600.0,1600.0,1595.0,1600.0,22000
2012-05-21,1323.254150390625,1600.0,1625.0,1595.0,1600.0,15400
2012-05-22,1323.254150390625,1600.0,1600.0,1600.0,1600.0,18600
2012-05-23,1319.118896484375,1595.0,1597.5,1595.0,1595.0,9000
2012-05-24,1319.118896484375,1595.0,1600.0,1575.0,1595.0,17400
2012-05-25,1302.5782470703125,1575.0,1595.0,1575.0,1595.0,3800
2012-05-28,1273.632080078125,1540.0,1552.5,1530.0,1552.5,11400
2012-05-29,1242.6182861328125,1502.5,1532.5,1500.0,1530.0,21800
2012-05-30,1240.55078125,1500.0,1505.0,1500.0,1505.0,7600
2012-05-31,1203.334228515625,1455.0,1455.0,1440.0,1451.5,3800
2012-06-01,1224.0101318359375,1480.0,1542.5,1465.0,1540.0,8400
2012-06-04,1219.8748779296875,1475.0,1482.5,1475.0,1482.5,1800
2012-06-05,1219.8748779296875,1475.0,1475.0,1475.0,1475.0,3400
2012-06-06,1252.9561767578125,1515.0,1515.0,1475.0,1475.0,1000
2012-06-07,1250.8885498046875,1512.5,1515.0,1507.5,1507.5,1400
2012-06-08,1240.55078125,1500.0,1500.0,1480.0,1485.0,4000
2012-06-11,1240.55078125,1500.0,1500.0,1500.0,1500.0,400
2012-06-12,1227.318115234375,1484.0,1484.0,1465.5,1466.0,1000
2012-06-13,1224.8370361328125,1481.0,1490.0,1475.0,1484.5,2800
2012-06-14,1250.8885498046875,1512.5,1512.5,1467.5,1469.0,4800
2012-06-15,1281.9027099609375,1550.0,1550.0,1547.5,1550.0,4800
2012-06-18,1281.9027099609375,1550.0,1550.0,1550.0,1550.0,4800
2012-06-19,1265.3616943359375,1530.0,1530.0,1530.0,1530.0,200
2012-06-20,1302.5782470703125,1575.0,1600.0,1530.0,1550.0,7600
2012-06-21,1302.5782470703125,1575.0,1607.5,1550.0,1550.0,12400
2012-06-22,1323.254150390625,1600.0,1600.0,1575.0,1575.0,5600
2012-06-25,1250.8885498046875,1512.5,1575.0,1512.5,1530.0,6200
2012-06-26,1261.2264404296875,1525.0,1525.0,1500.0,1500.0,800
2012-06-27,1246.7535400390625,1507.5,1555.0,1507.5,1532.5,3600
2012-06-28,1257.091552734375,1520.0,1547.5,1520.0,1530.0,2000
2012-06-29,1248.8211669921875,1510.0,1547.5,1502.5,1522.5,3600
2012-07-02,1257.091552734375,1520.0,1530.0,1512.5,1527.5,2200
2012-07-03,1257.091552734375,1520.0,1575.0,1520.0,1567.5,3600
2012-07-04,1261.2264404296875,1525.0,1525.0,1525.0,1525.0,2200
2012-07-05,1261.2264404296875,1525.0,1525.0,1502.5,1525.0,600
2012-07-06,1263.294189453125,1527.5,1545.0,1525.0,1525.0,1200
2012-07-09,1250.8885498046875,1512.5,1520.0,1512.5,1520.0,1000
2012-07-10,1230.6263427734375,1488.0,1512.5,1487.5,1512.5,2200
2012-07-11,1234.3480224609375,1492.5,1492.5,1479.0,1488.0,800
2012-07-12,1240.55078125,1500.0,1500.0,1479.0,1479.0,5200
2012-07-13,1240.55078125,1500.0,1500.0,1495.0,1500.0,3600
2012-07-17,1240.55078125,1500.0,1500.0,1500.0,1500.0,12000
2012-07-18,1217.807373046875,1472.5,1507.5,1472.5,1489.5,9200
2012-07-19,1220.288330078125,1475.5,1497.0,1470.0,1497.0,2800
2012-07-20,1217.807373046875,1472.5,1490.0,1472.5,1477.5,7200
2012-07-23,1207.8829345703125,1460.5,1467.5,1455.0,1467.5,7000
2012-07-24,1201.2667236328125,1452.5,1457.5,1452.5,1455.5,9600
2012-07-25,1212.431640625,1466.0,1496.5,1466.0,1496.5,3800
2012-07-26,1212.01806640625,1465.5,1466.0,1465.0,1465.5,1000
2012-07-27,1224.0101318359375,1480.0,1482.5,1480.0,1480.0,1400
2012-07-30,1211.6046142578125,1465.0,1480.0,1465.0,1480.0,2000
2012-07-31,1207.4696044921875,1460.0,1460.0,1457.5,1457.5,1400
2012-08-01,1200.0262451171875,1451.0,1455.0,1450.0,1455.0,8200
2012-08-02,1220.701904296875,1476.0,1476.0,1451.0,1451.0,1000
2012-08-03,1220.701904296875,1476.0,1476.0,1476.0,1476.0,1000
2012-08-06,1221.9425048828125,1477.5,1480.0,1477.5,1477.5,1200
2012-08-07,1212.01806640625,1465.5,1497.0,1465.5,1497.0,600
2012-08-08,1201.2667236328125,1452.5,1474.5,1450.0,1474.5,4200
2012-08-09,1205.4017333984375,1457.5,1462.5,1453.0,1453.0,3800
2012-08-10,1209.5369873046875,1462.5,1462.5,1457.5,1457.5,3000
2012-08-13,1186.7935791015625,1435.0,1438.0,1415.0,1437.5,3200
2012-08-14,1178.5233154296875,1425.0,1435.0,1417.5,1435.0,6600
2012-08-15,1159.914794921875,1402.5,1424.0,1402.5,1415.0,14800
2012-08-16,1162.3961181640625,1405.5,1410.0,1405.0,1405.5,5200
2012-08-17,1166.1177978515625,1410.0,1410.0,1410.0,1410.0,4000
2012-08-20,1164.050048828125,1407.5,1415.0,1407.5,1415.0,2000
2012-08-21,1161.982666015625,1405.0,1410.0,1405.0,1409.5,2400
2012-08-22,1145.8553466796875,1385.5,1402.5,1385.5,1402.5,3600
2012-08-23,1157.4337158203125,1399.5,1400.0,1385.5,1395.0,6000
2012-08-24,1137.171630859375,1375.0,1399.5,1371.5,1399.5,4600
2012-08-27,1112.3604736328125,1345.0,1384.5,1333.0,1384.5,29800
2012-08-28,1097.887451171875,1327.5,1345.0,1327.5,1345.0,14400
2012-08-29,1097.887451171875,1327.5,1349.0,1327.5,1349.0,3800
2012-08-30,1090.8575439453125,1319.0,1327.5,1318.0,1327.5,9000
2012-08-31,1090.030517578125,1318.0,1318.0,1315.0,1318.0,6600
2012-09-03,1101.1954345703125,1331.5,1338.0,1313.0,1315.0,5000
2012-09-04,1092.5115966796875,1321.0,1322.5,1318.0,1318.5,4400
2012-09-05,1088.7899169921875,1316.5,1323.5,1315.0,1315.0,1600
2012-09-06,1090.8575439453125,1319.0,1325.0,1317.5,1318.0,6600
2012-09-07,1099.955078125,1330.0,1351.0,1319.5,1319.5,3600
2012-09-10,1102.4361572265625,1333.0,1335.5,1330.0,1330.0,2200
2012-09-11,1099.955078125,1330.0,1346.5,1330.0,1346.5,3800
2012-09-12,1101.1954345703125,1331.5,1331.5,1330.0,1330.0,1600
2012-09-13,1104.0902099609375,1335.0,1349.0,1335.0,1335.0,17200
2012-09-14,1125.1795654296875,1360.5,1360.5,1345.0,1345.0,6400
2012-09-18,1124.76611328125,1360.0,1375.0,1350.0,1374.5,10000
2012-09-19,1139.239013671875,1377.5,1400.0,1375.0,1375.0,15600
2012-09-20,1140.8931884765625,1379.5,1379.5,1375.0,1377.5,800
2012-09-21,1137.171630859375,1375.0,1379.5,1375.0,1379.5,2400
2012-09-24,1137.171630859375,1375.0,1375.0,1360.0,1360.0,11000
2012-09-25,1139.6527099609375,1378.0,1394.0,1378.0,1394.0,2000
2012-09-26,1118.976806640625,1353.0,1353.0,1353.0,1353.0,7600
2012-09-27,1127.247314453125,1363.0,1403.0,1360.5,1403.0,2000
2012-09-28,1141.306640625,1380.0,1380.0,1356.0,1363.5,2800
2012-10-01,1127.247314453125,1363.0,1380.0,1360.5,1380.0,1600
2012-10-02,1121.0445556640625,1355.5,1362.0,1355.5,1362.0,2000
2012-10-03,1122.28515625,1357.0,1358.0,1350.0,1356.5,6600
2012-10-04,1124.76611328125,1360.0,1371.5,1357.0,1357.0,1200
2012-10-05,1138.412109375,1376.5,1383.0,1371.5,1371.5,8600
2012-10-09,1130.5552978515625,1367.0,1385.0,1360.0,1374.0,14200
2012-10-10,1121.4578857421875,1356.0,1367.0,1355.0,1367.0,15000
2012-10-11,1116.4957275390625,1350.0,1357.5,1350.0,1353.0,20400
2012-10-12,1106.5712890625,1338.0,1360.0,1305.0,1360.0,49000
2012-10-15,1094.992919921875,1324.0,1338.0,1312.5,1338.0,29200
2012-10-16,1093.752197265625,1322.5,1327.5,1322.5,1324.0,22000
2012-10-17,1098.3009033203125,1328.0,1328.0,1322.5,1322.5,17400
2012-10-18,1100.781982421875,1331.0,1337.0,1325.0,1336.5,12200
2012-10-19,1102.0224609375,1332.5,1350.0,1325.0,1325.0,7600
2012-10-22,1097.887451171875,1327.5,1327.5,1320.0,1326.0,12800
2012-10-23,1101.609130859375,1332.0,1332.0,1326.0,1326.0,5000
2012-10-24,1097.0601806640625,1326.5,1330.0,1322.5,1327.5,19600
2012-10-25,1095.40625,1324.5,1332.5,1307.5,1332.5,23800
2012-10-26,1087.549560546875,1315.0,1322.5,1311.0,1322.5,31000
2012-10-29,1087.549560546875,1315.0,1317.5,1312.5,1315.0,19400
2012-10-30,1097.0601806640625,1326.5,1326.5,1315.0,1317.5,2800
2012-10-31,1087.549560546875,1315.0,1320.0,1315.0,1315.0,7600
2012-11-01,1087.963134765625,1315.5,1317.5,1310.0,1310.0,1200
2012-11-02,1092.9251708984375,1321.5,1324.5,1315.0,1319.0,7200
2012-11-05,1082.173828125,1308.5,1325.0,1308.5,1325.0,14200
2012-11-06,1076.3843994140625,1301.5,1308.0,1300.5,1308.0,6800
2012-11-07,1072.2493896484375,1296.5,1298.5,1295.5,1295.5,3800
2012-11-08,1063.5655517578125,1286.0,1300.0,1286.0,1300.0,4800
2012-11-09,1056.53564453125,1277.5,1305.0,1275.0,1305.0,6600
2012-11-12,1054.0546875,1274.5,1277.5,1270.0,1270.0,4800
2012-11-13,1048.2652587890625,1267.5,1272.5,1267.5,1272.5,7200
2012-11-14,1056.1221923828125,1277.0,1277.0,1270.0,1270.5,4400
2012-11-15,1061.497802734375,1283.5,1283.5,1275.0,1277.5,13400
2012-11-16,1054.881591796875,1275.5,1290.0,1275.0,1275.0,22600
2012-11-19,1059.0167236328125,1280.5,1285.0,1279.0,1279.0,3400
2012-11-20,1060.6707763671875,1282.5,1284.5,1280.5,1280.5,15400
2012-11-21,1060.6707763671875,1282.5,1283.5,1281.0,1282.5,26400
2012-11-22,1065.219482421875,1288.0,1293.5,1280.5,1282.5,23400
2012-11-26,1066.87353515625,1290.0,1292.5,1275.5,1288.0,15200
2012-11-27,1066.87353515625,1290.0,1298.5,1287.5,1287.5,6600
2012-11-28,1057.7763671875,1279.0,1285.0,1274.0,1280.5,37600
2012-11-29,1054.881591796875,1275.5,1279.0,1275.5,1279.0,8400
2012-11-30,1046.6114501953125,1265.5,1275.5,1265.0,1275.5,25400
2012-12-03,1054.468017578125,1275.0,1280.5,1265.0,1265.0,13200
2012-12-04,1054.468017578125,1275.0,1281.0,1270.0,1276.5,51400
2012-12-05,1051.1600341796875,1271.0,1280.0,1270.0,1273.0,59800
2012-12-06,1056.1221923828125,1277.0,1281.0,1271.5,1271.5,6600
2012-12-07,1055.2952880859375,1276.0,1277.5,1275.0,1275.0,2800
2012-12-10,1056.53564453125,1277.5,1292.5,1273.0,1275.0,53400
2012-12-11,1063.5655517578125,1286.0,1302.5,1285.5,1302.5,7200
2012-12-12,1075.1441650390625,1300.0,1300.0,1285.0,1285.0,7800
2012-12-13,1086.3087158203125,1313.5,1320.0,1307.5,1310.0,14400
2012-12-14,1093.3387451171875,1322.0,1328.0,1312.5,1315.0,13000
2012-12-17,1100.781982421875,1331.0,1342.0,1325.0,1330.0,20000
2012-12-18,1093.752197265625,1322.5,1331.5,1322.5,1331.0,30400
2012-12-19,1108.2252197265625,1340.0,1340.0,1310.0,1329.0,6600
2012-12-20,1111.9468994140625,1344.5,1344.5,1325.5,1325.5,8000
2012-12-21,1105.330810546875,1336.5,1344.5,1333.0,1335.5,10000
2012-12-25,1105.330810546875,1336.5,1344.5,1325.5,1344.5,22400
2012-12-26,1122.698486328125,1357.5,1374.5,1350.0,1361.5,5600
2012-12-27,1119.3902587890625,1353.5,1372.0,1350.5,1357.5,4800
2012-12-28,1131.795654296875,1368.5,1375.0,1360.0,1360.0,36600
2013-01-04,1133.0364990234375,1370.0,1374.0,1355.5,1368.5,14200
2013-01-07,1144.614990234375,1384.0,1400.0,1361.5,1361.5,11200
2013-01-08,1149.5771484375,1390.0,1390.0,1384.0,1385.5,17800
2013-01-09,1147.5093994140625,1387.5,1394.0,1377.5,1380.0,21800
2013-01-10,1159.50146484375,1402.0,1418.0,1381.5,1385.5,8600
2013-01-11,1166.1177978515625,1410.0,1410.0,1393.0,1408.0,34200
2013-01-15,1155.77978515625,1397.5,1435.0,1397.5,1415.0,22000
2013-01-16,1157.847412109375,1400.0,1402.0,1393.5,1397.5,15200
2013-01-17,1159.50146484375,1402.0,1403.5,1396.5,1400.0,11800
2013-01-18,1170.2529296875,1415.0,1424.5,1400.0,1404.5,13800
2013-01-21,1172.320556640625,1417.5,1422.5,1401.0,1401.0,5800
2013-01-22,1157.847412109375,1400.0,1419.0,1390.0,1403.0,41000
2013-01-23,1161.569091796875,1404.5,1407.0,1388.0,1388.0,15000
2013-01-24,1165.2906494140625,1409.0,1409.0,1395.5,1405.0,6600
2013-01-25,1202.920654296875,1454.5,1454.5,1407.5,1410.0,8800
2013-01-28,1209.5369873046875,1462.5,1495.0,1457.5,1469.0,8800
2013-01-29,1204.161376953125,1456.0,1495.0,1453.0,1455.0,5200
2013-01-30,1221.9425048828125,1477.5,1478.5,1452.5,1452.5,11000
2013-01-31,1236.0020751953125,1494.5,1494.5,1467.5,1467.5,2000
2013-02-01,1218.6343994140625,1473.5,1486.0,1456.0,1456.0,3400
2013-02-04,1214.9127197265625,1469.0,1470.0,1452.5,1455.0,7400
2013-02-05,1194.23681640625,1444.0,1464.0,1430.5,1445.5,9600
2013-02-06,1214.499267578125,1468.5,1469.0,1451.5,1452.5,15400
2013-02-07,1240.1370849609375,1499.5,1499.5,1465.0,1470.0,11600
2013-02-08,1263.294189453125,1527.5,1542.5,1499.5,1499.5,10800
2013-02-12,1343.929931640625,1625.0,1650.0,1560.0,1560.0,13000
2013-02-13,1393.552001953125,1685.0,1715.0,1657.5,1670.0,13200
2013-02-14,1403.889892578125,1697.5,1730.0,1672.5,1725.0,16800
2013-02-15,1385.281494140625,1675.0,1697.5,1667.5,1697.5,13800
2013-02-18,1385.281494140625,1675.0,1690.0,1670.0,1672.5,9400
2013-02-19,1339.7947998046875,1620.0,1677.5,1610.0,1675.0,5200
2013-02-20,1333.592041015625,1612.5,1637.5,1605.0,1612.5,6200
2013-02-21,1298.443115234375,1570.0,1602.5,1560.0,1602.5,9000
2013-02-22,1304.645751953125,1577.5,1590.0,1527.5,1547.5,7800
2013-02-25,1331.524658203125,1610.0,1635.0,1577.5,1600.0,3200
2013-02-26,1302.5782470703125,1575.0,1582.5,1560.0,1582.5,13200
2013-02-27,1350.132568359375,1632.5,1632.5,1575.0,1575.0,6400
2013-02-28,1391.484375,1682.5,1682.5,1597.5,1597.5,1600
2013-03-01,1366.673583984375,1652.5,1682.5,1652.5,1677.5,2000
2013-03-04,1343.929931640625,1625.0,1685.0,1625.0,1685.0,6400
2013-03-05,1348.065185546875,1630.0,1645.0,1600.0,1625.0,9200
2013-03-06,1360.470703125,1645.0,1645.0,1620.0,1622.5,24600
2013-03-07,1345.9976806640625,1627.5,1672.5,1600.0,1650.0,29200
2013-03-08,1350.132568359375,1632.5,1662.5,1625.0,1652.5,21800
2013-03-11,1374.94384765625,1662.5,1662.5,1632.5,1632.5,15600
2013-03-12,1364.605712890625,1650.0,1670.0,1640.0,1662.5,9800
2013-03-13,1366.673583984375,1652.5,1672.5,1625.0,1625.0,10600
2013-03-14,1387.349365234375,1677.5,1677.5,1640.0,1670.0,10200
2013-03-15,1395.6195068359375,1687.5,1700.0,1650.0,1682.5,12200
2013-03-18,1372.876220703125,1660.0,1715.0,1657.5,1670.0,6800
2013-03-19,1379.0789794921875,1667.5,1690.0,1667.5,1687.5,4400
2013-03-21,1385.281494140625,1675.0,1687.5,1655.0,1655.0,7800
2013-03-22,1416.2955322265625,1712.5,1725.0,1662.5,1662.5,14600
2013-03-25,1434.903564453125,1735.0,1750.0,1710.0,1725.0,8400
2013-03-26,1447.3092041015625,1750.0,1760.0,1725.0,1750.0,12200
2013-03-27,1449.4097900390625,1725.0,1725.0,1700.0,1700.0,5200
2013-03-28,1474.6168212890625,1755.0,1755.0,1682.5,1725.0,23800
2013-03-29,1470.4156494140625,1750.0,1760.0,1742.5,1750.0,13200
2013-04-01,1430.50439453125,1702.5,1795.0,1685.0,1795.0,9200
2013-04-02,1422.10205078125,1692.5,1750.0,1577.5,1750.0,19000
2013-04-03,1470.4156494140625,1750.0,1750.0,1640.0,1675.0,7400
2013-04-04,1436.8062744140625,1710.0,1755.0,1710.0,1747.5,12800
2013-04-05,1491.4217529296875,1775.0,1785.0,1727.5,1750.0,18400
2013-04-08,1518.7293701171875,1807.5,1850.0,1740.0,1775.0,24800
2013-04-09,1516.6287841796875,1805.0,1850.0,1802.5,1832.5,19200
2013-04-10,1552.3388671875,1847.5,1850.0,1777.5,1777.5,16200
2013-04-11,1554.439697265625,1850.0,1865.0,1827.5,1850.0,9000
2013-04-12,1638.46337890625,1950.0,1950.0,1865.0,1875.0,8600
2013-04-15,1615.3565673828125,1922.5,1950.0,1907.5,1950.0,27600
2013-04-16,1630.060791015625,1940.0,1947.5,1900.0,1922.5,8200
2013-04-17,1588.048828125,1890.0,1940.0,1830.0,1940.0,8600
2013-04-18,1638.46337890625,1950.0,1950.0,1900.0,1925.0,7200
2013-04-19,1615.3565673828125,1922.5,1950.0,1875.0,1950.0,5000
2013-04-22,1617.4573974609375,1925.0,1950.0,1905.0,1950.0,4000
2013-04-23,1638.46337890625,1950.0,1975.0,1942.5,1942.5,22200
2013-04-24,1680.4752197265625,2000.0,2000.0,1950.0,1950.0,14800
2013-04-25,1651.0667724609375,1965.0,2000.0,1965.0,2000.0,8600
2013-04-26,1655.26806640625,1970.0,2000.0,1970.0,2000.0,3800
2013-04-30,1672.07275390625,1990.0,1997.5,1930.0,1970.0,3400
2013-05-01,1669.971923828125,1987.5,2000.0,1955.0,1990.0,7600
2013-05-02,1640.563720703125,1952.5,1957.5,1925.0,1950.0,3400
2013-05-07,1655.26806640625,1970.0,1970.0,1927.5,1950.0,6800
2013-05-08,1655.26806640625,1970.0,1970.0,1937.5,1940.0,6800
2013-05-09,1640.563720703125,1952.5,1970.0,1930.0,1950.0,18400
2013-05-10,1630.060791015625,1940.0,1957.5,1930.0,1935.0,14200
2013-05-13,1554.439697265625,1850.0,1950.0,1850.0,1950.0,25400
2013-05-14,1678.3746337890625,1997.5,2030.0,1870.0,1870.0,29600
2013-05-15,1726.6881103515625,2055.0,2120.0,2055.0,2100.0,37800
2013-05-16,1777.1024169921875,2115.0,2157.5,2090.0,2092.5,27600
2013-05-17,1875.83056640625,2232.5,2250.0,2055.0,2055.0,18800
2013-05-20,2037.5762939453125,2425.0,2525.0,2405.0,2520.0,26400
2013-05-21,1978.7596435546875,2355.0,2420.0,2352.5,2372.5,23000
2013-05-22,1968.2564697265625,2342.5,2342.5,2260.0,2337.5,23800
2013-05-23,1764.4991455078125,2100.0,2312.5,2100.0,2312.5,19800
2013-05-24,1785.5048828125,2125.0,2250.0,2040.0,2150.0,40000
2013-05-27,1762.3983154296875,2097.5,2122.5,2087.5,2122.5,4000
2013-05-28,1777.1024169921875,2115.0,2145.0,2075.0,2097.5,9600
2013-05-29,1777.1024169921875,2115.0,2170.0,2115.0,2135.0,10600
2013-05-30,1760.2977294921875,2095.0,2142.5,2065.0,2115.0,9400
2013-05-31,1655.26806640625,1970.0,2100.0,1970.0,2100.0,19600
2013-06-03,1630.060791015625,1940.0,2017.5,1932.5,1972.5,11000
2013-06-04,1627.9600830078125,1937.5,1960.0,1875.0,1940.0,19000
2013-06-05,1636.3629150390625,1947.5,2000.0,1910.0,1937.5,20400
2013-06-06,1600.652587890625,1905.0,1937.5,1850.0,1895.0,16000
2013-06-07,1596.4515380859375,1900.0,1900.0,1810.0,1855.0,32000
2013-06-10,1667.8714599609375,1985.0,2070.0,1940.0,1950.0,11000
2013-06-11,1699.38037109375,2022.5,2050.0,2007.5,2045.0,30000
2013-06-12,1657.36865234375,1972.5,2000.0,1950.0,2000.0,27800
2013-06-13,1602.753173828125,1907.5,2000.0,1892.5,2000.0,48000
2013-06-14,1663.6705322265625,1980.0,1980.0,1875.0,1950.0,14000
2013-06-17,1672.07275390625,1990.0,2005.0,1950.0,2005.0,8800
2013-06-18,1709.8834228515625,2035.0,2035.0,2000.0,2000.0,1400
2013-06-19,1722.487060546875,2050.0,2067.5,2015.0,2050.0,8200
2013-06-20,1688.877685546875,2010.0,2045.0,1965.0,2002.5,10000
2013-06-21,1716.185302734375,2042.5,2042.5,1920.0,1925.0,2200
2013-06-24,1693.07861328125,2015.0,2017.5,1927.5,2010.0,6800
2013-06-25,1636.3629150390625,1947.5,1995.0,1940.0,1995.0,4400
2013-06-26,1615.3565673828125,1922.5,1965.0,1875.0,1965.0,6400
2013-06-27,1579.646728515625,1880.0,1922.5,1852.5,1852.5,6200
2013-06-28,1720.3863525390625,2047.5,2052.5,1900.0,1900.0,11200
2013-07-01,1720.3863525390625,2047.5,2060.0,2005.0,2047.5,12000
2013-07-02,1739.291748046875,2070.0,2110.0,2055.0,2110.0,8000
2013-07-03,1737.191162109375,2067.5,2095.0,2025.0,2075.0,10400
2013-07-04,1743.4931640625,2075.0,2087.5,2020.0,2067.5,8000
2013-07-05,1777.1024169921875,2115.0,2115.0,2080.0,2095.0,5000
2013-07-08,1764.4991455078125,2100.0,2130.0,2100.0,2125.0,21600
2013-07-09,1806.5107421875,2150.0,2150.0,2060.0,2130.0,27200
2013-07-10,1806.5107421875,2150.0,2185.0,2150.0,2155.0,8400
2013-07-11,1808.611572265625,2152.5,2187.5,2135.0,2135.0,5800
2013-07-12,1835.9190673828125,2185.0,2185.0,2150.0,2172.5,14800
2013-07-16,1840.1202392578125,2190.0,2200.0,2155.0,2195.0,34200
2013-07-17,1848.522705078125,2200.0,2212.5,2170.0,2177.5,20600
2013-07-18,1873.7298583984373,2230.0,2230.0,2180.0,2200.0,33600
2013-07-19,1840.1202392578125,2190.0,2225.0,2180.0,2225.0,12400
2013-07-22,1898.9368896484373,2260.0,2260.0,2192.5,2200.0,11400
2013-07-23,1896.83642578125,2257.5,2260.0,2225.0,2260.0,8400
2013-07-24,1922.04345703125,2287.5,2287.5,2247.5,2250.0,11400
2013-07-25,1926.2447509765625,2292.5,2322.5,2262.5,2322.5,6800
2013-07-26,1913.64111328125,2277.5,2277.5,2235.0,2265.0,8600
2013-07-29,1848.522705078125,2200.0,2277.5,2192.5,2277.5,19600
2013-07-30,1890.5343017578125,2250.0,2250.0,2202.5,2215.0,2400
2013-07-31,1894.7357177734373,2255.0,2255.0,2202.5,2250.0,10000
2013-08-01,1888.43408203125,2247.5,2252.5,2182.5,2252.5,6400
2013-08-02,1880.031494140625,2237.5,2270.0,2215.0,2267.5,7600
2013-08-05,1882.132080078125,2240.0,2250.0,2202.5,2202.5,17000
2013-08-06,1882.132080078125,2240.0,2242.5,2220.0,2240.0,12800
2013-08-07,1861.1260986328125,2215.0,2215.0,2205.0,2210.0,2200
2013-08-08,1827.5166015625,2175.0,2212.5,2150.0,2212.5,4000
2013-08-09,1829.617431640625,2177.5,2190.0,2155.0,2175.0,9800
2013-08-12,1722.487060546875,2050.0,2052.5,1950.0,2052.5,23000
2013-08-13,1735.090576171875,2065.0,2065.0,1977.5,2050.0,39800
2013-08-14,1772.9012451171875,2110.0,2110.0,2040.0,2075.0,10200
2013-08-15,1764.4991455078125,2100.0,2110.0,2097.5,2110.0,21400
2013-08-16,1751.8953857421875,2085.0,2125.0,2025.0,2100.0,57400
2013-08-19,1732.989990234375,2062.5,2085.0,2062.5,2085.0,2200
2013-08-20,1661.5699462890625,1977.5,2035.0,1977.5,2035.0,2200
2013-08-21,1638.46337890625,1950.0,1977.5,1950.0,1977.5,4600
2013-08-22,1644.7650146484375,1957.5,1957.5,1927.5,1950.0,1400
2013-08-23,1676.2738037109375,1995.0,1995.0,1990.0,1990.0,1000
2013-08-26,1646.86572265625,1960.0,1997.5,1960.0,1995.0,2000
2013-08-27,1663.6705322265625,1980.0,1980.0,1930.0,1940.0,4800
2013-08-28,1655.26806640625,1970.0,1970.0,1970.0,1970.0,200
2013-08-29,1672.07275390625,1990.0,1990.0,1937.5,1970.0,1200
2013-08-30,1680.4752197265625,2000.0,2005.0,1970.0,2005.0,2400
2013-09-02,1680.4752197265625,2000.0,2000.0,1950.0,2000.0,1600
2013-09-03,1657.36865234375,1972.5,2000.0,1962.5,1967.5,6000
2013-09-04,1617.4573974609375,1925.0,1950.0,1925.0,1950.0,11800
2013-09-05,1642.66455078125,1955.0,2010.0,1945.0,1960.0,7800
2013-09-06,1625.859619140625,1935.0,1945.0,1925.0,1937.5,9600
2013-09-09,1669.971923828125,1987.5,2005.0,1970.0,1980.0,7600
2013-09-10,1693.07861328125,2015.0,2020.0,1987.5,1987.5,4800
2013-09-11,1718.2860107421875,2045.0,2060.0,2020.0,2025.0,4400
2013-09-12,1714.084716796875,2040.0,2045.0,2025.0,2045.0,6200
2013-09-13,1722.487060546875,2050.0,2075.0,2005.0,2075.0,5800
2013-09-17,1743.4931640625,2075.0,2115.0,2075.0,2110.0,6600
2013-09-18,1777.1024169921875,2115.0,2125.0,2102.5,2125.0,4800
2013-09-19,1747.694091796875,2080.0,2125.0,2080.0,2115.0,3200
2013-09-20,1768.7001953125,2105.0,2115.0,2080.0,2115.0,3400
2013-09-24,1819.1142578125,2165.0,2165.0,2102.5,2120.0,5800
2013-09-25,1711.9840087890625,2037.5,2167.5,2037.5,2167.5,16600
2013-09-26,1737.191162109375,2067.5,2075.0,2020.0,2032.5,7200
2013-09-27,1726.6881103515625,2055.0,2070.0,2045.0,2067.5,3800
2013-09-30,1739.291748046875,2070.0,2070.0,1992.5,2050.0,6600
2013-10-01,1732.989990234375,2062.5,2072.5,2045.0,2072.5,2000
2013-10-02,1749.794677734375,2082.5,2100.0,2040.0,2090.0,3400
2013-10-03,1764.4991455078125,2100.0,2100.0,2027.5,2050.0,10000
2013-10-04,1783.404296875,2122.5,2125.0,2050.0,2087.5,12600
2013-10-07,1745.5936279296875,2077.5,2117.5,2052.5,2087.5,13000
2013-10-08,1739.291748046875,2070.0,2100.0,2065.0,2095.0,8400
2013-10-09,1764.4991455078125,2100.0,2115.0,2070.0,2070.0,9600
2013-10-10,1751.8953857421875,2085.0,2100.0,2077.5,2100.0,7400
2013-10-11,1770.80078125,2107.5,2107.5,2100.0,2100.0,3600
2013-10-15,1758.1973876953125,2092.5,2115.0,2080.0,2105.0,8800
2013-10-16,1783.404296875,2122.5,2122.5,2090.0,2092.5,4600
2013-10-17,1772.9012451171875,2110.0,2122.5,2100.0,2122.5,4000
2013-10-18,1768.7001953125,2105.0,2110.0,2105.0,2110.0,2200
2013-10-21,1800.2091064453125,2142.5,2155.0,2105.0,2105.0,7400
2013-10-22,1802.3095703125,2145.0,2147.5,2135.0,2142.5,6200
2013-10-23,1804.410400390625,2147.5,2150.0,2142.5,2142.5,3000
2013-10-24,1808.611572265625,2152.5,2152.5,2135.0,2147.5,3200
2013-10-25,1800.2091064453125,2142.5,2175.0,2125.0,2125.0,9200
2013-10-28,1800.2091064453125,2142.5,2150.0,2137.5,2137.5,5400
2013-10-29,1800.2091064453125,2142.5,2142.5,2142.5,2142.5,0
2013-10-30,1806.5107421875,2150.0,2157.5,2092.5,2142.5,12800
2013-10-31,1749.794677734375,2082.5,2132.5,2080.0,2115.0,16200
2013-11-01,1732.989990234375,2062.5,2082.5,2062.5,2082.5,1400
2013-11-05,1720.3863525390625,2047.5,2050.0,2015.0,2050.0,2400
2013-11-06,1785.5048828125,2125.0,2140.0,2035.0,2047.5,13800
2013-11-07,1823.3154296875,2170.0,2175.0,2090.0,2115.0,17800
2013-11-08,1869.5286865234373,2225.0,2250.0,2130.0,2165.0,23400
2013-11-11,1890.5343017578125,2250.0,2250.0,2187.5,2195.0,20000
2013-11-12,1873.7298583984373,2230.0,2275.0,2172.5,2240.0,35400
2013-11-13,1873.7298583984373,2230.0,2265.0,2225.0,2265.0,10200
2013-11-14,1919.942626953125,2285.0,2290.0,2250.0,2270.0,46800
2013-11-15,1924.143798828125,2290.0,2290.0,2265.0,2282.5,23000
2013-11-18,1901.0374755859373,2262.5,2290.0,2200.0,2290.0,15400
2013-11-19,1859.0255126953125,2212.5,2275.0,2212.5,2262.5,16000
2013-11-20,1882.132080078125,2240.0,2250.0,2190.0,2215.0,11200
2013-11-21,1850.623291015625,2202.5,2235.0,2192.5,2205.0,9600
2013-11-22,1863.2269287109373,2217.5,2217.5,2182.5,2205.0,4800
2013-11-25,1854.824462890625,2207.5,2240.0,2155.0,2202.5,12800
2013-11-26,1863.2269287109373,2217.5,2217.5,2180.0,2190.0,7200
2013-11-27,1808.611572265625,2152.5,2210.0,2152.5,2182.5,5200
2013-11-28,1808.611572265625,2152.5,2180.0,2152.5,2157.5,12000
2013-11-29,1846.422119140625,2197.5,2202.5,2192.5,2197.5,8200
2013-12-02,1842.22119140625,2192.5,2192.5,2160.0,2192.5,1400
2013-12-03,1867.4278564453125,2222.5,2245.0,2192.5,2192.5,11600
2013-12-04,1867.4278564453125,2222.5,2240.0,2202.5,2232.5,57600
2013-12-05,1861.1260986328125,2215.0,2225.0,2215.0,2222.5,8600
2013-12-06,1867.4278564453125,2222.5,2275.0,2217.5,2247.5,7800
2013-12-09,1888.43408203125,2247.5,2250.0,2222.5,2225.0,19000
2013-12-10,1890.5343017578125,2250.0,2272.5,2250.0,2272.5,400
2013-12-11,1884.23291015625,2242.5,2272.5,2230.0,2272.5,1200
2013-12-12,1880.031494140625,2237.5,2277.5,2235.0,2277.5,6600
2013-12-13,1888.43408203125,2247.5,2260.0,2227.5,2247.5,8600
2013-12-16,1852.723876953125,2205.0,2225.0,2200.0,2225.0,8600
2013-12-17,1812.8126220703125,2157.5,2180.0,2157.5,2180.0,13800
2013-12-18,1823.3154296875,2170.0,2202.5,2157.5,2157.5,9400
2013-12-19,1865.3272705078125,2220.0,2225.0,2155.0,2175.0,4200
2013-12-20,1829.617431640625,2177.5,2225.0,2160.0,2170.0,8400
2013-12-24,1814.9132080078125,2160.0,2222.5,2152.5,2222.5,10600
2013-12-25,1793.9071044921875,2135.0,2175.0,2015.0,2155.0,17400
2013-12-26,1867.4278564453125,2222.5,2225.0,2142.5,2167.5,6000
2013-12-27,1901.0374755859373,2262.5,2265.0,2230.0,2240.0,3400
2013-12-30,1932.54638671875,2300.0,2300.0,2265.0,2272.5,6000
2014-01-06,1928.3453369140625,2295.0,2295.0,2292.5,2292.5,800
2014-01-07,1915.74169921875,2280.0,2295.0,2260.0,2295.0,3000
2014-01-08,1951.45166015625,2322.5,2400.0,2260.0,2295.0,22000
2014-01-09,1987.162109375,2365.0,2370.0,2282.5,2317.5,11800
2014-01-10,2012.3690185546875,2395.0,2400.0,2355.0,2400.0,6600
2014-01-14,2037.5762939453125,2425.0,2445.0,2307.5,2400.0,18600
2014-01-15,2008.1678466796875,2390.0,2415.0,2365.0,2412.5,19200
2014-01-16,1972.4576416015625,2347.5,2425.0,2327.5,2405.0,29800
2014-01-17,1968.2564697265625,2342.5,2350.0,2327.5,2350.0,3200
2014-01-20,1974.55859375,2350.0,2372.5,2350.0,2372.5,2200
2014-01-21,1953.5526123046875,2325.0,2340.0,2297.5,2315.0,12800
2014-01-22,1945.1497802734373,2315.0,2320.0,2300.0,2300.0,5600
2014-01-23,1953.5526123046875,2325.0,2350.0,2310.0,2332.5,5200
2014-01-24,1943.0494384765625,2312.5,2320.0,2282.5,2290.0,11400
2014-01-27,1896.83642578125,2257.5,2310.0,2227.5,2310.0,6200
2014-01-28,2031.2744140625,2417.5,2422.5,2250.0,2257.5,33000
2014-01-29,2033.3748779296875,2420.0,2422.5,2332.5,2332.5,24200
2014-01-30,2029.1737060546875,2415.0,2425.0,2385.0,2412.5,18600
2014-01-31,2020.7716064453125,2405.0,2417.5,2362.5,2417.5,18000
2014-02-03,2016.5703125,2400.0,2405.0,2337.5,2405.0,2400
2014-02-04,1995.5640869140625,2375.0,2395.0,2327.5,2367.5,19800
2014-02-05,1938.84814453125,2307.5,2382.5,2287.5,2340.0,9600
2014-02-06,1974.55859375,2350.0,2350.0,2300.0,2332.5,16400
2014-02-07,1945.1497802734373,2315.0,2407.5,2080.0,2315.0,105600
2014-02-10,1869.5286865234373,2225.0,2315.0,2225.0,2280.0,26200
2014-02-12,2016.5703125,2400.0,2400.0,2260.0,2315.0,38000
2014-02-13,2020.7716064453125,2405.0,2447.5,2385.0,2435.0,19000
2014-02-14,2058.582275390625,2450.0,2450.0,2395.0,2412.5,43800
2014-02-17,1953.5526123046875,2325.0,2457.5,2292.5,2450.0,28400
2014-02-18,1993.463623046875,2372.5,2412.5,2305.0,2347.5,13200
2014-02-19,2029.1737060546875,2415.0,2432.5,2372.5,2372.5,17200
2014-02-20,2008.1678466796875,2390.0,2450.0,2377.5,2415.0,32400
2014-02-21,2018.670654296875,2402.5,2402.5,2390.0,2400.0,1000
2014-02-24,2035.4755859375,2422.5,2450.0,2395.0,2402.5,13400
2014-02-25,2045.978515625,2435.0,2440.0,2407.5,2437.5,3000
2014-02-26,2029.1737060546875,2415.0,2450.0,2375.0,2375.0,11000
2014-02-27,2031.2744140625,2417.5,2430.0,2357.5,2415.0,5800
2014-02-28,2033.3748779296875,2420.0,2420.0,2360.0,2387.5,3600
2014-03-03,2039.6767578125,2427.5,2437.5,2390.0,2390.0,19000
2014-03-04,2033.3748779296875,2420.0,2430.0,2380.0,2400.0,5000
2014-03-05,2029.1737060546875,2415.0,2432.5,2400.0,2420.0,6800
2014-03-06,2048.0791015625,2437.5,2450.0,2407.5,2432.5,14000
2014-03-07,2069.0849609375,2462.5,2467.5,2437.5,2460.0,32000
2014-03-10,2054.380859375,2445.0,2475.0,2440.0,2467.5,26200
2014-03-11,2134.203125,2540.0,2565.0,2475.0,2477.5,50400
2014-03-12,2071.185546875,2465.0,2510.0,2432.5,2497.5,26600
2014-03-13,2087.990234375,2485.0,2500.0,2435.0,2475.0,24400
2014-03-14,2092.19140625,2490.0,2495.0,2442.5,2495.0,36400
2014-03-17,2172.014404296875,2585.0,2645.0,2540.0,2565.0,44400
2014-03-18,2205.62353515625,2625.0,2675.0,2540.0,2610.0,44000
2014-03-19,2285.4462890625,2720.0,2725.0,2620.0,2625.0,31800
2014-03-20,2272.8427734375,2705.0,2725.0,2635.0,2695.0,131400
2014-03-24,2100.593994140625,2500.0,2725.0,2485.0,2725.0,51200
2014-03-25,2180.41650390625,2595.0,2600.0,2510.0,2510.0,36200
2014-03-26,2184.617919921875,2600.0,2625.0,2575.0,2605.0,29600
2014-03-27,2197.443115234375,2570.0,2590.0,2505.0,2505.0,17400
2014-03-28,2137.5908203125,2500.0,2575.0,2460.0,2575.0,14800
2014-03-31,2180.34228515625,2550.0,2550.0,2475.0,2550.0,14800
2014-04-01,2210.26904296875,2585.0,2630.0,2525.0,2550.0,16200
2014-04-02,2184.61767578125,2555.0,2635.0,2540.0,2585.0,24200
2014-04-03,2193.16796875,2565.0,2605.0,2510.0,2605.0,5600
2014-04-04,2235.919921875,2615.0,2630.0,2555.0,2625.0,15400
2014-04-07,2201.718505859375,2575.0,2620.0,2565.0,2565.0,5800
2014-04-08,2201.718505859375,2575.0,2595.0,2550.0,2595.0,4600
2014-04-09,2244.47021484375,2625.0,2650.0,2555.0,2625.0,32000
2014-04-10,2270.12158203125,2655.0,2690.0,2625.0,2650.0,13400
2014-04-11,2278.671630859375,2665.0,2665.0,2590.0,2640.0,15800
2014-04-14,2201.718505859375,2575.0,2675.0,2525.0,2675.0,7400
2014-04-15,2184.61767578125,2555.0,2650.0,2550.0,2650.0,5800
2014-04-16,2210.26904296875,2585.0,2605.0,2550.0,2605.0,3800
2014-04-17,2223.094482421875,2600.0,2615.0,2595.0,2600.0,9400
2014-04-18,2214.544189453125,2590.0,2600.0,2575.0,2600.0,2800
2014-04-21,2223.094482421875,2600.0,2620.0,2590.0,2590.0,9200
2014-04-22,2205.99365234375,2580.0,2600.0,2560.0,2600.0,1800
2014-04-23,2163.241943359375,2530.0,2585.0,2490.0,2580.0,12200
2014-04-24,2176.067138671875,2545.0,2545.0,2525.0,2530.0,1800
2014-04-25,2154.691650390625,2520.0,2545.0,2510.0,2545.0,1400
2014-04-28,2071.325439453125,2422.5,2550.0,2400.0,2550.0,5800
2014-04-30,2017.8853759765625,2360.0,2425.0,2355.0,2425.0,11200
2014-05-01,2052.087158203125,2400.0,2435.0,2325.0,2325.0,6600
2014-05-02,2049.94970703125,2397.5,2405.0,2360.0,2360.0,4600
2014-05-07,1996.509765625,2335.0,2432.5,2330.0,2432.5,5800
2014-05-08,1983.6844482421875,2320.0,2380.0,2320.0,2340.0,8200
2014-05-09,2043.5367431640625,2390.0,2390.0,2390.0,2390.0,2400
2014-05-12,2079.87548828125,2432.5,2447.5,2425.0,2425.0,2000
2014-05-13,1987.9595947265625,2325.0,2435.0,2302.5,2432.5,10600
2014-05-14,2158.966552734375,2525.0,2525.0,2335.0,2335.0,9800
2014-05-15,2261.57080078125,2645.0,2645.0,2525.0,2575.0,17800
2014-05-16,2240.1953125,2620.0,2645.0,2590.0,2640.0,3800
2014-05-19,2223.094482421875,2600.0,2640.0,2520.0,2640.0,4800
2014-05-20,2158.966552734375,2525.0,2615.0,2525.0,2615.0,6400
2014-05-21,2158.966552734375,2525.0,2525.0,2490.0,2500.0,1400
2014-05-22,2218.819091796875,2595.0,2595.0,2525.0,2525.0,9800
2014-05-23,2180.34228515625,2550.0,2635.0,2550.0,2595.0,10400
2014-05-26,2188.89306640625,2560.0,2565.0,2500.0,2500.0,3000
2014-05-27,2210.26904296875,2585.0,2590.0,2565.0,2565.0,4800
2014-05-28,2193.16796875,2565.0,2580.0,2565.0,2570.0,2800
2014-05-29,2193.16796875,2565.0,2565.0,2565.0,2565.0,800
2014-05-30,2105.52685546875,2462.5,2650.0,2462.5,2600.0,29800
2014-06-02,2103.389404296875,2460.0,2497.5,2460.0,2460.0,11000
2014-06-03,2201.718505859375,2575.0,2575.0,2482.5,2482.5,11600
2014-06-04,2184.61767578125,2555.0,2605.0,2500.0,2605.0,16400
2014-06-05,2158.966552734375,2525.0,2585.0,2520.0,2545.0,8600
2014-06-06,2126.90283203125,2487.5,2515.0,2450.0,2500.0,17600
2014-06-09,2116.214599609375,2475.0,2487.5,2457.5,2470.0,8600
2014-06-10,2118.352294921875,2477.5,2545.0,2452.5,2452.5,8600
2014-06-11,2111.939453125,2470.0,2492.5,2460.0,2470.0,4800
2014-06-12,2122.627685546875,2482.5,2497.5,2470.0,2470.0,6600
2014-06-13,2180.34228515625,2550.0,2550.0,2490.0,2497.5,4000
2014-06-16,2180.34228515625,2550.0,2575.0,2505.0,2575.0,7000
2014-06-17,2171.791748046875,2540.0,2545.0,2520.0,2520.0,6400
2014-06-18,2197.443115234375,2570.0,2570.0,2540.0,2560.0,3800
2014-06-19,2235.919921875,2615.0,2625.0,2510.0,2510.0,13000
2014-06-20,2351.349853515625,2750.0,2750.0,2575.0,2615.0,18400
2014-06-23,2265.845947265625,2650.0,2700.0,2640.0,2700.0,10200
2014-06-24,2257.295654296875,2640.0,2650.0,2615.0,2650.0,7800
2014-06-25,2265.845947265625,2650.0,2650.0,2640.0,2645.0,2200
2014-06-26,2261.57080078125,2645.0,2680.0,2640.0,2680.0,3400
2014-06-27,2235.919921875,2615.0,2650.0,2605.0,2650.0,3400
2014-06-30,2205.99365234375,2580.0,2580.0,2580.0,2580.0,200
2014-07-01,2257.295654296875,2640.0,2640.0,2590.0,2590.0,2800
2014-07-02,2223.094482421875,2600.0,2670.0,2590.0,2670.0,25000
2014-07-03,2244.47021484375,2625.0,2625.0,2580.0,2600.0,8000
2014-07-04,2265.845947265625,2650.0,2650.0,2615.0,2615.0,4600
2014-07-07,2265.845947265625,2650.0,2670.0,2605.0,2635.0,11000
2014-07-08,2295.772705078125,2685.0,2685.0,2625.0,2635.0,6000
2014-07-09,2287.22216796875,2675.0,2675.0,2645.0,2655.0,4000
2014-07-10,2300.0478515625,2690.0,2690.0,2640.0,2655.0,2400
2014-07-11,2282.947021484375,2670.0,2680.0,2635.0,2680.0,5000
2014-07-14,2325.69873046875,2720.0,2720.0,2665.0,2675.0,4000
2014-07-15,2342.799560546875,2740.0,2740.0,2715.0,2740.0,15800
2014-07-16,2312.873291015625,2705.0,2715.0,2690.0,2715.0,1400
2014-07-17,2325.69873046875,2720.0,2725.0,2715.0,2725.0,2600
2014-07-18,2295.772705078125,2685.0,2720.0,2665.0,2720.0,1000
2014-07-22,2317.1484375,2710.0,2715.0,2675.0,2715.0,2400
2014-07-23,2321.423583984375,2715.0,2715.0,2660.0,2675.0,24000
2014-07-24,2291.497314453125,2680.0,2700.0,2655.0,2700.0,4600
2014-07-25,2287.22216796875,2675.0,2725.0,2665.0,2720.0,10600
2014-07-28,2287.22216796875,2675.0,2675.0,2650.0,2650.0,3000
2014-07-29,2308.59814453125,2700.0,2700.0,2625.0,2680.0,5000
2014-07-30,2321.423583984375,2715.0,2740.0,2665.0,2700.0,3600
2014-07-31,2415.4775390625,2825.0,2825.0,2715.0,2725.0,20400
2014-08-01,2351.349853515625,2750.0,2775.0,2650.0,2775.0,9800
2014-08-04,2359.900390625,2760.0,2770.0,2745.0,2750.0,4200
2014-08-05,2424.027587890625,2835.0,2840.0,2770.0,2770.0,14000
2014-08-06,2428.302978515625,2840.0,2850.0,2805.0,2820.0,11200
2014-08-07,2415.4775390625,2825.0,2840.0,2825.0,2840.0,1400
2014-08-08,2406.927001953125,2815.0,2835.0,2740.0,2790.0,19800
2014-08-11,2406.927001953125,2815.0,2825.0,2765.0,2810.0,4400
2014-08-12,2432.577880859375,2845.0,2845.0,2825.0,2845.0,6800
2014-08-13,2441.128173828125,2855.0,2855.0,2835.0,2845.0,5200
2014-08-14,2471.0546875,2890.0,2905.0,2860.0,2865.0,12800
2014-08-15,2471.0546875,2890.0,2890.0,2875.0,2890.0,6400
2014-08-18,2522.357177734375,2950.0,2960.0,2890.0,2890.0,10000
2014-08-19,2539.457763671875,2970.0,2975.0,2955.0,2975.0,4200
2014-08-20,2535.182861328125,2965.0,2965.0,2900.0,2935.0,3200
2014-08-21,2513.806396484375,2940.0,2940.0,2890.0,2900.0,6200
2014-08-22,2505.25634765625,2930.0,2955.0,2875.0,2955.0,8200
2014-08-25,2479.60498046875,2900.0,2940.0,2875.0,2940.0,12200
2014-08-26,2492.4306640625,2915.0,2915.0,2880.0,2880.0,14800
2014-08-27,2441.128173828125,2855.0,2900.0,2765.0,2900.0,8800
2014-08-28,2436.853515625,2850.0,2895.0,2835.0,2865.0,11200
2014-08-29,2436.853515625,2850.0,2865.0,2835.0,2850.0,5600
2014-09-01,2453.954345703125,2870.0,2900.0,2850.0,2855.0,4600
2014-09-02,2462.50439453125,2880.0,2880.0,2845.0,2845.0,1200
2014-09-03,2458.229248046875,2875.0,2900.0,2875.0,2880.0,8200
2014-09-04,2462.50439453125,2880.0,2895.0,2860.0,2895.0,3600
2014-09-05,2458.229248046875,2875.0,2900.0,2870.0,2875.0,7200
2014-09-08,2458.229248046875,2875.0,2900.0,2775.0,2875.0,15400
2014-09-09,2479.60498046875,2900.0,2915.0,2875.0,2890.0,5400
2014-09-10,2488.1552734375,2910.0,2910.0,2880.0,2900.0,6200
2014-09-11,2496.706298828125,2920.0,2930.0,2895.0,2925.0,5400
2014-09-12,2479.60498046875,2900.0,2920.0,2890.0,2920.0,15600
2014-09-16,2441.128173828125,2855.0,2875.0,2840.0,2850.0,10200
2014-09-17,2424.027587890625,2835.0,2840.0,2805.0,2805.0,8400
2014-09-18,2436.853515625,2850.0,2850.0,2825.0,2850.0,3800
2014-09-19,2479.60498046875,2900.0,2900.0,2835.0,2875.0,16600
2014-09-22,2462.50439453125,2880.0,2885.0,2855.0,2855.0,7000
2014-09-24,2479.60498046875,2900.0,2900.0,2860.0,2860.0,3600
2014-09-25,2466.77978515625,2885.0,2895.0,2850.0,2850.0,17600
2014-09-26,2441.128173828125,2855.0,2890.0,2835.0,2835.0,4800
2014-09-29,2436.853515625,2850.0,2855.0,2850.0,2850.0,2800
2014-09-30,2415.4775390625,2825.0,2865.0,2825.0,2850.0,8000
2014-10-01,2436.853515625,2850.0,2850.0,2825.0,2830.0,2200
2014-10-02,2419.752685546875,2830.0,2840.0,2800.0,2830.0,7000
2014-10-03,2381.276123046875,2785.0,2840.0,2775.0,2830.0,11400
2014-10-06,2436.853515625,2850.0,2850.0,2820.0,2835.0,3600
2014-10-07,2449.67919921875,2865.0,2890.0,2845.0,2860.0,7400
2014-10-08,2406.927001953125,2815.0,2840.0,2805.0,2815.0,5200
2014-10-09,2432.577880859375,2845.0,2885.0,2820.0,2820.0,4000
2014-10-10,2428.302978515625,2840.0,2850.0,2775.0,2805.0,4800
2014-10-14,2419.752685546875,2830.0,2830.0,2775.0,2830.0,3200
2014-10-15,2419.752685546875,2830.0,2850.0,2805.0,2850.0,3800
2014-10-16,2368.45068359375,2770.0,2825.0,2750.0,2825.0,8000
2014-10-17,2274.396484375,2660.0,2780.0,2600.0,2770.0,9800
2014-10-20,2244.47021484375,2625.0,2800.0,2525.0,2790.0,18600
2014-10-21,2180.34228515625,2550.0,2575.0,2535.0,2575.0,40800
2014-10-22,2278.671630859375,2665.0,2675.0,2600.0,2600.0,1600
2014-10-23,2257.295654296875,2640.0,2665.0,2640.0,2665.0,600
2014-10-24,2291.497314453125,2680.0,2745.0,2675.0,2690.0,5200
2014-10-27,2227.36962890625,2605.0,2680.0,2605.0,2675.0,7600
2014-10-28,2223.094482421875,2600.0,2620.0,2600.0,2620.0,2600
2014-10-29,2240.1953125,2620.0,2645.0,2610.0,2630.0,4400
2014-10-30,2265.845947265625,2650.0,2735.0,2635.0,2635.0,2400
2014-10-31,2287.22216796875,2675.0,2700.0,2675.0,2695.0,4400
2014-11-04,2329.97412109375,2725.0,2800.0,2695.0,2750.0,42600
2014-11-05,2364.17529296875,2765.0,2790.0,2750.0,2750.0,9000
2014-11-06,2368.45068359375,2770.0,2790.0,2750.0,2785.0,6800
2014-11-07,2347.07421875,2745.0,2775.0,2735.0,2770.0,13200
2014-11-10,2317.1484375,2710.0,2770.0,2695.0,2760.0,8000
2014-11-11,2317.1484375,2710.0,2750.0,2710.0,2750.0,4200
2014-11-12,2338.524169921875,2735.0,2740.0,2715.0,2715.0,2800
2014-11-13,2355.624755859375,2755.0,2775.0,2705.0,2730.0,7200
2014-11-14,2355.624755859375,2755.0,2785.0,2750.0,2785.0,3400
2014-11-17,2291.497314453125,2680.0,2755.0,2640.0,2755.0,7600
2014-11-18,2304.32275390625,2695.0,2725.0,2685.0,2720.0,2400
2014-11-19,2317.1484375,2710.0,2725.0,2695.0,2705.0,5600
2014-11-20,2312.873291015625,2705.0,2725.0,2700.0,2710.0,2000
2014-11-21,2368.45068359375,2770.0,2770.0,2725.0,2745.0,5000
2014-11-25,2364.17529296875,2765.0,2765.0,2715.0,2760.0,14400
2014-11-26,2364.17529296875,2765.0,2795.0,2760.0,2765.0,6600
2014-11-27,2338.524169921875,2735.0,2750.0,2735.0,2750.0,2800
2014-11-28,2381.276123046875,2785.0,2785.0,2760.0,2770.0,5200
2014-12-01,2389.826171875,2795.0,2800.0,2750.0,2800.0,6600
2014-12-02,2424.027587890625,2835.0,2835.0,2785.0,2810.0,8000
2014-12-03,2394.101806640625,2800.0,2830.0,2800.0,2830.0,6000
2014-12-04,2402.65234375,2810.0,2830.0,2780.0,2795.0,6400
2014-12-05,2377.0009765625,2780.0,2805.0,2755.0,2780.0,20600
2014-12-08,2394.101806640625,2800.0,2800.0,2765.0,2780.0,22000
2014-12-09,2377.0009765625,2780.0,2785.0,2760.0,2785.0,9600
2014-12-10,2377.0009765625,2780.0,2790.0,2765.0,2785.0,4400
2014-12-11,2364.17529296875,2765.0,2780.0,2750.0,2755.0,5200
2014-12-12,2389.826171875,2795.0,2795.0,2760.0,2795.0,7200
2014-12-15,2372.7255859375,2775.0,2790.0,2765.0,2790.0,8000
2014-12-16,2355.624755859375,2755.0,2775.0,2755.0,2775.0,4000
2014-12-17,2351.349853515625,2750.0,2775.0,2750.0,2770.0,10800
2014-12-18,2368.45068359375,2770.0,2785.0,2755.0,2765.0,11800
2014-12-19,2355.624755859375,2755.0,2820.0,2750.0,2750.0,27600
2014-12-22,2355.624755859375,2755.0,2770.0,2755.0,2760.0,7400
2014-12-24,2368.45068359375,2770.0,2780.0,2760.0,2780.0,9000
2014-12-25,2364.17529296875,2765.0,2770.0,2760.0,2770.0,2200
2014-12-26,2377.0009765625,2780.0,2780.0,2755.0,2770.0,1800
2014-12-29,2381.276123046875,2785.0,2790.0,2780.0,2785.0,12600
2014-12-30,2406.927001953125,2815.0,2815.0,2785.0,2790.0,7600
2015-01-05,2406.927001953125,2815.0,2820.0,2795.0,2795.0,5000
2015-01-06,2347.07421875,2745.0,2790.0,2745.0,2790.0,1600
2015-01-07,2377.0009765625,2780.0,2780.0,2750.0,2750.0,1600
2015-01-08,2419.752685546875,2830.0,2850.0,2810.0,2820.0,10000
2015-01-09,2466.77978515625,2885.0,2900.0,2850.0,2850.0,13000
2015-01-13,2488.1552734375,2910.0,2925.0,2875.0,2925.0,8800
2015-01-14,2496.706298828125,2920.0,2945.0,2875.0,2945.0,4800
2015-01-15,2492.4306640625,2915.0,2925.0,2870.0,2920.0,11200
2015-01-16,2488.1552734375,2910.0,2910.0,2900.0,2900.0,5200
2015-01-19,2496.706298828125,2920.0,2920.0,2900.0,2910.0,6200
2015-01-20,2479.60498046875,2900.0,2935.0,2885.0,2935.0,4400
2015-01-21,2492.4306640625,2915.0,2915.0,2885.0,2895.0,19000
2015-01-22,2496.706298828125,2920.0,2920.0,2875.0,2875.0,3400
2015-01-23,2539.457763671875,2970.0,2970.0,2910.0,2950.0,15400
2015-01-26,2530.9072265625,2960.0,2980.0,2890.0,2955.0,9600
2015-01-27,2526.63232421875,2955.0,2980.0,2900.0,2960.0,9200
2015-01-28,2539.457763671875,2970.0,2985.0,2970.0,2975.0,3800
2015-01-29,2530.9072265625,2960.0,2980.0,2950.0,2950.0,2400
2015-01-30,2556.558837890625,2990.0,2990.0,2965.0,2980.0,4000
2015-02-02,2552.283447265625,2985.0,3035.0,2980.0,2990.0,9200
2015-02-03,2577.93408203125,3015.0,3015.0,2990.0,2990.0,800
2015-02-04,2535.182861328125,2965.0,3060.0,2965.0,3035.0,10200
2015-02-05,2556.558837890625,2990.0,2990.0,2935.0,2965.0,4600
2015-02-06,2560.833740234375,2995.0,2995.0,2975.0,2990.0,1800
2015-02-09,2569.384033203125,3005.0,3020.0,3000.0,3005.0,5600
2015-02-10,2569.384033203125,3005.0,3015.0,2990.0,3000.0,5600
2015-02-12,2556.558837890625,2990.0,3000.0,2970.0,2995.0,6400
2015-02-13,2573.658935546875,3010.0,3020.0,2970.0,2970.0,9600
2015-02-16,2565.108642578125,3000.0,3050.0,3000.0,3050.0,6600
2015-02-17,2535.182861328125,2965.0,2985.0,2965.0,2985.0,1200
2015-02-18,2535.182861328125,2965.0,3005.0,2950.0,3005.0,9400
2015-02-19,2522.357177734375,2950.0,3010.0,2920.0,2950.0,11000
2015-02-20,2548.00830078125,2980.0,2980.0,2945.0,2950.0,29600
2015-02-23,2535.182861328125,2965.0,3000.0,2950.0,3000.0,3800
2015-02-24,2565.108642578125,3000.0,3000.0,2950.0,2965.0,10200
2015-02-25,2569.384033203125,3005.0,3025.0,3000.0,3010.0,7200
2015-02-26,2582.209716796875,3020.0,3020.0,3000.0,3005.0,12200
2015-02-27,2565.108642578125,3000.0,3025.0,3000.0,3020.0,3800
2015-03-02,2577.93408203125,3015.0,3025.0,3000.0,3000.0,10800
2015-03-03,2552.283447265625,2985.0,3020.0,2985.0,2995.0,10600
2015-03-04,2552.283447265625,2985.0,3025.0,2965.0,2985.0,14400
2015-03-05,2539.457763671875,2970.0,2990.0,2940.0,2985.0,5400
2015-03-06,2522.357177734375,2950.0,2985.0,2930.0,2985.0,10200
2015-03-09,2513.806396484375,2940.0,2945.0,2915.0,2915.0,7600
2015-03-10,2539.457763671875,2970.0,3000.0,2940.0,2975.0,9200
2015-03-11,2522.357177734375,2950.0,2970.0,2945.0,2950.0,6200
2015-03-12,2565.108642578125,3000.0,3000.0,2950.0,2970.0,9400
2015-03-13,2577.93408203125,3015.0,3015.0,3000.0,3010.0,4800
2015-03-16,2595.03466796875,3035.0,3160.0,3005.0,3010.0,23200
2015-03-17,2624.96142578125,3070.0,3100.0,3025.0,3035.0,16800
2015-03-18,2624.96142578125,3070.0,3085.0,3040.0,3060.0,12400
2015-03-19,2650.61279296875,3100.0,3100.0,3045.0,3070.0,10000
2015-03-20,2650.61279296875,3100.0,3120.0,3075.0,3075.0,6000
2015-03-23,2650.61279296875,3100.0,3100.0,3055.0,3090.0,4600
2015-03-24,2654.8876953125,3105.0,3110.0,3085.0,3105.0,5400
2015-03-25,2620.68603515625,3065.0,3080.0,3065.0,3080.0,3000
2015-03-26,2616.4111328125,3060.0,3065.0,3050.0,3065.0,800
2015-03-27,2616.4111328125,3010.0,3010.0,2965.0,3000.0,3200
2015-03-30,2590.334228515625,2980.0,3010.0,2975.0,3010.0,6000
2015-03-31,2590.334228515625,2980.0,3030.0,2980.0,3030.0,13200
2015-04-01,2577.295166015625,2965.0,2975.0,2960.0,2975.0,2200
2015-04-02,2616.4111328125,3010.0,3010.0,2965.0,2965.0,5400
2015-04-03,2633.7958984375,3030.0,3060.0,3010.0,3060.0,5600
2015-04-06,2633.7958984375,3030.0,3130.0,3030.0,3130.0,4200
2015-04-07,2616.4111328125,3010.0,3030.0,3010.0,3030.0,5600
2015-04-08,2603.372314453125,2995.0,3025.0,2995.0,3010.0,3200
2015-04-09,2594.679931640625,2985.0,3040.0,2985.0,3040.0,1000
2015-04-10,2585.98779296875,2975.0,2980.0,2970.0,2975.0,1600
2015-04-13,2555.564208984375,2940.0,2965.0,2940.0,2960.0,6200
2015-04-14,2564.256591796875,2950.0,2950.0,2920.0,2940.0,4800
2015-04-15,2542.52587890625,2925.0,2950.0,2925.0,2950.0,4200
2015-04-16,2542.52587890625,2925.0,2930.0,2910.0,2925.0,3600
2015-04-17,2546.871826171875,2930.0,2950.0,2930.0,2950.0,3600
2015-04-20,2572.94921875,2960.0,2960.0,2930.0,2935.0,4200
2015-04-21,2590.334228515625,2980.0,2980.0,2950.0,2950.0,6800
2015-04-22,2599.0263671875,2990.0,2995.0,2980.0,2995.0,3000
2015-04-23,2646.83447265625,3045.0,3045.0,2990.0,2995.0,8400
2015-04-24,2607.718505859375,3000.0,3000.0,2975.0,3000.0,3400
2015-04-27,2585.98779296875,2975.0,3010.0,2960.0,3010.0,4400
2015-04-28,2577.295166015625,2965.0,3000.0,2965.0,2975.0,3800
2015-04-30,2577.295166015625,2965.0,2980.0,2935.0,2965.0,6800
2015-05-01,2542.52587890625,2925.0,2950.0,2920.0,2950.0,13800
2015-05-07,2529.487060546875,2910.0,2925.0,2905.0,2925.0,11200
2015-05-08,2555.564208984375,2940.0,2950.0,2925.0,2925.0,3400
2015-05-11,2559.91064453125,2945.0,2965.0,2940.0,2950.0,9000
2015-05-12,2568.602783203125,2955.0,2970.0,2945.0,2945.0,4000
2015-05-13,2585.98779296875,2975.0,2975.0,2955.0,2955.0,6200
2015-05-14,2620.757568359375,3015.0,3015.0,2980.0,2985.0,11000
2015-05-15,2707.681396484375,3115.0,3245.0,3010.0,3015.0,27800
2015-05-18,2811.990234375,3235.0,3235.0,3170.0,3175.0,14800
2015-05-19,2790.259033203125,3210.0,3265.0,3150.0,3250.0,18800
2015-05-20,2764.18212890625,3180.0,3250.0,3175.0,3210.0,13000
2015-05-21,2790.259033203125,3210.0,3225.0,3190.0,3200.0,9400
2015-05-22,2803.29736328125,3225.0,3225.0,3200.0,3210.0,5600
2015-05-25,2833.720947265625,3260.0,3260.0,3250.0,3250.0,4400
2015-05-26,2829.37451171875,3255.0,3260.0,3235.0,3260.0,7400
2015-05-27,2790.259033203125,3210.0,3265.0,3210.0,3255.0,21000
2015-05-28,2855.4521484375,3285.0,3285.0,3235.0,3235.0,17000
2015-05-29,2885.875244140625,3320.0,3350.0,3270.0,3295.0,16000
2015-06-01,2864.144287109375,3295.0,3310.0,3295.0,3300.0,5400
2015-06-02,2868.49072265625,3300.0,3310.0,3295.0,3300.0,7400
2015-06-03,2938.030029296875,3380.0,3390.0,3295.0,3300.0,12800
2015-06-04,2968.453125,3415.0,3440.0,3375.0,3385.0,5200
2015-06-05,2972.799072265625,3420.0,3435.0,3315.0,3365.0,16400
2015-06-08,2998.876220703125,3450.0,3460.0,3435.0,3435.0,14400
2015-06-09,2898.9140625,3335.0,3470.0,3325.0,3425.0,7400
2015-06-10,2920.644775390625,3360.0,3380.0,3310.0,3315.0,3600
2015-06-11,2924.990966796875,3365.0,3400.0,3355.0,3400.0,3200
2015-06-12,2955.41455078125,3400.0,3440.0,3365.0,3440.0,4000
2015-06-15,2972.799072265625,3420.0,3450.0,3400.0,3445.0,4600
2015-06-16,2933.683837890625,3375.0,3465.0,3370.0,3460.0,6200
2015-06-17,2924.990966796875,3365.0,3380.0,3335.0,3360.0,9000
2015-06-18,2942.3759765625,3385.0,3385.0,3365.0,3365.0,3200
2015-06-19,2898.9140625,3335.0,3385.0,3335.0,3375.0,5800
2015-06-22,2924.990966796875,3365.0,3375.0,3345.0,3345.0,600
2015-06-23,2938.030029296875,3380.0,3385.0,3350.0,3370.0,6600
2015-06-24,2938.030029296875,3380.0,3385.0,3365.0,3375.0,7200
2015-06-25,2933.683837890625,3375.0,3380.0,3375.0,3375.0,5400
2015-06-26,2946.72216796875,3390.0,3390.0,3375.0,3375.0,13800
2015-06-29,2898.9140625,3335.0,3385.0,3310.0,3385.0,3200
2015-06-30,2859.79833984375,3290.0,3295.0,3235.0,3295.0,9400
2015-07-01,2907.6064453125,3345.0,3350.0,3310.0,3315.0,5800
2015-07-02,2911.95263671875,3350.0,3450.0,3350.0,3450.0,6200
2015-07-03,2881.529296875,3315.0,3350.0,3315.0,3350.0,1600
2015-07-06,2868.49072265625,3300.0,3320.0,3290.0,3315.0,3400
2015-07-07,2811.990234375,3235.0,3355.0,3205.0,3305.0,6000
2015-07-08,2672.91162109375,3075.0,3255.0,3075.0,3210.0,14600
2015-07-09,2659.873291015625,3060.0,3060.0,3000.0,3010.0,6000
2015-07-10,2694.642822265625,3100.0,3155.0,3080.0,3085.0,3000
2015-07-13,2781.56689453125,3200.0,3200.0,3195.0,3200.0,2200
2015-07-14,2859.79833984375,3290.0,3290.0,3200.0,3200.0,11200
2015-07-15,2894.567626953125,3330.0,3385.0,3305.0,3385.0,14600
2015-07-16,2903.26025390625,3340.0,3350.0,3310.0,3330.0,7800
2015-07-17,2916.298583984375,3355.0,3355.0,3325.0,3340.0,7600
2015-07-21,2924.990966796875,3365.0,3365.0,3350.0,3355.0,6200
2015-07-22,2894.567626953125,3330.0,3365.0,3320.0,3365.0,2200
2015-07-23,2890.221435546875,3325.0,3335.0,3290.0,3330.0,5800
2015-07-24,2838.0673828125,3265.0,3325.0,3265.0,3285.0,5000
2015-07-27,2838.0673828125,3265.0,3275.0,3265.0,3275.0,2000
2015-07-28,2881.529296875,3315.0,3315.0,3265.0,3265.0,7200
2015-07-29,2838.0673828125,3265.0,3265.0,3250.0,3265.0,4200
2015-07-30,2829.37451171875,3255.0,3255.0,3235.0,3250.0,800
2015-07-31,2864.144287109375,3295.0,3300.0,3250.0,3300.0,5200
2015-08-03,2846.759521484375,3275.0,3310.0,3275.0,3290.0,2600
2015-08-04,2855.4521484375,3285.0,3305.0,3275.0,3275.0,6000
2015-08-05,2877.182861328125,3310.0,3325.0,3285.0,3285.0,9800
2015-08-06,2890.221435546875,3325.0,3340.0,3325.0,3325.0,7600
2015-08-07,2838.0673828125,3265.0,3345.0,3250.0,3295.0,6600
2015-08-10,2755.4892578125,3170.0,3265.0,3150.0,3215.0,12200
2015-08-11,2651.180908203125,3050.0,3160.0,3050.0,3150.0,23400
2015-08-12,2572.94921875,2960.0,3085.0,2960.0,3030.0,14800
2015-08-13,2533.83349609375,2915.0,3030.0,2875.0,2975.0,15400
2015-08-14,2616.4111328125,3010.0,3015.0,2950.0,2950.0,5000
2015-08-17,2607.718505859375,3000.0,3045.0,2965.0,3025.0,10200
2015-08-18,2620.757568359375,3015.0,3030.0,2980.0,3010.0,8800
2015-08-19,2646.83447265625,3045.0,3055.0,3015.0,3015.0,6400
2015-08-20,2568.602783203125,2955.0,3045.0,2950.0,3045.0,9400
2015-08-21,2516.448486328125,2895.0,3005.0,2890.0,3005.0,6200
2015-08-24,2425.178466796875,2790.0,2850.0,2765.0,2765.0,3400
2015-08-25,2355.63916015625,2710.0,2770.0,2525.0,2740.0,9200
2015-08-26,2390.40869140625,2750.0,2775.0,2715.0,2750.0,3600
2015-08-27,2420.832275390625,2785.0,2900.0,2735.0,2900.0,19400
2015-08-28,2486.025146484375,2860.0,3085.0,2845.0,3085.0,8600
2015-08-31,2559.91064453125,2945.0,2960.0,2860.0,2860.0,1200
2015-09-01,2477.3330078125,2850.0,2925.0,2850.0,2925.0,2400
2015-09-02,2390.40869140625,2750.0,2850.0,2700.0,2705.0,7600
2015-09-03,2412.14013671875,2775.0,2850.0,2725.0,2725.0,3000
2015-09-04,2390.40869140625,2750.0,2815.0,2690.0,2765.0,10000
2015-09-07,2364.331787109375,2720.0,2990.0,2650.0,2990.0,15200
2015-09-08,2416.486083984375,2780.0,2780.0,2680.0,2720.0,2000
2015-09-09,2559.91064453125,2945.0,2945.0,2820.0,2820.0,6600
2015-09-10,2607.718505859375,3000.0,3040.0,2850.0,2895.0,15000
2015-09-11,2651.180908203125,3050.0,3050.0,3015.0,3015.0,47000
2015-09-14,2759.8359375,3175.0,3175.0,3005.0,3075.0,32000
2015-09-15,2755.4892578125,3170.0,3220.0,3075.0,3220.0,6000
2015-09-16,2781.56689453125,3200.0,3205.0,3200.0,3200.0,800
2015-09-17,2764.18212890625,3180.0,3200.0,3100.0,3150.0,2000
2015-09-18,2707.681396484375,3115.0,3180.0,3095.0,3180.0,4600
2015-09-24,2512.10205078125,2890.0,2940.0,2880.0,2880.0,7800
2015-09-25,2503.409912109375,2880.0,2930.0,2850.0,2895.0,4600
2015-09-28,2555.564208984375,2940.0,2945.0,2880.0,2880.0,3000
2015-09-29,2516.448486328125,2895.0,2990.0,2895.0,2945.0,6400
2015-09-30,2520.794677734375,2900.0,2945.0,2900.0,2905.0,1600
2015-10-01,2542.52587890625,2925.0,2950.0,2925.0,2950.0,400
2015-10-02,2451.25537109375,2820.0,2840.0,2800.0,2825.0,5400
2015-10-05,2442.5634765625,2810.0,2835.0,2805.0,2825.0,3400
2015-10-06,2468.640380859375,2840.0,2895.0,2820.0,2820.0,2200
2015-10-07,2494.7177734375,2870.0,2870.0,2830.0,2840.0,1800
2015-10-08,2520.794677734375,2900.0,2900.0,2855.0,2870.0,600
2015-10-09,2555.564208984375,2940.0,2940.0,2865.0,2870.0,4200
2015-10-13,2607.718505859375,3000.0,3000.0,2950.0,2950.0,2600
2015-10-14,2603.372314453125,2995.0,2995.0,2965.0,2965.0,800
2015-10-15,2672.91162109375,3075.0,3075.0,2955.0,3045.0,4800
2015-10-16,2642.48828125,3040.0,3075.0,3000.0,3040.0,9400
2015-10-19,2672.91162109375,3075.0,3075.0,3070.0,3075.0,2400
2015-10-20,2694.642822265625,3100.0,3100.0,3100.0,3100.0,200
2015-10-21,2620.757568359375,3015.0,3095.0,3015.0,3050.0,1400
2015-10-22,2646.83447265625,3045.0,3065.0,3045.0,3065.0,400
2015-10-23,2672.91162109375,3075.0,3085.0,3065.0,3085.0,1000
2015-10-26,2651.180908203125,3050.0,3050.0,3000.0,3000.0,4600
2015-10-27,2629.44970703125,3025.0,3050.0,3015.0,3050.0,800
2015-10-28,2651.180908203125,3050.0,3050.0,3050.0,3050.0,200
2015-10-29,2703.335205078125,3110.0,3110.0,3045.0,3050.0,2800
2015-10-30,2742.451171875,3155.0,3155.0,3110.0,3110.0,2800
2015-11-02,2738.1044921875,3150.0,3155.0,3145.0,3155.0,4000
2015-11-04,2733.758544921875,3145.0,3160.0,3145.0,3160.0,400
2015-11-05,2672.91162109375,3075.0,3125.0,3075.0,3095.0,1400
2015-11-06,2651.180908203125,3050.0,3075.0,3050.0,3075.0,800
2015-11-09,2642.48828125,3040.0,3075.0,3000.0,3050.0,12800
2015-11-10,2594.679931640625,2985.0,3050.0,2970.0,3000.0,3000
2015-11-11,2538.179931640625,2920.0,2960.0,2915.0,2940.0,5000
2015-11-12,2525.14111328125,2905.0,2915.0,2895.0,2905.0,8400
2015-11-13,2455.6015625,2825.0,2915.0,2755.0,2905.0,9200
2015-11-16,2442.5634765625,2810.0,2830.0,2780.0,2795.0,5200
2015-11-17,2438.217041015625,2805.0,2830.0,2790.0,2795.0,7000
2015-11-18,2416.486083984375,2780.0,2810.0,2780.0,2805.0,6000
2015-11-19,2416.486083984375,2780.0,2870.0,2760.0,2790.0,11800
2015-11-20,2433.870361328125,2800.0,2870.0,2800.0,2870.0,8200
2015-11-24,2364.331787109375,2720.0,2805.0,2685.0,2805.0,17800
2015-11-25,2351.293212890625,2705.0,2735.0,2700.0,2710.0,5000
2015-11-26,2386.062744140625,2745.0,2745.0,2675.0,2695.0,13800
2015-11-27,2351.293212890625,2705.0,2745.0,2690.0,2725.0,8800
2015-11-30,2303.48486328125,2650.0,2775.0,2650.0,2715.0,16800
2015-12-01,2307.830810546875,2655.0,2675.0,2650.0,2670.0,28000
2015-12-02,2299.138916015625,2645.0,2675.0,2645.0,2675.0,33000
2015-12-03,2303.48486328125,2650.0,2675.0,2625.0,2640.0,17800
2015-12-04,2268.71533203125,2610.0,2620.0,2600.0,2620.0,23200
2015-12-07,2225.25341796875,2560.0,2645.0,2560.0,2625.0,23000
2015-12-08,2216.561279296875,2550.0,2590.0,2540.0,2590.0,11200
2015-12-09,2225.25341796875,2560.0,2570.0,2550.0,2570.0,4200
2015-12-10,2160.060302734375,2485.0,2550.0,2400.0,2550.0,65800
2015-12-11,2181.791259765625,2510.0,2535.0,2510.0,2520.0,7000
2015-12-14,2155.714111328125,2480.0,2545.0,2477.5,2530.0,10200
2015-12-15,2099.213623046875,2415.0,2452.5,2355.0,2452.5,27200
2015-12-16,2120.944580078125,2440.0,2485.0,2417.5,2417.5,8800
2015-12-17,2138.329345703125,2460.0,2520.0,2440.0,2440.0,9200
2015-12-18,2112.251953125,2430.0,2485.0,2430.0,2465.0,11000
2015-12-21,2125.291015625,2445.0,2465.0,2425.0,2465.0,7400
2015-12-22,2136.15625,2457.5,2485.0,2450.0,2472.5,4600
2015-12-24,2166.57958984375,2492.5,2500.0,2470.0,2470.0,4600
2015-12-25,2166.57958984375,2492.5,2492.5,2492.5,2492.5,0
2015-12-28,2220.9072265625,2555.0,2605.0,2505.0,2605.0,2400
2015-12-29,2225.25341796875,2560.0,2570.0,2510.0,2510.0,2200
2015-12-30,2238.292236328125,2575.0,2575.0,2550.0,2550.0,2400
2016-01-04,2225.25341796875,2560.0,2575.0,2540.0,2570.0,3800
2016-01-05,2220.9072265625,2555.0,2570.0,2550.0,2550.0,4000
2016-01-06,2190.483642578125,2520.0,2575.0,2510.0,2560.0,10000
2016-01-07,2170.92578125,2497.5,2497.5,2422.5,2470.0,13000
2016-01-08,2142.67578125,2465.0,2490.0,2462.5,2462.5,3400
2016-01-12,2142.67578125,2465.0,2472.5,2407.5,2412.5,7800
2016-01-13,2170.92578125,2497.5,2545.0,2472.5,2472.5,6400
2016-01-14,2099.213623046875,2415.0,2475.0,2405.0,2475.0,12400
2016-01-15,2014.4630126953125,2317.5,2432.5,2312.5,2410.0,11000
2016-01-18,1979.693115234375,2277.5,2360.0,2277.5,2317.5,4000
2016-01-19,1968.8275146484373,2265.0,2310.0,2265.0,2302.5,6600
2016-01-20,1940.577392578125,2232.5,2330.0,2222.5,2265.0,9000
2016-01-21,1881.903564453125,2165.0,2202.5,2157.5,2197.5,8200
2016-01-22,2025.3280029296875,2330.0,2372.5,2302.5,2305.0,7000
2016-01-25,2086.1748046875,2400.0,2437.5,2400.0,2400.0,4800
2016-01-26,2120.944580078125,2440.0,2472.5,2435.0,2472.5,10400
2016-01-27,2129.636962890625,2450.0,2495.0,2420.0,2490.0,6000
2016-01-28,2090.521240234375,2405.0,2485.0,2405.0,2450.0,6600
2016-01-29,2077.482421875,2390.0,2405.0,2375.0,2405.0,8400
2016-02-01,2066.6171875,2377.5,2425.0,2377.5,2425.0,3400
2016-02-02,2040.5399169921875,2347.5,2417.5,2335.0,2390.0,7400
2016-02-03,1999.2510986328125,2300.0,2347.5,2260.0,2347.5,10800
2016-02-04,1968.8275146484373,2265.0,2340.0,2265.0,2307.5,4800
2016-02-05,1999.2510986328125,2300.0,2300.0,2265.0,2265.0,1200
2016-02-08,2049.232177734375,2357.5,2357.5,2250.0,2260.0,6000
2016-02-09,1968.8275146484373,2265.0,2315.0,2250.0,2315.0,1800
2016-02-10,1877.5574951171875,2160.0,2250.0,2140.0,2250.0,3200
2016-02-12,1762.3831787109375,2027.5,2147.5,2000.0,2147.5,11600
2016-02-15,1847.134033203125,2125.0,2147.5,2090.0,2090.0,5000
2016-02-16,1868.864990234375,2150.0,2160.0,2117.5,2125.0,5000
2016-02-17,1934.0579833984373,2225.0,2260.0,2140.0,2150.0,11400
2016-02-18,1899.28857421875,2185.0,2300.0,2185.0,2300.0,4600
2016-02-19,1849.3072509765625,2127.5,2140.0,2117.5,2140.0,3800
2016-02-22,1816.7108154296875,2090.0,2117.5,2090.0,2100.0,3800
2016-02-23,1775.4219970703125,2042.5,2082.5,2042.5,2082.5,4600
2016-02-24,1792.8065185546875,2062.5,2062.5,2042.5,2042.5,5400
2016-02-25,1864.5189208984373,2145.0,2145.0,2075.0,2082.5,11000
2016-02-26,1873.21142578125,2155.0,2167.5,2130.0,2135.0,2800
2016-02-29,1951.44287109375,2245.0,2245.0,2155.0,2155.0,3800
2016-03-01,1964.4813232421875,2260.0,2285.0,2210.0,2225.0,5800
2016-03-02,1981.8663330078125,2280.0,2342.5,2265.0,2297.5,6000
2016-03-03,1984.0394287109373,2282.5,2350.0,2282.5,2295.0,3800
2016-03-04,1990.558349609375,2290.0,2292.5,2270.0,2270.0,17800
2016-03-07,1964.4813232421875,2260.0,2307.5,2250.0,2290.0,15000
2016-03-08,1981.8663330078125,2280.0,2285.0,2260.0,2260.0,16200
2016-03-09,1984.0394287109373,2282.5,2305.0,2282.5,2305.0,800
2016-03-10,2010.116455078125,2312.5,2335.0,2290.0,2290.0,3200
2016-03-11,2129.636962890625,2450.0,2497.5,2322.5,2322.5,5200
2016-03-14,2173.0986328125,2500.0,2515.0,2477.5,2505.0,2600
2016-03-15,2129.636962890625,2450.0,2550.0,2450.0,2550.0,8400
2016-03-16,2044.8861083984373,2352.5,2450.0,2352.5,2450.0,6800
2016-03-17,2103.559814453125,2420.0,2450.0,2420.0,2420.0,1200
2016-03-18,2144.848388671875,2467.5,2467.5,2455.0,2455.0,9000
2016-03-22,2194.830078125,2525.0,2525.0,2447.5,2472.5,9400
2016-03-23,2086.1748046875,2400.0,2510.0,2397.5,2510.0,7400
2016-03-24,2057.9248046875,2367.5,2377.5,2357.5,2377.5,800
2016-03-25,2090.521240234375,2405.0,2405.0,2375.0,2375.0,1200
2016-03-28,2086.1748046875,2400.0,2400.0,2400.0,2400.0,200
2016-03-29,2121.8359375,2380.0,2397.5,2340.0,2340.0,1000
2016-03-30,2099.5478515625,2355.0,2355.0,2332.5,2332.5,1200
2016-03-31,2130.751220703125,2390.0,2390.0,2375.0,2375.0,400
2016-04-01,2075.03076171875,2327.5,2415.0,2327.5,2415.0,1400
2016-04-04,2032.6832275390625,2280.0,2317.5,2280.0,2317.5,3000
2016-04-05,2032.6832275390625,2280.0,2280.0,2280.0,2280.0,200
2016-04-06,2041.5987548828125,2290.0,2300.0,2245.0,2280.0,3600
2016-04-07,2034.9122314453125,2282.5,2315.0,2280.0,2300.0,2600
2016-04-08,2019.3104248046875,2265.0,2287.5,2255.0,2255.0,5800
2016-04-11,2037.140869140625,2285.0,2295.0,2285.0,2292.5,2000
2016-04-12,2046.05615234375,2295.0,2295.0,2295.0,2295.0,800
2016-04-13,2054.971435546875,2305.0,2305.0,2302.5,2305.0,600
2016-04-14,2108.46337890625,2365.0,2365.0,2315.0,2315.0,2200
2016-04-15,2095.090576171875,2350.0,2415.0,2350.0,2385.0,4600
2016-04-18,2128.5224609375,2387.5,2400.0,2375.0,2375.0,1200
2016-04-19,2068.34423828125,2320.0,2437.5,2320.0,2437.5,3600
2016-04-20,2135.208740234375,2395.0,2410.0,2310.0,2310.0,6000
2016-04-21,2141.8955078125,2402.5,2430.0,2380.0,2395.0,1800
2016-04-22,2095.090576171875,2350.0,2372.5,2337.5,2367.5,3200
2016-04-25,2117.37841796875,2375.0,2420.0,2375.0,2420.0,1400
2016-04-26,2117.37841796875,2375.0,2375.0,2375.0,2375.0,400
2016-04-27,2086.1748046875,2340.0,2375.0,2335.0,2350.0,4200
2016-04-28,2086.1748046875,2340.0,2340.0,2340.0,2340.0,0
2016-05-02,2032.6832275390625,2280.0,2312.5,2265.0,2265.0,4400
2016-05-06,2019.3104248046875,2265.0,2307.5,2265.0,2280.0,5800
2016-05-09,2010.3948974609373,2255.0,2300.0,2247.5,2265.0,6200
2016-05-10,2072.80224609375,2325.0,2325.0,2257.5,2275.0,25800
2016-05-11,2043.8272705078125,2292.5,2337.5,2262.5,2337.5,6600
2016-05-12,2014.8525390625,2260.0,2300.0,2260.0,2300.0,4200
2016-05-13,2041.5987548828125,2290.0,2295.0,2257.5,2295.0,6800
2016-05-16,2213.21728515625,2482.5,2500.0,2360.0,2360.0,8800
2016-05-17,2182.01416015625,2447.5,2500.0,2440.0,2500.0,4800
2016-05-18,2161.95458984375,2425.0,2450.0,2425.0,2450.0,1000
2016-05-19,2132.980224609375,2392.5,2392.5,2392.5,2392.5,600
2016-05-20,2126.29345703125,2385.0,2392.5,2375.0,2392.5,1000
2016-05-23,2139.66650390625,2400.0,2420.0,2350.0,2420.0,1800
2016-05-24,2095.090576171875,2350.0,2400.0,2330.0,2400.0,1800
2016-05-25,2070.5732421875,2322.5,2350.0,2320.0,2350.0,2600
2016-05-26,2092.861572265625,2347.5,2347.5,2325.0,2325.0,800
2016-05-27,2066.11572265625,2317.5,2347.5,2317.5,2347.5,400
2016-05-30,2066.11572265625,2317.5,2317.5,2307.5,2317.5,800
2016-05-31,2050.51416015625,2300.0,2320.0,2300.0,2315.0,6200
2016-06-01,2034.9122314453125,2282.5,2322.5,2275.0,2317.5,4000
2016-06-02,2030.45458984375,2277.5,2312.5,2277.5,2312.5,400
2016-06-03,2028.2255859375,2275.0,2297.5,2275.0,2277.5,1400
2016-06-06,2012.6241455078125,2257.5,2300.0,2237.5,2297.5,6600
2016-06-07,2010.3948974609373,2255.0,2310.0,2255.0,2282.5,3600
2016-06-08,2028.2255859375,2275.0,2275.0,2230.0,2250.0,4000
2016-06-09,2028.2255859375,2275.0,2275.0,2250.0,2260.0,1400
2016-06-10,2012.6241455078125,2257.5,2277.5,2257.5,2275.0,9200
2016-06-13,2030.45458984375,2277.5,2277.5,2260.0,2267.5,4600
2016-06-14,2050.51416015625,2300.0,2302.5,2267.5,2270.0,7600
2016-06-15,2052.74267578125,2302.5,2370.0,2300.0,2370.0,5400
2016-06-16,1943.5306396484373,2180.0,2302.5,2180.0,2302.5,1200
2016-06-17,1927.9288330078125,2162.5,2205.0,2162.5,2180.0,5800
2016-06-20,1930.1575927734373,2165.0,2197.5,2162.5,2197.5,9400
2016-06-21,1925.699951171875,2160.0,2175.0,2160.0,2165.0,2200
2016-06-22,1903.4117431640625,2135.0,2185.0,2127.5,2185.0,10800
2016-06-23,1912.3271484375,2145.0,2145.0,2135.0,2135.0,5000
2016-06-24,1914.5556640625,2147.5,2190.0,2125.0,2190.0,6200
2016-06-27,1916.7845458984373,2150.0,2150.0,2130.0,2130.0,1200
2016-06-28,1872.208251953125,2100.0,2150.0,2100.0,2150.0,2400
2016-06-29,1863.2930908203125,2090.0,2100.0,2090.0,2100.0,400
2016-06-30,1841.0048828125,2065.0,2090.0,2060.0,2060.0,1800
2016-07-01,1841.0048828125,2065.0,2120.0,2065.0,2100.0,6400
2016-07-04,1856.6065673828125,2082.5,2097.5,2075.0,2085.0,2200
2016-07-05,1858.8353271484373,2085.0,2100.0,2072.5,2100.0,1600
2016-07-06,1892.2677001953125,2122.5,2155.0,2060.0,2085.0,9600
2016-07-07,1807.5723876953125,2027.5,2097.5,2025.0,2095.0,5600
2016-07-08,1814.259033203125,2035.0,2057.5,2030.0,2045.0,1200
2016-07-11,1814.259033203125,2035.0,2035.0,2035.0,2035.0,0
2016-07-12,1849.9200439453125,2075.0,2075.0,2055.0,2075.0,3200
2016-07-13,1867.75048828125,2095.0,2100.0,2072.5,2072.5,6800
2016-07-14,1876.666015625,2105.0,2140.0,2100.0,2100.0,6800
2016-07-15,1934.6153564453125,2170.0,2240.0,2170.0,2170.0,12600
2016-07-19,1885.5811767578125,2115.0,2237.5,2100.0,2237.5,7000
2016-07-20,1974.7337646484373,2215.0,2215.0,2125.0,2150.0,5600
2016-07-21,1999.2508544921875,2242.5,2265.0,2180.0,2265.0,3000
2016-07-22,1947.9881591796875,2185.0,2247.5,2147.5,2247.5,3200
2016-07-25,1981.4205322265625,2222.5,2250.0,2215.0,2250.0,8200
2016-07-26,2005.937255859375,2250.0,2250.0,2210.0,2250.0,5000
2016-07-27,2010.3948974609373,2255.0,2270.0,2247.5,2270.0,5000
2016-07-28,1988.1070556640625,2230.0,2230.0,2202.5,2220.0,2800
2016-07-29,2005.937255859375,2250.0,2250.0,2247.5,2247.5,2800
2016-08-02,2005.937255859375,2250.0,2250.0,2202.5,2202.5,1000
2016-08-03,2005.937255859375,2250.0,2250.0,2250.0,2250.0,0
2016-08-04,2001.479736328125,2245.0,2245.0,2210.0,2210.0,800
2016-08-05,2001.479736328125,2245.0,2250.0,2245.0,2245.0,4800
2016-08-08,2001.479736328125,2245.0,2247.5,2237.5,2247.5,1000
2016-08-09,1963.58984375,2202.5,2210.0,2140.0,2210.0,2600
2016-08-10,2001.479736328125,2245.0,2245.0,2200.0,2200.0,1200
2016-08-12,2005.937255859375,2250.0,2250.0,2245.0,2250.0,2600
2016-08-15,2001.479736328125,2245.0,2250.0,2242.5,2250.0,4600
2016-08-16,1945.75927734375,2182.5,2217.5,2182.5,2217.5,600
2016-08-17,1903.4117431640625,2135.0,2160.0,2130.0,2160.0,2000
2016-08-18,1869.9793701171875,2097.5,2125.0,2097.5,2125.0,1000
2016-08-19,1903.4117431640625,2135.0,2135.0,2125.0,2130.0,1000
2016-08-22,1874.43701171875,2102.5,2120.0,2092.5,2095.0,5400
2016-08-23,1872.208251953125,2100.0,2112.5,2097.5,2097.5,3000
2016-08-24,1892.2677001953125,2122.5,2122.5,2097.5,2097.5,3000
2016-08-25,1841.0048828125,2065.0,2137.5,2065.0,2137.5,4800
2016-08-26,1827.6319580078125,2050.0,2070.0,2037.5,2067.5,2800
2016-08-29,1890.0386962890625,2120.0,2137.5,2100.0,2100.0,1200
2016-08-30,1852.14892578125,2077.5,2087.5,2077.5,2087.5,800
2016-08-31,1943.5306396484373,2180.0,2180.0,2055.0,2055.0,2400
2016-09-01,1780.82666015625,1997.5,2170.0,1985.0,2145.0,21800
2016-09-02,1861.06396484375,2087.5,2112.5,2027.5,2027.5,26400
2016-09-05,1856.6065673828125,2082.5,2082.5,2062.5,2065.0,14200
2016-09-06,1834.318359375,2057.5,2102.5,2052.5,2072.5,11800
2016-09-07,1872.208251953125,2100.0,2100.0,2055.0,2060.0,13200
2016-09-08,1903.4117431640625,2135.0,2135.0,2065.0,2065.0,5600
2016-09-09,1876.666015625,2105.0,2132.5,2067.5,2100.0,12200
2016-09-12,1883.352294921875,2112.5,2150.0,2105.0,2147.5,15000
2016-09-13,1872.208251953125,2100.0,2127.5,2100.0,2120.0,8200
2016-09-14,1872.208251953125,2100.0,2125.0,2070.0,2125.0,11200
2016-09-15,1856.6065673828125,2082.5,2097.5,2060.0,2072.5,22400
2016-09-16,1934.6153564453125,2170.0,2180.0,2082.5,2082.5,14800
2016-09-20,1972.5052490234373,2212.5,2322.5,2170.0,2170.0,58200
2016-09-21,1972.5052490234373,2212.5,2297.5,2212.5,2212.5,17200
2016-09-23,2014.8525390625,2260.0,2292.5,2247.5,2247.5,25000
2016-09-26,1947.9881591796875,2185.0,2245.0,2177.5,2245.0,3400
2016-09-27,1945.75927734375,2182.5,2210.0,2157.5,2160.0,1200
2016-09-28,1956.9033203125,2195.0,2250.0,2180.0,2180.0,5400
2016-09-29,1981.4205322265625,2222.5,2240.0,2195.0,2195.0,2400
2016-09-30,2037.140869140625,2285.0,2287.5,2230.0,2230.0,18800
2016-10-03,2144.1240234375,2405.0,2435.0,2310.0,2310.0,28200
2016-10-04,2186.471923828125,2452.5,2485.0,2442.5,2467.5,58200
2016-10-05,2155.268310546875,2417.5,2475.0,2400.0,2472.5,30200
2016-10-06,2204.302490234375,2472.5,2485.0,2420.0,2422.5,17400
2016-10-07,2204.302490234375,2472.5,2510.0,2447.5,2447.5,29000
2016-10-11,2268.938232421875,2545.0,2550.0,2485.0,2485.0,15400
2016-10-12,2264.480712890625,2540.0,2560.0,2510.0,2545.0,30200
2016-10-13,2208.760009765625,2477.5,2540.0,2477.5,2540.0,34400
2016-10-14,2224.36181640625,2495.0,2555.0,2445.0,2447.5,36400
2016-10-17,2277.853271484375,2555.0,2565.0,2505.0,2525.0,23400
2016-10-18,2317.971923828125,2600.0,2620.0,2565.0,2585.0,21400
2016-10-19,2349.175537109375,2635.0,2695.0,2635.0,2650.0,11600
2016-10-20,2260.0224609375,2535.0,2675.0,2520.0,2670.0,34600
2016-10-21,2137.437744140625,2397.5,2500.0,2380.0,2500.0,12400
2016-10-24,2166.412841796875,2430.0,2445.0,2405.0,2430.0,9000
2016-10-25,2155.268310546875,2417.5,2462.5,2415.0,2435.0,12600
2016-10-26,2184.242919921875,2450.0,2455.0,2417.5,2417.5,4000
2016-10-27,2213.21728515625,2482.5,2490.0,2475.0,2477.5,8600
2016-10-28,2206.53125,2475.0,2535.0,2440.0,2525.0,18800
2016-10-31,2177.556396484375,2442.5,2510.0,2430.0,2450.0,8000
2016-11-01,2157.497314453125,2420.0,2447.5,2407.5,2442.5,4000
2016-11-02,2126.29345703125,2385.0,2450.0,2377.5,2450.0,4400
2016-11-04,2146.353271484375,2407.5,2452.5,2335.0,2345.0,14200
2016-11-07,2148.581787109375,2410.0,2425.0,2402.5,2407.5,1600
2016-11-08,2137.437744140625,2397.5,2450.0,2385.0,2450.0,3000
2016-11-09,2088.40380859375,2342.5,2400.0,2337.5,2400.0,14000
2016-11-10,2150.81103515625,2412.5,2425.0,2400.0,2425.0,5400
2016-11-11,2128.5224609375,2387.5,2465.0,2387.5,2432.5,35400
2016-11-14,2175.32763671875,2440.0,2450.0,2387.5,2387.5,3800
2016-11-15,2021.5391845703125,2267.5,2492.5,2220.0,2492.5,53000
2016-11-16,2070.5732421875,2322.5,2372.5,2317.5,2317.5,37600
2016-11-17,2099.5478515625,2355.0,2375.0,2332.5,2332.5,5200
2016-11-18,2099.5478515625,2355.0,2390.0,2332.5,2390.0,25000
2016-11-21,2052.74267578125,2302.5,2365.0,2302.5,2365.0,24800
2016-11-22,2086.1748046875,2340.0,2350.0,2307.5,2310.0,12600
2016-11-24,2097.319091796875,2352.5,2365.0,2347.5,2365.0,9200
2016-11-25,2057.200439453125,2307.5,2355.0,2307.5,2350.0,15600
2016-11-28,2057.200439453125,2307.5,2357.5,2305.0,2320.0,22200
2016-11-29,2066.11572265625,2317.5,2342.5,2312.5,2342.5,16600
2016-11-30,2057.200439453125,2307.5,2357.5,2307.5,2335.0,88000
2016-12-01,2070.5732421875,2322.5,2350.0,2250.0,2307.5,88200
2016-12-02,2291.226318359375,2570.0,2575.0,2302.5,2302.5,44400
2016-12-05,2295.68408203125,2575.0,2575.0,2505.0,2520.0,14400
2016-12-06,2219.904052734375,2490.0,2555.0,2440.0,2525.0,13800
2016-12-07,2168.64111328125,2432.5,2485.0,2410.0,2482.5,14400
2016-12-08,2115.149658203125,2372.5,2430.0,2367.5,2402.5,15600
2016-12-09,2117.37841796875,2375.0,2410.0,2375.0,2375.0,8200
2016-12-12,2208.760009765625,2477.5,2565.0,2410.0,2410.0,4600
2016-12-13,2358.091064453125,2645.0,2645.0,2510.0,2555.0,12800
2016-12-14,2313.51416015625,2595.0,2615.0,2560.0,2590.0,17000
2016-12-15,2398.209716796875,2690.0,2695.0,2500.0,2560.0,23800
2016-12-16,2384.836669921875,2675.0,2720.0,2615.0,2700.0,8200
2016-12-19,2317.971923828125,2600.0,2640.0,2565.0,2640.0,4200
2016-12-20,2277.853271484375,2555.0,2600.0,2550.0,2600.0,3800
2016-12-21,2291.226318359375,2570.0,2615.0,2530.0,2530.0,11800
2016-12-22,2286.768798828125,2565.0,2600.0,2540.0,2595.0,9600
2016-12-26,2255.56494140625,2530.0,2575.0,2500.0,2575.0,5400
2016-12-27,2242.192138671875,2515.0,2515.0,2515.0,2515.0,800
2016-12-28,2242.192138671875,2515.0,2555.0,2515.0,2515.0,2000
2016-12-29,2251.107666015625,2525.0,2525.0,2520.0,2520.0,800
2016-12-30,2273.39599609375,2550.0,2550.0,2525.0,2525.0,2800
2017-01-04,2277.853271484375,2555.0,2570.0,2530.0,2570.0,3600
2017-01-05,2273.39599609375,2550.0,2575.0,2550.0,2575.0,400
2017-01-06,2273.39599609375,2550.0,2570.0,2550.0,2570.0,1000
2017-01-10,2291.226318359375,2570.0,2590.0,2520.0,2565.0,13400
2017-01-11,2340.260498046875,2625.0,2625.0,2570.0,2570.0,4200
2017-01-12,2322.429931640625,2605.0,2655.0,2600.0,2630.0,6200
2017-01-13,2331.344970703125,2615.0,2625.0,2600.0,2625.0,4200
2017-01-16,2331.344970703125,2615.0,2665.0,2595.0,2665.0,3200
2017-01-17,2335.802490234375,2620.0,2645.0,2620.0,2630.0,4800
2017-01-18,2340.260498046875,2625.0,2625.0,2600.0,2610.0,3000
2017-01-19,2340.260498046875,2625.0,2650.0,2570.0,2650.0,8800
2017-01-20,2362.548583984375,2650.0,2685.0,2615.0,2685.0,6200
2017-01-23,2362.548583984375,2650.0,2650.0,2650.0,2650.0,200
2017-01-24,2393.752197265625,2685.0,2685.0,2650.0,2685.0,2000
2017-01-25,2393.752197265625,2685.0,2685.0,2635.0,2685.0,5200
2017-01-26,2317.971923828125,2600.0,2650.0,2600.0,2650.0,3600
2017-01-27,2300.1416015625,2580.0,2615.0,2550.0,2610.0,11600
2017-01-30,2322.429931640625,2605.0,2605.0,2555.0,2555.0,2400
2017-01-31,2291.226318359375,2570.0,2580.0,2570.0,2580.0,800
2017-02-01,2291.226318359375,2570.0,2575.0,2550.0,2565.0,6000
2017-02-02,2273.39599609375,2550.0,2560.0,2550.0,2560.0,1400
2017-02-03,2277.853271484375,2555.0,2555.0,2555.0,2555.0,800
2017-02-06,2291.226318359375,2570.0,2570.0,2565.0,2565.0,600
2017-02-07,2291.226318359375,2570.0,2570.0,2570.0,2570.0,400
2017-02-08,2300.1416015625,2580.0,2580.0,2560.0,2570.0,2400
2017-02-09,2313.51416015625,2595.0,2600.0,2570.0,2600.0,1400
2017-02-10,2286.768798828125,2565.0,2595.0,2565.0,2595.0,6000
2017-02-13,2317.971923828125,2600.0,2725.0,2570.0,2700.0,26200
2017-02-14,2572.0576171875,2885.0,2895.0,2645.0,2650.0,21600
2017-02-15,2531.938720703125,2840.0,2875.0,2815.0,2875.0,9200
2017-02-16,2514.108154296875,2820.0,2875.0,2750.0,2875.0,6400
2017-02-17,2500.735595703125,2805.0,2805.0,2730.0,2770.0,1200
2017-02-20,2500.735595703125,2805.0,2805.0,2805.0,2805.0,0
2017-02-21,2496.278076171875,2800.0,2805.0,2755.0,2755.0,4000
2017-02-22,2576.51513671875,2890.0,2905.0,2790.0,2790.0,6000
2017-02-23,2558.684814453125,2870.0,2945.0,2860.0,2945.0,5800
2017-02-24,2558.684814453125,2870.0,2890.0,2835.0,2855.0,4400
2017-02-27,2558.684814453125,2870.0,2870.0,2870.0,2870.0,0
2017-02-28,2563.142333984375,2875.0,2875.0,2825.0,2870.0,9800
2017-03-01,2554.22705078125,2865.0,2885.0,2865.0,2885.0,400
2017-03-02,2603.260986328125,2920.0,2920.0,2760.0,2865.0,17800
2017-03-03,2745.905517578125,3080.0,3080.0,2870.0,2870.0,10000
2017-03-06,2670.125732421875,2995.0,3030.0,2975.0,3030.0,2000
2017-03-07,2652.294921875,2975.0,2995.0,2945.0,2945.0,4000
2017-03-08,2687.95654296875,3015.0,3020.0,2935.0,2975.0,5000
2017-03-09,2745.905517578125,3080.0,3080.0,3030.0,3050.0,7600
2017-03-10,2701.3291015625,3030.0,3055.0,3000.0,3035.0,5600
2017-03-13,2607.718505859375,2925.0,3020.0,2915.0,3000.0,9400
2017-03-14,2674.58349609375,3000.0,3000.0,2920.0,2975.0,7600
2017-03-15,2630.0068359375,2950.0,2965.0,2930.0,2950.0,9000
2017-03-16,2728.074951171875,3060.0,3065.0,2950.0,2950.0,10600
2017-03-17,2719.159423828125,3050.0,3080.0,2995.0,3010.0,6400
2017-03-21,2719.159423828125,3050.0,3100.0,3050.0,3080.0,4200
2017-03-22,2719.159423828125,3050.0,3050.0,2950.0,2950.0,11800
2017-03-23,2710.244384765625,3040.0,3045.0,2990.0,3045.0,2400
2017-03-24,2696.87158203125,3025.0,3040.0,2975.0,3040.0,3800
2017-03-27,2679.040771484375,3005.0,3040.0,2990.0,3000.0,4400
2017-03-28,2750.363037109375,3085.0,3085.0,3010.0,3010.0,4800
2017-03-29,2728.002197265625,3050.0,3075.0,3000.0,3075.0,4800
2017-03-30,2705.641845703125,3025.0,3050.0,3025.0,3050.0,600
2017-03-31,2710.11376953125,3030.0,3030.0,3010.0,3025.0,1000
2017-04-03,2683.28125,3000.0,3020.0,2995.0,3020.0,1600
2017-04-04,2656.4482421875,2970.0,2995.0,2970.0,2995.0,3000
2017-04-05,2656.4482421875,2970.0,2970.0,2965.0,2970.0,1000
2017-04-06,2625.143310546875,2935.0,2975.0,2935.0,2975.0,4000
2017-04-07,2611.726806640625,2920.0,2960.0,2920.0,2935.0,6800
2017-04-10,2508.867919921875,2805.0,2870.0,2790.0,2870.0,7800
2017-04-11,2553.5888671875,2855.0,2905.0,2825.0,2905.0,2400
2017-04-12,2432.84130859375,2720.0,2835.0,2710.0,2835.0,9200
2017-04-13,2414.952880859375,2700.0,2700.0,2640.0,2640.0,2600
2017-04-14,2477.562744140625,2770.0,2770.0,2640.0,2695.0,3000
2017-04-17,2567.005615234375,2870.0,2975.0,2855.0,2855.0,4800
2017-04-18,2549.116943359375,2850.0,2920.0,2850.0,2920.0,2800
2017-04-19,2544.644775390625,2845.0,2845.0,2795.0,2795.0,1000
2017-04-20,2513.340087890625,2810.0,2810.0,2810.0,2810.0,200
2017-04-21,2540.172607421875,2840.0,2840.0,2750.0,2810.0,5200
2017-04-24,2531.228271484375,2830.0,2845.0,2775.0,2845.0,4200
2017-04-25,2513.340087890625,2810.0,2830.0,2800.0,2830.0,1600
2017-04-26,2535.700439453125,2835.0,2835.0,2810.0,2810.0,1000
2017-04-27,2625.143310546875,2935.0,2935.0,2835.0,2835.0,4800
2017-04-28,2611.726806640625,2920.0,2920.0,2915.0,2920.0,1200
2017-05-01,2611.726806640625,2920.0,2920.0,2920.0,2920.0,0
2017-05-02,2651.97607421875,2965.0,2975.0,2930.0,2930.0,1400
2017-05-08,2634.08740234375,2945.0,2945.0,2935.0,2935.0,1000
2017-05-09,2660.920166015625,2975.0,2975.0,2975.0,2975.0,400
2017-05-10,2647.50390625,2960.0,2990.0,2960.0,2965.0,800
2017-05-11,2638.5595703125,2950.0,2950.0,2935.0,2935.0,1800
2017-05-12,2580.422119140625,2885.0,2985.0,2850.0,2985.0,3400
2017-05-15,2540.172607421875,2840.0,2860.0,2700.0,2735.0,7800
2017-05-16,2540.172607421875,2840.0,2935.0,2800.0,2840.0,4000
2017-05-17,2580.422119140625,2885.0,2890.0,2835.0,2845.0,15200
2017-05-18,2508.867919921875,2805.0,2850.0,2790.0,2835.0,3200
2017-05-19,2486.507080078125,2780.0,2795.0,2750.0,2775.0,4400
2017-05-22,2468.618408203125,2760.0,2780.0,2760.0,2780.0,2600
2017-05-23,2508.867919921875,2805.0,2810.0,2795.0,2810.0,3400
2017-05-24,2499.92333984375,2795.0,2825.0,2790.0,2790.0,4800
2017-05-25,2540.172607421875,2840.0,2890.0,2805.0,2805.0,8200
2017-05-26,2544.644775390625,2845.0,2845.0,2840.0,2840.0,1000
2017-05-29,2575.94970703125,2880.0,2895.0,2810.0,2810.0,7000
2017-05-30,2589.3662109375,2895.0,2915.0,2865.0,2865.0,2200
2017-05-31,2625.143310546875,2935.0,2995.0,2920.0,2920.0,5800
2017-06-01,2607.254638671875,2915.0,3000.0,2915.0,2995.0,6600
2017-06-02,2660.920166015625,2975.0,3000.0,2950.0,2950.0,10400
2017-06-05,2638.5595703125,2950.0,2965.0,2930.0,2935.0,3000
2017-06-06,2638.5595703125,2950.0,2970.0,2950.0,2950.0,2200
2017-06-07,2634.08740234375,2945.0,2950.0,2920.0,2950.0,1000
2017-06-08,2611.726806640625,2920.0,2930.0,2920.0,2925.0,2000
2017-06-09,2620.67138671875,2930.0,2930.0,2920.0,2930.0,1200
2017-06-12,2647.50390625,2960.0,2960.0,2895.0,2895.0,2000
2017-06-13,2651.97607421875,2965.0,2970.0,2960.0,2960.0,1200
2017-06-14,2660.920166015625,2975.0,2980.0,2960.0,2960.0,2400
2017-06-15,2629.615234375,2940.0,2990.0,2940.0,2990.0,2600
2017-06-16,2638.5595703125,2950.0,2970.0,2925.0,2960.0,2800
2017-06-19,2620.67138671875,2930.0,2950.0,2915.0,2950.0,3600
2017-06-20,2589.3662109375,2895.0,2905.0,2885.0,2905.0,6800
2017-06-21,2589.3662109375,2895.0,2895.0,2895.0,2895.0,0
2017-06-22,2562.533447265625,2865.0,2895.0,2860.0,2885.0,3400
2017-06-23,2558.06103515625,2860.0,2865.0,2850.0,2865.0,2800
2017-06-26,2549.116943359375,2850.0,2860.0,2850.0,2860.0,2000
2017-06-27,2562.533447265625,2865.0,2880.0,2855.0,2880.0,3800
2017-06-28,2558.06103515625,2860.0,2890.0,2860.0,2865.0,5000
2017-06-29,2625.143310546875,2935.0,2935.0,2825.0,2850.0,5400
2017-06-30,2584.89404296875,2890.0,2905.0,2880.0,2905.0,2600
2017-07-03,2616.198974609375,2925.0,2935.0,2890.0,2925.0,3200
2017-07-04,2598.310791015625,2905.0,2925.0,2895.0,2925.0,2600
2017-07-05,2598.310791015625,2905.0,2905.0,2905.0,2905.0,0
2017-07-06,2607.254638671875,2915.0,2920.0,2890.0,2905.0,2800
2017-07-10,2607.254638671875,2915.0,2915.0,2915.0,2915.0,0
2017-07-11,2611.726806640625,2920.0,2965.0,2865.0,2945.0,6000
2017-07-12,2643.031982421875,2955.0,2955.0,2910.0,2945.0,2600
2017-07-13,2647.50390625,2960.0,2980.0,2945.0,2955.0,4200
2017-07-14,2678.80908203125,2995.0,3000.0,2975.0,2985.0,6000
2017-07-18,2678.80908203125,2995.0,2995.0,2980.0,2995.0,18600
2017-07-19,2678.80908203125,2995.0,2995.0,2995.0,2995.0,0
2017-07-20,2678.80908203125,2995.0,3005.0,2980.0,2995.0,17800
2017-07-21,2678.80908203125,2995.0,3010.0,2980.0,3000.0,6400
2017-07-24,2687.753173828125,3005.0,3005.0,2985.0,3000.0,7000
2017-07-25,2710.11376953125,3030.0,3080.0,3000.0,3075.0,27200
2017-07-26,2732.474609375,3055.0,3085.0,3030.0,3030.0,17400
2017-07-27,2750.363037109375,3075.0,3080.0,3055.0,3080.0,11000
2017-07-28,2772.723876953125,3100.0,3100.0,3030.0,3090.0,11600
2017-07-31,2830.861328125,3165.0,3165.0,3095.0,3095.0,4600
2017-08-01,2826.38916015625,3160.0,3170.0,3100.0,3165.0,5000
2017-08-02,2821.917236328125,3155.0,3165.0,3145.0,3160.0,2600
2017-08-03,2839.805419921875,3175.0,3185.0,3150.0,3155.0,4400
2017-08-04,2839.805419921875,3175.0,3175.0,3175.0,3175.0,3000
2017-08-07,2924.776123046875,3270.0,3325.0,3200.0,3200.0,18000
2017-08-08,2906.88818359375,3250.0,3270.0,3245.0,3270.0,12400
2017-08-09,2947.136962890625,3295.0,3295.0,3235.0,3280.0,14200
2017-08-10,2920.30419921875,3265.0,3310.0,3250.0,3255.0,14200
2017-08-11,2920.30419921875,3265.0,3265.0,3265.0,3265.0,0
2017-08-14,3045.524169921875,3405.0,3430.0,3315.0,3315.0,18400
2017-08-15,2996.33056640625,3350.0,3450.0,3330.0,3450.0,17000
2017-08-16,3000.802490234375,3355.0,3380.0,3330.0,3330.0,2400
2017-08-17,2938.192626953125,3285.0,3335.0,3285.0,3335.0,5600
2017-08-18,2906.88818359375,3250.0,3285.0,3250.0,3285.0,7600
2017-08-21,2924.776123046875,3270.0,3280.0,3250.0,3250.0,3000
2017-08-22,2951.609130859375,3300.0,3345.0,3260.0,3275.0,5800
2017-08-23,2875.5830078125,3215.0,3290.0,3195.0,3290.0,4800
2017-08-24,2884.52685546875,3225.0,3225.0,3170.0,3170.0,2200
2017-08-25,2942.664794921875,3290.0,3340.0,3215.0,3215.0,5800
2017-08-28,2951.609130859375,3300.0,3300.0,3290.0,3290.0,400
2017-08-29,2947.136962890625,3295.0,3295.0,3255.0,3255.0,800
2017-08-30,2947.136962890625,3295.0,3295.0,3295.0,3295.0,200
2017-08-31,2987.38623046875,3340.0,3340.0,3290.0,3290.0,1000
2017-09-01,3018.691162109375,3375.0,3380.0,3330.0,3345.0,6000
2017-09-04,3000.802490234375,3355.0,3395.0,3350.0,3390.0,9000
2017-09-05,2915.83203125,3260.0,3345.0,3250.0,3345.0,7200
2017-09-06,2880.054931640625,3220.0,3220.0,3210.0,3210.0,1000
2017-09-07,2897.943603515625,3240.0,3240.0,3240.0,3240.0,600
2017-09-08,2924.776123046875,3270.0,3270.0,3205.0,3240.0,3000
2017-09-11,2906.88818359375,3250.0,3260.0,3230.0,3230.0,4400
2017-09-12,2991.858642578125,3345.0,3345.0,3270.0,3295.0,6600
2017-09-13,3005.27490234375,3360.0,3380.0,3360.0,3380.0,2600
2017-09-14,3054.468017578125,3415.0,3415.0,3395.0,3395.0,600
2017-09-15,3049.99609375,3410.0,3425.0,3340.0,3425.0,10200
2017-09-18,3049.99609375,3410.0,3410.0,3410.0,3410.0,0
2017-09-19,3072.356689453125,3435.0,3450.0,3405.0,3450.0,3000
2017-09-20,3081.30126953125,3445.0,3445.0,3390.0,3435.0,2600
2017-09-21,3067.884765625,3430.0,3450.0,3390.0,3430.0,7800
2017-09-22,3063.412353515625,3425.0,3450.0,3350.0,3380.0,7200
2017-09-25,3067.884765625,3430.0,3430.0,3405.0,3405.0,2600
2017-09-26,3041.0517578125,3400.0,3425.0,3400.0,3425.0,4200
2017-09-27,3032.107421875,3390.0,3390.0,3385.0,3385.0,1600
2017-09-28,3018.691162109375,3375.0,3375.0,3375.0,3375.0,200
2017-09-29,3058.940185546875,3420.0,3435.0,3365.0,3365.0,8000
2017-10-02,3067.884765625,3430.0,3430.0,3420.0,3420.0,1400
2017-10-03,3112.605712890625,3480.0,3480.0,3415.0,3420.0,9400
2017-10-04,3103.661865234375,3470.0,3550.0,3470.0,3495.0,7200
2017-10-05,3099.189697265625,3465.0,3470.0,3465.0,3470.0,4200
2017-10-06,3099.189697265625,3465.0,3475.0,3465.0,3470.0,1600
2017-10-09,3099.189697265625,3465.0,3465.0,3465.0,3465.0,0
2017-10-10,3112.605712890625,3480.0,3480.0,3455.0,3465.0,3800
2017-10-11,3143.9111328125,3515.0,3515.0,3475.0,3485.0,3600
2017-10-12,3130.494384765625,3500.0,3510.0,3495.0,3510.0,17600
2017-10-13,3139.43896484375,3510.0,3510.0,3500.0,3500.0,3200
2017-10-16,3175.2158203125,3550.0,3550.0,3520.0,3525.0,6400
2017-10-17,3184.16015625,3560.0,3625.0,3535.0,3550.0,13000
2017-10-18,3184.16015625,3560.0,3560.0,3560.0,3560.0,0
2017-10-19,3170.74365234375,3545.0,3545.0,3500.0,3530.0,5800
2017-10-20,3175.2158203125,3550.0,3550.0,3510.0,3510.0,11400
2017-10-23,3175.2158203125,3550.0,3550.0,3550.0,3550.0,2800
2017-10-24,3175.2158203125,3550.0,3550.0,3510.0,3550.0,3400
2017-10-25,3143.9111328125,3515.0,3560.0,3515.0,3550.0,5800
2017-10-26,3099.189697265625,3465.0,3515.0,3455.0,3510.0,6800
2017-10-27,3103.661865234375,3470.0,3485.0,3450.0,3485.0,1400
2017-10-30,3103.661865234375,3470.0,3470.0,3470.0,3470.0,0
2017-10-31,3152.855224609375,3525.0,3550.0,3525.0,3550.0,600
2017-11-01,3175.2158203125,3550.0,3570.0,3530.0,3545.0,9200
2017-11-02,3175.2158203125,3550.0,3575.0,3540.0,3570.0,10200
2017-11-03,3175.2158203125,3550.0,3550.0,3550.0,3550.0,0
2017-11-06,3179.68798828125,3555.0,3570.0,3525.0,3570.0,8800
2017-11-07,3202.048828125,3580.0,3600.0,3565.0,3565.0,9200
2017-11-08,3219.937255859375,3600.0,3600.0,3550.0,3580.0,2800
2017-11-09,3202.048828125,3580.0,3600.0,3540.0,3600.0,16600
2017-11-10,3653.734375,4085.0,4200.0,3580.0,3580.0,41800
2017-11-13,3756.593505859375,4200.0,4835.0,4065.0,4835.0,26600
2017-11-14,3617.957275390625,4045.0,4275.0,4045.0,4275.0,8400
2017-11-15,3568.763916015625,3990.0,4075.0,3950.0,4075.0,10600
2017-11-16,3801.314697265625,4250.0,4250.0,4010.0,4010.0,4600
2017-11-17,3859.45263671875,4315.0,4440.0,4255.0,4325.0,14000
2017-11-20,3734.232421875,4175.0,4175.0,4150.0,4150.0,600
2017-11-21,3734.232421875,4175.0,4175.0,4175.0,4175.0,0
2017-11-22,3747.64892578125,4190.0,4250.0,4175.0,4175.0,6000
2017-11-23,3747.64892578125,4190.0,4190.0,4190.0,4190.0,0
2017-11-24,3716.34423828125,4155.0,4240.0,4155.0,4210.0,12800
2017-11-27,3711.8720703125,4150.0,4275.0,4150.0,4155.0,6600
2017-11-28,3689.511474609375,4125.0,4140.0,4125.0,4140.0,2200
2017-11-29,3711.8720703125,4150.0,4195.0,4120.0,4150.0,6000
2017-11-30,3908.64599609375,4370.0,4370.0,4150.0,4220.0,8600
2017-12-01,3931.00634765625,4395.0,4445.0,4370.0,4370.0,4800
2017-12-04,3922.062255859375,4385.0,4450.0,4320.0,4320.0,4400
2017-12-05,3872.868896484375,4330.0,4425.0,4225.0,4355.0,11200
2017-12-06,3931.00634765625,4395.0,4420.0,4215.0,4255.0,4600
2017-12-07,3819.203369140625,4270.0,4355.0,4260.0,4355.0,1600
2017-12-08,3819.203369140625,4270.0,4270.0,4270.0,4270.0,0
2017-12-11,3913.118408203125,4375.0,4400.0,4320.0,4345.0,8400
2017-12-12,3890.757568359375,4350.0,4465.0,4350.0,4465.0,4400
2017-12-13,3801.314697265625,4250.0,4290.0,4185.0,4290.0,3600
2017-12-14,3877.341064453125,4335.0,4350.0,4250.0,4250.0,2400
2017-12-15,3711.8720703125,4150.0,4300.0,4150.0,4250.0,7200
2017-12-18,3725.28857421875,4165.0,4200.0,4150.0,4150.0,2800
2017-12-19,3729.760498046875,4170.0,4220.0,4165.0,4165.0,2600
2017-12-20,3752.12109375,4195.0,4195.0,4185.0,4185.0,600
2017-12-21,3872.868896484375,4330.0,4375.0,4195.0,4260.0,4400
2017-12-22,3872.868896484375,4330.0,4365.0,4250.0,4330.0,2600
2017-12-25,3886.28515625,4345.0,4345.0,4345.0,4345.0,200
2017-12-26,3886.28515625,4345.0,4345.0,4345.0,4345.0,0
2017-12-27,3881.8134765625,4340.0,4340.0,4300.0,4325.0,2000
2017-12-28,3846.035888671875,4300.0,4300.0,4300.0,4300.0,1400
2017-12-29,3850.508544921875,4305.0,4310.0,4300.0,4305.0,2600
2018-01-03,3850.508544921875,4305.0,4305.0,4305.0,4305.0,0
2018-01-04,3931.00634765625,4395.0,4440.0,4365.0,4380.0,4200
2018-01-05,3935.478515625,4400.0,4415.0,4340.0,4375.0,5600
2018-01-08,3935.478515625,4400.0,4400.0,4400.0,4400.0,0
2018-01-09,3931.00634765625,4395.0,4455.0,4350.0,4400.0,15800
2018-01-10,3953.367431640625,4420.0,4470.0,4405.0,4405.0,9800
2018-01-11,4002.560791015625,4475.0,4475.0,4385.0,4395.0,8400
2018-01-12,4002.560791015625,4475.0,4475.0,4420.0,4420.0,3400
2018-01-15,3935.478515625,4400.0,4450.0,4400.0,4450.0,2800
2018-01-16,3881.8134765625,4340.0,4415.0,4335.0,4335.0,6400
2018-01-17,3939.950927734375,4405.0,4410.0,4405.0,4410.0,800
2018-01-18,3939.950927734375,4405.0,4405.0,4405.0,4405.0,0
2018-01-19,3854.98046875,4310.0,4400.0,4310.0,4400.0,5600
2018-01-22,3895.229736328125,4355.0,4375.0,4350.0,4350.0,5600
2018-01-23,3895.229736328125,4355.0,4355.0,4355.0,4355.0,0
2018-01-24,3890.757568359375,4350.0,4390.0,4310.0,4355.0,5200
2018-01-25,3881.8134765625,4340.0,4360.0,4340.0,4350.0,2000
2018-01-26,3854.98046875,4310.0,4400.0,4310.0,4350.0,4600
2018-01-29,3854.98046875,4310.0,4310.0,4310.0,4310.0,0
2018-01-30,3850.508544921875,4305.0,4390.0,4305.0,4350.0,1600
2018-01-31,3846.035888671875,4300.0,4375.0,4260.0,4320.0,3800
2018-02-01,3841.563720703125,4295.0,4295.0,4275.0,4280.0,800
2018-02-02,3859.45263671875,4315.0,4335.0,4295.0,4320.0,3800
2018-02-05,3846.035888671875,4300.0,4335.0,4250.0,4315.0,1600
2018-02-06,3555.347412109375,3975.0,4130.0,3925.0,3925.0,5600
2018-02-07,3622.429443359375,4050.0,4120.0,4005.0,4005.0,2400
2018-02-08,3689.511474609375,4125.0,4195.0,4050.0,4125.0,12600
2018-02-09,3524.04248046875,3940.0,4080.0,3940.0,4080.0,2200
2018-02-12,3524.04248046875,3940.0,3940.0,3940.0,3940.0,0
2018-02-13,3528.514404296875,3945.0,4135.0,3900.0,4135.0,14200
2018-02-14,3528.514404296875,3945.0,3980.0,3905.0,3970.0,12600
2018-02-15,3573.23583984375,3995.0,4025.0,3945.0,3975.0,8400
2018-02-16,3662.678955078125,4095.0,4100.0,4060.0,4100.0,600
2018-02-19,3676.094970703125,4110.0,4125.0,4095.0,4125.0,1000
2018-02-20,3680.567138671875,4115.0,4115.0,4070.0,4110.0,1400
2018-02-21,3680.567138671875,4115.0,4165.0,4115.0,4120.0,3400
2018-02-22,3653.734375,4085.0,4125.0,4080.0,4080.0,1400
2018-02-23,3685.039306640625,4120.0,4120.0,4085.0,4085.0,600
2018-02-26,3685.039306640625,4120.0,4120.0,4120.0,4120.0,0
2018-02-27,3685.039306640625,4120.0,4120.0,4120.0,4120.0,200
2018-02-28,3689.511474609375,4125.0,4125.0,4100.0,4120.0,2200
2018-03-01,3689.511474609375,4125.0,4125.0,4125.0,4125.0,1000
2018-03-02,3644.7900390625,4075.0,4075.0,4075.0,4075.0,600
2018-03-05,3559.8193359375,3980.0,4090.0,3940.0,4000.0,5400
2018-03-06,3693.983642578125,4130.0,4170.0,4010.0,4100.0,3400
2018-03-07,3649.26220703125,4080.0,4205.0,4080.0,4100.0,2400
2018-03-08,3600.06884765625,4025.0,4100.0,4025.0,4080.0,5600
2018-03-09,3778.9541015625,4225.0,4225.0,4020.0,4025.0,5000
2018-03-12,3814.731201171875,4265.0,4340.0,4215.0,4285.0,5800
2018-03-13,3859.45263671875,4315.0,4360.0,4275.0,4275.0,2000
2018-03-14,3711.8720703125,4150.0,4315.0,4095.0,4315.0,13200
2018-03-15,3814.731201171875,4265.0,4270.0,4125.0,4125.0,5000
2018-03-16,3823.67529296875,4275.0,4275.0,4155.0,4270.0,6200
2018-03-19,3846.035888671875,4300.0,4375.0,4275.0,4275.0,3800
2018-03-20,3770.010009765625,4215.0,4265.0,4215.0,4250.0,2200
2018-03-21,3770.010009765625,4215.0,4215.0,4215.0,4215.0,0
2018-03-22,3801.314697265625,4250.0,4285.0,4150.0,4175.0,3600
2018-03-23,3729.760498046875,4170.0,4300.0,4050.0,4195.0,7800
2018-03-26,3711.8720703125,4150.0,4175.0,4060.0,4145.0,3000
2018-03-27,3778.9541015625,4225.0,4250.0,4185.0,4185.0,600
2018-03-28,3783.507080078125,4155.0,4170.0,4155.0,4170.0,600
2018-03-29,3733.424560546875,4100.0,4145.0,4100.0,4120.0,1000
2018-03-30,3733.424560546875,4100.0,4100.0,4065.0,4065.0,800
2018-04-02,3687.89501953125,4050.0,4100.0,4025.0,4025.0,2000
2018-04-03,3687.89501953125,4050.0,4050.0,4050.0,4050.0,200
2018-04-04,3637.812255859375,3995.0,4000.0,3985.0,4000.0,3400
2018-04-05,3574.07080078125,3925.0,3995.0,3925.0,3995.0,3200
2018-04-06,3574.07080078125,3925.0,3970.0,3925.0,3970.0,1800
2018-04-09,3619.6005859375,3975.0,4000.0,3910.0,3910.0,3200
2018-04-10,3510.329833984375,3855.0,3960.0,3835.0,3850.0,13600
2018-04-11,3510.329833984375,3855.0,3920.0,3845.0,3845.0,8000
2018-04-12,3496.670654296875,3840.0,3885.0,3795.0,3885.0,8000
2018-04-13,3469.352783203125,3810.0,3835.0,3770.0,3825.0,17400
2018-04-16,3469.352783203125,3810.0,3860.0,3805.0,3825.0,20000
2018-04-17,3414.717529296875,3750.0,3810.0,3745.0,3775.0,9400
2018-04-18,3369.187744140625,3700.0,3780.0,3685.0,3760.0,13200
2018-04-19,3405.611572265625,3740.0,3740.0,3700.0,3700.0,6000
2018-04-20,3401.05859375,3735.0,3735.0,3700.0,3720.0,3600
2018-04-23,3369.187744140625,3700.0,3735.0,3700.0,3735.0,1800
2018-04-24,3387.399658203125,3720.0,3720.0,3715.0,3715.0,400
2018-04-25,3410.164306640625,3745.0,3745.0,3715.0,3740.0,7000
2018-04-26,3378.2939453125,3710.0,3720.0,3710.0,3720.0,1200
2018-04-27,3405.611572265625,3740.0,3740.0,3685.0,3740.0,3200
2018-05-01,3364.635009765625,3695.0,3735.0,3695.0,3700.0,3600
2018-05-02,3401.05859375,3735.0,3735.0,3695.0,3695.0,8000
2018-05-04,3401.05859375,3735.0,3735.0,3735.0,3735.0,0
2018-05-07,3410.164306640625,3745.0,3745.0,3725.0,3735.0,3600
2018-05-08,3414.717529296875,3750.0,3775.0,3725.0,3725.0,9400
2018-05-09,3414.717529296875,3750.0,3750.0,3750.0,3750.0,0
2018-05-10,3505.776611328125,3850.0,3885.0,3800.0,3800.0,2200
2018-05-11,3551.306396484375,3900.0,3925.0,3860.0,3860.0,3800
2018-05-14,3669.68310546875,4030.0,4095.0,4000.0,4095.0,4600
2018-05-15,3542.2001953125,3890.0,3950.0,3875.0,3900.0,10400
2018-05-16,3523.98828125,3870.0,3905.0,3860.0,3870.0,3800
2018-05-17,3523.98828125,3870.0,3870.0,3870.0,3870.0,0
2018-05-18,3528.541259765625,3875.0,3890.0,3745.0,3745.0,4800
2018-05-21,3505.776611328125,3850.0,3875.0,3850.0,3875.0,1600
2018-05-22,3423.823486328125,3760.0,3825.0,3740.0,3805.0,11200
2018-05-23,3419.270263671875,3755.0,3790.0,3750.0,3750.0,8000
2018-05-24,3423.823486328125,3760.0,3795.0,3745.0,3795.0,7200
2018-05-25,3419.270263671875,3755.0,3775.0,3745.0,3750.0,18600
2018-05-28,3419.270263671875,3755.0,3755.0,3755.0,3755.0,0
2018-05-29,3537.647216796875,3885.0,3900.0,3795.0,3795.0,6400
2018-05-30,3505.776611328125,3850.0,3850.0,3850.0,3850.0,200
2018-05-31,3505.776611328125,3850.0,3850.0,3850.0,3850.0,0
2018-06-01,3546.753173828125,3895.0,3895.0,3860.0,3860.0,600
2018-06-04,3587.72998046875,3940.0,3940.0,3940.0,3940.0,400
2018-06-05,3587.72998046875,3940.0,3940.0,3940.0,3940.0,200
2018-06-06,3596.835693359375,3950.0,3950.0,3950.0,3950.0,400
2018-06-07,3678.7890625,4040.0,4040.0,3945.0,3960.0,3000
2018-06-08,3687.89501953125,4050.0,4050.0,4015.0,4020.0,10800
2018-06-11,3687.89501953125,4050.0,4050.0,4015.0,4015.0,3000
2018-06-12,3683.342041015625,4045.0,4045.0,4030.0,4030.0,1200
2018-06-13,3665.130126953125,4025.0,4025.0,4020.0,4020.0,1200
2018-06-14,3665.130126953125,4025.0,4045.0,4015.0,4040.0,2200
2018-06-15,3656.024169921875,4015.0,4040.0,4015.0,4040.0,3600
2018-06-18,3674.236083984375,4035.0,4035.0,4015.0,4015.0,1400
2018-06-19,3656.024169921875,4015.0,4040.0,3995.0,4040.0,4000
2018-06-20,3656.024169921875,4015.0,4015.0,4015.0,4015.0,200
2018-06-21,3651.471435546875,4010.0,4010.0,4010.0,4010.0,3800
2018-06-22,3660.5771484375,4020.0,4020.0,4020.0,4020.0,7400
2018-06-25,3492.117919921875,3835.0,3910.0,3830.0,3910.0,1200
2018-06-28,3492.117919921875,3835.0,3835.0,3835.0,3835.0,0
2018-06-29,3542.2001953125,3890.0,3930.0,3855.0,3930.0,600
2018-07-02,3542.2001953125,3890.0,3890.0,3890.0,3890.0,0
2018-07-03,3510.329833984375,3855.0,3890.0,3835.0,3890.0,800
2018-07-04,3551.306396484375,3900.0,3900.0,3825.0,3890.0,1200
2018-07-05,3551.306396484375,3900.0,3900.0,3900.0,3900.0,0
2018-07-06,3605.941650390625,3960.0,3960.0,3960.0,3960.0,800
2018-07-09,3592.28271484375,3945.0,3960.0,3920.0,3960.0,1800
2018-07-10,3619.6005859375,3975.0,3975.0,3975.0,3975.0,600
2018-07-11,3610.494873046875,3965.0,3975.0,3955.0,3975.0,1600
2018-07-12,3683.342041015625,4045.0,4045.0,3965.0,3975.0,2800
2018-07-13,3774.401123046875,4145.0,4155.0,4050.0,4060.0,7000
2018-07-19,3774.401123046875,4145.0,4145.0,4145.0,4145.0,0
2018-07-20,3724.318359375,4090.0,4135.0,4030.0,4100.0,1800
2018-07-23,3724.318359375,4090.0,4090.0,4090.0,4090.0,0
2018-07-24,3733.424560546875,4100.0,4135.0,4100.0,4135.0,1000
2018-07-25,3778.9541015625,4150.0,4225.0,4150.0,4225.0,4000
2018-07-26,3710.65966796875,4075.0,4150.0,4075.0,4150.0,2000
2018-07-27,3760.7421875,4130.0,4130.0,4130.0,4130.0,200
2018-07-30,3760.7421875,4130.0,4130.0,4130.0,4130.0,0
2018-07-31,3824.483642578125,4200.0,4200.0,4195.0,4200.0,12400
2018-08-01,3824.483642578125,4200.0,4200.0,4200.0,4200.0,0
2018-08-02,3601.388916015625,3955.0,4135.0,3955.0,4135.0,1200
2018-08-03,3610.494873046875,3965.0,3965.0,3955.0,3955.0,400
2018-08-07,3610.494873046875,3965.0,3965.0,3965.0,3965.0,0
2018-08-08,3692.44775390625,4055.0,4055.0,4055.0,4055.0,200
2018-08-09,3710.65966796875,4075.0,4085.0,3980.0,3980.0,2200
2018-08-10,3710.65966796875,4075.0,4075.0,4075.0,4075.0,0
2018-08-13,3551.306396484375,3900.0,3925.0,3900.0,3925.0,400
2018-08-14,3656.024169921875,4015.0,4015.0,3900.0,3900.0,1200
2018-08-15,3656.024169921875,4015.0,4015.0,4015.0,4015.0,0
2018-08-16,3701.5537109375,4065.0,4065.0,4065.0,4065.0,800
2018-08-17,3701.5537109375,4065.0,4065.0,4065.0,4065.0,0
2018-08-20,3519.435302734375,3865.0,3915.0,3795.0,3915.0,3000
2018-08-21,3519.435302734375,3865.0,3865.0,3865.0,3865.0,0
2018-08-22,3387.399658203125,3720.0,3765.0,3645.0,3765.0,5400
2018-08-23,3387.399658203125,3720.0,3725.0,3625.0,3720.0,7000
2018-08-24,3387.399658203125,3720.0,3720.0,3720.0,3720.0,0
2018-08-27,3451.141357421875,3790.0,3790.0,3780.0,3790.0,2000
2018-08-28,3501.223876953125,3845.0,3950.0,3765.0,3840.0,3600
2018-08-29,3501.223876953125,3845.0,3845.0,3845.0,3845.0,0
2018-08-30,3419.270263671875,3755.0,3770.0,3700.0,3770.0,3000
2018-08-31,3414.717529296875,3750.0,3785.0,3725.0,3725.0,1200
2018-09-03,3405.611572265625,3740.0,3755.0,3740.0,3755.0,400
2018-09-04,3405.611572265625,3740.0,3740.0,3740.0,3740.0,0
2018-09-05,3369.187744140625,3700.0,3790.0,3700.0,3740.0,2800
2018-09-06,3278.12890625,3600.0,3700.0,3600.0,3700.0,3000
2018-09-07,3278.12890625,3600.0,3660.0,3600.0,3600.0,800
2018-09-10,3278.12890625,3600.0,3600.0,3600.0,3600.0,0
2018-09-11,3305.446533203125,3630.0,3630.0,3630.0,3630.0,200
2018-09-12,3300.8935546875,3625.0,3695.0,3410.0,3695.0,13800
2018-09-14,3369.187744140625,3700.0,3700.0,3630.0,3630.0,1000
2018-09-18,3369.187744140625,3700.0,3715.0,3650.0,3715.0,5000
2018-09-19,3369.187744140625,3700.0,3700.0,3700.0,3700.0,0
2018-09-20,3332.764404296875,3660.0,3700.0,3660.0,3700.0,1200
2018-09-21,3346.4228515625,3675.0,3675.0,3625.0,3625.0,800
2018-09-25,3291.787353515625,3615.0,3760.0,3615.0,3760.0,2400
2018-09-26,3287.234619140625,3610.0,3610.0,3565.0,3565.0,400
2018-09-27,3278.12890625,3600.0,3685.0,3590.0,3615.0,6400
2018-09-28,3319.10546875,3645.0,3650.0,3550.0,3550.0,5800
2018-10-01,3319.10546875,3645.0,3675.0,3600.0,3600.0,2200
2018-10-02,3341.8701171875,3670.0,3670.0,3570.0,3570.0,2400
2018-10-03,3319.10546875,3645.0,3650.0,3640.0,3640.0,2000
2018-10-04,3319.10546875,3645.0,3645.0,3625.0,3645.0,800
2018-10-08,3319.10546875,3645.0,3645.0,3645.0,3645.0,0
2018-10-09,3323.658447265625,3650.0,3650.0,3645.0,3645.0,400
2018-10-11,3214.387451171875,3530.0,3585.0,3530.0,3585.0,1600
2018-10-12,3146.09326171875,3455.0,3530.0,3455.0,3530.0,2000
2018-10-15,3064.1396484375,3365.0,3445.0,3325.0,3405.0,7400
2018-10-16,3109.669189453125,3415.0,3495.0,3395.0,3400.0,3200
2018-10-17,3141.5400390625,3450.0,3465.0,3445.0,3465.0,1400
2018-10-18,3155.198974609375,3465.0,3500.0,3465.0,3500.0,400
2018-10-19,3155.198974609375,3465.0,3465.0,3465.0,3465.0,0
2018-10-22,3187.069580078125,3500.0,3515.0,3480.0,3515.0,1600
2018-10-23,3182.5166015625,3495.0,3575.0,3485.0,3575.0,1800
2018-10-24,3255.3642578125,3575.0,3575.0,3515.0,3515.0,400
2018-10-26,3255.3642578125,3575.0,3575.0,3575.0,3575.0,0
2018-10-29,3232.59912109375,3550.0,3600.0,3550.0,3600.0,400
2018-10-30,3282.681640625,3605.0,3645.0,3480.0,3550.0,7000
2018-10-31,3282.681640625,3605.0,3605.0,3605.0,3605.0,1400
2018-11-01,3282.681640625,3605.0,3605.0,3605.0,3605.0,0
2018-11-02,3373.7412109375,3705.0,3705.0,3565.0,3640.0,8000
2018-11-05,3369.187744140625,3700.0,3750.0,3650.0,3750.0,2200
2018-11-06,3309.99951171875,3635.0,3735.0,3630.0,3700.0,4400
2018-11-07,3355.529052734375,3685.0,3740.0,3635.0,3635.0,3600
2018-11-08,3355.529052734375,3685.0,3760.0,3680.0,3760.0,1600
2018-11-09,3428.37646484375,3765.0,3775.0,3750.0,3755.0,1800
2018-11-12,3259.9169921875,3580.0,3690.0,3580.0,3690.0,1400
2018-11-13,3300.8935546875,3625.0,3675.0,3605.0,3605.0,10800
2018-11-14,3414.717529296875,3750.0,3840.0,3675.0,3675.0,7000
2018-11-15,3437.482421875,3775.0,3795.0,3765.0,3775.0,8200
2018-11-16,3432.929443359375,3770.0,3800.0,3770.0,3775.0,2000
2018-11-19,3437.482421875,3775.0,3815.0,3770.0,3775.0,16000
2018-11-20,3437.482421875,3775.0,3780.0,3775.0,3775.0,1200
2018-11-21,3487.564697265625,3830.0,3830.0,3770.0,3775.0,8600
2018-11-22,3432.929443359375,3770.0,3800.0,3740.0,3795.0,8400
2018-11-23,3432.929443359375,3770.0,3770.0,3770.0,3770.0,0
2018-11-26,3437.482421875,3775.0,3825.0,3770.0,3825.0,10000
2018-11-27,3323.658447265625,3650.0,3660.0,3605.0,3615.0,2000
2018-11-28,3323.658447265625,3650.0,3650.0,3650.0,3650.0,0
2018-11-29,3341.8701171875,3670.0,3715.0,3600.0,3610.0,7800
2018-11-30,3378.2939453125,3710.0,3710.0,3670.0,3670.0,4000
2018-12-03,3414.717529296875,3750.0,3820.0,3705.0,3730.0,60800
2018-12-04,3369.187744140625,3700.0,3755.0,3695.0,3715.0,5800
2018-12-05,3373.7412109375,3705.0,3775.0,3690.0,3695.0,12600
2018-12-06,3296.340576171875,3620.0,3700.0,3620.0,3700.0,7000
2018-12-07,3187.069580078125,3500.0,3695.0,3430.0,3695.0,4400
2018-12-10,3187.069580078125,3500.0,3575.0,3475.0,3500.0,4600
2018-12-11,3228.046142578125,3545.0,3600.0,3525.0,3570.0,5000
2018-12-12,3300.8935546875,3625.0,3625.0,3580.0,3615.0,3200
2018-12-13,3300.8935546875,3625.0,3625.0,3625.0,3625.0,0
2018-12-14,3328.21142578125,3655.0,3665.0,3630.0,3650.0,4000
2018-12-17,3346.4228515625,3675.0,3675.0,3670.0,3675.0,14200
2018-12-18,3346.4228515625,3675.0,3675.0,3600.0,3600.0,7400
2018-12-19,3346.4228515625,3675.0,3675.0,3675.0,3675.0,0
2018-12-20,3091.45751953125,3395.0,3600.0,3395.0,3600.0,600
2018-12-21,2845.59814453125,3125.0,3375.0,3095.0,3350.0,14000
2018-12-24,2845.59814453125,3125.0,3125.0,3125.0,3125.0,0
2018-12-25,2690.797607421875,2955.0,3025.0,2930.0,3025.0,9000
2018-12-26,2740.8798828125,3010.0,3040.0,2940.0,2960.0,12600
2018-12-27,2800.068359375,3075.0,3200.0,3060.0,3150.0,6400
2019-01-04,2800.068359375,3075.0,3075.0,3075.0,3075.0,0
2019-01-07,2882.021484375,3165.0,3175.0,3160.0,3160.0,6200
2019-01-08,2877.468505859375,3160.0,3200.0,3145.0,3160.0,4400
2019-01-09,2877.468505859375,3160.0,3215.0,3080.0,3165.0,7000
2019-01-10,2877.468505859375,3160.0,3230.0,3160.0,3175.0,2400
2019-01-11,2909.33935546875,3195.0,3195.0,3150.0,3170.0,4200
2019-01-15,3050.48095703125,3350.0,3350.0,3245.0,3295.0,800
2019-01-16,3009.504150390625,3305.0,3350.0,3300.0,3300.0,1200
2019-01-17,3023.163330078125,3320.0,3335.0,3310.0,3335.0,800
2019-01-21,2936.65673828125,3225.0,3275.0,3225.0,3275.0,400
2019-01-22,2963.974853515625,3255.0,3255.0,3250.0,3250.0,400
2019-01-23,2963.974853515625,3255.0,3255.0,3255.0,3255.0,0
2019-01-24,3023.163330078125,3320.0,3320.0,3315.0,3315.0,600
2019-01-28,3023.163330078125,3320.0,3320.0,3320.0,3320.0,0
2019-01-29,2982.186767578125,3275.0,3275.0,3275.0,3275.0,400
2019-01-31,2982.186767578125,3275.0,3275.0,3275.0,3275.0,0
2019-02-01,2909.33935546875,3195.0,3225.0,3150.0,3225.0,2600
2019-02-04,2909.33935546875,3195.0,3195.0,3195.0,3195.0,0
2019-02-05,2913.89208984375,3200.0,3275.0,3180.0,3200.0,5000
2019-02-06,2945.762939453125,3235.0,3255.0,3200.0,3235.0,2800
2019-02-07,3096.010498046875,3400.0,3435.0,3400.0,3435.0,2200
2019-02-08,3096.010498046875,3400.0,3400.0,3400.0,3400.0,0
2019-02-12,3018.6103515625,3315.0,3325.0,3300.0,3300.0,800
2019-02-13,3073.245849609375,3375.0,3400.0,3340.0,3375.0,2400
2019-02-14,3118.775146484375,3425.0,3425.0,3425.0,3425.0,1800
2019-02-15,3118.775146484375,3425.0,3425.0,3425.0,3425.0,0
2019-02-18,3096.010498046875,3400.0,3475.0,3400.0,3475.0,1800
2019-02-19,3086.904541015625,3390.0,3460.0,3350.0,3400.0,2000
2019-02-20,2986.739501953125,3280.0,3350.0,3280.0,3290.0,2800
2019-02-21,3009.504150390625,3305.0,3335.0,3305.0,3330.0,1000
2019-02-22,2932.10400390625,3220.0,3300.0,3220.0,3300.0,3400
2019-02-25,2891.127197265625,3175.0,3220.0,3150.0,3220.0,6600
2019-02-26,2886.574462890625,3170.0,3230.0,3125.0,3225.0,5200
2019-02-27,2886.574462890625,3170.0,3170.0,3115.0,3170.0,3600
2019-02-28,2886.574462890625,3170.0,3170.0,3080.0,3110.0,4000
2019-03-01,2813.72705078125,3090.0,3140.0,3080.0,3120.0,6000
2019-03-04,2790.96240234375,3065.0,3140.0,3065.0,3095.0,1000
2019-03-05,2790.96240234375,3065.0,3065.0,3065.0,3065.0,0
2019-03-06,2822.833251953125,3100.0,3160.0,3070.0,3070.0,2200
2019-03-07,2790.96240234375,3065.0,3100.0,3065.0,3100.0,3400
2019-03-08,2790.96240234375,3065.0,3120.0,3065.0,3070.0,3600
2019-03-11,2895.680419921875,3180.0,3185.0,3115.0,3115.0,3200
2019-03-12,2895.680419921875,3180.0,3180.0,3180.0,3180.0,0
2019-03-13,2891.127197265625,3175.0,3180.0,3140.0,3140.0,1000
2019-03-14,2877.468505859375,3160.0,3200.0,3150.0,3190.0,5000
2019-03-15,2891.127197265625,3175.0,3200.0,3150.0,3190.0,5200
2019-03-18,2941.2099609375,3230.0,3230.0,3185.0,3185.0,800
2019-03-19,2922.998291015625,3210.0,3240.0,3210.0,3230.0,1800
2019-03-20,2913.89208984375,3200.0,3240.0,3195.0,3230.0,3400
2019-03-22,3014.057373046875,3310.0,3310.0,3235.0,3235.0,1200
2019-03-25,3041.375,3340.0,3405.0,3335.0,3405.0,7600
2019-03-26,2977.633544921875,3270.0,3345.0,3255.0,3310.0,7800
2019-03-27,3038.211669921875,3260.0,3305.0,3260.0,3285.0,2200
2019-03-28,3024.23193359375,3245.0,3245.0,3190.0,3195.0,1200
2019-03-29,3024.23193359375,3245.0,3245.0,3190.0,3195.0,1400
2019-04-01,3042.87158203125,3265.0,3265.0,3250.0,3250.0,6600
2019-04-02,2991.61328125,3210.0,3265.0,3205.0,3265.0,3600
2019-04-03,3005.592529296875,3225.0,3225.0,3175.0,3200.0,2800
2019-04-04,2982.29345703125,3200.0,3200.0,3200.0,3200.0,4200
2019-04-05,2982.29345703125,3200.0,3220.0,3180.0,3180.0,11000
2019-04-08,2991.61328125,3210.0,3225.0,3150.0,3200.0,12400
2019-04-09,2982.29345703125,3200.0,3205.0,3200.0,3200.0,5800
2019-04-10,2963.654296875,3180.0,3195.0,3155.0,3155.0,3000
2019-04-11,3005.592529296875,3225.0,3225.0,3165.0,3200.0,21200
2019-04-12,3136.06787109375,3365.0,3365.0,3250.0,3285.0,8800
2019-04-15,3238.58447265625,3475.0,3475.0,3355.0,3400.0,9200
2019-04-16,3215.28515625,3450.0,3475.0,3450.0,3475.0,1000
2019-04-17,3210.62548828125,3445.0,3465.0,3400.0,3445.0,5000
2019-04-18,3205.9658203125,3440.0,3445.0,3390.0,3440.0,25600
2019-04-19,3164.027099609375,3395.0,3440.0,3370.0,3440.0,2800
2019-04-22,3173.346923828125,3405.0,3405.0,3395.0,3395.0,5800
2019-04-23,3168.68701171875,3400.0,3425.0,3375.0,3425.0,2800
2019-04-24,3154.70751953125,3385.0,3385.0,3305.0,3355.0,1000
2019-04-25,3191.98583984375,3425.0,3430.0,3410.0,3430.0,2200
2019-04-26,3205.9658203125,3440.0,3450.0,3405.0,3440.0,3200
2019-05-07,3215.28515625,3450.0,3455.0,3450.0,3450.0,5200
2019-05-08,3126.748291015625,3355.0,3410.0,3355.0,3400.0,2400
2019-05-09,3112.768798828125,3340.0,3355.0,3340.0,3350.0,3000
2019-05-10,3033.5517578125,3255.0,3335.0,3255.0,3330.0,6600
2019-05-13,3084.81005859375,3310.0,3350.0,3285.0,3285.0,1800
2019-05-14,3005.592529296875,3225.0,3285.0,3215.0,3285.0,16800
2019-05-15,3028.89208984375,3250.0,3250.0,3225.0,3250.0,4000
2019-05-16,3028.89208984375,3250.0,3250.0,3245.0,3250.0,5200
2019-05-17,3024.23193359375,3245.0,3285.0,3235.0,3235.0,33000
2019-05-20,3019.572265625,3240.0,3260.0,3225.0,3250.0,12400
2019-05-21,2977.6337890625,3195.0,3230.0,3175.0,3205.0,17200
2019-05-22,2982.29345703125,3200.0,3235.0,3165.0,3200.0,5600
2019-05-23,3084.81005859375,3310.0,3310.0,3190.0,3200.0,9800
2019-05-24,3005.592529296875,3225.0,3335.0,3220.0,3335.0,3600
2019-05-27,3056.850830078125,3280.0,3310.0,3260.0,3260.0,1200
2019-05-28,3019.572265625,3240.0,3275.0,3240.0,3265.0,9200
2019-05-29,2996.273193359375,3215.0,3240.0,3195.0,3240.0,1600
2019-05-30,2972.97412109375,3190.0,3225.0,3180.0,3215.0,5000
2019-05-31,2982.29345703125,3200.0,3225.0,3200.0,3205.0,1600
2019-06-03,2945.014892578125,3160.0,3210.0,3155.0,3200.0,9200
2019-06-04,2893.756591796875,3105.0,3185.0,3105.0,3160.0,15800
2019-06-05,2912.396240234375,3125.0,3150.0,3125.0,3145.0,1800
2019-06-06,2921.7158203125,3135.0,3175.0,3135.0,3175.0,2400
2019-06-07,2921.7158203125,3135.0,3150.0,3135.0,3150.0,2000
2019-06-10,2921.7158203125,3135.0,3150.0,3125.0,3135.0,1800
2019-06-11,2921.7158203125,3135.0,3155.0,3135.0,3155.0,4200
2019-06-12,2926.37548828125,3140.0,3155.0,3140.0,3150.0,2400
2019-06-13,2926.37548828125,3140.0,3145.0,3140.0,3140.0,600
2019-06-14,2898.41650390625,3110.0,3150.0,3100.0,3145.0,2800
2019-06-17,2935.6953125,3150.0,3150.0,3145.0,3145.0,2200
2019-06-18,2935.6953125,3150.0,3150.0,3150.0,3150.0,400
2019-06-19,2907.736328125,3120.0,3155.0,3110.0,3150.0,5600
2019-06-20,2907.736328125,3120.0,3150.0,3105.0,3105.0,1800
2019-06-21,2903.076171875,3115.0,3115.0,3095.0,3115.0,1600
2019-06-24,2893.756591796875,3105.0,3110.0,3095.0,3110.0,1600
2019-06-25,2884.437255859375,3095.0,3100.0,3095.0,3100.0,1200
2019-06-26,2875.117431640625,3085.0,3085.0,3085.0,3085.0,400
2019-06-27,2870.45751953125,3080.0,3100.0,3080.0,3085.0,3200
2019-06-28,2875.117431640625,3085.0,3100.0,3075.0,3075.0,3000
2019-07-01,2884.437255859375,3095.0,3110.0,3095.0,3100.0,2800
2019-07-02,2879.777099609375,3090.0,3140.0,3090.0,3095.0,3800
2019-07-03,2879.777099609375,3090.0,3090.0,3070.0,3070.0,800
2019-07-04,2884.437255859375,3095.0,3095.0,3080.0,3080.0,800
2019-07-05,2889.096923828125,3100.0,3105.0,3090.0,3090.0,2400
2019-07-08,2870.45751953125,3080.0,3100.0,3075.0,3100.0,3200
2019-07-09,2875.117431640625,3085.0,3130.0,3080.0,3130.0,5600
2019-07-10,2889.096923828125,3100.0,3100.0,3100.0,3100.0,2000
2019-07-11,2884.437255859375,3095.0,3110.0,3090.0,3105.0,8000
2019-07-12,2889.096923828125,3100.0,3100.0,3095.0,3100.0,4000
2019-07-16,2842.49853515625,3050.0,3085.0,3050.0,3085.0,18000
2019-07-17,2842.49853515625,3050.0,3050.0,3050.0,3050.0,400
2019-07-18,2781.920654296875,2985.0,3050.0,2985.0,3050.0,16200
2019-07-19,2763.281494140625,2965.0,2985.0,2960.0,2960.0,1200
2019-07-22,2749.3017578125,2950.0,2950.0,2935.0,2950.0,1200
2019-07-23,2679.404541015625,2875.0,2950.0,2845.0,2950.0,14000
2019-07-24,2744.64208984375,2945.0,2950.0,2895.0,2925.0,4400
2019-07-25,2777.2607421875,2980.0,3020.0,2965.0,2970.0,3200
2019-07-26,2795.900390625,3000.0,3015.0,2935.0,2980.0,4800
2019-07-29,2800.56005859375,3005.0,3050.0,3005.0,3050.0,2200
2019-07-30,2809.8798828125,3015.0,3025.0,3015.0,3015.0,1800
2019-07-31,2777.2607421875,2980.0,3030.0,2975.0,2985.0,6600
2019-08-01,2777.2607421875,2980.0,3020.0,2975.0,2980.0,5200
2019-08-02,2670.084716796875,2865.0,2965.0,2865.0,2935.0,10200
2019-08-05,2609.507080078125,2800.0,2870.0,2800.0,2835.0,2200
2019-08-06,2558.248779296875,2745.0,2800.0,2720.0,2800.0,1800
2019-08-07,2604.846923828125,2795.0,2795.0,2795.0,2795.0,200
2019-08-08,2586.207763671875,2775.0,2795.0,2775.0,2795.0,600
2019-08-09,2553.589111328125,2740.0,2740.0,2725.0,2725.0,2000
2019-08-13,2455.732421875,2635.0,2740.0,2610.0,2740.0,2800
2019-08-14,2544.26904296875,2730.0,2735.0,2695.0,2705.0,2200
2019-08-15,2544.26904296875,2730.0,2755.0,2720.0,2740.0,7200
2019-08-16,2539.609130859375,2725.0,2750.0,2725.0,2725.0,5800
2019-08-19,2544.26904296875,2730.0,2750.0,2725.0,2750.0,2800
2019-08-20,2534.949462890625,2720.0,2720.0,2680.0,2680.0,400
2019-08-21,2520.969970703125,2705.0,2705.0,2705.0,2705.0,200
2019-08-22,2511.650390625,2695.0,2720.0,2675.0,2720.0,11600
2019-08-23,2548.92919921875,2735.0,2750.0,2695.0,2720.0,8600
2019-08-26,2483.691162109375,2665.0,2740.0,2650.0,2650.0,3000
2019-08-27,2493.010986328125,2675.0,2765.0,2630.0,2695.0,11000
2019-08-28,2520.969970703125,2705.0,2725.0,2700.0,2705.0,2200
2019-08-29,2539.609130859375,2725.0,2725.0,2705.0,2705.0,600
2019-08-30,2520.969970703125,2705.0,2705.0,2705.0,2705.0,800
2019-09-02,2520.969970703125,2705.0,2705.0,2705.0,2705.0,2000
2019-09-03,2539.609130859375,2725.0,2750.0,2695.0,2695.0,3600
2019-09-04,2534.949462890625,2720.0,2735.0,2700.0,2725.0,13400
2019-09-05,2553.589111328125,2740.0,2780.0,2720.0,2725.0,3200
2019-09-06,2567.568359375,2755.0,2780.0,2740.0,2780.0,1200
2019-09-09,2749.3017578125,2950.0,2950.0,2750.0,2750.0,1400
2019-09-10,2670.084716796875,2865.0,2960.0,2865.0,2950.0,2000
2019-09-11,2665.4248046875,2860.0,2940.0,2860.0,2865.0,1600
2019-09-12,2656.105224609375,2850.0,2910.0,2850.0,2855.0,3800
2019-09-13,2721.3427734375,2920.0,2950.0,2850.0,2850.0,3400
2019-09-17,2735.322509765625,2935.0,2950.0,2885.0,2920.0,5400
2019-09-18,2684.064208984375,2880.0,2920.0,2875.0,2910.0,2600
2019-09-19,2665.4248046875,2860.0,2895.0,2850.0,2850.0,4200
2019-09-20,2674.74462890625,2870.0,2875.0,2860.0,2860.0,1400
2019-09-24,2684.064208984375,2880.0,2880.0,2865.0,2875.0,4400
2019-09-25,2646.785400390625,2840.0,2850.0,2825.0,2830.0,19000
2019-09-26,2665.4248046875,2860.0,2860.0,2815.0,2845.0,18800
2019-09-27,2660.764892578125,2855.0,2860.0,2840.0,2850.0,4200
2019-09-30,2665.4248046875,2860.0,2865.0,2835.0,2850.0,3000
2019-10-01,2679.404541015625,2875.0,2875.0,2850.0,2860.0,4600
2019-10-02,2665.4248046875,2860.0,2925.0,2860.0,2860.0,8200
2019-10-03,2656.105224609375,2850.0,2850.0,2850.0,2850.0,400
2019-10-04,2693.3837890625,2890.0,2890.0,2850.0,2850.0,1600
2019-10-07,2688.72412109375,2885.0,2885.0,2855.0,2860.0,3000
2019-10-08,2721.3427734375,2920.0,2925.0,2885.0,2910.0,5000
2019-10-09,2712.023193359375,2910.0,2920.0,2910.0,2920.0,1200
2019-10-10,2726.002685546875,2925.0,2925.0,2905.0,2920.0,5600
2019-10-11,2945.014892578125,3160.0,3160.0,3045.0,3070.0,22200
2019-10-15,3238.58447265625,3475.0,3555.0,3235.0,3235.0,25800
2019-10-16,3140.727783203125,3370.0,3475.0,3370.0,3475.0,8800
2019-10-17,3168.68701171875,3400.0,3480.0,3400.0,3420.0,21600
2019-10-18,3159.3671875,3390.0,3465.0,3390.0,3410.0,20000
2019-10-21,3159.3671875,3390.0,3410.0,3390.0,3390.0,10800
2019-10-23,3122.088623046875,3350.0,3410.0,3350.0,3395.0,12600
2019-10-24,3178.006591796875,3410.0,3445.0,3350.0,3445.0,6800
2019-10-25,3140.727783203125,3370.0,3435.0,3370.0,3410.0,6000
2019-10-28,3122.088623046875,3350.0,3415.0,3340.0,3400.0,11800
2019-10-29,3168.68701171875,3400.0,3415.0,3355.0,3355.0,16000
2019-10-30,3140.727783203125,3370.0,3415.0,3370.0,3400.0,15000
2019-10-31,3126.748291015625,3355.0,3415.0,3355.0,3400.0,8800
2019-11-01,3126.748291015625,3355.0,3355.0,3355.0,3355.0,0
2019-11-05,3140.727783203125,3370.0,3370.0,3340.0,3355.0,2000
2019-11-06,3112.768798828125,3340.0,3375.0,3340.0,3370.0,1400
2019-11-07,3126.748291015625,3355.0,3360.0,3330.0,3335.0,4200
2019-11-08,3247.904052734375,3485.0,3485.0,3340.0,3340.0,5800
2019-11-11,3201.3056640625,3435.0,3460.0,3355.0,3460.0,2800
2019-11-12,3238.58447265625,3475.0,3530.0,3450.0,3485.0,14200
2019-11-13,3285.182861328125,3525.0,3545.0,3500.0,3500.0,4400
2019-11-14,3364.39990234375,3610.0,3610.0,3530.0,3530.0,5200
2019-11-15,3616.031005859375,3880.0,3965.0,3610.0,3610.0,11000
2019-11-18,3569.4326171875,3830.0,3850.0,3810.0,3850.0,6800
2019-11-19,3536.813720703125,3795.0,3830.0,3795.0,3830.0,7600
2019-11-20,3564.77294921875,3825.0,3830.0,3815.0,3820.0,6800
2019-11-21,3550.793212890625,3810.0,3825.0,3775.0,3825.0,6200
2019-11-22,3546.13330078125,3805.0,3815.0,3805.0,3810.0,6600
2019-11-25,3574.092529296875,3835.0,3845.0,3810.0,3840.0,10200
2019-11-26,3555.453125,3815.0,3850.0,3815.0,3835.0,15400
2019-11-27,3578.752197265625,3840.0,3840.0,3815.0,3815.0,6400
2019-11-28,3588.072021484375,3850.0,3855.0,3840.0,3840.0,44200
2019-11-29,3560.113037109375,3820.0,3850.0,3820.0,3835.0,10800
2019-12-02,3532.154052734375,3790.0,3865.0,3790.0,3825.0,20200
2019-12-03,3508.85498046875,3765.0,3800.0,3735.0,3800.0,11400
2019-12-04,3532.154052734375,3790.0,3790.0,3705.0,3770.0,16600
2019-12-05,3513.5146484375,3770.0,3820.0,3770.0,3820.0,12800
2019-12-06,3494.875244140625,3750.0,3800.0,3750.0,3770.0,12400
2019-12-09,3499.534912109375,3755.0,3785.0,3755.0,3770.0,15000
2019-12-10,3457.5966796875,3710.0,3820.0,3700.0,3795.0,20400
2019-12-11,3527.494140625,3785.0,3825.0,3775.0,3825.0,23400
2019-12-12,3518.174560546875,3775.0,3780.0,3705.0,3710.0,18600
2019-12-13,3513.5146484375,3770.0,3785.0,3750.0,3775.0,14000
2019-12-16,3508.85498046875,3765.0,3775.0,3750.0,3755.0,15000
2019-12-17,3508.85498046875,3765.0,3780.0,3765.0,3765.0,14600
2019-12-18,3662.62939453125,3930.0,4515.0,3785.0,3785.0,139400
2019-12-19,3494.875244140625,3750.0,3875.0,3705.0,3795.0,38800
2019-12-20,3830.38330078125,4110.0,4110.0,3800.0,3830.0,30400
2019-12-23,3797.764404296875,4075.0,4125.0,4010.0,4095.0,15200
2019-12-24,3723.20703125,3995.0,4075.0,3925.0,4075.0,6200
2019-12-25,3709.2275390625,3980.0,4070.0,3940.0,4070.0,5400
2019-12-26,3690.58837890625,3960.0,3975.0,3930.0,3975.0,1600
2019-12-27,3755.825927734375,4030.0,4070.0,3955.0,3955.0,6000
2019-12-30,3797.764404296875,4075.0,4090.0,3970.0,4000.0,5600
2020-01-06,3872.322021484375,4155.0,4250.0,4060.0,4075.0,13600
2020-01-07,3867.662109375,4150.0,4180.0,4065.0,4155.0,11800
2020-01-08,3811.743896484375,4090.0,4100.0,4005.0,4075.0,8200
2020-01-09,3830.38330078125,4110.0,4150.0,4055.0,4100.0,16600
2020-01-10,3825.7236328125,4105.0,4110.0,4080.0,4110.0,4200
2020-01-14,3872.322021484375,4155.0,4180.0,4100.0,4105.0,16800
2020-01-15,3835.04296875,4115.0,4160.0,4115.0,4155.0,9400
2020-01-16,3923.580078125,4210.0,4320.0,4155.0,4155.0,29000
2020-01-17,3890.9609375,4175.0,4240.0,4155.0,4215.0,15200
2020-01-20,3886.30126953125,4170.0,4195.0,4160.0,4160.0,3000
2020-01-21,3793.104736328125,4070.0,4170.0,4040.0,4170.0,5200
2020-01-22,3825.7236328125,4105.0,4115.0,4070.0,4070.0,2000
2020-01-23,3904.9404296875,4190.0,4215.0,4075.0,4100.0,27600
2020-01-24,3830.38330078125,4110.0,4175.0,4100.0,4175.0,5200
2020-01-27,3797.764404296875,4075.0,4110.0,4075.0,4110.0,400
2020-01-28,3718.54736328125,3990.0,4030.0,3980.0,4030.0,2800
2020-01-30,3639.330322265625,3905.0,3905.0,3850.0,3905.0,1800
2020-01-31,3541.4736328125,3800.0,3830.0,3800.0,3830.0,400
2020-02-03,3476.23583984375,3730.0,3875.0,3730.0,3875.0,1400
2020-02-04,3611.37109375,3875.0,3990.0,3730.0,3730.0,3400
2020-02-05,3513.5146484375,3770.0,3875.0,3770.0,3875.0,4200
2020-02-06,3560.113037109375,3820.0,3915.0,3770.0,3770.0,3800
2020-02-07,3555.453125,3815.0,3830.0,3810.0,3810.0,1000
2020-02-10,3671.948974609375,3940.0,3940.0,3815.0,3815.0,800
2020-02-12,3681.2685546875,3950.0,3950.0,3905.0,3940.0,4600
2020-02-13,3681.2685546875,3950.0,3975.0,3865.0,3950.0,4000
2020-02-14,3597.3916015625,3860.0,3945.0,3855.0,3945.0,4200
2020-02-17,3476.23583984375,3730.0,3820.0,3710.0,3820.0,3000
2020-02-18,3536.813720703125,3795.0,3795.0,3730.0,3730.0,2800
2020-02-19,3466.916259765625,3720.0,3775.0,3720.0,3720.0,3200
2020-02-20,3434.29736328125,3685.0,3720.0,3570.0,3720.0,8200
2020-02-21,3429.6376953125,3680.0,3690.0,3655.0,3690.0,3600
2020-02-25,3303.822021484375,3545.0,3665.0,3545.0,3665.0,6800
2020-02-26,3243.244140625,3480.0,3505.0,3400.0,3420.0,5200
2020-02-27,3154.70751953125,3385.0,3485.0,3355.0,3485.0,6600
2020-02-28,3154.70751953125,3385.0,3430.0,3285.0,3285.0,8400
2020-03-02,3182.666259765625,3415.0,3425.0,3310.0,3375.0,12600
2020-03-03,3145.387939453125,3375.0,3395.0,3305.0,3365.0,2600
2020-03-04,3145.387939453125,3375.0,3390.0,3325.0,3325.0,4600
2020-03-05,3131.408203125,3360.0,3400.0,3360.0,3400.0,2200
2020-03-06,3094.129638671875,3320.0,3370.0,3320.0,3370.0,3200
2020-03-09,3061.5107421875,3285.0,3335.0,3245.0,3245.0,1200
2020-03-10,2889.096923828125,3100.0,3110.0,3010.0,3100.0,3200
2020-03-11,2958.994140625,3175.0,3185.0,3110.0,3110.0,4400
2020-03-12,2842.49853515625,3050.0,3145.0,3020.0,3125.0,6200
2020-03-13,2781.920654296875,2985.0,3100.0,2985.0,3050.0,9000
2020-03-16,2795.900390625,3000.0,3100.0,2985.0,3085.0,9200
2020-03-17,2833.178955078125,3040.0,3050.0,2775.0,2850.0,11600
2020-03-18,2791.240478515625,2995.0,3020.0,2915.0,3000.0,6000
2020-03-19,2726.002685546875,2925.0,2990.0,2775.0,2870.0,8000
2020-03-23,2651.4453125,2845.0,2950.0,2755.0,2950.0,5200
2020-03-24,2702.70361328125,2900.0,2960.0,2820.0,2820.0,7800
2020-03-25,2781.920654296875,2985.0,3025.0,2985.0,2990.0,5800
2020-03-26,2660.764892578125,2855.0,2985.0,2855.0,2985.0,5600
2020-03-27,2795.900390625,3000.0,3050.0,2930.0,2995.0,5400
2020-03-30,2824.625,2950.0,3020.0,2950.0,2970.0,2600
2020-03-31,2800.6875,2925.0,3050.0,2900.0,2945.0,5200
2020-04-01,2709.72509765625,2830.0,2890.0,2785.0,2890.0,3800
2020-04-02,2633.125,2750.0,2880.0,2750.0,2830.0,4600
2020-04-03,2681.000244140625,2800.0,2840.0,2775.0,2810.0,7200
2020-04-06,2714.5126953125,2835.0,2835.0,2750.0,2800.0,11000
2020-04-07,2767.175048828125,2890.0,2935.0,2825.0,2850.0,15200
2020-04-08,2728.875244140625,2850.0,2880.0,2840.0,2880.0,8800
2020-04-09,2748.025146484375,2870.0,2890.0,2850.0,2865.0,14800
2020-04-10,2728.875244140625,2850.0,2875.0,2825.0,2850.0,5000
2020-04-13,2714.5126953125,2835.0,2850.0,2835.0,2850.0,1600
2020-04-14,2724.087646484375,2845.0,2845.0,2800.0,2840.0,14200
2020-04-15,2743.237548828125,2865.0,3000.0,2805.0,2825.0,21200
2020-04-16,2719.300048828125,2840.0,2915.0,2840.0,2915.0,3600
2020-04-17,2681.000244140625,2800.0,2800.0,2760.0,2790.0,13000
2020-04-20,2671.42529296875,2790.0,2805.0,2790.0,2800.0,3800
2020-04-21,2690.5751953125,2810.0,2855.0,2810.0,2815.0,6400
2020-04-22,2714.5126953125,2835.0,2875.0,2795.0,2820.0,3000
2020-04-23,2824.625,2950.0,2950.0,2885.0,2885.0,6200
2020-04-24,2910.80029296875,3040.0,3050.0,2940.0,3000.0,8000
2020-04-27,2781.537841796875,2905.0,3015.0,2905.0,3015.0,1000
2020-04-28,2834.2001953125,2960.0,3075.0,2960.0,2970.0,3400
2020-04-30,2843.775146484375,2970.0,3040.0,2925.0,3010.0,7600
2020-05-01,2819.837646484375,2945.0,2970.0,2900.0,2960.0,5600
2020-05-07,2685.78759765625,2805.0,2960.0,2805.0,2960.0,2600
2020-05-08,2929.9501953125,3060.0,3060.0,2855.0,2875.0,3600
2020-05-11,2882.0751953125,3010.0,3040.0,2975.0,3000.0,33000
2020-05-12,2877.28759765625,3005.0,3025.0,3000.0,3000.0,19600
2020-05-13,2872.500244140625,3000.0,3025.0,3000.0,3025.0,2000
2020-05-14,2910.80029296875,3040.0,3075.0,2975.0,3000.0,11000
2020-05-15,2906.012451171875,3035.0,3050.0,2985.0,3000.0,23000
2020-05-18,2920.375244140625,3050.0,3050.0,3005.0,3040.0,3000
2020-05-19,2920.375244140625,3050.0,3100.0,3050.0,3065.0,17200
2020-05-20,2934.737548828125,3065.0,3090.0,3050.0,3055.0,2800
2020-05-21,3006.550048828125,3140.0,3140.0,3095.0,3095.0,1400
2020-05-22,3011.337646484375,3145.0,3145.0,3110.0,3110.0,1200
2020-05-25,3049.6376953125,3185.0,3195.0,3155.0,3155.0,2200
2020-05-26,3064.0,3200.0,3200.0,3170.0,3190.0,9000
2020-05-27,3111.875244140625,3250.0,3265.0,3180.0,3180.0,21200
2020-05-28,3131.025146484375,3270.0,3350.0,3225.0,3350.0,1800
2020-05-29,3107.087646484375,3245.0,3310.0,3245.0,3270.0,800
2020-06-01,3016.125244140625,3150.0,3195.0,3150.0,3195.0,3200
2020-06-02,3030.487548828125,3165.0,3200.0,3125.0,3150.0,4200
2020-06-03,3107.087646484375,3245.0,3245.0,3165.0,3180.0,10000
2020-06-04,3188.47509765625,3330.0,3330.0,3255.0,3255.0,1600
2020-06-05,3202.837890625,3345.0,3345.0,3305.0,3315.0,2600
2020-06-08,3236.350341796875,3380.0,3380.0,3340.0,3345.0,3800
2020-06-09,3379.97509765625,3530.0,3540.0,3400.0,3410.0,8400
2020-06-10,3312.9501953125,3460.0,3510.0,3460.0,3510.0,3200
2020-06-11,3384.7626953125,3535.0,3640.0,3505.0,3585.0,18600
2020-06-12,3289.0126953125,3435.0,3500.0,3350.0,3500.0,15400
2020-06-15,3198.050048828125,3340.0,3395.0,3340.0,3395.0,8400
2020-06-16,3188.47509765625,3330.0,3400.0,3325.0,3370.0,9200
2020-06-17,3221.987548828125,3365.0,3405.0,3365.0,3380.0,5800
2020-06-18,3231.562744140625,3375.0,3405.0,3365.0,3365.0,6600
2020-06-19,3226.775146484375,3370.0,3430.0,3370.0,3380.0,7800
2020-06-22,3198.050048828125,3340.0,3370.0,3340.0,3370.0,7000
2020-06-23,3188.47509765625,3330.0,3390.0,3330.0,3390.0,4600
2020-06-24,3188.47509765625,3330.0,3330.0,3200.0,3330.0,3800
2020-06-25,3059.212646484375,3195.0,3265.0,3195.0,3230.0,4800
2020-06-26,3064.0,3200.0,3200.0,3185.0,3195.0,3200
2020-06-29,3030.487548828125,3165.0,3180.0,3135.0,3135.0,1800
2020-06-30,3111.875244140625,3250.0,3330.0,3175.0,3215.0,6200
2020-07-01,3183.687744140625,3325.0,3505.0,3315.0,3340.0,15600
2020-07-02,3236.350341796875,3380.0,3425.0,3360.0,3375.0,12800
2020-07-03,3221.987548828125,3365.0,3405.0,3350.0,3375.0,9400
2020-07-06,3236.350341796875,3380.0,3380.0,3350.0,3360.0,4400
2020-07-07,3279.4375,3425.0,3450.0,3340.0,3340.0,4000
2020-07-08,3207.625244140625,3350.0,3465.0,3350.0,3465.0,12800
2020-07-09,3207.625244140625,3350.0,3430.0,3350.0,3390.0,7800
2020-07-10,3212.41259765625,3355.0,3410.0,3350.0,3400.0,6200
2020-07-13,3217.2001953125,3360.0,3400.0,3350.0,3360.0,9000
2020-07-14,3265.0751953125,3410.0,3445.0,3370.0,3395.0,7600
2020-07-15,3178.900146484375,3320.0,3460.0,3295.0,3460.0,21000
2020-07-16,3250.712646484375,3395.0,3395.0,3285.0,3370.0,6800
2020-07-17,3221.987548828125,3365.0,3365.0,3325.0,3350.0,1800
2020-07-20,3193.2626953125,3335.0,3360.0,3325.0,3360.0,2400
2020-07-21,3207.625244140625,3350.0,3350.0,3335.0,3335.0,2600
2020-07-22,3236.350341796875,3380.0,3385.0,3335.0,3335.0,2200
2020-07-27,3193.2626953125,3335.0,3350.0,3330.0,3350.0,2200
2020-07-28,3188.47509765625,3330.0,3335.0,3295.0,3335.0,3800
2020-07-29,3097.5126953125,3235.0,3300.0,3215.0,3255.0,3200
2020-07-30,3078.36279296875,3215.0,3260.0,3215.0,3235.0,1200
2020-07-31,2982.612548828125,3115.0,3220.0,3110.0,3220.0,1800
2020-08-03,2958.675048828125,3090.0,3125.0,3065.0,3125.0,1800
2020-08-04,3001.7626953125,3135.0,3170.0,3060.0,3140.0,5200
2020-08-05,3054.42529296875,3190.0,3245.0,3145.0,3145.0,2600
2020-08-06,3159.750244140625,3300.0,3320.0,3190.0,3190.0,3000
2020-08-07,3245.925048828125,3390.0,3390.0,3270.0,3320.0,6200
2020-08-11,3399.125244140625,3550.0,3740.0,3490.0,3540.0,31000
2020-08-12,3475.725341796875,3630.0,3630.0,3600.0,3600.0,400
2020-08-13,3566.687744140625,3725.0,3725.0,3625.0,3625.0,4000
2020-08-14,3561.900146484375,3720.0,3720.0,3680.0,3710.0,3000
2020-08-17,3533.17529296875,3690.0,3720.0,3650.0,3720.0,5000
2020-08-18,3523.600341796875,3680.0,3680.0,3680.0,3680.0,600
2020-08-19,3523.600341796875,3680.0,3680.0,3680.0,3680.0,0
2020-08-20,3523.600341796875,3680.0,3735.0,3650.0,3665.0,2200
2020-08-21,3461.362548828125,3615.0,3750.0,3615.0,3745.0,5400
2020-08-24,3499.662841796875,3655.0,3720.0,3600.0,3680.0,4200
2020-08-25,3528.3876953125,3685.0,3735.0,3600.0,3705.0,7400
2020-08-26,3566.687744140625,3725.0,3775.0,3675.0,3735.0,9200
2020-08-27,3557.11279296875,3715.0,3775.0,3710.0,3725.0,2400
2020-08-28,3542.75,3700.0,3710.0,3700.0,3710.0,400
2020-08-31,3557.11279296875,3715.0,3725.0,3715.0,3720.0,800
2020-09-01,3566.687744140625,3725.0,3755.0,3665.0,3665.0,7800
2020-09-02,3581.05029296875,3740.0,3765.0,3730.0,3765.0,3800
2020-09-03,3547.537841796875,3705.0,3740.0,3705.0,3740.0,600
2020-09-04,3518.8125,3675.0,3730.0,3650.0,3725.0,5000
2020-09-07,3504.4501953125,3660.0,3725.0,3640.0,3715.0,8400
2020-09-08,3470.937744140625,3625.0,3725.0,3585.0,3725.0,5600
2020-09-09,3399.125244140625,3550.0,3650.0,3530.0,3600.0,4200
2020-09-10,3351.250244140625,3500.0,3600.0,3500.0,3600.0,12600
2020-09-11,3346.462646484375,3495.0,3545.0,3470.0,3470.0,4200
2020-09-14,3351.250244140625,3500.0,3535.0,3480.0,3500.0,14000
2020-09-15,3346.462646484375,3495.0,3520.0,3470.0,3505.0,14600
2020-09-16,3332.10009765625,3480.0,3525.0,3480.0,3495.0,10200
2020-09-17,3351.250244140625,3500.0,3565.0,3455.0,3480.0,10800
2020-09-18,3351.250244140625,3500.0,3525.0,3440.0,3525.0,15200
2020-09-23,3274.650146484375,3420.0,3490.0,3420.0,3490.0,4800
2020-09-24,3260.287841796875,3405.0,3495.0,3395.0,3420.0,9800
2020-09-25,3221.987548828125,3365.0,3430.0,3355.0,3390.0,12600
2020-09-28,3207.625244140625,3350.0,3405.0,3350.0,3370.0,13000
2020-09-29,3188.47509765625,3330.0,3400.0,3330.0,3385.0,16400
2020-09-30,3255.500244140625,3400.0,3400.0,3330.0,3330.0,8800
2020-10-02,3241.1376953125,3385.0,3435.0,3385.0,3435.0,4800
2020-10-05,3255.500244140625,3400.0,3415.0,3350.0,3350.0,7000
2020-10-06,3269.862548828125,3415.0,3440.0,3385.0,3415.0,8200
2020-10-07,3308.162841796875,3455.0,3475.0,3420.0,3425.0,9400
2020-10-08,3312.9501953125,3460.0,3490.0,3455.0,3455.0,3800
2020-10-09,3322.525146484375,3470.0,3495.0,3440.0,3475.0,8200
2020-10-12,3293.80029296875,3440.0,3515.0,3440.0,3450.0,4200
2020-10-13,3303.375,3450.0,3485.0,3450.0,3455.0,2200
2020-10-14,3274.650146484375,3420.0,3475.0,3390.0,3450.0,14000
2020-10-15,3255.500244140625,3400.0,3450.0,3355.0,3425.0,13400
2020-10-16,3236.350341796875,3380.0,3435.0,3375.0,3400.0,5800
2020-10-19,3250.712646484375,3395.0,3415.0,3350.0,3395.0,3000
2020-10-20,3279.4375,3425.0,3435.0,3390.0,3395.0,9200
2020-10-21,3293.80029296875,3440.0,3465.0,3425.0,3425.0,5600
2020-10-22,3293.80029296875,3440.0,3470.0,3425.0,3470.0,2400
2020-10-23,3255.500244140625,3400.0,3465.0,3375.0,3415.0,5800
2020-10-26,3279.4375,3425.0,3425.0,3400.0,3400.0,1000
2020-10-27,3265.0751953125,3410.0,3425.0,3380.0,3380.0,3400
2020-10-28,3245.925048828125,3390.0,3435.0,3385.0,3385.0,4600
2020-10-29,3236.350341796875,3380.0,3390.0,3340.0,3340.0,3400
2020-10-30,3260.287841796875,3405.0,3425.0,3360.0,3360.0,6600
2020-11-02,3269.862548828125,3415.0,3430.0,3365.0,3405.0,2600
2020-11-04,3236.350341796875,3380.0,3445.0,3370.0,3445.0,2200
2020-11-05,3274.650146484375,3420.0,3420.0,3380.0,3380.0,2000
2020-11-06,3293.80029296875,3440.0,3440.0,3420.0,3420.0,3800
2020-11-09,3322.525146484375,3470.0,3475.0,3425.0,3450.0,19200
2020-11-10,3399.125244140625,3550.0,3565.0,3505.0,3505.0,4800
2020-11-11,3389.55029296875,3540.0,3710.0,3475.0,3505.0,18800
2020-11-12,3427.85009765625,3580.0,3615.0,3575.0,3615.0,5200
2020-11-13,3418.275390625,3570.0,3585.0,3540.0,3575.0,3400
2020-11-16,3403.91259765625,3555.0,3570.0,3505.0,3570.0,3400
2020-11-17,3403.91259765625,3555.0,3590.0,3555.0,3560.0,1800
2020-11-18,3375.187744140625,3525.0,3565.0,3525.0,3525.0,5000
2020-11-19,3403.91259765625,3555.0,3555.0,3525.0,3525.0,600
2020-11-20,3399.125244140625,3550.0,3550.0,3525.0,3535.0,4400
2020-11-24,3408.7001953125,3560.0,3560.0,3540.0,3550.0,3800
2020-11-25,3461.362548828125,3615.0,3820.0,3565.0,3565.0,12800
2020-11-26,3490.087646484375,3645.0,3645.0,3580.0,3580.0,3200
2020-11-27,3494.875244140625,3650.0,3660.0,3620.0,3620.0,1800
2020-11-30,3480.5126953125,3635.0,3700.0,3625.0,3650.0,6800
2020-12-01,3466.150146484375,3620.0,3670.0,3620.0,3630.0,4400
2020-12-02,3537.962646484375,3695.0,3710.0,3670.0,3695.0,5800
2020-12-03,3547.537841796875,3705.0,3735.0,3675.0,3695.0,9000
2020-12-04,3533.17529296875,3690.0,3700.0,3680.0,3695.0,8000
2020-12-07,3499.662841796875,3655.0,3690.0,3620.0,3690.0,1600
2020-12-08,3499.662841796875,3655.0,3690.0,3650.0,3690.0,6000
2020-12-09,3494.875244140625,3650.0,3670.0,3650.0,3655.0,2000
2020-12-10,3494.875244140625,3650.0,3655.0,3605.0,3605.0,1400
2020-12-11,3494.875244140625,3650.0,3655.0,3595.0,3615.0,6800
2020-12-14,3499.662841796875,3655.0,3675.0,3605.0,3650.0,11800
2020-12-15,3523.600341796875,3680.0,3680.0,3600.0,3600.0,4000
2020-12-16,3514.025146484375,3670.0,3685.0,3670.0,3680.0,5200
2020-12-17,3509.23779296875,3665.0,3675.0,3640.0,3670.0,3200
2020-12-18,3518.8125,3675.0,3690.0,3625.0,3645.0,7000
2020-12-21,3528.3876953125,3685.0,3700.0,3660.0,3660.0,5000
2020-12-22,3523.600341796875,3680.0,3685.0,3625.0,3685.0,4600
2020-12-23,3533.17529296875,3690.0,3690.0,3605.0,3605.0,2600
2020-12-24,3566.687744140625,3725.0,3750.0,3695.0,3750.0,2800
2020-12-25,3470.937744140625,3625.0,3700.0,3625.0,3675.0,2600
2020-12-28,3494.875244140625,3650.0,3675.0,3590.0,3650.0,11400
2020-12-29,3542.75,3700.0,3700.0,3665.0,3665.0,1200
2020-12-30,3537.962646484375,3695.0,3745.0,3695.0,3700.0,6800
2021-01-04,3514.025146484375,3670.0,3700.0,3650.0,3695.0,2800
2021-01-05,3514.025146484375,3670.0,3700.0,3665.0,3670.0,4000
2021-01-06,3509.23779296875,3665.0,3700.0,3655.0,3655.0,1800
2021-01-07,3566.687744140625,3725.0,3755.0,3685.0,3685.0,8200
2021-01-08,3609.775146484375,3770.0,3870.0,3710.0,3710.0,5000
2021-01-12,3609.775146484375,3770.0,3780.0,3760.0,3770.0,4800
2021-01-13,3667.22509765625,3830.0,3830.0,3715.0,3740.0,12400
2021-01-14,3705.525146484375,3870.0,3890.0,3840.0,3890.0,2800
2021-01-15,3719.8876953125,3885.0,3890.0,3840.0,3890.0,6600
2021-01-18,3739.037841796875,3905.0,3960.0,3865.0,3960.0,5400
2021-01-19,3739.037841796875,3905.0,3940.0,3895.0,3940.0,2800
2021-01-20,3739.037841796875,3905.0,3905.0,3860.0,3860.0,2600
2021-01-21,3743.8251953125,3910.0,3950.0,3830.0,3890.0,4400
2021-01-22,3748.61279296875,3915.0,3930.0,3850.0,3930.0,2600
2021-01-25,3782.125244140625,3950.0,3950.0,3880.0,3935.0,1600
2021-01-26,3772.55029296875,3940.0,3960.0,3930.0,3955.0,2200
2021-01-27,3758.1875,3925.0,3960.0,3900.0,3900.0,800
2021-01-28,3734.250244140625,3900.0,3960.0,3850.0,3960.0,3200
2021-01-29,3767.7626953125,3935.0,3935.0,3870.0,3890.0,1600
2021-02-01,3772.55029296875,3940.0,3940.0,3850.0,3860.0,2400
2021-02-02,3786.912841796875,3955.0,3990.0,3940.0,3940.0,4000
2021-02-03,3758.1875,3925.0,3995.0,3900.0,3955.0,2400
2021-02-04,3753.400146484375,3920.0,4000.0,3920.0,3970.0,2200
2021-02-05,3734.250244140625,3900.0,3995.0,3900.0,3950.0,1800
2021-02-08,3748.61279296875,3915.0,3950.0,3915.0,3950.0,1400
2021-02-09,3830.000244140625,4000.0,4000.0,3920.0,3935.0,4600
2021-02-10,3830.000244140625,4000.0,4000.0,3965.0,3995.0,1600
2021-02-12,3916.175048828125,4090.0,4090.0,4030.0,4030.0,4800
2021-02-15,3944.900146484375,4120.0,4125.0,4035.0,4125.0,8600
2021-02-16,3973.625244140625,4150.0,4150.0,4080.0,4120.0,11200
2021-02-17,3930.537841796875,4105.0,4110.0,4025.0,4100.0,6600
2021-02-18,3796.48779296875,3965.0,4100.0,3820.0,4100.0,12400
2021-02-19,3652.86279296875,3815.0,3895.0,3750.0,3890.0,8400
2021-02-22,3648.0751953125,3810.0,3815.0,3760.0,3775.0,12800
2021-02-24,3643.28759765625,3805.0,3810.0,3750.0,3800.0,10600
2021-02-25,3643.28759765625,3805.0,3845.0,3805.0,3805.0,2400
2021-02-26,3561.900146484375,3720.0,3750.0,3625.0,3750.0,7000
2021-03-01,3494.875244140625,3650.0,3750.0,3650.0,3720.0,5200
2021-03-02,3494.875244140625,3650.0,3720.0,3625.0,3720.0,9200
2021-03-03,3600.200439453125,3760.0,3760.0,3675.0,3675.0,1600
2021-03-04,3600.200439453125,3760.0,3760.0,3760.0,3760.0,0
2021-03-05,3514.025146484375,3670.0,3680.0,3600.0,3680.0,4800
2021-03-08,3537.962646484375,3695.0,3725.0,3670.0,3700.0,13800
2021-03-09,3504.4501953125,3660.0,3725.0,3600.0,3620.0,3200
2021-03-10,3403.91259765625,3555.0,3670.0,3555.0,3660.0,30400
2021-03-11,3485.300048828125,3640.0,3660.0,3600.0,3630.0,2400
2021-03-12,3633.712646484375,3795.0,3795.0,3700.0,3745.0,2600
2021-03-15,3667.22509765625,3830.0,3870.0,3755.0,3870.0,5000
2021-03-16,3700.737548828125,3865.0,3865.0,3770.0,3855.0,3400
2021-03-17,3729.462646484375,3895.0,3895.0,3795.0,3865.0,2000
2021-03-18,3729.462646484375,3895.0,3940.0,3870.0,3895.0,5400
2021-03-19,3782.125244140625,3950.0,3950.0,3865.0,3865.0,2800
2021-03-22,3782.125244140625,3950.0,3950.0,3900.0,3950.0,2000
2021-03-23,3782.125244140625,3950.0,3975.0,3950.0,3970.0,1400
2021-03-24,3796.48779296875,3965.0,4000.0,3885.0,3945.0,3400
2021-03-25,3767.7626953125,3935.0,3945.0,3880.0,3945.0,4200
2021-03-26,3767.7626953125,3935.0,3935.0,3895.0,3895.0,1600
2021-03-29,3839.575439453125,4010.0,4010.0,4010.0,4010.0,2000
2021-03-30,3795.61083984375,3885.0,3955.0,3810.0,3955.0,2600
2021-03-31,3849.34521484375,3940.0,3940.0,3830.0,3885.0,6400
2021-04-01,3805.380615234375,3895.0,3940.0,3895.0,3940.0,1200
2021-04-02,3815.150634765625,3905.0,3970.0,3905.0,3970.0,800
2021-04-05,3815.150634765625,3905.0,3905.0,3905.0,3905.0,600
2021-04-06,3805.380615234375,3895.0,3985.0,3840.0,3905.0,4800
2021-04-07,3751.64599609375,3840.0,3945.0,3840.0,3910.0,2200
2021-04-08,3756.531005859375,3845.0,3910.0,3835.0,3845.0,6000
2021-04-09,3756.531005859375,3845.0,3860.0,3820.0,3860.0,8800
2021-04-12,3776.07080078125,3865.0,3865.0,3845.0,3845.0,400
2021-04-13,3815.150634765625,3905.0,3905.0,3870.0,3870.0,2600
2021-04-14,3795.61083984375,3885.0,3905.0,3810.0,3875.0,10800
2021-04-15,3722.33642578125,3810.0,3860.0,3780.0,3810.0,8600
2021-04-16,3815.150634765625,3905.0,3910.0,3810.0,3810.0,4800
2021-04-19,3849.34521484375,3940.0,3985.0,3910.0,3915.0,1600
2021-04-20,3815.150634765625,3905.0,3960.0,3900.0,3940.0,1400
2021-04-21,3766.301025390625,3855.0,3865.0,3835.0,3835.0,4400
2021-04-22,3751.64599609375,3840.0,3865.0,3785.0,3865.0,5800
2021-04-23,3707.681396484375,3795.0,3800.0,3765.0,3765.0,3200
2021-04-26,3668.601806640625,3755.0,3815.0,3750.0,3775.0,2600
2021-04-27,3575.78759765625,3660.0,3755.0,3660.0,3755.0,4000
2021-04-28,3590.442626953125,3675.0,3720.0,3625.0,3650.0,31000
2021-04-30,3678.371826171875,3765.0,3775.0,3690.0,3710.0,4600
2021-05-06,3639.292236328125,3725.0,3765.0,3705.0,3750.0,5000
2021-05-07,3688.1416015625,3775.0,3775.0,3700.0,3725.0,13400
2021-05-10,3668.601806640625,3755.0,3785.0,3740.0,3740.0,6000
2021-05-11,3639.292236328125,3725.0,3750.0,3715.0,3740.0,4800
2021-05-12,3644.177001953125,3730.0,3750.0,3685.0,3705.0,8800
2021-05-13,3605.097412109375,3690.0,3730.0,3635.0,3700.0,46200
2021-05-14,3810.265625,3900.0,3970.0,3650.0,3695.0,44600
2021-05-17,3712.56640625,3800.0,3900.0,3750.0,3900.0,22600
2021-05-18,3693.026611328125,3780.0,3870.0,3760.0,3800.0,31200
2021-05-19,3824.92041015625,3915.0,3915.0,3780.0,3790.0,28200
2021-05-20,3839.575439453125,3930.0,4020.0,3930.0,3945.0,31400
2021-05-21,3849.34521484375,3940.0,4025.0,3850.0,3930.0,26600
2021-05-24,3991.009033203125,4085.0,4085.0,3950.0,3950.0,10800
2021-05-25,3917.734619140625,4010.0,4125.0,3995.0,4085.0,31400
2021-05-26,4034.9736328125,4130.0,4130.0,4040.0,4055.0,12800
2021-05-27,4132.6728515625,4230.0,4375.0,4120.0,4130.0,30000
2021-05-28,4191.2919921875,4290.0,4520.0,4235.0,4235.0,41400
2021-05-31,4245.02685546875,4345.0,4370.0,4145.0,4315.0,25600
2021-06-01,4225.48681640625,4325.0,4350.0,4255.0,4325.0,28400
2021-06-02,4205.94677734375,4305.0,4350.0,4260.0,4325.0,23800
2021-06-03,4245.02685546875,4345.0,4355.0,4275.0,4325.0,32800
2021-06-04,4254.79638671875,4355.0,4470.0,4325.0,4345.0,37800
2021-06-07,4308.53125,4410.0,4450.0,4375.0,4380.0,30600
2021-06-08,4274.33642578125,4375.0,4445.0,4350.0,4445.0,33200
2021-06-09,4318.30078125,4420.0,4475.0,4380.0,4410.0,28600
2021-06-10,4171.75244140625,4270.0,4450.0,4225.0,4445.0,31400
2021-06-11,4298.76123046875,4400.0,4460.0,4300.0,4300.0,37800
2021-06-14,4450.19482421875,4555.0,4580.0,4385.0,4410.0,39400
2021-06-15,4543.0087890625,4650.0,4660.0,4505.0,4570.0,36200
2021-06-16,4523.46923828125,4630.0,4700.0,4595.0,4650.0,42200
2021-06-17,4596.74365234375,4705.0,4975.0,4645.0,4645.0,63600
2021-06-18,4596.74365234375,4705.0,4845.0,4460.0,4710.0,90800
2021-06-21,4567.43359375,4675.0,4740.0,4545.0,4680.0,64600
2021-06-22,4738.4072265625,4850.0,4920.0,4710.0,4710.0,91200
2021-06-23,4621.16845703125,4730.0,4860.0,4690.0,4850.0,19400
2021-06-24,4655.36279296875,4765.0,4900.0,4720.0,4750.0,16600
2021-06-25,4635.8232421875,4745.0,4860.0,4745.0,4810.0,9200
2021-06-28,4665.1328125,4775.0,4850.0,4745.0,4745.0,30800
2021-06-29,4523.46923828125,4630.0,4760.0,4550.0,4760.0,18800
2021-06-30,4630.93798828125,4740.0,4830.0,4670.0,4700.0,18700
2021-07-01,4572.31884765625,4680.0,4825.0,4655.0,4750.0,45900
2021-07-02,4494.1591796875,4600.0,4685.0,4515.0,4680.0,89400
2021-07-05,4567.43359375,4675.0,4695.0,4590.0,4600.0,7000
2021-07-06,4533.2392578125,4640.0,4725.0,4610.0,4670.0,8700
2021-07-07,4528.35400390625,4635.0,4670.0,4580.0,4580.0,9700
2021-07-08,4450.19482421875,4555.0,4665.0,4555.0,4610.0,11800
2021-07-09,4391.5751953125,4495.0,4520.0,4445.0,4520.0,14900
2021-07-12,4513.69921875,4620.0,4695.0,4500.0,4565.0,12100
2021-07-13,4523.46923828125,4630.0,4690.0,4505.0,4650.0,36700
2021-07-14,4518.583984375,4625.0,4660.0,4560.0,4605.0,10900
2021-07-15,4445.31005859375,4550.0,4620.0,4455.0,4570.0,19000
2021-07-16,4445.31005859375,4550.0,4680.0,4550.0,4575.0,16000
2021-07-19,4450.19482421875,4555.0,4675.0,4555.0,4620.0,15700
2021-07-20,4533.2392578125,4640.0,4715.0,4565.0,4605.0,17400
2021-07-21,4503.92919921875,4610.0,4745.0,4610.0,4710.0,28300
2021-07-26,4591.8583984375,4700.0,4750.0,4665.0,4680.0,13400
2021-07-27,4552.77880859375,4660.0,4705.0,4585.0,4700.0,7400
2021-07-28,4474.61962890625,4580.0,4660.0,4535.0,4660.0,5900
2021-07-29,4445.31005859375,4550.0,4625.0,4515.0,4620.0,5900
2021-07-30,4484.3896484375,4590.0,4620.0,4550.0,4550.0,7200
2021-08-02,4474.61962890625,4580.0,4640.0,4570.0,4590.0,11300
2021-08-03,4499.04443359375,4605.0,4635.0,4550.0,4550.0,9000
2021-08-04,4494.1591796875,4600.0,4635.0,4505.0,4615.0,11100
2021-08-05,4543.0087890625,4650.0,4680.0,4600.0,4600.0,14700
2021-08-06,4533.2392578125,4640.0,4675.0,4610.0,4650.0,11600
2021-08-10,4523.46923828125,4630.0,4695.0,4490.0,4580.0,18700
2021-08-11,4523.46923828125,4630.0,4675.0,4580.0,4585.0,14400
2021-08-12,4562.548828125,4670.0,4715.0,4605.0,4640.0,4900
2021-08-13,4547.89404296875,4655.0,4670.0,4610.0,4670.0,2400
2021-08-16,4445.31005859375,4550.0,4650.0,4550.0,4650.0,9000
2021-08-17,4357.380859375,4460.0,4620.0,4460.0,4620.0,6400
2021-08-18,4323.18603515625,4425.0,4530.0,4400.0,4460.0,4500
2021-08-19,4342.7255859375,4445.0,4480.0,4380.0,4415.0,6500
2021-08-20,4161.982421875,4260.0,4450.0,4165.0,4375.0,9500
2021-08-23,4205.94677734375,4305.0,4455.0,4260.0,4260.0,2500
2021-08-24,4284.1064453125,4385.0,4410.0,4380.0,4410.0,1100
2021-08-25,4288.9912109375,4390.0,4445.0,4390.0,4390.0,2500
2021-08-26,4293.87646484375,4395.0,4460.0,4375.0,4390.0,3600
2021-08-27,4303.64599609375,4405.0,4430.0,4355.0,4355.0,1600
2021-08-30,4362.265625,4465.0,4515.0,4405.0,4405.0,5400
2021-08-31,4425.77001953125,4530.0,4545.0,4455.0,4455.0,6600
2021-09-01,4386.6904296875,4490.0,4555.0,4475.0,4480.0,3700
2021-09-02,4381.8056640625,4485.0,4560.0,4475.0,4485.0,4900
2021-09-03,4411.115234375,4515.0,4545.0,4475.0,4485.0,6500
2021-09-06,4445.31005859375,4550.0,4630.0,4495.0,4515.0,14100
2021-09-07,4459.96484375,4565.0,4620.0,4540.0,4540.0,8600
2021-09-08,4376.92041015625,4480.0,4595.0,4470.0,4565.0,16200
2021-09-09,4337.8408203125,4440.0,4500.0,4400.0,4465.0,14600
2021-09-10,4396.46044921875,4500.0,4520.0,4450.0,4460.0,5800
2021-09-13,4430.65478515625,4535.0,4540.0,4500.0,4500.0,2100
2021-09-14,4518.583984375,4625.0,4645.0,4550.0,4550.0,4900
2021-09-15,4538.1240234375,4645.0,4690.0,4585.0,4640.0,16100
2021-09-16,4562.548828125,4670.0,4690.0,4640.0,4690.0,5100
2021-09-17,4591.8583984375,4700.0,4740.0,4665.0,4665.0,31200
2021-09-21,4547.89404296875,4655.0,4665.0,4625.0,4645.0,21700
2021-09-22,4533.2392578125,4640.0,4710.0,4625.0,4655.0,17300
2021-09-24,4601.62841796875,4710.0,4720.0,4620.0,4640.0,23800
2021-09-27,4582.08837890625,4690.0,4700.0,4670.0,4690.0,15400
2021-09-28,4582.08837890625,4690.0,4735.0,4655.0,4690.0,17300
2021-09-29,4538.1240234375,4645.0,4700.0,4560.0,4680.0,26900
2021-09-30,4420.88525390625,4525.0,4635.0,4510.0,4635.0,15400
2021-10-01,4435.5400390625,4540.0,4570.0,4525.0,4570.0,4300
2021-10-04,4411.115234375,4515.0,4560.0,4510.0,4560.0,8000
2021-10-05,4332.9560546875,4435.0,4500.0,4435.0,4500.0,10300
2021-10-06,4376.92041015625,4480.0,4520.0,4455.0,4455.0,14400
2021-10-07,4440.4248046875,4545.0,4570.0,4480.0,4480.0,10500
2021-10-08,4425.77001953125,4530.0,4580.0,4515.0,4540.0,5200
2021-10-11,4523.46923828125,4630.0,4635.0,4550.0,4595.0,13700
2021-10-12,4513.69921875,4620.0,4680.0,4580.0,4595.0,2900
2021-10-13,4459.96484375,4565.0,4620.0,4565.0,4620.0,1700
2021-10-14,4543.0087890625,4650.0,4650.0,4585.0,4600.0,1600
2021-10-15,4533.2392578125,4640.0,4725.0,4640.0,4705.0,16400
2021-10-18,4674.90283203125,4785.0,4785.0,4640.0,4640.0,9200
2021-10-19,4679.78759765625,4790.0,4790.0,4735.0,4735.0,2700
2021-10-20,4674.90283203125,4785.0,4785.0,4735.0,4750.0,2100
2021-10-21,4616.283203125,4725.0,4760.0,4720.0,4740.0,2100
2021-10-22,4635.8232421875,4745.0,4775.0,4710.0,4775.0,3800
2021-10-25,4591.8583984375,4700.0,4730.0,4690.0,4690.0,3600
2021-10-26,4626.05322265625,4735.0,4735.0,4690.0,4700.0,2800
2021-10-27,4626.05322265625,4735.0,4735.0,4735.0,4735.0,400
2021-10-28,4601.62841796875,4710.0,4725.0,4655.0,4705.0,5300
2021-10-29,4591.8583984375,4700.0,4710.0,4660.0,4680.0,1600
2021-11-01,4596.74365234375,4705.0,4740.0,4705.0,4705.0,600
2021-11-02,4626.05322265625,4735.0,4770.0,4700.0,4705.0,10400
2021-11-04,4635.8232421875,4745.0,4795.0,4705.0,4795.0,5000
2021-11-05,4626.05322265625,4735.0,4770.0,4650.0,4730.0,5300
2021-11-08,4689.5576171875,4800.0,4825.0,4670.0,4735.0,43900
2021-11-09,4684.6728515625,4795.0,4980.0,4765.0,4860.0,15300
2021-11-10,4699.32763671875,4810.0,4845.0,4780.0,4780.0,13000
2021-11-11,4797.02685546875,4910.0,4975.0,4805.0,4810.0,49300
2021-11-12,4972.88525390625,5090.0,5250.0,5010.0,5050.0,60700
2021-11-15,5148.74365234375,5270.0,5350.0,5190.0,5290.0,57900
2021-11-16,4933.8056640625,5050.0,5100.0,4990.0,5070.0,27000
2021-11-17,4914.265625,5030.0,5090.0,4940.0,5030.0,28800
2021-11-18,4894.7255859375,5010.0,5020.0,4935.0,4935.0,7900
2021-11-19,4914.265625,5030.0,5060.0,5000.0,5030.0,5200
2021-11-22,4836.1064453125,4950.0,5040.0,4920.0,5040.0,7900
2021-11-24,4821.45166015625,4935.0,4980.0,4910.0,4910.0,6500
2021-11-25,4840.9912109375,4955.0,4970.0,4920.0,4935.0,8300
2021-11-26,4743.2919921875,4855.0,4950.0,4760.0,4950.0,13600
2021-11-29,4694.4423828125,4805.0,4865.0,4750.0,4755.0,11800
2021-11-30,4836.1064453125,4950.0,4970.0,4855.0,4855.0,14700
2021-12-01,4743.2919921875,4855.0,4910.0,4810.0,4910.0,8200
2021-12-02,4601.62841796875,4710.0,4850.0,4660.0,4850.0,17500
2021-12-03,4792.1416015625,4905.0,4905.0,4660.0,4770.0,13600
2021-12-06,4733.5224609375,4845.0,4895.0,4715.0,4895.0,10200
2021-12-07,4811.681640625,4925.0,4940.0,4820.0,4915.0,6700
2021-12-08,4870.30078125,4985.0,5040.0,4940.0,5000.0,19700
2021-12-09,4924.03564453125,5040.0,5050.0,4985.0,4990.0,12500
2021-12-10,4782.37158203125,4895.0,5020.0,4880.0,5020.0,3800
2021-12-13,4904.49560546875,5020.0,5020.0,4885.0,4950.0,22200
2021-12-14,4914.265625,5030.0,5220.0,4995.0,5220.0,36400
2021-12-15,4845.87646484375,4960.0,5000.0,4940.0,4990.0,10500
2021-12-16,5051.04443359375,5170.0,5300.0,5050.0,5050.0,57000
2021-12-17,4904.49560546875,5020.0,5080.0,4985.0,5070.0,24300
2021-12-20,4870.30078125,4985.0,5100.0,4965.0,5050.0,18900
2021-12-21,4933.8056640625,5050.0,5110.0,4985.0,4985.0,34400
2021-12-22,5178.05322265625,5300.0,5340.0,5090.0,5100.0,48400
2021-12-23,5226.90283203125,5350.0,5460.0,5250.0,5380.0,38200
2021-12-24,5734.93798828125,5870.0,5890.0,5550.0,5550.0,114800
2021-12-27,5549.31005859375,5680.0,5820.0,5550.0,5790.0,28300
2021-12-28,5734.93798828125,5870.0,5870.0,5700.0,5780.0,33600
2021-12-29,5949.87646484375,6090.0,6310.0,5970.0,5970.0,81500
2021-12-30,6037.8056640625,6180.0,6230.0,5980.0,6080.0,70200
2022-01-04,6008.49560546875,6150.0,6190.0,6050.0,6180.0,24800
2022-01-05,5901.02685546875,6040.0,6140.0,5800.0,6140.0,40700
2022-01-06,5979.18603515625,6120.0,6170.0,5990.0,6000.0,26600
2022-01-07,5852.17724609375,5990.0,6170.0,5900.0,6100.0,32100
2022-01-11,5891.2568359375,6030.0,6100.0,5960.0,6080.0,10900
2022-01-12,6018.265625,6160.0,6180.0,6000.0,6090.0,25300
2022-01-13,6057.34521484375,6200.0,6400.0,6160.0,6190.0,40600
2022-01-14,5832.63720703125,5970.0,6030.0,5800.0,5910.0,57700
2022-01-17,5891.2568359375,6030.0,6150.0,6000.0,6040.0,29300
2022-01-18,5852.17724609375,5990.0,6240.0,5990.0,6100.0,42400
2022-01-19,5754.47802734375,5890.0,6020.0,5830.0,5950.0,43200
2022-01-20,5734.93798828125,5870.0,5950.0,5850.0,5890.0,17100
2022-01-21,5695.8583984375,5830.0,5900.0,5770.0,5890.0,14300
2022-01-24,5744.7080078125,5880.0,5930.0,5790.0,5930.0,18800
2022-01-25,5529.77001953125,5660.0,5850.0,5640.0,5850.0,30500
2022-01-26,5666.548828125,5800.0,5820.0,5650.0,5670.0,24400
2022-01-27,5441.8408203125,5570.0,5870.0,5570.0,5800.0,24800
2022-01-28,5607.92919921875,5740.0,5840.0,5590.0,5610.0,27800
2022-01-31,5520.0,5650.0,5760.0,5620.0,5650.0,83500
2022-02-01,5647.0087890625,5780.0,5820.0,5670.0,5750.0,24400
2022-02-02,5598.15966796875,5730.0,5810.0,5720.0,5720.0,10400
2022-02-03,5549.31005859375,5680.0,5740.0,5660.0,5730.0,13000
2022-02-04,5666.548828125,5800.0,5810.0,5610.0,5640.0,16100
2022-02-07,5627.46923828125,5760.0,5840.0,5710.0,5800.0,23500
2022-02-08,5451.61083984375,5580.0,5740.0,5580.0,5740.0,29400
2022-02-09,5666.548828125,5800.0,5800.0,5590.0,5610.0,28100
2022-02-10,5705.62841796875,5840.0,5990.0,5780.0,5840.0,48800
2022-02-14,5881.48681640625,6020.0,6130.0,5850.0,5890.0,67900
2022-02-15,5734.93798828125,5870.0,5950.0,5720.0,5920.0,44300
2022-02-16,5842.4072265625,5980.0,6090.0,5830.0,5870.0,47500
2022-02-17,5832.63720703125,5970.0,6080.0,5920.0,6080.0,32400
2022-02-18,5539.5400390625,5670.0,5800.0,5610.0,5680.0,48500
2022-02-21,5451.61083984375,5580.0,5680.0,5440.0,5510.0,60600
2022-02-22,5412.53125,5540.0,5540.0,5310.0,5410.0,47900
2022-02-24,5432.07080078125,5560.0,5560.0,5420.0,5440.0,47000
2022-02-25,5549.31005859375,5680.0,5800.0,5610.0,5610.0,40900
2022-02-28,5734.93798828125,5870.0,5870.0,5620.0,5700.0,39000
2022-03-01,5744.7080078125,5880.0,5930.0,5850.0,5890.0,31100
2022-03-02,5549.31005859375,5680.0,5800.0,5660.0,5800.0,26700
2022-03-03,5627.46923828125,5760.0,5830.0,5740.0,5800.0,48200
2022-03-04,5480.92041015625,5610.0,5800.0,5580.0,5660.0,16500
2022-03-07,5217.1328125,5340.0,5560.0,5310.0,5510.0,20900
2022-03-08,5060.814453125,5180.0,5310.0,5100.0,5210.0,24300
2022-03-09,4972.88525390625,5090.0,5220.0,5070.0,5220.0,29700
2022-03-10,5265.982421875,5390.0,5420.0,5190.0,5190.0,20600
2022-03-11,5490.6904296875,5620.0,5630.0,5420.0,5490.0,56900
2022-03-14,5598.15966796875,5730.0,5810.0,5600.0,5640.0,42300
2022-03-15,5471.150390625,5600.0,5860.0,5600.0,5800.0,34700
2022-03-16,5334.37158203125,5460.0,5570.0,5390.0,5560.0,45700
2022-03-17,5422.30126953125,5550.0,5570.0,5380.0,5500.0,54100
2022-03-18,5568.849609375,5700.0,5730.0,5560.0,5590.0,79500
2022-03-22,5568.849609375,5700.0,5870.0,5690.0,5780.0,65900
2022-03-23,5656.77880859375,5790.0,5790.0,5580.0,5600.0,47800
2022-03-24,5637.2392578125,5770.0,5800.0,5640.0,5640.0,18100
2022-03-25,5598.15966796875,5730.0,5760.0,5650.0,5680.0,37300
2022-03-28,5539.5400390625,5670.0,5830.0,5670.0,5830.0,28400
2022-03-29,5520.0,5650.0,5680.0,5570.0,5570.0,35700
2022-03-30,5630.0,5630.0,5710.0,5570.0,5660.0,32100
2022-03-31,5710.0,5710.0,5730.0,5580.0,5580.0,30500
2022-04-01,6080.0,6080.0,6080.0,5700.0,5710.0,61400
2022-04-04,6070.0,6070.0,6130.0,5970.0,6020.0,33200
2022-04-05,6100.0,6100.0,6150.0,6030.0,6100.0,58900
2022-04-06,6110.0,6110.0,6190.0,5950.0,6050.0,71000
2022-04-07,6100.0,6100.0,6190.0,6030.0,6190.0,66300
2022-04-08,6170.0,6170.0,6300.0,6110.0,6150.0,73000
2022-04-11,6060.0,6060.0,6130.0,6000.0,6130.0,37100
2022-04-12,6000.0,6000.0,6120.0,6000.0,6100.0,38800
2022-04-13,6150.0,6150.0,6150.0,5950.0,5980.0,48200
2022-04-14,6240.0,6240.0,6240.0,6150.0,6150.0,56600
2022-04-15,6110.0,6110.0,6230.0,6080.0,6170.0,33000
2022-04-18,6180.0,6180.0,6200.0,6070.0,6150.0,31300
2022-04-19,6190.0,6190.0,6230.0,6140.0,6180.0,51400
2022-04-20,6280.0,6280.0,6340.0,6220.0,6230.0,54700
2022-04-21,6210.0,6210.0,6300.0,6190.0,6270.0,73600
2022-04-22,6130.0,6130.0,6220.0,6110.0,6180.0,53900
2022-04-25,6020.0,6020.0,6100.0,5950.0,6100.0,42700
2022-04-26,5850.0,5850.0,6020.0,5840.0,6020.0,43000
2022-04-27,5700.0,5700.0,5760.0,5620.0,5750.0,38300
2022-04-28,6010.0,6010.0,6040.0,5660.0,5660.0,40500
2022-05-02,6010.0,6010.0,6120.0,5940.0,6020.0,22200
2022-05-06,6130.0,6130.0,6180.0,5950.0,5950.0,38500
2022-05-09,6130.0,6130.0,6170.0,6020.0,6110.0,42200
2022-05-10,5780.0,5780.0,6050.0,5670.0,6020.0,61200
2022-05-11,5790.0,5790.0,5830.0,5620.0,5820.0,53700
2022-05-12,5660.0,5660.0,5800.0,5620.0,5790.0,41700
2022-05-13,6070.0,6070.0,6230.0,5160.0,5260.0,234300
2022-05-16,6070.0,6070.0,6270.0,6070.0,6170.0,96500
2022-05-17,6490.0,6490.0,6640.0,6190.0,6220.0,136600
2022-05-18,6680.0,6680.0,6770.0,6420.0,6490.0,93700
2022-05-19,6660.0,6660.0,6710.0,6580.0,6650.0,155100
2022-05-20,6880.0,6880.0,6920.0,6580.0,6650.0,178800
2022-05-23,7120.0,7120.0,7140.0,6930.0,6930.0,97200
2022-05-24,7080.0,7080.0,7180.0,6970.0,7120.0,163800
2022-05-25,7080.0,7080.0,7160.0,6760.0,7050.0,196000
2022-05-26,7100.0,7100.0,7190.0,6990.0,7130.0,115100
2022-05-27,7030.0,7030.0,7110.0,6890.0,7110.0,78600
2022-05-30,7180.0,7180.0,7330.0,7130.0,7230.0,61400
2022-05-31,7240.0,7240.0,7430.0,7180.0,7180.0,431200
2022-06-01,7350.0,7350.0,7450.0,7230.0,7240.0,45500
2022-06-02,7320.0,7320.0,7360.0,7210.0,7320.0,57900
2022-06-03,7340.0,7340.0,7420.0,7300.0,7320.0,61100
2022-06-06,7180.0,7180.0,7340.0,7120.0,7340.0,49600
2022-06-07,7060.0,7060.0,7210.0,6990.0,7210.0,53800
2022-06-08,6900.0,6900.0,7210.0,6860.0,7210.0,90000
2022-06-09,6900.0,6900.0,6960.0,6820.0,6940.0,63100
2022-06-10,6700.0,6700.0,6810.0,6620.0,6810.0,52100
2022-06-13,6590.0,6590.0,6710.0,6550.0,6640.0,44800
2022-06-14,6630.0,6630.0,6660.0,6520.0,6520.0,58400
2022-06-15,6530.0,6530.0,6670.0,6520.0,6620.0,42500
2022-06-16,6430.0,6430.0,6600.0,6400.0,6530.0,36900
2022-06-17,6270.0,6270.0,6410.0,6140.0,6260.0,64600
2022-06-20,6050.0,6050.0,6350.0,6010.0,6290.0,34300
2022-06-21,6190.0,6190.0,6260.0,6090.0,6090.0,23600
2022-06-22,5840.0,5840.0,6210.0,5790.0,6160.0,80900
2022-06-23,5630.0,5630.0,5830.0,5590.0,5830.0,68000
2022-06-24,5550.0,5550.0,5640.0,5490.0,5620.0,55200
2022-06-27,5550.0,5550.0,5630.0,5480.0,5620.0,61700
2022-06-28,5570.0,5570.0,5570.0,5500.0,5550.0,64600
2022-06-29,5350.0,5350.0,5550.0,5340.0,5420.0,47100
2022-06-30,5130.0,5130.0,5300.0,5100.0,5300.0,58900
2022-07-01,5000.0,5000.0,5180.0,4940.0,5170.0,88200
2022-07-04,5010.0,5010.0,5080.0,4940.0,5050.0,80900
2022-07-05,5040.0,5040.0,5110.0,5010.0,5070.0,73700
2022-07-06,5080.0,5080.0,5090.0,5030.0,5040.0,80800
2022-07-07,5200.0,5200.0,5200.0,5080.0,5110.0,44200
2022-07-08,5200.0,5200.0,5290.0,5190.0,5210.0,97100
2022-07-11,5220.0,5220.0,5300.0,5180.0,5300.0,38300
2022-07-12,5230.0,5230.0,5260.0,5150.0,5240.0,36400
2022-07-13,5190.0,5190.0,5230.0,5170.0,5230.0,40500
2022-07-14,5290.0,5290.0,5310.0,5180.0,5210.0,21500
2022-07-15,5290.0,5290.0,5350.0,5210.0,5350.0,65700
2022-07-19,5400.0,5400.0,5450.0,5300.0,5330.0,43800
2022-07-20,5640.0,5640.0,5670.0,5510.0,5540.0,44900
2022-07-21,5680.0,5680.0,5750.0,5600.0,5670.0,55800
2022-07-22,5720.0,5720.0,5810.0,5690.0,5730.0,27800
2022-07-25,5730.0,5730.0,5800.0,5720.0,5740.0,30900
2022-07-26,5810.0,5810.0,5810.0,5720.0,5770.0,24300
2022-07-27,6000.0,6000.0,6110.0,5960.0,6010.0,80400
2022-07-28,6180.0,6180.0,6210.0,6090.0,6100.0,105800
2022-07-29,6190.0,6190.0,6310.0,6110.0,6180.0,67300
2022-08-01,6360.0,6360.0,6430.0,6280.0,6290.0,48500
2022-08-02,6400.0,6400.0,6460.0,6350.0,6460.0,68300
2022-08-03,6300.0,6300.0,6410.0,6210.0,6380.0,73200
2022-08-04,6430.0,6430.0,6480.0,6310.0,6340.0,57700
2022-08-05,6340.0,6340.0,6410.0,6310.0,6400.0,38400
2022-08-08,6260.0,6260.0,6330.0,6160.0,6330.0,60500
2022-08-09,6230.0,6230.0,6280.0,6000.0,6080.0,101400
2022-08-10,6220.0,6220.0,6300.0,6160.0,6230.0,28800
2022-08-12,6370.0,6370.0,6470.0,6320.0,6360.0,30900
2022-08-15,6300.0,6300.0,6420.0,6240.0,6410.0,35600
2022-08-16,6310.0,6310.0,6340.0,6220.0,6290.0,15100
2022-08-17,6540.0,6540.0,6570.0,6340.0,6360.0,45400
2022-08-18,6470.0,6470.0,6590.0,6440.0,6470.0,39100
2022-08-19,6590.0,6590.0,6620.0,6470.0,6470.0,27300
2022-08-22,6620.0,6620.0,6730.0,6590.0,6590.0,91200
2022-08-23,6610.0,6610.0,6770.0,6580.0,6710.0,67900
2022-08-24,6720.0,6720.0,6740.0,6590.0,6610.0,44100
2022-08-25,6580.0,6580.0,6780.0,6550.0,6730.0,35800
2022-08-26,6650.0,6650.0,6680.0,6560.0,6560.0,22000
2022-08-29,6430.0,6430.0,6560.0,6430.0,6500.0,24500
2022-08-30,6550.0,6550.0,6580.0,6510.0,6560.0,20500
2022-08-31,6540.0,6540.0,6570.0,6500.0,6550.0,25800
2022-09-01,6450.0,6450.0,6510.0,6410.0,6510.0,21800
2022-09-02,6440.0,6440.0,6510.0,6350.0,6470.0,33500
2022-09-05,6540.0,6540.0,6570.0,6430.0,6430.0,26700
2022-09-06,6610.0,6610.0,6630.0,6560.0,6590.0,26200
2022-09-07,6500.0,6500.0,6610.0,6450.0,6610.0,39700
2022-09-08,6760.0,6760.0,6790.0,6550.0,6580.0,46800
2022-09-09,6790.0,6790.0,6840.0,6750.0,6750.0,23000
2022-09-12,7170.0,7170.0,7220.0,7030.0,7060.0,79500
2022-09-13,7200.0,7200.0,7260.0,7080.0,7080.0,63900
2022-09-14,6940.0,6940.0,7110.0,6930.0,7000.0,40400
2022-09-15,6820.0,6820.0,6900.0,6750.0,6860.0,52200
2022-09-16,6630.0,6630.0,6910.0,6590.0,6820.0,496600
2022-09-20,6790.0,6790.0,6860.0,6530.0,6630.0,43300
2022-09-21,6740.0,6740.0,6770.0,6650.0,6650.0,29000
2022-09-22,6610.0,6610.0,6670.0,6520.0,6670.0,34400
2022-09-26,6050.0,6050.0,6450.0,6030.0,6450.0,47100
2022-09-27,6130.0,6130.0,6250.0,6070.0,6070.0,33600
2022-09-28,6030.0,6030.0,6140.0,5980.0,6140.0,32800
2022-09-29,6160.0,6160.0,6160.0,6020.0,6080.0,42500
2022-09-30,6070.0,6070.0,6130.0,5910.0,5960.0,61000
2022-10-03,6270.0,6270.0,6270.0,6030.0,6030.0,32700
2022-10-04,6310.0,6310.0,6410.0,6270.0,6390.0,30700
2022-10-05,6500.0,6500.0,6500.0,6280.0,6350.0,23900
2022-10-06,6530.0,6530.0,6550.0,6430.0,6500.0,25000
2022-10-07,6470.0,6470.0,6580.0,6420.0,6440.0,34800
2022-10-11,6240.0,6240.0,6380.0,6240.0,6380.0,16000
2022-10-12,6100.0,6100.0,6350.0,6070.0,6340.0,21800
2022-10-13,6110.0,6110.0,6180.0,6030.0,6100.0,22300
2022-10-14,6390.0,6390.0,6450.0,6220.0,6290.0,35700
2022-10-17,6290.0,6290.0,6350.0,6270.0,6320.0,8900
2022-10-18,6600.0,6600.0,6610.0,6290.0,6290.0,24200
2022-10-19,6530.0,6530.0,6750.0,6530.0,6690.0,31500
2022-10-20,6410.0,6410.0,6630.0,6400.0,6530.0,50900
2022-10-21,6400.0,6400.0,6510.0,6390.0,6410.0,9200
2022-10-24,6680.0,6680.0,6720.0,6500.0,6500.0,24600
2022-10-25,6540.0,6540.0,6740.0,6530.0,6680.0,24400
2022-10-26,6550.0,6550.0,6640.0,6480.0,6640.0,14400
2022-10-27,6520.0,6520.0,6630.0,6520.0,6610.0,12800
2022-10-28,6610.0,6610.0,6730.0,6520.0,6570.0,18600
2022-10-31,6820.0,6820.0,6890.0,6650.0,6650.0,37100
2022-11-01,6790.0,6790.0,6950.0,6730.0,6920.0,16000
2022-11-02,6770.0,6770.0,6860.0,6750.0,6770.0,69800
2022-11-04,6760.0,6760.0,6870.0,6750.0,6870.0,15200
2022-11-07,6740.0,6740.0,6810.0,6720.0,6760.0,25000
2022-11-08,6920.0,6920.0,6980.0,6730.0,6780.0,35900
2022-11-09,7040.0,7040.0,7110.0,6980.0,7020.0,66500
2022-11-10,6980.0,6980.0,7030.0,6880.0,6910.0,39200
2022-11-11,6610.0,6610.0,7160.0,6400.0,7080.0,155500
2022-11-14,6420.0,6420.0,6680.0,6270.0,6600.0,68900
2022-11-15,6520.0,6520.0,6590.0,6350.0,6410.0,41000
2022-11-16,6510.0,6510.0,6640.0,6470.0,6510.0,42400
2022-11-17,6500.0,6500.0,6640.0,6490.0,6580.0,33100
2022-11-18,6340.0,6340.0,6610.0,6340.0,6580.0,69800
2022-11-21,6730.0,6730.0,6800.0,6350.0,6350.0,44000
2022-11-22,6820.0,6820.0,6880.0,6700.0,6780.0,36000
2022-11-24,6870.0,6870.0,6910.0,6790.0,6830.0,26600
2022-11-25,6830.0,6830.0,7050.0,6820.0,6950.0,39800
2022-11-28,6910.0,6910.0,6980.0,6670.0,6930.0,53300
2022-11-29,6930.0,6930.0,6960.0,6700.0,6910.0,50200
2022-11-30,6950.0,6950.0,6990.0,6800.0,6840.0,33900
2022-12-01,7000.0,7000.0,7040.0,6910.0,7030.0,43700
2022-12-02,6910.0,6910.0,7000.0,6840.0,6940.0,30800
2022-12-05,6800.0,6800.0,6910.0,6730.0,6910.0,16800
2022-12-06,6670.0,6670.0,6780.0,6570.0,6730.0,56200
2022-12-07,6460.0,6460.0,6600.0,6430.0,6600.0,50400
2022-12-08,6540.0,6540.0,6580.0,6410.0,6440.0,45000
2022-12-09,6550.0,6550.0,6640.0,6450.0,6550.0,41700
2022-12-12,6450.0,6450.0,6550.0,6440.0,6550.0,16700
2022-12-13,6570.0,6570.0,6570.0,6460.0,6500.0,43700
2022-12-14,6590.0,6590.0,6620.0,6560.0,6590.0,16500
2022-12-15,6420.0,6420.0,6600.0,6420.0,6510.0,27900
2022-12-16,6340.0,6340.0,6400.0,6250.0,6400.0,34600
2022-12-19,6110.0,6110.0,6330.0,6110.0,6290.0,15300
2022-12-20,5870.0,5870.0,6140.0,5830.0,6110.0,38900
2022-12-21,5730.0,5730.0,5870.0,5630.0,5870.0,34700
2022-12-22,5950.0,5950.0,6020.0,5810.0,5930.0,30100
2022-12-23,5890.0,5890.0,5910.0,5780.0,5910.0,22500
2022-12-26,5920.0,5920.0,5920.0,5800.0,5910.0,16900
2022-12-27,5870.0,5870.0,5980.0,5830.0,5920.0,14300
2022-12-28,5870.0,5870.0,5950.0,5870.0,5870.0,12900
2022-12-29,6000.0,6000.0,6000.0,5810.0,5940.0,14200
2022-12-30,6080.0,6080.0,6380.0,6010.0,6030.0,21900
2023-01-04,5870.0,5870.0,6080.0,5870.0,6080.0,10500
2023-01-05,5940.0,5940.0,5940.0,5870.0,5930.0,7500
2023-01-06,6220.0,6220.0,6220.0,5900.0,5940.0,26300
2023-01-10,6570.0,6570.0,6680.0,6320.0,6320.0,64800
2023-01-11,6460.0,6460.0,6530.0,6320.0,6530.0,19100
2023-01-12,6400.0,6400.0,6500.0,6370.0,6480.0,11400
2023-01-13,6430.0,6430.0,6510.0,6360.0,6450.0,19100
2023-01-16,6430.0,6430.0,6500.0,6340.0,6470.0,11600
2023-01-17,6440.0,6440.0,6490.0,6370.0,6470.0,8300
2023-01-18,6470.0,6470.0,6560.0,6450.0,6470.0,23700
2023-01-19,6480.0,6480.0,6530.0,6300.0,6450.0,17300
2023-01-20,6410.0,6410.0,6480.0,6380.0,6480.0,4100
2023-01-23,6500.0,6500.0,6530.0,6400.0,6500.0,23300
2023-01-24,6670.0,6670.0,6680.0,6410.0,6500.0,32900
2023-01-25,6700.0,6700.0,6750.0,6540.0,6600.0,18400
2023-01-26,6570.0,6570.0,6650.0,6520.0,6600.0,16600
2023-01-27,6470.0,6470.0,6510.0,6420.0,6510.0,10800
2023-01-30,6560.0,6560.0,6610.0,6460.0,6530.0,17000
2023-01-31,6600.0,6600.0,6670.0,6570.0,6610.0,15900
2023-02-01,6540.0,6540.0,6660.0,6510.0,6660.0,13800
2023-02-02,6600.0,6600.0,6650.0,6560.0,6650.0,19800
2023-02-03,6410.0,6410.0,6620.0,6370.0,6600.0,18700
2023-02-06,6470.0,6470.0,6610.0,6430.0,6500.0,19900
2023-02-07,6470.0,6470.0,6490.0,6310.0,6450.0,29000
2023-02-08,6550.0,6550.0,6640.0,6530.0,6530.0,13400
2023-02-09,6500.0,6500.0,6570.0,6400.0,6570.0,27100
2023-02-10,6490.0,6490.0,6590.0,6430.0,6550.0,18800
2023-02-13,6510.0,6510.0,6710.0,6440.0,6610.0,55900
2023-02-14,6500.0,6500.0,6550.0,6450.0,6510.0,9700
2023-02-15,6410.0,6410.0,6530.0,6380.0,6500.0,17700
2023-02-16,6490.0,6490.0,6490.0,6420.0,6490.0,21900
2023-02-17,6290.0,6290.0,6480.0,6250.0,6480.0,20800
2023-02-20,6230.0,6230.0,6380.0,6210.0,6380.0,8000
2023-02-21,6200.0,6200.0,6210.0,6130.0,6200.0,17400
2023-02-22,5960.0,5960.0,6100.0,5960.0,6100.0,15400
2023-02-24,6160.0,6160.0,6200.0,5950.0,6010.0,27400
2023-02-27,6190.0,6190.0,6190.0,6070.0,6160.0,10200
2023-02-28,6200.0,6200.0,6280.0,6130.0,6200.0,32400
2023-03-01,6470.0,6470.0,6470.0,6170.0,6210.0,15300
2023-03-02,6460.0,6460.0,6520.0,6430.0,6470.0,11600
2023-03-03,6470.0,6470.0,6500.0,6420.0,6460.0,9700
2023-03-06,6580.0,6580.0,6610.0,6480.0,6540.0,14600
2023-03-07,6480.0,6480.0,6610.0,6470.0,6610.0,12100
2023-03-08,6470.0,6470.0,6480.0,6420.0,6430.0,10200
2023-03-09,6430.0,6430.0,6570.0,6400.0,6570.0,12200
2023-03-10,6260.0,6260.0,6330.0,6230.0,6330.0,12000
2023-03-13,6290.0,6290.0,6310.0,6160.0,6250.0,12400
2023-03-14,6130.0,6130.0,6290.0,6040.0,6290.0,26800
2023-03-15,6180.0,6180.0,6280.0,6090.0,6090.0,31000
2023-03-16,6120.0,6120.0,6180.0,5960.0,6080.0,24900
2023-03-17,6410.0,6410.0,6520.0,6160.0,6240.0,53500
2023-03-20,6350.0,6350.0,6540.0,6240.0,6310.0,36600
2023-03-22,6500.0,6500.0,6560.0,6360.0,6450.0,22700
2023-03-28,6370.0,6370.0,6380.0,6320.0,6360.0,7300
2023-03-23,6440.0,6440.0,6520.0,6380.0,6500.0,11800
2023-03-29,6510.0,6510.0,6510.0,6290.0,6410.0,8700
2023-03-24,6200.0,6200.0,6440.0,6200.0,6440.0,15300
2023-03-27,6400.0,6400.0,6450.0,6120.0,6270.0,21300
2023-03-28,6370.0,6370.0,6400.0,6320.0,6360.0,7300
2023-03-27,6223.04150390625,6400.0,6450.0,6120.0,6270.0,21300
2023-03-28,6193.87109375,6370.0,6400.0,6320.0,6360.0,7300
2023-03-29,6330.0,6510.0,6510.0,6290.0,6410.0,8700
2023-03-30,6330.0,6330.0,6430.0,6290.0,6290.0,8500
2023-03-31,6480.0,6480.0,6530.0,6380.0,6380.0,9900
2023-04-03,6420.0,6420.0,6480.0,6350.0,6480.0,8400
2023-04-04,6400.0,6400.0,6410.0,6310.0,6350.0,10100
2023-04-05,6180.0,6180.0,6340.0,6140.0,6340.0,11000
2023-04-06,6020.0,6020.0,6180.0,5970.0,6180.0,15400
2023-04-07,6070.0,6070.0,6080.0,5950.0,6030.0,8200
2023-04-10,6260.0,6260.0,6260.0,6090.0,6170.0,8500
2023-04-11,6160.0,6160.0,6290.0,6150.0,6260.0,6900
2023-04-12,6200.0,6200.0,6260.0,6090.0,6160.0,9800
2023-04-13,6170.0,6170.0,6200.0,6120.0,6160.0,7200
2023-04-14,6180.0,6180.0,6200.0,6090.0,6140.0,9900
2023-04-17,6240.0,6240.0,6260.0,6180.0,6250.0,7700
2023-04-18,6070.0,6070.0,6220.0,6070.0,6220.0,13900
2023-04-19,6070.0,6070.0,6080.0,5970.0,6020.0,16200
2023-04-20,6080.0,6080.0,6140.0,5920.0,5960.0,17000
2023-04-21,6170.0,6170.0,6170.0,5950.0,5980.0,10400
2023-04-24,6140.0,6140.0,6210.0,6110.0,6170.0,12700
2023-04-25,6260.0,6260.0,6440.0,6110.0,6170.0,28200
2023-04-26,6120.0,6120.0,6270.0,6030.0,6160.0,17300
2023-04-27,6270.0,6270.0,6320.0,6070.0,6070.0,7900
2023-04-28,6540.0,6540.0,6590.0,6300.0,6300.0,27200
2023-05-01,6650.0,6650.0,6730.0,6440.0,6440.0,14200
2023-05-02,6790.0,6790.0,6950.0,6580.0,6620.0,34100
2023-05-08,6770.0,6770.0,6890.0,6690.0,6790.0,18800
2023-05-09,6790.0,6790.0,6830.0,6750.0,6770.0,5300
2023-05-10,6930.0,6930.0,7180.0,6790.0,6790.0,36400
2023-05-11,6740.0,6740.0,6840.0,6720.0,6810.0,12400
2023-05-12,6530.0,6530.0,6710.0,6280.0,6640.0,68000
2023-05-15,6380.0,6380.0,6700.0,6310.0,6530.0,29500
2023-05-16,6390.0,6390.0,6480.0,6320.0,6480.0,9500
2023-05-17,6210.0,6210.0,6320.0,6150.0,6320.0,21000
2023-05-18,6290.0,6290.0,6320.0,6180.0,6280.0,18200
2023-05-19,6520.0,6520.0,6570.0,6290.0,6290.0,21900
2023-05-22,6680.0,6680.0,6690.0,6550.0,6560.0,30400
2023-05-23,6690.0,6690.0,6820.0,6650.0,6680.0,16600
2023-05-24,6770.0,6770.0,6800.0,6590.0,6590.0,13900
2023-05-25,6830.0,6830.0,6860.0,6760.0,6780.0,27700
2023-05-26,7030.0,7030.0,7170.0,6890.0,6930.0,63300
2023-05-29,7060.0,7060.0,7120.0,7020.0,7020.0,16000
2023-05-30,7090.0,7090.0,7140.0,7020.0,7100.0,27600
2023-05-31,7220.0,7220.0,7220.0,7090.0,7100.0,76200
2023-06-01,7210.0,7210.0,7240.0,7080.0,7160.0,42700
2023-06-02,7290.0,7290.0,7400.0,7190.0,7270.0,55900
2023-06-05,7420.0,7420.0,7560.0,7330.0,7390.0,38400
2023-06-06,7420.0,7420.0,7470.0,7290.0,7290.0,57500
2023-06-07,7420.0,7420.0,7530.0,7360.0,7480.0,31700
2023-06-08,7420.0,7420.0,7580.0,7410.0,7430.0,30500
2023-06-09,7490.0,7490.0,7560.0,7440.0,7520.0,41000
2023-06-12,7560.0,7560.0,7630.0,7490.0,7550.0,29300
2023-06-13,7620.0,7620.0,7730.0,7600.0,7680.0,24800
2023-06-14,7810.0,7810.0,7850.0,7740.0,7740.0,27900
2023-06-15,8010.0,8010.0,8110.0,7880.0,7880.0,39800
2023-06-16,8170.0,8170.0,8240.0,8000.0,8020.0,38400
