Date,Adj Close,Close,High,Low,Open,Volume
2001-01-04,365.9967651367188,580.0,610.0,580.0,610.0,400
2001-01-05,378.6173706054688,600.0,600.0,580.0,580.0,1100
2001-01-09,359.6864929199219,570.0,580.0,570.0,580.0,2600
2001-01-10,365.9967651367188,580.0,580.0,580.0,580.0,400
2001-01-11,353.37615966796875,560.0,590.0,560.0,570.0,1300
2001-01-12,347.06597900390625,550.0,560.0,530.0,560.0,1700
2001-01-15,353.37615966796875,560.0,600.0,550.0,570.0,4900
2001-01-16,378.6173706054688,600.0,600.0,570.0,590.0,1700
2001-01-17,359.6864929199219,570.0,600.0,560.0,600.0,2600
2001-01-18,353.37615966796875,560.0,580.0,550.0,560.0,4400
2001-01-19,365.9967651367188,580.0,590.0,570.0,590.0,1100
2001-01-22,372.30706787109375,590.0,590.0,590.0,590.0,200
2001-01-23,378.6173706054688,600.0,600.0,580.0,600.0,2500
2001-01-24,359.6864929199219,570.0,590.0,550.0,570.0,2500
2001-01-25,372.30706787109375,590.0,590.0,570.0,570.0,1300
2001-01-26,372.30706787109375,590.0,590.0,590.0,590.0,3100
2001-01-29,378.6173706054688,600.0,600.0,560.0,560.0,3700
2001-01-30,359.6864929199219,570.0,620.0,570.0,620.0,700
2001-01-31,365.9967651367188,580.0,600.0,580.0,580.0,1100
2001-02-01,378.6173706054688,600.0,610.0,580.0,580.0,2100
2001-02-02,384.927490234375,610.0,620.0,600.0,620.0,2900
2001-02-05,372.30706787109375,590.0,620.0,590.0,620.0,600
2001-02-06,372.30706787109375,590.0,600.0,590.0,600.0,1300
2001-02-07,365.9967651367188,580.0,600.0,580.0,600.0,2200
2001-02-08,372.30706787109375,590.0,600.0,590.0,600.0,700
2001-02-09,372.30706787109375,590.0,600.0,580.0,580.0,1500
2001-02-12,372.30706787109375,590.0,590.0,590.0,590.0,0
2001-02-13,372.30706787109375,590.0,600.0,590.0,600.0,1400
2001-02-14,372.30706787109375,590.0,600.0,590.0,600.0,1600
2001-02-15,384.927490234375,610.0,610.0,600.0,600.0,1900
2001-02-16,410.1688232421875,650.0,650.0,610.0,620.0,6100
2001-02-19,403.8584899902344,640.0,660.0,630.0,650.0,4000
2001-02-20,391.2379150390625,620.0,630.0,620.0,620.0,1500
2001-02-21,391.2379150390625,620.0,630.0,620.0,620.0,3100
2001-02-22,384.927490234375,610.0,620.0,610.0,620.0,2500
2001-02-23,397.54827880859375,630.0,630.0,610.0,610.0,2600
2001-02-26,410.1688232421875,650.0,670.0,630.0,630.0,5200
2001-02-27,410.1688232421875,650.0,680.0,650.0,680.0,2400
2001-02-28,410.1688232421875,650.0,650.0,640.0,650.0,3300
2001-03-01,397.54827880859375,630.0,640.0,630.0,630.0,1200
2001-03-02,391.2379150390625,620.0,640.0,620.0,630.0,4100
2001-03-05,384.927490234375,610.0,630.0,610.0,630.0,1100
2001-03-06,378.6173706054688,600.0,610.0,600.0,610.0,2200
2001-03-07,378.6173706054688,600.0,630.0,600.0,630.0,1600
2001-03-08,378.6173706054688,600.0,640.0,600.0,640.0,2200
2001-03-09,397.54827880859375,630.0,630.0,610.0,610.0,1500
2001-03-12,397.54827880859375,630.0,640.0,630.0,630.0,1900
2001-03-13,391.2379150390625,620.0,630.0,610.0,630.0,1300
2001-03-14,391.2379150390625,620.0,620.0,620.0,620.0,0
2001-03-15,372.30706787109375,590.0,620.0,590.0,620.0,4400
2001-03-16,378.6173706054688,600.0,610.0,600.0,610.0,1800
2001-03-19,378.6173706054688,600.0,620.0,600.0,600.0,700
2001-03-20,378.6173706054688,600.0,600.0,600.0,600.0,0
2001-03-21,403.8584899902344,640.0,640.0,620.0,620.0,3300
2001-03-22,391.2379150390625,620.0,650.0,620.0,640.0,2100
2001-03-23,416.47900390625,660.0,660.0,640.0,640.0,2500
2001-03-26,448.0304870605469,710.0,720.0,660.0,660.0,9900
2001-03-27,448.0304870605469,710.0,730.0,700.0,730.0,13000
2001-03-28,485.8923034667969,770.0,780.0,730.0,730.0,9800
2001-03-29,460.6510314941406,730.0,750.0,720.0,750.0,4500
2001-03-30,492.2025451660156,780.0,790.0,750.0,750.0,9000
2001-04-02,504.8231201171875,800.0,800.0,780.0,790.0,5200
2001-04-03,517.4437866210938,820.0,820.0,780.0,780.0,5200
2001-04-04,612.0980834960938,970.0,970.0,820.0,820.0,20400
2001-04-05,548.9951171875,870.0,950.0,870.0,950.0,16800
2001-04-06,548.9951171875,870.0,920.0,860.0,880.0,13800
2001-04-09,517.4437866210938,820.0,850.0,790.0,850.0,7300
2001-04-10,523.7540893554688,830.0,830.0,790.0,790.0,1700
2001-04-11,561.6156616210938,890.0,890.0,810.0,870.0,4800
2001-04-12,567.9261474609375,900.0,930.0,880.0,880.0,6000
2001-04-13,574.2363891601562,910.0,930.0,900.0,930.0,12900
2001-04-16,605.787841796875,960.0,960.0,910.0,910.0,11900
2001-04-17,536.3746337890625,850.0,950.0,850.0,910.0,6300
2001-04-18,567.9261474609375,900.0,930.0,890.0,920.0,4000
2001-04-19,542.68505859375,860.0,900.0,860.0,870.0,3200
2001-04-20,555.3054809570312,880.0,880.0,860.0,860.0,2500
2001-04-23,561.6156616210938,890.0,910.0,850.0,890.0,4500
2001-04-24,574.2363891601562,910.0,910.0,900.0,900.0,900
2001-04-26,580.5467529296875,920.0,950.0,860.0,910.0,4600
2001-04-27,555.3054809570312,880.0,920.0,880.0,920.0,3500
2001-05-01,555.3054809570312,880.0,890.0,880.0,890.0,2500
2001-05-02,586.8569946289062,930.0,930.0,890.0,890.0,4600
2001-05-04,586.8569946289062,930.0,930.0,930.0,930.0,0
2001-05-07,580.5467529296875,920.0,930.0,910.0,930.0,20
2001-05-08,567.9261474609375,900.0,910.0,890.0,910.0,20
2001-05-09,542.68505859375,860.0,890.0,860.0,890.0,40
2001-05-10,542.68505859375,860.0,880.0,850.0,880.0,10
2001-05-11,574.2363891601562,910.0,910.0,880.0,880.0,20
2001-05-14,561.6156616210938,890.0,900.0,870.0,900.0,10
2001-05-15,555.3054809570312,880.0,900.0,880.0,890.0,5100
2001-05-16,542.68505859375,860.0,880.0,860.0,860.0,3000
2001-05-17,542.68505859375,860.0,890.0,860.0,880.0,1500
2001-05-18,561.6156616210938,890.0,890.0,850.0,860.0,3100
2001-05-21,561.6156616210938,890.0,890.0,880.0,880.0,1700
2001-05-22,555.3054809570312,880.0,890.0,880.0,890.0,1500
2001-05-23,542.68505859375,860.0,860.0,860.0,860.0,900
2001-05-24,542.68505859375,860.0,860.0,850.0,860.0,2200
2001-05-25,542.68505859375,860.0,890.0,860.0,870.0,4100
2001-05-28,548.9951171875,870.0,890.0,860.0,880.0,3700
2001-05-29,542.68505859375,860.0,870.0,860.0,870.0,3200
2001-05-30,536.3746337890625,850.0,860.0,830.0,860.0,3300
2001-05-31,523.7540893554688,830.0,830.0,810.0,830.0,1200
2001-06-01,504.8231201171875,800.0,830.0,800.0,820.0,1900
2001-06-04,530.0643920898438,840.0,840.0,800.0,800.0,1200
2001-06-05,523.7540893554688,830.0,840.0,820.0,820.0,700
2001-06-06,523.7540893554688,830.0,830.0,830.0,830.0,800
2001-06-07,517.4437866210938,820.0,830.0,820.0,830.0,1000
2001-06-08,530.0643920898438,840.0,840.0,830.0,840.0,400
2001-06-11,530.0643920898438,840.0,850.0,840.0,840.0,1400
2001-06-12,523.7540893554688,830.0,830.0,820.0,830.0,1900
2001-06-13,523.7540893554688,830.0,830.0,830.0,830.0,500
2001-06-14,523.7540893554688,830.0,860.0,830.0,830.0,2000
2001-06-15,530.0643920898438,840.0,870.0,830.0,830.0,2200
2001-06-18,555.3054809570312,880.0,880.0,850.0,850.0,2000
2001-06-19,561.6156616210938,890.0,900.0,880.0,880.0,4500
2001-06-20,561.6156616210938,890.0,930.0,890.0,920.0,2800
2001-06-21,561.6156616210938,890.0,900.0,890.0,890.0,1400
2001-06-22,561.6156616210938,890.0,900.0,890.0,900.0,1600
2001-06-25,574.2363891601562,910.0,920.0,900.0,920.0,2300
2001-06-26,574.2363891601562,910.0,930.0,910.0,910.0,5300
2001-06-27,574.2363891601562,910.0,920.0,910.0,920.0,2800
2001-06-28,574.2363891601562,910.0,930.0,910.0,920.0,2900
2001-06-29,580.5467529296875,920.0,930.0,910.0,930.0,2100
2001-07-02,574.2363891601562,910.0,940.0,910.0,940.0,1000
2001-07-03,542.68505859375,860.0,910.0,860.0,900.0,2300
2001-07-04,561.6156616210938,890.0,890.0,870.0,870.0,800
2001-07-05,555.3054809570312,880.0,880.0,880.0,880.0,300
2001-07-06,523.7540893554688,830.0,880.0,830.0,880.0,2400
2001-07-09,530.0643920898438,840.0,840.0,820.0,820.0,400
2001-07-11,523.7540893554688,830.0,830.0,830.0,830.0,1000
2001-07-12,530.0643920898438,840.0,840.0,820.0,820.0,2300
2001-07-13,530.0643920898438,840.0,840.0,840.0,840.0,100
2001-07-16,542.68505859375,860.0,860.0,850.0,850.0,1500
2001-07-17,517.4437866210938,820.0,820.0,820.0,820.0,3700
2001-07-18,504.8231201171875,800.0,810.0,800.0,810.0,400
2001-07-23,498.5127258300781,790.0,840.0,780.0,840.0,2000
2001-07-24,460.6510314941406,730.0,780.0,730.0,780.0,1300
2001-07-25,511.1334228515625,810.0,830.0,760.0,830.0,1900
2001-07-26,504.8231201171875,800.0,810.0,770.0,810.0,2300
2001-07-30,473.2717895507813,750.0,760.0,750.0,760.0,600
2001-07-31,473.2717895507813,750.0,760.0,750.0,760.0,900
2001-08-01,517.4437866210938,820.0,820.0,760.0,760.0,700
2001-08-02,517.4437866210938,820.0,820.0,820.0,820.0,400
2001-08-07,466.96142578125,740.0,780.0,740.0,780.0,800
2001-08-08,473.2717895507813,750.0,760.0,750.0,760.0,700
2001-08-09,492.2025451660156,780.0,780.0,770.0,780.0,400
2001-08-10,504.8231201171875,800.0,800.0,780.0,780.0,900
2001-08-15,504.8231201171875,800.0,810.0,800.0,800.0,2500
2001-08-16,473.2717895507813,750.0,810.0,750.0,810.0,2900
2001-08-17,498.5127258300781,790.0,800.0,770.0,790.0,600
2001-08-20,498.5127258300781,790.0,790.0,790.0,790.0,0
2001-08-21,485.8923034667969,770.0,780.0,770.0,780.0,300
2001-08-22,485.8923034667969,770.0,770.0,770.0,770.0,200
2001-08-23,485.8923034667969,770.0,810.0,770.0,800.0,3600
2001-08-24,492.2025451660156,780.0,780.0,780.0,780.0,100
2001-08-27,511.1334228515625,810.0,810.0,780.0,780.0,2800
2001-08-28,504.8231201171875,800.0,810.0,780.0,810.0,1200
2001-08-29,542.68505859375,860.0,900.0,770.0,790.0,9200
2001-08-30,561.6156616210938,890.0,950.0,830.0,900.0,15800
2001-08-31,536.3746337890625,850.0,870.0,850.0,870.0,1700
2001-09-03,485.8923034667969,770.0,820.0,770.0,810.0,4600
2001-09-04,498.5127258300781,790.0,790.0,780.0,780.0,1700
2001-09-05,460.6510314941406,730.0,800.0,730.0,800.0,2200
2001-09-06,523.7540893554688,830.0,860.0,780.0,850.0,9600
2001-09-07,523.7540893554688,830.0,840.0,800.0,830.0,4700
2001-09-10,492.2025451660156,780.0,810.0,770.0,810.0,6900
2001-09-11,492.2025451660156,780.0,800.0,780.0,800.0,1900
2001-09-12,441.72021484375,700.0,750.0,640.0,750.0,6100
2001-09-13,460.6510314941406,730.0,730.0,680.0,680.0,4500
2001-09-14,492.2025451660156,780.0,780.0,720.0,730.0,4200
2001-09-17,504.8231201171875,800.0,800.0,780.0,800.0,6300
2001-09-18,498.5127258300781,790.0,790.0,750.0,770.0,2800
2001-09-19,479.58197021484375,760.0,780.0,760.0,760.0,2000
2001-09-20,473.2717895507813,750.0,800.0,750.0,800.0,800
2001-09-21,485.8923034667969,770.0,770.0,750.0,750.0,900
2001-09-25,492.2025451660156,780.0,790.0,780.0,790.0,1000
2001-09-26,492.2025451660156,780.0,780.0,780.0,780.0,2400
2001-09-27,473.2717895507813,750.0,760.0,750.0,760.0,1100
2001-09-28,473.2717895507813,750.0,750.0,750.0,750.0,0
2001-10-01,448.0304870605469,710.0,740.0,710.0,710.0,2200
2001-10-02,460.6510314941406,730.0,730.0,730.0,730.0,1200
2001-10-03,460.6510314941406,730.0,750.0,730.0,730.0,3600
2001-10-04,460.6510314941406,730.0,750.0,730.0,740.0,2800
2001-10-05,460.6510314941406,730.0,740.0,730.0,740.0,2500
2001-10-09,441.72021484375,700.0,750.0,700.0,750.0,2700
2001-10-10,460.6510314941406,730.0,740.0,720.0,720.0,2400
2001-10-11,448.0304870605469,710.0,740.0,710.0,740.0,500
2001-10-12,448.0304870605469,710.0,720.0,710.0,720.0,3100
2001-10-15,448.0304870605469,710.0,720.0,710.0,720.0,2000
2001-10-16,448.0304870605469,710.0,710.0,710.0,710.0,1400
2001-10-17,460.6510314941406,730.0,730.0,710.0,710.0,400
2001-10-18,441.72021484375,700.0,730.0,690.0,730.0,7700
2001-10-19,448.0304870605469,710.0,710.0,710.0,710.0,300
2001-10-22,441.72021484375,700.0,710.0,700.0,710.0,600
2001-10-23,429.09967041015625,680.0,700.0,680.0,700.0,2100
2001-10-24,454.3407897949219,720.0,750.0,710.0,710.0,5500
2001-10-25,454.3407897949219,720.0,720.0,720.0,720.0,3100
2001-10-26,454.3407897949219,720.0,720.0,710.0,710.0,500
2001-10-29,448.0304870605469,710.0,720.0,710.0,710.0,600
2001-10-30,429.09967041015625,680.0,680.0,680.0,680.0,1900
2001-10-31,435.4099731445313,690.0,690.0,690.0,690.0,500
2001-11-01,429.09967041015625,680.0,700.0,680.0,700.0,2000
2001-11-02,441.72021484375,700.0,700.0,670.0,670.0,500
2001-11-05,416.47900390625,660.0,710.0,660.0,680.0,800
2001-11-06,422.7893981933594,670.0,670.0,670.0,670.0,100
2001-11-07,410.1688232421875,650.0,670.0,650.0,670.0,1000
2001-11-08,403.8584899902344,640.0,680.0,630.0,680.0,1900
2001-11-09,403.8584899902344,640.0,640.0,640.0,640.0,0
2001-11-12,378.6173706054688,600.0,610.0,600.0,610.0,700
2001-11-13,365.9967651367188,580.0,610.0,580.0,610.0,3200
2001-11-14,384.927490234375,610.0,610.0,610.0,610.0,1000
2001-11-15,410.1688232421875,650.0,670.0,610.0,620.0,3900
2001-11-16,403.8584899902344,640.0,650.0,600.0,650.0,4500
2001-11-19,397.54827880859375,630.0,630.0,610.0,630.0,600
2001-11-21,384.927490234375,610.0,630.0,600.0,600.0,1100
2001-11-26,422.7893981933594,670.0,670.0,650.0,650.0,1700
2001-11-27,410.1688232421875,650.0,670.0,640.0,670.0,3000
2001-11-28,384.927490234375,610.0,620.0,610.0,620.0,1500
2001-11-29,378.6173706054688,600.0,600.0,590.0,600.0,1500
2001-11-30,391.2379150390625,620.0,640.0,580.0,640.0,900
2001-12-03,372.30706787109375,590.0,610.0,590.0,600.0,2300
2001-12-04,359.6864929199219,570.0,580.0,570.0,580.0,1700
2001-12-05,365.9967651367188,580.0,610.0,570.0,570.0,4800
2001-12-06,365.9967651367188,580.0,580.0,580.0,580.0,3300
2001-12-07,347.06597900390625,550.0,580.0,530.0,560.0,3900
2001-12-10,353.37615966796875,560.0,560.0,510.0,520.0,5300
2001-12-11,315.5144348144531,500.0,540.0,500.0,540.0,2800
2001-12-12,315.5144348144531,500.0,500.0,480.0,500.0,6100
2001-12-13,309.2041320800781,490.0,510.0,490.0,510.0,1600
2001-12-14,309.2041320800781,490.0,500.0,490.0,490.0,5300
2001-12-17,315.5144348144531,500.0,510.0,490.0,490.0,4200
2001-12-18,271.342529296875,430.0,500.0,430.0,500.0,8700
2001-12-19,258.7218933105469,410.0,430.0,410.0,430.0,6500
2001-12-20,302.8939208984375,480.0,480.0,410.0,410.0,1700
2001-12-21,302.8939208984375,480.0,480.0,470.0,480.0,2100
2001-12-25,315.5144348144531,500.0,500.0,480.0,480.0,3500
2001-12-26,321.8247985839844,510.0,530.0,500.0,500.0,3900
2001-12-27,321.8247985839844,510.0,540.0,510.0,530.0,2900
2001-12-28,328.1350402832031,520.0,520.0,520.0,520.0,700
2002-01-03,328.1350402832031,520.0,520.0,520.0,520.0,0
2002-01-04,328.1350402832031,520.0,520.0,520.0,520.0,400
2002-01-07,328.1350402832031,520.0,620.0,520.0,520.0,2800
2002-01-08,340.7555847167969,540.0,540.0,540.0,540.0,100
2002-01-09,372.30706787109375,590.0,590.0,530.0,530.0,2200
2002-01-10,365.9967651367188,580.0,580.0,550.0,560.0,2900
2002-01-11,347.06597900390625,550.0,550.0,550.0,550.0,400
2002-01-14,347.06597900390625,550.0,550.0,550.0,550.0,0
2002-01-15,347.06597900390625,550.0,550.0,550.0,550.0,3600
2002-01-16,321.8247985839844,510.0,540.0,500.0,540.0,1800
2002-01-17,328.1350402832031,520.0,520.0,510.0,510.0,1400
2002-01-18,321.8247985839844,510.0,510.0,500.0,510.0,2700
2002-01-21,321.8247985839844,510.0,520.0,500.0,510.0,2600
2002-01-22,321.8247985839844,510.0,520.0,510.0,520.0,200
2002-01-23,315.5144348144531,500.0,500.0,500.0,500.0,1100
2002-01-24,321.8247985839844,510.0,510.0,510.0,510.0,200
2002-01-25,334.44537353515625,530.0,550.0,520.0,520.0,900
2002-01-28,334.44537353515625,530.0,540.0,530.0,530.0,4400
2002-01-29,328.1350402832031,520.0,540.0,520.0,540.0,1100
2002-01-30,334.44537353515625,530.0,530.0,520.0,530.0,1500
2002-01-31,334.44537353515625,530.0,530.0,530.0,530.0,0
2002-02-01,321.8247985839844,510.0,530.0,510.0,530.0,700
2002-02-04,321.8247985839844,510.0,520.0,510.0,520.0,600
2002-02-05,296.5836486816406,470.0,470.0,470.0,470.0,200
2002-02-06,315.5144348144531,500.0,500.0,480.0,480.0,400
2002-02-07,321.8247985839844,510.0,510.0,480.0,500.0,2200
2002-02-08,302.8939208984375,480.0,510.0,480.0,490.0,1600
2002-02-11,302.8939208984375,480.0,480.0,480.0,480.0,0
2002-02-12,321.8247985839844,510.0,510.0,490.0,490.0,600
2002-02-13,328.1350402832031,520.0,520.0,520.0,520.0,500
2002-02-14,328.1350402832031,520.0,520.0,520.0,520.0,900
2002-02-15,321.8247985839844,510.0,520.0,510.0,520.0,4700
2002-02-18,321.8247985839844,510.0,510.0,510.0,510.0,0
2002-02-19,315.5144348144531,500.0,520.0,500.0,520.0,1400
2002-02-20,315.5144348144531,500.0,510.0,500.0,500.0,700
2002-02-21,315.5144348144531,500.0,520.0,500.0,500.0,1400
2002-02-22,321.8247985839844,510.0,520.0,510.0,510.0,1200
2002-02-25,321.8247985839844,510.0,510.0,510.0,510.0,7900
2002-02-26,321.8247985839844,510.0,510.0,510.0,510.0,2300
2002-02-27,328.1350402832031,520.0,520.0,520.0,520.0,600
2002-02-28,334.44537353515625,530.0,530.0,510.0,520.0,1800
2002-03-01,340.7555847167969,540.0,540.0,530.0,530.0,2000
2002-03-04,372.30706787109375,590.0,590.0,550.0,550.0,7300
2002-03-05,378.6173706054688,600.0,630.0,590.0,620.0,5900
2002-03-06,359.6864929199219,570.0,600.0,550.0,600.0,3600
2002-03-07,359.6864929199219,570.0,570.0,560.0,570.0,2700
2002-03-08,365.9967651367188,580.0,580.0,570.0,570.0,1200
2002-03-11,372.30706787109375,590.0,590.0,570.0,580.0,1000
2002-03-12,365.9967651367188,580.0,610.0,580.0,600.0,1700
2002-03-13,365.9967651367188,580.0,590.0,570.0,570.0,1800
2002-03-15,365.9967651367188,580.0,580.0,570.0,580.0,5000
2002-03-18,353.37615966796875,560.0,590.0,560.0,570.0,2600
2002-03-19,372.30706787109375,590.0,590.0,570.0,570.0,2800
2002-03-20,384.927490234375,610.0,630.0,590.0,590.0,3700
2002-03-21,384.927490234375,610.0,610.0,610.0,610.0,0
2002-03-22,384.927490234375,610.0,630.0,600.0,610.0,2000
2002-03-25,397.54827880859375,630.0,630.0,610.0,620.0,7800
2002-03-26,372.30706787109375,590.0,630.0,590.0,630.0,5300
2002-03-27,359.6864929199219,570.0,590.0,570.0,590.0,2800
2002-03-28,378.6173706054688,600.0,600.0,570.0,570.0,1500
2002-03-29,378.6173706054688,600.0,620.0,600.0,610.0,1000
2002-04-01,365.9967651367188,580.0,600.0,580.0,600.0,500
2002-04-02,359.6864929199219,570.0,570.0,570.0,570.0,2200
2002-04-03,378.6173706054688,600.0,600.0,570.0,570.0,4100
2002-04-04,365.9967651367188,580.0,620.0,570.0,620.0,1100
2002-04-05,378.6173706054688,600.0,600.0,580.0,590.0,1200
2002-04-08,391.2379150390625,620.0,620.0,600.0,610.0,2200
2002-04-09,391.2379150390625,620.0,630.0,610.0,610.0,2100
2002-04-10,384.927490234375,610.0,620.0,600.0,620.0,2200
2002-04-11,384.927490234375,610.0,620.0,610.0,620.0,300
2002-04-12,384.927490234375,610.0,620.0,600.0,610.0,2300
2002-04-15,391.2379150390625,620.0,620.0,600.0,610.0,5100
2002-04-16,372.30706787109375,590.0,630.0,590.0,630.0,2400
2002-04-17,378.6173706054688,600.0,620.0,600.0,620.0,3100
2002-04-18,378.6173706054688,600.0,620.0,600.0,620.0,1000
2002-04-19,372.30706787109375,590.0,600.0,580.0,600.0,3700
2002-04-22,372.30706787109375,590.0,590.0,580.0,590.0,2900
2002-04-23,498.5127258300781,790.0,870.0,590.0,590.0,51200
2002-04-24,473.2717895507813,750.0,820.0,740.0,770.0,30000
2002-04-25,466.96142578125,740.0,760.0,720.0,740.0,8300
2002-04-26,479.58197021484375,760.0,800.0,740.0,750.0,11100
2002-04-29,479.58197021484375,760.0,760.0,760.0,760.0,0
2002-04-30,460.6510314941406,730.0,780.0,680.0,780.0,6200
2002-05-01,460.6510314941406,730.0,760.0,720.0,730.0,2300
2002-05-02,485.8923034667969,770.0,780.0,730.0,730.0,5900
2002-05-06,485.8923034667969,770.0,770.0,770.0,770.0,0
2002-05-07,466.96142578125,740.0,790.0,740.0,770.0,7900
2002-05-08,460.6510314941406,730.0,770.0,730.0,770.0,5200
2002-05-09,466.96142578125,740.0,740.0,730.0,730.0,2800
2002-05-10,448.0304870605469,710.0,750.0,710.0,730.0,3200
2002-05-13,441.72021484375,700.0,710.0,700.0,700.0,2400
2002-05-14,441.72021484375,700.0,700.0,700.0,700.0,0
2002-05-15,460.6510314941406,730.0,740.0,700.0,700.0,3900
2002-05-16,454.3407897949219,720.0,730.0,710.0,730.0,1600
2002-05-17,454.3407897949219,720.0,740.0,710.0,740.0,1400
2002-05-20,498.5127258300781,790.0,790.0,710.0,710.0,10900
2002-05-21,523.7540893554688,830.0,880.0,820.0,820.0,42100
2002-05-22,536.3746337890625,850.0,850.0,790.0,820.0,19100
2002-05-23,662.580322265625,1050.0,1100.0,800.0,800.0,101800
2002-05-24,618.4082641601562,980.0,1180.0,970.0,1050.0,110400
2002-05-27,662.580322265625,1050.0,1080.0,970.0,990.0,49500
2002-05-28,605.787841796875,960.0,1040.0,950.0,1040.0,31300
2002-05-29,599.4773559570312,950.0,970.0,930.0,970.0,8200
2002-05-30,612.0980834960938,970.0,970.0,890.0,940.0,17100
2002-05-31,593.1672973632812,940.0,1000.0,940.0,1000.0,6900
2002-06-03,656.2700805664062,1040.0,1040.0,980.0,990.0,16800
2002-06-04,649.9597778320312,1030.0,1050.0,1010.0,1040.0,10800
2002-06-05,618.4082641601562,980.0,1020.0,980.0,1010.0,8400
2002-06-06,631.0288696289062,1000.0,1020.0,980.0,980.0,10300
2002-06-07,681.5111694335938,1080.0,1100.0,990.0,1010.0,59000
2002-06-10,694.1319580078125,1100.0,1130.0,1080.0,1110.0,30200
2002-06-11,687.8214111328125,1090.0,1100.0,1070.0,1100.0,10900
2002-06-12,731.9935302734375,1160.0,1180.0,1100.0,1100.0,86700
2002-06-13,744.6141357421875,1180.0,1240.0,1130.0,1180.0,165100
2002-06-14,744.6141357421875,1180.0,1190.0,1130.0,1130.0,57000
2002-06-17,713.0626220703125,1130.0,1180.0,1120.0,1180.0,26100
2002-06-18,700.4421997070312,1110.0,1150.0,1110.0,1130.0,17800
2002-06-19,656.2700805664062,1040.0,1100.0,1040.0,1100.0,16000
2002-06-20,631.0288696289062,1000.0,1020.0,950.0,950.0,18400
2002-06-21,656.2700805664062,1040.0,1080.0,990.0,1010.0,8100
2002-06-24,694.1319580078125,1100.0,1150.0,1050.0,1050.0,21800
2002-06-25,694.1319580078125,1100.0,1150.0,1100.0,1150.0,19100
2002-06-26,681.5111694335938,1080.0,1100.0,1080.0,1100.0,7600
2002-06-27,675.2009887695312,1070.0,1100.0,1060.0,1070.0,18700
2002-06-28,706.7523193359375,1120.0,1130.0,1070.0,1080.0,5000
2002-07-01,706.7523193359375,1120.0,1120.0,1080.0,1110.0,5000
2002-07-02,706.7523193359375,1120.0,1120.0,1090.0,1110.0,7800
2002-07-03,706.7523193359375,1120.0,1120.0,1100.0,1120.0,5600
2002-07-04,681.5111694335938,1080.0,1130.0,1080.0,1120.0,6500
2002-07-05,662.580322265625,1050.0,1070.0,1040.0,1050.0,4400
2002-07-08,662.580322265625,1050.0,1080.0,1030.0,1050.0,2800
2002-07-09,643.6495971679688,1020.0,1070.0,1000.0,1060.0,6100
2002-07-10,643.6495971679688,1020.0,1020.0,1000.0,1010.0,7300
2002-07-11,631.0288696289062,1000.0,1040.0,990.0,1010.0,2400
2002-07-12,637.3392333984375,1010.0,1080.0,980.0,990.0,9200
2002-07-15,662.580322265625,1050.0,1060.0,1030.0,1030.0,4000
2002-07-16,631.0288696289062,1000.0,1060.0,990.0,1050.0,5900
2002-07-17,618.4082641601562,980.0,990.0,970.0,990.0,3000
2002-07-18,637.3392333984375,1010.0,1010.0,960.0,960.0,2500
2002-07-19,618.4082641601562,980.0,1000.0,980.0,1000.0,900
2002-07-22,561.6156616210938,890.0,950.0,840.0,950.0,59300
2002-07-23,574.2363891601562,910.0,930.0,850.0,870.0,15000
2002-07-24,605.787841796875,960.0,1030.0,920.0,940.0,12500
2002-07-25,618.4082641601562,980.0,1000.0,980.0,980.0,10700
2002-07-26,618.4082641601562,980.0,1030.0,980.0,990.0,6700
2002-07-29,618.4082641601562,980.0,980.0,940.0,980.0,3000
2002-07-30,599.4773559570312,950.0,980.0,950.0,980.0,800
2002-07-31,618.4082641601562,980.0,980.0,930.0,970.0,2900
2002-08-01,574.2363891601562,910.0,920.0,900.0,910.0,6000
2002-08-02,561.6156616210938,890.0,910.0,870.0,900.0,3100
2002-08-05,555.3054809570312,880.0,880.0,860.0,880.0,3500
2002-08-06,530.0643920898438,840.0,860.0,840.0,860.0,3300
2002-08-07,530.0643920898438,840.0,840.0,830.0,830.0,1900
2002-08-08,542.68505859375,860.0,880.0,860.0,860.0,1700
2002-08-09,555.3054809570312,880.0,880.0,840.0,860.0,2600
2002-08-12,567.9261474609375,900.0,900.0,890.0,890.0,300
2002-08-13,523.7540893554688,830.0,830.0,830.0,830.0,200
2002-08-14,536.3746337890625,850.0,850.0,850.0,850.0,200
2002-08-15,548.9951171875,870.0,900.0,860.0,880.0,2800
2002-08-16,548.9951171875,870.0,890.0,870.0,890.0,3600
2002-08-19,536.3746337890625,850.0,900.0,850.0,900.0,1700
2002-08-20,523.7540893554688,830.0,860.0,830.0,850.0,2400
2002-08-21,536.3746337890625,850.0,860.0,820.0,840.0,7700
2002-08-22,517.4437866210938,820.0,870.0,820.0,870.0,2400
2002-08-23,517.4437866210938,820.0,820.0,820.0,820.0,0
2002-08-26,523.7540893554688,830.0,850.0,820.0,820.0,3000
2002-08-27,523.7540893554688,830.0,850.0,820.0,830.0,2500
2002-08-28,504.8231201171875,800.0,800.0,780.0,800.0,2600
2002-08-29,504.8231201171875,800.0,800.0,780.0,780.0,1000
2002-08-30,523.7540893554688,830.0,830.0,800.0,800.0,2600
2002-09-02,504.8231201171875,800.0,800.0,800.0,800.0,1300
2002-09-03,479.58197021484375,760.0,800.0,760.0,800.0,2200
2002-09-04,460.6510314941406,730.0,780.0,720.0,750.0,5500
2002-09-05,466.96142578125,740.0,740.0,730.0,730.0,1100
2002-09-06,460.6510314941406,730.0,740.0,720.0,740.0,1800
2002-09-09,460.6510314941406,730.0,730.0,700.0,700.0,2800
2002-09-10,460.6510314941406,730.0,730.0,730.0,730.0,1400
2002-09-11,460.6510314941406,730.0,730.0,700.0,710.0,1900
2002-09-12,492.2025451660156,780.0,800.0,740.0,740.0,3900
2002-09-13,492.2025451660156,780.0,780.0,760.0,760.0,600
2002-09-16,492.2025451660156,780.0,780.0,780.0,780.0,0
2002-09-17,504.8231201171875,800.0,800.0,780.0,800.0,1300
2002-09-18,517.4437866210938,820.0,820.0,800.0,800.0,2300
2002-09-19,530.0643920898438,840.0,880.0,820.0,830.0,5400
2002-09-20,530.0643920898438,840.0,850.0,840.0,840.0,1700
2002-09-23,530.0643920898438,840.0,840.0,840.0,840.0,0
2002-09-24,517.4437866210938,820.0,840.0,820.0,840.0,1300
2002-09-25,517.4437866210938,820.0,820.0,820.0,820.0,1100
2002-09-26,536.3746337890625,850.0,850.0,820.0,830.0,700
2002-09-27,542.68505859375,860.0,860.0,820.0,850.0,700
2002-09-30,536.3746337890625,850.0,850.0,820.0,840.0,500
2002-10-01,517.4437866210938,820.0,850.0,770.0,850.0,2200
2002-10-02,492.2025451660156,780.0,830.0,780.0,780.0,500
2002-10-03,485.8923034667969,770.0,780.0,770.0,780.0,2900
2002-10-04,466.96142578125,740.0,750.0,720.0,750.0,7200
2002-10-07,410.1688232421875,650.0,740.0,650.0,720.0,6500
2002-10-08,460.6510314941406,730.0,730.0,650.0,670.0,1500
2002-10-09,454.3407897949219,720.0,730.0,660.0,730.0,1500
2002-10-10,416.47900390625,660.0,700.0,660.0,700.0,3100
2002-10-11,429.09967041015625,680.0,680.0,680.0,680.0,1400
2002-10-14,429.09967041015625,680.0,680.0,680.0,680.0,0
2002-10-15,435.4099731445313,690.0,720.0,690.0,700.0,3000
2002-10-16,435.4099731445313,690.0,710.0,690.0,700.0,1200
2002-10-17,448.0304870605469,710.0,750.0,690.0,690.0,3000
2002-10-18,485.8923034667969,770.0,820.0,710.0,710.0,9400
2002-10-21,523.7540893554688,830.0,860.0,810.0,850.0,9700
2002-10-22,555.3054809570312,880.0,910.0,870.0,900.0,14000
2002-10-23,567.9261474609375,900.0,900.0,850.0,890.0,10700
2002-10-24,542.68505859375,860.0,900.0,820.0,900.0,5500
2002-10-25,511.1334228515625,810.0,860.0,810.0,860.0,4900
2002-10-28,511.1334228515625,810.0,810.0,810.0,810.0,1100
2002-10-29,498.5127258300781,790.0,810.0,790.0,810.0,1700
2002-10-30,492.2025451660156,780.0,790.0,780.0,790.0,1300
2002-10-31,479.58197021484375,760.0,770.0,760.0,770.0,1600
2002-11-01,460.6510314941406,730.0,750.0,730.0,750.0,3300
2002-11-04,460.6510314941406,730.0,730.0,730.0,730.0,0
2002-11-05,479.58197021484375,760.0,760.0,760.0,760.0,1600
2002-11-06,473.2717895507813,750.0,760.0,750.0,760.0,2100
2002-11-07,441.72021484375,700.0,740.0,700.0,740.0,2800
2002-11-08,473.2717895507813,750.0,750.0,700.0,710.0,3700
2002-11-11,441.72021484375,700.0,700.0,700.0,700.0,1300
2002-11-12,429.09967041015625,680.0,700.0,680.0,680.0,3900
2002-11-13,416.47900390625,660.0,690.0,650.0,690.0,2000
2002-11-14,422.7893981933594,670.0,700.0,660.0,670.0,2400
2002-11-15,410.1688232421875,650.0,670.0,650.0,670.0,4100
2002-11-18,403.8584899902344,640.0,650.0,600.0,650.0,8000
2002-11-19,359.6864929199219,570.0,630.0,500.0,620.0,9000
2002-11-20,334.44537353515625,530.0,550.0,520.0,520.0,6500
2002-11-21,372.30706787109375,590.0,590.0,550.0,550.0,21300
2002-11-22,384.927490234375,610.0,610.0,580.0,590.0,8100
2002-11-25,391.2379150390625,620.0,640.0,610.0,610.0,8300
2002-11-26,397.54827880859375,630.0,640.0,620.0,630.0,6900
2002-11-27,359.6864929199219,570.0,630.0,570.0,630.0,7100
2002-11-28,397.54827880859375,630.0,630.0,600.0,600.0,7100
2002-11-29,397.54827880859375,630.0,650.0,620.0,650.0,4700
2002-12-02,397.54827880859375,630.0,630.0,630.0,630.0,0
2002-12-03,416.47900390625,660.0,670.0,650.0,660.0,5800
2002-12-04,403.8584899902344,640.0,640.0,620.0,630.0,4900
2002-12-05,391.2379150390625,620.0,660.0,620.0,660.0,5500
2002-12-06,384.927490234375,610.0,620.0,600.0,620.0,2700
2002-12-09,378.6173706054688,600.0,620.0,590.0,620.0,2700
2002-12-10,372.30706787109375,590.0,590.0,580.0,580.0,4500
2002-12-11,372.30706787109375,590.0,630.0,590.0,600.0,17200
2002-12-12,378.6173706054688,600.0,610.0,600.0,600.0,3900
2002-12-13,378.6173706054688,600.0,600.0,580.0,590.0,7100
2002-12-16,378.6173706054688,600.0,600.0,550.0,600.0,6100
2002-12-17,353.37615966796875,560.0,600.0,560.0,600.0,4100
2002-12-18,365.9967651367188,580.0,580.0,560.0,570.0,5900
2002-12-19,359.6864929199219,570.0,570.0,560.0,560.0,4400
2002-12-20,353.37615966796875,560.0,580.0,540.0,560.0,4800
2002-12-23,353.37615966796875,560.0,560.0,560.0,560.0,0
2002-12-24,340.7555847167969,540.0,570.0,520.0,550.0,5000
2002-12-25,340.7555847167969,540.0,540.0,520.0,540.0,6800
2002-12-26,340.7555847167969,540.0,550.0,540.0,540.0,2700
2002-12-27,347.06597900390625,550.0,570.0,550.0,560.0,800
2002-12-30,365.9967651367188,580.0,580.0,570.0,570.0,3900
2003-01-03,365.9967651367188,580.0,580.0,580.0,580.0,0
2003-01-06,372.30706787109375,590.0,600.0,590.0,590.0,1800
2003-01-07,365.9967651367188,580.0,600.0,580.0,600.0,1100
2003-01-08,460.6510314941406,730.0,730.0,600.0,600.0,46500
2003-01-09,441.72021484375,700.0,770.0,680.0,730.0,57400
2003-01-10,466.96142578125,740.0,750.0,680.0,680.0,26400
2003-01-14,542.68505859375,860.0,890.0,780.0,790.0,82000
2003-01-15,523.7540893554688,830.0,880.0,830.0,870.0,40700
2003-01-16,567.9261474609375,900.0,960.0,800.0,820.0,66300
2003-01-17,555.3054809570312,880.0,990.0,880.0,900.0,58500
2003-01-20,542.68505859375,860.0,900.0,810.0,830.0,42900
2003-01-21,542.68505859375,860.0,890.0,830.0,880.0,17600
2003-01-22,542.68505859375,860.0,870.0,830.0,850.0,12200
2003-01-23,523.7540893554688,830.0,850.0,830.0,850.0,4700
2003-01-24,517.4437866210938,820.0,850.0,820.0,840.0,6600
2003-01-27,492.2025451660156,780.0,820.0,770.0,820.0,9100
2003-01-28,485.8923034667969,770.0,800.0,750.0,760.0,11500
2003-01-29,473.2717895507813,750.0,780.0,750.0,780.0,4600
2003-01-30,485.8923034667969,770.0,800.0,730.0,750.0,7300
2003-01-31,504.8231201171875,800.0,840.0,770.0,790.0,9200
2003-02-03,530.0643920898438,840.0,850.0,820.0,850.0,4800
2003-02-04,523.7540893554688,830.0,840.0,810.0,840.0,8000
2003-02-05,517.4437866210938,820.0,820.0,770.0,790.0,9900
2003-02-06,504.8231201171875,800.0,830.0,790.0,810.0,5600
2003-02-07,517.4437866210938,820.0,820.0,800.0,810.0,3300
2003-02-10,555.3054809570312,880.0,880.0,820.0,830.0,8000
2003-02-11,555.3054809570312,880.0,880.0,880.0,880.0,0
2003-02-12,542.68505859375,860.0,900.0,860.0,880.0,10100
2003-02-13,574.2363891601562,910.0,910.0,880.0,910.0,15900
2003-02-14,548.9951171875,870.0,900.0,860.0,900.0,11300
2003-02-17,574.2363891601562,910.0,930.0,880.0,900.0,13000
2003-02-18,567.9261474609375,900.0,920.0,890.0,920.0,8400
2003-02-19,561.6156616210938,890.0,920.0,870.0,910.0,6800
2003-02-20,530.0643920898438,840.0,890.0,840.0,890.0,5600
2003-02-21,536.3746337890625,850.0,860.0,830.0,860.0,4800
2003-02-24,504.8231201171875,800.0,820.0,790.0,800.0,5300
2003-02-25,498.5127258300781,790.0,810.0,770.0,810.0,4000
2003-02-26,492.2025451660156,780.0,800.0,770.0,770.0,5200
2003-02-27,498.5127258300781,790.0,790.0,760.0,780.0,4400
2003-02-28,492.2025451660156,780.0,780.0,760.0,760.0,4300
2003-03-03,511.1334228515625,810.0,830.0,790.0,790.0,6000
2003-03-04,504.8231201171875,800.0,810.0,800.0,810.0,1700
2003-03-05,504.8231201171875,800.0,830.0,800.0,830.0,1100
2003-03-06,504.8231201171875,800.0,800.0,790.0,790.0,500
2003-03-07,479.58197021484375,760.0,780.0,750.0,780.0,5600
2003-03-10,454.3407897949219,720.0,750.0,700.0,720.0,5000
2003-03-11,441.72021484375,700.0,700.0,670.0,680.0,3400
2003-03-12,441.72021484375,700.0,720.0,700.0,700.0,1700
2003-03-13,448.0304870605469,710.0,720.0,700.0,720.0,2200
2003-03-14,454.3407897949219,720.0,740.0,720.0,740.0,1400
2003-03-17,454.3407897949219,720.0,720.0,700.0,720.0,4600
2003-03-18,454.3407897949219,720.0,740.0,720.0,740.0,800
2003-03-19,448.0304870605469,710.0,710.0,700.0,700.0,1100
2003-03-20,466.96142578125,740.0,740.0,710.0,730.0,6200
2003-03-21,466.96142578125,740.0,740.0,740.0,740.0,0
2003-03-24,473.2717895507813,750.0,760.0,730.0,760.0,4100
2003-03-25,448.0304870605469,710.0,750.0,710.0,750.0,6200
2003-03-26,448.0304870605469,710.0,730.0,710.0,730.0,2100
2003-03-27,542.68505859375,860.0,860.0,750.0,750.0,25300
2003-03-28,517.4437866210938,820.0,830.0,800.0,820.0,10300
2003-03-31,517.4437866210938,820.0,820.0,780.0,800.0,3500
2003-04-01,504.8231201171875,800.0,810.0,790.0,810.0,1900
2003-04-02,517.4437866210938,820.0,820.0,730.0,800.0,12300
2003-04-03,542.68505859375,860.0,860.0,780.0,820.0,19200
2003-04-04,523.7540893554688,830.0,870.0,810.0,870.0,3600
2003-04-07,530.0643920898438,840.0,840.0,790.0,830.0,3900
2003-04-08,492.2025451660156,780.0,850.0,780.0,850.0,8000
2003-04-09,548.9951171875,870.0,880.0,820.0,830.0,18500
2003-04-10,536.3746337890625,850.0,910.0,840.0,890.0,27800
2003-04-11,536.3746337890625,850.0,880.0,850.0,850.0,7800
2003-04-14,523.7540893554688,830.0,850.0,820.0,850.0,6800
2003-04-15,523.7540893554688,830.0,840.0,810.0,830.0,7600
2003-04-16,517.4437866210938,820.0,830.0,790.0,820.0,7800
2003-04-17,517.4437866210938,820.0,830.0,810.0,810.0,6100
2003-04-18,548.9951171875,870.0,870.0,810.0,830.0,16300
2003-04-21,580.5467529296875,920.0,940.0,880.0,900.0,27400
2003-04-22,555.3054809570312,880.0,920.0,870.0,920.0,16100
2003-04-23,561.6156616210938,890.0,890.0,850.0,880.0,6600
2003-04-24,536.3746337890625,850.0,870.0,830.0,860.0,3100
2003-04-25,536.3746337890625,850.0,850.0,840.0,850.0,4500
2003-04-28,504.8231201171875,800.0,850.0,800.0,850.0,6400
2003-04-29,504.8231201171875,800.0,800.0,800.0,800.0,0
2003-04-30,511.1334228515625,810.0,830.0,810.0,820.0,2800
2003-05-01,511.1334228515625,810.0,820.0,790.0,810.0,12500
2003-05-02,523.7540893554688,830.0,830.0,820.0,820.0,800
2003-05-05,523.7540893554688,830.0,830.0,830.0,830.0,0
2003-05-06,523.7540893554688,830.0,850.0,820.0,850.0,4400
2003-05-07,530.0643920898438,840.0,840.0,830.0,830.0,5400
2003-05-08,530.0643920898438,840.0,840.0,830.0,830.0,6600
2003-05-09,523.7540893554688,830.0,860.0,830.0,860.0,6900
2003-05-12,536.3746337890625,850.0,860.0,840.0,850.0,7900
2003-05-13,548.9951171875,870.0,890.0,850.0,860.0,20600
2003-05-14,548.9951171875,870.0,880.0,870.0,880.0,1600
2003-05-15,548.9951171875,870.0,880.0,870.0,870.0,7500
2003-05-16,561.6156616210938,890.0,890.0,870.0,890.0,6300
2003-05-19,548.9951171875,870.0,890.0,850.0,890.0,5300
2003-05-20,542.68505859375,860.0,860.0,860.0,860.0,1800
2003-05-21,593.1672973632812,940.0,970.0,870.0,870.0,34700
2003-05-22,593.1672973632812,940.0,940.0,910.0,940.0,13900
2003-05-23,555.3054809570312,880.0,940.0,840.0,930.0,26300
2003-05-26,555.3054809570312,880.0,900.0,880.0,900.0,12200
2003-05-27,542.68505859375,860.0,880.0,860.0,880.0,5800
2003-05-28,548.9951171875,870.0,870.0,850.0,860.0,6800
2003-05-29,548.9951171875,870.0,880.0,860.0,870.0,3000
2003-05-30,542.68505859375,860.0,870.0,850.0,860.0,5100
2003-06-02,567.9261474609375,900.0,900.0,850.0,850.0,6800
2003-06-03,574.2363891601562,910.0,910.0,880.0,880.0,9000
2003-06-04,567.9261474609375,900.0,920.0,890.0,910.0,15500
2003-06-05,580.5467529296875,920.0,920.0,880.0,900.0,9100
2003-06-06,599.4773559570312,950.0,960.0,920.0,930.0,31800
2003-06-09,649.9597778320312,1030.0,1040.0,970.0,970.0,47000
2003-06-10,675.2009887695312,1070.0,1070.0,960.0,980.0,42600
2003-06-11,643.6495971679688,1020.0,1050.0,1020.0,1040.0,16700
2003-06-12,624.7186279296875,990.0,1040.0,990.0,1020.0,15400
2003-06-13,631.0288696289062,1000.0,1010.0,990.0,1000.0,4800
2003-06-16,637.3392333984375,1010.0,1040.0,980.0,1040.0,10800
2003-06-17,624.7186279296875,990.0,1010.0,980.0,1000.0,7200
2003-06-18,637.3392333984375,1010.0,1010.0,980.0,990.0,9200
2003-06-19,624.7186279296875,990.0,1030.0,980.0,1010.0,8600
2003-06-20,637.3392333984375,1010.0,1020.0,990.0,990.0,12600
2003-06-23,662.580322265625,1050.0,1070.0,1030.0,1030.0,43800
2003-06-24,637.3392333984375,1010.0,1050.0,1010.0,1050.0,13800
2003-06-25,662.580322265625,1050.0,1050.0,1030.0,1030.0,14800
2003-06-26,694.1319580078125,1100.0,1120.0,1060.0,1060.0,28300
2003-06-27,694.1319580078125,1100.0,1140.0,1100.0,1130.0,18600
2003-06-30,694.1319580078125,1100.0,1120.0,1100.0,1120.0,10900
2003-07-01,706.7523193359375,1120.0,1120.0,1080.0,1080.0,23200
2003-07-02,713.0626220703125,1130.0,1170.0,1120.0,1130.0,29400
2003-07-03,675.2009887695312,1070.0,1130.0,1060.0,1130.0,17900
2003-07-04,662.580322265625,1050.0,1050.0,1020.0,1020.0,7200
2003-07-07,713.0626220703125,1130.0,1150.0,1050.0,1060.0,21800
2003-07-08,681.5111694335938,1080.0,1150.0,1050.0,1150.0,21700
2003-07-09,681.5111694335938,1080.0,1090.0,1060.0,1070.0,11900
2003-07-10,694.1319580078125,1100.0,1100.0,1070.0,1080.0,9000
2003-07-11,668.8907470703125,1060.0,1100.0,1060.0,1100.0,11500
2003-07-14,662.580322265625,1050.0,1090.0,1040.0,1040.0,4900
2003-07-15,643.6495971679688,1020.0,1050.0,1010.0,1050.0,19500
2003-07-16,624.7186279296875,990.0,1010.0,980.0,1010.0,21400
2003-07-17,593.1672973632812,940.0,960.0,920.0,960.0,14200
2003-07-18,612.0980834960938,970.0,970.0,900.0,900.0,6100
2003-07-21,612.0980834960938,970.0,970.0,970.0,970.0,0
2003-07-22,574.2363891601562,910.0,950.0,860.0,950.0,15200
2003-07-23,586.8569946289062,930.0,940.0,900.0,900.0,9800
2003-07-24,631.0288696289062,1000.0,1010.0,950.0,970.0,23200
2003-07-25,631.0288696289062,1000.0,1000.0,980.0,1000.0,11500
2003-07-28,637.3392333984375,1010.0,1020.0,990.0,1010.0,16000
2003-07-29,631.0288696289062,1000.0,1020.0,1000.0,1010.0,14800
2003-07-30,643.6495971679688,1020.0,1040.0,990.0,1000.0,27200
2003-07-31,668.8907470703125,1060.0,1120.0,1040.0,1070.0,41900
2003-08-01,675.2009887695312,1070.0,1080.0,1060.0,1070.0,13200
2003-08-04,656.2700805664062,1040.0,1050.0,1030.0,1030.0,7500
2003-08-05,631.0288696289062,1000.0,1040.0,1000.0,1040.0,16200
2003-08-06,618.4082641601562,980.0,980.0,960.0,980.0,9300
2003-08-07,618.4082641601562,980.0,1000.0,980.0,980.0,6200
2003-08-08,605.787841796875,960.0,980.0,920.0,980.0,9000
2003-08-11,618.4082641601562,980.0,990.0,930.0,950.0,6900
2003-08-12,618.4082641601562,980.0,980.0,970.0,980.0,6800
2003-08-13,631.0288696289062,1000.0,1010.0,970.0,970.0,8000
2003-08-14,656.2700805664062,1040.0,1050.0,1000.0,1000.0,14000
2003-08-15,649.9597778320312,1030.0,1100.0,1030.0,1100.0,30000
2003-08-18,694.1319580078125,1100.0,1100.0,1040.0,1040.0,36500
2003-08-19,694.1319580078125,1100.0,1130.0,1060.0,1130.0,42900
2003-08-20,694.1319580078125,1100.0,1100.0,1060.0,1080.0,15100
2003-08-21,694.1319580078125,1100.0,1100.0,1070.0,1090.0,7600
2003-08-22,681.5111694335938,1080.0,1110.0,1070.0,1100.0,12600
2003-08-25,694.1319580078125,1100.0,1120.0,1100.0,1110.0,31800
2003-08-26,731.9935302734375,1160.0,1160.0,1100.0,1110.0,60300
2003-08-27,706.7523193359375,1120.0,1170.0,1120.0,1170.0,44500
2003-08-28,687.8214111328125,1090.0,1120.0,1090.0,1120.0,23000
2003-08-29,681.5111694335938,1080.0,1100.0,1070.0,1080.0,9600
2003-09-01,694.1319580078125,1100.0,1110.0,1080.0,1080.0,11200
2003-09-02,694.1319580078125,1100.0,1120.0,1080.0,1110.0,20700
2003-09-03,681.5111694335938,1080.0,1110.0,1080.0,1110.0,16200
2003-09-04,681.5111694335938,1080.0,1100.0,1070.0,1100.0,8600
2003-09-05,681.5111694335938,1080.0,1080.0,1060.0,1070.0,7400
2003-09-08,668.8907470703125,1060.0,1080.0,1050.0,1080.0,7000
2003-09-09,687.8214111328125,1090.0,1090.0,1070.0,1080.0,8200
2003-09-10,675.2009887695312,1070.0,1090.0,1070.0,1080.0,6200
2003-09-11,675.2009887695312,1070.0,1080.0,1060.0,1080.0,5100
2003-09-12,675.2009887695312,1070.0,1070.0,1050.0,1070.0,5900
2003-09-15,675.2009887695312,1070.0,1070.0,1070.0,1070.0,0
2003-09-16,694.1319580078125,1100.0,1100.0,1070.0,1070.0,12700
2003-09-17,694.1319580078125,1100.0,1120.0,1080.0,1110.0,19000
2003-09-18,675.2009887695312,1070.0,1100.0,1070.0,1090.0,7500
2003-09-19,687.8214111328125,1090.0,1090.0,1070.0,1080.0,6000
2003-09-22,668.8907470703125,1060.0,1090.0,1060.0,1080.0,2800
2003-09-23,668.8907470703125,1060.0,1060.0,1060.0,1060.0,0
2003-09-24,656.2700805664062,1040.0,1080.0,1040.0,1080.0,16000
2003-09-25,649.9597778320312,1030.0,1050.0,1000.0,1030.0,12400
2003-09-26,649.9597778320312,1030.0,1030.0,1000.0,1020.0,5700
2003-09-29,637.3392333984375,1010.0,1030.0,1010.0,1030.0,5700
2003-09-30,643.6495971679688,1020.0,1020.0,1010.0,1020.0,5500
2003-10-01,643.6495971679688,1020.0,1030.0,1010.0,1020.0,3000
2003-10-02,643.6495971679688,1020.0,1030.0,1020.0,1020.0,10000
2003-10-03,668.8907470703125,1060.0,1060.0,1030.0,1040.0,2900
2003-10-06,675.2009887695312,1070.0,1080.0,1050.0,1050.0,11600
2003-10-07,681.5111694335938,1080.0,1090.0,1060.0,1070.0,5100
2003-10-08,675.2009887695312,1070.0,1070.0,1040.0,1070.0,6300
2003-10-09,675.2009887695312,1070.0,1070.0,1050.0,1050.0,1400
2003-10-10,662.580322265625,1050.0,1070.0,1040.0,1060.0,7700
2003-10-14,656.2700805664062,1040.0,1060.0,1040.0,1060.0,4600
2003-10-15,662.580322265625,1050.0,1050.0,1040.0,1050.0,5600
2003-10-16,725.6834106445312,1150.0,1270.0,1120.0,1150.0,261000
2003-10-17,757.2347412109375,1200.0,1220.0,1150.0,1190.0,106400
2003-10-20,883.4404296875,1400.0,1410.0,1310.0,1350.0,360300
2003-10-21,851.8890991210938,1350.0,1460.0,1330.0,1430.0,119600
2003-10-22,959.1639404296876,1520.0,1550.0,1300.0,1360.0,138900
2003-10-23,820.337646484375,1300.0,1430.0,1290.0,1370.0,120800
2003-10-24,877.130126953125,1390.0,1460.0,1300.0,1300.0,80400
2003-10-27,851.8890991210938,1350.0,1390.0,1300.0,1390.0,28500
2003-10-28,820.337646484375,1300.0,1320.0,1260.0,1310.0,16200
2003-10-29,826.64794921875,1310.0,1360.0,1280.0,1290.0,16600
2003-10-30,820.337646484375,1300.0,1310.0,1280.0,1290.0,13600
2003-10-31,851.8890991210938,1350.0,1410.0,1310.0,1320.0,37800
2003-11-03,851.8890991210938,1350.0,1350.0,1350.0,1350.0,0
2003-11-04,896.0609741210938,1420.0,1440.0,1350.0,1370.0,42100
2003-11-05,1003.3359375,1590.0,1620.0,1440.0,1500.0,185200
2003-11-06,921.3020629882812,1460.0,1560.0,1450.0,1510.0,127600
2003-11-07,914.9920043945312,1450.0,1500.0,1410.0,1500.0,29900
2003-11-10,883.4404296875,1400.0,1450.0,1360.0,1450.0,26700
2003-11-11,801.4067993164062,1270.0,1350.0,1230.0,1350.0,29800
2003-11-12,807.7169799804688,1280.0,1320.0,1230.0,1300.0,24900
2003-11-13,795.0965576171875,1260.0,1320.0,1260.0,1300.0,5200
2003-11-14,744.6141357421875,1180.0,1260.0,1170.0,1240.0,21300
2003-11-17,637.3392333984375,1010.0,1110.0,1010.0,1060.0,50800
2003-11-18,649.9597778320312,1030.0,1050.0,970.0,980.0,34900
2003-11-19,618.4082641601562,980.0,1010.0,970.0,1000.0,24000
2003-11-20,637.3392333984375,1010.0,1040.0,980.0,1010.0,24300
2003-11-21,662.580322265625,1050.0,1060.0,980.0,1000.0,27800
2003-11-24,662.580322265625,1050.0,1050.0,1050.0,1050.0,0
2003-11-25,681.5111694335938,1080.0,1080.0,1050.0,1080.0,17400
2003-11-26,694.1319580078125,1100.0,1120.0,1080.0,1080.0,13600
2003-11-27,725.6834106445312,1150.0,1150.0,1100.0,1120.0,24000
2003-11-28,713.0626220703125,1130.0,1180.0,1110.0,1170.0,19700
2003-12-01,725.6834106445312,1150.0,1150.0,1070.0,1120.0,14800
2003-12-02,738.3038330078125,1170.0,1210.0,1160.0,1180.0,26900
2003-12-03,763.544921875,1210.0,1210.0,1120.0,1170.0,32700
2003-12-04,795.0965576171875,1260.0,1330.0,1240.0,1310.0,61300
2003-12-05,769.85498046875,1220.0,1270.0,1220.0,1270.0,15500
2003-12-08,706.7523193359375,1120.0,1190.0,1120.0,1190.0,9300
2003-12-09,713.0626220703125,1130.0,1160.0,1120.0,1140.0,9300
2003-12-10,681.5111694335938,1080.0,1130.0,1080.0,1130.0,17100
2003-12-11,681.5111694335938,1080.0,1100.0,1060.0,1080.0,8300
2003-12-12,694.1319580078125,1100.0,1120.0,1080.0,1100.0,10600
2003-12-15,700.4421997070312,1110.0,1130.0,1100.0,1130.0,8300
2003-12-16,675.2009887695312,1070.0,1090.0,1060.0,1070.0,7400
2003-12-17,662.580322265625,1050.0,1080.0,1050.0,1070.0,14800
2003-12-18,643.6495971679688,1020.0,1040.0,1020.0,1030.0,14400
2003-12-19,656.2700805664062,1040.0,1070.0,1030.0,1030.0,10600
2003-12-22,649.9597778320312,1030.0,1070.0,1010.0,1030.0,11900
2003-12-23,649.9597778320312,1030.0,1030.0,1030.0,1030.0,0
2003-12-24,643.6495971679688,1020.0,1040.0,1020.0,1030.0,11100
2003-12-25,649.9597778320312,1030.0,1030.0,1010.0,1020.0,14200
2003-12-26,681.5111694335938,1080.0,1080.0,1040.0,1040.0,11000
2003-12-29,719.3729858398438,1140.0,1140.0,1110.0,1120.0,23800
2003-12-30,719.3729858398438,1140.0,1150.0,1120.0,1140.0,14600
2004-01-02,719.3729858398438,1140.0,1140.0,1140.0,1140.0,0
2004-01-05,731.9935302734375,1160.0,1180.0,1150.0,1180.0,6600
2004-01-06,725.6834106445312,1150.0,1180.0,1110.0,1180.0,12400
2004-01-07,713.0626220703125,1130.0,1160.0,1130.0,1150.0,8100
2004-01-08,763.544921875,1210.0,1230.0,1150.0,1160.0,35600
2004-01-09,826.64794921875,1310.0,1360.0,1280.0,1330.0,98100
2004-01-12,826.64794921875,1310.0,1310.0,1310.0,1310.0,0
2004-01-13,832.9580078125,1320.0,1330.0,1300.0,1310.0,35200
2004-01-14,820.337646484375,1300.0,1310.0,1280.0,1310.0,24100
2004-01-15,832.9580078125,1320.0,1330.0,1280.0,1300.0,34600
2004-01-16,820.337646484375,1300.0,1320.0,1290.0,1310.0,9400
2004-01-19,839.2684326171875,1330.0,1370.0,1310.0,1310.0,48000
2004-01-20,801.4067993164062,1270.0,1340.0,1270.0,1330.0,30100
2004-01-21,814.0272827148438,1290.0,1300.0,1270.0,1270.0,16000
2004-01-22,807.7169799804688,1280.0,1300.0,1280.0,1290.0,14400
2004-01-23,820.337646484375,1300.0,1310.0,1260.0,1280.0,12400
2004-01-26,814.0272827148438,1290.0,1310.0,1270.0,1300.0,11300
2004-01-27,801.4067993164062,1270.0,1290.0,1270.0,1290.0,5800
2004-01-28,782.475830078125,1240.0,1260.0,1230.0,1260.0,10000
2004-01-29,782.475830078125,1240.0,1250.0,1220.0,1250.0,4600
2004-01-30,769.85498046875,1220.0,1240.0,1220.0,1220.0,5700
2004-02-02,788.7860717773438,1250.0,1270.0,1230.0,1230.0,6800
2004-02-03,788.7860717773438,1250.0,1260.0,1230.0,1240.0,6300
2004-02-04,744.6141357421875,1180.0,1250.0,1170.0,1250.0,17500
2004-02-05,738.3038330078125,1170.0,1170.0,1150.0,1160.0,11600
2004-02-06,750.9244995117188,1190.0,1190.0,1170.0,1180.0,3500
2004-02-09,744.6141357421875,1180.0,1210.0,1180.0,1200.0,5900
2004-02-10,744.6141357421875,1180.0,1180.0,1160.0,1180.0,6500
2004-02-11,744.6141357421875,1180.0,1180.0,1180.0,1180.0,0
2004-02-12,757.2347412109375,1200.0,1210.0,1190.0,1190.0,10800
2004-02-13,757.2347412109375,1200.0,1200.0,1190.0,1200.0,4900
2004-02-16,782.475830078125,1240.0,1250.0,1210.0,1210.0,11900
2004-02-17,788.7860717773438,1250.0,1250.0,1220.0,1220.0,14200
2004-02-18,801.4067993164062,1270.0,1320.0,1270.0,1280.0,63200
2004-02-19,814.0272827148438,1290.0,1290.0,1240.0,1270.0,23200
2004-02-20,788.7860717773438,1250.0,1290.0,1250.0,1270.0,11600
2004-02-23,807.7169799804688,1280.0,1290.0,1250.0,1270.0,7500
2004-02-24,795.0965576171875,1260.0,1290.0,1260.0,1290.0,13000
2004-02-25,795.0965576171875,1260.0,1290.0,1260.0,1270.0,9200
2004-02-26,814.0272827148438,1290.0,1290.0,1260.0,1280.0,2500
2004-02-27,820.337646484375,1300.0,1300.0,1280.0,1290.0,11600
2004-03-01,820.337646484375,1300.0,1300.0,1280.0,1300.0,10800
2004-03-02,820.337646484375,1300.0,1320.0,1290.0,1320.0,20700
2004-03-03,820.337646484375,1300.0,1310.0,1290.0,1310.0,7300
2004-03-04,845.5787963867188,1340.0,1360.0,1300.0,1300.0,45200
2004-03-05,845.5787963867188,1340.0,1360.0,1320.0,1360.0,23200
2004-03-08,845.5787963867188,1340.0,1370.0,1340.0,1360.0,16400
2004-03-09,870.8199462890625,1380.0,1430.0,1360.0,1360.0,70300
2004-03-10,877.130126953125,1390.0,1420.0,1380.0,1400.0,23600
2004-03-11,902.3711547851562,1430.0,1440.0,1360.0,1380.0,37600
2004-03-12,896.0609741210938,1420.0,1430.0,1380.0,1420.0,26400
2004-03-15,908.6815795898438,1440.0,1480.0,1420.0,1460.0,52600
2004-03-16,896.0609741210938,1420.0,1440.0,1390.0,1440.0,30700
2004-03-17,877.130126953125,1390.0,1410.0,1370.0,1410.0,22300
2004-03-18,870.8199462890625,1380.0,1430.0,1380.0,1410.0,29700
2004-03-19,864.5098266601562,1370.0,1370.0,1350.0,1370.0,18700
2004-03-22,883.4404296875,1400.0,1400.0,1370.0,1380.0,15000
2004-03-23,877.130126953125,1390.0,1400.0,1370.0,1400.0,11500
2004-03-24,927.6124267578124,1470.0,1470.0,1390.0,1400.0,71200
2004-03-25,940.2330322265624,1490.0,1560.0,1480.0,1540.0,125600
2004-03-26,940.233154296875,1470.0,1520.0,1470.0,1510.0,28800
2004-03-29,908.2523193359376,1420.0,1480.0,1420.0,1470.0,21700
2004-03-30,908.2523193359376,1420.0,1470.0,1420.0,1470.0,12600
2004-03-31,927.4408569335938,1450.0,1480.0,1420.0,1460.0,20500
2004-04-01,927.4408569335938,1450.0,1480.0,1430.0,1460.0,15100
2004-04-02,914.6484985351562,1430.0,1450.0,1420.0,1440.0,11900
2004-04-05,921.0446166992188,1440.0,1470.0,1430.0,1470.0,13900
2004-04-06,940.233154296875,1470.0,1480.0,1440.0,1480.0,18200
2004-04-07,927.4408569335938,1450.0,1460.0,1450.0,1460.0,10300
2004-04-08,959.4218139648438,1500.0,1500.0,1430.0,1460.0,37800
2004-04-09,921.0446166992188,1440.0,1480.0,1430.0,1470.0,21900
2004-04-12,959.4218139648438,1500.0,1520.0,1450.0,1450.0,53100
2004-04-13,965.81787109375,1510.0,1540.0,1500.0,1530.0,45600
2004-04-14,1055.364013671875,1650.0,1650.0,1510.0,1510.0,118100
2004-04-15,1010.5906372070312,1580.0,1680.0,1520.0,1660.0,125600
2004-04-16,1004.1945190429688,1570.0,1600.0,1530.0,1570.0,37100
2004-04-19,972.2140502929688,1520.0,1560.0,1480.0,1560.0,27200
2004-04-20,972.2140502929688,1520.0,1550.0,1490.0,1530.0,18800
2004-04-21,1010.5906372070312,1580.0,1600.0,1490.0,1510.0,47500
2004-04-22,985.0062255859376,1540.0,1600.0,1540.0,1570.0,23700
2004-04-23,985.0062255859376,1540.0,1560.0,1520.0,1560.0,20400
2004-04-26,978.6098022460938,1530.0,1560.0,1520.0,1530.0,11300
2004-04-27,953.0252075195312,1490.0,1520.0,1480.0,1490.0,25300
2004-04-28,953.0252075195312,1490.0,1510.0,1480.0,1500.0,15900
2004-04-29,953.0252075195312,1490.0,1490.0,1490.0,1490.0,0
2004-04-30,933.8368530273438,1460.0,1470.0,1430.0,1450.0,20900
2004-05-06,914.6484985351562,1430.0,1480.0,1430.0,1460.0,8500
2004-05-07,901.8563232421876,1410.0,1410.0,1350.0,1400.0,19200
2004-05-10,805.9142456054688,1260.0,1360.0,1250.0,1360.0,33800
2004-05-11,805.9142456054688,1260.0,1330.0,1230.0,1240.0,19500
2004-05-12,850.6871337890625,1330.0,1340.0,1300.0,1320.0,11200
2004-05-13,844.290771484375,1320.0,1370.0,1310.0,1340.0,13300
2004-05-14,825.1024169921875,1290.0,1330.0,1270.0,1310.0,6300
2004-05-17,748.348876953125,1170.0,1290.0,1170.0,1290.0,16200
2004-05-18,812.3101196289062,1270.0,1290.0,1170.0,1170.0,14100
2004-05-19,825.1024169921875,1290.0,1320.0,1250.0,1250.0,11400
2004-05-20,818.7064819335938,1280.0,1310.0,1260.0,1290.0,9100
2004-05-21,786.7257690429688,1230.0,1320.0,1210.0,1290.0,42300
2004-05-24,799.5180053710938,1250.0,1270.0,1240.0,1240.0,30800
2004-05-25,799.5180053710938,1250.0,1260.0,1230.0,1260.0,16100
2004-05-26,793.1219482421875,1240.0,1260.0,1240.0,1260.0,7700
2004-05-27,786.7257690429688,1230.0,1250.0,1230.0,1250.0,4200
2004-05-28,793.1219482421875,1240.0,1240.0,1230.0,1230.0,5600
2004-05-31,793.1219482421875,1240.0,1250.0,1220.0,1250.0,8500
2004-06-01,786.7257690429688,1230.0,1240.0,1200.0,1240.0,9000
2004-06-02,786.7257690429688,1230.0,1240.0,1230.0,1240.0,1900
2004-06-03,773.933349609375,1210.0,1230.0,1200.0,1230.0,7100
2004-06-04,773.933349609375,1210.0,1210.0,1200.0,1210.0,7000
2004-06-07,793.1219482421875,1240.0,1240.0,1210.0,1240.0,7600
2004-06-08,780.329345703125,1220.0,1240.0,1220.0,1240.0,6500
2004-06-09,786.7257690429688,1230.0,1260.0,1230.0,1240.0,9400
2004-06-10,812.3101196289062,1270.0,1280.0,1220.0,1220.0,11100
2004-06-11,818.7064819335938,1280.0,1280.0,1260.0,1270.0,7500
2004-06-14,844.290771484375,1320.0,1330.0,1290.0,1300.0,17400
2004-06-15,831.4987182617188,1300.0,1320.0,1290.0,1320.0,14000
2004-06-16,825.1024169921875,1290.0,1310.0,1270.0,1310.0,14400
2004-06-17,812.3101196289062,1270.0,1290.0,1260.0,1290.0,8500
2004-06-18,812.3101196289062,1270.0,1290.0,1260.0,1270.0,5900
2004-06-21,799.5180053710938,1250.0,1280.0,1250.0,1270.0,14100
2004-06-22,799.5180053710938,1250.0,1270.0,1250.0,1260.0,5400
2004-06-23,799.5180053710938,1250.0,1270.0,1250.0,1260.0,3900
2004-06-24,831.4987182617188,1300.0,1310.0,1260.0,1270.0,15900
2004-06-25,825.1024169921875,1290.0,1300.0,1280.0,1300.0,9800
2004-06-28,825.1024169921875,1290.0,1300.0,1280.0,1300.0,6400
2004-06-29,831.4987182617188,1300.0,1300.0,1280.0,1290.0,7100
2004-06-30,825.1024169921875,1290.0,1310.0,1290.0,1310.0,4800
2004-07-01,908.2523193359376,1420.0,1460.0,1300.0,1300.0,137200
2004-07-02,857.0833129882812,1340.0,1380.0,1320.0,1330.0,33000
2004-07-05,844.290771484375,1320.0,1330.0,1310.0,1320.0,8000
2004-07-06,869.8756713867188,1360.0,1410.0,1320.0,1320.0,25700
2004-07-07,927.4408569335938,1450.0,1490.0,1350.0,1370.0,110400
2004-07-08,882.66796875,1380.0,1610.0,1380.0,1500.0,416000
2004-07-09,914.6484985351562,1430.0,1500.0,1410.0,1410.0,80100
2004-07-12,895.460205078125,1400.0,1450.0,1390.0,1450.0,32000
2004-07-13,940.233154296875,1470.0,1510.0,1410.0,1420.0,80100
2004-07-14,882.66796875,1380.0,1470.0,1380.0,1470.0,37000
2004-07-15,876.2716064453125,1370.0,1440.0,1360.0,1430.0,27400
2004-07-16,889.0639038085938,1390.0,1400.0,1350.0,1380.0,12200
2004-07-19,889.0639038085938,1390.0,1390.0,1390.0,1390.0,0
2004-07-20,869.8756713867188,1360.0,1370.0,1350.0,1370.0,5600
2004-07-21,863.4795532226562,1350.0,1390.0,1350.0,1370.0,8900
2004-07-22,857.0833129882812,1340.0,1340.0,1310.0,1340.0,19000
2004-07-23,850.6871337890625,1330.0,1340.0,1330.0,1340.0,2600
2004-07-26,818.7064819335938,1280.0,1330.0,1270.0,1330.0,21300
2004-07-27,793.1219482421875,1240.0,1290.0,1200.0,1280.0,18700
2004-07-28,825.1024169921875,1290.0,1290.0,1260.0,1260.0,5300
2004-07-29,805.9142456054688,1260.0,1280.0,1250.0,1280.0,6300
2004-07-30,805.9142456054688,1260.0,1270.0,1240.0,1240.0,5900
2004-08-02,805.9142456054688,1260.0,1270.0,1250.0,1260.0,4400
2004-08-03,818.7064819335938,1280.0,1310.0,1270.0,1310.0,17500
2004-08-04,805.9142456054688,1260.0,1270.0,1240.0,1270.0,4200
2004-08-05,812.3101196289062,1270.0,1270.0,1250.0,1250.0,5100
2004-08-06,805.9142456054688,1260.0,1260.0,1240.0,1240.0,1900
2004-08-09,793.1219482421875,1240.0,1270.0,1230.0,1270.0,7500
2004-08-10,786.7257690429688,1230.0,1260.0,1210.0,1260.0,11200
2004-08-11,799.5180053710938,1250.0,1260.0,1250.0,1250.0,3000
2004-08-12,793.1219482421875,1240.0,1260.0,1240.0,1240.0,1300
2004-08-13,786.7257690429688,1230.0,1240.0,1220.0,1230.0,2400
2004-08-16,786.7257690429688,1230.0,1230.0,1220.0,1220.0,5900
2004-08-17,780.329345703125,1220.0,1230.0,1220.0,1230.0,2000
2004-08-18,780.329345703125,1220.0,1230.0,1210.0,1220.0,7500
2004-08-19,780.329345703125,1220.0,1240.0,1220.0,1240.0,1000
2004-08-20,793.1219482421875,1240.0,1240.0,1230.0,1240.0,4800
2004-08-23,825.1024169921875,1290.0,1310.0,1270.0,1280.0,14600
2004-08-24,831.4987182617188,1300.0,1320.0,1290.0,1320.0,10400
2004-08-25,837.8948364257812,1310.0,1310.0,1280.0,1300.0,4200
2004-08-26,850.6871337890625,1330.0,1350.0,1310.0,1320.0,8000
2004-08-27,837.8948364257812,1310.0,1320.0,1310.0,1320.0,2600
2004-08-30,837.8948364257812,1310.0,1310.0,1300.0,1300.0,1300
2004-08-31,831.4987182617188,1300.0,1320.0,1300.0,1310.0,4200
2004-09-01,844.290771484375,1320.0,1340.0,1290.0,1320.0,9800
2004-09-02,869.8756713867188,1360.0,1360.0,1340.0,1340.0,17400
2004-09-03,857.0833129882812,1340.0,1410.0,1340.0,1370.0,22600
2004-09-06,869.8756713867188,1360.0,1380.0,1350.0,1380.0,12500
2004-09-07,921.0446166992188,1440.0,1500.0,1390.0,1390.0,205800
2004-09-08,914.6484985351562,1430.0,1470.0,1390.0,1470.0,70500
2004-09-09,908.2523193359376,1420.0,1430.0,1390.0,1390.0,12400
2004-09-10,889.0639038085938,1390.0,1400.0,1370.0,1400.0,12900
2004-09-13,869.8756713867188,1360.0,1410.0,1360.0,1380.0,11500
2004-09-14,895.460205078125,1400.0,1410.0,1370.0,1390.0,23500
2004-09-15,882.66796875,1380.0,1400.0,1360.0,1400.0,10800
2004-09-16,946.6292114257812,1480.0,1480.0,1340.0,1360.0,61500
2004-09-17,927.4408569335938,1450.0,1510.0,1420.0,1470.0,143500
2004-09-20,927.4408569335938,1450.0,1450.0,1450.0,1450.0,0
2004-09-21,869.8756713867188,1360.0,1420.0,1360.0,1420.0,29600
2004-09-22,882.66796875,1380.0,1390.0,1320.0,1390.0,42400
2004-09-23,882.66796875,1380.0,1380.0,1380.0,1380.0,0
2004-09-24,837.8948364257812,1310.0,1350.0,1270.0,1330.0,30800
2004-09-27,889.0639038085938,1390.0,1400.0,1310.0,1340.0,21300
2004-09-28,876.2716064453125,1370.0,1370.0,1330.0,1370.0,14200
2004-09-29,837.8948364257812,1310.0,1360.0,1300.0,1360.0,14800
2004-09-30,863.4795532226562,1350.0,1350.0,1300.0,1310.0,14800
2004-10-01,869.8756713867188,1360.0,1370.0,1350.0,1360.0,6500
2004-10-04,889.0639038085938,1390.0,1420.0,1370.0,1380.0,18200
2004-10-05,882.66796875,1380.0,1400.0,1380.0,1400.0,10100
2004-10-06,889.0639038085938,1390.0,1420.0,1390.0,1400.0,13000
2004-10-07,895.460205078125,1400.0,1420.0,1380.0,1410.0,13900
2004-10-08,921.0446166992188,1440.0,1440.0,1380.0,1380.0,30100
2004-10-11,921.0446166992188,1440.0,1440.0,1440.0,1440.0,0
2004-10-12,914.6484985351562,1430.0,1490.0,1420.0,1430.0,58900
2004-10-13,940.233154296875,1470.0,1500.0,1400.0,1420.0,79800
2004-10-14,882.66796875,1380.0,1450.0,1380.0,1450.0,53000
2004-10-15,889.0639038085938,1390.0,1390.0,1340.0,1340.0,32500
2004-10-18,882.66796875,1380.0,1380.0,1350.0,1380.0,6200
2004-10-19,882.66796875,1380.0,1380.0,1360.0,1370.0,6700
2004-10-20,863.4795532226562,1350.0,1380.0,1330.0,1380.0,12800
2004-10-21,850.6871337890625,1330.0,1340.0,1300.0,1340.0,16300
2004-10-22,863.4795532226562,1350.0,1350.0,1320.0,1330.0,12600
2004-10-25,844.290771484375,1320.0,1330.0,1310.0,1330.0,6100
2004-10-26,850.6871337890625,1330.0,1350.0,1320.0,1350.0,5700
2004-10-27,869.8756713867188,1360.0,1360.0,1330.0,1350.0,17000
2004-10-28,889.0639038085938,1390.0,1400.0,1380.0,1400.0,15100
2004-10-29,869.8756713867188,1360.0,1380.0,1340.0,1380.0,11500
2004-11-01,972.2140502929688,1520.0,1580.0,1350.0,1350.0,241600
2004-11-02,933.8368530273438,1460.0,1670.0,1440.0,1620.0,447200
2004-11-04,921.0446166992188,1440.0,1470.0,1410.0,1470.0,58300
2004-11-05,914.6484985351562,1430.0,1460.0,1400.0,1450.0,33900
2004-11-08,895.460205078125,1400.0,1460.0,1400.0,1440.0,26400
2004-11-09,927.4408569335938,1450.0,1470.0,1400.0,1410.0,47600
2004-11-10,933.8368530273438,1460.0,1470.0,1430.0,1450.0,28800
2004-11-11,908.2523193359376,1420.0,1470.0,1420.0,1460.0,28900
2004-11-12,908.2523193359376,1420.0,1430.0,1410.0,1420.0,15100
2004-11-15,914.6484985351562,1430.0,1440.0,1420.0,1430.0,8500
2004-11-16,933.8368530273438,1460.0,1500.0,1430.0,1430.0,48300
2004-11-17,927.4408569335938,1450.0,1470.0,1430.0,1460.0,23000
2004-11-18,946.6292114257812,1480.0,1510.0,1450.0,1450.0,76800
2004-11-19,921.0446166992188,1440.0,1490.0,1440.0,1480.0,31900
2004-11-22,895.460205078125,1400.0,1430.0,1400.0,1430.0,28900
2004-11-23,895.460205078125,1400.0,1400.0,1400.0,1400.0,0
2004-11-24,889.0639038085938,1390.0,1430.0,1390.0,1410.0,11800
2004-11-25,921.0446166992188,1440.0,1460.0,1390.0,1410.0,27500
2004-11-26,933.8368530273438,1460.0,1470.0,1440.0,1470.0,17500
2004-11-29,933.8368530273438,1460.0,1500.0,1460.0,1460.0,45300
2004-11-30,921.0446166992188,1440.0,1480.0,1440.0,1480.0,20900
2004-12-01,927.4408569335938,1450.0,1470.0,1430.0,1430.0,13800
2004-12-02,921.0446166992188,1440.0,1470.0,1440.0,1460.0,16100
2004-12-03,927.4408569335938,1450.0,1460.0,1440.0,1440.0,13400
2004-12-06,921.0446166992188,1440.0,1470.0,1440.0,1470.0,8000
2004-12-07,921.0446166992188,1440.0,1450.0,1430.0,1450.0,6000
2004-12-08,908.2523193359376,1420.0,1430.0,1410.0,1430.0,8400
2004-12-09,901.8563232421876,1410.0,1430.0,1400.0,1430.0,14000
2004-12-10,889.0639038085938,1390.0,1420.0,1380.0,1420.0,11100
2004-12-13,869.8756713867188,1360.0,1400.0,1360.0,1400.0,12400
2004-12-14,869.8756713867188,1360.0,1390.0,1360.0,1370.0,11700
2004-12-15,882.66796875,1380.0,1400.0,1370.0,1380.0,8700
2004-12-16,876.2716064453125,1370.0,1380.0,1360.0,1380.0,6600
2004-12-17,876.2716064453125,1370.0,1370.0,1360.0,1360.0,7800
2004-12-20,895.460205078125,1400.0,1410.0,1380.0,1380.0,14200
2004-12-21,895.460205078125,1400.0,1400.0,1380.0,1380.0,6100
2004-12-22,933.8368530273438,1460.0,1460.0,1400.0,1400.0,38900
2004-12-24,908.2523193359376,1420.0,1440.0,1420.0,1440.0,17300
2004-12-27,901.8563232421876,1410.0,1410.0,1400.0,1410.0,11400
2004-12-28,908.2523193359376,1420.0,1430.0,1410.0,1410.0,8100
2004-12-29,914.6484985351562,1430.0,1440.0,1410.0,1430.0,19900
2004-12-30,914.6484985351562,1430.0,1430.0,1410.0,1410.0,9100
2005-01-03,914.6484985351562,1430.0,1430.0,1430.0,1430.0,0
2005-01-04,908.2523193359376,1420.0,1420.0,1410.0,1420.0,7100
2005-01-05,914.6484985351562,1430.0,1440.0,1410.0,1420.0,16900
2005-01-06,940.233154296875,1470.0,1470.0,1420.0,1430.0,52400
2005-01-07,933.8368530273438,1460.0,1480.0,1450.0,1480.0,30500
2005-01-10,933.8368530273438,1460.0,1460.0,1460.0,1460.0,0
2005-01-11,953.0252075195312,1490.0,1500.0,1460.0,1480.0,40500
2005-01-12,965.81787109375,1510.0,1530.0,1490.0,1500.0,46500
2005-01-13,946.6292114257812,1480.0,1500.0,1470.0,1500.0,31800
2005-01-14,946.6292114257812,1480.0,1480.0,1460.0,1470.0,13200
2005-01-17,946.6292114257812,1480.0,1500.0,1470.0,1470.0,19100
2005-01-18,933.8368530273438,1460.0,1490.0,1450.0,1490.0,20100
2005-01-19,972.2140502929688,1520.0,1570.0,1500.0,1510.0,179800
2005-01-20,953.0252075195312,1490.0,1520.0,1480.0,1480.0,28600
2005-01-21,965.81787109375,1510.0,1520.0,1480.0,1490.0,34800
2005-01-24,959.4218139648438,1500.0,1550.0,1490.0,1550.0,44700
2005-01-25,1016.9868774414062,1590.0,1600.0,1500.0,1520.0,267000
2005-01-26,991.4022216796876,1550.0,1570.0,1530.0,1570.0,87200
2005-01-27,978.6098022460938,1530.0,1560.0,1530.0,1560.0,30500
2005-01-28,972.2140502929688,1520.0,1540.0,1500.0,1540.0,45600
2005-01-31,1010.5906372070312,1580.0,1590.0,1530.0,1540.0,71700
2005-02-01,985.0062255859376,1540.0,1580.0,1540.0,1560.0,36200
2005-02-02,1023.3831787109376,1600.0,1610.0,1540.0,1550.0,84000
2005-02-03,1055.364013671875,1650.0,1710.0,1610.0,1610.0,435600
2005-02-04,1036.1751708984375,1620.0,1640.0,1600.0,1630.0,57700
2005-02-07,1036.1751708984375,1620.0,1640.0,1620.0,1640.0,36500
2005-02-08,1080.9482421875,1690.0,1690.0,1620.0,1620.0,84600
2005-02-09,1074.5521240234375,1680.0,1680.0,1650.0,1670.0,43900
2005-02-10,1061.7598876953125,1660.0,1670.0,1640.0,1660.0,39800
2005-02-11,1061.7598876953125,1660.0,1660.0,1660.0,1660.0,0
2005-02-14,1138.513427734375,1780.0,1800.0,1680.0,1690.0,282400
2005-02-15,1132.1175537109375,1770.0,1880.0,1710.0,1770.0,275900
2005-02-16,1112.92919921875,1740.0,1770.0,1730.0,1730.0,61400
2005-02-17,1138.513427734375,1780.0,1800.0,1720.0,1740.0,62800
2005-02-18,1119.3250732421875,1750.0,1810.0,1750.0,1770.0,75600
2005-02-21,1106.53271484375,1730.0,1790.0,1720.0,1760.0,44900
2005-02-22,1087.3446044921875,1700.0,1740.0,1680.0,1740.0,51800
2005-02-23,1080.9482421875,1690.0,1690.0,1640.0,1660.0,52100
2005-02-24,1093.7403564453125,1710.0,1710.0,1660.0,1670.0,27300
2005-02-25,1093.7403564453125,1710.0,1710.0,1680.0,1710.0,20400
2005-02-28,1112.92919921875,1740.0,1750.0,1710.0,1720.0,32100
2005-03-01,1144.9097900390625,1790.0,1800.0,1730.0,1760.0,98800
2005-03-02,1138.513427734375,1780.0,1810.0,1760.0,1800.0,62200
2005-03-03,1132.1175537109375,1770.0,1780.0,1750.0,1770.0,24900
2005-03-04,1119.3250732421875,1750.0,1770.0,1740.0,1770.0,30200
2005-03-07,1112.92919921875,1740.0,1770.0,1730.0,1760.0,57400
2005-03-08,1106.53271484375,1730.0,1740.0,1720.0,1740.0,18000
2005-03-09,1138.513427734375,1780.0,1810.0,1730.0,1730.0,95700
2005-03-10,1125.721435546875,1760.0,1800.0,1750.0,1780.0,38200
2005-03-11,1176.8905029296875,1840.0,1840.0,1770.0,1780.0,74600
2005-03-14,1183.2864990234375,1850.0,1910.0,1810.0,1830.0,154200
2005-03-15,1157.7022705078125,1810.0,1850.0,1810.0,1850.0,51500
2005-03-16,1164.09814453125,1820.0,1840.0,1790.0,1800.0,42400
2005-03-17,1157.7022705078125,1810.0,1810.0,1790.0,1790.0,24300
2005-03-18,1164.09814453125,1820.0,1840.0,1780.0,1800.0,37700
2005-03-22,1234.4556884765625,1930.0,1940.0,1820.0,1830.0,232700
2005-03-23,1202.4749755859375,1880.0,1930.0,1850.0,1920.0,116900
2005-03-24,1183.2864990234375,1850.0,1880.0,1840.0,1880.0,51200
2005-03-25,1234.4556884765625,1930.0,2200.0,1900.0,2000.0,1432400
2005-03-28,1253.64404296875,1960.0,1980.0,1860.0,1860.0,158300
2005-03-29,1221.66357421875,1910.0,1980.0,1890.0,1980.0,76700
2005-03-30,1183.2864990234375,1850.0,1880.0,1810.0,1870.0,61200
2005-03-31,1183.2864990234375,1850.0,1870.0,1830.0,1870.0,26300
2005-04-01,1260.04052734375,1970.0,1970.0,1850.0,1890.0,65100
2005-04-04,1247.2479248046875,1950.0,1980.0,1930.0,1960.0,64400
2005-04-05,1228.0595703125,1920.0,1950.0,1910.0,1950.0,48500
2005-04-06,1221.66357421875,1910.0,1930.0,1910.0,1930.0,22000
2005-04-07,1285.625,2010.0,2050.0,1890.0,1910.0,446600
2005-04-08,1240.8519287109375,1940.0,2070.0,1920.0,2040.0,272100
2005-04-11,1234.4556884765625,1930.0,1980.0,1930.0,1960.0,49400
2005-04-12,1208.87109375,1890.0,1940.0,1890.0,1940.0,38600
2005-04-13,1183.2864990234375,1850.0,1910.0,1850.0,1890.0,50100
2005-04-14,1157.7022705078125,1810.0,1810.0,1730.0,1800.0,49000
2005-04-15,1119.3250732421875,1750.0,1790.0,1750.0,1790.0,23600
2005-04-18,1048.967529296875,1640.0,1650.0,1590.0,1650.0,66700
2005-04-19,1093.7403564453125,1710.0,1750.0,1640.0,1650.0,40400
2005-04-20,1119.3250732421875,1750.0,1800.0,1750.0,1780.0,24100
2005-04-21,1100.1368408203125,1720.0,1720.0,1670.0,1680.0,24900
2005-04-22,1138.513427734375,1780.0,1780.0,1750.0,1770.0,19800
2005-04-25,1125.721435546875,1760.0,1770.0,1740.0,1740.0,12900
2005-04-26,1112.92919921875,1740.0,1760.0,1730.0,1750.0,9500
2005-04-27,1112.92919921875,1740.0,1760.0,1740.0,1760.0,13200
2005-04-28,1125.721435546875,1760.0,1780.0,1750.0,1770.0,9000
2005-05-02,1125.721435546875,1760.0,1770.0,1750.0,1770.0,7000
2005-05-05,1125.721435546875,1760.0,1760.0,1760.0,1760.0,0
2005-05-06,1151.3057861328125,1800.0,1800.0,1770.0,1770.0,22000
2005-05-09,1170.494384765625,1830.0,1830.0,1810.0,1830.0,21000
2005-05-10,1189.682861328125,1860.0,1870.0,1840.0,1850.0,16100
2005-05-11,1164.09814453125,1820.0,1830.0,1800.0,1820.0,13100
2005-05-12,1164.09814453125,1820.0,1840.0,1820.0,1840.0,6500
2005-05-13,1170.494384765625,1830.0,1830.0,1800.0,1830.0,5700
2005-05-16,1119.3250732421875,1750.0,1830.0,1750.0,1830.0,18300
2005-05-17,1068.1561279296875,1670.0,1790.0,1640.0,1770.0,27200
2005-05-18,1093.7403564453125,1710.0,1720.0,1680.0,1700.0,13300
2005-05-19,1100.1368408203125,1720.0,1740.0,1690.0,1740.0,34300
2005-05-20,1074.5521240234375,1680.0,1720.0,1680.0,1720.0,21800
2005-05-23,1042.5712890625,1630.0,1690.0,1610.0,1690.0,38800
2005-05-24,1048.967529296875,1640.0,1670.0,1620.0,1640.0,23000
2005-05-25,1023.3831787109376,1600.0,1650.0,1600.0,1630.0,25200
2005-05-26,997.79833984375,1560.0,1600.0,1550.0,1600.0,18400
2005-05-27,1023.3831787109376,1600.0,1600.0,1570.0,1570.0,35500
2005-05-30,1029.7791748046875,1610.0,1620.0,1590.0,1590.0,8700
2005-05-31,1036.1751708984375,1620.0,1630.0,1600.0,1610.0,6800
2005-06-01,1042.5712890625,1630.0,1650.0,1620.0,1630.0,16700
2005-06-02,1036.1751708984375,1620.0,1660.0,1620.0,1640.0,15800
2005-06-03,1036.1751708984375,1620.0,1630.0,1610.0,1620.0,6400
2005-06-06,1036.1751708984375,1620.0,1620.0,1600.0,1610.0,6300
2005-06-07,1029.7791748046875,1610.0,1620.0,1610.0,1610.0,7900
2005-06-08,1036.1751708984375,1620.0,1620.0,1600.0,1600.0,5900
2005-06-09,1023.3831787109376,1600.0,1620.0,1600.0,1610.0,13100
2005-06-10,1087.3446044921875,1700.0,1700.0,1600.0,1610.0,44400
2005-06-13,1106.53271484375,1730.0,1730.0,1650.0,1670.0,20800
2005-06-14,1074.5521240234375,1680.0,1710.0,1680.0,1680.0,7800
2005-06-15,1074.5521240234375,1680.0,1700.0,1680.0,1690.0,11600
2005-06-16,1093.7403564453125,1710.0,1730.0,1700.0,1700.0,15200
2005-06-17,1100.1368408203125,1720.0,1720.0,1710.0,1720.0,6100
2005-06-20,1093.7403564453125,1710.0,1740.0,1690.0,1740.0,11500
2005-06-21,1100.1368408203125,1720.0,1730.0,1680.0,1730.0,11800
2005-06-22,1087.3446044921875,1700.0,1700.0,1690.0,1700.0,6300
2005-06-23,1080.9482421875,1690.0,1700.0,1690.0,1690.0,4500
2005-06-24,1074.5521240234375,1680.0,1690.0,1650.0,1650.0,9000
2005-06-27,1068.1561279296875,1670.0,1690.0,1670.0,1690.0,3600
2005-06-28,1080.9482421875,1690.0,1690.0,1670.0,1670.0,4200
2005-06-29,1087.3446044921875,1700.0,1710.0,1690.0,1700.0,7100
2005-06-30,1080.9482421875,1690.0,1690.0,1680.0,1680.0,7600
2005-07-01,1087.3446044921875,1700.0,1700.0,1670.0,1680.0,11900
2005-07-04,1119.3250732421875,1750.0,1750.0,1700.0,1700.0,35200
2005-07-05,1106.53271484375,1730.0,1780.0,1730.0,1750.0,25900
2005-07-06,1100.1368408203125,1720.0,1750.0,1710.0,1740.0,12800
2005-07-07,1125.721435546875,1760.0,1770.0,1720.0,1730.0,22000
2005-07-08,1100.1368408203125,1720.0,1750.0,1720.0,1740.0,19000
2005-07-11,1093.7403564453125,1710.0,1730.0,1710.0,1720.0,16400
2005-07-12,1093.7403564453125,1710.0,1720.0,1700.0,1720.0,9900
2005-07-13,1093.7403564453125,1710.0,1710.0,1690.0,1710.0,17000
2005-07-14,1093.7403564453125,1710.0,1710.0,1690.0,1700.0,8400
2005-07-15,1100.1368408203125,1720.0,1740.0,1710.0,1710.0,21000
2005-07-18,1100.1368408203125,1720.0,1720.0,1720.0,1720.0,0
2005-07-19,1106.53271484375,1730.0,1740.0,1710.0,1720.0,15700
2005-07-20,1157.7022705078125,1810.0,1820.0,1750.0,1750.0,116200
2005-07-21,1138.513427734375,1780.0,1840.0,1770.0,1830.0,57300
2005-07-22,1125.721435546875,1760.0,1770.0,1740.0,1770.0,19100
2005-07-25,1144.9097900390625,1790.0,1800.0,1760.0,1780.0,33600
2005-07-26,1164.09814453125,1820.0,1860.0,1790.0,1790.0,47700
2005-07-27,1189.682861328125,1860.0,1890.0,1820.0,1840.0,63200
2005-07-28,1228.0595703125,1920.0,2040.0,1880.0,1920.0,449300
2005-07-29,1234.4556884765625,1930.0,1970.0,1910.0,1960.0,93200
2005-08-01,1240.8519287109375,1940.0,2000.0,1860.0,1920.0,117400
2005-08-02,1221.66357421875,1910.0,1980.0,1910.0,1970.0,60500
2005-08-03,1260.04052734375,1970.0,2150.0,1920.0,1940.0,1225300
2005-08-04,1208.87109375,1890.0,1960.0,1850.0,1960.0,124600
2005-08-05,1176.8905029296875,1840.0,1870.0,1830.0,1860.0,69000
2005-08-08,1170.494384765625,1830.0,1850.0,1800.0,1840.0,42300
2005-08-09,1221.66357421875,1910.0,1920.0,1850.0,1850.0,32000
2005-08-10,1234.4556884765625,1930.0,1940.0,1910.0,1930.0,33300
2005-08-11,1260.04052734375,1970.0,2030.0,1940.0,1960.0,126100
2005-08-12,1260.04052734375,1970.0,1990.0,1940.0,1990.0,46100
2005-08-15,1285.625,2010.0,2030.0,1970.0,1970.0,59500
2005-08-16,1279.2286376953125,2000.0,2030.0,1990.0,2030.0,55200
2005-08-17,1311.209716796875,2050.0,2090.0,1970.0,1980.0,226100
2005-08-18,1317.6055908203125,2060.0,2110.0,2030.0,2070.0,184900
2005-08-19,1285.625,2010.0,2070.0,1990.0,2070.0,61900
2005-08-22,1260.04052734375,1970.0,1980.0,1940.0,1960.0,81200
2005-08-23,1253.64404296875,1960.0,1990.0,1960.0,1980.0,35900
2005-08-24,1247.2479248046875,1950.0,1960.0,1940.0,1960.0,19700
2005-08-25,1228.0595703125,1920.0,1950.0,1920.0,1950.0,29200
2005-08-26,1215.267333984375,1900.0,1940.0,1890.0,1940.0,40700
2005-08-29,1208.87109375,1890.0,1920.0,1890.0,1910.0,24000
2005-08-30,1253.64404296875,1960.0,1970.0,1920.0,1920.0,51900
2005-08-31,1253.64404296875,1960.0,1980.0,1940.0,1970.0,34700
2005-09-01,1272.83251953125,1990.0,2010.0,1950.0,1950.0,77800
2005-09-02,1292.020751953125,2020.0,2030.0,1970.0,2000.0,83800
2005-09-05,1381.56689453125,2160.0,2170.0,1990.0,2010.0,348900
2005-09-06,1355.9825439453125,2120.0,2430.0,2100.0,2310.0,928500
2005-09-07,1336.7938232421875,2090.0,2190.0,2040.0,2150.0,168700
2005-09-08,1304.8134765625,2040.0,2090.0,2030.0,2090.0,46200
2005-09-09,1343.190185546875,2100.0,2140.0,2040.0,2060.0,47800
2005-09-12,1336.7938232421875,2090.0,2160.0,2070.0,2160.0,34000
2005-09-13,1349.5865478515625,2110.0,2130.0,2090.0,2100.0,25500
2005-09-14,1343.190185546875,2100.0,2110.0,2080.0,2100.0,26300
2005-09-15,1381.56689453125,2160.0,2240.0,2090.0,2090.0,138000
2005-09-16,1375.1707763671875,2150.0,2190.0,2140.0,2190.0,37800
2005-09-19,1375.1707763671875,2150.0,2150.0,2150.0,2150.0,0
2005-09-20,1368.77490234375,2140.0,2170.0,2130.0,2150.0,33100
2005-09-21,1362.378662109375,2130.0,2190.0,2130.0,2160.0,40300
2005-09-22,1355.9825439453125,2120.0,2120.0,2070.0,2080.0,33400
2005-09-26,1343.190185546875,2100.0,2130.0,2090.0,2110.0,34300
2005-09-27,1375.1707763671875,2150.0,2260.0,2110.0,2120.0,138300
2005-09-28,1458.3209228515625,2280.0,2280.0,2150.0,2150.0,108200
2005-09-29,1407.15185546875,2200.0,2290.0,2200.0,2290.0,85200
2005-09-30,1394.3594970703125,2180.0,2230.0,2130.0,2220.0,43200
2005-10-03,1381.56689453125,2160.0,2170.0,2100.0,2150.0,26600
2005-10-04,1355.9825439453125,2120.0,2180.0,2110.0,2140.0,24100
2005-10-05,1368.77490234375,2140.0,2160.0,2120.0,2130.0,46200
2005-10-06,1330.3980712890625,2080.0,2130.0,2060.0,2130.0,31100
2005-10-07,1324.001953125,2070.0,2080.0,2040.0,2050.0,22000
2005-10-10,1324.001953125,2070.0,2070.0,2070.0,2070.0,0
2005-10-11,1343.190185546875,2100.0,2100.0,2080.0,2090.0,16700
2005-10-12,1368.77490234375,2140.0,2230.0,2120.0,2150.0,88800
2005-10-13,1355.9825439453125,2120.0,2150.0,2100.0,2120.0,19400
2005-10-14,1349.5865478515625,2110.0,2140.0,2110.0,2110.0,20000
2005-10-17,1304.8134765625,2040.0,2130.0,2040.0,2120.0,34700
2005-10-18,1330.3980712890625,2080.0,2090.0,2060.0,2080.0,19400
2005-10-19,1311.209716796875,2050.0,2080.0,2020.0,2080.0,17400
2005-10-20,1304.8134765625,2040.0,2060.0,2030.0,2060.0,6100
2005-10-21,1298.4173583984375,2030.0,2030.0,1990.0,2020.0,15100
2005-10-24,1298.4173583984375,2030.0,2040.0,2000.0,2010.0,17300
2005-10-25,1298.4173583984375,2030.0,2050.0,2020.0,2040.0,10400
2005-10-26,1298.4173583984375,2030.0,2040.0,2010.0,2010.0,13300
2005-10-27,1317.6055908203125,2060.0,2080.0,2050.0,2050.0,15500
2005-10-28,1317.6055908203125,2060.0,2060.0,2030.0,2050.0,10100
2005-10-31,1343.190185546875,2100.0,2100.0,2060.0,2060.0,21500
2005-11-01,1349.5865478515625,2110.0,2110.0,2090.0,2110.0,9400
2005-11-02,1336.7938232421875,2090.0,2110.0,2080.0,2110.0,16500
2005-11-03,1355.9825439453125,2120.0,2120.0,2090.0,2090.0,16500
2005-11-04,1349.5865478515625,2110.0,2120.0,2100.0,2120.0,29100
2005-11-07,1330.3980712890625,2080.0,2110.0,2080.0,2110.0,14700
2005-11-08,1394.3594970703125,2180.0,2180.0,2090.0,2100.0,96800
2005-11-09,1355.9825439453125,2120.0,2170.0,2120.0,2170.0,46800
2005-11-10,1343.190185546875,2100.0,2150.0,2090.0,2130.0,17900
2005-11-11,1336.7938232421875,2090.0,2110.0,2090.0,2100.0,11500
2005-11-14,1330.3980712890625,2080.0,2130.0,2080.0,2130.0,12200
2005-11-15,1324.001953125,2070.0,2100.0,2060.0,2070.0,14400
2005-11-16,1317.6055908203125,2060.0,2060.0,2040.0,2050.0,9200
2005-11-17,1324.001953125,2070.0,2100.0,2060.0,2060.0,25900
2005-11-18,1317.6055908203125,2060.0,2080.0,2050.0,2070.0,24800
2005-11-21,1330.3980712890625,2080.0,2110.0,2050.0,2070.0,20400
2005-11-22,1355.9825439453125,2120.0,2120.0,2080.0,2100.0,23500
2005-11-23,1355.9825439453125,2120.0,2120.0,2120.0,2120.0,0
2005-11-24,1394.3594970703125,2180.0,2200.0,2130.0,2150.0,134200
2005-11-25,1362.378662109375,2130.0,2160.0,2110.0,2150.0,33500
2005-11-28,1471.113037109375,2300.0,2300.0,2150.0,2150.0,272700
2005-11-29,1451.924560546875,2270.0,2400.0,2230.0,2260.0,527500
2005-11-30,1451.924560546875,2270.0,2300.0,2240.0,2280.0,82700
2005-12-01,1451.924560546875,2270.0,2310.0,2260.0,2270.0,92000
2005-12-02,1439.1322021484375,2250.0,2280.0,2220.0,2260.0,64500
2005-12-05,1445.5281982421875,2260.0,2290.0,2220.0,2280.0,89100
2005-12-06,1483.905517578125,2320.0,2340.0,2270.0,2280.0,154500
2005-12-07,1439.1322021484375,2250.0,2360.0,2240.0,2350.0,126900
2005-12-08,1413.5477294921875,2210.0,2260.0,2210.0,2260.0,29200
2005-12-09,1439.1322021484375,2250.0,2290.0,2230.0,2230.0,27800
2005-12-12,1445.5281982421875,2260.0,2290.0,2260.0,2280.0,41700
2005-12-13,1503.0936279296875,2350.0,2370.0,2280.0,2280.0,146500
2005-12-14,1458.3209228515625,2280.0,2430.0,2270.0,2370.0,236800
2005-12-15,1471.113037109375,2300.0,2340.0,2290.0,2300.0,48700
2005-12-16,1426.3399658203125,2230.0,2290.0,2230.0,2270.0,44200
2005-12-19,1413.5477294921875,2210.0,2250.0,2200.0,2230.0,35500
2005-12-20,1451.924560546875,2270.0,2270.0,2210.0,2210.0,22400
2005-12-21,1419.94384765625,2220.0,2260.0,2210.0,2260.0,32600
2005-12-22,1419.94384765625,2220.0,2230.0,2210.0,2230.0,41700
2005-12-26,1445.5281982421875,2260.0,2300.0,2240.0,2250.0,69000
2005-12-27,1439.1322021484375,2250.0,2260.0,2230.0,2260.0,24000
2005-12-28,1439.1322021484375,2250.0,2260.0,2240.0,2250.0,11700
2005-12-29,1464.7166748046875,2290.0,2290.0,2250.0,2260.0,24900
2005-12-30,1445.5281982421875,2260.0,2290.0,2240.0,2290.0,14400
2006-01-03,1445.5281982421875,2260.0,2260.0,2260.0,2260.0,0
2006-01-04,1458.3209228515625,2280.0,2280.0,2260.0,2280.0,9200
2006-01-05,1509.48974609375,2360.0,2370.0,2280.0,2300.0,70800
2006-01-06,1496.69775390625,2340.0,2350.0,2320.0,2350.0,40700
2006-01-09,1496.69775390625,2340.0,2340.0,2340.0,2340.0,0
2006-01-10,1490.30126953125,2330.0,2390.0,2330.0,2350.0,63700
2006-01-11,1535.07470703125,2400.0,2430.0,2310.0,2330.0,145700
2006-01-12,1503.0936279296875,2350.0,2390.0,2340.0,2370.0,101900
2006-01-13,1496.69775390625,2340.0,2390.0,2320.0,2340.0,67600
2006-01-16,1490.30126953125,2330.0,2360.0,2320.0,2350.0,33400
2006-01-17,1432.736083984375,2240.0,2340.0,2200.0,2340.0,46600
2006-01-18,1336.7938232421875,2090.0,2240.0,1910.0,2240.0,70500
2006-01-19,1413.5477294921875,2210.0,2260.0,2010.0,2010.0,41300
2006-01-20,1439.1322021484375,2250.0,2360.0,2220.0,2260.0,45300
2006-01-23,1375.1707763671875,2150.0,2190.0,2140.0,2150.0,12900
2006-01-24,1394.3594970703125,2180.0,2180.0,2130.0,2130.0,5700
2006-01-25,1394.3594970703125,2180.0,2220.0,2180.0,2190.0,13200
2006-01-26,1400.755615234375,2190.0,2200.0,2170.0,2190.0,10400
2006-01-27,1426.3399658203125,2230.0,2230.0,2190.0,2210.0,15600
2006-01-30,1458.3209228515625,2280.0,2290.0,2250.0,2250.0,14900
2006-01-31,1451.924560546875,2270.0,2280.0,2250.0,2280.0,11300
2006-02-01,1426.3399658203125,2230.0,2280.0,2230.0,2270.0,16200
2006-02-02,1432.736083984375,2240.0,2280.0,2230.0,2260.0,13700
2006-02-03,1432.736083984375,2240.0,2240.0,2210.0,2230.0,11600
2006-02-06,1439.1322021484375,2250.0,2270.0,2230.0,2270.0,10200
2006-02-07,1445.5281982421875,2260.0,2270.0,2240.0,2260.0,21000
2006-02-08,1413.5477294921875,2210.0,2260.0,2210.0,2250.0,18600
2006-02-09,1419.94384765625,2220.0,2240.0,2220.0,2240.0,5400
2006-02-10,1381.56689453125,2160.0,2240.0,2150.0,2220.0,14300
2006-02-13,1311.209716796875,2050.0,2190.0,2050.0,2170.0,15900
2006-02-14,1311.209716796875,2050.0,2070.0,1960.0,2000.0,16300
2006-02-15,1349.5865478515625,2110.0,2120.0,2090.0,2100.0,7800
2006-02-16,1292.020751953125,2020.0,2110.0,2020.0,2110.0,6500
2006-02-17,1253.64404296875,1960.0,2040.0,1960.0,2020.0,12600
2006-02-20,1119.3250732421875,1750.0,1840.0,1710.0,1840.0,26000
2006-02-21,1202.4749755859375,1880.0,1880.0,1700.0,1700.0,17300
2006-02-22,1208.87109375,1890.0,1900.0,1820.0,1870.0,17800
2006-02-23,1266.4366455078125,1980.0,1980.0,1890.0,1890.0,13000
2006-02-24,1311.209716796875,2050.0,2060.0,1950.0,1980.0,10500
2006-02-27,1324.001953125,2070.0,2090.0,2050.0,2050.0,9800
2006-02-28,1266.4366455078125,1980.0,2070.0,1970.0,2070.0,12700
2006-03-01,1260.04052734375,1970.0,1980.0,1940.0,1960.0,5600
2006-03-02,1215.267333984375,1900.0,2000.0,1900.0,1990.0,13300
2006-03-03,1221.66357421875,1910.0,1910.0,1870.0,1900.0,7500
2006-03-06,1253.64404296875,1960.0,1960.0,1880.0,1950.0,6600
2006-03-07,1228.0595703125,1920.0,1930.0,1910.0,1920.0,5800
2006-03-08,1202.4749755859375,1880.0,1920.0,1870.0,1900.0,9200
2006-03-09,1240.8519287109375,1940.0,1940.0,1910.0,1910.0,5300
2006-03-10,1228.0595703125,1920.0,1960.0,1900.0,1960.0,8300
2006-03-13,1240.8519287109375,1940.0,1950.0,1930.0,1940.0,3800
2006-03-14,1228.0595703125,1920.0,1940.0,1920.0,1940.0,4500
2006-03-15,1298.4173583984375,2030.0,2050.0,1920.0,1930.0,23600
2006-03-16,1304.8134765625,2040.0,2090.0,2000.0,2050.0,27500
2006-03-17,1387.963134765625,2170.0,2170.0,2050.0,2050.0,28900
2006-03-20,1419.94384765625,2220.0,2220.0,2120.0,2130.0,24300
2006-03-21,1419.94384765625,2220.0,2220.0,2220.0,2220.0,0
2006-03-22,1394.3594970703125,2180.0,2240.0,2180.0,2190.0,19000
2006-03-23,1458.3209228515625,2280.0,2320.0,2200.0,2200.0,100300
2006-03-24,1515.8861083984375,2370.0,2370.0,2290.0,2290.0,204700
2006-03-27,1496.69775390625,2340.0,2380.0,2330.0,2350.0,78200
2006-03-28,1547.86669921875,2420.0,2430.0,2330.0,2330.0,115100
2006-03-29,1842.0892333984373,2880.0,2910.0,2490.0,2490.0,1287400
2006-03-30,1874.0704345703125,2930.0,2980.0,2770.0,2830.0,811900
2006-03-31,2008.3890380859373,3140.0,3220.0,2880.0,2910.0,1076900
2006-04-03,1989.200927734375,3110.0,3190.0,2990.0,3160.0,854900
2006-04-04,2008.3890380859373,3140.0,3290.0,3010.0,3110.0,1315900
2006-04-05,2027.57763671875,3170.0,3230.0,3070.0,3190.0,527800
2006-04-06,1976.407958984375,3090.0,3190.0,3070.0,3160.0,358200
2006-04-07,1970.012451171875,3080.0,3150.0,3040.0,3060.0,372600
2006-04-10,1912.4468994140625,2990.0,3050.0,2970.0,3050.0,269100
2006-04-11,1861.278076171875,2910.0,2990.0,2860.0,2950.0,625700
2006-04-12,1758.939453125,2750.0,2870.0,2710.0,2860.0,369600
2006-04-13,1765.3359375,2760.0,2800.0,2670.0,2750.0,300400
2006-04-14,1771.73193359375,2770.0,2820.0,2710.0,2760.0,218000
2006-04-17,1694.97802734375,2650.0,2900.0,2630.0,2750.0,212700
2006-04-18,1707.7703857421875,2670.0,2720.0,2600.0,2600.0,79800
2006-04-19,1669.39306640625,2610.0,2720.0,2590.0,2710.0,77300
2006-04-20,1758.939453125,2750.0,2860.0,2720.0,2810.0,265700
2006-04-21,1662.9974365234375,2600.0,2740.0,2530.0,2730.0,135200
2006-04-24,1611.8284912109375,2520.0,2560.0,2470.0,2520.0,77800
2006-04-25,1618.224365234375,2530.0,2590.0,2510.0,2520.0,35000
2006-04-26,1624.6202392578125,2540.0,2570.0,2510.0,2520.0,20400
2006-04-27,1611.8284912109375,2520.0,2570.0,2480.0,2550.0,34700
2006-04-28,1611.8284912109375,2520.0,2560.0,2490.0,2560.0,29600
2006-05-01,1592.6400146484375,2490.0,2550.0,2480.0,2500.0,25400
2006-05-02,1605.4322509765625,2510.0,2540.0,2470.0,2490.0,14700
2006-05-05,1605.4322509765625,2510.0,2510.0,2510.0,2510.0,0
2006-05-08,1611.8284912109375,2520.0,2550.0,2500.0,2530.0,18400
2006-05-09,1675.7896728515625,2620.0,2660.0,2500.0,2510.0,113500
2006-05-10,1643.8089599609375,2570.0,2620.0,2520.0,2610.0,40300
2006-05-11,1624.6202392578125,2540.0,2600.0,2530.0,2570.0,41000
2006-05-12,1624.6202392578125,2540.0,2550.0,2530.0,2530.0,19900
2006-05-15,1573.4515380859375,2460.0,2540.0,2460.0,2540.0,33700
2006-05-16,1579.847412109375,2470.0,2530.0,2400.0,2490.0,57100
2006-05-17,1547.86669921875,2420.0,2480.0,2400.0,2420.0,34600
2006-05-18,1515.8861083984375,2370.0,2550.0,2280.0,2390.0,68400
2006-05-19,1522.2821044921875,2380.0,2390.0,2340.0,2340.0,17600
2006-05-22,1522.2821044921875,2380.0,2380.0,2380.0,2380.0,34600
2006-05-23,1509.48974609375,2360.0,2420.0,2350.0,2380.0,19200
2006-05-24,1567.054931640625,2450.0,2450.0,2350.0,2380.0,15900
2006-05-25,1535.07470703125,2400.0,2400.0,2360.0,2400.0,12400
2006-05-26,1528.6788330078125,2390.0,2430.0,2330.0,2380.0,17700
2006-05-29,1407.15185546875,2200.0,2390.0,2150.0,2390.0,41900
2006-05-30,1285.625,2010.0,2150.0,1970.0,2150.0,55600
2006-05-31,1189.682861328125,1860.0,2040.0,1860.0,1990.0,69900
2006-06-01,1208.87109375,1890.0,1960.0,1820.0,1960.0,73800
2006-06-02,1221.66357421875,1910.0,1910.0,1760.0,1860.0,48700
2006-06-05,1208.87109375,1890.0,1940.0,1860.0,1880.0,21200
2006-06-06,1215.267333984375,1900.0,1900.0,1850.0,1870.0,18600
2006-06-07,1196.078857421875,1870.0,1980.0,1870.0,1890.0,16500
2006-06-08,1112.92919921875,1740.0,1880.0,1730.0,1880.0,29100
2006-06-09,1157.7022705078125,1810.0,1840.0,1760.0,1810.0,12900
2006-06-12,1183.2864990234375,1850.0,1870.0,1810.0,1810.0,6200
2006-06-13,1132.1175537109375,1770.0,1840.0,1750.0,1840.0,17100
2006-06-14,1132.1175537109375,1770.0,1770.0,1770.0,1770.0,17100
2006-06-15,1176.8905029296875,1840.0,1850.0,1800.0,1850.0,12000
2006-06-16,1215.267333984375,1900.0,1920.0,1870.0,1920.0,23100
2006-06-19,1240.8519287109375,1940.0,1960.0,1910.0,1910.0,14600
2006-06-20,1221.66357421875,1910.0,1950.0,1910.0,1950.0,11100
2006-06-21,1202.4749755859375,1880.0,1920.0,1860.0,1920.0,5100
2006-06-22,1240.8519287109375,1940.0,1940.0,1900.0,1920.0,5400
2006-06-23,1240.8519287109375,1940.0,1950.0,1920.0,1940.0,5000
2006-06-26,1285.625,2010.0,2010.0,1940.0,1960.0,7400
2006-06-27,1311.209716796875,2050.0,2150.0,2020.0,2070.0,40400
2006-06-28,1285.625,2010.0,2050.0,1990.0,2050.0,11800
2006-06-29,1311.209716796875,2050.0,2050.0,2020.0,2030.0,5800
2006-06-30,1304.8134765625,2040.0,2070.0,2010.0,2070.0,9700
2006-07-03,1298.4173583984375,2030.0,2050.0,2010.0,2050.0,7500
2006-07-04,1330.3980712890625,2080.0,2110.0,2040.0,2050.0,18000
2006-07-05,1304.8134765625,2040.0,2070.0,2030.0,2060.0,13100
2006-07-06,1285.625,2010.0,2040.0,2010.0,2040.0,6900
2006-07-07,1279.2286376953125,2000.0,2020.0,1970.0,2020.0,6700
2006-07-10,1240.8519287109375,1940.0,1940.0,1940.0,1940.0,6700
2006-07-11,1240.8519287109375,1940.0,1960.0,1930.0,1940.0,9200
2006-07-12,1215.267333984375,1900.0,1960.0,1900.0,1930.0,4000
2006-07-13,1196.078857421875,1870.0,1890.0,1850.0,1850.0,3300
2006-07-14,1170.494384765625,1830.0,1840.0,1820.0,1820.0,6900
2006-07-17,1176.8905029296875,1840.0,1840.0,1830.0,1830.0,6900
2006-07-18,1061.7598876953125,1660.0,1840.0,1660.0,1840.0,17900
2006-07-19,1119.3250732421875,1750.0,1750.0,1670.0,1670.0,12000
2006-07-20,1176.8905029296875,1840.0,1840.0,1800.0,1830.0,4800
2006-07-21,1125.721435546875,1760.0,1790.0,1760.0,1790.0,2500
2006-07-24,1119.3250732421875,1750.0,1750.0,1730.0,1730.0,2800
2006-07-25,1132.1175537109375,1770.0,1830.0,1770.0,1810.0,6100
2006-07-26,1112.92919921875,1740.0,1790.0,1740.0,1780.0,4500
2006-07-27,1106.53271484375,1730.0,1750.0,1710.0,1720.0,3400
2006-07-28,1170.494384765625,1830.0,1890.0,1730.0,1760.0,6200
2006-07-31,1202.4749755859375,1880.0,1940.0,1850.0,1940.0,10400
2006-08-01,1176.8905029296875,1840.0,1870.0,1830.0,1850.0,6700
2006-08-02,1228.0595703125,1920.0,1950.0,1840.0,1850.0,15500
2006-08-03,1221.66357421875,1910.0,1960.0,1910.0,1950.0,8600
2006-08-04,1215.267333984375,1900.0,1930.0,1870.0,1930.0,5100
2006-08-07,1189.682861328125,1860.0,1880.0,1800.0,1880.0,6500
2006-08-08,1208.87109375,1890.0,1900.0,1800.0,1830.0,8400
2006-08-09,1183.2864990234375,1850.0,1850.0,1810.0,1840.0,5000
2006-08-10,1196.078857421875,1870.0,1900.0,1850.0,1850.0,4600
2006-08-11,1176.8905029296875,1840.0,1890.0,1840.0,1880.0,8400
2006-08-14,1208.87109375,1890.0,1920.0,1840.0,1860.0,9200
2006-08-15,1279.2286376953125,2000.0,2030.0,1910.0,1920.0,41700
2006-08-16,1317.6055908203125,2060.0,2070.0,2020.0,2030.0,38400
2006-08-17,1343.190185546875,2100.0,2140.0,2070.0,2100.0,59200
2006-08-18,1381.56689453125,2160.0,2170.0,2110.0,2120.0,40300
2006-08-21,1349.5865478515625,2110.0,2190.0,2090.0,2180.0,50100
2006-08-22,1330.3980712890625,2080.0,2090.0,2040.0,2090.0,34700
2006-08-23,1304.8134765625,2040.0,2080.0,2030.0,2060.0,18100
2006-08-24,1304.8134765625,2040.0,2040.0,2010.0,2030.0,10900
2006-08-25,1292.020751953125,2020.0,2060.0,2020.0,2050.0,8200
2006-08-28,1240.8519287109375,1940.0,2010.0,1930.0,2010.0,12200
2006-08-29,1272.83251953125,1990.0,2010.0,1950.0,1960.0,13000
2006-08-30,1253.64404296875,1960.0,1990.0,1950.0,1990.0,4500
2006-08-31,1260.04052734375,1970.0,2010.0,1960.0,1970.0,13400
2006-09-01,1266.4366455078125,1980.0,1990.0,1960.0,1990.0,4100
2006-09-04,1292.020751953125,2020.0,2040.0,2000.0,2010.0,10700
2006-09-05,1292.020751953125,2020.0,2020.0,1980.0,2010.0,6500
2006-09-06,1279.2286376953125,2000.0,2020.0,2000.0,2020.0,10700
2006-09-07,1266.4366455078125,1980.0,1990.0,1960.0,1980.0,5700
2006-09-08,1272.83251953125,1990.0,1990.0,1950.0,1950.0,8000
2006-09-11,1266.4366455078125,1980.0,1990.0,1970.0,1990.0,4700
2006-09-12,1247.2479248046875,1950.0,1960.0,1930.0,1960.0,7500
2006-09-13,1221.66357421875,1910.0,1950.0,1890.0,1950.0,9600
2006-09-14,1215.267333984375,1900.0,1920.0,1870.0,1870.0,6200
2006-09-15,1208.87109375,1890.0,1900.0,1870.0,1900.0,4500
2006-09-18,1208.87109375,1890.0,1890.0,1890.0,1890.0,0
2006-09-19,1221.66357421875,1910.0,1910.0,1890.0,1890.0,2100
2006-09-20,1215.267333984375,1900.0,1900.0,1850.0,1890.0,4900
2006-09-21,1196.078857421875,1870.0,1880.0,1850.0,1870.0,9600
2006-09-22,1183.2864990234375,1850.0,1860.0,1820.0,1850.0,5500
2006-09-25,1157.7022705078125,1810.0,1830.0,1810.0,1830.0,6100
2006-09-26,1138.513427734375,1780.0,1840.0,1780.0,1840.0,5900
2006-09-27,1132.1175537109375,1770.0,1780.0,1750.0,1770.0,14600
2006-09-28,1144.9097900390625,1790.0,1790.0,1770.0,1780.0,16100
2006-09-29,1157.7022705078125,1810.0,1820.0,1800.0,1800.0,17900
2006-10-02,1164.09814453125,1820.0,1850.0,1800.0,1810.0,17100
2006-10-03,1164.09814453125,1820.0,1840.0,1810.0,1820.0,16900
2006-10-04,1170.494384765625,1830.0,1870.0,1820.0,1820.0,38200
2006-10-05,1176.8905029296875,1840.0,1860.0,1820.0,1850.0,26000
2006-10-06,1164.09814453125,1820.0,1840.0,1810.0,1840.0,8200
2006-10-09,1164.09814453125,1820.0,1820.0,1820.0,1820.0,0
2006-10-10,1138.513427734375,1780.0,1800.0,1760.0,1800.0,16700
2006-10-11,1074.5521240234375,1680.0,1760.0,1680.0,1760.0,25000
2006-10-12,1093.7403564453125,1710.0,1730.0,1660.0,1660.0,15800
2006-10-13,1112.92919921875,1740.0,1750.0,1730.0,1740.0,3200
2006-10-16,1138.513427734375,1780.0,1780.0,1750.0,1760.0,6000
2006-10-17,1164.09814453125,1820.0,1820.0,1740.0,1790.0,10100
2006-10-18,1157.7022705078125,1810.0,1840.0,1760.0,1810.0,9500
2006-10-19,1234.4556884765625,1930.0,1970.0,1810.0,1810.0,80700
2006-10-20,1240.8519287109375,1940.0,1970.0,1870.0,1960.0,58600
2006-10-23,1330.3980712890625,2080.0,2100.0,1930.0,1940.0,187300
2006-10-24,1311.209716796875,2050.0,2110.0,2030.0,2070.0,84700
2006-10-25,1266.4366455078125,1980.0,2070.0,1950.0,2070.0,72200
2006-10-26,1279.2286376953125,2000.0,2060.0,2000.0,2060.0,51100
2006-10-27,1221.66357421875,1910.0,2000.0,1900.0,2000.0,35800
2006-10-30,1196.078857421875,1870.0,1890.0,1840.0,1870.0,25300
2006-10-31,1221.66357421875,1910.0,1920.0,1880.0,1880.0,8800
2006-11-01,1221.66357421875,1910.0,1930.0,1870.0,1930.0,11700
2006-11-02,1202.4749755859375,1880.0,1890.0,1870.0,1890.0,9700
2006-11-03,1202.4749755859375,1880.0,1880.0,1880.0,1880.0,0
2006-11-06,1196.078857421875,1870.0,1880.0,1830.0,1880.0,7800
2006-11-07,1196.078857421875,1870.0,1900.0,1860.0,1890.0,5400
2006-11-08,1157.7022705078125,1810.0,1870.0,1810.0,1870.0,15600
2006-11-09,1151.3057861328125,1800.0,1810.0,1770.0,1800.0,12000
2006-11-10,1151.3057861328125,1800.0,1820.0,1770.0,1780.0,5600
2006-11-13,1125.721435546875,1760.0,1780.0,1740.0,1780.0,11100
2006-11-14,1157.7022705078125,1810.0,1810.0,1770.0,1770.0,5700
2006-11-15,1157.7022705078125,1810.0,1850.0,1790.0,1840.0,11100
2006-11-16,1151.3057861328125,1800.0,1850.0,1780.0,1800.0,12500
2006-11-17,1144.9097900390625,1790.0,1810.0,1760.0,1810.0,9000
2006-11-20,1080.9482421875,1690.0,1770.0,1690.0,1770.0,9400
2006-11-21,1080.9482421875,1690.0,1710.0,1690.0,1690.0,8200
2006-11-22,1106.53271484375,1730.0,1740.0,1690.0,1690.0,7500
2006-11-23,1106.53271484375,1730.0,1730.0,1730.0,1730.0,0
2006-11-24,1106.53271484375,1730.0,1730.0,1710.0,1720.0,4100
2006-11-27,1132.1175537109375,1770.0,1780.0,1720.0,1730.0,7400
2006-11-28,1138.513427734375,1780.0,1790.0,1730.0,1740.0,3800
2006-11-29,1176.8905029296875,1840.0,1840.0,1800.0,1810.0,12300
2006-11-30,1176.8905029296875,1840.0,1860.0,1830.0,1860.0,10200
2006-12-01,1176.8905029296875,1840.0,1840.0,1840.0,1840.0,10200
2006-12-04,1170.494384765625,1830.0,1830.0,1810.0,1810.0,3600
2006-12-05,1170.494384765625,1830.0,1850.0,1830.0,1830.0,8600
2006-12-06,1183.2864990234375,1850.0,1860.0,1840.0,1840.0,6800
2006-12-07,1189.682861328125,1860.0,1870.0,1830.0,1870.0,17800
2006-12-08,1189.682861328125,1860.0,1870.0,1850.0,1860.0,6100
2006-12-11,1215.267333984375,1900.0,1920.0,1850.0,1850.0,28000
2006-12-12,1221.66357421875,1910.0,1930.0,1900.0,1910.0,14900
2006-12-13,1221.66357421875,1910.0,1910.0,1910.0,1910.0,14900
2006-12-14,1234.4556884765625,1930.0,1930.0,1890.0,1910.0,14800
2006-12-15,1272.83251953125,1990.0,2020.0,1930.0,1950.0,60900
2006-12-18,1234.4556884765625,1930.0,2000.0,1920.0,1990.0,27700
2006-12-19,1196.078857421875,1870.0,1930.0,1870.0,1920.0,13700
2006-12-20,1221.66357421875,1910.0,1920.0,1870.0,1880.0,15600
2006-12-21,1292.020751953125,2020.0,2020.0,1910.0,1930.0,35100
2006-12-22,1260.04052734375,1970.0,1990.0,1940.0,1980.0,24600
2006-12-25,1215.267333984375,1900.0,1950.0,1900.0,1950.0,12500
2006-12-26,1304.8134765625,2040.0,2040.0,1910.0,1910.0,58200
2006-12-27,1298.4173583984375,2030.0,2080.0,2010.0,2060.0,67300
2006-12-28,1279.2286376953125,2000.0,2030.0,1960.0,2030.0,30100
2006-12-29,1279.2286376953125,2000.0,2010.0,1990.0,2010.0,5100
2007-01-04,1279.2286376953125,2000.0,2000.0,2000.0,2000.0,7400
2007-01-05,1228.0595703125,1920.0,1950.0,1910.0,1950.0,19300
2007-01-09,1279.2286376953125,2000.0,2000.0,1920.0,1920.0,11500
2007-01-10,1266.4366455078125,1980.0,2000.0,1960.0,1980.0,10400
2007-01-11,1247.2479248046875,1950.0,1990.0,1940.0,1970.0,4700
2007-01-12,1266.4366455078125,1980.0,1980.0,1960.0,1970.0,3700
2007-01-15,1260.04052734375,1970.0,1990.0,1950.0,1990.0,5900
2007-01-16,1260.04052734375,1970.0,1980.0,1960.0,1980.0,7700
2007-01-17,1266.4366455078125,1980.0,2000.0,1960.0,1980.0,14000
2007-01-18,1311.209716796875,2050.0,2050.0,1990.0,2000.0,23500
2007-01-19,1311.209716796875,2050.0,2060.0,2020.0,2050.0,25400
2007-01-22,1298.4173583984375,2030.0,2060.0,2020.0,2060.0,11200
2007-01-23,1298.4173583984375,2030.0,2040.0,2020.0,2030.0,9300
2007-01-24,1292.020751953125,2020.0,2050.0,2010.0,2040.0,18300
2007-01-25,1272.83251953125,1990.0,2030.0,1980.0,2030.0,15600
2007-01-26,1285.625,2010.0,2010.0,1970.0,1980.0,10100
2007-01-29,1285.625,2010.0,2040.0,1990.0,2040.0,9800
2007-01-30,1285.625,2010.0,2040.0,2010.0,2040.0,19600
2007-01-31,1292.020751953125,2020.0,2020.0,1990.0,2010.0,7100
2007-02-01,1279.2286376953125,2000.0,2010.0,1980.0,2000.0,7600
2007-02-02,1279.2286376953125,2000.0,2020.0,2000.0,2020.0,4800
2007-02-05,1266.4366455078125,1980.0,2000.0,1980.0,2000.0,5800
2007-02-06,1298.4173583984375,2030.0,2040.0,2010.0,2010.0,19000
2007-02-07,1292.020751953125,2020.0,2040.0,2000.0,2040.0,20100
2007-02-08,1292.020751953125,2020.0,2030.0,2000.0,2010.0,6700
2007-02-09,1304.8134765625,2040.0,2060.0,2000.0,2000.0,44100
2007-02-13,1368.77490234375,2140.0,2140.0,2040.0,2050.0,44400
2007-02-14,1368.77490234375,2140.0,2160.0,2110.0,2140.0,43600
2007-02-15,1355.9825439453125,2120.0,2140.0,2100.0,2140.0,16100
2007-02-16,1375.1707763671875,2150.0,2190.0,2120.0,2140.0,55800
2007-02-19,1394.3594970703125,2180.0,2190.0,2140.0,2180.0,51700
2007-02-20,1413.5477294921875,2210.0,2230.0,2160.0,2170.0,65600
2007-02-21,1477.50927734375,2310.0,2350.0,2230.0,2240.0,82500
2007-02-22,1528.6788330078125,2390.0,2450.0,2350.0,2360.0,80700
2007-02-23,1567.054931640625,2450.0,2480.0,2390.0,2430.0,49800
2007-02-26,1535.07470703125,2400.0,2480.0,2400.0,2470.0,34600
2007-02-27,1477.50927734375,2310.0,2400.0,2250.0,2400.0,39300
2007-02-28,1387.963134765625,2170.0,2230.0,2010.0,2010.0,49900
2007-03-01,1394.3594970703125,2180.0,2250.0,2130.0,2220.0,32300
2007-03-02,1407.15185546875,2200.0,2240.0,2130.0,2130.0,18300
2007-03-05,1292.020751953125,2020.0,2160.0,2000.0,2140.0,21800
2007-03-06,1381.56689453125,2160.0,2160.0,2000.0,2000.0,31800
2007-03-07,1407.15185546875,2200.0,2310.0,2200.0,2210.0,46700
2007-03-08,1451.924560546875,2270.0,2270.0,2200.0,2220.0,21900
2007-03-09,1439.1322021484375,2250.0,2320.0,2240.0,2290.0,22000
2007-03-12,1458.3209228515625,2280.0,2310.0,2250.0,2310.0,8600
2007-03-13,1419.94384765625,2220.0,2220.0,2220.0,2220.0,8600
2007-03-14,1368.77490234375,2140.0,2170.0,2120.0,2150.0,17500
2007-03-15,1400.755615234375,2190.0,2210.0,2160.0,2190.0,10200
2007-03-16,1368.77490234375,2140.0,2210.0,2140.0,2200.0,8900
2007-03-19,1375.1707763671875,2150.0,2180.0,2130.0,2130.0,4300
2007-03-20,1381.56689453125,2160.0,2180.0,2150.0,2180.0,3800
2007-03-22,1394.3594970703125,2180.0,2210.0,2170.0,2200.0,7200
2007-03-23,1387.963134765625,2170.0,2190.0,2160.0,2160.0,5800
2007-03-26,1394.3594970703125,2180.0,2210.0,2140.0,2160.0,10300
2007-03-27,1387.84375,2130.0,2170.0,2120.0,2170.0,6800
2007-03-28,1368.2965087890625,2100.0,2120.0,2090.0,2100.0,10600
2007-03-29,1368.2965087890625,2100.0,2110.0,2050.0,2090.0,7400
2007-03-30,1368.2965087890625,2100.0,2120.0,2100.0,2110.0,5400
2007-04-02,1355.26513671875,2080.0,2100.0,2050.0,2100.0,7300
2007-04-03,1335.71826171875,2050.0,2080.0,2000.0,2050.0,10100
2007-04-04,1348.74951171875,2070.0,2100.0,2060.0,2070.0,8100
2007-04-05,1348.74951171875,2070.0,2100.0,2070.0,2080.0,4100
2007-04-06,1335.71826171875,2050.0,2070.0,2050.0,2060.0,2800
2007-04-09,1335.71826171875,2050.0,2050.0,2050.0,2050.0,2800
2007-04-10,1368.2965087890625,2100.0,2100.0,2060.0,2060.0,5300
2007-04-11,1335.71826171875,2050.0,2090.0,2050.0,2090.0,4100
2007-04-12,1322.686767578125,2030.0,2060.0,2010.0,2060.0,5100
2007-04-13,1316.1710205078125,2020.0,2050.0,2020.0,2030.0,6700
2007-04-16,1316.1710205078125,2020.0,2030.0,2010.0,2030.0,5200
2007-04-17,1303.1395263671875,2000.0,2010.0,1980.0,2010.0,5200
2007-04-18,1303.1395263671875,2000.0,2000.0,1950.0,1990.0,4300
2007-04-19,1290.108154296875,1980.0,1990.0,1970.0,1990.0,5400
2007-04-20,1277.07666015625,1960.0,1990.0,1950.0,1970.0,4800
2007-04-23,1231.4669189453125,1890.0,1960.0,1870.0,1940.0,15400
2007-04-24,1244.4981689453125,1910.0,1920.0,1870.0,1880.0,4900
2007-04-25,1251.01416015625,1920.0,1920.0,1910.0,1920.0,1700
2007-04-26,1270.5611572265625,1950.0,1970.0,1930.0,1930.0,5600
2007-04-27,1270.5611572265625,1950.0,1950.0,1950.0,1950.0,5600
2007-05-01,1283.592529296875,1970.0,2000.0,1940.0,2000.0,4700
2007-05-02,1283.592529296875,1970.0,1980.0,1960.0,1980.0,2600
2007-05-07,1309.6552734375,2010.0,2030.0,2010.0,2020.0,5600
2007-05-08,1329.202392578125,2040.0,2060.0,2030.0,2050.0,18100
2007-05-09,1329.202392578125,2040.0,2040.0,2030.0,2040.0,5200
2007-05-10,1322.686767578125,2030.0,2040.0,2030.0,2030.0,5100
2007-05-11,1316.1710205078125,2020.0,2030.0,1990.0,2000.0,8900
2007-05-14,1355.26513671875,2080.0,2090.0,2030.0,2040.0,26600
2007-05-15,1381.328125,2120.0,2120.0,2080.0,2100.0,54300
2007-05-16,1368.2965087890625,2100.0,2150.0,2100.0,2110.0,38700
2007-05-17,1309.6552734375,2010.0,2120.0,1980.0,2030.0,51700
2007-05-18,1277.07666015625,1960.0,1990.0,1950.0,1990.0,18500
2007-05-21,1290.108154296875,1980.0,2000.0,1960.0,1990.0,8300
2007-05-22,1283.592529296875,1970.0,1980.0,1950.0,1980.0,10800
2007-05-23,1290.108154296875,1980.0,1990.0,1970.0,1980.0,11400
2007-05-24,1277.07666015625,1960.0,1970.0,1960.0,1970.0,4000
2007-05-25,1257.52978515625,1930.0,1950.0,1930.0,1950.0,3900
2007-05-28,1283.592529296875,1970.0,1980.0,1960.0,1970.0,3500
2007-05-29,1290.108154296875,1980.0,1980.0,1970.0,1970.0,3600
2007-05-30,1296.6239013671875,1990.0,1990.0,1980.0,1990.0,6200
2007-05-31,1309.6552734375,2010.0,2010.0,1990.0,1990.0,7200
2007-06-01,1303.1395263671875,2000.0,2020.0,2000.0,2000.0,7500
2007-06-04,1322.686767578125,2030.0,2050.0,2010.0,2010.0,15000
2007-06-05,1335.71826171875,2050.0,2060.0,2040.0,2050.0,11200
2007-06-06,1348.74951171875,2070.0,2070.0,2050.0,2060.0,11600
2007-06-07,1355.26513671875,2080.0,2080.0,2060.0,2080.0,11200
2007-06-08,1335.71826171875,2050.0,2050.0,2040.0,2050.0,5700
2007-06-11,1329.202392578125,2040.0,2060.0,2040.0,2060.0,4500
2007-06-12,1322.686767578125,2030.0,2040.0,2030.0,2040.0,4100
2007-06-13,1335.71826171875,2050.0,2050.0,2030.0,2030.0,6000
2007-06-14,1342.2335205078125,2060.0,2060.0,2050.0,2050.0,7300
2007-06-15,1329.202392578125,2040.0,2040.0,2030.0,2030.0,7100
2007-06-18,1335.71826171875,2050.0,2050.0,2030.0,2040.0,10500
2007-06-19,1329.202392578125,2040.0,2060.0,2040.0,2050.0,13600
2007-06-20,1329.202392578125,2040.0,2040.0,2030.0,2040.0,3200
2007-06-21,1387.84375,2130.0,2170.0,2090.0,2090.0,78500
2007-06-22,1361.78076171875,2090.0,2130.0,2080.0,2130.0,26700
2007-06-25,1322.686767578125,2030.0,2070.0,2020.0,2060.0,23700
2007-06-26,1322.686767578125,2030.0,2040.0,2030.0,2040.0,4300
2007-06-27,1309.6552734375,2010.0,2020.0,2010.0,2020.0,13400
2007-06-28,1322.686767578125,2030.0,2040.0,2020.0,2020.0,2600
2007-06-29,1335.71826171875,2050.0,2060.0,2040.0,2060.0,6200
2007-07-02,1335.71826171875,2050.0,2060.0,2040.0,2050.0,3900
2007-07-03,1316.1710205078125,2020.0,2070.0,2020.0,2070.0,10400
2007-07-04,1329.202392578125,2040.0,2050.0,2030.0,2030.0,4700
2007-07-05,1394.3597412109375,2140.0,2180.0,2040.0,2050.0,49800
2007-07-06,1615.893310546875,2480.0,2480.0,2280.0,2280.0,820300
2007-07-09,1544.22021484375,2370.0,2460.0,2320.0,2430.0,363800
2007-07-10,1596.345947265625,2450.0,2450.0,2290.0,2360.0,191800
2007-07-11,1798.33251953125,2760.0,2880.0,2370.0,2400.0,828900
2007-07-12,1694.0816650390625,2600.0,3000.0,2430.0,2860.0,730300
2007-07-13,1622.408935546875,2490.0,2710.0,2470.0,2700.0,176900
2007-07-17,1576.7987060546875,2420.0,2480.0,2410.0,2440.0,74600
2007-07-18,1544.22021484375,2370.0,2380.0,2350.0,2350.0,65400
2007-07-19,1576.7987060546875,2420.0,2500.0,2400.0,2400.0,121000
2007-07-20,1583.314697265625,2430.0,2480.0,2430.0,2450.0,72600
2007-07-23,1596.345947265625,2450.0,2540.0,2400.0,2450.0,79600
2007-07-24,1557.251953125,2390.0,2420.0,2390.0,2410.0,42300
2007-07-25,1531.189208984375,2350.0,2380.0,2340.0,2380.0,25700
2007-07-26,1472.5477294921875,2260.0,2340.0,2260.0,2330.0,20500
2007-07-27,1433.45361328125,2200.0,2260.0,2200.0,2230.0,44200
2007-07-30,1485.5791015625,2280.0,2300.0,2190.0,2190.0,12200
2007-07-31,1472.5477294921875,2260.0,2320.0,2260.0,2300.0,13600
2007-08-01,1446.4847412109375,2220.0,2290.0,2220.0,2260.0,7900
2007-08-02,1459.5164794921875,2240.0,2240.0,2150.0,2240.0,6500
2007-08-03,1505.12646484375,2310.0,2320.0,2200.0,2280.0,15400
2007-08-06,1426.93798828125,2190.0,2250.0,2150.0,2210.0,22100
2007-08-07,1426.93798828125,2190.0,2220.0,2130.0,2180.0,22200
2007-08-08,1368.2965087890625,2100.0,2190.0,2060.0,2170.0,22200
2007-08-09,1335.71826171875,2050.0,2110.0,2010.0,2010.0,50800
2007-08-10,1237.9825439453125,1900.0,1980.0,1860.0,1920.0,50600
2007-08-13,1322.686767578125,2030.0,2030.0,1960.0,1970.0,14700
2007-08-14,1361.78076171875,2090.0,2090.0,1980.0,2050.0,22000
2007-08-15,1296.6239013671875,1990.0,2040.0,1990.0,2030.0,16500
2007-08-16,1283.592529296875,1970.0,1970.0,1850.0,1950.0,23200
2007-08-17,1140.2470703125,1750.0,1980.0,1670.0,1980.0,32500
2007-08-20,1329.202392578125,2040.0,2150.0,2000.0,2150.0,142400
2007-08-21,1335.71826171875,2050.0,2100.0,2020.0,2090.0,55900
2007-08-22,1322.686767578125,2030.0,2050.0,2030.0,2050.0,20800
2007-08-23,1348.74951171875,2070.0,2100.0,2070.0,2080.0,34900
2007-08-24,1342.2335205078125,2060.0,2080.0,2040.0,2080.0,15700
2007-08-27,1361.78076171875,2090.0,2090.0,2070.0,2070.0,13800
2007-08-28,1355.26513671875,2080.0,2080.0,2060.0,2080.0,7600
2007-08-29,1433.45361328125,2200.0,2230.0,2020.0,2050.0,69700
2007-08-30,1433.45361328125,2200.0,2290.0,2190.0,2280.0,127700
2007-08-31,1453.0003662109375,2230.0,2260.0,2160.0,2160.0,30100
2007-09-03,1453.0003662109375,2230.0,2250.0,2180.0,2230.0,12200
2007-09-04,1453.0003662109375,2230.0,2310.0,2200.0,2220.0,34200
2007-09-05,1439.9688720703125,2210.0,2340.0,2170.0,2300.0,37200
2007-09-06,1439.9688720703125,2210.0,2230.0,2160.0,2160.0,10200
2007-09-07,1426.93798828125,2190.0,2260.0,2190.0,2240.0,18500
2007-09-10,1368.2965087890625,2100.0,2130.0,2060.0,2060.0,12500
2007-09-11,1335.71826171875,2050.0,2090.0,2040.0,2090.0,12000
2007-09-12,1303.1395263671875,2000.0,2100.0,1970.0,2070.0,17400
2007-09-13,1309.6552734375,2010.0,2030.0,1990.0,2030.0,4600
2007-09-14,1316.1710205078125,2020.0,2040.0,2010.0,2020.0,8400
2007-09-18,1309.6552734375,2010.0,2040.0,2010.0,2030.0,4100
2007-09-19,1329.202392578125,2040.0,2050.0,2030.0,2050.0,10700
2007-09-20,1316.1710205078125,2020.0,2030.0,2010.0,2030.0,5800
2007-09-21,1309.6552734375,2010.0,2030.0,1990.0,2020.0,13100
2007-09-25,1309.6552734375,1990.0,2030.0,1990.0,2030.0,7400
2007-09-26,1355.7235107421875,2060.0,2060.0,1990.0,2000.0,10100
2007-09-27,1421.5352783203125,2160.0,2200.0,2120.0,2160.0,33900
2007-09-28,1421.5352783203125,2160.0,2180.0,2120.0,2180.0,12500
2007-10-01,1408.373046875,2140.0,2160.0,2130.0,2160.0,5300
2007-10-02,1408.373046875,2140.0,2170.0,2140.0,2160.0,9100
2007-10-03,1434.69775390625,2180.0,2210.0,2130.0,2140.0,27400
2007-10-04,1461.0223388671875,2220.0,2220.0,2160.0,2180.0,17300
2007-10-05,1414.9539794921875,2150.0,2200.0,2150.0,2200.0,12400
2007-10-09,1434.69775390625,2180.0,2210.0,2160.0,2190.0,9400
2007-10-10,1447.85986328125,2200.0,2250.0,2190.0,2190.0,18200
2007-10-11,1454.4410400390625,2210.0,2230.0,2200.0,2210.0,6600
2007-10-12,1447.85986328125,2200.0,2210.0,2190.0,2200.0,7200
2007-10-15,1559.740234375,2370.0,2370.0,2210.0,2220.0,40400
2007-10-16,1625.5518798828125,2470.0,2470.0,2320.0,2350.0,132100
2007-10-17,1586.0645751953125,2410.0,2510.0,2340.0,2500.0,102800
2007-10-18,1605.80810546875,2440.0,2480.0,2390.0,2410.0,56700
2007-10-19,1546.577880859375,2350.0,2370.0,2330.0,2340.0,31500
2007-10-22,1507.090576171875,2290.0,2320.0,2150.0,2200.0,22500
2007-10-23,1461.0223388671875,2220.0,2270.0,2220.0,2260.0,13700
2007-10-24,1454.4410400390625,2210.0,2260.0,2200.0,2250.0,22600
2007-10-25,1447.85986328125,2200.0,2230.0,2200.0,2230.0,16100
2007-10-26,1474.18505859375,2240.0,2240.0,2190.0,2200.0,10800
2007-10-29,1461.0223388671875,2220.0,2270.0,2220.0,2270.0,7000
2007-10-30,1441.279052734375,2190.0,2230.0,2160.0,2230.0,10400
2007-10-31,1507.090576171875,2290.0,2410.0,2280.0,2380.0,53900
2007-11-01,1493.92822265625,2270.0,2310.0,2270.0,2310.0,11400
2007-11-02,1461.0223388671875,2220.0,2250.0,2210.0,2220.0,11300
2007-11-05,1447.85986328125,2200.0,2230.0,2190.0,2230.0,11500
2007-11-06,1454.4410400390625,2210.0,2230.0,2190.0,2200.0,12200
2007-11-07,1441.279052734375,2190.0,2210.0,2190.0,2210.0,10700
2007-11-08,1434.69775390625,2180.0,2190.0,2130.0,2140.0,12900
2007-11-09,1434.69775390625,2180.0,2180.0,2140.0,2150.0,7800
2007-11-12,1395.210693359375,2120.0,2150.0,2020.0,2050.0,17500
2007-11-13,1368.885986328125,2080.0,2090.0,2030.0,2040.0,12400
2007-11-14,1421.5352783203125,2160.0,2300.0,2120.0,2130.0,21500
2007-11-15,1434.69775390625,2180.0,2200.0,2170.0,2200.0,12500
2007-11-16,1414.9539794921875,2150.0,2150.0,2150.0,2150.0,12500
2007-11-19,1368.885986328125,2080.0,2130.0,2080.0,2130.0,4200
2007-11-20,1349.1427001953125,2050.0,2070.0,1970.0,2020.0,18000
2007-11-21,1322.8175048828125,2010.0,2050.0,2000.0,2050.0,11600
2007-11-22,1316.236083984375,2000.0,2000.0,1950.0,1960.0,11800
2007-11-26,1342.56103515625,2040.0,2060.0,2030.0,2030.0,7200
2007-11-27,1342.56103515625,2040.0,2050.0,2000.0,2030.0,5100
2007-11-28,1349.1427001953125,2050.0,2070.0,2050.0,2070.0,6100
2007-11-29,1375.467041015625,2090.0,2100.0,2090.0,2100.0,3600
2007-11-30,1388.6295166015625,2110.0,2110.0,2110.0,2110.0,3600
2007-12-03,1421.5352783203125,2160.0,2160.0,2130.0,2130.0,6700
2007-12-04,1401.7916259765625,2130.0,2150.0,2130.0,2140.0,3700
2007-12-05,1382.0479736328125,2100.0,2100.0,2080.0,2090.0,5700
2007-12-06,1401.7916259765625,2130.0,2130.0,2090.0,2110.0,4300
2007-12-07,1395.210693359375,2120.0,2150.0,2120.0,2140.0,14900
2007-12-10,1401.7916259765625,2130.0,2150.0,2120.0,2120.0,9200
2007-12-11,1414.9539794921875,2150.0,2150.0,2150.0,2150.0,9200
2007-12-12,1401.7916259765625,2130.0,2150.0,2120.0,2120.0,3700
2007-12-13,1388.6295166015625,2110.0,2130.0,2100.0,2130.0,5700
2007-12-14,1368.885986328125,2080.0,2100.0,2080.0,2090.0,8700
2007-12-17,1355.7235107421875,2060.0,2070.0,2020.0,2060.0,12300
2007-12-18,1349.1427001953125,2050.0,2060.0,2010.0,2060.0,6100
2007-12-19,1349.1427001953125,2050.0,2080.0,2050.0,2070.0,7300
2007-12-20,1316.236083984375,2000.0,2010.0,1990.0,2010.0,5000
2007-12-21,1322.8175048828125,2010.0,2010.0,1980.0,2000.0,8000
2007-12-25,1342.56103515625,2040.0,2050.0,2030.0,2040.0,5300
2007-12-26,1362.3046875,2070.0,2070.0,2050.0,2050.0,6800
2007-12-27,1322.8175048828125,2010.0,2070.0,1990.0,2070.0,15800
2007-12-28,1303.073974609375,1980.0,2020.0,1980.0,1980.0,6000
2008-01-04,1289.9117431640625,1960.0,1970.0,1950.0,1960.0,8200
2008-01-07,1197.775146484375,1820.0,1860.0,1810.0,1860.0,30600
2008-01-08,1224.10009765625,1860.0,1860.0,1840.0,1850.0,12000
2008-01-09,1210.9376220703125,1840.0,1860.0,1830.0,1830.0,15900
2008-01-10,1178.031494140625,1790.0,1820.0,1790.0,1820.0,28600
2008-01-11,1125.3822021484375,1710.0,1750.0,1700.0,1720.0,29000
2008-01-15,1092.4761962890625,1660.0,1720.0,1650.0,1720.0,16700
2008-01-16,993.7586059570312,1510.0,1600.0,1500.0,1600.0,16600
2008-01-17,1059.5704345703125,1610.0,1620.0,1550.0,1590.0,12700
2008-01-18,1099.0576171875,1670.0,1680.0,1560.0,1560.0,14600
2008-01-21,1079.314208984375,1640.0,1640.0,1630.0,1640.0,5200
2008-01-22,1000.3396606445312,1520.0,1570.0,1500.0,1570.0,16400
2008-01-23,1026.664306640625,1560.0,1600.0,1540.0,1590.0,10800
2008-01-24,1131.9632568359375,1720.0,1720.0,1650.0,1650.0,8800
2008-01-25,1158.2879638671875,1760.0,1790.0,1760.0,1790.0,8600
2008-01-28,1191.1939697265625,1810.0,1820.0,1760.0,1760.0,6100
2008-01-29,1204.356201171875,1830.0,1830.0,1790.0,1820.0,5800
2008-01-30,1217.5186767578125,1850.0,1850.0,1840.0,1850.0,9800
2008-01-31,1276.749267578125,1940.0,1980.0,1830.0,1830.0,17400
2008-02-01,1257.005615234375,1910.0,1960.0,1870.0,1880.0,13800
2008-02-04,1257.005615234375,1910.0,1940.0,1800.0,1940.0,9600
2008-02-05,1257.005615234375,1910.0,1940.0,1890.0,1900.0,9800
2008-02-06,1197.775146484375,1820.0,1830.0,1820.0,1820.0,6600
2008-02-07,1197.775146484375,1820.0,1820.0,1800.0,1800.0,5600
2008-02-08,1178.031494140625,1790.0,1810.0,1790.0,1800.0,4100
2008-02-12,1184.6129150390625,1800.0,1800.0,1800.0,1800.0,3600
2008-02-13,1191.1939697265625,1810.0,1830.0,1780.0,1820.0,2300
2008-02-14,1270.1680908203125,1930.0,1930.0,1830.0,1880.0,7900
2008-02-15,1237.2623291015625,1880.0,1880.0,1840.0,1880.0,9000
2008-02-18,1237.2623291015625,1880.0,1910.0,1880.0,1910.0,4800
2008-02-19,1250.4246826171875,1900.0,1900.0,1890.0,1890.0,4900
2008-02-20,1243.84326171875,1890.0,1930.0,1890.0,1930.0,7400
2008-02-21,1270.1680908203125,1930.0,1940.0,1900.0,1900.0,5500
2008-02-22,1263.587158203125,1920.0,1930.0,1900.0,1910.0,2900
2008-02-25,1276.749267578125,1940.0,1970.0,1940.0,1970.0,12800
2008-02-26,1257.005615234375,1910.0,1980.0,1910.0,1980.0,6600
2008-02-27,1257.005615234375,1910.0,1950.0,1890.0,1950.0,5600
2008-02-28,1289.9117431640625,1960.0,1960.0,1900.0,1900.0,4800
2008-02-29,1270.1680908203125,1930.0,1940.0,1930.0,1930.0,2300
2008-03-03,1243.84326171875,1890.0,1890.0,1870.0,1870.0,2000
2008-03-04,1243.84326171875,1890.0,1890.0,1860.0,1860.0,2400
2008-03-05,1237.2623291015625,1880.0,1890.0,1880.0,1890.0,3200
2008-03-06,1250.4246826171875,1900.0,1910.0,1890.0,1890.0,1300
2008-03-07,1224.10009765625,1860.0,1870.0,1860.0,1870.0,700
2008-03-10,1210.9376220703125,1840.0,1850.0,1840.0,1840.0,1900
2008-03-11,1210.9376220703125,1840.0,1860.0,1820.0,1820.0,3800
2008-03-12,1230.68115234375,1870.0,1910.0,1860.0,1910.0,3100
2008-03-13,1230.68115234375,1870.0,1870.0,1850.0,1860.0,1100
2008-03-14,1210.9376220703125,1840.0,1870.0,1840.0,1870.0,2300
2008-03-17,1131.9632568359375,1720.0,1720.0,1660.0,1700.0,13600
2008-03-18,1131.9632568359375,1720.0,1720.0,1680.0,1680.0,1900
2008-03-19,1158.2879638671875,1760.0,1800.0,1760.0,1800.0,2400
2008-03-21,1197.775146484375,1820.0,1830.0,1780.0,1780.0,2000
2008-03-24,1197.775146484375,1820.0,1840.0,1810.0,1830.0,1600
2008-03-25,1197.775146484375,1820.0,1860.0,1820.0,1840.0,3500
2008-03-26,1217.849609375,1820.0,1820.0,1740.0,1820.0,3900
2008-03-27,1184.392333984375,1770.0,1770.0,1770.0,1770.0,600
2008-03-28,1177.70068359375,1760.0,1770.0,1750.0,1750.0,3800
2008-03-31,1144.2432861328125,1710.0,1720.0,1710.0,1720.0,2200
2008-04-01,1150.934814453125,1720.0,1730.0,1720.0,1720.0,900
2008-04-02,1271.38134765625,1900.0,1920.0,1860.0,1920.0,29000
2008-04-03,1257.99853515625,1880.0,1900.0,1860.0,1860.0,8000
2008-04-04,1224.5411376953125,1830.0,1830.0,1820.0,1830.0,4000
2008-04-07,1237.924072265625,1850.0,1850.0,1820.0,1820.0,2700
2008-04-09,1217.849609375,1820.0,1830.0,1820.0,1830.0,2500
2008-04-10,1197.775146484375,1790.0,1810.0,1790.0,1790.0,3100
2008-04-11,1204.466552734375,1800.0,1800.0,1800.0,1800.0,2400
2008-04-14,1184.392333984375,1770.0,1770.0,1730.0,1740.0,3400
2008-04-15,1197.775146484375,1790.0,1810.0,1780.0,1810.0,3100
2008-04-16,1191.0836181640625,1780.0,1800.0,1730.0,1760.0,8500
2008-04-17,1184.392333984375,1770.0,1780.0,1740.0,1780.0,4100
2008-04-18,1204.466552734375,1800.0,1800.0,1790.0,1800.0,6400
2008-04-21,1197.775146484375,1790.0,1820.0,1790.0,1800.0,2200
2008-04-22,1204.466552734375,1800.0,1800.0,1780.0,1780.0,3600
2008-04-23,1224.5411376953125,1830.0,1830.0,1800.0,1830.0,4500
2008-04-24,1231.232666015625,1840.0,1850.0,1830.0,1850.0,5200
2008-04-25,1224.5411376953125,1830.0,1840.0,1820.0,1840.0,7000
2008-04-28,1217.849609375,1820.0,1830.0,1820.0,1830.0,1800
2008-04-30,1217.849609375,1820.0,1820.0,1820.0,1820.0,1800
2008-05-01,1224.5411376953125,1830.0,1830.0,1810.0,1810.0,2900
2008-05-02,1231.232666015625,1840.0,1840.0,1820.0,1830.0,3600
2008-05-07,1264.6900634765625,1890.0,1890.0,1870.0,1880.0,7600
2008-05-08,1291.4560546875,1930.0,1930.0,1910.0,1920.0,7600
2008-05-09,1264.6900634765625,1890.0,1960.0,1880.0,1950.0,8400
2008-05-12,1264.6900634765625,1890.0,1890.0,1890.0,1890.0,1200
2008-05-13,1291.4560546875,1930.0,1930.0,1910.0,1920.0,2700
2008-05-14,1391.8282470703125,2080.0,2270.0,1950.0,2000.0,82600
2008-05-15,1385.13671875,2070.0,2070.0,2050.0,2060.0,20000
2008-05-16,1358.3707275390625,2030.0,2050.0,2030.0,2030.0,8200
2008-05-19,1358.3707275390625,2030.0,2070.0,2000.0,2050.0,12300
2008-05-20,1405.2108154296875,2100.0,2100.0,2030.0,2040.0,15800
2008-05-21,1378.445068359375,2060.0,2100.0,2060.0,2100.0,8300
2008-05-22,1391.8282470703125,2080.0,2080.0,2070.0,2070.0,4900
2008-05-23,1385.13671875,2070.0,2090.0,2070.0,2070.0,5000
2008-05-26,1398.51953125,2090.0,2120.0,2060.0,2060.0,10800
2008-05-27,1445.3599853515625,2160.0,2160.0,2120.0,2130.0,13900
2008-05-28,1425.285400390625,2130.0,2160.0,2100.0,2160.0,7200
2008-05-29,1438.6685791015625,2150.0,2170.0,2150.0,2170.0,10400
2008-05-30,1431.97705078125,2140.0,2150.0,2130.0,2150.0,7000
2008-06-02,1492.200439453125,2230.0,2250.0,2160.0,2180.0,28800
2008-06-03,1472.1259765625,2200.0,2200.0,2180.0,2180.0,10700
2008-06-04,1485.5087890625,2220.0,2220.0,2160.0,2160.0,14100
2008-06-05,1465.4344482421875,2190.0,2230.0,2170.0,2230.0,16400
2008-06-06,1445.3599853515625,2160.0,2220.0,2150.0,2200.0,17300
2008-06-09,1438.6685791015625,2150.0,2150.0,2130.0,2140.0,12800
2008-06-10,1438.6685791015625,2150.0,2170.0,2150.0,2160.0,8100
2008-06-11,1405.2108154296875,2100.0,2160.0,2090.0,2140.0,15100
2008-06-12,1405.2108154296875,2100.0,2110.0,2090.0,2090.0,5500
2008-06-13,1418.59423828125,2120.0,2120.0,2120.0,2120.0,3900
2008-06-16,1452.051513671875,2170.0,2170.0,2160.0,2160.0,4300
2008-06-17,1465.4344482421875,2190.0,2190.0,2170.0,2170.0,2900
2008-06-18,1478.8175048828125,2210.0,2220.0,2190.0,2190.0,10000
2008-06-19,1472.1259765625,2200.0,2200.0,2150.0,2180.0,4700
2008-06-20,1472.1259765625,2200.0,2200.0,2160.0,2160.0,5100
2008-06-23,1445.3599853515625,2160.0,2160.0,2140.0,2150.0,2000
2008-06-24,1445.3599853515625,2160.0,2180.0,2150.0,2150.0,5100
2008-06-25,1445.3599853515625,2160.0,2160.0,2160.0,2160.0,3000
2008-06-26,1452.051513671875,2170.0,2180.0,2170.0,2180.0,1800
2008-06-27,1411.902587890625,2110.0,2130.0,2110.0,2120.0,2900
2008-06-30,1425.285400390625,2130.0,2130.0,2130.0,2130.0,5300
2008-07-01,1431.97705078125,2140.0,2140.0,2120.0,2120.0,4000
2008-07-02,1405.2108154296875,2100.0,2130.0,2050.0,2130.0,2700
2008-07-03,1398.51953125,2090.0,2110.0,2090.0,2110.0,12700
2008-07-04,1418.59423828125,2120.0,2120.0,2080.0,2080.0,5500
2008-07-07,1438.6685791015625,2150.0,2150.0,2100.0,2100.0,8000
2008-07-08,1425.285400390625,2130.0,2130.0,2120.0,2120.0,2700
2008-07-09,1425.285400390625,2130.0,2130.0,2120.0,2120.0,5600
2008-07-10,1431.97705078125,2140.0,2140.0,2130.0,2130.0,900
2008-07-11,1438.6685791015625,2150.0,2150.0,2120.0,2120.0,400
2008-07-14,1452.051513671875,2170.0,2180.0,2130.0,2130.0,5000
2008-07-15,1445.3599853515625,2160.0,2170.0,2130.0,2150.0,6100
2008-07-16,1418.59423828125,2120.0,2130.0,2120.0,2120.0,2900
2008-07-17,1418.59423828125,2120.0,2120.0,2110.0,2110.0,2000
2008-07-18,1418.59423828125,2120.0,2120.0,2110.0,2120.0,1000
2008-07-22,1405.2108154296875,2100.0,2140.0,2100.0,2140.0,3900
2008-07-23,1425.285400390625,2130.0,2150.0,2110.0,2110.0,3900
2008-07-24,1425.285400390625,2130.0,2140.0,2110.0,2110.0,4000
2008-07-25,1425.285400390625,2130.0,2130.0,2130.0,2130.0,1200
2008-07-28,1391.8282470703125,2080.0,2110.0,2000.0,2000.0,13900
2008-07-29,1398.51953125,2090.0,2100.0,2070.0,2070.0,1000
2008-07-30,1411.902587890625,2110.0,2130.0,2110.0,2120.0,1400
2008-07-31,1405.2108154296875,2100.0,2120.0,2100.0,2120.0,1800
2008-08-01,1391.8282470703125,2080.0,2080.0,2080.0,2080.0,300
2008-08-04,1371.75390625,2050.0,2050.0,2010.0,2010.0,3200
2008-08-05,1338.296142578125,2000.0,2030.0,1950.0,2030.0,7900
2008-08-06,1425.285400390625,2130.0,2130.0,2070.0,2070.0,4700
2008-08-07,1378.445068359375,2060.0,2090.0,2060.0,2070.0,4000
2008-08-08,1378.445068359375,2060.0,2060.0,2050.0,2050.0,2000
2008-08-11,1398.51953125,2090.0,2100.0,2050.0,2050.0,2300
2008-08-12,1425.285400390625,2130.0,2150.0,2050.0,2100.0,12500
2008-08-13,1411.902587890625,2110.0,2130.0,2090.0,2090.0,2400
2008-08-14,1391.8282470703125,2080.0,2110.0,2060.0,2090.0,11600
2008-08-15,1411.902587890625,2110.0,2110.0,2060.0,2080.0,5100
2008-08-18,1411.902587890625,2110.0,2110.0,2110.0,2110.0,3300
2008-08-19,1405.2108154296875,2100.0,2120.0,2090.0,2120.0,2800
2008-08-20,1405.2108154296875,2100.0,2120.0,2080.0,2120.0,2000
2008-08-21,1405.2108154296875,2100.0,2110.0,2100.0,2110.0,900
2008-08-22,1391.8282470703125,2080.0,2110.0,2080.0,2080.0,2900
2008-08-25,1391.8282470703125,2080.0,2080.0,2050.0,2080.0,4000
2008-08-26,1405.2108154296875,2100.0,2120.0,2070.0,2070.0,6300
2008-08-27,1405.2108154296875,2100.0,2110.0,2100.0,2110.0,5000
2008-08-28,1458.7430419921875,2180.0,2230.0,2180.0,2220.0,38200
2008-08-29,1492.200439453125,2230.0,2260.0,2190.0,2190.0,16400
2008-09-01,1512.27490234375,2260.0,2270.0,2230.0,2250.0,16500
2008-09-02,1498.89208984375,2240.0,2300.0,2230.0,2300.0,18200
2008-09-03,1492.200439453125,2230.0,2280.0,2230.0,2240.0,5000
2008-09-04,1452.051513671875,2170.0,2230.0,2170.0,2190.0,3700
2008-09-05,1478.8175048828125,2210.0,2210.0,2150.0,2160.0,7900
2008-09-08,1492.200439453125,2230.0,2250.0,2230.0,2240.0,4600
2008-09-09,1472.1259765625,2200.0,2230.0,2200.0,2230.0,2100
2008-09-10,1492.200439453125,2230.0,2240.0,2230.0,2240.0,3300
2008-09-11,1485.5087890625,2220.0,2250.0,2220.0,2250.0,6400
2008-09-12,1485.5087890625,2220.0,2230.0,2220.0,2230.0,5600
2008-09-16,1485.5087890625,2220.0,2220.0,2110.0,2210.0,16800
2008-09-17,1512.27490234375,2260.0,2260.0,2230.0,2260.0,10100
2008-09-18,1579.1895751953125,2360.0,2360.0,2210.0,2230.0,21100
2008-09-19,1539.041015625,2300.0,2330.0,2300.0,2310.0,5400
2008-09-22,1532.34912109375,2290.0,2310.0,2290.0,2310.0,3200
2008-09-24,1485.5087890625,2220.0,2250.0,2220.0,2240.0,1900
2008-09-25,1478.8175048828125,2210.0,2210.0,2180.0,2210.0,2700
2008-09-26,1452.051513671875,2170.0,2180.0,2150.0,2180.0,1600
2008-09-29,1431.97705078125,2140.0,2170.0,2140.0,2170.0,2200
2008-09-30,1418.59423828125,2120.0,2130.0,2070.0,2070.0,5200
2008-10-01,1431.97705078125,2140.0,2140.0,2090.0,2120.0,11200
2008-10-02,1425.285400390625,2130.0,2140.0,2080.0,2100.0,10800
2008-10-03,1425.285400390625,2130.0,2130.0,2050.0,2060.0,4300
2008-10-06,1418.59423828125,2120.0,2130.0,2010.0,2070.0,19900
2008-10-07,1371.75390625,2050.0,2110.0,2040.0,2060.0,25500
2008-10-08,1344.9876708984375,2010.0,2110.0,2010.0,2060.0,21300
2008-10-09,1358.3707275390625,2030.0,2060.0,2020.0,2020.0,7800
2008-10-10,1365.0621337890625,2040.0,2050.0,1950.0,1980.0,13100
2008-10-14,1385.13671875,2070.0,2090.0,2070.0,2070.0,6700
2008-10-15,1371.75390625,2050.0,2060.0,2020.0,2020.0,4000
2008-10-16,1338.296142578125,2000.0,2000.0,1970.0,1990.0,6600
2008-10-17,1311.53076171875,1960.0,2000.0,1960.0,1970.0,3600
2008-10-20,1311.53076171875,1960.0,2000.0,1940.0,1940.0,5600
2008-10-21,1338.296142578125,2000.0,2000.0,2000.0,2000.0,3200
2008-10-22,1304.8385009765625,1950.0,2000.0,1940.0,1990.0,3500
2008-10-23,1304.8385009765625,1950.0,1980.0,1940.0,1940.0,2300
2008-10-24,1217.849609375,1820.0,1950.0,1820.0,1950.0,2000
2008-10-27,1184.392333984375,1770.0,1820.0,1690.0,1800.0,5800
2008-10-28,1177.70068359375,1760.0,1760.0,1680.0,1680.0,8300
2008-10-29,1204.466552734375,1800.0,1890.0,1800.0,1890.0,2500
2008-10-30,1291.4560546875,1930.0,1930.0,1840.0,1860.0,2900
2008-10-31,1324.913330078125,1980.0,1980.0,1880.0,1930.0,5100
2008-11-04,1324.913330078125,1980.0,1980.0,1930.0,1940.0,1600
2008-11-05,1318.221923828125,1970.0,2000.0,1960.0,1970.0,2100
2008-11-06,1264.6900634765625,1890.0,1910.0,1890.0,1890.0,3200
2008-11-07,1264.6900634765625,1890.0,1920.0,1860.0,1860.0,1900
2008-11-10,1278.0728759765625,1910.0,1970.0,1890.0,1930.0,2200
2008-11-11,1278.0728759765625,1910.0,1940.0,1880.0,1880.0,1600
2008-11-12,1284.764404296875,1920.0,1920.0,1860.0,1890.0,1800
2008-11-13,1257.99853515625,1880.0,1910.0,1850.0,1860.0,4700
2008-11-14,1231.232666015625,1840.0,1890.0,1820.0,1890.0,4000
2008-11-17,1231.232666015625,1840.0,1870.0,1840.0,1860.0,3700
2008-11-18,1224.5411376953125,1830.0,1840.0,1800.0,1810.0,1300
2008-11-19,1177.70068359375,1760.0,1820.0,1760.0,1810.0,1800
2008-11-20,1177.70068359375,1760.0,1790.0,1700.0,1710.0,3700
2008-11-21,1257.99853515625,1880.0,1880.0,1710.0,1720.0,2900
2008-11-25,1257.99853515625,1880.0,1880.0,1780.0,1830.0,5100
2008-11-26,1237.924072265625,1850.0,1880.0,1800.0,1800.0,3900
2008-11-27,1191.0836181640625,1780.0,1790.0,1750.0,1750.0,6200
2008-11-28,1171.0093994140625,1750.0,1750.0,1680.0,1720.0,11100
2008-12-01,1144.2432861328125,1710.0,1730.0,1680.0,1730.0,3500
2008-12-02,1104.0943603515625,1650.0,1690.0,1650.0,1670.0,3600
2008-12-03,1090.7113037109375,1630.0,1670.0,1590.0,1640.0,7300
2008-12-04,1050.562744140625,1570.0,1600.0,1570.0,1590.0,3100
2008-12-05,1050.562744140625,1570.0,1570.0,1520.0,1570.0,3600
2008-12-08,1043.8709716796875,1560.0,1580.0,1560.0,1580.0,6000
2008-12-09,1037.1795654296875,1550.0,1550.0,1540.0,1550.0,11700
2008-12-10,1104.0943603515625,1650.0,1650.0,1520.0,1530.0,4700
2008-12-11,1097.403076171875,1640.0,1640.0,1640.0,1640.0,900
2008-12-12,1077.3284912109375,1610.0,1650.0,1600.0,1620.0,3200
2008-12-15,1077.3284912109375,1610.0,1650.0,1610.0,1640.0,4300
2008-12-16,1057.25390625,1580.0,1580.0,1580.0,1580.0,1600
2008-12-17,1037.1795654296875,1550.0,1550.0,1520.0,1520.0,6100
2008-12-18,1050.562744140625,1570.0,1570.0,1500.0,1500.0,2400
2008-12-19,1063.945556640625,1590.0,1600.0,1550.0,1550.0,1300
2008-12-22,1090.7113037109375,1630.0,1630.0,1560.0,1560.0,2000
2008-12-24,1117.4774169921875,1670.0,1670.0,1550.0,1560.0,7900
2008-12-25,1130.8603515625,1690.0,1690.0,1650.0,1690.0,3300
2008-12-26,1097.403076171875,1640.0,1650.0,1630.0,1640.0,1300
2008-12-29,1084.02001953125,1620.0,1630.0,1610.0,1610.0,3400
2008-12-30,1084.02001953125,1620.0,1630.0,1600.0,1610.0,700
2009-01-05,1084.02001953125,1620.0,1620.0,1620.0,1620.0,200
2009-01-06,1090.7113037109375,1630.0,1630.0,1630.0,1630.0,300
2009-01-07,1084.02001953125,1620.0,1620.0,1600.0,1610.0,1400
2009-01-08,1070.636962890625,1600.0,1610.0,1600.0,1610.0,800
2009-01-09,1070.636962890625,1600.0,1600.0,1600.0,1600.0,200
2009-01-13,1057.25390625,1580.0,1580.0,1580.0,1580.0,1400
2009-01-14,1050.562744140625,1570.0,1570.0,1540.0,1550.0,1700
2009-01-15,1050.562744140625,1570.0,1580.0,1570.0,1580.0,1100
2009-01-16,1023.7965087890624,1530.0,1580.0,1530.0,1560.0,1800
2009-01-19,1017.1050415039062,1520.0,1560.0,1520.0,1540.0,2200
2009-01-20,1003.7221069335938,1500.0,1500.0,1480.0,1490.0,2400
2009-01-21,956.8819580078124,1430.0,1470.0,1400.0,1430.0,7900
2009-01-22,936.8075561523438,1400.0,1450.0,1380.0,1380.0,2500
2009-01-23,963.573486328125,1440.0,1440.0,1400.0,1400.0,1200
2009-01-26,990.3394165039062,1480.0,1480.0,1450.0,1450.0,2100
2009-01-27,1010.4139404296876,1510.0,1510.0,1480.0,1480.0,1600
2009-01-28,1017.1050415039062,1520.0,1520.0,1490.0,1490.0,700
2009-01-29,1023.7965087890624,1530.0,1530.0,1470.0,1470.0,3500
2009-01-30,1023.7965087890624,1530.0,1530.0,1470.0,1470.0,1300
2009-02-02,1003.7221069335938,1500.0,1510.0,1470.0,1490.0,1200
2009-02-03,1003.7221069335938,1500.0,1500.0,1500.0,1500.0,0
2009-02-04,1023.7965087890624,1530.0,1530.0,1470.0,1470.0,1700
2009-02-05,1023.7965087890624,1530.0,1530.0,1500.0,1520.0,800
2009-02-06,1023.7965087890624,1530.0,1530.0,1510.0,1520.0,300
2009-02-09,1010.4139404296876,1510.0,1510.0,1460.0,1490.0,1100
2009-02-10,1023.7965087890624,1530.0,1530.0,1430.0,1450.0,1100
2009-02-12,997.03076171875,1490.0,1500.0,1470.0,1500.0,900
2009-02-13,997.03076171875,1490.0,1490.0,1460.0,1460.0,1000
2009-02-16,997.03076171875,1490.0,1490.0,1490.0,1490.0,700
2009-02-17,990.3394165039062,1480.0,1540.0,1480.0,1540.0,1800
2009-02-18,990.3394165039062,1480.0,1480.0,1450.0,1470.0,700
2009-02-19,1023.7965087890624,1530.0,1530.0,1430.0,1430.0,2000
2009-02-20,1003.7221069335938,1500.0,1510.0,1460.0,1500.0,2200
2009-02-23,1037.1795654296875,1550.0,1550.0,1480.0,1490.0,4000
2009-02-24,1030.48828125,1540.0,1540.0,1530.0,1530.0,900
2009-02-25,1017.1050415039062,1520.0,1520.0,1490.0,1500.0,2700
2009-02-26,1017.1050415039062,1520.0,1520.0,1520.0,1520.0,0
2009-02-27,983.6477661132812,1470.0,1500.0,1410.0,1470.0,4200
2009-03-02,963.573486328125,1440.0,1480.0,1440.0,1480.0,0
2009-03-03,983.6477661132812,1470.0,1480.0,1470.0,1480.0,800
2009-03-04,963.573486328125,1440.0,1450.0,1440.0,1450.0,500
2009-03-05,983.6477661132812,1470.0,1470.0,1450.0,1470.0,500
2009-03-06,963.573486328125,1440.0,1440.0,1440.0,1440.0,100
2009-03-09,963.573486328125,1440.0,1440.0,1440.0,1440.0,200
2009-03-11,983.6477661132812,1470.0,1470.0,1470.0,1470.0,100
2009-03-12,963.573486328125,1440.0,1470.0,1440.0,1450.0,1200
2009-03-13,950.1901245117188,1420.0,1420.0,1420.0,1420.0,1100
2009-03-16,963.573486328125,1440.0,1470.0,1440.0,1440.0,900
2009-03-17,970.264892578125,1450.0,1450.0,1440.0,1440.0,1500
2009-03-18,983.6477661132812,1470.0,1470.0,1470.0,1470.0,400
2009-03-19,1037.1795654296875,1550.0,1550.0,1500.0,1500.0,200
2009-03-23,997.03076171875,1490.0,1500.0,1480.0,1490.0,2000
2009-03-24,990.3394165039062,1480.0,1490.0,1480.0,1490.0,1500
2009-03-25,976.956298828125,1460.0,1470.0,1450.0,1470.0,2700
2009-03-26,963.573486328125,1440.0,1450.0,1420.0,1430.0,900
2009-03-27,970.264892578125,1450.0,1450.0,1440.0,1440.0,1000
2009-03-30,970.264892578125,1450.0,1450.0,1450.0,1450.0,1000
2009-03-31,970.264892578125,1450.0,1450.0,1430.0,1430.0,200
2009-04-01,963.573486328125,1440.0,1440.0,1430.0,1430.0,900
2009-04-02,970.264892578125,1450.0,1450.0,1440.0,1440.0,600
2009-04-03,970.264892578125,1450.0,1450.0,1450.0,1450.0,700
2009-04-06,970.264892578125,1450.0,1450.0,1450.0,1450.0,500
2009-04-07,963.573486328125,1440.0,1450.0,1440.0,1440.0,1000
2009-04-08,963.573486328125,1440.0,1440.0,1440.0,1440.0,300
2009-04-09,970.264892578125,1450.0,1450.0,1450.0,1450.0,900
2009-04-10,970.264892578125,1450.0,1450.0,1450.0,1450.0,800
2009-04-13,970.264892578125,1450.0,1460.0,1450.0,1460.0,2900
2009-04-14,970.264892578125,1450.0,1450.0,1430.0,1430.0,400
2009-04-15,970.264892578125,1450.0,1450.0,1450.0,1450.0,2300
2009-04-16,1003.7221069335938,1500.0,1500.0,1480.0,1490.0,2100
2009-04-17,1017.1050415039062,1520.0,1540.0,1520.0,1540.0,2500
2009-04-20,1023.7965087890624,1530.0,1530.0,1520.0,1520.0,2800
2009-04-21,1017.1050415039062,1520.0,1520.0,1490.0,1490.0,1400
2009-04-22,1017.1050415039062,1520.0,1520.0,1510.0,1510.0,300
2009-04-23,1037.1795654296875,1550.0,1560.0,1530.0,1540.0,5500
2009-04-24,1063.945556640625,1590.0,1610.0,1590.0,1610.0,900
2009-04-27,1084.02001953125,1620.0,1620.0,1600.0,1600.0,1400
2009-04-28,1077.3284912109375,1610.0,1620.0,1560.0,1600.0,3300
2009-04-30,1077.3284912109375,1610.0,1610.0,1560.0,1560.0,1800
2009-05-01,1084.02001953125,1620.0,1620.0,1600.0,1600.0,400
2009-05-07,1084.02001953125,1620.0,1620.0,1610.0,1620.0,800
2009-05-08,1070.636962890625,1600.0,1620.0,1600.0,1620.0,300
2009-05-11,1070.636962890625,1600.0,1600.0,1600.0,1600.0,800
2009-05-12,1070.636962890625,1600.0,1600.0,1600.0,1600.0,0
2009-05-13,1050.562744140625,1570.0,1570.0,1550.0,1550.0,1400
2009-05-14,1070.636962890625,1600.0,1710.0,1550.0,1550.0,9800
2009-05-15,1084.02001953125,1620.0,1640.0,1620.0,1640.0,2600
2009-05-18,1084.02001953125,1620.0,1620.0,1620.0,1620.0,1300
2009-05-19,1124.1685791015625,1680.0,1680.0,1620.0,1620.0,1700
2009-05-20,1104.0943603515625,1650.0,1650.0,1630.0,1650.0,3600
2009-05-21,1130.8603515625,1690.0,1690.0,1680.0,1680.0,1000
2009-05-22,1164.31787109375,1740.0,1740.0,1720.0,1720.0,2400
2009-05-25,1184.392333984375,1770.0,1800.0,1770.0,1770.0,4000
2009-05-26,1191.0836181640625,1780.0,1800.0,1780.0,1800.0,2400
2009-05-27,1184.392333984375,1770.0,1820.0,1770.0,1810.0,2000
2009-05-28,1237.924072265625,1850.0,1880.0,1800.0,1800.0,3200
2009-05-29,1257.99853515625,1880.0,1880.0,1850.0,1860.0,2400
2009-06-01,1224.5411376953125,1830.0,1850.0,1800.0,1850.0,4000
2009-06-02,1204.466552734375,1800.0,1840.0,1800.0,1840.0,1900
2009-06-03,1244.6156005859375,1860.0,1860.0,1830.0,1830.0,2500
2009-06-04,1204.466552734375,1800.0,1860.0,1800.0,1860.0,2500
2009-06-05,1231.232666015625,1840.0,1840.0,1840.0,1840.0,6900
2009-06-08,1237.924072265625,1850.0,1870.0,1840.0,1870.0,5300
2009-06-09,1244.6156005859375,1860.0,1880.0,1850.0,1850.0,600
2009-06-10,1251.30712890625,1870.0,1870.0,1840.0,1840.0,300
2009-06-11,1237.924072265625,1850.0,1850.0,1820.0,1820.0,2000
2009-06-12,1224.5411376953125,1830.0,1840.0,1830.0,1830.0,1700
2009-06-15,1231.232666015625,1840.0,1850.0,1830.0,1850.0,2000
2009-06-16,1217.849609375,1820.0,1840.0,1820.0,1840.0,2300
2009-06-17,1211.158447265625,1810.0,1810.0,1800.0,1810.0,2500
2009-06-18,1217.849609375,1820.0,1830.0,1810.0,1810.0,900
2009-06-19,1231.232666015625,1840.0,1840.0,1840.0,1840.0,1500
2009-06-22,1237.924072265625,1850.0,1850.0,1820.0,1820.0,200
2009-06-23,1204.466552734375,1800.0,1830.0,1800.0,1830.0,2200
2009-06-24,1197.775146484375,1790.0,1800.0,1790.0,1790.0,1100
2009-06-25,1217.849609375,1820.0,1840.0,1810.0,1810.0,1100
2009-06-26,1231.232666015625,1840.0,1840.0,1820.0,1840.0,1100
2009-06-29,1237.924072265625,1850.0,1870.0,1840.0,1840.0,6500
2009-06-30,1237.924072265625,1850.0,1850.0,1850.0,1850.0,200
2009-07-01,1231.232666015625,1840.0,1850.0,1800.0,1810.0,2500
2009-07-02,1244.6156005859375,1860.0,1860.0,1820.0,1840.0,1500
2009-07-03,1244.6156005859375,1860.0,1870.0,1820.0,1840.0,1500
2009-07-06,1231.232666015625,1840.0,1850.0,1820.0,1850.0,900
2009-07-07,1164.31787109375,1740.0,1810.0,1700.0,1810.0,3500
2009-07-08,1097.403076171875,1640.0,1720.0,1640.0,1720.0,6600
2009-07-09,1097.403076171875,1640.0,1650.0,1620.0,1640.0,1200
2009-07-10,1104.0943603515625,1650.0,1680.0,1640.0,1650.0,1000
2009-07-13,1043.8709716796875,1560.0,1640.0,1550.0,1640.0,1800
2009-07-14,1070.636962890625,1600.0,1640.0,1580.0,1590.0,900
2009-07-15,1130.8603515625,1690.0,1690.0,1610.0,1620.0,1800
2009-07-16,1124.1685791015625,1680.0,1700.0,1630.0,1700.0,6100
2009-07-17,1097.403076171875,1640.0,1710.0,1640.0,1710.0,600
2009-07-21,1104.0943603515625,1650.0,1660.0,1650.0,1660.0,500
2009-07-22,1130.8603515625,1690.0,1690.0,1660.0,1660.0,400
2009-07-23,1130.8603515625,1690.0,1690.0,1690.0,1690.0,200
2009-07-24,1150.934814453125,1720.0,1720.0,1710.0,1710.0,400
2009-07-27,1184.392333984375,1770.0,1770.0,1730.0,1730.0,1400
2009-07-28,1184.392333984375,1770.0,1780.0,1770.0,1770.0,3400
2009-07-29,1177.70068359375,1760.0,1760.0,1760.0,1760.0,100
2009-07-30,1150.934814453125,1720.0,1720.0,1710.0,1720.0,300
2009-07-31,1157.626220703125,1730.0,1730.0,1720.0,1720.0,200
2009-08-03,1144.2432861328125,1710.0,1720.0,1710.0,1720.0,600
2009-08-04,1177.70068359375,1760.0,1760.0,1730.0,1730.0,600
2009-08-05,1150.934814453125,1720.0,1740.0,1710.0,1740.0,2200
2009-08-06,1150.934814453125,1720.0,1740.0,1720.0,1740.0,600
2009-08-07,1164.31787109375,1740.0,1740.0,1740.0,1740.0,100
2009-08-10,1197.775146484375,1790.0,1840.0,1780.0,1810.0,12400
2009-08-11,1204.466552734375,1800.0,1810.0,1790.0,1800.0,3700
2009-08-12,1191.0836181640625,1780.0,1790.0,1770.0,1790.0,6800
2009-08-13,1177.70068359375,1760.0,1790.0,1740.0,1790.0,5600
2009-08-14,1144.2432861328125,1710.0,1760.0,1700.0,1760.0,37200
2009-08-17,1117.4774169921875,1670.0,1730.0,1660.0,1730.0,28100
2009-08-18,1104.0943603515625,1650.0,1660.0,1620.0,1640.0,24700
2009-08-19,1084.02001953125,1620.0,1660.0,1620.0,1650.0,11800
2009-08-20,1070.636962890625,1600.0,1630.0,1570.0,1620.0,48000
2009-08-21,1043.8709716796875,1560.0,1610.0,1540.0,1610.0,47900
2009-08-24,1110.785888671875,1660.0,1670.0,1580.0,1580.0,35200
2009-08-25,1130.8603515625,1690.0,1740.0,1660.0,1690.0,82500
2009-08-26,1137.5517578125,1700.0,1700.0,1650.0,1690.0,50200
2009-08-27,1084.02001953125,1620.0,1700.0,1600.0,1700.0,96300
2009-08-28,1097.403076171875,1640.0,1660.0,1620.0,1650.0,25400
2009-08-31,1070.636962890625,1600.0,1640.0,1580.0,1640.0,30300
2009-09-02,1063.945556640625,1590.0,1600.0,1580.0,1580.0,11100
2009-09-03,1057.25390625,1580.0,1590.0,1570.0,1570.0,11900
2009-09-04,1057.25390625,1580.0,1590.0,1580.0,1590.0,5500
2009-09-07,1057.25390625,1580.0,1580.0,1570.0,1570.0,7400
2009-09-08,1037.1795654296875,1550.0,1580.0,1540.0,1580.0,16800
2009-09-09,1037.1795654296875,1550.0,1560.0,1540.0,1550.0,7800
2009-09-10,1050.562744140625,1570.0,1580.0,1550.0,1560.0,10900
2009-09-11,1037.1795654296875,1550.0,1570.0,1540.0,1570.0,11800
2009-09-14,1043.8709716796875,1560.0,1570.0,1550.0,1560.0,5800
2009-09-15,1050.562744140625,1570.0,1590.0,1560.0,1570.0,5800
2009-09-16,1050.562744140625,1570.0,1590.0,1570.0,1590.0,4500
2009-09-17,1030.48828125,1540.0,1580.0,1540.0,1580.0,8200
2009-09-18,1023.7965087890624,1530.0,1540.0,1510.0,1540.0,13600
2009-09-21,1023.7965087890624,1530.0,1530.0,1530.0,1530.0,0
2009-09-24,1037.1795654296875,1550.0,1550.0,1530.0,1530.0,6800
2009-09-25,1023.7965087890624,1530.0,1550.0,1510.0,1550.0,4600
2009-09-28,963.573486328125,1440.0,1490.0,1420.0,1490.0,14600
2009-09-29,990.3394165039062,1480.0,1490.0,1470.0,1470.0,4600
2009-09-30,983.6477661132812,1470.0,1480.0,1460.0,1480.0,2000
2009-10-01,963.573486328125,1440.0,1460.0,1420.0,1460.0,9200
2009-10-02,950.1901245117188,1420.0,1420.0,1390.0,1400.0,7100
2009-10-05,930.1160278320312,1390.0,1430.0,1370.0,1420.0,6100
2009-10-06,923.4243774414062,1380.0,1390.0,1370.0,1390.0,2000
2009-10-07,950.1901245117188,1420.0,1420.0,1380.0,1400.0,4800
2009-10-08,950.1901245117188,1420.0,1440.0,1400.0,1400.0,2700
2009-10-09,970.264892578125,1450.0,1460.0,1430.0,1430.0,5200
2009-10-13,990.3394165039062,1480.0,1500.0,1470.0,1470.0,4800
2009-10-14,970.264892578125,1450.0,1470.0,1450.0,1470.0,3200
2009-10-15,970.264892578125,1450.0,1480.0,1450.0,1470.0,1300
2009-10-16,970.264892578125,1450.0,1470.0,1440.0,1470.0,5300
2009-10-19,963.573486328125,1440.0,1450.0,1430.0,1440.0,3000
2009-10-20,976.956298828125,1460.0,1460.0,1430.0,1450.0,1800
2009-10-21,970.264892578125,1450.0,1450.0,1440.0,1440.0,900
2009-10-22,970.264892578125,1450.0,1460.0,1440.0,1450.0,2000
2009-10-23,970.264892578125,1450.0,1460.0,1450.0,1450.0,2000
2009-10-26,990.3394165039062,1480.0,1480.0,1450.0,1470.0,9000
2009-10-27,976.956298828125,1460.0,1470.0,1450.0,1460.0,6900
2009-10-28,963.573486328125,1440.0,1460.0,1440.0,1460.0,3700
2009-10-29,983.6477661132812,1470.0,1510.0,1440.0,1460.0,26600
2009-10-30,963.573486328125,1440.0,1500.0,1440.0,1470.0,13600
2009-11-02,950.1901245117188,1420.0,1420.0,1400.0,1410.0,5600
2009-11-04,963.573486328125,1440.0,1460.0,1420.0,1420.0,9300
2009-11-05,956.8819580078124,1430.0,1460.0,1420.0,1460.0,5000
2009-11-06,970.264892578125,1450.0,1500.0,1440.0,1440.0,18100
2009-11-09,963.573486328125,1440.0,1450.0,1430.0,1430.0,12000
2009-11-10,963.573486328125,1440.0,1460.0,1430.0,1460.0,8300
2009-11-11,950.1901245117188,1420.0,1430.0,1420.0,1430.0,2400
2009-11-12,930.1160278320312,1390.0,1420.0,1380.0,1420.0,13800
2009-11-13,930.1160278320312,1390.0,1400.0,1380.0,1390.0,10200
2009-11-16,916.7330932617188,1370.0,1390.0,1360.0,1390.0,12000
2009-11-17,876.5840454101562,1310.0,1360.0,1300.0,1360.0,11200
2009-11-18,883.2755126953125,1320.0,1320.0,1300.0,1310.0,4600
2009-11-19,876.5840454101562,1310.0,1320.0,1300.0,1320.0,2500
2009-11-20,883.2755126953125,1320.0,1320.0,1290.0,1290.0,1400
2009-11-24,896.6585083007812,1340.0,1350.0,1320.0,1350.0,5000
2009-11-25,896.6585083007812,1340.0,1340.0,1340.0,1340.0,1700
2009-11-26,896.6585083007812,1340.0,1340.0,1330.0,1340.0,1500
2009-11-27,863.2008666992188,1290.0,1320.0,1290.0,1310.0,4400
2009-11-30,876.5840454101562,1310.0,1320.0,1300.0,1310.0,1200
2009-12-01,896.6585083007812,1340.0,1340.0,1320.0,1320.0,2800
2009-12-02,896.6585083007812,1340.0,1350.0,1330.0,1340.0,2100
2009-12-03,910.0416870117188,1360.0,1370.0,1340.0,1340.0,3600
2009-12-04,930.1160278320312,1390.0,1400.0,1370.0,1370.0,2400
2009-12-07,950.1901245117188,1420.0,1480.0,1420.0,1420.0,5600
2009-12-08,936.8075561523438,1400.0,1430.0,1400.0,1430.0,8100
2009-12-09,930.1160278320312,1390.0,1390.0,1370.0,1380.0,3200
2009-12-10,936.8075561523438,1400.0,1400.0,1380.0,1390.0,1400
2009-12-11,936.8075561523438,1400.0,1420.0,1380.0,1400.0,2300
2009-12-14,930.1160278320312,1390.0,1410.0,1380.0,1410.0,2100
2009-12-15,936.8075561523438,1400.0,1420.0,1390.0,1400.0,7900
2009-12-16,950.1901245117188,1420.0,1420.0,1390.0,1410.0,4500
2009-12-17,936.8075561523438,1400.0,1420.0,1400.0,1420.0,3600
2009-12-18,930.1160278320312,1390.0,1400.0,1370.0,1400.0,4300
2009-12-21,916.7330932617188,1370.0,1400.0,1370.0,1400.0,5100
2009-12-22,910.0416870117188,1360.0,1390.0,1340.0,1370.0,35200
2009-12-24,930.1160278320312,1390.0,1390.0,1370.0,1370.0,24600
2009-12-25,936.8075561523438,1400.0,1400.0,1390.0,1400.0,21800
2009-12-28,950.1901245117188,1420.0,1420.0,1400.0,1400.0,4400
2009-12-29,950.1901245117188,1420.0,1430.0,1410.0,1410.0,1400
2009-12-30,936.8075561523438,1400.0,1410.0,1400.0,1400.0,4400
2010-01-04,950.1901245117188,1420.0,1420.0,1400.0,1400.0,4500
2010-01-05,950.1901245117188,1420.0,1430.0,1410.0,1420.0,2600
2010-01-06,950.1901245117188,1420.0,1420.0,1410.0,1410.0,3800
2010-01-07,976.956298828125,1460.0,1470.0,1420.0,1420.0,13600
2010-01-08,976.956298828125,1460.0,1470.0,1460.0,1460.0,2100
2010-01-12,1003.7221069335938,1500.0,1500.0,1470.0,1470.0,6500
2010-01-13,983.6477661132812,1470.0,1500.0,1470.0,1500.0,2400
2010-01-14,1003.7221069335938,1500.0,1500.0,1480.0,1500.0,2700
2010-01-15,990.3394165039062,1480.0,1500.0,1480.0,1490.0,5200
2010-01-18,997.03076171875,1490.0,1500.0,1470.0,1470.0,5800
2010-01-19,997.03076171875,1490.0,1500.0,1460.0,1480.0,5200
2010-01-20,1017.1050415039062,1520.0,1520.0,1480.0,1490.0,17000
2010-01-21,1023.7965087890624,1530.0,1540.0,1500.0,1500.0,11100
2010-01-22,1003.7221069335938,1500.0,1510.0,1490.0,1490.0,2700
2010-01-25,1030.48828125,1540.0,1540.0,1490.0,1510.0,13900
2010-01-26,1023.7965087890624,1530.0,1560.0,1510.0,1550.0,36800
2010-01-27,1003.7221069335938,1500.0,1560.0,1500.0,1550.0,4200
2010-01-28,990.3394165039062,1480.0,1490.0,1480.0,1480.0,3200
2010-01-29,990.3394165039062,1480.0,1490.0,1480.0,1480.0,800
2010-02-01,976.956298828125,1460.0,1480.0,1450.0,1480.0,5800
2010-02-02,983.6477661132812,1470.0,1480.0,1470.0,1470.0,900
2010-02-03,1003.7221069335938,1500.0,1500.0,1480.0,1480.0,1200
2010-02-04,997.03076171875,1490.0,1510.0,1490.0,1500.0,1800
2010-02-05,1030.48828125,1540.0,1580.0,1450.0,1460.0,16900
2010-02-08,983.6477661132812,1470.0,1470.0,1450.0,1450.0,16700
2010-02-09,976.956298828125,1460.0,1460.0,1440.0,1460.0,7600
2010-02-10,976.956298828125,1460.0,1470.0,1450.0,1470.0,3800
2010-02-12,976.956298828125,1460.0,1460.0,1450.0,1450.0,600
2010-02-15,970.264892578125,1450.0,1470.0,1450.0,1460.0,4100
2010-02-16,970.264892578125,1450.0,1460.0,1450.0,1450.0,1700
2010-02-17,983.6477661132812,1470.0,1470.0,1450.0,1460.0,3400
2010-02-18,976.956298828125,1460.0,1460.0,1450.0,1460.0,1800
2010-02-19,970.264892578125,1450.0,1460.0,1440.0,1450.0,1500
2010-02-22,970.264892578125,1450.0,1470.0,1450.0,1470.0,4000
2010-02-23,976.956298828125,1460.0,1460.0,1450.0,1460.0,4000
2010-02-24,976.956298828125,1460.0,1460.0,1450.0,1450.0,4500
2010-02-25,976.956298828125,1460.0,1460.0,1430.0,1450.0,4700
2010-02-26,976.956298828125,1460.0,1460.0,1450.0,1450.0,4900
2010-03-01,997.03076171875,1490.0,1490.0,1460.0,1460.0,7500
2010-03-02,983.6477661132812,1470.0,1480.0,1470.0,1480.0,4100
2010-03-03,983.6477661132812,1470.0,1470.0,1460.0,1470.0,2000
2010-03-04,983.6477661132812,1470.0,1480.0,1460.0,1470.0,2200
2010-03-05,983.6477661132812,1470.0,1490.0,1470.0,1480.0,1900
2010-03-08,997.03076171875,1490.0,1490.0,1490.0,1490.0,4900
2010-03-09,990.3394165039062,1480.0,1500.0,1480.0,1500.0,2200
2010-03-10,997.03076171875,1490.0,1510.0,1490.0,1490.0,3500
2010-03-11,1003.7221069335938,1500.0,1500.0,1490.0,1500.0,3100
2010-03-12,1017.1050415039062,1520.0,1520.0,1500.0,1500.0,7800
2010-03-15,1030.48828125,1540.0,1540.0,1520.0,1520.0,2100
2010-03-16,1023.7965087890624,1530.0,1550.0,1530.0,1540.0,4200
2010-03-17,1037.1795654296875,1550.0,1560.0,1540.0,1560.0,6100
2010-03-18,1043.8709716796875,1560.0,1560.0,1540.0,1550.0,6500
2010-03-19,1037.1795654296875,1550.0,1570.0,1550.0,1560.0,4200
2010-03-23,1037.1795654296875,1550.0,1560.0,1550.0,1550.0,3400
2010-03-24,1037.1795654296875,1550.0,1560.0,1550.0,1560.0,8900
2010-03-25,1043.8709716796875,1560.0,1570.0,1550.0,1560.0,6600
2010-03-26,1057.25390625,1580.0,1580.0,1560.0,1570.0,11300
2010-03-29,1043.61181640625,1530.0,1540.0,1520.0,1520.0,4000
2010-03-30,1057.2540283203125,1550.0,1550.0,1530.0,1540.0,6500
2010-03-31,1084.5380859375,1590.0,1610.0,1550.0,1560.0,30700
2010-04-01,1077.7171630859375,1580.0,1610.0,1560.0,1610.0,4700
2010-04-02,1070.8961181640625,1570.0,1580.0,1560.0,1580.0,4500
2010-04-05,1070.8961181640625,1570.0,1590.0,1570.0,1570.0,5100
2010-04-06,1077.7171630859375,1580.0,1580.0,1570.0,1580.0,3500
2010-04-07,1070.8961181640625,1570.0,1580.0,1560.0,1580.0,8100
2010-04-08,1077.7171630859375,1580.0,1580.0,1560.0,1560.0,3700
2010-04-09,1091.359130859375,1600.0,1600.0,1570.0,1580.0,8500
2010-04-12,1105.0009765625,1620.0,1640.0,1620.0,1630.0,23600
2010-04-13,1111.8221435546875,1630.0,1650.0,1620.0,1640.0,11900
2010-04-14,1111.8221435546875,1630.0,1630.0,1610.0,1620.0,5100
2010-04-15,1105.0009765625,1620.0,1640.0,1620.0,1640.0,5800
2010-04-16,1098.18017578125,1610.0,1630.0,1610.0,1630.0,6300
2010-04-19,1084.5380859375,1590.0,1610.0,1580.0,1610.0,5900
2010-04-20,1084.5380859375,1590.0,1600.0,1590.0,1600.0,2100
2010-04-21,1098.18017578125,1610.0,1610.0,1590.0,1600.0,4600
2010-04-22,1091.359130859375,1600.0,1610.0,1590.0,1610.0,2100
2010-04-23,1105.0009765625,1620.0,1620.0,1590.0,1600.0,5200
2010-04-26,1118.64306640625,1640.0,1640.0,1630.0,1640.0,8200
2010-04-27,1111.8221435546875,1630.0,1640.0,1630.0,1640.0,7500
2010-04-28,1098.18017578125,1610.0,1610.0,1600.0,1600.0,2800
2010-04-30,1105.0009765625,1620.0,1640.0,1620.0,1630.0,4000
2010-05-06,1098.18017578125,1610.0,1620.0,1600.0,1610.0,4500
2010-05-07,1070.8961181640625,1570.0,1580.0,1530.0,1540.0,8500
2010-05-10,1077.7171630859375,1580.0,1580.0,1560.0,1560.0,1100
2010-05-11,1070.8961181640625,1570.0,1600.0,1560.0,1590.0,4100
2010-05-12,1070.8961181640625,1570.0,1570.0,1560.0,1560.0,3200
2010-05-13,1091.359130859375,1600.0,1610.0,1560.0,1560.0,9200
2010-05-14,1077.7171630859375,1580.0,1590.0,1570.0,1590.0,4300
2010-05-17,1057.2540283203125,1550.0,1580.0,1550.0,1580.0,7000
2010-05-18,1043.61181640625,1530.0,1570.0,1530.0,1560.0,2000
2010-05-19,1016.3277587890624,1490.0,1510.0,1480.0,1500.0,7100
2010-05-20,995.8651733398438,1460.0,1480.0,1460.0,1470.0,3900
2010-05-21,975.4019165039062,1430.0,1440.0,1400.0,1430.0,11300
2010-05-24,982.2230834960938,1440.0,1460.0,1430.0,1460.0,1300
2010-05-25,968.5809936523438,1420.0,1430.0,1410.0,1430.0,3500
2010-05-26,961.7601318359376,1410.0,1420.0,1400.0,1420.0,3000
2010-05-27,961.7601318359376,1410.0,1410.0,1390.0,1400.0,3800
2010-05-28,989.0443115234376,1450.0,1460.0,1420.0,1430.0,4100
2010-05-31,975.4019165039062,1430.0,1470.0,1430.0,1440.0,2000
2010-06-01,995.8651733398438,1460.0,1460.0,1450.0,1450.0,1800
2010-06-02,975.4019165039062,1430.0,1430.0,1430.0,1430.0,400
2010-06-03,1002.6858520507812,1470.0,1470.0,1450.0,1460.0,1100
2010-06-04,995.8651733398438,1460.0,1470.0,1460.0,1470.0,0
2010-06-07,968.5809936523438,1420.0,1430.0,1420.0,1430.0,1300
2010-06-08,954.9392700195312,1400.0,1450.0,1400.0,1420.0,1200
2010-06-09,968.5809936523438,1420.0,1430.0,1400.0,1420.0,1400
2010-06-10,961.7601318359376,1410.0,1410.0,1400.0,1400.0,1000
2010-06-11,968.5809936523438,1420.0,1440.0,1420.0,1440.0,900
2010-06-14,982.2230834960938,1440.0,1440.0,1430.0,1430.0,1000
2010-06-15,989.0443115234376,1450.0,1450.0,1440.0,1450.0,1300
2010-06-16,1009.507080078125,1480.0,1490.0,1460.0,1460.0,2600
2010-06-17,1002.6858520507812,1470.0,1480.0,1470.0,1480.0,1200
2010-06-18,995.8651733398438,1460.0,1470.0,1460.0,1460.0,1000
2010-06-21,1016.3277587890624,1490.0,1490.0,1460.0,1490.0,2000
2010-06-22,1009.507080078125,1480.0,1480.0,1470.0,1470.0,900
2010-06-23,995.8651733398438,1460.0,1470.0,1450.0,1470.0,1600
2010-06-24,989.0443115234376,1450.0,1460.0,1430.0,1450.0,3000
2010-06-25,989.0443115234376,1450.0,1450.0,1450.0,1450.0,1200
2010-06-28,989.0443115234376,1450.0,1460.0,1450.0,1450.0,1600
2010-06-30,961.7601318359376,1410.0,1410.0,1400.0,1410.0,3000
2010-07-01,948.1181640625,1390.0,1410.0,1390.0,1400.0,1600
2010-07-02,954.9392700195312,1400.0,1400.0,1390.0,1390.0,1200
2010-07-05,961.7601318359376,1410.0,1410.0,1410.0,1410.0,400
2010-07-06,961.7601318359376,1410.0,1410.0,1410.0,1410.0,300
2010-07-07,968.5809936523438,1420.0,1420.0,1410.0,1410.0,800
2010-07-08,975.4019165039062,1430.0,1430.0,1420.0,1430.0,1600
2010-07-09,975.4019165039062,1430.0,1450.0,1430.0,1450.0,1400
2010-07-12,968.5809936523438,1420.0,1420.0,1420.0,1420.0,700
2010-07-13,948.1181640625,1390.0,1420.0,1390.0,1420.0,3600
2010-07-14,968.5809936523438,1420.0,1420.0,1400.0,1400.0,1400
2010-07-15,968.5809936523438,1420.0,1430.0,1420.0,1420.0,3800
2010-07-16,968.5809936523438,1420.0,1420.0,1420.0,1420.0,400
2010-07-21,954.9392700195312,1400.0,1400.0,1390.0,1400.0,600
2010-07-22,968.5809936523438,1420.0,1420.0,1380.0,1390.0,1900
2010-07-23,954.9392700195312,1400.0,1420.0,1380.0,1400.0,2600
2010-07-26,968.5809936523438,1420.0,1440.0,1420.0,1420.0,900
2010-07-27,975.4019165039062,1430.0,1440.0,1430.0,1440.0,600
2010-07-28,995.8651733398438,1460.0,1460.0,1430.0,1430.0,2500
2010-07-29,954.9392700195312,1400.0,1450.0,1380.0,1450.0,10200
2010-07-30,954.9392700195312,1400.0,1400.0,1390.0,1390.0,1300
2010-08-02,948.1181640625,1390.0,1400.0,1390.0,1390.0,1500
2010-08-03,941.297119140625,1380.0,1390.0,1380.0,1390.0,2300
2010-08-04,941.297119140625,1380.0,1390.0,1380.0,1380.0,1900
2010-08-05,941.297119140625,1380.0,1380.0,1380.0,1380.0,300
2010-08-06,934.4761352539062,1370.0,1380.0,1370.0,1380.0,300
2010-08-09,934.4761352539062,1370.0,1370.0,1360.0,1360.0,1100
2010-08-10,927.6551513671876,1360.0,1360.0,1360.0,1360.0,500
2010-08-11,907.1920776367188,1330.0,1350.0,1330.0,1350.0,6900
2010-08-12,900.3711547851562,1320.0,1340.0,1310.0,1310.0,1400
2010-08-13,893.5504150390625,1310.0,1320.0,1290.0,1320.0,7200
2010-08-16,879.9081420898438,1290.0,1310.0,1290.0,1310.0,3900
2010-08-17,879.9081420898438,1290.0,1300.0,1290.0,1300.0,2900
2010-08-18,879.9081420898438,1290.0,1300.0,1290.0,1300.0,1700
2010-08-19,893.5504150390625,1310.0,1310.0,1300.0,1300.0,600
2010-08-20,879.9081420898438,1290.0,1300.0,1290.0,1300.0,3900
2010-08-23,886.729248046875,1300.0,1310.0,1270.0,1310.0,5100
2010-08-24,873.0873413085938,1280.0,1280.0,1280.0,1280.0,1400
2010-08-25,859.4451293945312,1260.0,1280.0,1260.0,1270.0,2000
2010-08-26,873.0873413085938,1280.0,1280.0,1260.0,1260.0,1900
2010-08-27,879.9081420898438,1290.0,1290.0,1280.0,1280.0,800
2010-08-30,900.3711547851562,1320.0,1320.0,1290.0,1300.0,1300
2010-08-31,879.9081420898438,1290.0,1310.0,1290.0,1310.0,1300
2010-09-01,873.0873413085938,1280.0,1280.0,1270.0,1270.0,700
2010-09-02,866.2662353515625,1270.0,1290.0,1250.0,1290.0,4400
2010-09-03,866.2662353515625,1270.0,1280.0,1270.0,1270.0,1500
2010-09-06,879.9081420898438,1290.0,1290.0,1270.0,1270.0,500
2010-09-07,873.0873413085938,1280.0,1290.0,1270.0,1290.0,1100
2010-09-08,873.0873413085938,1280.0,1290.0,1270.0,1270.0,700
2010-09-09,873.0873413085938,1280.0,1290.0,1280.0,1290.0,0
2010-09-10,873.0873413085938,1280.0,1290.0,1280.0,1280.0,1100
2010-09-13,879.9081420898438,1290.0,1290.0,1290.0,1290.0,700
2010-09-14,879.9081420898438,1290.0,1290.0,1290.0,1290.0,500
2010-09-16,866.2662353515625,1270.0,1310.0,1270.0,1300.0,6500
2010-09-17,886.729248046875,1300.0,1300.0,1300.0,1300.0,600
2010-09-21,893.5504150390625,1310.0,1310.0,1300.0,1300.0,2800
2010-09-22,893.5504150390625,1310.0,1310.0,1300.0,1310.0,1400
2010-09-24,893.5504150390625,1310.0,1310.0,1310.0,1310.0,200
2010-09-27,900.3711547851562,1320.0,1320.0,1290.0,1320.0,1200
2010-09-28,879.5933227539062,1270.0,1280.0,1270.0,1280.0,2200
2010-09-29,872.6675415039062,1260.0,1270.0,1250.0,1260.0,4500
2010-09-30,865.7415771484375,1250.0,1260.0,1250.0,1260.0,900
2010-10-01,858.815673828125,1240.0,1240.0,1230.0,1230.0,4500
2010-10-04,844.9636840820312,1220.0,1240.0,1220.0,1240.0,3300
2010-10-05,844.9636840820312,1220.0,1230.0,1210.0,1220.0,2500
2010-10-06,858.815673828125,1240.0,1240.0,1210.0,1210.0,1700
2010-10-07,838.037841796875,1210.0,1220.0,1210.0,1220.0,4900
2010-10-08,838.037841796875,1210.0,1220.0,1200.0,1210.0,5400
2010-10-12,838.037841796875,1210.0,1210.0,1190.0,1190.0,2000
2010-10-13,824.1859741210938,1190.0,1190.0,1190.0,1190.0,400
2010-10-14,803.4082641601562,1160.0,1210.0,1160.0,1210.0,7000
2010-10-15,810.3341064453125,1170.0,1180.0,1170.0,1170.0,3300
2010-10-18,817.2600708007812,1180.0,1180.0,1170.0,1170.0,1300
2010-10-20,810.3341064453125,1170.0,1180.0,1170.0,1180.0,0
2010-10-21,803.4082641601562,1160.0,1180.0,1160.0,1180.0,1900
2010-10-22,803.4082641601562,1160.0,1160.0,1160.0,1160.0,700
2010-10-25,810.3341064453125,1170.0,1170.0,1160.0,1160.0,2700
2010-10-26,817.2600708007812,1180.0,1180.0,1170.0,1180.0,1500
2010-10-27,796.4822998046875,1150.0,1170.0,1150.0,1160.0,2700
2010-10-28,810.3341064453125,1170.0,1170.0,1150.0,1150.0,400
2010-10-29,810.3341064453125,1170.0,1170.0,1150.0,1150.0,500
2010-11-01,796.4822998046875,1150.0,1170.0,1150.0,1150.0,1300
2010-11-02,803.4082641601562,1160.0,1160.0,1150.0,1150.0,700
2010-11-04,810.3341064453125,1170.0,1170.0,1150.0,1160.0,600
2010-11-05,803.4082641601562,1160.0,1180.0,1160.0,1170.0,2300
2010-11-08,817.2600708007812,1180.0,1190.0,1170.0,1180.0,1400
2010-11-09,824.1859741210938,1190.0,1190.0,1180.0,1190.0,2000
2010-11-10,831.1119995117188,1200.0,1200.0,1190.0,1190.0,2100
2010-11-11,831.1119995117188,1200.0,1200.0,1190.0,1200.0,900
2010-11-12,824.1859741210938,1190.0,1210.0,1190.0,1200.0,1500
2010-11-15,817.2600708007812,1180.0,1190.0,1180.0,1190.0,1900
2010-11-16,831.1119995117188,1200.0,1200.0,1180.0,1190.0,1700
2010-11-17,824.1859741210938,1190.0,1190.0,1170.0,1170.0,800
2010-11-18,831.1119995117188,1200.0,1200.0,1180.0,1180.0,1300
2010-11-19,838.037841796875,1210.0,1220.0,1200.0,1210.0,5200
2010-11-22,844.9636840820312,1220.0,1220.0,1210.0,1210.0,1300
2010-11-24,844.9636840820312,1220.0,1220.0,1200.0,1210.0,1300
2010-11-25,844.9636840820312,1220.0,1240.0,1220.0,1230.0,1800
2010-11-26,851.8896484375,1230.0,1240.0,1230.0,1240.0,1900
2010-11-29,851.8896484375,1230.0,1230.0,1220.0,1230.0,2200
2010-11-30,851.8896484375,1230.0,1230.0,1230.0,1230.0,1600
2010-12-01,851.8896484375,1230.0,1230.0,1220.0,1230.0,1000
2010-12-02,872.6675415039062,1260.0,1260.0,1240.0,1240.0,1500
2010-12-03,865.7415771484375,1250.0,1260.0,1250.0,1260.0,3800
2010-12-06,872.6675415039062,1260.0,1260.0,1250.0,1250.0,500
2010-12-07,879.5933227539062,1270.0,1280.0,1270.0,1270.0,1800
2010-12-08,893.4452514648438,1290.0,1300.0,1280.0,1280.0,2100
2010-12-09,893.4452514648438,1290.0,1310.0,1280.0,1290.0,3100
2010-12-10,886.5192260742188,1280.0,1310.0,1270.0,1300.0,3000
2010-12-13,893.4452514648438,1290.0,1300.0,1270.0,1270.0,1400
2010-12-14,893.4452514648438,1290.0,1300.0,1290.0,1290.0,2000
2010-12-15,914.2229614257812,1320.0,1320.0,1300.0,1310.0,4000
2010-12-16,921.14892578125,1330.0,1330.0,1310.0,1330.0,2100
2010-12-17,921.14892578125,1330.0,1330.0,1320.0,1320.0,2100
2010-12-20,921.14892578125,1330.0,1340.0,1310.0,1340.0,4300
2010-12-21,907.297119140625,1310.0,1330.0,1310.0,1320.0,2000
2010-12-22,907.297119140625,1310.0,1320.0,1310.0,1320.0,500
2010-12-24,907.297119140625,1310.0,1310.0,1290.0,1290.0,3800
2010-12-27,907.297119140625,1310.0,1320.0,1310.0,1310.0,3100
2010-12-28,921.14892578125,1330.0,1330.0,1310.0,1310.0,800
2010-12-29,907.297119140625,1310.0,1310.0,1300.0,1300.0,1700
2010-12-30,900.3712158203125,1300.0,1310.0,1300.0,1300.0,800
2011-01-04,914.2229614257812,1320.0,1330.0,1310.0,1320.0,2300
2011-01-05,935.0007934570312,1350.0,1350.0,1320.0,1330.0,3100
2011-01-06,948.852783203125,1370.0,1370.0,1350.0,1350.0,3100
2011-01-07,948.852783203125,1370.0,1370.0,1360.0,1360.0,2700
2011-01-11,962.704345703125,1390.0,1420.0,1360.0,1360.0,7700
2011-01-12,976.5563354492188,1410.0,1410.0,1390.0,1400.0,6200
2011-01-13,976.5563354492188,1410.0,1430.0,1410.0,1420.0,6100
2011-01-14,983.4823608398438,1420.0,1430.0,1410.0,1410.0,5200
2011-01-17,997.3342895507812,1440.0,1450.0,1430.0,1430.0,3300
2011-01-18,997.3342895507812,1440.0,1440.0,1420.0,1430.0,1900
2011-01-19,1004.26025390625,1450.0,1470.0,1440.0,1440.0,13700
2011-01-20,997.3342895507812,1440.0,1450.0,1440.0,1450.0,1700
2011-01-21,969.6304931640624,1400.0,1440.0,1400.0,1440.0,4900
2011-01-24,962.704345703125,1390.0,1410.0,1370.0,1390.0,2000
2011-01-25,983.4823608398438,1420.0,1420.0,1400.0,1400.0,2700
2011-01-26,990.4083251953124,1430.0,1450.0,1430.0,1430.0,2300
2011-01-27,997.3342895507812,1440.0,1440.0,1430.0,1430.0,600
2011-01-28,990.4083251953124,1430.0,1430.0,1400.0,1430.0,700
2011-01-31,969.6304931640624,1400.0,1410.0,1380.0,1390.0,2500
2011-02-01,976.5563354492188,1410.0,1410.0,1400.0,1410.0,600
2011-02-02,997.3342895507812,1440.0,1450.0,1430.0,1430.0,4000
2011-02-03,983.4823608398438,1420.0,1440.0,1420.0,1430.0,400
2011-02-04,1011.18603515625,1460.0,1460.0,1440.0,1440.0,7600
2011-02-07,969.6304931640624,1400.0,1430.0,1380.0,1410.0,13100
2011-02-08,976.5563354492188,1410.0,1430.0,1400.0,1430.0,6000
2011-02-09,969.6304931640624,1400.0,1420.0,1400.0,1420.0,3200
2011-02-10,976.5563354492188,1410.0,1410.0,1400.0,1400.0,1800
2011-02-14,976.5563354492188,1410.0,1420.0,1400.0,1410.0,2800
2011-02-15,983.4823608398438,1420.0,1420.0,1410.0,1410.0,1400
2011-02-16,976.5563354492188,1410.0,1430.0,1410.0,1430.0,6300
2011-02-17,976.5563354492188,1410.0,1430.0,1410.0,1410.0,1100
2011-02-18,983.4823608398438,1420.0,1420.0,1390.0,1410.0,4900
2011-02-21,969.6304931640624,1400.0,1420.0,1400.0,1420.0,2900
2011-02-22,969.6304931640624,1400.0,1410.0,1380.0,1400.0,4300
2011-02-23,969.6304931640624,1400.0,1410.0,1400.0,1400.0,2400
2011-02-24,955.778564453125,1380.0,1400.0,1380.0,1400.0,2000
2011-02-25,955.778564453125,1380.0,1400.0,1380.0,1380.0,1800
2011-02-28,983.4823608398438,1420.0,1420.0,1380.0,1380.0,600
2011-03-01,983.4823608398438,1420.0,1420.0,1410.0,1420.0,2200
2011-03-02,976.5563354492188,1410.0,1420.0,1410.0,1410.0,1000
2011-03-03,969.6304931640624,1400.0,1410.0,1400.0,1410.0,200
2011-03-04,983.4823608398438,1420.0,1430.0,1420.0,1420.0,2300
2011-03-07,983.4823608398438,1420.0,1420.0,1420.0,1420.0,800
2011-03-08,976.5563354492188,1410.0,1410.0,1410.0,1410.0,100
2011-03-09,962.704345703125,1390.0,1410.0,1390.0,1410.0,2200
2011-03-10,962.704345703125,1390.0,1410.0,1390.0,1400.0,900
2011-03-11,962.704345703125,1390.0,1400.0,1390.0,1400.0,600
2011-03-14,948.852783203125,1370.0,1380.0,1280.0,1300.0,8000
2011-03-15,734.1488037109375,1060.0,1370.0,960.0,1370.0,13500
2011-03-16,838.037841796875,1210.0,1210.0,1060.0,1060.0,11200
2011-03-17,844.9636840820312,1220.0,1220.0,1120.0,1120.0,3400
2011-03-18,872.6675415039062,1260.0,1260.0,1170.0,1220.0,5000
2011-03-22,941.9267578125,1360.0,1360.0,1300.0,1310.0,7300
2011-03-23,990.4083251953124,1430.0,1460.0,1370.0,1410.0,17200
2011-03-24,997.3342895507812,1440.0,1440.0,1420.0,1430.0,4100
2011-03-25,1004.26025390625,1450.0,1480.0,1440.0,1440.0,9200
2011-03-28,1073.5196533203125,1550.0,1560.0,1460.0,1460.0,28400
2011-03-29,1059.39453125,1500.0,1540.0,1470.0,1540.0,6200
2011-03-30,1066.456787109375,1510.0,1550.0,1460.0,1460.0,13300
2011-03-31,1052.331787109375,1490.0,1530.0,1490.0,1520.0,3400
2011-04-01,1052.331787109375,1490.0,1500.0,1460.0,1500.0,2700
2011-04-04,1122.9580078125,1590.0,1600.0,1460.0,1470.0,29600
2011-04-05,1101.7701416015625,1560.0,1680.0,1530.0,1600.0,138400
2011-04-06,1080.5819091796875,1530.0,1580.0,1470.0,1560.0,19300
2011-04-07,1066.456787109375,1510.0,1550.0,1490.0,1550.0,6300
2011-04-08,1073.5194091796875,1520.0,1520.0,1480.0,1490.0,6300
2011-04-11,1073.5194091796875,1520.0,1530.0,1510.0,1530.0,3500
2011-04-12,1052.331787109375,1490.0,1520.0,1480.0,1520.0,4200
2011-04-13,1045.26904296875,1480.0,1490.0,1480.0,1490.0,4200
2011-04-14,1059.39453125,1500.0,1500.0,1480.0,1480.0,3200
2011-04-15,1066.456787109375,1510.0,1520.0,1500.0,1510.0,4300
2011-04-18,1066.456787109375,1510.0,1520.0,1510.0,1510.0,1600
2011-04-19,1045.26904296875,1480.0,1500.0,1480.0,1500.0,3600
2011-04-20,1052.331787109375,1490.0,1500.0,1480.0,1500.0,1600
2011-04-21,1045.26904296875,1480.0,1490.0,1460.0,1490.0,2400
2011-04-22,1031.1435546875,1460.0,1480.0,1450.0,1480.0,2800
2011-04-25,1031.1435546875,1460.0,1480.0,1460.0,1460.0,3500
2011-04-26,1038.2060546875,1470.0,1480.0,1470.0,1470.0,2700
2011-04-27,1038.2060546875,1470.0,1470.0,1460.0,1470.0,1800
2011-04-28,1031.1435546875,1460.0,1470.0,1460.0,1470.0,1600
2011-05-02,1038.2060546875,1470.0,1490.0,1460.0,1460.0,2100
2011-05-06,1038.2060546875,1470.0,1470.0,1450.0,1460.0,1600
2011-05-09,1031.1435546875,1460.0,1480.0,1450.0,1480.0,1000
2011-05-10,1024.0811767578125,1450.0,1460.0,1440.0,1460.0,2700
2011-05-11,1031.1435546875,1460.0,1460.0,1450.0,1450.0,1600
2011-05-12,1009.9559326171876,1430.0,1470.0,1420.0,1450.0,5200
2011-05-13,974.6426391601562,1380.0,1400.0,1380.0,1400.0,4200
2011-05-16,939.3294677734376,1330.0,1380.0,1320.0,1380.0,3900
2011-05-17,932.2669067382812,1320.0,1330.0,1320.0,1320.0,1200
2011-05-18,939.3294677734376,1330.0,1340.0,1330.0,1330.0,2400
2011-05-19,925.204345703125,1310.0,1310.0,1300.0,1310.0,700
2011-05-20,925.204345703125,1310.0,1310.0,1310.0,1310.0,900
2011-05-23,918.1417236328124,1300.0,1310.0,1300.0,1310.0,1600
2011-05-24,925.204345703125,1310.0,1310.0,1300.0,1300.0,600
2011-05-25,925.204345703125,1310.0,1320.0,1310.0,1320.0,500
2011-05-26,932.2669067382812,1320.0,1320.0,1310.0,1310.0,1100
2011-05-27,925.204345703125,1310.0,1320.0,1300.0,1320.0,1900
2011-05-30,918.1417236328124,1300.0,1320.0,1300.0,1320.0,700
2011-05-31,932.2669067382812,1320.0,1320.0,1300.0,1300.0,400
2011-06-01,932.2669067382812,1320.0,1320.0,1300.0,1310.0,1300
2011-06-02,925.204345703125,1310.0,1320.0,1300.0,1300.0,300
2011-06-03,918.1417236328124,1300.0,1300.0,1290.0,1290.0,1100
2011-06-06,911.0790405273438,1290.0,1300.0,1290.0,1300.0,900
2011-06-07,911.0790405273438,1290.0,1290.0,1290.0,1290.0,200
2011-06-08,918.1417236328124,1300.0,1300.0,1280.0,1300.0,500
2011-06-10,911.0790405273438,1290.0,1310.0,1290.0,1310.0,0
2011-06-13,925.204345703125,1310.0,1310.0,1310.0,1310.0,200
2011-06-14,932.2669067382812,1320.0,1320.0,1300.0,1300.0,600
2011-06-15,953.4547729492188,1350.0,1350.0,1330.0,1330.0,800
2011-06-16,953.4547729492188,1350.0,1350.0,1350.0,1350.0,1200
2011-06-17,939.3294677734376,1330.0,1370.0,1330.0,1350.0,2300
2011-06-20,939.3294677734376,1330.0,1330.0,1330.0,1330.0,100
2011-06-21,946.3920288085938,1340.0,1350.0,1330.0,1350.0,400
2011-06-22,960.5174560546876,1360.0,1370.0,1350.0,1360.0,2200
2011-06-23,974.6426391601562,1380.0,1380.0,1350.0,1350.0,1000
2011-06-24,981.7051391601562,1390.0,1390.0,1380.0,1380.0,1000
2011-06-27,1017.0186767578124,1440.0,1440.0,1400.0,1400.0,2600
2011-06-28,1017.0186767578124,1440.0,1440.0,1440.0,1440.0,4200
2011-06-29,995.83056640625,1410.0,1420.0,1380.0,1420.0,800
2011-06-30,967.5800170898438,1370.0,1380.0,1360.0,1360.0,2000
2011-07-01,974.6426391601562,1380.0,1390.0,1360.0,1390.0,2200
2011-07-04,974.6426391601562,1380.0,1380.0,1370.0,1380.0,3500
2011-07-05,974.6426391601562,1380.0,1380.0,1370.0,1370.0,1000
2011-07-06,981.7051391601562,1390.0,1390.0,1390.0,1390.0,400
2011-07-07,981.7051391601562,1390.0,1390.0,1390.0,1390.0,500
2011-07-08,981.7051391601562,1390.0,1390.0,1380.0,1390.0,1600
2011-07-11,981.7051391601562,1390.0,1390.0,1390.0,1390.0,600
2011-07-12,974.6426391601562,1380.0,1380.0,1380.0,1380.0,200
2011-07-13,967.5800170898438,1370.0,1370.0,1360.0,1360.0,2700
2011-07-14,967.5800170898438,1370.0,1370.0,1360.0,1360.0,1300
2011-07-15,988.7678833007812,1400.0,1400.0,1380.0,1380.0,3500
2011-07-19,981.7051391601562,1390.0,1390.0,1390.0,1390.0,200
2011-07-20,974.6426391601562,1380.0,1390.0,1350.0,1390.0,1800
2011-07-21,960.5174560546876,1360.0,1370.0,1360.0,1370.0,2000
2011-07-22,967.5800170898438,1370.0,1370.0,1340.0,1370.0,1900
2011-07-25,967.5800170898438,1370.0,1370.0,1370.0,1370.0,2800
2011-07-26,967.5800170898438,1370.0,1370.0,1370.0,1370.0,1300
2011-07-27,960.5174560546876,1360.0,1360.0,1360.0,1360.0,400
2011-07-28,932.2669067382812,1320.0,1350.0,1310.0,1350.0,3000
2011-07-29,932.2669067382812,1320.0,1340.0,1320.0,1330.0,1100
2011-08-01,932.2669067382812,1320.0,1330.0,1310.0,1310.0,2100
2011-08-02,918.1417236328124,1300.0,1320.0,1300.0,1320.0,2500
2011-08-03,918.1417236328124,1300.0,1300.0,1280.0,1280.0,2200
2011-08-04,911.0790405273438,1290.0,1300.0,1290.0,1290.0,700
2011-08-05,875.7659301757812,1240.0,1270.0,1200.0,1270.0,3600
2011-08-08,854.5780029296875,1210.0,1250.0,1210.0,1250.0,2500
2011-08-09,868.7033081054688,1230.0,1230.0,1160.0,1190.0,3500
2011-08-10,889.8911743164062,1260.0,1270.0,1260.0,1260.0,2500
2011-08-11,882.82861328125,1250.0,1260.0,1240.0,1240.0,700
2011-08-12,896.9537353515625,1270.0,1270.0,1260.0,1270.0,800
2011-08-15,911.0790405273438,1290.0,1300.0,1290.0,1300.0,700
2011-08-16,911.0790405273438,1290.0,1290.0,1290.0,1290.0,1200
2011-08-17,896.9537353515625,1270.0,1270.0,1270.0,1270.0,1400
2011-08-18,889.8911743164062,1260.0,1270.0,1260.0,1260.0,600
2011-08-19,875.7659301757812,1240.0,1250.0,1230.0,1230.0,1700
2011-08-22,861.640625,1220.0,1250.0,1220.0,1250.0,1400
2011-08-23,861.640625,1220.0,1220.0,1210.0,1210.0,800
2011-08-24,854.5780029296875,1210.0,1220.0,1210.0,1220.0,1000
2011-08-25,861.640625,1220.0,1230.0,1210.0,1230.0,3000
2011-08-26,861.640625,1220.0,1220.0,1220.0,1220.0,500
2011-08-29,882.82861328125,1250.0,1250.0,1250.0,1250.0,300
2011-08-30,875.7659301757812,1240.0,1250.0,1240.0,1250.0,500
2011-08-31,868.7033081054688,1230.0,1240.0,1230.0,1240.0,900
2011-09-01,875.7659301757812,1240.0,1250.0,1200.0,1250.0,2500
2011-09-02,875.7659301757812,1240.0,1240.0,1230.0,1240.0,800
2011-09-05,868.7033081054688,1230.0,1230.0,1220.0,1220.0,400
2011-09-06,854.5780029296875,1210.0,1210.0,1210.0,1210.0,600
2011-09-07,868.7033081054688,1230.0,1230.0,1230.0,1230.0,300
2011-09-08,868.7033081054688,1230.0,1230.0,1230.0,1230.0,200
2011-09-09,861.640625,1220.0,1230.0,1220.0,1230.0,0
2011-09-12,847.5155639648438,1200.0,1210.0,1200.0,1200.0,1400
2011-09-13,847.5155639648438,1200.0,1220.0,1200.0,1220.0,0
2011-09-14,854.5780029296875,1210.0,1210.0,1210.0,1210.0,300
2011-09-15,854.5780029296875,1210.0,1210.0,1200.0,1210.0,1400
2011-09-16,861.640625,1220.0,1230.0,1210.0,1220.0,1500
2011-09-20,861.640625,1220.0,1220.0,1220.0,1220.0,1400
2011-09-21,854.5780029296875,1210.0,1210.0,1210.0,1210.0,1100
2011-09-22,854.5780029296875,1210.0,1210.0,1210.0,1210.0,200
2011-09-26,847.5155639648438,1200.0,1210.0,1200.0,1210.0,3200
2011-09-27,861.640625,1220.0,1220.0,1200.0,1210.0,1600
2011-09-28,854.4603271484375,1190.0,1200.0,1190.0,1200.0,1900
2011-09-29,854.4603271484375,1190.0,1190.0,1180.0,1180.0,800
2011-09-30,854.4603271484375,1190.0,1190.0,1190.0,1190.0,800
2011-10-03,847.2799682617188,1180.0,1190.0,1170.0,1190.0,1200
2011-10-04,825.7391357421875,1150.0,1150.0,1140.0,1150.0,2100
2011-10-05,789.8372192382812,1100.0,1150.0,1100.0,1150.0,3000
2011-10-06,804.1978759765625,1120.0,1120.0,1120.0,1120.0,500
2011-10-07,804.1978759765625,1120.0,1130.0,1110.0,1120.0,3600
2011-10-11,811.3782348632812,1130.0,1130.0,1120.0,1120.0,1800
2011-10-12,811.3782348632812,1130.0,1130.0,1120.0,1120.0,300
2011-10-13,811.3782348632812,1130.0,1140.0,1120.0,1120.0,1400
2011-10-14,811.3782348632812,1130.0,1140.0,1130.0,1140.0,1100
2011-10-17,832.9193725585938,1160.0,1160.0,1140.0,1140.0,1300
2011-10-18,825.7391357421875,1150.0,1160.0,1140.0,1160.0,2400
2011-10-19,818.5587158203125,1140.0,1140.0,1140.0,1140.0,200
2011-10-20,804.1978759765625,1120.0,1150.0,1120.0,1150.0,1700
2011-10-21,804.1978759765625,1120.0,1150.0,1120.0,1120.0,1200
2011-10-24,797.0177001953125,1110.0,1130.0,1110.0,1120.0,1500
2011-10-25,818.5587158203125,1140.0,1140.0,1130.0,1130.0,2600
2011-10-26,818.5587158203125,1140.0,1140.0,1140.0,1140.0,2500
2011-10-27,811.3782348632812,1130.0,1130.0,1130.0,1130.0,500
2011-10-28,818.5587158203125,1140.0,1150.0,1140.0,1150.0,600
2011-10-31,818.5587158203125,1140.0,1140.0,1140.0,1140.0,0
2011-11-01,818.5587158203125,1140.0,1150.0,1140.0,1150.0,200
2011-11-02,811.3782348632812,1130.0,1130.0,1130.0,1130.0,300
2011-11-04,811.3782348632812,1130.0,1130.0,1120.0,1130.0,1300
2011-11-07,804.1978759765625,1120.0,1130.0,1120.0,1130.0,1200
2011-11-08,804.1978759765625,1120.0,1120.0,1120.0,1120.0,900
2011-11-09,811.3782348632812,1130.0,1140.0,1110.0,1120.0,2800
2011-11-10,804.1978759765625,1120.0,1130.0,1110.0,1110.0,2600
2011-11-11,797.0177001953125,1110.0,1110.0,1100.0,1110.0,3900
2011-11-14,811.3782348632812,1130.0,1130.0,1110.0,1110.0,3900
2011-11-15,804.1978759765625,1120.0,1130.0,1120.0,1130.0,1700
2011-11-16,811.3782348632812,1130.0,1130.0,1110.0,1110.0,2400
2011-11-17,789.8372192382812,1100.0,1130.0,1100.0,1130.0,600
2011-11-18,797.0177001953125,1110.0,1110.0,1110.0,1110.0,500
2011-11-21,797.0177001953125,1110.0,1120.0,1110.0,1110.0,900
2011-11-22,811.3782348632812,1130.0,1130.0,1120.0,1120.0,400
2011-11-24,811.3782348632812,1130.0,1130.0,1110.0,1130.0,2300
2011-11-25,797.0177001953125,1110.0,1140.0,1110.0,1130.0,4500
2011-11-28,811.3782348632812,1130.0,1130.0,1130.0,1130.0,600
2011-11-29,818.5587158203125,1140.0,1170.0,1130.0,1160.0,3100
2011-11-30,825.7391357421875,1150.0,1150.0,1140.0,1140.0,8400
2011-12-01,840.0995483398438,1170.0,1190.0,1160.0,1160.0,3900
2011-12-02,847.2799682617188,1180.0,1190.0,1180.0,1180.0,1900
2011-12-05,883.1817016601562,1230.0,1230.0,1200.0,1200.0,3100
2011-12-06,854.4603271484375,1190.0,1240.0,1180.0,1240.0,5500
2011-12-07,876.0011596679688,1220.0,1220.0,1210.0,1220.0,700
2011-12-08,861.6408081054688,1200.0,1210.0,1190.0,1210.0,1400
2011-12-09,861.6408081054688,1200.0,1200.0,1200.0,1200.0,200
2011-12-12,861.6408081054688,1200.0,1200.0,1200.0,1200.0,1300
2011-12-13,876.0011596679688,1220.0,1220.0,1200.0,1210.0,1000
2011-12-14,890.3619995117188,1240.0,1240.0,1220.0,1230.0,1000
2011-12-15,911.9028930664062,1270.0,1270.0,1240.0,1240.0,5000
2011-12-16,897.5423583984375,1250.0,1280.0,1240.0,1280.0,5400
2011-12-19,883.1817016601562,1230.0,1250.0,1220.0,1250.0,2100
2011-12-20,883.1817016601562,1230.0,1250.0,1230.0,1240.0,400
2011-12-21,861.6408081054688,1200.0,1240.0,1200.0,1230.0,1300
2011-12-22,876.0011596679688,1220.0,1220.0,1220.0,1220.0,200
2011-12-26,897.5423583984375,1250.0,1250.0,1220.0,1220.0,3500
2011-12-27,897.5423583984375,1250.0,1250.0,1250.0,1250.0,3600
2011-12-28,897.5423583984375,1250.0,1250.0,1250.0,1250.0,600
2011-12-29,897.5423583984375,1250.0,1250.0,1250.0,1250.0,100
2011-12-30,876.0011596679688,1220.0,1260.0,1180.0,1260.0,1600
2012-01-04,876.0011596679688,1220.0,1220.0,1200.0,1200.0,800
2012-01-05,911.9028930664062,1270.0,1300.0,1220.0,1220.0,8600
2012-01-06,904.72265625,1260.0,1270.0,1260.0,1270.0,2400
2012-01-10,904.72265625,1260.0,1280.0,1260.0,1260.0,900
2012-01-11,947.8045654296876,1320.0,1390.0,1300.0,1300.0,13600
2012-01-12,919.0831298828124,1280.0,1330.0,1280.0,1330.0,4300
2012-01-13,990.8867797851562,1380.0,1380.0,1270.0,1280.0,9200
2012-01-16,1112.9527587890625,1550.0,1550.0,1440.0,1450.0,68300
2012-01-17,1127.3131103515625,1570.0,1610.0,1510.0,1590.0,52400
2012-01-18,1062.690185546875,1480.0,1550.0,1460.0,1550.0,13300
2012-01-19,1062.690185546875,1480.0,1490.0,1420.0,1460.0,9600
2012-01-20,1019.60791015625,1420.0,1480.0,1390.0,1480.0,13500
2012-01-23,1012.4276123046876,1410.0,1430.0,1400.0,1430.0,18200
2012-01-24,1069.8704833984375,1490.0,1500.0,1420.0,1420.0,16900
2012-01-25,1048.329345703125,1460.0,1500.0,1450.0,1500.0,7500
2012-01-26,1048.329345703125,1460.0,1500.0,1460.0,1470.0,5500
2012-01-27,1048.329345703125,1460.0,1470.0,1460.0,1460.0,2200
2012-01-30,1041.149169921875,1450.0,1460.0,1440.0,1450.0,2200
2012-01-31,1041.149169921875,1450.0,1460.0,1440.0,1460.0,800
2012-02-01,1055.509765625,1470.0,1470.0,1450.0,1450.0,1700
2012-02-02,1041.149169921875,1450.0,1470.0,1440.0,1470.0,1500
2012-02-03,1012.4276123046876,1410.0,1440.0,1410.0,1430.0,4000
2012-02-06,1026.78857421875,1430.0,1440.0,1420.0,1430.0,1800
2012-02-07,1033.968994140625,1440.0,1440.0,1420.0,1440.0,1600
2012-02-08,1026.78857421875,1430.0,1430.0,1410.0,1410.0,5200
2012-02-09,1033.968994140625,1440.0,1440.0,1410.0,1420.0,4100
2012-02-10,1019.60791015625,1420.0,1430.0,1420.0,1430.0,2400
2012-02-13,1019.60791015625,1420.0,1420.0,1410.0,1420.0,1500
2012-02-14,1012.4276123046876,1410.0,1410.0,1410.0,1410.0,600
2012-02-15,1026.78857421875,1430.0,1430.0,1410.0,1410.0,2300
2012-02-16,1012.4276123046876,1410.0,1430.0,1410.0,1430.0,2700
2012-02-17,1012.4276123046876,1410.0,1430.0,1400.0,1430.0,4100
2012-02-20,1012.4276123046876,1410.0,1430.0,1410.0,1410.0,4200
2012-02-21,1005.2474975585938,1400.0,1410.0,1400.0,1410.0,1900
2012-02-22,1033.968994140625,1440.0,1440.0,1410.0,1420.0,2400
2012-02-23,1048.329345703125,1460.0,1460.0,1430.0,1450.0,3600
2012-02-24,1077.051025390625,1500.0,1510.0,1480.0,1480.0,14500
2012-02-27,1069.8704833984375,1490.0,1530.0,1490.0,1520.0,12200
2012-02-28,1055.509765625,1470.0,1480.0,1430.0,1480.0,6900
2012-02-29,1069.8704833984375,1490.0,1490.0,1460.0,1490.0,4200
2012-03-01,1041.149169921875,1450.0,1500.0,1450.0,1490.0,4900
2012-03-02,1041.149169921875,1450.0,1460.0,1450.0,1460.0,2000
2012-03-05,1048.329345703125,1460.0,1460.0,1450.0,1460.0,500
2012-03-06,1048.329345703125,1460.0,1470.0,1450.0,1450.0,1900
2012-03-07,1120.133056640625,1560.0,1560.0,1450.0,1450.0,29800
2012-03-08,1213.477294921875,1690.0,1720.0,1550.0,1570.0,177900
2012-03-09,1199.11669921875,1670.0,1680.0,1630.0,1680.0,57000
2012-03-12,1184.7559814453125,1650.0,1690.0,1650.0,1670.0,32800
2012-03-13,1184.7559814453125,1650.0,1670.0,1640.0,1660.0,10400
2012-03-14,1177.57568359375,1640.0,1660.0,1640.0,1650.0,9600
2012-03-15,1156.0343017578125,1610.0,1640.0,1600.0,1640.0,26500
2012-03-16,1163.21484375,1620.0,1620.0,1590.0,1600.0,12300
2012-03-19,1177.57568359375,1640.0,1640.0,1620.0,1640.0,7500
2012-03-21,1148.854248046875,1600.0,1640.0,1600.0,1620.0,10600
2012-03-22,1148.854248046875,1600.0,1610.0,1590.0,1600.0,2700
2012-03-23,1148.854248046875,1600.0,1600.0,1580.0,1600.0,3900
2012-03-26,1148.854248046875,1600.0,1610.0,1590.0,1600.0,3500
2012-03-27,1141.6739501953125,1590.0,1620.0,1580.0,1600.0,11700
2012-03-28,1119.7183837890625,1530.0,1560.0,1520.0,1520.0,9900
2012-03-29,1105.0816650390625,1510.0,1530.0,1500.0,1530.0,5300
2012-03-30,1105.0816650390625,1510.0,1510.0,1490.0,1510.0,5700
2012-04-02,1119.7183837890625,1530.0,1540.0,1520.0,1520.0,3500
2012-04-03,1105.0816650390625,1510.0,1530.0,1510.0,1530.0,1100
2012-04-04,1083.1263427734375,1480.0,1510.0,1460.0,1510.0,4200
2012-04-05,1083.1263427734375,1480.0,1480.0,1430.0,1460.0,4400
2012-04-06,1061.171142578125,1450.0,1470.0,1450.0,1460.0,2500
2012-04-09,1039.2156982421875,1420.0,1450.0,1420.0,1450.0,2100
2012-04-10,1039.2156982421875,1420.0,1430.0,1420.0,1420.0,1600
2012-04-11,1002.623779296875,1370.0,1400.0,1360.0,1400.0,6300
2012-04-12,1009.942138671875,1380.0,1390.0,1360.0,1380.0,5700
2012-04-13,1009.942138671875,1380.0,1400.0,1380.0,1380.0,2200
2012-04-16,1017.2604370117188,1390.0,1400.0,1390.0,1400.0,800
2012-04-17,1039.2156982421875,1420.0,1440.0,1390.0,1390.0,3000
2012-04-18,1053.85302734375,1440.0,1440.0,1430.0,1440.0,2100
2012-04-19,1053.85302734375,1440.0,1450.0,1440.0,1440.0,2300
2012-04-20,1039.2156982421875,1420.0,1430.0,1420.0,1430.0,500
2012-04-23,1046.534423828125,1430.0,1430.0,1420.0,1430.0,1600
2012-04-24,1024.5792236328125,1400.0,1410.0,1390.0,1400.0,2900
2012-04-25,1039.2156982421875,1420.0,1420.0,1410.0,1410.0,2400
2012-04-26,1046.534423828125,1430.0,1430.0,1430.0,1430.0,1700
2012-04-27,1053.85302734375,1440.0,1440.0,1440.0,1440.0,1500
2012-05-01,1024.5792236328125,1400.0,1440.0,1400.0,1440.0,3200
2012-05-02,1009.942138671875,1380.0,1390.0,1370.0,1380.0,3100
2012-05-07,966.0315551757812,1320.0,1360.0,1320.0,1360.0,4100
2012-05-08,973.3500366210938,1330.0,1330.0,1320.0,1320.0,700
2012-05-09,944.076416015625,1290.0,1300.0,1280.0,1300.0,3500
2012-05-10,944.076416015625,1290.0,1320.0,1280.0,1280.0,4100
2012-05-11,922.1212768554688,1260.0,1310.0,1260.0,1290.0,6100
2012-05-14,900.166015625,1230.0,1250.0,1230.0,1240.0,2900
2012-05-15,892.8473510742188,1220.0,1240.0,1180.0,1230.0,7800
2012-05-16,900.166015625,1230.0,1230.0,1190.0,1190.0,3900
2012-05-17,907.4843139648438,1240.0,1240.0,1210.0,1230.0,2400
2012-05-18,878.2107543945312,1200.0,1220.0,1190.0,1220.0,2700
2012-05-21,892.8473510742188,1220.0,1220.0,1200.0,1200.0,2800
2012-05-22,900.166015625,1230.0,1250.0,1230.0,1250.0,1200
2012-05-23,900.166015625,1230.0,1240.0,1220.0,1220.0,1600
2012-05-24,907.4843139648438,1240.0,1240.0,1220.0,1220.0,1900
2012-05-25,914.8028564453124,1250.0,1280.0,1240.0,1240.0,4400
2012-05-28,892.8473510742188,1220.0,1250.0,1200.0,1250.0,6500
2012-05-29,900.166015625,1230.0,1230.0,1220.0,1220.0,2400
2012-05-30,900.166015625,1230.0,1240.0,1230.0,1240.0,1100
2012-05-31,892.8473510742188,1220.0,1220.0,1210.0,1210.0,500
2012-06-01,892.8473510742188,1220.0,1230.0,1220.0,1220.0,300
2012-06-04,863.5737915039062,1180.0,1190.0,1170.0,1190.0,2400
2012-06-05,863.5737915039062,1180.0,1180.0,1150.0,1180.0,1100
2012-06-06,892.8473510742188,1220.0,1250.0,1180.0,1180.0,1300
2012-06-07,907.4843139648438,1240.0,1250.0,1240.0,1250.0,2000
2012-06-08,900.166015625,1230.0,1250.0,1230.0,1240.0,1500
2012-06-11,907.4843139648438,1240.0,1240.0,1230.0,1230.0,1100
2012-06-12,900.166015625,1230.0,1230.0,1210.0,1210.0,1800
2012-06-13,892.8473510742188,1220.0,1250.0,1220.0,1240.0,800
2012-06-14,892.8473510742188,1220.0,1220.0,1210.0,1210.0,200
2012-06-15,892.8473510742188,1220.0,1220.0,1220.0,1220.0,900
2012-06-18,914.8028564453124,1250.0,1250.0,1230.0,1240.0,900
2012-06-19,922.1212768554688,1260.0,1260.0,1260.0,1260.0,1000
2012-06-20,958.7133178710938,1310.0,1310.0,1280.0,1280.0,1600
2012-06-21,951.3949584960938,1300.0,1330.0,1300.0,1330.0,2100
2012-06-22,951.3949584960938,1300.0,1300.0,1270.0,1280.0,1500
2012-06-25,958.7133178710938,1310.0,1330.0,1300.0,1310.0,6500
2012-06-26,944.076416015625,1290.0,1300.0,1260.0,1300.0,2400
2012-06-27,958.7133178710938,1310.0,1310.0,1290.0,1290.0,1400
2012-06-28,951.3949584960938,1300.0,1320.0,1290.0,1320.0,1700
2012-06-29,958.7133178710938,1310.0,1310.0,1290.0,1290.0,1700
2012-07-02,958.7133178710938,1310.0,1330.0,1310.0,1320.0,2000
2012-07-03,951.3949584960938,1300.0,1320.0,1300.0,1300.0,3800
2012-07-04,951.3949584960938,1300.0,1320.0,1290.0,1300.0,1000
2012-07-05,944.076416015625,1290.0,1300.0,1270.0,1290.0,4400
2012-07-06,944.076416015625,1290.0,1310.0,1270.0,1270.0,1800
2012-07-09,936.7578125,1280.0,1290.0,1270.0,1270.0,2100
2012-07-10,922.1212768554688,1260.0,1270.0,1260.0,1270.0,700
2012-07-11,907.4843139648438,1240.0,1280.0,1230.0,1280.0,2500
2012-07-12,914.8028564453124,1250.0,1280.0,1240.0,1250.0,2400
2012-07-13,914.8028564453124,1250.0,1250.0,1240.0,1240.0,200
2012-07-17,951.3949584960938,1300.0,1300.0,1270.0,1270.0,2900
2012-07-18,951.3949584960938,1300.0,1320.0,1300.0,1300.0,5000
2012-07-19,966.0315551757812,1320.0,1320.0,1300.0,1320.0,2100
2012-07-20,980.6685180664062,1340.0,1360.0,1320.0,1320.0,6300
2012-07-23,944.076416015625,1290.0,1360.0,1290.0,1360.0,6400
2012-07-24,936.7578125,1280.0,1280.0,1280.0,1280.0,100
2012-07-25,944.076416015625,1290.0,1300.0,1290.0,1300.0,1300
2012-07-26,944.076416015625,1290.0,1300.0,1290.0,1300.0,600
2012-07-27,951.3949584960938,1300.0,1310.0,1290.0,1300.0,2500
2012-07-30,958.7133178710938,1310.0,1310.0,1300.0,1310.0,2000
2012-07-31,951.3949584960938,1300.0,1310.0,1280.0,1310.0,2700
2012-08-01,944.076416015625,1290.0,1300.0,1290.0,1300.0,400
2012-08-02,936.7578125,1280.0,1300.0,1280.0,1300.0,800
2012-08-03,944.076416015625,1290.0,1290.0,1280.0,1280.0,300
2012-08-06,936.7578125,1280.0,1280.0,1280.0,1280.0,600
2012-08-07,922.1212768554688,1260.0,1280.0,1260.0,1280.0,600
2012-08-08,936.7578125,1280.0,1310.0,1280.0,1280.0,2900
2012-08-09,936.7578125,1280.0,1280.0,1280.0,1280.0,0
2012-08-10,929.439453125,1270.0,1280.0,1260.0,1280.0,1000
2012-08-13,929.439453125,1270.0,1290.0,1250.0,1260.0,3200
2012-08-14,929.439453125,1270.0,1270.0,1270.0,1270.0,500
2012-08-15,936.7578125,1280.0,1290.0,1270.0,1290.0,2000
2012-08-16,929.439453125,1270.0,1280.0,1260.0,1280.0,900
2012-08-17,936.7578125,1280.0,1290.0,1260.0,1270.0,1900
2012-08-20,936.7578125,1280.0,1280.0,1270.0,1270.0,1600
2012-08-21,929.439453125,1270.0,1290.0,1270.0,1290.0,1200
2012-08-22,944.076416015625,1290.0,1290.0,1270.0,1270.0,200
2012-08-23,936.7578125,1280.0,1280.0,1250.0,1260.0,1200
2012-08-24,922.1212768554688,1260.0,1260.0,1250.0,1260.0,400
2012-08-27,922.1212768554688,1260.0,1260.0,1250.0,1260.0,3400
2012-08-28,914.8028564453124,1250.0,1280.0,1240.0,1250.0,1900
2012-08-29,900.166015625,1230.0,1240.0,1230.0,1240.0,1400
2012-08-30,900.166015625,1230.0,1260.0,1230.0,1260.0,1600
2012-08-31,892.8473510742188,1220.0,1250.0,1210.0,1250.0,900
2012-09-03,878.2107543945312,1200.0,1240.0,1170.0,1240.0,1400
2012-09-04,841.61865234375,1150.0,1200.0,1140.0,1190.0,3800
2012-09-05,856.2553100585938,1170.0,1180.0,1150.0,1150.0,1200
2012-09-06,848.93701171875,1160.0,1170.0,1160.0,1170.0,1000
2012-09-07,856.2553100585938,1170.0,1170.0,1160.0,1160.0,1600
2012-09-10,863.5737915039062,1180.0,1190.0,1160.0,1160.0,2700
2012-09-11,841.61865234375,1150.0,1170.0,1150.0,1150.0,2000
2012-09-12,848.93701171875,1160.0,1160.0,1140.0,1140.0,3100
2012-09-13,841.61865234375,1150.0,1170.0,1150.0,1160.0,1300
2012-09-14,870.8922119140625,1190.0,1190.0,1150.0,1150.0,4100
2012-09-18,870.8922119140625,1190.0,1200.0,1190.0,1190.0,1500
2012-09-19,885.529052734375,1210.0,1220.0,1190.0,1190.0,2700
2012-09-20,878.2107543945312,1200.0,1220.0,1200.0,1220.0,2900
2012-09-21,870.8922119140625,1190.0,1210.0,1170.0,1210.0,2300
2012-09-24,878.2107543945312,1200.0,1200.0,1170.0,1190.0,1600
2012-09-25,900.166015625,1230.0,1290.0,1190.0,1200.0,5200
2012-09-26,870.4083251953125,1170.0,1210.0,1170.0,1190.0,4500
2012-09-27,870.4083251953125,1170.0,1170.0,1170.0,1170.0,700
2012-09-28,862.968994140625,1160.0,1160.0,1160.0,1160.0,1400
2012-10-01,848.0902099609375,1140.0,1170.0,1130.0,1160.0,1200
2012-10-02,848.0902099609375,1140.0,1160.0,1130.0,1160.0,1200
2012-10-03,870.4083251953125,1170.0,1170.0,1150.0,1150.0,1800
2012-10-04,855.5296630859375,1150.0,1160.0,1150.0,1160.0,600
2012-10-05,862.968994140625,1160.0,1160.0,1150.0,1150.0,500
2012-10-09,855.5296630859375,1150.0,1150.0,1150.0,1150.0,200
2012-10-10,862.968994140625,1160.0,1160.0,1130.0,1140.0,1100
2012-10-11,840.6507568359375,1130.0,1130.0,1130.0,1130.0,1600
2012-10-12,855.5296630859375,1150.0,1150.0,1140.0,1140.0,200
2012-10-15,855.5296630859375,1150.0,1150.0,1150.0,1150.0,900
2012-10-16,855.5296630859375,1150.0,1180.0,1140.0,1180.0,3100
2012-10-17,855.5296630859375,1150.0,1150.0,1150.0,1150.0,700
2012-10-18,870.4083251953125,1170.0,1180.0,1150.0,1150.0,2100
2012-10-19,885.287109375,1190.0,1190.0,1190.0,1190.0,900
2012-10-22,885.287109375,1190.0,1190.0,1180.0,1180.0,900
2012-10-23,870.4083251953125,1170.0,1180.0,1170.0,1180.0,1100
2012-10-24,848.0902099609375,1140.0,1180.0,1140.0,1180.0,1200
2012-10-25,885.287109375,1190.0,1190.0,1160.0,1160.0,1900
2012-10-26,892.7266235351562,1200.0,1210.0,1200.0,1200.0,1600
2012-10-29,915.044677734375,1230.0,1230.0,1200.0,1200.0,500
2012-10-30,915.044677734375,1230.0,1230.0,1230.0,1230.0,2500
2012-10-31,915.044677734375,1230.0,1230.0,1190.0,1210.0,600
2012-11-01,892.7266235351562,1200.0,1230.0,1190.0,1230.0,900
2012-11-02,907.605224609375,1220.0,1220.0,1200.0,1200.0,1300
2012-11-05,892.7266235351562,1200.0,1220.0,1200.0,1200.0,700
2012-11-06,892.7266235351562,1200.0,1200.0,1170.0,1200.0,800
2012-11-07,885.287109375,1190.0,1200.0,1180.0,1200.0,1000
2012-11-08,885.287109375,1190.0,1200.0,1180.0,1190.0,1700
2012-11-09,877.8477172851562,1180.0,1200.0,1180.0,1190.0,400
2012-11-12,885.287109375,1190.0,1200.0,1190.0,1190.0,700
2012-11-13,877.8477172851562,1180.0,1200.0,1180.0,1200.0,1000
2012-11-14,870.4083251953125,1170.0,1180.0,1170.0,1180.0,400
2012-11-15,900.1659545898438,1210.0,1210.0,1200.0,1200.0,1400
2012-11-16,907.605224609375,1220.0,1220.0,1210.0,1220.0,800
2012-11-19,915.044677734375,1230.0,1240.0,1220.0,1240.0,3000
2012-11-20,915.044677734375,1230.0,1230.0,1230.0,1230.0,1500
2012-11-21,907.605224609375,1220.0,1240.0,1220.0,1230.0,1500
2012-11-22,922.4840698242188,1240.0,1240.0,1220.0,1220.0,1700
2012-11-26,944.8021240234376,1270.0,1270.0,1260.0,1260.0,3600
2012-11-27,937.3628540039062,1260.0,1280.0,1260.0,1270.0,4900
2012-11-28,937.3628540039062,1260.0,1270.0,1260.0,1270.0,200
2012-11-29,929.9234619140624,1250.0,1260.0,1240.0,1250.0,1500
2012-11-30,937.3628540039062,1260.0,1270.0,1170.0,1260.0,8800
2012-12-03,959.680908203125,1290.0,1320.0,1260.0,1260.0,9800
2012-12-04,1004.3172607421876,1350.0,1350.0,1300.0,1300.0,15000
2012-12-05,989.4385375976562,1330.0,1370.0,1330.0,1350.0,7900
2012-12-06,996.8778686523438,1340.0,1340.0,1330.0,1340.0,1800
2012-12-07,1011.7566528320312,1360.0,1360.0,1320.0,1320.0,5200
2012-12-10,1004.3172607421876,1350.0,1370.0,1340.0,1360.0,2100
2012-12-11,996.8778686523438,1340.0,1360.0,1340.0,1360.0,1900
2012-12-12,1026.6353759765625,1380.0,1380.0,1350.0,1350.0,3400
2012-12-13,1011.7566528320312,1360.0,1380.0,1360.0,1370.0,2100
2012-12-14,1011.7566528320312,1360.0,1360.0,1340.0,1350.0,3300
2012-12-17,1019.1961059570312,1370.0,1380.0,1370.0,1370.0,1500
2012-12-18,1056.3929443359375,1420.0,1420.0,1380.0,1380.0,4600
2012-12-19,1086.1505126953125,1460.0,1460.0,1420.0,1440.0,7100
2012-12-20,1063.8323974609375,1430.0,1450.0,1420.0,1450.0,7300
2012-12-21,1026.6353759765625,1380.0,1440.0,1370.0,1440.0,7000
2012-12-25,1048.9534912109375,1410.0,1430.0,1400.0,1410.0,3600
2012-12-26,1063.8323974609375,1430.0,1440.0,1420.0,1420.0,7100
2012-12-27,1078.711181640625,1450.0,1470.0,1450.0,1460.0,10000
2012-12-28,1167.98388671875,1570.0,1620.0,1550.0,1600.0,37700
2013-01-04,1190.3021240234375,1600.0,1630.0,1590.0,1620.0,16500
2013-01-07,1212.6201171875,1630.0,1640.0,1610.0,1630.0,16700
2013-01-08,1197.7412109375,1610.0,1620.0,1610.0,1620.0,13100
2013-01-09,1197.7412109375,1610.0,1610.0,1590.0,1610.0,5700
2013-01-10,1197.7412109375,1610.0,1620.0,1590.0,1610.0,5500
2013-01-11,1175.423095703125,1580.0,1620.0,1580.0,1620.0,6600
2013-01-15,1175.423095703125,1580.0,1620.0,1580.0,1620.0,6400
2013-01-16,1167.98388671875,1570.0,1580.0,1560.0,1570.0,3900
2013-01-17,1160.544677734375,1560.0,1590.0,1530.0,1570.0,5500
2013-01-18,1197.7412109375,1610.0,1610.0,1560.0,1560.0,8100
2013-01-21,1197.7412109375,1610.0,1610.0,1560.0,1560.0,2900
2013-01-22,1190.3021240234375,1600.0,1610.0,1600.0,1610.0,2800
2013-01-23,1167.98388671875,1570.0,1600.0,1570.0,1590.0,2300
2013-01-24,1175.423095703125,1580.0,1580.0,1530.0,1570.0,1900
2013-01-25,1190.3021240234375,1600.0,1610.0,1580.0,1580.0,6800
2013-01-28,1175.423095703125,1580.0,1610.0,1580.0,1610.0,4200
2013-01-29,1167.98388671875,1570.0,1580.0,1570.0,1570.0,2600
2013-01-30,1175.423095703125,1580.0,1590.0,1570.0,1570.0,1300
2013-01-31,1182.8626708984375,1590.0,1600.0,1590.0,1600.0,1500
2013-02-01,1182.8626708984375,1590.0,1610.0,1590.0,1600.0,4900
2013-02-04,1234.9383544921875,1660.0,1660.0,1610.0,1630.0,12500
2013-02-05,1212.6201171875,1630.0,1660.0,1620.0,1650.0,7200
2013-02-06,1227.4991455078125,1650.0,1680.0,1620.0,1650.0,14300
2013-02-07,1220.0596923828125,1640.0,1650.0,1620.0,1650.0,2100
2013-02-08,1175.423095703125,1580.0,1610.0,1560.0,1610.0,8600
2013-02-12,1160.544677734375,1560.0,1590.0,1560.0,1590.0,3500
2013-02-13,1130.786865234375,1520.0,1560.0,1520.0,1560.0,3100
2013-02-14,1123.347412109375,1510.0,1540.0,1490.0,1520.0,2300
2013-02-15,1093.58984375,1470.0,1510.0,1470.0,1510.0,2800
2013-02-18,1123.347412109375,1510.0,1510.0,1500.0,1500.0,1300
2013-02-19,1130.786865234375,1520.0,1540.0,1510.0,1510.0,1400
2013-02-20,1160.544677734375,1560.0,1570.0,1550.0,1550.0,1300
2013-02-21,1153.1053466796875,1550.0,1550.0,1550.0,1550.0,400
2013-02-22,1138.22607421875,1530.0,1550.0,1520.0,1540.0,500
2013-02-25,1175.423095703125,1580.0,1580.0,1540.0,1540.0,1600
2013-02-26,1160.544677734375,1560.0,1580.0,1560.0,1580.0,4000
2013-02-27,1175.423095703125,1580.0,1590.0,1550.0,1560.0,700
2013-02-28,1175.423095703125,1580.0,1590.0,1570.0,1580.0,700
2013-03-01,1182.8626708984375,1590.0,1590.0,1580.0,1590.0,500
2013-03-04,1182.8626708984375,1590.0,1600.0,1590.0,1590.0,1800
2013-03-05,1160.544677734375,1560.0,1590.0,1510.0,1590.0,4500
2013-03-06,1167.98388671875,1570.0,1570.0,1560.0,1560.0,2500
2013-03-07,1167.98388671875,1570.0,1570.0,1560.0,1570.0,5400
2013-03-08,1167.98388671875,1570.0,1580.0,1560.0,1580.0,1700
2013-03-11,1190.3021240234375,1600.0,1600.0,1570.0,1580.0,11600
2013-03-12,1182.8626708984375,1590.0,1610.0,1590.0,1600.0,2200
2013-03-13,1175.423095703125,1580.0,1590.0,1570.0,1590.0,1800
2013-03-14,1175.423095703125,1580.0,1580.0,1580.0,1580.0,800
2013-03-15,1175.423095703125,1580.0,1600.0,1570.0,1590.0,6500
2013-03-18,1153.1053466796875,1550.0,1580.0,1550.0,1580.0,6200
2013-03-19,1175.423095703125,1580.0,1580.0,1550.0,1580.0,3000
2013-03-21,1167.98388671875,1570.0,1580.0,1560.0,1570.0,5700
2013-03-22,1160.544677734375,1560.0,1570.0,1550.0,1560.0,4400
2013-03-25,1160.544677734375,1560.0,1570.0,1560.0,1560.0,4100
2013-03-26,1160.544677734375,1560.0,1560.0,1550.0,1560.0,2300
2013-03-27,1152.9591064453125,1520.0,1530.0,1510.0,1530.0,3300
2013-03-28,1099.8621826171875,1450.0,1500.0,1450.0,1500.0,4300
2013-03-29,1115.0333251953125,1470.0,1480.0,1460.0,1460.0,4000
2013-04-01,1061.9361572265625,1400.0,1470.0,1400.0,1470.0,5200
2013-04-02,1084.691650390625,1430.0,1430.0,1360.0,1400.0,2300
2013-04-03,1061.9361572265625,1400.0,1420.0,1390.0,1410.0,1200
2013-04-04,1092.2772216796875,1440.0,1440.0,1390.0,1390.0,1600
2013-04-05,1122.6182861328125,1480.0,1510.0,1440.0,1510.0,5500
2013-04-08,1107.4476318359375,1460.0,1480.0,1460.0,1470.0,1800
2013-04-09,1122.6182861328125,1480.0,1480.0,1450.0,1460.0,3000
2013-04-10,1130.2032470703125,1490.0,1520.0,1470.0,1470.0,5500
2013-04-11,1137.788818359375,1500.0,1500.0,1490.0,1500.0,1300
2013-04-12,1130.2032470703125,1490.0,1500.0,1480.0,1500.0,1200
2013-04-15,1122.6182861328125,1480.0,1520.0,1470.0,1490.0,3200
2013-04-16,1115.0333251953125,1470.0,1470.0,1450.0,1450.0,1100
2013-04-17,1122.6182861328125,1480.0,1490.0,1470.0,1490.0,800
2013-04-18,1122.6182861328125,1480.0,1480.0,1480.0,1480.0,1100
2013-04-19,1107.4476318359375,1460.0,1470.0,1450.0,1470.0,3900
2013-04-22,1115.0333251953125,1470.0,1480.0,1470.0,1470.0,1400
2013-04-23,1130.2032470703125,1490.0,1490.0,1470.0,1470.0,2000
2013-04-24,1145.3740234375,1510.0,1520.0,1500.0,1510.0,6700
2013-04-25,1145.3740234375,1510.0,1520.0,1510.0,1510.0,3600
2013-04-26,1137.788818359375,1500.0,1520.0,1500.0,1510.0,1700
2013-04-30,1137.788818359375,1500.0,1520.0,1480.0,1500.0,2600
2013-05-01,1137.788818359375,1500.0,1520.0,1500.0,1510.0,1300
2013-05-02,1130.2032470703125,1490.0,1510.0,1490.0,1510.0,2000
2013-05-07,1145.3740234375,1510.0,1530.0,1500.0,1520.0,2400
2013-05-08,1152.9591064453125,1520.0,1520.0,1500.0,1520.0,8100
2013-05-09,1152.9591064453125,1520.0,1550.0,1510.0,1530.0,7000
2013-05-10,1152.9591064453125,1520.0,1520.0,1510.0,1520.0,7100
2013-05-13,1152.9591064453125,1520.0,1520.0,1500.0,1520.0,6000
2013-05-14,1145.3740234375,1510.0,1520.0,1500.0,1510.0,3000
2013-05-15,1137.788818359375,1500.0,1520.0,1500.0,1520.0,9500
2013-05-16,1115.0333251953125,1470.0,1510.0,1470.0,1500.0,6000
2013-05-17,1122.6182861328125,1480.0,1490.0,1470.0,1480.0,1400
2013-05-20,1130.2032470703125,1490.0,1510.0,1490.0,1500.0,5900
2013-05-21,1168.1297607421875,1540.0,1540.0,1510.0,1510.0,13200
2013-05-22,1198.470703125,1580.0,1580.0,1550.0,1550.0,13200
2013-05-23,1152.9591064453125,1520.0,1590.0,1520.0,1580.0,11400
2013-05-24,1130.2032470703125,1490.0,1530.0,1490.0,1510.0,4200
2013-05-27,1130.2032470703125,1490.0,1510.0,1490.0,1490.0,6500
2013-05-28,1130.2032470703125,1490.0,1500.0,1490.0,1500.0,1800
2013-05-29,1130.2032470703125,1490.0,1510.0,1490.0,1500.0,2700
2013-05-30,1099.8621826171875,1450.0,1490.0,1450.0,1490.0,1900
2013-05-31,1130.2032470703125,1490.0,1490.0,1490.0,1490.0,400
2013-06-03,1115.0333251953125,1470.0,1490.0,1460.0,1490.0,1000
2013-06-04,1115.0333251953125,1470.0,1480.0,1450.0,1460.0,1100
2013-06-05,1092.2772216796875,1440.0,1450.0,1420.0,1420.0,2900
2013-06-06,1061.9361572265625,1400.0,1440.0,1380.0,1420.0,3100
2013-06-07,1016.4246215820312,1340.0,1370.0,1330.0,1360.0,4300
2013-06-10,1061.9361572265625,1400.0,1400.0,1360.0,1360.0,2800
2013-06-11,1061.9361572265625,1400.0,1410.0,1400.0,1400.0,900
2013-06-12,1061.9361572265625,1400.0,1400.0,1400.0,1400.0,100
2013-06-13,1054.3507080078125,1390.0,1400.0,1390.0,1400.0,200
2013-06-14,1077.1065673828125,1420.0,1420.0,1420.0,1420.0,500
2013-06-17,1077.1065673828125,1420.0,1420.0,1410.0,1420.0,1500
2013-06-18,1084.691650390625,1430.0,1430.0,1420.0,1420.0,1300
2013-06-19,1077.1065673828125,1420.0,1440.0,1410.0,1430.0,2000
2013-06-20,1077.1065673828125,1420.0,1420.0,1420.0,1420.0,1000
2013-06-21,1069.5213623046875,1410.0,1410.0,1380.0,1400.0,2000
2013-06-24,1084.691650390625,1430.0,1430.0,1420.0,1420.0,500
2013-06-25,1084.691650390625,1430.0,1430.0,1400.0,1430.0,6100
2013-06-26,1061.9361572265625,1400.0,1430.0,1390.0,1430.0,1000
2013-06-27,1061.9361572265625,1400.0,1420.0,1310.0,1420.0,2400
2013-06-28,1077.1065673828125,1420.0,1430.0,1420.0,1430.0,1300
2013-07-01,1107.4476318359375,1460.0,1460.0,1450.0,1450.0,1900
2013-07-02,1115.0333251953125,1470.0,1490.0,1470.0,1470.0,2700
2013-07-03,1115.0333251953125,1470.0,1470.0,1450.0,1470.0,1700
2013-07-04,1099.8621826171875,1450.0,1470.0,1450.0,1450.0,2200
2013-07-05,1107.4476318359375,1460.0,1510.0,1460.0,1460.0,5000
2013-07-08,1107.4476318359375,1460.0,1490.0,1460.0,1480.0,4500
2013-07-09,1107.4476318359375,1460.0,1490.0,1450.0,1460.0,1500
2013-07-10,1099.8621826171875,1450.0,1460.0,1450.0,1450.0,1500
2013-07-11,1122.6182861328125,1480.0,1480.0,1450.0,1450.0,1900
2013-07-12,1137.788818359375,1500.0,1500.0,1450.0,1490.0,6800
2013-07-16,1137.788818359375,1500.0,1520.0,1500.0,1510.0,13000
2013-07-17,1137.788818359375,1500.0,1500.0,1480.0,1500.0,6700
2013-07-18,1160.5445556640625,1530.0,1530.0,1500.0,1500.0,8800
2013-07-19,1137.788818359375,1500.0,1520.0,1490.0,1510.0,1900
2013-07-22,1137.788818359375,1500.0,1500.0,1500.0,1500.0,400
2013-07-23,1137.788818359375,1500.0,1520.0,1500.0,1510.0,1100
2013-07-24,1145.3740234375,1510.0,1510.0,1500.0,1510.0,1300
2013-07-25,1145.3740234375,1510.0,1510.0,1510.0,1510.0,3100
2013-07-26,1137.788818359375,1500.0,1510.0,1500.0,1510.0,3000
2013-07-29,1137.788818359375,1500.0,1500.0,1470.0,1500.0,1800
2013-07-30,1137.788818359375,1500.0,1500.0,1490.0,1500.0,800
2013-07-31,1130.2032470703125,1490.0,1490.0,1480.0,1480.0,400
2013-08-01,1122.6182861328125,1480.0,1500.0,1470.0,1500.0,1100
2013-08-02,1145.3740234375,1510.0,1510.0,1480.0,1490.0,3200
2013-08-05,1130.2032470703125,1490.0,1510.0,1490.0,1510.0,4300
2013-08-06,1122.6182861328125,1480.0,1480.0,1470.0,1470.0,500
2013-08-07,1115.0333251953125,1470.0,1480.0,1460.0,1480.0,1000
2013-08-08,1130.2032470703125,1490.0,1490.0,1480.0,1480.0,300
2013-08-09,1130.2032470703125,1490.0,1490.0,1460.0,1460.0,1100
2013-08-12,1115.0333251953125,1470.0,1490.0,1470.0,1490.0,1000
2013-08-13,1107.4476318359375,1460.0,1490.0,1460.0,1490.0,1600
2013-08-14,1115.0333251953125,1470.0,1480.0,1460.0,1480.0,1300
2013-08-15,1115.0333251953125,1470.0,1470.0,1440.0,1470.0,2200
2013-08-16,1115.0333251953125,1470.0,1470.0,1460.0,1460.0,200
2013-08-19,1115.0333251953125,1470.0,1470.0,1470.0,1470.0,200
2013-08-20,1107.4476318359375,1460.0,1470.0,1460.0,1470.0,500
2013-08-21,1099.8621826171875,1450.0,1470.0,1450.0,1470.0,800
2013-08-22,1099.8621826171875,1450.0,1470.0,1440.0,1440.0,1300
2013-08-23,1115.0333251953125,1470.0,1470.0,1470.0,1470.0,400
2013-08-26,1107.4476318359375,1460.0,1470.0,1460.0,1470.0,3100
2013-08-27,1099.8621826171875,1450.0,1460.0,1450.0,1460.0,300
2013-08-28,1084.691650390625,1430.0,1430.0,1430.0,1430.0,1000
2013-08-29,1084.691650390625,1430.0,1440.0,1430.0,1440.0,400
2013-08-30,1077.1065673828125,1420.0,1450.0,1420.0,1450.0,1100
2013-09-02,1077.1065673828125,1420.0,1430.0,1400.0,1430.0,2500
2013-09-03,1115.0333251953125,1470.0,1470.0,1420.0,1420.0,800
2013-09-04,1092.2772216796875,1440.0,1450.0,1430.0,1450.0,3200
2013-09-05,1092.2772216796875,1440.0,1440.0,1420.0,1440.0,3100
2013-09-06,1077.1065673828125,1420.0,1440.0,1420.0,1440.0,900
2013-09-09,1130.2032470703125,1490.0,1490.0,1470.0,1490.0,4400
2013-09-10,1183.3001708984375,1560.0,1580.0,1520.0,1540.0,25000
2013-09-11,1175.7149658203125,1550.0,1610.0,1500.0,1590.0,21500
2013-09-12,1190.885498046875,1570.0,1570.0,1540.0,1550.0,5900
2013-09-13,1160.5445556640625,1530.0,1570.0,1500.0,1570.0,7100
2013-09-17,1183.3001708984375,1560.0,1590.0,1540.0,1550.0,8600
2013-09-18,1190.885498046875,1570.0,1620.0,1560.0,1580.0,14200
2013-09-19,1213.641357421875,1600.0,1620.0,1580.0,1580.0,8700
2013-09-20,1281.9085693359375,1690.0,1740.0,1610.0,1620.0,52000
2013-09-24,1357.76123046875,1790.0,1790.0,1660.0,1670.0,47500
2013-09-25,1304.664306640625,1720.0,1780.0,1660.0,1770.0,24100
2013-09-26,1519.55029296875,1980.0,1980.0,1700.0,1700.0,182900
2013-09-27,1611.64404296875,2100.0,2290.0,2000.0,2100.0,287000
2013-09-30,1611.64404296875,2100.0,2190.0,1990.0,2020.0,46900
2013-10-01,1550.2481689453125,2020.0,2080.0,1980.0,2060.0,21600
2013-10-02,1458.1541748046875,1900.0,2030.0,1880.0,2020.0,25900
2013-10-03,1550.2481689453125,2020.0,2090.0,1860.0,1900.0,27100
2013-10-04,1527.2247314453125,1990.0,2060.0,1950.0,1960.0,15400
2013-10-07,1496.52685546875,1950.0,2040.0,1930.0,2040.0,17500
2013-10-08,1504.201171875,1960.0,1970.0,1880.0,1890.0,12500
2013-10-09,1519.55029296875,1980.0,1980.0,1910.0,1920.0,5800
2013-10-10,1527.2247314453125,1990.0,2010.0,1920.0,1950.0,18500
2013-10-11,1542.5738525390625,2010.0,2060.0,1980.0,1980.0,24800
2013-10-15,1511.875732421875,1970.0,2010.0,1960.0,2010.0,9100
2013-10-16,1519.55029296875,1980.0,1980.0,1950.0,1960.0,2400
2013-10-17,1504.201171875,1960.0,2000.0,1960.0,2000.0,6900
2013-10-18,1511.875732421875,1970.0,1990.0,1970.0,1970.0,7700
2013-10-21,1504.201171875,1960.0,1980.0,1950.0,1960.0,4900
2013-10-22,1519.55029296875,1980.0,2000.0,1940.0,1950.0,8200
2013-10-23,1496.52685546875,1950.0,1990.0,1950.0,1990.0,7100
2013-10-24,1511.875732421875,1970.0,1990.0,1960.0,1990.0,11000
2013-10-25,1527.2247314453125,1990.0,2070.0,1970.0,1970.0,36500
2013-10-28,1527.2247314453125,1990.0,2000.0,1960.0,2000.0,7000
2013-10-29,1573.271728515625,2050.0,2050.0,1990.0,1990.0,12000
2013-10-30,1534.8994140625,2000.0,2050.0,1980.0,2050.0,6600
2013-10-31,1511.875732421875,1970.0,2000.0,2000.0,2000.0,0
2013-11-01,1496.52685546875,1950.0,2000.0,1920.0,1970.0,5900
2013-11-05,1481.177734375,1930.0,1970.0,1860.0,1970.0,4100
2013-11-06,1465.828857421875,1910.0,1930.0,1880.0,1890.0,3800
2013-11-07,1450.47998046875,1890.0,1890.0,1880.0,1880.0,3500
2013-11-08,1465.828857421875,1910.0,1930.0,1870.0,1890.0,6500
2013-11-11,1450.47998046875,1890.0,1940.0,1870.0,1930.0,5500
2013-11-12,1473.50341796875,1920.0,1920.0,1890.0,1890.0,1200
2013-11-13,1419.78173828125,1850.0,1940.0,1840.0,1900.0,7800
2013-11-14,1458.1541748046875,1900.0,1910.0,1860.0,1860.0,3400
2013-11-15,1465.828857421875,1910.0,1930.0,1890.0,1900.0,4700
2013-11-18,1473.50341796875,1920.0,1940.0,1900.0,1910.0,1800
2013-11-19,1435.131103515625,1870.0,1900.0,1830.0,1890.0,6600
2013-11-20,1435.131103515625,1870.0,1870.0,1850.0,1860.0,1900
2013-11-21,1419.78173828125,1850.0,1860.0,1850.0,1850.0,1300
2013-11-22,1442.80517578125,1880.0,1880.0,1860.0,1880.0,2100
2013-11-25,1419.78173828125,1850.0,1880.0,1850.0,1880.0,7100
2013-11-26,1419.78173828125,1850.0,1850.0,1830.0,1840.0,1700
2013-11-27,1412.107666015625,1840.0,1850.0,1820.0,1820.0,3300
2013-11-28,1396.7581787109375,1820.0,1850.0,1800.0,1850.0,6500
2013-11-29,1396.7581787109375,1820.0,1840.0,1810.0,1810.0,1400
2013-12-02,1404.4327392578125,1830.0,1840.0,1810.0,1840.0,1500
2013-12-03,1404.4327392578125,1830.0,1850.0,1830.0,1840.0,3400
2013-12-04,1404.4327392578125,1830.0,1850.0,1820.0,1820.0,16400
2013-12-05,1404.4327392578125,1830.0,1850.0,1830.0,1840.0,3300
2013-12-06,1412.107666015625,1840.0,1840.0,1820.0,1830.0,2300
2013-12-09,1396.7581787109375,1820.0,1840.0,1820.0,1840.0,1800
2013-12-10,1381.4091796875,1800.0,1850.0,1800.0,1810.0,5800
2013-12-11,1358.3857421875,1770.0,1800.0,1770.0,1800.0,6700
2013-12-12,1343.036865234375,1750.0,1760.0,1730.0,1760.0,4100
2013-12-13,1327.68798828125,1730.0,1730.0,1700.0,1730.0,3100
2013-12-16,1343.036865234375,1750.0,1750.0,1730.0,1730.0,7100
2013-12-17,1389.083740234375,1810.0,1820.0,1760.0,1760.0,7500
2013-12-18,1389.083740234375,1810.0,1820.0,1800.0,1810.0,5200
2013-12-19,1358.3857421875,1770.0,1810.0,1770.0,1800.0,1900
2013-12-20,1381.4091796875,1800.0,1810.0,1770.0,1770.0,21300
2013-12-24,1366.0601806640625,1780.0,1800.0,1770.0,1800.0,7700
2013-12-25,1366.0601806640625,1780.0,1790.0,1780.0,1780.0,21100
2013-12-26,1435.131103515625,1870.0,1870.0,1790.0,1790.0,10500
2013-12-27,1435.131103515625,1870.0,1900.0,1870.0,1900.0,6900
2013-12-30,1465.828857421875,1910.0,1910.0,1870.0,1880.0,7000
2014-01-06,1481.177734375,1930.0,1930.0,1910.0,1920.0,3800
2014-01-07,1473.50341796875,1920.0,1940.0,1920.0,1940.0,1800
2014-01-08,1519.55029296875,1980.0,1990.0,1950.0,1950.0,8300
2014-01-09,1534.8994140625,2000.0,2000.0,1970.0,1980.0,3900
2014-01-10,1488.8521728515625,1940.0,1990.0,1930.0,1950.0,6800
2014-01-14,1458.1541748046875,1900.0,1930.0,1900.0,1930.0,4700
2014-01-15,1481.177734375,1930.0,1950.0,1900.0,1950.0,3800
2014-01-16,1473.50341796875,1920.0,1990.0,1900.0,1930.0,9400
2014-01-17,1481.177734375,1930.0,1940.0,1930.0,1930.0,5000
2014-01-20,1496.52685546875,1950.0,1950.0,1930.0,1930.0,4300
2014-01-21,1496.52685546875,1950.0,1980.0,1940.0,1960.0,11500
2014-01-22,1488.8521728515625,1940.0,1960.0,1920.0,1960.0,6300
2014-01-23,1458.1541748046875,1900.0,1980.0,1890.0,1950.0,13900
2014-01-24,1442.80517578125,1880.0,1910.0,1880.0,1890.0,4200
2014-01-27,1381.4091796875,1800.0,1880.0,1790.0,1880.0,12300
2014-01-28,1412.107666015625,1840.0,1840.0,1800.0,1800.0,5400
2014-01-29,1427.4560546875,1860.0,1870.0,1830.0,1860.0,5000
2014-01-30,1389.083740234375,1810.0,1850.0,1780.0,1850.0,4900
2014-01-31,1381.4091796875,1800.0,1860.0,1790.0,1830.0,6000
2014-02-03,1381.4091796875,1800.0,1880.0,1740.0,1770.0,15800
2014-02-04,1327.68798828125,1730.0,1740.0,1670.0,1690.0,12100
2014-02-05,1381.4091796875,1800.0,1800.0,1740.0,1770.0,15500
2014-02-06,1412.107666015625,1840.0,1840.0,1780.0,1810.0,9100
2014-02-07,1366.0601806640625,1780.0,1820.0,1750.0,1820.0,8800
2014-02-10,1366.0601806640625,1780.0,1800.0,1780.0,1790.0,4800
2014-02-12,1373.73486328125,1790.0,1810.0,1780.0,1810.0,3900
2014-02-13,1366.0601806640625,1780.0,1800.0,1770.0,1800.0,2300
2014-02-14,1343.036865234375,1750.0,1780.0,1730.0,1780.0,4900
2014-02-17,1350.71142578125,1760.0,1760.0,1730.0,1750.0,2400
2014-02-18,1350.71142578125,1760.0,1780.0,1700.0,1760.0,7200
2014-02-19,1350.71142578125,1760.0,1760.0,1750.0,1760.0,1800
2014-02-20,1335.3624267578125,1740.0,1760.0,1740.0,1740.0,1400
2014-02-21,1358.3857421875,1770.0,1770.0,1750.0,1770.0,600
2014-02-24,1381.4091796875,1800.0,1800.0,1770.0,1770.0,3400
2014-02-25,1389.083740234375,1810.0,1850.0,1800.0,1800.0,8800
2014-02-26,1373.73486328125,1790.0,1800.0,1790.0,1800.0,700
2014-02-27,1358.3857421875,1770.0,1790.0,1770.0,1790.0,1400
2014-02-28,1350.71142578125,1760.0,1770.0,1750.0,1770.0,1300
2014-03-03,1327.68798828125,1730.0,1760.0,1650.0,1750.0,7400
2014-03-04,1335.3624267578125,1740.0,1740.0,1700.0,1710.0,600
2014-03-05,1350.71142578125,1760.0,1770.0,1740.0,1750.0,2900
2014-03-06,1350.71142578125,1760.0,1760.0,1740.0,1750.0,400
2014-03-07,1366.0601806640625,1780.0,1780.0,1770.0,1770.0,1500
2014-03-10,1350.71142578125,1760.0,1790.0,1720.0,1780.0,1800
2014-03-11,1373.73486328125,1790.0,1790.0,1780.0,1780.0,1100
2014-03-12,1381.4091796875,1800.0,1800.0,1780.0,1790.0,1400
2014-03-13,1358.3857421875,1770.0,1790.0,1770.0,1790.0,600
2014-03-14,1335.3624267578125,1740.0,1780.0,1740.0,1740.0,1700
2014-03-17,1312.3387451171875,1710.0,1790.0,1710.0,1740.0,2400
2014-03-18,1350.71142578125,1760.0,1760.0,1710.0,1730.0,4300
2014-03-19,1320.013427734375,1720.0,1780.0,1710.0,1760.0,5300
2014-03-20,1296.98974609375,1690.0,1740.0,1690.0,1730.0,3400
2014-03-24,1289.3155517578125,1680.0,1700.0,1660.0,1680.0,9500
2014-03-25,1304.6641845703125,1700.0,1730.0,1680.0,1680.0,7000
2014-03-26,1312.3387451171875,1710.0,1730.0,1700.0,1700.0,3300
2014-03-27,1312.3389892578125,1680.0,1720.0,1670.0,1710.0,6000
2014-03-28,1312.3389892578125,1680.0,1690.0,1670.0,1680.0,3100
2014-03-31,1335.7734375,1710.0,1730.0,1690.0,1690.0,5300
2014-04-01,1343.5850830078125,1720.0,1730.0,1710.0,1710.0,5600
2014-04-02,1359.2080078125,1740.0,1770.0,1730.0,1730.0,4700
2014-04-03,1367.01953125,1750.0,1750.0,1750.0,1750.0,500
2014-04-04,1374.831298828125,1760.0,1770.0,1730.0,1730.0,800
2014-04-07,1374.831298828125,1760.0,1760.0,1760.0,1760.0,400
2014-04-08,1367.01953125,1750.0,1750.0,1740.0,1740.0,500
2014-04-09,1312.3389892578125,1680.0,1750.0,1680.0,1750.0,2300
2014-04-10,1312.3389892578125,1680.0,1720.0,1680.0,1720.0,1700
2014-04-11,1312.3389892578125,1680.0,1680.0,1660.0,1670.0,1300
2014-04-15,1320.1502685546875,1690.0,1710.0,1690.0,1710.0,2400
2014-04-16,1335.7734375,1710.0,1720.0,1690.0,1720.0,1800
2014-04-17,1320.1502685546875,1690.0,1710.0,1680.0,1710.0,3700
2014-04-18,1312.3389892578125,1680.0,1690.0,1680.0,1690.0,500
2014-04-21,1320.1502685546875,1690.0,1700.0,1690.0,1690.0,1600
2014-04-22,1320.1502685546875,1690.0,1690.0,1690.0,1690.0,1200
2014-04-23,1320.1502685546875,1690.0,1690.0,1690.0,1690.0,400
2014-04-24,1327.9617919921875,1700.0,1730.0,1690.0,1690.0,2300
2014-04-25,1335.7734375,1710.0,1710.0,1660.0,1700.0,2900
2014-04-28,1312.3389892578125,1680.0,1680.0,1670.0,1680.0,1100
2014-04-30,1312.3389892578125,1680.0,1680.0,1670.0,1670.0,400
2014-05-01,1320.1502685546875,1690.0,1700.0,1680.0,1680.0,1300
2014-05-02,1320.1502685546875,1690.0,1690.0,1680.0,1690.0,900
2014-05-07,1312.3389892578125,1680.0,1690.0,1680.0,1690.0,1500
2014-05-08,1304.52734375,1670.0,1710.0,1670.0,1680.0,1900
2014-05-09,1312.3389892578125,1680.0,1710.0,1670.0,1670.0,1500
2014-05-12,1296.715576171875,1660.0,1680.0,1660.0,1680.0,2500
2014-05-13,1281.0926513671875,1640.0,1660.0,1640.0,1650.0,3000
2014-05-14,1288.9041748046875,1650.0,1650.0,1630.0,1640.0,1000
2014-05-15,1288.9041748046875,1650.0,1650.0,1650.0,1650.0,900
2014-05-16,1265.469482421875,1620.0,1650.0,1620.0,1650.0,2000
2014-05-19,1273.28125,1630.0,1640.0,1630.0,1630.0,1000
2014-05-20,1273.28125,1630.0,1630.0,1610.0,1610.0,1800
2014-05-21,1273.28125,1630.0,1630.0,1610.0,1620.0,1200
2014-05-22,1288.9041748046875,1650.0,1650.0,1630.0,1650.0,1300
2014-05-23,1288.9041748046875,1650.0,1650.0,1640.0,1640.0,400
2014-05-26,1312.3389892578125,1680.0,1680.0,1650.0,1650.0,3200
2014-05-27,1327.9617919921875,1700.0,1710.0,1700.0,1700.0,2100
2014-05-28,1343.5850830078125,1720.0,1730.0,1710.0,1710.0,3300
2014-05-29,1359.2080078125,1740.0,1740.0,1730.0,1740.0,1600
2014-05-30,1351.3966064453125,1730.0,1760.0,1730.0,1760.0,2000
2014-06-02,1367.01953125,1750.0,1750.0,1720.0,1750.0,2500
2014-06-03,1359.2080078125,1740.0,1760.0,1720.0,1740.0,1800
2014-06-04,1351.3966064453125,1730.0,1730.0,1720.0,1730.0,2300
2014-06-05,1367.01953125,1750.0,1750.0,1720.0,1730.0,800
2014-06-09,1343.5850830078125,1720.0,1740.0,1720.0,1730.0,1000
2014-06-10,1343.5850830078125,1720.0,1740.0,1720.0,1730.0,1400
2014-06-11,1351.3966064453125,1730.0,1750.0,1730.0,1730.0,1400
2014-06-12,1343.5850830078125,1720.0,1730.0,1720.0,1730.0,900
2014-06-13,1359.2080078125,1740.0,1740.0,1730.0,1730.0,600
2014-06-16,1351.3966064453125,1730.0,1730.0,1730.0,1730.0,2300
2014-06-17,1359.2080078125,1740.0,1740.0,1730.0,1730.0,900
2014-06-18,1359.2080078125,1740.0,1750.0,1730.0,1730.0,2900
2014-06-19,1382.6427001953125,1770.0,1770.0,1740.0,1740.0,5500
2014-06-20,1382.6427001953125,1770.0,1780.0,1760.0,1770.0,5500
2014-06-23,1390.4542236328125,1780.0,1780.0,1760.0,1770.0,4500
2014-06-24,1382.6427001953125,1770.0,1770.0,1750.0,1760.0,2200
2014-06-25,1351.3966064453125,1730.0,1770.0,1730.0,1770.0,10200
2014-06-26,1351.3966064453125,1730.0,1730.0,1730.0,1730.0,3200
2014-06-27,1359.2080078125,1740.0,1740.0,1730.0,1730.0,1500
2014-06-30,1343.5850830078125,1720.0,1730.0,1720.0,1720.0,900
2014-07-01,1351.3966064453125,1730.0,1740.0,1720.0,1730.0,3400
2014-07-02,1359.2080078125,1740.0,1750.0,1730.0,1740.0,2000
2014-07-03,1398.2657470703125,1790.0,1820.0,1740.0,1740.0,144500
2014-07-04,1406.0772705078125,1800.0,1940.0,1780.0,1820.0,271600
2014-07-07,1398.2657470703125,1790.0,1840.0,1780.0,1840.0,40500
2014-07-08,1452.9462890625,1860.0,2080.0,1770.0,1790.0,315700
2014-07-09,1406.0772705078125,1800.0,1830.0,1790.0,1810.0,33600
2014-07-10,1398.2657470703125,1790.0,1860.0,1770.0,1820.0,50900
2014-07-11,1382.6427001953125,1770.0,1780.0,1740.0,1750.0,17600
2014-07-14,1406.0772705078125,1800.0,1830.0,1760.0,1770.0,22700
2014-07-15,1406.0772705078125,1800.0,1820.0,1780.0,1810.0,15100
2014-07-16,1382.6427001953125,1770.0,1790.0,1770.0,1790.0,11300
2014-07-17,1382.6427001953125,1770.0,1780.0,1750.0,1780.0,17700
2014-07-18,1367.01953125,1750.0,1770.0,1750.0,1750.0,9200
2014-07-22,1398.2657470703125,1790.0,1800.0,1750.0,1750.0,15000
2014-07-23,1398.2657470703125,1790.0,1790.0,1780.0,1780.0,2800
2014-07-24,1398.2657470703125,1790.0,1800.0,1790.0,1800.0,4300
2014-07-25,1406.0772705078125,1800.0,1810.0,1760.0,1800.0,36200
2014-07-28,1515.438720703125,1940.0,1940.0,1810.0,1810.0,135500
2014-07-29,1577.93115234375,2020.0,2020.0,1910.0,1950.0,148100
2014-07-30,1492.00439453125,1910.0,2010.0,1900.0,2000.0,114300
2014-07-31,1437.32373046875,1840.0,1940.0,1840.0,1930.0,55800
2014-08-01,1437.32373046875,1840.0,1880.0,1820.0,1840.0,35800
2014-08-04,1429.5118408203125,1830.0,1830.0,1810.0,1820.0,12100
2014-08-05,1413.8887939453125,1810.0,1840.0,1810.0,1830.0,15300
2014-08-06,1413.8887939453125,1810.0,1820.0,1780.0,1820.0,8400
2014-08-07,1413.8887939453125,1810.0,1810.0,1790.0,1790.0,3700
2014-08-08,1351.3966064453125,1730.0,1780.0,1710.0,1770.0,19600
2014-08-11,1367.01953125,1750.0,1780.0,1730.0,1750.0,6700
2014-08-12,1374.831298828125,1760.0,1770.0,1750.0,1750.0,4200
2014-08-13,1382.6427001953125,1770.0,1780.0,1750.0,1770.0,3900
2014-08-14,1367.01953125,1750.0,1780.0,1750.0,1770.0,4400
2014-08-15,1382.6427001953125,1770.0,1780.0,1750.0,1750.0,3100
2014-08-18,1367.01953125,1750.0,1780.0,1750.0,1780.0,9300
2014-08-19,1374.831298828125,1760.0,1770.0,1750.0,1760.0,5200
2014-08-20,1374.831298828125,1760.0,1780.0,1760.0,1770.0,5700
2014-08-21,1382.6427001953125,1770.0,1790.0,1760.0,1770.0,6500
2014-08-22,1382.6427001953125,1770.0,1790.0,1770.0,1790.0,6200
2014-08-25,1382.6427001953125,1770.0,1780.0,1750.0,1780.0,12500
2014-08-26,1390.4542236328125,1780.0,1790.0,1770.0,1780.0,7000
2014-08-27,1398.2657470703125,1790.0,1800.0,1780.0,1780.0,4700
2014-08-28,1452.9462890625,1860.0,1900.0,1800.0,1800.0,43300
2014-08-29,1437.32373046875,1840.0,1870.0,1820.0,1860.0,13000
2014-09-01,1476.3814697265625,1890.0,1900.0,1840.0,1860.0,16600
2014-09-02,1452.9462890625,1860.0,1900.0,1860.0,1900.0,10900
2014-09-03,1445.135009765625,1850.0,1880.0,1840.0,1870.0,4800
2014-09-04,1429.5118408203125,1830.0,1850.0,1820.0,1850.0,10100
2014-09-05,1437.32373046875,1840.0,1840.0,1820.0,1830.0,4600
2014-09-08,1437.32373046875,1840.0,1850.0,1820.0,1820.0,4100
2014-09-09,1437.32373046875,1840.0,1850.0,1840.0,1850.0,2800
2014-09-10,1413.8887939453125,1810.0,1840.0,1800.0,1840.0,10600
2014-09-11,1445.135009765625,1850.0,1890.0,1830.0,1890.0,35000
2014-09-12,1421.700439453125,1820.0,1850.0,1820.0,1850.0,10200
2014-09-17,1421.700439453125,1820.0,1820.0,1810.0,1810.0,5400
2014-09-18,1413.8887939453125,1810.0,1830.0,1810.0,1830.0,5200
2014-09-19,1429.5118408203125,1830.0,1840.0,1820.0,1820.0,2800
2014-09-22,1421.700439453125,1820.0,1840.0,1810.0,1840.0,7700
2014-09-24,1421.700439453125,1820.0,1820.0,1810.0,1810.0,3600
2014-09-25,1437.32373046875,1840.0,1840.0,1820.0,1820.0,5800
2014-09-26,1437.3236083984375,1820.0,1830.0,1820.0,1830.0,4100
2014-09-29,1453.118408203125,1840.0,1840.0,1820.0,1840.0,3900
2014-09-30,1429.4261474609375,1810.0,1830.0,1810.0,1830.0,3100
2014-10-01,1405.7340087890625,1780.0,1800.0,1770.0,1800.0,10500
2014-10-02,1366.2469482421875,1730.0,1760.0,1730.0,1750.0,6200
2014-10-03,1366.2469482421875,1730.0,1740.0,1720.0,1730.0,5100
2014-10-06,1397.836669921875,1770.0,1770.0,1760.0,1760.0,2200
2014-10-07,1374.144287109375,1740.0,1760.0,1740.0,1760.0,1500
2014-10-08,1366.2469482421875,1730.0,1730.0,1720.0,1730.0,3200
2014-10-09,1358.3497314453125,1720.0,1740.0,1720.0,1740.0,1200
2014-10-10,1326.76025390625,1680.0,1700.0,1660.0,1680.0,12600
2014-10-14,1303.06787109375,1650.0,1660.0,1620.0,1650.0,6400
2014-10-15,1310.9652099609375,1660.0,1670.0,1640.0,1650.0,5000
2014-10-16,1271.478515625,1610.0,1640.0,1610.0,1640.0,4400
2014-10-17,1263.581298828125,1600.0,1620.0,1600.0,1610.0,5100
2014-10-20,1310.9652099609375,1660.0,1660.0,1630.0,1630.0,4000
2014-10-21,1295.1707763671875,1640.0,1670.0,1640.0,1670.0,1900
2014-10-22,1318.86279296875,1670.0,1670.0,1650.0,1650.0,2300
2014-10-23,1310.9652099609375,1660.0,1680.0,1660.0,1670.0,1000
2014-10-24,1318.86279296875,1670.0,1690.0,1650.0,1680.0,8800
2014-10-27,1326.76025390625,1680.0,1680.0,1670.0,1670.0,2000
2014-10-28,1326.76025390625,1680.0,1700.0,1680.0,1680.0,5200
2014-10-29,1334.6573486328125,1690.0,1710.0,1670.0,1680.0,3700
2014-10-30,1334.6573486328125,1690.0,1700.0,1680.0,1700.0,1500
2014-10-31,1358.3497314453125,1720.0,1720.0,1690.0,1700.0,3300
2014-11-04,1366.2469482421875,1730.0,1760.0,1730.0,1740.0,7800
2014-11-05,1366.2469482421875,1730.0,1730.0,1710.0,1730.0,3500
2014-11-06,1358.3497314453125,1720.0,1750.0,1680.0,1740.0,7500
2014-11-07,1366.2469482421875,1730.0,1730.0,1710.0,1710.0,2200
2014-11-10,1366.2469482421875,1730.0,1730.0,1730.0,1730.0,2500
2014-11-11,1350.4522705078125,1710.0,1730.0,1710.0,1730.0,4200
2014-11-12,1342.5548095703125,1700.0,1730.0,1700.0,1720.0,4200
2014-11-13,1334.6573486328125,1690.0,1700.0,1690.0,1700.0,4000
2014-11-14,1342.5548095703125,1700.0,1700.0,1680.0,1690.0,3600
2014-11-17,1326.76025390625,1680.0,1700.0,1680.0,1700.0,2600
2014-11-18,1318.86279296875,1670.0,1690.0,1650.0,1680.0,4800
2014-11-19,1342.5548095703125,1700.0,1720.0,1670.0,1690.0,10900
2014-11-20,1326.76025390625,1680.0,1700.0,1670.0,1690.0,5000
2014-11-21,1334.6573486328125,1690.0,1690.0,1680.0,1680.0,1600
2014-11-25,1342.5548095703125,1700.0,1710.0,1690.0,1690.0,5300
2014-11-26,1350.4522705078125,1710.0,1710.0,1700.0,1710.0,5600
2014-11-27,1334.6573486328125,1690.0,1710.0,1690.0,1710.0,5000
2014-11-28,1374.144287109375,1740.0,1740.0,1690.0,1690.0,17000
2014-12-01,1366.2469482421875,1730.0,1740.0,1720.0,1740.0,14300
2014-12-02,1374.144287109375,1740.0,1740.0,1720.0,1730.0,7300
2014-12-03,1350.4522705078125,1710.0,1750.0,1710.0,1740.0,11800
2014-12-04,1374.144287109375,1740.0,1740.0,1720.0,1720.0,6800
2014-12-05,1366.2469482421875,1730.0,1740.0,1720.0,1740.0,4900
2014-12-08,1382.0416259765625,1750.0,1760.0,1730.0,1730.0,8000
2014-12-09,1374.144287109375,1740.0,1760.0,1740.0,1740.0,6900
2014-12-10,1358.3497314453125,1720.0,1740.0,1710.0,1740.0,6800
2014-12-11,1358.3497314453125,1720.0,1720.0,1700.0,1700.0,2200
2014-12-12,1366.2469482421875,1730.0,1730.0,1710.0,1710.0,7700
2014-12-15,1358.3497314453125,1720.0,1730.0,1720.0,1730.0,5900
2014-12-16,1342.5548095703125,1700.0,1710.0,1680.0,1710.0,5100
2014-12-17,1326.76025390625,1680.0,1700.0,1680.0,1700.0,10000
2014-12-18,1350.4522705078125,1710.0,1710.0,1690.0,1690.0,2600
2014-12-19,1350.4522705078125,1710.0,1710.0,1690.0,1690.0,18800
2014-12-22,1350.4522705078125,1710.0,1710.0,1700.0,1710.0,7800
2014-12-24,1366.2469482421875,1730.0,1730.0,1710.0,1720.0,8200
2014-12-25,1366.2469482421875,1730.0,1740.0,1720.0,1730.0,20500
2014-12-26,1382.0416259765625,1750.0,1760.0,1720.0,1730.0,26200
2014-12-29,1382.0416259765625,1750.0,1770.0,1730.0,1750.0,15800
2014-12-30,1382.0416259765625,1750.0,1770.0,1740.0,1760.0,6300
2015-01-05,1366.2469482421875,1730.0,1760.0,1730.0,1750.0,16100
2015-01-06,1358.3497314453125,1720.0,1730.0,1720.0,1730.0,6100
2015-01-07,1358.3497314453125,1720.0,1720.0,1710.0,1710.0,5300
2015-01-08,1366.2469482421875,1730.0,1750.0,1730.0,1730.0,3000
2015-01-09,1366.2469482421875,1730.0,1750.0,1720.0,1750.0,8400
2015-01-13,1350.4522705078125,1710.0,1720.0,1710.0,1720.0,3100
2015-01-14,1334.6573486328125,1690.0,1720.0,1690.0,1720.0,7300
2015-01-15,1350.4522705078125,1710.0,1720.0,1690.0,1690.0,4900
2015-01-16,1342.5548095703125,1700.0,1710.0,1690.0,1710.0,4000
2015-01-19,1358.3497314453125,1720.0,1720.0,1710.0,1710.0,2500
2015-01-20,1358.3497314453125,1720.0,1730.0,1710.0,1730.0,1400
2015-01-21,1358.3497314453125,1720.0,1720.0,1690.0,1710.0,12000
2015-01-22,1382.0416259765625,1750.0,1760.0,1720.0,1720.0,26100
2015-01-23,1382.0416259765625,1750.0,1760.0,1740.0,1750.0,8900
2015-01-26,1397.836669921875,1770.0,1790.0,1760.0,1760.0,27600
2015-01-27,1413.6314697265625,1790.0,1790.0,1740.0,1770.0,20600
2015-01-28,1405.7340087890625,1780.0,1790.0,1760.0,1760.0,12700
2015-01-29,1374.144287109375,1740.0,1770.0,1740.0,1760.0,16500
2015-01-30,1382.0416259765625,1750.0,1760.0,1750.0,1750.0,5100
2015-02-02,1382.0416259765625,1750.0,1770.0,1730.0,1740.0,8100
2015-02-03,1366.2469482421875,1730.0,1760.0,1730.0,1750.0,3900
2015-02-04,1382.0416259765625,1750.0,1750.0,1740.0,1740.0,2000
2015-02-05,1374.144287109375,1740.0,1750.0,1740.0,1740.0,3800
2015-02-06,1389.939208984375,1760.0,1760.0,1750.0,1750.0,6100
2015-02-09,1374.144287109375,1740.0,1760.0,1730.0,1760.0,11300
2015-02-10,1374.144287109375,1740.0,1740.0,1730.0,1730.0,6400
2015-02-12,1374.144287109375,1740.0,1740.0,1720.0,1740.0,9000
2015-02-13,1366.2469482421875,1730.0,1740.0,1720.0,1740.0,4000
2015-02-16,1366.2469482421875,1730.0,1740.0,1730.0,1740.0,3700
2015-02-17,1382.0416259765625,1750.0,1790.0,1730.0,1730.0,24400
2015-02-18,1397.836669921875,1770.0,1770.0,1740.0,1760.0,13700
2015-02-19,1397.836669921875,1770.0,1770.0,1750.0,1770.0,7800
2015-02-20,1397.836669921875,1770.0,1790.0,1760.0,1780.0,9600
2015-02-23,1397.836669921875,1770.0,1780.0,1770.0,1770.0,15800
2015-02-24,1397.836669921875,1770.0,1770.0,1760.0,1770.0,5500
2015-02-25,1397.836669921875,1770.0,1780.0,1750.0,1770.0,10000
2015-02-26,1405.7340087890625,1780.0,1780.0,1760.0,1760.0,5400
2015-02-27,1389.939208984375,1760.0,1780.0,1760.0,1780.0,8000
2015-03-02,1421.5286865234375,1800.0,1820.0,1770.0,1770.0,27700
2015-03-03,1405.7340087890625,1780.0,1800.0,1770.0,1800.0,33200
2015-03-04,1389.939208984375,1760.0,1780.0,1760.0,1780.0,19300
2015-03-05,1389.939208984375,1760.0,1770.0,1760.0,1760.0,4300
2015-03-06,1397.836669921875,1770.0,1770.0,1760.0,1770.0,4300
2015-03-09,1374.144287109375,1740.0,1750.0,1720.0,1740.0,20500
2015-03-10,1366.2469482421875,1730.0,1740.0,1710.0,1740.0,15900
2015-03-11,1366.2469482421875,1730.0,1730.0,1710.0,1710.0,5200
2015-03-12,1358.3497314453125,1720.0,1730.0,1720.0,1720.0,18000
2015-03-13,1366.2469482421875,1730.0,1730.0,1720.0,1720.0,8800
2015-03-16,1382.0416259765625,1750.0,1750.0,1730.0,1730.0,6700
2015-03-17,1382.0416259765625,1750.0,1750.0,1740.0,1750.0,5400
2015-03-18,1382.0416259765625,1750.0,1750.0,1740.0,1750.0,6200
2015-03-19,1366.2469482421875,1730.0,1750.0,1730.0,1750.0,6900
2015-03-20,1374.144287109375,1740.0,1740.0,1730.0,1730.0,2300
2015-03-23,1382.0416259765625,1750.0,1750.0,1740.0,1750.0,5800
2015-03-24,1374.144287109375,1740.0,1750.0,1730.0,1740.0,9800
2015-03-25,1374.144287109375,1740.0,1750.0,1740.0,1740.0,6900
2015-03-26,1366.2469482421875,1730.0,1740.0,1730.0,1740.0,7600
2015-03-27,1366.246826171875,1700.0,1720.0,1690.0,1700.0,4800
2015-03-30,1366.246826171875,1700.0,1700.0,1690.0,1700.0,4200
2015-03-31,1366.246826171875,1700.0,1720.0,1700.0,1710.0,1800
2015-04-01,1350.1734619140625,1680.0,1690.0,1680.0,1690.0,10600
2015-04-02,1366.246826171875,1700.0,1700.0,1680.0,1680.0,2800
2015-04-03,1366.246826171875,1700.0,1700.0,1680.0,1700.0,3800
2015-04-06,1358.2100830078125,1690.0,1700.0,1680.0,1700.0,3600
2015-04-07,1358.2100830078125,1690.0,1690.0,1680.0,1690.0,5300
2015-04-08,1390.3572998046875,1730.0,1770.0,1690.0,1690.0,37100
2015-04-09,1406.4307861328125,1750.0,1760.0,1730.0,1740.0,12100
2015-04-10,1406.4307861328125,1750.0,1750.0,1730.0,1750.0,3700
2015-04-13,1406.4307861328125,1750.0,1750.0,1730.0,1740.0,4100
2015-04-14,1398.3939208984375,1740.0,1750.0,1740.0,1750.0,1600
2015-04-15,1398.3939208984375,1740.0,1750.0,1740.0,1750.0,2200
2015-04-16,1406.4307861328125,1750.0,1750.0,1740.0,1740.0,2500
2015-04-17,1390.3572998046875,1730.0,1750.0,1730.0,1750.0,3600
2015-04-20,1382.320556640625,1720.0,1730.0,1720.0,1730.0,4700
2015-04-21,1398.3939208984375,1740.0,1740.0,1720.0,1720.0,2600
2015-04-22,1390.3572998046875,1730.0,1740.0,1730.0,1740.0,4000
2015-04-23,1390.3572998046875,1730.0,1750.0,1710.0,1730.0,9000
2015-04-24,1390.3572998046875,1730.0,1730.0,1720.0,1730.0,2000
2015-04-27,1390.3572998046875,1730.0,1740.0,1730.0,1730.0,6000
2015-04-28,1390.3572998046875,1730.0,1730.0,1720.0,1730.0,3100
2015-04-30,1374.28369140625,1710.0,1730.0,1710.0,1720.0,5600
2015-05-01,1366.246826171875,1700.0,1710.0,1700.0,1700.0,3600
2015-05-07,1358.2100830078125,1690.0,1710.0,1690.0,1710.0,5900
2015-05-08,1366.246826171875,1700.0,1700.0,1690.0,1700.0,8600
2015-05-11,1350.1734619140625,1680.0,1710.0,1680.0,1710.0,9000
2015-05-12,1366.246826171875,1700.0,1710.0,1680.0,1680.0,10500
2015-05-13,1366.246826171875,1700.0,1710.0,1690.0,1710.0,9900
2015-05-14,1398.3939208984375,1740.0,1740.0,1690.0,1690.0,11700
2015-05-15,1390.3572998046875,1730.0,1750.0,1730.0,1740.0,17000
2015-05-18,1366.246826171875,1700.0,1740.0,1680.0,1740.0,31600
2015-05-19,1374.28369140625,1710.0,1710.0,1700.0,1700.0,4700
2015-05-20,1374.28369140625,1710.0,1710.0,1700.0,1710.0,4500
2015-05-21,1374.28369140625,1710.0,1720.0,1710.0,1710.0,1600
2015-05-22,1374.28369140625,1710.0,1710.0,1710.0,1710.0,2100
2015-05-25,1382.320556640625,1720.0,1730.0,1720.0,1720.0,5300
2015-05-26,1382.320556640625,1720.0,1730.0,1720.0,1720.0,7100
2015-05-27,1398.3939208984375,1740.0,1740.0,1710.0,1720.0,11700
2015-05-28,1398.3939208984375,1740.0,1740.0,1720.0,1740.0,9800
2015-05-29,1390.3572998046875,1730.0,1730.0,1730.0,1730.0,2900
2015-06-01,1390.3572998046875,1730.0,1730.0,1720.0,1720.0,3000
2015-06-02,1398.3939208984375,1740.0,1740.0,1730.0,1730.0,1800
2015-06-03,1406.4307861328125,1750.0,1750.0,1730.0,1740.0,13600
2015-06-04,1422.504150390625,1770.0,1790.0,1750.0,1760.0,40600
2015-06-05,1414.46728515625,1760.0,1770.0,1750.0,1760.0,7300
2015-06-08,1414.46728515625,1760.0,1770.0,1760.0,1770.0,2900
2015-06-09,1398.3939208984375,1740.0,1750.0,1740.0,1750.0,3600
2015-06-10,1398.3939208984375,1740.0,1750.0,1730.0,1740.0,7000
2015-06-11,1390.3572998046875,1730.0,1740.0,1730.0,1730.0,4700
2015-06-12,1398.3939208984375,1740.0,1740.0,1730.0,1730.0,7200
2015-06-15,1406.4307861328125,1750.0,1750.0,1740.0,1740.0,3800
2015-06-16,1398.3939208984375,1740.0,1750.0,1730.0,1730.0,4800
2015-06-17,1398.3939208984375,1740.0,1750.0,1740.0,1740.0,3700
2015-06-18,1390.3572998046875,1730.0,1750.0,1730.0,1740.0,3700
2015-06-19,1398.3939208984375,1740.0,1740.0,1730.0,1740.0,700
2015-06-22,1398.3939208984375,1740.0,1740.0,1730.0,1730.0,12000
2015-06-23,1414.46728515625,1760.0,1760.0,1740.0,1740.0,8400
2015-06-24,1406.4307861328125,1750.0,1780.0,1750.0,1770.0,12000
2015-06-25,1406.4307861328125,1750.0,1750.0,1750.0,1750.0,5300
2015-06-26,1398.3939208984375,1740.0,1750.0,1730.0,1750.0,5800
2015-06-29,1366.246826171875,1700.0,1710.0,1690.0,1700.0,11200
2015-06-30,1374.28369140625,1710.0,1710.0,1700.0,1700.0,1400
2015-07-01,1390.3572998046875,1730.0,1730.0,1700.0,1710.0,7100
2015-07-02,1382.320556640625,1720.0,1730.0,1720.0,1730.0,5100
2015-07-03,1390.3572998046875,1730.0,1730.0,1710.0,1720.0,10700
2015-07-06,1382.320556640625,1720.0,1720.0,1710.0,1710.0,1900
2015-07-07,1390.3572998046875,1730.0,1730.0,1710.0,1720.0,4000
2015-07-08,1350.1734619140625,1680.0,1720.0,1680.0,1720.0,17500
2015-07-09,1301.953125,1620.0,1680.0,1580.0,1680.0,34100
2015-07-10,1309.98974609375,1630.0,1640.0,1620.0,1620.0,8700
2015-07-13,1326.0631103515625,1650.0,1650.0,1630.0,1630.0,1800
2015-07-14,1350.1734619140625,1680.0,1680.0,1650.0,1650.0,5600
2015-07-15,1366.246826171875,1700.0,1700.0,1680.0,1680.0,6200
2015-07-16,1366.246826171875,1700.0,1710.0,1680.0,1710.0,6500
2015-07-17,1366.246826171875,1700.0,1700.0,1670.0,1700.0,3200
2015-07-21,1358.2100830078125,1690.0,1700.0,1690.0,1700.0,1100
2015-07-22,1358.2100830078125,1690.0,1700.0,1690.0,1700.0,2000
2015-07-23,1366.246826171875,1700.0,1700.0,1680.0,1690.0,3000
2015-07-24,1366.246826171875,1700.0,1700.0,1690.0,1700.0,1100
2015-07-27,1358.2100830078125,1690.0,1710.0,1680.0,1710.0,5600
2015-07-28,1350.1734619140625,1680.0,1680.0,1680.0,1680.0,4200
2015-07-29,1334.0999755859375,1660.0,1680.0,1640.0,1680.0,9600
2015-07-30,1350.1734619140625,1680.0,1680.0,1650.0,1650.0,3000
2015-07-31,1358.2100830078125,1690.0,1690.0,1670.0,1670.0,1300
2015-08-03,1342.136962890625,1670.0,1680.0,1670.0,1670.0,1200
2015-08-04,1334.0999755859375,1660.0,1680.0,1660.0,1670.0,1000
2015-08-05,1350.1734619140625,1680.0,1680.0,1660.0,1660.0,2200
2015-08-06,1358.2100830078125,1690.0,1700.0,1670.0,1690.0,1400
2015-08-07,1374.28369140625,1710.0,1740.0,1700.0,1710.0,15400
2015-08-10,1374.28369140625,1710.0,1720.0,1710.0,1710.0,4000
2015-08-11,1358.2100830078125,1690.0,1710.0,1690.0,1710.0,12400
2015-08-12,1358.2100830078125,1690.0,1710.0,1690.0,1690.0,6100
2015-08-13,1366.246826171875,1700.0,1700.0,1670.0,1690.0,14000
2015-08-14,1366.246826171875,1700.0,1700.0,1690.0,1700.0,2900
2015-08-17,1390.3572998046875,1730.0,1730.0,1710.0,1710.0,14100
2015-08-18,1406.4307861328125,1750.0,1750.0,1710.0,1730.0,31300
2015-08-19,1374.28369140625,1710.0,1750.0,1710.0,1750.0,32800
2015-08-20,1366.246826171875,1700.0,1720.0,1700.0,1720.0,4800
2015-08-21,1334.0999755859375,1660.0,1690.0,1660.0,1690.0,8300
2015-08-24,1277.8426513671875,1590.0,1630.0,1590.0,1620.0,23400
2015-08-25,1237.6590576171875,1540.0,1610.0,1530.0,1590.0,23200
2015-08-26,1261.769287109375,1570.0,1570.0,1550.0,1550.0,17000
2015-08-27,1334.0999755859375,1660.0,1690.0,1610.0,1610.0,9000
2015-08-28,1334.0999755859375,1660.0,1690.0,1640.0,1680.0,4300
2015-08-31,1326.0631103515625,1650.0,1670.0,1640.0,1670.0,3600
2015-09-01,1318.0264892578125,1640.0,1680.0,1630.0,1640.0,6600
2015-09-02,1309.98974609375,1630.0,1640.0,1610.0,1610.0,3900
2015-09-03,1301.953125,1620.0,1630.0,1620.0,1630.0,2000
2015-09-04,1277.8426513671875,1590.0,1620.0,1590.0,1620.0,5600
2015-09-07,1253.7325439453125,1560.0,1570.0,1560.0,1570.0,3700
2015-09-08,1245.6956787109375,1550.0,1570.0,1550.0,1560.0,5300
2015-09-09,1318.0264892578125,1640.0,1650.0,1620.0,1650.0,7400
2015-09-10,1301.953125,1620.0,1620.0,1600.0,1610.0,2100
2015-09-11,1318.0264892578125,1640.0,1650.0,1630.0,1630.0,2600
2015-09-14,1342.136962890625,1670.0,1680.0,1630.0,1640.0,3000
2015-09-15,1350.1734619140625,1680.0,1680.0,1630.0,1670.0,4400
2015-09-16,1326.0631103515625,1650.0,1670.0,1640.0,1650.0,2200
2015-09-17,1342.136962890625,1670.0,1690.0,1650.0,1670.0,2700
2015-09-18,1326.0631103515625,1650.0,1670.0,1640.0,1670.0,2200
2015-09-24,1301.953125,1620.0,1640.0,1620.0,1620.0,1100
2015-09-25,1301.953125,1620.0,1620.0,1620.0,1620.0,3100
2015-09-28,1334.501953125,1640.0,1640.0,1620.0,1620.0,900
2015-09-29,1285.6785888671875,1580.0,1650.0,1580.0,1650.0,5200
2015-09-30,1285.6785888671875,1580.0,1610.0,1580.0,1600.0,4000
2015-10-01,1293.8157958984375,1590.0,1600.0,1580.0,1590.0,1500
2015-10-02,1301.9532470703125,1600.0,1600.0,1590.0,1590.0,2500
2015-10-05,1301.9532470703125,1600.0,1600.0,1590.0,1590.0,2700
2015-10-06,1310.09033203125,1610.0,1620.0,1610.0,1610.0,3200
2015-10-07,1310.09033203125,1610.0,1610.0,1600.0,1600.0,800
2015-10-08,1310.09033203125,1610.0,1640.0,1610.0,1620.0,1500
2015-10-09,1326.364501953125,1630.0,1650.0,1610.0,1610.0,4500
2015-10-13,1318.2275390625,1620.0,1630.0,1620.0,1620.0,2500
2015-10-14,1318.2275390625,1620.0,1670.0,1620.0,1640.0,11100
2015-10-15,1326.364501953125,1630.0,1650.0,1620.0,1620.0,4400
2015-10-16,1334.501953125,1640.0,1640.0,1640.0,1640.0,1200
2015-10-19,1326.364501953125,1630.0,1650.0,1630.0,1630.0,4600
2015-10-20,1318.2275390625,1620.0,1630.0,1610.0,1630.0,4300
2015-10-21,1326.364501953125,1630.0,1630.0,1610.0,1610.0,6000
2015-10-22,1326.364501953125,1630.0,1640.0,1610.0,1620.0,5000
2015-10-23,1326.364501953125,1630.0,1640.0,1620.0,1640.0,2400
2015-10-26,1358.91357421875,1670.0,1670.0,1640.0,1640.0,10500
2015-10-27,1358.91357421875,1670.0,1670.0,1650.0,1670.0,4700
2015-10-28,1358.91357421875,1670.0,1680.0,1660.0,1670.0,6800
2015-10-29,1350.7762451171875,1660.0,1680.0,1660.0,1670.0,1600
2015-10-30,1350.7762451171875,1660.0,1670.0,1640.0,1660.0,6500
2015-11-02,1350.7762451171875,1660.0,1670.0,1650.0,1670.0,4200
2015-11-04,1358.91357421875,1670.0,1670.0,1650.0,1660.0,1600
2015-11-05,1350.7762451171875,1660.0,1670.0,1650.0,1660.0,1700
2015-11-06,1358.91357421875,1670.0,1670.0,1650.0,1660.0,2000
2015-11-09,1358.91357421875,1670.0,1680.0,1670.0,1670.0,2000
2015-11-10,1375.18798828125,1690.0,1700.0,1670.0,1670.0,10100
2015-11-11,1383.324951171875,1700.0,1700.0,1690.0,1690.0,2800
2015-11-12,1375.18798828125,1690.0,1700.0,1680.0,1690.0,3800
2015-11-13,1367.05078125,1680.0,1680.0,1670.0,1680.0,2300
2015-11-16,1350.7762451171875,1660.0,1690.0,1660.0,1660.0,3900
2015-11-17,1358.91357421875,1670.0,1690.0,1660.0,1660.0,5800
2015-11-18,1367.05078125,1680.0,1700.0,1680.0,1680.0,5200
2015-11-19,1367.05078125,1680.0,1690.0,1670.0,1670.0,2800
2015-11-20,1367.05078125,1680.0,1680.0,1670.0,1680.0,1300
2015-11-24,1367.05078125,1680.0,1680.0,1670.0,1680.0,2000
2015-11-25,1367.05078125,1680.0,1690.0,1680.0,1680.0,1800
2015-11-26,1375.18798828125,1690.0,1690.0,1690.0,1690.0,700
2015-11-27,1375.18798828125,1690.0,1690.0,1680.0,1690.0,5500
2015-11-30,1383.324951171875,1700.0,1700.0,1690.0,1690.0,3500
2015-12-01,1375.18798828125,1690.0,1690.0,1690.0,1690.0,1100
2015-12-02,1367.05078125,1680.0,1690.0,1670.0,1690.0,5500
2015-12-03,1367.05078125,1680.0,1690.0,1670.0,1670.0,2500
2015-12-04,1358.91357421875,1670.0,1680.0,1660.0,1670.0,5500
2015-12-07,1367.05078125,1680.0,1690.0,1680.0,1680.0,1400
2015-12-08,1358.91357421875,1670.0,1690.0,1660.0,1690.0,10500
2015-12-09,1350.7762451171875,1660.0,1670.0,1660.0,1660.0,2500
2015-12-10,1358.91357421875,1670.0,1680.0,1650.0,1670.0,6800
2015-12-11,1342.63916015625,1650.0,1660.0,1640.0,1650.0,4600
2015-12-14,1326.364501953125,1630.0,1640.0,1630.0,1640.0,3100
2015-12-15,1326.364501953125,1630.0,1640.0,1630.0,1640.0,7000
2015-12-16,1326.364501953125,1630.0,1640.0,1630.0,1630.0,5200
2015-12-17,1334.501953125,1640.0,1650.0,1630.0,1630.0,6000
2015-12-18,1326.364501953125,1630.0,1640.0,1630.0,1640.0,3600
2015-12-21,1310.09033203125,1610.0,1620.0,1610.0,1620.0,6800
2015-12-22,1318.2275390625,1620.0,1630.0,1610.0,1610.0,4800
2015-12-24,1293.8157958984375,1590.0,1640.0,1580.0,1620.0,16300
2015-12-25,1293.8157958984375,1590.0,1590.0,1590.0,1590.0,0
2015-12-28,1310.09033203125,1610.0,1610.0,1580.0,1590.0,2500
2015-12-29,1334.501953125,1640.0,1640.0,1610.0,1620.0,1600
2015-12-30,1318.2275390625,1620.0,1630.0,1620.0,1620.0,3100
2016-01-04,1326.364501953125,1630.0,1640.0,1620.0,1630.0,5200
2016-01-05,1326.364501953125,1630.0,1630.0,1630.0,1630.0,0
2016-01-06,1310.09033203125,1610.0,1620.0,1600.0,1620.0,2100
2016-01-07,1310.09033203125,1610.0,1610.0,1600.0,1600.0,4300
2016-01-08,1326.364501953125,1630.0,1640.0,1600.0,1600.0,2200
2016-01-12,1318.2275390625,1620.0,1630.0,1600.0,1620.0,4700
2016-01-13,1334.501953125,1640.0,1640.0,1600.0,1610.0,10600
2016-01-14,1285.6785888671875,1580.0,1620.0,1570.0,1610.0,12700
2016-01-15,1285.6785888671875,1580.0,1600.0,1580.0,1600.0,4900
2016-01-18,1253.1295166015625,1540.0,1570.0,1530.0,1570.0,9700
2016-01-19,1261.266845703125,1550.0,1550.0,1530.0,1530.0,1300
2016-01-20,1220.5811767578125,1500.0,1550.0,1500.0,1550.0,4700
2016-01-21,1204.306640625,1480.0,1490.0,1430.0,1490.0,7400
2016-01-22,1228.718505859375,1510.0,1530.0,1480.0,1480.0,2900
2016-01-25,1244.992431640625,1530.0,1530.0,1520.0,1530.0,4100
2016-01-26,1253.1295166015625,1540.0,1550.0,1530.0,1530.0,3900
2016-01-27,1253.1295166015625,1540.0,1580.0,1530.0,1540.0,2900
2016-01-28,1244.992431640625,1530.0,1530.0,1520.0,1530.0,800
2016-01-29,1261.266845703125,1550.0,1550.0,1550.0,1550.0,400
2016-02-01,1285.6785888671875,1580.0,1580.0,1550.0,1570.0,1100
2016-02-02,1285.6785888671875,1580.0,1590.0,1580.0,1590.0,600
2016-02-03,1244.992431640625,1530.0,1550.0,1530.0,1540.0,2700
2016-02-04,1244.992431640625,1530.0,1550.0,1520.0,1550.0,1100
2016-02-05,1261.266845703125,1550.0,1560.0,1550.0,1550.0,800
2016-02-08,1228.718505859375,1510.0,1540.0,1490.0,1500.0,3200
2016-02-09,1196.16943359375,1470.0,1480.0,1470.0,1480.0,1400
2016-02-10,1163.6204833984375,1430.0,1470.0,1420.0,1470.0,5200
2016-02-12,1106.66015625,1360.0,1450.0,1360.0,1370.0,7500
2016-02-15,1171.757568359375,1440.0,1480.0,1400.0,1400.0,2800
2016-02-16,1171.757568359375,1440.0,1460.0,1440.0,1450.0,1700
2016-02-17,1163.6204833984375,1430.0,1460.0,1430.0,1460.0,3500
2016-02-18,1179.8948974609375,1450.0,1460.0,1440.0,1450.0,3400
2016-02-19,1188.0321044921875,1460.0,1460.0,1430.0,1430.0,500
2016-02-22,1171.757568359375,1440.0,1460.0,1440.0,1460.0,900
2016-02-23,1179.8948974609375,1450.0,1450.0,1440.0,1440.0,700
2016-02-24,1155.4832763671875,1420.0,1430.0,1410.0,1430.0,3100
2016-02-25,1171.757568359375,1440.0,1440.0,1420.0,1420.0,1200
2016-02-26,1179.8948974609375,1450.0,1460.0,1440.0,1450.0,3300
2016-02-29,1188.0321044921875,1460.0,1480.0,1450.0,1450.0,1300
2016-03-01,1171.757568359375,1440.0,1460.0,1410.0,1460.0,3200
2016-03-02,1171.757568359375,1440.0,1480.0,1440.0,1440.0,2600
2016-03-03,1196.16943359375,1470.0,1470.0,1440.0,1450.0,1000
2016-03-04,1196.16943359375,1470.0,1490.0,1450.0,1470.0,5100
2016-03-07,1204.306640625,1480.0,1490.0,1470.0,1480.0,3900
2016-03-08,1212.4437255859375,1490.0,1490.0,1460.0,1470.0,3600
2016-03-09,1188.0321044921875,1460.0,1490.0,1460.0,1460.0,2000
2016-03-10,1188.0321044921875,1460.0,1470.0,1450.0,1470.0,5600
2016-03-11,1212.4437255859375,1490.0,1490.0,1450.0,1450.0,3600
2016-03-14,1204.306640625,1480.0,1500.0,1480.0,1490.0,4300
2016-03-15,1220.5811767578125,1500.0,1500.0,1480.0,1480.0,4000
2016-03-16,1220.5811767578125,1500.0,1500.0,1490.0,1500.0,2100
2016-03-17,1212.4437255859375,1490.0,1520.0,1490.0,1510.0,1800
2016-03-18,1212.4437255859375,1490.0,1490.0,1470.0,1480.0,2900
2016-03-22,1220.5811767578125,1500.0,1500.0,1480.0,1490.0,1300
2016-03-23,1212.4437255859375,1490.0,1510.0,1490.0,1510.0,1700
2016-03-24,1212.4437255859375,1490.0,1490.0,1470.0,1490.0,1300
2016-03-25,1220.5811767578125,1500.0,1510.0,1490.0,1490.0,4800
2016-03-28,1212.4437255859375,1490.0,1510.0,1490.0,1500.0,3000
2016-03-29,1204.1392822265625,1450.0,1470.0,1420.0,1470.0,2900
2016-03-30,1204.1392822265625,1450.0,1450.0,1440.0,1440.0,300
2016-03-31,1212.443603515625,1460.0,1460.0,1430.0,1430.0,5500
2016-04-01,1195.8348388671875,1440.0,1450.0,1430.0,1440.0,1700
2016-04-04,1170.921630859375,1410.0,1430.0,1410.0,1430.0,5300
2016-04-05,1170.921630859375,1410.0,1420.0,1410.0,1420.0,1300
2016-04-06,1162.6171875,1400.0,1420.0,1400.0,1400.0,2200
2016-04-07,1179.22607421875,1420.0,1420.0,1420.0,1420.0,100
2016-04-08,1162.6171875,1400.0,1410.0,1380.0,1400.0,2900
2016-04-11,1162.6171875,1400.0,1400.0,1400.0,1400.0,200
2016-04-12,1179.22607421875,1420.0,1430.0,1410.0,1420.0,1000
2016-04-13,1179.22607421875,1420.0,1430.0,1420.0,1430.0,700
2016-04-14,1195.8348388671875,1440.0,1460.0,1430.0,1440.0,3800
2016-04-15,1204.1392822265625,1450.0,1470.0,1440.0,1440.0,3000
2016-04-18,1212.443603515625,1460.0,1490.0,1450.0,1470.0,7100
2016-04-19,1220.748291015625,1470.0,1480.0,1470.0,1470.0,1800
2016-04-20,1220.748291015625,1470.0,1500.0,1470.0,1480.0,2700
2016-04-21,1229.0526123046875,1480.0,1490.0,1480.0,1480.0,2000
2016-04-22,1245.6614990234375,1500.0,1500.0,1480.0,1490.0,2500
2016-04-25,1253.966064453125,1510.0,1520.0,1500.0,1510.0,6200
2016-04-26,1237.3568115234375,1490.0,1510.0,1480.0,1510.0,3100
2016-04-27,1245.6614990234375,1500.0,1520.0,1500.0,1500.0,1800
2016-04-28,1245.6614990234375,1500.0,1520.0,1490.0,1520.0,1100
2016-05-02,1212.443603515625,1460.0,1480.0,1460.0,1480.0,1500
2016-05-06,1212.443603515625,1460.0,1460.0,1460.0,1460.0,100
2016-05-09,1212.443603515625,1460.0,1470.0,1460.0,1470.0,300
2016-05-10,1220.748291015625,1470.0,1490.0,1470.0,1470.0,500
2016-05-11,1237.3568115234375,1490.0,1490.0,1470.0,1490.0,2600
2016-05-12,1262.2703857421875,1520.0,1520.0,1480.0,1500.0,3500
2016-05-13,1245.6614990234375,1500.0,1510.0,1500.0,1500.0,1600
2016-05-16,1253.966064453125,1510.0,1510.0,1500.0,1500.0,1700
2016-05-17,1245.6614990234375,1500.0,1510.0,1500.0,1510.0,3700
2016-05-18,1245.6614990234375,1500.0,1500.0,1490.0,1490.0,2700
2016-05-19,1237.3568115234375,1490.0,1500.0,1490.0,1500.0,1400
2016-05-20,1229.0526123046875,1480.0,1500.0,1480.0,1490.0,700
2016-05-23,1237.3568115234375,1490.0,1490.0,1490.0,1490.0,600
2016-05-24,1220.748291015625,1470.0,1480.0,1460.0,1470.0,2400
2016-05-25,1229.0526123046875,1480.0,1500.0,1480.0,1480.0,1800
2016-05-26,1229.0526123046875,1480.0,1480.0,1480.0,1480.0,0
2016-05-27,1229.0526123046875,1480.0,1490.0,1480.0,1480.0,3200
2016-05-30,1237.3568115234375,1490.0,1490.0,1480.0,1480.0,700
2016-06-01,1237.3568115234375,1490.0,1490.0,1490.0,1490.0,0
2016-06-02,1229.0526123046875,1480.0,1480.0,1460.0,1460.0,500
2016-06-03,1220.748291015625,1470.0,1480.0,1470.0,1470.0,500
2016-06-06,1212.443603515625,1460.0,1460.0,1450.0,1450.0,1700
2016-06-07,1212.443603515625,1460.0,1460.0,1450.0,1460.0,2800
2016-06-08,1212.443603515625,1460.0,1470.0,1460.0,1470.0,600
2016-06-09,1212.443603515625,1460.0,1460.0,1430.0,1450.0,2500
2016-06-10,1112.791015625,1340.0,1380.0,1320.0,1320.0,57600
2016-06-13,1087.877685546875,1310.0,1320.0,1300.0,1310.0,12900
2016-06-14,1054.659912109375,1270.0,1300.0,1270.0,1300.0,10600
2016-06-15,1021.4424438476562,1230.0,1260.0,1220.0,1250.0,19700
2016-06-16,1021.4424438476562,1230.0,1240.0,1220.0,1230.0,3700
2016-06-17,1021.4424438476562,1230.0,1250.0,1230.0,1250.0,2800
2016-06-20,1046.3555908203125,1260.0,1260.0,1240.0,1240.0,4600
2016-06-21,1046.3555908203125,1260.0,1270.0,1260.0,1260.0,1100
2016-06-22,1054.659912109375,1270.0,1280.0,1270.0,1270.0,700
2016-06-23,1062.96435546875,1280.0,1300.0,1270.0,1270.0,6600
2016-06-24,988.2246704101562,1190.0,1300.0,1190.0,1280.0,9200
2016-06-27,1004.83349609375,1210.0,1210.0,1190.0,1200.0,7800
2016-06-28,1029.746826171875,1240.0,1240.0,1210.0,1210.0,6100
2016-06-29,1029.746826171875,1240.0,1250.0,1240.0,1250.0,2000
2016-06-30,1029.746826171875,1240.0,1250.0,1240.0,1250.0,4000
2016-07-01,1046.3555908203125,1260.0,1270.0,1260.0,1260.0,1900
2016-07-04,1054.659912109375,1270.0,1270.0,1270.0,1270.0,700
2016-07-05,1021.4424438476562,1230.0,1250.0,1210.0,1250.0,14600
2016-07-06,1046.3555908203125,1260.0,1260.0,1230.0,1240.0,700
2016-07-07,1046.3555908203125,1260.0,1260.0,1260.0,1260.0,0
2016-07-08,1029.746826171875,1240.0,1250.0,1220.0,1240.0,700
2016-07-11,1029.746826171875,1240.0,1240.0,1240.0,1240.0,0
2016-07-12,1046.3555908203125,1260.0,1260.0,1250.0,1250.0,1400
2016-07-13,1071.2686767578125,1290.0,1290.0,1260.0,1260.0,3000
2016-07-14,1079.5732421875,1300.0,1300.0,1300.0,1300.0,500
2016-07-15,1096.1820068359375,1320.0,1320.0,1300.0,1300.0,3300
2016-07-19,1087.877685546875,1310.0,1320.0,1310.0,1320.0,7400
2016-07-20,1096.1820068359375,1320.0,1320.0,1300.0,1310.0,1900
2016-07-21,1096.1820068359375,1320.0,1340.0,1320.0,1320.0,1300
2016-07-22,1096.1820068359375,1320.0,1330.0,1290.0,1320.0,1600
2016-07-25,1087.877685546875,1310.0,1340.0,1290.0,1320.0,5500
2016-07-26,1079.5732421875,1300.0,1310.0,1290.0,1310.0,2500
2016-07-27,1087.877685546875,1310.0,1310.0,1290.0,1310.0,900
2016-07-28,1079.5732421875,1300.0,1310.0,1300.0,1300.0,1500
2016-07-29,1079.5732421875,1300.0,1310.0,1300.0,1310.0,300
2016-08-01,1096.1820068359375,1320.0,1320.0,1300.0,1300.0,1600
2016-08-02,1104.486328125,1330.0,1330.0,1320.0,1320.0,300
2016-08-03,1087.877685546875,1310.0,1330.0,1290.0,1310.0,1800
2016-08-05,1096.1820068359375,1320.0,1320.0,1310.0,1310.0,200
2016-08-08,1071.2686767578125,1290.0,1300.0,1280.0,1300.0,6500
2016-08-09,1079.5732421875,1300.0,1300.0,1290.0,1300.0,1200
2016-08-10,1079.5732421875,1300.0,1300.0,1300.0,1300.0,600
2016-08-12,1087.877685546875,1310.0,1310.0,1310.0,1310.0,300
2016-08-15,1087.877685546875,1310.0,1320.0,1310.0,1310.0,1500
2016-08-16,1087.877685546875,1310.0,1310.0,1310.0,1310.0,900
2016-08-17,1087.877685546875,1310.0,1310.0,1300.0,1300.0,300
2016-08-18,1104.486328125,1330.0,1380.0,1310.0,1310.0,3000
2016-08-19,1104.486328125,1330.0,1330.0,1330.0,1330.0,300
2016-08-22,1121.09521484375,1350.0,1400.0,1330.0,1330.0,12700
2016-08-23,1129.3995361328125,1360.0,1370.0,1360.0,1370.0,2300
2016-08-24,1121.09521484375,1350.0,1350.0,1350.0,1350.0,300
2016-08-25,1129.3995361328125,1360.0,1370.0,1350.0,1350.0,1100
2016-08-26,1137.7039794921875,1370.0,1370.0,1360.0,1360.0,2500
2016-08-29,1087.877685546875,1310.0,1340.0,1280.0,1340.0,7700
2016-08-30,1096.1820068359375,1320.0,1320.0,1320.0,1320.0,1700
2016-08-31,1087.877685546875,1310.0,1320.0,1300.0,1310.0,1100
2016-09-01,1087.877685546875,1310.0,1310.0,1310.0,1310.0,0
2016-09-02,1087.877685546875,1310.0,1320.0,1310.0,1320.0,800
2016-09-05,1087.877685546875,1310.0,1330.0,1290.0,1320.0,2900
2016-09-06,1079.5732421875,1300.0,1310.0,1290.0,1310.0,2700
2016-09-07,1087.877685546875,1310.0,1310.0,1290.0,1290.0,1200
2016-09-08,1087.877685546875,1310.0,1320.0,1310.0,1320.0,300
2016-09-09,1087.877685546875,1310.0,1310.0,1310.0,1310.0,1300
2016-09-12,1087.877685546875,1310.0,1320.0,1300.0,1300.0,1200
2016-09-13,1079.5732421875,1300.0,1320.0,1300.0,1320.0,600
2016-09-14,1079.5732421875,1300.0,1300.0,1300.0,1300.0,700
2016-09-15,1079.5732421875,1300.0,1310.0,1300.0,1300.0,800
2016-09-16,1079.5732421875,1300.0,1340.0,1300.0,1300.0,3400
2016-09-20,1071.2686767578125,1290.0,1300.0,1290.0,1300.0,1800
2016-09-21,1079.5732421875,1300.0,1300.0,1290.0,1290.0,600
2016-09-23,1079.5732421875,1300.0,1300.0,1280.0,1290.0,1400
2016-09-26,1079.5732421875,1300.0,1300.0,1300.0,1300.0,1000
2016-09-27,1071.2686767578125,1290.0,1300.0,1290.0,1300.0,2600
2016-09-28,1088.1390380859375,1290.0,1300.0,1270.0,1270.0,1400
2016-09-29,1096.5745849609375,1300.0,1300.0,1280.0,1290.0,1200
2016-09-30,1096.5745849609375,1300.0,1300.0,1300.0,1300.0,0
2016-10-03,1079.703857421875,1280.0,1280.0,1280.0,1280.0,500
2016-10-04,1079.703857421875,1280.0,1280.0,1270.0,1280.0,2000
2016-10-05,1079.703857421875,1280.0,1290.0,1280.0,1290.0,800
2016-10-06,1096.5745849609375,1300.0,1300.0,1290.0,1290.0,600
2016-10-07,1096.5745849609375,1300.0,1300.0,1300.0,1300.0,500
2016-10-11,1105.0096435546875,1310.0,1310.0,1290.0,1300.0,1800
2016-10-12,1121.8798828125,1330.0,1330.0,1310.0,1310.0,1200
2016-10-13,1113.444580078125,1320.0,1320.0,1300.0,1300.0,600
2016-10-14,1121.8798828125,1330.0,1330.0,1310.0,1320.0,500
2016-10-17,1130.3150634765625,1340.0,1340.0,1330.0,1330.0,1500
2016-10-18,1121.8798828125,1330.0,1330.0,1320.0,1320.0,200
2016-10-19,1105.0096435546875,1310.0,1320.0,1310.0,1320.0,1500
2016-10-20,1105.0096435546875,1310.0,1330.0,1310.0,1310.0,400
2016-10-21,1113.444580078125,1320.0,1330.0,1310.0,1310.0,1000
2016-10-24,1113.444580078125,1320.0,1330.0,1310.0,1320.0,1100
2016-10-25,1121.8798828125,1330.0,1330.0,1320.0,1330.0,3400
2016-10-26,1121.8798828125,1330.0,1340.0,1330.0,1330.0,2300
2016-10-27,1121.8798828125,1330.0,1330.0,1330.0,1330.0,1800
2016-10-28,1147.185546875,1360.0,1380.0,1340.0,1370.0,15000
2016-10-31,1147.185546875,1360.0,1370.0,1350.0,1350.0,2300
2016-11-01,1138.7503662109375,1350.0,1360.0,1350.0,1360.0,2100
2016-11-02,1121.8798828125,1330.0,1340.0,1330.0,1340.0,2900
2016-11-04,1121.8798828125,1330.0,1340.0,1310.0,1320.0,3000
2016-11-07,1130.3150634765625,1340.0,1340.0,1320.0,1330.0,600
2016-11-08,1105.0096435546875,1310.0,1330.0,1310.0,1330.0,3200
2016-11-09,1079.703857421875,1280.0,1320.0,1280.0,1320.0,3800
2016-11-10,1113.444580078125,1320.0,1320.0,1300.0,1310.0,2200
2016-11-11,1113.444580078125,1320.0,1330.0,1310.0,1320.0,3900
2016-11-14,1130.3150634765625,1340.0,1340.0,1330.0,1330.0,3400
2016-11-15,1130.3150634765625,1340.0,1350.0,1330.0,1340.0,5400
2016-11-16,1138.7503662109375,1350.0,1350.0,1340.0,1340.0,2800
2016-11-17,1147.185546875,1360.0,1370.0,1340.0,1340.0,1600
2016-11-18,1147.185546875,1360.0,1370.0,1360.0,1360.0,3400
2016-11-21,1164.0557861328125,1380.0,1380.0,1360.0,1360.0,5700
2016-11-22,1180.92626953125,1400.0,1400.0,1360.0,1380.0,9600
2016-11-24,1189.3614501953125,1410.0,1410.0,1390.0,1400.0,2200
2016-11-25,1180.92626953125,1400.0,1420.0,1390.0,1410.0,7500
2016-11-28,1164.0557861328125,1380.0,1410.0,1380.0,1380.0,5700
2016-11-29,1180.92626953125,1400.0,1400.0,1390.0,1390.0,2400
2016-11-30,1172.4910888671875,1390.0,1410.0,1390.0,1390.0,4600
2016-12-01,1189.3614501953125,1410.0,1430.0,1400.0,1400.0,8700
2016-12-02,1189.3614501953125,1410.0,1410.0,1400.0,1400.0,3500
2016-12-05,1180.92626953125,1400.0,1430.0,1400.0,1400.0,9500
2016-12-06,1206.2318115234375,1430.0,1440.0,1410.0,1410.0,13200
2016-12-07,1231.5372314453125,1460.0,1460.0,1430.0,1430.0,9400
2016-12-08,1223.1021728515625,1450.0,1470.0,1430.0,1460.0,14200
2016-12-09,1231.5372314453125,1460.0,1470.0,1450.0,1460.0,10200
2016-12-12,1223.1021728515625,1450.0,1470.0,1450.0,1470.0,11500
2016-12-13,1214.6669921875,1440.0,1450.0,1440.0,1450.0,2900
2016-12-14,1206.2318115234375,1430.0,1450.0,1430.0,1450.0,6100
2016-12-15,1223.1021728515625,1450.0,1450.0,1430.0,1430.0,9200
2016-12-16,1206.2318115234375,1430.0,1460.0,1420.0,1450.0,11200
2016-12-19,1206.2318115234375,1430.0,1450.0,1430.0,1430.0,3400
2016-12-20,1206.2318115234375,1430.0,1430.0,1420.0,1430.0,4200
2016-12-21,1138.7503662109375,1350.0,1430.0,1270.0,1430.0,34100
2016-12-22,1164.0557861328125,1380.0,1380.0,1360.0,1360.0,15900
2016-12-26,1155.62060546875,1370.0,1390.0,1370.0,1380.0,11300
2016-12-27,1164.0557861328125,1380.0,1380.0,1350.0,1370.0,11400
2016-12-28,1155.62060546875,1370.0,1380.0,1360.0,1360.0,2200
2016-12-29,1155.62060546875,1370.0,1370.0,1360.0,1370.0,1200
2016-12-30,1172.4910888671875,1390.0,1390.0,1360.0,1360.0,1800
2017-01-04,1180.92626953125,1400.0,1400.0,1390.0,1390.0,2200
2017-01-05,1189.3614501953125,1410.0,1410.0,1390.0,1390.0,2600
2017-01-06,1180.92626953125,1400.0,1400.0,1400.0,1400.0,700
2017-01-10,1172.4910888671875,1390.0,1410.0,1390.0,1410.0,1400
2017-01-11,1180.92626953125,1400.0,1400.0,1390.0,1390.0,1000
2017-01-12,1172.4910888671875,1390.0,1410.0,1390.0,1410.0,1800
2017-01-13,1180.92626953125,1400.0,1400.0,1390.0,1390.0,1400
2017-01-16,1189.3614501953125,1410.0,1410.0,1400.0,1400.0,4000
2017-01-17,1180.92626953125,1400.0,1410.0,1400.0,1410.0,2200
2017-01-18,1180.92626953125,1400.0,1400.0,1400.0,1400.0,1300
2017-01-19,1189.3614501953125,1410.0,1410.0,1390.0,1400.0,3000
2017-01-20,1197.7962646484375,1420.0,1420.0,1400.0,1410.0,3600
2017-01-23,1189.3614501953125,1410.0,1420.0,1410.0,1420.0,2400
2017-01-24,1189.3614501953125,1410.0,1410.0,1400.0,1410.0,1400
2017-01-25,1206.2318115234375,1430.0,1430.0,1410.0,1410.0,9000
2017-01-26,1206.2318115234375,1430.0,1440.0,1430.0,1440.0,3200
2017-01-27,1214.6669921875,1440.0,1440.0,1430.0,1430.0,1700
2017-01-30,1214.6669921875,1440.0,1440.0,1440.0,1440.0,2100
2017-01-31,1214.6669921875,1440.0,1440.0,1420.0,1430.0,2100
2017-02-01,1214.6669921875,1440.0,1440.0,1430.0,1440.0,600
2017-02-02,1214.6669921875,1440.0,1440.0,1440.0,1440.0,1600
2017-02-03,1214.6669921875,1440.0,1440.0,1430.0,1440.0,1900
2017-02-06,1214.6669921875,1440.0,1440.0,1440.0,1440.0,700
2017-02-07,1214.6669921875,1440.0,1440.0,1430.0,1440.0,500
2017-02-08,1197.7962646484375,1420.0,1450.0,1280.0,1450.0,24900
2017-02-09,1206.2318115234375,1430.0,1440.0,1420.0,1420.0,2000
2017-02-10,1214.6669921875,1440.0,1450.0,1430.0,1430.0,3600
2017-02-13,1206.2318115234375,1430.0,1450.0,1430.0,1430.0,3300
2017-02-14,1206.2318115234375,1430.0,1440.0,1430.0,1430.0,2000
2017-02-15,1223.1021728515625,1450.0,1460.0,1430.0,1430.0,5100
2017-02-16,1223.1021728515625,1450.0,1460.0,1450.0,1450.0,4600
2017-02-17,1223.1021728515625,1450.0,1460.0,1430.0,1440.0,3300
2017-02-20,1223.1021728515625,1450.0,1460.0,1440.0,1440.0,3100
2017-02-21,1231.5372314453125,1460.0,1460.0,1460.0,1460.0,500
2017-02-22,1239.9725341796875,1470.0,1470.0,1450.0,1450.0,1300
2017-02-23,1231.5372314453125,1460.0,1470.0,1450.0,1460.0,3500
2017-02-24,1231.5372314453125,1460.0,1460.0,1460.0,1460.0,1000
2017-02-27,1223.1021728515625,1450.0,1470.0,1450.0,1460.0,4200
2017-02-28,1231.5372314453125,1460.0,1470.0,1450.0,1450.0,2100
2017-03-01,1223.1021728515625,1450.0,1460.0,1450.0,1460.0,900
2017-03-02,1248.4075927734375,1480.0,1480.0,1460.0,1460.0,4000
2017-03-03,1248.4075927734375,1480.0,1500.0,1470.0,1490.0,3300
2017-03-06,1248.4075927734375,1480.0,1500.0,1480.0,1480.0,2700
2017-03-07,1239.9725341796875,1470.0,1480.0,1470.0,1480.0,1600
2017-03-08,1239.9725341796875,1470.0,1480.0,1470.0,1470.0,1600
2017-03-09,1239.9725341796875,1470.0,1470.0,1470.0,1470.0,3000
2017-03-10,1239.9725341796875,1470.0,1490.0,1450.0,1490.0,18300
2017-03-13,1239.9725341796875,1470.0,1470.0,1460.0,1460.0,1900
2017-03-14,1239.9725341796875,1470.0,1480.0,1470.0,1470.0,3500
2017-03-15,1223.1021728515625,1450.0,1470.0,1440.0,1470.0,13000
2017-03-16,1214.6669921875,1440.0,1450.0,1430.0,1440.0,3100
2017-03-17,1214.6669921875,1440.0,1440.0,1440.0,1440.0,2800
2017-03-21,1223.1021728515625,1450.0,1460.0,1440.0,1440.0,13800
2017-03-22,1206.2318115234375,1430.0,1460.0,1430.0,1440.0,6300
2017-03-23,1206.2318115234375,1430.0,1430.0,1430.0,1430.0,700
2017-03-24,1206.2318115234375,1430.0,1440.0,1430.0,1440.0,7500
2017-03-27,1214.6669921875,1440.0,1440.0,1430.0,1430.0,4200
2017-03-28,1197.7962646484375,1420.0,1440.0,1420.0,1440.0,6200
2017-03-29,1215.0311279296875,1410.0,1420.0,1390.0,1390.0,2100
2017-03-30,1206.4139404296875,1400.0,1410.0,1400.0,1410.0,3200
2017-03-31,1206.4139404296875,1400.0,1400.0,1390.0,1400.0,4900
2017-04-03,1197.7962646484375,1390.0,1400.0,1390.0,1400.0,300
2017-04-04,1180.56201171875,1370.0,1390.0,1370.0,1390.0,4900
2017-04-05,1171.9449462890625,1360.0,1370.0,1350.0,1370.0,8000
2017-04-06,1154.7103271484375,1340.0,1350.0,1330.0,1350.0,5800
2017-04-07,1128.8585205078125,1310.0,1340.0,1310.0,1340.0,13700
2017-04-10,1154.7103271484375,1340.0,1340.0,1330.0,1330.0,1700
2017-04-11,1163.327392578125,1350.0,1360.0,1340.0,1340.0,9900
2017-04-12,1154.7103271484375,1340.0,1350.0,1340.0,1350.0,1000
2017-04-13,1146.09326171875,1330.0,1350.0,1330.0,1330.0,1600
2017-04-14,1163.327392578125,1350.0,1350.0,1330.0,1340.0,1500
2017-04-17,1163.327392578125,1350.0,1350.0,1340.0,1350.0,2700
2017-04-18,1180.56201171875,1370.0,1380.0,1360.0,1360.0,4500
2017-04-20,1180.56201171875,1370.0,1370.0,1370.0,1370.0,400
2017-04-21,1189.1793212890625,1380.0,1380.0,1370.0,1370.0,900
2017-04-24,1189.1793212890625,1380.0,1390.0,1380.0,1380.0,1500
2017-04-25,1197.7962646484375,1390.0,1390.0,1380.0,1380.0,1000
2017-04-26,1232.265625,1430.0,1430.0,1400.0,1400.0,4100
2017-04-27,1223.6483154296875,1420.0,1430.0,1410.0,1430.0,3600
2017-04-28,1206.4139404296875,1400.0,1410.0,1400.0,1410.0,1000
2017-05-01,1223.6483154296875,1420.0,1420.0,1400.0,1400.0,1200
2017-05-02,1215.0311279296875,1410.0,1410.0,1400.0,1400.0,2800
2017-05-08,1215.0311279296875,1410.0,1410.0,1400.0,1410.0,3400
2017-05-09,1223.6483154296875,1420.0,1430.0,1400.0,1400.0,1700
2017-05-10,1223.6483154296875,1420.0,1420.0,1410.0,1420.0,1300
2017-05-11,1249.4998779296875,1450.0,1520.0,1400.0,1410.0,35600
2017-05-12,1266.734619140625,1470.0,1530.0,1470.0,1500.0,28900
2017-05-15,1275.351806640625,1480.0,1490.0,1450.0,1480.0,11200
2017-05-16,1266.734619140625,1470.0,1480.0,1460.0,1470.0,3800
2017-05-17,1301.203369140625,1510.0,1520.0,1470.0,1480.0,16800
2017-05-18,1283.968994140625,1490.0,1490.0,1440.0,1470.0,9300
2017-05-19,1283.968994140625,1490.0,1490.0,1470.0,1490.0,3900
2017-05-22,1292.586181640625,1500.0,1510.0,1490.0,1510.0,6900
2017-05-23,1275.351806640625,1480.0,1500.0,1470.0,1500.0,4000
2017-05-24,1292.586181640625,1500.0,1500.0,1480.0,1480.0,2500
2017-05-25,1283.968994140625,1490.0,1500.0,1490.0,1500.0,3900
2017-05-26,1275.351806640625,1480.0,1490.0,1480.0,1490.0,5500
2017-05-29,1292.586181640625,1500.0,1500.0,1470.0,1490.0,3300
2017-05-30,1292.586181640625,1500.0,1500.0,1470.0,1480.0,1900
2017-05-31,1283.968994140625,1490.0,1490.0,1480.0,1480.0,900
2017-06-01,1292.586181640625,1500.0,1500.0,1490.0,1490.0,2900
2017-06-02,1283.968994140625,1490.0,1500.0,1490.0,1500.0,9100
2017-06-05,1275.351806640625,1480.0,1500.0,1480.0,1490.0,5300
2017-06-06,1275.351806640625,1480.0,1490.0,1480.0,1490.0,3600
2017-06-07,1275.351806640625,1480.0,1480.0,1470.0,1470.0,1900
2017-06-08,1283.968994140625,1490.0,1490.0,1480.0,1480.0,2500
2017-06-09,1275.351806640625,1480.0,1490.0,1480.0,1490.0,200
2017-06-12,1275.351806640625,1480.0,1490.0,1480.0,1490.0,1000
2017-06-13,1275.351806640625,1480.0,1480.0,1470.0,1480.0,1100
2017-06-14,1275.351806640625,1480.0,1490.0,1480.0,1480.0,600
2017-06-15,1275.351806640625,1480.0,1480.0,1480.0,1480.0,2100
2017-06-16,1275.351806640625,1480.0,1490.0,1470.0,1480.0,2700
2017-06-19,1387.3758544921875,1610.0,1650.0,1480.0,1490.0,51800
2017-06-20,1378.7587890625,1600.0,1620.0,1560.0,1620.0,20900
2017-06-21,1361.5240478515625,1580.0,1600.0,1550.0,1600.0,11100
2017-06-22,1352.9068603515625,1570.0,1590.0,1570.0,1590.0,4800
2017-06-23,1361.5240478515625,1580.0,1630.0,1570.0,1570.0,16200
2017-06-26,1387.3758544921875,1610.0,1610.0,1590.0,1610.0,7600
2017-06-27,1378.7587890625,1600.0,1620.0,1590.0,1610.0,8800
2017-06-28,1378.7587890625,1600.0,1610.0,1590.0,1610.0,1900
2017-06-29,1378.7587890625,1600.0,1610.0,1590.0,1610.0,2900
2017-06-30,1378.7587890625,1600.0,1610.0,1580.0,1590.0,6400
2017-07-03,1378.7587890625,1600.0,1600.0,1580.0,1590.0,5100
2017-07-04,1361.5240478515625,1580.0,1600.0,1580.0,1600.0,5500
2017-07-05,1413.2276611328125,1640.0,1640.0,1580.0,1580.0,12900
2017-07-06,1421.8447265625,1650.0,1680.0,1630.0,1640.0,15100
2017-07-07,1404.6104736328125,1630.0,1660.0,1600.0,1640.0,7400
2017-07-10,1404.6104736328125,1630.0,1640.0,1620.0,1640.0,5500
2017-07-11,1404.6104736328125,1630.0,1650.0,1620.0,1640.0,4100
2017-07-12,1404.6104736328125,1630.0,1630.0,1630.0,1630.0,1200
2017-07-13,1421.8447265625,1650.0,1650.0,1630.0,1630.0,4100
2017-07-14,1447.6966552734375,1680.0,1680.0,1650.0,1650.0,9100
2017-07-17,1447.6966552734375,1680.0,1680.0,1680.0,1680.0,0
2017-07-18,1447.6966552734375,1680.0,1700.0,1680.0,1680.0,14200
2017-07-19,1447.6966552734375,1680.0,1700.0,1660.0,1690.0,10000
2017-07-20,1447.6966552734375,1680.0,1680.0,1670.0,1680.0,4000
2017-07-21,1439.079345703125,1670.0,1680.0,1670.0,1680.0,2800
2017-07-24,1430.4620361328125,1660.0,1670.0,1660.0,1670.0,2100
2017-07-25,1447.6966552734375,1680.0,1680.0,1640.0,1660.0,11400
2017-07-26,1499.4000244140625,1740.0,1750.0,1700.0,1700.0,38300
2017-07-27,1637.27587890625,1900.0,1900.0,1750.0,1750.0,138800
2017-07-28,1697.5965576171875,1970.0,2000.0,1880.0,1890.0,161900
2017-07-31,2128.458740234375,2470.0,2470.0,2020.0,2020.0,261300
2017-08-01,1878.55859375,2180.0,2670.0,2050.0,2500.0,3370400
2017-08-02,2050.9033203125,2380.0,2670.0,2040.0,2150.0,6755600
2017-08-03,1981.9658203125,2300.0,2470.0,2260.0,2360.0,3756300
2017-08-04,2137.075927734375,2480.0,2530.0,2200.0,2250.0,5087300
2017-08-07,2154.310546875,2500.0,2590.0,2430.0,2470.0,2461600
2017-08-08,2068.13818359375,2400.0,2500.0,2320.0,2480.0,1069100
2017-08-09,1775.1517333984375,2060.0,2190.0,2010.0,2160.0,993300
2017-08-10,1654.510498046875,1920.0,2040.0,1910.0,1970.0,540800
2017-08-11,1654.510498046875,1920.0,1920.0,1920.0,1920.0,0
2017-08-14,1576.955322265625,1830.0,1880.0,1800.0,1870.0,189100
2017-08-15,1568.338134765625,1820.0,1860.0,1820.0,1840.0,94600
2017-08-16,1559.720703125,1810.0,1830.0,1780.0,1790.0,137500
2017-08-17,1654.510498046875,1920.0,1980.0,1810.0,1810.0,344200
2017-08-18,1576.955322265625,1830.0,1890.0,1830.0,1830.0,162300
2017-08-21,1568.338134765625,1820.0,1870.0,1820.0,1870.0,56800
2017-08-22,1559.720703125,1810.0,1830.0,1800.0,1810.0,25400
2017-08-23,1559.720703125,1810.0,1850.0,1800.0,1840.0,34100
2017-08-24,1568.338134765625,1820.0,1840.0,1800.0,1800.0,35400
2017-08-25,1602.8070068359375,1860.0,1940.0,1850.0,1920.0,125300
2017-08-28,1602.8070068359375,1860.0,1860.0,1820.0,1850.0,44600
2017-08-29,1559.720703125,1810.0,1840.0,1810.0,1810.0,57600
2017-08-30,1576.955322265625,1830.0,1830.0,1810.0,1820.0,27100
2017-08-31,1576.955322265625,1830.0,1840.0,1810.0,1830.0,29900
2017-09-01,1594.189697265625,1850.0,1850.0,1820.0,1820.0,33500
2017-09-04,1568.338134765625,1820.0,1830.0,1800.0,1830.0,32300
2017-09-05,1499.4000244140625,1740.0,1830.0,1710.0,1820.0,72100
2017-09-06,1499.4000244140625,1740.0,1760.0,1710.0,1720.0,32800
2017-09-07,1516.6346435546875,1760.0,1800.0,1740.0,1750.0,11100
2017-09-08,1525.2515869140625,1770.0,1840.0,1760.0,1760.0,31200
2017-09-11,1508.017333984375,1750.0,1800.0,1740.0,1800.0,41900
2017-09-12,1576.955322265625,1830.0,1840.0,1750.0,1770.0,51900
2017-09-13,1637.27587890625,1900.0,1900.0,1860.0,1870.0,88300
2017-09-14,1585.572509765625,1840.0,1900.0,1830.0,1900.0,39800
2017-09-15,1594.189697265625,1850.0,1870.0,1840.0,1860.0,24000
2017-09-18,1594.189697265625,1850.0,1850.0,1850.0,1850.0,0
2017-09-19,1602.8070068359375,1860.0,1890.0,1850.0,1880.0,30300
2017-09-20,1594.189697265625,1850.0,1870.0,1800.0,1860.0,33100
2017-09-21,1551.1033935546875,1800.0,1870.0,1790.0,1870.0,60100
2017-09-22,1602.8070068359375,1860.0,1870.0,1810.0,1820.0,56600
2017-09-25,1602.8070068359375,1860.0,1890.0,1850.0,1870.0,48000
2017-09-26,1585.572509765625,1840.0,1870.0,1840.0,1860.0,22900
2017-09-27,1559.692626953125,1808.0,1855.0,1806.0,1819.0,18000
2017-09-28,1535.5380859375,1780.0,1818.0,1758.0,1818.0,42500
2017-09-29,1508.795654296875,1749.0,1787.0,1740.0,1787.0,32800
2017-10-02,1515.69677734375,1757.0,1759.0,1745.0,1747.0,8000
2017-10-03,1516.559326171875,1758.0,1765.0,1749.0,1763.0,14400
2017-10-04,1510.5208740234375,1751.0,1764.0,1750.0,1763.0,19600
2017-10-05,1494.13037109375,1732.0,1752.0,1731.0,1752.0,18500
2017-10-06,1485.503662109375,1722.0,1730.0,1717.0,1730.0,10600
2017-10-09,1485.503662109375,1722.0,1722.0,1722.0,1722.0,0
2017-10-10,1396.6495361328125,1619.0,1637.0,1600.0,1602.0,116800
2017-10-11,1370.7696533203125,1589.0,1608.0,1581.0,1604.0,109800
2017-10-12,1371.63232421875,1590.0,1608.0,1583.0,1583.0,42300
2017-10-13,1292.2674560546875,1498.0,1591.0,1482.0,1591.0,127100
2017-10-16,1300.031494140625,1507.0,1521.0,1438.0,1438.0,140200
2017-10-17,1312.971435546875,1522.0,1537.0,1509.0,1513.0,79400
2017-10-18,1290.5421142578125,1496.0,1522.0,1487.0,1522.0,28500
2017-10-19,1294.85546875,1501.0,1503.0,1466.0,1481.0,44700
2017-10-20,1289.6795654296875,1495.0,1518.0,1491.0,1506.0,31700
2017-10-23,1279.3275146484375,1483.0,1495.0,1450.0,1495.0,26100
2017-10-24,1281.9154052734375,1486.0,1489.0,1476.0,1487.0,11900
2017-10-25,1311.2459716796875,1520.0,1540.0,1488.0,1488.0,37600
2017-10-26,1303.4820556640625,1511.0,1528.0,1502.0,1520.0,15600
2017-10-27,1297.443603515625,1504.0,1519.0,1480.0,1501.0,18500
2017-10-30,1306.070068359375,1514.0,1515.0,1500.0,1501.0,20800
2017-10-31,1348.340576171875,1563.0,1570.0,1516.0,1516.0,52000
2017-11-01,1331.949951171875,1544.0,1584.0,1536.0,1577.0,33100
2017-11-02,1312.1085205078125,1521.0,1559.0,1520.0,1547.0,29500
2017-11-03,1312.1085205078125,1521.0,1521.0,1521.0,1521.0,0
2017-11-06,1360.4176025390625,1577.0,1577.0,1539.0,1545.0,30200
2017-11-07,1350.0657958984375,1565.0,1584.0,1563.0,1584.0,9700
2017-11-08,1398.374755859375,1621.0,1623.0,1574.0,1574.0,46800
2017-11-09,1377.6710205078125,1597.0,1621.0,1585.0,1621.0,45900
2017-11-10,1369.04443359375,1587.0,1590.0,1578.0,1590.0,10000
2017-11-13,1353.5164794921875,1569.0,1595.0,1560.0,1595.0,10200
2017-11-14,1326.7738037109375,1538.0,1561.0,1536.0,1561.0,24200
2017-11-15,1306.070068359375,1514.0,1542.0,1492.0,1536.0,21500
2017-11-16,1308.657958984375,1517.0,1525.0,1500.0,1500.0,10400
2017-11-17,1312.971435546875,1522.0,1540.0,1521.0,1526.0,15500
2017-11-20,1302.6192626953125,1510.0,1521.0,1503.0,1506.0,5200
2017-11-21,1319.8724365234375,1530.0,1535.0,1512.0,1512.0,9800
2017-11-22,1326.7738037109375,1538.0,1545.0,1535.0,1535.0,6500
2017-11-23,1326.7738037109375,1538.0,1538.0,1538.0,1538.0,0
2017-11-24,1327.6365966796875,1539.0,1560.0,1536.0,1538.0,6600
2017-11-27,1325.9111328125,1537.0,1546.0,1532.0,1546.0,11400
2017-11-28,1314.69677734375,1524.0,1542.0,1517.0,1540.0,9800
2017-11-29,1336.2630615234375,1549.0,1557.0,1529.0,1529.0,16200
2017-11-30,1404.4134521484375,1628.0,1649.0,1609.0,1649.0,91300
2017-12-01,1378.5335693359375,1598.0,1630.0,1582.0,1630.0,25000
2017-12-04,1372.4949951171875,1591.0,1609.0,1591.0,1598.0,19000
2017-12-05,1408.7269287109375,1633.0,1651.0,1594.0,1594.0,44100
2017-12-06,1398.374755859375,1621.0,1643.0,1600.0,1633.0,22500
2017-12-07,1401.8255615234375,1625.0,1628.0,1618.0,1628.0,6100
2017-12-08,1395.7867431640625,1618.0,1629.0,1605.0,1625.0,6900
2017-12-11,1394.0616455078125,1616.0,1629.0,1610.0,1620.0,16800
2017-12-12,1408.7269287109375,1633.0,1636.0,1615.0,1623.0,17500
2017-12-13,1386.297607421875,1607.0,1627.0,1607.0,1626.0,12500
2017-12-14,1384.572265625,1605.0,1609.0,1591.0,1607.0,15500
2017-12-15,1368.1815185546875,1586.0,1610.0,1569.0,1608.0,40700
2017-12-18,1366.4564208984375,1584.0,1593.0,1573.0,1585.0,37600
2017-12-19,1367.3189697265625,1585.0,1589.0,1580.0,1580.0,6500
2017-12-20,1375.0828857421875,1594.0,1604.0,1580.0,1580.0,9800
2017-12-21,1371.63232421875,1590.0,1599.0,1590.0,1595.0,8200
2017-12-22,1375.9456787109375,1595.0,1599.0,1590.0,1592.0,22600
2017-12-25,1388.0230712890625,1609.0,1612.0,1598.0,1600.0,39000
2017-12-26,1380.259033203125,1600.0,1610.0,1595.0,1604.0,22400
2017-12-27,1393.198974609375,1615.0,1615.0,1600.0,1600.0,13900
2017-12-28,1397.5120849609375,1620.0,1623.0,1611.0,1617.0,11200
2017-12-29,1399.2373046875,1622.0,1624.0,1608.0,1620.0,8000
2018-01-03,1399.2373046875,1622.0,1622.0,1622.0,1622.0,0
2018-01-04,1399.2373046875,1622.0,1640.0,1619.0,1640.0,16600
2018-01-05,1407.864013671875,1632.0,1646.0,1623.0,1627.0,17600
2018-01-08,1407.864013671875,1632.0,1632.0,1632.0,1632.0,0
2018-01-09,1421.666748046875,1648.0,1650.0,1641.0,1646.0,14700
2018-01-10,1444.95849609375,1675.0,1679.0,1645.0,1649.0,17800
2018-01-11,1448.4091796875,1679.0,1679.0,1658.0,1670.0,14800
2018-01-12,1475.15185546875,1710.0,1717.0,1679.0,1679.0,16500
2018-01-15,1470.83837890625,1705.0,1722.0,1696.0,1710.0,13800
2018-01-16,1463.074462890625,1696.0,1714.0,1692.0,1706.0,14300
2018-01-17,1427.705322265625,1655.0,1687.0,1655.0,1682.0,24800
2018-01-18,1424.254638671875,1651.0,1676.0,1650.0,1676.0,15400
2018-01-19,1432.0185546875,1660.0,1673.0,1645.0,1650.0,11700
2018-01-22,1439.782470703125,1669.0,1674.0,1657.0,1669.0,7200
2018-01-23,1441.5078125,1671.0,1677.0,1667.0,1675.0,10000
2018-01-24,1468.25048828125,1702.0,1719.0,1682.0,1683.0,22700
2018-01-25,1463.074462890625,1696.0,1718.0,1686.0,1702.0,13500
2018-01-26,1461.3489990234375,1694.0,1705.0,1694.0,1704.0,9500
2018-01-29,1459.6239013671875,1692.0,1704.0,1684.0,1697.0,11200
2018-01-30,1459.6239013671875,1692.0,1705.0,1676.0,1690.0,17700
2018-01-31,1448.4091796875,1679.0,1690.0,1670.0,1690.0,16900
2018-02-01,1444.95849609375,1675.0,1682.0,1671.0,1675.0,17100
2018-02-02,1445.8212890625,1676.0,1690.0,1671.0,1675.0,19300
2018-02-05,1414.7655029296875,1640.0,1656.0,1638.0,1648.0,14700
2018-02-06,1316.421875,1526.0,1570.0,1503.0,1553.0,48000
2018-02-07,1343.16455078125,1557.0,1584.0,1557.0,1560.0,25300
2018-02-08,1384.572265625,1605.0,1625.0,1565.0,1577.0,15500
2018-02-09,1254.3101806640625,1454.0,1480.0,1382.0,1382.0,83200
2018-02-12,1254.3101806640625,1454.0,1454.0,1454.0,1454.0,0
2018-02-13,1259.486328125,1460.0,1480.0,1460.0,1480.0,17900
2018-02-14,1229.2930908203125,1425.0,1461.0,1408.0,1461.0,16800
2018-02-15,1243.0955810546875,1441.0,1452.0,1435.0,1452.0,5400
2018-02-16,1252.5850830078125,1452.0,1458.0,1441.0,1444.0,3900
2018-02-19,1288.8167724609375,1494.0,1497.0,1454.0,1456.0,7300
2018-02-20,1288.8167724609375,1494.0,1496.0,1466.0,1490.0,6400
2018-02-21,1295.718017578125,1502.0,1525.0,1493.0,1493.0,7700
2018-02-22,1286.2288818359375,1491.0,1509.0,1490.0,1502.0,6700
2018-02-23,1305.2073974609375,1513.0,1522.0,1490.0,1490.0,3900
2018-02-26,1311.2459716796875,1520.0,1535.0,1513.0,1514.0,5500
2018-02-27,1319.8724365234375,1530.0,1533.0,1522.0,1533.0,3300
2018-02-28,1327.6365966796875,1539.0,1539.0,1522.0,1533.0,9600
2018-03-01,1319.0098876953125,1529.0,1539.0,1523.0,1539.0,5400
2018-03-02,1304.3448486328125,1512.0,1525.0,1501.0,1518.0,16700
2018-03-05,1285.3660888671875,1490.0,1505.0,1490.0,1505.0,7800
2018-03-06,1313.834228515625,1523.0,1524.0,1496.0,1496.0,3700
2018-03-07,1308.657958984375,1517.0,1525.0,1514.0,1523.0,4900
2018-03-08,1308.657958984375,1517.0,1526.0,1509.0,1522.0,2500
2018-03-09,1298.30615234375,1505.0,1519.0,1502.0,1515.0,3800
2018-03-12,1300.89404296875,1508.0,1516.0,1506.0,1506.0,6800
2018-03-13,1308.657958984375,1517.0,1518.0,1508.0,1508.0,2500
2018-03-14,1324.1859130859375,1535.0,1596.0,1510.0,1510.0,4900
2018-03-15,1319.8724365234375,1530.0,1550.0,1525.0,1535.0,5000
2018-03-16,1319.0098876953125,1529.0,1543.0,1522.0,1527.0,2000
2018-03-19,1305.2073974609375,1513.0,1524.0,1502.0,1521.0,10800
2018-03-20,1314.69677734375,1524.0,1532.0,1513.0,1513.0,3500
2018-03-21,1314.69677734375,1524.0,1524.0,1524.0,1524.0,0
2018-03-22,1306.932861328125,1515.0,1524.0,1508.0,1524.0,2600
2018-03-23,1292.2674560546875,1498.0,1509.0,1491.0,1501.0,9100
2018-03-26,1305.2073974609375,1513.0,1515.0,1498.0,1498.0,5100
2018-03-27,1309.5206298828125,1518.0,1526.0,1515.0,1515.0,2400
2018-03-28,1311.28076171875,1490.0,1514.0,1490.0,1514.0,4700
2018-03-29,1312.1607666015625,1491.0,1510.0,1491.0,1494.0,1800
2018-03-30,1315.6810302734375,1495.0,1505.0,1495.0,1504.0,1400
2018-04-02,1313.9208984375,1493.0,1503.0,1493.0,1495.0,2400
2018-04-03,1307.7606201171875,1486.0,1486.0,1484.0,1484.0,200
2018-04-04,1307.7606201171875,1486.0,1486.0,1486.0,1486.0,0
2018-04-05,1298.080078125,1475.0,1515.0,1470.0,1478.0,19700
2018-04-06,1285.7591552734375,1461.0,1479.0,1446.0,1473.0,5600
2018-04-09,1288.3992919921875,1464.0,1468.0,1455.0,1457.0,4900
2018-04-10,1280.4788818359375,1455.0,1475.0,1450.0,1450.0,9400
2018-04-11,1297.199951171875,1474.0,1476.0,1466.0,1466.0,4100
2018-04-12,1320.0814208984375,1500.0,1501.0,1474.0,1474.0,7600
2018-04-13,1313.9208984375,1493.0,1519.0,1476.0,1501.0,11800
2018-04-16,1333.2821044921875,1515.0,1517.0,1488.0,1488.0,5700
2018-04-17,1311.28076171875,1490.0,1517.0,1484.0,1512.0,4100
2018-04-18,1313.0408935546875,1492.0,1500.0,1480.0,1489.0,3700
2018-04-19,1320.0814208984375,1500.0,1516.0,1486.0,1493.0,5100
2018-04-20,1310.4007568359375,1489.0,1507.0,1482.0,1482.0,6400
2018-04-23,1330.64208984375,1512.0,1512.0,1500.0,1500.0,2600
2018-04-24,1330.64208984375,1512.0,1520.0,1511.0,1511.0,2300
2018-04-25,1329.761962890625,1511.0,1512.0,1504.0,1512.0,4400
2018-04-26,1323.6015625,1504.0,1517.0,1497.0,1511.0,3100
2018-04-27,1334.1622314453125,1516.0,1516.0,1505.0,1515.0,900
2018-04-30,1334.1622314453125,1516.0,1516.0,1516.0,1516.0,0
2018-05-01,1316.5611572265625,1496.0,1496.0,1481.0,1481.0,5200
2018-05-04,1316.5611572265625,1496.0,1496.0,1496.0,1496.0,0
2018-05-07,1327.121826171875,1508.0,1515.0,1507.0,1515.0,1100
2018-05-08,1317.4412841796875,1497.0,1502.0,1487.0,1494.0,9200
2018-05-09,1312.1607666015625,1491.0,1500.0,1490.0,1499.0,4800
2018-05-10,1308.6407470703125,1487.0,1490.0,1485.0,1490.0,2300
2018-05-11,1312.1607666015625,1491.0,1499.0,1490.0,1498.0,1400
2018-05-14,1363.2039794921875,1549.0,1598.0,1486.0,1498.0,40800
2018-05-15,1342.962646484375,1526.0,1547.0,1501.0,1547.0,8400
2018-05-16,1341.20263671875,1524.0,1529.0,1508.0,1510.0,1300
2018-05-17,1346.4830322265625,1530.0,1530.0,1524.0,1524.0,4000
2018-05-18,1336.80224609375,1519.0,1527.0,1507.0,1527.0,2300
2018-05-21,1341.20263671875,1524.0,1524.0,1510.0,1511.0,2200
2018-05-22,1341.20263671875,1524.0,1525.0,1510.0,1525.0,2100
2018-05-23,1341.20263671875,1524.0,1524.0,1514.0,1517.0,1000
2018-05-24,1332.402099609375,1514.0,1523.0,1512.0,1514.0,2900
2018-05-25,1332.402099609375,1514.0,1522.0,1514.0,1514.0,1800
2018-05-28,1318.321044921875,1498.0,1514.0,1498.0,1514.0,6300
2018-05-29,1307.7606201171875,1486.0,1506.0,1486.0,1498.0,1600
2018-05-30,1303.360107421875,1481.0,1483.0,1475.0,1480.0,1800
2018-05-31,1306.00048828125,1484.0,1485.0,1475.0,1477.0,1600
2018-06-01,1309.5206298828125,1488.0,1488.0,1484.0,1484.0,500
2018-06-04,1306.88037109375,1485.0,1507.0,1482.0,1493.0,2800
2018-06-05,1304.2403564453125,1482.0,1499.0,1482.0,1485.0,2600
2018-06-06,1300.72021484375,1478.0,1478.0,1475.0,1475.0,800
2018-06-07,1309.5206298828125,1488.0,1490.0,1475.0,1480.0,2400
2018-06-08,1312.1607666015625,1491.0,1491.0,1485.0,1489.0,1300
2018-06-11,1312.1607666015625,1491.0,1491.0,1478.0,1483.0,2400
2018-06-12,1319.201416015625,1499.0,1500.0,1495.0,1496.0,1100
2018-06-13,1320.0814208984375,1500.0,1500.0,1492.0,1494.0,6500
2018-06-14,1327.121826171875,1508.0,1508.0,1496.0,1501.0,2000
2018-06-15,1346.4830322265625,1530.0,1530.0,1508.0,1509.0,5200
2018-06-18,1335.92236328125,1518.0,1527.0,1491.0,1521.0,7700
2018-06-19,1327.121826171875,1508.0,1512.0,1507.0,1508.0,1000
2018-06-20,1312.1607666015625,1491.0,1508.0,1473.0,1508.0,3800
2018-06-21,1311.28076171875,1490.0,1493.0,1487.0,1491.0,3400
2018-06-22,1292.7998046875,1469.0,1485.0,1433.0,1485.0,3700
2018-06-25,1280.4788818359375,1455.0,1471.0,1455.0,1469.0,9200
2018-06-26,1279.5987548828125,1454.0,1462.0,1452.0,1452.0,9100
2018-06-27,1281.35888671875,1456.0,1460.0,1456.0,1460.0,200
2018-06-28,1288.3992919921875,1464.0,1464.0,1464.0,1464.0,300
2018-06-29,1288.3992919921875,1464.0,1464.0,1455.0,1455.0,1700
2018-07-02,1261.11767578125,1433.0,1462.0,1430.0,1461.0,2500
2018-07-03,1261.11767578125,1433.0,1445.0,1431.0,1435.0,1500
2018-07-04,1255.8375244140625,1427.0,1432.0,1420.0,1430.0,2600
2018-07-05,1232.075927734375,1400.0,1417.0,1400.0,1416.0,4900
2018-07-06,1243.5166015625,1413.0,1413.0,1401.0,1401.0,1900
2018-07-09,1247.9169921875,1418.0,1423.0,1405.0,1421.0,3600
2018-07-10,1255.8375244140625,1427.0,1427.0,1418.0,1420.0,1300
2018-07-11,1254.0772705078125,1425.0,1429.0,1425.0,1428.0,1400
2018-07-12,1254.95751953125,1426.0,1435.0,1422.0,1435.0,1600
2018-07-13,1262.8778076171875,1435.0,1435.0,1421.0,1421.0,1300
2018-07-16,1262.8778076171875,1435.0,1435.0,1435.0,1435.0,0
2018-07-17,1267.2779541015625,1440.0,1447.0,1435.0,1435.0,4300
2018-07-18,1284.8792724609375,1460.0,1460.0,1440.0,1442.0,1700
2018-07-19,1276.07861328125,1450.0,1460.0,1450.0,1460.0,4600
2018-07-20,1260.2376708984375,1432.0,1445.0,1422.0,1445.0,2900
2018-07-23,1266.3980712890625,1439.0,1443.0,1426.0,1430.0,2600
2018-07-24,1268.158203125,1441.0,1442.0,1436.0,1439.0,700
2018-07-25,1276.958740234375,1451.0,1464.0,1446.0,1457.0,2700
2018-07-26,1292.7998046875,1469.0,1470.0,1452.0,1453.0,3500
2018-07-27,1298.080078125,1475.0,1487.0,1471.0,1474.0,1600
2018-07-30,1292.7998046875,1469.0,1478.0,1468.0,1475.0,6900
2018-07-31,1287.519287109375,1463.0,1467.0,1457.0,1457.0,1600
2018-08-01,1289.279541015625,1465.0,1484.0,1460.0,1460.0,8100
2018-08-02,1305.120361328125,1483.0,1487.0,1483.0,1487.0,3700
2018-08-03,1305.120361328125,1483.0,1483.0,1483.0,1483.0,200
2018-08-06,1307.7606201171875,1486.0,1486.0,1473.0,1482.0,3600
2018-08-07,1314.8011474609375,1494.0,1494.0,1477.0,1477.0,1400
2018-08-08,1324.481689453125,1505.0,1505.0,1475.0,1494.0,1100
2018-08-09,1320.0814208984375,1500.0,1500.0,1495.0,1495.0,400
2018-08-10,1313.0408935546875,1492.0,1493.0,1481.0,1482.0,1100
2018-08-13,1274.3184814453125,1448.0,1471.0,1448.0,1471.0,3600
2018-08-14,1276.07861328125,1450.0,1468.0,1448.0,1448.0,2900
2018-08-15,1260.2376708984375,1432.0,1454.0,1432.0,1452.0,4400
2018-08-16,1251.4371337890625,1422.0,1444.0,1422.0,1429.0,2200
2018-08-17,1254.0772705078125,1425.0,1432.0,1422.0,1422.0,2200
2018-08-20,1254.0772705078125,1425.0,1430.0,1425.0,1425.0,400
2018-08-21,1243.5166015625,1413.0,1421.0,1413.0,1421.0,800
2018-08-22,1245.2767333984375,1415.0,1428.0,1415.0,1428.0,800
2018-08-23,1245.2767333984375,1415.0,1415.0,1415.0,1415.0,0
2018-08-24,1249.677001953125,1420.0,1421.0,1416.0,1421.0,600
2018-08-27,1256.7174072265625,1428.0,1440.0,1420.0,1420.0,2600
2018-08-28,1249.677001953125,1420.0,1430.0,1420.0,1428.0,5900
2018-08-29,1250.55712890625,1421.0,1425.0,1420.0,1421.0,5700
2018-08-30,1250.55712890625,1421.0,1421.0,1421.0,1421.0,0
2018-08-31,1258.4774169921875,1430.0,1430.0,1410.0,1410.0,9700
2018-09-03,1249.677001953125,1420.0,1433.0,1420.0,1430.0,1600
2018-09-04,1234.7161865234375,1403.0,1413.0,1400.0,1413.0,3900
2018-09-05,1234.7161865234375,1403.0,1403.0,1403.0,1403.0,0
2018-09-06,1246.1568603515625,1416.0,1417.0,1402.0,1408.0,900
2018-09-07,1235.5960693359375,1404.0,1406.0,1404.0,1406.0,1600
2018-09-10,1232.075927734375,1400.0,1400.0,1395.0,1400.0,2900
2018-09-11,1218.875,1385.0,1400.0,1382.0,1400.0,4900
2018-09-12,1219.7552490234375,1386.0,1397.0,1386.0,1397.0,500
2018-09-13,1217.1151123046875,1383.0,1390.0,1383.0,1386.0,2300
2018-09-14,1223.275390625,1390.0,1390.0,1381.0,1386.0,7100
2018-09-17,1223.275390625,1390.0,1390.0,1390.0,1390.0,0
2018-09-18,1221.515380859375,1388.0,1398.0,1381.0,1390.0,4100
2018-09-19,1221.515380859375,1388.0,1394.0,1388.0,1391.0,6400
2018-09-20,1217.9951171875,1384.0,1391.0,1383.0,1389.0,4800
2018-09-21,1232.9560546875,1401.0,1405.0,1390.0,1392.0,4700
2018-09-24,1232.9560546875,1401.0,1401.0,1401.0,1401.0,0
2018-09-25,1238.236328125,1407.0,1422.0,1401.0,1401.0,3300
2018-09-26,1254.3056640625,1405.0,1410.0,1400.0,1407.0,4800
2018-09-27,1249.842041015625,1400.0,1405.0,1400.0,1405.0,1400
2018-09-28,1239.129150390625,1388.0,1391.0,1363.0,1365.0,9600
2018-10-01,1235.55810546875,1384.0,1389.0,1375.0,1388.0,2300
2018-10-02,1231.094482421875,1379.0,1385.0,1379.0,1379.0,3500
2018-10-03,1231.094482421875,1379.0,1391.0,1379.0,1391.0,4800
2018-10-04,1223.952392578125,1371.0,1390.0,1371.0,1390.0,7900
2018-10-05,1223.0595703125,1370.0,1371.0,1365.0,1371.0,7200
2018-10-08,1223.0595703125,1370.0,1370.0,1370.0,1370.0,0
2018-10-09,1222.1668701171875,1369.0,1370.0,1358.0,1358.0,3200
2018-10-10,1209.6685791015625,1355.0,1366.0,1353.0,1353.0,4900
2018-10-11,1213.2393798828125,1359.0,1359.0,1348.0,1350.0,10400
2018-10-12,1209.6685791015625,1355.0,1355.0,1348.0,1355.0,6400
2018-10-15,1214.132080078125,1360.0,1361.0,1348.0,1355.0,2400
2018-10-16,1214.132080078125,1360.0,1360.0,1360.0,1360.0,0
2018-10-17,1217.703125,1364.0,1364.0,1352.0,1352.0,1000
2018-10-18,1207.8829345703125,1353.0,1361.0,1353.0,1353.0,1800
2018-10-19,1201.6337890625,1346.0,1351.0,1346.0,1350.0,2200
2018-10-22,1201.6337890625,1346.0,1346.0,1346.0,1346.0,0
2018-10-23,1198.0628662109375,1342.0,1350.0,1342.0,1350.0,900
2018-10-24,1198.0628662109375,1342.0,1342.0,1342.0,1342.0,0
2018-10-25,1154.3184814453125,1293.0,1340.0,1290.0,1340.0,8400
2018-10-26,1146.2835693359375,1284.0,1299.0,1284.0,1292.0,3900
2018-10-29,1131.999755859375,1268.0,1290.0,1268.0,1290.0,2600
2018-10-30,1138.2489013671875,1275.0,1275.0,1263.0,1263.0,400
2018-10-31,1142.712646484375,1280.0,1280.0,1274.0,1275.0,3700
2018-11-01,1136.4635009765625,1273.0,1273.0,1273.0,1273.0,1900
2018-11-02,1154.3184814453125,1293.0,1293.0,1277.0,1280.0,2400
2018-11-05,1154.3184814453125,1293.0,1293.0,1293.0,1293.0,0
2018-11-06,1165.0313720703125,1305.0,1305.0,1292.0,1292.0,1300
2018-11-07,1180.2078857421875,1322.0,1335.0,1304.0,1304.0,2300
2018-11-08,1149.8546142578125,1288.0,1342.0,1267.0,1316.0,12600
2018-11-09,1116.8231201171875,1251.0,1286.0,1241.0,1286.0,9100
2018-11-12,1111.4666748046875,1245.0,1260.0,1245.0,1245.0,6300
2018-11-13,1107.0029296875,1240.0,1242.0,1230.0,1241.0,3600
2018-11-14,1098.9681396484375,1231.0,1232.0,1231.0,1232.0,2000
2018-11-15,1094.50439453125,1226.0,1235.0,1226.0,1231.0,10700
2018-11-16,1083.7916259765625,1214.0,1226.0,1204.0,1226.0,4100
2018-11-19,1082.898681640625,1213.0,1230.0,1213.0,1230.0,3100
2018-11-20,1095.397216796875,1227.0,1227.0,1208.0,1208.0,3400
2018-11-21,1089.14794921875,1220.0,1229.0,1208.0,1208.0,600
2018-11-22,1082.898681640625,1213.0,1219.0,1212.0,1212.0,2000
2018-11-23,1082.898681640625,1213.0,1213.0,1213.0,1213.0,0
2018-11-26,1094.50439453125,1226.0,1226.0,1213.0,1213.0,5100
2018-11-27,1096.2899169921875,1228.0,1228.0,1224.0,1226.0,2800
2018-11-28,1094.50439453125,1226.0,1228.0,1215.0,1226.0,1500
2018-11-29,1096.2899169921875,1228.0,1230.0,1221.0,1225.0,3900
2018-11-30,1088.2552490234375,1219.0,1228.0,1216.0,1228.0,4000
2018-12-03,1088.2552490234375,1219.0,1219.0,1219.0,1219.0,0
2018-12-04,1082.898681640625,1213.0,1227.0,1213.0,1220.0,4400
2018-12-05,1082.898681640625,1213.0,1215.0,1212.0,1213.0,1800
2018-12-06,1077.5423583984375,1207.0,1212.0,1207.0,1212.0,5100
2018-12-07,1070.4005126953125,1199.0,1207.0,1199.0,1207.0,7700
2018-12-10,1053.438232421875,1180.0,1197.0,1180.0,1196.0,2700
2018-12-11,1030.2269287109375,1154.0,1179.0,1154.0,1175.0,6400
2018-12-12,1022.1921997070312,1145.0,1163.0,1145.0,1160.0,6400
2018-12-13,1018.6212768554688,1141.0,1150.0,1140.0,1146.0,9000
2018-12-14,1016.8358154296876,1139.0,1144.0,1132.0,1140.0,3000
2018-12-17,990.9461669921876,1110.0,1139.0,1110.0,1139.0,9600
2018-12-18,950.772705078125,1065.0,1101.0,1065.0,1101.0,10600
2018-12-19,951.6654052734376,1066.0,1074.0,1061.0,1067.0,6000
2018-12-20,917.7410888671876,1028.0,1065.0,1000.0,1053.0,14600
2018-12-21,880.2459106445312,986.0,1018.0,982.0,1018.0,6700
2018-12-24,880.2459106445312,986.0,986.0,986.0,986.0,0
2018-12-25,812.3972778320312,910.0,986.0,910.0,986.0,31700
2018-12-26,819.5392456054688,918.0,949.0,912.0,912.0,15800
2018-12-27,850.7853393554688,953.0,959.0,937.0,956.0,10900
2018-12-28,839.1796264648438,940.0,960.0,937.0,939.0,4500
2018-12-31,839.1796264648438,940.0,940.0,940.0,940.0,0
2019-01-04,837.3941650390625,938.0,946.0,927.0,929.0,9400
2019-01-07,879.3530883789062,985.0,986.0,951.0,951.0,4400
2019-01-08,876.6749267578125,982.0,989.0,978.0,979.0,5800
2019-01-09,887.3878173828125,994.0,1000.0,978.0,978.0,3100
2019-01-10,883.8167724609375,990.0,999.0,990.0,994.0,600
2019-01-11,898.1007690429688,1006.0,1007.0,991.0,991.0,1200
2019-01-15,892.7442626953125,1000.0,1006.0,1000.0,1006.0,3000
2019-01-16,893.6370849609375,1001.0,1006.0,997.0,1000.0,2800
2019-01-17,892.7442626953125,1000.0,1015.0,999.0,1015.0,3100
2019-01-18,892.7442626953125,1000.0,1006.0,999.0,999.0,2000
2019-01-21,892.7442626953125,1000.0,1015.0,1000.0,1015.0,1300
2019-01-22,902.564453125,1011.0,1011.0,1004.0,1005.0,3400
2019-01-23,896.3152465820312,1004.0,1013.0,1000.0,1009.0,3400
2019-01-24,895.4224853515625,1003.0,1015.0,1002.0,1002.0,2100
2019-01-25,913.2774047851562,1023.0,1039.0,1003.0,1003.0,9700
2019-01-28,919.5266723632812,1030.0,1036.0,1025.0,1025.0,1100
2019-01-29,922.204833984375,1033.0,1043.0,1026.0,1031.0,4300
2019-01-30,928.4540405273438,1040.0,1040.0,1029.0,1033.0,700
2019-01-31,945.4161987304688,1059.0,1060.0,1035.0,1049.0,4900
2019-02-01,950.772705078125,1065.0,1100.0,1054.0,1054.0,2500
2019-02-04,953.4509887695312,1068.0,1069.0,1060.0,1060.0,900
2019-02-05,954.3436279296876,1069.0,1081.0,1069.0,1075.0,1600
2019-02-06,948.9871826171876,1063.0,1069.0,1045.0,1065.0,4500
2019-02-07,937.3814086914062,1050.0,1070.0,1050.0,1070.0,2000
2019-02-08,915.0629272460938,1025.0,1040.0,1025.0,1040.0,1200
2019-02-12,949.8799438476562,1064.0,1064.0,1019.0,1020.0,1300
2019-02-13,923.9903564453124,1035.0,1064.0,1030.0,1064.0,1100
2019-02-14,935.5960083007812,1048.0,1048.0,1037.0,1037.0,600
2019-02-15,926.6685180664062,1038.0,1048.0,1034.0,1048.0,1900
2019-02-18,930.239501953125,1042.0,1042.0,1040.0,1041.0,1000
2019-02-19,930.239501953125,1042.0,1043.0,1042.0,1042.0,600
2019-02-20,942.7379760742188,1056.0,1068.0,1037.0,1043.0,1700
2019-02-21,942.7379760742188,1056.0,1056.0,1047.0,1047.0,2400
2019-02-22,942.7379760742188,1056.0,1056.0,1056.0,1056.0,0
2019-02-25,946.3089599609376,1060.0,1070.0,1056.0,1056.0,1400
2019-02-26,944.5234985351562,1058.0,1065.0,1058.0,1060.0,4600
2019-02-27,956.1290283203124,1071.0,1072.0,1060.0,1060.0,1100
2019-02-28,960.5927734375,1076.0,1078.0,1056.0,1060.0,7400
2019-03-01,948.9871826171876,1063.0,1068.0,1060.0,1065.0,1400
2019-03-04,940.9524536132812,1054.0,1076.0,1032.0,1076.0,2400
2019-03-05,923.9903564453124,1035.0,1053.0,1021.0,1053.0,1000
2019-03-06,923.9903564453124,1035.0,1035.0,1035.0,1035.0,0
2019-03-07,924.883056640625,1036.0,1055.0,1034.0,1034.0,1100
2019-03-08,896.3152465820312,1004.0,1037.0,1004.0,1037.0,6600
2019-03-11,910.5991821289062,1020.0,1032.0,1005.0,1005.0,700
2019-03-12,917.7410888671876,1028.0,1043.0,1028.0,1033.0,500
2019-03-13,940.9524536132812,1054.0,1054.0,1025.0,1040.0,700
2019-03-14,940.9524536132812,1054.0,1054.0,1054.0,1054.0,0
2019-03-15,915.95556640625,1026.0,1054.0,1025.0,1054.0,3500
2019-03-18,928.4540405273438,1040.0,1040.0,1035.0,1035.0,200
2019-03-19,923.9903564453124,1035.0,1053.0,1032.0,1053.0,1500
2019-03-20,930.239501953125,1042.0,1042.0,1042.0,1042.0,100
2019-03-22,932.9177856445312,1045.0,1052.0,1039.0,1049.0,800
2019-03-25,932.9177856445312,1045.0,1062.0,1045.0,1045.0,10700
2019-03-26,905.24267578125,1014.0,1068.0,1014.0,1068.0,2400
2019-03-27,928.9210815429688,1020.0,1044.0,1014.0,1015.0,1000
2019-03-28,924.3675537109376,1015.0,1025.0,995.0,1025.0,3300
2019-03-29,924.3675537109376,1015.0,1015.0,1015.0,1015.0,0
2019-04-01,962.6173095703124,1057.0,1057.0,990.0,1010.0,8500
2019-04-02,945.3137817382812,1038.0,1054.0,1030.0,1054.0,1400
2019-04-03,928.9210815429688,1020.0,1020.0,1010.0,1010.0,500
2019-04-04,928.9210815429688,1020.0,1020.0,1020.0,1020.0,0
2019-04-05,919.8140869140624,1010.0,1017.0,1010.0,1011.0,400
2019-04-08,910.7069702148438,1000.0,1040.0,1000.0,1012.0,2500
2019-04-10,913.4390258789062,1003.0,1004.0,996.0,996.0,1800
2019-04-11,920.7247924804688,1011.0,1011.0,996.0,996.0,1800
2019-04-12,917.0819091796876,1007.0,1015.0,999.0,1015.0,5100
2019-04-15,908.885498046875,998.0,1013.0,998.0,1008.0,2400
2019-04-16,909.7962036132812,999.0,1031.0,996.0,1000.0,2400
2019-04-17,916.1712036132812,1006.0,1015.0,1001.0,1005.0,2800
2019-04-18,907.974853515625,997.0,1015.0,997.0,1006.0,1400
2019-04-19,909.7962036132812,999.0,1008.0,998.0,998.0,600
2019-04-22,911.61767578125,1001.0,1004.0,1001.0,1001.0,2200
2019-04-23,911.61767578125,1001.0,1001.0,1001.0,1001.0,200
2019-04-24,908.885498046875,998.0,1002.0,995.0,1001.0,3000
2019-04-25,912.5283203125,1002.0,1007.0,1002.0,1007.0,2800
2019-04-26,907.0641479492188,996.0,1003.0,995.0,1003.0,5500
2019-05-07,901.599853515625,990.0,1010.0,990.0,996.0,5400
2019-05-08,883.3857421875,970.0,982.0,965.0,979.0,3100
2019-05-09,934.3853149414062,1026.0,1060.0,963.0,979.0,17000
2019-05-10,934.3853149414062,1026.0,1042.0,1019.0,1042.0,5500
2019-05-13,917.0819091796876,1007.0,1056.0,1007.0,1056.0,9000
2019-05-14,923.4568481445312,1014.0,1030.0,1000.0,1000.0,4100
2019-05-15,929.8318481445312,1021.0,1029.0,1017.0,1017.0,1100
2019-05-16,922.546142578125,1013.0,1029.0,1013.0,1026.0,6300
2019-05-17,930.7424926757812,1022.0,1025.0,1017.0,1020.0,1900
2019-05-20,934.3853149414062,1026.0,1069.0,1026.0,1042.0,5100
2019-05-21,945.3137817382812,1038.0,1038.0,1011.0,1022.0,1300
2019-05-22,947.13525390625,1040.0,1040.0,1028.0,1038.0,900
2019-05-23,928.9210815429688,1020.0,1031.0,1020.0,1031.0,400
2019-05-24,941.6710205078124,1034.0,1034.0,1021.0,1021.0,1800
2019-05-27,949.8673706054688,1043.0,1048.0,1029.0,1034.0,4900
2019-05-28,933.4746704101562,1025.0,1043.0,1025.0,1043.0,2100
2019-05-29,921.6354370117188,1012.0,1021.0,1012.0,1021.0,1500
2019-05-30,924.3675537109376,1015.0,1019.0,1010.0,1012.0,900
2019-05-31,913.4390258789062,1003.0,1009.0,1001.0,1009.0,1100
2019-06-03,910.7069702148438,1000.0,1014.0,1000.0,1000.0,2900
2019-06-04,910.7069702148438,1000.0,1012.0,1000.0,1000.0,2200
2019-06-05,920.7247924804688,1011.0,1029.0,1007.0,1007.0,3300
2019-06-06,912.5283203125,1002.0,1010.0,1000.0,1010.0,2300
2019-06-07,918.9033203125,1009.0,1035.0,1005.0,1005.0,1300
2019-06-10,925.2782592773438,1016.0,1030.0,1013.0,1015.0,1400
2019-06-11,925.2782592773438,1016.0,1030.0,1016.0,1016.0,1100
2019-06-12,930.7424926757812,1022.0,1031.0,1020.0,1025.0,1200
2019-06-13,928.9210815429688,1020.0,1030.0,1020.0,1020.0,3900
2019-06-14,928.9210815429688,1020.0,1020.0,1020.0,1020.0,400
2019-06-17,947.13525390625,1040.0,1040.0,1027.0,1027.0,3800
2019-06-18,939.849609375,1032.0,1052.0,1032.0,1044.0,5900
2019-06-19,948.0459594726562,1041.0,1044.0,1031.0,1031.0,1300
2019-06-20,947.13525390625,1040.0,1052.0,1040.0,1041.0,2500
2019-06-21,948.0459594726562,1041.0,1055.0,1036.0,1046.0,2900
2019-06-24,954.4208984375,1048.0,1048.0,1045.0,1045.0,800
2019-06-25,959.8851318359376,1054.0,1056.0,1048.0,1048.0,8400
2019-06-26,959.8851318359376,1054.0,1055.0,1054.0,1054.0,6400
2019-06-27,958.063720703125,1052.0,1052.0,1049.0,1050.0,900
2019-06-28,958.9744873046876,1053.0,1053.0,1045.0,1050.0,500
2019-07-01,972.6350708007812,1068.0,1071.0,1052.0,1052.0,3800
2019-07-02,974.4563598632812,1070.0,1078.0,1069.0,1076.0,4200
2019-07-03,953.5101928710938,1047.0,1087.0,1041.0,1065.0,7900
2019-07-04,966.2601318359376,1061.0,1065.0,1048.0,1048.0,1800
2019-07-05,982.6527709960938,1079.0,1080.0,1061.0,1061.0,3600
2019-07-08,992.6705932617188,1090.0,1096.0,1079.0,1090.0,4200
2019-07-09,990.8491821289062,1088.0,1091.0,1080.0,1090.0,4300
2019-07-10,990.8491821289062,1088.0,1088.0,1080.0,1080.0,3300
2019-07-11,998.1348266601562,1096.0,1098.0,1085.0,1085.0,500
2019-07-12,989.0277099609376,1086.0,1092.0,1086.0,1092.0,1000
2019-07-16,992.6705932617188,1090.0,1098.0,1086.0,1086.0,4900
2019-07-17,989.0277099609376,1086.0,1093.0,1086.0,1092.0,3600
2019-07-18,985.3848266601562,1082.0,1093.0,1077.0,1086.0,6000
2019-07-19,999.9562377929688,1098.0,1104.0,1080.0,1080.0,5500
2019-07-22,1004.5098266601562,1103.0,1103.0,1092.0,1097.0,900
2019-07-23,1006.3311767578124,1105.0,1105.0,1100.0,1100.0,2400
2019-07-24,1010.8847045898438,1110.0,1114.0,1099.0,1110.0,4100
2019-07-25,1021.8130493164062,1122.0,1122.0,1110.0,1114.0,3700
2019-07-26,1061.88427734375,1166.0,1187.0,1122.0,1122.0,18700
2019-07-29,1060.9736328125,1165.0,1220.0,1160.0,1180.0,14700
2019-07-30,1063.70556640625,1168.0,1170.0,1150.0,1166.0,3200
2019-07-31,1052.77734375,1156.0,1182.0,1141.0,1141.0,3600
2019-08-01,1043.6702880859375,1146.0,1155.0,1142.0,1150.0,2000
2019-08-02,1015.438232421875,1115.0,1138.0,1115.0,1138.0,4700
2019-08-05,954.4208984375,1048.0,1068.0,1040.0,1055.0,4700
2019-08-06,962.6173095703124,1057.0,1060.0,1041.0,1047.0,1100
2019-08-07,978.0992431640624,1074.0,1098.0,1070.0,1072.0,900
2019-08-08,978.0992431640624,1074.0,1077.0,1074.0,1077.0,400
2019-08-09,978.0992431640624,1074.0,1076.0,1074.0,1076.0,500
2019-08-13,979.9205932617188,1076.0,1077.0,1070.0,1074.0,2300
2019-08-14,993.581298828125,1091.0,1091.0,1084.0,1089.0,1100
2019-08-15,982.6527709960938,1079.0,1090.0,1079.0,1090.0,2700
2019-08-16,989.0277099609376,1086.0,1086.0,1080.0,1080.0,200
2019-08-19,994.491943359375,1092.0,1095.0,1091.0,1091.0,1500
2019-08-20,974.4563598632812,1070.0,1105.0,1070.0,1098.0,6000
2019-08-21,979.9205932617188,1076.0,1076.0,1070.0,1070.0,300
2019-08-22,979.9205932617188,1076.0,1092.0,1074.0,1092.0,1700
2019-08-23,992.6705932617188,1090.0,1097.0,1077.0,1077.0,1800
2019-08-26,990.8491821289062,1088.0,1114.0,1085.0,1090.0,7700
2019-08-27,990.8491821289062,1088.0,1088.0,1088.0,1088.0,0
2019-08-28,992.6705932617188,1090.0,1091.0,1090.0,1091.0,300
2019-08-29,1010.8847045898438,1110.0,1117.0,1090.0,1090.0,800
2019-08-30,1007.2418823242188,1106.0,1110.0,1101.0,1110.0,700
2019-09-02,1014.5275268554688,1114.0,1129.0,1107.0,1129.0,1200
2019-09-03,1012.7061767578124,1112.0,1114.0,1100.0,1114.0,800
2019-09-04,1012.7061767578124,1112.0,1112.0,1099.0,1100.0,400
2019-09-05,1015.438232421875,1115.0,1119.0,1093.0,1113.0,5300
2019-09-06,997.2241821289062,1095.0,1118.0,1095.0,1118.0,2400
2019-09-09,997.2241821289062,1095.0,1106.0,1093.0,1101.0,1000
2019-09-10,1009.0633544921876,1108.0,1108.0,1104.0,1104.0,800
2019-09-11,1018.1703491210938,1118.0,1130.0,1105.0,1108.0,2400
2019-09-12,1024.545166015625,1125.0,1132.0,1100.0,1132.0,1600
2019-09-13,1026.36669921875,1127.0,1128.0,1116.0,1128.0,1200
2019-09-17,1038.205810546875,1140.0,1143.0,1127.0,1127.0,3500
2019-09-18,1045.4915771484375,1148.0,1148.0,1147.0,1148.0,800
2019-09-19,1053.68798828125,1157.0,1174.0,1148.0,1148.0,4400
2019-09-20,1060.9736328125,1165.0,1173.0,1165.0,1173.0,1200
2019-09-24,1060.9736328125,1165.0,1180.0,1165.0,1180.0,1900
2019-09-25,1061.88427734375,1166.0,1176.0,1165.0,1165.0,1000
2019-09-26,1065.527099609375,1170.0,1170.0,1166.0,1170.0,800
2019-09-27,1077.5721435546875,1163.0,1189.0,1163.0,1170.0,3200
2019-09-30,1068.306884765625,1153.0,1160.0,1153.0,1158.0,500
2019-10-01,1048.8492431640625,1132.0,1158.0,1130.0,1150.0,2000
2019-10-02,1058.11474609375,1142.0,1146.0,1118.0,1118.0,2500
2019-10-03,1043.2900390625,1126.0,1142.0,1112.0,1112.0,1400
2019-10-04,1035.877685546875,1118.0,1134.0,1117.0,1134.0,600
2019-10-07,1031.2449951171875,1113.0,1130.0,1113.0,1117.0,1300
2019-10-08,1052.5555419921875,1136.0,1136.0,1120.0,1120.0,900
2019-10-09,1046.9962158203125,1130.0,1140.0,1129.0,1136.0,700
2019-10-10,1046.9962158203125,1130.0,1130.0,1125.0,1130.0,5900
2019-10-11,1051.62890625,1135.0,1140.0,1120.0,1120.0,1500
2019-10-15,1069.2333984375,1154.0,1155.0,1137.0,1137.0,4300
2019-10-16,1074.7926025390625,1160.0,1166.0,1154.0,1154.0,2400
2019-10-17,1056.2615966796875,1140.0,1162.0,1140.0,1160.0,2400
2019-10-18,1073.8660888671875,1159.0,1159.0,1145.0,1157.0,1200
2019-10-21,1068.306884765625,1153.0,1171.0,1153.0,1171.0,400
2019-10-23,1066.4537353515625,1151.0,1153.0,1131.0,1153.0,1000
2019-10-24,1051.62890625,1135.0,1150.0,1133.0,1143.0,2200
2019-10-25,1053.4820556640625,1137.0,1140.0,1137.0,1137.0,800
2019-10-28,1075.7191162109375,1161.0,1162.0,1150.0,1150.0,1600
2019-10-29,1077.5721435546875,1163.0,1165.0,1161.0,1163.0,4100
2019-10-30,1080.351806640625,1166.0,1173.0,1166.0,1167.0,2200
2019-10-31,1076.6456298828125,1162.0,1180.0,1150.0,1180.0,2400
2019-11-01,1080.351806640625,1166.0,1166.0,1160.0,1160.0,2300
2019-11-05,1087.7642822265625,1174.0,1180.0,1170.0,1179.0,1400
2019-11-06,1059.9678955078125,1144.0,1188.0,1131.0,1173.0,14200
2019-11-07,1046.9962158203125,1130.0,1138.0,1130.0,1138.0,4800
2019-11-08,1065.527099609375,1150.0,1150.0,1135.0,1139.0,1900
2019-11-11,1058.11474609375,1142.0,1142.0,1140.0,1140.0,3500
2019-11-12,1059.9678955078125,1144.0,1151.0,1140.0,1151.0,700
2019-11-13,1060.8944091796875,1145.0,1152.0,1138.0,1150.0,2400
2019-11-14,1043.2900390625,1126.0,1151.0,1126.0,1151.0,3300
2019-11-15,1047.9227294921875,1131.0,1140.0,1128.0,1129.0,1300
2019-11-18,1052.5555419921875,1136.0,1145.0,1131.0,1131.0,1900
2019-11-20,1057.188232421875,1141.0,1148.0,1141.0,1144.0,700
2019-11-21,1054.40869140625,1138.0,1149.0,1138.0,1149.0,1200
2019-11-22,1046.9962158203125,1130.0,1138.0,1130.0,1138.0,1400
2019-11-26,1056.2615966796875,1140.0,1140.0,1136.0,1136.0,1900
2019-11-27,1058.11474609375,1142.0,1144.0,1139.0,1142.0,4500
2019-11-28,1056.2615966796875,1140.0,1148.0,1140.0,1146.0,2300
2019-11-29,1057.188232421875,1141.0,1143.0,1141.0,1142.0,700
2019-12-03,1046.9962158203125,1130.0,1130.0,1130.0,1130.0,900
2019-12-04,1050.702392578125,1134.0,1138.0,1126.0,1126.0,8800
2019-12-05,1049.77587890625,1133.0,1142.0,1133.0,1140.0,4100
2019-12-06,1059.0413818359375,1143.0,1150.0,1135.0,1135.0,4600
2019-12-09,1064.6005859375,1149.0,1154.0,1144.0,1154.0,1700
2019-12-10,1072.939453125,1158.0,1158.0,1148.0,1149.0,2500
2019-12-11,1071.0865478515625,1156.0,1159.0,1149.0,1159.0,3100
2019-12-12,1072.012939453125,1157.0,1157.0,1152.0,1156.0,600
2019-12-13,1072.012939453125,1157.0,1160.0,1157.0,1157.0,2800
2019-12-16,1075.7191162109375,1161.0,1163.0,1157.0,1157.0,4500
2019-12-17,1080.351806640625,1166.0,1170.0,1162.0,1165.0,8000
2019-12-18,1071.0865478515625,1156.0,1167.0,1156.0,1167.0,9200
2019-12-19,1075.7191162109375,1161.0,1161.0,1156.0,1156.0,1800
2019-12-20,1081.2783203125,1167.0,1167.0,1160.0,1161.0,3700
2019-12-23,1075.7191162109375,1161.0,1162.0,1157.0,1161.0,900
2019-12-24,1075.7191162109375,1161.0,1165.0,1150.0,1158.0,3800
2019-12-25,1081.2783203125,1167.0,1167.0,1161.0,1161.0,4600
2019-12-26,1081.2783203125,1167.0,1171.0,1167.0,1167.0,13900
2019-12-27,1103.515625,1191.0,1195.0,1166.0,1167.0,7600
2019-12-30,1105.3685302734375,1193.0,1206.0,1188.0,1199.0,3100
2020-01-06,1085.9111328125,1172.0,1188.0,1170.0,1188.0,700
2020-01-07,1088.690673828125,1175.0,1179.0,1170.0,1174.0,3200
2020-01-08,1084.0579833984375,1170.0,1172.0,1165.0,1172.0,3600
2020-01-09,1093.323486328125,1180.0,1188.0,1170.0,1170.0,1000
2020-01-10,1081.2783203125,1167.0,1188.0,1167.0,1188.0,1900
2020-01-14,1082.204833984375,1168.0,1179.0,1167.0,1171.0,1900
2020-01-15,1081.2783203125,1167.0,1179.0,1167.0,1168.0,2500
2020-01-16,1081.2783203125,1167.0,1169.0,1160.0,1169.0,1600
2020-01-17,1080.351806640625,1166.0,1173.0,1162.0,1173.0,1000
2020-01-20,1082.204833984375,1168.0,1179.0,1165.0,1165.0,2400
2020-01-21,1081.2783203125,1167.0,1174.0,1163.0,1174.0,1800
2020-01-22,1081.2783203125,1167.0,1172.0,1167.0,1167.0,3400
2020-01-23,1083.1314697265625,1169.0,1175.0,1164.0,1175.0,2300
2020-01-24,1082.204833984375,1168.0,1170.0,1163.0,1163.0,2800
2020-01-27,1084.0579833984375,1170.0,1174.0,1168.0,1168.0,3800
2020-01-28,1084.984619140625,1171.0,1173.0,1165.0,1165.0,2700
2020-01-30,1066.4537353515625,1151.0,1174.0,1150.0,1165.0,2500
2020-01-31,1069.2333984375,1154.0,1159.0,1154.0,1154.0,800
2020-02-03,1059.9678955078125,1144.0,1145.0,1140.0,1140.0,1600
2020-02-04,1075.7191162109375,1161.0,1189.0,1145.0,1145.0,1500
2020-02-05,1095.1766357421875,1182.0,1182.0,1160.0,1161.0,1500
2020-02-06,1078.498779296875,1164.0,1180.0,1156.0,1156.0,2200
2020-02-07,1083.1314697265625,1169.0,1179.0,1160.0,1160.0,1600
2020-02-10,1074.7926025390625,1160.0,1171.0,1160.0,1165.0,1800
2020-02-12,1065.527099609375,1150.0,1162.0,1150.0,1160.0,2900
2020-02-13,1065.527099609375,1150.0,1163.0,1150.0,1150.0,900
2020-02-14,1079.42529296875,1165.0,1165.0,1150.0,1150.0,200
2020-02-17,1079.42529296875,1165.0,1170.0,1165.0,1170.0,1400
2020-02-18,1082.204833984375,1168.0,1168.0,1165.0,1165.0,500
2020-02-19,1084.0579833984375,1170.0,1175.0,1164.0,1168.0,3300
2020-02-20,1072.012939453125,1157.0,1168.0,1154.0,1168.0,600
2020-02-21,1067.3802490234375,1152.0,1158.0,1152.0,1155.0,1400
2020-02-25,1056.2615966796875,1140.0,1152.0,1140.0,1152.0,7700
2020-02-26,1037.730712890625,1120.0,1126.0,1108.0,1126.0,1700
2020-02-27,1024.7591552734375,1106.0,1114.0,1075.0,1111.0,10200
2020-02-28,986.7708129882812,1065.0,1083.0,1060.0,1070.0,4600
2020-03-02,945.0762329101562,1020.0,1054.0,1006.0,1006.0,3600
2020-03-03,960.8274536132812,1037.0,1065.0,1037.0,1050.0,4400
2020-03-04,943.22314453125,1018.0,1020.0,999.0,1016.0,4900
2020-03-05,926.5453491210938,1000.0,1006.0,1000.0,1006.0,2900
2020-03-06,911.7206420898438,984.0,1004.0,980.0,998.0,3800
2020-03-09,869.0995483398438,938.0,969.0,938.0,969.0,7400
2020-03-10,911.7206420898438,984.0,1000.0,869.0,922.0,5400
2020-03-11,903.3817138671876,975.0,985.0,975.0,985.0,500
2020-03-12,833.8908081054688,900.0,975.0,900.0,975.0,700
2020-03-13,744.9425048828125,804.0,842.0,752.0,841.0,10700
2020-03-16,750.5016479492188,810.0,842.0,804.0,804.0,3400
2020-03-17,785.71044921875,848.0,848.0,810.0,810.0,3700
2020-03-18,804.2413330078125,868.0,873.0,858.0,858.0,600
2020-03-19,833.8908081054688,900.0,900.0,870.0,870.0,1000
2020-03-23,826.4784545898438,892.0,910.0,892.0,910.0,1000
2020-03-24,819.0660400390625,884.0,899.0,884.0,899.0,400
2020-03-25,855.2013549804688,923.0,923.0,892.0,892.0,900
2020-03-26,855.2013549804688,923.0,928.0,913.0,923.0,4200
2020-03-27,835.7438354492188,902.0,912.0,895.0,895.0,2400
2020-03-30,846.1669921875,893.0,900.0,893.0,900.0,800
2020-03-31,847.1145629882812,894.0,898.0,850.0,880.0,3700
2020-04-01,823.4256591796875,869.0,869.0,864.0,864.0,500
2020-04-02,810.1598510742188,855.0,855.0,855.0,855.0,100
2020-04-03,791.208740234375,835.0,865.0,835.0,864.0,4300
2020-04-06,791.208740234375,835.0,835.0,835.0,835.0,200
2020-04-07,806.3696899414062,851.0,851.0,850.0,850.0,300
2020-04-08,822.4780883789062,868.0,868.0,851.0,851.0,5800
2020-04-09,831.95361328125,878.0,880.0,854.0,854.0,700
2020-04-10,833.8487548828125,880.0,880.0,878.0,878.0,700
2020-04-13,835.7438354492188,882.0,882.0,882.0,882.0,100
2020-04-14,840.4816284179688,887.0,897.0,887.0,897.0,400
2020-04-15,844.2719116210938,891.0,918.0,888.0,888.0,1100
2020-04-16,871.7510375976562,920.0,920.0,891.0,891.0,400
2020-04-17,864.1705322265625,912.0,925.0,899.0,925.0,2400
2020-04-20,837.6389770507812,884.0,899.0,874.0,890.0,2700
2020-04-21,844.2719116210938,891.0,893.0,880.0,880.0,1800
2020-04-22,831.0060424804688,877.0,899.0,877.0,891.0,2300
2020-04-23,842.3767700195312,889.0,889.0,888.0,888.0,200
2020-04-24,833.8487548828125,880.0,888.0,880.0,888.0,700
2020-04-27,834.7963256835938,881.0,882.0,881.0,881.0,2000
2020-04-28,845.2194213867188,892.0,892.0,892.0,892.0,2700
2020-04-30,851.852294921875,899.0,910.0,895.0,907.0,1300
2020-05-01,841.42919921875,888.0,914.0,888.0,914.0,4000
2020-05-07,841.42919921875,888.0,894.0,888.0,888.0,900
2020-05-08,856.590087890625,904.0,923.0,899.0,899.0,1000
2020-05-11,871.7510375976562,920.0,920.0,901.0,904.0,2900
2020-05-12,888.8070068359375,938.0,940.0,928.0,936.0,2300
2020-05-13,868.9083251953125,917.0,923.0,913.0,923.0,1800
2020-05-14,858.4851684570312,906.0,919.0,906.0,913.0,1100
2020-05-15,865.1181030273438,913.0,913.0,908.0,911.0,500
2020-05-18,867.0132446289062,915.0,915.0,915.0,915.0,1000
2020-05-19,873.6460571289062,922.0,927.0,922.0,922.0,1400
2020-05-20,881.2265014648438,930.0,930.0,923.0,923.0,200
2020-05-21,912.4959106445312,963.0,966.0,955.0,960.0,2800
2020-05-22,901.1251831054688,951.0,963.0,951.0,963.0,900
2020-05-25,903.0203247070312,953.0,960.0,951.0,951.0,1100
2020-05-26,921.0238647460938,972.0,973.0,953.0,953.0,1100
2020-05-27,921.971435546875,973.0,980.0,973.0,978.0,1600
2020-05-28,944.7127685546876,997.0,1005.0,996.0,1003.0,2000
2020-05-29,972.1918334960938,1026.0,1042.0,1016.0,1042.0,5600
2020-06-01,959.8735961914062,1013.0,1026.0,1010.0,1026.0,600
2020-06-02,970.2967529296876,1024.0,1024.0,1013.0,1013.0,500
2020-06-03,947.555419921875,1000.0,1025.0,985.0,1025.0,1700
2020-06-04,947.555419921875,1000.0,1000.0,1000.0,1000.0,0
2020-06-05,954.1882934570312,1007.0,1007.0,996.0,997.0,400
2020-06-08,943.7651977539062,996.0,1028.0,996.0,1007.0,1600
2020-06-09,948.5029907226562,1001.0,1001.0,1001.0,1001.0,100
2020-06-10,952.293212890625,1005.0,1005.0,1005.0,1005.0,200
2020-06-11,947.555419921875,1000.0,1007.0,1000.0,1005.0,2000
2020-06-12,921.971435546875,973.0,991.0,966.0,991.0,2300
2020-06-15,923.8665161132812,975.0,976.0,970.0,976.0,2400
2020-06-16,933.3421020507812,985.0,985.0,979.0,979.0,800
2020-06-17,928.6043090820312,980.0,985.0,980.0,983.0,600
2020-06-18,938.079833984375,990.0,992.0,975.0,989.0,800
2020-06-19,924.8140869140624,976.0,990.0,973.0,990.0,1100
2020-06-22,923.8665161132812,975.0,993.0,973.0,973.0,1800
2020-06-23,921.0238647460938,972.0,974.0,970.0,971.0,5800
2020-06-24,916.2861328125,967.0,973.0,967.0,973.0,1900
2020-06-25,917.233642578125,968.0,972.0,967.0,967.0,2200
2020-06-26,909.6531982421876,960.0,969.0,960.0,969.0,11300
2020-06-29,904.9154052734376,955.0,960.0,950.0,950.0,500
2020-06-30,904.9154052734376,955.0,957.0,955.0,957.0,500
2020-07-01,900.1776123046875,950.0,950.0,945.0,945.0,900
2020-07-02,909.6531982421876,960.0,966.0,959.0,959.0,500
2020-07-03,903.0203247070312,953.0,953.0,951.0,951.0,300
2020-07-06,903.0203247070312,953.0,953.0,953.0,953.0,0
2020-07-07,881.2265014648438,930.0,954.0,915.0,954.0,2900
2020-07-08,888.8070068359375,938.0,949.0,938.0,949.0,1000
2020-07-09,881.2265014648438,930.0,939.0,930.0,939.0,400
2020-07-10,881.2265014648438,930.0,930.0,930.0,930.0,0
2020-07-13,886.911865234375,936.0,937.0,934.0,934.0,700
2020-07-14,887.8594360351562,937.0,946.0,933.0,945.0,1600
2020-07-15,901.1251831054688,951.0,952.0,939.0,941.0,2500
2020-07-16,909.6531982421876,960.0,960.0,955.0,955.0,400
2020-07-17,903.9678344726562,954.0,970.0,945.0,970.0,7800
2020-07-20,887.8594360351562,937.0,947.0,937.0,940.0,600
2020-07-21,886.911865234375,936.0,952.0,936.0,941.0,1100
2020-07-22,890.7020874023438,940.0,944.0,933.0,940.0,3400
2020-07-27,893.5447998046875,943.0,943.0,925.0,925.0,4300
2020-07-28,893.5447998046875,943.0,943.0,943.0,943.0,0
2020-07-29,883.1216430664062,932.0,932.0,932.0,932.0,100
2020-07-30,884.0692138671875,933.0,940.0,933.0,934.0,400
2020-07-31,884.0692138671875,933.0,933.0,933.0,933.0,200
2020-08-03,881.2265014648438,930.0,930.0,930.0,930.0,500
2020-08-04,884.0692138671875,933.0,945.0,933.0,945.0,600
2020-08-05,886.911865234375,936.0,936.0,936.0,936.0,100
2020-08-06,873.6460571289062,922.0,938.0,906.0,936.0,2400
2020-08-07,857.5376586914062,905.0,913.0,905.0,907.0,1800
2020-08-11,879.3314208984375,928.0,928.0,928.0,928.0,800
2020-08-12,871.7510375976562,920.0,920.0,919.0,919.0,500
2020-08-13,885.9642944335938,935.0,935.0,920.0,935.0,800
2020-08-14,874.5936279296875,923.0,923.0,923.0,923.0,100
2020-08-17,849.0097045898438,896.0,900.0,881.0,881.0,6400
2020-08-18,853.7473754882812,901.0,911.0,900.0,900.0,2000
2020-08-19,849.0097045898438,896.0,903.0,886.0,886.0,2300
2020-08-20,849.0097045898438,896.0,896.0,896.0,896.0,200
2020-08-21,857.5376586914062,905.0,910.0,896.0,896.0,1300
2020-08-24,863.2229614257812,911.0,915.0,905.0,905.0,900
2020-08-25,867.0132446289062,915.0,920.0,914.0,918.0,1600
2020-08-27,871.7510375976562,920.0,920.0,920.0,920.0,100
2020-08-28,871.7510375976562,920.0,928.0,920.0,920.0,1500
2020-08-31,886.911865234375,936.0,967.0,926.0,965.0,4000
2020-09-01,882.174072265625,931.0,936.0,931.0,936.0,200
2020-09-02,882.174072265625,931.0,931.0,926.0,926.0,600
2020-09-03,882.174072265625,931.0,935.0,931.0,935.0,500
2020-09-04,877.436279296875,926.0,933.0,925.0,925.0,6300
2020-09-07,867.0132446289062,915.0,928.0,914.0,926.0,600
2020-09-08,876.4887084960938,925.0,932.0,916.0,916.0,600
2020-09-09,876.4887084960938,925.0,925.0,913.0,913.0,200
2020-09-10,876.4887084960938,925.0,925.0,925.0,925.0,500
2020-09-11,881.2265014648438,930.0,935.0,930.0,930.0,600
2020-09-14,882.174072265625,931.0,946.0,931.0,942.0,800
2020-09-15,884.0692138671875,933.0,933.0,932.0,932.0,500
2020-09-16,884.0692138671875,933.0,936.0,933.0,935.0,900
2020-09-17,886.911865234375,936.0,936.0,935.0,935.0,600
2020-09-18,895.4398193359375,945.0,945.0,936.0,936.0,1500
2020-09-23,886.911865234375,936.0,960.0,924.0,960.0,7500
2020-09-24,887.8594360351562,937.0,941.0,929.0,929.0,500
2020-09-25,910.6007690429688,961.0,964.0,937.0,937.0,4600
2020-09-28,933.3421020507812,985.0,986.0,980.0,983.0,2200
2020-09-29,922.9189453125,974.0,988.0,974.0,985.0,3900
2020-09-30,915.3385620117188,966.0,966.0,966.0,966.0,100
2020-10-02,901.1251831054688,951.0,954.0,951.0,954.0,400
2020-10-05,895.4398193359375,945.0,955.0,945.0,955.0,1300
2020-10-06,890.7020874023438,940.0,940.0,935.0,935.0,400
2020-10-07,886.911865234375,936.0,946.0,936.0,941.0,1600
2020-10-08,887.8594360351562,937.0,941.0,936.0,941.0,1400
2020-10-09,895.4398193359375,945.0,948.0,940.0,940.0,1800
2020-10-12,899.2301025390625,949.0,949.0,940.0,940.0,200
2020-10-13,895.4398193359375,945.0,949.0,945.0,949.0,2300
2020-10-14,895.4398193359375,945.0,945.0,945.0,945.0,100
2020-10-15,874.5936279296875,923.0,945.0,923.0,945.0,2800
2020-10-16,874.5936279296875,923.0,923.0,923.0,923.0,0
2020-10-19,881.2265014648438,930.0,933.0,918.0,918.0,700
2020-10-20,867.9607543945312,916.0,920.0,914.0,920.0,600
2020-10-21,867.0132446289062,915.0,930.0,915.0,918.0,1000
2020-10-22,866.065673828125,914.0,920.0,914.0,918.0,1400
2020-10-26,867.9607543945312,916.0,927.0,915.0,925.0,4200
2020-10-27,878.3838500976562,927.0,927.0,910.0,910.0,1100
2020-10-28,866.065673828125,914.0,914.0,914.0,914.0,100
2020-10-29,876.4887084960938,925.0,925.0,925.0,925.0,100
2020-10-30,878.3838500976562,927.0,927.0,927.0,927.0,100
2020-11-02,867.0132446289062,915.0,915.0,915.0,915.0,100
2020-11-04,869.8558959960938,918.0,918.0,918.0,918.0,700
2020-11-05,869.8558959960938,918.0,927.0,910.0,918.0,5000
2020-11-06,863.2229614257812,911.0,916.0,890.0,916.0,2300
2020-11-09,870.803466796875,919.0,921.0,915.0,915.0,1200
2020-11-10,867.0132446289062,915.0,930.0,914.0,930.0,2100
2020-11-11,867.9607543945312,916.0,925.0,906.0,920.0,3400
2020-11-12,877.436279296875,926.0,930.0,925.0,925.0,2200
2020-11-13,877.436279296875,926.0,926.0,926.0,926.0,200
2020-11-16,868.9083251953125,917.0,926.0,917.0,926.0,2800
2020-11-17,875.5411987304688,924.0,932.0,924.0,932.0,1000
2020-11-18,887.8594360351562,937.0,937.0,920.0,924.0,2200
2020-11-19,885.0167846679688,934.0,941.0,930.0,936.0,1700
2020-11-20,874.5936279296875,923.0,929.0,919.0,919.0,800
2020-11-24,885.9642944335938,935.0,945.0,930.0,945.0,2400
2020-11-25,870.803466796875,919.0,949.0,918.0,937.0,5700
2020-11-26,873.6460571289062,922.0,926.0,915.0,922.0,800
2020-11-27,871.7510375976562,920.0,935.0,900.0,922.0,2800
2020-11-30,862.2754516601562,910.0,923.0,906.0,920.0,2800
2020-12-01,864.1705322265625,912.0,916.0,902.0,907.0,1400
2020-12-02,862.2754516601562,910.0,912.0,906.0,912.0,1900
2020-12-03,864.1705322265625,912.0,915.0,904.0,907.0,2900
2020-12-04,865.1181030273438,913.0,915.0,912.0,915.0,4000
2020-12-07,853.7473754882812,901.0,907.0,900.0,900.0,5500
2020-12-08,850.90478515625,898.0,913.0,898.0,900.0,10100
2020-12-09,855.6425170898438,903.0,909.0,898.0,905.0,4300
2020-12-10,857.5376586914062,905.0,909.0,901.0,903.0,4300
2020-12-11,862.2754516601562,910.0,910.0,897.0,900.0,3700
2020-12-14,863.2229614257812,911.0,927.0,908.0,910.0,10700
2020-12-15,862.2754516601562,910.0,912.0,907.0,909.0,9400
2020-12-16,860.3803100585938,908.0,918.0,907.0,910.0,3100
2020-12-17,866.065673828125,914.0,919.0,901.0,906.0,5200
2020-12-18,871.7510375976562,920.0,920.0,903.0,903.0,6700
2020-12-21,867.9607543945312,916.0,920.0,906.0,912.0,3300
2020-12-22,858.4851684570312,906.0,919.0,906.0,911.0,2400
2020-12-23,862.2754516601562,910.0,918.0,910.0,910.0,1800
2020-12-24,859.4327392578125,907.0,912.0,907.0,911.0,5600
2020-12-25,857.5376586914062,905.0,910.0,905.0,907.0,6300
2020-12-28,843.3243408203125,890.0,903.0,890.0,903.0,5300
2020-12-29,849.9572143554688,897.0,911.0,895.0,895.0,3200
2020-12-30,850.90478515625,898.0,903.0,890.0,890.0,600
2021-01-04,849.9572143554688,897.0,897.0,897.0,897.0,100
2021-01-05,855.6425170898438,903.0,906.0,903.0,906.0,1400
2021-01-06,845.2194213867188,892.0,905.0,884.0,905.0,2500
2021-01-07,849.0097045898438,896.0,903.0,893.0,893.0,1500
2021-01-08,850.90478515625,898.0,905.0,898.0,905.0,1400
2021-01-12,862.2754516601562,910.0,910.0,898.0,898.0,2300
2021-01-13,862.2754516601562,910.0,910.0,910.0,910.0,400
2021-01-14,855.6425170898438,903.0,910.0,903.0,910.0,2000
2021-01-15,854.6949462890625,902.0,904.0,898.0,903.0,2500
2021-01-18,851.852294921875,899.0,899.0,898.0,898.0,300
2021-01-19,855.6425170898438,903.0,903.0,898.0,899.0,1300
2021-01-20,846.1669921875,893.0,903.0,890.0,903.0,2000
2021-01-21,854.6949462890625,902.0,902.0,893.0,894.0,3700
2021-01-22,862.2754516601562,910.0,910.0,900.0,900.0,5300
2021-01-25,865.1181030273438,913.0,914.0,910.0,913.0,3700
2021-01-26,874.5936279296875,923.0,927.0,922.0,927.0,400
2021-01-27,874.5936279296875,923.0,927.0,921.0,927.0,3700
2021-01-28,869.8558959960938,918.0,923.0,918.0,921.0,2100
2021-01-29,865.1181030273438,913.0,926.0,913.0,918.0,2800
2021-02-01,860.3803100585938,908.0,912.0,905.0,912.0,700
2021-02-02,864.1705322265625,912.0,913.0,908.0,908.0,1200
2021-02-03,861.327880859375,909.0,914.0,908.0,909.0,4700
2021-02-04,867.0132446289062,915.0,916.0,909.0,909.0,1100
2021-02-05,870.803466796875,919.0,925.0,915.0,915.0,7400
2021-02-08,868.9083251953125,917.0,922.0,910.0,911.0,11200
2021-02-09,869.8558959960938,918.0,919.0,918.0,919.0,1400
2021-02-10,869.8558959960938,918.0,923.0,912.0,915.0,2900
2021-02-12,867.9607543945312,916.0,920.0,916.0,920.0,2600
2021-02-15,872.6985473632812,921.0,921.0,917.0,917.0,4700
2021-02-16,876.4887084960938,925.0,947.0,918.0,921.0,9800
2021-02-17,873.6460571289062,922.0,939.0,921.0,925.0,2400
2021-02-18,878.3838500976562,927.0,930.0,925.0,930.0,2000
2021-02-19,872.6985473632812,921.0,928.0,918.0,918.0,3400
2021-02-22,885.0167846679688,934.0,934.0,921.0,926.0,2900
2021-02-24,884.0692138671875,933.0,934.0,933.0,934.0,300
2021-02-25,884.0692138671875,933.0,941.0,933.0,933.0,4300
2021-02-26,871.7510375976562,920.0,930.0,920.0,923.0,2300
2021-03-01,868.9083251953125,917.0,925.0,915.0,920.0,2300
2021-03-02,871.7510375976562,920.0,931.0,920.0,931.0,500
2021-03-03,875.5411987304688,924.0,924.0,917.0,924.0,1000
2021-03-04,867.9607543945312,916.0,923.0,916.0,922.0,1400
2021-03-05,859.4327392578125,907.0,912.0,901.0,912.0,10100
2021-03-08,860.3803100585938,908.0,911.0,908.0,908.0,3600
2021-03-09,859.4327392578125,907.0,916.0,906.0,906.0,7700
2021-03-10,858.4851684570312,906.0,910.0,906.0,910.0,9000
2021-03-11,857.5376586914062,905.0,911.0,905.0,906.0,10400
2021-03-12,862.2754516601562,910.0,910.0,905.0,908.0,8400
2021-03-15,865.1181030273438,913.0,920.0,908.0,910.0,16600
2021-03-16,864.1705322265625,912.0,914.0,911.0,913.0,11600
2021-03-17,869.8558959960938,918.0,920.0,912.0,912.0,6500
2021-03-18,875.5411987304688,924.0,926.0,920.0,920.0,4600
2021-03-19,876.4887084960938,925.0,926.0,919.0,921.0,12800
2021-03-22,871.7510375976562,920.0,931.0,920.0,931.0,8900
2021-03-23,863.2229614257812,911.0,927.0,911.0,925.0,26300
2021-03-24,861.327880859375,909.0,912.0,905.0,912.0,7200
2021-03-25,862.2754516601562,910.0,914.0,906.0,908.0,7400
2021-03-26,862.2754516601562,910.0,917.0,910.0,913.0,12200
2021-03-29,862.2754516601562,910.0,918.0,910.0,918.0,3500
2021-03-30,862.2754516601562,900.0,907.0,897.0,900.0,13800
2021-03-31,863.2335205078125,901.0,904.0,898.0,900.0,8400
2021-04-01,862.2754516601562,900.0,904.0,898.0,904.0,3700
2021-04-02,863.2335205078125,901.0,901.0,894.0,898.0,7100
2021-04-05,862.2754516601562,900.0,903.0,899.0,902.0,3300
2021-04-06,866.1077880859375,904.0,907.0,902.0,907.0,3400
2021-04-07,868.9819946289062,907.0,907.0,899.0,902.0,6100
2021-04-08,861.3173217773438,899.0,904.0,899.0,899.0,1500
2021-04-09,861.3173217773438,899.0,901.0,895.0,895.0,5800
2021-04-12,859.4011840820312,897.0,901.0,896.0,900.0,3200
2021-04-13,862.2754516601562,900.0,900.0,896.0,900.0,1200
2021-04-14,861.3173217773438,899.0,899.0,893.0,899.0,3800
2021-04-15,857.4849853515625,895.0,899.0,895.0,898.0,2600
2021-04-16,863.2335205078125,901.0,901.0,895.0,901.0,1300
2021-04-19,861.3173217773438,899.0,914.0,895.0,901.0,5200
2021-04-20,859.4011840820312,897.0,900.0,895.0,897.0,3300
2021-04-21,849.8203125,887.0,894.0,886.0,893.0,9700
2021-04-22,849.8203125,887.0,890.0,884.0,886.0,3600
2021-04-23,837.365234375,874.0,884.0,871.0,880.0,28600
2021-04-26,831.6167602539062,868.0,877.0,867.0,874.0,11400
2021-04-27,831.6167602539062,868.0,870.0,868.0,870.0,6800
2021-04-28,832.5748291015625,869.0,872.0,866.0,867.0,4900
2021-04-30,831.6167602539062,868.0,874.0,867.0,867.0,3600
2021-05-06,842.1556396484375,879.0,883.0,877.0,879.0,1300
2021-05-07,844.0718383789062,881.0,885.0,879.0,879.0,1700
2021-05-10,863.2335205078125,901.0,901.0,891.0,892.0,7300
2021-05-11,867.0658569335938,905.0,993.0,904.0,904.0,68300
2021-05-12,875.6885986328125,914.0,919.0,910.0,919.0,22600
2021-05-13,875.6885986328125,914.0,916.0,905.0,910.0,31500
2021-05-14,870.898193359375,909.0,915.0,906.0,915.0,13700
2021-05-17,870.898193359375,909.0,915.0,909.0,915.0,2100
2021-05-18,873.7724609375,912.0,915.0,908.0,908.0,5200
2021-05-19,873.7724609375,912.0,916.0,912.0,912.0,600
2021-05-20,873.7724609375,912.0,917.0,910.0,913.0,2300
2021-05-21,876.6466674804688,915.0,930.0,912.0,912.0,5300
2021-05-24,877.6047973632812,916.0,921.0,916.0,916.0,1100
2021-05-25,881.4371337890625,920.0,921.0,917.0,917.0,3400
2021-05-26,887.1856079101562,926.0,927.0,920.0,920.0,4400
2021-05-27,879.5209350585938,918.0,928.0,917.0,928.0,3000
2021-05-28,876.6466674804688,915.0,924.0,912.0,914.0,3000
2021-05-31,873.7724609375,912.0,916.0,912.0,915.0,1500
2021-06-01,881.4371337890625,920.0,922.0,914.0,914.0,300
2021-06-02,873.7724609375,912.0,915.0,912.0,913.0,1400
2021-06-03,878.5628662109375,917.0,922.0,914.0,914.0,2200
2021-06-04,886.2275390625,925.0,925.0,915.0,915.0,1800
2021-06-07,884.3113403320312,923.0,925.0,922.0,925.0,1100
2021-06-08,881.4371337890625,920.0,921.0,920.0,921.0,400
2021-06-09,886.2275390625,925.0,925.0,920.0,920.0,800
2021-06-10,895.808349609375,935.0,949.0,929.0,949.0,10300
2021-06-11,886.2275390625,925.0,936.0,924.0,932.0,10700
2021-06-14,878.5628662109375,917.0,931.0,917.0,931.0,5700
2021-06-15,884.3113403320312,923.0,923.0,918.0,918.0,5100
2021-06-16,881.4371337890625,920.0,923.0,919.0,923.0,4100
2021-06-17,883.353271484375,922.0,922.0,920.0,922.0,2300
2021-06-18,879.5209350585938,918.0,920.0,918.0,920.0,1600
2021-06-21,877.6047973632812,916.0,918.0,914.0,916.0,5700
2021-06-22,876.6466674804688,915.0,919.0,915.0,919.0,2600
2021-06-23,875.6885986328125,914.0,918.0,914.0,918.0,3200
2021-06-24,879.5209350585938,918.0,920.0,915.0,917.0,5400
2021-06-25,882.3952026367188,921.0,925.0,918.0,919.0,10400
2021-06-28,897.7245483398438,937.0,937.0,922.0,922.0,5100
2021-06-29,893.8922119140625,933.0,940.0,933.0,937.0,8700
2021-06-30,889.1017456054688,928.0,935.0,928.0,933.0,2700
2021-07-01,894.8502807617188,934.0,934.0,927.0,930.0,3100
2021-07-02,888.1436767578125,927.0,934.0,927.0,934.0,3400
2021-07-05,885.2694091796875,924.0,928.0,923.0,925.0,1500
2021-07-06,886.2275390625,925.0,929.0,923.0,923.0,1600
2021-07-07,890.0598754882812,929.0,930.0,924.0,924.0,2600
2021-07-08,896.7664184570312,936.0,936.0,925.0,926.0,15300
2021-07-09,892.93408203125,932.0,932.0,920.0,930.0,10100
2021-07-12,887.1856079101562,926.0,930.0,924.0,930.0,7700
2021-07-13,893.8922119140625,933.0,933.0,928.0,928.0,4000
2021-07-14,913.0538940429688,953.0,953.0,931.0,931.0,29200
2021-07-15,906.3472900390624,946.0,960.0,933.0,953.0,18400
2021-07-16,891.0179443359375,930.0,947.0,925.0,947.0,8100
2021-07-19,888.1436767578125,927.0,937.0,927.0,937.0,2900
2021-07-20,881.4371337890625,920.0,925.0,916.0,925.0,10300
2021-07-21,876.6466674804688,915.0,920.0,912.0,918.0,8700
2021-07-26,884.3113403320312,923.0,924.0,916.0,917.0,6400
2021-07-27,886.2275390625,925.0,928.0,919.0,925.0,6800
2021-07-28,880.47900390625,919.0,924.0,919.0,920.0,7700
2021-07-29,885.2694091796875,924.0,924.0,915.0,919.0,1700
2021-07-30,877.6047973632812,916.0,924.0,916.0,920.0,1700
2021-08-02,889.1017456054688,928.0,931.0,920.0,920.0,6100
2021-08-03,889.1017456054688,928.0,933.0,924.0,931.0,3200
2021-08-04,892.93408203125,932.0,934.0,929.0,931.0,3000
2021-08-05,910.1796264648438,950.0,953.0,933.0,933.0,14100
2021-08-06,885.2694091796875,924.0,928.0,914.0,923.0,17900
2021-08-10,883.353271484375,922.0,923.0,916.0,921.0,2300
2021-08-11,887.1856079101562,926.0,926.0,920.0,922.0,1800
2021-08-12,885.2694091796875,924.0,927.0,920.0,925.0,3800
2021-08-13,888.1436767578125,927.0,927.0,922.0,924.0,2900
2021-08-16,885.2694091796875,924.0,927.0,924.0,927.0,7000
2021-08-17,881.4371337890625,920.0,924.0,920.0,924.0,3400
2021-08-18,881.4371337890625,920.0,926.0,915.0,916.0,2300
2021-08-19,876.6466674804688,915.0,921.0,911.0,915.0,12800
2021-08-20,860.3592529296875,898.0,912.0,898.0,912.0,5300
2021-08-23,868.02392578125,906.0,910.0,900.0,900.0,3000
2021-08-24,873.7724609375,912.0,914.0,902.0,910.0,6600
2021-08-25,880.47900390625,919.0,919.0,912.0,912.0,2200
2021-08-26,875.6885986328125,914.0,919.0,914.0,919.0,16100
2021-08-27,877.6047973632812,916.0,916.0,913.0,915.0,700
2021-08-30,882.3952026367188,921.0,922.0,920.0,920.0,900
2021-08-31,890.0598754882812,929.0,938.0,923.0,925.0,5700
2021-09-01,889.1017456054688,928.0,929.0,927.0,929.0,300
2021-09-02,889.1017456054688,928.0,928.0,928.0,928.0,200
2021-09-03,885.2694091796875,924.0,929.0,921.0,926.0,2400
2021-09-06,890.0598754882812,929.0,931.0,925.0,931.0,3500
2021-09-07,891.0179443359375,930.0,930.0,927.0,929.0,2800
2021-09-08,888.1436767578125,927.0,933.0,920.0,932.0,7900
2021-09-09,888.1436767578125,927.0,930.0,923.0,923.0,800
2021-09-10,890.0598754882812,929.0,932.0,926.0,927.0,3600
2021-09-13,887.1856079101562,926.0,928.0,916.0,927.0,6500
2021-09-14,887.1856079101562,926.0,935.0,925.0,925.0,3000
2021-09-15,888.1436767578125,927.0,930.0,925.0,926.0,6300
2021-09-16,892.93408203125,932.0,933.0,925.0,930.0,3500
2021-09-17,896.7664184570312,936.0,937.0,932.0,936.0,3200
2021-09-21,888.1436767578125,927.0,930.0,926.0,928.0,2400
2021-09-22,885.2694091796875,924.0,928.0,924.0,926.0,2100
2021-09-24,891.0179443359375,930.0,937.0,930.0,937.0,2000
2021-09-27,892.93408203125,932.0,935.0,931.0,931.0,3500
2021-09-28,896.7664184570312,936.0,940.0,928.0,933.0,13000
2021-09-29,887.1856079101562,926.0,936.0,921.0,921.0,2100
2021-09-30,893.8922119140625,933.0,935.0,928.0,935.0,1000
2021-10-01,887.1856079101562,926.0,929.0,925.0,927.0,600
2021-10-04,887.1856079101562,926.0,926.0,923.0,925.0,2700
2021-10-05,877.6047973632812,916.0,922.0,916.0,921.0,2100
2021-10-06,874.7305297851562,913.0,920.0,910.0,910.0,3600
2021-10-07,876.6466674804688,915.0,919.0,913.0,913.0,1600
2021-10-08,876.6466674804688,915.0,920.0,914.0,919.0,1400
2021-10-11,888.1436767578125,927.0,927.0,916.0,916.0,2700
2021-10-12,878.5628662109375,917.0,920.0,910.0,917.0,2100
2021-10-13,885.2694091796875,924.0,926.0,915.0,917.0,1000
2021-10-14,881.4371337890625,920.0,925.0,917.0,925.0,500
2021-10-15,887.1856079101562,926.0,926.0,913.0,921.0,4600
2021-10-18,889.1017456054688,928.0,928.0,928.0,928.0,1800
2021-10-19,882.3952026367188,921.0,928.0,917.0,926.0,4200
2021-10-20,889.1017456054688,928.0,928.0,922.0,924.0,1700
2021-10-21,886.2275390625,925.0,927.0,923.0,927.0,1600
2021-10-22,884.3113403320312,923.0,924.0,919.0,919.0,1000
2021-10-25,885.2694091796875,924.0,924.0,923.0,923.0,900
2021-10-26,888.1436767578125,927.0,927.0,927.0,927.0,300
2021-10-27,888.1436767578125,927.0,927.0,922.0,927.0,4000
2021-10-28,888.1436767578125,927.0,927.0,921.0,921.0,600
2021-10-29,885.2694091796875,924.0,927.0,910.0,925.0,4400
2021-11-01,889.1017456054688,928.0,929.0,923.0,927.0,1800
2021-11-02,886.2275390625,925.0,927.0,925.0,927.0,400
2021-11-04,836.4071655273438,873.0,932.0,860.0,926.0,70700
2021-11-05,821.0778198242188,857.0,880.0,844.0,873.0,45700
2021-11-08,821.0778198242188,857.0,866.0,851.0,863.0,9200
2021-11-09,818.2035522460938,854.0,862.0,852.0,862.0,2300
2021-11-10,810.5388793945312,846.0,855.0,845.0,853.0,4100
2021-11-11,810.5388793945312,846.0,851.0,845.0,846.0,2400
2021-11-12,816.2874145507812,852.0,855.0,850.0,850.0,2300
2021-11-15,822.9940185546875,859.0,870.0,858.0,861.0,3700
2021-11-16,826.8263549804688,863.0,863.0,860.0,863.0,2200
2021-11-17,825.8682250976562,862.0,866.0,860.0,866.0,2300
2021-11-18,826.8263549804688,863.0,863.0,856.0,862.0,2700
2021-11-19,825.8682250976562,862.0,862.0,858.0,862.0,600
2021-11-22,821.0778198242188,857.0,862.0,851.0,862.0,4600
2021-11-24,818.2035522460938,854.0,860.0,852.0,857.0,4900
2021-11-25,813.4131469726562,849.0,857.0,849.0,854.0,9100
2021-11-26,808.6227416992188,844.0,855.0,843.0,847.0,10400
2021-11-29,811.4970092773438,847.0,854.0,830.0,843.0,3100
2021-11-30,800.0,835.0,851.0,835.0,841.0,12100
2021-12-01,797.125732421875,832.0,835.0,824.0,833.0,5000
2021-12-02,787.5448608398438,822.0,835.0,820.0,826.0,7000
2021-12-03,790.4191284179688,825.0,829.0,823.0,824.0,13000
2021-12-06,790.4191284179688,825.0,830.0,825.0,826.0,3600
2021-12-07,803.8323364257812,839.0,840.0,822.0,824.0,6000
2021-12-08,798.0838012695312,833.0,839.0,829.0,839.0,4600
2021-12-09,797.125732421875,832.0,835.0,832.0,833.0,2100
2021-12-10,798.0838012695312,833.0,835.0,831.0,833.0,10300
2021-12-13,789.4610595703125,824.0,832.0,822.0,832.0,4900
2021-12-14,786.5867919921875,821.0,824.0,819.0,824.0,6200
2021-12-15,785.6287231445312,820.0,827.0,820.0,821.0,6100
2021-12-16,790.4191284179688,825.0,826.0,819.0,823.0,9600
2021-12-17,788.5029907226562,823.0,829.0,818.0,818.0,3100
2021-12-20,783.7125854492188,818.0,823.0,810.0,823.0,12300
2021-12-21,784.670654296875,819.0,822.0,812.0,820.0,9600
2021-12-22,781.79638671875,816.0,824.0,811.0,824.0,18900
2021-12-23,784.670654296875,819.0,825.0,811.0,820.0,7000
2021-12-24,783.7125854492188,818.0,821.0,816.0,817.0,7300
2021-12-27,790.4191284179688,825.0,849.0,815.0,818.0,24100
2021-12-28,789.4610595703125,824.0,863.0,821.0,821.0,26100
2021-12-29,795.2095336914062,830.0,830.0,824.0,824.0,1400
2021-12-30,791.377197265625,826.0,829.0,825.0,825.0,4200
2022-01-04,800.9580688476562,836.0,836.0,827.0,828.0,4500
2022-01-05,802.8742065429688,838.0,845.0,833.0,840.0,3000
2022-01-06,812.455078125,848.0,848.0,831.0,838.0,2200
2022-01-07,802.8742065429688,838.0,844.0,837.0,844.0,900
2022-01-11,814.3712158203125,850.0,850.0,840.0,847.0,2100
2022-01-12,799.0418701171875,834.0,848.0,830.0,848.0,2600
2022-01-13,809.580810546875,845.0,846.0,838.0,838.0,1800
2022-01-14,809.580810546875,845.0,845.0,840.0,840.0,1100
2022-01-17,813.4131469726562,849.0,850.0,845.0,845.0,1900
2022-01-18,797.125732421875,832.0,854.0,830.0,853.0,6600
2022-01-19,794.25146484375,829.0,832.0,829.0,832.0,1800
2022-01-20,809.580810546875,845.0,845.0,827.0,827.0,200
2022-01-21,796.1676635742188,831.0,835.0,828.0,835.0,1000
2022-01-24,795.2095336914062,830.0,831.0,830.0,831.0,600
2022-01-25,795.2095336914062,830.0,833.0,830.0,831.0,1700
2022-01-26,795.2095336914062,830.0,832.0,830.0,830.0,3900
2022-01-27,786.5867919921875,821.0,830.0,820.0,830.0,4600
2022-01-28,790.4191284179688,825.0,827.0,820.0,820.0,900
2022-01-31,792.3353271484375,827.0,829.0,825.0,829.0,700
2022-02-01,791.377197265625,826.0,830.0,826.0,828.0,1300
2022-02-02,791.377197265625,826.0,826.0,826.0,826.0,0
2022-02-03,797.125732421875,832.0,836.0,832.0,834.0,900
2022-02-04,802.8742065429688,838.0,846.0,832.0,839.0,1600
2022-02-07,819.1616821289062,855.0,869.0,850.0,867.0,3100
2022-02-08,811.4970092773438,847.0,848.0,847.0,848.0,400
2022-02-09,819.1616821289062,855.0,855.0,850.0,851.0,900
2022-02-10,820.1197509765625,856.0,856.0,846.0,848.0,700
2022-02-14,815.329345703125,851.0,851.0,844.0,844.0,1100
2022-02-15,815.329345703125,851.0,855.0,851.0,851.0,1500
2022-02-16,817.2454833984375,853.0,854.0,852.0,852.0,800
2022-02-17,819.1616821289062,855.0,856.0,851.0,853.0,2000
2022-02-18,815.329345703125,851.0,851.0,840.0,847.0,1900
2022-02-21,822.9940185546875,859.0,860.0,854.0,856.0,1000
2022-02-22,807.6646728515625,843.0,847.0,837.0,837.0,3400
2022-02-24,801.9161376953125,837.0,845.0,837.0,844.0,4000
2022-02-25,803.8323364257812,839.0,839.0,837.0,837.0,2300
2022-02-28,809.580810546875,845.0,845.0,845.0,845.0,100
2022-03-01,809.580810546875,845.0,846.0,845.0,846.0,1100
2022-03-02,812.455078125,848.0,848.0,845.0,845.0,1200
2022-03-03,814.3712158203125,850.0,862.0,849.0,859.0,1600
2022-03-04,804.7904052734375,840.0,849.0,840.0,849.0,600
2022-03-07,787.5448608398438,822.0,843.0,822.0,842.0,8100
2022-03-08,786.5867919921875,821.0,821.0,784.0,820.0,5800
2022-03-09,778.922119140625,813.0,824.0,813.0,817.0,300
2022-03-10,794.25146484375,829.0,829.0,829.0,829.0,400
2022-03-11,800.0,835.0,835.0,822.0,828.0,300
2022-03-14,803.8323364257812,839.0,839.0,839.0,839.0,100
2022-03-15,780.8383178710938,815.0,842.0,812.0,839.0,16200
2022-03-16,784.670654296875,819.0,819.0,812.0,818.0,1900
2022-03-17,790.4191284179688,825.0,830.0,821.0,821.0,800
2022-03-18,796.1676635742188,831.0,831.0,821.0,821.0,1000
2022-03-22,802.8742065429688,838.0,840.0,831.0,831.0,1200
2022-03-23,800.9580688476562,836.0,848.0,836.0,838.0,2300
2022-03-24,804.7904052734375,840.0,841.0,836.0,836.0,2300
2022-03-25,803.8323364257812,839.0,841.0,839.0,840.0,4700
2022-03-28,797.125732421875,832.0,835.0,828.0,835.0,1900
2022-03-29,800.0,835.0,839.0,831.0,831.0,3300
2022-03-30,835.0,835.0,835.0,830.0,830.0,1200
2022-03-31,834.0,834.0,835.0,827.0,835.0,800
2022-04-01,834.0,834.0,834.0,834.0,834.0,200
2022-04-04,832.0,832.0,834.0,832.0,834.0,200
2022-04-05,833.0,833.0,837.0,832.0,832.0,1300
2022-04-06,828.0,828.0,833.0,827.0,833.0,1100
2022-04-07,818.0,818.0,830.0,818.0,830.0,500
2022-04-08,824.0,824.0,824.0,824.0,824.0,200
2022-04-11,835.0,835.0,835.0,835.0,835.0,100
2022-04-12,823.0,823.0,834.0,810.0,834.0,2500
2022-04-13,814.0,814.0,830.0,810.0,817.0,2900
2022-04-14,811.0,811.0,814.0,808.0,814.0,2700
2022-04-15,806.0,806.0,810.0,806.0,810.0,4200
2022-04-18,795.0,795.0,800.0,785.0,800.0,8200
2022-04-19,796.0,796.0,801.0,793.0,796.0,2900
2022-04-20,793.0,793.0,801.0,788.0,801.0,4800
2022-04-21,796.0,796.0,801.0,794.0,794.0,2400
2022-04-22,789.0,789.0,790.0,784.0,786.0,10500
2022-04-25,784.0,784.0,788.0,780.0,788.0,8800
2022-04-26,787.0,787.0,788.0,780.0,788.0,6900
2022-04-27,778.0,778.0,780.0,775.0,780.0,4000
2022-04-28,783.0,783.0,784.0,777.0,778.0,5000
2022-05-02,785.0,785.0,787.0,776.0,776.0,1900
2022-05-06,787.0,787.0,787.0,779.0,785.0,1700
2022-05-09,784.0,784.0,788.0,776.0,788.0,2000
2022-05-10,781.0,781.0,782.0,775.0,782.0,2400
2022-05-11,778.0,778.0,795.0,774.0,783.0,8500
2022-05-12,777.0,777.0,782.0,771.0,771.0,6500
2022-05-13,784.0,784.0,785.0,774.0,774.0,1600
2022-05-16,783.0,783.0,784.0,771.0,784.0,5700
2022-05-17,781.0,781.0,782.0,772.0,772.0,3700
2022-05-18,782.0,782.0,782.0,776.0,781.0,3000
2022-05-19,783.0,783.0,788.0,773.0,776.0,2400
2022-05-20,779.0,779.0,782.0,778.0,780.0,2100
2022-05-23,787.0,787.0,787.0,780.0,782.0,3600
2022-05-24,783.0,783.0,783.0,772.0,772.0,10000
2022-05-25,785.0,785.0,785.0,781.0,783.0,6500
2022-05-26,785.0,785.0,785.0,785.0,785.0,100
2022-05-27,786.0,786.0,786.0,776.0,786.0,4600
2022-05-30,785.0,785.0,787.0,780.0,786.0,3800
2022-05-31,784.0,784.0,790.0,780.0,780.0,4200
2022-06-01,796.0,796.0,799.0,781.0,784.0,3400
2022-06-02,798.0,798.0,800.0,797.0,798.0,2000
2022-06-03,799.0,799.0,801.0,793.0,801.0,2700
2022-06-06,814.0,814.0,815.0,798.0,809.0,8600
2022-06-07,816.0,816.0,825.0,808.0,810.0,4600
2022-06-08,816.0,816.0,823.0,816.0,823.0,1700
2022-06-09,818.0,818.0,823.0,813.0,813.0,3100
2022-06-10,812.0,812.0,819.0,812.0,817.0,1400
2022-06-13,816.0,816.0,816.0,810.0,812.0,1700
2022-06-14,802.0,802.0,815.0,802.0,815.0,1300
2022-06-15,816.0,816.0,816.0,806.0,806.0,500
2022-06-16,818.0,818.0,818.0,816.0,816.0,1700
2022-06-17,807.0,807.0,808.0,807.0,808.0,400
2022-06-20,800.0,800.0,810.0,800.0,810.0,1800
2022-06-21,810.0,810.0,810.0,801.0,801.0,1100
2022-06-22,809.0,809.0,812.0,807.0,812.0,500
2022-06-23,811.0,811.0,811.0,810.0,810.0,600
2022-06-24,808.0,808.0,812.0,805.0,807.0,900
2022-06-27,814.0,814.0,817.0,810.0,810.0,1500
2022-06-28,827.0,827.0,827.0,814.0,814.0,4000
2022-06-29,831.0,831.0,837.0,827.0,827.0,1900
2022-06-30,836.0,836.0,836.0,832.0,832.0,2100
2022-07-01,852.0,852.0,868.0,846.0,866.0,26300
2022-07-04,853.0,853.0,859.0,853.0,859.0,3000
2022-07-05,854.0,854.0,856.0,853.0,855.0,1100
2022-07-06,850.0,850.0,853.0,846.0,846.0,700
2022-07-07,849.0,849.0,850.0,849.0,850.0,1200
2022-07-08,864.0,864.0,865.0,854.0,854.0,6600
2022-07-11,856.0,856.0,864.0,856.0,864.0,1300
2022-07-12,860.0,860.0,860.0,850.0,851.0,2500
2022-07-13,851.0,851.0,856.0,851.0,855.0,500
2022-07-15,855.0,855.0,857.0,853.0,856.0,2300
2022-07-19,851.0,851.0,856.0,851.0,855.0,9400
2022-07-20,874.0,874.0,884.0,851.0,851.0,7300
2022-07-21,869.0,869.0,870.0,861.0,870.0,2400
2022-07-22,871.0,871.0,871.0,863.0,863.0,1500
2022-07-25,868.0,868.0,871.0,868.0,871.0,4000
2022-07-26,875.0,875.0,875.0,870.0,870.0,1500
2022-07-27,870.0,870.0,875.0,870.0,875.0,2800
2022-07-28,872.0,872.0,872.0,872.0,872.0,100
2022-07-29,873.0,873.0,874.0,873.0,874.0,1300
2022-08-01,888.0,888.0,888.0,864.0,878.0,5500
2022-08-02,870.0,870.0,885.0,870.0,885.0,2800
2022-08-03,872.0,872.0,873.0,871.0,873.0,1900
2022-08-04,880.0,880.0,880.0,870.0,879.0,900
2022-08-05,867.0,867.0,885.0,867.0,881.0,2700
2022-08-08,878.0,878.0,881.0,870.0,877.0,2500
2022-08-09,878.0,878.0,880.0,878.0,880.0,1200
2022-08-10,874.0,874.0,877.0,873.0,877.0,1700
2022-08-12,868.0,868.0,882.0,867.0,874.0,3500
2022-08-15,868.0,868.0,869.0,868.0,869.0,1500
2022-08-16,874.0,874.0,877.0,862.0,868.0,1500
2022-08-17,873.0,873.0,880.0,873.0,880.0,600
2022-08-18,873.0,873.0,873.0,873.0,873.0,300
2022-08-19,879.0,879.0,879.0,873.0,873.0,600
2022-08-22,876.0,876.0,879.0,876.0,879.0,900
2022-08-23,877.0,877.0,880.0,872.0,880.0,400
2022-08-24,874.0,874.0,879.0,874.0,879.0,300
2022-08-25,867.0,867.0,875.0,867.0,874.0,6500
2022-08-26,870.0,870.0,875.0,870.0,874.0,900
2022-08-29,871.0,871.0,874.0,871.0,874.0,800
2022-08-30,867.0,867.0,867.0,867.0,867.0,300
2022-08-31,872.0,872.0,872.0,872.0,872.0,200
2022-09-01,864.0,864.0,877.0,861.0,877.0,1300
2022-09-02,859.0,859.0,875.0,859.0,875.0,500
2022-09-05,866.0,866.0,870.0,866.0,870.0,200
2022-09-06,866.0,866.0,866.0,866.0,866.0,800
2022-09-07,870.0,870.0,872.0,865.0,872.0,400
2022-09-08,870.0,870.0,870.0,870.0,870.0,0
2022-09-09,864.0,864.0,870.0,864.0,870.0,1200
2022-09-12,864.0,864.0,864.0,864.0,864.0,0
2022-09-13,863.0,863.0,868.0,868.0,868.0,400
2022-09-14,850.0,850.0,857.0,850.0,857.0,1600
2022-09-15,850.0,850.0,853.0,850.0,851.0,2400
2022-09-16,857.0,857.0,864.0,852.0,852.0,700
2022-09-20,869.0,869.0,869.0,862.0,862.0,200
2022-09-21,864.0,864.0,869.0,864.0,869.0,500
2022-09-22,873.0,873.0,879.0,864.0,864.0,1800
2022-09-26,868.0,868.0,873.0,865.0,873.0,4000
2022-09-27,866.0,866.0,878.0,865.0,878.0,400
2022-09-28,869.0,869.0,878.0,865.0,865.0,500
2022-09-29,875.0,875.0,875.0,860.0,860.0,400
2022-09-30,869.0,869.0,875.0,863.0,875.0,1600
2022-10-03,840.0,840.0,856.0,840.0,856.0,900
2022-10-04,869.0,869.0,869.0,869.0,869.0,100
2022-10-05,860.0,860.0,860.0,860.0,860.0,400
2022-10-06,860.0,860.0,860.0,860.0,860.0,0
2022-10-07,862.0,862.0,862.0,860.0,860.0,700
2022-10-11,867.0,867.0,874.0,867.0,867.0,1400
2022-10-12,866.0,866.0,867.0,866.0,867.0,1400
2022-10-13,848.0,848.0,851.0,848.0,851.0,400
2022-10-14,853.0,853.0,855.0,845.0,845.0,2300
2022-10-17,852.0,852.0,853.0,852.0,853.0,3200
2022-10-18,851.0,851.0,851.0,851.0,851.0,100
2022-10-19,851.0,851.0,851.0,851.0,851.0,0
2022-10-20,847.0,847.0,852.0,847.0,852.0,400
2022-10-21,848.0,848.0,848.0,847.0,848.0,600
2022-10-24,850.0,850.0,850.0,850.0,850.0,100
2022-10-25,851.0,851.0,851.0,851.0,851.0,5200
2022-10-26,852.0,852.0,852.0,852.0,852.0,500
2022-10-28,856.0,856.0,858.0,856.0,858.0,3900
2022-10-31,856.0,856.0,856.0,856.0,856.0,0
2022-11-01,858.0,858.0,858.0,858.0,858.0,100
2022-11-02,859.0,859.0,859.0,859.0,859.0,300
2022-11-04,850.0,850.0,851.0,850.0,851.0,1300
2022-11-07,884.0,884.0,884.0,842.0,859.0,6700
2022-11-08,887.0,887.0,894.0,873.0,884.0,9400
2022-11-09,876.0,876.0,887.0,875.0,887.0,2400
2022-11-10,869.0,869.0,875.0,869.0,875.0,2000
2022-11-11,870.0,870.0,875.0,870.0,875.0,300
2022-11-14,865.0,865.0,870.0,853.0,870.0,1100
2022-11-15,860.0,860.0,865.0,858.0,865.0,1800
2022-11-16,863.0,863.0,863.0,857.0,860.0,500
2022-11-17,857.0,857.0,868.0,851.0,868.0,2100
2022-11-18,857.0,857.0,870.0,850.0,850.0,3100
2022-11-21,860.0,860.0,860.0,857.0,857.0,1300
2022-11-22,860.0,860.0,860.0,860.0,860.0,1800
2022-11-24,865.0,865.0,866.0,863.0,863.0,2700
2022-11-25,868.0,868.0,869.0,866.0,866.0,3300
2022-11-28,873.0,873.0,873.0,869.0,869.0,1700
2022-11-29,894.0,894.0,894.0,879.0,879.0,8800
2022-11-30,894.0,894.0,895.0,886.0,894.0,5000
2022-12-01,888.0,888.0,890.0,881.0,890.0,1900
2022-12-02,891.0,891.0,892.0,880.0,880.0,800
2022-12-05,890.0,890.0,895.0,890.0,891.0,2600
2022-12-06,890.0,890.0,890.0,876.0,890.0,1700
2022-12-07,890.0,890.0,905.0,876.0,878.0,2800
2022-12-08,885.0,885.0,894.0,881.0,883.0,2000
2022-12-09,892.0,892.0,892.0,890.0,890.0,500
2022-12-12,912.0,912.0,912.0,893.0,893.0,5600
2022-12-13,913.0,913.0,918.0,911.0,915.0,8000
2022-12-14,923.0,923.0,923.0,913.0,913.0,3000
2022-12-15,923.0,923.0,933.0,923.0,923.0,9400
2022-12-16,923.0,923.0,923.0,917.0,923.0,6200
2022-12-19,903.0,903.0,925.0,896.0,921.0,8300
2022-12-20,900.0,900.0,911.0,886.0,911.0,5700
2022-12-21,889.0,889.0,898.0,888.0,890.0,1400
2022-12-22,902.0,902.0,904.0,897.0,897.0,8700
2022-12-23,898.0,898.0,929.0,898.0,898.0,8000
2022-12-26,910.0,910.0,911.0,898.0,899.0,6800
2022-12-27,915.0,915.0,920.0,910.0,912.0,3400
2022-12-28,914.0,914.0,915.0,898.0,915.0,10500
2022-12-29,917.0,917.0,925.0,913.0,913.0,2900
2022-12-30,923.0,923.0,924.0,915.0,917.0,2800
2023-01-04,915.0,915.0,923.0,910.0,923.0,1300
2023-01-05,910.0,910.0,915.0,910.0,913.0,1700
2023-01-06,903.0,903.0,912.0,901.0,909.0,2100
2023-01-10,924.0,924.0,924.0,908.0,908.0,400
2023-01-11,915.0,915.0,924.0,915.0,923.0,400
2023-01-12,920.0,920.0,926.0,918.0,926.0,2200
2023-01-13,905.0,905.0,915.0,900.0,915.0,2100
2023-01-16,915.0,915.0,915.0,905.0,905.0,1000
2023-01-17,919.0,919.0,928.0,918.0,925.0,7300
2023-01-18,927.0,927.0,927.0,920.0,920.0,2000
2023-01-19,922.0,922.0,926.0,922.0,926.0,900
2023-01-20,919.0,919.0,922.0,919.0,922.0,1800
2023-01-23,916.0,916.0,929.0,916.0,927.0,6700
2023-01-24,921.0,921.0,927.0,921.0,922.0,2000
2023-01-25,922.0,922.0,928.0,921.0,921.0,4900
2023-01-26,922.0,922.0,929.0,922.0,927.0,3600
2023-01-27,926.0,926.0,930.0,922.0,922.0,1600
2023-01-30,929.0,929.0,933.0,926.0,930.0,500
2023-01-31,939.0,939.0,939.0,920.0,926.0,3100
2023-02-01,940.0,940.0,940.0,935.0,940.0,3900
2023-02-02,947.0,947.0,957.0,942.0,942.0,7600
2023-02-03,956.0,956.0,960.0,940.0,958.0,6300
2023-02-06,969.0,969.0,969.0,956.0,964.0,5300
2023-02-07,970.0,970.0,975.0,969.0,969.0,3600
2023-02-08,962.0,962.0,972.0,962.0,969.0,5200
2023-02-09,992.0,992.0,998.0,973.0,977.0,17100
2023-02-10,998.0,998.0,1012.0,992.0,1010.0,20400
2023-02-13,1043.0,1043.0,1043.0,1002.0,1006.0,23000
2023-02-14,1045.0,1045.0,1048.0,1029.0,1045.0,11200
2023-02-15,1029.0,1029.0,1048.0,1000.0,1048.0,16700
2023-02-16,1027.0,1027.0,1039.0,1005.0,1024.0,6300
2023-02-17,1020.0,1020.0,1027.0,1005.0,1027.0,4900
2023-02-20,1030.0,1030.0,1030.0,1023.0,1023.0,8700
2023-02-21,1067.0,1067.0,1075.0,1030.0,1035.0,24000
2023-02-22,1064.0,1064.0,1074.0,1063.0,1070.0,5400
2023-02-24,1085.0,1085.0,1100.0,1065.0,1065.0,13700
2023-02-27,1090.0,1090.0,1095.0,1066.0,1085.0,8100
2023-02-28,1072.0,1072.0,1099.0,1072.0,1088.0,7500
2023-03-01,1070.0,1070.0,1083.0,1055.0,1070.0,3600
2023-03-02,1073.0,1073.0,1087.0,1070.0,1070.0,3500
2023-03-03,1089.0,1089.0,1095.0,1075.0,1077.0,9200
2023-03-06,1102.0,1102.0,1105.0,1089.0,1099.0,12900
2023-03-07,1126.0,1126.0,1130.0,1099.0,1099.0,11800
2023-03-08,1120.0,1120.0,1133.0,1115.0,1121.0,5900
2023-03-09,1127.0,1127.0,1131.0,1116.0,1127.0,6900
2023-03-10,1083.0,1083.0,1125.0,1072.0,1125.0,24000
2023-03-13,1039.0,1039.0,1070.0,1003.0,1070.0,17300
2023-03-14,1011.0,1011.0,1037.0,1003.0,1025.0,10700
2023-03-15,1025.0,1025.0,1034.0,1011.0,1023.0,7400
2023-03-16,993.0,993.0,1006.0,990.0,1000.0,8900
2023-03-17,1026.0,1026.0,1026.0,996.0,996.0,5100
2023-03-20,1025.0,1025.0,1032.0,1007.0,1019.0,5100
2023-03-22,1034.0,1034.0,1034.0,1029.0,1033.0,2000
2023-03-23,1028.0,1028.0,1036.0,1013.0,1034.0,3000
2023-03-29,1027.0,1027.0,1033.0,1027.0,1027.0,3400
2023-03-24,1038.0,1038.0,1038.0,1021.0,1035.0,3400
2023-03-27,1024.0,1024.0,1038.0,1024.0,1038.0,6600
2023-03-28,1026.0,1026.0,1035.0,1023.0,1023.0,500
2023-03-27,1004.0584106445312,1024.0,1038.0,1024.0,1038.0,6600
2023-03-28,1006.0194702148438,1026.0,1035.0,1023.0,1023.0,500
2023-03-29,1007.0,1027.0,1033.0,1027.0,1027.0,3400
2023-03-30,1013.0,1013.0,1013.0,1007.0,1007.0,2100
2023-03-31,1029.0,1029.0,1029.0,1019.0,1022.0,2500
2023-04-03,1030.0,1030.0,1035.0,1020.0,1034.0,4200
2023-04-04,1027.0,1027.0,1032.0,1026.0,1031.0,2900
2023-04-05,1019.0,1019.0,1024.0,1019.0,1022.0,1500
2023-04-06,1019.0,1019.0,1030.0,1011.0,1011.0,1600
2023-04-07,1020.0,1020.0,1021.0,1012.0,1012.0,2000
2023-04-10,1013.0,1013.0,1028.0,1011.0,1015.0,3500
2023-04-11,1028.0,1028.0,1035.0,1011.0,1011.0,5300
2023-04-12,1032.0,1032.0,1033.0,1027.0,1032.0,1400
2023-04-13,1031.0,1031.0,1031.0,1020.0,1031.0,800
2023-04-14,1031.0,1031.0,1031.0,1021.0,1031.0,1300
2023-04-17,1057.0,1057.0,1060.0,1031.0,1031.0,10500
2023-04-18,1068.0,1068.0,1070.0,1055.0,1055.0,5800
