Date,Adj Close,Close,High,Low,Open,Volume
2012-06-20,628.7181396484375,655.0,787.5,637.5,700.0,1706600
2012-06-21,772.6995239257812,805.0,805.0,690.0,710.0,1191000
2012-06-22,964.6744384765624,1005.0,1005.0,806.5,825.0,2082800
2012-06-25,1204.6431884765625,1255.0,1255.0,1099.5,1230.0,1407600
2012-06-26,1181.1263427734375,1230.5,1316.0,1152.5,1205.0,1063600
2012-06-27,1204.6431884765625,1255.0,1297.5,1085.5,1275.0,651000
2012-06-28,1120.6541748046875,1167.5,1250.0,1147.5,1195.0,394400
2012-06-29,1026.1064453125,1069.0,1147.5,1040.0,1125.0,339800
2012-07-02,1007.8689575195312,1050.0,1162.5,1005.5,1049.0,426800
2012-07-03,1022.7469482421876,1065.5,1095.5,1007.0,1025.0,279800
2012-07-04,1223.8406982421875,1275.0,1315.5,1050.0,1053.0,1129400
2012-07-05,1279.5135498046875,1333.0,1484.5,1251.0,1324.5,1620400
2012-07-06,1521.4019775390625,1585.0,1585.0,1312.5,1325.0,1624600
2012-07-09,1857.3582763671875,1935.0,1935.0,1562.5,1585.0,1588600
2012-07-10,1734.9742431640625,1807.5,2285.0,1730.0,2040.0,1923800
2012-07-11,1718.176513671875,1790.0,2035.0,1700.0,1925.0,914600
2012-07-12,1535.800048828125,1600.0,1730.0,1550.0,1700.0,606200
2012-07-13,1698.9791259765625,1770.0,1815.0,1625.0,1630.0,642200
2012-07-17,1919.7503662109373,2000.0,2120.0,1887.5,1945.0,1234200
2012-07-18,1857.3582763671875,1935.0,2260.0,1905.0,2035.0,1290600
2012-07-19,1991.7408447265625,2075.0,2140.0,1940.0,2100.0,451600
2012-07-20,1823.7628173828125,1900.0,2100.0,1882.5,2075.0,397200
2012-07-23,1552.59765625,1617.5,1882.5,1560.0,1800.0,365000
2012-07-24,1418.21533203125,1477.5,1670.0,1475.5,1635.0,425000
2012-07-25,1531.0009765625,1595.0,1620.0,1387.5,1436.5,596200
2012-07-26,1370.2218017578125,1427.5,1577.5,1425.5,1525.0,313800
2012-07-27,1323.667724609375,1379.0,1475.0,1330.5,1475.0,339600
2012-07-30,1262.2357177734375,1315.0,1380.0,1285.0,1374.0,257400
2012-07-31,1451.81103515625,1512.5,1565.0,1360.0,1360.0,845200
2012-08-01,1352.9439697265625,1409.5,1585.0,1361.5,1545.0,545600
2012-08-02,1305.43017578125,1360.0,1444.5,1350.0,1394.0,178600
2012-08-03,1183.0460205078125,1232.5,1343.5,1228.0,1338.5,165000
2012-08-06,943.0773315429688,982.5,982.5,982.5,982.5,11000
2012-08-07,865.807373046875,902.0,942.0,876.5,882.5,576200
2012-08-08,818.7735595703125,853.0,895.0,851.5,882.0,147400
2012-08-09,890.2841796875,927.5,992.0,874.0,879.0,427800
2012-08-10,861.9678955078125,898.0,945.0,880.0,892.5,156000
2012-08-13,827.8922729492188,862.5,898.0,852.5,898.0,87400
2012-08-14,813.01416015625,847.0,867.5,832.0,850.5,62600
2012-08-15,811.0944213867188,845.0,880.0,832.0,847.0,72800
2012-08-16,816.373779296875,850.5,875.0,841.5,859.0,40000
2012-08-17,802.45556640625,836.0,858.5,832.0,850.5,43600
2012-08-20,780.3784790039062,813.0,845.0,807.0,836.0,51600
2012-08-21,744.3831787109375,775.5,817.0,775.5,813.0,70400
2012-08-22,731.9047241210938,762.5,795.0,745.5,790.0,52200
2012-08-23,863.8876342773438,900.0,955.0,785.0,800.0,627000
2012-08-24,1055.862548828125,1100.0,1100.0,910.0,914.0,772400
2012-08-27,1195.5242919921875,1245.5,1350.0,1212.0,1250.0,1007800
2012-08-28,1399.977783203125,1458.5,1460.0,1286.5,1295.5,779000
2012-08-29,1202.723388671875,1253.0,1585.0,1235.0,1471.0,1143400
2012-08-30,1159.529296875,1208.0,1366.5,1176.5,1299.5,530600
2012-08-31,1094.737548828125,1140.5,1204.5,1108.0,1185.5,328000
2012-09-03,1334.70654296875,1390.5,1390.5,1210.0,1210.0,698400
2012-09-04,1390.8590087890625,1449.0,1537.5,1392.0,1490.5,884800
2012-09-05,1247.837890625,1300.0,1437.5,1285.0,1425.0,299800
2012-09-06,1223.8406982421875,1275.0,1335.5,1225.0,1275.5,220600
2012-09-07,1218.08154296875,1269.0,1325.0,1245.0,1325.0,115400
2012-09-10,1159.529296875,1208.0,1244.5,1190.0,1233.0,111800
2012-09-11,1264.155517578125,1317.0,1392.5,1216.0,1230.0,452000
2012-09-12,1287.1923828125,1341.0,1382.5,1294.0,1300.0,293200
2012-09-13,1288.63232421875,1342.5,1425.0,1319.0,1380.0,324400
2012-09-14,1279.033447265625,1332.5,1398.5,1308.5,1325.0,165200
2012-09-18,1300.630859375,1355.0,1415.0,1350.0,1375.0,184200
2012-09-19,1291.5118408203125,1345.5,1424.5,1323.0,1393.5,288800
2012-09-20,1275.1942138671875,1328.5,1370.0,1315.0,1352.5,79800
2012-09-21,1231.519775390625,1283.0,1330.5,1267.5,1330.0,64200
2012-09-24,1216.1617431640625,1267.0,1279.0,1230.0,1279.0,76800
2012-09-25,1327.02734375,1382.5,1384.5,1232.5,1268.0,183600
2012-09-26,1262.7159423828125,1315.5,1396.5,1291.0,1392.5,129400
2012-09-27,1316.9486083984375,1372.0,1373.0,1282.5,1322.5,171400
2012-09-28,1295.831298828125,1350.0,1390.0,1325.0,1385.0,111000
2012-10-01,1262.2357177734375,1315.0,1340.0,1285.0,1315.0,75600
2012-10-02,1223.8406982421875,1275.0,1315.0,1270.0,1315.0,62200
2012-10-03,1213.7620849609375,1264.5,1291.5,1227.5,1275.5,47800
2012-10-04,1185.445556640625,1235.0,1264.5,1234.0,1259.0,49600
2012-10-05,1193.1248779296875,1243.0,1245.0,1186.5,1230.0,53400
2012-10-09,1159.0491943359375,1207.5,1240.0,1200.0,1230.0,27400
2012-10-10,1147.0506591796875,1195.0,1224.0,1175.0,1196.0,30800
2012-10-11,1132.6527099609375,1180.0,1215.0,1170.5,1180.0,22400
2012-10-12,1050.583251953125,1094.5,1151.0,1060.5,1150.0,69200
2012-10-15,969.4739379882812,1010.0,1085.0,987.5,1050.0,47800
2012-10-16,969.4739379882812,1010.0,1020.5,997.5,1015.0,27800
2012-10-17,918.12060546875,956.5,1010.0,945.0,1010.0,61400
2012-10-18,1110.095458984375,1156.5,1156.5,1088.5,1095.0,53600
2012-10-19,1084.658935546875,1130.0,1344.5,1123.5,1300.0,320800
2012-10-22,1034.2655029296875,1077.5,1114.5,1062.0,1100.0,86800
2012-10-23,1078.899658203125,1124.0,1145.0,1066.0,1085.0,57800
2012-10-24,1065.4613037109375,1110.0,1110.0,1075.0,1106.0,25400
2012-10-25,1036.185302734375,1079.5,1105.0,1070.5,1105.0,26200
2012-10-26,1025.62646484375,1068.5,1085.5,1050.0,1079.5,20000
2012-10-29,1029.46630859375,1072.5,1075.0,1050.0,1068.5,15600
2012-10-30,1007.3887939453124,1049.5,1069.5,1032.5,1032.5,14600
2012-10-31,990.5911254882812,1032.0,1064.5,1006.5,1064.5,25400
2012-11-01,960.8350830078124,1001.0,1022.5,995.0,1020.0,32000
2012-11-02,952.676025390625,992.5,1002.0,984.5,1002.0,23000
2012-11-05,1001.6295776367188,1043.5,1125.0,1010.0,1010.0,61800
2012-11-06,969.9537963867188,1010.5,1065.0,1010.5,1065.0,20600
2012-11-07,967.5540771484376,1008.0,1020.0,996.5,1020.0,17200
2012-11-08,946.4368286132812,986.0,1004.5,985.5,991.0,19200
2012-11-09,952.676025390625,992.5,1000.0,981.0,985.0,9800
2012-11-12,928.6791381835938,967.5,1025.0,960.5,992.5,26200
2012-11-13,861.008056640625,897.0,965.0,889.5,950.5,43400
2012-11-14,825.4926147460938,860.0,900.0,845.0,900.0,30000
2012-11-15,817.813720703125,852.0,860.0,830.0,847.5,19800
2012-11-16,806.2950439453125,840.0,850.0,833.0,850.0,19800
2012-11-19,825.9724731445312,860.5,865.0,830.0,830.5,18400
2012-11-20,878.7657470703125,915.5,979.0,852.5,855.5,66400
2012-11-21,868.68701171875,905.0,965.0,899.5,950.0,25800
2012-11-22,878.7657470703125,915.5,940.0,894.0,900.0,27600
2012-11-26,864.8474731445312,901.0,922.0,901.0,915.0,10400
2012-11-27,845.6500244140625,881.0,901.0,877.5,901.0,17000
2012-11-28,831.2518310546875,866.0,881.0,860.0,881.0,7000
2012-11-29,854.768798828125,890.5,897.0,870.0,870.5,11200
2012-11-30,839.8908081054688,875.0,895.0,875.0,890.5,10600
2012-12-03,823.0928344726562,857.5,876.0,850.5,876.0,7800
2012-12-04,827.412353515625,862.0,871.5,852.5,857.5,6000
2012-12-05,851.4092407226562,887.0,887.5,871.5,871.5,10600
2012-12-06,840.8505859375,876.0,892.5,876.0,876.5,4800
2012-12-07,844.6901245117188,880.0,884.5,875.5,876.5,5400
2012-12-10,834.6114501953125,869.5,885.0,869.5,877.0,7200
2012-12-11,819.25341796875,853.5,884.0,851.5,884.0,10200
2012-12-12,823.0928344726562,857.5,868.0,854.0,854.0,5800
2012-12-13,820.6932373046875,855.0,863.5,852.5,857.5,5200
2012-12-14,803.8954467773438,837.5,858.5,832.0,855.0,22200
2012-12-17,790.4572143554688,823.5,830.5,807.5,830.5,22000
2012-12-18,775.0991821289062,807.5,818.0,803.5,818.0,11200
2012-12-19,752.0620727539062,783.5,807.5,781.0,807.5,27200
2012-12-20,745.8229370117188,777.0,794.5,774.5,786.0,14800
2012-12-21,743.9032592773438,775.0,799.0,775.0,797.0,16600
2012-12-25,734.304443359375,765.0,775.0,758.0,775.0,15000
2012-12-26,734.304443359375,765.0,765.0,765.0,765.0,0
2012-12-27,730.4650268554688,761.0,785.0,758.5,785.0,6200
2012-12-28,722.3060302734375,752.5,756.5,740.0,755.0,22400
2013-01-04,724.2257690429688,754.5,771.5,742.5,771.5,14600
2013-01-07,734.304443359375,765.0,772.5,751.0,772.5,21200
2013-01-08,844.210205078125,879.5,879.5,770.5,789.5,106200
2013-01-09,826.932373046875,861.5,975.0,861.5,975.0,117200
2013-01-10,811.5744018554688,845.5,855.0,818.0,850.0,39200
2013-01-11,791.8970336914062,825.0,838.5,810.0,830.5,27800
2013-01-15,800.055908203125,833.5,834.5,811.5,825.5,19000
2013-01-16,787.0975952148438,820.0,847.0,813.5,847.0,16800
2013-01-17,782.2982177734375,815.0,825.0,805.0,815.0,23600
2013-01-18,788.0574951171875,821.0,850.0,817.5,850.0,27000
2013-01-21,895.0835571289062,932.5,939.5,823.5,838.5,80000
2013-01-22,851.4092407226562,887.0,962.5,862.5,950.0,104000
2013-01-23,831.7318115234375,866.5,897.5,856.0,890.0,26600
2013-01-24,830.2920532226562,865.0,881.0,856.0,866.5,25000
2013-01-25,841.3305053710938,876.5,877.5,857.0,857.0,19400
2013-01-28,855.7285766601562,891.5,893.5,870.0,889.5,21000
2013-01-29,823.0928344726562,857.5,916.5,857.5,910.5,31000
2013-01-30,809.1747436523438,843.0,863.5,825.0,855.0,42400
2013-01-31,819.7333984375,854.0,854.0,829.5,832.5,12800
2013-02-01,799.0960083007812,832.5,847.5,830.0,847.5,6400
2013-02-04,805.3352661132812,839.0,841.0,820.5,822.0,14800
2013-02-05,789.497314453125,822.5,842.5,821.0,842.5,6400
2013-02-06,787.0975952148438,820.0,834.5,808.0,820.5,10000
2013-02-07,794.2965698242188,827.5,832.0,807.5,810.0,5200
2013-02-08,775.5791625976562,808.0,824.5,806.0,807.5,6200
2013-02-12,765.50048828125,797.5,808.0,777.5,806.5,20200
2013-02-13,734.304443359375,765.0,790.0,755.5,779.0,13800
2013-02-14,734.304443359375,765.0,765.0,751.5,757.5,11600
2013-02-15,686.310791015625,715.0,755.0,620.0,753.5,41400
2013-02-18,671.91259765625,700.0,750.0,682.5,750.0,22000
2013-02-19,667.1132202148438,695.0,712.5,689.5,704.0,5400
2013-02-20,657.5144653320312,685.0,697.0,676.5,676.5,17800
2013-02-21,681.5113525390625,710.0,710.5,685.5,696.5,10800
2013-02-22,695.909423828125,725.0,735.0,715.0,715.5,9200
2013-02-25,677.671875,706.0,725.0,702.5,725.0,9200
2013-02-26,675.2721557617188,703.5,712.5,701.0,712.5,4600
2013-02-27,659.4342041015625,687.0,708.5,686.0,708.5,7200
2013-02-28,647.9156494140625,675.0,690.0,659.0,687.0,32800
2013-03-01,655.11474609375,682.5,690.0,666.5,690.0,6800
2013-03-04,681.0313110351562,709.5,709.5,675.0,680.5,25200
2013-03-05,710.3076171875,740.0,740.0,711.0,711.0,23600
2013-03-06,686.310791015625,715.0,740.0,711.0,740.0,20200
2013-03-07,746.7828979492188,778.0,778.5,715.0,724.0,21600
2013-03-08,767.9000244140625,800.0,892.5,779.5,794.0,94000
2013-03-11,710.3076171875,740.0,805.5,717.5,805.5,58400
2013-03-12,691.1100463867188,720.0,740.0,701.0,731.5,19400
2013-03-13,689.6702270507812,718.5,719.5,703.5,715.0,10000
2013-03-14,680.0714111328125,708.5,719.0,707.5,712.0,10600
2013-03-15,683.9110107421875,712.5,717.5,705.0,708.0,7200
2013-03-18,698.3091430664062,727.5,737.5,710.0,712.5,12200
2013-03-19,726.62548828125,757.0,758.5,727.5,727.5,17400
2013-03-21,758.3013305664062,790.0,803.5,763.0,801.0,28600
2013-03-22,744.3831787109375,775.5,790.0,766.0,790.0,17600
2013-03-25,742.46337890625,773.5,780.0,751.5,775.0,20800
2013-03-26,741.5034790039062,772.5,772.5,760.0,770.0,2800
2013-03-27,726.1454467773438,756.5,772.5,751.5,753.0,24400
2013-03-28,755.9017333984375,787.5,787.5,757.5,760.0,15800
2013-03-29,853.8089599609375,889.5,925.0,816.5,816.5,148200
2013-04-01,772.6995239257812,805.0,899.5,795.0,899.5,51200
2013-04-02,763.1007690429688,795.0,799.0,705.5,745.5,29200
2013-04-03,759.26123046875,791.0,791.0,777.0,780.5,13200
2013-04-04,733.3446655273438,764.0,790.0,755.5,790.0,18800
2013-04-05,729.505126953125,760.0,795.0,750.0,770.5,20200
2013-04-08,746.302978515625,777.5,782.5,755.0,760.0,9400
2013-04-09,743.9032592773438,775.0,775.0,761.0,774.0,15600
2013-04-10,749.6624755859375,781.0,792.5,765.0,770.5,21000
2013-04-11,741.5034790039062,772.5,782.0,763.5,782.0,12200
2013-04-12,744.3831787109375,775.5,775.5,755.5,769.5,11600
2013-04-15,732.8645629882812,763.5,775.0,763.5,765.5,12200
2013-04-16,728.5452880859375,759.0,759.0,742.5,755.0,20800
2013-04-17,757.8213500976562,789.5,840.0,765.0,769.5,34000
2013-04-18,775.0991821289062,807.5,837.5,778.5,785.0,19800
2013-04-19,785.6577758789062,818.5,827.0,800.0,827.0,22400
2013-04-22,871.0866088867188,907.5,922.5,845.0,876.5,85000
2013-04-23,931.078857421875,970.0,970.5,900.0,922.5,85400
2013-04-24,1123.0538330078125,1170.0,1170.0,1018.5,1018.5,270000
2013-04-25,1271.8343505859375,1325.0,1420.0,1225.0,1420.0,407400
2013-04-26,1135.05224609375,1182.5,1315.0,1177.5,1226.0,121600
2013-04-30,1375.02099609375,1432.5,1432.5,1380.0,1390.0,115800
2013-05-01,1406.2169189453125,1465.0,1650.0,1440.0,1647.5,325800
2013-05-02,1487.8065185546875,1550.0,1550.0,1316.5,1430.0,122000
2013-05-07,1823.7628173828125,1900.0,1900.0,1740.0,1740.0,218600
2013-05-08,1895.75341796875,1975.0,2250.0,1705.0,2040.0,279400
2013-05-09,1809.36474609375,1885.0,2175.0,1860.0,2175.0,94400
2013-05-10,1847.7596435546875,1925.0,2020.0,1705.0,1780.0,130200
2013-05-13,1751.772216796875,1825.0,1900.0,1725.0,1900.0,77400
2013-05-14,1646.1856689453125,1715.0,1717.5,1545.0,1545.0,114600
2013-05-15,1343.3450927734375,1399.5,1700.0,1365.0,1700.0,129400
2013-05-16,1247.837890625,1300.0,1399.5,1149.5,1399.5,122600
2013-05-17,1329.4267578125,1385.0,1399.5,1250.5,1305.0,64200
2013-05-20,1569.395751953125,1635.0,1635.0,1470.0,1545.0,118600
2013-05-21,1463.8094482421875,1525.0,1647.5,1455.0,1532.5,84400
2013-05-22,1435.0133056640625,1495.0,1550.0,1450.0,1550.0,40400
2013-05-23,1238.2388916015625,1290.0,1490.0,1250.0,1490.0,59600
2013-05-24,1319.828369140625,1375.0,1449.0,1215.5,1338.5,30200
2013-05-27,1261.7557373046875,1314.5,1337.5,1260.0,1337.5,26000
2013-05-28,1271.8343505859375,1325.0,1365.0,1262.5,1265.0,18600
2013-05-29,1353.4239501953125,1410.0,1410.0,1350.0,1391.5,21000
2013-05-30,1319.828369140625,1375.0,1540.0,1300.5,1500.0,32000
2013-05-31,1358.2232666015625,1415.0,1475.0,1375.0,1375.0,18000
2013-06-03,1273.754150390625,1327.0,1375.0,1302.0,1350.0,10200
2013-06-04,1291.0318603515625,1345.0,1350.0,1250.0,1350.0,11400
2013-06-05,1291.0318603515625,1345.0,1345.0,1345.0,1345.0,0
2013-06-06,1030.9058837890625,1074.0,1295.0,1074.0,1255.0,49000
2013-06-07,863.8876342773438,900.0,965.0,825.0,947.0,113400
2013-06-10,969.9537963867188,1010.5,1010.5,935.0,935.0,33800
2013-06-11,947.876708984375,987.5,1035.0,959.5,1008.5,40800
2013-06-12,947.3967895507812,987.0,990.0,925.0,925.0,16400
2013-06-13,922.919921875,961.5,961.5,932.5,947.0,10200
2013-06-14,917.640625,956.0,1050.0,956.0,1000.5,31000
2013-06-17,952.676025390625,992.5,1015.0,925.5,925.5,21000
2013-06-18,932.038818359375,971.0,999.0,965.5,972.5,17600
2013-06-19,921.4801025390624,960.0,1014.0,960.0,1014.0,12000
2013-06-20,923.3998413085938,962.0,970.5,950.0,960.0,11400
2013-06-21,909.4816284179688,947.5,948.5,927.5,927.5,12000
2013-06-24,875.8861083984375,912.5,942.5,875.0,932.5,36400
2013-06-25,802.45556640625,836.0,877.5,826.5,875.0,33400
2013-06-26,727.10546875,757.5,869.5,730.0,869.5,40800
2013-06-27,736.2242431640625,767.0,788.5,695.0,723.0,53200
2013-06-28,773.1793823242188,805.5,815.0,777.5,782.0,16400
2013-07-01,839.41064453125,874.5,874.5,820.0,838.5,17400
2013-07-02,855.2487182617188,891.0,900.0,862.5,900.0,20800
2013-07-03,949.7965087890624,989.5,999.5,880.0,883.0,44200
2013-07-04,917.640625,956.0,987.5,951.5,975.0,21800
2013-07-05,926.2794189453124,965.0,995.0,950.5,956.5,25400
2013-07-08,926.2794189453124,965.0,1010.0,960.0,996.0,15200
2013-07-09,925.799560546875,964.5,970.5,940.0,970.5,12600
2013-07-10,878.2857055664062,915.0,970.0,905.0,970.0,20200
2013-07-11,908.5217895507812,946.5,946.5,900.0,900.0,6400
2013-07-12,1100.4969482421875,1146.5,1146.5,985.0,989.5,56200
2013-07-16,1207.0428466796875,1257.5,1371.5,1163.0,1371.5,396200
2013-07-17,1071.220703125,1116.0,1350.0,1061.0,1110.0,202800
2013-07-18,1149.4503173828125,1197.5,1231.0,1150.0,1205.0,140400
2013-07-19,1089.4581298828125,1135.0,1197.5,1120.0,1197.5,26600
2013-07-22,1055.382568359375,1099.5,1135.0,1060.0,1135.0,20800
2013-07-23,996.830322265625,1038.5,1100.0,1025.5,1100.0,10400
2013-07-24,1029.46630859375,1072.5,1096.5,1042.5,1087.5,6000
2013-07-25,1026.1064453125,1069.0,1069.0,1034.0,1054.5,12000
2013-07-26,1000.6698608398438,1042.5,1050.5,1032.5,1050.5,10600
2013-07-29,906.6019897460938,944.5,1030.0,937.5,1017.5,40000
2013-07-30,898.443115234375,936.0,975.0,913.0,925.0,11800
2013-07-31,887.884521484375,925.0,953.5,925.0,936.5,9400
2013-08-01,892.6838989257812,930.0,934.5,907.5,925.0,7800
2013-08-02,958.9152221679688,999.0,1004.5,930.0,930.0,7000
2013-08-05,959.8751831054688,1000.0,1000.0,960.0,979.0,4600
2013-08-06,1036.185302734375,1079.5,1098.5,1000.0,1057.5,13400
2013-08-07,988.67138671875,1030.0,1070.0,1001.0,1008.0,4200
2013-08-08,959.8751831054688,1000.0,1024.0,1000.0,1005.0,10000
2013-08-09,911.8814086914062,950.0,1010.0,935.0,1005.5,10400
2013-08-12,873.4863891601562,910.0,975.0,910.0,935.5,15200
2013-08-13,897.4832153320312,935.0,940.0,925.0,930.0,7400
2013-08-14,909.4816284179688,947.5,955.0,921.5,921.5,2600
2013-08-15,979.07275390625,1020.0,1020.0,930.0,947.5,10600
2013-08-16,952.676025390625,992.5,1019.0,978.0,1000.0,7800
2013-08-19,916.6807861328124,955.0,975.5,955.0,962.5,3400
2013-08-20,919.5603637695312,958.0,984.0,938.5,984.0,6800
2013-08-21,907.0820922851562,945.0,998.0,940.0,998.0,6600
2013-08-22,911.4014282226562,949.5,975.0,935.0,935.0,7200
2013-08-23,932.9986572265624,972.0,975.0,945.0,974.0,5800
2013-08-26,933.4785766601562,972.5,985.0,957.5,985.0,2800
2013-08-27,919.0803833007812,957.5,972.5,957.5,960.0,800
2013-08-28,926.2794189453124,965.0,965.0,928.5,950.0,12400
2013-08-29,926.2794189453124,965.0,977.0,940.0,965.0,13800
2013-08-30,907.0820922851562,945.0,977.5,945.0,965.0,5400
2013-09-02,909.4816284179688,947.5,955.0,909.0,950.0,11800
2013-09-03,915.720947265625,954.0,955.5,935.0,955.0,8800
2013-09-04,938.2778930664062,977.5,988.5,956.5,979.5,7600
2013-09-05,954.5957641601562,994.5,994.5,980.0,980.0,3400
2013-09-06,944.037109375,983.5,983.5,950.0,974.5,2000
2013-09-09,925.3196411132812,964.0,969.5,962.0,963.5,5200
2013-09-10,914.281005859375,952.5,976.0,950.5,955.5,3600
2013-09-11,928.1992797851562,967.0,967.5,950.0,955.0,2200
2013-09-12,912.3612670898438,950.5,962.0,947.0,947.0,3400
2013-09-13,912.3612670898438,950.5,950.5,944.5,950.0,6000
2013-09-17,935.8782348632812,975.0,975.0,951.0,951.0,9000
2013-09-18,965.1544189453124,1005.5,1010.0,958.0,960.0,21400
2013-09-19,1007.8689575195312,1050.0,1070.0,1020.5,1020.5,21800
2013-09-20,950.75634765625,990.5,1060.0,990.5,1060.0,8600
2013-09-24,954.5957641601562,994.5,1000.0,950.0,990.0,18200
2013-09-25,914.281005859375,952.5,966.5,940.0,966.0,16400
2013-09-26,907.0820922851562,945.0,957.5,945.0,950.0,4400
2013-09-27,916.6807861328124,955.0,955.0,942.5,955.0,5600
2013-09-30,907.5618896484376,945.5,960.0,930.0,949.5,11000
2013-10-01,895.0835571289062,932.5,945.5,920.0,945.5,12600
2013-10-02,895.0835571289062,932.5,934.5,876.0,925.5,19200
2013-10-03,896.04345703125,933.5,933.5,916.5,925.0,8600
2013-10-04,887.4044799804688,924.5,933.0,875.0,916.5,24000
2013-10-07,827.8922729492188,862.5,922.5,841.5,922.5,22200
2013-10-08,851.4092407226562,887.0,893.0,840.5,842.5,15600
2013-10-09,848.0496215820312,883.5,888.5,854.5,886.5,24600
2013-10-10,829.3320922851562,864.0,902.5,857.0,883.5,17800
2013-10-11,813.97412109375,848.0,875.0,845.0,851.5,25600
2013-10-15,822.6129760742188,857.0,863.5,844.0,863.5,13600
2013-10-16,799.5759887695312,833.0,853.5,824.0,837.0,23400
2013-10-17,801.0158081054688,834.5,844.5,826.5,837.0,23200
2013-10-18,805.3352661132812,839.0,850.0,813.5,814.5,23000
2013-10-21,799.5759887695312,833.0,842.5,830.0,833.0,11400
2013-10-22,840.8505859375,876.0,876.0,838.0,838.0,27800
2013-10-23,836.53125,871.5,896.0,850.0,896.0,21400
2013-10-24,823.5728759765625,858.0,879.5,855.5,871.5,5600
2013-10-25,823.0928344726562,857.5,869.5,835.5,853.5,12000
2013-10-28,793.336669921875,826.5,849.5,826.0,849.5,12200
2013-10-29,793.336669921875,826.5,826.5,826.5,826.5,0
2013-10-30,789.9771728515625,823.0,844.5,823.0,844.5,2800
2013-10-31,791.8970336914062,825.0,825.0,815.0,821.5,8600
2013-11-01,801.495849609375,835.0,835.0,814.0,825.0,9800
2013-11-05,797.1762084960938,830.5,843.5,828.5,835.0,5600
2013-11-06,796.21630859375,829.5,830.5,820.0,830.5,5200
2013-11-07,772.219482421875,804.5,817.0,804.0,812.0,9000
2013-11-08,767.9000244140625,800.0,800.5,795.5,800.0,5400
2013-11-11,743.9032592773438,775.0,800.0,750.5,800.0,15000
2013-11-12,743.9032592773438,775.0,790.0,755.5,755.5,8000
2013-11-13,705.5081787109375,735.0,775.0,700.5,775.0,30400
2013-11-14,721.8261108398438,752.0,759.0,735.5,759.0,6000
2013-11-15,771.2596435546875,803.5,803.5,750.0,750.0,10400
2013-11-18,760.2210693359375,792.0,809.5,757.5,800.0,13800
2013-11-19,748.7025756835938,780.0,792.0,775.0,792.0,4800
2013-11-20,746.7828979492188,778.0,792.5,746.5,792.5,9200
2013-11-21,761.180908203125,793.0,795.0,755.5,767.0,10200
2013-11-22,805.3352661132812,839.0,839.0,800.0,813.0,7000
2013-11-25,821.173095703125,855.5,864.5,845.5,845.5,14000
2013-11-26,825.4926147460938,860.0,860.5,855.5,855.5,3400
2013-11-27,825.0126953125,859.5,860.0,850.5,854.5,8400
2013-11-28,810.6145629882812,844.5,862.5,844.5,859.5,6800
2013-11-29,811.0944213867188,845.0,845.0,844.0,844.0,2000
2013-12-02,815.8938598632812,850.0,857.5,850.0,857.5,1000
2013-12-03,801.495849609375,835.0,850.5,835.0,850.5,3200
2013-12-04,784.6978759765625,817.5,835.0,801.5,835.0,3600
2013-12-05,774.1392822265625,806.5,825.0,806.0,810.0,2800
2013-12-06,757.341552734375,789.0,806.5,785.5,806.5,7800
2013-12-09,767.4201049804688,799.5,803.5,782.5,803.5,7200
2013-12-10,767.4201049804688,799.5,803.5,775.0,803.5,3400
2013-12-11,739.5838012695312,770.5,785.0,770.0,785.0,7600
2013-12-12,743.9032592773438,775.0,775.0,765.0,769.0,8200
2013-12-13,743.9032592773438,775.0,780.0,757.5,765.0,10600
2013-12-16,747.7427368164062,779.0,790.0,737.5,775.0,13200
2013-12-17,727.10546875,757.5,774.0,750.5,759.0,11000
2013-12-18,725.6655883789062,756.0,765.0,737.5,765.0,11400
2013-12-19,715.10693359375,745.0,750.5,733.0,742.5,11600
2013-12-20,721.8261108398438,752.0,756.0,722.5,735.0,25400
2013-12-24,727.5853881835938,758.0,779.5,750.0,752.0,12800
2013-12-25,700.7088623046875,730.0,750.5,712.5,738.0,25000
2013-12-26,749.0336303710938,775.0,775.0,731.0,775.0,5200
2013-12-27,741.7848510742188,767.5,792.5,750.0,792.5,9800
2013-12-30,754.3492431640625,780.5,790.0,755.0,767.5,8200
2014-01-06,734.5361328125,760.0,800.0,760.0,780.5,5000
2014-01-07,727.2874145507812,752.5,773.5,737.5,753.5,10800
2014-01-08,731.63671875,757.0,759.5,743.5,758.5,7600
2014-01-09,720.0386962890625,745.0,753.0,745.0,747.5,5000
2014-01-10,749.0336303710938,775.0,775.0,745.5,745.5,6200
2014-01-14,720.0386962890625,745.0,755.0,740.5,755.0,15000
2014-01-15,712.7899780273438,737.5,755.0,737.5,755.0,7000
2014-01-16,707.4743041992188,732.0,737.0,725.0,732.5,12000
2014-01-17,717.6224975585938,742.5,745.0,742.5,745.0,2800
2014-01-20,719.5554809570312,744.5,746.0,740.0,746.0,3600
2014-01-21,708.4407958984375,733.0,749.5,733.0,749.5,5400
2014-01-22,721.4884643554688,746.5,746.5,710.0,730.0,11400
2014-01-23,718.105712890625,743.0,743.0,743.0,743.0,1200
2014-01-24,705.5413818359375,730.0,732.0,720.0,720.0,2600
2014-01-27,697.809326171875,722.0,723.5,705.5,710.0,8600
2014-01-28,705.5413818359375,730.0,730.0,725.0,729.5,1000
2014-01-29,700.2255249023438,724.5,730.0,712.5,730.0,2400
2014-01-30,686.2113647460938,710.0,725.0,707.0,725.0,5400
2014-01-31,695.39306640625,719.5,724.5,704.0,717.5,7400
2014-02-03,669.2976684570312,692.5,704.5,680.5,699.0,9000
2014-02-04,584.7294311523438,605.0,635.0,572.5,635.0,24200
2014-02-05,594.3943481445312,615.0,640.0,610.0,620.0,8400
2014-02-06,661.0825805664062,684.0,684.0,625.0,639.0,5800
2014-02-07,657.2164916992188,680.0,700.0,675.0,699.0,4800
2014-02-10,666.8815307617188,690.0,690.0,670.0,670.0,400
2014-02-12,652.384033203125,675.0,675.0,658.0,675.0,4000
2014-02-13,649.9677734375,672.5,672.5,657.5,660.5,2600
2014-02-14,639.819580078125,662.0,674.5,640.0,657.5,4600
2014-02-17,639.819580078125,662.0,670.0,662.0,662.5,3200
2014-02-18,660.1161499023438,683.0,695.0,662.0,662.0,10400
2014-02-19,671.7139892578125,695.0,695.0,683.0,685.0,3400
2014-02-20,671.7139892578125,695.0,695.0,685.0,695.0,1600
2014-02-21,676.5464477539062,700.0,700.0,685.0,685.0,7200
2014-02-24,657.6997680664062,680.5,712.5,678.5,712.5,800
2014-02-25,691.0439453125,715.0,729.5,695.5,695.5,10200
2014-02-26,691.0439453125,715.0,728.5,715.0,725.0,3600
2014-02-27,678.9625854492188,702.5,725.0,702.5,725.0,1800
2014-02-28,696.3595581054688,720.5,721.0,683.0,721.0,3800
2014-03-03,688.1444091796875,712.0,720.5,669.5,720.5,3000
2014-03-04,652.384033203125,675.0,692.5,656.5,665.5,6400
2014-03-05,657.6997680664062,680.5,698.0,653.0,690.0,6200
2014-03-06,661.5657348632812,684.5,684.5,669.5,680.0,600
2014-03-07,638.369873046875,660.5,689.0,652.0,689.0,4600
2014-03-10,633.0541381835938,655.0,664.0,650.0,652.5,4400
2014-03-11,639.3363037109375,661.5,681.0,655.0,662.5,5200
2014-03-12,630.637939453125,652.5,652.5,650.0,651.5,2400
2014-03-13,627.7384643554688,649.5,674.5,643.0,650.0,9000
2014-03-14,604.059326171875,625.0,657.0,625.0,626.0,5000
2014-03-17,560.5670776367188,580.0,640.0,580.0,640.0,8600
2014-03-18,570.2320556640625,590.0,602.0,590.0,597.5,3800
2014-03-19,556.2178955078125,575.5,599.0,575.5,575.5,3600
2014-03-20,532.5386962890625,551.0,580.0,508.0,579.0,11200
2014-03-24,517.5580444335938,535.5,549.0,516.5,521.0,5600
2014-03-25,550.4188232421875,569.5,570.0,516.5,525.0,4600
2014-03-26,546.0697021484375,565.0,565.0,539.5,539.5,1800
2014-03-27,546.0697021484375,565.0,575.0,510.0,535.0,10600
2014-03-28,534.9549560546875,553.5,600.0,538.0,538.0,5600
2014-03-31,579.8969116210938,600.0,610.0,565.0,565.0,5200
2014-04-01,577.9639282226562,598.0,598.5,561.5,585.0,7000
2014-04-02,591.4949340820312,612.0,614.0,580.0,595.0,2800
2014-04-03,576.9974365234375,597.0,612.0,597.0,612.0,4400
2014-04-04,579.8969116210938,600.0,600.0,590.0,597.0,7400
2014-04-07,570.2320556640625,590.0,600.0,575.5,600.0,8000
2014-04-08,602.6094970703125,623.5,623.5,589.0,589.0,2200
2014-04-09,604.059326171875,625.0,625.0,609.0,623.5,3600
2014-04-10,601.6431884765625,622.5,624.0,622.5,624.0,600
2014-04-11,570.7152099609375,590.5,600.5,562.5,562.5,6600
2014-04-14,589.0786743164062,609.5,609.5,580.5,580.5,1800
2014-04-15,573.1315307617188,593.0,618.0,593.0,594.5,1200
2014-04-16,562.0167236328125,581.5,595.0,577.0,578.0,1800
2014-04-17,560.5670776367188,580.0,592.5,574.0,581.5,5400
2014-04-18,570.2320556640625,590.0,590.5,575.5,575.5,1000
2014-04-21,558.1506958007812,577.5,577.5,577.5,577.5,200
2014-04-22,558.1506958007812,577.5,577.5,541.0,562.5,13200
2014-04-23,554.7681274414062,574.0,574.0,552.0,559.0,1200
2014-04-24,551.38525390625,570.5,570.5,561.0,562.5,1400
2014-04-25,552.8350830078125,572.0,572.0,557.5,557.5,600
2014-04-28,555.734619140625,575.0,575.0,560.0,575.0,3800
2014-04-30,596.810546875,617.5,617.5,573.0,589.5,2400
2014-05-01,584.7294311523438,605.0,616.0,586.0,616.0,1600
2014-05-02,605.9923706054688,627.0,644.0,605.0,605.0,5000
2014-05-07,618.5567626953125,640.0,641.0,604.0,604.0,2600
2014-05-08,623.3892211914062,645.0,645.0,610.5,615.5,3800
2014-05-09,623.3892211914062,645.0,650.5,635.5,635.5,1000
2014-05-12,604.5425415039062,625.5,645.0,625.5,645.0,3400
2014-05-13,596.810546875,617.5,625.5,603.5,625.5,1800
2014-05-14,579.8969116210938,600.0,610.0,565.0,600.0,3200
2014-05-16,602.1264038085938,623.0,623.0,615.0,615.0,400
2014-05-19,577.4806518554688,597.5,619.5,590.0,600.5,2800
2014-05-20,584.7294311523438,605.0,615.0,585.0,585.0,2400
2014-05-21,589.5618896484375,610.0,610.0,592.5,605.0,800
2014-05-22,604.059326171875,625.0,625.0,605.0,615.0,2200
2014-05-23,604.059326171875,625.0,625.0,620.0,625.0,800
2014-05-26,663.0155029296875,686.0,775.0,620.0,625.0,22000
2014-05-27,637.8866577148438,660.0,754.0,660.0,671.0,8600
2014-05-28,652.384033203125,675.0,675.0,648.0,652.5,1400
2014-05-29,637.8866577148438,660.0,660.0,633.5,633.5,6000
2014-05-30,628.7049560546875,650.5,658.5,650.0,650.0,1200
2014-06-02,629.6714477539062,651.5,651.5,642.0,650.5,1000
2014-06-03,637.8866577148438,660.0,660.0,652.0,652.0,1600
2014-06-04,652.384033203125,675.0,675.0,675.0,675.0,200
2014-06-05,625.322265625,647.0,676.5,643.0,676.5,4400
2014-06-06,620.9729614257812,642.5,649.5,625.0,634.5,12600
2014-06-09,604.5425415039062,625.5,638.5,625.5,638.5,5200
2014-06-10,610.8247680664062,632.0,634.0,625.0,627.5,2600
2014-06-11,610.8247680664062,632.0,632.0,632.0,632.0,0
2014-06-12,659.6326904296875,682.5,682.5,632.0,632.0,1000
2014-06-13,651.9008178710938,674.5,674.5,674.5,674.5,400
2014-06-16,628.2218017578125,650.0,661.5,647.5,659.5,3600
2014-06-17,628.7049560546875,650.5,650.5,637.0,650.5,2600
2014-06-18,640.3028564453125,662.5,662.5,650.5,650.5,2000
2014-06-19,652.384033203125,675.0,676.5,662.5,662.5,2600
2014-06-20,630.637939453125,652.5,675.0,652.5,675.0,1600
2014-06-23,630.637939453125,652.5,655.0,647.5,647.5,2200
2014-06-24,641.7525634765625,664.0,687.5,663.0,679.0,13800
2014-06-25,638.8531494140625,661.0,661.5,660.5,660.5,800
2014-06-26,628.2218017578125,650.0,660.0,650.0,660.0,3000
2014-06-27,625.805419921875,647.5,650.5,637.5,650.0,1400
2014-06-30,645.1354370117188,667.5,667.5,649.5,662.5,2600
2014-07-01,633.0541381835938,655.0,670.0,652.5,670.0,2400
2014-07-02,642.7191772460938,665.0,665.5,657.0,665.5,600
2014-07-03,645.1354370117188,667.5,673.5,666.5,667.5,1400
2014-07-04,628.7049560546875,650.5,667.5,650.5,666.5,1800
2014-07-07,632.0877075195312,654.0,654.0,654.0,654.0,200
2014-07-08,627.7384643554688,649.5,650.5,649.5,650.0,1600
2014-07-09,619.0400390625,640.5,651.0,640.5,650.5,1000
2014-07-10,601.6431884765625,622.5,647.5,606.0,647.5,3600
2014-07-11,580.8634643554688,601.0,623.0,601.0,622.0,5200
2014-07-14,602.1264038085938,623.0,623.0,610.0,610.5,2000
2014-07-15,591.9781494140625,612.5,637.0,581.0,637.0,6000
2014-07-16,587.1456298828125,607.5,610.0,592.0,610.0,2600
2014-07-17,569.7487182617188,589.5,609.5,585.5,595.0,2800
2014-07-18,555.734619140625,575.0,585.0,575.0,585.0,7600
2014-07-22,560.5670776367188,580.0,580.0,575.0,575.0,2600
2014-07-23,562.9832763671875,582.5,582.5,582.5,582.5,1000
2014-07-24,555.734619140625,575.0,580.0,575.0,580.0,1800
2014-07-25,558.1506958007812,577.5,577.5,577.5,577.5,400
2014-07-28,558.1506958007812,577.5,577.5,575.0,575.0,400
2014-07-29,559.1173095703125,578.5,590.0,577.5,577.5,1600
2014-07-30,564.4329833984375,584.0,592.0,577.5,579.0,1400
2014-07-31,623.3892211914062,645.0,675.0,620.0,625.0,13200
2014-08-01,627.7384643554688,649.5,653.0,649.5,653.0,2600
2014-08-04,626.7718505859375,648.5,648.5,648.5,648.5,400
2014-08-05,599.2268676757812,620.0,637.5,612.5,637.5,1400
2014-08-06,596.810546875,617.5,620.0,605.5,610.0,1400
2014-08-07,589.5618896484375,610.0,617.5,605.0,617.5,1400
2014-08-08,575.064453125,595.0,610.0,595.0,610.0,4600
2014-08-11,594.3943481445312,615.0,615.0,615.0,615.0,200
2014-08-12,603.5759887695312,624.5,624.5,624.5,624.5,200
2014-08-13,631.6044311523438,653.5,700.0,653.5,666.5,25600
2014-08-14,623.8723754882812,645.5,662.0,640.5,642.0,3000
2014-08-15,628.2218017578125,650.0,655.0,640.0,640.0,1600
2014-08-18,628.2218017578125,650.0,650.0,650.0,650.0,0
2014-08-19,623.3892211914062,645.0,650.0,635.0,650.0,1400
2014-08-20,623.3892211914062,645.0,645.0,630.0,630.0,600
2014-08-21,649.9677734375,672.5,681.0,630.0,630.0,8600
2014-08-22,628.2218017578125,650.0,657.5,646.5,657.5,8600
2014-08-25,639.819580078125,662.0,665.0,650.0,650.0,2600
2014-08-26,637.8866577148438,660.0,675.0,652.0,652.0,3400
2014-08-27,648.0347900390625,670.5,677.5,665.0,675.0,5000
2014-08-28,680.4124755859375,704.0,705.0,674.5,675.0,10600
2014-08-29,683.3118896484375,707.0,710.0,685.0,700.0,9200
2014-09-01,705.5413818359375,730.0,730.0,710.5,722.0,13800
2014-09-02,689.1109619140625,713.0,730.0,713.0,716.5,8400
2014-09-03,676.5464477539062,700.0,700.0,672.5,672.5,2600
2014-09-04,652.384033203125,675.0,690.0,665.5,690.0,4000
2014-09-05,604.059326171875,625.0,666.5,625.0,666.5,4400
2014-09-08,626.2886962890625,648.0,648.0,627.0,627.0,2200
2014-09-09,637.8866577148438,660.0,662.5,636.0,648.0,1200
2014-09-10,637.8866577148438,660.0,660.0,660.0,660.0,400
2014-09-11,651.9008178710938,674.5,674.5,650.0,650.0,600
2014-09-12,637.8866577148438,660.0,674.5,660.0,674.5,800
2014-09-16,623.3892211914062,645.0,645.0,645.0,645.0,200
2014-09-17,624.8389282226562,646.5,650.0,645.0,645.0,600
2014-09-18,610.341552734375,631.5,637.5,631.0,637.5,2400
2014-09-19,605.02587890625,626.0,646.0,626.0,646.0,2600
2014-09-22,599.2268676757812,620.0,637.5,620.0,627.5,5400
2014-09-24,599.7101440429688,620.5,626.5,605.0,605.0,3800
2014-09-25,591.9781494140625,612.5,629.5,610.0,610.0,1400
2014-09-26,594.3943481445312,615.0,629.5,607.5,614.0,2200
2014-09-29,591.9781494140625,612.5,615.0,611.0,615.0,5200
2014-09-30,594.3943481445312,615.0,625.0,600.0,625.0,6800
2014-10-01,577.4806518554688,597.5,597.5,590.0,597.0,6200
2014-10-02,576.5142211914062,596.5,610.0,579.0,600.0,2600
2014-10-03,570.2320556640625,590.0,590.0,575.5,590.0,4000
2014-10-06,575.064453125,595.0,640.0,584.0,584.5,7200
2014-10-07,579.8969116210938,600.0,600.5,592.0,592.0,2600
2014-10-08,579.8969116210938,600.0,615.0,600.0,600.0,2600
2014-10-09,582.3131713867188,602.5,602.5,602.5,602.5,400
2014-10-10,561.5335693359375,581.0,590.5,581.0,590.5,2400
2014-10-14,572.6482543945312,592.5,592.5,577.5,577.5,1400
2014-10-15,555.734619140625,575.0,579.0,570.0,579.0,2000
2014-10-16,700.708740234375,725.0,725.0,598.5,605.0,45000
2014-10-17,773.1958618164062,800.0,875.0,785.0,875.0,121800
2014-10-20,628.2218017578125,650.0,707.5,631.5,680.0,134800
2014-10-21,584.2461547851562,604.5,635.0,604.5,635.0,36200
2014-10-22,584.2461547851562,604.5,625.5,583.5,589.5,41000
2014-10-23,574.0980224609375,594.0,612.5,585.0,594.5,7800
2014-10-24,719.0722045898438,744.0,744.0,600.0,600.0,85000
2014-10-27,660.1161499023438,683.0,847.5,681.5,729.0,189000
2014-10-28,661.5657348632812,684.5,747.0,651.0,700.0,53600
2014-10-29,640.7861328125,663.0,674.5,657.5,669.5,10400
2014-10-30,628.2218017578125,650.0,663.0,645.0,663.0,8800
2014-10-31,613.7242431640625,635.0,656.0,635.0,650.0,11800
2014-11-04,589.5618896484375,610.0,665.0,605.0,665.0,16000
2014-11-05,591.0115966796875,611.5,637.5,610.0,610.0,8600
2014-11-06,606.4755249023438,627.5,627.5,614.5,626.5,9400
2014-11-07,602.1264038085938,623.0,635.0,619.0,619.0,7600
2014-11-10,609.8582763671875,631.0,637.5,621.0,623.0,3800
2014-11-11,616.1405029296875,637.5,642.5,628.0,628.0,7200
2014-11-12,618.5567626953125,640.0,646.5,635.0,637.0,5200
2014-11-13,619.0400390625,640.5,643.0,635.0,635.5,4000
2014-11-14,604.059326171875,625.0,638.0,621.5,635.0,4800
2014-11-17,584.7294311523438,605.0,626.0,599.0,621.5,9200
2014-11-18,589.5618896484375,610.0,617.5,599.5,607.5,4400
2014-11-19,596.810546875,617.5,617.5,600.5,605.0,6600
2014-11-20,603.0928344726562,624.0,633.0,610.0,617.5,5600
2014-11-21,610.8247680664062,632.0,632.0,632.0,632.0,1000
2014-11-25,618.073486328125,639.5,639.5,622.5,625.0,4200
2014-11-26,604.059326171875,625.0,639.5,605.5,639.5,5000
2014-11-27,608.8917846679688,630.0,630.0,615.0,621.5,2600
2014-11-28,591.0115966796875,611.5,615.5,611.5,615.5,2600
2014-12-01,589.5618896484375,610.0,625.0,610.0,625.0,3400
2014-12-02,594.3943481445312,615.0,638.5,615.0,635.0,5800
2014-12-03,589.5618896484375,610.0,629.5,610.0,629.5,3200
2014-12-04,589.5618896484375,610.0,612.5,603.5,603.5,2600
2014-12-05,584.7294311523438,605.0,610.0,601.5,601.5,2800
2014-12-08,575.064453125,595.0,615.0,595.0,607.5,12000
2014-12-09,571.6817016601562,591.5,600.0,591.5,600.0,3000
2014-12-10,570.7152099609375,590.5,590.5,585.0,590.0,3000
2014-12-11,560.5670776367188,580.0,590.0,575.5,590.0,10600
2014-12-12,573.1315307617188,593.0,605.0,586.0,586.0,2400
2014-12-15,564.4329833984375,584.0,598.0,584.0,598.0,3200
2014-12-16,578.9304809570312,599.0,599.0,575.5,582.5,8400
2014-12-17,564.4329833984375,584.0,599.0,576.5,584.0,4600
2014-12-18,563.9497680664062,583.5,590.0,577.5,584.5,7400
2014-12-19,562.9832763671875,582.5,590.0,578.5,590.0,3200
2014-12-22,560.083740234375,579.5,594.5,575.5,577.0,12600
2014-12-24,558.1506958007812,577.5,578.0,575.0,576.0,16000
2014-12-25,538.82080078125,557.5,567.5,557.5,561.0,21400
2014-12-26,552.4743041992188,566.5,567.0,550.0,550.0,3000
2014-12-29,578.8057861328125,593.5,632.5,575.0,581.5,16400
2014-12-30,568.078125,582.5,584.0,556.0,584.0,12800
2015-01-05,570.5162353515625,585.0,590.0,577.5,582.5,1600
2015-01-06,558.8132934570312,573.0,575.0,570.0,570.5,3200
2015-01-07,562.2267456054688,576.5,576.5,565.0,566.0,1600
2015-01-08,551.4990844726562,565.5,570.0,564.0,566.0,7400
2015-01-09,550.5238037109375,564.5,570.0,564.5,566.0,5600
2015-01-13,546.13525390625,560.0,564.5,558.0,564.5,2000
2015-01-14,552.4743041992188,566.5,569.5,558.0,559.0,3200
2015-01-15,543.6971435546875,557.5,560.0,550.0,560.0,6000
2015-01-16,533.4570922851562,547.0,559.5,547.0,559.5,4800
2015-01-19,536.3827514648438,550.0,559.5,550.0,551.5,4400
2015-01-20,546.13525390625,560.0,560.5,540.0,543.0,6200
2015-01-21,560.763916015625,575.0,577.5,554.0,569.5,6400
2015-01-22,584.6572265625,599.5,600.0,570.0,578.0,7800
2015-01-23,553.4495849609375,567.5,584.5,567.5,584.5,5200
2015-01-26,553.9371948242188,568.0,581.0,567.5,581.0,8000
2015-01-27,553.9371948242188,568.0,568.5,568.0,568.5,2600
2015-01-28,570.5162353515625,585.0,587.5,568.5,568.5,3000
2015-01-29,560.763916015625,575.0,587.0,570.5,570.5,2000
2015-01-30,572.9542846679688,587.5,587.5,584.5,584.5,1800
2015-02-02,574.417236328125,589.0,616.5,589.0,602.5,12800
2015-02-03,565.6400756835938,580.0,591.0,575.5,589.0,5800
2015-02-04,561.7391357421875,576.0,585.0,576.0,585.0,1200
2015-02-05,561.7391357421875,576.0,576.0,576.0,576.0,800
2015-02-06,563.6895751953125,578.0,585.0,576.0,576.0,2200
2015-02-09,575.3924560546875,590.0,590.0,587.5,587.5,4600
2015-02-10,582.2191162109375,597.0,597.5,589.0,589.0,2000
2015-02-12,588.070556640625,603.0,603.0,585.0,585.0,2000
2015-02-13,597.3353881835938,612.5,612.5,585.5,607.5,7400
2015-02-16,533.9447631835938,547.5,593.0,535.0,593.0,36800
2015-02-17,527.117919921875,540.5,550.0,536.0,547.5,6800
2015-02-18,535.4075317382812,549.0,550.5,530.0,550.0,20000
2015-02-19,569.541015625,584.0,590.0,539.0,539.0,25600
2015-02-20,546.13525390625,560.0,569.0,558.0,565.5,3000
2015-02-23,551.4990844726562,565.5,580.0,560.0,575.0,4000
2015-02-24,574.9048461914062,589.5,605.0,569.5,569.5,12600
2015-02-25,584.6572265625,599.5,611.5,590.0,605.0,9000
2015-02-26,597.822998046875,613.0,617.5,591.5,591.5,6600
2015-02-27,599.2858276367188,614.5,615.5,605.0,615.5,2000
2015-03-02,636.8326416015625,653.0,660.0,622.5,622.5,20200
2015-03-03,783.1189575195312,803.0,803.0,665.0,665.0,139200
2015-03-04,870.4029541015625,892.5,1000.0,858.0,923.0,310600
2015-03-05,789.9456176757812,810.0,869.5,800.0,852.5,69400
2015-03-06,892.345947265625,915.0,974.5,769.5,810.0,87600
2015-03-09,892.345947265625,915.0,1024.0,873.0,875.0,101200
2015-03-10,709.4881591796875,727.5,1000.0,725.0,900.0,107200
2015-03-11,665.6023559570312,682.5,750.0,669.5,691.0,90400
2015-03-12,662.676513671875,679.5,689.0,644.5,682.5,72000
2015-03-13,669.5032958984375,686.5,713.0,655.0,668.0,37000
2015-03-16,682.6690063476562,700.0,729.5,687.5,701.0,26600
2015-03-17,661.2137451171875,678.0,700.0,630.5,687.5,67200
2015-03-18,665.1146850585938,682.0,684.0,655.5,660.0,12800
2015-03-19,662.1889038085938,679.0,740.0,667.5,694.5,69000
2015-03-20,642.6841430664062,659.0,675.5,635.0,675.5,42800
2015-03-23,649.023193359375,665.5,665.5,642.0,661.0,23400
2015-03-24,609.5259399414062,625.0,659.5,625.0,645.5,34600
2015-03-25,612.45166015625,628.0,653.5,622.5,625.0,27800
2015-03-26,609.5259399414062,625.0,625.0,598.0,622.5,28800
2015-03-27,609.5259399414062,625.0,625.0,596.0,607.5,24000
2015-03-30,590.0210571289062,605.0,620.0,588.0,610.0,40400
2015-03-31,589.0458984375,604.0,620.0,600.0,620.0,10000
2015-04-01,574.9048461914062,589.5,591.5,576.0,590.5,29000
2015-04-02,585.1448364257812,600.0,606.0,585.0,585.0,11800
2015-04-03,570.5162353515625,585.0,600.0,580.0,600.0,9400
2015-04-06,587.0952758789062,602.0,602.0,587.5,592.5,6800
2015-04-07,582.2191162109375,597.0,614.0,586.0,592.5,7200
2015-04-08,607.0878295898438,622.5,627.5,596.0,596.5,16200
2015-04-09,587.0952758789062,602.0,625.0,595.0,620.5,12200
2015-04-10,581.7315063476562,596.5,610.5,595.5,610.5,9800
2015-04-13,582.2191162109375,597.0,611.5,594.5,611.5,5000
2015-04-14,580.7562866210938,595.5,607.5,595.5,607.5,3400
2015-04-15,583.6819458007812,598.5,598.5,596.0,596.5,4400
2015-04-16,592.4591674804688,607.5,610.0,601.5,603.5,4600
2015-04-17,590.9962158203125,606.0,619.0,600.0,619.0,4400
2015-04-20,582.7067260742188,597.5,604.0,597.5,600.5,4000
2015-04-21,583.6819458007812,598.5,609.0,596.0,609.0,7600
2015-04-22,584.6572265625,599.5,600.0,592.5,597.5,7600
2015-04-23,585.1448364257812,600.0,600.0,594.5,598.5,2600
2015-04-24,611.9640502929688,627.5,703.0,599.0,600.5,120600
2015-04-27,621.7164306640625,637.5,671.5,630.5,640.0,17600
2015-04-28,626.5925903320312,642.5,647.5,605.5,647.5,37400
2015-04-30,601.7239990234375,617.0,639.5,600.0,635.0,19600
2015-05-01,589.5335083007812,604.5,616.5,600.5,616.5,8200
2015-05-07,604.6497192382812,620.0,625.0,612.5,615.0,7600
2015-05-08,606.1126708984375,621.5,629.5,615.0,625.0,11200
2015-05-11,752.3987426757812,771.5,771.5,771.5,771.5,64000
2015-05-12,780.1931762695312,800.0,971.5,800.0,811.5,1191000
2015-05-13,663.65185546875,680.5,744.5,671.0,740.0,208400
2015-05-14,809.93798828125,830.5,830.5,830.5,830.5,22200
2015-05-15,1004.9862670898438,1030.5,1030.5,932.5,970.5,234800
2015-05-18,1203.9356689453125,1234.5,1280.5,1100.0,1280.5,1173800
2015-05-19,1118.1142578125,1146.5,1190.0,1077.5,1159.5,248400
2015-05-20,1361.9246826171875,1396.5,1396.5,1030.0,1171.5,380600
2015-05-21,1340.95703125,1375.0,1592.5,1325.0,1502.5,874000
2015-05-22,1331.2047119140625,1365.0,1425.0,1278.0,1325.0,179600
2015-05-25,1232.7052001953125,1264.0,1344.5,1242.5,1340.0,215200
2015-05-26,1164.438232421875,1194.0,1289.0,1132.5,1289.0,216800
2015-05-27,1148.346923828125,1177.5,1241.5,1104.0,1144.0,153800
2015-05-28,1125.4287109375,1154.0,1190.0,1135.5,1152.5,75800
2015-05-29,1125.9161376953125,1154.5,1172.0,1115.0,1150.0,39200
2015-06-01,1188.8192138671875,1219.0,1285.0,1127.0,1143.5,99800
2015-06-02,1160.537353515625,1190.0,1287.5,1180.5,1194.0,63200
2015-06-03,1404.34765625,1440.0,1440.0,1145.0,1165.0,382200
2015-06-04,1243.9205322265625,1275.5,1522.5,1275.5,1465.0,510400
2015-06-05,1143.470703125,1172.5,1317.0,1164.5,1275.0,141400
2015-06-08,1150.784912109375,1180.0,1206.5,1150.0,1171.5,96200
2015-06-09,1073.253173828125,1100.5,1175.0,1100.5,1155.0,111400
2015-06-10,1052.773193359375,1079.5,1135.0,1027.5,1111.5,100200
2015-06-11,1063.500732421875,1090.5,1095.0,1046.0,1073.0,45000
2015-06-12,1307.31103515625,1340.5,1340.5,1290.5,1290.5,89200
2015-06-15,1553.0721435546875,1592.5,1592.5,1258.5,1340.0,671400
2015-06-16,1779.8157958984375,1825.0,1847.5,1470.0,1627.5,1229800
2015-06-17,1687.167724609375,1730.0,1957.5,1695.0,1755.0,620000
2015-06-18,1631.0911865234375,1672.5,1812.5,1625.0,1660.0,234000
2015-06-19,1638.405517578125,1680.0,1745.0,1455.0,1700.0,202400
2015-06-22,1657.91064453125,1700.0,1905.0,1700.0,1842.5,151800
2015-06-23,1589.6435546875,1630.0,1772.5,1597.5,1690.0,116200
2015-06-24,1550.6339111328125,1590.0,1682.5,1557.5,1615.0,77400
2015-06-25,1516.50048828125,1555.0,1580.0,1480.0,1567.5,115200
2015-06-26,1475.052734375,1512.5,1530.0,1469.0,1520.0,51600
2015-06-29,1348.271484375,1382.5,1489.0,1375.0,1402.5,95200
2015-06-30,1384.8427734375,1420.0,1429.5,1365.0,1395.5,48600
2015-07-01,1504.3099365234375,1542.5,1595.0,1386.0,1395.0,97200
2015-07-02,1438.4810791015625,1475.0,1530.0,1475.0,1512.5,44000
2015-07-03,1389.7191162109375,1425.0,1460.0,1378.5,1460.0,49000
2015-07-06,1343.3951416015625,1377.5,1425.0,1300.0,1425.0,61600
2015-07-07,1451.64697265625,1488.5,1510.0,1380.0,1380.0,60200
2015-07-08,1331.2047119140625,1365.0,1475.0,1344.0,1475.0,64600
2015-07-09,1269.2767333984375,1301.5,1342.5,1125.0,1264.0,74200
2015-07-10,1170.2896728515625,1200.0,1370.0,1150.5,1276.5,48600
2015-07-13,1238.556640625,1270.0,1312.0,1224.5,1225.0,35400
2015-07-14,1265.8634033203125,1298.0,1345.0,1245.0,1245.0,36200
2015-07-15,1280.00439453125,1312.5,1400.0,1312.5,1315.0,20000
2015-07-16,1270.2518310546875,1302.5,1345.5,1291.0,1300.0,18800
2015-07-17,1352.6597900390625,1387.0,1392.5,1326.5,1327.5,22200
2015-07-21,1523.814697265625,1562.5,1562.5,1415.5,1487.0,98200
2015-07-22,1472.614501953125,1510.0,1515.0,1450.0,1500.0,54000
2015-07-23,1472.614501953125,1510.0,1740.0,1510.0,1615.0,297600
2015-07-24,1392.1571044921875,1427.5,1497.5,1388.5,1497.5,77200
2015-07-27,1275.6158447265625,1308.0,1397.5,1300.0,1390.0,63200
2015-07-28,1246.84619140625,1278.5,1319.5,1257.5,1260.0,43800
2015-07-29,1245.8709716796875,1277.5,1323.5,1277.5,1303.0,22200
2015-07-30,1227.3414306640625,1258.5,1277.5,1228.0,1277.5,20600
2015-07-31,1219.0518798828125,1250.0,1264.5,1225.0,1264.5,14600
2015-08-03,1199.5469970703125,1230.0,1250.0,1227.0,1227.0,10600
2015-08-04,1201.4974365234375,1232.0,1247.5,1225.0,1235.0,12400
2015-08-05,1242.9451904296875,1274.5,1282.5,1225.0,1232.0,13600
2015-08-06,1214.6632080078125,1245.5,1270.5,1240.0,1270.0,10600
2015-08-07,1194.1832275390625,1224.5,1249.5,1212.0,1245.5,13400
2015-08-10,1214.1756591796875,1245.0,1275.0,1201.0,1221.0,19400
2015-08-11,1231.72998046875,1263.0,1270.0,1234.0,1270.0,13200
2015-08-12,1159.0743408203125,1188.5,1262.5,1175.0,1262.5,28000
2015-08-13,1092.2705078125,1120.0,1225.0,1090.0,1225.0,48200
2015-08-14,1089.832275390625,1117.5,1129.0,1082.5,1120.0,12000
2015-08-17,1184.9183349609375,1215.0,1267.5,1188.0,1267.5,59600
2015-08-18,1193.695556640625,1224.0,1232.0,1190.0,1232.0,15800
2015-08-19,1136.15625,1165.0,1222.5,1150.5,1222.5,14400
2015-08-20,1189.306884765625,1219.5,1230.0,1150.5,1165.0,11800
2015-08-21,1087.394287109375,1115.0,1200.0,1107.5,1200.0,32400
2015-08-24,897.7097778320312,920.5,1045.5,900.0,999.0,84400
2015-08-25,863.0886840820312,885.0,979.0,828.0,880.5,54200
2015-08-26,945.9842529296876,970.0,973.5,912.5,950.0,23400
2015-08-27,1011.325439453125,1037.0,1080.0,975.0,975.0,27600
2015-08-28,1012.3006591796876,1038.0,1070.0,1000.0,1007.0,27200
2015-08-31,988.894775390625,1014.0,1069.0,1005.0,1060.0,14500
2015-09-01,966.4642944335938,991.0,1020.0,982.0,1007.0,19900
2015-09-02,1112.7503662109375,1141.0,1141.0,940.0,954.0,45700
2015-09-03,1002.5482788085938,1028.0,1205.0,1022.0,1120.0,137200
2015-09-04,902.098388671875,925.0,1010.0,902.0,1000.0,42900
2015-09-07,1048.384521484375,1075.0,1075.0,1075.0,1075.0,48500
2015-09-08,1340.95703125,1375.0,1375.0,1216.0,1315.0,430200
2015-09-09,1336.080810546875,1370.0,1523.0,1260.0,1435.0,751300
2015-09-10,1297.0711669921875,1330.0,1335.0,1180.0,1280.0,156800
2015-09-11,1188.8192138671875,1219.0,1330.0,1200.0,1330.0,69200
2015-09-14,1111.775146484375,1140.0,1200.0,1119.0,1194.0,54400
2015-09-15,1024.978759765625,1051.0,1133.0,1051.0,1125.0,47300
2015-09-16,1041.557861328125,1068.0,1135.0,1013.0,1051.0,50900
2015-09-17,1047.4093017578125,1074.0,1110.0,1042.0,1068.0,21900
2015-09-18,1022.052978515625,1048.0,1100.0,1048.0,1085.0,15200
2015-09-24,1018.152099609375,1044.0,1111.0,1008.0,1021.0,20600
2015-09-25,974.2661743164062,999.0,1053.0,991.0,1023.0,17900
2015-09-28,997.6720581054688,1023.0,1040.0,1008.0,1027.0,10400
2015-09-29,993.7710571289062,1019.0,1090.0,998.0,1083.0,36000
2015-09-30,986.9442749023438,1012.0,1026.0,1004.0,1016.0,9200
2015-10-01,1012.3006591796876,1038.0,1070.0,1008.0,1008.0,17700
2015-10-02,1004.4987182617188,1030.0,1041.0,1023.0,1032.0,11100
2015-10-05,1038.632080078125,1065.0,1103.0,1025.0,1031.0,24300
2015-10-06,1024.978759765625,1051.0,1095.0,1050.0,1095.0,9000
2015-10-07,1012.3006591796876,1038.0,1071.0,1031.0,1051.0,11900
2015-10-08,1024.978759765625,1051.0,1063.0,1039.0,1041.0,10500
2015-10-09,1040.5826416015625,1067.0,1094.0,1066.0,1081.0,22300
2015-10-13,1111.775146484375,1140.0,1150.0,1080.0,1092.0,33600
2015-10-14,1062.0379638671875,1089.0,1133.0,1078.0,1115.0,25500
2015-10-15,1072.7655029296875,1100.0,1115.0,1076.0,1076.0,16100
2015-10-16,1167.3638916015625,1197.0,1197.0,1100.0,1119.0,35500
2015-10-19,1142.0076904296875,1171.0,1243.0,1167.0,1219.0,32600
2015-10-20,1106.899169921875,1135.0,1201.0,1135.0,1201.0,8700
2015-10-21,1085.4437255859375,1113.0,1133.0,1110.0,1133.0,8200
2015-10-22,1062.0379638671875,1089.0,1140.0,1087.0,1115.0,20300
2015-10-23,1107.8743896484375,1136.0,1140.0,1086.0,1105.0,17000
2015-10-26,1095.1961669921875,1123.0,1137.0,1118.0,1136.0,4400
2015-10-27,1083.4932861328125,1111.0,1135.0,1088.0,1123.0,12600
2015-10-28,1063.9884033203125,1091.0,1099.0,1057.0,1099.0,15300
2015-10-29,1035.7064208984375,1062.0,1102.0,1054.0,1095.0,12500
2015-10-30,1032.78076171875,1059.0,1087.0,1038.0,1081.0,12000
2015-11-02,1019.1272583007812,1045.0,1059.0,1041.0,1059.0,5700
2015-11-04,1013.2759399414062,1039.0,1049.0,1026.0,1039.0,10100
2015-11-05,1009.375,1035.0,1074.0,1025.0,1026.0,15700
2015-11-06,1011.325439453125,1037.0,1059.0,1027.0,1048.0,8500
2015-11-09,1032.78076171875,1059.0,1059.0,1037.0,1037.0,10200
2015-11-10,1044.4835205078125,1071.0,1071.0,1036.0,1047.0,12600
2015-11-11,1072.7655029296875,1100.0,1104.0,1065.0,1071.0,29000
2015-11-12,1099.09716796875,1127.0,1150.0,1075.0,1099.0,48400
2015-11-13,1008.399658203125,1034.0,1080.0,1010.0,1037.0,62800
2015-11-16,1128.3543701171875,1157.0,1334.0,1150.0,1200.0,349700
2015-11-17,1069.83984375,1097.0,1144.0,1088.0,1130.0,36200
2015-11-18,1095.1961669921875,1123.0,1184.0,1060.0,1067.0,40500
2015-11-19,1170.2896728515625,1200.0,1278.0,1090.0,1128.0,108600
2015-11-20,1134.205810546875,1163.0,1422.0,1161.0,1290.0,346400
2015-11-24,1131.2801513671875,1160.0,1173.0,1119.0,1168.0,53700
2015-11-25,1126.40380859375,1155.0,1187.0,1142.0,1159.0,25800
2015-11-26,1132.25537109375,1161.0,1207.0,1150.0,1150.0,27100
2015-11-27,1189.7945556640625,1220.0,1230.0,1159.0,1159.0,42300
2015-11-30,1170.2896728515625,1200.0,1250.0,1200.0,1223.0,21500
2015-12-01,1156.6363525390625,1186.0,1201.0,1176.0,1201.0,20100
2015-12-02,1163.4630126953125,1193.0,1220.0,1186.0,1186.0,12700
2015-12-03,1126.40380859375,1155.0,1180.0,1131.0,1179.0,31200
2015-12-04,1097.146728515625,1125.0,1151.0,1125.0,1126.0,22300
2015-12-07,1113.725830078125,1142.0,1165.0,1130.0,1140.0,9500
2015-12-08,1118.6019287109375,1147.0,1153.0,1125.0,1142.0,8500
2015-12-09,1100.072509765625,1128.0,1160.0,1128.0,1150.0,23300
2015-12-10,1086.4190673828125,1114.0,1124.0,1100.0,1124.0,17800
2015-12-11,1047.4093017578125,1074.0,1120.0,1066.0,1099.0,22000
2015-12-14,1019.1272583007812,1045.0,1059.0,1039.0,1050.0,19400
2015-12-15,1003.5235595703124,1029.0,1060.0,1029.0,1041.0,13100
2015-12-16,996.69677734375,1022.0,1061.0,1022.0,1030.0,14400
2015-12-17,1007.4244384765624,1033.0,1045.0,1021.0,1021.0,11700
2015-12-18,1002.5482788085938,1028.0,1068.0,1027.0,1033.0,9300
2015-12-21,1024.00341796875,1050.0,1050.0,1010.0,1041.0,19600
2015-12-22,1016.20166015625,1042.0,1050.0,1028.0,1050.0,6400
2015-12-24,989.8700561523438,1015.0,1036.0,1004.0,1036.0,9700
2015-12-25,989.8700561523438,1015.0,1015.0,1015.0,1015.0,0
2015-12-28,1014.371826171875,1035.0,1057.0,1015.0,1015.0,12400
2015-12-29,1022.21240234375,1043.0,1062.0,1026.0,1035.0,8800
2015-12-30,1082.9765625,1105.0,1105.0,1036.0,1036.0,9600
2016-01-04,1058.4749755859375,1080.0,1080.0,1022.0,1080.0,13600
2016-01-05,1032.9931640625,1054.0,1070.0,1034.0,1050.0,5200
2016-01-06,1018.2921142578124,1039.0,1050.0,1026.0,1038.0,9900
2016-01-07,998.690673828125,1019.0,1035.0,1006.0,1020.0,10000
2016-01-08,1011.431640625,1032.0,1032.0,997.0,1010.0,9900
2016-01-12,936.9462890625,956.0,1020.0,942.0,1020.0,23300
2016-01-13,960.4679565429688,980.0,995.0,971.0,971.0,2900
2016-01-14,908.5243530273438,927.0,960.0,907.0,959.0,16400
2016-01-15,922.245361328125,941.0,989.0,911.0,935.0,20500
2016-01-18,892.8431396484375,911.0,930.0,888.0,910.0,9700
2016-01-19,895.7833862304688,914.0,925.0,901.0,901.0,5000
2016-01-20,847.760009765625,865.0,930.0,865.0,903.0,20300
2016-01-21,840.8994750976562,858.0,929.0,857.0,900.0,22200
2016-01-22,900.6836547851562,919.0,930.0,857.0,864.0,19700
2016-01-25,1023.1923828125,1044.0,1069.0,871.0,925.0,97600
2016-01-26,1106.498291015625,1129.0,1160.0,976.0,1042.0,94900
2016-01-27,1066.3154296875,1088.0,1194.0,1053.0,1118.0,47600
2016-01-28,1055.53466796875,1077.0,1114.0,1040.0,1096.0,32400
2016-01-29,1038.8736572265625,1060.0,1077.0,1010.0,1077.0,21100
2016-02-01,1078.076171875,1100.0,1132.0,1080.0,1120.0,29200
2016-02-02,1225.086669921875,1250.0,1279.0,1102.0,1130.0,94500
2016-02-03,1210.385498046875,1235.0,1245.0,1144.0,1225.0,40800
2016-02-04,1185.8839111328125,1210.0,1370.0,1205.0,1205.0,107700
2016-02-05,1174.123046875,1198.0,1200.0,1081.0,1200.0,58600
2016-02-08,1159.4222412109375,1183.0,1215.0,1123.0,1154.0,16800
2016-02-09,1063.3751220703125,1085.0,1130.0,1083.0,1123.0,25700
2016-02-10,1008.491455078125,1029.0,1108.0,994.0,1072.0,28200
2016-02-12,823.2582397460938,840.0,952.0,813.0,939.0,45400
2016-02-15,845.7998657226562,863.0,899.0,839.0,899.0,39800
2016-02-16,858.5407104492188,876.0,945.0,850.0,860.0,42600
2016-02-17,837.9592895507812,855.0,909.0,833.0,893.0,14400
2016-02-18,884.0225219726562,902.0,919.0,867.0,891.0,15500
2016-02-19,891.8630981445312,910.0,914.0,887.0,887.0,4200
2016-02-22,914.4046630859376,933.0,950.0,913.0,913.0,9700
2016-02-23,888.9229125976562,907.0,942.0,897.0,935.0,13400
2016-02-24,887.9428100585938,906.0,912.0,876.0,892.0,6300
2016-02-25,896.7634887695312,915.0,921.0,887.0,891.0,7600
2016-02-26,887.9428100585938,906.0,950.0,905.0,929.0,9400
2016-02-29,892.8431396484375,911.0,966.0,906.0,966.0,8800
2016-03-01,892.8431396484375,911.0,913.0,898.0,900.0,4300
2016-03-02,898.7235717773438,917.0,928.0,910.0,920.0,9900
2016-03-03,891.8630981445312,910.0,939.0,905.0,908.0,7100
2016-03-04,898.7235717773438,917.0,923.0,902.0,902.0,11100
2016-03-07,894.8033447265625,913.0,932.0,911.0,932.0,10800
2016-03-08,901.6637573242188,920.0,920.0,905.0,913.0,7600
2016-03-09,892.8431396484375,911.0,918.0,906.0,906.0,3700
2016-03-10,903.6239013671876,922.0,940.0,911.0,913.0,6100
2016-03-11,931.06591796875,950.0,960.0,909.0,912.0,28000
2016-03-14,970.2686767578124,990.0,1020.0,960.0,1020.0,15300
2016-03-15,962.4281616210938,982.0,1005.0,982.0,990.0,6900
2016-03-16,951.6473999023438,971.0,989.0,953.0,982.0,9700
2016-03-17,919.3049926757812,938.0,980.0,928.0,963.0,12200
2016-03-18,912.444580078125,931.0,931.0,919.0,930.0,6700
2016-03-22,934.006103515625,953.0,971.0,936.0,936.0,4500
2016-03-23,954.5875854492188,974.0,1048.0,958.0,994.0,29000
2016-03-24,967.3284301757812,987.0,992.0,953.0,962.0,10600
2016-03-25,948.7071533203124,968.0,1000.0,964.0,995.0,9800
2016-03-28,954.5875854492188,974.0,988.0,968.0,968.0,2500
2016-03-29,978.1091918945312,998.0,1000.0,973.0,974.0,7600
2016-03-30,953.6076049804688,973.0,1010.0,973.0,999.0,11300
2016-03-31,1100.6177978515625,1123.0,1123.0,1123.0,1123.0,3500
2016-04-01,1394.638671875,1423.0,1423.0,1423.0,1423.0,18900
2016-04-04,1688.6595458984375,1723.0,1723.0,1723.0,1723.0,22800
2016-04-05,2210.056396484375,2255.0,2520.0,1970.0,2000.0,2417600
2016-04-06,1911.1351318359373,1950.0,2389.0,1772.0,2155.0,1182800
2016-04-07,1815.088623046875,1852.0,2160.0,1801.0,1870.0,397700
2016-04-08,2207.1162109375,2252.0,2252.0,2124.0,2140.0,105100
2016-04-11,2697.150634765625,2752.0,2752.0,2673.0,2687.0,155700
2016-04-12,2622.665771484375,2676.0,3120.0,2630.0,3075.0,1123400
2016-04-13,3116.62060546875,3180.0,3180.0,2550.0,2845.0,589600
2016-04-14,3160.7236328125,3225.0,3645.0,3205.0,3380.0,852100
2016-04-15,3013.71337890625,3075.0,3290.0,2960.0,3015.0,256900
2016-04-18,2761.83544921875,2818.0,2918.0,2670.0,2860.0,186400
2016-04-19,2705.971435546875,2761.0,2929.0,2691.0,2870.0,163300
2016-04-20,2572.681884765625,2625.0,2877.0,2550.0,2850.0,144500
2016-04-21,2704.9912109375,2760.0,2949.0,2605.0,2716.0,180400
2016-04-22,2577.58251953125,2630.0,2770.0,2531.0,2708.0,95700
2016-04-25,2482.515625,2533.0,2685.0,2523.0,2680.0,53900
2016-04-26,2387.448974609375,2436.0,2786.0,2275.0,2683.0,156800
2016-04-27,2488.39599609375,2539.0,2569.0,2314.0,2520.0,63500
2016-04-28,2360.987060546875,2409.0,2665.0,2320.0,2569.0,76700
2016-05-02,2508.9775390625,2560.0,2704.0,2424.0,2537.0,147100
2016-05-06,2577.58251953125,2630.0,2696.0,2575.0,2696.0,57900
2016-05-09,2743.2138671875,2799.0,2800.0,2640.0,2672.0,105700
2016-05-10,2590.3232421875,2643.0,2830.0,2605.0,2830.0,95800
2016-05-11,2606.984619140625,2660.0,2798.0,2644.0,2665.0,56800
2016-05-12,2548.180419921875,2600.0,2719.0,2581.0,2644.0,33100
2016-05-13,2448.213134765625,2498.0,2569.0,2401.0,2500.0,47600
2016-05-16,2157.132568359375,2201.0,2495.0,2050.0,2495.0,64300
2016-05-17,2223.777587890625,2269.0,2380.0,2090.0,2090.0,42700
2016-05-18,2008.162109375,2049.0,2268.0,1900.0,2169.0,74300
2016-05-19,2152.232421875,2196.0,2196.0,2090.0,2180.0,25600
2016-05-20,2137.53125,2181.0,2234.0,2118.0,2146.0,13000
2016-05-23,2178.6943359375,2223.0,2241.0,2129.0,2152.0,18300
2016-05-24,2092.44775390625,2135.0,2251.0,2135.0,2223.0,14600
2016-05-25,2076.766845703125,2119.0,2222.0,2113.0,2191.0,8800
2016-05-26,2041.4844970703125,2083.0,2119.0,1885.0,2119.0,32500
2016-05-27,1928.7763671875,1968.0,2098.0,1950.0,2098.0,12700
2016-05-30,2033.6439208984373,2075.0,2090.0,1945.0,1945.0,15100
2016-05-31,1994.4412841796875,2035.0,2049.0,1980.0,2025.0,16400
2016-06-01,1952.2979736328125,1992.0,2035.0,1930.0,2035.0,14100
2016-06-02,1856.2513427734373,1894.0,1989.0,1870.0,1989.0,18100
2016-06-03,1876.832763671875,1915.0,1942.0,1875.0,1878.0,10500
2016-06-06,1852.3311767578125,1890.0,1890.0,1816.0,1835.0,7900
2016-06-07,1898.394287109375,1937.0,1940.0,1891.0,1930.0,13000
2016-06-08,1872.91259765625,1911.0,1940.0,1868.0,1937.0,9500
2016-06-09,1847.4307861328125,1885.0,1980.0,1880.0,1925.0,13000
2016-06-10,1846.45068359375,1884.0,1886.0,1850.0,1871.0,8700
2016-06-13,1770.9853515625,1807.0,1941.0,1796.0,1901.0,16400
2016-06-14,1603.3935546875,1636.0,1788.0,1542.0,1788.0,34300
2016-06-15,1656.317138671875,1690.0,1694.0,1560.0,1694.0,10700
2016-06-16,1470.1041259765625,1500.0,1656.0,1494.0,1650.0,16500
2016-06-17,1492.6456298828125,1523.0,1600.0,1511.0,1600.0,8700
2016-06-20,1597.5130615234375,1630.0,1654.0,1531.0,1531.0,10300
2016-06-21,1616.1343994140625,1649.0,1650.0,1595.0,1595.0,4800
2016-06-22,1555.3699951171875,1587.0,1633.0,1550.0,1609.0,9500
2016-06-23,1568.1109619140625,1600.0,1600.0,1514.0,1547.0,11600
2016-06-24,1401.499267578125,1430.0,1685.0,1275.0,1661.0,45600
2016-06-27,1654.357177734375,1688.0,1730.0,1435.0,1435.0,73100
2016-06-28,1915.0555419921875,1954.0,2024.0,1619.0,1648.0,74000
2016-06-29,2028.74365234375,2070.0,2148.0,1940.0,2080.0,84500
2016-06-30,1908.195068359375,1947.0,2072.0,1944.0,2070.0,33300
2016-07-01,1994.4412841796875,2035.0,2065.0,1960.0,2000.0,18700
2016-07-04,2440.372802734375,2490.0,2497.0,2140.0,2145.0,169700
2016-07-05,2343.345947265625,2391.0,2590.0,2341.0,2440.0,90700
2016-07-06,2337.465576171875,2385.0,2394.0,2254.0,2300.0,38400
2016-07-07,2352.166259765625,2400.0,2547.0,2320.0,2535.0,53100
2016-07-08,2159.093017578125,2203.0,2390.0,2155.0,2370.0,37200
2016-07-11,2159.093017578125,2203.0,2203.0,2203.0,2203.0,0
2016-07-12,2376.66796875,2425.0,2461.0,2270.0,2448.0,65600
2016-07-13,2309.04345703125,2356.0,2425.0,2328.0,2425.0,29300
2016-07-14,2310.0234375,2357.0,2400.0,2310.0,2356.0,20500
2016-07-15,2239.45849609375,2285.0,2370.0,2199.0,2370.0,39600
2016-07-19,2133.61083984375,2177.0,2285.0,2066.0,2285.0,43000
2016-07-20,2184.57470703125,2229.0,2232.0,2103.0,2141.0,18000
2016-07-21,2274.740966796875,2321.0,2380.0,2172.0,2183.0,24900
2016-07-22,2219.857177734375,2265.0,2337.0,2210.0,2300.0,11700
2016-07-25,2206.135986328125,2251.0,2324.0,2233.0,2268.0,9000
2016-07-26,2156.15234375,2200.0,2273.0,2135.0,2262.0,12000
2016-07-27,2146.35205078125,2190.0,2200.0,2120.0,2200.0,12900
2016-07-28,2024.8232421875,2066.0,2170.0,2033.0,2170.0,16500
2016-07-29,1809.2080078125,1846.0,1943.0,1698.0,1926.0,83300
2016-08-01,1765.10498046875,1801.0,1828.0,1720.0,1772.0,27800
2016-08-02,1795.487060546875,1832.0,1835.0,1765.0,1800.0,18700
2016-08-03,1769.025146484375,1805.0,1869.0,1765.0,1832.0,19200
2016-08-04,1724.922119140625,1760.0,1847.0,1750.0,1791.0,27300
2016-08-05,1745.5035400390625,1781.0,1813.0,1752.0,1789.0,11700
2016-08-08,1627.8951416015625,1661.0,1798.0,1651.0,1798.0,19000
2016-08-09,1645.5364990234375,1679.0,1690.0,1635.0,1670.0,12000
2016-08-10,1710.2210693359375,1745.0,1745.0,1666.0,1698.0,9600
2016-08-12,1761.1846923828125,1797.0,1797.0,1710.0,1727.0,9600
2016-08-15,1661.217529296875,1695.0,1736.0,1677.0,1677.0,19200
2016-08-16,1656.317138671875,1690.0,1785.0,1679.0,1690.0,14900
2016-08-17,1617.114501953125,1650.0,1700.0,1643.0,1682.0,11300
2016-08-18,1568.1109619140625,1600.0,1619.0,1530.0,1611.0,21600
2016-08-19,1574.9715576171875,1607.0,1624.0,1570.0,1571.0,8000
2016-08-22,1591.6326904296875,1624.0,1643.0,1582.0,1582.0,4200
2016-08-23,1590.6524658203125,1623.0,1644.0,1602.0,1602.0,5000
2016-08-24,1581.83203125,1614.0,1634.0,1597.0,1600.0,3900
2016-08-25,1561.2503662109375,1593.0,1620.0,1592.0,1615.0,5100
2016-08-26,1563.210693359375,1595.0,1620.0,1584.0,1584.0,9400
2016-08-29,1595.5528564453125,1628.0,1670.0,1602.0,1615.0,10400
2016-08-30,1701.4005126953125,1736.0,1750.0,1643.0,1668.0,23000
2016-08-31,1668.0780029296875,1702.0,1790.0,1701.0,1790.0,17500
2016-09-01,1595.5528564453125,1628.0,1700.0,1623.0,1700.0,8500
2016-09-02,1576.931640625,1609.0,1645.0,1609.0,1621.0,5700
2016-09-05,1567.1307373046875,1599.0,1611.0,1595.0,1603.0,10900
2016-09-06,1561.2503662109375,1593.0,1598.0,1566.0,1598.0,7000
2016-09-07,1589.67236328125,1622.0,1640.0,1590.0,1590.0,6300
2016-09-08,1588.6923828125,1621.0,1649.0,1552.0,1649.0,17400
2016-09-09,1616.1343994140625,1649.0,1649.0,1624.0,1629.0,5600
2016-09-12,1553.409912109375,1585.0,1615.0,1575.0,1608.0,11700
2016-09-13,1945.437744140625,1985.0,1985.0,1985.0,1985.0,8200
2016-09-14,1705.3206787109375,1740.0,2150.0,1738.0,2102.0,275700
2016-09-15,1603.3935546875,1636.0,1723.0,1633.0,1723.0,47600
2016-09-16,1573.0113525390625,1605.0,1667.0,1604.0,1636.0,19900
2016-09-20,1567.1307373046875,1599.0,1613.0,1576.0,1586.0,16000
2016-09-21,1556.3502197265625,1588.0,1599.0,1571.0,1585.0,9900
2016-09-23,1587.7122802734375,1620.0,1647.0,1597.0,1599.0,13100
2016-09-26,1568.1109619140625,1600.0,1644.0,1600.0,1636.0,8600
2016-09-27,1567.1307373046875,1599.0,1600.0,1550.0,1600.0,11500
2016-09-28,1573.0113525390625,1605.0,1607.0,1577.0,1580.0,9100
2016-09-29,1574.9715576171875,1607.0,1634.0,1605.0,1630.0,6000
2016-09-30,1551.4498291015625,1583.0,1618.0,1580.0,1581.0,7000
2016-10-03,1540.6690673828125,1572.0,1590.0,1568.0,1590.0,5900
2016-10-04,1568.1109619140625,1600.0,1600.0,1575.0,1575.0,4700
2016-10-05,1577.9117431640625,1610.0,1619.0,1600.0,1610.0,7500
2016-10-06,1556.3502197265625,1588.0,1620.0,1581.0,1620.0,8500
2016-10-07,1557.330322265625,1589.0,1611.0,1575.0,1588.0,6700
2016-10-11,1549.4896240234375,1581.0,1590.0,1580.0,1585.0,8100
2016-10-12,1542.629150390625,1574.0,1583.0,1561.0,1578.0,9300
2016-10-13,1523.02783203125,1554.0,1580.0,1550.0,1563.0,8700
2016-10-14,1513.22705078125,1544.0,1555.0,1526.0,1531.0,17000
2016-10-17,1494.605712890625,1525.0,1555.0,1523.0,1555.0,9300
2016-10-18,1505.3865966796875,1536.0,1549.0,1516.0,1516.0,8200
2016-10-19,1515.187255859375,1546.0,1555.0,1531.0,1535.0,7600
2016-10-20,1524.0079345703125,1555.0,1570.0,1548.0,1560.0,6000
2016-10-21,1528.9083251953125,1560.0,1576.0,1548.0,1557.0,5900
2016-10-24,1538.708740234375,1570.0,1584.0,1556.0,1560.0,3300
2016-10-25,1525.9678955078125,1557.0,1558.0,1535.0,1552.0,11200
2016-10-26,1568.1109619140625,1600.0,1648.0,1542.0,1542.0,33700
2016-10-27,1597.5130615234375,1630.0,1640.0,1612.0,1640.0,20500
2016-10-28,1558.310302734375,1590.0,1639.0,1590.0,1639.0,20700
2016-10-31,1567.1307373046875,1599.0,1618.0,1590.0,1591.0,7000
2016-11-01,1564.190673828125,1596.0,1599.0,1573.0,1590.0,8100
2016-11-02,1513.22705078125,1544.0,1600.0,1524.0,1560.0,16400
2016-11-04,1479.9046630859375,1510.0,1576.0,1510.0,1511.0,16800
2016-11-07,1485.78515625,1516.0,1530.0,1471.0,1500.0,18500
2016-11-08,1495.5858154296875,1526.0,1548.0,1500.0,1530.0,8200
2016-11-09,1391.698486328125,1420.0,1535.0,1326.0,1510.0,31000
2016-11-10,1469.1239013671875,1499.0,1499.0,1460.0,1490.0,9000
2016-11-11,1516.16748046875,1547.0,1605.0,1472.0,1490.0,32200
2016-11-14,1431.88134765625,1461.0,1498.0,1401.0,1437.0,35100
2016-11-15,1435.8017578125,1465.0,1482.0,1440.0,1482.0,9800
2016-11-16,1426.9810791015625,1456.0,1488.0,1448.0,1465.0,13800
2016-11-17,1460.3033447265625,1490.0,1516.0,1469.0,1476.0,6500
2016-11-18,1483.8250732421875,1514.0,1519.0,1475.0,1489.0,12900
2016-11-21,1532.828369140625,1564.0,1575.0,1520.0,1527.0,11900
2016-11-22,1524.988037109375,1556.0,1604.0,1530.0,1604.0,8000
2016-11-24,1460.3033447265625,1490.0,1547.0,1485.0,1524.0,20500
2016-11-25,1441.6820068359375,1471.0,1522.0,1458.0,1490.0,6400
2016-11-28,1465.2037353515625,1495.0,1500.0,1471.0,1471.0,4500
2016-11-29,1448.54248046875,1478.0,1485.0,1466.0,1485.0,2800
2016-11-30,1438.7418212890625,1468.0,1488.0,1468.0,1475.0,2600
2016-12-01,1426.0009765625,1455.0,1474.0,1454.0,1466.0,13100
2016-12-02,1409.3397216796875,1438.0,1459.0,1436.0,1459.0,7700
2016-12-05,1380.917724609375,1409.0,1437.0,1408.0,1422.0,6700
2016-12-06,1388.7581787109375,1417.0,1424.0,1402.0,1405.0,8500
2016-12-07,1382.8778076171875,1411.0,1420.0,1404.0,1420.0,2800
2016-12-08,1382.8778076171875,1411.0,1425.0,1407.0,1425.0,2700
2016-12-09,1395.618896484375,1424.0,1430.0,1402.0,1408.0,9900
2016-12-12,1430.9013671875,1460.0,1476.0,1451.0,1476.0,5500
2016-12-13,1441.6820068359375,1471.0,1473.0,1461.0,1465.0,5500
2016-12-14,1461.283447265625,1491.0,1539.0,1478.0,1490.0,21400
2016-12-15,1442.662109375,1472.0,1496.0,1469.0,1495.0,8000
2016-12-16,1451.482666015625,1481.0,1527.0,1472.0,1472.0,4700
2016-12-19,1472.064208984375,1502.0,1518.0,1480.0,1489.0,9600
2016-12-20,1459.3233642578125,1489.0,1504.0,1470.0,1504.0,4600
2016-12-21,1416.2001953125,1445.0,1495.0,1445.0,1490.0,7200
2016-12-22,1384.837890625,1413.0,1459.0,1399.0,1440.0,13300
2016-12-26,1357.39599609375,1385.0,1436.0,1380.0,1405.0,21300
2016-12-27,1385.8179931640625,1414.0,1419.0,1380.0,1380.0,17100
2016-12-28,1405.489013671875,1429.0,1430.0,1403.0,1422.0,5400
2016-12-29,1375.982421875,1399.0,1429.0,1391.0,1429.0,6200
2016-12-30,1375.982421875,1399.0,1420.0,1383.0,1387.0,11200
2017-01-04,1410.40673828125,1434.0,1434.0,1388.0,1418.0,10500
2017-01-05,1456.6334228515625,1481.0,1482.0,1425.0,1434.0,11800
2017-01-06,1473.353759765625,1498.0,1499.0,1462.0,1462.0,12500
2017-01-10,1477.287841796875,1502.0,1519.0,1484.0,1519.0,14400
2017-01-11,1467.4525146484375,1492.0,1516.0,1490.0,1516.0,8400
2017-01-12,1450.7320556640625,1475.0,1499.0,1457.0,1492.0,15700
2017-01-13,1428.110595703125,1452.0,1471.0,1441.0,1445.0,5300
2017-01-16,1439.9130859375,1464.0,1495.0,1441.0,1448.0,5500
2017-01-17,1439.9130859375,1464.0,1489.0,1458.0,1461.0,2200
2017-01-18,1438.9296875,1463.0,1488.0,1460.0,1465.0,2900
2017-01-19,1422.209228515625,1446.0,1463.0,1445.0,1458.0,4300
2017-01-20,1421.2257080078125,1445.0,1454.0,1441.0,1450.0,2700
2017-01-23,1457.616943359375,1482.0,1485.0,1461.0,1475.0,10100
2017-01-24,1458.6005859375,1483.0,1483.0,1462.0,1470.0,3000
2017-01-25,1494.00830078125,1519.0,1543.0,1471.0,1483.0,8100
2017-01-26,1504.8272705078125,1530.0,1535.0,1503.0,1519.0,8800
2017-01-27,1484.1728515625,1509.0,1540.0,1501.0,1535.0,9400
2017-01-30,1477.287841796875,1502.0,1515.0,1500.0,1511.0,8800
2017-01-31,1673.0137939453125,1701.0,1764.0,1516.0,1533.0,103200
2017-02-01,1670.063232421875,1698.0,1794.0,1560.0,1661.0,125000
2017-02-02,1571.7083740234375,1598.0,1693.0,1590.0,1665.0,45800
2017-02-03,1583.510986328125,1610.0,1623.0,1586.0,1620.0,17000
2017-02-06,1583.510986328125,1610.0,1625.0,1610.0,1625.0,7900
2017-02-07,1563.840087890625,1590.0,1620.0,1590.0,1612.0,8300
2017-02-08,1585.4781494140625,1612.0,1626.0,1587.0,1593.0,13300
2017-02-09,1603.1820068359375,1630.0,1643.0,1603.0,1619.0,6900
2017-02-10,1592.3629150390625,1619.0,1640.0,1611.0,1625.0,8000
2017-02-13,1549.0869140625,1575.0,1613.0,1570.0,1613.0,12000
2017-02-14,1544.169189453125,1570.0,1591.0,1560.0,1570.0,7600
2017-02-15,1517.6134033203125,1543.0,1570.0,1537.0,1570.0,11800
2017-02-16,1539.25146484375,1565.0,1583.0,1549.0,1583.0,4400
2017-02-17,1534.333740234375,1560.0,1565.0,1550.0,1565.0,3000
2017-02-20,1512.695556640625,1538.0,1560.0,1530.0,1560.0,5200
2017-02-21,1515.646240234375,1541.0,1553.0,1523.0,1525.0,7800
2017-02-22,1506.7943115234375,1532.0,1558.0,1532.0,1550.0,7300
2017-02-23,1502.8602294921875,1528.0,1539.0,1520.0,1539.0,6900
2017-02-24,1495.9752197265625,1521.0,1532.0,1519.0,1528.0,5600
2017-02-27,1484.1728515625,1509.0,1525.0,1509.0,1521.0,6000
2017-02-28,1479.2550048828125,1504.0,1516.0,1503.0,1514.0,6600
2017-03-01,1481.2220458984375,1506.0,1512.0,1480.0,1502.0,17600
2017-03-02,1495.9752197265625,1521.0,1532.0,1499.0,1510.0,8800
2017-03-03,1508.761474609375,1534.0,1559.0,1509.0,1559.0,5300
2017-03-06,1490.0740966796875,1515.0,1530.0,1511.0,1525.0,4500
2017-03-07,1467.4525146484375,1492.0,1512.0,1481.0,1512.0,13300
2017-03-08,1456.6334228515625,1481.0,1492.0,1480.0,1492.0,2800
2017-03-09,1475.32080078125,1500.0,1529.0,1460.0,1478.0,11600
2017-03-10,1490.0740966796875,1515.0,1515.0,1483.0,1504.0,6500
2017-03-13,1470.403076171875,1495.0,1502.0,1481.0,1500.0,9900
2017-03-14,1463.518310546875,1488.0,1512.0,1485.0,1485.0,10500
2017-03-15,1454.6663818359375,1479.0,1500.0,1461.0,1483.0,14500
2017-03-16,1447.7816162109375,1472.0,1490.0,1464.0,1466.0,3100
2017-03-17,1468.43603515625,1493.0,1493.0,1460.0,1472.0,4700
2017-03-21,1460.567626953125,1485.0,1496.0,1477.0,1495.0,2200
2017-03-22,1459.583984375,1484.0,1484.0,1462.0,1480.0,5000
2017-03-23,1464.5018310546875,1489.0,1489.0,1465.0,1472.0,2500
2017-03-24,1493.024658203125,1518.0,1526.0,1475.0,1477.0,9000
2017-03-27,1458.6005859375,1483.0,1523.0,1483.0,1497.0,6400
2017-03-28,1479.2550048828125,1504.0,1517.0,1482.0,1482.0,3200
2017-03-29,1479.2550048828125,1504.0,1520.0,1485.0,1519.0,4400
2017-03-30,1482.2056884765625,1507.0,1509.0,1500.0,1504.0,1400
2017-03-31,1474.33740234375,1499.0,1517.0,1492.0,1507.0,3700
2017-04-03,1457.616943359375,1482.0,1505.0,1482.0,1492.0,2600
2017-04-04,1499.9095458984375,1525.0,1661.0,1515.0,1592.0,133700
2017-04-05,1445.8143310546875,1470.0,1522.0,1461.0,1522.0,21200
2017-04-06,1396.6370849609375,1420.0,1475.0,1403.0,1475.0,12700
2017-04-07,1374.0155029296875,1397.0,1431.0,1391.0,1401.0,6900
2017-04-10,1416.3079833984375,1440.0,1448.0,1402.0,1415.0,7300
2017-04-11,1377.9495849609375,1401.0,1439.0,1401.0,1439.0,3100
2017-04-12,1276.644287109375,1298.0,1409.0,1257.0,1392.0,14900
2017-04-13,1269.759521484375,1291.0,1310.0,1251.0,1281.0,7100
2017-04-14,1304.18359375,1326.0,1330.0,1281.0,1296.0,4500
2017-04-17,1302.216552734375,1324.0,1334.0,1278.0,1309.0,3800
2017-04-18,1292.3809814453125,1314.0,1348.0,1313.0,1332.0,3600
2017-04-19,1320.90380859375,1343.0,1343.0,1317.0,1334.0,1700
2017-04-20,1307.13427734375,1329.0,1340.0,1323.0,1340.0,500
2017-04-21,1317.953369140625,1340.0,1340.0,1321.0,1335.0,2100
2017-04-24,1374.0155029296875,1397.0,1462.0,1395.0,1460.0,19200
2017-04-25,1370.081298828125,1393.0,1424.0,1368.0,1395.0,5100
2017-04-26,1374.0155029296875,1397.0,1403.0,1385.0,1403.0,4500
2017-04-27,1376.966064453125,1400.0,1402.0,1380.0,1400.0,4800
2017-04-28,1366.1470947265625,1389.0,1430.0,1389.0,1430.0,2600
2017-05-01,1362.2130126953125,1385.0,1400.0,1361.0,1391.0,4900
2017-05-02,1443.847412109375,1468.0,1468.0,1376.0,1385.0,11500
2017-05-08,1429.0941162109375,1453.0,1468.0,1410.0,1451.0,4200
2017-05-09,1402.538330078125,1426.0,1440.0,1422.0,1433.0,3000
2017-05-10,1416.3079833984375,1440.0,1440.0,1436.0,1436.0,900
2017-05-11,1409.423095703125,1433.0,1440.0,1406.0,1440.0,3400
2017-05-12,1387.78515625,1411.0,1430.0,1411.0,1426.0,1500
2017-05-15,1312.052001953125,1334.0,1350.0,1326.0,1326.0,10300
2017-05-16,1607.1160888671875,1634.0,1634.0,1396.0,1439.0,208200
2017-05-17,1435.9788818359375,1460.0,1600.0,1460.0,1557.0,105900
2017-05-18,1394.669921875,1418.0,1429.0,1400.0,1411.0,22400
2017-05-19,1382.867431640625,1406.0,1428.0,1405.0,1415.0,10000
2017-05-22,1391.71923828125,1415.0,1424.0,1407.0,1424.0,3500
2017-05-23,1391.71923828125,1415.0,1489.0,1415.0,1417.0,20100
2017-05-24,1405.489013671875,1429.0,1432.0,1417.0,1419.0,6600
2017-05-25,1388.768798828125,1412.0,1433.0,1411.0,1433.0,8600
2017-05-26,1391.71923828125,1415.0,1429.0,1415.0,1429.0,2100
2017-05-29,1409.423095703125,1433.0,1440.0,1415.0,1422.0,6200
2017-05-30,1420.2421875,1444.0,1447.0,1426.0,1433.0,12400
2017-05-31,1402.538330078125,1426.0,1446.0,1426.0,1442.0,5000
2017-06-01,1397.62060546875,1421.0,1433.0,1415.0,1415.0,14700
2017-06-02,1396.6370849609375,1420.0,1459.0,1412.0,1414.0,58200
2017-06-05,1402.538330078125,1426.0,1445.0,1423.0,1436.0,14300
2017-06-06,1382.867431640625,1406.0,1433.0,1406.0,1433.0,11900
2017-06-07,1368.1142578125,1391.0,1412.0,1390.0,1411.0,10900
2017-06-08,1378.9332275390625,1402.0,1422.0,1391.0,1395.0,11300
2017-06-09,1376.966064453125,1400.0,1413.0,1389.0,1404.0,4900
2017-06-12,1376.966064453125,1400.0,1410.0,1393.0,1401.0,6800
2017-06-13,1373.031982421875,1396.0,1402.0,1396.0,1401.0,4900
2017-06-14,1388.768798828125,1412.0,1412.0,1395.0,1396.0,6600
2017-06-15,1370.081298828125,1393.0,1409.0,1393.0,1409.0,5700
2017-06-16,1347.459716796875,1370.0,1400.0,1370.0,1395.0,10100
2017-06-19,1374.0155029296875,1397.0,1397.0,1366.0,1393.0,4600
2017-06-20,1367.130615234375,1390.0,1408.0,1380.0,1390.0,5200
2017-06-21,1378.9332275390625,1402.0,1405.0,1390.0,1390.0,2700
2017-06-22,1369.09765625,1392.0,1405.0,1390.0,1398.0,2700
2017-06-23,1367.130615234375,1390.0,1400.0,1376.0,1400.0,5000
2017-06-26,1365.16357421875,1388.0,1390.0,1381.0,1381.0,2000
2017-06-27,1357.295166015625,1380.0,1391.0,1368.0,1383.0,5400
2017-06-28,1334.673583984375,1357.0,1376.0,1356.0,1367.0,4400
2017-06-29,1334.673583984375,1357.0,1361.0,1346.0,1357.0,5900
2017-06-30,1337.624267578125,1360.0,1375.0,1360.0,1374.0,3300
2017-07-03,1350.4102783203125,1373.0,1391.0,1350.0,1351.0,14100
2017-07-04,1357.295166015625,1380.0,1437.0,1373.0,1433.0,17100
2017-07-05,1356.3115234375,1379.0,1382.0,1365.0,1365.0,2200
2017-07-06,1346.4761962890625,1369.0,1388.0,1368.0,1388.0,6300
2017-07-07,1343.5255126953125,1366.0,1368.0,1365.0,1368.0,1500
2017-07-10,1350.4102783203125,1373.0,1373.0,1366.0,1366.0,1300
2017-07-11,1347.459716796875,1370.0,1376.0,1370.0,1376.0,2500
2017-07-12,1338.6077880859375,1361.0,1370.0,1361.0,1370.0,2400
2017-07-13,1328.7724609375,1351.0,1362.0,1350.0,1362.0,4600
2017-07-14,1319.92041015625,1342.0,1354.0,1339.0,1351.0,5500
2017-07-17,1319.92041015625,1342.0,1342.0,1342.0,1342.0,0
2017-07-18,1313.03564453125,1335.0,1340.0,1332.0,1339.0,3900
2017-07-19,1307.13427734375,1329.0,1337.0,1329.0,1335.0,2500
2017-07-20,1297.298828125,1319.0,1329.0,1315.0,1329.0,3300
2017-07-21,1304.18359375,1326.0,1338.0,1320.0,1320.0,2300
2017-07-24,1307.13427734375,1329.0,1332.0,1326.0,1326.0,1300
2017-07-25,1339.59130859375,1362.0,1383.0,1317.0,1319.0,15800
2017-07-26,1313.03564453125,1335.0,1345.0,1334.0,1344.0,3100
2017-07-27,1346.4761962890625,1369.0,1440.0,1327.0,1336.0,48400
2017-07-28,1242.22021484375,1263.0,1286.0,1252.0,1252.0,38400
2017-07-31,1243.203857421875,1264.0,1281.0,1260.0,1280.0,7000
2017-08-01,1429.0941162109375,1453.0,1564.0,1255.0,1264.0,272800
2017-08-02,1329.755859375,1352.0,1491.0,1305.0,1445.0,180300
2017-08-03,1318.936767578125,1341.0,1366.0,1317.0,1360.0,22000
2017-08-04,1289.430419921875,1311.0,1339.0,1305.0,1325.0,14800
2017-08-07,1250.0885009765625,1271.0,1304.0,1266.0,1294.0,24500
2017-08-08,1239.2694091796875,1260.0,1289.0,1260.0,1277.0,11400
2017-08-09,1257.9569091796875,1279.0,1279.0,1257.0,1264.0,6200
2017-08-10,1266.808837890625,1288.0,1298.0,1250.0,1261.0,26500
2017-08-11,1266.808837890625,1288.0,1288.0,1288.0,1288.0,0
2017-08-14,1244.187255859375,1265.0,1284.0,1249.0,1256.0,11400
2017-08-15,1239.2694091796875,1260.0,1272.0,1250.0,1260.0,6800
2017-08-16,1235.335205078125,1256.0,1278.0,1256.0,1267.0,5300
2017-08-17,1238.2860107421875,1259.0,1266.0,1251.0,1255.0,4600
2017-08-18,1231.401123046875,1252.0,1257.0,1252.0,1255.0,4600
2017-08-21,1230.41748046875,1251.0,1263.0,1246.0,1253.0,10800
2017-08-22,1216.64794921875,1237.0,1245.0,1228.0,1245.0,8500
2017-08-23,1207.7960205078125,1228.0,1232.0,1210.0,1229.0,11000
2017-08-24,1202.8782958984375,1223.0,1230.0,1212.0,1212.0,2900
2017-08-25,1192.059326171875,1212.0,1222.0,1211.0,1217.0,5200
2017-08-28,1192.059326171875,1212.0,1215.0,1205.0,1211.0,3700
2017-08-29,1192.059326171875,1212.0,1212.0,1201.0,1201.0,4100
2017-08-30,1176.322509765625,1196.0,1214.0,1196.0,1213.0,5800
2017-08-31,1192.059326171875,1212.0,1212.0,1200.0,1210.0,6400
2017-09-01,1180.256591796875,1200.0,1214.0,1190.0,1214.0,6800
2017-09-04,1121.2437744140625,1140.0,1200.0,1136.0,1200.0,19600
2017-09-05,1094.6881103515625,1113.0,1253.0,1111.0,1148.0,42200
2017-09-06,1104.5235595703125,1123.0,1160.0,1101.0,1102.0,12000
2017-09-07,1148.7830810546875,1168.0,1223.0,1110.0,1114.0,25000
2017-09-08,1098.6221923828125,1117.0,1169.0,1110.0,1169.0,17800
2017-09-11,1091.7374267578125,1110.0,1130.0,1101.0,1130.0,6700
2017-09-12,1088.786865234375,1107.0,1132.0,1095.0,1132.0,11300
2017-09-13,1092.7210693359375,1111.0,1120.0,1110.0,1110.0,4000
2017-09-14,1078.9512939453125,1097.0,1128.0,1097.0,1128.0,7800
2017-09-15,1080.9183349609375,1099.0,1100.0,1088.0,1090.0,3200
2017-09-18,1080.9183349609375,1099.0,1099.0,1099.0,1099.0,0
2017-09-19,1068.1322021484375,1086.0,1099.0,1080.0,1099.0,9800
2017-09-20,1069.1158447265625,1087.0,1130.0,1082.0,1082.0,11500
2017-09-21,1056.3297119140625,1074.0,1085.0,1068.0,1085.0,13300
2017-09-22,1049.4449462890625,1067.0,1074.0,1063.0,1074.0,5700
2017-09-25,1040.593017578125,1058.0,1072.0,1057.0,1067.0,6400
2017-09-26,1052.3955078125,1070.0,1070.0,1053.0,1058.0,3300
2017-09-27,1056.3297119140625,1074.0,1078.0,1051.0,1069.0,9600
2017-09-28,1043.5435791015625,1061.0,1070.0,1050.0,1070.0,6200
2017-09-29,1040.593017578125,1058.0,1061.0,1045.0,1061.0,13200
2017-10-02,1044.5272216796875,1062.0,1064.0,1050.0,1061.0,5300
2017-10-03,1049.4449462890625,1067.0,1070.0,1057.0,1063.0,5200
2017-10-04,1063.2144775390625,1081.0,1086.0,1063.0,1063.0,6200
2017-10-05,1054.3626708984375,1072.0,1082.0,1072.0,1080.0,4600
2017-10-06,1039.6094970703125,1057.0,1070.0,1057.0,1070.0,4600
2017-10-09,1039.6094970703125,1057.0,1057.0,1057.0,1057.0,0
2017-10-10,1039.6094970703125,1057.0,1074.0,1057.0,1062.0,2800
2017-10-11,1036.6588134765625,1054.0,1073.0,1054.0,1073.0,2900
2017-10-12,1035.6751708984375,1053.0,1066.0,1053.0,1054.0,1500
2017-10-13,1032.7244873046875,1050.0,1054.0,1048.0,1053.0,5100
2017-10-16,1031.7410888671875,1049.0,1070.0,1045.0,1050.0,3900
2017-10-17,1052.3955078125,1070.0,1071.0,1057.0,1066.0,5200
2017-10-18,1048.4613037109375,1066.0,1070.0,1064.0,1069.0,1600
2017-10-19,1045.5106201171875,1063.0,1070.0,1062.0,1068.0,2500
2017-10-20,1033.7081298828125,1051.0,1065.0,1047.0,1065.0,7200
2017-10-23,1042.56005859375,1060.0,1061.0,1049.0,1050.0,2200
2017-10-24,1042.56005859375,1060.0,1060.0,1060.0,1060.0,0
2017-10-25,1034.691650390625,1052.0,1066.0,1051.0,1054.0,2400
2017-10-26,1035.6751708984375,1053.0,1063.0,1050.0,1062.0,2100
2017-10-27,1033.7081298828125,1051.0,1063.0,1051.0,1055.0,1800
2017-10-30,1028.7904052734375,1046.0,1055.0,1046.0,1051.0,5400
2017-10-31,1026.8233642578125,1044.0,1053.0,1042.0,1045.0,4800
2017-11-01,1035.6751708984375,1053.0,1056.0,1047.0,1049.0,2000
2017-11-02,1029.7738037109375,1047.0,1054.0,1047.0,1053.0,7000
2017-11-03,1029.7738037109375,1047.0,1047.0,1047.0,1047.0,0
2017-11-06,1022.8892211914062,1040.0,1050.0,1040.0,1043.0,3000
2017-11-07,1029.7738037109375,1047.0,1055.0,1040.0,1040.0,6000
2017-11-08,1051.4119873046875,1069.0,1069.0,1047.0,1047.0,5500
2017-11-09,1027.8067626953125,1045.0,1073.0,1031.0,1070.0,12600
2017-11-10,1030.7574462890625,1048.0,1067.0,1033.0,1038.0,7200
2017-11-13,1019.9384765625,1037.0,1049.0,1031.0,1048.0,9600
2017-11-14,1004.20166015625,1021.0,1034.0,1015.0,1030.0,7300
2017-11-15,982.563720703125,999.0,1017.0,997.0,1001.0,12100
2017-11-16,997.3168334960938,1014.0,1015.0,999.0,999.0,4100
2017-11-17,990.43212890625,1007.0,1007.0,999.0,1001.0,5600
2017-11-20,990.43212890625,1007.0,1007.0,995.0,1003.0,5000
2017-11-21,1100.5892333984375,1119.0,1242.0,1007.0,1007.0,242700
2017-11-22,1055.34619140625,1073.0,1099.0,1070.0,1099.0,27100
2017-11-23,1055.34619140625,1073.0,1073.0,1073.0,1073.0,0
2017-11-24,1067.1488037109375,1085.0,1095.0,1022.0,1067.0,34500
2017-11-27,1032.7244873046875,1050.0,1080.0,1049.0,1080.0,8000
2017-11-28,1029.7738037109375,1047.0,1063.0,1038.0,1050.0,6700
2017-11-29,1029.7738037109375,1047.0,1066.0,1047.0,1052.0,4000
2017-11-30,1017.9713745117188,1035.0,1057.0,1034.0,1057.0,3200
2017-12-01,1062.2310791015625,1080.0,1149.0,1062.0,1095.0,21900
2017-12-04,1030.7574462890625,1048.0,1086.0,1044.0,1086.0,7800
2017-12-05,1036.6588134765625,1054.0,1075.0,1049.0,1058.0,7800
2017-12-06,1050.4283447265625,1068.0,1072.0,1040.0,1057.0,5600
2017-12-07,1035.6751708984375,1053.0,1067.0,1046.0,1052.0,3400
2017-12-08,1059.2803955078125,1077.0,1195.0,1053.0,1053.0,72000
2017-12-11,1147.7996826171875,1167.0,1167.0,1094.0,1096.0,39600
2017-12-12,1121.2437744140625,1140.0,1180.0,1133.0,1180.0,17500
2017-12-13,1101.5728759765625,1120.0,1145.0,1100.0,1145.0,14900
2017-12-14,1095.671630859375,1114.0,1141.0,1110.0,1128.0,22700
2017-12-15,1057.3133544921875,1075.0,1104.0,1073.0,1101.0,16800
2017-12-18,1053.3790283203125,1071.0,1093.0,1061.0,1093.0,8400
2017-12-19,1060.263916015625,1078.0,1086.0,1071.0,1078.0,3600
2017-12-20,1053.3790283203125,1071.0,1083.0,1071.0,1078.0,5600
2017-12-21,1044.5272216796875,1062.0,1077.0,1062.0,1070.0,3800
2017-12-22,1037.642333984375,1055.0,1065.0,1055.0,1060.0,6200
2017-12-25,1024.856201171875,1042.0,1058.0,1034.0,1052.0,9800
2017-12-26,1002.234619140625,1019.0,1037.0,1017.0,1031.0,12500
2017-12-27,1024.9676513671875,1037.0,1037.0,1016.0,1016.0,3900
2017-12-28,1034.8516845703125,1047.0,1047.0,1039.0,1040.0,3500
2017-12-29,1022.00244140625,1034.0,1048.0,1034.0,1041.0,3700
2018-01-03,1022.00244140625,1034.0,1034.0,1034.0,1034.0,0
2018-01-04,1027.932861328125,1040.0,1050.0,1035.0,1035.0,3000
2018-01-05,1026.944580078125,1039.0,1047.0,1037.0,1044.0,1300
2018-01-08,1026.944580078125,1039.0,1039.0,1039.0,1039.0,0
2018-01-09,1079.32958984375,1092.0,1098.0,1040.0,1047.0,11300
2018-01-10,1067.4688720703125,1080.0,1097.0,1080.0,1097.0,5200
2018-01-11,1088.2252197265625,1101.0,1101.0,1071.0,1090.0,7600
2018-01-12,1069.4456787109375,1082.0,1102.0,1082.0,1091.0,2900
2018-01-15,1082.294677734375,1095.0,1100.0,1080.0,1080.0,8400
2018-01-16,1069.4456787109375,1082.0,1095.0,1082.0,1095.0,2100
2018-01-17,1058.5733642578125,1071.0,1088.0,1071.0,1081.0,3100
2018-01-18,1061.5384521484375,1074.0,1095.0,1069.0,1069.0,5900
2018-01-19,1052.642822265625,1065.0,1099.0,1065.0,1070.0,7500
2018-01-22,1049.6776123046875,1062.0,1071.0,1062.0,1064.0,2700
2018-01-23,1055.608154296875,1068.0,1077.0,1066.0,1070.0,2400
2018-01-24,1069.4456787109375,1082.0,1085.0,1073.0,1077.0,2100
2018-01-25,1067.4688720703125,1080.0,1089.0,1072.0,1072.0,1000
2018-01-26,1071.4222412109375,1084.0,1094.0,1077.0,1079.0,1700
2018-01-29,1067.4688720703125,1080.0,1085.0,1075.0,1082.0,2000
2018-01-30,1068.4571533203125,1081.0,1121.0,1077.0,1110.0,14500
2018-01-31,1073.399169921875,1086.0,1107.0,1082.0,1087.0,5300
2018-02-01,1079.32958984375,1092.0,1095.0,1082.0,1086.0,3300
2018-02-02,1082.294677734375,1095.0,1102.0,1080.0,1092.0,4300
2018-02-05,1043.7471923828125,1056.0,1070.0,1052.0,1061.0,3300
2018-02-06,972.5827026367188,984.0,1040.0,963.0,1040.0,27400
2018-02-07,1013.1069946289062,1025.0,1090.0,1025.0,1090.0,7600
2018-02-08,1027.932861328125,1040.0,1054.0,1036.0,1054.0,600
2018-02-09,1005.1997680664062,1017.0,1017.0,975.0,975.0,6000
2018-02-13,1005.1997680664062,1017.0,1017.0,1017.0,1017.0,0
2018-02-14,1003.2230224609376,1015.0,1018.0,990.0,1010.0,4200
2018-02-15,1030.898193359375,1043.0,1090.0,1016.0,1016.0,4900
2018-02-16,1030.898193359375,1043.0,1080.0,1033.0,1043.0,5100
2018-02-19,1074.3876953125,1087.0,1095.0,1070.0,1079.0,5700
2018-02-20,1076.3643798828125,1089.0,1089.0,1076.0,1083.0,1400
2018-02-21,1076.3643798828125,1089.0,1089.0,1089.0,1089.0,0
2018-02-22,1062.5267333984375,1075.0,1089.0,1065.0,1089.0,2300
2018-02-23,1082.294677734375,1095.0,1101.0,1075.0,1075.0,5300
2018-02-26,1068.4571533203125,1081.0,1108.0,1078.0,1095.0,50900
2018-02-27,1107.0047607421875,1120.0,1120.0,1075.0,1090.0,68100
2018-02-28,1107.0047607421875,1120.0,1131.0,1109.0,1130.0,6200
2018-03-01,1131.714599609375,1145.0,1163.0,1120.0,1120.0,16500
2018-03-02,1074.3876953125,1087.0,1132.0,1076.0,1130.0,18200
2018-03-05,1062.5267333984375,1075.0,1095.0,1070.0,1087.0,6700
2018-03-06,1058.5733642578125,1071.0,1098.0,1066.0,1098.0,6900
2018-03-07,1073.399169921875,1086.0,1100.0,1071.0,1100.0,3900
2018-03-08,1085.260009765625,1098.0,1100.0,1085.0,1094.0,2600
2018-03-09,1084.271484375,1097.0,1105.0,1089.0,1099.0,4700
2018-03-12,1076.3643798828125,1089.0,1092.0,1082.0,1092.0,3400
2018-03-13,1078.3411865234375,1091.0,1110.0,1085.0,1098.0,4300
2018-03-14,1085.260009765625,1098.0,1098.0,1082.0,1085.0,2100
2018-03-15,1068.4571533203125,1081.0,1097.0,1078.0,1097.0,2200
2018-03-16,1072.4107666015625,1085.0,1097.0,1084.0,1085.0,1000
2018-03-19,1062.5267333984375,1075.0,1099.0,1071.0,1099.0,3700
2018-03-20,1046.71240234375,1059.0,1076.0,1049.0,1076.0,3900
2018-03-21,1046.71240234375,1059.0,1059.0,1059.0,1059.0,0
2018-03-22,1043.7471923828125,1056.0,1066.0,1054.0,1059.0,3700
2018-03-23,1020.0258178710938,1032.0,1043.0,1026.0,1040.0,5200
2018-03-26,1018.0490112304688,1030.0,1042.0,1030.0,1030.0,1800
2018-03-27,1075.3759765625,1088.0,1088.0,1027.0,1035.0,4700
2018-03-28,1049.6776123046875,1062.0,1062.0,1045.0,1045.0,1200
2018-03-29,1054.61962890625,1067.0,1080.0,1055.0,1062.0,2700
2018-03-30,1058.5733642578125,1071.0,1080.0,1067.0,1073.0,2500
2018-04-02,1069.4456787109375,1082.0,1082.0,1069.0,1080.0,900
2018-04-03,1047.700927734375,1060.0,1090.0,1058.0,1090.0,7500
2018-04-04,1037.81689453125,1050.0,1055.0,1047.0,1055.0,1300
2018-04-05,1040.7821044921875,1053.0,1060.0,1045.0,1050.0,1800
2018-04-06,1024.9676513671875,1037.0,1052.0,1037.0,1051.0,2000
2018-04-09,1022.990966796875,1035.0,1055.0,1035.0,1040.0,1700
2018-04-10,1024.9676513671875,1037.0,1038.0,1030.0,1031.0,500
2018-04-11,1030.898193359375,1043.0,1065.0,1037.0,1038.0,1700
2018-04-12,1026.944580078125,1039.0,1047.0,1036.0,1047.0,800
2018-04-13,1031.886474609375,1044.0,1045.0,1035.0,1045.0,700
2018-04-16,1015.083740234375,1027.0,1040.0,1022.0,1034.0,2600
2018-04-17,1009.1534423828124,1021.0,1045.0,1013.0,1021.0,1900
2018-04-18,1009.1534423828124,1021.0,1021.0,1021.0,1021.0,0
2018-04-19,1029.9097900390625,1042.0,1055.0,1030.0,1030.0,4700
2018-04-20,1032.8748779296875,1045.0,1045.0,1045.0,1045.0,200
2018-04-23,1019.037353515625,1031.0,1035.0,1031.0,1035.0,200
2018-04-24,1027.932861328125,1040.0,1054.0,1040.0,1042.0,9100
2018-04-25,1027.932861328125,1040.0,1040.0,1040.0,1040.0,0
2018-04-26,1018.0490112304688,1030.0,1046.0,1030.0,1036.0,3600
2018-04-27,1018.0490112304688,1030.0,1036.0,1030.0,1033.0,2700
2018-05-01,1027.932861328125,1040.0,1040.0,1024.0,1038.0,2700
2018-05-02,1018.0490112304688,1030.0,1038.0,1030.0,1034.0,2400
2018-05-04,1018.0490112304688,1030.0,1030.0,1030.0,1030.0,0
2018-05-07,1038.8052978515625,1051.0,1071.0,1050.0,1071.0,5700
2018-05-08,1037.81689453125,1050.0,1053.0,1041.0,1045.0,3300
2018-05-09,1019.037353515625,1031.0,1053.0,1029.0,1053.0,6900
2018-05-10,1022.00244140625,1034.0,1040.0,1031.0,1031.0,700
2018-05-11,1009.1534423828124,1021.0,1034.0,1015.0,1030.0,3500
2018-05-14,1022.990966796875,1035.0,1049.0,1032.0,1039.0,5900
2018-05-15,1001.2462158203124,1013.0,1058.0,1013.0,1058.0,31500
2018-05-16,990.3738403320312,1002.0,1026.0,994.0,1017.0,14300
2018-05-17,1037.81689453125,1050.0,1250.0,1017.0,1028.0,308200
2018-05-18,1022.990966796875,1035.0,1066.0,1027.0,1052.0,27500
2018-05-21,1030.898193359375,1043.0,1051.0,1035.0,1036.0,10500
2018-05-22,1030.898193359375,1043.0,1060.0,1040.0,1060.0,11200
2018-05-23,1027.932861328125,1040.0,1047.0,1033.0,1047.0,8400
2018-05-24,1076.3643798828125,1089.0,1139.0,1078.0,1114.0,48400
2018-05-25,1034.8516845703125,1047.0,1063.0,1036.0,1059.0,17600
2018-05-28,1067.4688720703125,1080.0,1083.0,1055.0,1074.0,5400
2018-05-29,1027.932861328125,1040.0,1079.0,1037.0,1079.0,8600
2018-05-30,1022.00244140625,1034.0,1036.0,1022.0,1036.0,6100
2018-05-31,1030.898193359375,1043.0,1070.0,1036.0,1040.0,5000
2018-06-01,1022.00244140625,1034.0,1042.0,1030.0,1036.0,3200
2018-06-04,1022.990966796875,1035.0,1042.0,1024.0,1042.0,4300
2018-06-05,1008.1649780273438,1020.0,1035.0,1020.0,1035.0,2400
2018-06-06,991.3622436523438,1003.0,1018.0,1002.0,1013.0,5000
2018-06-07,996.3042602539062,1008.0,1018.0,1000.0,1018.0,5700
2018-06-08,991.3622436523438,1003.0,1008.0,1001.0,1006.0,1500
2018-06-11,991.3622436523438,1003.0,1006.0,1000.0,1000.0,6200
2018-06-12,998.2810668945312,1010.0,1017.0,1003.0,1003.0,4500
2018-06-13,1008.1649780273438,1020.0,1027.0,1010.0,1010.0,3500
2018-06-14,1087.2366943359375,1100.0,1150.0,1016.0,1025.0,89600
2018-06-15,1029.9097900390625,1042.0,1220.0,1039.0,1129.0,85100
2018-06-18,1074.3876953125,1087.0,1168.0,1057.0,1072.0,34700
2018-06-19,1053.6312255859375,1066.0,1100.0,1053.0,1096.0,13100
2018-06-20,1050.6661376953125,1063.0,1078.0,1053.0,1078.0,4600
2018-06-21,1054.61962890625,1067.0,1067.0,1055.0,1065.0,2400
2018-06-22,1049.6776123046875,1062.0,1079.0,1054.0,1079.0,5500
2018-06-25,1079.32958984375,1092.0,1100.0,1057.0,1072.0,8800
2018-06-26,1074.3876953125,1087.0,1100.0,1076.0,1100.0,2000
2018-06-27,1069.4456787109375,1082.0,1096.0,1080.0,1096.0,1000
2018-06-28,1036.8284912109375,1049.0,1080.0,1049.0,1080.0,6600
2018-06-29,1017.0606079101562,1029.0,1040.0,1024.0,1040.0,6000
2018-07-02,990.3738403320312,1002.0,1041.0,1000.0,1041.0,12400
2018-07-03,992.3506469726562,1004.0,1015.0,996.0,1001.0,8200
2018-07-04,996.3042602539062,1008.0,1009.0,995.0,1001.0,5500
2018-07-05,978.5131225585938,990.0,1012.0,983.0,1011.0,7200
2018-07-06,979.5015258789062,991.0,1014.0,981.0,1000.0,4900
2018-07-09,995.3157958984376,1007.0,1010.0,990.0,990.0,3400
2018-07-10,1008.1649780273438,1020.0,1056.0,1003.0,1003.0,6600
2018-07-11,1002.234619140625,1014.0,1021.0,1011.0,1019.0,3000
2018-07-12,1011.1301879882812,1023.0,1029.0,1018.0,1019.0,1100
2018-07-13,1012.1185913085938,1024.0,1034.0,1019.0,1025.0,1900
2018-07-16,1012.1185913085938,1024.0,1024.0,1024.0,1024.0,0
2018-07-17,1012.1185913085938,1024.0,1042.0,1020.0,1025.0,7300
2018-07-18,1035.840087890625,1048.0,1061.0,1028.0,1028.0,7700
2018-07-19,1025.9561767578125,1038.0,1050.0,1036.0,1050.0,1800
2018-07-20,1023.9793090820312,1036.0,1048.0,1034.0,1038.0,1600
2018-07-23,1021.0142211914062,1033.0,1036.0,1030.0,1030.0,1400
2018-07-24,1026.944580078125,1039.0,1043.0,1035.0,1038.0,1300
2018-07-25,1057.5848388671875,1070.0,1075.0,1040.0,1069.0,7500
2018-07-26,1097.1207275390625,1110.0,1219.0,1103.0,1189.0,113000
2018-07-27,1091.1903076171875,1104.0,1120.0,1087.0,1100.0,10800
2018-07-30,1118.865478515625,1132.0,1169.0,1111.0,1129.0,11600
2018-07-31,1140.610107421875,1154.0,1165.0,1136.0,1150.0,9100
2018-08-01,1139.6219482421875,1153.0,1158.0,1133.0,1147.0,9800
2018-08-02,1122.8189697265625,1136.0,1160.0,1132.0,1160.0,7600
2018-08-03,1076.3643798828125,1089.0,1121.0,1083.0,1113.0,9000
2018-08-06,1057.5848388671875,1070.0,1107.0,1070.0,1091.0,4700
2018-08-07,1059.5616455078125,1072.0,1094.0,1065.0,1089.0,6800
2018-08-08,1059.5616455078125,1072.0,1092.0,1050.0,1068.0,11300
2018-08-09,1083.283203125,1096.0,1100.0,1073.0,1079.0,7800
2018-08-10,1114.911865234375,1128.0,1128.0,1102.0,1104.0,7500
2018-08-13,1078.3411865234375,1091.0,1133.0,1089.0,1120.0,9000
2018-08-14,1092.1787109375,1105.0,1106.0,1078.0,1083.0,5400
2018-08-15,1067.4688720703125,1080.0,1106.0,1077.0,1106.0,7700
2018-08-16,1072.4107666015625,1085.0,1094.0,1070.0,1086.0,6900
2018-08-17,1090.201904296875,1103.0,1109.0,1091.0,1095.0,3900
2018-08-20,1109.969970703125,1123.0,1130.0,1095.0,1095.0,5500
2018-08-21,1163.34326171875,1177.0,1181.0,1117.0,1145.0,23900
2018-08-22,1151.4825439453125,1165.0,1179.0,1130.0,1177.0,18200
2018-08-23,1177.180908203125,1191.0,1191.0,1164.0,1174.0,22300
2018-08-24,1157.4129638671875,1171.0,1198.0,1168.0,1190.0,8400
2018-08-27,1113.9234619140625,1127.0,1171.0,1111.0,1158.0,16700
2018-08-28,1119.8538818359375,1133.0,1166.0,1130.0,1132.0,18600
2018-08-29,1121.83056640625,1135.0,1143.0,1133.0,1141.0,6400
2018-08-30,1128.74951171875,1142.0,1146.0,1109.0,1136.0,14000
2018-08-31,1122.8189697265625,1136.0,1142.0,1129.0,1142.0,2200
2018-09-03,1134.6798095703125,1148.0,1166.0,1134.0,1166.0,5300
2018-09-04,1139.6219482421875,1153.0,1169.0,1148.0,1148.0,1300
2018-09-05,1119.8538818359375,1133.0,1142.0,1125.0,1139.0,5700
2018-09-06,1105.0279541015625,1118.0,1133.0,1111.0,1123.0,7900
2018-09-07,1097.1207275390625,1110.0,1118.0,1091.0,1118.0,7500
2018-09-10,1107.9931640625,1121.0,1130.0,1102.0,1110.0,6500
2018-09-11,1099.09765625,1112.0,1130.0,1105.0,1130.0,3300
2018-09-12,1098.109130859375,1111.0,1121.0,1103.0,1121.0,1400
2018-09-13,1075.3759765625,1088.0,1102.0,1086.0,1102.0,3300
2018-09-14,1071.4222412109375,1084.0,1100.0,1084.0,1084.0,7400
2018-09-17,1071.4222412109375,1084.0,1084.0,1084.0,1084.0,0
2018-09-18,1109.969970703125,1123.0,1134.0,1086.0,1100.0,8000
2018-09-19,1104.0394287109375,1117.0,1126.0,1100.0,1126.0,3400
2018-09-20,1130.7261962890625,1144.0,1144.0,1113.0,1123.0,5500
2018-09-21,1145.55224609375,1159.0,1167.0,1142.0,1167.0,4900
2018-09-24,1145.55224609375,1159.0,1159.0,1159.0,1159.0,0
2018-09-25,1150.494140625,1164.0,1177.0,1150.0,1177.0,2400
2018-09-26,1124.7957763671875,1138.0,1156.0,1138.0,1156.0,2700
2018-09-27,1135.668212890625,1149.0,1149.0,1125.0,1134.0,4200
2018-09-28,1122.8189697265625,1136.0,1154.0,1125.0,1150.0,5300
2018-10-01,1122.8189697265625,1136.0,1136.0,1136.0,1136.0,0
2018-10-02,1131.714599609375,1145.0,1160.0,1145.0,1151.0,3900
2018-10-03,1137.64501953125,1151.0,1151.0,1134.0,1134.0,4000
2018-10-04,1141.5985107421875,1155.0,1160.0,1143.0,1143.0,2700
2018-10-05,1155.4361572265625,1169.0,1169.0,1145.0,1152.0,5600
2018-10-08,1155.4361572265625,1169.0,1169.0,1169.0,1169.0,0
2018-10-09,1147.5289306640625,1161.0,1185.0,1160.0,1160.0,6000
2018-10-10,1136.6566162109375,1150.0,1166.0,1150.0,1153.0,3700
2018-10-11,1037.81689453125,1050.0,1120.0,1020.0,1120.0,26200
2018-10-12,1073.399169921875,1086.0,1090.0,1025.0,1025.0,7400
2018-10-15,1056.596435546875,1069.0,1086.0,1066.0,1086.0,1800
2018-10-16,1076.3643798828125,1089.0,1089.0,1070.0,1070.0,2400
2018-10-17,1089.213623046875,1102.0,1104.0,1084.0,1093.0,5700
2018-10-18,1057.5848388671875,1070.0,1114.0,1059.0,1114.0,4100
2018-10-19,1057.5848388671875,1070.0,1075.0,1062.0,1062.0,1300
2018-10-22,1052.642822265625,1065.0,1086.0,1057.0,1070.0,7900
2018-10-23,1021.0142211914062,1033.0,1077.0,1024.0,1075.0,10700
2018-10-24,1025.9561767578125,1038.0,1049.0,1020.0,1049.0,6200
2018-10-25,1003.2230224609376,1015.0,1044.0,989.0,1010.0,17900
2018-10-26,910.313720703125,921.0,1025.0,918.0,1020.0,38300
2018-10-29,917.232421875,928.0,959.0,922.0,947.0,8800
2018-10-30,910.313720703125,921.0,932.0,880.0,926.0,17300
2018-10-31,937.0004272460938,948.0,966.0,931.0,951.0,7300
2018-11-01,938.9771728515624,950.0,950.0,942.0,942.0,800
2018-11-02,950.8379516601562,962.0,965.0,951.0,955.0,1700
2018-11-05,965.6638793945312,977.0,977.0,962.0,962.0,3400
2018-11-06,951.8263549804688,963.0,1001.0,948.0,1001.0,5900
2018-11-07,949.8495483398438,961.0,969.0,949.0,964.0,3600
2018-11-08,951.8263549804688,963.0,977.0,956.0,965.0,4000
2018-11-09,957.7567138671876,969.0,969.0,946.0,961.0,4800
2018-11-12,933.0468139648438,944.0,966.0,913.0,966.0,22300
2018-11-13,1081.3062744140625,1094.0,1094.0,1094.0,1094.0,3800
2018-11-14,1129.7379150390625,1143.0,1220.0,1113.0,1200.0,202500
2018-11-15,1119.8538818359375,1133.0,1170.0,1108.0,1164.0,35300
2018-11-16,1015.083740234375,1027.0,1163.0,1023.0,1163.0,33800
2018-11-19,1022.00244140625,1034.0,1043.0,1011.0,1018.0,17300
2018-11-20,1047.700927734375,1060.0,1088.0,1013.0,1024.0,18700
2018-11-21,1119.8538818359375,1133.0,1143.0,1070.0,1070.0,24100
2018-11-22,1147.5289306640625,1161.0,1166.0,1142.0,1142.0,26200
2018-11-23,1147.5289306640625,1161.0,1161.0,1161.0,1161.0,0
2018-11-26,1153.4593505859375,1167.0,1173.0,1153.0,1166.0,13500
2018-11-27,1192.9952392578125,1207.0,1207.0,1167.0,1184.0,40100
2018-11-28,1164.331787109375,1178.0,1230.0,1167.0,1217.0,22500
2018-11-29,1144.563720703125,1158.0,1196.0,1138.0,1188.0,17300
2018-11-30,1129.7379150390625,1143.0,1150.0,1124.0,1139.0,5400
2018-12-03,1147.5289306640625,1161.0,1175.0,1152.0,1152.0,5300
2018-12-04,1152.470947265625,1166.0,1176.0,1163.0,1163.0,4400
2018-12-05,1144.563720703125,1158.0,1174.0,1136.0,1136.0,9100
2018-12-06,1128.74951171875,1142.0,1165.0,1137.0,1161.0,8000
2018-12-07,1135.668212890625,1149.0,1172.0,1149.0,1167.0,3300
2018-12-10,1135.668212890625,1149.0,1155.0,1138.0,1150.0,12500
2018-12-11,1164.331787109375,1178.0,1210.0,1148.0,1174.0,25000
2018-12-12,1158.4013671875,1172.0,1181.0,1167.0,1178.0,4300
2018-12-13,1232.5311279296875,1247.0,1247.0,1174.0,1175.0,37600
2018-12-14,1284.9161376953125,1300.0,1339.0,1244.0,1244.0,50700
2018-12-17,1349.1619873046875,1365.0,1388.0,1322.0,1339.0,62700
2018-12-18,1265.1483154296875,1280.0,1509.0,1250.0,1338.0,126600
2018-12-19,1377.825439453125,1394.0,1437.0,1320.0,1398.0,65500
2018-12-20,1465.79296875,1483.0,1519.0,1340.0,1410.0,130500
2018-12-21,1528.0618896484375,1546.0,1550.0,1390.0,1467.0,105100
2018-12-24,1528.0618896484375,1546.0,1546.0,1546.0,1546.0,0
2018-12-25,1650.6231689453125,1670.0,1738.0,1413.0,1491.0,198400
2018-12-26,1962.9031982421875,1980.0,1980.0,1694.0,1695.0,229800
2018-12-27,1722.0013427734375,1737.0,2200.0,1715.0,2020.0,524300
2018-12-28,1536.6160888671875,1550.0,1685.0,1452.0,1657.0,332300
2018-12-31,1536.6160888671875,1550.0,1550.0,1550.0,1550.0,0
2019-01-04,1710.10498046875,1725.0,1817.0,1510.0,1590.0,324300
2019-01-07,1903.4212646484373,1920.0,1920.0,1750.0,1800.0,204900
2019-01-08,1968.851318359375,1986.0,2040.0,1754.0,1910.0,263100
2019-01-09,1854.8443603515625,1871.0,2050.0,1810.0,2017.0,153600
2019-01-10,1883.5938720703125,1900.0,1933.0,1756.0,1840.0,119000
2019-01-11,1792.3883056640625,1808.0,1910.0,1782.0,1884.0,74300
2019-01-15,1871.697509765625,1888.0,1898.0,1762.0,1762.0,66400
2019-01-16,1852.861572265625,1869.0,1975.0,1802.0,1898.0,86400
2019-01-17,1935.1448974609373,1952.0,1959.0,1832.0,1881.0,73200
2019-01-18,2003.549072265625,2021.0,2120.0,1973.0,1990.0,258800
2019-01-21,2056.09130859375,2074.0,2214.0,1960.0,2044.0,209200
2019-01-22,1970.833984375,1988.0,2240.0,1988.0,2149.0,256100
2019-01-23,2104.66845703125,2123.0,2142.0,1959.0,1999.0,106200
2019-01-24,2406.04345703125,2427.0,2540.0,2307.0,2420.0,500200
2019-01-25,2901.72607421875,2927.0,2927.0,2430.0,2500.0,1234800
2019-01-28,2676.68603515625,2700.0,2825.0,2566.0,2781.0,994100
2019-01-29,2702.461669921875,2726.0,2774.0,2520.0,2630.0,669300
2019-01-30,2206.779052734375,2226.0,2673.0,2226.0,2582.0,741600
2019-01-31,2191.908447265625,2211.0,2449.0,2093.0,2340.0,665600
2019-02-01,2161.17626953125,2180.0,2355.0,2158.0,2222.0,332500
2019-02-04,2411.991455078125,2433.0,2433.0,2172.0,2202.0,719800
2019-02-05,2429.8359375,2451.0,2680.0,2451.0,2500.0,889800
2019-02-06,2289.062255859375,2309.0,2575.0,2285.0,2410.0,510200
2019-02-07,2157.210693359375,2176.0,2330.0,2142.0,2300.0,372100
2019-02-08,1927.2138671875,1944.0,2154.0,1876.0,2154.0,513800
2019-02-12,1941.0931396484373,1958.0,2105.0,1924.0,1944.0,310100
2019-02-13,2021.3936767578125,2039.0,2058.0,1954.0,1998.0,211500
2019-02-14,1896.481689453125,1913.0,1991.0,1854.0,1869.0,206800
2019-02-15,1817.1724853515625,1833.0,1899.0,1786.0,1864.0,156200
2019-02-18,1955.963623046875,1973.0,1985.0,1744.0,1839.0,203000
2019-02-19,1854.8443603515625,1871.0,2004.0,1844.0,1980.0,182000
2019-02-20,1775.53515625,1791.0,1917.0,1785.0,1890.0,95400
2019-02-21,1796.353759765625,1812.0,1844.0,1756.0,1794.0,98600
2019-02-22,1716.05322265625,1731.0,1798.0,1722.0,1786.0,74600
2019-02-25,2062.03955078125,2080.0,2131.0,1712.0,1716.0,786500
2019-02-26,2003.549072265625,2021.0,2335.0,1962.0,2120.0,861400
2019-02-27,1918.2916259765625,1935.0,2021.0,1864.0,1963.0,202500
2019-02-28,1752.733642578125,1768.0,1968.0,1768.0,1903.0,159400
2019-03-01,1851.8702392578125,1868.0,1918.0,1781.0,1795.0,143900
2019-03-04,1806.2674560546875,1822.0,1879.0,1801.0,1847.0,79600
2019-03-05,1790.405517578125,1806.0,1846.0,1770.0,1840.0,70800
2019-03-06,1746.7855224609375,1762.0,1825.0,1736.0,1813.0,53300
2019-03-07,1756.69921875,1772.0,1880.0,1696.0,1743.0,175900
2019-03-08,1700.1912841796875,1715.0,1739.0,1697.0,1710.0,67100
2019-03-11,1778.5091552734375,1794.0,1835.0,1725.0,1728.0,113600
2019-03-12,1755.707763671875,1771.0,1819.0,1752.0,1810.0,67600
2019-03-13,1749.759521484375,1765.0,1793.0,1742.0,1760.0,34900
2019-03-14,1779.50048828125,1795.0,1858.0,1770.0,1848.0,43800
2019-03-15,1789.4141845703125,1805.0,1878.0,1772.0,1772.0,66300
2019-03-18,1804.28466796875,1820.0,1867.0,1778.0,1821.0,39700
2019-03-19,1845.922119140625,1862.0,1891.0,1793.0,1807.0,58700
2019-03-20,1961.9117431640625,1979.0,1979.0,1871.0,1920.0,200100
2019-03-22,2007.5145263671875,2025.0,2050.0,1943.0,1961.0,156900
2019-03-25,1870.7061767578125,1887.0,1970.0,1701.0,1927.0,104900
2019-03-26,1830.0601806640625,1846.0,1963.0,1846.0,1901.0,66300
2019-03-27,1840.9652099609373,1857.0,1892.0,1831.0,1868.0,44000
2019-03-28,1854.8443603515625,1871.0,1885.0,1833.0,1873.0,33500
2019-03-29,1855.835693359375,1872.0,1943.0,1834.0,1880.0,81800
2019-04-01,1873.6802978515625,1890.0,1986.0,1872.0,1912.0,75800
2019-04-02,1758.681884765625,1774.0,1920.0,1761.0,1892.0,78300
2019-04-03,1723.984130859375,1739.0,1765.0,1623.0,1745.0,72900
2019-04-04,1612.951171875,1627.0,1713.0,1587.0,1709.0,104700
2019-04-05,1643.6834716796875,1658.0,1680.0,1628.0,1680.0,50700
2019-04-08,1626.830322265625,1641.0,1658.0,1612.0,1640.0,23700
2019-04-09,1606.01171875,1620.0,1650.0,1608.0,1620.0,19600
2019-04-10,1581.2274169921875,1595.0,1640.0,1552.0,1640.0,42700
2019-04-11,1569.3311767578125,1583.0,1624.0,1573.0,1624.0,16500
2019-04-12,1593.1239013671875,1607.0,1619.0,1578.0,1578.0,20700
2019-04-15,1633.7698974609375,1648.0,1656.0,1586.0,1607.0,18200
2019-04-16,1613.9425048828125,1628.0,1700.0,1616.0,1631.0,47500
2019-04-17,1659.5452880859375,1674.0,1732.0,1625.0,1625.0,49800
2019-04-18,1559.41748046875,1573.0,1655.0,1573.0,1655.0,40900
2019-04-19,1593.1239013671875,1607.0,1607.0,1575.0,1577.0,18000
2019-04-22,1576.270751953125,1590.0,1617.0,1580.0,1584.0,12300
2019-04-23,1576.270751953125,1590.0,1604.0,1569.0,1569.0,15000
2019-04-24,1567.348388671875,1581.0,1639.0,1580.0,1580.0,13800
2019-04-25,1571.3138427734375,1585.0,1599.0,1570.0,1599.0,8500
2019-04-26,1609.97705078125,1624.0,1627.0,1580.0,1585.0,12100
2019-05-07,1632.7784423828125,1647.0,1672.0,1579.0,1623.0,39400
2019-05-08,1597.08935546875,1611.0,1648.0,1591.0,1648.0,14700
2019-05-09,1592.1324462890625,1606.0,1614.0,1577.0,1598.0,16500
2019-05-10,1591.14111328125,1605.0,1632.0,1576.0,1605.0,15800
2019-05-13,1606.01171875,1620.0,1625.0,1578.0,1587.0,18400
2019-05-14,1459.2896728515625,1472.0,1580.0,1460.0,1570.0,60600
2019-05-15,1410.7127685546875,1423.0,1468.0,1355.0,1460.0,56000
2019-05-16,1321.4898681640625,1333.0,1412.0,1333.0,1412.0,38300
2019-05-17,1381.9630126953125,1394.0,1425.0,1306.0,1306.0,34700
2019-05-20,1485.0650634765625,1498.0,1567.0,1362.0,1362.0,55600
2019-05-21,1461.272216796875,1474.0,1488.0,1440.0,1455.0,27600
2019-05-22,1478.1256103515625,1491.0,1529.0,1476.0,1476.0,13200
2019-05-23,1472.17724609375,1485.0,1520.0,1459.0,1488.0,10600
2019-05-24,1449.3759765625,1462.0,1490.0,1441.0,1483.0,12400
2019-05-27,1503.9010009765625,1517.0,1542.0,1430.0,1456.0,20900
2019-05-28,1483.082275390625,1496.0,1522.0,1467.0,1517.0,6900
2019-05-29,1472.17724609375,1485.0,1500.0,1458.0,1488.0,10400
2019-05-30,1420.6263427734375,1433.0,1480.0,1400.0,1480.0,13300
2019-05-31,1394.850830078125,1407.0,1449.0,1368.0,1449.0,17500
2019-06-03,1327.43798828125,1339.0,1382.0,1293.0,1382.0,21800
2019-06-04,1424.591796875,1437.0,1456.0,1332.0,1349.0,22600
2019-06-05,1432.522705078125,1445.0,1517.0,1421.0,1454.0,18000
2019-06-06,1424.591796875,1437.0,1496.0,1420.0,1445.0,10200
2019-06-07,1447.3931884765625,1460.0,1460.0,1425.0,1431.0,5800
2019-06-10,1493.9873046875,1507.0,1514.0,1461.0,1485.0,16100
2019-06-11,1473.168701171875,1486.0,1515.0,1480.0,1515.0,3200
2019-06-12,1427.56591796875,1440.0,1484.0,1436.0,1480.0,3900
2019-06-13,1394.850830078125,1407.0,1453.0,1398.0,1450.0,8200
2019-06-14,1431.53125,1444.0,1451.0,1407.0,1407.0,5200
2019-06-17,1458.2982177734375,1471.0,1478.0,1435.0,1469.0,4400
2019-06-18,1406.7471923828125,1419.0,1482.0,1407.0,1482.0,5000
2019-06-19,1389.89404296875,1402.0,1427.0,1389.0,1410.0,8900
2019-06-20,1387.9112548828125,1400.0,1414.0,1372.0,1402.0,10800
2019-06-21,1351.2308349609375,1363.0,1421.0,1341.0,1403.0,18000
2019-06-24,1318.5157470703125,1330.0,1364.0,1315.0,1342.0,12000
2019-06-25,1299.6798095703125,1311.0,1355.0,1293.0,1315.0,20800
2019-06-26,1262.0079345703125,1273.0,1305.0,1251.0,1295.0,20200
2019-06-27,1203.517333984375,1214.0,1260.0,1213.0,1257.0,21700
2019-06-28,1295.71435546875,1307.0,1321.0,1215.0,1221.0,31000
2019-07-01,1321.4898681640625,1333.0,1337.0,1315.0,1337.0,12300
2019-07-02,1321.4898681640625,1333.0,1352.0,1326.0,1339.0,11600
2019-07-03,1306.619384765625,1318.0,1330.0,1290.0,1319.0,12700
2019-07-04,1286.7919921875,1298.0,1331.0,1293.0,1311.0,16100
2019-07-05,1297.697021484375,1309.0,1309.0,1265.0,1290.0,19200
2019-07-08,1295.71435546875,1307.0,1324.0,1291.0,1324.0,5800
2019-07-09,1292.740234375,1304.0,1314.0,1285.0,1307.0,10300
2019-07-10,1305.6279296875,1317.0,1320.0,1292.0,1298.0,13200
2019-07-11,1281.8353271484375,1293.0,1314.0,1291.0,1310.0,5100
2019-07-12,1273.904296875,1285.0,1300.0,1276.0,1293.0,10000
2019-07-16,1239.20654296875,1250.0,1292.0,1250.0,1280.0,8000
2019-07-17,1227.3101806640625,1238.0,1263.0,1238.0,1250.0,11900
2019-07-18,1216.4051513671875,1227.0,1245.0,1223.0,1231.0,11300
2019-07-19,1224.3359375,1235.0,1266.0,1225.0,1228.0,11300
2019-07-22,1213.430908203125,1224.0,1250.0,1219.0,1235.0,6700
2019-07-23,1200.5433349609375,1211.0,1227.0,1209.0,1227.0,8200
2019-07-24,1184.681396484375,1195.0,1209.0,1193.0,1207.0,9500
2019-07-25,1187.655517578125,1198.0,1208.0,1172.0,1172.0,21100
2019-07-26,1175.7591552734375,1186.0,1190.0,1180.0,1181.0,7800
2019-07-29,1189.6383056640625,1200.0,1206.0,1186.0,1198.0,7700
2019-07-30,1305.6279296875,1317.0,1340.0,1198.0,1198.0,47100
2019-07-31,1244.163330078125,1255.0,1312.0,1249.0,1296.0,19500
2019-08-01,1273.904296875,1285.0,1305.0,1245.0,1266.0,20900
2019-08-02,1230.2843017578125,1241.0,1273.0,1235.0,1253.0,18400
2019-08-05,1172.7850341796875,1183.0,1228.0,1175.0,1217.0,25400
2019-08-06,1200.5433349609375,1211.0,1221.0,1132.0,1132.0,21700
2019-08-07,1186.6641845703125,1197.0,1212.0,1185.0,1207.0,5400
2019-08-08,1202.5260009765625,1213.0,1237.0,1192.0,1192.0,9200
2019-08-09,1224.3359375,1235.0,1237.0,1199.0,1207.0,8600
2019-08-13,1278.861083984375,1290.0,1300.0,1231.0,1235.0,17700
2019-08-14,1145.0267333984375,1155.0,1184.0,1130.0,1150.0,31300
2019-08-15,1141.0614013671875,1151.0,1229.0,1129.0,1132.0,28100
2019-08-16,1141.0614013671875,1151.0,1172.0,1138.0,1145.0,6400
2019-08-19,1123.216796875,1133.0,1148.0,1123.0,1148.0,3800
2019-08-20,1126.1907958984375,1136.0,1150.0,1125.0,1131.0,4500
2019-08-21,1121.234130859375,1131.0,1144.0,1123.0,1142.0,4900
2019-08-22,1089.5103759765625,1099.0,1135.0,1099.0,1135.0,10800
2019-08-23,1083.562255859375,1093.0,1093.0,1062.0,1085.0,29400
2019-08-26,1023.0889282226562,1032.0,1076.0,1032.0,1063.0,11700
2019-08-27,1018.1320190429688,1027.0,1058.0,1027.0,1050.0,9400
2019-08-28,1040.9334716796875,1050.0,1085.0,1000.0,1030.0,18000
2019-08-29,1035.9765625,1045.0,1065.0,1034.0,1041.0,5900
2019-08-30,1035.9765625,1045.0,1067.0,1042.0,1042.0,5000
2019-09-02,1043.9075927734375,1053.0,1075.0,1053.0,1075.0,2600
2019-09-03,1033.9940185546875,1043.0,1050.0,1038.0,1046.0,4000
2019-09-04,1014.1666259765624,1023.0,1038.0,1017.0,1036.0,3100
2019-09-05,1017.1407470703124,1026.0,1046.0,1019.0,1046.0,6900
2019-09-06,1019.1234130859376,1028.0,1041.0,1025.0,1040.0,2800
2019-09-09,1011.1925048828124,1020.0,1032.0,1000.0,1028.0,10200
2019-09-10,1001.2788696289062,1010.0,1020.0,1005.0,1016.0,3300
2019-09-11,1008.2183837890624,1017.0,1028.0,1012.0,1012.0,6400
2019-09-12,997.3134155273438,1006.0,1023.0,1003.0,1022.0,4700
2019-09-13,1009.2097778320312,1018.0,1027.0,1010.0,1027.0,6000
2019-09-17,1009.2097778320312,1018.0,1030.0,1002.0,1011.0,7500
2019-09-18,1003.2615966796876,1012.0,1022.0,1010.0,1022.0,5300
2019-09-19,1013.1752319335938,1022.0,1024.0,1011.0,1013.0,3300
2019-09-20,1003.2615966796876,1012.0,1018.0,1007.0,1014.0,8400
2019-09-24,1005.2443237304688,1014.0,1015.0,1000.0,1015.0,6100
2019-09-25,991.365234375,1000.0,1019.0,992.0,995.0,14600
2019-09-26,992.3566284179688,1001.0,1010.0,990.0,1002.0,13500
2019-09-27,992.3566284179688,1001.0,1004.0,993.0,1001.0,4300
2019-09-30,994.3392944335938,1003.0,1008.0,995.0,1007.0,6300
2019-10-01,1006.2357177734376,1015.0,1021.0,998.0,998.0,6800
2019-10-02,1303.645263671875,1315.0,1315.0,1051.0,1051.0,306800
2019-10-03,1601.0548095703125,1615.0,1615.0,1615.0,1615.0,11300
2019-10-04,1814.1983642578125,1830.0,1938.0,1627.0,1695.0,1320200
2019-10-07,1567.348388671875,1581.0,1740.0,1555.0,1701.0,326600
2019-10-08,1532.650634765625,1546.0,1553.0,1482.0,1541.0,190400
2019-10-09,1488.0391845703125,1501.0,1640.0,1494.0,1586.0,255800
2019-10-10,1452.3499755859375,1465.0,1470.0,1406.0,1465.0,119600
2019-10-11,1431.53125,1444.0,1498.0,1436.0,1436.0,68300
2019-10-15,1369.075439453125,1381.0,1493.0,1360.0,1468.0,61900
2019-10-16,1329.4207763671875,1341.0,1412.0,1341.0,1402.0,43100
2019-10-17,1371.05810546875,1383.0,1392.0,1326.0,1354.0,26500
2019-10-18,1351.2308349609375,1363.0,1409.0,1357.0,1357.0,19300
2019-10-21,1372.0494384765625,1384.0,1393.0,1363.0,1393.0,13700
2019-10-23,1336.3603515625,1348.0,1387.0,1342.0,1360.0,27200
2019-10-24,1366.1011962890625,1378.0,1380.0,1342.0,1351.0,15800
2019-10-25,1337.3516845703125,1349.0,1377.0,1336.0,1365.0,21300
2019-10-28,1302.65380859375,1314.0,1347.0,1310.0,1340.0,23200
2019-10-29,1316.532958984375,1328.0,1344.0,1306.0,1308.0,13000
2019-10-30,1263.9906005859375,1275.0,1331.0,1260.0,1329.0,28200
2019-10-31,1270.9302978515625,1282.0,1305.0,1260.0,1305.0,12400
2019-11-01,1249.1202392578125,1260.0,1357.0,1260.0,1269.0,33600
2019-11-05,1250.111572265625,1261.0,1290.0,1252.0,1256.0,9900
2019-11-06,1245.1546630859375,1256.0,1270.0,1256.0,1261.0,5000
2019-11-07,1246.14599609375,1257.0,1465.0,1250.0,1271.0,173700
2019-11-08,1230.2843017578125,1241.0,1264.0,1230.0,1246.0,22600
2019-11-11,1261.0166015625,1272.0,1293.0,1250.0,1288.0,20600
2019-11-12,1257.051025390625,1268.0,1281.0,1255.0,1263.0,10800
2019-11-13,1184.681396484375,1195.0,1257.0,1151.0,1231.0,52200
2019-11-14,1175.7591552734375,1186.0,1215.0,1175.0,1200.0,16900
2019-11-15,1166.8367919921875,1177.0,1195.0,1155.0,1186.0,11700
2019-11-18,1157.91455078125,1168.0,1185.0,1160.0,1177.0,9700
2019-11-19,1200.5433349609375,1211.0,1211.0,1164.0,1172.0,10500
2019-11-20,1201.53466796875,1212.0,1229.0,1183.0,1183.0,11800
2019-11-21,1217.396484375,1228.0,1228.0,1200.0,1200.0,6800
2019-11-22,1250.111572265625,1261.0,1264.0,1216.0,1216.0,12800
2019-11-25,1265.973388671875,1277.0,1308.0,1260.0,1264.0,29600
2019-11-26,1309.593505859375,1321.0,1337.0,1277.0,1281.0,26000
2019-11-27,1279.8525390625,1291.0,1338.0,1287.0,1338.0,13200
2019-11-28,1223.3446044921875,1234.0,1289.0,1231.0,1289.0,16200
2019-11-29,1239.20654296875,1250.0,1278.0,1226.0,1234.0,10300
2019-12-02,1265.973388671875,1277.0,1280.0,1248.0,1276.0,7300
2019-12-03,1286.7919921875,1298.0,1314.0,1260.0,1264.0,14800
2019-12-04,1286.7919921875,1298.0,1306.0,1276.0,1297.0,13500
2019-12-05,1274.8956298828125,1286.0,1300.0,1263.0,1298.0,10500
2019-12-06,1412.6954345703125,1425.0,1436.0,1346.0,1389.0,141300
2019-12-09,1377.9976806640625,1390.0,1445.0,1382.0,1445.0,27300
2019-12-10,1396.8336181640625,1409.0,1409.0,1382.0,1404.0,13900
2019-12-11,1393.8594970703125,1406.0,1415.0,1384.0,1415.0,12900
2019-12-12,1373.040771484375,1385.0,1406.0,1357.0,1406.0,13700
2019-12-13,1328.429443359375,1340.0,1371.0,1340.0,1371.0,14500
2019-12-16,1333.3861083984375,1345.0,1353.0,1300.0,1321.0,15200
2019-12-17,1385.9285888671875,1398.0,1399.0,1330.0,1345.0,14600
2019-12-18,1354.204833984375,1366.0,1398.0,1354.0,1377.0,11300
2019-12-19,1370.0667724609375,1382.0,1387.0,1346.0,1358.0,7900
2019-12-20,1333.3861083984375,1345.0,1379.0,1333.0,1370.0,9500
2019-12-23,1293.7315673828125,1305.0,1351.0,1302.0,1327.0,14200
2019-12-24,1283.81787109375,1295.0,1308.0,1271.0,1291.0,11700
2019-12-25,1273.904296875,1285.0,1313.0,1277.0,1296.0,8600
2019-12-26,1264.98193359375,1276.0,1287.0,1233.0,1279.0,20000
2019-12-27,1248.0625,1254.0,1270.0,1197.0,1270.0,22700
2019-12-30,1229.1524658203125,1235.0,1284.0,1198.0,1284.0,19500
2020-01-06,1237.114501953125,1243.0,1280.0,1217.0,1217.0,8800
2020-01-07,1276.9251708984375,1283.0,1298.0,1243.0,1243.0,16200
2020-01-08,1235.1240234375,1241.0,1306.0,1225.0,1302.0,9800
2020-01-09,1377.4468994140625,1384.0,1496.0,1260.0,1263.0,121200
2020-01-10,1425.2196044921875,1432.0,1500.0,1384.0,1470.0,131900
2020-01-14,1416.2623291015625,1423.0,1518.0,1392.0,1450.0,98500
2020-01-15,1399.3427734375,1406.0,1449.0,1383.0,1423.0,31300
2020-01-16,1396.35693359375,1403.0,1520.0,1401.0,1496.0,147000
2020-01-17,1373.4658203125,1380.0,1420.0,1349.0,1406.0,35000
2020-01-20,1467.020751953125,1474.0,1495.0,1385.0,1410.0,95900
2020-01-21,1656.1212158203125,1664.0,1743.0,1523.0,1570.0,422400
2020-01-22,1594.4146728515625,1602.0,1850.0,1559.0,1760.0,491700
2020-01-23,1563.5615234375,1571.0,1594.0,1523.0,1570.0,86800
2020-01-24,1478.9639892578125,1486.0,1603.0,1444.0,1585.0,162300
2020-01-27,1463.039794921875,1470.0,1765.0,1469.0,1498.0,450600
2020-01-28,1413.2764892578125,1420.0,1547.0,1412.0,1488.0,92700
2020-01-29,1363.51318359375,1370.0,1437.0,1370.0,1406.0,50600
2020-01-30,1378.4422607421875,1385.0,1548.0,1322.0,1370.0,258600
2020-01-31,1293.8446044921875,1300.0,1456.0,1294.0,1400.0,200000
2020-02-03,1253.038818359375,1259.0,1296.0,1250.0,1270.0,42900
2020-02-04,1236.1192626953125,1242.0,1277.0,1216.0,1273.0,37200
2020-02-05,1244.0814208984375,1250.0,1276.0,1225.0,1272.0,23100
2020-02-06,1244.0814208984375,1250.0,1255.0,1212.0,1255.0,34000
2020-02-07,1228.1572265625,1234.0,1255.0,1226.0,1245.0,20900
2020-02-10,1228.1572265625,1234.0,1252.0,1216.0,1237.0,12300
2020-02-12,1213.2281494140625,1219.0,1240.0,1210.0,1234.0,15600
2020-02-13,1180.3843994140625,1186.0,1216.0,1173.0,1213.0,28100
2020-02-14,1121.663818359375,1127.0,1176.0,1114.0,1176.0,34700
2020-02-17,1165.4554443359375,1171.0,1233.0,1120.0,1120.0,43400
2020-02-18,1135.5975341796875,1141.0,1164.0,1110.0,1154.0,25700
2020-02-19,1189.341796875,1195.0,1221.0,1142.0,1142.0,19900
2020-02-20,1159.48388671875,1165.0,1191.0,1144.0,1165.0,19200
2020-02-21,1164.460205078125,1170.0,1205.0,1165.0,1165.0,13700
2020-02-25,1095.786865234375,1101.0,1127.0,1080.0,1080.0,25700
2020-02-26,1031.0947265625,1036.0,1095.0,1025.0,1092.0,25000
2020-02-27,1001.2366943359376,1006.0,1071.0,1004.0,1071.0,28400
2020-02-28,929.57763671875,934.0,975.0,914.0,950.0,74000
2020-03-02,993.2745971679688,998.0,1030.0,919.0,919.0,53800
2020-03-03,952.46875,957.0,1030.0,940.0,1030.0,28700
2020-03-04,965.4071655273438,970.0,977.0,922.0,922.0,12400
2020-03-05,945.5018920898438,950.0,1003.0,928.0,980.0,27600
2020-03-06,891.757568359375,896.0,950.0,887.0,950.0,23600
2020-03-09,798.20263671875,802.0,852.0,780.0,851.0,45500
2020-03-10,810.1458129882812,814.0,826.0,702.0,747.0,35300
2020-03-11,724.5530395507812,728.0,825.0,722.0,804.0,17600
2020-03-12,706.6382446289062,710.0,793.0,703.0,788.0,43900
2020-03-13,611.0927734375,614.0,675.0,592.0,675.0,61400
2020-03-16,637.9649658203125,641.0,701.0,619.0,644.0,28400
2020-03-17,663.8418579101562,667.0,671.0,611.0,611.0,25800
2020-03-18,650.9033813476562,654.0,711.0,650.0,660.0,18700
2020-03-19,607.1117553710938,610.0,664.0,600.0,654.0,24600
2020-03-23,625.0264892578125,628.0,633.0,580.0,580.0,22100
2020-03-24,663.8418579101562,667.0,675.0,619.0,619.0,10800
2020-03-25,719.57666015625,723.0,740.0,683.0,706.0,21400
2020-03-26,687.7282104492188,691.0,736.0,660.0,673.0,24100
2020-03-27,674.7897338867188,678.0,745.0,662.0,700.0,21000
2020-03-30,656.875,660.0,680.0,639.0,668.0,13000
2020-03-31,660.8560180664062,664.0,685.0,651.0,670.0,8600
2020-04-01,628.0122680664062,631.0,663.0,614.0,634.0,18500
2020-04-02,630.0028076171875,633.0,636.0,608.0,631.0,10300
2020-04-03,597.1590576171875,600.0,633.0,593.0,623.0,16400
2020-04-06,602.1353759765625,605.0,614.0,582.0,590.0,13100
2020-04-07,634.9791259765625,638.0,673.0,614.0,614.0,9800
2020-04-08,656.875,660.0,670.0,614.0,647.0,12600
2020-04-09,682.7518920898438,686.0,722.0,653.0,670.0,48100
2020-04-10,659.8607788085938,663.0,689.0,650.0,686.0,18000
2020-04-13,649.9081420898438,653.0,674.0,642.0,665.0,21600
2020-04-14,680.7613525390625,684.0,692.0,630.0,651.0,24100
2020-04-15,685.7376708984375,689.0,690.0,671.0,690.0,16500
2020-04-16,668.8181762695312,672.0,676.0,654.0,673.0,8600
2020-04-17,674.7897338867188,678.0,693.0,671.0,678.0,8400
2020-04-20,722.5625,726.0,747.0,672.0,672.0,62300
2020-04-21,653.88916015625,657.0,738.0,654.0,730.0,46000
2020-04-22,654.8844604492188,658.0,663.0,611.0,647.0,30600
2020-04-23,679.7660522460938,683.0,689.0,658.0,678.0,17400
2020-04-24,679.7660522460938,683.0,683.0,651.0,683.0,27600
2020-04-27,707.6334838867188,711.0,718.0,673.0,686.0,84900
2020-04-28,698.6761474609375,702.0,719.0,684.0,719.0,31000
2020-04-30,699.67138671875,703.0,725.0,690.0,717.0,55900
2020-05-01,656.875,660.0,700.0,659.0,700.0,26500
2020-05-07,665.8323974609375,669.0,671.0,652.0,660.0,19200
2020-05-08,657.8702392578125,661.0,703.0,655.0,699.0,40100
2020-05-11,695.6903076171875,699.0,703.0,661.0,670.0,43900
2020-05-12,779.2926025390625,783.0,783.0,696.0,710.0,90000
2020-05-13,778.2973022460938,782.0,816.0,742.0,744.0,88100
2020-05-14,689.71875,693.0,791.0,693.0,791.0,54500
2020-05-15,685.7376708984375,689.0,710.0,662.0,703.0,24700
2020-05-18,785.26416015625,789.0,789.0,789.0,789.0,8700
2020-05-19,892.7528076171875,897.0,910.0,801.0,864.0,363500
2020-05-20,908.6770629882812,913.0,1040.0,912.0,912.0,378700
2020-05-21,882.8001708984375,887.0,936.0,853.0,931.0,97600
2020-05-22,863.89013671875,868.0,885.0,854.0,875.0,38200
2020-05-25,905.6912841796876,910.0,926.0,880.0,898.0,53000
2020-05-26,929.57763671875,934.0,971.0,916.0,930.0,76000
2020-05-27,890.7622680664062,895.0,925.0,884.0,925.0,49800
2020-05-28,886.78125,891.0,925.0,875.0,904.0,24200
2020-05-29,930.5728759765624,935.0,971.0,854.0,898.0,64700
2020-06-01,956.4497680664062,961.0,981.0,941.0,957.0,37400
2020-06-02,1105.739501953125,1111.0,1111.0,961.0,961.0,109700
2020-06-03,1076.8768310546875,1082.0,1160.0,1061.0,1062.0,85900
2020-06-04,1064.9337158203125,1070.0,1145.0,1053.0,1096.0,65400
2020-06-05,1184.365478515625,1190.0,1249.0,1071.0,1071.0,118100
2020-06-08,1147.5406494140625,1153.0,1239.0,1149.0,1160.0,67700
2020-06-09,1091.8057861328125,1097.0,1191.0,1060.0,1183.0,75400
2020-06-10,1075.881591796875,1081.0,1106.0,1060.0,1090.0,20400
2020-06-11,986.3077392578124,991.0,1081.0,976.0,1081.0,55300
2020-06-12,934.553955078125,939.0,964.0,895.0,931.0,91000
2020-06-15,851.9469604492188,856.0,965.0,848.0,954.0,59800
2020-06-16,913.6533813476562,918.0,950.0,892.0,901.0,45900
2020-06-17,929.57763671875,934.0,958.0,913.0,928.0,19600
2020-06-18,927.5870971679688,932.0,950.0,914.0,929.0,22300
2020-06-19,982.32666015625,987.0,998.0,935.0,941.0,36900
2020-06-22,964.4119262695312,969.0,1012.0,964.0,999.0,31700
2020-06-23,966.4024658203124,971.0,993.0,944.0,969.0,39900
2020-06-24,936.5444946289062,941.0,978.0,940.0,963.0,14900
2020-06-25,903.7007446289062,908.0,924.0,892.0,911.0,35100
2020-06-26,863.89013671875,868.0,906.0,838.0,905.0,48100
2020-06-29,814.1268920898438,818.0,860.0,804.0,855.0,31300
2020-06-30,838.0132446289062,842.0,850.0,831.0,847.0,12300
2020-07-01,819.1032104492188,823.0,859.0,818.0,859.0,13200
2020-07-02,784.2689208984375,788.0,826.0,780.0,821.0,23600
2020-07-03,790.2405395507812,794.0,817.0,775.0,788.0,18100
2020-07-06,859.9090576171875,864.0,865.0,786.0,786.0,20100
2020-07-07,858.913818359375,863.0,863.0,820.0,834.0,16800
2020-07-08,853.9375,858.0,870.0,828.0,863.0,11700
2020-07-09,823.0842895507812,827.0,870.0,811.0,854.0,8700
2020-07-10,811.1410522460938,815.0,830.0,811.0,826.0,4100
2020-07-13,840.9990234375,845.0,845.0,818.0,818.0,7500
2020-07-14,850.95166015625,855.0,860.0,835.0,860.0,3500
2020-07-15,842.9895629882812,847.0,863.0,838.0,863.0,2300
2020-07-16,821.09375,825.0,839.0,812.0,838.0,10400
2020-07-17,780.287841796875,784.0,828.0,775.0,814.0,21400
2020-07-20,782.2783813476562,786.0,791.0,773.0,780.0,7400
2020-07-21,782.2783813476562,786.0,804.0,780.0,781.0,11300
2020-07-22,783.273681640625,787.0,799.0,776.0,776.0,9100
2020-07-27,785.26416015625,789.0,789.0,751.0,783.0,10000
2020-07-28,758.3920288085938,762.0,811.0,756.0,789.0,9600
2020-07-29,706.6382446289062,710.0,761.0,708.0,761.0,27300
2020-07-30,707.6334838867188,711.0,735.0,711.0,735.0,8800
2020-07-31,686.73291015625,690.0,725.0,676.0,725.0,15800
2020-08-03,711.6145629882812,715.0,719.0,693.0,710.0,5100
2020-08-04,718.5814208984375,722.0,730.0,707.0,730.0,5900
2020-08-05,710.6193237304688,714.0,730.0,704.0,730.0,2600
2020-08-06,714.600341796875,718.0,723.0,706.0,706.0,4600
2020-08-07,733.5103759765625,737.0,743.0,712.0,712.0,10000
2020-08-11,776.3068237304688,780.0,780.0,724.0,740.0,26200
2020-08-12,752.42041015625,756.0,776.0,745.0,767.0,21700
2020-08-13,859.9090576171875,864.0,900.0,750.0,786.0,113200
2020-08-14,854.9327392578125,859.0,880.0,813.0,849.0,30900
2020-08-17,837.0179443359375,841.0,859.0,824.0,844.0,9500
2020-08-18,831.04638671875,835.0,856.0,827.0,856.0,4600
2020-08-19,827.0653076171875,831.0,840.0,824.0,840.0,10200
2020-08-20,830.0510864257812,834.0,837.0,820.0,820.0,14200
2020-08-21,835.0274658203125,839.0,843.0,822.0,822.0,3600
2020-08-24,848.961181640625,853.0,857.0,839.0,854.0,4900
2020-08-25,884.7907104492188,889.0,890.0,837.0,838.0,20200
2020-08-26,884.7907104492188,889.0,894.0,875.0,894.0,7600
2020-08-27,870.8569946289062,875.0,887.0,855.0,881.0,16900
2020-08-28,836.022705078125,840.0,877.0,835.0,877.0,17800
2020-08-31,835.0274658203125,839.0,854.0,831.0,840.0,5100
2020-09-01,869.8616943359375,874.0,878.0,830.0,839.0,5200
2020-09-02,837.0179443359375,841.0,878.0,841.0,878.0,5600
2020-09-03,861.8995971679688,866.0,866.0,838.0,839.0,2100
2020-09-04,851.9469604492188,856.0,868.0,831.0,849.0,8400
2020-09-07,812.1363525390625,816.0,856.0,813.0,850.0,18400
2020-09-08,828.0606079101562,832.0,839.0,802.0,816.0,12900
2020-09-09,812.1363525390625,816.0,816.0,802.0,802.0,6600
2020-09-10,809.1505737304688,813.0,819.0,804.0,812.0,8800
2020-09-11,807.1600341796875,811.0,814.0,794.0,810.0,10100
2020-09-14,811.1410522460938,815.0,837.0,807.0,826.0,4600
2020-09-15,807.1600341796875,811.0,819.0,810.0,812.0,4300
2020-09-16,804.1741943359375,808.0,808.0,800.0,800.0,4000
2020-09-17,800.1931762695312,804.0,805.0,802.0,804.0,2100
2020-09-18,816.117431640625,820.0,823.0,809.0,809.0,2800
2020-09-23,843.9848022460938,848.0,855.0,817.0,829.0,9600
2020-09-24,814.1268920898438,818.0,848.0,816.0,835.0,10000
2020-09-25,821.09375,825.0,834.0,815.0,815.0,2200
2020-09-28,810.1458129882812,814.0,850.0,813.0,850.0,10700
2020-09-29,823.0842895507812,827.0,837.0,815.0,828.0,4600
2020-09-30,845.975341796875,850.0,861.0,842.0,842.0,27300
2020-10-02,835.0274658203125,839.0,869.0,839.0,850.0,9000
2020-10-05,857.9185180664062,862.0,870.0,860.0,869.0,5800
2020-10-06,860.9043579101562,865.0,870.0,851.0,870.0,5400
2020-10-07,857.9185180664062,862.0,864.0,851.0,855.0,3600
2020-10-08,911.662841796875,916.0,1012.0,858.0,869.0,234700
2020-10-09,886.78125,891.0,908.0,871.0,886.0,23000
2020-10-12,886.78125,891.0,922.0,885.0,887.0,27000
2020-10-13,895.7385864257812,900.0,912.0,891.0,911.0,10300
2020-10-14,880.8096313476562,885.0,907.0,854.0,901.0,22900
2020-10-15,838.0132446289062,842.0,870.0,842.0,870.0,10900
2020-10-16,802.1837158203125,806.0,842.0,804.0,841.0,18600
2020-10-19,811.1410522460938,815.0,819.0,806.0,819.0,5500
2020-10-20,811.1410522460938,815.0,821.0,810.0,810.0,7500
2020-10-21,829.0558471679688,833.0,841.0,818.0,820.0,10900
2020-10-22,816.117431640625,820.0,835.0,811.0,835.0,5000
2020-10-23,816.117431640625,820.0,824.0,812.0,813.0,2800
2020-10-26,800.1931762695312,804.0,821.0,801.0,821.0,6200
2020-10-27,792.2310180664062,796.0,805.0,777.0,805.0,16400
2020-10-28,771.3304443359375,775.0,804.0,775.0,797.0,13200
2020-10-29,772.3257446289062,776.0,788.0,766.0,772.0,6900
2020-10-30,779.2926025390625,783.0,807.0,765.0,779.0,11600
2020-11-02,767.3494262695312,771.0,800.0,771.0,776.0,14200
2020-11-04,768.3446655273438,772.0,783.0,768.0,770.0,7100
2020-11-05,778.2973022460938,782.0,782.0,774.0,775.0,2400
2020-11-06,783.273681640625,787.0,795.0,777.0,795.0,4500
2020-11-09,794.2215576171875,798.0,805.0,791.0,802.0,7400
2020-11-10,943.5113525390624,948.0,948.0,837.0,839.0,503300
2020-11-11,908.6770629882812,913.0,1079.0,908.0,1049.0,809000
2020-11-12,888.771728515625,893.0,919.0,868.0,898.0,153900
2020-11-13,863.89013671875,868.0,955.0,868.0,897.0,93500
2020-11-16,877.8238525390625,882.0,886.0,845.0,853.0,28600
2020-11-17,891.757568359375,896.0,956.0,881.0,927.0,116000
2020-11-18,884.7907104492188,889.0,913.0,881.0,900.0,38100
2020-11-19,885.7859497070312,890.0,895.0,876.0,880.0,27000
2020-11-20,881.804931640625,886.0,903.0,878.0,902.0,13400
2020-11-24,885.7859497070312,890.0,900.0,883.0,896.0,9300
2020-11-25,917.6344604492188,922.0,922.0,896.0,910.0,37800
2020-11-26,900.7149658203125,905.0,922.0,901.0,922.0,16400
2020-11-27,927.5870971679688,932.0,932.0,904.0,904.0,31700
2020-11-30,922.6107788085938,927.0,948.0,916.0,938.0,16900
2020-12-01,901.710205078125,906.0,934.0,895.0,921.0,26800
2020-12-02,903.7007446289062,908.0,914.0,889.0,914.0,14700
2020-12-03,993.2745971679688,998.0,1000.0,919.0,927.0,82100
2020-12-04,946.4971313476562,951.0,1020.0,933.0,1002.0,55200
2020-12-07,890.7622680664062,895.0,966.0,890.0,966.0,43000
2020-12-08,912.6581420898438,917.0,940.0,889.0,889.0,20500
2020-12-09,950.4782104492188,955.0,959.0,916.0,916.0,32600
2020-12-10,933.5587158203124,938.0,973.0,932.0,968.0,18700
2020-12-11,926.5918579101562,931.0,950.0,924.0,948.0,12400
2020-12-14,909.6723022460938,914.0,941.0,904.0,921.0,21800
2020-12-15,901.710205078125,906.0,912.0,890.0,912.0,15500
2020-12-16,908.6770629882812,913.0,913.0,890.0,898.0,17300
2020-12-17,889.7670288085938,894.0,908.0,886.0,908.0,16500
2020-12-18,876.8285522460938,881.0,894.0,880.0,894.0,12500
2020-12-21,853.9375,858.0,875.0,839.0,871.0,21700
2020-12-22,786.2594604492188,790.0,828.0,776.0,813.0,91700
2020-12-23,798.20263671875,802.0,812.0,786.0,786.0,24300
2020-12-24,797.2073364257812,801.0,809.0,793.0,794.0,23300
2020-12-25,802.1837158203125,806.0,807.0,768.0,802.0,39300
2020-12-28,796.2120971679688,800.0,827.0,788.0,821.0,28300
2020-12-29,797.2073364257812,801.0,819.0,778.0,790.0,11600
2020-12-30,798.20263671875,802.0,815.0,802.0,812.0,9000
2021-01-04,782.2783813476562,786.0,817.0,773.0,817.0,12800
2021-01-05,786.2594604492188,790.0,794.0,778.0,783.0,7500
2021-01-06,795.2168579101562,799.0,799.0,778.0,782.0,10200
2021-01-07,773.3209838867188,777.0,797.0,777.0,797.0,11400
2021-01-08,782.2783813476562,786.0,788.0,771.0,783.0,12300
2021-01-12,785.26416015625,789.0,795.0,774.0,785.0,11900
2021-01-13,801.1884155273438,805.0,808.0,789.0,789.0,7900
2021-01-14,798.20263671875,802.0,808.0,784.0,801.0,15400
2021-01-15,788.25,792.0,807.0,789.0,798.0,6200
2021-01-18,810.1458129882812,814.0,818.0,791.0,805.0,10200
2021-01-19,809.1505737304688,813.0,825.0,802.0,802.0,8700
2021-01-20,842.9895629882812,847.0,865.0,805.0,814.0,39400
2021-01-21,870.8569946289062,875.0,916.0,855.0,877.0,81000
2021-01-22,849.9564208984375,854.0,890.0,854.0,890.0,14500
2021-01-25,851.9469604492188,856.0,869.0,810.0,838.0,20000
2021-01-26,832.0416259765625,836.0,845.0,828.0,837.0,11300
2021-01-27,829.0558471679688,833.0,859.0,828.0,859.0,10600
2021-01-28,834.0321655273438,838.0,845.0,820.0,822.0,6500
2021-01-29,825.0747680664062,829.0,856.0,826.0,835.0,14600
2021-02-01,857.9185180664062,862.0,862.0,829.0,829.0,5600
2021-02-02,855.927978515625,860.0,874.0,855.0,855.0,10200
2021-02-03,872.8475341796875,877.0,881.0,869.0,879.0,6100
2021-02-04,880.8096313476562,885.0,885.0,870.0,880.0,5300
2021-02-05,905.6912841796876,910.0,914.0,888.0,888.0,23900
2021-02-08,906.6865234375,911.0,920.0,909.0,919.0,9100
2021-02-09,888.771728515625,893.0,924.0,893.0,923.0,13100
2021-02-10,883.79541015625,888.0,899.0,864.0,899.0,14500
2021-02-12,878.819091796875,883.0,905.0,865.0,894.0,17100
2021-02-15,871.8522338867188,876.0,908.0,871.0,885.0,30100
2021-02-16,876.8285522460938,881.0,891.0,874.0,891.0,13800
2021-02-17,914.6486206054688,919.0,919.0,883.0,883.0,24500
2021-02-18,915.6439208984376,920.0,933.0,904.0,924.0,21400
2021-02-19,956.4497680664062,961.0,998.0,905.0,914.0,103500
2021-02-22,995.26513671875,1000.0,1000.0,968.0,990.0,52900
2021-02-24,1065.928955078125,1071.0,1183.0,1033.0,1045.0,138900
2021-02-25,1056.9715576171875,1062.0,1087.0,1026.0,1087.0,31800
2021-02-26,1079.8626708984375,1085.0,1085.0,991.0,1033.0,51400
2021-03-01,1034.0804443359375,1039.0,1114.0,1035.0,1114.0,31600
2021-03-02,1045.0284423828125,1050.0,1058.0,1011.0,1035.0,28500
2021-03-03,1045.0284423828125,1050.0,1080.0,1039.0,1055.0,23300
2021-03-04,980.3361206054688,985.0,1019.0,927.0,1010.0,67100
2021-03-05,962.42138671875,967.0,972.0,930.0,972.0,19500
2021-03-08,980.3361206054688,985.0,1025.0,971.0,971.0,19700
2021-03-09,1002.2319946289062,1007.0,1010.0,969.0,973.0,10900
2021-03-10,987.302978515625,992.0,1013.0,984.0,997.0,15800
2021-03-11,994.2698364257812,999.0,1000.0,984.0,999.0,15700
2021-03-12,994.2698364257812,999.0,1004.0,985.0,1000.0,14300
2021-03-15,1011.1893920898438,1016.0,1016.0,990.0,999.0,10100
2021-03-16,1135.5975341796875,1141.0,1301.0,1033.0,1033.0,286300
2021-03-17,1250.052978515625,1256.0,1374.0,1099.0,1103.0,569700
2021-03-18,1227.161865234375,1233.0,1284.0,1174.0,1206.0,133300
2021-03-19,1195.3134765625,1201.0,1240.0,1179.0,1203.0,55800
2021-03-22,1127.6353759765625,1133.0,1203.0,1115.0,1190.0,44200
2021-03-23,1127.6353759765625,1133.0,1158.0,1112.0,1150.0,35800
2021-03-24,1031.0947265625,1036.0,1123.0,1029.0,1110.0,75100
2021-03-25,1058.9620361328125,1064.0,1066.0,1010.0,1031.0,30100
2021-03-26,1107.7301025390625,1113.0,1149.0,1064.0,1064.0,50300
2021-03-29,1055.976318359375,1061.0,1172.0,1056.0,1110.0,82200
2021-03-30,1075.881591796875,1081.0,1126.0,1072.0,1072.0,15000
2021-03-31,1088.820068359375,1094.0,1109.0,1062.0,1108.0,10400
2021-04-01,1387.3995361328125,1394.0,1394.0,1394.0,1394.0,20500
2021-04-02,1685.9791259765625,1694.0,1694.0,1694.0,1694.0,12900
2021-04-05,1724.79443359375,1733.0,2035.0,1710.0,1934.0,2861900
2021-04-06,1615.3153076171875,1623.0,1795.0,1602.0,1680.0,1055300
2021-04-07,1767.5908203125,1776.0,1786.0,1561.0,1583.0,818100
2021-04-08,1567.5426025390625,1575.0,1671.0,1570.0,1656.0,627100
2021-04-09,1627.2584228515625,1635.0,1697.0,1597.0,1651.0,487600
2021-04-12,1531.7130126953125,1539.0,1659.0,1523.0,1640.0,412100
2021-04-13,1556.5946044921875,1564.0,1606.0,1519.0,1563.0,327800
2021-04-14,1515.788818359375,1523.0,1580.0,1516.0,1525.0,160700
2021-04-15,1466.0255126953125,1473.0,1550.0,1435.0,1538.0,193700
2021-04-16,1510.8125,1518.0,1544.0,1448.0,1482.0,189600
2021-04-19,1536.6893310546875,1544.0,1561.0,1480.0,1521.0,108900
2021-04-20,1585.4573974609375,1593.0,1619.0,1504.0,1504.0,162900
2021-04-21,1492.897705078125,1500.0,1584.0,1494.0,1550.0,155900
2021-04-22,1476.973388671875,1484.0,1537.0,1471.0,1537.0,102600
2021-04-23,1496.8787841796875,1504.0,1569.0,1458.0,1482.0,124300
2021-04-26,1556.5946044921875,1564.0,1564.0,1485.0,1493.0,66100
2021-04-27,1496.8787841796875,1504.0,1591.0,1492.0,1565.0,86000
2021-04-28,1496.8787841796875,1504.0,1560.0,1472.0,1485.0,123800
2021-04-30,1472.992431640625,1480.0,1515.0,1465.0,1515.0,65900
2021-05-06,1457.068115234375,1464.0,1504.0,1453.0,1491.0,42200
2021-05-07,1463.039794921875,1470.0,1490.0,1443.0,1464.0,29900
2021-05-10,1404.319091796875,1411.0,1471.0,1408.0,1468.0,48400
2021-05-11,1383.4185791015625,1390.0,1448.0,1388.0,1407.0,58000
2021-05-12,1350.5748291015625,1357.0,1413.0,1311.0,1390.0,130900
2021-05-13,1324.6978759765625,1331.0,1371.0,1284.0,1347.0,115000
2021-05-14,1375.4564208984375,1382.0,1392.0,1310.0,1336.0,85600
2021-05-17,1272.944091796875,1279.0,1397.0,1252.0,1380.0,140300
2021-05-18,1392.3758544921875,1399.0,1417.0,1267.0,1267.0,129900
2021-05-19,1503.8455810546875,1511.0,1529.0,1361.0,1370.0,214300
2021-05-20,1598.395751953125,1606.0,1621.0,1466.0,1471.0,192000
2021-05-21,1612.3294677734375,1620.0,1646.0,1544.0,1646.0,118400
2021-05-24,1748.6807861328125,1757.0,1773.0,1572.0,1600.0,192800
2021-05-25,1798.444091796875,1807.0,1834.0,1711.0,1748.0,170600
2021-05-26,1872.09375,1881.0,1892.0,1767.0,1767.0,143100
2021-05-27,1835.2689208984373,1844.0,1915.0,1835.0,1878.0,107600
2021-05-28,1804.4156494140625,1813.0,1879.0,1803.0,1859.0,90600
2021-05-31,1802.4251708984373,1811.0,1913.0,1790.0,1829.0,106000
2021-06-01,1830.2926025390625,1839.0,1842.0,1765.0,1799.0,54100
2021-06-02,1858.1600341796875,1867.0,1880.0,1802.0,1844.0,57900
2021-06-03,1787.4962158203125,1796.0,1882.0,1790.0,1882.0,51000
2021-06-04,1624.272705078125,1632.0,1780.0,1614.0,1780.0,298000
2021-06-07,1617.3057861328125,1625.0,1693.0,1623.0,1662.0,62300
2021-06-08,1663.0880126953125,1671.0,1684.0,1625.0,1635.0,43300
2021-06-09,1726.7850341796875,1735.0,1789.0,1688.0,1698.0,90700
2021-06-10,1674.035888671875,1682.0,1718.0,1658.0,1707.0,56100
2021-06-11,1638.2064208984375,1646.0,1733.0,1623.0,1716.0,78100
2021-06-14,1682.9932861328125,1691.0,1720.0,1601.0,1648.0,68700
2021-06-15,1729.770751953125,1738.0,1763.0,1664.0,1730.0,63100
2021-06-16,1684.98388671875,1693.0,1749.0,1667.0,1749.0,73100
2021-06-17,1799.4393310546875,1808.0,1824.0,1651.0,1691.0,185700
2021-06-18,1630.2442626953125,1638.0,1805.0,1634.0,1797.0,218300
2021-06-21,1481.9498291015625,1489.0,1589.0,1480.0,1558.0,243200
2021-06-22,1508.8218994140625,1516.0,1560.0,1497.0,1519.0,106700
2021-06-23,1509.817138671875,1517.0,1549.0,1490.0,1538.0,62800
2021-06-24,1476.973388671875,1484.0,1543.0,1480.0,1515.0,57900
2021-06-25,1507.82666015625,1515.0,1519.0,1458.0,1490.0,54700
2021-06-28,1497.8740234375,1505.0,1541.0,1487.0,1516.0,30900
2021-06-29,1477.96875,1485.0,1499.0,1464.0,1498.0,40000
2021-06-30,1475.9781494140625,1483.0,1503.0,1472.0,1497.0,20900
2021-07-01,1428.2054443359375,1435.0,1484.0,1432.0,1484.0,57700
2021-07-02,1478.9639892578125,1486.0,1516.0,1447.0,1462.0,57500
2021-07-05,1419.248046875,1426.0,1485.0,1420.0,1485.0,27500
2021-07-06,1408.3001708984375,1415.0,1450.0,1415.0,1438.0,23000
2021-07-07,1386.404296875,1393.0,1430.0,1385.0,1403.0,24900
2021-07-08,1331.664794921875,1338.0,1386.0,1313.0,1382.0,100300
2021-07-09,1387.3995361328125,1394.0,1397.0,1311.0,1311.0,81000
2021-07-12,1429.20068359375,1436.0,1437.0,1396.0,1396.0,50500
2021-07-13,1439.1533203125,1446.0,1460.0,1410.0,1419.0,37900
2021-07-14,1439.1533203125,1446.0,1462.0,1421.0,1446.0,42300
2021-07-15,1411.285888671875,1418.0,1435.0,1410.0,1435.0,15700
2021-07-16,1449.1060791015625,1456.0,1474.0,1403.0,1403.0,25500
2021-07-19,1384.413818359375,1391.0,1462.0,1391.0,1456.0,46800
2021-07-20,1461.0491943359375,1468.0,1515.0,1369.0,1369.0,117400
2021-07-21,1463.039794921875,1470.0,1512.0,1450.0,1475.0,46000
2021-07-26,1397.352294921875,1404.0,1493.0,1404.0,1476.0,34400
2021-07-27,1420.2432861328125,1427.0,1434.0,1402.0,1434.0,16900
2021-07-28,1356.54638671875,1363.0,1409.0,1359.0,1407.0,29300
2021-07-29,1387.3995361328125,1394.0,1409.0,1363.0,1363.0,14200
2021-07-30,1362.5179443359375,1369.0,1382.0,1334.0,1382.0,44400
2021-08-02,1332.6600341796875,1339.0,1372.0,1331.0,1339.0,19000
2021-08-03,1302.802001953125,1309.0,1354.0,1298.0,1331.0,23900
2021-08-04,1338.631591796875,1345.0,1353.0,1309.0,1309.0,25200
2021-08-05,1279.9110107421875,1286.0,1357.0,1285.0,1345.0,35800
2021-08-06,1275.929931640625,1282.0,1317.0,1270.0,1295.0,17500
2021-08-10,1389.39013671875,1396.0,1430.0,1282.0,1282.0,66500
2021-08-11,1377.4468994140625,1384.0,1418.0,1357.0,1387.0,28100
2021-08-12,1388.3948974609375,1395.0,1450.0,1371.0,1410.0,42500
2021-08-13,1402.32861328125,1409.0,1429.0,1381.0,1425.0,31600
2021-08-16,1103.7490234375,1109.0,1139.0,1109.0,1109.0,90100
2021-08-17,921.615478515625,926.0,1070.0,904.0,1019.0,353100
2021-08-18,967.397705078125,972.0,989.0,930.0,954.0,110100
2021-08-19,945.5018920898438,950.0,988.0,938.0,954.0,82700
2021-08-20,925.5965576171876,930.0,966.0,913.0,956.0,67200
2021-08-23,953.4639892578124,958.0,974.0,941.0,941.0,34200
2021-08-24,958.4403076171876,963.0,979.0,951.0,951.0,26500
2021-08-25,984.3171997070312,989.0,995.0,963.0,963.0,45500
2021-08-26,1012.1846313476562,1017.0,1033.0,997.0,1004.0,45200
2021-08-27,1007.2083129882812,1012.0,1034.0,999.0,1011.0,32200
2021-08-30,1032.0899658203125,1037.0,1047.0,1013.0,1015.0,26700
2021-08-31,1040.052001953125,1045.0,1047.0,1023.0,1027.0,25200
2021-09-01,1062.943115234375,1068.0,1077.0,1024.0,1045.0,48500
2021-09-02,1034.0804443359375,1039.0,1070.0,1031.0,1062.0,32200
2021-09-03,1035.07568359375,1040.0,1084.0,1021.0,1030.0,66000
2021-09-06,1010.194091796875,1015.0,1048.0,1015.0,1048.0,31700
2021-09-07,1000.241455078125,1005.0,1025.0,999.0,1019.0,39000
2021-09-08,1044.0330810546875,1049.0,1079.0,1021.0,1024.0,67200
2021-09-09,1023.132568359375,1028.0,1048.0,1021.0,1038.0,26600
2021-09-10,1035.07568359375,1040.0,1042.0,1029.0,1032.0,18500
2021-09-13,1016.1657104492188,1021.0,1033.0,1017.0,1033.0,19300
2021-09-14,1010.194091796875,1015.0,1025.0,1003.0,1021.0,29800
2021-09-15,1003.2272338867188,1008.0,1015.0,991.0,1015.0,21800
2021-09-16,984.3171997070312,989.0,999.0,961.0,999.0,35800
2021-09-17,978.3456420898438,983.0,988.0,971.0,977.0,10900
2021-09-21,1127.6353759765625,1133.0,1133.0,1133.0,1133.0,3100
2021-09-22,1426.2149658203125,1433.0,1433.0,1433.0,1433.0,25500
2021-09-24,1476.973388671875,1484.0,1827.0,1453.0,1700.0,3599400
2021-09-27,1377.4468994140625,1384.0,1484.0,1368.0,1440.0,483200
2021-09-28,1342.6126708984375,1349.0,1452.0,1338.0,1407.0,271900
2021-09-29,1341.617431640625,1348.0,1363.0,1292.0,1349.0,100500
2021-09-30,1316.7357177734375,1323.0,1346.0,1267.0,1323.0,157500
2021-10-01,1282.896728515625,1289.0,1343.0,1254.0,1298.0,96200
2021-10-04,1293.8446044921875,1300.0,1360.0,1293.0,1293.0,74300
2021-10-05,1246.0718994140625,1252.0,1281.0,1190.0,1276.0,127300
2021-10-06,1220.195068359375,1226.0,1267.0,1213.0,1255.0,56600
2021-10-07,1247.0672607421875,1253.0,1276.0,1223.0,1223.0,42000
2021-10-08,1278.9156494140625,1285.0,1299.0,1255.0,1255.0,37400
2021-10-11,1301.8067626953125,1308.0,1329.0,1278.0,1285.0,36800
2021-10-12,1268.9630126953125,1275.0,1309.0,1265.0,1303.0,40900
2021-10-13,1239.1051025390625,1245.0,1293.0,1230.0,1267.0,53400
2021-10-14,1258.01513671875,1264.0,1275.0,1244.0,1248.0,23900
2021-10-15,1295.835205078125,1302.0,1305.0,1257.0,1259.0,38200
2021-10-18,1261.9962158203125,1268.0,1317.0,1266.0,1302.0,30000
2021-10-19,1319.7215576171875,1326.0,1333.0,1274.0,1292.0,40800
2021-10-20,1321.7120361328125,1328.0,1345.0,1307.0,1326.0,25800
2021-10-21,1276.9251708984375,1283.0,1334.0,1282.0,1320.0,32000
2021-10-22,1323.70263671875,1330.0,1347.0,1283.0,1283.0,39400
2021-10-25,1291.8541259765625,1298.0,1337.0,1293.0,1328.0,25800
2021-10-26,1329.6741943359375,1336.0,1342.0,1300.0,1324.0,29900
2021-10-27,1398.3475341796875,1405.0,1420.0,1333.0,1351.0,52500
2021-10-28,1388.3948974609375,1395.0,1450.0,1384.0,1430.0,112300
2021-10-29,1353.560546875,1360.0,1395.0,1356.0,1385.0,49300
2021-11-01,1388.3948974609375,1395.0,1420.0,1380.0,1390.0,34500
2021-11-02,1354.5557861328125,1361.0,1417.0,1357.0,1417.0,35400
2021-11-04,1362.5179443359375,1369.0,1398.0,1352.0,1360.0,40300
2021-11-05,1308.773681640625,1315.0,1370.0,1295.0,1369.0,49200
2021-11-08,1337.6363525390625,1344.0,1392.0,1314.0,1327.0,63000
2021-11-09,1273.9393310546875,1280.0,1364.0,1270.0,1364.0,63900
2021-11-10,1267.9677734375,1274.0,1298.0,1246.0,1273.0,42100
2021-11-11,1230.147705078125,1236.0,1272.0,1231.0,1272.0,55300
2021-11-12,1230.147705078125,1236.0,1255.0,1228.0,1246.0,36300
2021-11-15,1234.1287841796875,1240.0,1314.0,1134.0,1266.0,152300
2021-11-16,1278.9156494140625,1285.0,1295.0,1208.0,1214.0,50600
2021-11-17,1217.209228515625,1223.0,1271.0,1218.0,1266.0,39200
2021-11-18,1221.1903076171875,1227.0,1235.0,1192.0,1210.0,30200
2021-11-19,1219.1998291015625,1225.0,1233.0,1196.0,1216.0,26800
2021-11-22,1251.0482177734375,1257.0,1270.0,1197.0,1217.0,39600
2021-11-24,1266.9725341796875,1273.0,1281.0,1238.0,1240.0,41600
2021-11-25,1302.802001953125,1309.0,1316.0,1279.0,1280.0,35900
2021-11-26,1309.7689208984375,1316.0,1449.0,1291.0,1300.0,218400
2021-11-29,1151.521728515625,1157.0,1346.0,1157.0,1346.0,164700
2021-11-30,1110.7158203125,1116.0,1225.0,1102.0,1178.0,50700
2021-12-01,1145.5501708984375,1151.0,1168.0,1070.0,1123.0,84000
2021-12-02,1104.7442626953125,1110.0,1139.0,1105.0,1108.0,42800
2021-12-03,1165.4554443359375,1171.0,1180.0,1111.0,1111.0,34300
2021-12-06,1143.5595703125,1149.0,1169.0,1139.0,1151.0,16000
2021-12-07,1175.4080810546875,1181.0,1198.0,1152.0,1152.0,18500
2021-12-08,1171.427001953125,1177.0,1195.0,1155.0,1195.0,9800
2021-12-09,1154.507568359375,1160.0,1199.0,1155.0,1177.0,19000
2021-12-10,1117.6827392578125,1123.0,1173.0,1115.0,1160.0,24000
2021-12-13,1114.6968994140625,1120.0,1142.0,1094.0,1140.0,29600
2021-12-14,1058.9620361328125,1064.0,1111.0,1058.0,1110.0,23300
2021-12-15,1084.8389892578125,1090.0,1105.0,1060.0,1062.0,13200
2021-12-16,1075.881591796875,1081.0,1120.0,1081.0,1120.0,10400
2021-12-17,1052.990478515625,1058.0,1061.0,1021.0,1051.0,46100
2021-12-20,1022.1372680664062,1027.0,1064.0,1024.0,1043.0,36600
2021-12-21,1060.95263671875,1066.0,1077.0,1041.0,1057.0,20900
2021-12-22,1094.7916259765625,1100.0,1120.0,1076.0,1076.0,22000
2021-12-23,1077.8721923828125,1083.0,1140.0,1077.0,1103.0,21800
2021-12-24,1072.895751953125,1078.0,1095.0,1072.0,1074.0,13400
2021-12-27,1033.085205078125,1038.0,1073.0,1038.0,1073.0,27400
2021-12-28,1051.0,1056.0,1070.0,1033.0,1041.0,21900
2021-12-29,1065.0,1065.0,1094.0,1045.0,1045.0,12600
2021-12-30,1060.0,1060.0,1072.0,1051.0,1065.0,6600
2022-01-04,1038.0,1038.0,1076.0,1037.0,1060.0,10700
2022-01-05,1033.0,1033.0,1059.0,1021.0,1059.0,11800
2022-01-06,1004.0,1004.0,1023.0,991.0,1017.0,33200
2022-01-07,1018.0,1018.0,1043.0,1001.0,1031.0,7800
2022-01-11,1035.0,1035.0,1046.0,1011.0,1011.0,13900
2022-01-12,1097.0,1097.0,1149.0,1044.0,1044.0,22700
2022-01-13,1058.0,1058.0,1128.0,1051.0,1125.0,13400
2022-01-14,1041.0,1041.0,1048.0,1013.0,1044.0,29600
2022-01-17,1038.0,1038.0,1058.0,1034.0,1041.0,12300
2022-01-18,1044.0,1044.0,1072.0,1021.0,1051.0,10000
2022-01-19,1010.0,1010.0,1048.0,1003.0,1023.0,23500
2022-01-20,1039.0,1039.0,1084.0,1010.0,1040.0,58800
2022-01-21,1007.0,1007.0,1015.0,1002.0,1009.0,15600
2022-01-24,998.0,998.0,998.0,950.0,985.0,38800
2022-01-25,927.0,927.0,983.0,926.0,983.0,32700
2022-01-26,956.0,956.0,956.0,915.0,933.0,22000
2022-01-27,885.0,885.0,956.0,884.0,956.0,29600
2022-01-28,889.0,889.0,895.0,863.0,885.0,15900
2022-01-31,910.0,910.0,924.0,880.0,884.0,9400
2022-02-01,923.0,923.0,956.0,909.0,924.0,13600
2022-02-02,935.0,935.0,948.0,926.0,935.0,9800
2022-02-03,917.0,917.0,936.0,910.0,936.0,10900
2022-02-04,1010.0,1010.0,1052.0,903.0,905.0,112400
2022-02-07,955.0,955.0,1010.0,955.0,985.0,31100
2022-02-08,962.0,962.0,980.0,946.0,947.0,6500
2022-02-09,975.0,975.0,978.0,956.0,974.0,6500
2022-02-10,982.0,982.0,998.0,965.0,972.0,27100
2022-02-14,963.0,963.0,982.0,953.0,979.0,17400
2022-02-15,966.0,966.0,1039.0,953.0,953.0,43800
2022-02-16,1025.0,1025.0,1027.0,980.0,980.0,42400
2022-02-17,1036.0,1036.0,1063.0,1016.0,1016.0,36700
2022-02-18,1037.0,1037.0,1056.0,1002.0,1013.0,34300
2022-02-21,985.0,985.0,1021.0,978.0,1021.0,21700
2022-02-22,948.0,948.0,974.0,942.0,955.0,15200
2022-02-24,919.0,919.0,945.0,905.0,933.0,19600
2022-02-25,978.0,978.0,980.0,930.0,930.0,16400
2022-02-28,994.0,994.0,1012.0,961.0,978.0,14300
2022-03-01,1003.0,1003.0,1024.0,997.0,1013.0,11000
2022-03-02,989.0,989.0,1002.0,971.0,1001.0,10500
2022-03-03,999.0,999.0,1015.0,968.0,1014.0,27400
2022-03-04,957.0,957.0,988.0,942.0,988.0,13200
2022-03-07,929.0,929.0,942.0,906.0,942.0,13600
2022-03-08,898.0,898.0,940.0,892.0,901.0,19500
2022-03-09,908.0,908.0,930.0,900.0,900.0,7300
2022-03-10,960.0,960.0,973.0,932.0,950.0,17100
2022-03-11,940.0,940.0,969.0,931.0,957.0,7400
2022-03-14,993.0,993.0,1009.0,933.0,933.0,26200
2022-03-15,1039.0,1039.0,1047.0,985.0,1008.0,25300
2022-03-16,1093.0,1093.0,1093.0,1040.0,1045.0,39200
2022-03-17,1096.0,1096.0,1115.0,1067.0,1090.0,41300
2022-03-18,1188.0,1188.0,1213.0,1072.0,1096.0,82900
2022-03-22,1209.0,1209.0,1215.0,1144.0,1189.0,39800
2022-03-23,1290.0,1290.0,1304.0,1213.0,1259.0,92100
2022-03-24,1331.0,1331.0,1347.0,1257.0,1260.0,56400
2022-03-25,1299.0,1299.0,1354.0,1263.0,1343.0,65500
2022-03-28,1282.0,1282.0,1322.0,1282.0,1299.0,31500
2022-03-29,1582.0,1582.0,1582.0,1582.0,1582.0,16600
2022-03-30,1339.0,1339.0,1432.0,1315.0,1402.0,422300
2022-03-31,1290.0,1290.0,1320.0,1220.0,1300.0,219800
2022-04-01,1379.0,1379.0,1379.0,1253.0,1277.0,120800
2022-04-04,1373.0,1373.0,1399.0,1342.0,1349.0,59000
2022-04-05,1344.0,1344.0,1389.0,1313.0,1373.0,59800
2022-04-06,1345.0,1345.0,1352.0,1297.0,1318.0,58400
2022-04-07,1304.0,1304.0,1322.0,1288.0,1315.0,26400
2022-04-08,1260.0,1260.0,1307.0,1249.0,1307.0,32500
2022-04-11,1220.0,1220.0,1250.0,1195.0,1234.0,45800
2022-04-12,1176.0,1176.0,1208.0,1160.0,1195.0,27200
2022-04-13,1184.0,1184.0,1214.0,1173.0,1173.0,16800
2022-04-14,1204.0,1204.0,1227.0,1167.0,1191.0,21000
2022-04-15,1225.0,1225.0,1237.0,1196.0,1196.0,18900
2022-04-18,1165.0,1165.0,1218.0,1165.0,1218.0,16000
2022-04-19,1154.0,1154.0,1194.0,1138.0,1166.0,27400
2022-04-20,1129.0,1129.0,1169.0,1120.0,1169.0,28800
2022-04-21,1117.0,1117.0,1141.0,1088.0,1141.0,46900
2022-04-22,1086.0,1086.0,1115.0,1077.0,1094.0,24600
2022-04-25,1057.0,1057.0,1070.0,1024.0,1050.0,23800
2022-04-26,1074.0,1074.0,1080.0,1044.0,1064.0,15500
2022-04-27,1043.0,1043.0,1088.0,1026.0,1057.0,22100
2022-04-28,1047.0,1047.0,1049.0,1024.0,1037.0,16200
2022-05-02,1099.0,1099.0,1120.0,1067.0,1097.0,27500
2022-05-06,1160.0,1160.0,1211.0,1102.0,1119.0,75500
2022-05-09,1068.0,1068.0,1190.0,1059.0,1143.0,72600
2022-05-10,1050.0,1050.0,1060.0,1021.0,1038.0,25100
2022-05-11,1088.0,1088.0,1098.0,1053.0,1061.0,19900
2022-05-12,1037.0,1037.0,1084.0,1037.0,1084.0,28600
2022-05-13,1104.0,1104.0,1110.0,1062.0,1067.0,26200
2022-05-16,1076.0,1076.0,1136.0,1056.0,1114.0,39500
2022-05-17,1107.0,1107.0,1107.0,1067.0,1080.0,14300
2022-05-18,1134.0,1134.0,1150.0,1107.0,1117.0,33600
2022-05-19,1094.0,1094.0,1121.0,1090.0,1104.0,19100
2022-05-20,1103.0,1103.0,1111.0,1078.0,1096.0,16900
2022-05-23,1148.0,1148.0,1155.0,1118.0,1118.0,21800
2022-05-24,1104.0,1104.0,1135.0,1104.0,1135.0,18400
2022-05-25,1093.0,1093.0,1110.0,1051.0,1110.0,19600
2022-05-26,1159.0,1159.0,1170.0,1100.0,1100.0,39600
2022-05-27,1222.0,1222.0,1222.0,1155.0,1171.0,76600
2022-05-30,1180.0,1180.0,1239.0,1179.0,1223.0,52500
2022-05-31,1319.0,1319.0,1480.0,1218.0,1218.0,1275600
2022-06-01,1319.0,1319.0,1338.0,1250.0,1290.0,293700
2022-06-02,1238.0,1238.0,1319.0,1220.0,1306.0,167200
2022-06-03,1297.0,1297.0,1315.0,1238.0,1241.0,146000
2022-06-06,1292.0,1292.0,1350.0,1282.0,1286.0,79800
2022-06-07,1308.0,1308.0,1330.0,1235.0,1292.0,110000
2022-06-08,1311.0,1311.0,1365.0,1293.0,1329.0,100500
2022-06-09,1290.0,1290.0,1319.0,1270.0,1290.0,69200
2022-06-10,1291.0,1291.0,1303.0,1245.0,1276.0,49400
2022-06-13,1213.0,1213.0,1290.0,1210.0,1261.0,52500
2022-06-14,1195.0,1195.0,1202.0,1173.0,1188.0,45900
2022-06-15,1163.0,1163.0,1210.0,1150.0,1210.0,46700
2022-06-16,1188.0,1188.0,1192.0,1163.0,1185.0,33100
2022-06-17,1149.0,1149.0,1187.0,1122.0,1158.0,62900
2022-06-20,1113.0,1113.0,1156.0,1090.0,1149.0,44600
2022-06-21,1165.0,1165.0,1185.0,1126.0,1126.0,38500
2022-06-22,1117.0,1117.0,1189.0,1113.0,1189.0,34900
2022-06-23,1107.0,1107.0,1135.0,1097.0,1109.0,26900
2022-06-24,1120.0,1120.0,1138.0,1109.0,1109.0,20200
2022-06-27,1156.0,1156.0,1156.0,1122.0,1133.0,34000
2022-06-28,1150.0,1150.0,1180.0,1136.0,1159.0,17200
2022-06-29,1140.0,1140.0,1150.0,1115.0,1150.0,23100
2022-06-30,1113.0,1113.0,1153.0,1095.0,1151.0,28700
2022-07-01,1052.0,1052.0,1109.0,1033.0,1100.0,77100
2022-07-04,1061.0,1061.0,1062.0,1000.0,1062.0,49400
2022-07-05,1071.0,1071.0,1093.0,1048.0,1059.0,26900
2022-07-06,1076.0,1076.0,1082.0,1041.0,1071.0,19700
2022-07-07,1073.0,1073.0,1085.0,1051.0,1082.0,17200
2022-07-08,1049.0,1049.0,1089.0,1041.0,1073.0,21400
2022-07-11,1080.0,1080.0,1083.0,1060.0,1079.0,17600
2022-07-12,1052.0,1052.0,1078.0,1047.0,1077.0,11900
2022-07-13,1039.0,1039.0,1053.0,1036.0,1053.0,4300
2022-07-14,1043.0,1043.0,1054.0,1030.0,1054.0,8700
2022-07-15,1035.0,1035.0,1056.0,1027.0,1049.0,7100
2022-07-19,1034.0,1034.0,1035.0,1020.0,1035.0,12300
2022-07-20,1043.0,1043.0,1061.0,1030.0,1036.0,11900
2022-07-21,1069.0,1069.0,1069.0,1043.0,1043.0,7600
2022-07-22,1050.0,1050.0,1070.0,1045.0,1063.0,7300
2022-07-25,1044.0,1044.0,1075.0,1040.0,1070.0,7700
2022-07-26,1049.0,1049.0,1064.0,1039.0,1044.0,6700
2022-07-27,1050.0,1050.0,1061.0,1030.0,1061.0,15200
2022-07-28,1051.0,1051.0,1065.0,1046.0,1057.0,7900
2022-07-29,1053.0,1053.0,1073.0,1040.0,1055.0,9200
2022-08-01,1088.0,1088.0,1100.0,1071.0,1077.0,22600
2022-08-02,1058.0,1058.0,1093.0,1057.0,1093.0,14800
2022-08-03,1071.0,1071.0,1079.0,1048.0,1060.0,12600
2022-08-04,1097.0,1097.0,1107.0,1071.0,1071.0,16000
2022-08-05,1107.0,1107.0,1142.0,1097.0,1097.0,15300
2022-08-08,1097.0,1097.0,1116.0,1087.0,1087.0,6200
2022-08-09,1086.0,1086.0,1131.0,1086.0,1112.0,18700
2022-08-10,1118.0,1118.0,1120.0,1079.0,1120.0,29600
2022-08-12,1083.0,1083.0,1130.0,1075.0,1130.0,39300
2022-08-15,1063.0,1063.0,1108.0,1058.0,1108.0,18300
2022-08-16,1052.0,1052.0,1066.0,1031.0,1050.0,26300
2022-08-17,1082.0,1082.0,1088.0,1042.0,1056.0,27600
2022-08-18,1076.0,1076.0,1082.0,1066.0,1082.0,4300
2022-08-19,1073.0,1073.0,1090.0,1071.0,1082.0,8500
2022-08-22,1067.0,1067.0,1067.0,1046.0,1063.0,5700
2022-08-23,1089.0,1089.0,1126.0,1058.0,1067.0,38300
2022-08-24,1086.0,1086.0,1101.0,1070.0,1089.0,19300
2022-08-25,1088.0,1088.0,1109.0,1085.0,1107.0,15500
2022-08-26,1072.0,1072.0,1108.0,1071.0,1108.0,10000
2022-08-29,1046.0,1046.0,1054.0,1025.0,1031.0,18000
2022-08-30,1065.0,1065.0,1071.0,1033.0,1055.0,11600
2022-08-31,1083.0,1083.0,1155.0,1055.0,1055.0,74900
2022-09-01,1074.0,1074.0,1076.0,1046.0,1066.0,24000
2022-09-02,1066.0,1066.0,1069.0,1041.0,1069.0,9600
2022-09-05,1063.0,1063.0,1068.0,1044.0,1063.0,5500
2022-09-06,1053.0,1053.0,1065.0,1054.0,1065.0,7200
2022-09-07,1040.0,1040.0,1053.0,1031.0,1053.0,15200
2022-09-08,1031.0,1031.0,1053.0,1002.0,1048.0,24200
2022-09-09,1060.0,1060.0,1066.0,1018.0,1035.0,18500
2022-09-12,1083.0,1083.0,1126.0,1070.0,1090.0,31800
2022-09-13,1142.0,1142.0,1142.0,1080.0,1093.0,49800
2022-09-14,1130.0,1130.0,1186.0,1090.0,1090.0,60500
2022-09-15,1189.0,1189.0,1210.0,1144.0,1151.0,63500
2022-09-16,1115.0,1115.0,1210.0,1106.0,1210.0,48900
2022-09-20,1061.0,1061.0,1101.0,1037.0,1101.0,40700
2022-09-21,1039.0,1039.0,1050.0,1028.0,1042.0,23300
2022-09-22,1054.0,1054.0,1054.0,1018.0,1018.0,16200
2022-09-26,1025.0,1025.0,1071.0,1015.0,1063.0,24500
2022-09-27,1069.0,1069.0,1080.0,1033.0,1049.0,28200
2022-09-28,1066.0,1066.0,1070.0,1040.0,1070.0,19700
2022-09-29,1070.0,1070.0,1088.0,1060.0,1068.0,10400
2022-09-30,1032.0,1032.0,1058.0,1032.0,1056.0,27600
2022-10-03,1022.0,1022.0,1045.0,1011.0,1013.0,15100
2022-10-04,1029.0,1029.0,1053.0,1028.0,1052.0,11100
2022-10-05,1021.0,1021.0,1040.0,1021.0,1031.0,15100
2022-10-06,1048.0,1048.0,1048.0,1022.0,1022.0,15800
2022-10-07,1040.0,1040.0,1056.0,1034.0,1034.0,8300
2022-10-11,1045.0,1045.0,1045.0,1032.0,1041.0,7000
2022-10-12,1161.0,1161.0,1180.0,1076.0,1076.0,124000
2022-10-13,1149.0,1149.0,1160.0,1101.0,1139.0,59200
2022-10-14,1109.0,1109.0,1160.0,1091.0,1126.0,70600
2022-10-17,1137.0,1137.0,1148.0,1100.0,1104.0,20900
2022-10-18,1134.0,1134.0,1155.0,1095.0,1148.0,32800
2022-10-19,1118.0,1118.0,1148.0,1103.0,1148.0,7900
2022-10-20,1126.0,1126.0,1126.0,1111.0,1117.0,5200
2022-10-21,1094.0,1094.0,1126.0,1086.0,1126.0,12700
2022-10-24,1091.0,1091.0,1107.0,1074.0,1100.0,10500
2022-10-25,1086.0,1086.0,1104.0,1084.0,1091.0,10600
2022-10-26,1080.0,1080.0,1095.0,1073.0,1086.0,7800
2022-10-27,1074.0,1074.0,1080.0,1064.0,1080.0,5200
2022-10-28,1067.0,1067.0,1074.0,1058.0,1062.0,6100
2022-10-31,1049.0,1049.0,1067.0,1040.0,1067.0,15900
2022-11-01,1038.0,1038.0,1060.0,1033.0,1044.0,12700
2022-11-02,1036.0,1036.0,1042.0,1032.0,1039.0,5300
2022-11-04,1042.0,1042.0,1056.0,1035.0,1035.0,3100
2022-11-07,1052.0,1052.0,1052.0,1038.0,1052.0,4500
2022-11-08,1055.0,1055.0,1055.0,1038.0,1055.0,8200
2022-11-09,1044.0,1044.0,1050.0,1028.0,1042.0,6000
2022-11-10,1041.0,1041.0,1049.0,1036.0,1040.0,6800
2022-11-11,1051.0,1051.0,1056.0,1036.0,1056.0,16100
2022-11-14,1061.0,1061.0,1111.0,1050.0,1111.0,91600
2022-11-15,1041.0,1041.0,1066.0,1040.0,1060.0,21600
2022-11-16,1052.0,1052.0,1052.0,1031.0,1042.0,9400
2022-11-17,1075.0,1075.0,1075.0,1048.0,1048.0,18100
2022-11-18,1063.0,1063.0,1075.0,1051.0,1070.0,6600
2022-11-21,1054.5894775390625,1065.0,1085.0,1055.0,1071.0,11900
2022-11-22,1047.6578369140625,1058.0,1076.0,1052.0,1065.0,8500
2022-11-24,1047.6578369140625,1058.0,1063.0,1053.0,1058.0,4600
2022-11-25,1068.45263671875,1079.0,1082.0,1050.0,1058.0,19500
2022-11-28,1060.53076171875,1071.0,1076.0,1058.0,1071.0,7900
2022-11-29,1060.53076171875,1071.0,1083.0,1061.0,1061.0,17600
2022-11-30,1033.794677734375,1044.0,1062.0,1044.0,1062.0,16300
2022-12-01,1034.784912109375,1045.0,1054.0,1040.0,1045.0,12600
2022-12-02,1021.9120483398438,1032.0,1047.0,1030.0,1043.0,19400
2022-12-05,999.1368408203124,1009.0,1028.0,1008.0,1028.0,19300
2022-12-06,1013.0,1023.0,1028.0,1009.0,1009.0,7100
2022-12-07,1011.01953125,1021.0,1025.0,1010.0,1010.0,7300
2022-12-08,992.2052612304688,1002.0,1011.0,1000.0,1010.0,19500
2022-12-09,1001.1173095703124,1011.0,1015.0,987.0,1000.0,15300
2022-12-12,1013.0,1023.0,1029.0,1003.0,1011.0,6400
2022-12-13,1009.0391235351562,1019.0,1030.0,1016.0,1020.0,6800
2022-12-14,1004.0880126953124,1014.0,1016.0,1007.0,1008.0,5900
2022-12-15,1002.1075439453124,1012.0,1017.0,1001.0,1007.0,8600
2022-12-16,1024.8826904296875,1035.0,1048.0,1003.0,1011.0,36100
2022-12-19,1059.54052734375,1070.0,1088.0,1040.0,1040.0,43000
2022-12-20,982.3030395507812,992.0,1075.0,965.0,1075.0,68400
2022-12-21,992.2052612304688,1002.0,1025.0,979.0,990.0,26100
2022-12-22,989.234619140625,999.0,1016.0,988.0,1001.0,28300
2022-12-23,982.3030395507812,992.0,996.0,985.0,993.0,21000
2022-12-26,983.2932739257812,993.0,1004.0,986.0,1002.0,12100
2022-12-27,1030.8240966796875,1041.0,1078.0,990.0,990.0,35200
2022-12-28,1013.0,1023.0,1055.0,1001.0,1036.0,24200
2022-12-29,1054.0,1054.0,1067.0,1031.0,1050.0,33100
2022-12-30,1064.0,1064.0,1077.0,1036.0,1054.0,25400
2023-01-04,1054.0,1054.0,1085.0,1036.0,1078.0,21300
2023-01-05,1066.0,1066.0,1068.0,1037.0,1054.0,14800
2023-01-06,1060.0,1060.0,1073.0,1055.0,1070.0,10900
2023-01-10,1078.0,1078.0,1090.0,1058.0,1075.0,22900
2023-01-11,1071.0,1071.0,1080.0,1050.0,1071.0,17900
2023-01-12,1036.0,1036.0,1070.0,1036.0,1066.0,18000
2023-01-13,1038.0,1038.0,1057.0,1036.0,1041.0,11500
2023-01-16,1034.0,1034.0,1039.0,1023.0,1027.0,7800
2023-01-17,1025.0,1025.0,1046.0,1025.0,1034.0,9000
2023-01-18,1060.0,1060.0,1064.0,1020.0,1022.0,14800
2023-01-19,1048.0,1048.0,1114.0,1042.0,1070.0,163800
2023-01-20,1042.0,1042.0,1052.0,1023.0,1044.0,23200
2023-01-23,1023.0,1023.0,1040.0,1018.0,1033.0,15300
2023-01-24,1037.0,1037.0,1048.0,1020.0,1037.0,19000
2023-01-25,1051.0,1051.0,1062.0,1045.0,1053.0,27000
2023-01-26,1052.0,1052.0,1064.0,1035.0,1053.0,18600
2023-01-27,1032.0,1032.0,1047.0,1027.0,1047.0,8300
2023-01-30,1017.0,1017.0,1040.0,1017.0,1034.0,17200
2023-01-31,1019.0,1019.0,1026.0,1017.0,1020.0,9900
2023-02-01,1017.0,1017.0,1025.0,1015.0,1019.0,10600
2023-02-02,1048.0,1048.0,1048.0,1020.0,1020.0,18700
2023-02-03,1080.0,1080.0,1096.0,1043.0,1047.0,54400
2023-02-06,1049.0,1049.0,1093.0,1047.0,1093.0,25100
2023-02-07,1058.0,1058.0,1067.0,1049.0,1049.0,10500
2023-02-08,1073.0,1073.0,1080.0,1047.0,1064.0,19300
2023-02-09,1054.0,1054.0,1061.0,1052.0,1055.0,8500
2023-02-10,1036.0,1036.0,1060.0,1036.0,1055.0,20500
2023-02-13,1016.0,1016.0,1029.0,1001.0,1021.0,29600
2023-02-14,1001.0,1001.0,1018.0,1000.0,1013.0,20100
2023-02-15,999.0,999.0,1003.0,991.0,1003.0,24000
2023-02-16,1010.0,1010.0,1022.0,997.0,997.0,20900
2023-02-17,1013.0,1013.0,1022.0,1010.0,1013.0,12900
2023-02-20,1015.0,1015.0,1024.0,1014.0,1014.0,6400
2023-02-21,1016.0,1016.0,1021.0,1014.0,1014.0,6300
2023-02-22,1006.0,1006.0,1016.0,1002.0,1016.0,5100
2023-02-24,1020.0,1020.0,1020.0,1002.0,1010.0,5700
2023-02-27,1013.0,1013.0,1013.0,1005.0,1005.0,1600
2023-02-28,1020.0,1020.0,1025.0,1013.0,1013.0,9100
2023-03-01,1010.0,1010.0,1025.0,1005.0,1016.0,9800
2023-03-02,1006.0,1006.0,1012.0,995.0,1008.0,16200
2023-03-03,1010.0,1010.0,1010.0,1001.0,1001.0,9300
2023-03-06,1003.0,1003.0,1021.0,1003.0,1006.0,3900
2023-03-07,1007.0,1007.0,1010.0,1005.0,1005.0,1400
2023-03-08,1010.0,1010.0,1015.0,1007.0,1008.0,4900
2023-03-09,1008.0,1008.0,1018.0,1007.0,1018.0,7400
2023-03-10,1007.0,1007.0,1013.0,1004.0,1007.0,5800
2023-03-13,998.0,998.0,1007.0,993.0,1001.0,16400
2023-03-14,987.0,987.0,995.0,979.0,990.0,18300
2023-03-15,983.0,983.0,1002.0,982.0,1002.0,6900
2023-03-16,947.0,947.0,978.0,939.0,972.0,31300
2023-03-17,960.0,960.0,972.0,948.0,948.0,11300
2023-03-20,934.0,934.0,960.0,930.0,951.0,13400
2023-03-22,950.0,950.0,975.0,932.0,933.0,11200
2023-03-23,959.0,959.0,959.0,933.0,939.0,1100
2023-03-24,957.0,957.0,960.0,948.0,959.0,2600
2023-03-27,960.0,960.0,960.0,936.0,948.0,4400
2023-03-28,961.0,961.0,961.0,948.0,953.0,2500
2023-03-29,957.0,957.0,968.0,945.0,968.0,9300
2023-03-30,950.0,950.0,955.0,949.0,949.0,12500
2023-03-31,935.0,935.0,960.0,935.0,960.0,8400
2023-04-03,908.0,908.0,936.0,900.0,936.0,24900
2023-04-04,915.0,915.0,916.0,901.0,904.0,7300
2023-04-05,904.0,904.0,913.0,900.0,907.0,8600
2023-04-06,890.0,890.0,905.0,890.0,900.0,12900
2023-04-07,892.0,892.0,906.0,892.0,902.0,8300
2023-04-10,906.0,906.0,906.0,895.0,902.0,6100
2023-04-11,915.0,915.0,926.0,905.0,905.0,6900
2023-04-12,925.0,925.0,937.0,911.0,912.0,8500
2023-04-13,921.0,921.0,925.0,916.0,925.0,4000
2023-04-14,900.0,900.0,919.0,897.0,915.0,8700
2023-04-17,908.0,908.0,908.0,899.0,900.0,1600
2023-04-18,898.0,898.0,907.0,893.0,901.0,6300
2023-04-19,903.0,903.0,904.0,901.0,902.0,2700
2023-04-20,926.0,926.0,928.0,908.0,908.0,8400
2023-04-21,921.0,921.0,937.0,921.0,926.0,3400
2023-04-24,936.0,936.0,936.0,912.0,918.0,2000
2023-04-28,933.0,933.0,951.0,932.0,937.0,4000
2023-04-25,939.0,939.0,955.0,937.0,937.0,7800
2023-04-26,932.0,932.0,947.0,932.0,936.0,4400
2023-04-27,935.0,935.0,945.0,929.0,929.0,2700
2023-04-28,933.0,933.0,951.0,932.0,937.0,4100
2023-05-01,930.0,930.0,943.0,929.0,943.0,4100
2023-05-02,946.0,946.0,946.0,927.0,927.0,2500
2023-05-08,936.0,936.0,964.0,936.0,946.0,5900
2023-05-09,952.0,952.0,952.0,938.0,938.0,3100
2023-05-10,950.0,950.0,950.0,941.0,943.0,4700
2023-05-11,947.0,947.0,952.0,930.0,952.0,5700
2023-05-12,928.0,928.0,948.0,915.0,932.0,8600
2023-05-15,903.0,903.0,928.0,901.0,928.0,13700
