Date,Adj Close,Close,High,Low,Open,Volume
2001-01-03,628.0313110351562,720.0,720.0,720.0,720.0,0
2001-01-04,645.4766235351562,740.0,750.0,710.0,750.0,12400
2001-01-05,654.1992797851562,750.0,760.0,730.0,730.0,7400
2001-01-08,654.1992797851562,750.0,750.0,750.0,750.0,0
2001-01-09,619.3087768554688,710.0,750.0,710.0,750.0,10800
2001-01-10,619.3087768554688,710.0,730.0,710.0,710.0,13100
2001-01-11,584.4180908203125,670.0,710.0,670.0,710.0,23600
2001-01-12,610.5859985351562,700.0,740.0,690.0,690.0,11000
2001-01-15,628.0313110351562,720.0,740.0,700.0,700.0,9400
2001-01-16,706.5352172851562,810.0,810.0,690.0,730.0,30100
2001-01-17,662.922119140625,760.0,810.0,760.0,810.0,30100
2001-01-18,671.6446533203125,770.0,810.0,740.0,750.0,18200
2001-01-19,680.3673706054688,780.0,800.0,770.0,790.0,14700
2001-01-22,750.1486206054688,860.0,860.0,780.0,800.0,59100
2001-01-23,706.5352172851562,810.0,900.0,800.0,860.0,77800
2001-01-24,723.9806518554688,830.0,850.0,810.0,850.0,22700
2001-01-25,715.2579345703125,820.0,860.0,810.0,830.0,16000
2001-01-26,715.2579345703125,820.0,820.0,800.0,820.0,10300
2001-01-29,802.4844360351562,920.0,940.0,830.0,850.0,80900
2001-01-30,785.0392456054688,900.0,930.0,860.0,920.0,52100
2001-01-31,767.5938720703125,880.0,910.0,870.0,900.0,15800
2001-02-01,741.4259643554688,850.0,880.0,850.0,880.0,9900
2001-02-02,723.9806518554688,830.0,860.0,830.0,850.0,10200
2001-02-05,706.5352172851562,810.0,830.0,800.0,800.0,13600
2001-02-06,715.2579345703125,820.0,830.0,810.0,810.0,6700
2001-02-07,715.2579345703125,820.0,840.0,810.0,820.0,14200
2001-02-08,732.7033081054688,840.0,870.0,820.0,820.0,23700
2001-02-09,758.871337890625,870.0,870.0,840.0,850.0,14600
2001-02-13,811.2072143554688,930.0,950.0,900.0,920.0,53300
2001-02-14,776.3165283203125,890.0,930.0,890.0,910.0,27700
2001-02-15,776.3165283203125,890.0,900.0,880.0,890.0,8700
2001-02-16,767.5938720703125,880.0,910.0,880.0,900.0,18000
2001-02-19,758.871337890625,870.0,870.0,850.0,870.0,5600
2001-02-20,802.4844360351562,920.0,920.0,850.0,870.0,11800
2001-02-21,767.5938720703125,880.0,900.0,880.0,900.0,6700
2001-02-22,758.871337890625,870.0,890.0,860.0,870.0,8500
2001-02-23,767.5938720703125,880.0,880.0,860.0,880.0,9800
2001-02-26,776.3165283203125,890.0,920.0,890.0,890.0,16200
2001-02-27,793.7618408203125,910.0,910.0,900.0,910.0,13000
2001-02-28,793.7618408203125,910.0,920.0,900.0,910.0,22100
2001-03-01,750.1486206054688,860.0,910.0,860.0,900.0,20000
2001-03-02,750.1486206054688,860.0,870.0,850.0,860.0,11700
2001-03-05,732.7033081054688,840.0,890.0,830.0,880.0,12600
2001-03-06,715.2579345703125,820.0,840.0,820.0,830.0,19800
2001-03-07,723.9806518554688,830.0,840.0,830.0,830.0,6400
2001-03-08,741.4259643554688,850.0,850.0,830.0,840.0,7100
2001-03-09,750.1486206054688,860.0,860.0,840.0,860.0,11600
2001-03-12,723.9806518554688,830.0,860.0,830.0,860.0,14100
2001-03-13,715.2579345703125,820.0,820.0,790.0,800.0,13600
2001-03-14,715.2579345703125,820.0,820.0,820.0,820.0,0
2001-03-15,680.3673706054688,780.0,800.0,770.0,790.0,16600
2001-03-16,697.8126220703125,800.0,830.0,800.0,830.0,8200
2001-03-19,706.5352172851562,810.0,830.0,780.0,780.0,13500
2001-03-20,706.5352172851562,810.0,810.0,810.0,810.0,0
2001-03-21,732.7033081054688,840.0,850.0,800.0,820.0,11200
2001-03-22,776.3165283203125,890.0,890.0,850.0,870.0,23700
2001-03-23,776.3165283203125,890.0,900.0,860.0,890.0,44800
2001-03-26,942.0470581054688,1080.0,1080.0,890.0,900.0,116400
2001-03-27,1011.8283081054688,1160.0,1350.0,1120.0,1230.0,391300
2001-03-28,950.7697143554688,1090.0,1220.0,1060.0,1210.0,119300
2001-03-29,933.3243408203124,1070.0,1100.0,1050.0,1090.0,51400
2001-03-30,907.1564331054688,1040.0,1080.0,1030.0,1070.0,30400
2001-04-02,907.1564331054688,1040.0,1050.0,1010.0,1040.0,24900
2001-04-03,1011.8283081054688,1160.0,1190.0,1050.0,1050.0,94000
2001-04-04,985.660400390625,1130.0,1160.0,1100.0,1160.0,36700
2001-04-05,976.9376831054688,1120.0,1150.0,1100.0,1150.0,24000
2001-04-06,959.4924926757812,1100.0,1160.0,1090.0,1160.0,35100
2001-04-09,915.8790283203124,1050.0,1110.0,1030.0,1100.0,24800
2001-04-10,942.0470581054688,1080.0,1080.0,1050.0,1050.0,11500
2001-04-11,942.0470581054688,1080.0,1100.0,1080.0,1090.0,12900
2001-04-12,985.660400390625,1130.0,1170.0,1070.0,1080.0,39100
2001-04-13,976.9376831054688,1120.0,1150.0,1100.0,1150.0,16400
2001-04-16,994.3829345703124,1140.0,1140.0,1120.0,1140.0,12800
2001-04-17,968.2151489257812,1110.0,1150.0,1100.0,1150.0,20000
2001-04-18,968.2151489257812,1110.0,1140.0,1110.0,1140.0,12300
2001-04-19,968.2151489257812,1110.0,1130.0,1080.0,1110.0,23500
2001-04-20,950.7697143554688,1090.0,1110.0,1080.0,1080.0,9200
2001-04-23,942.0470581054688,1080.0,1110.0,1080.0,1090.0,23600
2001-04-24,968.2151489257812,1110.0,1110.0,1070.0,1090.0,26000
2001-04-26,1029.2735595703125,1180.0,1180.0,1110.0,1120.0,65500
2001-04-27,1011.8283081054688,1160.0,1200.0,1150.0,1200.0,41300
2001-04-30,1011.8283081054688,1160.0,1160.0,1160.0,1160.0,0
2001-05-01,1064.1644287109375,1220.0,1220.0,1160.0,1170.0,40000
2001-05-02,1046.718994140625,1200.0,1240.0,1180.0,1240.0,65200
2001-05-07,1029.2735595703125,1180.0,1210.0,1170.0,1190.0,290
2001-05-08,976.9376831054688,1120.0,1180.0,1110.0,1160.0,290
2001-05-09,950.7697143554688,1090.0,1120.0,1050.0,1110.0,220
2001-05-10,968.2151489257812,1110.0,1120.0,1090.0,1100.0,100
2001-05-11,959.4924926757812,1100.0,1120.0,1100.0,1100.0,80
2001-05-14,942.0470581054688,1080.0,1100.0,1080.0,1100.0,190
2001-05-15,950.7697143554688,1090.0,1100.0,1050.0,1050.0,11700
2001-05-16,1072.886962890625,1230.0,1230.0,1060.0,1100.0,164600
2001-05-17,1011.8283081054688,1160.0,1240.0,1130.0,1240.0,124300
2001-05-18,985.660400390625,1130.0,1190.0,1130.0,1180.0,27400
2001-05-21,985.660400390625,1130.0,1200.0,1130.0,1130.0,13300
2001-05-22,994.3829345703124,1140.0,1160.0,1130.0,1130.0,18600
2001-05-23,1011.8283081054688,1160.0,1180.0,1140.0,1160.0,15500
2001-05-24,1003.105712890625,1150.0,1180.0,1140.0,1180.0,12300
2001-05-25,985.660400390625,1130.0,1160.0,1130.0,1150.0,15200
2001-05-28,933.3243408203124,1070.0,1120.0,1070.0,1120.0,21800
2001-05-29,959.4924926757812,1100.0,1100.0,1060.0,1080.0,13800
2001-05-30,942.0470581054688,1080.0,1130.0,1080.0,1100.0,7900
2001-05-31,915.8790283203124,1050.0,1070.0,1050.0,1060.0,15100
2001-06-01,915.8790283203124,1050.0,1080.0,1040.0,1050.0,12800
2001-06-04,889.7111206054688,1020.0,1020.0,1000.0,1020.0,16800
2001-06-05,872.2658081054688,1000.0,1010.0,980.0,1010.0,22400
2001-06-06,872.2658081054688,1000.0,1000.0,970.0,980.0,15700
2001-06-07,880.988525390625,1010.0,1010.0,980.0,980.0,6300
2001-06-08,950.7697143554688,1090.0,1090.0,1000.0,1030.0,15700
2001-06-11,924.6017456054688,1060.0,1060.0,1020.0,1020.0,4800
2001-06-12,889.7111206054688,1020.0,1050.0,1020.0,1050.0,11900
2001-06-13,898.4337768554688,1030.0,1040.0,1020.0,1030.0,4900
2001-06-14,889.7111206054688,1020.0,1040.0,1020.0,1040.0,5600
2001-06-15,880.988525390625,1010.0,1020.0,990.0,1020.0,28000
2001-06-18,880.988525390625,1010.0,1020.0,1000.0,1010.0,8300
2001-06-19,889.7111206054688,1020.0,1030.0,1000.0,1010.0,9800
2001-06-20,863.5430908203125,990.0,1010.0,990.0,1010.0,9200
2001-06-21,872.2658081054688,1000.0,1000.0,980.0,990.0,7700
2001-06-22,872.2658081054688,1000.0,1020.0,980.0,1000.0,9800
2001-06-25,915.8790283203124,1050.0,1050.0,1010.0,1010.0,9200
2001-06-26,933.3243408203124,1070.0,1090.0,1030.0,1050.0,32900
2001-06-27,915.8790283203124,1050.0,1080.0,1050.0,1080.0,9400
2001-06-28,915.8790283203124,1050.0,1060.0,1010.0,1050.0,14900
2001-06-29,924.6017456054688,1060.0,1070.0,1010.0,1030.0,8400
2001-07-02,915.8790283203124,1050.0,1060.0,1030.0,1060.0,7000
2001-07-03,880.988525390625,1010.0,1050.0,1010.0,1040.0,9900
2001-07-04,872.2658081054688,1000.0,1010.0,1000.0,1010.0,4300
2001-07-05,863.5430908203125,990.0,1000.0,990.0,1000.0,7100
2001-07-06,854.8204956054688,980.0,1000.0,980.0,990.0,6200
2001-07-09,828.6525268554688,950.0,980.0,930.0,980.0,10800
2001-07-10,837.3751831054688,960.0,960.0,910.0,950.0,7900
2001-07-11,811.2072143554688,930.0,960.0,910.0,920.0,9600
2001-07-12,811.2072143554688,930.0,950.0,880.0,950.0,13800
2001-07-13,811.2072143554688,930.0,940.0,900.0,930.0,8500
2001-07-16,776.3165283203125,890.0,930.0,890.0,930.0,3800
2001-07-17,785.0392456054688,900.0,900.0,870.0,890.0,14800
2001-07-18,793.7618408203125,910.0,910.0,870.0,910.0,11500
2001-07-19,750.1486206054688,860.0,880.0,850.0,880.0,13400
2001-07-23,723.9806518554688,830.0,830.0,800.0,820.0,22600
2001-07-24,723.9806518554688,830.0,830.0,790.0,790.0,15100
2001-07-25,697.8126220703125,800.0,830.0,800.0,830.0,18600
2001-07-26,741.4259643554688,850.0,850.0,820.0,820.0,2000
2001-07-27,741.4259643554688,850.0,900.0,850.0,900.0,6000
2001-07-30,767.5938720703125,880.0,880.0,840.0,880.0,8300
2001-07-31,741.4259643554688,850.0,880.0,850.0,850.0,6300
2001-08-01,750.1486206054688,860.0,880.0,850.0,850.0,3600
2001-08-02,785.0392456054688,900.0,900.0,860.0,870.0,11500
2001-08-03,758.871337890625,870.0,890.0,870.0,880.0,3500
2001-08-06,793.7618408203125,910.0,910.0,850.0,880.0,9600
2001-08-07,776.3165283203125,890.0,890.0,870.0,880.0,3800
2001-08-08,750.1486206054688,860.0,890.0,860.0,890.0,1200
2001-08-09,741.4259643554688,850.0,860.0,850.0,860.0,1600
2001-08-10,750.1486206054688,860.0,870.0,850.0,850.0,3200
2001-08-13,750.1486206054688,860.0,860.0,840.0,850.0,4800
2001-08-14,750.1486206054688,860.0,860.0,830.0,830.0,3100
2001-08-15,750.1486206054688,860.0,870.0,860.0,870.0,2300
2001-08-16,741.4259643554688,850.0,870.0,850.0,860.0,5300
2001-08-17,741.4259643554688,850.0,860.0,850.0,860.0,5100
2001-08-20,732.7033081054688,840.0,860.0,840.0,860.0,5600
2001-08-21,732.7033081054688,840.0,850.0,840.0,850.0,2800
2001-08-22,723.9806518554688,830.0,870.0,830.0,830.0,5600
2001-08-23,758.871337890625,870.0,870.0,840.0,860.0,6800
2001-08-24,750.1486206054688,860.0,870.0,850.0,850.0,2100
2001-08-27,846.0978393554688,970.0,970.0,870.0,890.0,29600
2001-08-28,819.929931640625,940.0,960.0,880.0,960.0,33600
2001-08-29,811.2072143554688,930.0,940.0,900.0,940.0,5900
2001-08-30,767.5938720703125,880.0,890.0,860.0,860.0,7600
2001-08-31,732.7033081054688,840.0,870.0,840.0,860.0,10200
2001-09-03,723.9806518554688,830.0,830.0,810.0,810.0,10500
2001-09-04,715.2579345703125,820.0,820.0,780.0,800.0,15800
2001-09-05,689.0900268554688,790.0,820.0,780.0,780.0,8900
2001-09-06,689.0900268554688,790.0,790.0,770.0,780.0,6200
2001-09-07,645.4766235351562,740.0,780.0,730.0,760.0,20200
2001-09-10,610.5859985351562,700.0,730.0,680.0,710.0,12400
2001-09-11,619.3087768554688,710.0,730.0,700.0,700.0,14200
2001-09-12,549.5275268554688,630.0,690.0,600.0,610.0,34400
2001-09-13,549.5275268554688,630.0,670.0,580.0,580.0,31700
2001-09-14,610.5859985351562,700.0,700.0,650.0,650.0,20200
2001-09-17,540.8047485351562,620.0,690.0,620.0,690.0,17600
2001-09-18,610.5859985351562,700.0,720.0,630.0,630.0,17700
2001-09-19,619.3087768554688,710.0,750.0,710.0,750.0,5200
2001-09-20,619.3087768554688,710.0,720.0,700.0,720.0,4300
2001-09-21,584.4180908203125,670.0,700.0,660.0,700.0,10100
2001-09-25,593.1408081054688,680.0,700.0,680.0,700.0,3700
2001-09-26,566.9727172851562,650.0,690.0,650.0,690.0,3300
2001-09-27,566.9727172851562,650.0,650.0,630.0,650.0,12900
2001-09-28,566.9727172851562,650.0,650.0,650.0,650.0,0
2001-10-01,601.8634033203125,690.0,700.0,680.0,690.0,5900
2001-10-02,610.5859985351562,700.0,700.0,680.0,700.0,3700
2001-10-03,610.5859985351562,700.0,720.0,700.0,710.0,9800
2001-10-04,619.3087768554688,710.0,720.0,700.0,700.0,3200
2001-10-05,610.5859985351562,700.0,710.0,670.0,710.0,9800
2001-10-09,593.1408081054688,680.0,690.0,670.0,670.0,4600
2001-10-10,584.4180908203125,670.0,680.0,660.0,660.0,5500
2001-10-11,601.8634033203125,690.0,700.0,660.0,700.0,1800
2001-10-12,610.5859985351562,700.0,700.0,680.0,700.0,4800
2001-10-15,601.8634033203125,690.0,720.0,690.0,710.0,5900
2001-10-16,610.5859985351562,700.0,700.0,680.0,690.0,5000
2001-10-17,610.5859985351562,700.0,700.0,680.0,700.0,7600
2001-10-18,584.4180908203125,670.0,690.0,660.0,680.0,13100
2001-10-19,601.8634033203125,690.0,700.0,660.0,680.0,25200
2001-10-22,662.922119140625,760.0,760.0,690.0,700.0,26500
2001-10-23,645.4766235351562,740.0,750.0,710.0,750.0,15200
2001-10-24,636.7540283203125,730.0,750.0,720.0,740.0,8500
2001-10-25,645.4766235351562,740.0,750.0,730.0,730.0,13700
2001-10-26,619.3087768554688,710.0,750.0,710.0,730.0,17700
2001-10-29,619.3087768554688,710.0,730.0,710.0,730.0,7100
2001-10-30,619.3087768554688,710.0,710.0,700.0,710.0,3000
2001-10-31,601.8634033203125,690.0,700.0,690.0,690.0,5200
2001-11-01,584.4180908203125,670.0,690.0,670.0,690.0,7900
2001-11-02,610.5859985351562,700.0,720.0,670.0,670.0,13600
2001-11-05,610.5859985351562,700.0,710.0,670.0,680.0,8100
2001-11-06,601.8634033203125,690.0,700.0,670.0,680.0,6100
2001-11-07,601.8634033203125,690.0,690.0,670.0,680.0,11000
2001-11-08,584.4180908203125,670.0,690.0,670.0,680.0,9100
2001-11-12,566.9727172851562,650.0,670.0,620.0,650.0,6000
2001-11-13,566.9727172851562,650.0,660.0,640.0,650.0,9000
2001-11-14,584.4180908203125,670.0,690.0,650.0,670.0,11700
2001-11-15,584.4180908203125,670.0,670.0,630.0,640.0,13300
2001-11-16,575.6954956054688,660.0,670.0,650.0,670.0,10400
2001-11-19,575.6954956054688,660.0,670.0,650.0,670.0,4000
2001-11-20,566.9727172851562,650.0,680.0,650.0,670.0,5300
2001-11-21,566.9727172851562,650.0,660.0,640.0,650.0,7700
2001-11-22,549.5275268554688,630.0,650.0,630.0,640.0,7500
2001-11-23,549.5275268554688,630.0,630.0,630.0,630.0,0
2001-11-26,566.9727172851562,650.0,660.0,630.0,650.0,8500
2001-11-27,593.1408081054688,680.0,680.0,660.0,660.0,8200
2001-11-28,558.2500610351562,640.0,660.0,630.0,660.0,14900
2001-11-29,549.5275268554688,630.0,650.0,630.0,650.0,10700
2001-11-30,532.0822143554688,610.0,630.0,600.0,630.0,15400
2001-12-03,514.6367797851562,590.0,620.0,580.0,620.0,18900
2001-12-04,514.6367797851562,590.0,600.0,580.0,590.0,11900
2001-12-05,488.4688415527344,560.0,600.0,560.0,590.0,10900
2001-12-06,505.9141540527344,580.0,600.0,570.0,580.0,19900
2001-12-07,444.8555603027344,510.0,560.0,510.0,560.0,23200
2001-12-10,453.5782165527344,520.0,540.0,500.0,520.0,21500
2001-12-11,462.3008728027344,530.0,590.0,520.0,520.0,12400
2001-12-12,436.1329040527344,500.0,530.0,490.0,520.0,29600
2001-12-13,436.1329040527344,500.0,500.0,460.0,500.0,18700
2001-12-14,418.6875915527344,480.0,500.0,480.0,500.0,12300
2001-12-17,409.9649658203125,470.0,500.0,450.0,490.0,11300
2001-12-18,331.4610595703125,380.0,480.0,350.0,480.0,25900
2001-12-19,322.7383117675781,370.0,370.0,300.0,350.0,51700
2001-12-20,383.79693603515625,440.0,450.0,390.0,390.0,30400
2001-12-21,383.79693603515625,440.0,440.0,420.0,420.0,12600
2001-12-25,392.5196228027344,450.0,460.0,430.0,430.0,10900
2001-12-26,392.5196228027344,450.0,460.0,450.0,450.0,4400
2001-12-27,401.2422180175781,460.0,480.0,450.0,480.0,6000
2001-12-28,427.4102478027344,490.0,490.0,480.0,480.0,6400
2002-01-04,427.4102478027344,490.0,500.0,490.0,500.0,8900
2002-01-07,453.5782165527344,520.0,520.0,500.0,500.0,6300
2002-01-08,427.4102478027344,490.0,530.0,490.0,530.0,15300
2002-01-09,453.5782165527344,520.0,540.0,490.0,490.0,9600
2002-01-10,462.3008728027344,530.0,550.0,510.0,530.0,13200
2002-01-11,427.4102478027344,490.0,520.0,480.0,520.0,13700
2002-01-15,418.6875915527344,480.0,500.0,480.0,480.0,7900
2002-01-16,418.6875915527344,480.0,480.0,450.0,450.0,5400
2002-01-17,418.6875915527344,480.0,500.0,480.0,500.0,8900
2002-01-18,418.6875915527344,480.0,480.0,450.0,470.0,7800
2002-01-21,418.6875915527344,480.0,490.0,480.0,480.0,11100
2002-01-22,436.1329040527344,500.0,520.0,500.0,510.0,16000
2002-01-23,671.6446533203125,770.0,800.0,490.0,500.0,245600
2002-01-24,540.8047485351562,620.0,870.0,610.0,800.0,397600
2002-01-25,549.5275268554688,630.0,670.0,600.0,650.0,37000
2002-01-28,523.3594970703125,600.0,650.0,580.0,610.0,32500
2002-01-29,523.3594970703125,600.0,600.0,550.0,600.0,19100
2002-01-30,505.9141540527344,580.0,590.0,550.0,560.0,9400
2002-02-01,462.3008728027344,530.0,580.0,530.0,560.0,17300
2002-02-04,436.1329040527344,500.0,530.0,490.0,530.0,16700
2002-02-05,427.4102478027344,490.0,490.0,460.0,480.0,13300
2002-02-06,427.4102478027344,490.0,490.0,470.0,480.0,12000
2002-02-07,436.1329040527344,500.0,520.0,480.0,490.0,8300
2002-02-08,462.3008728027344,530.0,530.0,500.0,500.0,8500
2002-02-11,462.3008728027344,530.0,530.0,530.0,530.0,0
2002-02-12,479.7462463378906,550.0,570.0,530.0,530.0,7500
2002-02-13,497.19146728515625,570.0,580.0,550.0,560.0,14200
2002-02-14,514.6367797851562,590.0,600.0,590.0,590.0,16500
2002-02-15,479.7462463378906,550.0,600.0,550.0,600.0,8100
2002-02-18,488.4688415527344,560.0,600.0,550.0,550.0,4400
2002-02-19,514.6367797851562,590.0,590.0,580.0,590.0,6300
2002-02-20,514.6367797851562,590.0,590.0,540.0,580.0,11100
2002-02-21,505.9141540527344,580.0,590.0,570.0,570.0,6100
2002-02-22,497.19146728515625,570.0,590.0,570.0,590.0,7000
2002-02-25,479.7462463378906,550.0,590.0,550.0,580.0,13000
2002-02-27,514.6367797851562,590.0,590.0,570.0,590.0,10100
2002-02-28,523.3594970703125,600.0,600.0,580.0,590.0,15800
2002-03-01,584.4180908203125,670.0,680.0,610.0,610.0,59900
2002-03-04,566.9727172851562,650.0,700.0,630.0,700.0,46100
2002-03-05,584.4180908203125,670.0,700.0,660.0,700.0,26200
2002-03-06,575.6954956054688,660.0,690.0,660.0,670.0,15800
2002-03-07,584.4180908203125,670.0,680.0,650.0,680.0,11100
2002-03-08,558.2500610351562,640.0,670.0,640.0,670.0,20700
2002-03-11,584.4180908203125,670.0,670.0,640.0,660.0,22800
2002-03-12,619.3087768554688,710.0,760.0,680.0,690.0,54400
2002-03-13,593.1408081054688,680.0,720.0,670.0,710.0,19200
2002-03-14,593.1408081054688,680.0,680.0,650.0,680.0,12200
2002-03-15,584.4180908203125,670.0,680.0,670.0,670.0,5900
2002-03-18,584.4180908203125,670.0,680.0,660.0,670.0,7500
2002-03-19,610.5859985351562,700.0,700.0,680.0,680.0,18600
2002-03-20,610.5859985351562,700.0,730.0,680.0,710.0,23400
2002-03-21,610.5859985351562,700.0,700.0,700.0,700.0,0
2002-03-22,575.6954956054688,660.0,700.0,660.0,690.0,8600
2002-03-25,584.4180908203125,670.0,680.0,660.0,660.0,8900
2002-03-26,566.9727172851562,650.0,670.0,650.0,660.0,6100
2002-03-27,575.6954956054688,660.0,660.0,650.0,660.0,3600
2002-03-28,584.4180908203125,670.0,670.0,650.0,660.0,6600
2002-03-29,558.2500610351562,640.0,650.0,630.0,650.0,5900
2002-04-01,549.5275268554688,630.0,650.0,630.0,640.0,9700
2002-04-02,549.5275268554688,630.0,630.0,610.0,630.0,6200
2002-04-03,584.4180908203125,670.0,670.0,610.0,630.0,17300
2002-04-04,575.6954956054688,660.0,670.0,650.0,670.0,11600
2002-04-05,610.5859985351562,700.0,700.0,660.0,680.0,16900
2002-04-08,619.3087768554688,710.0,720.0,690.0,700.0,25600
2002-04-09,610.5859985351562,700.0,720.0,680.0,720.0,12900
2002-04-10,619.3087768554688,710.0,710.0,680.0,690.0,7300
2002-04-11,619.3087768554688,710.0,720.0,690.0,720.0,12300
2002-04-12,610.5859985351562,700.0,710.0,680.0,700.0,10200
2002-04-15,610.5859985351562,700.0,700.0,680.0,680.0,4400
2002-04-16,601.8634033203125,690.0,690.0,660.0,670.0,4700
2002-04-17,575.6954956054688,660.0,680.0,660.0,680.0,13100
2002-04-18,593.1408081054688,680.0,690.0,670.0,680.0,5500
2002-04-19,575.6954956054688,660.0,680.0,660.0,680.0,6700
2002-04-22,593.1408081054688,680.0,680.0,660.0,660.0,19600
2002-04-23,628.0313110351562,720.0,750.0,690.0,690.0,64700
2002-04-24,601.8634033203125,690.0,710.0,660.0,710.0,22600
2002-04-25,584.4180908203125,670.0,690.0,660.0,690.0,24700
2002-04-26,575.6954956054688,660.0,670.0,650.0,660.0,14600
2002-04-29,575.6954956054688,660.0,660.0,660.0,660.0,0
2002-04-30,558.2500610351562,640.0,670.0,640.0,670.0,10400
2002-05-01,540.8047485351562,620.0,640.0,620.0,640.0,12300
2002-05-02,558.2500610351562,640.0,640.0,630.0,630.0,8900
2002-05-07,549.5275268554688,630.0,630.0,610.0,630.0,5800
2002-05-08,549.5275268554688,630.0,640.0,620.0,620.0,4200
2002-05-09,549.5275268554688,630.0,630.0,620.0,630.0,7300
2002-05-10,549.5275268554688,630.0,630.0,620.0,620.0,5600
2002-05-13,540.8047485351562,620.0,630.0,620.0,630.0,1500
2002-05-14,549.5275268554688,630.0,640.0,620.0,630.0,7300
2002-05-15,540.8047485351562,620.0,630.0,620.0,630.0,5500
2002-05-16,549.5275268554688,630.0,630.0,610.0,620.0,2900
2002-05-17,575.6954956054688,660.0,680.0,640.0,650.0,13000
2002-05-20,584.4180908203125,670.0,680.0,670.0,680.0,6100
2002-05-21,575.6954956054688,660.0,670.0,650.0,670.0,8600
2002-05-22,601.8634033203125,690.0,690.0,660.0,660.0,14700
2002-05-23,601.8634033203125,690.0,690.0,670.0,690.0,17700
2002-05-24,584.4180908203125,670.0,690.0,670.0,690.0,9000
2002-05-27,610.5859985351562,700.0,720.0,680.0,680.0,51600
2002-05-28,619.3087768554688,710.0,710.0,690.0,700.0,23800
2002-05-29,619.3087768554688,710.0,760.0,710.0,720.0,135900
2002-05-30,619.3087768554688,710.0,730.0,680.0,720.0,56800
2002-05-31,610.5859985351562,700.0,720.0,700.0,710.0,22000
2002-06-03,628.0313110351562,720.0,720.0,700.0,700.0,18600
2002-06-04,628.0313110351562,720.0,720.0,700.0,720.0,8400
2002-06-05,619.3087768554688,710.0,720.0,700.0,720.0,17700
2002-06-06,619.3087768554688,710.0,720.0,700.0,720.0,14500
2002-06-07,619.3087768554688,710.0,710.0,700.0,700.0,9200
2002-06-10,610.5859985351562,700.0,700.0,700.0,700.0,5100
2002-06-11,601.8634033203125,690.0,710.0,680.0,700.0,14500
2002-06-12,593.1408081054688,680.0,700.0,680.0,680.0,10100
2002-06-13,584.4180908203125,670.0,680.0,650.0,680.0,12500
2002-06-14,558.2500610351562,640.0,650.0,630.0,650.0,26600
2002-06-17,540.8047485351562,620.0,640.0,620.0,630.0,9400
2002-06-18,549.5275268554688,630.0,640.0,620.0,630.0,12600
2002-06-19,540.8047485351562,620.0,630.0,610.0,630.0,14500
2002-06-20,540.8047485351562,620.0,620.0,590.0,600.0,13800
2002-06-21,540.8047485351562,620.0,620.0,600.0,600.0,5500
2002-06-24,532.0822143554688,610.0,610.0,580.0,600.0,10200
2002-06-25,540.8047485351562,620.0,620.0,600.0,610.0,5800
2002-06-26,514.6367797851562,590.0,610.0,590.0,600.0,4000
2002-06-27,523.3594970703125,600.0,630.0,600.0,630.0,4700
2002-06-28,523.3594970703125,600.0,610.0,590.0,590.0,6200
2002-07-01,540.8047485351562,620.0,630.0,600.0,600.0,9900
2002-07-02,532.0822143554688,610.0,610.0,600.0,600.0,8100
2002-07-03,549.5275268554688,630.0,630.0,610.0,610.0,5700
2002-07-04,540.8047485351562,620.0,630.0,620.0,620.0,2900
2002-07-05,549.5275268554688,630.0,640.0,620.0,640.0,4300
2002-07-08,540.8047485351562,620.0,640.0,620.0,640.0,4200
2002-07-09,540.8047485351562,620.0,620.0,600.0,620.0,2900
2002-07-10,540.8047485351562,620.0,620.0,610.0,610.0,5400
2002-07-11,540.8047485351562,620.0,620.0,610.0,610.0,8100
2002-07-12,514.6367797851562,590.0,620.0,590.0,620.0,8900
2002-07-15,505.9141540527344,580.0,610.0,580.0,610.0,8100
2002-07-16,505.9141540527344,580.0,590.0,580.0,580.0,9900
2002-07-17,479.7462463378906,550.0,590.0,540.0,590.0,11700
2002-07-18,497.19146728515625,570.0,570.0,540.0,550.0,6500
2002-07-19,479.7462463378906,550.0,570.0,550.0,550.0,5700
2002-07-22,444.8555603027344,510.0,530.0,500.0,520.0,18800
2002-07-23,462.3008728027344,530.0,530.0,500.0,510.0,31200
2002-07-24,444.8555603027344,510.0,530.0,510.0,510.0,10300
2002-07-25,462.3008728027344,530.0,540.0,520.0,530.0,8900
2002-07-26,453.5782165527344,520.0,540.0,510.0,530.0,10200
2002-07-29,462.3008728027344,530.0,550.0,520.0,550.0,6800
2002-07-30,462.3008728027344,530.0,550.0,530.0,530.0,10000
2002-07-31,444.8555603027344,510.0,530.0,510.0,530.0,3900
2002-08-01,436.1329040527344,500.0,520.0,500.0,510.0,8200
2002-08-02,418.6875915527344,480.0,510.0,410.0,510.0,18400
2002-08-05,392.5196228027344,450.0,470.0,440.0,470.0,11700
2002-08-06,401.2422180175781,460.0,470.0,430.0,440.0,11400
2002-08-07,514.6367797851562,590.0,670.0,460.0,460.0,232500
2002-08-08,444.8555603027344,510.0,570.0,510.0,570.0,55100
2002-08-09,462.3008728027344,530.0,540.0,510.0,540.0,21700
2002-08-12,462.3008728027344,530.0,550.0,520.0,530.0,16900
2002-08-13,444.8555603027344,510.0,520.0,500.0,520.0,13300
2002-08-14,444.8555603027344,510.0,520.0,500.0,500.0,16300
2002-08-15,488.4688415527344,560.0,600.0,500.0,500.0,65700
2002-08-16,497.19146728515625,570.0,570.0,540.0,570.0,18700
2002-08-19,505.9141540527344,580.0,660.0,580.0,600.0,128000
2002-08-20,497.19146728515625,570.0,580.0,560.0,580.0,13800
2002-08-21,479.7462463378906,550.0,560.0,540.0,560.0,32300
2002-08-22,479.7462463378906,550.0,550.0,530.0,540.0,11800
2002-08-23,479.7462463378906,550.0,550.0,550.0,550.0,0
2002-08-26,497.19146728515625,570.0,570.0,560.0,570.0,14500
2002-08-27,532.0822143554688,610.0,610.0,570.0,570.0,51100
2002-08-28,523.3594970703125,600.0,620.0,580.0,610.0,39300
2002-08-29,514.6367797851562,590.0,620.0,580.0,590.0,29400
2002-08-30,523.3594970703125,600.0,620.0,590.0,590.0,21000
2002-09-02,540.8047485351562,620.0,640.0,610.0,620.0,30600
2002-09-03,505.9141540527344,580.0,610.0,580.0,610.0,27800
2002-09-04,488.4688415527344,560.0,560.0,540.0,550.0,19200
2002-09-05,479.7462463378906,550.0,570.0,540.0,540.0,20300
2002-09-06,471.0235290527344,540.0,560.0,530.0,540.0,21100
2002-09-09,505.9141540527344,580.0,580.0,550.0,550.0,17100
2002-09-10,497.19146728515625,570.0,600.0,560.0,580.0,19900
2002-09-11,497.19146728515625,570.0,570.0,560.0,560.0,8700
2002-09-12,497.19146728515625,570.0,570.0,550.0,560.0,14200
2002-09-13,488.4688415527344,560.0,560.0,540.0,550.0,14200
2002-09-16,488.4688415527344,560.0,560.0,560.0,560.0,0
2002-09-17,505.9141540527344,580.0,580.0,550.0,570.0,12300
2002-09-18,505.9141540527344,580.0,580.0,560.0,580.0,14000
2002-09-19,523.3594970703125,600.0,600.0,570.0,580.0,23200
2002-09-20,505.9141540527344,580.0,580.0,560.0,570.0,9000
2002-09-24,488.4688415527344,560.0,570.0,550.0,570.0,18700
2002-09-25,488.4688415527344,560.0,560.0,550.0,550.0,6900
2002-09-26,505.9141540527344,580.0,600.0,560.0,560.0,20600
2002-09-27,505.9141540527344,580.0,600.0,570.0,580.0,12500
2002-09-30,488.4688415527344,560.0,570.0,560.0,570.0,13600
2002-10-01,488.4688415527344,560.0,570.0,550.0,550.0,16100
2002-10-02,479.7462463378906,550.0,570.0,550.0,570.0,12000
2002-10-03,462.3008728027344,530.0,560.0,530.0,550.0,11300
2002-10-04,427.4102478027344,490.0,530.0,480.0,510.0,28500
2002-10-07,401.2422180175781,460.0,480.0,410.0,480.0,52600
2002-10-08,401.2422180175781,460.0,470.0,440.0,460.0,17800
2002-10-09,401.2422180175781,460.0,460.0,440.0,450.0,12200
2002-10-10,392.5196228027344,450.0,450.0,430.0,440.0,17800
2002-10-11,401.2422180175781,460.0,460.0,450.0,450.0,9700
2002-10-14,401.2422180175781,460.0,460.0,460.0,460.0,0
2002-10-15,409.9649658203125,470.0,480.0,460.0,460.0,9700
2002-10-16,401.2422180175781,460.0,480.0,460.0,480.0,10500
2002-10-17,401.2422180175781,460.0,470.0,450.0,460.0,13100
2002-10-18,418.6875915527344,480.0,490.0,470.0,470.0,6400
2002-10-21,401.2422180175781,460.0,470.0,450.0,470.0,7200
2002-10-22,392.5196228027344,450.0,460.0,430.0,460.0,11800
2002-10-23,392.5196228027344,450.0,450.0,430.0,450.0,16400
2002-10-24,383.79693603515625,440.0,450.0,440.0,440.0,5500
2002-10-25,392.5196228027344,450.0,450.0,430.0,440.0,12900
2002-10-28,392.5196228027344,450.0,450.0,430.0,450.0,15500
2002-10-29,383.79693603515625,440.0,450.0,440.0,450.0,5700
2002-10-30,383.79693603515625,440.0,450.0,440.0,440.0,7600
2002-10-31,375.0743103027344,430.0,450.0,430.0,450.0,2700
2002-11-01,375.0743103027344,430.0,440.0,420.0,430.0,8000
2002-11-04,375.0743103027344,430.0,430.0,430.0,430.0,0
2002-11-05,357.62896728515625,410.0,420.0,410.0,410.0,24100
2002-11-06,375.0743103027344,430.0,430.0,410.0,410.0,18600
2002-11-07,375.0743103027344,430.0,430.0,410.0,420.0,15500
2002-11-08,366.3516540527344,420.0,430.0,420.0,430.0,3800
2002-11-11,366.3516540527344,420.0,430.0,420.0,420.0,11700
2002-11-12,357.62896728515625,410.0,420.0,410.0,420.0,12000
2002-11-13,366.3516540527344,420.0,420.0,410.0,410.0,5600
2002-11-14,340.1836853027344,390.0,420.0,380.0,420.0,18200
2002-11-15,322.7383117675781,370.0,400.0,360.0,400.0,24700
2002-11-18,322.7383117675781,370.0,370.0,310.0,340.0,33200
2002-11-19,270.4023742675781,310.0,340.0,300.0,320.0,25400
2002-11-20,314.0156555175781,360.0,360.0,310.0,320.0,27000
2002-11-21,305.2929992675781,350.0,370.0,330.0,360.0,17600
2002-11-22,296.5704040527344,340.0,350.0,330.0,340.0,10800
2002-11-25,357.62896728515625,410.0,430.0,360.0,360.0,27000
2002-11-26,366.3516540527344,420.0,420.0,390.0,400.0,10600
2002-11-27,348.90631103515625,400.0,420.0,390.0,420.0,7900
2002-11-28,348.90631103515625,400.0,420.0,400.0,410.0,8000
2002-11-29,366.3516540527344,420.0,420.0,390.0,400.0,9300
2002-12-02,366.3516540527344,420.0,420.0,420.0,420.0,0
2002-12-03,409.9649658203125,470.0,480.0,440.0,440.0,37300
2002-12-04,383.79693603515625,440.0,450.0,440.0,450.0,20500
2002-12-05,383.79693603515625,440.0,450.0,430.0,440.0,21100
2002-12-06,383.79693603515625,440.0,460.0,440.0,460.0,10300
2002-12-09,401.2422180175781,460.0,470.0,440.0,450.0,11900
2002-12-10,479.7462463378906,550.0,550.0,460.0,460.0,59100
2002-12-11,444.8555603027344,510.0,550.0,480.0,550.0,54000
2002-12-12,453.5782165527344,520.0,520.0,470.0,510.0,20000
2002-12-13,453.5782165527344,520.0,540.0,500.0,510.0,27300
2002-12-16,462.3008728027344,530.0,540.0,500.0,540.0,9600
2002-12-17,444.8555603027344,510.0,530.0,510.0,510.0,8200
2002-12-18,392.5196228027344,450.0,500.0,450.0,490.0,24200
2002-12-19,409.9649658203125,470.0,480.0,460.0,460.0,7200
2002-12-20,383.79693603515625,440.0,470.0,440.0,470.0,5800
2002-12-23,383.79693603515625,440.0,440.0,440.0,440.0,0
2002-12-24,383.79693603515625,440.0,450.0,410.0,420.0,8900
2002-12-25,383.79693603515625,440.0,450.0,430.0,430.0,8300
2002-12-26,375.0743103027344,430.0,450.0,430.0,440.0,1500
2002-12-27,427.4102478027344,490.0,500.0,460.0,470.0,8800
2002-12-30,427.4102478027344,490.0,500.0,480.0,480.0,11200
2003-01-03,427.4102478027344,490.0,490.0,490.0,490.0,0
2003-01-06,436.1329040527344,500.0,520.0,500.0,500.0,4300
2003-01-07,453.5782165527344,520.0,520.0,510.0,510.0,9900
2003-01-08,436.1329040527344,500.0,520.0,500.0,500.0,12100
2003-01-09,444.8555603027344,510.0,530.0,500.0,510.0,35800
2003-01-10,505.9141540527344,580.0,580.0,510.0,520.0,66000
2003-01-13,505.9141540527344,580.0,580.0,580.0,580.0,0
2003-01-14,497.19146728515625,570.0,580.0,550.0,580.0,33600
2003-01-15,505.9141540527344,580.0,600.0,560.0,580.0,44200
2003-01-16,514.6367797851562,590.0,600.0,550.0,580.0,43000
2003-01-17,497.19146728515625,570.0,580.0,570.0,580.0,16800
2003-01-20,514.6367797851562,590.0,600.0,570.0,570.0,21400
2003-01-21,566.9727172851562,650.0,670.0,590.0,590.0,123900
2003-01-22,532.0822143554688,610.0,670.0,610.0,660.0,67000
2003-01-23,523.3594970703125,600.0,620.0,570.0,620.0,50200
2003-01-24,532.0822143554688,610.0,610.0,590.0,590.0,25300
2003-01-27,566.9727172851562,650.0,660.0,600.0,610.0,45600
2003-01-28,566.9727172851562,650.0,660.0,630.0,650.0,35400
2003-01-29,636.7540283203125,730.0,730.0,670.0,670.0,171200
2003-01-30,645.4766235351562,740.0,750.0,710.0,710.0,156800
2003-01-31,680.3673706054688,780.0,790.0,730.0,750.0,205900
2003-02-03,671.6446533203125,770.0,810.0,770.0,780.0,194700
2003-02-04,628.0313110351562,720.0,740.0,710.0,720.0,94100
2003-02-05,671.6446533203125,770.0,770.0,710.0,720.0,57600
2003-02-06,680.3673706054688,780.0,800.0,750.0,790.0,100600
2003-02-07,654.1992797851562,750.0,770.0,730.0,760.0,43400
2003-02-10,662.922119140625,760.0,770.0,740.0,750.0,35300
2003-02-11,662.922119140625,760.0,760.0,760.0,760.0,0
2003-02-12,723.9806518554688,830.0,1060.0,760.0,780.0,658900
2003-02-13,802.4844360351562,920.0,950.0,850.0,860.0,290400
2003-02-14,863.5430908203125,990.0,1020.0,970.0,990.0,279600
2003-02-17,802.4844360351562,920.0,1050.0,900.0,1020.0,142400
2003-02-18,828.6525268554688,950.0,970.0,870.0,900.0,86900
2003-02-19,837.3751831054688,960.0,990.0,950.0,990.0,69700
2003-02-20,811.2072143554688,930.0,960.0,930.0,950.0,38700
2003-02-21,837.3751831054688,960.0,980.0,910.0,930.0,43000
2003-02-24,846.0978393554688,970.0,1020.0,950.0,1010.0,86000
2003-02-25,802.4844360351562,920.0,960.0,900.0,940.0,32700
2003-02-26,776.3165283203125,890.0,930.0,880.0,920.0,35500
2003-02-27,767.5938720703125,880.0,890.0,810.0,850.0,49500
2003-02-28,793.7618408203125,910.0,920.0,880.0,920.0,16600
2003-03-03,802.4844360351562,920.0,940.0,890.0,890.0,52500
2003-03-04,828.6525268554688,950.0,960.0,910.0,940.0,53100
2003-03-05,898.4337768554688,1030.0,1080.0,960.0,980.0,362300
2003-03-06,863.5430908203125,990.0,1090.0,950.0,1030.0,165100
2003-03-07,828.6525268554688,950.0,1020.0,920.0,970.0,82300
2003-03-10,793.7618408203125,910.0,1000.0,850.0,990.0,94000
2003-03-11,793.7618408203125,910.0,930.0,860.0,900.0,49700
2003-03-12,776.3165283203125,890.0,910.0,890.0,890.0,11200
2003-03-13,741.4259643554688,850.0,900.0,850.0,890.0,49900
2003-03-14,732.7033081054688,840.0,880.0,800.0,830.0,68300
2003-03-17,575.6954956054688,660.0,800.0,660.0,770.0,155900
2003-03-18,575.6954956054688,660.0,710.0,660.0,700.0,102000
2003-03-19,566.9727172851562,650.0,680.0,600.0,680.0,70200
2003-03-20,558.2500610351562,640.0,650.0,620.0,650.0,32100
2003-03-21,558.2500610351562,640.0,640.0,640.0,640.0,0
2003-03-24,680.3673706054688,780.0,780.0,690.0,700.0,113400
2003-03-25,645.4766235351562,740.0,750.0,710.0,750.0,47600
2003-03-26,750.1486206054688,860.0,860.0,740.0,740.0,79900
2003-03-27,793.7618408203125,910.0,930.0,830.0,860.0,123800
2003-03-28,785.0392456054688,900.0,920.0,840.0,920.0,59100
2003-03-31,758.871337890625,870.0,900.0,860.0,900.0,18200
2003-04-01,741.4259643554688,850.0,870.0,810.0,830.0,30100
2003-04-02,697.8126220703125,800.0,840.0,770.0,840.0,39600
2003-04-03,697.8126220703125,800.0,810.0,770.0,810.0,40200
2003-04-04,671.6446533203125,770.0,800.0,740.0,800.0,27000
2003-04-07,680.3673706054688,780.0,780.0,710.0,710.0,75800
2003-04-08,689.0900268554688,790.0,830.0,760.0,760.0,62300
2003-04-09,680.3673706054688,780.0,810.0,770.0,800.0,18000
2003-04-10,715.2579345703125,820.0,860.0,790.0,800.0,90500
2003-04-11,723.9806518554688,830.0,860.0,810.0,850.0,52400
2003-04-14,689.0900268554688,790.0,820.0,780.0,800.0,20600
2003-04-15,689.0900268554688,790.0,810.0,780.0,790.0,14300
2003-04-16,758.871337890625,870.0,900.0,830.0,840.0,301900
2003-04-17,750.1486206054688,860.0,960.0,830.0,930.0,345300
2003-04-18,741.4259643554688,850.0,860.0,820.0,860.0,48800
2003-04-21,750.1486206054688,860.0,860.0,820.0,830.0,63800
2003-04-22,750.1486206054688,860.0,890.0,850.0,880.0,72800
2003-04-23,750.1486206054688,860.0,900.0,850.0,900.0,92900
2003-04-24,732.7033081054688,840.0,870.0,830.0,860.0,35300
2003-04-25,723.9806518554688,830.0,830.0,800.0,820.0,34300
2003-04-28,680.3673706054688,780.0,810.0,770.0,810.0,40000
2003-04-30,680.3673706054688,780.0,780.0,750.0,750.0,27500
2003-05-01,680.3673706054688,780.0,800.0,750.0,760.0,15300
2003-05-02,689.0900268554688,790.0,800.0,780.0,790.0,11400
2003-05-06,680.3673706054688,780.0,790.0,780.0,790.0,10500
2003-05-07,671.6446533203125,770.0,800.0,760.0,790.0,16000
2003-05-08,654.1992797851562,750.0,780.0,750.0,760.0,32200
2003-05-09,654.1992797851562,750.0,760.0,720.0,750.0,27700
2003-05-12,636.7540283203125,730.0,750.0,730.0,740.0,19000
2003-05-13,758.871337890625,870.0,880.0,770.0,770.0,299500
2003-05-14,750.1486206054688,860.0,940.0,830.0,910.0,291700
2003-05-15,706.5352172851562,810.0,850.0,810.0,850.0,55000
2003-05-16,723.9806518554688,830.0,840.0,810.0,820.0,28700
2003-05-19,680.3673706054688,780.0,830.0,780.0,830.0,39800
2003-05-20,697.8126220703125,800.0,810.0,780.0,790.0,22800
2003-05-21,697.8126220703125,800.0,810.0,790.0,810.0,17500
2003-05-22,680.3673706054688,780.0,800.0,780.0,800.0,27400
2003-05-23,697.8126220703125,800.0,800.0,790.0,800.0,21000
2003-05-26,697.8126220703125,800.0,820.0,780.0,810.0,26500
2003-05-27,697.8126220703125,800.0,820.0,790.0,810.0,19900
2003-05-28,697.8126220703125,800.0,800.0,780.0,800.0,15800
2003-05-29,697.8126220703125,800.0,800.0,790.0,790.0,9900
2003-05-30,680.3673706054688,780.0,800.0,780.0,800.0,13800
2003-06-02,689.0900268554688,790.0,800.0,790.0,800.0,17500
2003-06-03,758.871337890625,870.0,870.0,790.0,800.0,106500
2003-06-04,732.7033081054688,840.0,860.0,830.0,860.0,76300
2003-06-05,723.9806518554688,830.0,850.0,820.0,840.0,56100
2003-06-06,767.5938720703125,880.0,920.0,840.0,850.0,242900
2003-06-09,785.0392456054688,900.0,940.0,880.0,910.0,138800
2003-06-10,811.2072143554688,930.0,940.0,890.0,900.0,111500
2003-06-11,819.929931640625,940.0,1040.0,930.0,970.0,324800
2003-06-12,828.6525268554688,950.0,990.0,930.0,980.0,120200
2003-06-13,846.0978393554688,970.0,970.0,930.0,950.0,84200
2003-06-16,828.6525268554688,950.0,960.0,930.0,940.0,29500
2003-06-17,819.929931640625,940.0,990.0,940.0,960.0,67900
2003-06-18,785.0392456054688,900.0,950.0,900.0,940.0,54500
2003-06-19,793.7618408203125,910.0,930.0,890.0,900.0,42900
2003-06-20,819.929931640625,940.0,940.0,900.0,910.0,32300
2003-06-23,880.988525390625,1010.0,1010.0,950.0,960.0,146500
2003-06-24,863.5430908203125,990.0,1000.0,960.0,990.0,58800
2003-06-25,846.0978393554688,970.0,1000.0,960.0,970.0,33600
2003-06-26,846.0978393554688,970.0,970.0,940.0,960.0,51000
2003-06-27,854.8204956054688,980.0,1000.0,960.0,980.0,59400
2003-06-30,846.0978393554688,970.0,1010.0,960.0,990.0,57600
2003-07-01,854.8204956054688,980.0,990.0,960.0,980.0,44800
2003-07-02,863.5430908203125,990.0,1030.0,970.0,980.0,144700
2003-07-03,846.0978393554688,970.0,1010.0,880.0,1000.0,99800
2003-07-04,802.4844360351562,920.0,940.0,900.0,900.0,33700
2003-07-07,811.2072143554688,930.0,950.0,920.0,940.0,35800
2003-07-08,793.7618408203125,910.0,930.0,900.0,930.0,52700
2003-07-09,802.4844360351562,920.0,920.0,900.0,900.0,35000
2003-07-10,802.4844360351562,920.0,930.0,900.0,910.0,32100
2003-07-11,785.0392456054688,900.0,930.0,900.0,920.0,10100
2003-07-14,785.0392456054688,900.0,920.0,890.0,910.0,17200
2003-07-15,767.5938720703125,880.0,920.0,880.0,900.0,59500
2003-07-16,741.4259643554688,850.0,880.0,840.0,870.0,31500
2003-07-17,776.3165283203125,890.0,890.0,790.0,850.0,72200
2003-07-18,741.4259643554688,850.0,880.0,820.0,840.0,29500
2003-07-21,741.4259643554688,850.0,850.0,850.0,850.0,0
2003-07-22,723.9806518554688,830.0,860.0,820.0,860.0,12200
2003-07-23,758.871337890625,870.0,890.0,840.0,880.0,28700
2003-07-24,846.0978393554688,970.0,980.0,870.0,870.0,162700
2003-07-25,837.3751831054688,960.0,970.0,920.0,940.0,109400
2003-07-28,863.5430908203125,990.0,1010.0,960.0,970.0,131200
2003-07-29,811.2072143554688,930.0,1000.0,920.0,1000.0,116400
2003-07-30,819.929931640625,940.0,950.0,900.0,920.0,43600
2003-07-31,811.2072143554688,930.0,940.0,910.0,940.0,25100
2003-08-01,802.4844360351562,920.0,940.0,910.0,940.0,30600
2003-08-04,872.2658081054688,1000.0,1010.0,930.0,930.0,217800
2003-08-05,863.5430908203125,990.0,1070.0,980.0,1020.0,576900
2003-08-06,819.929931640625,940.0,980.0,850.0,950.0,187200
2003-08-07,785.0392456054688,900.0,930.0,890.0,920.0,75500
2003-08-08,793.7618408203125,910.0,930.0,890.0,900.0,26300
2003-08-11,802.4844360351562,920.0,920.0,900.0,910.0,32300
2003-08-12,785.0392456054688,900.0,920.0,890.0,910.0,58000
2003-08-13,811.2072143554688,930.0,940.0,900.0,920.0,45200
2003-08-14,837.3751831054688,960.0,960.0,910.0,920.0,58100
2003-08-15,811.2072143554688,930.0,930.0,930.0,930.0,38200
2003-08-18,828.6525268554688,950.0,970.0,940.0,950.0,30400
2003-08-19,846.0978393554688,970.0,980.0,950.0,980.0,63200
2003-08-20,837.3751831054688,960.0,980.0,940.0,980.0,42100
2003-08-21,854.8204956054688,980.0,980.0,950.0,970.0,56900
2003-08-22,880.988525390625,1010.0,1020.0,980.0,990.0,166000
2003-08-25,880.988525390625,1010.0,1080.0,1010.0,1040.0,300400
2003-08-26,898.4337768554688,1030.0,1050.0,1010.0,1050.0,84500
2003-08-27,898.4337768554688,1030.0,1050.0,1020.0,1040.0,68300
2003-08-28,863.5430908203125,990.0,1030.0,980.0,1030.0,61900
2003-08-29,880.988525390625,1010.0,1010.0,980.0,1000.0,28700
2003-09-01,880.988525390625,1010.0,1020.0,990.0,1020.0,30900
2003-09-02,898.4337768554688,1030.0,1070.0,1010.0,1010.0,156800
2003-09-03,889.7111206054688,1020.0,1050.0,1000.0,1050.0,108400
2003-09-04,863.5430908203125,990.0,1020.0,980.0,1000.0,58500
2003-09-05,863.5430908203125,990.0,1010.0,980.0,1000.0,26000
2003-09-08,863.5430908203125,990.0,1000.0,990.0,990.0,9100
2003-09-09,880.988525390625,1010.0,1020.0,990.0,990.0,42100
2003-09-10,889.7111206054688,1020.0,1020.0,990.0,1000.0,24800
2003-09-11,880.988525390625,1010.0,1020.0,1000.0,1010.0,16700
2003-09-12,872.2658081054688,1000.0,1020.0,970.0,1020.0,35300
2003-09-15,872.2658081054688,1000.0,1000.0,1000.0,1000.0,0
2003-09-16,863.5430908203125,990.0,1020.0,990.0,990.0,18900
2003-09-17,854.8204956054688,980.0,1000.0,980.0,1000.0,72500
2003-09-18,846.0978393554688,970.0,990.0,950.0,980.0,59300
2003-09-19,863.5430908203125,990.0,990.0,970.0,970.0,30500
2003-09-22,846.0978393554688,970.0,970.0,950.0,960.0,42900
2003-09-23,846.0978393554688,970.0,970.0,970.0,970.0,0
2003-09-24,819.929931640625,940.0,970.0,940.0,960.0,31300
2003-09-25,811.2072143554688,930.0,930.0,910.0,920.0,22900
2003-09-26,828.6525268554688,950.0,960.0,930.0,940.0,17100
2003-09-29,819.929931640625,940.0,970.0,940.0,970.0,10000
2003-09-30,819.929931640625,940.0,960.0,930.0,940.0,18200
2003-10-01,819.929931640625,940.0,950.0,920.0,940.0,10900
2003-10-02,819.929931640625,940.0,940.0,920.0,940.0,14600
2003-10-03,837.3751831054688,960.0,960.0,930.0,940.0,23600
2003-10-06,854.8204956054688,980.0,990.0,960.0,970.0,32500
2003-10-07,854.8204956054688,980.0,990.0,970.0,980.0,22100
2003-10-08,846.0978393554688,970.0,980.0,960.0,970.0,32300
2003-10-09,863.5430908203125,990.0,990.0,960.0,970.0,43300
2003-10-10,837.3751831054688,960.0,990.0,960.0,990.0,21300
2003-10-13,837.3751831054688,960.0,960.0,960.0,960.0,0
2003-10-14,819.929931640625,940.0,970.0,940.0,970.0,25600
2003-10-15,811.2072143554688,930.0,940.0,920.0,940.0,28400
2003-10-16,819.929931640625,940.0,950.0,920.0,930.0,27600
2003-10-17,828.6525268554688,950.0,950.0,930.0,940.0,15600
2003-10-20,811.2072143554688,930.0,950.0,930.0,950.0,17400
2003-10-21,828.6525268554688,950.0,970.0,940.0,950.0,54400
2003-10-22,828.6525268554688,950.0,970.0,940.0,960.0,33200
2003-10-23,776.3165283203125,890.0,950.0,890.0,950.0,50700
2003-10-24,776.3165283203125,890.0,910.0,880.0,900.0,19200
2003-10-27,741.4259643554688,850.0,880.0,820.0,880.0,33500
2003-10-28,741.4259643554688,850.0,860.0,850.0,860.0,13900
2003-10-29,785.0392456054688,900.0,900.0,850.0,850.0,26800
2003-10-30,785.0392456054688,900.0,900.0,880.0,900.0,7200
2003-10-31,750.1486206054688,860.0,900.0,860.0,900.0,8400
2003-11-03,750.1486206054688,860.0,860.0,860.0,860.0,0
2003-11-04,767.5938720703125,880.0,900.0,880.0,890.0,9300
2003-11-05,767.5938720703125,880.0,910.0,880.0,900.0,9700
2003-11-06,767.5938720703125,880.0,890.0,880.0,890.0,8900
2003-11-07,758.871337890625,870.0,890.0,860.0,880.0,7600
2003-11-10,819.929931640625,940.0,980.0,880.0,890.0,204100
2003-11-11,767.5938720703125,880.0,930.0,830.0,930.0,65000
2003-11-12,741.4259643554688,850.0,900.0,840.0,900.0,24100
2003-11-13,750.1486206054688,860.0,890.0,830.0,860.0,37000
2003-11-14,750.1486206054688,860.0,860.0,840.0,850.0,14000
2003-11-17,662.922119140625,760.0,850.0,740.0,850.0,73700
2003-11-18,662.922119140625,760.0,780.0,750.0,760.0,18000
2003-11-19,662.922119140625,760.0,770.0,760.0,770.0,10100
2003-11-20,689.0900268554688,790.0,810.0,750.0,760.0,39600
2003-11-21,689.0900268554688,790.0,790.0,770.0,770.0,10800
2003-11-24,689.0900268554688,790.0,790.0,790.0,790.0,0
2003-11-25,706.5352172851562,810.0,820.0,800.0,810.0,13800
2003-11-26,706.5352172851562,810.0,830.0,790.0,790.0,8600
2003-11-27,706.5352172851562,810.0,830.0,800.0,830.0,8900
2003-11-28,689.0900268554688,790.0,820.0,790.0,790.0,7200
2003-12-01,671.6446533203125,770.0,780.0,730.0,780.0,18300
2003-12-02,680.3673706054688,780.0,800.0,770.0,780.0,8100
2003-12-03,697.8126220703125,800.0,800.0,770.0,790.0,7500
2003-12-04,689.0900268554688,790.0,800.0,780.0,780.0,6700
2003-12-05,689.0900268554688,790.0,800.0,780.0,800.0,7300
2003-12-08,680.3673706054688,780.0,800.0,770.0,800.0,6500
2003-12-09,662.922119140625,760.0,780.0,760.0,760.0,14100
2003-12-10,654.1992797851562,750.0,760.0,740.0,760.0,13100
2003-12-12,645.4766235351562,740.0,740.0,730.0,740.0,18200
2003-12-15,636.7540283203125,730.0,760.0,730.0,740.0,13600
2003-12-16,645.4766235351562,740.0,740.0,710.0,730.0,19400
2003-12-17,628.0313110351562,720.0,740.0,710.0,740.0,14900
2003-12-18,584.4180908203125,670.0,720.0,640.0,710.0,79900
2003-12-19,584.4180908203125,670.0,700.0,670.0,690.0,33600
2003-12-22,584.4180908203125,670.0,680.0,660.0,660.0,24400
2003-12-23,584.4180908203125,670.0,670.0,670.0,670.0,0
2003-12-24,575.6954956054688,660.0,660.0,650.0,660.0,27600
2003-12-25,584.4180908203125,670.0,670.0,630.0,650.0,40500
2003-12-26,628.0313110351562,720.0,730.0,680.0,700.0,32600
2003-12-29,671.6446533203125,770.0,770.0,720.0,720.0,31300
2003-12-30,680.3673706054688,780.0,800.0,780.0,780.0,18500
2004-01-02,680.3673706054688,780.0,780.0,780.0,780.0,0
2004-01-05,723.9806518554688,830.0,830.0,780.0,810.0,21800
2004-01-06,697.8126220703125,800.0,830.0,800.0,810.0,23600
2004-01-07,706.5352172851562,810.0,820.0,800.0,820.0,14300
2004-01-08,723.9806518554688,830.0,850.0,810.0,820.0,43000
2004-01-09,758.871337890625,870.0,900.0,860.0,860.0,93800
2004-01-12,758.871337890625,870.0,870.0,870.0,870.0,0
2004-01-13,776.3165283203125,890.0,900.0,860.0,900.0,25200
2004-01-14,767.5938720703125,880.0,890.0,870.0,890.0,21800
2004-01-15,802.4844360351562,920.0,960.0,890.0,890.0,172400
2004-01-16,776.3165283203125,890.0,960.0,880.0,940.0,102400
2004-01-19,785.0392456054688,900.0,930.0,890.0,890.0,54200
2004-01-20,767.5938720703125,880.0,920.0,880.0,910.0,32800
2004-01-21,776.3165283203125,890.0,910.0,890.0,900.0,20500
2004-01-22,776.3165283203125,890.0,900.0,880.0,900.0,11700
2004-01-23,767.5938720703125,880.0,900.0,880.0,890.0,19900
2004-01-26,767.5938720703125,880.0,910.0,880.0,910.0,16600
2004-01-27,776.3165283203125,890.0,910.0,890.0,900.0,15500
2004-01-28,767.5938720703125,880.0,890.0,870.0,890.0,36900
2004-01-29,750.1486206054688,860.0,870.0,850.0,870.0,23100
2004-01-30,758.871337890625,870.0,880.0,850.0,850.0,9500
2004-02-02,750.1486206054688,860.0,880.0,860.0,860.0,8000
2004-02-03,741.4259643554688,850.0,870.0,850.0,860.0,13000
2004-02-04,732.7033081054688,840.0,860.0,840.0,860.0,15600
2004-02-05,741.4259643554688,850.0,850.0,840.0,840.0,8600
2004-02-06,732.7033081054688,840.0,860.0,840.0,860.0,7500
2004-02-09,732.7033081054688,840.0,860.0,840.0,850.0,7900
2004-02-10,732.7033081054688,840.0,850.0,840.0,840.0,7400
2004-02-11,732.7033081054688,840.0,840.0,840.0,840.0,0
2004-02-12,741.4259643554688,850.0,860.0,850.0,850.0,8000
2004-02-13,732.7033081054688,840.0,860.0,840.0,850.0,4700
2004-02-16,750.1486206054688,860.0,860.0,840.0,850.0,4900
2004-02-17,776.3165283203125,890.0,900.0,850.0,860.0,16600
2004-02-18,758.871337890625,870.0,900.0,870.0,900.0,8800
2004-02-19,732.7033081054688,840.0,870.0,840.0,860.0,13000
2004-02-20,750.1486206054688,860.0,870.0,840.0,840.0,7100
2004-02-23,758.871337890625,870.0,870.0,860.0,870.0,6900
2004-02-24,750.1486206054688,860.0,880.0,860.0,870.0,7200
2004-02-25,732.7033081054688,840.0,860.0,840.0,860.0,20200
2004-02-26,723.9806518554688,830.0,850.0,830.0,850.0,15300
2004-02-27,758.871337890625,870.0,870.0,840.0,850.0,15900
2004-03-01,785.0392456054688,900.0,900.0,870.0,870.0,30900
2004-03-02,785.0392456054688,900.0,920.0,890.0,910.0,46100
2004-03-03,819.929931640625,940.0,950.0,890.0,900.0,99500
2004-03-04,837.3751831054688,960.0,970.0,920.0,940.0,98000
2004-03-05,811.2072143554688,930.0,960.0,930.0,960.0,54200
2004-03-08,837.3751831054688,960.0,980.0,940.0,950.0,65500
2004-03-09,863.5430908203125,990.0,990.0,960.0,980.0,40700
2004-03-10,880.988525390625,1010.0,1020.0,980.0,990.0,88900
2004-03-11,863.5430908203125,990.0,1000.0,970.0,990.0,75600
2004-03-12,854.8204956054688,980.0,990.0,970.0,990.0,30900
2004-03-15,872.2658081054688,1000.0,1000.0,990.0,990.0,34300
2004-03-16,933.3243408203124,1070.0,1070.0,990.0,1000.0,225200
2004-03-17,924.6017456054688,1060.0,1100.0,1050.0,1080.0,169500
2004-03-18,915.8790283203124,1050.0,1100.0,1020.0,1090.0,136400
2004-03-19,959.4924926757812,1100.0,1100.0,1020.0,1020.0,70100
2004-03-22,994.3829345703124,1140.0,1180.0,1100.0,1100.0,210700
2004-03-23,1046.718994140625,1200.0,1200.0,1120.0,1130.0,138500
2004-03-24,1107.777587890625,1270.0,1310.0,1220.0,1300.0,382000
2004-03-25,1151.3909912109375,1320.0,1430.0,1280.0,1280.0,389100
2004-03-26,1090.3323974609375,1250.0,1350.0,1230.0,1340.0,139600
2004-03-29,1055.441650390625,1210.0,1270.0,1200.0,1250.0,108400
2004-03-30,1011.8283081054688,1160.0,1200.0,1150.0,1190.0,192300
2004-03-31,1046.718994140625,1200.0,1230.0,1170.0,1170.0,116600
2004-04-01,1046.718994140625,1200.0,1220.0,1190.0,1210.0,77500
2004-04-02,1099.0550537109375,1260.0,1260.0,1200.0,1220.0,90800
2004-04-05,1090.3323974609375,1250.0,1290.0,1250.0,1270.0,92200
2004-04-06,1099.0550537109375,1260.0,1270.0,1230.0,1260.0,74400
2004-04-07,1090.3323974609375,1250.0,1260.0,1230.0,1260.0,47000
2004-04-08,1081.6094970703125,1240.0,1250.0,1220.0,1230.0,43800
2004-04-09,1037.996337890625,1190.0,1220.0,1170.0,1200.0,101800
2004-04-12,1099.0550537109375,1260.0,1260.0,1180.0,1180.0,57700
2004-04-13,1125.222900390625,1290.0,1320.0,1250.0,1280.0,138200
2004-04-14,1177.5587158203125,1350.0,1350.0,1290.0,1300.0,152500
2004-04-15,1142.668212890625,1310.0,1390.0,1280.0,1370.0,142400
2004-04-16,1142.668212890625,1310.0,1350.0,1290.0,1340.0,55900
2004-04-19,1072.886962890625,1230.0,1330.0,1200.0,1310.0,35400
2004-04-20,1125.222900390625,1290.0,1320.0,1250.0,1250.0,71900
2004-04-21,1125.222900390625,1290.0,1290.0,1250.0,1260.0,32900
2004-04-22,1099.0550537109375,1260.0,1290.0,1260.0,1290.0,28000
2004-04-23,1072.886962890625,1230.0,1270.0,1200.0,1270.0,33400
2004-04-26,1055.441650390625,1210.0,1220.0,1200.0,1220.0,32700
2004-04-27,1003.105712890625,1150.0,1160.0,1120.0,1150.0,66200
2004-04-28,1046.718994140625,1200.0,1210.0,1170.0,1170.0,28700
2004-04-29,1046.718994140625,1200.0,1200.0,1200.0,1200.0,0
2004-04-30,1029.2735595703125,1180.0,1200.0,1160.0,1200.0,31300
2004-05-05,1029.2735595703125,1180.0,1180.0,1180.0,1180.0,0
2004-05-06,1011.8283081054688,1160.0,1180.0,1150.0,1180.0,14800
2004-05-07,985.660400390625,1130.0,1150.0,1130.0,1130.0,20400
2004-05-10,889.7111206054688,1020.0,1120.0,990.0,1120.0,66000
2004-05-11,863.5430908203125,990.0,1010.0,910.0,910.0,48400
2004-05-12,898.4337768554688,1030.0,1050.0,990.0,990.0,31300
2004-05-13,907.1564331054688,1040.0,1060.0,1010.0,1060.0,24700
2004-05-14,889.7111206054688,1020.0,1030.0,990.0,1030.0,14600
2004-05-17,750.1486206054688,860.0,960.0,860.0,960.0,50700
2004-05-18,802.4844360351562,920.0,930.0,870.0,880.0,26800
2004-05-19,872.2658081054688,1000.0,1020.0,950.0,960.0,32000
2004-05-20,863.5430908203125,990.0,1020.0,970.0,1000.0,20600
2004-05-21,880.988525390625,1010.0,1020.0,990.0,990.0,8200
2004-05-24,915.8790283203124,1050.0,1070.0,1020.0,1020.0,20000
2004-05-25,898.4337768554688,1030.0,1050.0,1020.0,1050.0,17900
2004-05-26,942.0470581054688,1080.0,1130.0,1060.0,1070.0,50800
2004-05-27,942.0470581054688,1080.0,1090.0,1040.0,1080.0,15500
2004-05-28,915.8790283203124,1050.0,1070.0,1040.0,1050.0,13800
2004-05-31,898.4337768554688,1030.0,1060.0,1010.0,1060.0,11500
2004-06-01,898.4337768554688,1030.0,1040.0,1010.0,1020.0,9500
2004-06-02,898.4337768554688,1030.0,1050.0,1030.0,1040.0,19000
2004-06-03,880.988525390625,1010.0,1050.0,1010.0,1030.0,16000
2004-06-04,880.988525390625,1010.0,1020.0,990.0,1000.0,7100
2004-06-07,898.4337768554688,1030.0,1040.0,1010.0,1010.0,9200
2004-06-08,976.9376831054688,1120.0,1140.0,1050.0,1050.0,73800
2004-06-09,950.7697143554688,1090.0,1160.0,1080.0,1110.0,95000
2004-06-10,968.2151489257812,1110.0,1150.0,1090.0,1090.0,43300
2004-06-11,985.660400390625,1130.0,1140.0,1120.0,1130.0,39900
2004-06-14,1020.5509033203124,1170.0,1200.0,1140.0,1150.0,79200
2004-06-15,1003.105712890625,1150.0,1160.0,1140.0,1160.0,19500
2004-06-16,1029.2735595703125,1180.0,1190.0,1130.0,1150.0,64200
2004-06-17,1029.2735595703125,1180.0,1190.0,1160.0,1170.0,19900
2004-06-18,1020.5509033203124,1170.0,1200.0,1170.0,1180.0,56000
2004-06-21,1037.996337890625,1190.0,1200.0,1150.0,1180.0,44700
2004-06-22,1011.8283081054688,1160.0,1180.0,1160.0,1180.0,9600
2004-06-23,985.660400390625,1130.0,1170.0,1130.0,1160.0,21200
2004-06-24,994.3829345703124,1140.0,1150.0,1120.0,1150.0,13200
2004-06-25,968.2151489257812,1110.0,1150.0,1100.0,1130.0,30900
2004-06-28,994.3829345703124,1140.0,1150.0,1130.0,1150.0,13000
2004-06-29,1011.8283081054688,1160.0,1170.0,1130.0,1150.0,44800
2004-06-30,1011.8283081054688,1160.0,1180.0,1160.0,1170.0,27900
2004-07-01,1003.105712890625,1150.0,1170.0,1150.0,1170.0,18400
2004-07-02,994.3829345703124,1140.0,1150.0,1130.0,1140.0,16700
2004-07-05,959.4924926757812,1100.0,1130.0,1070.0,1130.0,49600
2004-07-06,950.7697143554688,1090.0,1120.0,1090.0,1090.0,27100
2004-07-07,942.0470581054688,1080.0,1100.0,1050.0,1090.0,21700
2004-07-08,933.3243408203124,1070.0,1090.0,1070.0,1080.0,15700
2004-07-09,959.4924926757812,1100.0,1100.0,1080.0,1080.0,11900
2004-07-12,976.9376831054688,1120.0,1130.0,1110.0,1110.0,29700
2004-07-13,976.9376831054688,1120.0,1130.0,1110.0,1120.0,22900
2004-07-14,985.660400390625,1130.0,1160.0,1130.0,1130.0,39500
2004-07-15,976.9376831054688,1120.0,1130.0,1110.0,1130.0,11800
2004-07-16,968.2151489257812,1110.0,1120.0,1080.0,1120.0,13100
2004-07-19,968.2151489257812,1110.0,1110.0,1110.0,1110.0,0
2004-07-20,942.0470581054688,1080.0,1090.0,1080.0,1090.0,6400
2004-07-21,959.4924926757812,1100.0,1110.0,1090.0,1090.0,8400
2004-07-22,942.0470581054688,1080.0,1100.0,1080.0,1090.0,12000
2004-07-23,933.3243408203124,1070.0,1080.0,1070.0,1080.0,16000
2004-07-26,942.0470581054688,1080.0,1090.0,1050.0,1060.0,28400
2004-07-27,907.1564331054688,1040.0,1070.0,1010.0,1070.0,23000
2004-07-28,915.8790283203124,1050.0,1050.0,1040.0,1040.0,13100
2004-07-29,872.2658081054688,1000.0,1040.0,1000.0,1040.0,8100
2004-07-30,915.8790283203124,1050.0,1050.0,1010.0,1010.0,6600
2004-08-02,907.1564331054688,1040.0,1060.0,1020.0,1060.0,11400
2004-08-03,889.7111206054688,1020.0,1050.0,1020.0,1040.0,7700
2004-08-04,854.8204956054688,980.0,1040.0,950.0,1020.0,43100
2004-08-05,872.2658081054688,1000.0,1010.0,980.0,990.0,6800
2004-08-06,854.8204956054688,980.0,990.0,950.0,980.0,30300
2004-08-09,846.0978393554688,970.0,990.0,940.0,940.0,22500
2004-08-10,863.5430908203125,990.0,990.0,970.0,990.0,8700
2004-08-11,880.988525390625,1010.0,1020.0,1000.0,1000.0,14200
2004-08-12,880.988525390625,1010.0,1020.0,1000.0,1010.0,7900
2004-08-13,907.1564331054688,1040.0,1050.0,1010.0,1040.0,15100
2004-08-16,880.988525390625,1010.0,1030.0,990.0,1030.0,13700
2004-08-17,872.2658081054688,1000.0,1020.0,990.0,1020.0,10700
2004-08-18,872.2658081054688,1000.0,1020.0,990.0,1020.0,1100
2004-08-19,889.7111206054688,1020.0,1040.0,1000.0,1000.0,5600
2004-08-20,889.7111206054688,1020.0,1030.0,1010.0,1030.0,500
2004-08-23,880.988525390625,1010.0,1030.0,1000.0,1030.0,11000
2004-08-24,880.988525390625,1010.0,1010.0,1000.0,1000.0,8500
2004-08-25,915.8790283203124,1050.0,1050.0,1000.0,1010.0,20100
2004-08-26,915.8790283203124,1050.0,1070.0,1040.0,1050.0,26100
2004-08-27,976.9376831054688,1120.0,1120.0,1050.0,1080.0,37900
2004-08-30,968.2151489257812,1110.0,1120.0,1100.0,1120.0,29400
2004-08-31,933.3243408203124,1070.0,1100.0,1070.0,1100.0,8300
2004-09-01,950.7697143554688,1090.0,1090.0,1050.0,1070.0,15300
2004-09-02,950.7697143554688,1090.0,1100.0,1090.0,1100.0,17800
2004-09-03,976.9376831054688,1120.0,1120.0,1100.0,1100.0,33700
2004-09-06,1011.8283081054688,1160.0,1170.0,1130.0,1160.0,80700
2004-09-07,1037.996337890625,1190.0,1210.0,1150.0,1160.0,317900
2004-09-08,1011.8283081054688,1160.0,1220.0,1150.0,1220.0,144900
2004-09-09,1011.8283081054688,1160.0,1190.0,1150.0,1170.0,45300
2004-09-10,994.3829345703124,1140.0,1160.0,1130.0,1160.0,33000
2004-09-13,1003.105712890625,1150.0,1160.0,1130.0,1130.0,29100
2004-09-14,985.660400390625,1130.0,1150.0,1120.0,1150.0,31200
2004-09-15,1020.5509033203124,1170.0,1190.0,1130.0,1130.0,130800
2004-09-16,994.3829345703124,1140.0,1170.0,1130.0,1170.0,92900
2004-09-17,976.9376831054688,1120.0,1140.0,1110.0,1140.0,32200
2004-09-21,985.660400390625,1130.0,1130.0,1120.0,1120.0,31100
2004-09-22,976.9376831054688,1120.0,1130.0,1110.0,1120.0,25600
2004-09-23,976.9376831054688,1120.0,1120.0,1120.0,1120.0,0
2004-09-24,942.0470581054688,1080.0,1110.0,1050.0,1110.0,58300
2004-09-27,985.660400390625,1130.0,1190.0,1080.0,1080.0,62200
2004-09-28,968.2151489257812,1110.0,1140.0,1090.0,1140.0,26900
2004-09-29,959.4924926757812,1100.0,1130.0,1080.0,1130.0,51500
2004-09-30,959.4924926757812,1100.0,1110.0,1090.0,1090.0,18700
2004-10-01,985.660400390625,1130.0,1140.0,1100.0,1100.0,48200
2004-10-04,994.3829345703124,1140.0,1160.0,1140.0,1140.0,73100
2004-10-05,1116.5001220703125,1280.0,1620.0,1170.0,1170.0,3817900
2004-10-06,1055.441650390625,1210.0,1320.0,1180.0,1290.0,794700
2004-10-07,1125.222900390625,1290.0,1400.0,1250.0,1250.0,1054700
2004-10-08,1099.0550537109375,1260.0,1300.0,1250.0,1260.0,157800
2004-10-11,1099.0550537109375,1260.0,1260.0,1260.0,1260.0,0
2004-10-12,1107.777587890625,1270.0,1290.0,1240.0,1290.0,86900
2004-10-13,1125.222900390625,1290.0,1350.0,1260.0,1270.0,282000
2004-10-14,1090.3323974609375,1250.0,1300.0,1250.0,1300.0,92300
2004-10-15,1055.441650390625,1210.0,1240.0,1180.0,1210.0,103100
2004-10-18,1133.9454345703125,1300.0,1360.0,1260.0,1260.0,641500
2004-10-19,1133.9454345703125,1300.0,1330.0,1270.0,1310.0,107800
2004-10-20,1099.0550537109375,1260.0,1290.0,1250.0,1270.0,48100
2004-10-21,1081.6094970703125,1240.0,1280.0,1230.0,1280.0,45600
2004-10-22,1081.6094970703125,1240.0,1260.0,1230.0,1240.0,37600
2004-10-25,1081.6094970703125,1240.0,1240.0,1200.0,1210.0,34000
2004-10-26,1046.718994140625,1200.0,1230.0,1200.0,1230.0,53700
2004-10-27,1011.8283081054688,1160.0,1220.0,1150.0,1210.0,78600
2004-10-28,1037.996337890625,1190.0,1210.0,1170.0,1180.0,51700
2004-10-29,1011.8283081054688,1160.0,1190.0,1140.0,1180.0,51900
2004-11-01,1116.5001220703125,1280.0,1490.0,1170.0,1180.0,1739400
2004-11-02,1081.6094970703125,1240.0,1350.0,1220.0,1280.0,272200
2004-11-04,1099.0550537109375,1260.0,1280.0,1250.0,1270.0,88500
2004-11-05,1133.9454345703125,1300.0,1430.0,1290.0,1310.0,734500
2004-11-08,1107.777587890625,1270.0,1310.0,1260.0,1300.0,141800
2004-11-09,1099.0550537109375,1260.0,1270.0,1230.0,1260.0,78600
2004-11-10,1099.0550537109375,1260.0,1280.0,1250.0,1280.0,43500
2004-11-11,1072.886962890625,1230.0,1260.0,1220.0,1260.0,48600
2004-11-12,1064.1644287109375,1220.0,1240.0,1210.0,1240.0,36300
2004-11-15,1090.3323974609375,1250.0,1250.0,1220.0,1220.0,44400
2004-11-16,1081.6094970703125,1240.0,1260.0,1240.0,1250.0,31400
2004-11-17,1072.886962890625,1230.0,1240.0,1220.0,1240.0,21700
2004-11-18,1064.1644287109375,1220.0,1240.0,1220.0,1240.0,31100
2004-11-19,1125.222900390625,1290.0,1290.0,1220.0,1230.0,147000
2004-11-22,1081.6094970703125,1240.0,1280.0,1230.0,1280.0,74500
2004-11-23,1081.6094970703125,1240.0,1240.0,1240.0,1240.0,0
2004-11-24,1090.3323974609375,1250.0,1260.0,1220.0,1230.0,43000
2004-11-25,1107.777587890625,1270.0,1340.0,1250.0,1250.0,193400
2004-11-26,1099.0550537109375,1260.0,1290.0,1250.0,1270.0,35700
2004-11-29,1099.0550537109375,1260.0,1280.0,1250.0,1270.0,30700
2004-11-30,1116.5001220703125,1280.0,1320.0,1270.0,1270.0,129900
2004-12-01,1125.222900390625,1290.0,1330.0,1280.0,1300.0,122700
2004-12-02,1125.222900390625,1290.0,1310.0,1270.0,1310.0,50200
2004-12-03,1116.5001220703125,1280.0,1290.0,1270.0,1280.0,33500
2004-12-06,1107.777587890625,1270.0,1290.0,1260.0,1290.0,40700
2004-12-07,1099.0550537109375,1260.0,1280.0,1250.0,1260.0,43700
2004-12-08,1081.6094970703125,1240.0,1250.0,1230.0,1250.0,47400
2004-12-09,1072.886962890625,1230.0,1260.0,1230.0,1240.0,50400
2004-12-10,1081.6094970703125,1240.0,1250.0,1230.0,1240.0,36100
2004-12-13,1072.886962890625,1230.0,1240.0,1210.0,1230.0,42500
2004-12-14,1046.718994140625,1200.0,1220.0,1160.0,1220.0,74700
2004-12-15,1055.441650390625,1210.0,1220.0,1200.0,1200.0,19100
2004-12-16,1029.2735595703125,1180.0,1220.0,1180.0,1200.0,28500
2004-12-17,1037.996337890625,1190.0,1200.0,1170.0,1180.0,26100
2004-12-20,1037.996337890625,1190.0,1190.0,1160.0,1180.0,36000
2004-12-21,1090.3323974609375,1250.0,1270.0,1180.0,1200.0,140000
2004-12-22,1090.3323974609375,1250.0,1260.0,1210.0,1260.0,48800
2004-12-24,1072.886962890625,1230.0,1260.0,1230.0,1260.0,35000
2004-12-27,1081.6094970703125,1240.0,1260.0,1240.0,1250.0,36800
2004-12-28,1099.0550537109375,1260.0,1260.0,1240.0,1240.0,25200
2004-12-29,1116.5001220703125,1280.0,1290.0,1240.0,1260.0,56800
2004-12-30,1090.3323974609375,1250.0,1290.0,1250.0,1290.0,51400
2005-01-03,1090.3323974609375,1250.0,1250.0,1250.0,1250.0,0
2005-01-04,1133.9454345703125,1300.0,1310.0,1260.0,1270.0,83700
2005-01-05,1186.2816162109375,1360.0,1410.0,1280.0,1280.0,804700
2005-01-06,1195.0042724609375,1370.0,1430.0,1360.0,1380.0,380600
2005-01-07,1229.894775390625,1410.0,1440.0,1390.0,1420.0,362100
2005-01-10,1229.894775390625,1410.0,1410.0,1410.0,1410.0,0
2005-01-11,1221.1719970703125,1400.0,1410.0,1380.0,1410.0,107600
2005-01-12,1299.676025390625,1490.0,1490.0,1380.0,1400.0,647200
2005-01-13,1247.3402099609375,1430.0,1490.0,1420.0,1490.0,190500
2005-01-14,1273.508056640625,1460.0,1470.0,1420.0,1420.0,132800
2005-01-17,1430.515869140625,1640.0,1660.0,1450.0,1470.0,1300000
2005-01-18,1386.902587890625,1590.0,1720.0,1570.0,1710.0,1360800
2005-01-19,1378.1800537109375,1580.0,1610.0,1540.0,1610.0,323000
2005-01-20,1535.187744140625,1760.0,1760.0,1610.0,1620.0,1412500
2005-01-21,1456.683837890625,1670.0,1750.0,1640.0,1720.0,718800
2005-01-24,1447.9613037109375,1660.0,1700.0,1650.0,1690.0,178800
2005-01-25,1413.0704345703125,1620.0,1690.0,1570.0,1670.0,290400
2005-01-26,1386.902587890625,1590.0,1630.0,1580.0,1620.0,116500
2005-01-27,1369.4576416015625,1570.0,1610.0,1570.0,1600.0,77400
2005-01-28,1334.5670166015625,1530.0,1580.0,1510.0,1570.0,92600
2005-01-31,1378.1800537109375,1580.0,1580.0,1510.0,1530.0,93300
2005-02-01,1352.011962890625,1550.0,1580.0,1550.0,1570.0,51200
2005-02-02,1404.347900390625,1610.0,1620.0,1550.0,1570.0,123400
2005-02-03,1430.515869140625,1640.0,1650.0,1590.0,1630.0,222600
2005-02-04,1369.4576416015625,1570.0,1630.0,1570.0,1610.0,94600
2005-02-07,1378.1800537109375,1580.0,1590.0,1550.0,1590.0,42800
2005-02-08,1369.4576416015625,1570.0,1580.0,1560.0,1580.0,38700
2005-02-09,1404.347900390625,1610.0,1610.0,1560.0,1580.0,103900
2005-02-10,1378.1800537109375,1580.0,1620.0,1580.0,1610.0,65600
2005-02-11,1378.1800537109375,1580.0,1580.0,1580.0,1580.0,0
2005-02-14,1395.625244140625,1600.0,1600.0,1580.0,1590.0,47600
2005-02-15,1360.7347412109375,1560.0,1600.0,1540.0,1600.0,85300
2005-02-16,1334.5670166015625,1530.0,1540.0,1520.0,1540.0,71400
2005-02-17,1299.676025390625,1490.0,1530.0,1470.0,1520.0,80400
2005-02-18,1282.2308349609375,1470.0,1500.0,1460.0,1500.0,43200
2005-02-21,1317.1214599609375,1510.0,1520.0,1480.0,1480.0,54400
2005-02-22,1404.347900390625,1610.0,1800.0,1560.0,1560.0,1067200
2005-02-23,1386.902587890625,1590.0,1640.0,1580.0,1640.0,138300
2005-02-24,1378.1800537109375,1580.0,1600.0,1570.0,1600.0,67600
2005-02-25,1386.902587890625,1590.0,1610.0,1570.0,1580.0,70900
2005-02-28,1413.0704345703125,1620.0,1620.0,1580.0,1620.0,65200
2005-03-01,1447.9613037109375,1660.0,1670.0,1610.0,1620.0,285900
2005-03-02,1421.793212890625,1630.0,1660.0,1620.0,1660.0,111000
2005-03-03,1456.683837890625,1670.0,1680.0,1610.0,1620.0,102400
2005-03-04,1482.8519287109375,1700.0,1710.0,1650.0,1690.0,366900
2005-03-07,1439.2386474609375,1650.0,1700.0,1640.0,1700.0,169000
2005-03-08,1413.0704345703125,1620.0,1660.0,1620.0,1650.0,85700
2005-03-09,1456.683837890625,1670.0,1670.0,1610.0,1610.0,101800
2005-03-10,1430.515869140625,1640.0,1660.0,1630.0,1640.0,54600
2005-03-11,1430.515869140625,1640.0,1670.0,1630.0,1640.0,98900
2005-03-14,1447.9613037109375,1660.0,1680.0,1640.0,1650.0,117600
2005-03-15,1413.0704345703125,1620.0,1700.0,1620.0,1670.0,187200
2005-03-16,1447.9613037109375,1660.0,1690.0,1640.0,1660.0,175900
2005-03-17,1439.2386474609375,1650.0,1660.0,1630.0,1650.0,81100
2005-03-18,1465.4066162109375,1680.0,1710.0,1650.0,1660.0,512600
2005-03-21,1465.4066162109375,1680.0,1680.0,1680.0,1680.0,0
2005-03-22,1491.5745849609375,1710.0,1710.0,1670.0,1690.0,243800
2005-03-23,1465.4066162109375,1680.0,1700.0,1660.0,1700.0,118400
2005-03-24,1447.9613037109375,1660.0,1700.0,1660.0,1700.0,57500
2005-03-25,1430.515869140625,1640.0,1670.0,1600.0,1670.0,70700
2005-03-28,1413.0704345703125,1620.0,1640.0,1590.0,1600.0,40700
2005-03-29,1386.902587890625,1590.0,1640.0,1590.0,1630.0,43400
2005-03-30,1352.011962890625,1550.0,1590.0,1550.0,1590.0,75400
2005-03-31,1430.515869140625,1640.0,1700.0,1600.0,1600.0,343200
2005-04-01,1421.793212890625,1630.0,1630.0,1600.0,1600.0,44500
2005-04-04,1404.347900390625,1610.0,1630.0,1600.0,1620.0,29300
2005-04-05,1421.793212890625,1630.0,1650.0,1610.0,1610.0,36300
2005-04-06,1430.515869140625,1640.0,1650.0,1620.0,1650.0,35800
2005-04-07,1421.793212890625,1630.0,1650.0,1610.0,1650.0,43200
2005-04-08,1404.347900390625,1610.0,1640.0,1610.0,1630.0,35900
2005-04-11,1395.625244140625,1600.0,1610.0,1580.0,1610.0,34800
2005-04-12,1369.4576416015625,1570.0,1590.0,1560.0,1580.0,24700
2005-04-13,1360.7347412109375,1560.0,1580.0,1540.0,1580.0,43600
2005-04-14,1325.84423828125,1520.0,1530.0,1500.0,1530.0,55600
2005-04-15,1282.2308349609375,1470.0,1480.0,1460.0,1470.0,32500
2005-04-18,1177.5587158203125,1350.0,1400.0,1330.0,1370.0,121100
2005-04-19,1247.3402099609375,1430.0,1430.0,1380.0,1390.0,54900
2005-04-20,1273.508056640625,1460.0,1500.0,1450.0,1490.0,56900
2005-04-21,1238.6175537109375,1420.0,1430.0,1400.0,1410.0,32900
2005-04-22,1256.0626220703125,1440.0,1470.0,1440.0,1450.0,32000
2005-04-25,1256.0626220703125,1440.0,1440.0,1410.0,1440.0,26900
2005-04-26,1264.785400390625,1450.0,1460.0,1440.0,1460.0,12800
2005-04-27,1238.6175537109375,1420.0,1440.0,1420.0,1440.0,6800
2005-04-28,1247.3402099609375,1430.0,1430.0,1410.0,1420.0,15100
2005-04-29,1247.3402099609375,1430.0,1430.0,1430.0,1430.0,0
2005-05-02,1256.0626220703125,1440.0,1440.0,1420.0,1430.0,10300
2005-05-05,1256.0626220703125,1440.0,1440.0,1440.0,1440.0,0
2005-05-06,1256.0626220703125,1440.0,1460.0,1420.0,1450.0,35500
2005-05-09,1273.508056640625,1460.0,1480.0,1450.0,1470.0,27600
2005-05-10,1352.011962890625,1550.0,1670.0,1500.0,1500.0,455300
2005-05-11,1334.5670166015625,1530.0,1530.0,1500.0,1500.0,75100
2005-05-12,1317.1214599609375,1510.0,1580.0,1510.0,1580.0,63000
2005-05-13,1308.3985595703125,1500.0,1520.0,1500.0,1510.0,30500
2005-05-16,1247.3402099609375,1430.0,1480.0,1420.0,1460.0,54500
2005-05-17,1203.726806640625,1380.0,1480.0,1340.0,1450.0,62600
2005-05-18,1203.726806640625,1380.0,1420.0,1370.0,1390.0,22500
2005-05-19,1229.894775390625,1410.0,1420.0,1390.0,1420.0,31800
2005-05-20,1221.1719970703125,1400.0,1430.0,1400.0,1420.0,14800
2005-05-23,1195.0042724609375,1370.0,1410.0,1360.0,1410.0,23400
2005-05-24,1273.508056640625,1460.0,1540.0,1410.0,1420.0,394400
2005-05-25,1221.1719970703125,1400.0,1450.0,1390.0,1450.0,50700
2005-05-26,1212.449462890625,1390.0,1410.0,1380.0,1390.0,16100
2005-05-27,1212.449462890625,1390.0,1420.0,1380.0,1410.0,20000
2005-05-30,1221.1719970703125,1400.0,1410.0,1380.0,1390.0,15300
2005-05-31,1221.1719970703125,1400.0,1420.0,1400.0,1410.0,26600
2005-06-01,1247.3402099609375,1430.0,1470.0,1410.0,1420.0,93700
2005-06-02,1247.3402099609375,1430.0,1470.0,1430.0,1450.0,48600
2005-06-03,1229.894775390625,1410.0,1450.0,1410.0,1450.0,48600
2005-06-06,1238.6175537109375,1420.0,1430.0,1400.0,1420.0,35500
2005-06-07,1238.6175537109375,1420.0,1430.0,1420.0,1430.0,21200
2005-06-08,1238.6175537109375,1420.0,1430.0,1420.0,1430.0,13300
2005-06-09,1256.0626220703125,1440.0,1440.0,1420.0,1430.0,52000
2005-06-10,1264.785400390625,1450.0,1480.0,1420.0,1450.0,137800
2005-06-13,1264.785400390625,1450.0,1460.0,1440.0,1460.0,49800
2005-06-14,1256.0626220703125,1440.0,1470.0,1440.0,1460.0,34200
2005-06-15,1273.508056640625,1460.0,1460.0,1440.0,1450.0,21800
2005-06-16,1317.1214599609375,1510.0,1510.0,1450.0,1470.0,188800
2005-06-17,1308.3985595703125,1500.0,1560.0,1490.0,1540.0,170900
2005-06-20,1282.2308349609375,1470.0,1510.0,1460.0,1510.0,49600
2005-06-21,1290.9532470703125,1480.0,1490.0,1470.0,1480.0,24600
2005-06-22,1282.2308349609375,1470.0,1480.0,1450.0,1470.0,41100
2005-06-23,1273.508056640625,1460.0,1470.0,1450.0,1470.0,16300
2005-06-24,1264.785400390625,1450.0,1450.0,1440.0,1440.0,27200
2005-06-27,1256.0626220703125,1440.0,1450.0,1440.0,1440.0,24900
2005-06-28,1273.508056640625,1460.0,1460.0,1440.0,1440.0,18700
2005-06-29,1273.508056640625,1460.0,1490.0,1450.0,1490.0,20200
2005-06-30,1264.785400390625,1450.0,1460.0,1440.0,1450.0,19900
2005-07-01,1264.785400390625,1450.0,1460.0,1440.0,1450.0,14300
2005-07-04,1273.508056640625,1460.0,1470.0,1450.0,1470.0,16200
2005-07-05,1273.508056640625,1460.0,1470.0,1440.0,1470.0,23700
2005-07-06,1273.508056640625,1460.0,1480.0,1450.0,1460.0,45000
2005-07-07,1273.508056640625,1460.0,1460.0,1440.0,1460.0,16400
2005-07-08,1264.785400390625,1450.0,1450.0,1440.0,1450.0,24600
2005-07-11,1256.0626220703125,1440.0,1450.0,1430.0,1450.0,23300
2005-07-12,1247.3402099609375,1430.0,1440.0,1420.0,1440.0,23100
2005-07-13,1256.0626220703125,1440.0,1440.0,1420.0,1440.0,25500
2005-07-14,1247.3402099609375,1430.0,1440.0,1420.0,1440.0,26200
2005-07-15,1299.676025390625,1490.0,1500.0,1410.0,1410.0,101500
2005-07-18,1299.676025390625,1490.0,1490.0,1490.0,1490.0,0
2005-07-19,1273.508056640625,1460.0,1490.0,1450.0,1480.0,52200
2005-07-20,1264.785400390625,1450.0,1470.0,1450.0,1450.0,43300
2005-07-21,1282.2308349609375,1470.0,1530.0,1460.0,1470.0,238400
2005-07-22,1378.1800537109375,1580.0,1600.0,1510.0,1530.0,929800
2005-07-25,1334.5670166015625,1530.0,1640.0,1530.0,1620.0,610200
2005-07-26,1334.5670166015625,1530.0,1560.0,1520.0,1550.0,101800
2005-07-27,1343.289306640625,1540.0,1560.0,1520.0,1540.0,105500
2005-07-28,1334.5670166015625,1530.0,1560.0,1530.0,1560.0,75800
2005-07-29,1352.011962890625,1550.0,1550.0,1530.0,1540.0,80900
2005-08-01,1352.011962890625,1550.0,1580.0,1540.0,1570.0,115900
2005-08-02,1325.84423828125,1520.0,1560.0,1520.0,1560.0,74800
2005-08-03,1360.7347412109375,1560.0,1570.0,1520.0,1530.0,179200
2005-08-04,1334.5670166015625,1530.0,1630.0,1510.0,1560.0,351500
2005-08-05,1317.1214599609375,1510.0,1550.0,1500.0,1500.0,97500
2005-08-08,1299.676025390625,1490.0,1510.0,1430.0,1440.0,71000
2005-08-09,1343.289306640625,1540.0,1550.0,1490.0,1490.0,67600
2005-08-10,1343.289306640625,1540.0,1560.0,1530.0,1540.0,168400
2005-08-11,1343.289306640625,1540.0,1580.0,1540.0,1550.0,209100
2005-08-12,1360.7347412109375,1560.0,1660.0,1540.0,1570.0,1087200
2005-08-15,1378.1800537109375,1580.0,1600.0,1560.0,1590.0,148700
2005-08-16,1369.4576416015625,1570.0,1590.0,1570.0,1590.0,87800
2005-08-17,1386.902587890625,1590.0,1620.0,1570.0,1590.0,224800
2005-08-18,1378.1800537109375,1580.0,1590.0,1580.0,1590.0,67900
2005-08-19,1360.7347412109375,1560.0,1590.0,1560.0,1590.0,83900
2005-08-22,1378.1800537109375,1580.0,1580.0,1570.0,1570.0,67800
2005-08-23,1378.1800537109375,1580.0,1590.0,1570.0,1590.0,59200
2005-08-24,1360.7347412109375,1560.0,1580.0,1560.0,1570.0,60700
2005-08-25,1360.7347412109375,1560.0,1580.0,1550.0,1580.0,46300
2005-08-26,1360.7347412109375,1560.0,1570.0,1560.0,1560.0,32300
2005-08-29,1343.289306640625,1540.0,1560.0,1540.0,1560.0,33200
2005-08-30,1360.7347412109375,1560.0,1570.0,1550.0,1560.0,24400
2005-08-31,1352.011962890625,1550.0,1570.0,1550.0,1560.0,36000
2005-09-01,1378.1800537109375,1580.0,1580.0,1550.0,1560.0,79100
2005-09-02,1378.1800537109375,1580.0,1590.0,1560.0,1580.0,98500
2005-09-05,1386.902587890625,1590.0,1600.0,1570.0,1590.0,100200
2005-09-06,1378.1800537109375,1580.0,1630.0,1580.0,1620.0,231900
2005-09-07,1386.902587890625,1590.0,1600.0,1570.0,1600.0,69100
2005-09-08,1360.7347412109375,1560.0,1590.0,1560.0,1590.0,48200
2005-09-09,1360.7347412109375,1560.0,1580.0,1550.0,1550.0,41700
2005-09-12,1378.1800537109375,1580.0,1580.0,1560.0,1580.0,40800
2005-09-13,1395.625244140625,1600.0,1610.0,1560.0,1580.0,144700
2005-09-14,1430.515869140625,1640.0,1650.0,1600.0,1610.0,290000
2005-09-15,1421.793212890625,1630.0,1640.0,1620.0,1640.0,88200
2005-09-16,1456.683837890625,1670.0,1680.0,1620.0,1640.0,246000
2005-09-19,1456.683837890625,1670.0,1670.0,1670.0,1670.0,0
2005-09-20,1465.4066162109375,1680.0,1700.0,1650.0,1670.0,229900
2005-09-21,1456.683837890625,1670.0,1700.0,1660.0,1700.0,175800
2005-09-22,1439.2386474609375,1650.0,1660.0,1640.0,1650.0,107000
2005-09-23,1439.2386474609375,1650.0,1650.0,1650.0,1650.0,0
2005-09-26,1474.129150390625,1690.0,1710.0,1650.0,1660.0,212400
2005-09-27,1465.4066162109375,1680.0,1730.0,1680.0,1710.0,234500
2005-09-28,1491.5745849609375,1710.0,1740.0,1670.0,1690.0,191000
2005-09-29,1535.187744140625,1760.0,1760.0,1710.0,1750.0,245400
2005-09-30,1517.74267578125,1740.0,1830.0,1730.0,1760.0,518300
2005-10-03,1526.46533203125,1750.0,1750.0,1670.0,1730.0,140100
2005-10-04,1578.801025390625,1810.0,1820.0,1730.0,1750.0,291100
2005-10-05,1622.4144287109375,1860.0,1940.0,1780.0,1800.0,940700
2005-10-06,1535.187744140625,1760.0,1840.0,1750.0,1820.0,262500
2005-10-07,1552.633056640625,1780.0,1800.0,1710.0,1750.0,159200
2005-10-10,1552.633056640625,1780.0,1780.0,1780.0,1780.0,0
2005-10-11,1561.3560791015625,1790.0,1820.0,1770.0,1790.0,127500
2005-10-12,1570.0784912109375,1800.0,1820.0,1780.0,1820.0,110400
2005-10-13,1552.633056640625,1780.0,1790.0,1760.0,1780.0,70800
2005-10-14,1535.187744140625,1760.0,1780.0,1750.0,1780.0,59600
2005-10-17,1482.8519287109375,1700.0,1760.0,1700.0,1760.0,87700
2005-10-18,1474.129150390625,1690.0,1730.0,1680.0,1700.0,63000
2005-10-19,1456.683837890625,1670.0,1710.0,1650.0,1680.0,79100
2005-10-20,1517.74267578125,1740.0,1770.0,1680.0,1700.0,95800
2005-10-21,1509.0201416015625,1730.0,1750.0,1700.0,1700.0,73300
2005-10-24,1500.2972412109375,1720.0,1740.0,1710.0,1730.0,41800
2005-10-25,1535.187744140625,1760.0,1770.0,1730.0,1730.0,100700
2005-10-26,1543.910400390625,1770.0,1780.0,1750.0,1780.0,75000
2005-10-27,1587.523681640625,1820.0,1820.0,1740.0,1760.0,181600
2005-10-28,1570.0784912109375,1800.0,1810.0,1780.0,1790.0,77600
2005-10-31,1561.3560791015625,1790.0,1820.0,1790.0,1810.0,72700
2005-11-01,1570.0784912109375,1800.0,1810.0,1790.0,1800.0,35300
2005-11-02,1587.523681640625,1820.0,1820.0,1790.0,1810.0,112400
2005-11-03,1613.6915283203125,1850.0,1850.0,1850.0,1850.0,112400
2005-11-04,1587.523681640625,1820.0,1850.0,1820.0,1840.0,188600
2005-11-07,1648.582275390625,1890.0,1890.0,1840.0,1840.0,300200
2005-11-08,1648.582275390625,1890.0,1910.0,1860.0,1910.0,304300
2005-11-09,1674.7503662109375,1920.0,1970.0,1870.0,1900.0,485500
2005-11-10,1622.4144287109375,1860.0,1930.0,1800.0,1910.0,287200
2005-11-11,1613.6915283203125,1850.0,1890.0,1840.0,1860.0,108700
2005-11-14,1552.633056640625,1780.0,1820.0,1770.0,1770.0,186700
2005-11-15,1526.46533203125,1750.0,1780.0,1740.0,1780.0,81800
2005-11-16,1543.910400390625,1770.0,1770.0,1700.0,1730.0,103000
2005-11-17,1596.246337890625,1830.0,1850.0,1760.0,1780.0,142200
2005-11-18,1587.523681640625,1820.0,1860.0,1810.0,1830.0,79900
2005-11-21,1570.0784912109375,1800.0,1830.0,1800.0,1830.0,37800
2005-11-22,1570.0784912109375,1800.0,1810.0,1770.0,1800.0,43900
2005-11-23,1570.0784912109375,1800.0,1800.0,1800.0,1800.0,0
2005-11-24,1517.74267578125,1740.0,1800.0,1730.0,1800.0,83300
2005-11-25,1535.187744140625,1760.0,1770.0,1730.0,1730.0,36400
2005-11-28,1552.633056640625,1780.0,1780.0,1750.0,1780.0,30700
2005-11-29,1552.633056640625,1780.0,1780.0,1760.0,1760.0,24100
2005-11-30,1570.0784912109375,1800.0,1800.0,1760.0,1780.0,81000
2005-12-01,1604.9688720703125,1840.0,1840.0,1800.0,1820.0,120500
2005-12-02,1596.246337890625,1830.0,1860.0,1820.0,1860.0,95900
2005-12-05,1631.1370849609375,1870.0,1870.0,1830.0,1850.0,116500
2005-12-06,1613.6915283203125,1850.0,1880.0,1840.0,1880.0,74900
2005-12-07,1639.85986328125,1880.0,1910.0,1850.0,1850.0,213200
2005-12-08,1631.1370849609375,1870.0,1920.0,1830.0,1900.0,193300
2005-12-09,1648.582275390625,1890.0,1910.0,1860.0,1870.0,120600
2005-12-12,1683.4730224609375,1930.0,1940.0,1910.0,1920.0,238700
2005-12-13,1683.4730224609375,1930.0,1930.0,1910.0,1930.0,125300
2005-12-14,1657.3050537109375,1900.0,1960.0,1880.0,1940.0,232700
2005-12-15,1657.3050537109375,1900.0,1920.0,1890.0,1900.0,107200
2005-12-16,1631.1370849609375,1870.0,1900.0,1860.0,1900.0,118400
2005-12-19,1596.246337890625,1830.0,1860.0,1820.0,1860.0,109600
2005-12-20,1631.1370849609375,1870.0,1890.0,1840.0,1840.0,64300
2005-12-21,1639.85986328125,1880.0,1900.0,1870.0,1880.0,69900
2005-12-22,1622.4144287109375,1860.0,1890.0,1850.0,1880.0,84900
2005-12-23,1622.4144287109375,1860.0,1860.0,1860.0,1860.0,0
2005-12-26,1648.582275390625,1890.0,1890.0,1860.0,1870.0,60700
2005-12-27,1622.4144287109375,1860.0,1880.0,1850.0,1870.0,59500
2005-12-28,1639.85986328125,1880.0,1900.0,1860.0,1870.0,56800
2005-12-29,1639.85986328125,1880.0,1910.0,1880.0,1910.0,100100
2005-12-30,1674.7503662109375,1920.0,1930.0,1900.0,1900.0,169000
2006-01-03,1674.7503662109375,1920.0,1920.0,1920.0,1920.0,0
2006-01-04,1840.4805908203125,2110.0,2150.0,1960.0,1980.0,809400
2006-01-05,1910.261962890625,2190.0,2380.0,2160.0,2210.0,1297900
2006-01-06,1901.5394287109373,2180.0,2220.0,2150.0,2200.0,199700
2006-01-09,1901.5394287109373,2180.0,2180.0,2180.0,2180.0,0
2006-01-10,1927.7071533203125,2210.0,2260.0,2180.0,2230.0,138600
2006-01-11,1892.816650390625,2170.0,2200.0,2100.0,2190.0,128400
2006-01-12,1884.0941162109373,2160.0,2170.0,2140.0,2160.0,57100
2006-01-13,1962.5982666015625,2250.0,2250.0,2170.0,2170.0,293600
2006-01-16,1936.4302978515625,2220.0,2320.0,2210.0,2310.0,259500
2006-01-17,1831.758056640625,2100.0,2220.0,2070.0,2200.0,156700
2006-01-18,1657.3050537109375,1900.0,2070.0,1750.0,2040.0,223400
2006-01-19,1814.3128662109373,2080.0,2090.0,1840.0,1850.0,192300
2006-01-20,1753.2542724609375,2010.0,2140.0,1980.0,2120.0,133400
2006-01-23,1674.7503662109375,1920.0,1990.0,1890.0,1900.0,103700
2006-01-24,1753.2542724609375,2010.0,2020.0,1940.0,1970.0,96900
2006-01-25,1788.14501953125,2050.0,2090.0,2010.0,2010.0,73700
2006-01-26,1814.3128662109373,2080.0,2100.0,2060.0,2060.0,36700
2006-01-27,1840.4805908203125,2110.0,2120.0,2080.0,2120.0,80900
2006-01-30,1840.4805908203125,2110.0,2200.0,2070.0,2170.0,182200
2006-01-31,1857.9261474609373,2130.0,2160.0,2090.0,2140.0,140400
2006-02-01,1953.8753662109373,2240.0,2240.0,2120.0,2130.0,428300
2006-02-02,1980.04345703125,2270.0,2320.0,2250.0,2290.0,396000
2006-02-03,1953.8753662109373,2240.0,2280.0,2220.0,2250.0,182600
2006-02-06,1997.48876953125,2290.0,2310.0,2250.0,2310.0,241700
2006-02-07,2006.21142578125,2300.0,2340.0,2300.0,2310.0,355700
2006-02-08,1936.4302978515625,2220.0,2330.0,2220.0,2310.0,263700
2006-02-09,1901.5394287109373,2180.0,2280.0,2150.0,2260.0,150100
2006-02-10,1901.5394287109373,2180.0,2220.0,2080.0,2180.0,297700
2006-02-13,1753.2542724609375,2010.0,2330.0,2010.0,2210.0,902900
2006-02-14,1788.14501953125,2050.0,2090.0,1860.0,1940.0,204200
2006-02-15,1718.3634033203125,1970.0,2100.0,1940.0,2090.0,124200
2006-02-16,1700.9183349609375,1950.0,2010.0,1900.0,1990.0,59100
2006-02-17,1587.523681640625,1820.0,2030.0,1810.0,1990.0,159500
2006-02-20,1491.5745849609375,1710.0,1850.0,1700.0,1800.0,174100
2006-02-21,1604.9688720703125,1840.0,1860.0,1710.0,1760.0,146500
2006-02-22,1631.1370849609375,1870.0,1880.0,1830.0,1860.0,90800
2006-02-23,1735.808837890625,1990.0,2020.0,1900.0,1920.0,96400
2006-02-24,1735.808837890625,1990.0,2010.0,1930.0,1980.0,58100
2006-02-27,1727.086181640625,1980.0,2030.0,1950.0,2000.0,121500
2006-02-28,1683.4730224609375,1930.0,1980.0,1920.0,1970.0,51200
2006-03-01,1648.582275390625,1890.0,1930.0,1880.0,1880.0,45100
2006-03-02,1587.523681640625,1820.0,1920.0,1820.0,1900.0,60200
2006-03-03,1596.246337890625,1830.0,1860.0,1810.0,1810.0,32500
2006-03-06,1639.85986328125,1880.0,1880.0,1800.0,1840.0,38600
2006-03-07,1631.1370849609375,1870.0,1870.0,1840.0,1870.0,16300
2006-03-08,1613.6915283203125,1850.0,1870.0,1850.0,1860.0,18500
2006-03-09,1683.4730224609375,1930.0,1930.0,1850.0,1850.0,43800
2006-03-10,1692.1956787109375,1940.0,1970.0,1910.0,1910.0,63700
2006-03-13,1709.6409912109375,1960.0,1970.0,1940.0,1960.0,33000
2006-03-14,1674.7503662109375,1920.0,1950.0,1920.0,1950.0,29500
2006-03-15,1683.4730224609375,1930.0,1940.0,1920.0,1940.0,20700
2006-03-16,1657.3050537109375,1900.0,1930.0,1890.0,1930.0,27600
2006-03-17,1674.7503662109375,1920.0,1920.0,1880.0,1900.0,41100
2006-03-20,1700.9183349609375,1950.0,1970.0,1930.0,1930.0,62400
2006-03-21,1700.9183349609375,1950.0,1950.0,1950.0,1950.0,0
2006-03-22,1718.3634033203125,1970.0,2000.0,1940.0,1940.0,76100
2006-03-23,1753.2542724609375,2010.0,2040.0,1990.0,1990.0,107400
2006-03-24,1735.808837890625,1990.0,2020.0,1980.0,2020.0,56600
2006-03-27,1735.808837890625,1990.0,2040.0,1970.0,2020.0,82200
2006-03-28,1770.6995849609375,2030.0,2070.0,1970.0,1980.0,173200
2006-03-29,1779.4222412109375,2040.0,2060.0,2010.0,2020.0,114600
2006-03-30,1831.758056640625,2100.0,2180.0,2090.0,2090.0,347900
2006-03-31,1823.03564453125,2090.0,2100.0,2060.0,2090.0,76300
2006-04-03,1857.9261474609373,2130.0,2140.0,2080.0,2090.0,113500
2006-04-04,1849.2034912109373,2120.0,2180.0,2100.0,2140.0,166100
2006-04-05,1840.4805908203125,2110.0,2170.0,2100.0,2140.0,98900
2006-04-06,1840.4805908203125,2110.0,2130.0,2100.0,2120.0,43800
2006-04-07,1840.4805908203125,2110.0,2130.0,2100.0,2120.0,44100
2006-04-10,1884.0941162109373,2160.0,2160.0,2100.0,2110.0,74900
2006-04-11,1866.648681640625,2140.0,2170.0,2110.0,2150.0,126000
2006-04-12,1849.2034912109373,2120.0,2140.0,2110.0,2120.0,74800
2006-04-13,1831.758056640625,2100.0,2130.0,2100.0,2130.0,64400
2006-04-14,1840.4805908203125,2110.0,2110.0,2100.0,2100.0,38500
2006-04-17,1814.3128662109373,2080.0,2120.0,2060.0,2120.0,65700
2006-04-18,1823.03564453125,2090.0,2090.0,2030.0,2030.0,77700
2006-04-19,1796.8675537109375,2060.0,2100.0,2060.0,2090.0,51000
2006-04-20,1770.6995849609375,2030.0,2060.0,2020.0,2060.0,53300
2006-04-21,1823.03564453125,2090.0,2150.0,2040.0,2040.0,438100
2006-04-24,1744.5316162109375,2000.0,2070.0,1990.0,2050.0,102800
2006-04-25,1761.97705078125,2020.0,2020.0,1980.0,1990.0,48500
2006-04-26,1744.5316162109375,2000.0,2020.0,1980.0,2020.0,29900
2006-04-27,1727.086181640625,1980.0,2000.0,1980.0,2000.0,33600
2006-04-28,1735.808837890625,1990.0,2000.0,1970.0,2000.0,31500
2006-05-01,1735.808837890625,1990.0,2010.0,1970.0,1990.0,32500
2006-05-02,1727.086181640625,1980.0,1980.0,1960.0,1970.0,37900
2006-05-05,1727.086181640625,1980.0,1980.0,1980.0,1980.0,0
2006-05-08,1735.808837890625,1990.0,2000.0,1980.0,2000.0,33400
2006-05-09,1744.5316162109375,2000.0,2030.0,1990.0,2010.0,76400
2006-05-10,1709.6409912109375,1960.0,2000.0,1960.0,1990.0,33000
2006-05-11,1692.1956787109375,1940.0,1990.0,1940.0,1950.0,33600
2006-05-12,1666.027587890625,1910.0,1940.0,1900.0,1910.0,46600
2006-05-15,1552.633056640625,1780.0,1820.0,1760.0,1760.0,103100
2006-05-16,1543.910400390625,1770.0,1870.0,1700.0,1870.0,78400
2006-05-17,1517.74267578125,1740.0,1770.0,1650.0,1720.0,108600
2006-05-18,1491.5745849609375,1710.0,1710.0,1630.0,1660.0,77300
2006-05-19,1509.0201416015625,1730.0,1730.0,1660.0,1680.0,48900
2006-05-22,1509.0201416015625,1730.0,1730.0,1730.0,1730.0,108600
2006-05-23,1447.9613037109375,1660.0,1710.0,1650.0,1710.0,45200
2006-05-24,1456.683837890625,1670.0,1700.0,1660.0,1680.0,42400
2006-05-25,1552.633056640625,1780.0,1930.0,1720.0,1720.0,363200
2006-05-26,1552.633056640625,1780.0,1860.0,1730.0,1850.0,142000
2006-05-29,1517.74267578125,1740.0,1800.0,1740.0,1780.0,38400
2006-05-30,1430.515869140625,1640.0,1730.0,1630.0,1710.0,82800
2006-05-31,1352.011962890625,1550.0,1600.0,1530.0,1580.0,68700
2006-06-01,1308.3985595703125,1500.0,1620.0,1460.0,1600.0,88100
2006-06-02,1317.1214599609375,1510.0,1520.0,1260.0,1500.0,87100
2006-06-05,1282.2308349609375,1470.0,1500.0,1430.0,1500.0,48900
2006-06-06,1256.0626220703125,1440.0,1470.0,1420.0,1420.0,29300
2006-06-07,1203.726806640625,1380.0,1460.0,1350.0,1420.0,66100
2006-06-08,1072.886962890625,1230.0,1350.0,1210.0,1330.0,137100
2006-06-09,1072.886962890625,1230.0,1270.0,1150.0,1220.0,356700
2006-06-12,1168.836181640625,1340.0,1340.0,1230.0,1230.0,153900
2006-06-13,1125.222900390625,1290.0,1370.0,1270.0,1310.0,136500
2006-06-14,1125.222900390625,1290.0,1290.0,1290.0,1290.0,136500
2006-06-15,1168.836181640625,1340.0,1340.0,1340.0,1340.0,136500
2006-06-16,1299.676025390625,1490.0,1520.0,1440.0,1450.0,192000
2006-06-19,1290.9532470703125,1480.0,1510.0,1460.0,1500.0,73500
2006-06-20,1273.508056640625,1460.0,1480.0,1440.0,1480.0,49400
2006-06-21,1256.0626220703125,1440.0,1470.0,1420.0,1460.0,51600
2006-06-22,1290.9532470703125,1480.0,1490.0,1450.0,1490.0,42200
2006-06-23,1282.2308349609375,1470.0,1470.0,1440.0,1470.0,25200
2006-06-26,1308.3985595703125,1500.0,1510.0,1460.0,1490.0,45700
2006-06-27,1378.1800537109375,1580.0,1650.0,1540.0,1550.0,227100
2006-06-28,1325.84423828125,1520.0,1550.0,1510.0,1530.0,77600
2006-06-29,1352.011962890625,1550.0,1590.0,1540.0,1540.0,89300
2006-06-30,1360.7347412109375,1560.0,1620.0,1560.0,1610.0,59800
2006-07-03,1369.4576416015625,1570.0,1580.0,1560.0,1570.0,42900
2006-07-04,1386.902587890625,1590.0,1600.0,1570.0,1580.0,49400
2006-07-05,1360.7347412109375,1560.0,1590.0,1550.0,1590.0,48600
2006-07-06,1343.289306640625,1540.0,1550.0,1530.0,1530.0,25800
2006-07-07,1317.1214599609375,1510.0,1560.0,1510.0,1560.0,27500
2006-07-10,1317.1214599609375,1510.0,1510.0,1510.0,1510.0,27500
2006-07-11,1308.3985595703125,1500.0,1600.0,1490.0,1550.0,106500
2006-07-12,1282.2308349609375,1470.0,1540.0,1450.0,1530.0,48900
2006-07-13,1256.0626220703125,1440.0,1470.0,1410.0,1420.0,41400
2006-07-14,1203.726806640625,1380.0,1420.0,1380.0,1410.0,45200
2006-07-17,1203.726806640625,1380.0,1380.0,1380.0,1380.0,45200
2006-07-18,1081.6094970703125,1240.0,1350.0,1240.0,1330.0,67100
2006-07-19,1072.886962890625,1230.0,1300.0,1210.0,1280.0,81100
2006-07-20,1212.449462890625,1390.0,1390.0,1280.0,1310.0,86800
2006-07-21,1177.5587158203125,1350.0,1370.0,1320.0,1340.0,60400
2006-07-24,1133.9454345703125,1300.0,1320.0,1270.0,1300.0,45600
2006-07-25,1142.668212890625,1310.0,1350.0,1300.0,1320.0,29600
2006-07-26,1125.222900390625,1290.0,1330.0,1290.0,1320.0,27700
2006-07-27,1133.9454345703125,1300.0,1310.0,1280.0,1300.0,28500
2006-07-28,1142.668212890625,1310.0,1320.0,1280.0,1280.0,36600
2006-07-31,1177.5587158203125,1350.0,1370.0,1320.0,1330.0,53900
2006-08-01,1212.449462890625,1390.0,1400.0,1350.0,1350.0,49900
2006-08-02,1221.1719970703125,1400.0,1400.0,1360.0,1360.0,30200
2006-08-03,1229.894775390625,1410.0,1430.0,1400.0,1400.0,43000
2006-08-04,1247.3402099609375,1430.0,1430.0,1400.0,1420.0,40700
2006-08-07,1160.113525390625,1330.0,1400.0,1320.0,1390.0,66900
2006-08-08,1168.836181640625,1340.0,1360.0,1330.0,1330.0,36500
2006-08-09,1186.2816162109375,1360.0,1360.0,1310.0,1330.0,36300
2006-08-10,1186.2816162109375,1360.0,1370.0,1340.0,1350.0,32600
2006-08-11,1177.5587158203125,1350.0,1360.0,1340.0,1360.0,29700
2006-08-14,1195.0042724609375,1370.0,1380.0,1340.0,1350.0,29900
2006-08-15,1247.3402099609375,1430.0,1460.0,1390.0,1400.0,112900
2006-08-16,1317.1214599609375,1510.0,1580.0,1480.0,1480.0,257200
2006-08-17,1308.3985595703125,1500.0,1540.0,1500.0,1510.0,101400
2006-08-18,1308.3985595703125,1500.0,1520.0,1480.0,1520.0,28500
2006-08-21,1290.9532470703125,1480.0,1510.0,1480.0,1500.0,25400
2006-08-22,1343.289306640625,1540.0,1540.0,1480.0,1480.0,68600
2006-08-23,1325.84423828125,1520.0,1540.0,1510.0,1540.0,81300
2006-08-24,1317.1214599609375,1510.0,1540.0,1500.0,1520.0,80100
2006-08-25,1308.3985595703125,1500.0,1520.0,1490.0,1520.0,28200
2006-08-28,1256.0626220703125,1440.0,1490.0,1410.0,1490.0,53100
2006-08-29,1264.785400390625,1450.0,1470.0,1420.0,1450.0,29100
2006-08-30,1238.6175537109375,1420.0,1450.0,1420.0,1450.0,25800
2006-08-31,1256.0626220703125,1440.0,1460.0,1420.0,1430.0,24400
2006-09-01,1247.3402099609375,1430.0,1450.0,1430.0,1450.0,16400
2006-09-04,1282.2308349609375,1470.0,1480.0,1450.0,1470.0,38100
2006-09-05,1317.1214599609375,1510.0,1510.0,1470.0,1490.0,40500
2006-09-06,1282.2308349609375,1470.0,1520.0,1470.0,1510.0,36100
2006-09-07,1256.0626220703125,1440.0,1470.0,1440.0,1450.0,44500
2006-09-08,1282.2308349609375,1470.0,1470.0,1430.0,1430.0,47600
2006-09-11,1256.0626220703125,1440.0,1480.0,1430.0,1470.0,34900
2006-09-12,1229.894775390625,1410.0,1440.0,1410.0,1440.0,49900
2006-09-13,1186.2816162109375,1360.0,1440.0,1360.0,1430.0,69800
2006-09-14,1186.2816162109375,1360.0,1380.0,1330.0,1360.0,37100
2006-09-15,1177.5587158203125,1350.0,1370.0,1330.0,1370.0,12400
2006-09-18,1177.5587158203125,1350.0,1350.0,1350.0,1350.0,0
2006-09-19,1151.3909912109375,1320.0,1350.0,1320.0,1350.0,34100
2006-09-20,1125.222900390625,1290.0,1330.0,1290.0,1330.0,48200
2006-09-21,1133.9454345703125,1300.0,1320.0,1290.0,1310.0,26400
2006-09-22,1107.777587890625,1270.0,1290.0,1270.0,1280.0,26300
2006-09-25,1090.3323974609375,1250.0,1260.0,1230.0,1230.0,41600
2006-09-26,1090.3323974609375,1250.0,1260.0,1230.0,1240.0,17100
2006-09-27,1133.9454345703125,1300.0,1300.0,1260.0,1270.0,29200
2006-09-28,1133.9454345703125,1300.0,1320.0,1290.0,1300.0,28100
2006-09-29,1168.836181640625,1340.0,1380.0,1310.0,1320.0,76000
2006-10-02,1177.5587158203125,1350.0,1360.0,1330.0,1350.0,34900
2006-10-03,1177.5587158203125,1350.0,1350.0,1330.0,1340.0,27200
2006-10-04,1133.9454345703125,1300.0,1350.0,1290.0,1350.0,44200
2006-10-05,1160.113525390625,1330.0,1330.0,1310.0,1310.0,29800
2006-10-06,1133.9454345703125,1300.0,1330.0,1300.0,1320.0,23400
2006-10-09,1133.9454345703125,1300.0,1300.0,1300.0,1300.0,0
2006-10-10,1107.777587890625,1270.0,1300.0,1270.0,1270.0,23400
2006-10-11,1064.1644287109375,1220.0,1270.0,1210.0,1270.0,47600
2006-10-12,1072.886962890625,1230.0,1240.0,1160.0,1220.0,51500
2006-10-13,1125.222900390625,1290.0,1290.0,1250.0,1280.0,35900
2006-10-16,1142.668212890625,1310.0,1320.0,1290.0,1300.0,27200
2006-10-17,1142.668212890625,1310.0,1320.0,1290.0,1320.0,16600
2006-10-18,1151.3909912109375,1320.0,1320.0,1290.0,1300.0,17100
2006-10-19,1160.113525390625,1330.0,1330.0,1310.0,1330.0,38900
2006-10-20,1151.3909912109375,1320.0,1320.0,1310.0,1310.0,28000
2006-10-23,1151.3909912109375,1320.0,1330.0,1300.0,1320.0,24100
2006-10-24,1177.5587158203125,1350.0,1380.0,1320.0,1320.0,97000
2006-10-25,1168.836181640625,1340.0,1360.0,1330.0,1360.0,55100
2006-10-26,1177.5587158203125,1350.0,1350.0,1330.0,1340.0,32000
2006-10-27,1168.836181640625,1340.0,1350.0,1330.0,1350.0,39000
2006-10-30,1160.113525390625,1330.0,1330.0,1300.0,1310.0,27400
2006-10-31,1151.3909912109375,1320.0,1330.0,1310.0,1310.0,23200
2006-11-01,1151.3909912109375,1320.0,1320.0,1300.0,1310.0,19500
2006-11-02,1116.5001220703125,1280.0,1310.0,1280.0,1310.0,21200
2006-11-03,1116.5001220703125,1280.0,1280.0,1280.0,1280.0,0
2006-11-06,1116.5001220703125,1280.0,1300.0,1270.0,1300.0,10000
2006-11-07,1099.0550537109375,1260.0,1290.0,1260.0,1280.0,20400
2006-11-08,1064.1644287109375,1220.0,1270.0,1220.0,1270.0,25600
2006-11-09,1072.886962890625,1230.0,1240.0,1220.0,1230.0,17100
2006-11-10,1055.441650390625,1210.0,1240.0,1210.0,1210.0,30700
2006-11-13,1011.8283081054688,1160.0,1190.0,1140.0,1180.0,52300
2006-11-14,1055.441650390625,1210.0,1210.0,1160.0,1160.0,39500
2006-11-15,1037.996337890625,1190.0,1230.0,1190.0,1220.0,18200
2006-11-16,1011.8283081054688,1160.0,1200.0,1160.0,1200.0,19000
2006-11-17,994.3829345703124,1140.0,1190.0,1130.0,1170.0,55700
2006-11-20,898.4337768554688,1030.0,1140.0,1030.0,1120.0,57800
2006-11-21,915.8790283203124,1050.0,1060.0,1030.0,1050.0,43000
2006-11-22,959.4924926757812,1100.0,1100.0,1030.0,1040.0,49200
2006-11-23,959.4924926757812,1100.0,1100.0,1100.0,1100.0,0
2006-11-24,924.6017456054688,1060.0,1080.0,1030.0,1060.0,37800
2006-11-27,968.2151489257812,1110.0,1140.0,1050.0,1060.0,34200
2006-11-28,1003.105712890625,1150.0,1150.0,1100.0,1130.0,34600
2006-11-29,1011.8283081054688,1160.0,1160.0,1140.0,1140.0,28300
2006-11-30,1003.105712890625,1150.0,1170.0,1140.0,1160.0,31200
2006-12-01,1003.105712890625,1150.0,1150.0,1150.0,1150.0,31200
2006-12-04,1011.8283081054688,1160.0,1160.0,1130.0,1140.0,20000
2006-12-05,985.660400390625,1130.0,1170.0,1130.0,1170.0,12600
2006-12-06,985.660400390625,1130.0,1140.0,1110.0,1140.0,10900
2006-12-07,1003.105712890625,1150.0,1150.0,1130.0,1130.0,18300
2006-12-08,976.9376831054688,1120.0,1150.0,1120.0,1150.0,34400
2006-12-11,994.3829345703124,1140.0,1140.0,1120.0,1130.0,15400
2006-12-12,976.9376831054688,1120.0,1150.0,1120.0,1140.0,37100
2006-12-13,976.9376831054688,1120.0,1120.0,1120.0,1120.0,37100
2006-12-14,985.660400390625,1130.0,1130.0,1120.0,1130.0,25000
2006-12-15,985.660400390625,1130.0,1150.0,1130.0,1140.0,33800
2006-12-18,976.9376831054688,1120.0,1140.0,1120.0,1140.0,20000
2006-12-19,968.2151489257812,1110.0,1120.0,1100.0,1110.0,26500
2006-12-20,959.4924926757812,1100.0,1110.0,1080.0,1090.0,33000
2006-12-21,924.6017456054688,1060.0,1090.0,1050.0,1090.0,36500
2006-12-22,915.8790283203124,1050.0,1070.0,1040.0,1050.0,57500
2006-12-25,889.7111206054688,1020.0,1050.0,1020.0,1030.0,37400
2006-12-26,915.8790283203124,1050.0,1050.0,1020.0,1030.0,67400
2006-12-27,950.7697143554688,1090.0,1090.0,1050.0,1050.0,43200
2006-12-28,942.0470581054688,1080.0,1100.0,1070.0,1100.0,41800
2006-12-29,942.0470581054688,1080.0,1090.0,1070.0,1080.0,9500
2007-01-04,942.0470581054688,1080.0,1080.0,1080.0,1080.0,13400
2007-01-05,924.6017456054688,1060.0,1090.0,1060.0,1080.0,22200
2007-01-09,942.0470581054688,1080.0,1080.0,1050.0,1050.0,20800
2007-01-10,933.3243408203124,1070.0,1080.0,1060.0,1070.0,24000
2007-01-11,959.4924926757812,1100.0,1130.0,1090.0,1090.0,94700
2007-01-12,968.2151489257812,1110.0,1120.0,1100.0,1120.0,29300
2007-01-15,985.660400390625,1130.0,1130.0,1110.0,1110.0,49500
2007-01-16,1003.105712890625,1150.0,1160.0,1130.0,1130.0,49100
2007-01-17,1011.8283081054688,1160.0,1160.0,1130.0,1140.0,49100
2007-01-18,1029.2735595703125,1180.0,1190.0,1160.0,1160.0,65200
2007-01-19,1020.5509033203124,1170.0,1190.0,1150.0,1180.0,84700
2007-01-22,1055.441650390625,1210.0,1220.0,1170.0,1170.0,80700
2007-01-23,1090.3323974609375,1250.0,1260.0,1190.0,1200.0,89700
2007-01-24,1099.0550537109375,1260.0,1290.0,1240.0,1260.0,87000
2007-01-25,1046.718994140625,1200.0,1270.0,1200.0,1260.0,59000
2007-01-26,1037.996337890625,1190.0,1190.0,1170.0,1170.0,27500
2007-01-29,1055.441650390625,1210.0,1220.0,1200.0,1210.0,32700
2007-01-30,1046.718994140625,1200.0,1240.0,1180.0,1220.0,53600
2007-01-31,1037.996337890625,1190.0,1210.0,1170.0,1190.0,30500
2007-02-01,1037.996337890625,1190.0,1190.0,1180.0,1190.0,26900
2007-02-02,1037.996337890625,1190.0,1210.0,1190.0,1200.0,33100
2007-02-05,1020.5509033203124,1170.0,1200.0,1160.0,1200.0,44900
2007-02-06,1029.2735595703125,1180.0,1180.0,1160.0,1170.0,19000
2007-02-07,1029.2735595703125,1180.0,1180.0,1160.0,1180.0,25200
2007-02-08,1003.105712890625,1150.0,1180.0,1150.0,1180.0,13900
2007-02-09,1020.5509033203124,1170.0,1170.0,1140.0,1150.0,30700
2007-02-13,1029.2735595703125,1180.0,1190.0,1150.0,1170.0,38400
2007-02-14,1020.5509033203124,1170.0,1220.0,1170.0,1190.0,53400
2007-02-15,1046.718994140625,1200.0,1200.0,1170.0,1180.0,22600
2007-02-16,1011.8283081054688,1160.0,1180.0,1150.0,1180.0,39100
2007-02-19,1037.996337890625,1190.0,1200.0,1160.0,1170.0,33200
2007-02-20,1037.996337890625,1190.0,1200.0,1180.0,1180.0,28900
2007-02-21,1046.718994140625,1200.0,1200.0,1180.0,1180.0,31600
2007-02-22,1107.777587890625,1270.0,1270.0,1200.0,1210.0,153600
2007-02-23,1107.777587890625,1270.0,1270.0,1240.0,1260.0,60100
2007-02-26,1116.5001220703125,1280.0,1310.0,1270.0,1280.0,101400
2007-02-27,1107.777587890625,1270.0,1310.0,1260.0,1310.0,67500
2007-02-28,1055.441650390625,1210.0,1220.0,1100.0,1120.0,92400
2007-03-01,1037.996337890625,1190.0,1220.0,1160.0,1220.0,51800
2007-03-02,1020.5509033203124,1170.0,1190.0,1160.0,1160.0,33700
2007-03-05,968.2151489257812,1110.0,1150.0,1110.0,1150.0,48400
2007-03-06,1029.2735595703125,1180.0,1180.0,1110.0,1110.0,30900
2007-03-07,1037.996337890625,1190.0,1210.0,1170.0,1200.0,59500
2007-03-08,1055.441650390625,1210.0,1210.0,1180.0,1190.0,15200
2007-03-09,1037.996337890625,1190.0,1220.0,1190.0,1210.0,21800
2007-03-12,1064.1644287109375,1220.0,1230.0,1200.0,1200.0,39900
2007-03-13,1064.1644287109375,1220.0,1220.0,1220.0,1220.0,39900
2007-03-14,1029.2735595703125,1180.0,1200.0,1170.0,1190.0,25600
2007-03-15,1029.2735595703125,1180.0,1210.0,1180.0,1190.0,17300
2007-03-16,1029.2735595703125,1180.0,1200.0,1170.0,1200.0,11100
2007-03-19,1020.5509033203124,1170.0,1190.0,1160.0,1180.0,17300
2007-03-20,1011.8283081054688,1160.0,1190.0,1160.0,1180.0,28700
2007-03-22,1029.2735595703125,1180.0,1190.0,1170.0,1170.0,22500
2007-03-23,1029.2735595703125,1180.0,1180.0,1170.0,1180.0,13200
2007-03-26,1029.2735595703125,1180.0,1180.0,1180.0,1180.0,13200
2007-03-27,1011.8283081054688,1160.0,1180.0,1150.0,1180.0,15300
2007-03-28,1011.8283081054688,1160.0,1170.0,1160.0,1160.0,8900
2007-03-29,1003.105712890625,1150.0,1160.0,1140.0,1150.0,25700
2007-03-30,1003.105712890625,1150.0,1170.0,1150.0,1160.0,10900
2007-04-02,985.660400390625,1130.0,1160.0,1130.0,1150.0,24400
2007-04-03,985.660400390625,1130.0,1140.0,1120.0,1130.0,12100
2007-04-04,1011.8283081054688,1160.0,1160.0,1140.0,1150.0,24100
2007-04-05,1003.105712890625,1150.0,1170.0,1140.0,1170.0,19500
2007-04-06,1003.105712890625,1150.0,1160.0,1140.0,1140.0,10300
2007-04-09,1003.105712890625,1150.0,1150.0,1150.0,1150.0,10300
2007-04-10,1029.2735595703125,1180.0,1180.0,1170.0,1180.0,13700
2007-04-11,1011.8283081054688,1160.0,1190.0,1160.0,1190.0,17400
2007-04-12,1020.5509033203124,1170.0,1170.0,1160.0,1170.0,10600
2007-04-13,1003.105712890625,1150.0,1170.0,1150.0,1170.0,25500
2007-04-16,1003.105712890625,1150.0,1160.0,1150.0,1160.0,10600
2007-04-17,985.660400390625,1130.0,1150.0,1130.0,1150.0,12700
2007-04-18,994.3829345703124,1140.0,1150.0,1130.0,1130.0,14200
2007-04-19,976.9376831054688,1120.0,1140.0,1120.0,1130.0,18800
2007-04-20,968.2151489257812,1110.0,1120.0,1100.0,1120.0,26100
2007-04-23,959.4924926757812,1100.0,1150.0,1090.0,1150.0,22600
2007-04-24,959.4924926757812,1100.0,1120.0,1080.0,1080.0,14800
2007-04-25,959.4924926757812,1100.0,1100.0,1100.0,1100.0,14800
2007-04-26,959.4924926757812,1100.0,1120.0,1080.0,1100.0,18600
2007-04-27,968.2151489257812,1110.0,1130.0,1110.0,1110.0,18000
2007-05-01,976.9376831054688,1120.0,1130.0,1110.0,1110.0,3600
2007-05-02,985.660400390625,1130.0,1130.0,1110.0,1120.0,11400
2007-05-07,1003.105712890625,1150.0,1150.0,1140.0,1150.0,17700
2007-05-08,1011.8283081054688,1160.0,1160.0,1150.0,1150.0,12400
2007-05-09,994.3829345703124,1140.0,1150.0,1140.0,1140.0,11500
2007-05-10,1003.105712890625,1150.0,1150.0,1130.0,1140.0,11200
2007-05-11,985.660400390625,1130.0,1140.0,1130.0,1130.0,8700
2007-05-14,942.0470581054688,1080.0,1140.0,1060.0,1140.0,39800
2007-05-15,933.3243408203124,1070.0,1080.0,1070.0,1080.0,27200
2007-05-16,1003.105712890625,1150.0,1160.0,1060.0,1060.0,110200
2007-05-17,985.660400390625,1130.0,1160.0,1130.0,1140.0,62100
2007-05-18,959.4924926757812,1100.0,1120.0,1090.0,1110.0,26900
2007-05-21,985.660400390625,1130.0,1150.0,1100.0,1110.0,19800
2007-05-22,985.660400390625,1130.0,1130.0,1130.0,1130.0,19800
2007-05-23,1003.105712890625,1150.0,1160.0,1150.0,1150.0,18400
2007-05-24,985.660400390625,1130.0,1150.0,1130.0,1140.0,15800
2007-05-25,976.9376831054688,1120.0,1120.0,1110.0,1110.0,9400
2007-05-28,994.3829345703124,1140.0,1140.0,1130.0,1130.0,5900
2007-05-29,994.3829345703124,1140.0,1150.0,1130.0,1130.0,6700
2007-05-30,976.9376831054688,1120.0,1130.0,1120.0,1130.0,7600
2007-05-31,985.660400390625,1130.0,1140.0,1130.0,1130.0,17100
2007-06-01,985.660400390625,1130.0,1150.0,1130.0,1140.0,33600
2007-06-04,985.660400390625,1130.0,1150.0,1130.0,1140.0,20300
2007-06-05,1072.886962890625,1230.0,1240.0,1140.0,1140.0,113800
2007-06-06,1072.886962890625,1230.0,1250.0,1230.0,1230.0,109800
2007-06-07,1168.836181640625,1340.0,1400.0,1300.0,1390.0,646600
2007-06-08,1203.726806640625,1380.0,1400.0,1360.0,1380.0,289900
2007-06-11,1186.2816162109375,1360.0,1380.0,1350.0,1370.0,105200
2007-06-12,1125.222900390625,1290.0,1300.0,1260.0,1280.0,77200
2007-06-13,1125.222900390625,1290.0,1300.0,1280.0,1280.0,51900
2007-06-14,1125.222900390625,1290.0,1310.0,1280.0,1310.0,69300
2007-06-15,1133.9454345703125,1300.0,1320.0,1300.0,1310.0,33000
2007-06-18,1168.836181640625,1340.0,1340.0,1290.0,1290.0,49400
2007-06-19,1142.668212890625,1310.0,1330.0,1310.0,1320.0,47100
2007-06-20,1212.449462890625,1390.0,1390.0,1370.0,1380.0,196200
2007-06-21,1195.0042724609375,1370.0,1380.0,1360.0,1380.0,33500
2007-06-22,1177.5587158203125,1350.0,1360.0,1350.0,1360.0,34100
2007-06-25,1151.3909912109375,1320.0,1330.0,1310.0,1320.0,38400
2007-06-26,1151.3909912109375,1320.0,1320.0,1310.0,1320.0,17400
2007-06-27,1125.222900390625,1290.0,1320.0,1290.0,1310.0,26800
2007-06-28,1142.668212890625,1310.0,1310.0,1280.0,1280.0,37100
2007-06-29,1133.9454345703125,1300.0,1310.0,1280.0,1310.0,14300
2007-07-02,1125.222900390625,1290.0,1300.0,1280.0,1300.0,14900
2007-07-03,1116.5001220703125,1280.0,1300.0,1270.0,1290.0,24400
2007-07-04,1116.5001220703125,1280.0,1290.0,1270.0,1270.0,18000
2007-07-05,1125.222900390625,1290.0,1290.0,1260.0,1280.0,36400
2007-07-06,1125.222900390625,1290.0,1290.0,1280.0,1290.0,48400
2007-07-09,1125.222900390625,1290.0,1300.0,1290.0,1300.0,12800
2007-07-10,1107.777587890625,1270.0,1300.0,1270.0,1290.0,39900
2007-07-11,1116.5001220703125,1280.0,1280.0,1260.0,1260.0,18500
2007-07-12,1160.113525390625,1330.0,1370.0,1280.0,1280.0,182100
2007-07-13,1133.9454345703125,1300.0,1350.0,1300.0,1330.0,38700
2007-07-17,1133.9454345703125,1300.0,1310.0,1290.0,1300.0,45100
2007-07-18,1160.113525390625,1330.0,1330.0,1310.0,1330.0,112700
2007-07-19,1151.3909912109375,1320.0,1320.0,1300.0,1310.0,41500
2007-07-20,1142.668212890625,1310.0,1320.0,1310.0,1320.0,11500
2007-07-23,1107.777587890625,1270.0,1290.0,1270.0,1290.0,23300
2007-07-24,1107.777587890625,1270.0,1290.0,1260.0,1260.0,30200
2007-07-25,1099.0550537109375,1260.0,1270.0,1250.0,1270.0,23500
2007-07-26,1064.1644287109375,1220.0,1230.0,1210.0,1230.0,28000
2007-07-27,1037.996337890625,1190.0,1210.0,1180.0,1180.0,81300
2007-07-30,1090.3323974609375,1250.0,1260.0,1170.0,1170.0,31500
2007-07-31,1081.6094970703125,1240.0,1240.0,1230.0,1240.0,9400
2007-08-01,1037.996337890625,1190.0,1240.0,1180.0,1240.0,13300
2007-08-02,1055.441650390625,1210.0,1220.0,1180.0,1200.0,16100
2007-08-03,1055.441650390625,1210.0,1210.0,1180.0,1210.0,12300
2007-08-06,1037.996337890625,1190.0,1200.0,1170.0,1170.0,7100
2007-08-07,985.660400390625,1130.0,1190.0,1100.0,1190.0,48500
2007-08-08,968.2151489257812,1110.0,1160.0,1110.0,1140.0,32600
2007-08-09,1037.996337890625,1190.0,1200.0,1160.0,1190.0,172500
2007-08-10,985.660400390625,1130.0,1160.0,1130.0,1140.0,31600
2007-08-13,985.660400390625,1130.0,1150.0,1130.0,1150.0,30500
2007-08-14,994.3829345703124,1140.0,1140.0,1130.0,1140.0,21200
2007-08-15,959.4924926757812,1100.0,1120.0,1100.0,1110.0,25000
2007-08-16,915.8790283203124,1050.0,1070.0,1010.0,1010.0,57900
2007-08-17,854.8204956054688,980.0,1070.0,970.0,1050.0,88600
2007-08-20,854.8204956054688,980.0,1040.0,950.0,1030.0,132100
2007-08-21,880.988525390625,1010.0,1020.0,1000.0,1000.0,44400
2007-08-22,872.2658081054688,1000.0,1010.0,1000.0,1010.0,25000
2007-08-23,907.1564331054688,1040.0,1050.0,1030.0,1040.0,60900
2007-08-24,924.6017456054688,1060.0,1060.0,1030.0,1050.0,20800
2007-08-27,907.1564331054688,1040.0,1050.0,1040.0,1040.0,25600
2007-08-28,915.8790283203124,1050.0,1050.0,1030.0,1030.0,24700
2007-08-29,898.4337768554688,1030.0,1030.0,1010.0,1020.0,23300
2007-08-30,898.4337768554688,1030.0,1040.0,1020.0,1030.0,16100
2007-08-31,907.1564331054688,1040.0,1040.0,1020.0,1020.0,18100
2007-09-03,907.1564331054688,1040.0,1050.0,1030.0,1040.0,18700
2007-09-04,907.1564331054688,1040.0,1050.0,1030.0,1040.0,10900
2007-09-05,880.988525390625,1010.0,1040.0,1010.0,1030.0,25600
2007-09-06,880.988525390625,1010.0,1010.0,990.0,990.0,16900
2007-09-07,863.5430908203125,990.0,1010.0,990.0,1010.0,19000
2007-09-10,872.2658081054688,1000.0,1000.0,970.0,980.0,22700
2007-09-11,872.2658081054688,1000.0,1000.0,970.0,970.0,22700
2007-09-12,872.2658081054688,1000.0,1020.0,1000.0,1010.0,21500
2007-09-13,880.988525390625,1010.0,1010.0,990.0,1000.0,26300
2007-09-14,872.2658081054688,1000.0,1020.0,1000.0,1020.0,23600
2007-09-18,872.2658081054688,1000.0,1020.0,1000.0,1010.0,18300
2007-09-19,898.4337768554688,1030.0,1030.0,1010.0,1020.0,59400
2007-09-20,889.7111206054688,1020.0,1020.0,1000.0,1000.0,32000
2007-09-21,889.7111206054688,1020.0,1020.0,1000.0,1000.0,16700
2007-09-25,872.2658081054688,1000.0,1020.0,990.0,1000.0,28400
2007-09-26,898.4337768554688,1030.0,1030.0,1000.0,1010.0,18900
2007-09-27,907.1564331054688,1040.0,1060.0,1030.0,1050.0,44800
2007-09-28,924.6017456054688,1060.0,1060.0,1030.0,1050.0,18800
2007-10-01,898.4337768554688,1030.0,1050.0,1020.0,1040.0,25900
2007-10-02,907.1564331054688,1040.0,1050.0,1040.0,1040.0,16200
2007-10-03,907.1564331054688,1040.0,1050.0,1030.0,1050.0,16100
2007-10-04,915.8790283203124,1050.0,1060.0,1040.0,1040.0,29100
2007-10-05,924.6017456054688,1060.0,1060.0,1040.0,1050.0,23600
2007-10-09,959.4924926757812,1100.0,1140.0,1070.0,1080.0,66400
2007-10-10,959.4924926757812,1100.0,1100.0,1100.0,1100.0,66400
2007-10-11,976.9376831054688,1120.0,1120.0,1090.0,1110.0,28100
2007-10-12,959.4924926757812,1100.0,1120.0,1100.0,1110.0,15000
2007-10-15,968.2151489257812,1110.0,1120.0,1100.0,1100.0,10500
2007-10-16,942.0470581054688,1080.0,1090.0,1060.0,1090.0,17200
2007-10-17,915.8790283203124,1050.0,1070.0,1050.0,1070.0,21900
2007-10-18,915.8790283203124,1050.0,1060.0,1030.0,1040.0,17700
2007-10-19,898.4337768554688,1030.0,1050.0,1030.0,1040.0,11500
2007-10-22,915.8790283203124,1050.0,1060.0,990.0,1000.0,22100
2007-10-23,933.3243408203124,1070.0,1090.0,1070.0,1080.0,14500
2007-10-24,950.7697143554688,1090.0,1090.0,1070.0,1070.0,14500
2007-10-25,915.8790283203124,1050.0,1090.0,1050.0,1090.0,14500
2007-10-26,924.6017456054688,1060.0,1060.0,1060.0,1060.0,14500
2007-10-29,924.6017456054688,1060.0,1090.0,1060.0,1080.0,16000
2007-10-30,950.7697143554688,1090.0,1090.0,1080.0,1080.0,16000
2007-10-31,950.7697143554688,1090.0,1090.0,1070.0,1090.0,10000
2007-11-01,976.9376831054688,1120.0,1120.0,1120.0,1120.0,10000
2007-11-02,950.7697143554688,1090.0,1100.0,1070.0,1090.0,29100
2007-11-05,915.8790283203124,1050.0,1100.0,1050.0,1090.0,17800
2007-11-06,924.6017456054688,1060.0,1070.0,1060.0,1070.0,17800
2007-11-07,907.1564331054688,1040.0,1050.0,1040.0,1050.0,17800
2007-11-08,880.988525390625,1010.0,1010.0,1010.0,1010.0,17800
2007-11-09,872.2658081054688,1000.0,1010.0,1000.0,1010.0,17800
2007-11-13,828.6525268554688,950.0,950.0,950.0,950.0,17800
2007-11-14,854.8204956054688,980.0,980.0,950.0,950.0,17800
2007-11-15,880.988525390625,1010.0,1010.0,990.0,1010.0,11600
2007-11-16,854.8204956054688,980.0,1000.0,980.0,1000.0,11600
2007-11-19,828.6525268554688,950.0,960.0,950.0,950.0,16800
2007-11-20,811.2072143554688,930.0,940.0,910.0,910.0,38100
2007-11-21,793.7618408203125,910.0,920.0,910.0,920.0,38100
2007-11-22,793.7618408203125,910.0,910.0,910.0,910.0,38100
2007-11-26,793.7618408203125,910.0,930.0,900.0,920.0,21300
2007-11-27,802.4844360351562,920.0,920.0,900.0,910.0,26500
2007-11-28,811.2072143554688,930.0,930.0,920.0,920.0,6700
2007-11-29,819.929931640625,940.0,950.0,940.0,950.0,6700
2007-11-30,837.3751831054688,960.0,960.0,940.0,950.0,13100
2007-12-03,846.0978393554688,970.0,970.0,960.0,960.0,13100
2007-12-04,828.6525268554688,950.0,950.0,950.0,950.0,13100
2007-12-05,846.0978393554688,970.0,970.0,940.0,940.0,11300
2007-12-06,828.6525268554688,950.0,960.0,950.0,960.0,11300
2007-12-07,828.6525268554688,950.0,970.0,950.0,960.0,27000
2007-12-10,828.6525268554688,950.0,960.0,940.0,960.0,30900
2007-12-11,828.6525268554688,950.0,960.0,950.0,960.0,17300
2007-12-12,828.6525268554688,950.0,950.0,930.0,930.0,13900
2007-12-13,811.2072143554688,930.0,930.0,930.0,930.0,13900
2007-12-14,811.2072143554688,930.0,940.0,930.0,930.0,21300
2007-12-18,811.2072143554688,930.0,930.0,910.0,910.0,42500
2007-12-19,793.7618408203125,910.0,920.0,910.0,920.0,21300
2007-12-20,776.3165283203125,890.0,900.0,890.0,900.0,21300
2007-12-21,758.871337890625,870.0,890.0,870.0,890.0,21300
2007-12-25,741.4259643554688,850.0,860.0,850.0,860.0,21300
2007-12-26,758.871337890625,870.0,880.0,860.0,860.0,27400
2007-12-28,750.1486206054688,860.0,860.0,860.0,860.0,27400
2008-01-04,732.7033081054688,840.0,840.0,840.0,840.0,27400
2008-01-07,706.5352172851562,810.0,820.0,800.0,810.0,37900
2008-01-09,706.5352172851562,810.0,810.0,800.0,800.0,37900
2008-01-10,654.1992797851562,750.0,810.0,750.0,810.0,23000
2008-01-11,619.3087768554688,710.0,720.0,710.0,720.0,38700
2008-01-15,558.2500610351562,640.0,700.0,620.0,700.0,40700
2008-01-16,523.3594970703125,600.0,620.0,580.0,590.0,64200
2008-01-17,532.0822143554688,610.0,610.0,610.0,610.0,64200
2008-01-18,566.9727172851562,650.0,650.0,620.0,620.0,26900
2008-01-21,523.3594970703125,600.0,610.0,600.0,610.0,26900
2008-01-22,471.0235290527344,540.0,570.0,540.0,570.0,26900
2008-01-23,558.2500610351562,640.0,680.0,570.0,670.0,262900
2008-01-24,610.5859985351562,700.0,700.0,640.0,640.0,262900
2008-01-25,619.3087768554688,710.0,710.0,710.0,710.0,262900
2008-01-28,593.1408081054688,680.0,700.0,680.0,700.0,262900
2008-01-29,610.5859985351562,700.0,700.0,690.0,690.0,262900
2008-01-30,628.0313110351562,720.0,720.0,720.0,720.0,262900
2008-01-31,636.7540283203125,730.0,730.0,730.0,730.0,262900
2008-02-01,662.922119140625,760.0,760.0,730.0,730.0,262900
2008-02-04,680.3673706054688,780.0,780.0,760.0,760.0,262900
2008-02-05,680.3673706054688,780.0,780.0,780.0,780.0,262900
2008-02-06,636.7540283203125,730.0,750.0,730.0,750.0,22000
2008-02-07,636.7540283203125,730.0,730.0,720.0,720.0,10700
2008-02-08,628.0313110351562,720.0,730.0,720.0,720.0,8100
2008-02-12,610.5859985351562,700.0,720.0,700.0,720.0,8100
2008-02-13,601.8634033203125,690.0,690.0,690.0,690.0,8100
2008-02-14,619.3087768554688,710.0,710.0,700.0,700.0,8100
2008-02-15,628.0313110351562,720.0,730.0,710.0,720.0,9500
2008-02-18,645.4766235351562,740.0,750.0,720.0,720.0,19000
2008-02-19,662.922119140625,760.0,760.0,740.0,750.0,17400
2008-02-20,636.7540283203125,730.0,750.0,730.0,750.0,13400
2008-02-21,636.7540283203125,730.0,730.0,730.0,730.0,13400
2008-02-22,654.1992797851562,750.0,760.0,740.0,750.0,19500
2008-02-25,732.7033081054688,840.0,840.0,800.0,840.0,108600
2008-02-26,671.6446533203125,770.0,830.0,770.0,820.0,51700
2008-02-27,715.2579345703125,820.0,830.0,820.0,830.0,51700
2008-02-28,697.8126220703125,800.0,800.0,790.0,790.0,51700
2008-02-29,689.0900268554688,790.0,800.0,780.0,790.0,11500
2008-03-03,662.922119140625,760.0,770.0,750.0,750.0,14700
2008-03-04,662.922119140625,760.0,760.0,750.0,750.0,14700
2008-03-05,654.1992797851562,750.0,760.0,750.0,750.0,8300
2008-03-06,680.3673706054688,780.0,780.0,760.0,780.0,7500
2008-03-07,645.4766235351562,740.0,780.0,740.0,780.0,7500
2008-03-10,636.7540283203125,730.0,740.0,720.0,730.0,11900
2008-03-11,636.7540283203125,730.0,730.0,720.0,720.0,11900
2008-03-12,662.922119140625,760.0,760.0,750.0,760.0,8100
2008-03-13,619.3087768554688,710.0,750.0,710.0,750.0,8100
2008-03-14,619.3087768554688,710.0,710.0,710.0,710.0,8100
2008-03-17,601.8634033203125,690.0,700.0,670.0,690.0,52600
2008-03-18,610.5859985351562,700.0,700.0,680.0,700.0,6300
2008-03-19,680.3673706054688,780.0,780.0,780.0,780.0,6300
2008-03-21,654.1992797851562,750.0,760.0,740.0,760.0,11100
2008-03-24,654.1992797851562,750.0,750.0,750.0,750.0,11100
2008-03-25,671.6446533203125,770.0,770.0,770.0,770.0,11100
2008-03-26,689.0900268554688,790.0,790.0,770.0,770.0,22500
2008-03-27,671.6446533203125,770.0,770.0,770.0,770.0,22500
2008-03-28,680.3673706054688,780.0,780.0,750.0,750.0,22500
2008-03-31,654.1992797851562,750.0,760.0,750.0,760.0,10600
2008-04-01,671.6446533203125,770.0,770.0,770.0,770.0,10600
2008-04-02,662.922119140625,760.0,770.0,760.0,770.0,10600
2008-04-03,680.3673706054688,780.0,790.0,760.0,770.0,23400
2008-04-04,662.922119140625,760.0,770.0,760.0,770.0,23400
2008-04-07,671.6446533203125,770.0,770.0,740.0,740.0,21200
2008-04-08,654.1992797851562,750.0,760.0,750.0,760.0,14200
2008-04-09,689.0900268554688,790.0,790.0,750.0,750.0,14200
2008-04-10,654.1992797851562,750.0,780.0,750.0,780.0,14200
2008-04-11,671.6446533203125,770.0,770.0,750.0,750.0,14200
2008-04-14,654.1992797851562,750.0,770.0,750.0,770.0,14200
2008-04-15,662.922119140625,760.0,770.0,760.0,770.0,6100
2008-04-16,671.6446533203125,770.0,770.0,760.0,760.0,6100
2008-04-17,671.6446533203125,770.0,780.0,770.0,780.0,6100
2008-04-18,671.6446533203125,770.0,770.0,770.0,770.0,6100
2008-04-21,706.5352172851562,810.0,830.0,780.0,780.0,84200
2008-04-22,697.8126220703125,800.0,800.0,800.0,800.0,84200
2008-04-23,680.3673706054688,780.0,790.0,780.0,780.0,9800
2008-04-24,671.6446533203125,770.0,790.0,770.0,790.0,7600
2008-04-25,785.0392456054688,900.0,900.0,870.0,870.0,7600
2008-04-28,854.8204956054688,980.0,980.0,970.0,970.0,7600
2008-04-30,837.3751831054688,960.0,970.0,960.0,970.0,7600
2008-05-01,837.3751831054688,960.0,960.0,960.0,960.0,7600
2008-05-02,863.5430908203125,990.0,1010.0,980.0,1000.0,99400
2008-05-07,872.2658081054688,1000.0,1000.0,1000.0,1000.0,99400
2008-05-08,907.1564331054688,1040.0,1080.0,1030.0,1040.0,184400
2008-05-09,889.7111206054688,1020.0,1060.0,990.0,1060.0,195500
2008-05-12,889.7111206054688,1020.0,1050.0,1010.0,1020.0,67900
2008-05-13,933.3243408203124,1070.0,1070.0,1050.0,1050.0,59800
2008-05-14,950.7697143554688,1090.0,1100.0,1080.0,1090.0,159300
2008-05-15,915.8790283203124,1050.0,1090.0,1050.0,1080.0,125000
2008-05-16,889.7111206054688,1020.0,1052.4090576171875,1020.0,1052.4090576171875,125000
2008-05-19,854.8204956054688,980.0,980.0,980.0,980.0,125000
2008-05-20,863.5430908203125,990.0,1010.0,990.0,1000.0,24600
2008-05-21,863.5430908203125,990.0,1000.0,990.0,990.0,14800
2008-05-22,915.8790283203124,1050.0,1050.0,1000.0,1000.0,25400
2008-05-23,898.4337768554688,1030.0,1040.0,1030.0,1030.0,20200
2008-05-26,863.5430908203125,990.0,1010.0,990.0,1000.0,28900
2008-05-27,872.2658081054688,1000.0,1020.0,1000.0,1020.0,8600
2008-05-28,863.5430908203125,990.0,1000.0,990.0,1000.0,18900
2008-05-29,854.8204956054688,980.0,990.0,980.0,990.0,10600
2008-05-30,863.5430908203125,990.0,990.0,990.0,990.0,10600
2008-06-02,880.988525390625,1010.0,1020.0,1010.0,1010.0,6800
2008-06-03,854.8204956054688,980.0,1000.0,980.0,990.0,20600
2008-06-04,880.988525390625,1010.0,1020.0,990.0,990.0,26200
2008-06-05,933.3243408203124,1070.0,1090.0,1040.0,1050.0,115100
2008-06-06,907.1564331054688,1040.0,1060.0,1040.0,1050.0,33000
2008-06-09,872.2658081054688,1000.0,1010.0,1000.0,1000.0,27100
2008-06-10,872.2658081054688,1000.0,1000.0,1000.0,1000.0,27100
2008-06-11,880.988525390625,1010.0,1020.0,1000.0,1000.0,11700
2008-06-12,898.4337768554688,1030.0,1030.0,1010.0,1010.0,11700
2008-06-13,880.988525390625,1010.0,1010.0,1000.0,1000.0,11700
2008-06-16,880.988525390625,1010.0,1020.0,1010.0,1020.0,14600
2008-06-17,880.988525390625,1010.0,1010.0,1010.0,1010.0,14600
2008-06-18,880.988525390625,1010.0,1010.0,1000.0,1000.0,17200
2008-06-19,863.5430908203125,990.0,1000.0,990.0,1000.0,17200
2008-06-20,863.5430908203125,990.0,1000.0,990.0,990.0,10200
2008-06-23,863.5430908203125,990.0,1000.0,970.0,970.0,23600
2008-06-24,880.988525390625,1010.0,1020.0,1010.0,1020.0,14500
2008-06-25,898.4337768554688,1030.0,1050.0,990.0,990.0,72000
2008-06-26,898.4337768554688,1030.0,1030.0,1020.0,1020.0,72000
2008-06-27,846.0978393554688,970.0,1000.0,970.0,1000.0,72000
2008-06-30,828.6525268554688,950.0,970.0,950.0,970.0,28600
2008-07-01,785.0392456054688,900.0,960.0,900.0,960.0,28600
2008-07-03,785.0392456054688,900.0,900.0,890.0,890.0,28600
2008-07-04,776.3165283203125,890.0,900.0,890.0,900.0,28600
2008-07-07,776.3165283203125,890.0,910.0,890.0,890.0,8700
2008-07-08,741.4259643554688,850.0,870.0,850.0,870.0,11900
2008-07-09,741.4259643554688,850.0,860.0,850.0,860.0,11900
2008-07-10,715.2579345703125,820.0,830.0,820.0,830.0,11900
2008-07-11,732.7033081054688,840.0,850.0,830.0,830.0,11800
2008-07-14,715.2579345703125,820.0,840.0,820.0,830.0,10600
2008-07-15,723.9806518554688,830.0,830.0,820.0,820.0,10400
2008-07-16,697.8126220703125,800.0,820.0,800.0,810.0,12100
2008-07-17,715.2579345703125,820.0,820.0,820.0,820.0,12100
2008-07-18,723.9806518554688,830.0,870.0,830.0,870.0,24900
2008-07-22,723.9806518554688,830.0,830.0,830.0,830.0,24900
2008-07-23,732.7033081054688,840.0,860.0,840.0,850.0,13000
2008-07-24,758.871337890625,870.0,870.0,870.0,870.0,13000
2008-07-25,741.4259643554688,850.0,860.0,850.0,860.0,13000
2008-07-28,767.5938720703125,880.0,880.0,860.0,870.0,6800
2008-07-29,750.1486206054688,860.0,860.0,850.0,850.0,7800
2008-07-30,767.5938720703125,880.0,880.0,870.0,870.0,7800
2008-07-31,758.871337890625,870.0,870.0,850.0,860.0,10600
2008-08-01,732.7033081054688,840.0,870.0,840.0,870.0,10600
2008-08-04,715.2579345703125,820.0,830.0,820.0,830.0,6200
2008-08-05,680.3673706054688,780.0,780.0,780.0,780.0,6200
2008-08-06,715.2579345703125,820.0,820.0,810.0,810.0,6200
2008-08-07,697.8126220703125,800.0,810.0,790.0,810.0,7200
2008-08-08,689.0900268554688,790.0,790.0,790.0,790.0,7200
2008-08-11,750.1486206054688,860.0,880.0,860.0,880.0,7200
2008-08-12,741.4259643554688,850.0,860.0,850.0,860.0,7200
2008-08-13,732.7033081054688,840.0,850.0,840.0,850.0,7200
2008-08-14,706.5352172851562,810.0,840.0,810.0,840.0,7200
2008-08-15,697.8126220703125,800.0,810.0,800.0,810.0,7200
2008-08-18,732.7033081054688,840.0,850.0,830.0,850.0,11800
2008-08-19,697.8126220703125,800.0,820.0,800.0,820.0,11800
2008-08-20,706.5352172851562,810.0,820.0,810.0,810.0,9600
2008-08-21,697.8126220703125,800.0,810.0,800.0,810.0,5500
2008-08-22,697.8126220703125,800.0,800.0,800.0,800.0,6300
2008-08-25,715.2579345703125,820.0,830.0,820.0,820.0,7900
2008-08-26,715.2579345703125,820.0,820.0,810.0,810.0,3400
2008-08-27,706.5352172851562,810.0,810.0,810.0,810.0,3400
2008-08-28,723.9806518554688,830.0,830.0,810.0,810.0,3400
2008-08-29,732.7033081054688,840.0,840.0,830.0,830.0,3400
2008-09-01,706.5352172851562,810.0,820.0,810.0,820.0,4900
2008-09-02,680.3673706054688,780.0,780.0,780.0,780.0,4900
2008-09-03,662.922119140625,760.0,790.0,760.0,790.0,4900
2008-09-04,654.1992797851562,750.0,760.0,750.0,760.0,4900
2008-09-05,610.5859985351562,700.0,730.0,690.0,690.0,17100
2008-09-08,654.1992797851562,750.0,750.0,740.0,750.0,12000
2008-09-09,619.3087768554688,710.0,720.0,710.0,720.0,12000
2008-09-10,619.3087768554688,710.0,710.0,710.0,710.0,15000
2008-09-11,610.5859985351562,700.0,720.0,700.0,720.0,6500
2008-09-12,645.4766235351562,740.0,740.0,720.0,720.0,6500
2008-09-16,662.922119140625,760.0,760.0,710.0,710.0,300
2008-09-17,662.922119140625,760.0,760.0,750.0,750.0,300
2008-09-18,636.7540283203125,730.0,760.0,730.0,760.0,300
2008-09-19,706.5352172851562,810.0,810.0,790.0,790.0,300
2008-09-22,706.5352172851562,810.0,810.0,780.0,780.0,300
2008-09-24,732.7033081054688,840.0,840.0,830.0,830.0,18300
2008-09-25,706.5352172851562,810.0,820.0,810.0,820.0,18300
2008-09-26,671.6446533203125,770.0,790.0,750.0,790.0,19400
2008-09-29,671.6446533203125,770.0,770.0,770.0,770.0,19400
2008-09-30,680.3673706054688,780.0,780.0,700.0,700.0,19400
2008-10-01,680.3673706054688,780.0,780.0,760.0,760.0,19400
2008-10-02,645.4766235351562,740.0,760.0,740.0,760.0,19400
2008-10-03,636.7540283203125,730.0,730.0,700.0,730.0,9600
2008-10-06,558.2500610351562,640.0,720.0,640.0,720.0,9600
2008-10-07,514.6367797851562,590.0,590.0,570.0,570.0,9600
2008-10-08,488.4688415527344,560.0,560.0,560.0,560.0,9600
2008-10-09,497.19146728515625,570.0,590.0,570.0,590.0,9600
2008-10-10,514.6367797851562,590.0,590.0,540.0,540.0,9600
2008-10-14,610.5859985351562,700.0,700.0,670.0,670.0,9600
2008-10-15,628.0313110351562,720.0,720.0,650.0,660.0,20200
2008-10-16,575.6954956054688,660.0,680.0,660.0,680.0,20200
2008-10-17,601.8634033203125,690.0,690.0,680.0,690.0,7700
2008-10-20,584.4180908203125,670.0,670.0,660.0,660.0,7700
2008-10-21,593.1408081054688,680.0,710.0,680.0,710.0,7700
2008-10-22,575.6954956054688,660.0,680.0,660.0,680.0,7700
2008-10-23,584.4180908203125,670.0,670.0,630.0,640.0,19000
2008-10-24,584.4180908203125,670.0,670.0,660.0,660.0,19000
2008-10-27,505.9141540527344,580.0,670.0,580.0,670.0,19000
2008-10-28,593.1408081054688,680.0,680.0,600.0,600.0,19000
2008-10-29,593.1408081054688,680.0,680.0,670.0,670.0,19000
2008-10-30,601.8634033203125,690.0,690.0,670.0,670.0,19000
2008-10-31,601.8634033203125,690.0,690.0,690.0,690.0,19000
2008-11-04,654.1992797851562,750.0,750.0,690.0,690.0,23000
2008-11-05,680.3673706054688,780.0,780.0,750.0,750.0,23000
2008-11-06,645.4766235351562,740.0,780.0,740.0,780.0,23000
2008-11-07,723.9806518554688,830.0,830.0,730.0,730.0,23000
2008-11-10,811.2072143554688,930.0,1050.0,920.0,1050.0,586900
2008-11-11,776.3165283203125,890.0,890.0,890.0,890.0,586900
2008-11-12,793.7618408203125,910.0,950.0,880.0,950.0,108100
2008-11-13,758.871337890625,870.0,890.0,850.0,890.0,79900
2008-11-14,750.1486206054688,860.0,870.0,860.0,870.0,79900
2008-11-17,750.1486206054688,860.0,860.0,860.0,860.0,79900
2008-11-18,758.871337890625,870.0,870.0,870.0,870.0,79900
2008-11-19,732.7033081054688,840.0,850.0,840.0,850.0,21700
2008-11-20,680.3673706054688,780.0,840.0,780.0,840.0,21700
2008-11-21,689.0900268554688,790.0,790.0,780.0,780.0,21700
2008-11-25,689.0900268554688,790.0,790.0,780.0,790.0,13700
2008-11-27,697.8126220703125,800.0,800.0,790.0,790.0,13700
2008-12-01,689.0900268554688,790.0,800.0,790.0,800.0,13700
2008-12-02,680.3673706054688,780.0,790.0,780.0,790.0,13700
2008-12-03,706.5352172851562,810.0,810.0,800.0,800.0,13700
2008-12-04,706.5352172851562,810.0,810.0,790.0,790.0,13700
2008-12-05,697.8126220703125,800.0,810.0,800.0,810.0,13700
2008-12-08,732.7033081054688,840.0,840.0,820.0,840.0,9700
2008-12-09,723.9806518554688,830.0,830.0,830.0,830.0,9700
2008-12-10,732.7033081054688,840.0,840.0,830.0,830.0,9700
2008-12-11,741.4259643554688,850.0,850.0,840.0,840.0,9700
2008-12-12,723.9806518554688,830.0,850.0,830.0,850.0,9700
2008-12-15,758.871337890625,870.0,870.0,870.0,870.0,9700
2008-12-16,758.871337890625,870.0,870.0,850.0,850.0,20100
2008-12-17,741.4259643554688,850.0,870.0,850.0,870.0,24100
2008-12-18,732.7033081054688,840.0,840.0,840.0,840.0,11000
2008-12-19,732.7033081054688,840.0,840.0,840.0,840.0,21300
2008-12-22,741.4259643554688,850.0,850.0,810.0,810.0,27000
2008-12-24,715.2579345703125,820.0,830.0,820.0,830.0,19500
2008-12-25,715.2579345703125,820.0,840.0,820.0,840.0,14800
2008-12-26,706.5352172851562,810.0,810.0,800.0,800.0,15100
2008-12-29,715.2579345703125,820.0,820.0,810.0,810.0,11800
2008-12-30,715.2579345703125,820.0,820.0,790.0,790.0,9100
2009-01-05,715.2579345703125,820.0,820.0,810.0,820.0,3500
2009-01-06,741.4259643554688,850.0,850.0,820.0,820.0,13700
2009-01-07,767.5938720703125,880.0,880.0,870.0,870.0,18300
2009-01-08,723.9806518554688,830.0,860.0,830.0,860.0,7400
2009-01-09,723.9806518554688,830.0,840.0,820.0,830.0,6500
2009-01-13,689.0900268554688,790.0,810.0,790.0,810.0,28600
2009-01-14,697.8126220703125,800.0,800.0,780.0,780.0,12400
2009-01-15,662.922119140625,760.0,780.0,760.0,780.0,33500
2009-01-16,715.2579345703125,820.0,860.0,820.0,850.0,140600
2009-01-19,732.7033081054688,840.0,840.0,810.0,820.0,24700
2009-01-20,715.2579345703125,820.0,830.0,820.0,830.0,7800
2009-01-21,697.8126220703125,800.0,820.0,800.0,820.0,12300
2009-01-22,706.5352172851562,810.0,810.0,800.0,800.0,10900
2009-01-23,689.0900268554688,790.0,800.0,790.0,800.0,4400
2009-01-26,680.3673706054688,780.0,780.0,780.0,780.0,9300
2009-01-27,706.5352172851562,810.0,810.0,780.0,800.0,18600
2009-01-28,706.5352172851562,810.0,810.0,800.0,800.0,5200
2009-01-29,715.2579345703125,820.0,820.0,810.0,810.0,8900
2009-01-30,697.8126220703125,800.0,820.0,800.0,820.0,9800
2009-02-02,689.0900268554688,790.0,800.0,790.0,800.0,7200
2009-02-03,689.0900268554688,790.0,790.0,770.0,780.0,9400
2009-02-04,697.8126220703125,800.0,800.0,790.0,790.0,2300
2009-02-05,689.0900268554688,790.0,800.0,790.0,800.0,7400
2009-02-06,662.922119140625,760.0,790.0,760.0,790.0,21200
2009-02-09,619.3087768554688,710.0,750.0,710.0,750.0,17000
2009-02-10,645.4766235351562,740.0,780.0,670.0,690.0,18500
2009-02-12,697.8126220703125,800.0,800.0,790.0,790.0,88600
2009-02-13,697.8126220703125,800.0,810.0,780.0,780.0,26300
2009-02-16,732.7033081054688,840.0,840.0,828.64990234375,828.64990234375,49700
2009-02-17,697.8126220703125,800.0,830.0,800.0,830.0,69000
2009-02-18,671.6446533203125,770.0,780.0,770.0,780.0,30800
2009-02-19,662.922119140625,760.0,770.0,760.0,770.0,14300
2009-02-20,654.1992797851562,750.0,750.0,740.0,750.0,22400
2009-02-23,645.4766235351562,740.0,740.0,710.0,710.0,16100
2009-02-24,628.0313110351562,720.0,720.0,720.0,720.0,6600
2009-02-25,645.4766235351562,740.0,740.0,720.0,720.0,5700
2009-02-26,645.4766235351562,740.0,740.0,720.0,720.0,17300
2009-02-27,662.922119140625,760.0,760.0,730.0,730.0,7600
2009-03-02,636.7540283203125,730.0,760.0,730.0,760.0,6400
2009-03-03,636.7540283203125,730.0,730.0,720.0,720.0,6200
2009-03-04,662.922119140625,760.0,760.0,740.0,740.0,6600
2009-03-05,654.1992797851562,750.0,760.0,750.0,760.0,6900
2009-03-06,636.7540283203125,730.0,760.0,730.0,760.0,7000
2009-03-09,645.4766235351562,740.0,740.0,730.0,730.0,9100
2009-03-10,645.4766235351562,740.0,740.0,720.0,720.0,3900
2009-03-11,645.4766235351562,740.0,760.0,740.0,760.0,7800
2009-03-12,645.4766235351562,740.0,740.0,730.0,730.0,5800
2009-03-13,645.4766235351562,740.0,740.0,720.0,720.0,18300
2009-03-16,654.1992797851562,750.0,750.0,730.0,730.0,8000
2009-03-17,662.922119140625,760.0,760.0,750.0,760.0,6700
2009-03-18,697.8126220703125,800.0,800.0,790.0,790.0,24800
2009-03-19,671.6446533203125,770.0,770.0,770.0,770.0,10100
2009-03-23,680.3673706054688,780.0,780.0,760.0,760.0,15900
2009-03-24,689.0900268554688,790.0,790.0,790.0,790.0,18100
2009-03-25,697.8126220703125,800.0,810.0,800.0,810.0,18600
2009-03-26,723.9806518554688,830.0,850.0,820.0,830.0,30500
2009-03-27,706.5352172851562,810.0,810.0,810.0,810.0,22100
2009-03-30,697.8126220703125,800.0,820.0,800.0,820.0,12400
2009-03-31,680.3673706054688,780.0,800.0,780.0,800.0,25200
2009-04-01,671.6446533203125,770.0,790.0,770.0,790.0,15700
2009-04-02,706.5352172851562,810.0,810.0,810.0,810.0,25800
2009-04-03,706.5352172851562,810.0,810.0,810.0,810.0,15800
2009-04-06,723.9806518554688,830.0,830.0,810.0,810.0,6300
2009-04-07,741.4259643554688,850.0,850.0,830.0,830.0,82400
2009-04-08,723.9806518554688,830.0,830.0,820.0,830.0,13200
2009-04-09,758.871337890625,870.0,870.0,860.0,860.0,22900
2009-04-10,750.1486206054688,860.0,880.0,820.0,880.0,33900
2009-04-13,785.0392456054688,900.0,900.0,880.0,880.0,40100
2009-04-14,776.3165283203125,890.0,910.0,890.0,910.0,32100
2009-04-15,776.3165283203125,890.0,900.0,890.0,900.0,16300
2009-04-16,802.4844360351562,920.0,930.0,900.0,920.0,30900
2009-04-17,811.2072143554688,930.0,930.0,920.0,920.0,18500
2009-04-20,767.5938720703125,880.0,930.0,880.0,930.0,19700
2009-04-21,758.871337890625,870.0,880.0,860.0,860.0,8400
2009-04-22,750.1486206054688,860.0,890.0,860.0,890.0,20700
2009-04-23,750.1486206054688,860.0,860.0,850.0,850.0,10400
2009-04-24,750.1486206054688,860.0,860.0,860.0,860.0,9800
2009-04-27,767.5938720703125,880.0,880.0,860.0,860.0,15300
2009-04-28,767.5938720703125,880.0,900.0,880.0,900.0,29100
2009-04-30,785.0392456054688,900.0,900.0,870.0,870.0,10600
2009-05-01,819.929931640625,940.0,970.0,890.0,900.0,72800
2009-05-07,872.2658081054688,1000.0,1040.0,990.0,990.0,120000
2009-05-08,872.2658081054688,1000.0,1000.0,1000.0,1000.0,25000
2009-05-11,854.8204956054688,980.0,1000.0,980.0,1000.0,23800
2009-05-12,846.0978393554688,970.0,980.0,970.0,980.0,73900
2009-05-13,828.6525268554688,950.0,970.0,950.0,970.0,27800
2009-05-14,802.4844360351562,920.0,940.0,920.0,940.0,29400
2009-05-15,776.3165283203125,890.0,950.0,890.0,950.0,74800
2009-05-18,776.3165283203125,890.0,890.0,890.0,890.0,14500
2009-05-19,785.0392456054688,900.0,910.0,890.0,900.0,10900
2009-05-20,785.0392456054688,900.0,900.0,900.0,900.0,8500
2009-05-21,750.1486206054688,860.0,900.0,860.0,890.0,21600
2009-05-22,758.871337890625,870.0,870.0,870.0,870.0,9100
2009-05-25,776.3165283203125,890.0,890.0,880.0,890.0,7300
2009-05-26,785.0392456054688,900.0,900.0,890.0,890.0,10800
2009-05-27,785.0392456054688,900.0,910.0,900.0,900.0,13600
2009-05-28,802.4844360351562,920.0,920.0,900.0,900.0,10300
2009-05-29,793.7618408203125,910.0,920.0,900.0,910.0,14100
2009-06-01,811.2072143554688,930.0,930.0,920.0,930.0,18700
2009-06-02,811.2072143554688,930.0,930.0,930.0,930.0,33300
2009-06-03,802.4844360351562,920.0,930.0,920.0,920.0,8600
2009-06-04,802.4844360351562,920.0,930.0,920.0,930.0,12100
2009-06-05,828.6525268554688,950.0,950.0,930.0,940.0,34900
2009-06-08,846.0978393554688,970.0,980.0,970.0,980.0,69600
2009-06-09,846.0978393554688,970.0,970.0,970.0,970.0,39300
2009-06-10,872.2658081054688,1000.0,1000.0,970.0,970.0,153700
2009-06-11,854.8204956054688,980.0,980.0,970.0,970.0,39000
2009-06-12,837.3751831054688,960.0,980.0,960.0,960.0,49100
2009-06-15,880.988525390625,1010.0,1040.0,990.0,990.0,141600
2009-06-16,837.3751831054688,960.0,980.0,960.0,980.0,71200
2009-06-17,846.0978393554688,970.0,970.0,960.0,960.0,18600
2009-06-18,846.0978393554688,970.0,970.0,950.0,960.0,12100
2009-06-19,828.6525268554688,950.0,960.0,950.0,960.0,7900
2009-06-22,880.988525390625,1010.0,1020.0,980.0,980.0,58900
2009-06-23,837.3751831054688,960.0,970.0,950.0,960.0,36900
2009-06-24,837.3751831054688,960.0,960.0,950.0,960.0,10300
2009-06-25,863.5430908203125,990.0,1000.0,960.0,960.0,31400
2009-06-26,863.5430908203125,990.0,1000.0,980.0,1000.0,14900
2009-06-29,846.0978393554688,970.0,1000.0,970.0,1000.0,8800
2009-06-30,837.3751831054688,960.0,990.0,950.0,990.0,29400
2009-07-01,846.0978393554688,970.0,980.0,960.0,970.0,10100
2009-07-02,846.0978393554688,970.0,980.0,960.0,970.0,14000
2009-07-03,846.0978393554688,970.0,970.0,950.0,950.0,11400
2009-07-06,837.3751831054688,960.0,960.0,950.0,960.0,7700
2009-07-07,837.3751831054688,960.0,960.0,950.0,960.0,8000
2009-07-08,785.0392456054688,900.0,950.0,900.0,950.0,25100
2009-07-09,776.3165283203125,890.0,910.0,880.0,890.0,14200
2009-07-10,758.871337890625,870.0,900.0,870.0,900.0,17500
2009-07-13,706.5352172851562,810.0,880.0,800.0,870.0,15800
2009-07-14,732.7033081054688,840.0,850.0,820.0,830.0,10600
2009-07-15,767.5938720703125,880.0,900.0,850.0,850.0,16100
2009-07-16,767.5938720703125,880.0,900.0,880.0,890.0,3600
2009-07-17,767.5938720703125,880.0,930.0,880.0,910.0,11900
2009-07-21,793.7618408203125,910.0,910.0,890.0,890.0,3600
2009-07-22,802.4844360351562,920.0,920.0,890.0,890.0,4500
2009-07-23,802.4844360351562,920.0,920.0,900.0,910.0,5800
2009-07-24,802.4844360351562,920.0,930.0,900.0,920.0,8200
2009-07-27,802.4844360351562,920.0,940.0,910.0,940.0,9300
2009-07-28,785.0392456054688,900.0,920.0,900.0,910.0,1800
2009-07-29,793.7618408203125,910.0,920.0,900.0,900.0,2800
2009-07-30,785.0392456054688,900.0,920.0,900.0,920.0,3000
2009-07-31,793.7618408203125,910.0,920.0,900.0,920.0,3700
2009-08-03,793.7618408203125,910.0,930.0,900.0,930.0,4600
2009-08-04,793.7618408203125,910.0,930.0,910.0,930.0,6000
2009-08-05,802.4844360351562,920.0,940.0,910.0,940.0,4800
2009-08-06,802.4844360351562,920.0,930.0,920.0,930.0,4000
2009-08-07,802.4844360351562,920.0,930.0,910.0,920.0,7000
2009-08-10,802.4844360351562,920.0,920.0,900.0,920.0,3800
2009-08-11,802.4844360351562,920.0,930.0,920.0,920.0,4400
2009-08-12,793.7618408203125,910.0,930.0,910.0,930.0,4200
2009-08-13,793.7618408203125,910.0,920.0,910.0,920.0,6300
2009-08-14,802.4844360351562,920.0,930.0,920.0,920.0,9700
2009-08-17,785.0392456054688,900.0,920.0,900.0,920.0,8400
2009-08-18,785.0392456054688,900.0,900.0,880.0,880.0,6100
2009-08-19,785.0392456054688,900.0,910.0,880.0,900.0,10700
2009-08-20,776.3165283203125,890.0,900.0,880.0,890.0,8000
2009-08-21,776.3165283203125,890.0,900.0,890.0,900.0,3000
2009-08-24,793.7618408203125,910.0,930.0,900.0,900.0,9400
2009-08-25,785.0392456054688,900.0,920.0,900.0,910.0,4600
2009-08-26,793.7618408203125,910.0,910.0,900.0,900.0,6800
2009-08-27,785.0392456054688,900.0,920.0,900.0,920.0,7100
2009-08-28,785.0392456054688,900.0,910.0,900.0,910.0,4200
2009-08-31,785.0392456054688,900.0,920.0,900.0,920.0,5800
2009-09-02,767.5938720703125,880.0,890.0,870.0,880.0,11500
2009-09-03,758.871337890625,870.0,900.0,870.0,890.0,5800
2009-09-04,758.871337890625,870.0,890.0,870.0,870.0,5100
2009-09-07,758.871337890625,870.0,880.0,860.0,860.0,5800
2009-09-08,776.3165283203125,890.0,890.0,870.0,890.0,2100
2009-09-09,767.5938720703125,880.0,890.0,870.0,890.0,5400
2009-09-10,776.3165283203125,890.0,890.0,880.0,880.0,2000
2009-09-11,767.5938720703125,880.0,900.0,880.0,900.0,11000
2009-09-14,758.871337890625,870.0,880.0,860.0,880.0,6400
2009-09-15,767.5938720703125,880.0,880.0,870.0,870.0,4100
2009-09-16,741.4259643554688,850.0,880.0,850.0,880.0,12000
2009-09-17,750.1486206054688,860.0,870.0,820.0,870.0,13000
2009-09-18,741.4259643554688,850.0,850.0,840.0,840.0,3500
2009-09-24,758.871337890625,870.0,870.0,850.0,850.0,6500
2009-09-25,732.7033081054688,840.0,860.0,840.0,860.0,2500
2009-09-28,723.9806518554688,830.0,870.0,800.0,870.0,11500
2009-09-29,715.2579345703125,820.0,830.0,810.0,830.0,9700
2009-09-30,732.7033081054688,840.0,840.0,820.0,830.0,5700
2009-10-01,723.9806518554688,830.0,840.0,790.0,840.0,15800
2009-10-02,680.3673706054688,780.0,810.0,770.0,810.0,14200
2009-10-05,750.1486206054688,860.0,860.0,780.0,790.0,7700
2009-10-06,732.7033081054688,840.0,850.0,820.0,850.0,10700
2009-10-07,732.7033081054688,840.0,840.0,820.0,820.0,6600
2009-10-08,715.2579345703125,820.0,820.0,810.0,810.0,6300
2009-10-09,706.5352172851562,810.0,830.0,800.0,830.0,11700
2009-10-13,706.5352172851562,810.0,820.0,800.0,820.0,4800
2009-10-14,715.2579345703125,820.0,820.0,790.0,820.0,11100
2009-10-15,706.5352172851562,810.0,830.0,810.0,810.0,8900
2009-10-16,689.0900268554688,790.0,820.0,780.0,820.0,17000
2009-10-19,697.8126220703125,800.0,800.0,790.0,800.0,4900
2009-10-20,697.8126220703125,800.0,820.0,800.0,800.0,4500
2009-10-21,715.2579345703125,820.0,820.0,800.0,810.0,3300
2009-10-22,697.8126220703125,800.0,820.0,800.0,820.0,2500
2009-10-23,689.0900268554688,790.0,810.0,790.0,800.0,6300
2009-10-26,706.5352172851562,810.0,810.0,790.0,790.0,4100
2009-10-27,680.3673706054688,780.0,820.0,780.0,820.0,9500
2009-10-28,689.0900268554688,790.0,790.0,780.0,790.0,2200
2009-10-29,671.6446533203125,770.0,790.0,770.0,770.0,7000
2009-10-30,689.0900268554688,790.0,790.0,770.0,790.0,7700
2009-11-02,671.6446533203125,770.0,780.0,770.0,780.0,3200
2009-11-04,689.0900268554688,790.0,790.0,770.0,780.0,2700
2009-11-05,680.3673706054688,780.0,780.0,770.0,780.0,3100
2009-11-06,671.6446533203125,770.0,790.0,770.0,770.0,4200
2009-11-09,662.922119140625,760.0,780.0,760.0,780.0,5700
2009-11-10,662.922119140625,760.0,780.0,760.0,770.0,5300
2009-11-11,662.922119140625,760.0,770.0,760.0,770.0,3900
2009-11-12,654.1992797851562,750.0,760.0,750.0,760.0,4500
2009-11-13,654.1992797851562,750.0,750.0,740.0,750.0,5100
2009-11-16,645.4766235351562,740.0,750.0,720.0,750.0,7300
2009-11-17,601.8634033203125,690.0,740.0,690.0,740.0,6900
2009-11-18,575.6954956054688,660.0,700.0,650.0,690.0,8900
2009-11-19,584.4180908203125,670.0,680.0,670.0,670.0,8100
2009-11-20,601.8634033203125,690.0,700.0,670.0,670.0,7100
2009-11-24,593.1408081054688,680.0,710.0,680.0,710.0,8200
2009-11-25,593.1408081054688,680.0,690.0,660.0,680.0,7800
2009-11-26,584.4180908203125,670.0,670.0,660.0,670.0,6400
2009-11-27,575.6954956054688,660.0,680.0,650.0,670.0,18200
2009-11-30,593.1408081054688,680.0,680.0,660.0,660.0,5500
2009-12-01,593.1408081054688,680.0,690.0,670.0,670.0,6900
2009-12-02,610.5859985351562,700.0,700.0,680.0,680.0,6400
2009-12-03,610.5859985351562,700.0,710.0,680.0,700.0,11900
2009-12-04,601.8634033203125,690.0,710.0,680.0,710.0,11700
2009-12-07,610.5859985351562,700.0,710.0,700.0,700.0,6700
2009-12-08,610.5859985351562,700.0,710.0,690.0,690.0,3900
2009-12-09,593.1408081054688,680.0,690.0,680.0,690.0,4500
2009-12-10,584.4180908203125,670.0,680.0,670.0,670.0,4400
2009-12-11,584.4180908203125,670.0,690.0,670.0,690.0,10800
2009-12-14,584.4180908203125,670.0,690.0,670.0,690.0,5300
2009-12-15,593.1408081054688,680.0,690.0,670.0,680.0,7600
2009-12-16,593.1408081054688,680.0,700.0,670.0,690.0,11300
2009-12-17,636.7540283203125,730.0,750.0,690.0,690.0,72400
2009-12-18,636.7540283203125,730.0,760.0,720.0,750.0,21900
2009-12-21,619.3087768554688,710.0,740.0,710.0,740.0,11200
2009-12-22,628.0313110351562,720.0,730.0,710.0,720.0,9400
2009-12-24,645.4766235351562,740.0,740.0,730.0,740.0,7600
2009-12-25,636.7540283203125,730.0,730.0,710.0,730.0,7900
2009-12-28,628.0313110351562,720.0,740.0,720.0,740.0,5000
2009-12-29,636.7540283203125,730.0,740.0,720.0,730.0,3700
2009-12-30,619.3087768554688,710.0,720.0,710.0,710.0,4100
2010-01-04,636.7540283203125,730.0,730.0,710.0,710.0,3400
2010-01-05,662.922119140625,760.0,770.0,730.0,750.0,16100
2010-01-06,662.922119140625,760.0,770.0,750.0,760.0,8600
2010-01-07,671.6446533203125,770.0,780.0,750.0,770.0,12200
2010-01-08,697.8126220703125,800.0,800.0,760.0,760.0,8700
2010-01-12,697.8126220703125,800.0,800.0,790.0,790.0,14300
2010-01-13,671.6446533203125,770.0,790.0,770.0,790.0,13500
2010-01-14,689.0900268554688,790.0,800.0,770.0,770.0,10000
2010-01-15,706.5352172851562,810.0,830.0,770.0,770.0,40100
2010-01-18,689.0900268554688,790.0,800.0,780.0,780.0,10600
2010-01-19,689.0900268554688,790.0,800.0,790.0,800.0,9600
2010-01-20,689.0900268554688,790.0,800.0,790.0,800.0,7600
2010-01-21,689.0900268554688,790.0,810.0,770.0,770.0,10600
2010-01-22,662.922119140625,760.0,780.0,760.0,780.0,10500
2010-01-25,662.922119140625,760.0,770.0,740.0,740.0,4200
2010-01-26,662.922119140625,760.0,770.0,760.0,770.0,4600
2010-01-27,662.922119140625,760.0,770.0,760.0,770.0,7100
2010-01-28,671.6446533203125,770.0,780.0,750.0,750.0,3800
2010-01-29,654.1992797851562,750.0,770.0,750.0,760.0,9800
2010-02-01,636.7540283203125,730.0,750.0,720.0,750.0,8800
2010-02-02,628.0313110351562,720.0,740.0,720.0,720.0,3900
2010-02-03,645.4766235351562,740.0,750.0,730.0,750.0,2200
2010-02-04,645.4766235351562,740.0,750.0,740.0,750.0,3800
2010-02-05,628.0313110351562,720.0,730.0,720.0,730.0,7900
2010-02-08,636.7540283203125,730.0,740.0,720.0,720.0,5400
2010-02-09,636.7540283203125,730.0,740.0,720.0,720.0,4700
2010-02-10,645.4766235351562,740.0,750.0,730.0,730.0,6400
2010-02-12,636.7540283203125,730.0,750.0,730.0,740.0,4100
2010-02-15,636.7540283203125,730.0,730.0,720.0,720.0,5200
2010-02-16,645.4766235351562,740.0,740.0,730.0,730.0,4500
2010-02-17,654.1992797851562,750.0,760.0,740.0,740.0,7900
2010-02-18,654.1992797851562,750.0,760.0,750.0,750.0,4000
2010-02-19,654.1992797851562,750.0,780.0,750.0,750.0,17800
2010-02-22,671.6446533203125,770.0,770.0,730.0,740.0,31900
2010-02-23,662.922119140625,760.0,760.0,750.0,760.0,1100
2010-02-24,680.3673706054688,780.0,780.0,750.0,760.0,25700
2010-02-25,697.8126220703125,800.0,800.0,770.0,790.0,15400
2010-02-26,662.922119140625,760.0,800.0,760.0,800.0,9200
2010-03-01,680.3673706054688,780.0,780.0,770.0,780.0,3500
2010-03-02,706.5352172851562,810.0,820.0,790.0,790.0,14900
2010-03-03,715.2579345703125,820.0,820.0,790.0,790.0,10100
2010-03-04,732.7033081054688,840.0,840.0,810.0,820.0,29200
2010-03-05,732.7033081054688,840.0,860.0,830.0,850.0,67700
2010-03-08,741.4259643554688,850.0,850.0,840.0,840.0,16000
2010-03-09,741.4259643554688,850.0,860.0,840.0,850.0,21900
2010-03-10,723.9806518554688,830.0,850.0,830.0,850.0,18000
2010-03-11,732.7033081054688,840.0,850.0,830.0,850.0,5000
2010-03-12,732.7033081054688,840.0,840.0,830.0,840.0,11000
2010-03-15,758.871337890625,870.0,880.0,840.0,850.0,29200
2010-03-16,758.871337890625,870.0,870.0,860.0,860.0,9500
2010-03-17,767.5938720703125,880.0,880.0,870.0,870.0,8600
2010-03-18,750.1486206054688,860.0,880.0,860.0,880.0,15500
2010-03-19,767.5938720703125,880.0,910.0,870.0,880.0,59000
2010-03-23,741.4259643554688,850.0,890.0,850.0,890.0,25000
2010-03-24,750.1486206054688,860.0,870.0,850.0,860.0,15700
2010-03-25,750.1486206054688,860.0,860.0,840.0,850.0,16500
2010-03-26,767.5938720703125,880.0,880.0,850.0,850.0,11400
2010-03-29,810.7764892578125,920.0,930.0,860.0,870.0,34000
2010-03-30,810.7764892578125,920.0,920.0,900.0,910.0,21800
2010-03-31,801.9637451171875,910.0,910.0,900.0,910.0,13900
2010-04-01,810.7764892578125,920.0,930.0,890.0,900.0,16500
2010-04-02,819.5892944335938,930.0,950.0,920.0,950.0,39300
2010-04-05,819.5892944335938,930.0,940.0,910.0,940.0,16000
2010-04-06,801.9637451171875,910.0,930.0,910.0,920.0,9600
2010-04-07,801.9637451171875,910.0,920.0,900.0,910.0,15600
2010-04-08,793.1510009765625,900.0,920.0,890.0,900.0,14700
2010-04-09,837.2149047851562,950.0,960.0,900.0,910.0,53400
2010-04-12,837.2149047851562,950.0,1010.0,930.0,960.0,82600
2010-04-13,854.840576171875,970.0,970.0,940.0,950.0,21100
2010-04-14,854.840576171875,970.0,970.0,960.0,970.0,11600
2010-04-15,890.0917358398438,1010.0,1010.0,970.0,990.0,49600
2010-04-16,837.2149047851562,950.0,1000.0,950.0,990.0,31800
2010-04-19,819.5892944335938,930.0,940.0,920.0,930.0,15500
2010-04-20,819.5892944335938,930.0,950.0,930.0,930.0,11400
2010-04-21,837.2149047851562,950.0,950.0,940.0,940.0,8900
2010-04-22,828.4021606445312,940.0,950.0,930.0,930.0,5800
2010-04-23,819.5892944335938,930.0,950.0,930.0,940.0,9500
2010-04-26,837.2149047851562,950.0,950.0,930.0,940.0,11500
2010-04-27,837.2149047851562,950.0,970.0,940.0,940.0,18800
2010-04-28,828.4021606445312,940.0,940.0,920.0,930.0,9100
2010-04-30,872.466064453125,990.0,1190.0,990.0,990.0,709300
2010-05-06,881.2789306640625,1000.0,1060.0,1000.0,1030.0,167500
2010-05-07,837.2149047851562,950.0,970.0,890.0,950.0,118500
2010-05-10,898.9044799804688,1020.0,1030.0,890.0,950.0,126000
2010-05-11,854.840576171875,970.0,1030.0,970.0,1030.0,47500
2010-05-12,837.2149047851562,950.0,1000.0,950.0,990.0,39800
2010-05-13,854.840576171875,970.0,980.0,950.0,960.0,30100
2010-05-14,837.2149047851562,950.0,980.0,940.0,980.0,40900
2010-05-17,766.7127075195312,870.0,940.0,870.0,940.0,81100
2010-05-18,775.525390625,880.0,880.0,860.0,880.0,30900
2010-05-19,784.3381958007812,890.0,890.0,820.0,840.0,26600
2010-05-20,766.7127075195312,870.0,870.0,860.0,870.0,13500
2010-05-21,731.4615478515625,830.0,840.0,800.0,840.0,44500
2010-05-24,731.4615478515625,830.0,870.0,830.0,840.0,10700
2010-05-25,696.2102661132812,790.0,830.0,780.0,830.0,15500
2010-05-26,678.584716796875,770.0,810.0,770.0,790.0,26200
2010-05-27,722.648681640625,820.0,910.0,790.0,790.0,184500
2010-05-28,731.4615478515625,830.0,850.0,820.0,850.0,19600
2010-05-31,740.2742309570312,840.0,840.0,820.0,830.0,13500
2010-06-01,740.2742309570312,840.0,850.0,830.0,850.0,7800
2010-06-02,713.8358154296875,810.0,830.0,800.0,830.0,18100
2010-06-03,731.4615478515625,830.0,830.0,820.0,830.0,9300
2010-06-04,740.2742309570312,840.0,840.0,820.0,840.0,7700
2010-06-07,705.0230712890625,800.0,820.0,800.0,820.0,7700
2010-06-08,757.8998413085938,860.0,890.0,800.0,820.0,65300
2010-06-09,731.4615478515625,830.0,870.0,810.0,870.0,21000
2010-06-10,731.4615478515625,830.0,850.0,810.0,820.0,10900
2010-06-11,740.2742309570312,840.0,860.0,830.0,850.0,13000
2010-06-14,749.0870971679688,850.0,860.0,840.0,860.0,5300
2010-06-15,757.8998413085938,860.0,920.0,860.0,860.0,95500
2010-06-16,757.8998413085938,860.0,880.0,860.0,880.0,18200
2010-06-17,766.7127075195312,870.0,880.0,860.0,860.0,7400
2010-06-18,757.8998413085938,860.0,870.0,850.0,850.0,6600
2010-06-21,775.525390625,880.0,890.0,860.0,860.0,19500
2010-06-22,793.1510009765625,900.0,930.0,880.0,880.0,74000
2010-06-23,766.7127075195312,870.0,880.0,860.0,870.0,21600
2010-06-24,784.3381958007812,890.0,890.0,870.0,880.0,5000
2010-06-25,766.7127075195312,870.0,870.0,840.0,870.0,10900
2010-06-28,819.5892944335938,930.0,950.0,850.0,850.0,108500
2010-06-29,793.1510009765625,900.0,930.0,890.0,920.0,37700
2010-06-30,828.4021606445312,940.0,940.0,860.0,860.0,82800
2010-07-01,793.1510009765625,900.0,940.0,900.0,930.0,42500
2010-07-02,828.4021606445312,940.0,940.0,890.0,890.0,32900
2010-07-05,846.0277709960938,960.0,1000.0,940.0,950.0,197700
2010-07-06,837.2149047851562,950.0,950.0,920.0,950.0,26200
2010-07-07,793.1510009765625,900.0,940.0,890.0,940.0,58500
2010-07-08,766.7127075195312,870.0,910.0,870.0,900.0,42300
2010-07-09,757.8998413085938,860.0,880.0,860.0,870.0,12800
2010-07-12,749.0870971679688,850.0,870.0,850.0,870.0,23600
2010-07-13,749.0870971679688,850.0,860.0,850.0,850.0,5700
2010-07-14,749.0870971679688,850.0,860.0,840.0,860.0,14500
2010-07-15,731.4615478515625,830.0,860.0,820.0,860.0,22700
2010-07-16,705.0230712890625,800.0,820.0,790.0,820.0,18900
2010-07-21,678.584716796875,770.0,850.0,770.0,810.0,49200
2010-07-22,669.77197265625,760.0,770.0,750.0,770.0,11300
2010-07-23,687.3975830078125,780.0,790.0,780.0,780.0,4900
2010-07-26,696.2102661132812,790.0,810.0,790.0,800.0,8100
2010-07-27,713.8358154296875,810.0,810.0,790.0,790.0,3800
2010-07-28,722.648681640625,820.0,850.0,810.0,830.0,27900
2010-07-29,722.648681640625,820.0,820.0,810.0,820.0,5700
2010-07-30,713.8358154296875,810.0,820.0,800.0,820.0,9300
2010-08-02,713.8358154296875,810.0,820.0,800.0,810.0,2500
2010-08-03,713.8358154296875,810.0,810.0,800.0,810.0,3600
2010-08-04,696.2102661132812,790.0,800.0,780.0,800.0,7000
2010-08-05,705.0230712890625,800.0,800.0,780.0,780.0,3000
2010-08-06,705.0230712890625,800.0,800.0,790.0,790.0,1600
2010-08-09,696.2102661132812,790.0,790.0,770.0,770.0,6900
2010-08-10,705.0230712890625,800.0,800.0,780.0,790.0,3100
2010-08-11,678.584716796875,770.0,780.0,760.0,780.0,9400
2010-08-12,652.1463012695312,740.0,750.0,730.0,740.0,8100
2010-08-13,660.9590454101562,750.0,750.0,740.0,740.0,3300
2010-08-16,634.520751953125,720.0,730.0,720.0,730.0,8000
2010-08-17,652.1463012695312,740.0,750.0,720.0,730.0,3700
2010-08-18,678.584716796875,770.0,770.0,760.0,760.0,3300
2010-08-19,669.77197265625,760.0,770.0,760.0,760.0,3100
2010-08-20,652.1463012695312,740.0,750.0,740.0,740.0,4300
2010-08-23,643.3336181640625,730.0,750.0,730.0,750.0,1800
2010-08-24,643.3336181640625,730.0,740.0,720.0,740.0,2300
2010-08-25,634.520751953125,720.0,740.0,700.0,740.0,5000
2010-08-26,634.520751953125,720.0,720.0,700.0,710.0,6400
2010-08-27,660.9590454101562,750.0,750.0,720.0,720.0,8500
2010-08-30,660.9590454101562,750.0,760.0,740.0,760.0,10800
2010-08-31,625.7080078125,710.0,730.0,710.0,720.0,3300
2010-09-01,634.520751953125,720.0,720.0,710.0,710.0,4100
2010-09-02,643.3336181640625,730.0,740.0,720.0,730.0,3400
2010-09-03,643.3336181640625,730.0,740.0,720.0,730.0,2800
2010-09-06,660.9590454101562,750.0,750.0,730.0,740.0,9000
2010-09-07,652.1463012695312,740.0,750.0,740.0,740.0,3500
2010-09-08,643.3336181640625,730.0,730.0,720.0,730.0,4800
2010-09-09,652.1463012695312,740.0,740.0,720.0,730.0,5000
2010-09-10,660.9590454101562,750.0,750.0,740.0,750.0,11300
2010-09-13,652.1463012695312,740.0,740.0,730.0,740.0,2900
2010-09-14,643.3336181640625,730.0,740.0,720.0,740.0,3000
2010-09-16,634.520751953125,720.0,720.0,720.0,720.0,4400
2010-09-17,660.9590454101562,750.0,760.0,740.0,740.0,9300
2010-09-21,652.1463012695312,740.0,760.0,740.0,750.0,5500
2010-09-22,660.9590454101562,750.0,750.0,740.0,740.0,5200
2010-09-24,643.3336181640625,730.0,750.0,730.0,740.0,1800
2010-09-27,660.9590454101562,750.0,760.0,730.0,750.0,6600
2010-09-28,652.1463012695312,740.0,740.0,730.0,740.0,4000
2010-09-29,669.77197265625,760.0,760.0,740.0,750.0,4600
2010-09-30,652.1463012695312,740.0,760.0,740.0,760.0,3900
2010-10-01,634.520751953125,720.0,740.0,720.0,740.0,6200
2010-10-04,616.8952026367188,700.0,720.0,700.0,720.0,5800
2010-10-05,616.8952026367188,700.0,710.0,700.0,700.0,6500
2010-10-06,634.520751953125,720.0,720.0,710.0,710.0,2800
2010-10-07,652.1463012695312,740.0,740.0,710.0,710.0,9400
2010-10-08,652.1463012695312,740.0,740.0,730.0,740.0,2500
2010-10-12,616.8952026367188,700.0,730.0,700.0,730.0,11200
2010-10-13,616.8952026367188,700.0,710.0,700.0,710.0,700
2010-10-14,625.7080078125,710.0,720.0,710.0,720.0,4900
2010-10-15,608.0823974609375,690.0,710.0,690.0,710.0,6800
2010-10-18,599.2696533203125,680.0,710.0,670.0,710.0,13500
2010-10-19,590.4569091796875,670.0,690.0,670.0,680.0,8700
2010-10-20,590.4569091796875,670.0,680.0,660.0,670.0,11600
2010-10-21,599.2696533203125,680.0,680.0,670.0,670.0,5700
2010-10-22,590.4569091796875,670.0,680.0,660.0,680.0,10500
2010-10-25,590.4569091796875,670.0,670.0,660.0,670.0,8800
2010-10-26,581.64404296875,660.0,670.0,660.0,670.0,5900
2010-10-27,581.64404296875,660.0,670.0,660.0,660.0,3600
2010-10-28,581.64404296875,660.0,700.0,660.0,670.0,26300
2010-10-29,590.4569091796875,670.0,700.0,660.0,670.0,14800
2010-11-01,581.64404296875,660.0,670.0,660.0,660.0,800
2010-11-02,572.8312377929688,650.0,660.0,650.0,650.0,8200
2010-11-04,572.8312377929688,650.0,660.0,650.0,660.0,19500
2010-11-05,599.2696533203125,680.0,680.0,660.0,660.0,7300
2010-11-08,616.8952026367188,700.0,710.0,660.0,660.0,11200
2010-11-09,616.8952026367188,700.0,710.0,660.0,660.0,7000
2010-11-10,616.8952026367188,700.0,700.0,690.0,690.0,8600
2010-11-11,616.8952026367188,700.0,700.0,680.0,690.0,11600
2010-11-12,608.0823974609375,690.0,710.0,690.0,710.0,7700
2010-11-15,608.0823974609375,690.0,700.0,690.0,690.0,2600
2010-11-16,608.0823974609375,690.0,700.0,690.0,690.0,5200
2010-11-17,608.0823974609375,690.0,700.0,690.0,700.0,2900
2010-11-18,634.520751953125,720.0,720.0,700.0,700.0,8700
2010-11-19,625.7080078125,710.0,720.0,700.0,700.0,31500
2010-11-22,643.3336181640625,730.0,730.0,710.0,710.0,14800
2010-11-24,634.520751953125,720.0,730.0,720.0,720.0,12100
2010-11-25,669.77197265625,760.0,760.0,720.0,720.0,39700
2010-11-26,652.1463012695312,740.0,770.0,740.0,770.0,21300
2010-11-29,678.584716796875,770.0,770.0,760.0,760.0,17400
2010-11-30,660.9590454101562,750.0,770.0,750.0,770.0,11100
2010-12-01,652.1463012695312,740.0,740.0,730.0,740.0,5900
2010-12-02,660.9590454101562,750.0,750.0,750.0,750.0,7600
2010-12-03,660.9590454101562,750.0,760.0,750.0,760.0,10000
2010-12-06,678.584716796875,770.0,770.0,750.0,760.0,10500
2010-12-07,687.3975830078125,780.0,780.0,770.0,770.0,13400
2010-12-08,713.8358154296875,810.0,820.0,770.0,780.0,44700
2010-12-09,713.8358154296875,810.0,810.0,790.0,800.0,10100
2010-12-10,740.2742309570312,840.0,840.0,790.0,800.0,29600
2010-12-13,722.648681640625,820.0,830.0,800.0,820.0,20900
2010-12-14,740.2742309570312,840.0,840.0,820.0,830.0,6200
2010-12-15,722.648681640625,820.0,840.0,820.0,830.0,10100
2010-12-16,740.2742309570312,840.0,840.0,810.0,810.0,9600
2010-12-17,740.2742309570312,840.0,850.0,820.0,840.0,16900
2010-12-20,713.8358154296875,810.0,840.0,810.0,840.0,13200
2010-12-21,713.8358154296875,810.0,830.0,810.0,820.0,19700
2010-12-22,713.8358154296875,810.0,820.0,810.0,810.0,11500
2010-12-24,687.3975830078125,780.0,800.0,780.0,800.0,11700
2010-12-27,669.77197265625,760.0,770.0,750.0,760.0,32200
2010-12-28,669.77197265625,760.0,760.0,750.0,760.0,4100
2010-12-29,669.77197265625,760.0,780.0,750.0,750.0,12300
2010-12-30,669.77197265625,760.0,760.0,750.0,750.0,8000
2011-01-04,687.3975830078125,780.0,790.0,770.0,780.0,21600
2011-01-05,705.0230712890625,800.0,800.0,790.0,800.0,9200
2011-01-06,740.2742309570312,840.0,840.0,810.0,810.0,21500
2011-01-07,731.4615478515625,830.0,840.0,820.0,820.0,10300
2011-01-11,749.0870971679688,850.0,850.0,820.0,830.0,18700
2011-01-12,731.4615478515625,830.0,870.0,830.0,860.0,23800
2011-01-13,731.4615478515625,830.0,850.0,820.0,840.0,27000
2011-01-14,722.648681640625,820.0,840.0,820.0,830.0,9500
2011-01-17,722.648681640625,820.0,840.0,820.0,840.0,7400
2011-01-18,775.525390625,880.0,890.0,810.0,820.0,87300
2011-01-19,766.7127075195312,870.0,890.0,860.0,870.0,22700
2011-01-20,766.7127075195312,870.0,880.0,850.0,870.0,23500
2011-01-21,775.525390625,880.0,910.0,860.0,860.0,100700
2011-01-24,775.525390625,880.0,890.0,870.0,880.0,21100
2011-01-25,801.9637451171875,910.0,910.0,880.0,890.0,43800
2011-01-26,801.9637451171875,910.0,930.0,870.0,890.0,157000
2011-01-27,828.4021606445312,940.0,950.0,900.0,910.0,116700
2011-01-28,775.525390625,880.0,940.0,860.0,930.0,166300
2011-01-31,766.7127075195312,870.0,880.0,860.0,880.0,23800
2011-02-01,766.7127075195312,870.0,890.0,870.0,870.0,17100
2011-02-02,784.3381958007812,890.0,900.0,880.0,880.0,25300
2011-02-03,775.525390625,880.0,890.0,870.0,890.0,15300
2011-02-04,775.525390625,880.0,890.0,870.0,880.0,9900
2011-02-07,784.3381958007812,890.0,900.0,880.0,890.0,19200
2011-02-08,793.1510009765625,900.0,900.0,880.0,900.0,20800
2011-02-09,784.3381958007812,890.0,900.0,880.0,890.0,7800
2011-02-10,766.7127075195312,870.0,880.0,870.0,880.0,18100
2011-02-14,749.0870971679688,850.0,870.0,850.0,870.0,23400
2011-02-15,757.8998413085938,860.0,860.0,840.0,850.0,16200
2011-02-16,749.0870971679688,850.0,860.0,850.0,850.0,19800
2011-02-17,766.7127075195312,870.0,890.0,850.0,850.0,35800
2011-02-18,757.8998413085938,860.0,870.0,850.0,870.0,13800
2011-02-21,757.8998413085938,860.0,860.0,840.0,840.0,41400
2011-02-22,740.2742309570312,840.0,860.0,840.0,860.0,24900
2011-02-23,740.2742309570312,840.0,850.0,830.0,830.0,13700
2011-02-24,713.8358154296875,810.0,830.0,800.0,830.0,26100
2011-02-25,722.648681640625,820.0,820.0,800.0,810.0,14800
2011-02-28,740.2742309570312,840.0,840.0,820.0,830.0,10300
2011-03-01,749.0870971679688,850.0,860.0,840.0,840.0,14200
2011-03-02,740.2742309570312,840.0,850.0,830.0,850.0,9400
2011-03-03,757.8998413085938,860.0,870.0,840.0,840.0,29600
2011-03-04,766.7127075195312,870.0,910.0,870.0,870.0,81600
2011-03-07,766.7127075195312,870.0,880.0,840.0,870.0,74200
2011-03-08,775.525390625,880.0,930.0,870.0,870.0,132300
2011-03-09,766.7127075195312,870.0,900.0,870.0,890.0,21900
2011-03-10,731.4615478515625,830.0,870.0,830.0,860.0,18400
2011-03-11,722.648681640625,820.0,820.0,800.0,820.0,35100
2011-03-14,616.8952026367188,700.0,780.0,660.0,680.0,37700
2011-03-15,564.0184326171875,640.0,710.0,570.0,710.0,96400
2011-03-16,572.8312377929688,650.0,660.0,600.0,600.0,46300
2011-03-17,608.0823974609375,690.0,690.0,610.0,620.0,49200
2011-03-18,660.9590454101562,750.0,750.0,690.0,690.0,37800
2011-03-22,687.3975830078125,780.0,810.0,770.0,780.0,39100
2011-03-23,713.8358154296875,810.0,850.0,770.0,780.0,47900
2011-03-24,801.9637451171875,910.0,930.0,810.0,810.0,169400
2011-03-25,757.8998413085938,860.0,940.0,850.0,930.0,84300
2011-03-28,766.7127075195312,870.0,900.0,860.0,900.0,37100
2011-03-29,784.5431518554688,880.0,900.0,860.0,870.0,34600
2011-03-30,802.3736572265625,900.0,910.0,870.0,880.0,26300
2011-03-31,811.2888793945312,910.0,920.0,900.0,910.0,27800
2011-04-01,864.7805786132812,970.0,1150.0,910.0,910.0,1290400
2011-04-04,855.8652954101562,960.0,1000.0,960.0,1000.0,102400
2011-04-05,820.2041625976562,920.0,960.0,900.0,960.0,101800
2011-04-06,775.6279296875,870.0,910.0,830.0,910.0,98400
2011-04-07,793.4584350585938,890.0,960.0,870.0,870.0,136500
2011-04-08,775.6279296875,870.0,900.0,870.0,880.0,27500
2011-04-11,775.6279296875,870.0,900.0,850.0,860.0,30900
2011-04-12,757.7974243164062,850.0,880.0,840.0,880.0,29800
2011-04-13,748.8821411132812,840.0,870.0,840.0,840.0,32800
2011-04-14,829.1195068359375,930.0,1000.0,880.0,880.0,300300
2011-04-15,802.3736572265625,900.0,930.0,890.0,920.0,35100
2011-04-18,793.4584350585938,890.0,910.0,890.0,900.0,16600
2011-04-19,775.6279296875,870.0,880.0,850.0,880.0,34200
2011-04-20,766.7127075195312,860.0,880.0,860.0,880.0,19600
2011-04-21,775.6279296875,870.0,880.0,860.0,870.0,15700
2011-04-22,784.5431518554688,880.0,910.0,860.0,860.0,58700
2011-04-25,775.6279296875,870.0,880.0,860.0,880.0,17500
2011-04-26,775.6279296875,870.0,870.0,860.0,860.0,9500
2011-04-27,766.7127075195312,860.0,890.0,860.0,890.0,18800
2011-04-28,757.7974243164062,850.0,870.0,850.0,860.0,11300
2011-05-02,775.6279296875,870.0,880.0,860.0,860.0,8600
2011-05-06,766.7127075195312,860.0,880.0,850.0,870.0,12900
2011-05-09,775.6279296875,870.0,870.0,860.0,870.0,8000
2011-05-10,775.6279296875,870.0,870.0,850.0,860.0,20100
2011-05-11,775.6279296875,870.0,880.0,860.0,860.0,14100
2011-05-12,757.7974243164062,850.0,870.0,850.0,860.0,10200
2011-05-13,739.9668579101562,830.0,860.0,830.0,850.0,28300
2011-05-16,713.2211303710938,800.0,820.0,780.0,810.0,25800
2011-05-17,695.3905639648438,780.0,790.0,770.0,790.0,13300
2011-05-18,704.3057250976562,790.0,790.0,780.0,790.0,16600
2011-05-19,695.3905639648438,780.0,800.0,780.0,790.0,11700
2011-05-20,695.3905639648438,780.0,790.0,780.0,780.0,3200
2011-05-23,686.4752197265625,770.0,790.0,760.0,770.0,6400
2011-05-24,686.4752197265625,770.0,770.0,750.0,760.0,6000
2011-05-25,677.5599975585938,760.0,770.0,750.0,760.0,12500
2011-05-26,659.7294311523438,740.0,750.0,740.0,750.0,12400
2011-05-27,650.814208984375,730.0,750.0,720.0,750.0,17100
2011-05-30,659.7294311523438,740.0,740.0,730.0,730.0,9800
2011-05-31,677.5599975585938,760.0,760.0,750.0,750.0,4600
2011-06-01,677.5599975585938,760.0,770.0,750.0,760.0,7700
2011-06-02,677.5599975585938,760.0,760.0,730.0,750.0,22800
2011-06-03,659.7294311523438,740.0,760.0,740.0,760.0,5000
2011-06-06,668.6446533203125,750.0,750.0,730.0,740.0,11400
2011-06-07,668.6446533203125,750.0,760.0,730.0,750.0,19200
2011-06-08,659.7294311523438,740.0,760.0,740.0,750.0,4600
2011-06-09,659.7294311523438,740.0,740.0,740.0,740.0,3300
2011-06-10,704.3057250976562,790.0,850.0,750.0,760.0,73700
2011-06-13,739.9668579101562,830.0,850.0,790.0,830.0,33300
2011-06-14,748.8821411132812,840.0,850.0,820.0,830.0,18100
2011-06-15,739.9668579101562,830.0,850.0,820.0,820.0,12700
2011-06-16,722.1362915039062,810.0,830.0,810.0,830.0,9400
2011-06-17,713.2211303710938,800.0,820.0,800.0,820.0,6800
2011-06-20,713.2211303710938,800.0,820.0,800.0,810.0,8000
2011-06-21,713.2211303710938,800.0,810.0,800.0,800.0,7000
2011-06-22,731.0516357421875,820.0,820.0,810.0,810.0,4400
2011-06-23,722.1362915039062,810.0,820.0,810.0,810.0,3500
2011-06-24,731.0516357421875,820.0,820.0,810.0,820.0,5200
2011-06-27,731.0516357421875,820.0,830.0,820.0,830.0,5700
2011-06-28,731.0516357421875,820.0,830.0,820.0,830.0,3300
2011-06-29,739.9668579101562,830.0,830.0,820.0,830.0,4000
2011-06-30,739.9668579101562,830.0,830.0,820.0,830.0,8400
2011-07-01,731.0516357421875,820.0,830.0,820.0,830.0,3100
2011-07-04,739.9668579101562,830.0,840.0,830.0,830.0,9500
2011-07-05,739.9668579101562,830.0,840.0,830.0,830.0,4500
2011-07-06,757.7974243164062,850.0,850.0,830.0,830.0,11000
2011-07-07,784.5431518554688,880.0,880.0,840.0,850.0,31900
2011-07-08,766.7127075195312,860.0,880.0,860.0,880.0,27900
2011-07-11,766.7127075195312,860.0,860.0,840.0,860.0,7000
2011-07-12,766.7127075195312,860.0,860.0,840.0,840.0,9100
2011-07-13,757.7974243164062,850.0,860.0,850.0,850.0,4700
2011-07-14,739.9668579101562,830.0,850.0,830.0,850.0,13400
2011-07-15,739.9668579101562,830.0,850.0,830.0,850.0,6100
2011-07-19,713.2211303710938,800.0,820.0,800.0,800.0,15900
2011-07-20,722.1362915039062,810.0,840.0,810.0,830.0,10100
2011-07-21,722.1362915039062,810.0,820.0,810.0,810.0,5400
2011-07-22,748.8821411132812,840.0,870.0,810.0,810.0,43100
2011-07-25,748.8821411132812,840.0,850.0,830.0,840.0,2800
2011-07-27,757.7974243164062,850.0,870.0,840.0,870.0,5000
2011-07-28,731.0516357421875,820.0,830.0,810.0,820.0,25800
2011-07-29,722.1362915039062,810.0,820.0,810.0,810.0,6600
2011-08-01,722.1362915039062,810.0,820.0,810.0,810.0,6700
2011-08-02,704.3057250976562,790.0,810.0,790.0,810.0,17800
2011-08-03,704.3057250976562,790.0,790.0,770.0,770.0,12900
2011-08-04,713.2211303710938,800.0,800.0,780.0,780.0,5200
2011-08-05,686.4752197265625,770.0,780.0,770.0,770.0,32900
2011-08-08,677.5599975585938,760.0,780.0,760.0,770.0,15700
2011-08-09,668.6446533203125,750.0,770.0,730.0,760.0,48400
2011-08-10,677.5599975585938,760.0,780.0,750.0,770.0,16700
2011-08-11,668.6446533203125,750.0,760.0,740.0,740.0,9700
2011-08-12,677.5599975585938,760.0,770.0,760.0,770.0,4600
2011-08-15,695.3905639648438,780.0,780.0,770.0,780.0,8000
2011-08-16,695.3905639648438,780.0,780.0,770.0,780.0,5000
2011-08-17,677.5599975585938,760.0,780.0,760.0,780.0,4800
2011-08-18,686.4752197265625,770.0,790.0,770.0,770.0,24000
2011-08-19,686.4752197265625,770.0,810.0,770.0,770.0,21900
2011-08-22,686.4752197265625,770.0,780.0,750.0,770.0,20300
2011-08-23,677.5599975585938,760.0,780.0,750.0,770.0,13700
2011-08-24,677.5599975585938,760.0,770.0,760.0,770.0,3700
2011-08-25,686.4752197265625,770.0,780.0,760.0,770.0,12700
2011-08-26,686.4752197265625,770.0,770.0,760.0,770.0,12300
2011-08-29,695.3905639648438,780.0,780.0,770.0,780.0,5600
2011-08-30,713.2211303710938,800.0,800.0,780.0,790.0,7000
2011-08-31,686.4752197265625,770.0,790.0,770.0,780.0,7500
2011-09-01,695.3905639648438,780.0,790.0,770.0,780.0,5000
2011-09-02,686.4752197265625,770.0,790.0,770.0,770.0,4400
2011-09-05,677.5599975585938,760.0,770.0,750.0,750.0,3400
2011-09-06,686.4752197265625,770.0,770.0,750.0,750.0,6200
2011-09-07,678.7760620117188,761.364013671875,770.0,760.0,770.0,3200
2011-09-08,686.4752197265625,770.0,770.0,760.0,770.0,5300
2011-09-09,677.5599975585938,760.0,770.0,750.0,770.0,15100
2011-09-12,659.7294311523438,740.0,760.0,740.0,750.0,12300
2011-09-13,677.5599975585938,760.0,760.0,740.0,760.0,6700
2011-09-14,677.5599975585938,760.0,760.0,740.0,760.0,7500
2011-09-15,659.7294311523438,740.0,750.0,730.0,740.0,10600
2011-09-16,668.6446533203125,750.0,770.0,740.0,760.0,17900
2011-09-20,650.814208984375,730.0,740.0,730.0,740.0,3800
2011-09-21,650.814208984375,730.0,740.0,730.0,740.0,3600
2011-09-22,650.814208984375,730.0,740.0,730.0,730.0,13600
2011-09-26,641.89892578125,720.0,740.0,720.0,730.0,14100
2011-09-27,659.7294311523438,740.0,750.0,720.0,750.0,9500
2011-09-28,659.7294311523438,740.0,740.0,730.0,730.0,11700
2011-09-29,659.7294311523438,740.0,740.0,720.0,740.0,12500
2011-09-30,650.814208984375,730.0,740.0,720.0,730.0,18700
2011-10-03,650.814208984375,730.0,730.0,710.0,730.0,15600
2011-10-04,641.89892578125,720.0,730.0,720.0,720.0,8500
2011-10-05,632.9837036132812,710.0,730.0,710.0,730.0,14100
2011-10-06,632.9837036132812,710.0,730.0,710.0,730.0,14000
2011-10-07,632.9837036132812,710.0,720.0,710.0,720.0,12100
2011-10-11,641.89892578125,720.0,730.0,720.0,730.0,4900
2011-10-12,650.814208984375,730.0,730.0,720.0,720.0,5500
2011-10-13,650.814208984375,730.0,740.0,730.0,740.0,5400
2011-10-14,650.814208984375,730.0,740.0,730.0,730.0,7800
2011-10-17,659.7294311523438,740.0,750.0,730.0,750.0,6000
2011-10-18,641.89892578125,720.0,730.0,720.0,720.0,3300
2011-10-19,641.89892578125,720.0,730.0,720.0,730.0,2400
2011-10-20,632.9837036132812,710.0,720.0,710.0,720.0,8200
2011-10-21,641.89892578125,720.0,720.0,710.0,710.0,800
2011-10-24,641.89892578125,720.0,730.0,700.0,730.0,19800
2011-10-25,632.9837036132812,710.0,720.0,710.0,720.0,9300
2011-10-26,641.89892578125,720.0,720.0,710.0,710.0,5400
2011-10-27,650.814208984375,730.0,730.0,720.0,730.0,5500
2011-10-28,641.89892578125,720.0,740.0,720.0,730.0,9700
2011-10-31,641.89892578125,720.0,730.0,710.0,720.0,4200
2011-11-01,632.9837036132812,710.0,720.0,710.0,710.0,2400
2011-11-02,632.9837036132812,710.0,710.0,700.0,710.0,11600
2011-11-04,641.89892578125,720.0,720.0,700.0,710.0,3300
2011-11-07,641.89892578125,720.0,720.0,710.0,720.0,1700
2011-11-08,624.0684814453125,700.0,720.0,700.0,720.0,4800
2011-11-09,624.0684814453125,700.0,710.0,700.0,700.0,5800
2011-11-10,615.1531982421875,690.0,700.0,690.0,700.0,16800
2011-11-11,624.0684814453125,700.0,700.0,690.0,700.0,3200
2011-11-14,641.89892578125,720.0,720.0,690.0,700.0,9200
2011-11-15,641.89892578125,720.0,720.0,710.0,710.0,2700
2011-11-16,624.0684814453125,700.0,710.0,700.0,710.0,2500
2011-11-17,632.9837036132812,710.0,710.0,700.0,710.0,3900
2011-11-18,624.0684814453125,700.0,710.0,700.0,700.0,4100
2011-11-21,624.0684814453125,700.0,700.0,690.0,700.0,3600
2011-11-22,624.0684814453125,700.0,710.0,700.0,700.0,3700
2011-11-24,624.0684814453125,700.0,700.0,690.0,700.0,4000
2011-11-25,615.1531982421875,690.0,700.0,690.0,700.0,6800
2011-11-28,624.0684814453125,700.0,710.0,690.0,700.0,8400
2011-11-29,632.9837036132812,710.0,720.0,710.0,710.0,7900
2011-11-30,632.9837036132812,710.0,710.0,700.0,710.0,9800
2011-12-01,668.6446533203125,750.0,780.0,730.0,730.0,37700
2011-12-02,686.4752197265625,770.0,790.0,740.0,750.0,40500
2011-12-05,677.5599975585938,760.0,780.0,750.0,780.0,9500
2011-12-06,650.814208984375,730.0,760.0,730.0,760.0,10600
2011-12-07,704.3057250976562,790.0,790.0,720.0,730.0,38400
2011-12-08,686.4752197265625,770.0,770.0,760.0,770.0,12500
2011-12-09,695.3905639648438,780.0,780.0,770.0,780.0,20300
2011-12-12,704.3057250976562,790.0,800.0,780.0,780.0,22800
2011-12-13,677.5599975585938,760.0,790.0,750.0,790.0,32000
2011-12-14,722.1362915039062,810.0,820.0,770.0,770.0,73600
2011-12-15,668.6446533203125,750.0,800.0,750.0,800.0,30600
2011-12-16,668.6446533203125,750.0,780.0,750.0,760.0,17900
2011-12-19,659.7294311523438,740.0,750.0,730.0,750.0,19300
2011-12-20,668.6446533203125,750.0,750.0,730.0,750.0,50200
2011-12-21,668.6446533203125,750.0,760.0,740.0,760.0,9200
2011-12-22,659.7294311523438,740.0,750.0,740.0,740.0,6700
2011-12-26,668.6446533203125,750.0,750.0,740.0,740.0,2800
2011-12-27,659.7294311523438,740.0,750.0,730.0,750.0,28800
2011-12-28,668.6446533203125,750.0,760.0,750.0,750.0,10000
2011-12-29,677.5599975585938,760.0,770.0,740.0,740.0,7800
2011-12-30,695.3905639648438,780.0,790.0,760.0,770.0,11500
2012-01-04,695.3905639648438,780.0,780.0,770.0,780.0,8500
2012-01-05,686.4752197265625,770.0,780.0,770.0,780.0,3000
2012-01-06,686.4752197265625,770.0,780.0,760.0,780.0,5600
2012-01-10,677.5599975585938,760.0,780.0,760.0,760.0,11700
2012-01-11,704.3057250976562,790.0,800.0,760.0,780.0,19100
2012-01-12,695.3905639648438,780.0,820.0,780.0,790.0,52200
2012-01-13,704.3057250976562,790.0,810.0,780.0,790.0,13900
2012-01-16,722.1362915039062,810.0,810.0,770.0,780.0,17600
2012-01-17,757.7974243164062,850.0,890.0,800.0,820.0,144000
2012-01-18,748.8821411132812,840.0,880.0,840.0,870.0,43200
2012-01-19,748.8821411132812,840.0,850.0,830.0,850.0,17200
2012-01-20,748.8821411132812,840.0,840.0,820.0,830.0,15300
2012-01-23,766.7127075195312,860.0,860.0,830.0,850.0,17700
2012-01-24,748.8821411132812,840.0,880.0,830.0,880.0,32000
2012-01-25,757.7974243164062,850.0,850.0,830.0,840.0,13000
2012-01-26,757.7974243164062,850.0,860.0,840.0,860.0,19600
2012-01-27,748.8821411132812,840.0,850.0,840.0,850.0,12000
2012-01-30,757.7974243164062,850.0,860.0,840.0,840.0,20900
2012-01-31,766.7127075195312,860.0,860.0,850.0,850.0,12100
2012-02-01,793.4584350585938,890.0,900.0,860.0,870.0,94400
2012-02-02,793.4584350585938,890.0,900.0,870.0,900.0,22200
2012-02-03,766.7127075195312,860.0,880.0,860.0,880.0,14700
2012-02-06,757.7974243164062,850.0,890.0,840.0,870.0,41700
2012-02-07,757.7974243164062,850.0,860.0,840.0,850.0,22400
2012-02-08,766.7127075195312,860.0,870.0,850.0,850.0,13900
2012-02-09,757.7974243164062,850.0,870.0,850.0,860.0,13500
2012-02-10,748.8821411132812,840.0,860.0,840.0,860.0,12500
2012-02-13,748.8821411132812,840.0,860.0,830.0,830.0,22200
2012-02-14,757.7974243164062,850.0,850.0,830.0,850.0,17800
2012-02-15,757.7974243164062,850.0,850.0,830.0,840.0,33200
2012-02-16,757.7974243164062,850.0,850.0,840.0,850.0,14000
2012-02-17,757.7974243164062,850.0,850.0,840.0,850.0,14300
2012-02-20,766.7127075195312,860.0,870.0,850.0,850.0,21800
2012-02-21,793.4584350585938,890.0,960.0,880.0,950.0,145900
2012-02-22,802.3736572265625,900.0,900.0,880.0,890.0,27300
2012-02-23,802.3736572265625,900.0,900.0,880.0,900.0,23800
2012-02-24,784.5431518554688,880.0,900.0,880.0,900.0,18900
2012-02-27,784.5431518554688,880.0,900.0,870.0,890.0,20900
2012-02-28,784.5431518554688,880.0,880.0,860.0,860.0,17500
2012-02-29,775.6279296875,870.0,890.0,870.0,890.0,18400
2012-03-01,757.7974243164062,850.0,880.0,840.0,870.0,30700
2012-03-02,757.7974243164062,850.0,850.0,840.0,850.0,15200
2012-03-05,748.8821411132812,840.0,850.0,830.0,850.0,10500
2012-03-06,731.0516357421875,820.0,840.0,820.0,840.0,14700
2012-03-07,748.8821411132812,840.0,840.0,820.0,830.0,11800
2012-03-08,748.8821411132812,840.0,850.0,840.0,840.0,8300
2012-03-09,766.7127075195312,860.0,860.0,840.0,850.0,21300
2012-03-12,748.8821411132812,840.0,870.0,840.0,870.0,16200
2012-03-13,757.7974243164062,850.0,870.0,840.0,840.0,40000
2012-03-14,757.7974243164062,850.0,870.0,850.0,870.0,17200
2012-03-15,757.7974243164062,850.0,860.0,840.0,850.0,9800
2012-03-16,757.7974243164062,850.0,850.0,840.0,850.0,21300
2012-03-19,757.7974243164062,850.0,860.0,840.0,840.0,13300
2012-03-21,748.8821411132812,840.0,850.0,840.0,850.0,13500
2012-03-22,757.7974243164062,850.0,860.0,840.0,840.0,12300
2012-03-23,713.2211303710938,800.0,840.0,800.0,840.0,42300
2012-03-26,704.3057250976562,790.0,820.0,780.0,810.0,39100
2012-03-27,731.0516357421875,820.0,820.0,800.0,800.0,17900
2012-03-28,722.0263671875,800.0,820.0,800.0,820.0,6300
2012-03-29,749.1022338867188,830.0,830.0,800.0,810.0,9100
2012-03-30,740.0768432617188,820.0,840.0,820.0,830.0,7400
2012-04-02,749.1022338867188,830.0,830.0,820.0,820.0,24100
2012-04-03,731.0515747070312,810.0,830.0,810.0,830.0,11600
2012-04-04,713.0009765625,790.0,820.0,790.0,820.0,12100
2012-04-05,722.0263671875,800.0,800.0,780.0,790.0,5000
2012-04-06,749.1022338867188,830.0,830.0,790.0,800.0,13900
2012-04-09,722.0263671875,800.0,810.0,800.0,800.0,6000
2012-04-10,740.0768432617188,820.0,830.0,800.0,800.0,9000
2012-04-11,722.0263671875,800.0,810.0,800.0,800.0,6300
2012-04-12,731.0515747070312,810.0,810.0,800.0,810.0,10600
2012-04-13,722.0263671875,800.0,820.0,800.0,810.0,4200
2012-04-16,713.0009765625,790.0,810.0,790.0,810.0,5500
2012-04-17,722.0263671875,800.0,810.0,800.0,810.0,2400
2012-04-18,740.0768432617188,820.0,820.0,810.0,810.0,8200
2012-04-19,731.0515747070312,810.0,820.0,800.0,800.0,8200
2012-04-20,731.0515747070312,810.0,820.0,810.0,820.0,1800
2012-04-23,731.0515747070312,810.0,830.0,800.0,810.0,7100
2012-04-24,722.0263671875,800.0,820.0,800.0,810.0,1500
2012-04-25,722.0263671875,800.0,810.0,790.0,800.0,17200
2012-04-26,713.0009765625,790.0,800.0,780.0,800.0,10600
2012-04-27,713.0009765625,790.0,790.0,780.0,790.0,13000
2012-05-01,740.0768432617188,820.0,860.0,810.0,840.0,85300
2012-05-02,713.0009765625,790.0,820.0,780.0,820.0,30500
2012-05-07,713.0009765625,790.0,790.0,770.0,780.0,33400
2012-05-08,703.9755859375,780.0,790.0,770.0,780.0,4900
2012-05-09,694.9502563476562,770.0,780.0,750.0,780.0,17400
2012-05-10,685.9249267578125,760.0,770.0,750.0,760.0,9400
2012-05-11,676.8995971679688,750.0,770.0,750.0,760.0,12300
2012-05-14,658.8489379882812,730.0,740.0,730.0,740.0,25600
2012-05-15,649.8236694335938,720.0,730.0,700.0,730.0,38700
2012-05-16,640.79833984375,710.0,730.0,710.0,720.0,5600
2012-05-17,658.8489379882812,730.0,740.0,710.0,710.0,7700
2012-05-18,649.8236694335938,720.0,730.0,710.0,730.0,21700
2012-05-21,658.8489379882812,730.0,730.0,710.0,720.0,6400
2012-05-22,667.8742065429688,740.0,740.0,730.0,730.0,4900
2012-05-23,640.79833984375,710.0,750.0,710.0,750.0,14900
2012-05-24,649.8236694335938,720.0,720.0,710.0,720.0,6800
2012-05-25,667.8742065429688,740.0,740.0,720.0,720.0,6000
2012-05-28,649.8236694335938,720.0,740.0,710.0,740.0,6900
2012-05-29,649.8236694335938,720.0,730.0,710.0,710.0,6300
2012-05-30,667.8742065429688,740.0,740.0,720.0,730.0,5000
2012-05-31,649.8236694335938,720.0,730.0,720.0,720.0,5600
2012-06-01,649.8236694335938,720.0,730.0,710.0,720.0,9400
2012-06-04,649.8236694335938,720.0,730.0,710.0,710.0,13400
2012-06-05,658.8489379882812,730.0,730.0,720.0,720.0,1900
2012-06-06,667.8742065429688,740.0,740.0,730.0,730.0,2600
2012-06-07,676.8995971679688,750.0,760.0,750.0,760.0,2100
2012-06-08,658.8489379882812,730.0,750.0,710.0,750.0,40700
2012-06-11,658.8489379882812,730.0,740.0,730.0,730.0,2800
2012-06-12,658.8489379882812,730.0,730.0,720.0,730.0,3300
2012-06-13,658.8489379882812,730.0,740.0,720.0,730.0,5100
2012-06-15,640.79833984375,710.0,730.0,700.0,730.0,27300
2012-06-18,667.8742065429688,740.0,740.0,720.0,720.0,11400
2012-06-19,658.8489379882812,730.0,730.0,720.0,730.0,2500
2012-06-20,658.8489379882812,730.0,740.0,730.0,730.0,8100
2012-06-21,667.8742065429688,740.0,740.0,730.0,740.0,9900
2012-06-22,667.8742065429688,740.0,750.0,730.0,730.0,4500
2012-06-25,676.8995971679688,750.0,760.0,740.0,750.0,6200
2012-06-26,667.8742065429688,740.0,750.0,730.0,740.0,5600
2012-06-27,685.9249267578125,760.0,760.0,730.0,740.0,6000
2012-06-28,694.9502563476562,770.0,770.0,750.0,760.0,6700
2012-06-29,694.9502563476562,770.0,780.0,760.0,770.0,12800
2012-07-02,676.8995971679688,750.0,780.0,750.0,770.0,18200
2012-07-03,694.9502563476562,770.0,770.0,760.0,760.0,15800
2012-07-04,694.9502563476562,770.0,780.0,770.0,780.0,4800
2012-07-05,685.9249267578125,760.0,770.0,750.0,770.0,5000
2012-07-06,676.8995971679688,750.0,770.0,750.0,770.0,4700
2012-07-09,658.8489379882812,730.0,760.0,730.0,740.0,16700
2012-07-10,649.8236694335938,720.0,740.0,720.0,730.0,11100
2012-07-11,649.8236694335938,720.0,720.0,720.0,720.0,12500
2012-07-12,640.79833984375,710.0,720.0,710.0,720.0,7400
2012-07-13,640.79833984375,710.0,720.0,710.0,710.0,4100
2012-07-17,640.79833984375,710.0,730.0,710.0,720.0,7700
2012-07-18,640.79833984375,710.0,720.0,700.0,720.0,17900
2012-07-19,640.79833984375,710.0,710.0,700.0,710.0,9500
2012-07-20,640.79833984375,710.0,710.0,700.0,710.0,7700
2012-07-23,631.7730102539062,700.0,710.0,700.0,710.0,7800
2012-07-24,640.79833984375,710.0,710.0,700.0,710.0,10600
2012-07-25,631.7730102539062,700.0,720.0,700.0,700.0,7200
2012-07-26,649.8236694335938,720.0,720.0,710.0,710.0,11700
2012-07-27,640.79833984375,710.0,720.0,710.0,720.0,6600
2012-07-30,649.8236694335938,720.0,720.0,710.0,710.0,7000
2012-07-31,649.8236694335938,720.0,730.0,710.0,720.0,17000
2012-08-01,649.8236694335938,720.0,720.0,720.0,720.0,4200
2012-08-02,658.8489379882812,730.0,730.0,720.0,720.0,7300
2012-08-03,649.8236694335938,720.0,730.0,720.0,730.0,3400
2012-08-06,658.8489379882812,730.0,730.0,720.0,720.0,7200
2012-08-07,649.8236694335938,720.0,730.0,720.0,720.0,2500
2012-08-08,658.8489379882812,730.0,740.0,720.0,730.0,8300
2012-08-09,667.8742065429688,740.0,740.0,730.0,730.0,2100
2012-08-10,667.8742065429688,740.0,740.0,730.0,740.0,7100
2012-08-13,658.8489379882812,730.0,730.0,720.0,730.0,1300
2012-08-14,667.8742065429688,740.0,740.0,720.0,730.0,6300
2012-08-15,667.8742065429688,740.0,740.0,730.0,740.0,6800
2012-08-16,676.8995971679688,750.0,750.0,730.0,740.0,4500
2012-08-17,676.8995971679688,750.0,750.0,740.0,750.0,3000
2012-08-20,667.8742065429688,740.0,750.0,740.0,750.0,4000
2012-08-21,667.8742065429688,740.0,750.0,730.0,740.0,7700
2012-08-22,667.8742065429688,740.0,740.0,730.0,740.0,4800
2012-08-23,649.8236694335938,720.0,730.0,720.0,720.0,4100
2012-08-24,649.8236694335938,720.0,730.0,720.0,720.0,4300
2012-08-27,649.8236694335938,720.0,730.0,720.0,730.0,10500
2012-08-28,640.79833984375,710.0,720.0,700.0,710.0,16900
2012-08-29,640.79833984375,710.0,710.0,700.0,710.0,2200
2012-08-30,640.79833984375,710.0,710.0,700.0,710.0,2300
2012-08-31,631.7730102539062,700.0,710.0,700.0,710.0,4600
2012-09-03,631.7730102539062,700.0,720.0,700.0,710.0,5400
2012-09-04,631.7730102539062,700.0,710.0,700.0,700.0,3000
2012-09-05,640.79833984375,710.0,720.0,700.0,720.0,9300
2012-09-06,640.79833984375,710.0,720.0,700.0,700.0,5000
2012-09-07,640.79833984375,710.0,710.0,700.0,710.0,2800
2012-09-10,649.8236694335938,720.0,720.0,700.0,700.0,4400
2012-09-11,640.79833984375,710.0,710.0,700.0,710.0,1800
2012-09-12,649.8236694335938,720.0,720.0,700.0,710.0,7500
2012-09-13,649.8236694335938,720.0,720.0,700.0,710.0,6900
2012-09-14,649.8236694335938,720.0,720.0,710.0,710.0,16100
2012-09-18,649.8236694335938,720.0,720.0,710.0,710.0,2100
2012-09-19,649.8236694335938,720.0,720.0,710.0,710.0,6100
2012-09-20,640.79833984375,710.0,720.0,710.0,720.0,4800
2012-09-21,631.7730102539062,700.0,710.0,700.0,700.0,14100
2012-09-24,640.79833984375,710.0,710.0,700.0,710.0,1900
2012-09-25,631.7730102539062,700.0,710.0,690.0,700.0,12800
2012-09-26,631.7730102539062,700.0,700.0,690.0,690.0,4400
2012-09-27,640.79833984375,710.0,710.0,690.0,700.0,8800
2012-09-28,631.7730102539062,700.0,720.0,700.0,720.0,2600
2012-10-01,631.7730102539062,700.0,700.0,690.0,700.0,3600
2012-10-02,622.7476806640625,690.0,700.0,690.0,700.0,10600
2012-10-03,622.7476806640625,690.0,700.0,690.0,690.0,1700
2012-10-04,622.7476806640625,690.0,690.0,680.0,690.0,4800
2012-10-05,622.7476806640625,690.0,690.0,690.0,690.0,1100
2012-10-09,622.7476806640625,690.0,690.0,690.0,690.0,3800
2012-10-10,622.7476806640625,690.0,690.0,690.0,690.0,4000
2012-10-11,631.7730102539062,700.0,700.0,690.0,690.0,10700
2012-10-12,622.7476806640625,690.0,700.0,690.0,700.0,3000
2012-10-15,622.7476806640625,690.0,700.0,690.0,690.0,900
2012-10-16,622.7476806640625,690.0,700.0,690.0,690.0,2500
2012-10-17,631.7730102539062,700.0,710.0,690.0,710.0,9600
2012-10-18,622.7476806640625,690.0,700.0,690.0,700.0,2000
2012-10-19,640.79833984375,710.0,710.0,690.0,700.0,8400
2012-10-22,640.79833984375,710.0,710.0,690.0,690.0,1300
2012-10-23,631.7730102539062,700.0,710.0,700.0,700.0,3200
2012-10-24,640.79833984375,710.0,710.0,700.0,700.0,2500
2012-10-25,658.8489379882812,730.0,730.0,700.0,700.0,4700
2012-10-26,658.8489379882812,730.0,730.0,720.0,730.0,3400
2012-10-29,658.8489379882812,730.0,730.0,710.0,730.0,2300
2012-10-30,640.79833984375,710.0,730.0,710.0,710.0,4800
2012-10-31,640.79833984375,710.0,720.0,710.0,710.0,4200
2012-11-01,649.8236694335938,720.0,720.0,710.0,710.0,2500
2012-11-02,658.8489379882812,730.0,730.0,710.0,720.0,5200
2012-11-05,649.8236694335938,720.0,720.0,710.0,710.0,7800
2012-11-06,640.79833984375,710.0,730.0,710.0,730.0,1300
2012-11-07,658.8489379882812,730.0,730.0,710.0,730.0,2600
2012-11-08,640.79833984375,710.0,720.0,710.0,710.0,2700
2012-11-09,640.79833984375,710.0,720.0,710.0,710.0,12000
2012-11-12,640.79833984375,710.0,720.0,710.0,710.0,6200
2012-11-13,640.79833984375,710.0,720.0,710.0,710.0,6400
2012-11-14,640.79833984375,710.0,720.0,710.0,710.0,20400
2012-11-15,649.8236694335938,720.0,720.0,710.0,710.0,11100
2012-11-16,667.8742065429688,740.0,740.0,720.0,730.0,28700
2012-11-19,658.8489379882812,730.0,750.0,730.0,750.0,11500
2012-11-20,667.8742065429688,740.0,740.0,730.0,740.0,14600
2012-11-21,658.8489379882812,730.0,750.0,730.0,740.0,12100
2012-11-22,667.8742065429688,740.0,740.0,720.0,730.0,15200
2012-11-26,676.8995971679688,750.0,750.0,740.0,750.0,11600
2012-11-27,676.8995971679688,750.0,750.0,730.0,750.0,11800
2012-11-28,676.8995971679688,750.0,750.0,730.0,750.0,6000
2012-11-29,676.8995971679688,750.0,750.0,740.0,740.0,3800
2012-11-30,667.8742065429688,740.0,750.0,740.0,740.0,6200
2012-12-03,658.8489379882812,730.0,740.0,730.0,740.0,3700
2012-12-04,667.8742065429688,740.0,740.0,730.0,730.0,3900
2012-12-05,667.8742065429688,740.0,740.0,730.0,740.0,1900
2012-12-06,667.8742065429688,740.0,740.0,730.0,740.0,5300
2012-12-07,685.9249267578125,760.0,770.0,740.0,740.0,68800
2012-12-10,667.8742065429688,740.0,780.0,740.0,780.0,41800
2012-12-11,667.8742065429688,740.0,750.0,740.0,750.0,7800
2012-12-12,667.8742065429688,740.0,750.0,740.0,740.0,3000
2012-12-13,667.8742065429688,740.0,750.0,740.0,750.0,10900
2012-12-14,676.8995971679688,750.0,750.0,740.0,740.0,11200
2012-12-17,676.8995971679688,750.0,760.0,750.0,750.0,7300
2012-12-18,685.9249267578125,760.0,770.0,740.0,750.0,67300
2012-12-19,694.9502563476562,770.0,770.0,760.0,760.0,15200
2012-12-20,694.9502563476562,770.0,770.0,750.0,760.0,15300
2012-12-21,676.8995971679688,750.0,780.0,750.0,770.0,30000
2012-12-25,685.9249267578125,760.0,760.0,750.0,760.0,18000
2012-12-26,685.9249267578125,760.0,770.0,760.0,760.0,15000
2012-12-27,703.9755859375,780.0,800.0,770.0,770.0,69100
2012-12-28,694.9502563476562,770.0,800.0,770.0,800.0,38700
2013-01-04,713.0009765625,790.0,800.0,780.0,800.0,19800
2013-01-07,722.0263671875,800.0,810.0,790.0,800.0,18700
2013-01-08,731.0515747070312,810.0,820.0,800.0,810.0,23000
2013-01-09,749.1022338867188,830.0,840.0,810.0,810.0,30500
2013-01-10,758.1275634765625,840.0,850.0,830.0,840.0,29100
2013-01-11,749.1022338867188,830.0,850.0,820.0,850.0,36700
2013-01-15,758.1275634765625,840.0,850.0,830.0,840.0,15500
2013-01-16,740.0768432617188,820.0,840.0,810.0,840.0,34100
2013-01-17,713.0009765625,790.0,820.0,780.0,810.0,56500
2013-01-18,740.0768432617188,820.0,820.0,800.0,800.0,30500
2013-01-21,749.1022338867188,830.0,830.0,810.0,820.0,24200
2013-01-22,749.1022338867188,830.0,850.0,830.0,840.0,57300
2013-01-23,740.0768432617188,820.0,850.0,820.0,830.0,41900
2013-01-24,740.0768432617188,820.0,820.0,810.0,810.0,19100
2013-01-25,740.0768432617188,820.0,840.0,820.0,830.0,46700
2013-01-28,740.0768432617188,820.0,850.0,820.0,830.0,26000
2013-01-29,749.1022338867188,830.0,840.0,820.0,820.0,23500
2013-01-30,749.1022338867188,830.0,840.0,830.0,830.0,5000
2013-01-31,758.1275634765625,840.0,840.0,830.0,830.0,27200
2013-02-01,767.1528930664062,850.0,860.0,840.0,850.0,43100
2013-02-04,803.254150390625,890.0,890.0,860.0,870.0,48000
2013-02-05,785.2035522460938,870.0,910.0,870.0,910.0,78500
2013-02-06,794.2289428710938,880.0,890.0,870.0,880.0,22100
2013-02-07,785.2035522460938,870.0,890.0,870.0,880.0,30400
2013-02-08,758.1275634765625,840.0,870.0,830.0,870.0,46500
2013-02-12,776.17822265625,860.0,870.0,840.0,840.0,41000
2013-02-13,785.2035522460938,870.0,890.0,870.0,870.0,66100
2013-02-14,785.2035522460938,870.0,870.0,860.0,870.0,19000
2013-02-15,758.1275634765625,840.0,870.0,830.0,860.0,54000
2013-02-18,776.17822265625,860.0,860.0,840.0,850.0,14600
2013-02-19,776.17822265625,860.0,870.0,860.0,860.0,6900
2013-02-20,767.1528930664062,850.0,860.0,850.0,850.0,8900
2013-02-21,767.1528930664062,850.0,860.0,840.0,850.0,17700
2013-02-22,758.1275634765625,840.0,850.0,840.0,850.0,6700
2013-02-25,776.17822265625,860.0,860.0,850.0,850.0,7900
2013-02-26,767.1528930664062,850.0,850.0,840.0,850.0,14200
2013-02-27,794.2289428710938,880.0,910.0,860.0,860.0,68600
2013-02-28,794.2289428710938,880.0,890.0,860.0,890.0,30200
2013-03-01,776.17822265625,860.0,880.0,860.0,870.0,9300
2013-03-04,785.2035522460938,870.0,880.0,860.0,870.0,7700
2013-03-05,776.17822265625,860.0,880.0,860.0,870.0,7600
2013-03-06,776.17822265625,860.0,870.0,860.0,860.0,19100
2013-03-07,785.2035522460938,870.0,880.0,860.0,860.0,25100
2013-03-08,794.2289428710938,880.0,890.0,870.0,880.0,36700
2013-03-11,794.2289428710938,880.0,890.0,870.0,890.0,24600
2013-03-12,785.2035522460938,870.0,890.0,870.0,880.0,13100
2013-03-13,776.17822265625,860.0,870.0,860.0,870.0,12900
2013-03-14,785.2035522460938,870.0,870.0,850.0,860.0,16900
2013-03-15,776.17822265625,860.0,870.0,850.0,860.0,18700
2013-03-18,749.1022338867188,830.0,850.0,820.0,840.0,37000
2013-03-19,767.1528930664062,850.0,860.0,840.0,840.0,21100
2013-03-21,776.17822265625,860.0,870.0,850.0,860.0,52300
2013-03-22,767.1528930664062,850.0,880.0,850.0,860.0,59600
2013-03-25,767.1528930664062,850.0,860.0,840.0,860.0,18800
2013-03-26,749.1022338867188,830.0,840.0,830.0,840.0,23400
2013-03-27,758.1275634765625,840.0,850.0,830.0,830.0,15100
2013-03-28,740.0768432617188,820.0,850.0,820.0,850.0,32000
2013-03-29,722.0263671875,800.0,820.0,800.0,820.0,23500
2013-04-01,694.9502563476562,770.0,800.0,760.0,800.0,36500
2013-04-02,685.9249267578125,760.0,780.0,740.0,770.0,30600
2013-04-03,713.0009765625,790.0,790.0,780.0,780.0,16400
2013-04-04,722.0263671875,800.0,800.0,770.0,790.0,18700
2013-04-05,731.0515747070312,810.0,830.0,800.0,820.0,25700
2013-04-08,740.0768432617188,820.0,830.0,810.0,820.0,28700
2013-04-09,740.0768432617188,820.0,840.0,820.0,840.0,21600
2013-04-10,758.1275634765625,840.0,840.0,820.0,820.0,15200
2013-04-11,758.1275634765625,840.0,850.0,830.0,850.0,28300
2013-04-12,749.1022338867188,830.0,840.0,820.0,830.0,13700
2013-04-15,749.1022338867188,830.0,840.0,820.0,830.0,16700
2013-04-16,749.1022338867188,830.0,840.0,820.0,820.0,9200
2013-04-17,758.1275634765625,840.0,850.0,830.0,840.0,20600
2013-04-18,749.1022338867188,830.0,850.0,830.0,840.0,13700
2013-04-19,749.1022338867188,830.0,840.0,830.0,840.0,7000
2013-04-22,767.1528930664062,850.0,860.0,830.0,850.0,48600
2013-04-23,767.1528930664062,850.0,860.0,840.0,850.0,44600
2013-04-24,785.2035522460938,870.0,870.0,850.0,860.0,49100
2013-04-25,785.2035522460938,870.0,880.0,860.0,870.0,33400
2013-04-26,776.17822265625,860.0,880.0,860.0,870.0,33500
2013-04-30,758.1275634765625,840.0,860.0,840.0,850.0,19400
2013-05-01,767.1528930664062,850.0,850.0,840.0,840.0,7100
2013-05-02,758.1275634765625,840.0,850.0,840.0,850.0,16400
2013-05-07,767.1528930664062,850.0,860.0,850.0,850.0,18600
2013-05-08,776.17822265625,860.0,870.0,850.0,860.0,27400
2013-05-09,758.1275634765625,840.0,870.0,840.0,870.0,31000
2013-05-13,767.1528930664062,850.0,870.0,840.0,850.0,41500
2013-05-14,767.1528930664062,850.0,870.0,850.0,860.0,17400
2013-05-15,758.1275634765625,840.0,860.0,840.0,860.0,41300
2013-05-16,740.0768432617188,820.0,840.0,800.0,840.0,39800
2013-05-17,749.1022338867188,830.0,830.0,810.0,810.0,29600
2013-05-20,749.1022338867188,830.0,850.0,830.0,840.0,33400
2013-05-21,776.17822265625,860.0,860.0,830.0,840.0,28700
2013-05-22,803.254150390625,890.0,900.0,850.0,870.0,135600
2013-05-23,749.1022338867188,830.0,910.0,830.0,910.0,103500
2013-05-24,740.0768432617188,820.0,850.0,820.0,840.0,32900
2013-05-27,731.0515747070312,810.0,830.0,800.0,830.0,23900
2013-05-28,740.0768432617188,820.0,830.0,810.0,820.0,16700
2013-05-29,731.0515747070312,810.0,820.0,800.0,820.0,33200
2013-05-30,731.0515747070312,810.0,870.0,800.0,810.0,134700
2013-05-31,749.1022338867188,830.0,870.0,830.0,850.0,46700
2013-06-03,740.0768432617188,820.0,840.0,810.0,840.0,23500
2013-06-04,758.1275634765625,840.0,840.0,820.0,820.0,7800
2013-06-05,749.1022338867188,830.0,850.0,820.0,840.0,16000
2013-06-06,703.9755859375,780.0,820.0,770.0,810.0,29400
2013-06-07,667.8742065429688,740.0,780.0,720.0,770.0,31900
2013-06-10,703.9755859375,780.0,790.0,760.0,760.0,11600
2013-06-11,694.9502563476562,770.0,790.0,770.0,780.0,9300
2013-06-12,713.0009765625,790.0,800.0,770.0,770.0,15500
2013-06-13,676.8995971679688,750.0,780.0,750.0,780.0,13300
2013-06-14,685.9249267578125,760.0,770.0,760.0,770.0,21000
2013-06-17,694.9502563476562,770.0,780.0,760.0,760.0,5100
2013-06-18,694.9502563476562,770.0,790.0,770.0,790.0,2100
2013-06-19,713.0009765625,790.0,790.0,780.0,780.0,3500
2013-06-20,694.9502563476562,770.0,790.0,770.0,790.0,9300
2013-06-21,694.9502563476562,770.0,770.0,750.0,770.0,7500
2013-06-24,713.0009765625,790.0,790.0,780.0,790.0,4500
2013-06-25,685.9249267578125,760.0,790.0,740.0,790.0,14000
2013-06-26,676.8995971679688,750.0,770.0,740.0,760.0,17200
2013-06-27,685.9249267578125,760.0,770.0,750.0,770.0,5700
2013-06-28,694.9502563476562,770.0,770.0,750.0,750.0,36000
2013-07-01,694.9502563476562,770.0,770.0,760.0,770.0,7100
2013-07-02,713.0009765625,790.0,790.0,770.0,770.0,14300
2013-07-03,703.9755859375,780.0,790.0,780.0,790.0,3000
2013-07-04,694.9502563476562,770.0,790.0,770.0,790.0,6700
2013-07-05,713.0009765625,790.0,790.0,780.0,780.0,23000
2013-07-08,713.0009765625,790.0,810.0,790.0,790.0,26700
2013-07-09,731.0515747070312,810.0,810.0,790.0,790.0,11200
2013-07-10,722.0263671875,800.0,810.0,800.0,810.0,14400
2013-07-11,722.0263671875,800.0,800.0,790.0,800.0,4600
2013-07-12,731.0515747070312,810.0,810.0,800.0,800.0,8700
2013-07-16,713.0009765625,790.0,820.0,790.0,820.0,14100
2013-07-17,722.0263671875,800.0,800.0,790.0,800.0,9500
2013-07-18,731.0515747070312,810.0,810.0,790.0,800.0,11900
2013-07-19,713.0009765625,790.0,810.0,790.0,810.0,16400
2013-07-22,722.0263671875,800.0,800.0,790.0,800.0,7200
2013-07-23,713.0009765625,790.0,800.0,790.0,790.0,6200
2013-07-24,713.0009765625,790.0,800.0,790.0,790.0,14100
2013-07-25,713.0009765625,790.0,790.0,780.0,780.0,13600
2013-07-26,713.0009765625,790.0,800.0,780.0,780.0,12400
2013-07-29,694.9502563476562,770.0,780.0,770.0,770.0,11200
2013-07-30,703.9755859375,780.0,780.0,760.0,760.0,4600
2013-07-31,694.9502563476562,770.0,780.0,770.0,770.0,4900
2013-08-01,703.9755859375,780.0,780.0,770.0,770.0,3000
2013-08-02,722.0263671875,800.0,800.0,780.0,780.0,11900
2013-08-05,722.0263671875,800.0,800.0,790.0,790.0,800
2013-08-06,722.0263671875,800.0,810.0,790.0,790.0,9500
2013-08-07,731.0515747070312,810.0,810.0,790.0,800.0,9700
2013-08-08,703.9755859375,780.0,800.0,780.0,800.0,14000
2013-08-09,703.9755859375,780.0,790.0,780.0,780.0,5000
2013-08-12,694.9502563476562,770.0,790.0,770.0,780.0,2400
2013-08-13,713.0009765625,790.0,790.0,780.0,780.0,6400
2013-08-14,713.0009765625,790.0,790.0,780.0,790.0,6100
2013-08-15,703.9755859375,780.0,800.0,780.0,790.0,4100
2013-08-16,703.9755859375,780.0,790.0,780.0,790.0,1900
2013-08-19,703.9755859375,780.0,790.0,780.0,790.0,1500
2013-08-20,694.9502563476562,770.0,790.0,770.0,790.0,5100
2013-08-21,685.9249267578125,760.0,780.0,750.0,780.0,28600
2013-08-22,685.9249267578125,760.0,760.0,760.0,760.0,4800
2013-08-23,685.9249267578125,760.0,770.0,760.0,770.0,5200
2013-08-26,694.9502563476562,770.0,770.0,770.0,770.0,4200
2013-08-27,694.9502563476562,770.0,780.0,760.0,780.0,5800
2013-08-28,676.8995971679688,750.0,760.0,750.0,760.0,5600
2013-08-29,685.9249267578125,760.0,760.0,750.0,760.0,9000
2013-08-30,676.8995971679688,750.0,760.0,750.0,750.0,4200
2013-09-02,685.9249267578125,760.0,760.0,740.0,750.0,2500
2013-09-03,685.9249267578125,760.0,760.0,750.0,760.0,6100
2013-09-04,694.9502563476562,770.0,770.0,750.0,760.0,3700
2013-09-05,694.9502563476562,770.0,770.0,770.0,770.0,8300
2013-09-06,694.9502563476562,770.0,770.0,760.0,770.0,1300
2013-09-09,703.9755859375,780.0,790.0,770.0,780.0,9200
2013-09-10,731.0515747070312,810.0,810.0,780.0,780.0,21600
2013-09-11,731.0515747070312,810.0,830.0,800.0,810.0,22400
2013-09-12,731.0515747070312,810.0,810.0,790.0,800.0,6000
2013-09-13,740.0768432617188,820.0,830.0,810.0,810.0,28700
2013-09-17,758.1275634765625,840.0,850.0,830.0,840.0,24800
2013-09-18,749.1022338867188,830.0,850.0,830.0,850.0,26000
2013-09-19,1019.862060546875,1130.0,1130.0,840.0,850.0,656200
2013-09-20,1471.1285400390625,1630.0,1630.0,1430.0,1500.0,2507400
2013-09-24,1922.3948974609373,2130.0,2130.0,1870.0,1880.0,4114500
2013-09-25,1561.3817138671875,1730.0,2060.0,1620.0,2050.0,1183600
2013-09-26,1597.4830322265625,1770.0,1780.0,1550.0,1690.0,545400
2013-09-27,1489.17919921875,1650.0,1760.0,1640.0,1730.0,230600
2013-09-30,1407.951171875,1560.0,1620.0,1530.0,1610.0,173100
2013-10-01,1380.8753662109375,1530.0,1720.0,1530.0,1640.0,240000
2013-10-02,1353.7991943359375,1500.0,1600.0,1480.0,1500.0,116400
2013-10-03,1380.8753662109375,1530.0,1650.0,1510.0,1580.0,242700
2013-10-04,1344.77392578125,1490.0,1530.0,1470.0,1490.0,83300
2013-10-07,1209.3939208984375,1340.0,1470.0,1200.0,1440.0,159000
2013-10-08,1254.5203857421875,1390.0,1440.0,1300.0,1320.0,211300
2013-10-09,1245.495361328125,1380.0,1380.0,1310.0,1320.0,101600
2013-10-10,1236.4700927734375,1370.0,1390.0,1330.0,1380.0,74900
2013-10-11,1371.849853515625,1520.0,1670.0,1440.0,1440.0,1108200
2013-10-15,1344.77392578125,1490.0,1540.0,1460.0,1510.0,134800
2013-10-16,1290.6219482421875,1430.0,1470.0,1430.0,1470.0,96000
2013-10-17,1290.6219482421875,1430.0,1500.0,1410.0,1460.0,86900
2013-10-18,1317.6978759765625,1460.0,1470.0,1410.0,1430.0,77600
2013-10-21,1380.8753662109375,1530.0,1600.0,1490.0,1550.0,247700
2013-10-22,1398.9259033203125,1550.0,1590.0,1490.0,1500.0,232800
2013-10-23,1344.77392578125,1490.0,1550.0,1470.0,1540.0,126900
2013-10-24,1353.7991943359375,1500.0,1510.0,1450.0,1480.0,49400
2013-10-25,1308.672607421875,1450.0,1500.0,1430.0,1500.0,82300
2013-10-28,1353.7991943359375,1500.0,1500.0,1440.0,1470.0,50800
2013-10-29,1344.77392578125,1490.0,1510.0,1490.0,1500.0,74500
2013-10-30,1380.8753662109375,1530.0,1550.0,1510.0,1510.0,125500
2013-10-31,1371.849853515625,1520.0,1520.0,1500.0,1510.0,43900
2013-11-01,1308.672607421875,1450.0,1520.0,1370.0,1520.0,79100
2013-11-05,1299.6473388671875,1440.0,1450.0,1400.0,1450.0,26900
2013-11-06,1281.5966796875,1420.0,1440.0,1400.0,1400.0,37700
2013-11-07,1290.6219482421875,1430.0,1440.0,1410.0,1430.0,26900
2013-11-08,1272.5712890625,1410.0,1430.0,1400.0,1410.0,22100
2013-11-11,1272.5712890625,1410.0,1420.0,1380.0,1420.0,28600
2013-11-12,1272.5712890625,1410.0,1430.0,1390.0,1410.0,27800
2013-11-13,1272.5712890625,1410.0,1490.0,1350.0,1400.0,121600
2013-11-14,1263.5460205078125,1400.0,1440.0,1390.0,1410.0,51700
2013-11-15,1281.5966796875,1420.0,1430.0,1390.0,1410.0,34900
2013-11-18,1299.6473388671875,1440.0,1450.0,1400.0,1440.0,50200
2013-11-19,1308.672607421875,1450.0,1460.0,1430.0,1450.0,54500
2013-11-20,1471.1285400390625,1630.0,1680.0,1460.0,1460.0,1410800
2013-11-21,1398.9259033203125,1550.0,1630.0,1530.0,1600.0,264900
2013-11-22,1344.77392578125,1490.0,1570.0,1470.0,1570.0,139400
2013-11-25,1335.7484130859375,1480.0,1500.0,1470.0,1490.0,56200
2013-11-26,1326.7232666015625,1470.0,1480.0,1450.0,1450.0,58200
2013-11-27,1326.7232666015625,1470.0,1490.0,1460.0,1460.0,28800
2013-11-28,1308.672607421875,1450.0,1480.0,1450.0,1470.0,33400
2013-11-29,1299.6473388671875,1440.0,1460.0,1420.0,1450.0,51700
2013-12-02,1308.672607421875,1450.0,1450.0,1430.0,1450.0,28700
2013-12-03,1290.6219482421875,1430.0,1460.0,1420.0,1450.0,30400
2013-12-04,1263.5460205078125,1400.0,1430.0,1400.0,1420.0,34600
2013-12-05,1254.5203857421875,1390.0,1420.0,1390.0,1400.0,28000
2013-12-06,1245.495361328125,1380.0,1410.0,1380.0,1400.0,26300
2013-12-09,1290.6219482421875,1430.0,1430.0,1390.0,1400.0,44300
2013-12-10,1281.5966796875,1420.0,1430.0,1410.0,1420.0,26700
2013-12-11,1317.6978759765625,1460.0,1460.0,1400.0,1410.0,47000
2013-12-12,1290.6219482421875,1430.0,1450.0,1410.0,1450.0,42500
2013-12-13,1290.6219482421875,1430.0,1470.0,1400.0,1420.0,81200
2013-12-16,1218.4193115234375,1350.0,1420.0,1340.0,1420.0,30500
2013-12-17,1236.4700927734375,1370.0,1380.0,1350.0,1350.0,27300
2013-12-18,1236.4700927734375,1370.0,1380.0,1360.0,1360.0,19900
2013-12-19,1254.5203857421875,1390.0,1390.0,1370.0,1380.0,30300
2013-12-20,1227.444580078125,1360.0,1400.0,1350.0,1390.0,26600
2013-12-24,1155.2420654296875,1280.0,1360.0,1270.0,1360.0,66400
2013-12-25,1173.2926025390625,1300.0,1320.0,1270.0,1280.0,66800
2013-12-26,1218.4193115234375,1350.0,1360.0,1310.0,1310.0,33700
2013-12-27,1263.5460205078125,1400.0,1400.0,1330.0,1370.0,46000
2013-12-30,1281.5966796875,1420.0,1450.0,1390.0,1400.0,56900
2014-01-06,1281.5966796875,1420.0,1430.0,1390.0,1410.0,21700
2014-01-07,1380.8753662109375,1530.0,1530.0,1420.0,1430.0,143100
2014-01-08,1362.8245849609375,1510.0,1540.0,1480.0,1520.0,111800
2014-01-09,1398.9259033203125,1550.0,1580.0,1510.0,1540.0,215600
2014-01-10,1362.8245849609375,1510.0,1540.0,1510.0,1520.0,45100
2014-01-14,1317.6978759765625,1460.0,1490.0,1450.0,1490.0,62500
2014-01-15,1426.001953125,1580.0,1580.0,1470.0,1470.0,337300
2014-01-16,1389.9005126953125,1540.0,1680.0,1540.0,1630.0,654100
2014-01-17,1426.001953125,1580.0,1600.0,1540.0,1590.0,91100
2014-01-20,1444.052734375,1600.0,1610.0,1590.0,1600.0,58400
2014-01-21,1407.951171875,1560.0,1610.0,1560.0,1600.0,67200
2014-01-22,1398.9259033203125,1550.0,1570.0,1520.0,1560.0,37400
2014-01-23,1362.8245849609375,1510.0,1550.0,1500.0,1550.0,48100
2014-01-24,1335.7484130859375,1480.0,1500.0,1460.0,1480.0,48300
2014-01-27,1263.5460205078125,1400.0,1440.0,1400.0,1410.0,55000
2014-01-28,1263.5460205078125,1400.0,1450.0,1400.0,1410.0,34300
2014-01-29,1308.672607421875,1450.0,1450.0,1420.0,1430.0,19900
2014-01-30,1272.5712890625,1410.0,1420.0,1390.0,1420.0,33100
2014-01-31,1254.5203857421875,1390.0,1420.0,1370.0,1420.0,31100
2014-02-03,1173.2926025390625,1300.0,1370.0,1290.0,1370.0,48000
2014-02-04,1046.9378662109375,1160.0,1180.0,1100.0,1100.0,122300
2014-02-05,1055.96337890625,1170.0,1210.0,1160.0,1210.0,67400
2014-02-06,1101.0902099609375,1220.0,1230.0,1180.0,1180.0,29900
2014-02-07,1164.2672119140625,1290.0,1300.0,1250.0,1260.0,47900
2014-02-10,1209.3939208984375,1340.0,1350.0,1320.0,1330.0,20800
2014-02-12,1227.444580078125,1360.0,1380.0,1340.0,1380.0,26800
2014-02-13,1227.444580078125,1360.0,1400.0,1360.0,1400.0,51100
2014-02-14,1173.2926025390625,1300.0,1360.0,1290.0,1360.0,49200
2014-02-17,1209.3939208984375,1340.0,1340.0,1290.0,1310.0,38900
2014-02-18,1245.495361328125,1380.0,1400.0,1340.0,1350.0,61200
2014-02-19,1218.4193115234375,1350.0,1380.0,1350.0,1380.0,21200
2014-02-20,1200.3687744140625,1330.0,1340.0,1310.0,1340.0,22900
2014-02-21,1218.4193115234375,1350.0,1360.0,1330.0,1330.0,22300
2014-02-24,1209.3939208984375,1340.0,1360.0,1340.0,1340.0,8100
2014-02-25,1308.672607421875,1450.0,1530.0,1370.0,1380.0,316800
2014-02-26,1281.5966796875,1420.0,1450.0,1410.0,1430.0,51200
2014-02-27,1245.495361328125,1380.0,1430.0,1380.0,1430.0,37200
2014-02-28,1218.4193115234375,1350.0,1390.0,1350.0,1390.0,15500
2014-03-03,1200.3687744140625,1330.0,1340.0,1310.0,1340.0,21900
2014-03-04,1218.4193115234375,1350.0,1350.0,1320.0,1320.0,14700
2014-03-05,1218.4193115234375,1350.0,1380.0,1350.0,1370.0,6300
2014-03-06,1245.495361328125,1380.0,1380.0,1340.0,1340.0,9500
2014-03-07,1254.5203857421875,1390.0,1400.0,1380.0,1380.0,21200
2014-03-10,1254.5203857421875,1390.0,1400.0,1380.0,1380.0,10400
2014-03-11,1281.5966796875,1420.0,1460.0,1390.0,1390.0,66600
2014-03-12,1236.4700927734375,1370.0,1400.0,1370.0,1390.0,19100
2014-03-13,1326.7232666015625,1470.0,1530.0,1360.0,1360.0,203900
2014-03-14,1245.495361328125,1380.0,1410.0,1370.0,1400.0,97600
2014-03-17,1173.2926025390625,1300.0,1370.0,1290.0,1350.0,57600
2014-03-18,1173.2926025390625,1300.0,1350.0,1300.0,1330.0,20600
2014-03-19,1191.34326171875,1320.0,1380.0,1310.0,1310.0,41100
2014-03-20,1137.19140625,1260.0,1320.0,1260.0,1310.0,34600
2014-03-24,1182.3179931640625,1310.0,1330.0,1240.0,1240.0,31200
2014-03-25,1182.3179931640625,1310.0,1340.0,1300.0,1320.0,25900
2014-03-26,1245.495361328125,1380.0,1490.0,1380.0,1490.0,189100
2014-03-27,1272.768798828125,1400.0,1410.0,1360.0,1370.0,26900
2014-03-28,1272.768798828125,1400.0,1400.0,1370.0,1400.0,23200
2014-03-31,1281.860107421875,1410.0,1410.0,1380.0,1410.0,16600
2014-04-01,1290.9512939453125,1420.0,1420.0,1390.0,1410.0,25500
2014-04-02,1281.860107421875,1410.0,1440.0,1400.0,1440.0,33700
2014-04-03,1254.586669921875,1380.0,1410.0,1380.0,1410.0,21400
2014-04-04,1254.586669921875,1380.0,1400.0,1370.0,1400.0,14100
2014-04-07,1245.495361328125,1370.0,1380.0,1360.0,1380.0,10600
2014-04-08,1200.0391845703125,1320.0,1360.0,1310.0,1360.0,26700
2014-04-09,1172.765625,1290.0,1330.0,1290.0,1320.0,12700
2014-04-10,1163.6744384765625,1280.0,1330.0,1280.0,1310.0,14900
2014-04-11,1136.40087890625,1250.0,1270.0,1240.0,1270.0,32600
2014-04-14,1118.2183837890625,1230.0,1260.0,1230.0,1230.0,15800
2014-04-15,1154.583251953125,1270.0,1280.0,1250.0,1260.0,19600
2014-04-16,1181.8568115234375,1300.0,1300.0,1270.0,1280.0,17100
2014-04-17,1172.765625,1290.0,1310.0,1290.0,1310.0,11800
2014-04-18,1181.8568115234375,1300.0,1300.0,1280.0,1290.0,14500
2014-04-21,1163.6744384765625,1280.0,1300.0,1280.0,1300.0,9800
2014-04-22,1136.40087890625,1250.0,1290.0,1250.0,1290.0,13700
2014-04-23,1145.491943359375,1260.0,1270.0,1250.0,1270.0,7700
2014-04-24,1163.6744384765625,1280.0,1310.0,1250.0,1260.0,23800
2014-04-25,1190.9478759765625,1310.0,1330.0,1290.0,1300.0,27000
2014-04-28,1172.765625,1290.0,1300.0,1280.0,1280.0,10800
2014-04-30,1163.6744384765625,1280.0,1310.0,1280.0,1290.0,8300
2014-05-01,1181.8568115234375,1300.0,1350.0,1280.0,1320.0,39300
2014-05-02,1181.8568115234375,1300.0,1300.0,1290.0,1300.0,6600
2014-05-07,1163.6744384765625,1280.0,1280.0,1270.0,1280.0,5300
2014-05-08,1145.491943359375,1260.0,1280.0,1260.0,1270.0,10600
2014-05-09,1145.491943359375,1260.0,1270.0,1260.0,1260.0,7000
2014-05-12,1118.2183837890625,1230.0,1260.0,1230.0,1260.0,12000
2014-05-13,1145.491943359375,1260.0,1260.0,1240.0,1250.0,7500
2014-05-14,1127.3096923828125,1240.0,1260.0,1230.0,1260.0,12600
2014-05-15,1045.4888916015625,1150.0,1290.0,1100.0,1230.0,72000
2014-05-16,1054.579833984375,1160.0,1230.0,1160.0,1230.0,60100
2014-05-19,1045.4888916015625,1150.0,1170.0,1150.0,1160.0,22700
2014-05-20,1036.3974609375,1140.0,1160.0,1140.0,1140.0,20100
2014-05-21,1054.579833984375,1160.0,1180.0,1130.0,1140.0,10700
2014-05-22,1072.76220703125,1180.0,1180.0,1150.0,1170.0,9700
2014-05-23,1090.9449462890625,1200.0,1200.0,1180.0,1190.0,6800
2014-05-26,1100.0357666015625,1210.0,1220.0,1200.0,1210.0,8800
2014-05-27,1090.9449462890625,1200.0,1220.0,1190.0,1200.0,6000
2014-05-28,1109.127197265625,1220.0,1230.0,1200.0,1200.0,10100
2014-05-29,1090.9449462890625,1200.0,1220.0,1190.0,1190.0,8900
2014-05-30,1100.0357666015625,1210.0,1220.0,1200.0,1200.0,5400
2014-06-02,1127.3096923828125,1240.0,1240.0,1200.0,1210.0,12800
2014-06-03,1118.2183837890625,1230.0,1250.0,1220.0,1240.0,11300
2014-06-04,1109.127197265625,1220.0,1230.0,1220.0,1230.0,4700
2014-06-05,1172.765625,1290.0,1290.0,1230.0,1230.0,57100
2014-06-06,1254.586669921875,1380.0,1400.0,1290.0,1300.0,148300
2014-06-09,1245.495361328125,1370.0,1400.0,1360.0,1400.0,35800
2014-06-10,1218.2216796875,1340.0,1360.0,1320.0,1350.0,23000
2014-06-11,1190.9478759765625,1310.0,1330.0,1300.0,1310.0,15300
2014-06-12,1190.9478759765625,1310.0,1310.0,1280.0,1290.0,23900
2014-06-13,1200.0391845703125,1320.0,1340.0,1290.0,1320.0,24200
2014-06-16,1190.9478759765625,1310.0,1350.0,1310.0,1330.0,15000
2014-06-17,1190.9478759765625,1310.0,1320.0,1300.0,1310.0,13300
2014-06-18,1200.0391845703125,1320.0,1320.0,1300.0,1320.0,7900
2014-06-19,1190.9478759765625,1310.0,1330.0,1300.0,1320.0,28000
2014-06-20,1190.9478759765625,1310.0,1320.0,1300.0,1310.0,10100
2014-06-23,1190.9478759765625,1310.0,1330.0,1310.0,1330.0,16700
2014-06-24,1209.130615234375,1330.0,1330.0,1310.0,1310.0,12300
2014-06-25,1181.8568115234375,1300.0,1330.0,1300.0,1330.0,11900
2014-06-26,1181.8568115234375,1300.0,1310.0,1300.0,1300.0,8600
2014-06-27,1181.8568115234375,1300.0,1320.0,1290.0,1320.0,10000
2014-06-30,1181.8568115234375,1300.0,1310.0,1300.0,1300.0,8800
2014-07-01,1190.9478759765625,1310.0,1320.0,1300.0,1320.0,13200
2014-07-02,1181.8568115234375,1300.0,1320.0,1300.0,1320.0,13800
2014-07-03,1190.9478759765625,1310.0,1310.0,1300.0,1300.0,9300
2014-07-04,1200.0391845703125,1320.0,1330.0,1310.0,1310.0,15000
2014-07-07,1227.312744140625,1350.0,1390.0,1300.0,1330.0,136600
2014-07-08,1218.2216796875,1340.0,1360.0,1330.0,1360.0,34100
2014-07-09,1190.9478759765625,1310.0,1330.0,1310.0,1320.0,16100
2014-07-10,1190.9478759765625,1310.0,1350.0,1310.0,1310.0,21600
2014-07-11,1209.130615234375,1330.0,1350.0,1300.0,1310.0,42500
2014-07-14,1236.404052734375,1360.0,1390.0,1320.0,1330.0,50200
2014-07-15,1218.2216796875,1340.0,1440.0,1340.0,1400.0,122200
2014-07-16,1227.312744140625,1350.0,1370.0,1350.0,1350.0,32100
2014-07-17,1236.404052734375,1360.0,1410.0,1350.0,1350.0,107700
2014-07-18,1690.96435546875,1860.0,1860.0,1360.0,1370.0,2020300
2014-07-22,1736.42041015625,1910.0,2350.0,1880.0,2170.0,3698700
2014-07-23,1545.505126953125,1700.0,1840.0,1680.0,1830.0,515400
2014-07-24,1627.3260498046875,1790.0,1940.0,1690.0,1730.0,681700
2014-07-25,1600.052490234375,1760.0,1800.0,1740.0,1770.0,204500
2014-07-28,1463.6842041015625,1610.0,1780.0,1540.0,1750.0,314900
2014-07-29,1481.86669921875,1630.0,1650.0,1600.0,1640.0,127900
2014-07-30,1500.049072265625,1650.0,1740.0,1640.0,1720.0,279500
2014-07-31,1445.501708984375,1590.0,1670.0,1570.0,1650.0,130600
2014-08-01,1436.4107666015625,1580.0,1610.0,1570.0,1580.0,78400
2014-08-04,1509.1402587890625,1660.0,1720.0,1560.0,1560.0,331800
2014-08-05,1445.501708984375,1590.0,1680.0,1590.0,1670.0,104900
2014-08-06,1427.3194580078125,1570.0,1590.0,1560.0,1580.0,65100
2014-08-07,1445.501708984375,1590.0,1600.0,1560.0,1560.0,64100
2014-08-08,1390.9547119140625,1530.0,1610.0,1510.0,1570.0,104300
2014-08-11,1327.316162109375,1460.0,1540.0,1450.0,1540.0,67500
2014-08-12,1327.316162109375,1460.0,1520.0,1450.0,1460.0,82300
2014-08-13,1318.224853515625,1450.0,1470.0,1420.0,1470.0,43500
2014-08-14,1390.9547119140625,1530.0,1540.0,1420.0,1420.0,188700
2014-08-15,1509.1402587890625,1660.0,1710.0,1560.0,1570.0,400300
2014-08-18,1581.869873046875,1740.0,1760.0,1640.0,1660.0,359300
2014-08-19,1545.505126953125,1700.0,1750.0,1670.0,1750.0,162000
2014-08-20,1509.1402587890625,1660.0,1720.0,1640.0,1710.0,115100
2014-08-21,1536.413818359375,1690.0,1710.0,1620.0,1640.0,99200
2014-08-22,1500.049072265625,1650.0,1700.0,1650.0,1700.0,44900
2014-08-25,1509.1402587890625,1660.0,1700.0,1630.0,1640.0,44300
2014-08-26,1654.5994873046875,1820.0,1870.0,1650.0,1660.0,852700
2014-08-27,2109.15966796875,2320.0,2320.0,1880.0,1900.0,3142800
2014-08-28,2263.710205078125,2490.0,3020.0,2120.0,2250.0,10649800
2014-08-29,2172.79833984375,2390.0,2530.0,2330.0,2490.0,1211800
2014-09-01,2636.44970703125,2900.0,3000.0,2410.0,2450.0,5522200
2014-09-02,2563.72021484375,2820.0,2940.0,2690.0,2830.0,1906900
2014-09-03,2718.270751953125,2990.0,3250.0,2750.0,2820.0,3326100
2014-09-04,2490.99072265625,2740.0,2930.0,2700.0,2800.0,861700
2014-09-05,2390.987548828125,2630.0,2810.0,2550.0,2790.0,434300
2014-09-08,2400.078369140625,2640.0,2850.0,2510.0,2620.0,421000
2014-09-09,2372.804931640625,2610.0,2730.0,2600.0,2610.0,122700
2014-09-10,2309.16650390625,2540.0,2650.0,2480.0,2650.0,174700
2014-09-11,2263.710205078125,2490.0,2560.0,2470.0,2540.0,152900
2014-09-12,2254.619384765625,2480.0,2550.0,2440.0,2470.0,154200
2014-09-16,2181.889892578125,2400.0,2460.0,2380.0,2400.0,139500
2014-09-17,2254.619384765625,2480.0,2580.0,2340.0,2370.0,348600
2014-09-18,2154.61572265625,2370.0,2470.0,2340.0,2460.0,187900
2014-09-19,2209.163330078125,2430.0,2430.0,2360.0,2380.0,119900
2014-09-22,2363.713623046875,2600.0,2640.0,2430.0,2430.0,416300
2014-09-24,2381.895751953125,2620.0,2750.0,2600.0,2650.0,638500
2014-09-25,2345.53125,2580.0,2640.0,2530.0,2640.0,140100
2014-09-26,2381.895751953125,2620.0,2680.0,2530.0,2550.0,163300
2014-09-29,2454.62548828125,2700.0,2750.0,2600.0,2620.0,369200
2014-09-30,2436.443359375,2680.0,2780.0,2630.0,2700.0,278900
2014-10-01,2336.43994140625,2570.0,2660.0,2550.0,2660.0,212400
2014-10-02,2200.071533203125,2420.0,2480.0,2400.0,2460.0,138100
2014-10-03,2245.527587890625,2470.0,2480.0,2400.0,2420.0,127400
2014-10-06,2300.075439453125,2530.0,2550.0,2490.0,2540.0,89700
2014-10-07,2200.071533203125,2420.0,2530.0,2410.0,2510.0,79100
2014-10-08,2181.889892578125,2400.0,2410.0,2380.0,2400.0,65700
2014-10-09,2072.794921875,2280.0,2450.0,2280.0,2420.0,84500
2014-10-10,1936.427001953125,2130.0,2220.0,2090.0,2130.0,165300
2014-10-14,2009.1563720703125,2210.0,2290.0,2080.0,2090.0,129000
2014-10-15,2045.5216064453125,2250.0,2300.0,2200.0,2200.0,74700
2014-10-16,1954.6094970703125,2150.0,2250.0,2130.0,2140.0,73700
2014-10-17,2309.16650390625,2540.0,2730.0,2210.0,2250.0,2027400
2014-10-20,2481.8994140625,2730.0,2920.0,2660.0,2740.0,1404300
2014-10-21,2390.987548828125,2630.0,2770.0,2550.0,2670.0,384700
2014-10-22,2427.35205078125,2670.0,2790.0,2610.0,2690.0,305300
2014-10-23,2472.80810546875,2720.0,2830.0,2630.0,2670.0,617300
2014-10-24,2409.169677734375,2650.0,2790.0,2650.0,2760.0,195600
2014-10-27,2390.987548828125,2630.0,2710.0,2620.0,2710.0,105600
2014-10-28,2309.16650390625,2540.0,2600.0,2520.0,2590.0,115300
2014-10-29,2236.436767578125,2460.0,2560.0,2440.0,2550.0,135400
2014-10-30,2181.889892578125,2400.0,2500.0,2380.0,2500.0,91200
2014-10-31,2227.345947265625,2450.0,2480.0,2390.0,2430.0,100400
2014-11-04,2236.436767578125,2460.0,2540.0,2450.0,2490.0,120900
2014-11-05,2209.163330078125,2430.0,2470.0,2410.0,2450.0,58700
2014-11-06,2309.16650390625,2540.0,2630.0,2400.0,2410.0,326400
2014-11-07,2263.710205078125,2490.0,2580.0,2470.0,2560.0,102600
2014-11-10,2227.345947265625,2450.0,2520.0,2450.0,2510.0,46500
2014-11-11,2236.436767578125,2460.0,2510.0,2450.0,2490.0,70300
2014-11-12,2136.433837890625,2350.0,2500.0,2340.0,2470.0,136300
2014-11-13,2118.2509765625,2330.0,2410.0,2320.0,2350.0,59800
2014-11-14,2081.886474609375,2290.0,2360.0,2260.0,2320.0,64700
2014-11-17,2009.1563720703125,2210.0,2320.0,2190.0,2320.0,84000
2014-11-18,2063.703857421875,2270.0,2310.0,2230.0,2230.0,73700
2014-11-19,2227.345947265625,2450.0,2540.0,2270.0,2280.0,358000
2014-11-20,2118.2509765625,2330.0,2440.0,2330.0,2440.0,114000
2014-11-21,2127.34228515625,2340.0,2390.0,2320.0,2340.0,48000
2014-11-25,2145.5244140625,2360.0,2370.0,2340.0,2350.0,27900
2014-11-26,2181.889892578125,2400.0,2430.0,2340.0,2360.0,45900
2014-11-27,2172.79833984375,2390.0,2480.0,2380.0,2390.0,88000
2014-11-28,2381.895751953125,2620.0,2900.0,2600.0,2710.0,1462500
2014-12-01,2409.169677734375,2650.0,2700.0,2620.0,2680.0,176800
2014-12-02,2418.26123046875,2660.0,2740.0,2630.0,2650.0,190000
2014-12-03,2409.169677734375,2650.0,2710.0,2640.0,2680.0,136800
2014-12-04,2336.43994140625,2570.0,2690.0,2560.0,2680.0,126600
2014-12-05,2354.62255859375,2590.0,2610.0,2550.0,2570.0,64900
2014-12-08,2372.804931640625,2610.0,2620.0,2560.0,2610.0,61100
2014-12-09,2336.43994140625,2570.0,2580.0,2550.0,2570.0,56100
2014-12-10,2345.53125,2580.0,2590.0,2510.0,2510.0,53400
2014-12-11,2381.895751953125,2620.0,2630.0,2530.0,2530.0,80500
2014-12-12,2472.80810546875,2720.0,2750.0,2620.0,2620.0,341500
2014-12-15,2445.53466796875,2690.0,2820.0,2660.0,2720.0,286700
2014-12-16,2427.35205078125,2670.0,2720.0,2640.0,2650.0,126100
2014-12-17,2354.62255859375,2590.0,2710.0,2580.0,2620.0,136900
2014-12-18,2336.43994140625,2570.0,2670.0,2560.0,2670.0,132200
2014-12-19,2327.348876953125,2560.0,2620.0,2550.0,2620.0,101400
2014-12-22,2263.710205078125,2490.0,2570.0,2480.0,2550.0,85300
2014-12-24,2254.619384765625,2480.0,2520.0,2450.0,2490.0,60200
2014-12-25,2327.348876953125,2560.0,2570.0,2460.0,2460.0,109700
2014-12-26,2381.895751953125,2620.0,2620.0,2530.0,2550.0,113300
2014-12-29,2427.35205078125,2670.0,2720.0,2600.0,2650.0,204500
2014-12-30,2372.804931640625,2610.0,2670.0,2610.0,2640.0,54700
2015-01-05,2418.26123046875,2660.0,2720.0,2640.0,2650.0,205900
2015-01-06,2336.43994140625,2570.0,2650.0,2540.0,2640.0,121200
2015-01-07,2336.43994140625,2570.0,2590.0,2550.0,2550.0,38400
2015-01-08,2345.53125,2580.0,2620.0,2570.0,2600.0,35300
2015-01-09,2281.892578125,2510.0,2600.0,2480.0,2580.0,79200
2015-01-13,2227.345947265625,2450.0,2470.0,2430.0,2450.0,38500
2015-01-14,2190.98046875,2410.0,2480.0,2400.0,2480.0,44500
2015-01-15,2236.436767578125,2460.0,2470.0,2400.0,2400.0,39900
2015-01-16,2236.436767578125,2460.0,2460.0,2400.0,2440.0,40100
2015-01-19,2190.98046875,2410.0,2460.0,2410.0,2460.0,32200
2015-01-20,2227.345947265625,2450.0,2450.0,2410.0,2410.0,35200
2015-01-21,2190.98046875,2410.0,2460.0,2410.0,2460.0,19400
2015-01-22,2127.34228515625,2340.0,2400.0,2330.0,2400.0,87800
2015-01-23,2154.61572265625,2370.0,2390.0,2340.0,2360.0,35700
2015-01-26,2209.163330078125,2430.0,2440.0,2360.0,2360.0,33300
2015-01-27,2236.436767578125,2460.0,2510.0,2440.0,2460.0,62100
2015-01-28,2245.527587890625,2470.0,2480.0,2440.0,2450.0,25400
2015-01-29,2181.889892578125,2400.0,2460.0,2390.0,2430.0,50900
2015-01-30,2163.70751953125,2380.0,2420.0,2350.0,2420.0,39300
2015-02-02,2118.2509765625,2330.0,2350.0,2310.0,2350.0,27900
2015-02-03,2072.794921875,2280.0,2360.0,2280.0,2350.0,51800
2015-02-04,2090.977783203125,2300.0,2320.0,2290.0,2290.0,33000
2015-02-05,2063.703857421875,2270.0,2300.0,2270.0,2280.0,30400
2015-02-06,2018.248046875,2220.0,2280.0,2200.0,2270.0,48100
2015-02-09,2045.5216064453125,2250.0,2260.0,2200.0,2200.0,33200
2015-02-10,2127.34228515625,2340.0,2350.0,2240.0,2240.0,52500
2015-02-12,2090.977783203125,2300.0,2390.0,2290.0,2390.0,52900
2015-02-13,2036.4302978515625,2240.0,2320.0,2240.0,2320.0,48200
2015-02-16,2063.703857421875,2270.0,2290.0,2260.0,2260.0,24300
2015-02-17,2090.977783203125,2300.0,2310.0,2260.0,2260.0,26100
2015-02-18,2072.794921875,2280.0,2310.0,2280.0,2280.0,31900
2015-02-19,2072.794921875,2280.0,2310.0,2280.0,2290.0,25600
2015-02-20,2072.794921875,2280.0,2300.0,2260.0,2280.0,38900
2015-02-23,2100.068603515625,2310.0,2330.0,2280.0,2300.0,51300
2015-02-24,2090.977783203125,2300.0,2320.0,2290.0,2320.0,38800
2015-02-25,2200.071533203125,2420.0,2470.0,2290.0,2310.0,197000
2015-02-26,2163.70751953125,2380.0,2440.0,2370.0,2420.0,76400
2015-02-27,2100.068603515625,2310.0,2370.0,2310.0,2360.0,80200
2015-03-02,2063.703857421875,2270.0,2340.0,2260.0,2300.0,81200
2015-03-03,2036.4302978515625,2240.0,2280.0,2230.0,2250.0,63300
2015-03-04,2036.4302978515625,2240.0,2260.0,2210.0,2230.0,33600
2015-03-05,2027.3389892578125,2230.0,2260.0,2230.0,2260.0,18800
2015-03-06,2018.248046875,2220.0,2230.0,2200.0,2230.0,47500
2015-03-09,2036.4302978515625,2240.0,2240.0,2200.0,2210.0,22000
2015-03-10,2027.3389892578125,2230.0,2250.0,2210.0,2240.0,24400
2015-03-11,2045.5216064453125,2250.0,2290.0,2210.0,2220.0,31600
2015-03-12,2045.5216064453125,2250.0,2260.0,2230.0,2260.0,17600
2015-03-13,2009.1563720703125,2210.0,2240.0,2210.0,2230.0,41600
2015-03-16,2009.1563720703125,2210.0,2230.0,2200.0,2220.0,21300
2015-03-17,2000.0654296875,2200.0,2230.0,2200.0,2210.0,21200
2015-03-18,1990.9742431640625,2190.0,2200.0,2150.0,2200.0,58100
2015-03-19,1981.8829345703125,2180.0,2180.0,2130.0,2170.0,35800
2015-03-20,1945.518310546875,2140.0,2160.0,2140.0,2150.0,24200
2015-03-23,1963.7005615234373,2160.0,2160.0,2130.0,2140.0,32200
2015-03-24,1945.518310546875,2140.0,2160.0,2120.0,2140.0,47300
2015-03-25,1918.244384765625,2110.0,2140.0,2110.0,2130.0,33000
2015-03-26,1927.3358154296875,2120.0,2130.0,2090.0,2100.0,27500
2015-03-27,1927.335693359375,2110.0,2150.0,2100.0,2110.0,27900
2015-03-30,1899.932861328125,2080.0,2190.0,2040.0,2100.0,79500
2015-03-31,1909.0673828125,2090.0,2160.0,2080.0,2080.0,41600
2015-04-01,1954.73876953125,2140.0,2150.0,2030.0,2080.0,65400
2015-04-02,1954.73876953125,2140.0,2160.0,2090.0,2140.0,56300
2015-04-03,1918.201416015625,2100.0,2140.0,2080.0,2130.0,40000
2015-04-06,1909.0673828125,2090.0,2110.0,2070.0,2100.0,18900
2015-04-07,1899.932861328125,2080.0,2100.0,2070.0,2090.0,19200
2015-04-08,1936.47021484375,2120.0,2130.0,2090.0,2100.0,36300
2015-04-09,1918.201416015625,2100.0,2130.0,2090.0,2120.0,20700
2015-04-10,1899.932861328125,2080.0,2100.0,2080.0,2090.0,19600
2015-04-13,1881.664306640625,2060.0,2100.0,2060.0,2090.0,24300
2015-04-14,1927.335693359375,2110.0,2150.0,2050.0,2080.0,70600
2015-04-15,1909.0673828125,2090.0,2120.0,2090.0,2110.0,16500
2015-04-16,1973.0072021484373,2160.0,2160.0,2100.0,2100.0,45200
2015-04-17,1982.1414794921875,2170.0,2190.0,2130.0,2160.0,46400
2015-04-20,1954.73876953125,2140.0,2160.0,2130.0,2160.0,43200
2015-04-21,1973.0072021484373,2160.0,2200.0,2130.0,2150.0,81300
2015-04-22,2027.813232421875,2220.0,2280.0,2150.0,2160.0,214900
2015-04-23,1982.1414794921875,2170.0,2220.0,2160.0,2210.0,54800
2015-04-24,2009.5445556640625,2200.0,2210.0,2150.0,2180.0,44600
2015-04-27,1982.1414794921875,2170.0,2200.0,2170.0,2200.0,16000
2015-04-28,1963.8731689453125,2150.0,2180.0,2140.0,2180.0,24600
2015-04-30,1945.6043701171875,2130.0,2140.0,2110.0,2130.0,31700
2015-05-01,1909.0673828125,2090.0,2120.0,2090.0,2120.0,23400
2015-05-07,1899.932861328125,2080.0,2100.0,2070.0,2070.0,19100
2015-05-08,1890.798583984375,2070.0,2090.0,2060.0,2070.0,17400
2015-05-11,1890.798583984375,2070.0,2110.0,2070.0,2090.0,17700
2015-05-12,1927.335693359375,2110.0,2120.0,2080.0,2110.0,40900
2015-05-13,1899.932861328125,2080.0,2100.0,2080.0,2100.0,25400
2015-05-14,1890.798583984375,2070.0,2090.0,2070.0,2080.0,21700
2015-05-15,1781.1871337890625,1950.0,2100.0,1800.0,2080.0,114300
2015-05-18,1762.9185791015625,1930.0,1950.0,1900.0,1940.0,49800
2015-05-19,1744.64990234375,1910.0,1940.0,1900.0,1920.0,54000
2015-05-20,1726.3812255859375,1890.0,1930.0,1890.0,1910.0,44900
2015-05-21,1680.709716796875,1840.0,1900.0,1840.0,1890.0,67500
2015-05-22,1863.395751953125,2040.0,2180.0,1860.0,1860.0,542200
2015-05-25,2082.61865234375,2280.0,2360.0,2110.0,2140.0,789500
2015-05-26,2036.947265625,2230.0,2320.0,2170.0,2320.0,183700
2015-05-27,1927.335693359375,2110.0,2240.0,2110.0,2190.0,130900
2015-05-28,1890.798583984375,2070.0,2100.0,2040.0,2090.0,89100
2015-05-29,1863.395751953125,2040.0,2060.0,2030.0,2040.0,40000
2015-06-01,1881.664306640625,2060.0,2080.0,2040.0,2050.0,40100
2015-06-02,1890.798583984375,2070.0,2120.0,2020.0,2050.0,101800
2015-06-03,1936.47021484375,2120.0,2120.0,2070.0,2100.0,43800
2015-06-04,1918.201416015625,2100.0,2130.0,2090.0,2120.0,27200
2015-06-05,1890.798583984375,2070.0,2080.0,2060.0,2080.0,16600
2015-06-08,1863.395751953125,2040.0,2090.0,2040.0,2090.0,23500
2015-06-09,1835.992919921875,2010.0,2030.0,2010.0,2030.0,27000
2015-06-10,1835.992919921875,2010.0,2040.0,2010.0,2020.0,15100
2015-06-11,1835.992919921875,2010.0,2040.0,2010.0,2020.0,21000
2015-06-12,1835.992919921875,2010.0,2020.0,2000.0,2010.0,35100
2015-06-15,1845.127197265625,2020.0,2030.0,2000.0,2010.0,19300
2015-06-16,1817.72412109375,1990.0,2020.0,1990.0,2020.0,20200
2015-06-17,1799.45556640625,1970.0,2020.0,1970.0,2000.0,31800
2015-06-18,1781.1871337890625,1950.0,1990.0,1950.0,1980.0,16400
2015-06-19,1781.1871337890625,1950.0,1980.0,1930.0,1960.0,34900
2015-06-22,1799.45556640625,1970.0,2010.0,1950.0,1950.0,25700
2015-06-23,1863.395751953125,2040.0,2150.0,2000.0,2010.0,157200
2015-06-24,1854.261474609375,2030.0,2100.0,2020.0,2070.0,40700
2015-06-25,1854.261474609375,2030.0,2060.0,2020.0,2060.0,16400
2015-06-26,1845.127197265625,2020.0,2040.0,2010.0,2040.0,20100
2015-06-29,1799.45556640625,1970.0,2000.0,1960.0,1990.0,34700
2015-06-30,1790.321533203125,1960.0,1960.0,1920.0,1950.0,22500
2015-07-01,1781.1871337890625,1950.0,1970.0,1940.0,1940.0,19100
2015-07-02,1790.321533203125,1960.0,1990.0,1950.0,1950.0,16100
2015-07-03,1808.590087890625,1980.0,2030.0,1970.0,1970.0,75300
2015-07-06,1790.321533203125,1960.0,1970.0,1950.0,1950.0,14500
2015-07-07,1808.590087890625,1980.0,1990.0,1970.0,1970.0,7400
2015-07-08,1717.2470703125,1880.0,1970.0,1880.0,1970.0,46100
2015-07-09,1726.3812255859375,1890.0,1900.0,1820.0,1840.0,53600
2015-07-10,1698.9783935546875,1860.0,1910.0,1860.0,1890.0,22400
2015-07-13,1744.64990234375,1910.0,1930.0,1880.0,1920.0,13200
2015-07-14,1762.9185791015625,1930.0,1940.0,1910.0,1940.0,15700
2015-07-15,1772.052734375,1940.0,1950.0,1920.0,1920.0,14700
2015-07-16,1772.052734375,1940.0,1950.0,1920.0,1950.0,14800
2015-07-17,1762.9185791015625,1930.0,1950.0,1920.0,1950.0,10500
2015-07-21,1762.9185791015625,1930.0,1970.0,1910.0,1970.0,16500
2015-07-22,1845.127197265625,2020.0,2020.0,1920.0,1930.0,44500
2015-07-23,1835.992919921875,2010.0,2060.0,2000.0,2050.0,32000
2015-07-24,1826.8585205078125,2000.0,2010.0,1980.0,2010.0,15500
2015-07-27,1753.7841796875,1920.0,1970.0,1920.0,1970.0,24700
2015-07-28,1781.1871337890625,1950.0,1980.0,1900.0,1900.0,14600
2015-07-29,1772.052734375,1940.0,1960.0,1930.0,1950.0,12200
2015-07-30,1772.052734375,1940.0,1950.0,1920.0,1930.0,15700
2015-07-31,1826.8585205078125,2000.0,2010.0,1940.0,1940.0,33400
2015-08-03,1826.8585205078125,2000.0,2050.0,1970.0,2000.0,19800
2015-08-04,1817.72412109375,1990.0,2000.0,1970.0,2000.0,4600
2015-08-05,1881.664306640625,2060.0,2080.0,1980.0,1980.0,57000
2015-08-06,1881.664306640625,2060.0,2100.0,2030.0,2070.0,42400
2015-08-07,1881.664306640625,2060.0,2060.0,2020.0,2040.0,24900
2015-08-10,1863.395751953125,2040.0,2060.0,1980.0,2050.0,41700
2015-08-11,1881.664306640625,2060.0,2060.0,2030.0,2050.0,25500
2015-08-12,1918.201416015625,2100.0,2130.0,2040.0,2040.0,68600
2015-08-13,1963.8731689453125,2150.0,2190.0,2090.0,2140.0,139900
2015-08-14,1973.0072021484373,2160.0,2160.0,2090.0,2150.0,53000
2015-08-17,1973.0072021484373,2160.0,2170.0,2120.0,2160.0,47300
2015-08-18,1954.73876953125,2140.0,2170.0,2130.0,2140.0,42900
2015-08-19,1927.335693359375,2110.0,2180.0,2090.0,2140.0,89400
2015-08-20,1881.664306640625,2060.0,2140.0,2060.0,2070.0,21200
2015-08-21,1762.9185791015625,1930.0,2020.0,1920.0,1990.0,55000
2015-08-24,1625.9041748046875,1780.0,1910.0,1780.0,1830.0,71900
2015-08-25,1470.62109375,1610.0,1800.0,1570.0,1590.0,112500
2015-08-26,1543.6954345703125,1690.0,1720.0,1650.0,1680.0,40000
2015-08-27,1698.9783935546875,1860.0,1880.0,1720.0,1730.0,43500
2015-08-28,2018.678466796875,2210.0,2310.0,2060.0,2090.0,937700
2015-08-31,2210.49853515625,2420.0,2540.0,2260.0,2370.0,1665200
2015-09-01,2009.5445556640625,2200.0,2420.0,2190.0,2340.0,397500
2015-09-02,2000.4100341796875,2190.0,2280.0,2040.0,2060.0,242200
2015-09-03,1973.0072021484373,2160.0,2310.0,2150.0,2300.0,94600
2015-09-04,1835.992919921875,2010.0,2160.0,1960.0,2160.0,117300
2015-09-07,1799.45556640625,1970.0,2020.0,1920.0,1950.0,64500
2015-09-08,1799.45556640625,1970.0,2050.0,1960.0,1980.0,56500
2015-09-09,1909.0673828125,2090.0,2110.0,2040.0,2070.0,85100
2015-09-10,1936.47021484375,2120.0,2140.0,2030.0,2050.0,65700
2015-09-11,1945.6043701171875,2130.0,2140.0,2110.0,2120.0,37300
2015-09-14,1854.261474609375,2030.0,2130.0,2010.0,2100.0,48400
2015-09-15,1845.127197265625,2020.0,2090.0,2010.0,2030.0,25000
2015-09-16,1826.8585205078125,2000.0,2050.0,1980.0,2050.0,24000
2015-09-17,1826.8585205078125,2000.0,2020.0,1980.0,2020.0,24500
2015-09-18,1808.590087890625,1980.0,1990.0,1960.0,1990.0,14400
2015-09-24,1717.2470703125,1880.0,1980.0,1880.0,1930.0,37600
2015-09-25,1708.11279296875,1870.0,1890.0,1810.0,1860.0,32200
2015-09-28,1726.3812255859375,1890.0,1900.0,1850.0,1900.0,18400
2015-09-29,1616.769775390625,1770.0,1840.0,1770.0,1840.0,49100
2015-09-30,1635.0384521484375,1790.0,1840.0,1780.0,1840.0,12500
2015-10-01,1680.709716796875,1840.0,1850.0,1800.0,1820.0,21800
2015-10-02,1671.57568359375,1830.0,1860.0,1830.0,1830.0,11900
2015-10-05,1726.3812255859375,1890.0,1900.0,1850.0,1850.0,16000
2015-10-06,1753.7841796875,1920.0,1940.0,1890.0,1890.0,30000
2015-10-07,1772.052734375,1940.0,1940.0,1890.0,1920.0,10200
2015-10-08,1735.5157470703125,1900.0,1920.0,1890.0,1910.0,13200
2015-10-09,1781.1871337890625,1950.0,1960.0,1890.0,1910.0,39300
2015-10-13,1790.321533203125,1960.0,1990.0,1920.0,1940.0,41500
2015-10-14,1698.9783935546875,1860.0,1940.0,1860.0,1940.0,34600
2015-10-15,1717.2470703125,1880.0,1920.0,1820.0,1820.0,29300
2015-10-16,1708.11279296875,1870.0,1910.0,1850.0,1900.0,22300
2015-10-19,1698.9783935546875,1860.0,1880.0,1840.0,1860.0,17200
2015-10-20,1671.57568359375,1830.0,1860.0,1820.0,1850.0,15200
2015-10-21,1708.11279296875,1870.0,1870.0,1810.0,1810.0,17200
2015-10-22,1698.9783935546875,1860.0,1870.0,1840.0,1840.0,5600
2015-10-23,1689.84423828125,1850.0,1880.0,1850.0,1880.0,10800
2015-10-26,1680.709716796875,1840.0,1870.0,1820.0,1870.0,17600
2015-10-27,1653.3070068359375,1810.0,1840.0,1810.0,1840.0,12500
2015-10-28,1635.0384521484375,1790.0,1840.0,1780.0,1840.0,26200
2015-10-29,1689.84423828125,1850.0,1850.0,1790.0,1790.0,32800
2015-10-30,1653.3070068359375,1810.0,1850.0,1800.0,1850.0,19900
2015-11-02,1635.0384521484375,1790.0,1810.0,1790.0,1810.0,15400
2015-11-04,1607.6356201171875,1760.0,1810.0,1760.0,1810.0,14900
2015-11-05,1616.769775390625,1770.0,1790.0,1750.0,1760.0,14500
2015-11-06,1625.9041748046875,1780.0,1780.0,1760.0,1770.0,12300
2015-11-09,1662.441162109375,1820.0,1820.0,1770.0,1780.0,17200
2015-11-10,1653.3070068359375,1810.0,1820.0,1800.0,1820.0,8700
2015-11-11,1662.441162109375,1820.0,1840.0,1810.0,1820.0,13400
2015-11-12,1653.3070068359375,1810.0,1850.0,1790.0,1840.0,26300
2015-11-13,1671.57568359375,1830.0,1880.0,1800.0,1810.0,31600
2015-11-16,1653.3070068359375,1810.0,1830.0,1800.0,1810.0,17200
2015-11-17,1671.57568359375,1830.0,1840.0,1800.0,1820.0,18900
2015-11-18,1671.57568359375,1830.0,1840.0,1800.0,1840.0,15400
2015-11-19,1671.57568359375,1830.0,1830.0,1810.0,1830.0,16000
2015-11-20,1689.84423828125,1850.0,1850.0,1810.0,1820.0,18000
2015-11-24,1689.84423828125,1850.0,1850.0,1820.0,1830.0,14900
2015-11-25,1671.57568359375,1830.0,1840.0,1820.0,1840.0,14600
2015-11-26,1689.84423828125,1850.0,1860.0,1830.0,1830.0,12400
2015-11-27,1653.3070068359375,1810.0,1840.0,1810.0,1830.0,16100
2015-11-30,1671.57568359375,1830.0,1830.0,1810.0,1810.0,11400
2015-12-01,1680.709716796875,1840.0,1840.0,1810.0,1830.0,12600
2015-12-02,1662.441162109375,1820.0,1840.0,1790.0,1800.0,59700
2015-12-03,1726.3812255859375,1890.0,1910.0,1810.0,1820.0,123600
2015-12-04,1689.84423828125,1850.0,1890.0,1840.0,1890.0,22900
2015-12-07,1671.57568359375,1830.0,1860.0,1830.0,1840.0,18700
2015-12-08,1635.0384521484375,1790.0,1820.0,1770.0,1820.0,35900
2015-12-09,1653.3070068359375,1810.0,1840.0,1760.0,1780.0,39400
2015-12-10,1662.441162109375,1820.0,1860.0,1800.0,1800.0,49000
2015-12-11,1635.0384521484375,1790.0,1820.0,1790.0,1820.0,25500
2015-12-14,1625.9041748046875,1780.0,1790.0,1750.0,1780.0,18500
2015-12-15,1571.0982666015625,1720.0,1800.0,1710.0,1780.0,24300
2015-12-16,1589.366943359375,1740.0,1750.0,1720.0,1740.0,18000
2015-12-17,1616.769775390625,1770.0,1790.0,1730.0,1740.0,28600
2015-12-18,1635.0384521484375,1790.0,1860.0,1770.0,1790.0,51400
2015-12-21,1561.9642333984375,1710.0,1740.0,1680.0,1740.0,48100
2015-12-22,1470.62109375,1610.0,1710.0,1610.0,1700.0,54800
2015-12-24,1351.875244140625,1480.0,1600.0,1450.0,1600.0,144400
2015-12-25,1351.875244140625,1480.0,1480.0,1480.0,1480.0,0
2015-12-28,1397.546875,1530.0,1540.0,1470.0,1500.0,38400
2015-12-29,1470.62109375,1610.0,1660.0,1530.0,1530.0,37000
2015-12-30,1479.75537109375,1620.0,1620.0,1590.0,1610.0,29200
2016-01-04,1434.083984375,1570.0,1630.0,1550.0,1620.0,33000
2016-01-05,1443.2183837890625,1580.0,1600.0,1550.0,1550.0,11100
2016-01-06,1406.6810302734375,1540.0,1600.0,1500.0,1600.0,28000
2016-01-07,1351.875244140625,1480.0,1540.0,1470.0,1540.0,38500
2016-01-08,1333.6068115234375,1460.0,1520.0,1450.0,1470.0,30100
2016-01-12,1269.6666259765625,1390.0,1470.0,1390.0,1460.0,35900
2016-01-13,1351.875244140625,1480.0,1500.0,1410.0,1410.0,22100
2016-01-14,1306.2039794921875,1430.0,1460.0,1390.0,1420.0,27200
2016-01-15,1306.2039794921875,1430.0,1470.0,1420.0,1450.0,12600
2016-01-18,1233.12939453125,1350.0,1390.0,1340.0,1390.0,44700
2016-01-19,1214.861083984375,1330.0,1380.0,1330.0,1340.0,16500
2016-01-20,1150.9208984375,1260.0,1370.0,1260.0,1370.0,35500
2016-01-21,1077.846435546875,1180.0,1310.0,1180.0,1220.0,55200
2016-01-22,1150.9208984375,1260.0,1260.0,1200.0,1260.0,34100
2016-01-25,1196.59228515625,1310.0,1330.0,1280.0,1310.0,27500
2016-01-26,1150.9208984375,1260.0,1290.0,1260.0,1270.0,14900
2016-01-27,1205.7265625,1320.0,1330.0,1280.0,1290.0,27900
2016-01-28,1178.32373046875,1290.0,1320.0,1280.0,1300.0,30900
2016-01-29,1223.9952392578125,1340.0,1340.0,1260.0,1290.0,35600
2016-02-01,1269.6666259765625,1390.0,1390.0,1350.0,1360.0,25200
2016-02-02,1260.5325927734375,1380.0,1400.0,1370.0,1390.0,22700
2016-02-03,1205.7265625,1320.0,1360.0,1310.0,1360.0,19200
2016-02-04,1214.861083984375,1330.0,1340.0,1320.0,1320.0,9700
2016-02-05,1169.1895751953125,1280.0,1320.0,1240.0,1310.0,24700
2016-02-08,1223.9952392578125,1340.0,1340.0,1250.0,1250.0,14300
2016-02-09,1114.3837890625,1220.0,1300.0,1220.0,1250.0,31600
2016-02-10,1041.309326171875,1140.0,1320.0,1120.0,1270.0,47500
2016-02-12,904.2950439453124,990.0,1090.0,990.0,1060.0,93400
2016-02-15,995.6378784179688,1090.0,1110.0,1070.0,1070.0,25200
2016-02-16,1050.4437255859375,1150.0,1180.0,1080.0,1080.0,20300
2016-02-17,1032.175048828125,1130.0,1180.0,1110.0,1140.0,21400
2016-02-18,1077.846435546875,1180.0,1180.0,1130.0,1160.0,29100
2016-02-19,1068.7122802734375,1170.0,1170.0,1140.0,1150.0,13300
2016-02-22,1077.846435546875,1180.0,1200.0,1170.0,1170.0,10700
2016-02-23,1041.309326171875,1140.0,1200.0,1140.0,1190.0,14100
2016-02-24,1041.309326171875,1140.0,1160.0,1110.0,1130.0,12800
2016-02-25,1059.577880859375,1160.0,1180.0,1140.0,1140.0,10100
2016-02-26,1068.7122802734375,1170.0,1190.0,1150.0,1170.0,10300
2016-02-29,1013.9066162109376,1110.0,1200.0,1100.0,1180.0,44300
2016-03-01,1041.309326171875,1140.0,1140.0,1080.0,1090.0,33800
2016-03-02,1050.4437255859375,1150.0,1170.0,1140.0,1140.0,18700
2016-03-03,1077.846435546875,1180.0,1180.0,1140.0,1140.0,18600
2016-03-04,1114.3837890625,1220.0,1220.0,1170.0,1170.0,21400
2016-03-07,1178.32373046875,1290.0,1300.0,1250.0,1250.0,18200
2016-03-08,1187.4580078125,1300.0,1440.0,1260.0,1320.0,187000
2016-03-09,1187.4580078125,1300.0,1310.0,1280.0,1300.0,30100
2016-03-10,1196.59228515625,1310.0,1310.0,1270.0,1300.0,26400
2016-03-11,1214.861083984375,1330.0,1330.0,1270.0,1300.0,32400
2016-03-14,1269.6666259765625,1390.0,1390.0,1320.0,1330.0,32800
2016-03-15,1370.1439208984375,1500.0,1500.0,1390.0,1410.0,50500
2016-03-16,1543.6954345703125,1690.0,1730.0,1500.0,1500.0,181700
2016-03-17,1598.5013427734375,1750.0,1870.0,1560.0,1820.0,282100
2016-03-18,1516.2926025390625,1660.0,1730.0,1650.0,1700.0,40200
2016-03-22,1434.083984375,1570.0,1630.0,1560.0,1620.0,38800
2016-03-23,1434.083984375,1570.0,1600.0,1570.0,1570.0,20400
2016-03-24,1461.487060546875,1600.0,1660.0,1600.0,1630.0,43000
2016-03-25,1370.1439208984375,1500.0,1550.0,1500.0,1550.0,43800
2016-03-28,1361.0096435546875,1490.0,1490.0,1430.0,1480.0,35300
2016-03-31,1370.2056884765625,1490.0,1490.0,1490.0,1490.0,0
2016-04-01,1259.8536376953125,1370.0,1541.0,1332.0,1501.0,29700
2016-04-04,1227.66748046875,1335.0,1414.0,1300.0,1300.0,25200
2016-04-05,1111.7978515625,1209.0,1333.0,1202.0,1305.0,31700
2016-04-06,1081.4508056640625,1176.0,1205.0,1166.0,1200.0,26900
2016-04-07,1357.3311767578125,1476.0,1476.0,1175.0,1176.0,90800
2016-04-08,1374.8037109375,1495.0,1770.0,1418.0,1450.0,214800
2016-04-11,1274.5672607421875,1386.0,1483.0,1370.0,1452.0,23000
2016-04-12,1260.7730712890625,1371.0,1450.0,1348.0,1348.0,12400
2016-04-13,1268.1298828125,1379.0,1413.0,1353.0,1375.0,12900
2016-04-14,1255.2554931640625,1365.0,1377.0,1334.0,1354.0,27000
2016-04-15,1273.6473388671875,1385.0,1410.0,1340.0,1340.0,12700
2016-04-18,1224.90869140625,1332.0,1371.0,1330.0,1355.0,19000
2016-04-19,1246.0595703125,1355.0,1367.0,1332.0,1354.0,6800
2016-04-20,1242.3812255859375,1351.0,1361.0,1330.0,1342.0,3700
2016-04-21,1247.898681640625,1357.0,1369.0,1344.0,1369.0,11000
2016-04-22,1230.42626953125,1338.0,1347.0,1309.0,1347.0,15900
2016-04-25,1197.3204345703125,1302.0,1340.0,1300.0,1340.0,7800
2016-04-26,1177.0894775390625,1280.0,1301.0,1277.0,1301.0,17600
2016-04-27,1150.4208984375,1251.0,1283.0,1251.0,1263.0,10400
2016-04-28,1119.1546630859375,1217.0,1268.0,1216.0,1251.0,16000
2016-05-02,1080.5313720703125,1175.0,1216.0,1150.0,1180.0,17800
2016-05-06,1101.6822509765625,1198.0,1214.0,1185.0,1214.0,7500
2016-05-09,1111.7978515625,1209.0,1284.0,1194.0,1254.0,4800
2016-05-10,1132.0289306640625,1231.0,1239.0,1201.0,1239.0,5000
2016-05-11,1127.430908203125,1226.0,1238.0,1195.0,1238.0,3900
2016-05-12,1098.92333984375,1195.0,1219.0,1186.0,1201.0,11300
2016-05-13,1057.5413818359375,1150.0,1183.0,1139.0,1169.0,15500
2016-05-16,1040.0689697265625,1131.0,1180.0,1127.0,1180.0,6000
2016-05-17,1055.7020263671875,1148.0,1169.0,1130.0,1169.0,5600
2016-05-18,1050.1845703125,1142.0,1165.0,1117.0,1148.0,8100
2016-05-19,1055.7020263671875,1148.0,1180.0,1134.0,1134.0,6800
2016-05-20,1086.9686279296875,1182.0,1187.0,1145.0,1146.0,8100
2016-05-23,1082.3704833984375,1177.0,1180.0,1161.0,1180.0,1700
2016-05-24,1059.38037109375,1152.0,1180.0,1150.0,1170.0,2800
2016-05-25,1052.0235595703125,1144.0,1175.0,1144.0,1151.0,6900
2016-05-26,1093.4056396484375,1189.0,1204.0,1160.0,1204.0,20600
2016-05-27,1100.7625732421875,1197.0,1201.0,1169.0,1200.0,5400
2016-05-30,1098.0037841796875,1194.0,1199.0,1171.0,1171.0,6000
2016-05-31,1079.6116943359375,1174.0,1199.0,1172.0,1190.0,4900
2016-06-01,1065.817626953125,1159.0,1172.0,1152.0,1172.0,5200
2016-06-02,1048.34521484375,1140.0,1160.0,1134.0,1151.0,11100
2016-06-03,1050.1845703125,1142.0,1148.0,1130.0,1137.0,4700
2016-06-06,1067.6571044921875,1161.0,1171.0,1150.0,1169.0,7300
2016-06-07,1061.2197265625,1154.0,1160.0,1150.0,1153.0,4200
2016-06-08,1059.38037109375,1152.0,1154.0,1146.0,1154.0,2700
2016-06-09,1044.666748046875,1136.0,1152.0,1132.0,1152.0,5100
2016-06-10,1018.9180297851562,1108.0,1135.0,1106.0,1131.0,23600
2016-06-13,958.224365234375,1042.0,1108.0,1010.0,1108.0,11500
2016-06-14,891.0934448242188,969.0,1059.0,961.0,1059.0,17700
2016-06-15,880.9779052734375,958.0,981.0,950.0,970.0,13200
2016-06-16,781.6609497070312,850.0,958.0,837.0,958.0,27200
2016-06-17,789.9373779296875,859.0,925.0,848.0,925.0,25000
2016-06-20,843.2742309570312,917.0,919.0,870.0,870.0,7800
2016-06-21,857.0681762695312,932.0,939.0,912.0,920.0,6600
2016-06-22,833.1585083007812,906.0,943.0,900.0,920.0,6900
2016-06-23,850.6310424804688,925.0,926.0,883.0,884.0,3000
2016-06-24,754.0728759765625,820.0,925.0,806.0,925.0,13600
2016-06-27,767.8668823242188,835.0,862.0,830.0,854.0,6900
2016-06-28,760.5101318359375,827.0,870.0,809.0,809.0,7000
2016-06-29,799.1333618164062,869.0,882.0,830.0,830.0,8000
2016-06-30,792.6961669921875,862.0,888.0,854.0,854.0,7500
2016-07-01,805.5706787109375,876.0,881.0,853.0,862.0,4800
2016-07-04,824.8822021484375,897.0,897.0,859.0,859.0,7300
2016-07-05,862.5858154296875,938.0,941.0,897.0,897.0,9200
2016-07-06,847.8721923828125,922.0,944.0,901.0,938.0,7500
2016-07-07,812.0078125,883.0,916.0,883.0,892.0,2600
2016-07-08,766.947265625,834.0,884.0,834.0,872.0,6600
2016-07-11,766.947265625,834.0,834.0,834.0,834.0,0
2016-07-12,916.84228515625,997.0,1040.0,961.0,984.0,21300
2016-07-13,926.9579467773438,1008.0,1035.0,1003.0,1035.0,13500
2016-07-14,925.1187133789062,1006.0,1030.0,1000.0,1000.0,6000
2016-07-15,926.9579467773438,1008.0,1021.0,1000.0,1013.0,8100
2016-07-19,929.7167358398438,1011.0,1032.0,1005.0,1028.0,13000
2016-07-20,917.7619018554688,998.0,1011.0,980.0,994.0,6600
2016-07-21,942.5911254882812,1025.0,1031.0,1014.0,1031.0,4900
2016-07-22,932.4755249023438,1014.0,1025.0,995.0,995.0,3300
2016-07-25,937.9931640625,1020.0,1048.0,1013.0,1048.0,6500
2016-07-26,926.038330078125,1007.0,1033.0,1000.0,1000.0,5000
2016-07-27,952.7067260742188,1036.0,1039.0,1020.0,1037.0,9700
2016-07-28,951.787109375,1035.0,1040.0,1008.0,1040.0,5800
2016-07-29,951.787109375,1035.0,1039.0,1016.0,1035.0,3600
2016-08-01,939.8323364257812,1022.0,1044.0,1013.0,1025.0,4500
2016-08-02,941.6715087890624,1024.0,1036.0,1017.0,1017.0,2900
2016-08-03,905.8070678710938,985.0,1022.0,972.0,1019.0,10000
2016-08-04,905.8070678710938,985.0,995.0,967.0,987.0,5400
2016-08-05,874.5406494140625,951.0,1014.0,945.0,1014.0,7500
2016-08-08,882.8170776367188,960.0,962.0,945.0,951.0,4300
2016-08-09,869.0230102539062,945.0,965.0,921.0,965.0,3700
2016-08-10,869.0230102539062,945.0,945.0,937.0,939.0,5100
2016-08-12,868.103515625,944.0,960.0,938.0,960.0,2400
2016-08-15,869.942626953125,946.0,946.0,937.0,939.0,1800
2016-08-16,860.74658203125,936.0,946.0,936.0,937.0,6700
2016-08-17,844.1937866210938,918.0,941.0,915.0,925.0,6700
2016-08-18,828.5606079101562,901.0,918.0,899.0,918.0,5800
2016-08-19,824.8822021484375,897.0,907.0,897.0,901.0,4900
2016-08-22,794.535400390625,864.0,885.0,854.0,880.0,6700
2016-08-23,797.294189453125,867.0,879.0,860.0,860.0,12800
2016-08-24,792.6961669921875,862.0,868.0,860.0,862.0,4100
2016-08-25,779.8217163085938,848.0,857.0,845.0,857.0,8300
2016-08-26,783.5001831054688,852.0,865.0,839.0,843.0,8600
2016-08-29,797.294189453125,867.0,867.0,860.0,867.0,3300
2016-08-30,798.2138061523438,868.0,887.0,867.0,887.0,1100
2016-08-31,803.7313842773438,874.0,876.0,860.0,869.0,1900
2016-09-01,815.6862182617188,887.0,887.0,867.0,874.0,2100
2016-09-02,800.052978515625,870.0,875.0,864.0,864.0,5300
2016-09-05,800.052978515625,870.0,877.0,868.0,870.0,2900
2016-09-06,812.0078125,883.0,884.0,868.0,875.0,3600
2016-09-07,811.0881958007812,882.0,885.0,869.0,869.0,3600
2016-09-08,806.4901123046875,877.0,884.0,871.0,872.0,1800
2016-09-09,797.294189453125,867.0,875.0,865.0,865.0,6800
2016-09-12,789.9373779296875,859.0,864.0,857.0,860.0,2800
2016-09-13,786.259033203125,855.0,860.0,850.0,850.0,4100
2016-09-14,775.2237548828125,843.0,847.0,840.0,840.0,5700
2016-09-15,753.1533203125,819.0,839.0,818.0,839.0,7400
2016-09-16,745.7964477539062,811.0,819.0,811.0,818.0,11000
2016-09-20,767.8668823242188,835.0,848.0,814.0,826.0,7000
2016-09-21,783.5001831054688,852.0,853.0,834.0,850.0,3300
2016-09-23,783.5001831054688,852.0,860.0,836.0,860.0,7000
2016-09-26,783.5001831054688,852.0,854.0,839.0,841.0,2100
2016-09-27,804.6510009765625,875.0,876.0,862.0,876.0,9000
2016-09-28,798.2138061523438,868.0,874.0,830.0,874.0,4800
2016-09-29,810.1685180664062,881.0,883.0,863.0,878.0,6800
2016-09-30,800.052978515625,870.0,879.0,860.0,860.0,3100
2016-10-03,799.1333618164062,869.0,884.0,868.0,884.0,5300
2016-10-04,804.6510009765625,875.0,881.0,869.0,881.0,3000
2016-10-05,803.7313842773438,874.0,882.0,870.0,882.0,3200
2016-10-06,800.9725952148438,871.0,878.0,870.0,878.0,4400
2016-10-07,797.294189453125,867.0,873.0,861.0,870.0,2500
2016-10-11,787.1785278320312,856.0,874.0,843.0,854.0,4200
2016-10-12,783.5001831054688,852.0,861.0,845.0,845.0,4000
2016-10-13,783.5001831054688,852.0,860.0,849.0,859.0,3600
2016-10-14,788.09814453125,857.0,859.0,847.0,849.0,2100
2016-10-17,782.58056640625,851.0,866.0,843.0,866.0,6800
2016-10-18,782.58056640625,851.0,852.0,841.0,849.0,7600
2016-10-19,779.8217163085938,848.0,856.0,846.0,854.0,8300
2016-10-20,791.776611328125,861.0,864.0,849.0,851.0,6800
2016-10-21,782.58056640625,851.0,858.0,845.0,854.0,6600
2016-10-24,786.259033203125,855.0,859.0,850.0,851.0,7100
2016-10-25,789.0177612304688,858.0,863.0,858.0,860.0,5000
2016-10-26,793.61572265625,863.0,864.0,852.0,861.0,9100
2016-10-27,797.294189453125,867.0,867.0,860.0,867.0,8900
2016-10-28,809.2490234375,880.0,884.0,868.0,868.0,15500
2016-10-31,795.4549560546875,865.0,885.0,861.0,881.0,9200
2016-11-01,797.294189453125,867.0,880.0,864.0,880.0,5600
2016-11-02,803.7313842773438,874.0,886.0,865.0,865.0,7200
2016-11-04,795.4549560546875,865.0,876.0,865.0,875.0,6700
2016-11-07,803.7313842773438,874.0,878.0,860.0,860.0,5500
2016-11-08,800.052978515625,870.0,880.0,864.0,880.0,4100
2016-11-09,772.4649658203125,840.0,882.0,839.0,882.0,7600
2016-11-10,802.811767578125,873.0,877.0,862.0,877.0,4900
2016-11-11,798.2138061523438,868.0,880.0,846.0,873.0,4400
2016-11-14,795.4549560546875,865.0,872.0,861.0,868.0,5700
2016-11-15,790.85693359375,860.0,865.0,856.0,865.0,3500
2016-11-16,819.3646240234375,891.0,891.0,860.0,860.0,8400
2016-11-17,835.9173583984375,909.0,909.0,882.0,891.0,15200
2016-11-18,850.6310424804688,925.0,944.0,910.0,910.0,12600
2016-11-21,878.2190551757812,955.0,957.0,926.0,926.0,11300
2016-11-22,896.611083984375,975.0,977.0,954.0,960.0,6900
2016-11-24,892.9326782226562,971.0,1000.0,965.0,979.0,17700
2016-11-25,899.3699340820312,978.0,980.0,970.0,980.0,8100
2016-11-28,905.8070678710938,985.0,985.0,979.0,984.0,3800
2016-11-29,904.8875732421876,984.0,984.0,979.0,984.0,5600
2016-11-30,893.852294921875,972.0,984.0,968.0,984.0,9100
2016-12-01,900.2894897460938,979.0,981.0,972.0,980.0,7000
2016-12-02,894.7718505859375,973.0,979.0,967.0,979.0,7000
2016-12-05,887.4151000976562,965.0,972.0,953.0,965.0,8400
2016-12-06,872.7013549804688,949.0,970.0,933.0,970.0,10900
2016-12-07,886.4954833984375,964.0,967.0,954.0,965.0,10600
2016-12-08,891.0934448242188,969.0,969.0,951.0,951.0,15300
2016-12-09,884.6563720703125,962.0,962.0,954.0,959.0,15200
2016-12-12,878.2190551757812,955.0,967.0,954.0,963.0,9800
2016-12-13,870.8623046875,947.0,949.0,939.0,949.0,10000
2016-12-14,864.425048828125,940.0,943.0,935.0,940.0,8800
2016-12-15,861.6663208007812,937.0,948.0,935.0,936.0,11300
2016-12-16,868.103515625,944.0,944.0,933.0,937.0,11700
2016-12-19,865.3447265625,941.0,944.0,937.0,944.0,8800
2016-12-20,863.5054931640625,939.0,941.0,933.0,941.0,10900
2016-12-21,857.9878540039062,933.0,940.0,931.0,940.0,10800
2016-12-22,839.5958251953125,913.0,929.0,911.0,927.0,15200
2016-12-26,829.4801635742188,902.0,905.0,895.0,901.0,15000
2016-12-27,815.6862182617188,887.0,901.0,887.0,901.0,21500
2016-12-28,844.1937866210938,918.0,919.0,901.0,910.0,11000
2016-12-29,838.6762084960938,912.0,917.0,902.0,917.0,7200
2016-12-30,837.7566528320312,911.0,912.0,904.0,911.0,4000
2017-01-04,845.113525390625,919.0,920.0,909.0,909.0,5200
2017-01-05,858.907470703125,934.0,934.0,922.0,922.0,7800
2017-01-06,857.9878540039062,933.0,935.0,924.0,933.0,3900
2017-01-10,866.2642822265625,942.0,943.0,922.0,931.0,8500
2017-01-11,864.425048828125,940.0,940.0,930.0,934.0,9700
2017-01-12,857.9878540039062,933.0,939.0,929.0,939.0,4600
2017-01-13,869.0230102539062,945.0,947.0,928.0,933.0,5700
2017-01-16,863.5054931640625,939.0,939.0,933.0,933.0,3100
2017-01-17,857.9878540039062,933.0,945.0,930.0,945.0,5800
2017-01-18,856.148681640625,931.0,937.0,930.0,937.0,1400
2017-01-19,856.148681640625,931.0,940.0,930.0,937.0,3800
2017-01-20,857.0681762695312,932.0,935.0,923.0,928.0,5500
2017-01-23,853.3897705078125,928.0,930.0,922.0,926.0,5700
2017-01-24,857.9878540039062,933.0,933.0,921.0,924.0,8400
2017-01-25,856.148681640625,931.0,935.0,926.0,934.0,4700
2017-01-26,856.148681640625,931.0,938.0,921.0,938.0,7900
2017-01-27,855.22900390625,930.0,935.0,916.0,935.0,6200
2017-01-30,863.5054931640625,939.0,942.0,935.0,936.0,11600
2017-01-31,867.1838989257812,943.0,955.0,943.0,943.0,6200
2017-02-01,868.103515625,944.0,954.0,943.0,946.0,9200
2017-02-02,856.148681640625,931.0,947.0,931.0,947.0,5300
2017-02-03,856.148681640625,931.0,938.0,931.0,933.0,4000
2017-02-06,853.3897705078125,928.0,937.0,928.0,932.0,4400
2017-02-07,852.47021484375,927.0,930.0,923.0,928.0,4000
2017-02-08,846.95263671875,921.0,925.0,916.0,920.0,5600
2017-02-09,846.95263671875,921.0,927.0,921.0,921.0,2500
2017-02-10,851.5505981445312,926.0,945.0,922.0,924.0,13900
2017-02-13,857.9878540039062,933.0,945.0,931.0,945.0,9500
2017-02-14,859.8270874023438,935.0,940.0,933.0,933.0,2800
2017-02-15,869.942626953125,946.0,948.0,942.0,945.0,6000
2017-02-16,860.74658203125,936.0,945.0,936.0,945.0,3300
2017-02-17,865.3447265625,941.0,944.0,934.0,944.0,4300
2017-02-20,861.6663208007812,937.0,944.0,935.0,944.0,2100
2017-02-21,856.148681640625,931.0,938.0,930.0,933.0,2800
2017-02-22,857.0681762695312,932.0,937.0,930.0,937.0,1600
2017-02-23,857.0681762695312,932.0,939.0,930.0,932.0,2800
2017-02-24,857.0681762695312,932.0,934.0,930.0,931.0,7500
2017-02-27,859.8270874023438,935.0,946.0,935.0,946.0,2400
2017-02-28,859.8270874023438,935.0,940.0,933.0,940.0,4900
2017-03-01,859.8270874023438,935.0,940.0,933.0,940.0,3800
2017-03-02,864.425048828125,940.0,942.0,936.0,938.0,5200
2017-03-03,861.6663208007812,937.0,941.0,936.0,940.0,5100
2017-03-06,860.74658203125,936.0,941.0,923.0,937.0,8700
2017-03-07,857.0681762695312,932.0,934.0,930.0,931.0,3000
2017-03-08,856.148681640625,931.0,939.0,930.0,939.0,8200
2017-03-09,858.907470703125,934.0,936.0,930.0,931.0,3500
2017-03-10,858.907470703125,934.0,942.0,932.0,942.0,10500
2017-03-13,859.8270874023438,935.0,936.0,932.0,935.0,4100
2017-03-14,859.8270874023438,935.0,937.0,931.0,931.0,3800
2017-03-15,858.907470703125,934.0,937.0,931.0,931.0,4500
2017-03-16,858.907470703125,934.0,934.0,929.0,932.0,11100
2017-03-17,854.3094482421875,929.0,941.0,929.0,941.0,5800
2017-03-21,853.3897705078125,928.0,932.0,925.0,925.0,3300
2017-03-22,846.95263671875,921.0,930.0,920.0,925.0,5300
2017-03-23,850.6310424804688,925.0,926.0,920.0,921.0,2500
2017-03-24,842.3546752929688,916.0,919.0,915.0,917.0,1800
2017-03-27,828.5606079101562,901.0,925.0,901.0,925.0,6300
2017-03-28,846.032958984375,920.0,920.0,903.0,903.0,7100
2017-03-29,850.65625,920.0,920.0,910.0,915.0,3700
2017-03-30,842.3345947265625,911.0,916.0,909.0,909.0,3900
2017-03-31,834.9375,903.0,910.0,903.0,907.0,7100
2017-04-03,832.1636352539062,900.0,918.0,900.0,918.0,2500
2017-04-04,841.409912109375,910.0,913.0,883.0,900.0,6400
2017-04-05,836.786865234375,905.0,914.0,896.0,896.0,2900
2017-04-06,802.5756225585938,868.0,894.0,868.0,893.0,3500
2017-04-07,809.9725952148438,876.0,883.0,873.0,883.0,3900
2017-04-10,814.5957641601562,881.0,899.0,860.0,865.0,3100
2017-04-11,805.3494873046875,871.0,874.0,866.0,866.0,2700
2017-04-12,787.7816162109375,852.0,865.0,852.0,865.0,5600
2017-04-13,766.5151977539062,829.0,851.0,820.0,851.0,4600
2017-04-14,757.2689208984375,819.0,828.0,814.0,814.0,4300
2017-04-17,763.7413330078125,826.0,843.0,823.0,825.0,5700
2017-04-18,772.9876098632812,836.0,850.0,827.0,827.0,2100
2017-04-19,786.8569946289062,851.0,875.0,836.0,836.0,3100
2017-04-20,778.5353393554688,842.0,876.0,836.0,866.0,3700
2017-04-21,776.6860961914062,840.0,845.0,832.0,832.0,4000
2017-04-24,780.384521484375,844.0,849.0,840.0,840.0,2700
2017-04-25,807.1987915039062,873.0,898.0,869.0,869.0,5400
2017-04-26,821.9927368164062,889.0,897.0,881.0,897.0,2900
2017-04-27,858.05322265625,928.0,932.0,896.0,908.0,16000
2017-04-28,867.2994384765625,938.0,948.0,936.0,948.0,8600
2017-05-01,858.05322265625,928.0,934.0,924.0,924.0,2700
2017-05-02,856.2039184570312,926.0,945.0,926.0,928.0,7500
2017-05-08,841.409912109375,910.0,936.0,899.0,926.0,20600
2017-05-09,861.7517700195312,932.0,939.0,921.0,932.0,6300
2017-05-10,923.70166015625,999.0,1000.0,952.0,962.0,36500
2017-05-11,870.0734252929688,941.0,999.0,915.0,999.0,28900
2017-05-12,853.4300537109375,923.0,946.0,917.0,926.0,10400
2017-05-15,858.05322265625,928.0,934.0,925.0,925.0,4500
2017-05-16,870.9979858398438,942.0,943.0,931.0,931.0,6400
2017-05-17,858.05322265625,928.0,945.0,921.0,945.0,7500
2017-05-18,841.409912109375,910.0,921.0,910.0,914.0,4700
2017-05-19,841.409912109375,910.0,919.0,910.0,912.0,5100
2017-05-22,839.5606689453125,908.0,918.0,907.0,918.0,4500
2017-05-23,843.2591552734375,912.0,914.0,908.0,908.0,2300
2017-05-24,846.032958984375,915.0,922.0,912.0,922.0,2700
2017-05-25,844.183837890625,913.0,916.0,909.0,912.0,1500
2017-05-26,832.1636352539062,900.0,915.0,900.0,907.0,3700
2017-05-29,835.8621826171875,904.0,915.0,901.0,915.0,2300
2017-05-30,834.0128784179688,902.0,911.0,899.0,900.0,3900
2017-05-31,830.3143920898438,898.0,900.0,898.0,898.0,4300
2017-06-01,834.0128784179688,902.0,912.0,898.0,912.0,9100
2017-06-02,830.3143920898438,898.0,911.0,880.0,911.0,9800
2017-06-05,841.409912109375,910.0,918.0,903.0,913.0,4300
2017-06-06,813.6710815429688,880.0,908.0,878.0,901.0,14900
2017-06-07,819.2188720703125,886.0,889.0,880.0,882.0,4800
2017-06-08,820.1435546875,887.0,889.0,880.0,884.0,4700
2017-06-09,814.5957641601562,881.0,888.0,861.0,883.0,8300
2017-06-12,808.1234130859375,874.0,881.0,873.0,881.0,5600
2017-06-13,809.0480346679688,875.0,889.0,870.0,871.0,6300
2017-06-14,804.4249267578125,870.0,877.0,870.0,875.0,3000
2017-06-15,803.5001831054688,869.0,872.0,869.0,870.0,3800
2017-06-16,805.3494873046875,871.0,880.0,860.0,880.0,2500
2017-06-19,809.0480346679688,875.0,889.0,868.0,889.0,4200
2017-06-20,806.274169921875,872.0,879.0,864.0,878.0,6700
2017-06-21,805.3494873046875,871.0,884.0,869.0,874.0,7500
2017-06-22,807.1987915039062,873.0,879.0,871.0,871.0,4200
2017-06-23,809.0480346679688,875.0,876.0,865.0,873.0,3900
2017-06-26,806.274169921875,872.0,877.0,870.0,875.0,4400
2017-06-27,808.1234130859375,874.0,877.0,872.0,875.0,3800
2017-06-28,806.274169921875,872.0,877.0,869.0,873.0,3700
2017-06-29,809.0480346679688,875.0,881.0,868.0,881.0,3300
2017-06-30,808.1234130859375,874.0,875.0,869.0,875.0,5400
2017-07-03,804.4249267578125,870.0,878.0,870.0,878.0,2700
2017-07-04,802.5756225585938,868.0,877.0,867.0,877.0,4700
2017-07-05,808.1234130859375,874.0,878.0,869.0,875.0,4200
2017-07-06,802.5756225585938,868.0,874.0,868.0,874.0,2400
2017-07-07,801.6510009765625,867.0,871.0,867.0,868.0,3000
2017-07-10,801.6510009765625,867.0,870.0,866.0,867.0,4400
2017-07-11,802.5756225585938,868.0,869.0,868.0,868.0,1600
2017-07-12,802.5756225585938,868.0,868.0,867.0,868.0,3400
2017-07-13,803.5001831054688,869.0,870.0,865.0,868.0,5500
2017-07-14,804.4249267578125,870.0,871.0,865.0,865.0,2700
2017-07-17,804.4249267578125,870.0,870.0,870.0,870.0,0
2017-07-18,800.7263793945312,866.0,872.0,865.0,867.0,6200
2017-07-19,802.5756225585938,868.0,870.0,866.0,866.0,2900
2017-07-20,804.4249267578125,870.0,871.0,867.0,868.0,5100
2017-07-21,803.5001831054688,869.0,870.0,868.0,870.0,2900
2017-07-24,797.02783203125,862.0,868.0,855.0,865.0,11000
2017-07-25,792.4046630859375,857.0,866.0,856.0,861.0,4300
2017-07-26,797.9525146484375,863.0,866.0,858.0,860.0,4100
2017-07-27,799.8016967773438,865.0,869.0,861.0,866.0,4400
2017-07-28,804.4249267578125,870.0,871.0,865.0,865.0,6100
2017-07-31,801.6510009765625,867.0,871.0,866.0,870.0,2700
2017-08-01,802.5756225585938,868.0,872.0,866.0,872.0,3200
2017-08-02,803.5001831054688,869.0,870.0,866.0,870.0,1000
2017-08-03,803.5001831054688,869.0,870.0,866.0,867.0,4000
2017-08-04,801.6510009765625,867.0,868.0,863.0,868.0,2500
2017-08-07,801.6510009765625,867.0,869.0,863.0,869.0,2700
2017-08-08,804.4249267578125,870.0,871.0,869.0,871.0,3700
2017-08-09,794.2540283203125,859.0,871.0,854.0,871.0,6000
2017-08-10,799.8016967773438,865.0,868.0,861.0,868.0,4500
2017-08-11,799.8016967773438,865.0,865.0,865.0,865.0,0
2017-08-14,784.0830688476562,848.0,857.0,848.0,856.0,5800
2017-08-15,783.158447265625,847.0,857.0,845.0,848.0,3100
2017-08-16,781.3092041015625,845.0,850.0,844.0,850.0,3800
2017-08-17,780.384521484375,844.0,848.0,843.0,845.0,3800
2017-08-18,772.9876098632812,836.0,842.0,835.0,840.0,4700
2017-08-21,764.6659545898438,827.0,839.0,817.0,839.0,3800
2017-08-22,760.0428466796875,822.0,838.0,822.0,827.0,4000
2017-08-23,765.590576171875,828.0,842.0,822.0,822.0,4800
2017-08-24,767.4398193359375,830.0,838.0,828.0,828.0,2300
2017-08-25,769.2890014648438,832.0,839.0,830.0,830.0,2500
2017-08-28,771.1383056640625,834.0,843.0,829.0,843.0,3700
2017-08-29,764.6659545898438,827.0,830.0,818.0,830.0,3800
2017-08-30,770.2136840820312,833.0,839.0,822.0,822.0,4700
2017-08-31,767.4398193359375,830.0,835.0,830.0,833.0,4100
2017-09-01,767.4398193359375,830.0,835.0,828.0,830.0,3200
2017-09-04,765.590576171875,828.0,833.0,825.0,829.0,4300
2017-09-05,761.8920288085938,824.0,833.0,824.0,833.0,5100
2017-09-06,762.8167114257812,825.0,831.0,822.0,822.0,2600
2017-09-07,761.8920288085938,824.0,829.0,821.0,829.0,3800
2017-09-08,760.0428466796875,822.0,830.0,819.0,819.0,9800
2017-09-11,761.8920288085938,824.0,827.0,821.0,822.0,4200
2017-09-12,762.8167114257812,825.0,827.0,822.0,826.0,3600
2017-09-13,762.8167114257812,825.0,829.0,822.0,822.0,4100
2017-09-14,762.8167114257812,825.0,827.0,821.0,827.0,4900
2017-09-15,759.1181640625,821.0,825.0,821.0,825.0,5500
2017-09-18,759.1181640625,821.0,821.0,821.0,821.0,0
2017-09-19,763.7413330078125,826.0,827.0,822.0,827.0,7800
2017-09-20,764.6659545898438,827.0,827.0,822.0,826.0,5600
2017-09-21,769.2890014648438,832.0,834.0,828.0,828.0,11700
2017-09-22,766.5151977539062,829.0,837.0,826.0,835.0,7700
2017-09-25,770.2136840820312,833.0,844.0,833.0,842.0,9800
2017-09-26,763.7413330078125,826.0,833.0,824.0,832.0,13300
2017-09-27,771.1383056640625,834.0,841.0,830.0,841.0,6600
2017-09-28,779.4599609375,843.0,843.0,824.0,832.0,9000
2017-09-29,777.6107177734375,841.0,847.0,835.0,847.0,10300
2017-10-02,790.5554809570312,855.0,859.0,834.0,844.0,15700
2017-10-03,807.1987915039062,873.0,875.0,860.0,870.0,11600
2017-10-04,809.9725952148438,876.0,880.0,871.0,873.0,10900
2017-10-05,807.1987915039062,873.0,880.0,872.0,877.0,5800
2017-10-06,811.8218383789062,878.0,884.0,861.0,876.0,12800
2017-10-09,811.8218383789062,878.0,878.0,878.0,878.0,0
2017-10-10,811.8218383789062,878.0,882.0,875.0,876.0,6500
2017-10-11,821.0681762695312,888.0,888.0,864.0,879.0,13700
2017-10-12,820.1435546875,887.0,892.0,882.0,888.0,12300
2017-10-13,821.9927368164062,889.0,890.0,878.0,878.0,8700
2017-10-16,817.36962890625,884.0,889.0,882.0,883.0,9900
2017-10-17,805.3494873046875,871.0,886.0,866.0,886.0,10700
2017-10-18,795.1786499023438,860.0,870.0,854.0,870.0,8900
2017-10-19,781.3092041015625,845.0,856.0,845.0,856.0,10200
2017-10-20,779.4599609375,843.0,845.0,834.0,838.0,12000
2017-10-23,782.2338256835938,846.0,850.0,840.0,843.0,4300
2017-10-24,792.4046630859375,857.0,857.0,849.0,850.0,4700
2017-10-25,789.630859375,854.0,858.0,852.0,857.0,3200
2017-10-26,800.7263793945312,866.0,866.0,854.0,854.0,5200
2017-10-27,795.1786499023438,860.0,868.0,860.0,868.0,7700
2017-10-30,797.02783203125,862.0,868.0,860.0,865.0,16400
2017-10-31,788.7061767578125,853.0,860.0,852.0,852.0,6700
2017-11-01,787.7816162109375,852.0,859.0,843.0,853.0,13400
2017-11-02,788.7061767578125,853.0,853.0,845.0,848.0,6700
2017-11-03,788.7061767578125,853.0,853.0,853.0,853.0,0
2017-11-06,799.8016967773438,865.0,868.0,853.0,853.0,14100
2017-11-07,805.3494873046875,871.0,874.0,862.0,867.0,8700
2017-11-08,806.274169921875,872.0,874.0,870.0,874.0,13100
2017-11-09,806.274169921875,872.0,875.0,870.0,872.0,7700
2017-11-10,818.2942504882812,885.0,886.0,870.0,870.0,11400
2017-11-13,806.274169921875,872.0,888.0,868.0,887.0,28600
2017-11-14,795.1786499023438,860.0,867.0,856.0,867.0,5700
2017-11-15,774.8367919921875,838.0,866.0,831.0,866.0,14000
2017-11-16,776.6860961914062,840.0,851.0,839.0,851.0,5400
2017-11-17,774.8367919921875,838.0,855.0,837.0,855.0,2900
2017-11-20,768.3644409179688,831.0,840.0,831.0,836.0,6700
2017-11-21,765.590576171875,828.0,837.0,828.0,830.0,5700
2017-11-22,770.2136840820312,833.0,841.0,830.0,830.0,5300
2017-11-23,770.2136840820312,833.0,833.0,833.0,833.0,0
2017-11-24,765.590576171875,828.0,839.0,820.0,832.0,13900
2017-11-27,768.3644409179688,831.0,838.0,830.0,838.0,5200
2017-11-28,767.4398193359375,830.0,833.0,825.0,829.0,9200
2017-11-29,767.4398193359375,830.0,838.0,826.0,828.0,7800
2017-11-30,765.590576171875,828.0,837.0,825.0,826.0,14400
2017-12-01,769.2890014648438,832.0,834.0,826.0,832.0,10300
2017-12-04,761.8920288085938,824.0,829.0,818.0,829.0,10300
2017-12-05,762.8167114257812,825.0,825.0,819.0,824.0,8500
2017-12-06,755.4197387695312,817.0,827.0,817.0,825.0,20500
2017-12-07,757.2689208984375,819.0,825.0,817.0,820.0,6100
2017-12-08,756.3442993164062,818.0,823.0,816.0,817.0,17100
2017-12-11,762.8167114257812,825.0,825.0,813.0,818.0,10900
2017-12-12,761.8920288085938,824.0,829.0,820.0,826.0,12900
2017-12-13,759.1181640625,821.0,827.0,821.0,825.0,11800
2017-12-14,762.8167114257812,825.0,825.0,821.0,821.0,8700
2017-12-15,760.9674682617188,823.0,825.0,818.0,825.0,12000
2017-12-18,752.6458740234375,814.0,825.0,814.0,823.0,27200
2017-12-19,751.7212524414062,813.0,825.0,813.0,816.0,44600
2017-12-20,748.947265625,810.0,813.0,809.0,813.0,22500
2017-12-21,748.0226440429688,809.0,810.0,806.0,810.0,17000
2017-12-22,748.0226440429688,809.0,810.0,801.0,807.0,37800
2017-12-25,740.6256713867188,801.0,808.0,796.0,808.0,35300
2017-12-26,732.3040771484375,792.0,801.0,785.0,800.0,59500
2017-12-27,744.32421875,805.0,807.0,798.0,799.0,12200
2017-12-28,743.3995971679688,804.0,810.0,802.0,809.0,14100
2017-12-29,744.32421875,805.0,805.0,801.0,804.0,6900
2018-01-03,744.32421875,805.0,805.0,805.0,805.0,0
2018-01-04,749.8718872070312,811.0,812.0,802.0,806.0,17500
2018-01-05,751.7212524414062,813.0,815.0,807.0,809.0,9100
2018-01-08,751.7212524414062,813.0,813.0,813.0,813.0,0
2018-01-09,755.4197387695312,817.0,828.0,815.0,824.0,34400
2018-01-10,760.9674682617188,823.0,827.0,817.0,817.0,11700
2018-01-11,757.2689208984375,819.0,823.0,817.0,817.0,13900
2018-01-12,760.0428466796875,822.0,825.0,819.0,819.0,7500
2018-01-15,761.8920288085938,824.0,827.0,823.0,825.0,7600
2018-01-16,759.1181640625,821.0,824.0,815.0,824.0,21200
2018-01-17,759.1181640625,821.0,821.0,818.0,820.0,6400
2018-01-18,752.6458740234375,814.0,822.0,814.0,819.0,14300
2018-01-19,752.6458740234375,814.0,818.0,813.0,814.0,7300
2018-01-22,753.5704345703125,815.0,817.0,812.0,814.0,11100
2018-01-23,762.8167114257812,825.0,825.0,815.0,815.0,15500
2018-01-24,760.0428466796875,822.0,825.0,819.0,825.0,10700
2018-01-25,755.4197387695312,817.0,823.0,815.0,821.0,11700
2018-01-26,756.3442993164062,818.0,823.0,816.0,818.0,8200
2018-01-29,759.1181640625,821.0,825.0,819.0,824.0,8700
2018-01-30,755.4197387695312,817.0,824.0,817.0,821.0,8700
2018-01-31,748.947265625,810.0,820.0,810.0,816.0,21100
2018-02-01,757.2689208984375,819.0,822.0,814.0,814.0,5700
2018-02-02,756.3442993164062,818.0,823.0,814.0,823.0,7100
2018-02-05,741.55029296875,802.0,809.0,801.0,809.0,15600
2018-02-06,705.4898681640625,763.0,800.0,752.0,786.0,39300
2018-02-07,708.2637329101562,766.0,786.0,766.0,775.0,22700
2018-02-08,720.2838134765625,779.0,786.0,767.0,767.0,8600
2018-02-09,730.454833984375,790.0,797.0,764.0,765.0,20500
2018-02-12,730.454833984375,790.0,790.0,790.0,790.0,0
2018-02-13,718.4346923828125,777.0,798.0,775.0,796.0,11600
2018-02-14,694.3943481445312,751.0,777.0,750.0,777.0,14100
2018-02-15,705.4898681640625,763.0,768.0,753.0,755.0,4600
2018-02-16,701.7913818359375,759.0,770.0,756.0,770.0,5500
2018-02-19,711.962158203125,770.0,770.0,762.0,763.0,6500
2018-02-20,716.5853271484375,775.0,775.0,761.0,769.0,3500
2018-02-21,703.6405639648438,761.0,775.0,741.0,775.0,35800
2018-02-22,707.339111328125,765.0,767.0,760.0,767.0,6300
2018-02-23,707.339111328125,765.0,768.0,762.0,768.0,6200
2018-02-26,711.0376586914062,769.0,770.0,760.0,769.0,8500
2018-02-27,723.0577392578125,782.0,782.0,764.0,772.0,10000
2018-02-28,711.962158203125,770.0,781.0,770.0,777.0,11400
2018-03-01,715.6607055664062,774.0,785.0,771.0,772.0,11000
2018-03-02,708.2637329101562,766.0,774.0,764.0,772.0,13200
2018-03-05,702.7160034179688,760.0,765.0,760.0,765.0,9200
2018-03-06,705.4898681640625,763.0,770.0,759.0,770.0,5300
2018-03-07,705.4898681640625,763.0,771.0,761.0,770.0,6100
2018-03-08,710.113037109375,768.0,768.0,760.0,765.0,9200
2018-03-09,706.4144287109375,764.0,768.0,760.0,768.0,9100
2018-03-12,705.4898681640625,763.0,768.0,760.0,768.0,3900
2018-03-13,709.1884155273438,767.0,767.0,759.0,763.0,5800
2018-03-14,709.1884155273438,767.0,767.0,755.0,758.0,6500
2018-03-15,707.339111328125,765.0,767.0,762.0,762.0,9100
2018-03-16,711.0376586914062,769.0,772.0,759.0,768.0,11600
2018-03-19,704.5652465820312,762.0,769.0,758.0,768.0,6600
2018-03-20,698.0928955078125,755.0,760.0,753.0,760.0,7900
2018-03-21,698.0928955078125,755.0,755.0,755.0,755.0,0
2018-03-22,710.113037109375,768.0,768.0,755.0,755.0,8500
2018-03-23,689.771240234375,746.0,759.0,741.0,759.0,24100
2018-03-26,691.6204223632812,748.0,750.0,741.0,741.0,13300
2018-03-27,701.7913818359375,759.0,767.0,758.0,763.0,8700
2018-03-28,711.1610717773438,759.0,765.0,752.0,765.0,4500
2018-03-29,715.8458862304688,764.0,765.0,758.0,765.0,3000
2018-03-30,716.7828979492188,765.0,767.0,760.0,767.0,3300
2018-04-02,719.5938110351562,768.0,772.0,762.0,762.0,10200
2018-04-03,710.22412109375,758.0,766.0,757.0,766.0,8800
2018-04-04,719.5938110351562,768.0,769.0,760.0,768.0,8800
2018-04-05,723.3417358398438,772.0,772.0,766.0,768.0,3500
2018-04-06,720.5308227539062,769.0,775.0,769.0,775.0,8800
2018-04-09,720.5308227539062,769.0,769.0,763.0,768.0,3300
2018-04-10,721.4677124023438,770.0,772.0,765.0,768.0,5500
2018-04-11,724.2786254882812,773.0,775.0,770.0,770.0,3800
2018-04-12,720.5308227539062,769.0,771.0,769.0,769.0,2900
2018-04-13,730.8375244140625,780.0,782.0,770.0,770.0,9800
2018-04-16,730.8375244140625,780.0,784.0,777.0,784.0,2300
2018-04-17,728.9635620117188,778.0,784.0,777.0,784.0,2600
2018-04-18,742.0811767578125,792.0,800.0,780.0,785.0,8600
2018-04-19,746.7659301757812,797.0,805.0,796.0,805.0,7200
2018-04-20,748.639892578125,799.0,799.0,795.0,795.0,2400
2018-04-23,745.8290405273438,796.0,803.0,795.0,803.0,2600
2018-04-24,752.3877563476562,803.0,803.0,795.0,795.0,6300
2018-04-25,746.7659301757812,797.0,803.0,796.0,803.0,4600
2018-04-26,757.0726318359375,808.0,812.0,796.0,800.0,10900
2018-04-27,760.820556640625,812.0,816.0,804.0,804.0,9200
2018-04-30,760.820556640625,812.0,812.0,812.0,812.0,0
2018-05-01,774.8751220703125,827.0,834.0,812.0,812.0,24600
2018-05-02,787.0557250976562,840.0,841.0,834.0,841.0,17500
2018-05-04,787.0557250976562,840.0,840.0,840.0,840.0,0
2018-05-07,772.064208984375,824.0,840.0,821.0,839.0,18300
2018-05-08,785.1818237304688,838.0,839.0,833.0,833.0,9900
2018-05-09,778.6229858398438,831.0,838.0,830.0,838.0,4800
2018-05-10,783.307861328125,836.0,836.0,829.0,830.0,5000
2018-05-11,778.6229858398438,831.0,835.0,828.0,828.0,9700
2018-05-14,786.1187744140625,839.0,841.0,816.0,819.0,17800
2018-05-15,786.1187744140625,839.0,839.0,830.0,838.0,9800
2018-05-16,784.244873046875,837.0,837.0,805.0,832.0,28800
2018-05-17,786.1187744140625,839.0,839.0,833.0,839.0,9000
2018-05-18,781.4338989257812,834.0,839.0,829.0,839.0,12200
2018-05-21,772.064208984375,824.0,827.0,819.0,826.0,11400
2018-05-22,764.5684204101562,816.0,823.0,816.0,820.0,6100
2018-05-23,755.19873046875,806.0,817.0,803.0,813.0,9100
2018-05-24,745.8290405273438,796.0,803.0,793.0,803.0,8600
2018-05-25,741.1441040039062,791.0,794.0,786.0,790.0,4900
2018-05-28,733.6483764648438,783.0,791.0,781.0,791.0,7000
2018-05-29,730.8375244140625,780.0,789.0,780.0,789.0,3500
2018-05-30,729.9004516601562,779.0,788.0,777.0,777.0,7700
2018-05-31,726.152587890625,775.0,788.0,774.0,788.0,4200
2018-06-01,724.2786254882812,773.0,782.0,767.0,771.0,15600
2018-06-04,741.1441040039062,791.0,792.0,774.0,774.0,6900
2018-06-05,737.396240234375,787.0,794.0,782.0,791.0,3700
2018-06-06,725.2156372070312,774.0,784.0,774.0,784.0,5600
2018-06-07,737.396240234375,787.0,787.0,771.0,775.0,5400
2018-06-08,732.7113647460938,782.0,784.0,778.0,778.0,7800
2018-06-11,726.152587890625,775.0,779.0,772.0,777.0,6600
2018-06-12,724.2786254882812,773.0,777.0,771.0,775.0,8300
2018-06-13,720.5308227539062,769.0,773.0,764.0,769.0,3600
2018-06-14,725.2156372070312,774.0,776.0,767.0,769.0,6100
2018-06-15,729.9004516601562,779.0,779.0,774.0,774.0,4600
2018-06-18,716.7828979492188,765.0,770.0,764.0,770.0,3400
2018-06-19,708.3501586914062,756.0,766.0,755.0,765.0,4600
2018-06-20,711.1610717773438,759.0,763.0,756.0,763.0,4300
2018-06-21,706.4762573242188,754.0,762.0,754.0,759.0,4200
2018-06-22,717.7199096679688,766.0,766.0,743.0,753.0,13500
2018-06-25,715.8458862304688,764.0,775.0,760.0,766.0,13400
2018-06-26,716.7828979492188,765.0,770.0,741.0,756.0,10800
2018-06-27,713.971923828125,762.0,771.0,757.0,771.0,5000
2018-06-28,719.5938110351562,768.0,769.0,745.0,757.0,5800
2018-06-29,710.22412109375,758.0,768.0,745.0,768.0,6600
2018-07-02,705.5392456054688,753.0,767.0,753.0,758.0,5500
2018-07-03,701.7913818359375,749.0,758.0,745.0,754.0,7900
2018-07-04,698.0435180664062,745.0,749.0,734.0,746.0,11300
2018-07-05,675.55615234375,721.0,741.0,721.0,740.0,8300
2018-07-06,685.8628540039062,732.0,732.0,723.0,723.0,2700
2018-07-09,691.484619140625,738.0,744.0,722.0,725.0,4700
2018-07-10,691.484619140625,738.0,748.0,735.0,735.0,5600
2018-07-11,678.3670654296875,724.0,744.0,724.0,744.0,3800
2018-07-12,677.4301147460938,723.0,726.0,723.0,726.0,1500
2018-07-13,677.4301147460938,723.0,726.0,723.0,725.0,10800
2018-07-16,677.4301147460938,723.0,723.0,723.0,723.0,0
2018-07-17,676.4932250976562,722.0,734.0,722.0,723.0,4800
2018-07-18,683.0518798828125,729.0,738.0,727.0,732.0,2800
2018-07-19,686.7998046875,733.0,733.0,728.0,729.0,2500
2018-07-20,680.2410278320312,726.0,730.0,724.0,729.0,1800
2018-07-23,680.2410278320312,726.0,726.0,723.0,723.0,1600
2018-07-24,684.9259643554688,731.0,731.0,728.0,728.0,1000
2018-07-25,696.1696166992188,743.0,743.0,735.0,735.0,4900
2018-07-26,700.8544311523438,748.0,752.0,741.0,748.0,5300
2018-07-27,711.1610717773438,759.0,759.0,741.0,741.0,6400
2018-07-30,698.0435180664062,745.0,764.0,741.0,764.0,15400
2018-07-31,698.0435180664062,745.0,756.0,744.0,756.0,2600
2018-08-01,695.2325439453125,742.0,746.0,738.0,746.0,4600
2018-08-02,702.728271484375,750.0,764.0,741.0,747.0,9000
2018-08-03,698.0435180664062,745.0,749.0,738.0,745.0,3000
2018-08-06,694.2955322265625,741.0,742.0,738.0,738.0,2200
2018-08-07,710.22412109375,758.0,766.0,735.0,737.0,8600
2018-08-08,703.6653442382812,751.0,760.0,749.0,760.0,3300
2018-08-09,724.2786254882812,773.0,776.0,750.0,753.0,12600
2018-08-10,714.9089965820312,763.0,778.0,758.0,773.0,6400
2018-08-13,637.1403198242188,680.0,718.0,660.0,718.0,36300
2018-08-14,646.5101318359375,690.0,711.0,683.0,683.0,8400
2018-08-15,644.6361083984375,688.0,709.0,687.0,709.0,3300
2018-08-16,631.5185546875,674.0,682.0,671.0,682.0,4600
2018-08-17,638.0773315429688,681.0,694.0,675.0,694.0,2000
2018-08-20,634.3294677734375,677.0,691.0,675.0,691.0,2500
2018-08-21,628.7075805664062,671.0,677.0,671.0,677.0,3000
2018-08-22,625.8966674804688,668.0,672.0,663.0,671.0,4500
2018-08-23,635.2664184570312,678.0,680.0,670.0,670.0,3100
2018-08-24,637.1403198242188,680.0,682.0,677.0,677.0,1200
2018-08-27,649.3209838867188,693.0,704.0,688.0,704.0,3400
2018-08-28,645.5731201171875,689.0,700.0,686.0,688.0,2300
2018-08-29,642.76220703125,686.0,697.0,685.0,693.0,2300
2018-08-30,652.1318969726562,696.0,696.0,681.0,693.0,4100
2018-08-31,643.69921875,687.0,691.0,687.0,690.0,2000
2018-09-03,636.203369140625,679.0,692.0,677.0,683.0,2700
2018-09-04,629.6445922851562,672.0,682.0,672.0,677.0,3300
2018-09-05,633.3924560546875,676.0,681.0,673.0,678.0,2700
2018-09-06,632.4555053710938,675.0,686.0,675.0,686.0,7900
2018-09-07,631.5185546875,674.0,676.0,670.0,674.0,3700
2018-09-10,629.6445922851562,672.0,675.0,670.0,671.0,2300
2018-09-11,626.8336791992188,669.0,680.0,666.0,680.0,5400
2018-09-12,625.8966674804688,668.0,673.0,663.0,673.0,4400
2018-09-13,624.0227661132812,666.0,667.0,661.0,663.0,6100
2018-09-14,623.0858154296875,665.0,671.0,663.0,669.0,9600
2018-09-17,623.0858154296875,665.0,665.0,665.0,665.0,0
2018-09-18,626.8336791992188,669.0,669.0,662.0,666.0,9500
2018-09-19,630.5816040039062,673.0,678.0,665.0,669.0,5700
2018-09-20,635.2664184570312,678.0,684.0,673.0,678.0,8200
2018-09-21,641.8252563476562,685.0,685.0,674.0,676.0,5400
2018-09-25,651.1949462890625,695.0,696.0,681.0,687.0,5300
2018-09-26,650.2579345703125,694.0,699.0,691.0,695.0,6900
2018-09-27,654.005859375,698.0,702.0,692.0,700.0,5400
2018-09-28,651.1949462890625,695.0,699.0,692.0,694.0,4200
2018-10-01,653.06884765625,697.0,701.0,690.0,695.0,4100
2018-10-02,645.5731201171875,689.0,694.0,684.0,694.0,7100
2018-10-03,644.6361083984375,688.0,692.0,684.0,692.0,4700
2018-10-04,634.3294677734375,677.0,689.0,672.0,689.0,4100
2018-10-05,641.8252563476562,685.0,686.0,677.0,677.0,2800
2018-10-08,641.8252563476562,685.0,685.0,685.0,685.0,0
2018-10-09,639.0142822265625,682.0,687.0,680.0,687.0,2000
2018-10-10,637.1403198242188,680.0,685.0,680.0,685.0,5700
2018-10-11,620.27490234375,662.0,680.0,662.0,680.0,7600
2018-10-12,616.5269775390625,658.0,662.0,656.0,662.0,4600
2018-10-15,605.2832641601562,646.0,662.0,646.0,662.0,7300
2018-10-16,605.2832641601562,646.0,651.0,643.0,651.0,3700
2018-10-17,608.09423828125,649.0,655.0,645.0,645.0,3400
2018-10-18,608.09423828125,649.0,651.0,644.0,646.0,2800
2018-10-19,601.5354614257812,642.0,649.0,642.0,649.0,3700
2018-10-22,601.5354614257812,642.0,645.0,640.0,641.0,2000
2018-10-23,584.6699829101562,624.0,641.0,623.0,641.0,5600
2018-10-24,589.3548583984375,629.0,631.0,622.0,625.0,5400
2018-10-25,571.5523681640625,610.0,631.0,610.0,629.0,7400
2018-10-26,515.3341064453125,550.0,617.0,550.0,613.0,23500
2018-10-29,519.08203125,554.0,578.0,554.0,578.0,8100
2018-10-30,584.6699829101562,624.0,624.0,547.0,550.0,12300
2018-10-31,576.2373046875,615.0,621.0,587.0,604.0,12000
2018-11-01,556.5608520507812,594.0,608.0,594.0,603.0,7800
2018-11-02,574.3633422851562,613.0,618.0,606.0,610.0,5100
2018-11-05,567.8045043945312,606.0,617.0,602.0,617.0,4200
2018-11-06,562.1826782226562,600.0,604.0,597.0,604.0,3600
2018-11-07,571.5523681640625,610.0,615.0,601.0,607.0,4800
2018-11-08,571.5523681640625,610.0,613.0,602.0,602.0,3600
2018-11-09,563.11962890625,601.0,615.0,601.0,611.0,3800
2018-11-12,569.6784057617188,608.0,608.0,602.0,602.0,1100
2018-11-13,552.8129272460938,590.0,615.0,590.0,615.0,4300
2018-11-14,548.1280517578125,585.0,592.0,567.0,570.0,5900
2018-11-15,546.2542114257812,583.0,594.0,568.0,568.0,1400
2018-11-16,541.5693359375,578.0,598.0,577.0,598.0,2100
2018-11-19,537.8214721679688,574.0,580.0,574.0,576.0,1800
2018-11-20,528.45166015625,564.0,571.0,563.0,571.0,5600
2018-11-21,518.1449584960938,553.0,580.0,553.0,560.0,8400
2018-11-22,520.9559326171875,556.0,556.0,553.0,555.0,4600
2018-11-23,520.9559326171875,556.0,556.0,556.0,556.0,0
2018-11-26,538.7583618164062,575.0,581.0,553.0,553.0,7900
2018-11-27,540.63232421875,577.0,592.0,570.0,585.0,5200
2018-11-28,542.5062866210938,579.0,580.0,575.0,580.0,1900
2018-11-29,537.8214721679688,574.0,580.0,572.0,580.0,1600
2018-11-30,537.8214721679688,574.0,575.0,571.0,571.0,3500
2018-12-03,539.6953125,576.0,586.0,571.0,572.0,3900
2018-12-04,517.2080078125,552.0,575.0,552.0,573.0,8300
2018-12-05,516.2711181640625,551.0,556.0,548.0,552.0,10500
2018-12-06,510.6493225097656,545.0,561.0,545.0,561.0,6400
2018-12-07,500.3425903320313,534.0,546.0,530.0,540.0,20400
2018-12-10,497.53167724609375,531.0,535.0,524.0,528.0,6000
2018-12-11,473.1704406738281,505.0,531.0,500.0,531.0,17100
2018-12-12,478.7922668457031,511.0,516.0,501.0,505.0,14300
2018-12-13,492.8468017578125,526.0,527.0,513.0,519.0,12700
2018-12-14,468.4855651855469,500.0,517.0,500.0,506.0,21600
2018-12-17,470.3594970703125,502.0,507.0,501.0,507.0,5300
2018-12-18,451.6200866699219,482.0,502.0,482.0,502.0,21000
2018-12-19,447.8721923828125,478.0,488.0,470.0,482.0,12300
2018-12-20,423.5109252929688,452.0,469.0,452.0,467.0,15600
2018-12-21,386.0321044921875,412.0,441.0,412.0,441.0,14800
2018-12-24,386.0321044921875,412.0,412.0,412.0,412.0,0
2018-12-25,357.9229431152344,382.0,412.0,368.0,372.0,42200
2018-12-26,373.8514709472656,399.0,418.0,392.0,392.0,16500
2018-12-27,386.0321044921875,412.0,422.0,407.0,422.0,11700
2018-12-28,384.15814208984375,410.0,413.0,401.0,413.0,13300
2018-12-31,384.15814208984375,410.0,410.0,410.0,410.0,0
2019-01-04,355.112060546875,379.0,407.0,374.0,402.0,36800
2019-01-07,430.0697326660156,459.0,459.0,413.0,419.0,21100
2019-01-08,505.0274353027344,539.0,539.0,539.0,539.0,12000
2019-01-09,598.7245483398438,639.0,639.0,581.0,588.0,213600
2019-01-10,551.8759765625,589.0,716.0,576.0,659.0,369800
2019-01-11,544.3801879882812,581.0,609.0,554.0,583.0,76000
2019-01-15,527.5147094726562,563.0,590.0,556.0,590.0,35900
2019-01-16,517.2080078125,552.0,556.0,525.0,556.0,45200
2019-01-17,538.7583618164062,575.0,577.0,550.0,552.0,41100
2019-01-18,515.3341064453125,550.0,574.0,537.0,574.0,29800
2019-01-21,513.460205078125,548.0,555.0,532.0,550.0,20300
2019-01-22,507.83837890625,542.0,546.0,533.0,546.0,9700
2019-01-23,482.54010009765625,515.0,531.0,505.0,531.0,30800
2019-01-24,485.3510437011719,518.0,525.0,510.0,510.0,10800
2019-01-25,481.6031494140625,514.0,526.0,514.0,518.0,15100
2019-01-28,510.6493225097656,545.0,549.0,506.0,515.0,18200
2019-01-29,492.8468017578125,526.0,539.0,523.0,535.0,11300
2019-01-30,463.80072021484375,495.0,524.0,495.0,524.0,19100
2019-01-31,474.1073913574219,506.0,521.0,496.0,496.0,14800
2019-02-01,471.2964782714844,503.0,512.0,501.0,510.0,8600
2019-02-04,461.9267578125,493.0,513.0,484.0,513.0,16500
2019-02-05,462.8637390136719,494.0,499.0,493.0,498.0,6200
2019-02-06,464.7376708984375,496.0,499.0,494.0,499.0,6500
2019-02-07,452.55706787109375,483.0,495.0,475.0,492.0,13800
2019-02-08,430.0697326660156,459.0,485.0,454.0,478.0,14800
2019-02-12,446.9352111816406,477.0,477.0,457.0,462.0,21900
2019-02-13,459.1158142089844,490.0,500.0,477.0,477.0,17800
2019-02-14,454.4309997558594,485.0,507.0,479.0,504.0,23100
2019-02-15,449.7461242675781,480.0,487.0,477.0,487.0,10900
2019-02-18,453.4939880371094,484.0,497.0,482.0,488.0,16000
2019-02-19,451.6200866699219,482.0,491.0,478.0,485.0,7100
2019-02-20,459.1158142089844,490.0,494.0,485.0,489.0,7200
2019-02-21,455.3679504394531,486.0,490.0,480.0,490.0,9300
2019-02-22,452.55706787109375,483.0,486.0,481.0,486.0,6900
2019-02-25,456.3049011230469,487.0,487.0,480.0,485.0,7200
2019-02-26,474.1073913574219,506.0,506.0,480.0,480.0,18300
2019-02-27,469.4225463867188,501.0,508.0,499.0,507.0,11500
2019-02-28,469.4225463867188,501.0,514.0,501.0,512.0,5300
2019-03-01,478.7922668457031,511.0,512.0,502.0,502.0,6800
2019-03-04,489.0989074707031,522.0,523.0,508.0,511.0,7700
2019-03-05,485.3510437011719,518.0,522.0,511.0,522.0,4800
2019-03-06,480.6661682128906,513.0,516.0,511.0,514.0,6100
2019-03-07,475.9813232421875,508.0,516.0,507.0,511.0,9900
2019-03-08,460.9897766113281,492.0,504.0,492.0,503.0,17000
2019-03-11,459.1158142089844,490.0,498.0,490.0,495.0,4900
2019-03-12,474.1073913574219,506.0,506.0,493.0,493.0,2700
2019-03-13,469.4225463867188,501.0,507.0,498.0,507.0,900
2019-03-14,474.1073913574219,506.0,513.0,499.0,505.0,6100
2019-03-15,477.8552551269531,510.0,512.0,505.0,510.0,7500
2019-03-18,476.9183349609375,509.0,520.0,509.0,513.0,4300
2019-03-19,483.4770812988281,516.0,516.0,507.0,513.0,2800
2019-03-20,485.3510437011719,518.0,518.0,509.0,516.0,10600
2019-03-22,490.9728393554688,524.0,524.0,508.0,519.0,14100
2019-03-25,473.1704406738281,505.0,514.0,505.0,514.0,3300
2019-03-26,490.9728393554688,524.0,527.0,503.0,503.0,7400
2019-03-27,497.6592712402344,521.0,540.0,515.0,540.0,6500
2019-03-28,488.1072692871094,511.0,517.0,511.0,513.0,5500
2019-03-29,489.06243896484375,512.0,525.0,508.0,524.0,4900
2019-04-01,499.5696716308594,523.0,529.0,513.0,513.0,6600
2019-04-02,502.4352722167969,526.0,528.0,520.0,528.0,3000
2019-04-03,508.16644287109375,532.0,538.0,524.0,538.0,5300
2019-04-04,511.0320739746094,535.0,535.0,530.0,532.0,5200
2019-04-05,511.0320739746094,535.0,538.0,530.0,532.0,5300
2019-04-08,507.2112731933594,531.0,537.0,531.0,536.0,1200
2019-04-10,507.2112731933594,531.0,532.0,529.0,529.0,1200
2019-04-11,499.5696716308594,523.0,528.0,522.0,528.0,1500
2019-04-12,501.4801025390625,525.0,528.0,522.0,528.0,2700
2019-04-15,515.8080444335938,540.0,540.0,527.0,527.0,10300
2019-04-16,511.0320739746094,535.0,540.0,532.0,540.0,4200
2019-04-17,518.6736450195312,543.0,543.0,537.0,539.0,7200
2019-04-18,513.897705078125,538.0,546.0,538.0,544.0,5300
2019-04-19,519.6288452148438,544.0,545.0,535.0,535.0,5500
2019-04-22,523.44970703125,548.0,549.0,544.0,546.0,5200
2019-04-23,528.2256469726562,553.0,553.0,549.0,550.0,6400
2019-04-24,533.001708984375,558.0,560.0,553.0,553.0,7100
2019-04-25,533.001708984375,558.0,562.0,556.0,560.0,7900
2019-04-26,532.0464477539062,557.0,560.0,552.0,552.0,7200
2019-05-07,530.1360473632812,555.0,570.0,555.0,570.0,12000
2019-05-08,523.44970703125,548.0,556.0,547.0,556.0,8700
2019-05-09,480.4656982421875,503.0,546.0,503.0,546.0,26200
2019-05-10,477.6000671386719,500.0,504.0,500.0,503.0,13400
2019-05-13,464.2272644042969,486.0,505.0,486.0,505.0,9900
2019-05-14,456.5856628417969,478.0,484.0,468.0,482.0,8400
2019-05-15,457.5408630371094,479.0,480.0,473.0,478.0,4700
2019-05-16,452.7648620605469,474.0,477.0,473.0,475.0,9200
2019-05-17,453.7200622558594,475.0,476.0,473.0,476.0,7800
2019-05-20,442.2576599121094,463.0,475.0,460.0,475.0,2700
2019-05-21,444.1680603027344,465.0,469.0,465.0,465.0,13100
2019-05-22,444.1680603027344,465.0,470.0,465.0,465.0,4900
2019-05-23,440.3472595214844,461.0,472.0,460.0,472.0,3800
2019-05-24,437.4816589355469,458.0,460.0,456.0,457.0,5300
2019-05-27,451.8096618652344,473.0,482.0,467.0,482.0,4600
2019-05-28,456.5856628417969,478.0,488.0,478.0,478.0,5500
2019-05-29,450.8544921875,472.0,481.0,469.0,481.0,2100
2019-05-30,448.944091796875,470.0,472.0,467.0,467.0,3000
2019-05-31,453.7200622558594,475.0,476.0,468.0,468.0,5400
2019-06-03,437.4816589355469,458.0,474.0,458.0,474.0,4600
2019-06-04,448.944091796875,470.0,472.0,456.0,456.0,3100
2019-06-05,449.8992614746094,471.0,472.0,467.0,470.0,2300
2019-06-06,448.944091796875,470.0,473.0,460.0,460.0,3600
2019-06-07,447.0336608886719,468.0,468.0,463.0,463.0,900
2019-06-10,464.2272644042969,486.0,486.0,470.0,470.0,5300
2019-06-11,460.4064636230469,482.0,486.0,479.0,486.0,2500
2019-06-12,455.6304626464844,477.0,486.0,477.0,486.0,3300
2019-06-13,462.31683349609375,484.0,491.0,480.0,486.0,11000
2019-06-14,460.4064636230469,482.0,492.0,482.0,492.0,3100
2019-06-17,470.9136657714844,493.0,493.0,479.0,482.0,4000
2019-06-18,454.6752624511719,476.0,485.0,476.0,485.0,3600
2019-06-19,463.2720642089844,485.0,485.0,481.0,484.0,3800
2019-06-20,457.5408630371094,479.0,481.0,476.0,477.0,3400
2019-06-21,463.2720642089844,485.0,485.0,482.0,482.0,1500
2019-06-24,463.2720642089844,485.0,486.0,485.0,485.0,2500
2019-06-25,465.1824645996094,487.0,489.0,485.0,485.0,2000
2019-06-26,458.49603271484375,480.0,489.0,480.0,489.0,2800
2019-06-27,465.1824645996094,487.0,488.0,481.0,488.0,4200
2019-06-28,465.1824645996094,487.0,493.0,480.0,480.0,8200
2019-07-01,467.0928649902344,489.0,494.0,487.0,488.0,5500
2019-07-02,469.9584655761719,492.0,492.0,488.0,489.0,2600
2019-07-03,469.0032958984375,491.0,492.0,485.0,492.0,4500
2019-07-04,466.1376647949219,488.0,491.0,488.0,491.0,1400
2019-07-05,469.9584655761719,492.0,492.0,484.0,485.0,4800
2019-07-08,463.2720642089844,485.0,489.0,485.0,489.0,5300
2019-07-09,462.31683349609375,484.0,494.0,483.0,494.0,4200
2019-07-10,458.49603271484375,480.0,487.0,480.0,486.0,6200
2019-07-11,470.9136657714844,493.0,493.0,485.0,487.0,5200
2019-07-12,464.2272644042969,486.0,488.0,486.0,486.0,2100
2019-07-16,463.2720642089844,485.0,488.0,483.0,483.0,3100
2019-07-17,462.31683349609375,484.0,488.0,481.0,481.0,3300
2019-07-18,453.7200622558594,475.0,484.0,475.0,480.0,6200
2019-07-19,457.5408630371094,479.0,483.0,476.0,482.0,2700
2019-07-22,458.49603271484375,480.0,480.0,474.0,474.0,3100
2019-07-23,459.4512634277344,481.0,483.0,478.0,480.0,2600
2019-07-24,454.6752624511719,476.0,486.0,474.0,484.0,3900
2019-07-25,453.7200622558594,475.0,477.0,475.0,477.0,2800
2019-07-26,451.8096618652344,473.0,477.0,470.0,474.0,3700
2019-07-29,455.6304626464844,477.0,489.0,476.0,489.0,6200
2019-07-30,460.4064636230469,482.0,482.0,474.0,474.0,3500
2019-07-31,456.5856628417969,478.0,482.0,478.0,482.0,900
2019-08-01,440.3472595214844,461.0,467.0,455.0,462.0,15500
2019-08-02,423.1536254882813,443.0,461.0,443.0,461.0,10200
2019-08-05,414.5568542480469,434.0,442.0,428.0,442.0,9500
2019-08-06,405.9600524902344,425.0,427.0,410.0,410.0,14000
2019-08-07,400.2288513183594,419.0,423.0,418.0,420.0,6200
2019-08-08,400.2288513183594,419.0,427.0,417.0,417.0,3400
2019-08-09,410.7360534667969,430.0,435.0,422.0,435.0,3600
2019-08-13,487.1520690917969,510.0,510.0,451.0,451.0,74000
2019-08-14,507.2112731933594,531.0,582.0,498.0,570.0,150700
2019-08-15,488.1072692871094,511.0,514.0,488.0,510.0,24200
2019-08-16,470.9136657714844,493.0,516.0,491.0,512.0,17700
2019-08-19,474.7344970703125,497.0,501.0,477.0,500.0,12200
2019-08-20,474.7344970703125,497.0,505.0,472.0,505.0,18400
2019-08-21,466.1376647949219,488.0,492.0,477.0,485.0,7500
2019-08-22,455.6304626464844,477.0,489.0,477.0,488.0,4400
2019-08-23,441.3024597167969,462.0,469.0,462.0,469.0,5300
2019-08-26,433.660888671875,454.0,457.0,446.0,446.0,8400
2019-08-27,430.7952575683594,451.0,456.0,450.0,456.0,4300
2019-08-28,418.377685546875,438.0,444.0,435.0,443.0,6400
2019-08-29,426.9744262695313,447.0,449.0,431.0,431.0,6300
2019-08-30,425.0640563964844,445.0,450.0,440.0,450.0,3500
2019-09-02,427.9296569824219,448.0,449.0,446.0,449.0,2400
2019-09-03,428.8848571777344,449.0,449.0,446.0,446.0,2000
2019-09-04,419.3328552246094,439.0,448.0,439.0,448.0,2300
2019-09-05,431.7504577636719,452.0,456.0,439.0,439.0,8800
2019-09-06,432.7056274414063,453.0,454.0,446.0,446.0,5900
2019-09-09,433.660888671875,454.0,454.0,449.0,453.0,2900
2019-09-10,436.5264587402344,457.0,467.0,450.0,450.0,7200
2019-09-11,447.9888610839844,469.0,469.0,456.0,457.0,5600
2019-09-12,457.5408630371094,479.0,485.0,467.0,469.0,15800
2019-09-13,459.4512634277344,481.0,487.0,477.0,485.0,11700
2019-09-17,455.6304626464844,477.0,486.0,475.0,475.0,6400
2019-09-18,448.944091796875,470.0,482.0,468.0,478.0,4500
2019-09-19,451.8096618652344,473.0,473.0,468.0,468.0,6300
2019-09-20,453.7200622558594,475.0,478.0,469.0,471.0,8600
2019-09-24,452.7648620605469,474.0,483.0,470.0,483.0,6500
2019-09-25,454.6752624511719,476.0,478.0,468.0,472.0,8300
2019-09-26,462.31683349609375,484.0,484.0,473.0,479.0,10900
2019-09-27,456.5856628417969,478.0,492.0,474.0,492.0,7800
2019-09-30,457.5408630371094,479.0,479.0,473.0,476.0,7500
2019-10-01,463.2720642089844,485.0,486.0,476.0,477.0,5900
2019-10-02,458.49603271484375,480.0,485.0,473.0,484.0,8600
2019-10-03,453.7200622558594,475.0,477.0,470.0,472.0,6400
2019-10-04,454.6752624511719,476.0,477.0,470.0,477.0,7700
2019-10-07,465.1824645996094,487.0,494.0,477.0,479.0,15900
2019-10-08,469.0032958984375,491.0,494.0,483.0,491.0,10100
2019-10-09,467.0928649902344,489.0,491.0,486.0,491.0,5700
2019-10-10,465.1824645996094,487.0,492.0,487.0,489.0,4600
2019-10-11,468.0480346679688,490.0,491.0,486.0,487.0,3800
2019-10-15,473.77923583984375,496.0,498.0,493.0,493.0,8600
2019-10-16,474.7344970703125,497.0,499.0,494.0,499.0,4300
2019-10-17,469.9584655761719,492.0,500.0,490.0,493.0,7900
2019-10-18,471.8688659667969,494.0,495.0,491.0,491.0,4700
2019-10-21,471.8688659667969,494.0,497.0,491.0,496.0,6700
2019-10-23,469.0032958984375,491.0,500.0,491.0,499.0,4600
2019-10-24,469.0032958984375,491.0,495.0,491.0,492.0,5600
2019-10-25,467.0928649902344,489.0,496.0,483.0,495.0,4900
2019-10-28,469.0032958984375,491.0,496.0,486.0,496.0,12200
2019-10-29,475.6896667480469,498.0,498.0,492.0,494.0,8300
2019-10-30,473.77923583984375,496.0,499.0,492.0,494.0,16500
2019-10-31,474.7344970703125,497.0,501.0,496.0,496.0,6200
2019-11-01,473.77923583984375,496.0,502.0,493.0,502.0,3400
2019-11-05,477.6000671386719,500.0,501.0,496.0,501.0,3900
2019-11-06,476.6448669433594,499.0,502.0,498.0,500.0,3500
2019-11-07,479.5104675292969,502.0,504.0,501.0,501.0,6200
2019-11-08,474.7344970703125,497.0,505.0,497.0,504.0,11900
2019-11-11,472.8240661621094,495.0,503.0,493.0,498.0,6600
2019-11-12,478.5552673339844,501.0,501.0,495.0,495.0,3900
2019-11-13,482.3760681152344,505.0,507.0,496.0,501.0,9200
2019-11-14,484.2864990234375,507.0,520.0,505.0,520.0,29400
2019-11-15,487.1520690917969,510.0,513.0,506.0,506.0,12100
2019-11-18,495.7488708496094,519.0,520.0,508.0,508.0,4800
2019-11-19,524.4048461914062,549.0,549.0,515.0,522.0,38700
2019-11-20,521.5392456054688,546.0,589.0,534.0,550.0,53700
2019-11-21,617.0592651367188,646.0,646.0,540.0,540.0,284100
2019-11-22,603.6865234375,632.0,691.0,616.0,686.0,323200
2019-11-25,599.8656616210938,628.0,651.0,609.0,642.0,48900
2019-11-26,585.5377197265625,613.0,629.0,606.0,624.0,32200
2019-11-27,616.1041259765625,645.0,645.0,622.0,627.0,51200
2019-11-28,592.2240600585938,620.0,638.0,619.0,638.0,19100
2019-11-29,596.044921875,624.0,626.0,618.0,621.0,10600
2019-12-02,586.4928588867188,614.0,622.0,614.0,619.0,17200
2019-12-03,580.7616577148438,608.0,611.0,603.0,609.0,8200
2019-12-04,583.6273193359375,611.0,612.0,592.0,608.0,24600
2019-12-05,586.4928588867188,614.0,615.0,612.0,612.0,7600
2019-12-06,600.8208618164062,629.0,630.0,614.0,615.0,7200
2019-12-09,615.14892578125,644.0,651.0,630.0,632.0,20400
2019-12-10,609.4176635742188,638.0,645.0,635.0,644.0,11000
2019-12-11,615.14892578125,644.0,650.0,629.0,636.0,17400
2019-12-12,636.163330078125,666.0,674.0,643.0,644.0,49200
2019-12-13,644.7601318359375,675.0,684.0,662.0,675.0,65600
2019-12-16,673.416015625,705.0,708.0,679.0,684.0,65200
2019-12-17,681.0576782226562,713.0,740.0,703.0,720.0,46300
2019-12-18,660.9984741210938,692.0,712.0,689.0,706.0,23000
2019-12-19,648.5808715820312,679.0,693.0,679.0,691.0,11400
2019-12-20,655.267333984375,686.0,688.0,678.0,679.0,7700
2019-12-23,687.7440795898438,720.0,724.0,700.0,720.0,49200
2019-12-24,682.9680786132812,715.0,724.0,707.0,724.0,14000
2019-12-25,656.2225341796875,687.0,718.0,685.0,710.0,55000
2019-12-26,640.9392700195312,671.0,685.0,660.0,680.0,23500
2019-12-27,639.0289306640625,669.0,679.0,667.0,679.0,8400
2019-12-30,637.1184692382812,667.0,667.0,662.0,667.0,7200
2020-01-06,625.6560668945312,655.0,661.0,651.0,661.0,15300
2020-01-07,631.3872680664062,661.0,662.0,653.0,655.0,9600
2020-01-08,620.8800659179688,650.0,661.0,648.0,661.0,30000
2020-01-09,643.8048706054688,674.0,685.0,650.0,650.0,23200
2020-01-10,673.416015625,705.0,705.0,675.0,675.0,31100
2020-01-14,663.8640747070312,695.0,713.0,692.0,713.0,13900
2020-01-15,652.4016723632812,683.0,699.0,683.0,691.0,15400
2020-01-16,639.9840698242188,670.0,683.0,670.0,679.0,7300
2020-01-17,639.0289306640625,669.0,681.0,669.0,678.0,7300
2020-01-20,639.0289306640625,669.0,680.0,669.0,679.0,6400
2020-01-21,634.2528686523438,664.0,670.0,663.0,667.0,3300
2020-01-22,637.1184692382812,667.0,674.0,667.0,674.0,5600
2020-01-23,624.700927734375,654.0,675.0,654.0,672.0,9500
2020-01-24,628.5216674804688,658.0,663.0,653.0,654.0,8100
2020-01-27,614.1936645507812,643.0,652.0,643.0,650.0,14000
2020-01-28,620.8800659179688,650.0,651.0,633.0,636.0,13500
2020-01-29,617.0592651367188,646.0,660.0,646.0,660.0,10800
2020-01-30,616.1041259765625,645.0,655.0,645.0,650.0,59200
2020-01-31,625.6560668945312,655.0,663.0,646.0,646.0,13500
2020-02-03,620.8800659179688,650.0,665.0,648.0,665.0,12200
2020-02-04,631.3872680664062,661.0,661.0,652.0,656.0,6000
2020-02-05,632.3424682617188,662.0,672.0,662.0,663.0,5600
2020-02-06,648.5808715820312,679.0,688.0,666.0,672.0,19600
2020-02-07,650.4913330078125,681.0,683.0,672.0,683.0,7300
2020-02-10,648.5808715820312,679.0,680.0,675.0,680.0,7800
2020-02-12,641.8944702148438,672.0,675.0,669.0,673.0,5100
2020-02-13,667.6848754882812,699.0,706.0,664.0,672.0,31400
2020-02-14,632.3424682617188,662.0,672.0,661.0,669.0,25900
2020-02-17,620.8800659179688,650.0,660.0,650.0,660.0,11000
2020-02-18,612.2832641601562,641.0,652.0,641.0,652.0,10300
2020-02-19,601.7760620117188,630.0,644.0,630.0,640.0,7800
2020-02-20,618.9697265625,648.0,668.0,641.0,668.0,6300
2020-02-21,625.6560668945312,655.0,658.0,648.0,648.0,11500
2020-02-25,570.2544555664062,597.0,618.0,597.0,601.0,94300
2020-02-26,599.8656616210938,628.0,637.0,598.0,598.0,21300
2020-02-27,586.4928588867188,614.0,659.0,608.0,658.0,35300
2020-02-28,549.2400512695312,575.0,585.0,567.0,578.0,25700
2020-03-02,559.7472534179688,586.0,599.0,557.0,557.0,17500
2020-03-03,569.2992553710938,596.0,658.0,595.0,595.0,39600
2020-03-04,564.5233154296875,591.0,608.0,578.0,582.0,16900
2020-03-05,566.4336547851562,593.0,631.0,593.0,621.0,18200
2020-03-06,527.2704467773438,552.0,595.0,552.0,583.0,16700
2020-03-09,475.6896667480469,498.0,542.0,490.0,542.0,18400
2020-03-10,468.0480346679688,490.0,498.0,437.0,450.0,32000
2020-03-11,469.0032958984375,491.0,515.0,490.0,495.0,20300
2020-03-12,436.5264587402344,457.0,492.0,449.0,476.0,18000
2020-03-13,406.9152526855469,426.0,448.0,408.0,420.0,24200
2020-03-16,402.1392517089844,421.0,451.0,418.0,427.0,25700
2020-03-17,422.1984558105469,442.0,445.0,410.0,420.0,12900
2020-03-18,411.6912536621094,431.0,465.0,431.0,465.0,12700
2020-03-19,389.7216491699219,408.0,447.0,407.0,447.0,8700
2020-03-23,402.1392517089844,421.0,425.0,408.0,409.0,17000
2020-03-24,441.3024597167969,462.0,462.0,420.0,430.0,10500
2020-03-25,517.718505859375,542.0,542.0,476.0,490.0,13700
2020-03-26,510.0768737792969,534.0,534.0,501.0,532.0,11200
2020-03-27,565.478515625,592.0,592.0,531.0,536.0,26200
2020-03-30,567.4216918945312,584.0,612.0,565.0,612.0,24700
2020-03-31,581.0242919921875,598.0,600.0,570.0,599.0,8900
2020-04-01,534.3869018554688,550.0,598.0,550.0,598.0,6300
2020-04-02,520.7843017578125,536.0,537.0,507.0,530.0,17100
2020-04-03,514.95458984375,530.0,592.0,521.0,590.0,11800
2020-04-06,551.8759155273438,568.0,568.0,524.0,540.0,10200
2020-04-07,542.1597900390625,558.0,565.0,558.0,565.0,800
2020-04-08,564.5068969726562,581.0,584.0,552.0,558.0,7700
2020-04-09,554.790771484375,571.0,586.0,564.0,580.0,3600
2020-04-10,547.989501953125,564.0,581.0,557.0,581.0,2500
2020-04-13,522.7275390625,538.0,563.0,523.0,563.0,2800
2020-04-14,517.8694458007812,533.0,544.0,529.0,531.0,6100
2020-04-15,497.4656066894531,512.0,528.0,512.0,528.0,5300
2020-04-16,500.3804321289063,515.0,515.0,501.0,502.0,5000
2020-04-17,515.9262084960938,531.0,531.0,518.0,521.0,3800
2020-04-20,518.841064453125,534.0,561.0,532.0,561.0,3800
2020-04-21,504.2669067382813,519.0,524.0,510.0,524.0,23800
2020-04-22,485.8062438964844,500.0,509.0,492.0,509.0,9400
2020-04-23,508.1533203125,523.0,523.0,502.0,506.0,4500
2020-04-24,499.4088134765625,514.0,521.0,514.0,521.0,3400
2020-04-27,509.12493896484375,524.0,544.0,514.0,524.0,18300
2020-04-28,510.0965576171875,525.0,525.0,520.0,522.0,7500
2020-04-30,519.812744140625,535.0,537.0,531.0,535.0,4700
2020-05-01,502.32366943359375,517.0,531.0,511.0,530.0,13300
2020-05-07,490.664306640625,505.0,526.0,493.0,521.0,11300
2020-05-08,511.0681762695313,526.0,535.0,512.0,535.0,23800
2020-05-11,523.6991577148438,539.0,539.0,515.0,521.0,10000
2020-05-12,522.7275390625,538.0,538.0,528.0,529.0,2600
2020-05-13,499.4088134765625,514.0,527.0,510.0,521.0,7600
2020-05-14,498.4372253417969,513.0,519.0,512.0,514.0,4300
2020-05-15,518.841064453125,534.0,544.0,512.0,512.0,24600
2020-05-18,485.8062438964844,500.0,534.0,499.0,534.0,21500
2020-05-19,485.8062438964844,500.0,520.0,491.0,501.0,41600
2020-05-20,495.52239990234375,510.0,514.0,504.0,514.0,6000
2020-05-21,485.8062438964844,500.0,508.0,496.0,503.0,9700
2020-05-22,485.8062438964844,500.0,505.0,500.0,501.0,2300
2020-05-25,488.7210998535156,503.0,507.0,500.0,501.0,3300
2020-05-26,495.52239990234375,510.0,510.0,502.0,509.0,6600
2020-05-27,553.8191528320312,570.0,595.0,517.0,518.0,43800
2020-05-28,556.7339477539062,573.0,573.0,552.0,569.0,10200
2020-05-29,547.017822265625,563.0,570.0,559.0,559.0,5900
2020-06-01,519.812744140625,535.0,563.0,535.0,563.0,12200
2020-06-02,521.7559204101562,537.0,552.0,534.0,537.0,8600
2020-06-03,542.1597900390625,558.0,559.0,526.0,537.0,14500
2020-06-04,547.017822265625,563.0,569.0,560.0,560.0,6600
2020-06-05,553.8191528320312,570.0,570.0,560.0,563.0,5200
2020-06-08,542.1597900390625,558.0,560.0,558.0,560.0,7200
2020-06-09,534.3869018554688,550.0,562.0,549.0,562.0,10700
2020-06-10,528.5571899414062,544.0,554.0,543.0,544.0,4900
2020-06-11,519.812744140625,535.0,544.0,535.0,544.0,4600
2020-06-12,512.039794921875,527.0,538.0,525.0,535.0,8700
2020-06-15,516.8978271484375,532.0,540.0,527.0,527.0,1700
2020-06-16,531.4720458984375,547.0,547.0,533.0,533.0,3300
2020-06-17,543.1314086914062,559.0,560.0,547.0,547.0,3100
2020-06-18,524.6707763671875,540.0,556.0,531.0,556.0,25500
2020-06-19,520.7843017578125,536.0,564.0,531.0,564.0,34800
2020-06-22,524.6707763671875,540.0,542.0,533.0,536.0,3100
2020-06-23,533.415283203125,549.0,551.0,541.0,542.0,3900
2020-06-24,530.5004272460938,546.0,560.0,546.0,560.0,800
2020-06-25,522.7275390625,538.0,555.0,538.0,555.0,5600
2020-06-26,527.5855712890625,543.0,547.0,528.0,542.0,11500
2020-06-29,534.3869018554688,550.0,562.0,534.0,555.0,8500
2020-06-30,524.6707763671875,540.0,551.0,535.0,551.0,2800
2020-07-01,520.7843017578125,536.0,539.0,530.0,539.0,4300
2020-07-02,530.5004272460938,546.0,546.0,530.0,542.0,10900
2020-07-03,522.7275390625,538.0,547.0,536.0,547.0,15600
2020-07-06,526.6139526367188,542.0,544.0,538.0,538.0,2800
2020-07-07,529.52880859375,545.0,549.0,538.0,549.0,2900
2020-07-08,528.5571899414062,544.0,550.0,544.0,545.0,4200
2020-07-09,530.5004272460938,546.0,564.0,546.0,564.0,4200
2020-07-10,529.52880859375,545.0,547.0,545.0,547.0,3200
2020-07-13,538.2733154296875,554.0,554.0,545.0,550.0,4800
2020-07-14,540.216552734375,556.0,556.0,547.0,555.0,4300
2020-07-15,538.2733154296875,554.0,558.0,549.0,558.0,18200
2020-07-16,543.1314086914062,559.0,559.0,554.0,558.0,3400
2020-07-17,535.3585205078125,551.0,557.0,551.0,554.0,1900
2020-07-20,539.2449340820312,555.0,561.0,554.0,561.0,2000
2020-07-21,538.2733154296875,554.0,555.0,550.0,555.0,1800
2020-07-22,547.017822265625,563.0,563.0,547.0,552.0,5200
2020-07-27,562.5636596679688,579.0,583.0,566.0,583.0,7500
2020-07-28,558.6771850585938,575.0,576.0,564.0,564.0,900
2020-07-29,557.70556640625,574.0,574.0,555.0,574.0,4700
2020-07-30,552.8475341796875,569.0,591.0,551.0,554.0,18500
2020-07-31,541.1881713867188,557.0,579.0,557.0,579.0,3000
2020-08-03,573.2513427734375,590.0,590.0,557.0,557.0,15400
2020-08-04,566.4501342773438,583.0,584.0,572.0,584.0,3900
2020-08-05,556.7339477539062,573.0,579.0,561.0,579.0,3200
2020-08-06,547.017822265625,563.0,570.0,562.0,570.0,2200
2020-08-07,547.017822265625,563.0,585.0,563.0,563.0,3400
2020-08-11,568.393310546875,585.0,585.0,544.0,563.0,10200
2020-08-12,576.166259765625,593.0,595.0,580.0,588.0,5600
2020-08-13,599.4849243164062,617.0,617.0,594.0,599.0,11400
2020-08-14,586.8539428710938,604.0,627.0,604.0,617.0,13400
2020-08-17,578.1094360351562,595.0,600.0,590.0,600.0,2600
2020-08-18,563.5352783203125,580.0,600.0,577.0,600.0,5400
2020-08-19,574.2229614257812,591.0,596.0,585.0,585.0,900
2020-08-20,569.3649291992188,586.0,595.0,586.0,595.0,800
2020-08-21,569.3649291992188,586.0,587.0,586.0,586.0,800
2020-08-24,583.9390869140625,601.0,612.0,593.0,593.0,6000
2020-08-25,592.6836547851562,610.0,617.0,600.0,607.0,8000
2020-08-26,588.7971801757812,606.0,607.0,605.0,607.0,1300
2020-08-27,584.9107055664062,602.0,613.0,600.0,613.0,5900
2020-08-28,573.2513427734375,590.0,611.0,586.0,603.0,6700
2020-08-31,579.0810546875,596.0,596.0,585.0,592.0,3900
2020-09-01,584.9107055664062,602.0,604.0,595.0,599.0,5300
2020-09-02,581.9959106445312,599.0,612.0,592.0,612.0,2200
2020-09-03,583.9390869140625,601.0,608.0,598.0,608.0,1600
2020-09-04,576.166259765625,593.0,609.0,593.0,598.0,5700
2020-09-07,576.166259765625,593.0,609.0,593.0,603.0,3400
2020-09-08,590.7404174804688,608.0,608.0,591.0,603.0,3400
2020-09-09,583.9390869140625,601.0,607.0,595.0,600.0,6200
2020-09-10,590.7404174804688,608.0,610.0,603.0,605.0,13100
2020-09-11,590.7404174804688,608.0,610.0,604.0,610.0,6300
2020-09-14,598.5133056640625,616.0,616.0,605.0,610.0,9400
2020-09-15,585.88232421875,603.0,608.0,596.0,596.0,14500
2020-09-16,602.3997192382812,620.0,620.0,600.0,608.0,8400
2020-09-17,606.2862548828125,624.0,624.0,610.0,619.0,4800
2020-09-18,617.945556640625,636.0,639.0,614.0,614.0,10600
2020-09-23,607.2578125,625.0,634.0,619.0,623.0,3700
2020-09-24,603.371337890625,621.0,629.0,617.0,617.0,3300
2020-09-25,608.2294311523438,626.0,626.0,619.0,626.0,5400
2020-09-28,622.8036499023438,641.0,641.0,626.0,626.0,8500
2020-09-29,651.9520263671875,671.0,672.0,648.0,658.0,8900
2020-09-30,647.0939331054688,666.0,673.0,666.0,671.0,8000
2020-10-02,620.8604125976562,639.0,660.0,639.0,656.0,5800
2020-10-05,612.1159057617188,630.0,635.0,625.0,635.0,2800
2020-10-06,642.23583984375,661.0,664.0,639.0,640.0,3700
2020-10-07,641.2642211914062,660.0,669.0,644.0,663.0,3300
2020-10-08,650.9804077148438,670.0,670.0,634.0,665.0,2200
2020-10-09,631.548095703125,650.0,670.0,647.0,670.0,2000
2020-10-12,636.4061889648438,655.0,655.0,646.0,650.0,700
2020-10-13,626.6900634765625,645.0,660.0,643.0,656.0,2200
2020-10-14,625.7184448242188,644.0,647.0,644.0,646.0,1800
2020-10-15,610.1726684570312,628.0,644.0,626.0,644.0,4600
2020-10-16,594.6268920898438,612.0,620.0,612.0,620.0,5700
2020-10-19,591.7120361328125,609.0,619.0,603.0,619.0,2300
2020-10-20,594.6268920898438,612.0,631.0,610.0,610.0,3600
2020-10-21,596.570068359375,614.0,625.0,612.0,615.0,2900
2020-10-22,598.5133056640625,616.0,628.0,615.0,615.0,3400
2020-10-23,588.7971801757812,606.0,620.0,606.0,620.0,3000
2020-10-26,592.6836547851562,610.0,611.0,606.0,607.0,1400
2020-10-27,617.945556640625,636.0,636.0,621.0,629.0,6900
2020-10-28,594.6268920898438,612.0,635.0,611.0,635.0,3600
2020-10-29,600.45654296875,618.0,618.0,612.0,617.0,1700
2020-10-30,585.88232421875,603.0,610.0,603.0,609.0,1900
2020-11-02,584.9107055664062,602.0,608.0,600.0,602.0,2200
2020-11-04,583.9390869140625,601.0,605.0,601.0,603.0,3900
2020-11-05,586.8539428710938,604.0,604.0,600.0,601.0,2500
2020-11-06,593.6552734375,611.0,611.0,602.0,605.0,4700
2020-11-09,599.4849243164062,617.0,620.0,611.0,611.0,7600
2020-11-10,596.570068359375,614.0,617.0,600.0,617.0,11000
2020-11-11,601.4281005859375,619.0,620.0,607.0,620.0,4800
2020-11-12,610.1726684570312,628.0,642.0,619.0,619.0,9200
2020-11-13,603.371337890625,621.0,629.0,613.0,629.0,2400
2020-11-16,588.7971801757812,606.0,629.0,602.0,629.0,9300
2020-11-17,581.0242919921875,598.0,604.0,595.0,596.0,4600
2020-11-18,570.3365478515625,587.0,609.0,587.0,609.0,2500
2020-11-19,553.8191528320312,570.0,587.0,570.0,587.0,11800
2020-11-20,563.5352783203125,580.0,580.0,568.0,571.0,3800
2020-11-24,567.4216918945312,584.0,584.0,574.0,580.0,4300
2020-11-25,573.2513427734375,590.0,595.0,586.0,593.0,4000
2020-11-26,577.1378784179688,594.0,594.0,584.0,584.0,2200
2020-11-27,594.6268920898438,612.0,631.0,603.0,629.0,10100
2020-11-30,586.8539428710938,604.0,620.0,603.0,608.0,8100
2020-12-01,582.967529296875,600.0,614.0,600.0,614.0,3400
2020-12-02,575.194580078125,592.0,595.0,588.0,595.0,5300
2020-12-03,569.3649291992188,586.0,589.0,586.0,589.0,1400
2020-12-04,570.3365478515625,587.0,594.0,585.0,585.0,1400
2020-12-07,534.3869018554688,550.0,571.0,550.0,571.0,11800
2020-12-08,525.6423950195312,541.0,545.0,540.0,540.0,3600
2020-12-09,518.841064453125,534.0,540.0,525.0,540.0,6600
2020-12-10,513.9830322265625,529.0,534.0,523.0,534.0,2200
2020-12-11,532.443603515625,548.0,549.0,529.0,529.0,18200
2020-12-14,536.3301391601562,552.0,554.0,549.0,550.0,8100
2020-12-15,543.1314086914062,559.0,559.0,548.0,551.0,5100
2020-12-16,567.4216918945312,584.0,584.0,546.0,549.0,16700
2020-12-17,601.4281005859375,619.0,667.0,595.0,597.0,80400
2020-12-18,574.2229614257812,591.0,609.0,591.0,609.0,16900
2020-12-21,568.393310546875,585.0,600.0,585.0,595.0,6200
2020-12-22,559.6488037109375,576.0,585.0,576.0,585.0,6600
2020-12-23,552.8475341796875,569.0,580.0,569.0,580.0,6700
2020-12-24,554.790771484375,571.0,572.0,569.0,569.0,1900
2020-12-25,541.1881713867188,557.0,572.0,552.0,572.0,13200
2020-12-28,524.6707763671875,540.0,556.0,539.0,553.0,18000
2020-12-29,544.1029663085938,560.0,560.0,555.0,555.0,3900
2020-12-30,541.1881713867188,557.0,558.0,549.0,554.0,3900
2021-01-04,523.6991577148438,539.0,557.0,539.0,557.0,4100
2021-01-05,524.6707763671875,540.0,555.0,540.0,540.0,6900
2021-01-06,522.7275390625,538.0,540.0,537.0,537.0,1500
2021-01-07,526.6139526367188,542.0,547.0,538.0,538.0,5300
2021-01-08,544.1029663085938,560.0,560.0,538.0,538.0,4200
2021-01-12,581.9959106445312,599.0,630.0,552.0,552.0,23700
2021-01-13,619.8887939453125,638.0,690.0,601.0,601.0,55100
2021-01-14,584.9107055664062,602.0,637.0,602.0,629.0,13700
2021-01-15,572.2797241210938,589.0,603.0,569.0,602.0,27300
2021-01-18,573.2513427734375,590.0,601.0,583.0,593.0,6600
2021-01-19,564.5068969726562,581.0,593.0,581.0,587.0,9300
2021-01-20,567.4216918945312,584.0,595.0,574.0,595.0,10700
2021-01-21,565.478515625,582.0,588.0,579.0,580.0,2400
2021-01-22,560.6204223632812,577.0,585.0,577.0,577.0,5100
2021-01-25,574.2229614257812,591.0,594.0,584.0,584.0,6500
2021-01-26,567.4216918945312,584.0,591.0,580.0,591.0,3000
2021-01-27,574.2229614257812,591.0,597.0,587.0,597.0,6200
2021-01-28,596.570068359375,614.0,614.0,583.0,584.0,13400
2021-01-29,586.8539428710938,604.0,614.0,600.0,604.0,8000
2021-02-01,576.166259765625,593.0,603.0,593.0,595.0,2100
2021-02-02,590.7404174804688,608.0,608.0,592.0,593.0,5200
2021-02-03,597.5416870117188,615.0,615.0,601.0,611.0,4500
2021-02-04,599.4849243164062,617.0,618.0,611.0,615.0,3800
2021-02-05,606.2862548828125,624.0,624.0,605.0,612.0,11100
2021-02-08,630.5764770507812,649.0,724.0,635.0,718.0,265800
2021-02-09,631.548095703125,650.0,650.0,618.0,640.0,35200
2021-02-10,619.8887939453125,638.0,642.0,615.0,640.0,16500
2021-02-12,655.8384399414062,675.0,675.0,655.0,655.0,52100
2021-02-15,658.7532348632812,678.0,683.0,661.0,662.0,27300
2021-02-16,651.9520263671875,671.0,675.0,660.0,675.0,13300
2021-02-17,644.1790771484375,663.0,669.0,661.0,662.0,6700
2021-02-18,640.2926635742188,659.0,670.0,653.0,664.0,9200
2021-02-19,631.548095703125,650.0,666.0,649.0,654.0,9200
2021-02-22,642.23583984375,661.0,662.0,652.0,656.0,8200
2021-02-24,639.321044921875,658.0,666.0,658.0,662.0,4200
2021-02-25,641.2642211914062,660.0,662.0,656.0,660.0,4800
2021-02-26,633.4913940429688,652.0,659.0,650.0,658.0,9000
2021-03-01,643.2074584960938,662.0,662.0,647.0,661.0,15900
2021-03-02,637.3778076171875,656.0,658.0,655.0,658.0,5800
2021-03-03,641.2642211914062,660.0,660.0,651.0,651.0,3600
2021-03-04,634.4630126953125,653.0,663.0,653.0,662.0,4100
2021-03-05,641.2642211914062,660.0,660.0,650.0,653.0,11400
2021-03-08,643.2074584960938,662.0,665.0,658.0,665.0,5500
2021-03-09,656.81005859375,676.0,680.0,665.0,665.0,20700
2021-03-10,646.122314453125,665.0,674.0,662.0,674.0,10800
2021-03-11,643.2074584960938,662.0,669.0,655.0,655.0,23300
2021-03-12,649.0371704101562,668.0,670.0,662.0,662.0,10700
2021-03-15,655.8384399414062,675.0,675.0,666.0,672.0,5800
2021-03-16,670.41259765625,690.0,690.0,674.0,674.0,14700
2021-03-17,699.5609741210938,720.0,720.0,689.0,690.0,34000
2021-03-18,703.4474487304688,724.0,725.0,701.0,725.0,15000
2021-03-19,696.6461791992188,717.0,721.0,708.0,721.0,11100
2021-03-22,694.7029418945312,715.0,717.0,710.0,712.0,7400
2021-03-23,701.5042114257812,722.0,725.0,713.0,715.0,7900
2021-03-24,670.41259765625,690.0,720.0,680.0,715.0,14200
2021-03-25,692.759765625,713.0,717.0,696.0,696.0,6700
2021-03-26,680.1287841796875,700.0,710.0,696.0,710.0,7400
2021-03-29,691.7881469726562,712.0,714.0,686.0,714.0,9200
2021-03-30,694.7656860351562,700.0,704.0,687.0,704.0,5800
2021-03-31,702.7058715820312,708.0,713.0,693.0,693.0,6000
2021-04-01,675.9077758789062,681.0,703.0,681.0,703.0,4200
2021-04-02,685.8330078125,691.0,691.0,682.0,682.0,2400
2021-04-05,687.8180541992188,693.0,693.0,683.0,689.0,3800
2021-04-06,676.9002685546875,682.0,685.0,678.0,683.0,9500
2021-04-07,694.7656860351562,700.0,700.0,678.0,678.0,4300
2021-04-08,696.750732421875,702.0,706.0,683.0,697.0,8800
2021-04-09,708.6610107421875,714.0,714.0,700.0,710.0,8400
2021-04-12,728.511474609375,734.0,741.0,705.0,714.0,22700
2021-04-13,740.4217529296875,746.0,750.0,735.0,746.0,19700
2021-04-14,735.4591064453125,741.0,750.0,725.0,750.0,15400
2021-04-15,721.5637817382812,727.0,743.0,721.0,741.0,11600
2021-04-16,715.608642578125,721.0,734.0,717.0,733.0,8600
2021-04-19,707.66845703125,713.0,724.0,700.0,724.0,8900
2021-04-20,707.66845703125,713.0,717.0,701.0,713.0,7700
2021-04-21,687.8180541992188,693.0,713.0,693.0,708.0,7200
2021-04-22,705.6834106445312,711.0,720.0,703.0,703.0,18900
2021-04-23,697.7432861328125,703.0,724.0,703.0,724.0,2900
2021-04-26,699.7283325195312,705.0,717.0,705.0,717.0,5300
2021-04-27,692.7806396484375,698.0,720.0,697.0,720.0,6400
2021-04-28,676.9002685546875,682.0,705.0,682.0,698.0,12300
2021-04-30,675.9077758789062,681.0,695.0,680.0,685.0,6500
2021-05-06,684.8404541015625,690.0,698.0,690.0,698.0,4200
2021-05-07,689.8031005859375,695.0,701.0,695.0,698.0,2600
2021-05-10,693.773193359375,699.0,700.0,693.0,699.0,3300
2021-05-11,675.9077758789062,681.0,703.0,681.0,695.0,11000
2021-05-12,695.7582397460938,701.0,719.0,688.0,689.0,20700
2021-05-13,674.9152221679688,680.0,708.0,680.0,708.0,12400
2021-05-14,710.6460571289062,716.0,723.0,687.0,700.0,13100
2021-05-17,774.16748046875,780.0,785.0,700.0,715.0,104200
2021-05-18,853.5692749023438,860.0,860.0,795.0,795.0,100100
2021-05-19,896.2477416992188,903.0,947.0,836.0,840.0,76000
2021-05-20,908.1580200195312,915.0,920.0,870.0,890.0,21300
2021-05-21,909.1505126953124,916.0,946.0,899.0,905.0,34800
2021-05-24,924.0383911132812,931.0,940.0,895.0,901.0,43800
2021-05-25,934.9561157226562,942.0,980.0,868.0,930.0,82400
2021-05-26,921.060791015625,928.0,940.0,871.0,920.0,55000
2021-05-27,928.0084838867188,935.0,955.0,908.0,925.0,42800
2021-05-28,942.8963012695312,950.0,950.0,930.0,943.0,24800
2021-05-31,941.9037475585938,949.0,989.0,940.0,948.0,43600
2021-06-01,1064.9765625,1073.0,1098.0,950.0,950.0,233700
2021-06-02,1130.4830322265625,1139.0,1196.0,1041.0,1059.0,361900
2021-06-03,1048.1036376953125,1056.0,1123.0,1056.0,1110.0,84200
2021-06-04,984.5822143554688,992.0,1039.0,988.0,1039.0,70200
2021-06-07,1051.081298828125,1059.0,1100.0,1007.0,1007.0,83600
2021-06-08,1169.19140625,1178.0,1196.0,1045.0,1052.0,229800
2021-06-09,1240.653076171875,1250.0,1255.0,1142.0,1178.0,180200
2021-06-10,1216.83251953125,1226.0,1260.0,1195.0,1247.0,92300
2021-06-11,1135.4456787109375,1144.0,1213.0,1099.0,1213.0,114200
2021-06-14,1135.4456787109375,1144.0,1145.0,1115.0,1144.0,27800
2021-06-15,1039.1710205078125,1047.0,1127.0,1033.0,1114.0,71500
2021-06-16,1032.2232666015625,1040.0,1085.0,1029.0,1047.0,33700
2021-06-17,1046.11865234375,1054.0,1060.0,1033.0,1040.0,30100
2021-06-18,1038.178466796875,1046.0,1052.0,1032.0,1048.0,52300
2021-06-21,1076.8868408203125,1085.0,1096.0,1030.0,1030.0,38500
2021-06-22,1044.133544921875,1052.0,1071.0,1034.0,1071.0,117300
2021-06-23,1032.2232666015625,1040.0,1052.0,1035.0,1052.0,47700
2021-06-24,1084.8270263671875,1093.0,1109.0,1040.0,1041.0,87900
2021-06-25,1123.535400390625,1132.0,1150.0,1089.0,1110.0,74000
2021-06-28,1196.9820556640625,1206.0,1267.0,1175.0,1180.0,238500
2021-06-29,1194.9969482421875,1204.0,1242.0,1182.0,1191.0,82700
2021-06-30,1221.7950439453125,1231.0,1249.0,1187.0,1215.0,67800
2021-07-01,1310.129638671875,1320.0,1332.0,1219.0,1235.0,239500
2021-07-02,1222.78759765625,1232.0,1318.0,1211.0,1315.0,150100
2021-07-05,1203.9296875,1213.0,1241.0,1185.0,1241.0,86300
2021-07-06,1213.8548583984375,1223.0,1277.0,1194.0,1230.0,166900
2021-07-07,1247.6007080078125,1257.0,1318.0,1211.0,1213.0,104900
2021-07-08,1256.5333251953125,1266.0,1299.0,1215.0,1257.0,82600
2021-07-09,1248.59326171875,1258.0,1275.0,1230.0,1230.0,41900
2021-07-12,1225.76513671875,1235.0,1288.0,1222.0,1288.0,31000
2021-07-13,1204.9222412109375,1214.0,1228.0,1205.0,1228.0,23300
2021-07-14,1199.9595947265625,1209.0,1235.0,1195.0,1214.0,20100
2021-07-15,1191.02685546875,1200.0,1220.0,1184.0,1220.0,17000
2021-07-16,1195.989501953125,1205.0,1220.0,1180.0,1200.0,20300
2021-07-19,1207.8997802734375,1217.0,1227.0,1179.0,1200.0,25600
2021-07-20,1135.4456787109375,1144.0,1228.0,1138.0,1228.0,30300
2021-07-21,1190.034423828125,1199.0,1210.0,1129.0,1150.0,42300
2021-07-26,1191.02685546875,1200.0,1218.0,1189.0,1218.0,11000
2021-07-27,1195.989501953125,1205.0,1215.0,1115.0,1215.0,31900
2021-07-28,1186.0643310546875,1195.0,1220.0,1175.0,1181.0,11800
2021-07-29,1194.9969482421875,1204.0,1210.0,1181.0,1199.0,20500
2021-07-30,1191.02685546875,1200.0,1215.0,1185.0,1204.0,16300
2021-08-02,1200.9521484375,1210.0,1237.0,1192.0,1200.0,33000
2021-08-03,1187.0567626953125,1196.0,1208.0,1180.0,1182.0,8300
2021-08-04,1180.109130859375,1189.0,1211.0,1175.0,1190.0,12000
2021-08-05,1181.1016845703125,1190.0,1198.0,1169.0,1177.0,14300
2021-08-06,1165.2213134765625,1174.0,1196.0,1168.0,1196.0,4200
2021-08-10,1152.3184814453125,1161.0,1196.0,1155.0,1189.0,20800
2021-08-11,1194.0045166015625,1203.0,1210.0,1152.0,1175.0,24100
2021-08-12,1191.02685546875,1200.0,1227.0,1175.0,1203.0,36900
2021-08-13,1197.974609375,1207.0,1214.0,1185.0,1200.0,10300
2021-08-16,1180.109130859375,1189.0,1207.0,1178.0,1190.0,10400
2021-08-17,1131.4755859375,1140.0,1198.0,1140.0,1180.0,11900
2021-08-18,1095.7447509765625,1104.0,1162.0,1095.0,1140.0,27200
2021-08-19,1098.7222900390625,1107.0,1165.0,1077.0,1077.0,41100
2021-08-20,1078.871826171875,1087.0,1119.0,1079.0,1113.0,34200
2021-08-23,1099.71484375,1108.0,1111.0,1062.0,1086.0,12700
2021-08-24,1096.7373046875,1105.0,1119.0,1091.0,1093.0,8700
2021-08-25,1074.9017333984375,1083.0,1109.0,1076.0,1105.0,3200
2021-08-26,1113.610107421875,1122.0,1122.0,1059.0,1083.0,12600
2021-08-27,1068.9466552734375,1077.0,1108.0,1071.0,1108.0,6700
2021-08-30,1035.200927734375,1043.0,1075.0,1043.0,1075.0,7000
2021-08-31,1051.081298828125,1059.0,1075.0,1025.0,1031.0,25700
2021-09-01,1039.1710205078125,1047.0,1102.0,1044.0,1049.0,21900
2021-09-02,1045.1260986328125,1053.0,1107.0,995.0,1107.0,107100
2021-09-03,1007.4102783203124,1015.0,1047.0,1007.0,1045.0,34000
2021-09-06,1024.2830810546875,1032.0,1032.0,1002.0,1020.0,20300
2021-09-07,1029.2457275390625,1037.0,1040.0,1006.0,1025.0,17800
2021-09-08,1101.6998291015625,1110.0,1125.0,1040.0,1049.0,69900
2021-09-09,1106.6624755859375,1115.0,1196.0,1080.0,1109.0,72100
2021-09-10,1210.8773193359375,1220.0,1228.0,1121.0,1121.0,78800
2021-09-13,1305.1669921875,1315.0,1320.0,1232.0,1250.0,59400
2021-09-14,1389.5313720703125,1400.0,1495.0,1336.0,1345.0,318800
2021-09-15,1421.2921142578125,1432.0,1445.0,1367.0,1400.0,70800
2021-09-16,1389.5313720703125,1400.0,1449.0,1351.0,1449.0,39800
2021-09-17,1428.23974609375,1439.0,1450.0,1386.0,1396.0,33400
2021-09-21,1389.5313720703125,1400.0,1435.0,1345.0,1435.0,15300
2021-09-22,1385.561279296875,1396.0,1435.0,1369.0,1405.0,31000
2021-09-24,1419.3070068359375,1430.0,1449.0,1394.0,1400.0,46500
2021-09-27,1432.2098388671875,1443.0,1475.0,1408.0,1429.0,27900
2021-09-28,1401.441650390625,1412.0,1450.0,1382.0,1450.0,21000
2021-09-29,1404.419189453125,1415.0,1420.0,1365.0,1390.0,15700
2021-09-30,1384.5687255859375,1395.0,1415.0,1392.0,1415.0,6600
2021-10-01,1359.7557373046875,1370.0,1403.0,1353.0,1370.0,11200
2021-10-04,1369.680908203125,1380.0,1410.0,1365.0,1365.0,20000
2021-10-05,1299.2117919921875,1309.0,1379.0,1307.0,1379.0,13300
2021-10-06,1212.8624267578125,1222.0,1305.0,1215.0,1305.0,14600
2021-10-07,1195.989501953125,1205.0,1251.0,1201.0,1222.0,12700
2021-10-08,1179.1165771484375,1188.0,1234.0,1171.0,1211.0,9000
2021-10-11,1184.0792236328125,1193.0,1193.0,1163.0,1180.0,4100
2021-10-12,1166.2138671875,1175.0,1189.0,1150.0,1181.0,10300
2021-10-13,1194.9969482421875,1204.0,1230.0,1121.0,1168.0,45100
2021-10-14,1139.415771484375,1148.0,1172.0,1122.0,1144.0,46600
2021-10-15,1138.4232177734375,1147.0,1170.0,1140.0,1170.0,7000
2021-10-18,1151.3260498046875,1160.0,1164.0,1131.0,1150.0,7500
2021-10-19,1316.084716796875,1326.0,1446.0,1190.0,1190.0,147900
2021-10-20,1402.4342041015625,1413.0,1483.0,1390.0,1483.0,69800
2021-10-21,1421.2921142578125,1432.0,1444.0,1423.0,1429.0,28000
2021-10-22,1432.2098388671875,1443.0,1447.0,1413.0,1447.0,21100
2021-10-25,1455.037841796875,1466.0,1479.0,1422.0,1443.0,29400
2021-10-26,1460.9930419921875,1472.0,1518.0,1450.0,1466.0,36500
2021-10-27,1453.0528564453125,1464.0,1481.0,1445.0,1458.0,9500
2021-10-28,1439.157470703125,1450.0,1477.0,1442.0,1464.0,46800
2021-10-29,1455.037841796875,1466.0,1474.0,1446.0,1450.0,9800
2021-11-01,1518.559326171875,1530.0,1533.0,1467.0,1467.0,26600
2021-11-02,1588.035888671875,1600.0,1610.0,1539.0,1550.0,41400
2021-11-04,1589.0284423828125,1601.0,1615.0,1592.0,1611.0,20700
2021-11-05,1588.035888671875,1600.0,1615.0,1587.0,1600.0,10200
2021-11-08,1590.0208740234375,1602.0,1617.0,1595.0,1604.0,7600
2021-11-09,1588.035888671875,1600.0,1605.0,1586.0,1600.0,19800
2021-11-10,1594.9835205078125,1607.0,1609.0,1596.0,1600.0,5000
2021-11-11,1596.9686279296875,1609.0,1609.0,1595.0,1600.0,9700
2021-11-12,1622.774169921875,1635.0,1635.0,1602.0,1614.0,18900
2021-11-15,1456.0303955078125,1467.0,1600.0,1430.0,1595.0,25800
2021-11-16,1452.060302734375,1463.0,1500.0,1440.0,1500.0,23600
2021-11-17,1439.157470703125,1450.0,1470.0,1439.0,1455.0,34200
2021-11-18,1458.015380859375,1469.0,1470.0,1448.0,1450.0,5000
2021-11-19,1439.157470703125,1450.0,1460.0,1446.0,1452.0,12300
2021-11-22,1450.0751953125,1461.0,1461.0,1448.0,1450.0,2800
2021-11-24,1439.157470703125,1450.0,1480.0,1440.0,1450.0,43500
2021-11-25,1429.2322998046875,1440.0,1463.0,1420.0,1444.0,22400
2021-11-26,1422.28466796875,1433.0,1450.0,1418.0,1426.0,28300
2021-11-29,1380.5986328125,1391.0,1422.0,1368.0,1403.0,20800
2021-11-30,1377.62109375,1388.0,1420.0,1379.0,1391.0,19700
2021-12-01,1364.7183837890625,1375.0,1400.0,1375.0,1375.0,5800
2021-12-02,1384.5687255859375,1395.0,1401.0,1384.0,1395.0,9400
2021-12-03,1396.47900390625,1407.0,1420.0,1399.0,1400.0,4800
2021-12-06,1438.1650390625,1449.0,1449.0,1405.0,1405.0,30200
2021-12-07,1493.7462158203125,1505.0,1520.0,1464.0,1489.0,46900
2021-12-08,1771.6524658203125,1785.0,1799.0,1544.0,1545.0,158700
2021-12-09,1592.0059814453125,1604.0,1783.0,1589.0,1783.0,61500
2021-12-10,1541.3873291015625,1553.0,1634.0,1541.0,1615.0,26000
2021-12-13,1509.6265869140625,1521.0,1555.0,1508.0,1553.0,13600
2021-12-14,1570.17041015625,1582.0,1584.0,1501.0,1521.0,18400
2021-12-15,1538.4097900390625,1550.0,1598.0,1539.0,1542.0,10300
2021-12-16,1577.1181640625,1589.0,1595.0,1536.0,1555.0,12900
2021-12-17,1501.6864013671875,1513.0,1589.0,1486.0,1589.0,19200
2021-12-20,1439.157470703125,1450.0,1528.0,1443.0,1528.0,11000
2021-12-21,1490.7686767578125,1502.0,1510.0,1438.0,1479.0,14000
2021-12-22,1536.4246826171875,1548.0,1548.0,1499.0,1518.0,7100
2021-12-23,1563.2227783203125,1575.0,1575.0,1534.0,1534.0,3300
2021-12-24,1585.058349609375,1597.0,1597.0,1556.0,1591.0,7600
2021-12-27,1609.871337890625,1622.0,1630.0,1517.0,1597.0,9600
2021-12-28,1692.250732421875,1705.0,1715.0,1611.0,1640.0,20200
2021-12-29,1679.347900390625,1692.0,1795.0,1668.0,1703.0,39500
2021-12-30,1641.632080078125,1654.0,1723.0,1628.0,1666.0,12000
2022-01-04,1680.3404541015625,1693.0,1693.0,1639.0,1639.0,7100
2022-01-05,1696.2208251953125,1709.0,1734.0,1679.0,1733.0,12700
2022-01-06,1653.5423583984375,1666.0,1702.0,1639.0,1670.0,17700
2022-01-07,1603.916259765625,1616.0,1677.0,1591.0,1651.0,10200
2022-01-11,1600.938720703125,1613.0,1615.0,1591.0,1615.0,4700
2022-01-12,1640.6395263671875,1653.0,1656.0,1606.0,1606.0,11100
2022-01-13,1597.9610595703125,1610.0,1637.0,1586.0,1637.0,7500
2022-01-14,1554.2901611328125,1566.0,1603.0,1556.0,1591.0,6900
2022-01-17,1602.9237060546875,1615.0,1622.0,1578.0,1606.0,5100
2022-01-18,1596.9686279296875,1609.0,1615.0,1566.0,1615.0,8500
2022-01-19,1595.97607421875,1608.0,1624.0,1589.0,1609.0,9100
2022-01-20,1682.325439453125,1695.0,1716.0,1598.0,1624.0,11900
2022-01-21,1655.52734375,1668.0,1740.0,1635.0,1735.0,6800
2022-01-24,1556.275146484375,1568.0,1664.0,1568.0,1664.0,7500
2022-01-25,1544.3648681640625,1556.0,1629.0,1508.0,1629.0,10600
2022-01-26,1601.93115234375,1614.0,1626.0,1556.0,1556.0,3900
2022-01-27,1538.4097900390625,1550.0,1629.0,1550.0,1629.0,10100
2022-01-28,1585.058349609375,1597.0,1597.0,1498.0,1560.0,18800
2022-01-31,1581.0882568359375,1593.0,1642.0,1591.0,1597.0,4700
2022-02-01,1624.7591552734375,1637.0,1650.0,1553.0,1593.0,3600
2022-02-02,1697.21337890625,1710.0,1734.0,1627.0,1627.0,19000
2022-02-03,1682.325439453125,1695.0,1710.0,1685.0,1710.0,4100
2022-02-04,1707.1385498046875,1720.0,1720.0,1633.0,1719.0,4700
2022-02-07,1604.90869140625,1617.0,1720.0,1617.0,1720.0,9600
2022-02-08,1604.90869140625,1617.0,1650.0,1606.0,1606.0,3200
2022-02-09,1638.654541015625,1651.0,1710.0,1623.0,1693.0,13000
2022-02-10,1699.1983642578125,1712.0,1712.0,1671.0,1709.0,7600
2022-02-14,1736.9141845703125,1750.0,1780.0,1716.0,1750.0,29300
2022-02-15,1669.4227294921875,1682.0,1749.0,1656.0,1749.0,22800
2022-02-16,1756.7646484375,1770.0,1773.0,1728.0,1745.0,13500
2022-02-17,1824.2562255859373,1838.0,1860.0,1794.0,1800.0,17000
2022-02-18,1848.0767822265625,1862.0,1872.0,1831.0,1840.0,18700
2022-02-21,1841.1290283203125,1855.0,1880.0,1828.0,1880.0,12100
2022-02-22,1820.2861328125,1834.0,1884.0,1826.0,1884.0,8000
2022-02-24,1845.09912109375,1859.0,1860.0,1820.0,1860.0,15300
2022-02-25,1867.92724609375,1882.0,1891.0,1850.0,1858.0,14900
2022-02-28,1958.2467041015625,1973.0,2057.0,1890.0,1920.0,32000
2022-03-01,2002.9102783203125,2018.0,2040.0,1995.0,2000.0,15000
2022-03-02,1980.082275390625,1995.0,2020.0,1987.0,2010.0,14100
2022-03-03,2001.917724609375,2017.0,2038.0,1997.0,2022.0,15900
2022-03-04,1984.0523681640625,1999.0,2032.0,1987.0,2032.0,12900
2022-03-07,2006.88037109375,2022.0,2089.0,2014.0,2089.0,13700
2022-03-08,2021.7681884765625,2037.0,2037.0,1995.0,1995.0,17600
2022-03-09,1984.0523681640625,1999.0,2037.0,1974.0,2037.0,11800
2022-03-10,2015.81298828125,2031.0,2037.0,2010.0,2010.0,7400
2022-03-11,2041.61865234375,2057.0,2075.0,1975.0,1996.0,25900
2022-03-14,2118.042724609375,2134.0,2136.0,2070.0,2097.0,16400
2022-03-15,2132.9306640625,2149.0,2150.0,2112.0,2150.0,11200
2022-03-16,2122.012939453125,2138.0,2147.0,2084.0,2147.0,5000
2022-03-17,2109.110107421875,2125.0,2147.0,2045.0,2146.0,6600
2022-03-18,2023.753173828125,2039.0,2134.0,1995.0,2134.0,16700
2022-03-22,2012.83544921875,2028.0,2039.0,1985.0,2039.0,9600
2022-03-23,2121.0205078125,2137.0,2245.0,2064.0,2208.0,35200
2022-03-24,2264.936279296875,2282.0,2300.0,2098.0,2148.0,28200
2022-03-25,2337.390380859375,2355.0,2400.0,2284.0,2352.0,27600
2022-03-28,1990.0074462890625,2005.0,2370.0,2005.0,2370.0,30900
2022-03-29,1991.0,2006.0,2022.0,1993.0,2006.0,27700
2022-03-30,2008.0,2008.0,2036.0,1940.0,1995.0,26600
2022-03-31,2000.0,2000.0,2037.0,1979.0,2008.0,24300
2022-04-01,1993.0,1993.0,2017.0,1969.0,2000.0,26800
2022-04-04,1995.0,1995.0,2033.0,1973.0,2033.0,21600
2022-04-05,2008.0,2008.0,2028.0,1995.0,2028.0,13700
2022-04-06,1995.0,1995.0,2015.0,1986.0,1996.0,8500
2022-04-07,2008.0,2008.0,2023.0,1978.0,1995.0,14000
2022-04-08,2011.0,2011.0,2036.0,1982.0,1997.0,30800
2022-04-11,1783.0,1783.0,2004.0,1783.0,2000.0,32100
2022-04-12,1581.0,1581.0,1756.0,1576.0,1743.0,30400
2022-04-13,1595.0,1595.0,1595.0,1481.0,1581.0,32300
2022-04-14,1625.0,1625.0,1625.0,1573.0,1600.0,7800
2022-04-15,1573.0,1573.0,1607.0,1565.0,1601.0,17200
2022-04-18,1590.0,1590.0,1603.0,1489.0,1540.0,27300
2022-04-19,1566.0,1566.0,1622.0,1559.0,1622.0,25900
2022-04-20,1601.0,1601.0,1620.0,1566.0,1598.0,18500
2022-04-21,1688.0,1688.0,1728.0,1602.0,1617.0,21200
2022-04-22,1654.0,1654.0,1688.0,1641.0,1688.0,16600
2022-04-25,1610.0,1610.0,1644.0,1601.0,1614.0,22900
2022-04-26,1675.0,1675.0,1692.0,1609.0,1611.0,14900
2022-04-27,1654.0,1654.0,1675.0,1615.0,1675.0,98100
2022-04-28,1703.0,1703.0,1743.0,1642.0,1650.0,33800
2022-05-02,1602.0,1602.0,1662.0,1533.0,1623.0,25000
2022-05-06,1726.0,1726.0,1753.0,1633.0,1650.0,25500
2022-05-09,1650.0,1650.0,1667.0,1637.0,1653.0,22000
2022-05-10,1685.0,1685.0,1733.0,1634.0,1646.0,8700
2022-05-11,1663.0,1663.0,1728.0,1663.0,1722.0,16700
2022-05-12,1654.0,1654.0,1747.0,1642.0,1703.0,28700
2022-05-13,1768.0,1768.0,1798.0,1650.0,1651.0,57600
2022-05-16,1650.0,1650.0,1728.0,1634.0,1728.0,36500
2022-05-17,1751.0,1751.0,1764.0,1637.0,1650.0,18000
2022-05-18,1720.0,1720.0,1752.0,1688.0,1711.0,13000
2022-05-19,1709.0,1709.0,1741.0,1641.0,1680.0,14600
2022-05-20,1718.0,1718.0,1738.0,1682.0,1710.0,22400
2022-05-23,1731.0,1731.0,1765.0,1687.0,1716.0,6700
2022-05-24,1730.0,1730.0,1746.0,1660.0,1710.0,10200
2022-05-25,1802.0,1802.0,1849.0,1704.0,1704.0,31400
2022-05-26,1816.0,1816.0,1857.0,1784.0,1811.0,22000
2022-05-27,1906.0,1906.0,1947.0,1767.0,1817.0,41900
2022-05-30,1829.0,1829.0,1905.0,1773.0,1866.0,111200
2022-05-31,1884.0,1884.0,1904.0,1802.0,1802.0,19900
2022-06-01,2042.0,2042.0,2062.0,1897.0,1900.0,23400
2022-06-02,1996.0,1996.0,2025.0,1953.0,2025.0,24300
2022-06-03,1958.0,1958.0,2029.0,1921.0,2029.0,18600
2022-06-06,1988.0,1988.0,2085.0,1892.0,1958.0,30100
2022-06-07,1998.0,1998.0,2125.0,1941.0,2028.0,20400
2022-06-08,2124.0,2124.0,2124.0,1965.0,1999.0,19300
2022-06-09,2018.0,2018.0,2060.0,2006.0,2060.0,17500
2022-06-10,1993.0,1993.0,2042.0,1959.0,2042.0,12500
2022-06-13,1960.0,1960.0,1993.0,1859.0,1993.0,16200
2022-06-14,1966.0,1966.0,1995.0,1904.0,1934.0,10300
2022-06-15,1868.0,1868.0,1999.0,1868.0,1999.0,10500
2022-06-16,1896.0,1896.0,1913.0,1854.0,1888.0,7000
2022-06-17,1843.0,1843.0,1896.0,1809.0,1896.0,10900
2022-06-20,1762.0,1762.0,1855.0,1732.0,1824.0,13900
2022-06-21,1924.0,1924.0,1940.0,1802.0,1802.0,22700
2022-06-22,1985.0,1985.0,2000.0,1900.0,1951.0,12000
2022-06-23,2010.0,2010.0,2051.0,1930.0,1953.0,17800
2022-06-24,2088.0,2088.0,2088.0,1903.0,2010.0,16500
2022-06-27,1970.0,1970.0,2097.0,1970.0,2097.0,12300
2022-06-28,2150.0,2150.0,2150.0,1970.0,1970.0,23700
2022-06-29,2082.0,2082.0,2154.0,2028.0,2107.0,62200
2022-06-30,1993.0,1993.0,2102.0,1988.0,2050.0,19500
2022-07-01,2102.0,2102.0,2129.0,1941.0,1993.0,14700
2022-07-04,2061.0,2061.0,2102.0,1982.0,2102.0,9600
2022-07-05,2115.0,2115.0,2130.0,2061.0,2061.0,6400
2022-07-06,2108.0,2108.0,2121.0,2042.0,2088.0,18500
2022-07-07,2082.0,2082.0,2145.0,2030.0,2145.0,6200
2022-07-08,2091.0,2091.0,2131.0,2034.0,2062.0,26400
2022-07-11,2137.0,2137.0,2162.0,2091.0,2091.0,9600
2022-07-12,2109.0,2109.0,2144.0,2065.0,2105.0,10500
2022-07-13,2117.0,2117.0,2140.0,2051.0,2109.0,9300
2022-07-14,2204.0,2204.0,2204.0,2081.0,2138.0,20700
2022-07-15,2179.0,2179.0,2209.0,2125.0,2209.0,3300
2022-07-19,2089.0,2089.0,2214.0,2073.0,2165.0,5700
2022-07-20,2136.0,2136.0,2151.0,2070.0,2089.0,8000
2022-07-21,2169.0,2169.0,2186.0,2125.0,2186.0,4200
2022-07-22,2149.0,2149.0,2171.0,2144.0,2158.0,1900
2022-07-25,2200.0,2200.0,2233.0,2149.0,2149.0,9600
2022-07-26,2164.0,2164.0,2213.0,2156.0,2201.0,7700
2022-07-27,2178.0,2178.0,2221.0,2134.0,2168.0,6400
2022-07-28,2235.0,2235.0,2237.0,2158.0,2217.0,22300
2022-07-29,2190.0,2190.0,2223.0,2158.0,2223.0,7300
2022-08-01,2198.0,2198.0,2224.0,2139.0,2190.0,6100
2022-08-02,2166.0,2166.0,2185.0,2116.0,2185.0,6700
2022-08-03,2044.0,2044.0,2180.0,2003.0,2180.0,15500
2022-08-04,1920.0,1920.0,2035.0,1918.0,2035.0,15500
2022-08-05,1886.0,1886.0,1910.0,1786.0,1900.0,41000
2022-08-08,1868.0,1868.0,1896.0,1839.0,1853.0,7100
2022-08-09,1814.0,1814.0,1862.0,1811.0,1855.0,11400
2022-08-10,1800.0,1800.0,1974.0,1791.0,1894.0,34200
2022-08-12,1806.0,1806.0,1830.0,1750.0,1800.0,30800
2022-08-15,1822.0,1822.0,1841.0,1778.0,1806.0,16500
2022-08-16,1831.0,1831.0,1867.0,1801.0,1822.0,22400
2022-08-17,1825.0,1825.0,1841.0,1801.0,1841.0,31200
2022-08-18,1841.0,1841.0,1861.0,1821.0,1822.0,15600
2022-08-19,1873.0,1873.0,1878.0,1831.0,1831.0,10400
2022-08-22,1839.0,1839.0,1913.0,1811.0,1913.0,9600
2022-08-23,1831.0,1831.0,1851.0,1807.0,1823.0,16700
2022-08-24,1822.0,1822.0,1831.0,1795.0,1831.0,10000
2022-08-25,1801.0,1801.0,1823.0,1790.0,1816.0,8600
2022-08-26,1883.0,1883.0,1912.0,1800.0,1802.0,24400
2022-08-29,1868.0,1868.0,1921.0,1810.0,1843.0,22400
2022-08-30,1917.0,1917.0,1930.0,1860.0,1860.0,12800
2022-08-31,1889.0,1889.0,1928.0,1877.0,1906.0,7400
2022-09-01,1871.0,1871.0,1929.0,1821.0,1849.0,22100
2022-09-02,1838.0,1838.0,1880.0,1781.0,1805.0,52500
2022-09-05,1903.0,1903.0,1916.0,1804.0,1831.0,10500
2022-09-06,1908.0,1908.0,1939.0,1890.0,1903.0,11400
2022-09-07,1977.0,1977.0,1995.0,1894.0,1894.0,17000
2022-09-08,1945.0,1945.0,1979.0,1922.0,1937.0,28700
2022-09-09,2024.0,2024.0,2049.0,1958.0,1964.0,17200
2022-09-12,1988.0,1988.0,2010.0,1936.0,1974.0,10600
2022-09-13,1924.0,1924.0,1981.0,1924.0,1969.0,6800
2022-09-14,1874.0,1874.0,1935.0,1872.0,1893.0,8500
2022-09-15,1879.0,1879.0,1889.0,1846.0,1864.0,11700
2022-09-16,1801.0,1801.0,1874.0,1801.0,1874.0,8700
2022-09-20,1829.0,1829.0,1829.0,1768.0,1811.0,13600
2022-09-21,1838.0,1838.0,1852.0,1801.0,1805.0,9300
2022-09-22,1850.0,1850.0,1893.0,1800.0,1800.0,19100
2022-09-26,1864.0,1864.0,1898.0,1815.0,1850.0,16700
2022-09-27,1925.0,1925.0,1973.0,1862.0,1864.0,19200
2022-09-28,1908.0,1908.0,1934.0,1841.0,1885.0,19700
2022-09-29,1941.0,1941.0,1994.0,1869.0,1869.0,18400
2022-09-30,1982.0,1982.0,2016.0,1893.0,1913.0,18300
2022-10-03,1929.0,1929.0,1971.0,1903.0,1971.0,13500
2022-10-04,2022.0,2022.0,2049.0,1995.0,2049.0,10400
2022-10-05,2020.0,2020.0,2046.0,1956.0,1972.0,8900
2022-10-06,2050.0,2050.0,2100.0,1974.0,1974.0,11300
2022-10-07,2012.0,2012.0,2036.0,1999.0,2002.0,10100
2022-10-11,1962.0,1962.0,2002.0,1840.0,1922.0,53100
2022-10-12,1824.0,1824.0,1945.0,1800.0,1945.0,33000
2022-10-13,1815.0,1815.0,1837.0,1773.0,1811.0,52000
2022-10-14,1859.0,1859.0,1897.0,1841.0,1855.0,26700
2022-10-17,1825.0,1825.0,1859.0,1797.0,1859.0,26300
2022-10-18,1839.0,1839.0,1871.0,1805.0,1825.0,22400
2022-10-19,1860.0,1860.0,1868.0,1806.0,1842.0,25400
2022-10-20,1840.0,1840.0,1844.0,1815.0,1833.0,21100
2022-10-21,1830.0,1830.0,1852.0,1799.0,1833.0,28100
2022-10-24,1831.0,1831.0,1863.0,1791.0,1863.0,25900
2022-10-25,1919.0,1919.0,1932.0,1828.0,1859.0,41000
2022-10-26,1870.0,1870.0,1935.0,1864.0,1919.0,23400
2022-10-27,1837.0,1837.0,1877.0,1820.0,1870.0,34900
2022-10-28,1872.0,1872.0,1940.0,1831.0,1837.0,139400
2022-10-31,1963.0,1963.0,1987.0,1868.0,1872.0,21800
2022-11-01,1961.0,1961.0,1996.0,1923.0,1963.0,9400
2022-11-02,1946.0,1946.0,1976.0,1919.0,1976.0,9400
2022-11-04,1926.0,1926.0,1976.0,1901.0,1976.0,7800
2022-11-07,1968.0,1968.0,1999.0,1940.0,1942.0,8800
2022-11-08,1950.0,1950.0,1977.0,1906.0,1957.0,12100
2022-11-09,1925.0,1925.0,1950.0,1867.0,1950.0,12400
2022-11-10,1839.0,1839.0,1890.0,1820.0,1887.0,24700
2022-11-11,1940.0,1940.0,1941.0,1857.0,1857.0,19500
2022-11-14,1929.0,1929.0,1975.0,1903.0,1957.0,13700
2022-11-15,2050.0,2050.0,2070.0,1886.0,1891.0,15200
2022-11-16,2057.0,2057.0,2058.0,2024.0,2050.0,4800
2022-11-17,2076.0,2076.0,2087.0,2049.0,2057.0,6600
2022-11-18,2053.0,2053.0,2087.0,2045.0,2070.0,5400
2022-11-21,2084.0,2084.0,2153.0,2050.0,2153.0,9300
2022-11-22,2057.0,2057.0,2101.0,2032.0,2084.0,4600
2022-11-24,2057.0,2057.0,2104.0,2045.0,2057.0,12300
2022-11-25,2013.0,2013.0,2107.0,1968.0,2107.0,7600
2022-11-28,2031.0,2031.0,2031.0,1987.0,2013.0,3900
2022-11-29,2096.0,2096.0,2118.0,1995.0,2031.0,11900
2022-11-30,2096.0,2096.0,2119.0,2083.0,2119.0,3300
2022-12-01,2017.0,2017.0,2096.0,1998.0,2096.0,11400
2022-12-02,2029.0,2029.0,2047.0,1957.0,2030.0,8400
2022-12-05,1927.0,1927.0,2034.0,1887.0,1979.0,30700
2022-12-06,2020.0,2020.0,2025.0,1901.0,1912.0,14900
2022-12-07,2014.0,2014.0,2070.0,2004.0,2070.0,3000
2022-12-08,2064.0,2064.0,2065.0,1973.0,2003.0,11400
2022-12-09,2038.0,2038.0,2057.0,2038.0,2049.0,2000
2022-12-12,2019.0,2019.0,2020.0,1987.0,2020.0,3500
2022-12-13,2101.0,2101.0,2110.0,2002.0,2002.0,10600
2022-12-14,2108.0,2108.0,2114.0,2078.0,2107.0,2900
2022-12-15,2077.0,2077.0,2097.0,2068.0,2097.0,2100
2022-12-16,2048.0,2048.0,2055.0,2048.0,2055.0,1600
2022-12-19,2008.0,2008.0,2040.0,1980.0,2021.0,5300
2022-12-20,2004.0,2004.0,2058.0,1951.0,2058.0,28300
2022-12-21,1981.0,1981.0,2008.0,1943.0,1999.0,8500
2022-12-22,2001.0,2001.0,2001.0,1918.0,1981.0,5600
2022-12-23,1988.0,1988.0,2000.0,1974.0,2000.0,2800
2022-12-26,2008.0,2008.0,2008.0,1972.0,1973.0,1100
2022-12-27,2001.0,2001.0,2042.0,1958.0,2008.0,4000
2022-12-28,2091.0,2091.0,2091.0,1991.0,1991.0,7800
2022-12-29,2053.0,2053.0,2072.0,2041.0,2041.0,4100
2022-12-30,2073.0,2073.0,2098.0,2040.0,2080.0,3800
2023-01-04,2030.0,2030.0,2070.0,2021.0,2070.0,3300
2023-01-05,2020.0,2020.0,2073.0,2012.0,2014.0,3900
2023-01-06,2034.0,2034.0,2034.0,2014.0,2020.0,1000
2023-01-10,2039.0,2039.0,2071.0,2032.0,2054.0,5200
2023-01-11,2086.0,2086.0,2086.0,2013.0,2031.0,23600
2023-01-12,2013.0,2013.0,2053.0,1976.0,2053.0,29000
2023-01-13,1985.0,1985.0,2045.0,1961.0,1998.0,34300
2023-01-16,1998.0,1998.0,2041.0,1907.0,1987.0,34600
2023-01-17,1989.0,1989.0,2020.0,1975.0,1980.0,10600
2023-01-18,2063.0,2063.0,2072.0,1967.0,1981.0,41600
2023-01-19,2072.0,2072.0,2095.0,1989.0,2063.0,21100
2023-01-20,1957.0,1957.0,2059.0,1957.0,2022.0,39800
2023-01-23,2020.0,2020.0,2080.0,1925.0,1989.0,36300
2023-01-24,2050.0,2050.0,2064.0,1995.0,2047.0,55400
2023-01-25,2026.0,2026.0,2050.0,2025.0,2040.0,4000
2023-01-26,2027.0,2027.0,2044.0,2020.0,2023.0,5000
2023-01-27,2046.0,2046.0,2057.0,2021.0,2026.0,11700
2023-01-30,2035.0,2035.0,2050.0,2023.0,2027.0,31900
2023-01-31,2041.0,2041.0,2041.0,2037.0,2037.0,400
2023-02-01,2018.0,2018.0,2031.0,1990.0,2024.0,13700
2023-02-02,2023.0,2023.0,2030.0,2023.0,2023.0,3700
2023-02-03,2023.0,2023.0,2035.0,2006.0,2023.0,7800
2023-02-06,2023.0,2023.0,2030.0,2011.0,2024.0,6900
2023-02-07,2047.0,2047.0,2074.0,2023.0,2023.0,7900
2023-02-08,2030.0,2030.0,2030.0,2025.0,2029.0,1800
2023-02-09,2026.0,2026.0,2040.0,2024.0,2024.0,1300
2023-02-10,2060.0,2060.0,2060.0,2010.0,2010.0,6500
2023-02-13,2074.0,2074.0,2098.0,2050.0,2060.0,5000
2023-02-14,2062.0,2062.0,2093.0,2062.0,2069.0,2100
2023-02-15,1904.0,1904.0,2098.0,1856.0,2098.0,30400
2023-02-16,1948.0,1948.0,1950.0,1864.0,1864.0,20500
2023-02-17,1934.0,1934.0,1965.0,1908.0,1908.0,11600
2023-02-20,1926.0,1926.0,1926.0,1899.0,1908.0,2300
2023-02-21,1872.0,1872.0,1907.0,1838.0,1907.0,8200
2023-02-22,1837.0,1837.0,1871.0,1830.0,1832.0,6400
2023-02-24,1897.0,1897.0,1897.0,1820.0,1837.0,12200
2023-02-27,1871.0,1871.0,1900.0,1871.0,1900.0,1100
2023-02-28,1936.0,1936.0,1947.0,1871.0,1871.0,5900
2023-03-01,1966.0,1966.0,1967.0,1928.0,1929.0,2800
2023-03-02,1957.0,1957.0,1969.0,1950.0,1966.0,1700
2023-03-03,1979.0,1979.0,1989.0,1943.0,1943.0,3700
2023-03-06,1976.0,1976.0,1976.0,1941.0,1965.0,2300
2023-03-07,1967.0,1967.0,1990.0,1955.0,1990.0,2800
2023-03-08,1979.0,1979.0,1997.0,1938.0,1938.0,4000
2023-03-09,1994.0,1994.0,1994.0,1965.0,1965.0,1900
2023-03-10,1925.0,1925.0,1989.0,1916.0,1989.0,11000
2023-03-13,1868.0,1868.0,1925.0,1844.0,1925.0,4100
2023-03-14,1829.0,1829.0,1899.0,1811.0,1899.0,6500
2023-03-15,1838.0,1838.0,1892.0,1803.0,1829.0,10200
2023-03-16,1807.0,1807.0,1861.0,1778.0,1805.0,8300
2023-03-17,1858.0,1858.0,1918.0,1798.0,1801.0,5700
2023-03-20,1715.0,1715.0,1850.0,1715.0,1850.0,9400
2023-03-27,1910.0,1910.0,1917.0,1873.0,1915.0,4500
2023-03-22,1855.0,1855.0,1855.0,1750.0,1750.0,8300
2023-03-23,1856.0,1856.0,1878.0,1801.0,1801.0,7100
2023-03-29,1992.0,1992.0,1992.0,1909.0,1909.0,6600
2023-03-24,1915.0,1915.0,1929.0,1843.0,1843.0,5000
2023-03-27,1910.0,1910.0,1923.0,1873.0,1915.0,4500
2023-03-28,1934.0,1934.0,1962.0,1870.0,1870.0,8800
2023-03-27,1893.220458984375,1910.0,1923.0,1873.0,1915.0,4500
2023-03-28,1917.009521484375,1934.0,1962.0,1870.0,1870.0,8800
2023-03-29,1974.5,1992.0,1992.0,1909.0,1909.0,6600
2023-03-30,1930.0,1930.0,1974.0,1930.0,1974.0,2500
2023-03-31,2015.0,2015.0,2030.0,1879.0,1890.0,9700
2023-04-03,2039.0,2039.0,2061.0,1998.0,2019.0,13500
2023-04-04,2047.0,2047.0,2048.0,2000.0,2025.0,11100
2023-04-05,1989.0,1989.0,2044.0,1949.0,2044.0,13600
2023-04-06,1955.0,1955.0,2023.0,1928.0,1971.0,14400
2023-04-07,1857.0,1857.0,1937.0,1850.0,1931.0,10600
2023-04-10,1843.0,1843.0,1874.0,1817.0,1817.0,7200
2023-04-11,1864.0,1864.0,1875.0,1825.0,1844.0,13900
2023-04-12,1914.0,1914.0,1965.0,1848.0,1890.0,12300
2023-04-13,1913.0,1913.0,1975.0,1896.0,1954.0,4600
2023-04-14,1905.0,1905.0,1940.0,1890.0,1940.0,3300
2023-04-17,1850.0,1850.0,1924.0,1831.0,1924.0,4600
2023-04-18,1868.0,1868.0,1890.0,1839.0,1890.0,8300
2023-04-19,1845.0,1845.0,1908.0,1810.0,1908.0,12300
2023-04-20,1800.0,1800.0,1854.0,1785.0,1854.0,6200
2023-04-21,1758.0,1758.0,1815.0,1756.0,1815.0,4300
2023-04-24,1748.0,1748.0,1795.0,1724.0,1795.0,6100
2023-04-28,1793.0,1793.0,1837.0,1790.0,1796.0,6900
2023-04-25,1795.0,1795.0,1838.0,1748.0,1748.0,11700
2023-04-26,1781.0,1781.0,1800.0,1757.0,1800.0,12600
2023-04-27,1792.0,1792.0,1834.0,1779.0,1781.0,41500
2023-04-28,1793.0,1793.0,1837.0,1790.0,1796.0,8500
2023-05-01,1810.0,1810.0,1810.0,1781.0,1794.0,5600
2023-05-02,1822.0,1822.0,1822.0,1790.0,1810.0,2900
2023-05-08,1899.0,1899.0,1900.0,1822.0,1824.0,17300
2023-05-09,1952.0,1952.0,1957.0,1899.0,1899.0,8200
2023-05-10,1976.0,1976.0,1990.0,1941.0,1951.0,7700
2023-05-11,1977.0,1977.0,1990.0,1957.0,1957.0,3200
2023-05-12,1982.0,1982.0,1991.0,1972.0,1977.0,4300
2023-05-15,2000.0,2000.0,2005.0,1964.0,1982.0,16300
2023-05-16,2045.0,2045.0,2045.0,1977.0,1998.0,6700
2023-05-17,2007.0,2007.0,2061.0,2002.0,2002.0,6400
2023-05-18,1996.0,1996.0,2010.0,1977.0,2001.0,8300
2023-05-19,2088.0,2088.0,2109.0,2007.0,2059.0,30800
2023-05-22,2115.0,2115.0,2150.0,2044.0,2050.0,7000
2023-05-23,2123.0,2123.0,2140.0,2100.0,2118.0,12900
2023-05-24,2148.0,2148.0,2148.0,2100.0,2123.0,2500
2023-05-25,2116.0,2116.0,2148.0,2098.0,2130.0,7000
2023-05-26,2229.0,2229.0,2240.0,2097.0,2098.0,30100
2023-05-29,2208.0,2208.0,2279.0,2201.0,2217.0,12600
2023-05-30,2182.0,2182.0,2234.0,2127.0,2185.0,12900
2023-05-31,2116.0,2116.0,2201.0,2092.0,2153.0,9800
2023-06-01,2144.0,2144.0,2194.0,2093.0,2140.0,11500
2023-06-02,2194.0,2194.0,2224.0,2122.0,2122.0,10600
2023-06-05,2224.0,2224.0,2244.0,2200.0,2244.0,4000
2023-06-06,2238.0,2238.0,2241.0,2195.0,2195.0,11100
2023-06-07,2199.0,2199.0,2238.0,2181.0,2238.0,8100
2023-06-08,2213.0,2213.0,2230.0,2190.0,2190.0,9100
2023-06-09,2202.0,2202.0,2231.0,2202.0,2230.0,8300
2023-06-12,2289.0,2289.0,2317.0,2199.0,2199.0,11100
2023-06-13,2240.0,2240.0,2296.0,2211.0,2296.0,2800
2023-06-14,2192.0,2192.0,2230.0,2080.0,2221.0,21600
2023-06-15,2135.0,2135.0,2199.0,2135.0,2142.0,10600
2023-06-16,2188.0,2188.0,2255.0,2134.0,2137.0,20700
2023-06-19,2190.0,2190.0,2262.0,2157.0,2261.0,10600
2023-06-20,2198.0,2198.0,2210.0,2140.0,2140.0,6100
2023-06-21,2217.0,2217.0,2249.0,2191.0,2200.0,5900
2023-06-22,2191.0,2191.0,2245.0,2187.0,2245.0,3000
2023-06-23,2194.0,2194.0,2204.0,2143.0,2184.0,11100
2023-06-26,2200.0,2200.0,2224.0,2160.0,2194.0,4900
2023-06-27,2230.0,2230.0,2240.0,2172.0,2180.0,4900
2023-06-28,2269.0,2269.0,2282.0,2194.0,2219.0,3900
2023-06-29,2217.0,2217.0,2284.0,2195.0,2254.0,3400
2023-06-30,2193.0,2193.0,2217.0,2107.0,2217.0,3700
2023-07-03,2154.0,2154.0,2226.0,2154.0,2226.0,700
2023-07-04,2212.0,2212.0,2226.0,2129.0,2154.0,4500
2023-07-05,2202.0,2202.0,2225.0,2161.0,2195.0,4600
2023-07-06,2201.0,2201.0,2225.0,2152.0,2215.0,3500
2023-07-07,2223.0,2223.0,2287.0,2171.0,2195.0,5600
2023-07-10,2195.0,2195.0,2216.0,2180.0,2196.0,7100
2023-07-11,2182.0,2182.0,2206.0,2141.0,2145.0,13100
2023-07-12,2188.0,2188.0,2206.0,2139.0,2182.0,13200
2023-07-13,2204.0,2204.0,2233.0,2153.0,2185.0,6300
2023-07-14,2195.0,2195.0,2245.0,2187.0,2204.0,6500
2023-07-18,2186.0,2186.0,2203.0,2145.0,2145.0,15700
2023-07-19,2196.0,2196.0,2222.0,2186.0,2186.0,8500
2023-07-20,2201.0,2201.0,2230.0,2167.0,2180.0,3800
2023-07-21,2178.0,2178.0,2202.0,2167.0,2180.0,5100
2023-07-24,2203.0,2203.0,2223.0,2186.0,2194.0,5000
2023-07-25,2179.0,2179.0,2210.0,2175.0,2196.0,7000
2023-07-26,2159.0,2159.0,2203.0,2159.0,2182.0,6200
2023-08-01,2060.0,2060.0,2179.0,2033.0,2070.0,6000
2023-07-27,1995.0,1995.0,2126.0,1994.0,2126.0,8800
2023-07-28,1970.0,1970.0,1980.0,1808.0,1980.0,45200
2023-07-31,2103.0,2103.0,2126.0,2000.0,2000.0,11100
2023-08-04,2021.0,2021.0,2079.0,1992.0,2038.0,2700
2023-08-01,2060.0,2060.0,2179.0,2033.0,2070.0,6800
2023-08-02,2007.0,2007.0,2110.0,2003.0,2110.0,7000
2023-08-03,1998.0,1998.0,2013.0,1923.0,2007.0,7900
2023-08-04,2021.0,2021.0,2079.0,1992.0,2038.0,3100
2023-08-07,2045.0,2045.0,2071.0,2045.0,2071.0,1500
2023-08-08,2069.0,2069.0,2069.0,1995.0,1995.0,8800
2023-08-09,1919.0,1919.0,2070.0,1919.0,2022.0,7100
2023-08-10,1958.0,1958.0,1958.0,1900.0,1943.0,7400
2023-08-14,1941.0,1941.0,2006.0,1936.0,1958.0,9100
2023-08-15,1944.0,1944.0,1952.0,1924.0,1941.0,2500
2023-08-16,1821.0,1821.0,1884.0,1821.0,1864.0,12800
2023-08-17,1833.0,1833.0,1850.0,1776.0,1850.0,5700
2023-08-18,1832.0,1832.0,1872.0,1816.0,1872.0,2900
2023-08-21,1800.0,1800.0,1822.0,1779.0,1780.0,9600
2023-08-22,1869.0,1869.0,1869.0,1812.0,1812.0,1000
2023-08-23,1835.0,1835.0,1835.0,1835.0,1835.0,400
2023-08-24,1814.0,1814.0,1868.0,1814.0,1868.0,1800
2023-08-25,1836.0,1836.0,1850.0,1821.0,1850.0,800
