Date,Adj Close,Close,High,Low,Open,Volume
2015-12-16,1251.358642578125,1595.0,1681.0,1593.0,1620.0,11551400
2015-12-17,1326.6756591796875,1691.0,1691.0,1611.0,1631.0,2816500
2015-12-18,1300.0008544921875,1657.0,1759.0,1652.0,1730.0,2290000
2015-12-21,1376.1021728515625,1754.0,1780.0,1702.0,1702.0,1669300
2015-12-22,1406.6995849609375,1793.0,1804.0,1734.0,1786.0,1461400
2015-12-24,1333.736328125,1700.0,1793.0,1658.0,1793.0,2111300
2015-12-25,1333.736328125,1700.0,1700.0,1700.0,1700.0,0
2015-12-28,1336.936767578125,1671.0,1693.0,1654.0,1658.0,420000
2015-12-29,1352.9383544921875,1691.0,1698.0,1652.0,1665.0,377600
2015-12-30,1376.140869140625,1720.0,1728.0,1699.0,1700.0,609200
2016-01-04,1377.7410888671875,1722.0,1761.0,1692.0,1760.0,459100
2016-01-05,1391.3424072265625,1739.0,1739.0,1707.0,1720.0,225300
2016-01-06,1370.5401611328125,1713.0,1730.0,1706.0,1721.0,347000
2016-01-07,1332.13623046875,1665.0,1715.0,1646.0,1715.0,432800
2016-01-08,1352.9383544921875,1691.0,1695.0,1616.0,1640.0,265600
2016-01-12,1341.7373046875,1677.0,1691.0,1650.0,1690.0,675400
2016-01-13,1344.9375,1681.0,1690.0,1660.0,1682.0,211300
2016-01-14,1336.936767578125,1671.0,1678.0,1625.0,1649.0,240300
2016-01-15,1262.5291748046875,1578.0,1678.0,1575.0,1662.0,543000
2016-01-18,1300.133056640625,1625.0,1638.0,1551.0,1583.0,859400
2016-01-19,1331.3363037109375,1664.0,1666.0,1611.0,1624.0,532200
2016-01-20,1288.1317138671875,1610.0,1681.0,1597.0,1660.0,511600
2016-01-21,1304.933349609375,1631.0,1673.0,1605.0,1605.0,437200
2016-01-22,1345.7376708984375,1682.0,1696.0,1653.0,1663.0,390300
2016-01-25,1359.3389892578125,1699.0,1705.0,1646.0,1704.0,232800
2016-01-26,1293.7322998046875,1617.0,1674.0,1612.0,1669.0,233900
2016-01-27,1311.333984375,1639.0,1667.0,1605.0,1655.0,255900
2016-01-28,1252.1280517578125,1565.0,1642.0,1565.0,1642.0,1500700
2016-01-29,1268.9298095703125,1586.0,1605.0,1530.0,1604.0,524000
2016-02-01,1237.7266845703125,1547.0,1599.0,1546.0,1589.0,437300
2016-02-02,1250.52783203125,1563.0,1573.0,1544.0,1565.0,229900
2016-02-03,1223.3250732421875,1529.0,1551.0,1497.0,1523.0,388700
2016-02-04,1254.5281982421875,1568.0,1583.0,1523.0,1529.0,242200
2016-02-05,1238.52685546875,1548.0,1555.0,1524.0,1532.0,165400
2016-02-08,1203.3228759765625,1504.0,1531.0,1501.0,1530.0,212200
2016-02-09,1203.3228759765625,1504.0,1514.0,1453.0,1488.0,235400
2016-02-10,1179.3204345703125,1474.0,1502.0,1450.0,1495.0,134400
2016-02-12,1015.3038940429688,1269.0,1393.0,1239.0,1384.0,343500
2016-02-15,1120.1143798828125,1400.0,1414.0,1280.0,1357.0,319200
2016-02-16,1076.91015625,1346.0,1455.0,1331.0,1455.0,602700
2016-02-17,1113.7139892578125,1392.0,1398.0,1317.0,1342.0,308700
2016-02-18,1133.7159423828125,1417.0,1433.0,1370.0,1398.0,250800
2016-02-19,1164.9190673828125,1456.0,1466.0,1389.0,1415.0,235700
2016-02-22,1250.52783203125,1563.0,1570.0,1457.0,1494.0,472900
2016-02-23,1252.927978515625,1566.0,1619.0,1508.0,1574.0,367000
2016-02-24,1258.528564453125,1573.0,1590.0,1473.0,1530.0,185700
2016-02-25,1228.9254150390625,1536.0,1593.0,1531.0,1588.0,121100
2016-02-26,1248.127685546875,1560.0,1589.0,1532.0,1541.0,141700
2016-02-29,1198.5225830078125,1498.0,1549.0,1490.0,1531.0,96500
2016-03-01,1164.9190673828125,1456.0,1484.0,1440.0,1462.0,201200
2016-03-02,1171.31982421875,1464.0,1491.0,1436.0,1491.0,233800
2016-03-03,1198.5225830078125,1498.0,1530.0,1450.0,1452.0,238200
2016-03-04,1228.9254150390625,1536.0,1544.0,1488.0,1488.0,154000
2016-03-07,1176.9202880859375,1471.0,1536.0,1467.0,1529.0,158900
2016-03-08,1225.7254638671875,1532.0,1544.0,1486.0,1496.0,169300
2016-03-09,1225.7254638671875,1532.0,1539.0,1487.0,1512.0,61600
2016-03-10,1248.9276123046875,1561.0,1575.0,1531.0,1543.0,120200
2016-03-11,1250.52783203125,1563.0,1569.0,1512.0,1555.0,118300
2016-03-14,1261.7293701171875,1577.0,1596.0,1550.0,1570.0,149200
2016-03-15,1251.3280029296875,1564.0,1575.0,1538.0,1556.0,195300
2016-03-16,1214.524169921875,1518.0,1559.0,1510.0,1558.0,171800
2016-03-17,1206.5235595703125,1508.0,1534.0,1489.0,1524.0,156200
2016-03-18,1186.521484375,1483.0,1503.0,1472.0,1490.0,116000
2016-03-22,1222.5252685546875,1528.0,1547.0,1490.0,1496.0,138900
2016-03-23,1212.924072265625,1516.0,1541.0,1496.0,1506.0,136400
2016-03-24,1207.3236083984375,1509.0,1521.0,1482.0,1506.0,135300
2016-03-25,1224.9251708984375,1531.0,1535.0,1488.0,1505.0,197500
2016-03-28,1242.527099609375,1553.0,1576.0,1539.0,1548.0,120900
2016-03-29,1242.527099609375,1553.0,1572.0,1537.0,1537.0,115000
2016-03-30,1215.3243408203125,1519.0,1556.0,1497.0,1554.0,113100
2016-03-31,1235.3262939453125,1544.0,1588.0,1522.0,1522.0,188300
2016-04-01,1251.3280029296875,1564.0,1574.0,1532.0,1545.0,183300
2016-04-04,1219.32470703125,1524.0,1569.0,1511.0,1558.0,173300
2016-04-05,1155.318115234375,1444.0,1523.0,1440.0,1500.0,185300
2016-04-06,1148.9176025390625,1436.0,1468.0,1431.0,1433.0,90700
2016-04-07,1132.915771484375,1416.0,1433.0,1379.0,1410.0,192900
2016-04-08,1143.31689453125,1429.0,1447.0,1386.0,1415.0,188200
2016-04-11,1160.918701171875,1451.0,1460.0,1398.0,1426.0,129600
2016-04-12,1119.3145751953125,1399.0,1450.0,1397.0,1423.0,322500
2016-04-13,1129.7158203125,1412.0,1423.0,1386.0,1389.0,326400
2016-04-14,1188.121337890625,1485.0,1535.0,1440.0,1440.0,342200
2016-04-15,1199.3226318359375,1499.0,1514.0,1447.0,1448.0,140100
2016-04-18,1200.12255859375,1500.0,1517.0,1451.0,1451.0,103000
2016-04-19,1208.923583984375,1511.0,1545.0,1493.0,1533.0,147700
2016-04-20,1232.926025390625,1541.0,1556.0,1528.0,1532.0,125200
2016-04-21,1253.728271484375,1567.0,1570.0,1540.0,1559.0,141900
2016-04-22,1213.7242431640625,1517.0,1550.0,1491.0,1550.0,214900
2016-04-25,1217.724609375,1522.0,1550.0,1510.0,1550.0,123800
2016-04-26,1173.7200927734375,1467.0,1538.0,1463.0,1505.0,210700
2016-04-27,1164.9190673828125,1456.0,1497.0,1440.0,1497.0,485500
2016-04-28,1149.7176513671875,1437.0,1525.0,1431.0,1472.0,243700
2016-05-02,1132.1158447265625,1415.0,1441.0,1402.0,1402.0,155700
2016-05-06,1134.5159912109375,1418.0,1446.0,1405.0,1439.0,244100
2016-05-09,1180.1207275390625,1475.0,1508.0,1418.0,1418.0,183100
2016-05-10,1172.1201171875,1465.0,1470.0,1346.0,1380.0,677700
2016-05-11,1182.5208740234375,1478.0,1516.0,1455.0,1472.0,323100
2016-05-12,1167.3193359375,1459.0,1488.0,1439.0,1472.0,92700
2016-05-13,1161.7188720703125,1452.0,1464.0,1402.0,1460.0,139200
2016-05-16,1163.3189697265625,1454.0,1477.0,1429.0,1468.0,97000
2016-05-17,1167.3193359375,1459.0,1477.0,1440.0,1466.0,74200
2016-05-18,1171.31982421875,1464.0,1479.0,1446.0,1460.0,89800
2016-05-19,1192.921875,1491.0,1499.0,1455.0,1480.0,123500
2016-05-20,1190.5218505859375,1488.0,1502.0,1440.0,1499.0,72900
2016-05-23,1189.7216796875,1487.0,1495.0,1456.0,1490.0,49900
2016-05-24,1200.12255859375,1500.0,1503.0,1483.0,1487.0,70700
2016-05-25,1198.5225830078125,1498.0,1516.0,1488.0,1508.0,47900
2016-05-26,1210.5238037109375,1513.0,1515.0,1491.0,1515.0,67800
2016-05-27,1210.5238037109375,1513.0,1516.0,1497.0,1500.0,77200
2016-05-30,1222.5252685546875,1528.0,1531.0,1480.0,1515.0,92100
2016-05-31,1236.12646484375,1545.0,1553.0,1512.0,1537.0,489800
2016-06-01,1263.3292236328125,1579.0,1610.0,1554.0,1559.0,226000
2016-06-02,1268.9298095703125,1586.0,1599.0,1547.0,1559.0,153200
2016-06-03,1248.9276123046875,1561.0,1605.0,1551.0,1585.0,206500
2016-06-06,1192.921875,1491.0,1520.0,1473.0,1515.0,168000
2016-06-07,1223.3250732421875,1529.0,1539.0,1480.0,1496.0,113900
2016-06-08,1214.524169921875,1518.0,1564.0,1490.0,1530.0,119000
2016-06-09,1193.7220458984375,1492.0,1519.0,1485.0,1500.0,125700
2016-06-10,1190.5218505859375,1488.0,1520.0,1466.0,1520.0,188000
2016-06-13,1137.7164306640625,1422.0,1462.0,1417.0,1460.0,159000
2016-06-14,1110.513671875,1388.0,1418.0,1357.0,1401.0,222600
2016-06-15,1102.5128173828125,1378.0,1399.0,1332.0,1360.0,223900
2016-06-16,1080.1104736328125,1350.0,1368.0,1339.0,1364.0,295800
2016-06-17,1092.1116943359375,1365.0,1380.0,1346.0,1347.0,906300
2016-06-20,1077.7103271484375,1347.0,1370.0,1333.0,1365.0,262700
2016-06-21,1044.1065673828125,1305.0,1326.0,1284.0,1321.0,325500
2016-06-22,1028.1053466796875,1285.0,1310.0,1275.0,1310.0,248400
2016-06-23,1049.7073974609375,1312.0,1330.0,1286.0,1310.0,219300
2016-06-24,992.901611328125,1241.0,1359.0,1210.0,1340.0,455800
2016-06-27,1008.1029052734376,1260.0,1312.0,1256.0,1278.0,268100
2016-06-28,925.3239135742188,1129.0,1200.0,1102.0,1200.0,454500
2016-06-29,934.3394165039062,1140.0,1160.0,1129.0,1137.0,258300
2016-06-30,954.0098876953124,1164.0,1185.0,1141.0,1185.0,307000
2016-07-01,939.2570190429688,1146.0,1169.0,1144.0,1165.0,129300
2016-07-04,949.9119262695312,1159.0,1164.0,1139.0,1162.0,149900
2016-07-05,924.5043334960938,1128.0,1151.0,1117.0,1146.0,149700
2016-07-06,922.865234375,1126.0,1127.0,1095.0,1120.0,232300
2016-07-07,914.6690673828124,1116.0,1128.0,1096.0,1101.0,204000
2016-07-08,892.5401000976562,1089.0,1141.0,1085.0,1128.0,236000
2016-07-11,892.5401000976562,1089.0,1089.0,1089.0,1089.0,0
2016-07-12,924.5043334960938,1128.0,1142.0,1118.0,1131.0,172100
2016-07-13,941.7158203125,1149.0,1195.0,1142.0,1177.0,290900
2016-07-14,945.8137817382812,1154.0,1164.0,1143.0,1149.0,158900
2016-07-15,990.0721435546876,1208.0,1214.0,1169.0,1169.0,287900
2016-07-19,1076.94921875,1314.0,1325.0,1266.0,1286.0,527400
2016-07-20,1038.4281005859375,1267.0,1297.0,1240.0,1290.0,196900
2016-07-21,1048.2633056640625,1279.0,1289.0,1265.0,1269.0,146000
2016-07-22,1047.4437255859375,1278.0,1300.0,1268.0,1268.0,140200
2016-07-25,1073.6707763671875,1310.0,1354.0,1297.0,1308.0,373800
2016-07-26,1062.1964111328125,1296.0,1312.0,1282.0,1310.0,153700
2016-07-27,1053.1810302734375,1285.0,1300.0,1274.0,1281.0,150400
2016-07-28,1027.7733154296875,1254.0,1275.0,1233.0,1275.0,367400
2016-07-29,1049.902587890625,1281.0,1285.0,1245.0,1248.0,92900
2016-08-01,1044.1656494140625,1274.0,1301.0,1265.0,1288.0,138300
2016-08-02,1039.2476806640625,1268.0,1283.0,1261.0,1266.0,79400
2016-08-03,1049.902587890625,1281.0,1295.0,1221.0,1232.0,241500
2016-08-04,1115.4703369140625,1361.0,1378.0,1316.0,1337.0,529800
2016-08-05,1141.697265625,1393.0,1435.0,1355.0,1360.0,317800
2016-08-08,1197.429931640625,1461.0,1465.0,1429.0,1430.0,312800
2016-08-09,1144.15625,1396.0,1461.0,1384.0,1442.0,338300
2016-08-10,1157.269775390625,1412.0,1421.0,1395.0,1403.0,126600
2016-08-12,1137.599365234375,1388.0,1411.0,1383.0,1386.0,48900
2016-08-15,1156.449951171875,1411.0,1430.0,1388.0,1388.0,74700
2016-08-16,1159.728515625,1415.0,1429.0,1392.0,1400.0,205800
2016-08-17,1158.90869140625,1414.0,1425.0,1396.0,1396.0,135000
2016-08-18,1121.20751953125,1368.0,1400.0,1365.0,1400.0,94900
2016-08-19,1151.532470703125,1405.0,1422.0,1368.0,1379.0,110400
2016-08-22,1176.9400634765625,1436.0,1448.0,1420.0,1427.0,95100
2016-08-23,1176.120361328125,1435.0,1445.0,1398.0,1418.0,162500
2016-08-24,1167.9244384765625,1425.0,1467.0,1404.0,1425.0,92100
2016-08-25,1153.171630859375,1407.0,1428.0,1402.0,1424.0,53300
2016-08-26,1139.2386474609375,1390.0,1413.0,1378.0,1402.0,85500
2016-08-29,1183.4964599609375,1444.0,1449.0,1412.0,1412.0,86900
2016-08-30,1178.5792236328125,1438.0,1454.0,1427.0,1444.0,47000
2016-08-31,1208.9041748046875,1475.0,1477.0,1429.0,1445.0,116500
2016-09-01,1187.594482421875,1449.0,1469.0,1438.0,1469.0,53600
2016-09-02,1178.5792236328125,1438.0,1455.0,1428.0,1437.0,62600
2016-09-05,1208.0843505859375,1474.0,1488.0,1445.0,1455.0,87300
2016-09-06,1178.5792236328125,1438.0,1474.0,1434.0,1460.0,83900
2016-09-07,1170.38330078125,1428.0,1430.0,1400.0,1410.0,58800
2016-09-08,1185.1358642578125,1446.0,1449.0,1410.0,1410.0,75400
2016-09-09,1149.0736083984375,1402.0,1430.0,1400.0,1430.0,96200
2016-09-12,1186.7750244140625,1448.0,1448.0,1384.0,1390.0,92400
2016-09-13,1169.5635986328125,1427.0,1461.0,1424.0,1455.0,77000
2016-09-14,1184.31640625,1445.0,1470.0,1406.0,1406.0,79900
2016-09-15,1201.5277099609375,1466.0,1481.0,1429.0,1441.0,79300
2016-09-16,1221.1981201171875,1490.0,1525.0,1484.0,1493.0,142300
2016-09-20,1257.2603759765625,1534.0,1547.0,1490.0,1510.0,150900
2016-09-21,1262.1778564453125,1540.0,1544.0,1500.0,1510.0,114400
2016-09-23,1285.946044921875,1569.0,1578.0,1530.0,1549.0,200200
2016-09-26,1274.471923828125,1555.0,1573.0,1551.0,1560.0,76400
2016-09-27,1228.574462890625,1499.0,1521.0,1460.0,1499.0,313400
2016-09-28,1228.574462890625,1499.0,1510.0,1476.0,1500.0,108300
2016-09-29,1264.6365966796875,1543.0,1548.0,1520.0,1529.0,74000
2016-09-30,1246.6055908203125,1521.0,1531.0,1491.0,1517.0,98000
2016-10-03,1245.7860107421875,1520.0,1555.0,1505.0,1505.0,96700
2016-10-04,1269.55419921875,1549.0,1552.0,1517.0,1519.0,100800
2016-10-05,1275.29150390625,1556.0,1567.0,1539.0,1549.0,116300
2016-10-06,1224.476318359375,1494.0,1560.0,1491.0,1560.0,244600
2016-10-07,1258.0799560546875,1535.0,1543.0,1495.0,1495.0,126600
2016-10-11,1269.55419921875,1549.0,1553.0,1507.0,1507.0,95500
2016-10-12,1263.8173828125,1542.0,1555.0,1526.0,1536.0,81700
2016-10-13,1283.4874267578125,1566.0,1569.0,1536.0,1536.0,111600
2016-10-14,1253.162353515625,1529.0,1570.0,1522.0,1570.0,126500
2016-10-17,1281.84814453125,1564.0,1567.0,1527.0,1527.0,68300
2016-10-18,1279.3895263671875,1561.0,1576.0,1550.0,1566.0,58400
2016-10-19,1270.3740234375,1550.0,1561.0,1540.0,1561.0,57500
2016-10-20,1289.224365234375,1573.0,1574.0,1523.0,1540.0,84000
2016-10-21,1346.59619140625,1643.0,1644.0,1567.0,1573.0,282100
2016-10-24,1354.7923583984375,1653.0,1670.0,1630.0,1647.0,241200
2016-10-25,1310.5340576171875,1599.0,1638.0,1595.0,1621.0,124400
2016-10-26,1308.0751953125,1596.0,1608.0,1587.0,1590.0,67800
2016-10-27,1326.926025390625,1619.0,1631.0,1595.0,1600.0,116000
2016-10-28,1356.4317626953125,1655.0,1693.0,1640.0,1650.0,314200
2016-10-31,1370.36474609375,1672.0,1680.0,1655.0,1660.0,290800
2016-11-01,1412.9837646484375,1724.0,1731.0,1670.0,1670.0,598000
2016-11-02,1408.06591796875,1718.0,1728.0,1705.0,1722.0,349200
2016-11-04,1366.2666015625,1667.0,1718.0,1657.0,1718.0,306700
2016-11-07,1398.2308349609375,1706.0,1715.0,1676.0,1700.0,293500
2016-11-08,1385.1173095703125,1690.0,1716.0,1685.0,1707.0,170500
2016-11-09,1327.745849609375,1620.0,1702.0,1582.0,1700.0,270700
2016-11-10,1382.6585693359375,1687.0,1718.0,1679.0,1700.0,299900
2016-11-11,1377.7410888671875,1681.0,1686.0,1660.0,1680.0,150600
2016-11-14,1441.6695556640625,1759.0,1771.0,1695.0,1695.0,361900
2016-11-15,1408.8856201171875,1719.0,1759.0,1697.0,1759.0,180400
2016-11-16,1392.4937744140625,1699.0,1730.0,1691.0,1729.0,164600
2016-11-17,1374.462646484375,1677.0,1699.0,1660.0,1699.0,89800
2016-11-18,1375.2822265625,1678.0,1693.0,1672.0,1690.0,146100
2016-11-21,1370.36474609375,1672.0,1693.0,1666.0,1680.0,106900
2016-11-22,1399.0504150390625,1707.0,1712.0,1679.0,1682.0,144100
2016-11-24,1394.95263671875,1702.0,1726.0,1696.0,1719.0,82200
2016-11-25,1393.313232421875,1700.0,1742.0,1690.0,1712.0,104900
2016-11-28,1389.2152099609375,1695.0,1702.0,1660.0,1702.0,69100
2016-11-29,1379.3800048828125,1683.0,1707.0,1677.0,1699.0,99300
2016-11-30,1375.2822265625,1678.0,1683.0,1653.0,1683.0,107000
2016-12-01,1383.478271484375,1688.0,1726.0,1679.0,1695.0,174200
2016-12-02,1392.4937744140625,1699.0,1725.0,1688.0,1688.0,120800
2016-12-05,1394.133056640625,1701.0,1708.0,1685.0,1695.0,65700
2016-12-06,1386.756591796875,1692.0,1714.0,1689.0,1704.0,63500
2016-12-07,1419.540283203125,1732.0,1732.0,1705.0,1707.0,117500
2016-12-08,1442.489013671875,1760.0,1760.0,1728.0,1736.0,161400
2016-12-09,1463.7984619140625,1786.0,1815.0,1730.0,1770.0,379000
2016-12-12,1412.9837646484375,1724.0,1810.0,1713.0,1800.0,255700
2016-12-13,1393.313232421875,1700.0,1715.0,1676.0,1715.0,187400
2016-12-14,1426.09716796875,1740.0,1751.0,1701.0,1708.0,117300
2016-12-15,1444.1279296875,1762.0,1779.0,1745.0,1745.0,152900
2016-12-16,1451.504638671875,1771.0,1800.0,1702.0,1761.0,210300
2016-12-19,1428.5557861328125,1743.0,1771.0,1730.0,1771.0,122900
2016-12-20,1430.1951904296875,1745.0,1770.0,1740.0,1755.0,116400
2016-12-21,1466.2574462890625,1789.0,1799.0,1774.0,1777.0,199700
2016-12-22,1485.10791015625,1812.0,1834.0,1781.0,1789.0,230100
2016-12-26,1467.896484375,1791.0,1830.0,1779.0,1830.0,149700
2016-12-27,1472.8140869140625,1797.0,1804.0,1764.0,1776.0,156900
2016-12-28,1525.414794921875,1827.0,1849.0,1782.0,1790.0,203400
2016-12-29,1455.28076171875,1743.0,1791.0,1738.0,1790.0,159500
2016-12-30,1421.048583984375,1702.0,1730.0,1690.0,1730.0,144800
2017-01-04,1476.15380859375,1768.0,1772.0,1706.0,1706.0,304100
2017-01-05,1458.6204833984375,1747.0,1786.0,1744.0,1780.0,110000
2017-01-06,1441.0867919921875,1726.0,1750.0,1715.0,1731.0,124500
2017-01-10,1429.3978271484375,1712.0,1748.0,1704.0,1724.0,185700
2017-01-11,1448.60107421875,1735.0,1754.0,1731.0,1736.0,86000
2017-01-12,1462.7950439453125,1752.0,1774.0,1731.0,1740.0,134300
2017-01-13,1489.5126953125,1784.0,1791.0,1740.0,1752.0,161700
2017-01-16,1447.76611328125,1734.0,1781.0,1728.0,1774.0,73500
2017-01-17,1432.7374267578125,1716.0,1747.0,1716.0,1732.0,117300
2017-01-18,1455.28076171875,1743.0,1755.0,1710.0,1743.0,127700
2017-01-19,1466.969482421875,1757.0,1780.0,1746.0,1758.0,96100
2017-01-20,1494.5223388671875,1790.0,1796.0,1753.0,1753.0,185300
2017-01-23,1498.697021484375,1795.0,1817.0,1785.0,1790.0,172700
2017-01-24,1497.0269775390625,1793.0,1842.0,1790.0,1795.0,167600
2017-01-25,1509.551025390625,1808.0,1835.0,1800.0,1833.0,119300
2017-01-26,1505.3760986328125,1803.0,1821.0,1791.0,1820.0,148800
2017-01-27,1562.986328125,1872.0,1885.0,1821.0,1821.0,315900
2017-01-30,1555.4722900390625,1863.0,1882.0,1850.0,1879.0,187600
2017-01-31,1509.551025390625,1808.0,1841.0,1807.0,1838.0,224000
2017-02-01,1561.316650390625,1870.0,1890.0,1802.0,1808.0,251900
2017-02-02,1592.208740234375,1907.0,1942.0,1883.0,1885.0,312600
2017-02-03,1600.5582275390625,1917.0,1958.0,1902.0,1912.0,365800
2017-02-06,1593.0439453125,1908.0,1916.0,1882.0,1911.0,112000
2017-02-07,1582.189697265625,1895.0,1930.0,1894.0,1894.0,122200
2017-02-08,1596.3836669921875,1912.0,1927.0,1883.0,1895.0,166400
2017-02-09,1594.7138671875,1910.0,1963.0,1902.0,1923.0,231800
2017-02-10,1615.587158203125,1935.0,1962.0,1923.0,1949.0,122300
2017-02-13,1632.285400390625,1955.0,1987.0,1950.0,1950.0,167000
2017-02-14,1627.2760009765625,1949.0,1985.0,1931.0,1980.0,217900
2017-02-15,1677.3717041015625,2009.0,2053.0,1971.0,1989.0,363900
2017-02-16,1622.2662353515625,1943.0,2018.0,1935.0,2010.0,374900
2017-02-17,1612.247314453125,1931.0,1943.0,1890.0,1925.0,279000
2017-02-20,1623.101318359375,1944.0,1946.0,1922.0,1946.0,89000
2017-02-21,1636.4600830078125,1960.0,1972.0,1949.0,1950.0,92800
2017-02-22,1657.33349609375,1985.0,2046.0,1974.0,1996.0,245100
2017-02-23,1658.1683349609375,1986.0,2008.0,1980.0,1990.0,196900
2017-02-24,1630.6156005859375,1953.0,1973.0,1931.0,1973.0,174800
2017-02-27,1555.4722900390625,1863.0,1915.0,1831.0,1908.0,401300
2017-02-28,1600.5582275390625,1917.0,1934.0,1894.0,1934.0,402500
2017-03-01,1623.936279296875,1945.0,1955.0,1923.0,1934.0,246200
2017-03-02,1652.3238525390625,1979.0,2017.0,1975.0,1975.0,203900
2017-03-03,1654.82861328125,1982.0,2004.0,1960.0,1976.0,191200
2017-03-06,1632.285400390625,1955.0,1960.0,1940.0,1957.0,128200
2017-03-07,1636.4600830078125,1960.0,1965.0,1928.0,1948.0,115400
2017-03-08,1645.6446533203125,1971.0,1973.0,1923.0,1952.0,126200
2017-03-09,1644.809326171875,1970.0,1991.0,1967.0,1979.0,121600
2017-03-10,1642.3045654296875,1967.0,1971.0,1954.0,1970.0,151500
2017-03-13,1625.60595703125,1947.0,1963.0,1940.0,1963.0,92600
2017-03-14,1628.11083984375,1950.0,1959.0,1929.0,1947.0,86600
2017-03-15,1608.0726318359375,1926.0,1944.0,1922.0,1941.0,93100
2017-03-16,1609.7425537109375,1928.0,1936.0,1904.0,1919.0,122300
2017-03-17,1595.5484619140625,1911.0,1939.0,1911.0,1916.0,160100
2017-03-21,1610.577392578125,1929.0,1953.0,1919.0,1920.0,91600
2017-03-22,1578.0150146484375,1890.0,1899.0,1862.0,1880.0,120100
2017-03-23,1561.316650390625,1870.0,1887.0,1854.0,1881.0,109600
2017-03-24,1573.0054931640625,1884.0,1891.0,1860.0,1864.0,68000
2017-03-27,1557.97705078125,1866.0,1875.0,1857.0,1867.0,69800
2017-03-28,1564.6561279296875,1874.0,1880.0,1867.0,1879.0,116800
2017-03-29,1585.5296630859375,1899.0,1908.0,1879.0,1879.0,83000
2017-03-30,1565.4910888671875,1875.0,1899.0,1875.0,1882.0,47000
2017-03-31,1537.103759765625,1841.0,1884.0,1841.0,1876.0,117000
2017-04-03,1533.763916015625,1837.0,1869.0,1827.0,1865.0,171800
2017-04-04,1521.2398681640625,1822.0,1839.0,1810.0,1828.0,139700
2017-04-05,1532.928955078125,1836.0,1841.0,1806.0,1822.0,76500
2017-04-06,1502.0364990234375,1799.0,1824.0,1791.0,1818.0,75100
2017-04-07,1569.6658935546875,1880.0,1890.0,1822.0,1825.0,249900
2017-04-10,1586.3643798828125,1900.0,1936.0,1891.0,1891.0,224100
2017-04-11,1569.6658935546875,1880.0,1935.0,1871.0,1934.0,195500
2017-04-12,1557.1419677734375,1865.0,1878.0,1853.0,1859.0,99900
2017-04-13,1547.122802734375,1853.0,1878.0,1815.0,1862.0,189200
2017-04-14,1541.2781982421875,1846.0,1864.0,1815.0,1830.0,201200
2017-04-17,1516.23046875,1816.0,1853.0,1795.0,1831.0,145600
2017-04-18,1543.7830810546875,1849.0,1857.0,1816.0,1816.0,79800
2017-04-19,1569.6658935546875,1880.0,1886.0,1836.0,1840.0,175000
2017-04-20,1580.52001953125,1893.0,1903.0,1865.0,1879.0,130000
2017-04-21,1582.189697265625,1895.0,1912.0,1882.0,1900.0,93400
2017-04-24,1574.675537109375,1886.0,1923.0,1879.0,1917.0,111000
2017-04-25,1593.8787841796875,1909.0,1924.0,1893.0,1906.0,141100
2017-04-26,1610.577392578125,1929.0,1933.0,1901.0,1901.0,209700
2017-04-27,1603.0628662109375,1920.0,1930.0,1910.0,1918.0,140300
2017-04-28,1635.6251220703125,1959.0,1962.0,1912.0,1913.0,115400
2017-05-01,1628.94580078125,1951.0,1961.0,1934.0,1959.0,62100
2017-05-02,1661.5079345703125,1990.0,1992.0,1948.0,1948.0,138100
2017-05-08,1711.603759765625,2050.0,2074.0,2000.0,2000.0,220900
2017-05-09,1699.0799560546875,2035.0,2068.0,2010.0,2033.0,262300
2017-05-10,1719.1181640625,2059.0,2068.0,2031.0,2040.0,211700
2017-05-11,1771.7186279296875,2122.0,2141.0,2069.0,2070.0,203000
2017-05-12,1763.369140625,2112.0,2124.0,2090.0,2090.0,146100
2017-05-15,1777.5631103515625,2129.0,2140.0,2097.0,2097.0,151500
2017-05-16,1749.1754150390625,2095.0,2148.0,2087.0,2126.0,111900
2017-05-17,1760.864501953125,2109.0,2128.0,2081.0,2081.0,104300
2017-05-18,1700.7496337890625,2037.0,2064.0,2019.0,2023.0,158900
2017-05-19,1711.603759765625,2050.0,2062.0,2022.0,2033.0,151300
2017-05-22,1726.63232421875,2068.0,2091.0,2060.0,2068.0,61500
2017-05-23,1710.7689208984375,2049.0,2079.0,2047.0,2065.0,98000
2017-05-24,1749.1754150390625,2095.0,2123.0,2071.0,2071.0,145300
2017-05-25,1732.47705078125,2075.0,2104.0,2072.0,2097.0,75800
2017-05-26,1713.2735595703125,2052.0,2090.0,2052.0,2068.0,99500
2017-05-29,1672.3619384765625,2003.0,2051.0,2003.0,2046.0,100600
2017-05-30,1684.8861083984375,2018.0,2019.0,1980.0,1994.0,94400
2017-05-31,1662.3427734375,1991.0,2007.0,1981.0,1995.0,98000
2017-06-01,1684.8861083984375,2018.0,2027.0,1994.0,2020.0,118500
2017-06-02,1688.2257080078125,2022.0,2030.0,2003.0,2020.0,132600
2017-06-05,1717.4482421875,2057.0,2161.0,2050.0,2161.0,216500
2017-06-06,1733.311767578125,2076.0,2097.0,2059.0,2061.0,162400
2017-06-07,1768.37890625,2118.0,2202.0,2084.0,2100.0,252700
2017-06-08,1780.90283203125,2133.0,2175.0,2124.0,2150.0,190800
2017-06-09,1770.048828125,2120.0,2158.0,2112.0,2135.0,122100
2017-06-12,1763.369140625,2112.0,2128.0,2105.0,2110.0,70700
2017-06-13,1866.0653076171875,2235.0,2244.0,2137.0,2148.0,353800
2017-06-14,1899.4627685546875,2275.0,2293.0,2238.0,2248.0,202600
2017-06-15,1829.3284912109373,2191.0,2250.0,2157.0,2250.0,169800
2017-06-16,1810.1253662109373,2168.0,2202.0,2144.0,2183.0,200100
2017-06-19,1815.9698486328125,2175.0,2196.0,2150.0,2160.0,82300
2017-06-20,1815.9698486328125,2175.0,2196.0,2175.0,2175.0,104000
2017-06-21,1799.271240234375,2155.0,2175.0,2138.0,2150.0,120600
2017-06-22,1800.941162109375,2157.0,2175.0,2156.0,2157.0,87300
2017-06-23,1798.4361572265625,2154.0,2173.0,2152.0,2162.0,65000
2017-06-26,1814.2998046875,2173.0,2181.0,2145.0,2155.0,90900
2017-06-27,1840.182861328125,2204.0,2215.0,2186.0,2190.0,143700
2017-06-28,1804.615478515625,2131.0,2185.0,2131.0,2163.0,110900
2017-06-29,1830.8675537109373,2162.0,2181.0,2142.0,2142.0,57700
2017-06-30,1840.1826171875,2173.0,2195.0,2159.0,2162.0,125100
2017-07-03,1816.47119140625,2145.0,2173.0,2108.0,2153.0,182000
2017-07-04,1824.0926513671875,2154.0,2186.0,2141.0,2158.0,92500
2017-07-05,1848.651123046875,2183.0,2187.0,2141.0,2155.0,98900
2017-07-06,1853.7318115234373,2189.0,2216.0,2161.0,2190.0,137700
2017-07-07,1820.705322265625,2150.0,2187.0,2144.0,2144.0,56600
2017-07-10,1809.6962890625,2137.0,2160.0,2125.0,2151.0,96300
2017-07-11,1959.5870361328125,2314.0,2409.0,2227.0,2300.0,783900
2017-07-12,2008.7039794921875,2372.0,2439.0,2328.0,2349.0,383200
2017-07-13,2024.793701171875,2391.0,2414.0,2360.0,2380.0,140400
2017-07-14,1991.76708984375,2352.0,2393.0,2335.0,2393.0,221400
2017-07-17,1991.76708984375,2352.0,2352.0,2352.0,2352.0,0
2017-07-18,1985.8389892578125,2345.0,2392.0,2340.0,2352.0,157300
2017-07-19,1923.1729736328125,2271.0,2322.0,2259.0,2318.0,323200
2017-07-20,1964.6680908203125,2320.0,2338.0,2299.0,2338.0,150900
2017-07-21,1938.416015625,2289.0,2313.0,2273.0,2302.0,131300
2017-07-24,1895.2271728515625,2238.0,2273.0,2227.0,2270.0,218500
2017-07-25,1859.659912109375,2196.0,2253.0,2190.0,2243.0,199100
2017-07-26,1853.7318115234373,2189.0,2208.0,2173.0,2199.0,222400
2017-07-27,1836.79541015625,2169.0,2241.0,2164.0,2217.0,272800
2017-07-28,1855.4256591796875,2191.0,2195.0,2124.0,2162.0,455300
2017-07-31,1875.75,2215.0,2225.0,2169.0,2169.0,194900
2017-08-01,1888.4525146484373,2230.0,2248.0,2191.0,2215.0,208900
2017-08-02,1888.4525146484373,2230.0,2240.0,2192.0,2236.0,111500
2017-08-03,1906.2362060546875,2251.0,2268.0,2217.0,2238.0,130700
2017-08-04,1897.7677001953125,2241.0,2266.0,2225.0,2256.0,119400
2017-08-07,1934.1820068359373,2284.0,2295.0,2240.0,2278.0,155800
2017-08-08,1935.0284423828125,2285.0,2305.0,2273.0,2300.0,186900
2017-08-09,1862.2001953125,2199.0,2222.0,2048.0,2057.0,834400
2017-08-10,1969.7490234375,2326.0,2326.0,2238.0,2315.0,520800
2017-08-11,1969.7490234375,2326.0,2326.0,2326.0,2326.0,0
2017-08-14,1862.2001953125,2199.0,2306.0,2183.0,2276.0,236700
2017-08-15,1897.7677001953125,2241.0,2295.0,2216.0,2221.0,250400
2017-08-16,1951.96533203125,2305.0,2327.0,2250.0,2250.0,192200
2017-08-17,1929.9473876953125,2279.0,2310.0,2257.0,2310.0,73200
2017-08-18,1999.388671875,2361.0,2388.0,2250.0,2254.0,535400
2017-08-21,2010.3974609375,2374.0,2391.0,2332.0,2380.0,216600
2017-08-22,2015.4783935546875,2380.0,2394.0,2342.0,2360.0,104500
2017-08-23,1990.9197998046875,2351.0,2437.0,2347.0,2400.0,186900
2017-08-24,1973.1363525390625,2330.0,2384.0,2276.0,2331.0,114400
2017-08-25,1941.8037109375,2293.0,2346.0,2290.0,2330.0,100600
2017-08-28,1999.388671875,2361.0,2363.0,2295.0,2295.0,143700
2017-08-29,2007.85693359375,2371.0,2384.0,2328.0,2348.0,118400
2017-08-30,2080.685302734375,2457.0,2457.0,2373.0,2377.0,242500
2017-08-31,2096.775146484375,2476.0,2562.0,2462.0,2550.0,284600
2017-09-01,2104.396728515625,2485.0,2533.0,2469.0,2526.0,195700
2017-09-04,2038.3431396484373,2407.0,2470.0,2394.0,2470.0,202400
2017-09-05,1981.605224609375,2340.0,2403.0,2323.0,2403.0,196000
2017-09-06,1996.8482666015625,2358.0,2362.0,2310.0,2315.0,140400
2017-09-07,2011.24462890625,2375.0,2401.0,2355.0,2401.0,180700
2017-09-08,1984.9920654296875,2344.0,2365.0,2332.0,2333.0,153100
2017-09-11,1888.4525146484373,2230.0,2345.0,2165.0,2260.0,462600
2017-09-12,1985.8389892578125,2345.0,2348.0,2236.0,2244.0,273400
2017-09-13,2031.5687255859373,2399.0,2431.0,2345.0,2345.0,274200
2017-09-14,2045.9647216796875,2416.0,2485.0,2411.0,2421.0,204700
2017-09-15,2074.75732421875,2450.0,2473.0,2394.0,2403.0,157800
2017-09-18,2074.75732421875,2450.0,2450.0,2450.0,2450.0,0
2017-09-19,2175.531005859375,2569.0,2584.0,2474.0,2494.0,231200
2017-09-20,2170.4501953125,2563.0,2580.0,2529.0,2580.0,167900
2017-09-21,2191.62109375,2588.0,2595.0,2559.0,2580.0,148100
2017-09-22,2175.531005859375,2569.0,2585.0,2544.0,2566.0,87900
2017-09-25,2144.1982421875,2532.0,2590.0,2518.0,2590.0,130700
2017-09-26,2134.035888671875,2520.0,2570.0,2462.0,2506.0,464800
2017-09-27,2078.9912109375,2455.0,2467.0,2407.0,2440.0,947500
2017-09-28,2095.92822265625,2475.0,2521.0,2411.0,2460.0,703800
2017-09-29,1998.5418701171875,2360.0,2382.0,2280.0,2290.0,2145900
2017-10-02,1988.37939453125,2348.0,2396.0,2310.0,2391.0,761700
2017-10-03,1994.307373046875,2355.0,2370.0,2339.0,2362.0,615700
2017-10-04,1996.8482666015625,2358.0,2378.0,2332.0,2370.0,686700
2017-10-05,1999.388671875,2361.0,2388.0,2352.0,2357.0,411700
2017-10-06,1986.68603515625,2346.0,2372.0,2344.0,2357.0,217700
2017-10-09,1986.68603515625,2346.0,2346.0,2346.0,2346.0,0
2017-10-10,1973.1363525390625,2330.0,2356.0,2317.0,2349.0,481300
2017-10-11,2034.1087646484373,2402.0,2420.0,2370.0,2400.0,912700
2017-10-12,2043.4244384765625,2413.0,2418.0,2400.0,2410.0,570600
2017-10-13,2073.910400390625,2449.0,2449.0,2415.0,2420.0,1236200
2017-10-16,2066.288818359375,2440.0,2454.0,2408.0,2450.0,600300
2017-10-17,2061.2080078125,2434.0,2445.0,2424.0,2445.0,517400
2017-10-18,2005.3165283203125,2368.0,2439.0,2364.0,2439.0,327700
2017-10-19,2042.5772705078125,2412.0,2416.0,2395.0,2405.0,359200
2017-10-20,2032.4156494140625,2400.0,2425.0,2397.0,2406.0,360900
2017-10-23,2049.351806640625,2420.0,2431.0,2407.0,2431.0,357000
2017-10-24,2047.6588134765625,2418.0,2429.0,2399.0,2429.0,542700
2017-10-25,2067.982177734375,2442.0,2467.0,2426.0,2429.0,1307100
2017-10-26,2081.531982421875,2458.0,2466.0,2433.0,2450.0,1067600
2017-10-27,2138.270263671875,2525.0,2526.0,2456.0,2462.0,1150300
2017-10-30,2215.332763671875,2616.0,2625.0,2555.0,2555.0,1641100
2017-10-31,2204.323974609375,2603.0,2622.0,2560.0,2620.0,717500
2017-11-01,2209.405029296875,2609.0,2610.0,2562.0,2599.0,894200
2017-11-02,2215.332763671875,2616.0,2639.0,2607.0,2625.0,557500
2017-11-03,2215.332763671875,2616.0,2616.0,2616.0,2616.0,0
2017-11-06,2206.8642578125,2606.0,2658.0,2606.0,2650.0,551500
2017-11-07,2244.125,2650.0,2650.0,2581.0,2611.0,566500
2017-11-08,2219.567138671875,2621.0,2690.0,2576.0,2655.0,714900
2017-11-09,2232.269775390625,2636.0,2708.0,2611.0,2672.0,841500
2017-11-10,2204.323974609375,2603.0,2645.0,2589.0,2611.0,364900
2017-11-13,2212.7919921875,2613.0,2635.0,2607.0,2608.0,249200
2017-11-14,2199.24267578125,2597.0,2612.0,2537.0,2611.0,583800
2017-11-15,2224.648193359375,2627.0,2661.0,2545.0,2545.0,880500
2017-11-16,2166.216064453125,2558.0,2650.0,2557.0,2631.0,390400
2017-11-17,2141.657958984375,2529.0,2599.0,2477.0,2572.0,1064600
2017-11-20,2102.702880859375,2483.0,2567.0,2477.0,2536.0,596000
2017-11-21,2118.79296875,2502.0,2552.0,2488.0,2526.0,509400
2017-11-22,2131.495849609375,2517.0,2530.0,2493.0,2500.0,311000
2017-11-23,2131.495849609375,2517.0,2517.0,2517.0,2517.0,0
2017-11-24,2145.044921875,2533.0,2538.0,2481.0,2504.0,227100
2017-11-27,2095.081298828125,2474.0,2530.0,2466.0,2528.0,420000
2017-11-28,2081.531982421875,2458.0,2485.0,2455.0,2480.0,272300
2017-11-29,2091.694580078125,2470.0,2499.0,2466.0,2498.0,200600
2017-11-30,2115.406005859375,2498.0,2504.0,2454.0,2504.0,1053600
2017-12-01,2093.38818359375,2472.0,2490.0,2455.0,2484.0,644800
2017-12-04,2080.685302734375,2457.0,2477.0,2455.0,2473.0,246100
2017-12-05,2139.116943359375,2526.0,2528.0,2482.0,2498.0,752300
2017-12-06,2114.558837890625,2497.0,2549.0,2493.0,2549.0,430800
2017-12-07,2101.00927734375,2481.0,2507.0,2463.0,2501.0,289200
2017-12-08,2106.93701171875,2488.0,2521.0,2469.0,2517.0,319300
2017-12-11,2150.972900390625,2540.0,2547.0,2496.0,2496.0,393800
2017-12-12,2143.3515625,2531.0,2545.0,2511.0,2545.0,148200
2017-12-13,2104.396728515625,2485.0,2511.0,2477.0,2510.0,274200
2017-12-14,2134.883056640625,2521.0,2525.0,2468.0,2485.0,308400
2017-12-15,2170.4501953125,2563.0,2633.0,2537.0,2555.0,1308800
2017-12-18,2194.16162109375,2591.0,2600.0,2566.0,2585.0,556300
2017-12-19,2183.152587890625,2578.0,2614.0,2565.0,2601.0,305200
2017-12-20,2193.31494140625,2590.0,2619.0,2586.0,2614.0,210000
2017-12-21,2185.693115234375,2581.0,2596.0,2549.0,2596.0,176100
2017-12-22,2239.89111328125,2645.0,2648.0,2575.0,2575.0,514100
2017-12-25,2224.648193359375,2627.0,2649.0,2606.0,2649.0,126900
2017-12-26,2217.873046875,2619.0,2633.0,2616.0,2628.0,145400
2017-12-27,2244.460205078125,2617.0,2625.0,2574.0,2600.0,193700
2017-12-28,2265.0439453125,2641.0,2654.0,2601.0,2617.0,368700
2017-12-29,2302.7802734375,2685.0,2698.0,2649.0,2661.0,524700
2018-01-03,2302.7802734375,2685.0,2685.0,2685.0,2685.0,0
2018-01-04,2337.08642578125,2725.0,2726.0,2688.0,2700.0,542000
2018-01-05,2382.54150390625,2778.0,2794.0,2739.0,2747.0,581200
2018-01-08,2382.54150390625,2778.0,2778.0,2778.0,2778.0,0
2018-01-09,2428.854248046875,2832.0,2838.0,2788.0,2791.0,569800
2018-01-10,2403.982421875,2803.0,2866.0,2796.0,2833.0,397000
2018-01-11,2377.395751953125,2772.0,2786.0,2724.0,2756.0,252200
2018-01-12,2403.982421875,2803.0,2817.0,2780.0,2790.0,403500
2018-01-15,2426.28125,2829.0,2839.0,2797.0,2825.0,203000
2018-01-16,2415.989990234375,2817.0,2825.0,2770.0,2803.0,249300
2018-01-17,2448.580322265625,2855.0,2871.0,2801.0,2827.0,425300
2018-01-18,2511.1884765625,2928.0,2942.0,2890.0,2890.0,568000
2018-01-19,2535.20263671875,2956.0,2960.0,2917.0,2930.0,282700
2018-01-22,2585.8037109375,3015.0,3060.0,2984.0,2984.0,559200
2018-01-23,2667.280029296875,3110.0,3120.0,3065.0,3070.0,568300
2018-01-24,2650.126953125,3090.0,3150.0,3055.0,3110.0,403000
2018-01-25,2654.415283203125,3095.0,3115.0,3060.0,3090.0,281400
2018-01-26,2671.56787109375,3115.0,3125.0,3085.0,3110.0,232500
2018-01-29,2714.45068359375,3165.0,3210.0,3145.0,3155.0,409100
2018-01-30,2693.00927734375,3140.0,3160.0,3120.0,3145.0,436300
2018-01-31,2662.99169921875,3105.0,3145.0,3100.0,3110.0,317500
2018-02-01,2671.56787109375,3115.0,3140.0,3080.0,3120.0,311900
2018-02-02,2697.29736328125,3145.0,3160.0,3090.0,3090.0,166500
2018-02-05,2620.109375,3055.0,3090.0,3045.0,3080.0,464000
2018-02-06,2493.17822265625,2907.0,2957.0,2853.0,2920.0,852200
2018-02-07,2500.0390625,2915.0,3175.0,2915.0,3175.0,336400
2018-02-08,2536.91796875,2958.0,2978.0,2875.0,2910.0,379700
2018-02-09,2537.775390625,2959.0,2995.0,2880.0,2881.0,484700
2018-02-12,2537.775390625,2959.0,2959.0,2959.0,2959.0,0
2018-02-13,2500.896240234375,2916.0,2995.0,2916.0,2995.0,268000
2018-02-14,2417.705078125,2819.0,2925.0,2761.0,2900.0,465000
2018-02-15,2479.45556640625,2891.0,2921.0,2825.0,2870.0,439300
2018-02-16,2562.64697265625,2988.0,2995.0,2925.0,2926.0,595000
2018-02-19,2615.8212890625,3050.0,3060.0,2997.0,3035.0,228100
2018-02-20,2645.83837890625,3085.0,3095.0,3035.0,3065.0,287800
2018-02-21,2632.974365234375,3070.0,3105.0,3060.0,3095.0,240600
2018-02-22,2650.126953125,3090.0,3125.0,3050.0,3050.0,369000
2018-02-23,2693.00927734375,3140.0,3150.0,3085.0,3105.0,307700
2018-02-26,2753.04443359375,3210.0,3220.0,3150.0,3165.0,398700
2018-02-27,2770.197509765625,3230.0,3240.0,3210.0,3225.0,289900
2018-02-28,2680.144775390625,3125.0,3190.0,3115.0,3180.0,353500
2018-03-01,2542.063720703125,2964.0,3060.0,2928.0,3045.0,1132100
2018-03-02,2479.45556640625,2891.0,2917.0,2808.0,2900.0,666700
2018-03-05,2528.34130859375,2948.0,3020.0,2911.0,2992.0,528500
2018-03-06,2607.24462890625,3040.0,3080.0,2993.0,3010.0,545000
2018-03-07,2590.091796875,3020.0,3065.0,2968.0,3015.0,244100
2018-03-08,2598.66845703125,3030.0,3055.0,2953.0,3055.0,190500
2018-03-09,2547.209716796875,2970.0,3020.0,2922.0,3015.0,347000
2018-03-12,2570.365966796875,2997.0,3025.0,2954.0,3010.0,222500
2018-03-13,2581.51513671875,3010.0,3015.0,2955.0,3000.0,212800
2018-03-14,2549.7822265625,2973.0,2992.0,2931.0,2955.0,151800
2018-03-15,2506.89990234375,2923.0,2958.0,2906.0,2923.0,285400
2018-03-16,2495.75048828125,2910.0,2924.0,2886.0,2911.0,249100
2018-03-19,2406.555419921875,2806.0,2885.0,2792.0,2870.0,421100
2018-03-20,2416.84716796875,2818.0,2823.0,2733.0,2766.0,366600
2018-03-21,2416.84716796875,2818.0,2818.0,2818.0,2818.0,0
2018-03-22,2378.253173828125,2773.0,2821.0,2754.0,2818.0,354600
2018-03-23,2283.054443359375,2662.0,2700.0,2652.0,2690.0,381300
2018-03-26,2266.75927734375,2643.0,2644.0,2563.0,2633.0,584600
2018-03-27,2273.6201171875,2651.0,2675.0,2615.0,2671.0,526700
2018-03-28,2313.072265625,2697.0,2700.0,2618.0,2618.0,286300
2018-03-29,2324.220947265625,2710.0,2775.0,2679.0,2762.0,172400
2018-03-30,2363.67333984375,2756.0,2769.0,2714.0,2740.0,162900
2018-04-02,2324.220947265625,2710.0,2748.0,2697.0,2730.0,193200
2018-04-03,2303.6376953125,2686.0,2689.0,2646.0,2660.0,277500
2018-04-04,2276.193359375,2654.0,2677.0,2622.0,2674.0,351400
2018-04-05,2278.765625,2657.0,2675.0,2611.0,2667.0,302100
2018-04-06,2261.61328125,2637.0,2663.0,2614.0,2653.0,371900
2018-04-09,2263.328125,2639.0,2661.0,2616.0,2621.0,178200
2018-04-10,2289.915283203125,2670.0,2681.0,2617.0,2621.0,229300
2018-04-11,2271.90478515625,2649.0,2699.0,2646.0,2680.0,134700
2018-04-12,2279.623779296875,2658.0,2675.0,2609.0,2649.0,174300
2018-04-13,2313.929931640625,2698.0,2742.0,2620.0,2622.0,328900
2018-04-16,2217.015380859375,2585.0,2687.0,2571.0,2682.0,302300
2018-04-17,2183.5673828125,2546.0,2594.0,2513.0,2585.0,429900
2018-04-18,2168.987060546875,2529.0,2540.0,2483.0,2500.0,472100
2018-04-19,2197.28955078125,2562.0,2595.0,2531.0,2535.0,192000
2018-04-20,2204.151123046875,2570.0,2582.0,2535.0,2536.0,144000
2018-04-23,2224.734375,2594.0,2604.0,2578.0,2588.0,171200
2018-04-24,2257.324951171875,2632.0,2655.0,2610.0,2610.0,333200
2018-04-25,2236.74169921875,2608.0,2632.0,2590.0,2632.0,159000
2018-04-26,2212.7275390625,2580.0,2621.0,2572.0,2621.0,193800
2018-04-27,2217.873046875,2586.0,2622.0,2572.0,2597.0,222600
2018-04-30,2217.873046875,2586.0,2586.0,2586.0,2586.0,0
2018-05-01,2230.73779296875,2601.0,2616.0,2558.0,2575.0,203100
2018-05-02,2219.589111328125,2588.0,2612.0,2582.0,2602.0,121300
2018-05-04,2219.589111328125,2588.0,2588.0,2588.0,2588.0,0
2018-05-07,2245.31787109375,2618.0,2620.0,2541.0,2590.0,336900
2018-05-08,2211.011962890625,2578.0,2618.0,2573.0,2618.0,158400
2018-05-09,2206.723876953125,2573.0,2605.0,2557.0,2604.0,142800
2018-05-10,2215.30029296875,2583.0,2590.0,2540.0,2570.0,136200
2018-05-11,2242.744873046875,2615.0,2618.0,2573.0,2594.0,150800
2018-05-14,2264.185791015625,2640.0,2640.0,2612.0,2618.0,209900
2018-05-15,2251.321533203125,2625.0,2673.0,2611.0,2648.0,293300
2018-05-16,2342.23193359375,2731.0,2794.0,2611.0,2675.0,1126200
2018-05-17,2425.423828125,2828.0,2831.0,2721.0,2750.0,601500
2018-05-18,2477.740234375,2889.0,2960.0,2838.0,2862.0,524200
2018-05-21,2480.312744140625,2892.0,2910.0,2860.0,2889.0,285000
2018-05-22,2434.857666015625,2839.0,2914.0,2830.0,2893.0,158400
2018-05-23,2477.740234375,2889.0,2904.0,2826.0,2826.0,348900
2018-05-24,2464.01806640625,2873.0,2937.0,2814.0,2916.0,365200
2018-05-25,2360.24267578125,2752.0,2850.0,2723.0,2850.0,335100
2018-05-28,2313.929931640625,2698.0,2789.0,2683.0,2785.0,280400
2018-05-29,2357.669677734375,2749.0,2752.0,2596.0,2689.0,532000
2018-05-30,2232.453125,2603.0,2695.0,2557.0,2675.0,451000
2018-05-31,2334.51318359375,2722.0,2759.0,2621.0,2653.0,563500
2018-06-01,2368.81884765625,2762.0,2778.0,2694.0,2702.0,318000
2018-06-04,2470.87890625,2881.0,2882.0,2769.0,2800.0,301500
2018-06-05,2277.05078125,2655.0,2823.0,2625.0,2811.0,832700
2018-06-06,2314.787353515625,2699.0,2734.0,2661.0,2695.0,462600
2018-06-07,2309.64111328125,2693.0,2723.0,2673.0,2719.0,260700
2018-06-08,2356.81201171875,2748.0,2769.0,2697.0,2709.0,360700
2018-06-11,2343.08935546875,2732.0,2747.0,2688.0,2713.0,196300
2018-06-12,2348.23583984375,2738.0,2774.0,2721.0,2774.0,180500
2018-06-13,2350.80859375,2741.0,2765.0,2732.0,2735.0,378000
2018-06-14,2262.470703125,2638.0,2722.0,2638.0,2720.0,355700
2018-06-15,2277.907958984375,2656.0,2710.0,2645.0,2645.0,342700
2018-06-18,2211.869873046875,2579.0,2646.0,2521.0,2633.0,367900
2018-06-19,2210.154052734375,2577.0,2636.0,2557.0,2585.0,324500
2018-06-20,2247.032958984375,2620.0,2630.0,2513.0,2550.0,376200
2018-06-21,2286.485107421875,2666.0,2686.0,2578.0,2608.0,318000
2018-06-22,2296.77685546875,2678.0,2713.0,2575.0,2605.0,613900
2018-06-25,2290.77294921875,2671.0,2708.0,2639.0,2680.0,368800
2018-06-26,2302.7802734375,2685.0,2700.0,2620.0,2650.0,280900
2018-06-27,2328.0185546875,2675.0,2692.0,2645.0,2656.0,317000
2018-06-28,2296.68798828125,2639.0,2675.0,2618.0,2675.0,148800
2018-06-29,2272.320068359375,2611.0,2640.0,2575.0,2640.0,227500
2018-07-02,2223.583984375,2555.0,2629.0,2545.0,2586.0,262000
2018-07-03,2214.881103515625,2545.0,2569.0,2489.0,2525.0,298800
2018-07-04,2175.71826171875,2500.0,2527.0,2481.0,2500.0,271900
2018-07-05,2158.3125,2480.0,2494.0,2455.0,2487.0,184300
2018-07-06,2234.897705078125,2568.0,2577.0,2471.0,2475.0,220100
2018-07-09,2196.60498046875,2524.0,2585.0,2515.0,2568.0,345300
2018-07-10,2280.15234375,2620.0,2643.0,2501.0,2501.0,510800
2018-07-11,2267.0986328125,2605.0,2637.0,2555.0,2570.0,299900
2018-07-12,2193.124267578125,2520.0,2584.0,2510.0,2567.0,263200
2018-07-13,2220.973388671875,2552.0,2569.0,2538.0,2550.0,129800
2018-07-16,2220.973388671875,2552.0,2552.0,2552.0,2552.0,0
2018-07-17,2248.822509765625,2584.0,2614.0,2542.0,2579.0,200800
2018-07-18,2295.81787109375,2638.0,2652.0,2600.0,2609.0,160800
2018-07-19,2291.466552734375,2633.0,2660.0,2611.0,2648.0,153800
2018-07-20,2264.4873046875,2602.0,2646.0,2584.0,2605.0,104500
2018-07-23,2254.04443359375,2590.0,2635.0,2557.0,2575.0,137000
2018-07-24,2219.232666015625,2550.0,2617.0,2539.0,2595.0,346300
2018-07-25,2241.860107421875,2576.0,2607.0,2550.0,2568.0,397100
2018-07-26,2252.3037109375,2588.0,2626.0,2570.0,2607.0,259000
2018-07-27,2312.353271484375,2657.0,2660.0,2597.0,2624.0,412200
2018-07-30,2283.634033203125,2624.0,2675.0,2618.0,2665.0,957200
2018-07-31,2298.428955078125,2641.0,2675.0,2616.0,2625.0,262800
2018-08-01,2290.595947265625,2632.0,2669.0,2621.0,2660.0,169400
2018-08-02,2225.324462890625,2557.0,2629.0,2553.0,2627.0,239500
2018-08-03,2222.7138671875,2554.0,2570.0,2527.0,2563.0,93900
2018-08-06,2187.902099609375,2514.0,2558.0,2505.0,2554.0,140500
2018-08-07,2192.253662109375,2519.0,2530.0,2476.0,2511.0,329100
2018-08-08,2198.345703125,2526.0,2587.0,2518.0,2531.0,175800
2018-08-09,2289.725341796875,2631.0,2644.0,2515.0,2515.0,247300
2018-08-10,2240.989501953125,2575.0,2620.0,2547.0,2620.0,217600
2018-08-13,1977.29296875,2272.0,2480.0,2235.0,2480.0,722100
2018-08-14,2047.7860107421875,2353.0,2420.0,2300.0,2322.0,710700
2018-08-15,2004.2716064453125,2303.0,2350.0,2271.0,2341.0,226400
2018-08-16,2009.4935302734373,2309.0,2359.0,2262.0,2267.0,196700
2018-08-17,2049.5263671875,2355.0,2362.0,2310.0,2331.0,142100
2018-08-20,2036.4725341796875,2340.0,2385.0,2318.0,2385.0,134000
2018-08-21,1989.4765625,2286.0,2334.0,2280.0,2309.0,222700
2018-08-22,2003.4014892578125,2302.0,2320.0,2287.0,2287.0,326300
2018-08-23,1991.217529296875,2288.0,2303.0,2267.0,2286.0,223300
2018-08-24,1966.84912109375,2260.0,2274.0,2216.0,2265.0,358300
2018-08-27,1995.5687255859373,2293.0,2325.0,2273.0,2302.0,231700
2018-08-28,1958.146484375,2250.0,2290.0,2190.0,2277.0,460600
2018-08-29,1948.5733642578125,2239.0,2274.0,2228.0,2234.0,304300
2018-08-30,1980.77392578125,2276.0,2290.0,2224.0,2250.0,385200
2018-08-31,1974.681640625,2269.0,2300.0,2244.0,2247.0,288200
2018-09-03,1907.669677734375,2192.0,2241.0,2192.0,2240.0,333400
2018-09-04,1944.2220458984373,2234.0,2241.0,2182.0,2192.0,243000
2018-09-05,1916.372802734375,2202.0,2228.0,2187.0,2226.0,177900
2018-09-06,1871.988037109375,2151.0,2196.0,2127.0,2192.0,271400
2018-09-07,1820.6409912109373,2092.0,2129.0,2072.0,2129.0,261500
2018-09-10,1822.3817138671875,2094.0,2124.0,2093.0,2095.0,247900
2018-09-11,1794.5323486328125,2062.0,2085.0,2046.0,2085.0,267800
2018-09-12,1761.46142578125,2024.0,2108.0,2004.0,2064.0,190400
2018-09-13,1768.423828125,2032.0,2063.0,2026.0,2030.0,122000
2018-09-14,1784.0889892578125,2050.0,2063.0,2031.0,2051.0,283500
2018-09-17,1784.0889892578125,2050.0,2050.0,2050.0,2050.0,0
2018-09-18,1744.0557861328125,2004.0,2023.0,1993.0,2011.0,581700
2018-09-19,1901.5777587890625,2185.0,2217.0,2060.0,2060.0,632200
2018-09-20,1937.2596435546875,2226.0,2241.0,2202.0,2215.0,359200
2018-09-21,2001.660888671875,2300.0,2300.0,2229.0,2240.0,340300
2018-09-24,2001.660888671875,2300.0,2300.0,2300.0,2300.0,0
2018-09-25,1960.7574462890625,2253.0,2302.0,2221.0,2300.0,366300
2018-09-26,2013.844482421875,2314.0,2318.0,2240.0,2254.0,221600
2018-09-27,2019.0665283203125,2320.0,2353.0,2256.0,2280.0,403500
2018-09-28,2037.3424072265625,2341.0,2400.0,2320.0,2370.0,364400
2018-10-01,2066.061767578125,2374.0,2386.0,2327.0,2340.0,171000
2018-10-02,2038.2130126953125,2342.0,2373.0,2330.0,2351.0,177100
2018-10-03,2005.141845703125,2304.0,2368.0,2304.0,2348.0,95600
2018-10-04,2045.175048828125,2350.0,2356.0,2330.0,2345.0,164100
2018-10-05,2075.635498046875,2385.0,2405.0,2345.0,2351.0,316500
2018-10-08,2075.635498046875,2385.0,2385.0,2385.0,2385.0,0
2018-10-09,1976.4227294921875,2271.0,2351.0,2269.0,2350.0,192200
2018-10-10,1985.12548828125,2281.0,2300.0,2252.0,2295.0,82500
2018-10-11,1897.22607421875,2180.0,2189.0,2121.0,2144.0,212800
2018-10-12,1905.058837890625,2189.0,2190.0,2148.0,2165.0,190400
2018-10-15,1883.3017578125,2164.0,2188.0,2152.0,2168.0,86600
2018-10-16,1880.6907958984373,2161.0,2169.0,2130.0,2150.0,145500
2018-10-17,1921.5943603515625,2208.0,2226.0,2150.0,2163.0,121700
2018-10-18,1912.02099609375,2197.0,2221.0,2193.0,2216.0,120500
2018-10-19,1865.02587890625,2143.0,2155.0,2130.0,2148.0,76300
2018-10-22,1869.376953125,2148.0,2153.0,2126.0,2129.0,111300
2018-10-23,1807.586669921875,2077.0,2131.0,2054.0,2131.0,113600
2018-10-24,1817.159912109375,2088.0,2124.0,2066.0,2122.0,104100
2018-10-25,1743.1856689453125,2003.0,2040.0,1996.0,2017.0,112600
2018-10-26,1739.7042236328125,1999.0,2033.0,1990.0,2023.0,216100
2018-10-29,1710.1146240234375,1965.0,2030.0,1960.0,2008.0,204200
2018-10-30,1735.3529052734375,1994.0,2007.0,1950.0,1953.0,245900
2018-10-31,1810.1976318359373,2080.0,2089.0,2032.0,2050.0,153400
2018-11-01,1732.7420654296875,1991.0,2098.0,1984.0,2073.0,332600
2018-11-02,1784.0889892578125,2050.0,2051.0,1955.0,2000.0,571600
2018-11-05,1772.775146484375,2037.0,2062.0,2003.0,2019.0,137000
2018-11-06,1775.3861083984375,2040.0,2053.0,2030.0,2047.0,81000
2018-11-07,1761.46142578125,2024.0,2076.0,2018.0,2071.0,195800
2018-11-08,1774.5157470703125,2039.0,2074.0,2039.0,2074.0,115000
2018-11-09,1764.072509765625,2027.0,2070.0,2018.0,2034.0,137400
2018-11-12,1715.3363037109375,1971.0,2029.0,1962.0,2010.0,269400
2018-11-13,1696.1900634765625,1949.0,1973.0,1882.0,1940.0,278900
2018-11-14,1680.5250244140625,1931.0,1961.0,1917.0,1928.0,239500
2018-11-15,1553.4627685546875,1785.0,1873.0,1722.0,1801.0,631300
2018-11-16,1588.2744140625,1825.0,1853.0,1788.0,1788.0,216800
2018-11-19,1579.571533203125,1815.0,1832.0,1758.0,1795.0,202500
2018-11-20,1587.4041748046875,1824.0,1836.0,1801.0,1810.0,111300
2018-11-21,1576.960693359375,1812.0,1827.0,1780.0,1797.0,135000
2018-11-22,1571.73876953125,1806.0,1816.0,1782.0,1812.0,129900
2018-11-23,1571.73876953125,1806.0,1806.0,1806.0,1806.0,0
2018-11-26,1580.4417724609375,1816.0,1835.0,1754.0,1800.0,342600
2018-11-27,1616.12353515625,1857.0,1880.0,1816.0,1842.0,200700
2018-11-28,1657.8973388671875,1905.0,1918.0,1868.0,1887.0,187200
2018-11-29,1668.340576171875,1917.0,1960.0,1917.0,1943.0,135900
2018-11-30,1682.265380859375,1933.0,1943.0,1906.0,1930.0,156500
2018-12-03,1742.3150634765625,2002.0,2011.0,1953.0,1965.0,193300
2018-12-04,1706.63330078125,1961.0,1998.0,1960.0,1990.0,113200
2018-12-05,1686.6165771484375,1938.0,1961.0,1921.0,1921.0,157100
2018-12-06,1608.291015625,1848.0,1926.0,1834.0,1926.0,241700
2018-12-07,1603.0692138671875,1842.0,1871.0,1820.0,1835.0,110200
2018-12-10,1568.257568359375,1802.0,1812.0,1778.0,1800.0,160900
2018-12-11,1515.170166015625,1741.0,1787.0,1714.0,1786.0,279000
2018-12-12,1501.2454833984375,1725.0,1773.0,1714.0,1730.0,427400
2018-12-13,1543.01953125,1773.0,1822.0,1738.0,1746.0,426400
2018-12-14,1489.931884765625,1712.0,1798.0,1708.0,1776.0,392800
2018-12-17,1485.5804443359375,1707.0,1747.0,1707.0,1711.0,168500
2018-12-18,1459.4718017578125,1677.0,1705.0,1675.0,1695.0,228500
2018-12-19,1467.304443359375,1686.0,1713.0,1660.0,1680.0,182400
2018-12-20,1437.714599609375,1652.0,1689.0,1642.0,1667.0,252400
2018-12-21,1408.124755859375,1618.0,1668.0,1613.0,1642.0,276300
2018-12-24,1408.124755859375,1618.0,1618.0,1618.0,1618.0,0
2018-12-25,1353.2967529296875,1555.0,1590.0,1492.0,1512.0,374100
2018-12-26,1372.948486328125,1537.0,1576.0,1517.0,1571.0,276000
2018-12-27,1453.3424072265625,1627.0,1639.0,1581.0,1596.0,241400
2018-12-28,1447.9830322265625,1621.0,1637.0,1606.0,1619.0,90400
2018-12-31,1447.9830322265625,1621.0,1621.0,1621.0,1621.0,0
2019-01-04,1366.6956787109375,1530.0,1607.0,1524.0,1597.0,316000
2019-01-07,1427.437744140625,1598.0,1623.0,1570.0,1570.0,248000
2019-01-08,1435.4771728515625,1607.0,1625.0,1596.0,1618.0,265500
2019-01-09,1424.758056640625,1595.0,1625.0,1589.0,1610.0,173700
2019-01-10,1385.454345703125,1551.0,1584.0,1537.0,1580.0,190100
2019-01-11,1436.3702392578125,1608.0,1620.0,1556.0,1571.0,361800
2019-01-15,1492.6461181640625,1671.0,1673.0,1584.0,1591.0,151700
2019-01-16,1506.045166015625,1686.0,1709.0,1663.0,1690.0,170300
2019-01-17,1568.5736083984375,1756.0,1761.0,1700.0,1709.0,286200
2019-01-18,1555.1746826171875,1741.0,1778.0,1734.0,1755.0,152500
2019-01-21,1562.32080078125,1749.0,1770.0,1740.0,1756.0,262900
2019-01-22,1581.0792236328125,1770.0,1778.0,1738.0,1764.0,152400
2019-01-23,1537.309326171875,1721.0,1738.0,1697.0,1720.0,181200
2019-01-24,1556.9610595703125,1743.0,1743.0,1710.0,1718.0,91100
2019-01-25,1593.5849609375,1784.0,1792.0,1734.0,1743.0,144000
2019-01-28,1590.0120849609375,1780.0,1793.0,1757.0,1776.0,81300
2019-01-29,1569.466796875,1757.0,1793.0,1740.0,1771.0,95200
2019-01-30,1568.5736083984375,1756.0,1788.0,1750.0,1760.0,104100
2019-01-31,1601.6243896484375,1793.0,1805.0,1773.0,1780.0,90500
2019-02-01,1540.88232421875,1725.0,1783.0,1720.0,1774.0,121600
2019-02-04,1560.5341796875,1747.0,1748.0,1699.0,1700.0,131400
2019-02-05,1538.20263671875,1722.0,1752.0,1717.0,1750.0,148700
2019-02-06,1531.9498291015625,1715.0,1733.0,1702.0,1720.0,138200
2019-02-07,1519.444091796875,1701.0,1706.0,1673.0,1702.0,99200
2019-02-08,1470.3143310546875,1646.0,1672.0,1641.0,1672.0,135900
2019-02-12,1516.764404296875,1698.0,1707.0,1646.0,1651.0,106900
2019-02-13,1567.6802978515625,1755.0,1766.0,1724.0,1724.0,124600
2019-02-14,1593.5849609375,1784.0,1821.0,1776.0,1777.0,175200
2019-02-15,1659.6866455078125,1858.0,1925.0,1839.0,1864.0,518600
2019-02-18,1726.6815185546875,1933.0,1964.0,1912.0,1916.0,348700
2019-02-19,1739.1873779296875,1947.0,1963.0,1915.0,1936.0,194500
2019-02-20,1790.9967041015625,2005.0,2017.0,1934.0,1947.0,270900
2019-02-21,1797.2496337890625,2012.0,2065.0,1988.0,2017.0,288900
2019-02-22,1774.91796875,1987.0,2019.0,1976.0,2000.0,117700
2019-02-25,1807.9686279296875,2024.0,2045.0,1996.0,2011.0,190500
2019-02-26,1810.6485595703125,2027.0,2033.0,2003.0,2025.0,127900
2019-02-27,1816.0079345703125,2033.0,2193.0,2020.0,2174.0,382100
2019-02-28,1788.3167724609375,2002.0,2086.0,1993.0,2073.0,203000
2019-03-01,1800.8223876953125,2016.0,2037.0,1985.0,2003.0,92900
2019-03-04,1834.7667236328125,2054.0,2059.0,2017.0,2017.0,130500
2019-03-05,1824.9405517578125,2043.0,2060.0,2022.0,2049.0,240000
2019-03-06,1832.97998046875,2052.0,2081.0,2042.0,2055.0,182800
2019-03-07,1790.1033935546875,2004.0,2020.0,1993.0,2020.0,177700
2019-03-08,1686.4847412109375,1888.0,1971.0,1879.0,1954.0,275900
2019-03-11,1686.4847412109375,1888.0,1897.0,1869.0,1888.0,71600
2019-03-12,1724.895263671875,1931.0,1948.0,1921.0,1929.0,75300
2019-03-13,1692.737548828125,1895.0,1932.0,1889.0,1921.0,74300
2019-03-14,1688.2711181640625,1890.0,1928.0,1883.0,1920.0,63000
2019-03-15,1700.7769775390625,1904.0,1918.0,1880.0,1888.0,166000
2019-03-18,1698.0970458984375,1901.0,1909.0,1877.0,1909.0,101700
2019-03-19,1706.1363525390625,1910.0,1934.0,1890.0,1902.0,114100
2019-03-20,1716.855712890625,1922.0,1923.0,1899.0,1910.0,154000
2019-03-22,1731.147705078125,1938.0,1944.0,1906.0,1910.0,225600
2019-03-25,1646.2877197265625,1843.0,1888.0,1831.0,1888.0,150100
2019-03-26,1709.7095947265625,1914.0,1918.0,1849.0,1851.0,140900
2019-03-27,1764.1988525390625,1975.0,1987.0,1936.0,1939.0,193500
2019-03-28,1783.8505859375,1997.0,1999.0,1941.0,1948.0,158900
2019-03-29,1774.91796875,1987.0,2025.0,1941.0,2003.0,263800
2019-04-01,1830.30029296875,2049.0,2128.0,2037.0,2048.0,276100
2019-04-02,1851.7386474609373,2073.0,2083.0,2052.0,2075.0,128700
2019-04-03,1955.357421875,2189.0,2196.0,2110.0,2110.0,498300
2019-04-04,1860.6712646484373,2083.0,2176.0,2082.0,2165.0,329000
2019-04-05,1879.4298095703125,2104.0,2120.0,2064.0,2066.0,203200
2019-04-08,1804.3956298828125,2020.0,2098.0,2016.0,2075.0,133700
2019-04-09,1783.8505859375,1997.0,2052.0,1993.0,2031.0,238800
2019-04-10,1774.91796875,1987.0,1999.0,1948.0,1987.0,109900
2019-04-11,1767.7718505859375,1979.0,1993.0,1945.0,1967.0,129700
2019-04-12,1755.26611328125,1965.0,1994.0,1952.0,1978.0,152200
2019-04-15,1831.193603515625,2050.0,2056.0,1994.0,1999.0,247700
2019-04-16,1786.5302734375,2000.0,2035.0,1985.0,2004.0,266500
2019-04-17,1828.513671875,2047.0,2056.0,1980.0,1981.0,202100
2019-04-18,1826.727294921875,2045.0,2067.0,2028.0,2045.0,210300
2019-04-19,1872.28369140625,2096.0,2098.0,2057.0,2078.0,151700
2019-04-22,1867.8175048828125,2091.0,2117.0,2085.0,2114.0,228400
2019-04-23,1880.3232421875,2105.0,2128.0,2093.0,2106.0,205200
2019-04-24,1849.0589599609373,2070.0,2091.0,2060.0,2082.0,191800
2019-04-25,1848.1656494140625,2069.0,2074.0,2042.0,2058.0,171800
2019-04-26,1840.126220703125,2060.0,2067.0,2027.0,2047.0,106700
2019-05-07,1807.0755615234373,2023.0,2067.0,2020.0,2057.0,168500
2019-05-08,1783.8505859375,1997.0,2010.0,1969.0,1977.0,156600
2019-05-09,1730.2545166015625,1937.0,1995.0,1932.0,1981.0,213900
2019-05-10,1704.349853515625,1908.0,1948.0,1884.0,1934.0,250100
2019-05-13,1625.7425537109375,1820.0,1890.0,1819.0,1890.0,255300
2019-05-14,1624.84912109375,1819.0,1825.0,1740.0,1767.0,230900
2019-05-15,1566.7872314453125,1754.0,1843.0,1744.0,1779.0,382900
2019-05-16,1587.3323974609375,1777.0,1810.0,1736.0,1756.0,210200
2019-05-17,1623.9560546875,1818.0,1842.0,1780.0,1794.0,183300
2019-05-20,1597.1580810546875,1788.0,1843.0,1784.0,1824.0,118300
2019-05-21,1586.4390869140625,1776.0,1792.0,1745.0,1778.0,130600
2019-05-22,1603.4110107421875,1795.0,1829.0,1790.0,1810.0,111600
2019-05-23,1568.5736083984375,1756.0,1786.0,1748.0,1780.0,142500
2019-05-24,1551.6015625,1737.0,1763.0,1727.0,1735.0,106200
2019-05-27,1544.45556640625,1729.0,1749.0,1726.0,1738.0,94400
2019-05-28,1564.1072998046875,1751.0,1756.0,1718.0,1725.0,110700
2019-05-29,1539.0958251953125,1723.0,1758.0,1717.0,1740.0,96000
2019-05-30,1531.056640625,1714.0,1717.0,1692.0,1706.0,182600
2019-05-31,1504.258544921875,1684.0,1708.0,1669.0,1690.0,182000
2019-06-03,1453.3424072265625,1627.0,1660.0,1620.0,1647.0,95700
2019-06-04,1462.2750244140625,1637.0,1646.0,1602.0,1627.0,165000
2019-06-05,1522.1239013671875,1704.0,1714.0,1670.0,1675.0,206200
2019-06-06,1503.3653564453125,1683.0,1706.0,1682.0,1705.0,83500
2019-06-07,1512.2978515625,1693.0,1704.0,1676.0,1685.0,80500
2019-06-10,1534.629638671875,1718.0,1724.0,1701.0,1705.0,116200
2019-06-11,1544.45556640625,1729.0,1743.0,1712.0,1719.0,185900
2019-06-12,1547.1353759765625,1732.0,1744.0,1723.0,1730.0,96300
2019-06-13,1516.764404296875,1698.0,1718.0,1688.0,1718.0,193100
2019-06-14,1512.2978515625,1693.0,1714.0,1687.0,1699.0,177900
2019-06-17,1506.938232421875,1687.0,1708.0,1683.0,1705.0,133100
2019-06-18,1488.1798095703125,1666.0,1700.0,1662.0,1693.0,174300
2019-06-19,1534.629638671875,1718.0,1731.0,1696.0,1701.0,245500
2019-06-20,1541.775634765625,1726.0,1747.0,1689.0,1737.0,425500
2019-06-21,1548.9217529296875,1734.0,1746.0,1710.0,1726.0,236400
2019-06-24,1558.7479248046875,1745.0,1755.0,1692.0,1738.0,355100
2019-06-25,1569.466796875,1757.0,1794.0,1735.0,1735.0,466000
2019-06-26,1569.466796875,1717.0,1754.0,1715.0,1725.0,256200
2019-06-27,1647.1632080078125,1802.0,1802.0,1730.0,1730.0,247800
2019-06-28,1611.5142822265625,1763.0,1791.0,1742.0,1781.0,239200
2019-07-01,1699.265625,1859.0,1883.0,1814.0,1883.0,227400
2019-07-02,1717.546875,1879.0,1881.0,1850.0,1851.0,171700
2019-07-03,1675.4996337890625,1833.0,1868.0,1824.0,1868.0,78500
2019-07-04,1660.8743896484375,1817.0,1853.0,1811.0,1853.0,83200
2019-07-05,1686.468505859375,1845.0,1851.0,1809.0,1809.0,129000
2019-07-08,1705.6639404296875,1866.0,1894.0,1851.0,1854.0,272500
2019-07-09,1686.468505859375,1845.0,1888.0,1839.0,1868.0,154600
2019-07-10,1661.788330078125,1818.0,1829.0,1807.0,1820.0,84300
2019-07-11,1677.3277587890625,1835.0,1858.0,1824.0,1828.0,63000
2019-07-12,1654.4757080078125,1810.0,1843.0,1810.0,1835.0,82600
2019-07-16,1659.9603271484375,1816.0,1851.0,1811.0,1812.0,145500
2019-07-17,1648.0772705078125,1803.0,1828.0,1794.0,1815.0,120300
2019-07-18,1615.1705322265625,1767.0,1793.0,1764.0,1779.0,134600
2019-07-19,1656.3040771484375,1812.0,1822.0,1776.0,1776.0,153300
2019-07-22,1665.444580078125,1822.0,1828.0,1810.0,1817.0,89000
2019-07-23,1691.952880859375,1851.0,1858.0,1817.0,1831.0,121100
2019-07-24,1697.437255859375,1857.0,1866.0,1841.0,1857.0,168500
2019-07-25,1729.4300537109375,1892.0,1903.0,1868.0,1871.0,179900
2019-07-26,1702.0078125,1862.0,1888.0,1857.0,1880.0,131400
2019-07-29,1691.038818359375,1850.0,1862.0,1836.0,1857.0,223700
2019-07-30,1756.852294921875,1922.0,1963.0,1871.0,1872.0,1251500
2019-07-31,1729.4300537109375,1892.0,1938.0,1891.0,1902.0,304900
2019-08-01,1716.6329345703125,1878.0,1888.0,1865.0,1876.0,115900
2019-08-02,1645.3350830078125,1800.0,1833.0,1783.0,1825.0,261500
2019-08-05,1591.404541015625,1741.0,1782.0,1730.0,1762.0,264400
2019-08-06,1530.1617431640625,1674.0,1686.0,1650.0,1670.0,242400
2019-08-07,1532.9039306640625,1677.0,1693.0,1660.0,1683.0,152100
2019-08-08,1566.7247314453125,1714.0,1726.0,1675.0,1676.0,161500
2019-08-09,1508.223876953125,1650.0,1690.0,1650.0,1675.0,320200
2019-08-13,1482.6297607421875,1622.0,1625.0,1574.0,1610.0,279400
2019-08-14,1444.2386474609375,1580.0,1630.0,1569.0,1610.0,377600
2019-08-15,1414.07421875,1547.0,1570.0,1512.0,1533.0,191300
2019-08-16,1397.62060546875,1529.0,1529.0,1509.0,1525.0,250500
2019-08-19,1404.0194091796875,1536.0,1549.0,1525.0,1532.0,187200
2019-08-20,1439.668212890625,1575.0,1575.0,1534.0,1541.0,96900
2019-08-21,1415.902099609375,1549.0,1564.0,1548.0,1550.0,62900
2019-08-22,1423.21484375,1557.0,1571.0,1551.0,1560.0,70800
2019-08-23,1416.81640625,1550.0,1561.0,1538.0,1556.0,104100
2019-08-26,1372.0267333984375,1501.0,1510.0,1496.0,1510.0,150500
2019-08-27,1403.1053466796875,1535.0,1541.0,1503.0,1519.0,105900
2019-08-28,1389.39404296875,1520.0,1535.0,1513.0,1535.0,74200
2019-08-29,1393.9644775390625,1525.0,1533.0,1507.0,1523.0,170700
2019-08-30,1449.7230224609375,1586.0,1594.0,1547.0,1554.0,221800
2019-09-02,1457.9498291015625,1595.0,1606.0,1577.0,1585.0,137600
2019-09-03,1475.317138671875,1614.0,1618.0,1575.0,1585.0,81300
2019-09-04,1427.7852783203125,1562.0,1589.0,1562.0,1589.0,127600
2019-09-05,1498.1690673828125,1639.0,1650.0,1565.0,1577.0,269700
2019-09-06,1489.0281982421875,1629.0,1658.0,1621.0,1654.0,90000
2019-09-09,1475.317138671875,1614.0,1621.0,1597.0,1614.0,196500
2019-09-10,1526.5052490234375,1670.0,1677.0,1633.0,1633.0,162700
2019-09-11,1545.700927734375,1691.0,1698.0,1669.0,1678.0,183800
2019-09-12,1542.9586181640625,1688.0,1708.0,1674.0,1706.0,273100
2019-09-13,1545.700927734375,1691.0,1696.0,1664.0,1673.0,327000
2019-09-17,1538.3883056640625,1683.0,1711.0,1679.0,1691.0,189500
2019-09-18,1517.364501953125,1660.0,1667.0,1636.0,1643.0,236700
2019-09-19,1524.677001953125,1668.0,1691.0,1630.0,1630.0,253700
2019-09-20,1509.137939453125,1651.0,1659.0,1629.0,1629.0,266100
2019-09-24,1507.309814453125,1649.0,1684.0,1647.0,1652.0,156900
2019-09-25,1513.708251953125,1656.0,1664.0,1631.0,1651.0,168200
2019-09-26,1494.5126953125,1635.0,1678.0,1628.0,1673.0,190000
2019-09-27,1477.1453857421875,1616.0,1653.0,1603.0,1647.0,223600
2019-09-30,1478.0594482421875,1617.0,1640.0,1612.0,1616.0,138000
2019-10-01,1521.93505859375,1665.0,1675.0,1636.0,1647.0,172000
2019-10-02,1491.7705078125,1632.0,1634.0,1613.0,1632.0,294200
2019-10-03,1438.7540283203125,1574.0,1599.0,1558.0,1599.0,281100
2019-10-04,1426.87109375,1561.0,1561.0,1540.0,1561.0,325200
2019-10-07,1411.3319091796875,1544.0,1563.0,1536.0,1558.0,185700
2019-10-08,1421.3865966796875,1555.0,1567.0,1540.0,1544.0,549000
2019-10-09,1471.6607666015625,1610.0,1619.0,1549.0,1555.0,296300
2019-10-10,1470.74658203125,1609.0,1617.0,1579.0,1607.0,146300
2019-10-11,1486.2861328125,1626.0,1637.0,1600.0,1609.0,197600
2019-10-15,1521.93505859375,1665.0,1693.0,1661.0,1661.0,178000
2019-10-16,1574.0372314453125,1722.0,1733.0,1687.0,1687.0,238500
2019-10-17,1569.466796875,1717.0,1738.0,1713.0,1728.0,165900
2019-10-18,1584.092041015625,1733.0,1754.0,1719.0,1722.0,121700
2019-10-21,1595.0611572265625,1745.0,1760.0,1737.0,1746.0,119000
2019-10-23,1609.6861572265625,1761.0,1774.0,1745.0,1758.0,184000
2019-10-24,1635.2803955078125,1789.0,1799.0,1774.0,1783.0,174600
2019-10-25,1660.8743896484375,1817.0,1818.0,1793.0,1800.0,211200
2019-10-28,1671.84326171875,1829.0,1841.0,1814.0,1832.0,197800
2019-10-29,1689.2105712890625,1848.0,1861.0,1838.0,1838.0,162400
2019-10-30,1686.468505859375,1845.0,1851.0,1824.0,1850.0,236300
2019-10-31,1697.437255859375,1857.0,1860.0,1834.0,1835.0,131800
2019-11-01,1673.6712646484375,1831.0,1841.0,1822.0,1835.0,92500
2019-11-05,1756.852294921875,1922.0,1954.0,1867.0,1868.0,438900
2019-11-06,1774.2197265625,1941.0,1944.0,1912.0,1930.0,205300
2019-11-07,1802.555908203125,1972.0,1975.0,1936.0,1946.0,322900
2019-11-08,1837.2908935546875,2010.0,2014.0,1982.0,1982.0,368700
2019-11-11,1823.5797119140625,1995.0,2045.0,1982.0,2020.0,239200
2019-11-12,1808.0404052734373,1978.0,1983.0,1955.0,1971.0,275900
2019-11-13,1816.2672119140625,1987.0,2000.0,1965.0,1980.0,199600
2019-11-14,1712.9766845703125,1874.0,1960.0,1863.0,1911.0,347800
2019-11-15,1696.5233154296875,1856.0,1867.0,1829.0,1841.0,407400
2019-11-18,1706.577880859375,1867.0,1881.0,1862.0,1862.0,337600
2019-11-19,1651.7335205078125,1807.0,1813.0,1784.0,1787.0,337400
2019-11-20,1594.14697265625,1744.0,1780.0,1737.0,1767.0,468100
2019-11-21,1586.8343505859375,1736.0,1755.0,1724.0,1740.0,382700
2019-11-22,1564.896484375,1712.0,1733.0,1709.0,1727.0,360600
2019-11-25,1631.6239013671875,1785.0,1796.0,1741.0,1743.0,494700
2019-11-26,1616.9986572265625,1769.0,1806.0,1768.0,1792.0,238500
2019-11-27,1588.662353515625,1738.0,1763.0,1732.0,1760.0,441800
2019-11-28,1553.927490234375,1700.0,1728.0,1695.0,1728.0,485600
2019-11-29,1557.5838623046875,1704.0,1724.0,1702.0,1713.0,190600
2019-12-02,1568.552734375,1716.0,1719.0,1710.0,1711.0,292500
2019-12-03,1554.8416748046875,1701.0,1705.0,1689.0,1693.0,449000
2019-12-04,1554.8416748046875,1701.0,1702.0,1681.0,1697.0,213800
2019-12-05,1556.669677734375,1703.0,1711.0,1700.0,1708.0,287500
2019-12-06,1553.927490234375,1700.0,1705.0,1691.0,1695.0,384000
2019-12-09,1555.7557373046875,1702.0,1709.0,1692.0,1706.0,450500
2019-12-10,1556.669677734375,1703.0,1715.0,1694.0,1703.0,378600
2019-12-11,1540.216552734375,1685.0,1703.0,1675.0,1703.0,614700
2019-12-12,1524.677001953125,1668.0,1690.0,1666.0,1687.0,390600
2019-12-13,1547.529052734375,1693.0,1704.0,1665.0,1669.0,635800
2019-12-16,1537.4742431640625,1682.0,1698.0,1681.0,1690.0,224100
2019-12-17,1537.4742431640625,1682.0,1694.0,1678.0,1683.0,178600
2019-12-18,1538.3883056640625,1683.0,1692.0,1682.0,1688.0,238000
2019-12-19,1524.677001953125,1668.0,1681.0,1662.0,1680.0,314300
2019-12-20,1516.450439453125,1659.0,1667.0,1646.0,1660.0,441800
2019-12-23,1513.708251953125,1656.0,1677.0,1654.0,1677.0,293300
2019-12-24,1508.223876953125,1650.0,1661.0,1644.0,1653.0,294000
2019-12-25,1507.309814453125,1649.0,1661.0,1641.0,1657.0,192000
2019-12-26,1507.309814453125,1649.0,1657.0,1644.0,1650.0,352100
2019-12-27,1508.2470703125,1609.0,1610.0,1590.0,1608.0,298500
2019-12-30,1498.8734130859375,1599.0,1611.0,1589.0,1605.0,178300
2020-01-06,1439.818359375,1536.0,1570.0,1529.0,1570.0,348900
2020-01-07,1443.56787109375,1540.0,1550.0,1533.0,1538.0,290900
2020-01-08,1415.4462890625,1510.0,1527.0,1492.0,1527.0,511400
2020-01-09,1422.008056640625,1517.0,1536.0,1504.0,1528.0,325600
2020-01-10,1406.072509765625,1500.0,1517.0,1500.0,1517.0,330100
2020-01-14,1345.1427001953125,1435.0,1488.0,1420.0,1488.0,774900
2020-01-15,1362.015625,1453.0,1456.0,1413.0,1428.0,638700
2020-01-16,1367.639892578125,1459.0,1459.0,1448.0,1457.0,275500
2020-01-17,1376.0762939453125,1468.0,1468.0,1448.0,1456.0,506000
2020-01-20,1396.69873046875,1490.0,1501.0,1475.0,1475.0,437300
2020-01-21,1359.203369140625,1450.0,1471.0,1442.0,1469.0,396300
2020-01-22,1350.7669677734375,1441.0,1442.0,1425.0,1433.0,521100
2020-01-23,1331.08203125,1420.0,1443.0,1418.0,1441.0,309400
2020-01-24,1312.3343505859375,1400.0,1418.0,1395.0,1418.0,423200
2020-01-27,1236.4063720703125,1319.0,1349.0,1318.0,1348.0,664500
2020-01-28,1231.7196044921875,1314.0,1314.0,1285.0,1302.0,509000
2020-01-29,1228.9073486328125,1311.0,1328.0,1307.0,1320.0,335600
2020-01-30,1207.3475341796875,1288.0,1311.0,1281.0,1306.0,456800
2020-01-31,1215.7840576171875,1297.0,1312.0,1285.0,1288.0,238400
2020-02-03,1210.1597900390625,1291.0,1301.0,1261.0,1267.0,309600
2020-02-04,1221.408447265625,1303.0,1309.0,1289.0,1300.0,262700
2020-02-05,1237.3438720703125,1320.0,1328.0,1313.0,1326.0,355200
2020-02-06,1265.4652099609375,1350.0,1363.0,1342.0,1343.0,458100
2020-02-07,1256.0914306640625,1340.0,1360.0,1328.0,1359.0,225000
2020-02-10,1244.843017578125,1328.0,1336.0,1315.0,1320.0,158800
2020-02-12,1246.7176513671875,1330.0,1352.0,1319.0,1328.0,426300
2020-02-13,1227.969970703125,1310.0,1318.0,1289.0,1318.0,467400
2020-02-14,1218.5960693359375,1300.0,1303.0,1289.0,1297.0,277100
2020-02-17,1182.9757080078125,1262.0,1289.0,1257.0,1288.0,296500
2020-02-18,1141.73095703125,1218.0,1250.0,1217.0,1250.0,540000
2020-02-19,1145.48046875,1222.0,1226.0,1204.0,1210.0,532400
2020-02-20,1122.9833984375,1198.0,1247.0,1198.0,1227.0,539100
2020-02-21,1122.0458984375,1197.0,1209.0,1197.0,1200.0,404600
2020-02-25,1077.051513671875,1149.0,1155.0,1132.0,1141.0,641900
2020-02-26,1049.8675537109375,1120.0,1125.0,1111.0,1125.0,786300
2020-02-27,1012.3721923828124,1080.0,1118.0,1076.0,1117.0,596400
2020-02-28,961.7535400390624,1026.0,1053.0,1014.0,1038.0,742200
2020-03-02,954.2545776367188,1018.0,1030.0,994.0,1001.0,1256200
2020-03-03,927.070556640625,989.0,1051.0,986.0,1048.0,1110200
2020-03-04,913.9470825195312,975.0,985.0,958.0,974.0,1128700
2020-03-05,909.2601928710938,970.0,998.0,963.0,998.0,717500
2020-03-06,852.0798950195312,909.0,957.0,900.0,953.0,1184100
2020-03-09,762.09130859375,813.0,858.0,800.0,855.0,1333000
2020-03-10,742.4063110351562,792.0,804.0,758.0,804.0,1620900
2020-03-11,719.9091796875,768.0,810.0,768.0,807.0,857100
2020-03-12,675.8521728515625,721.0,763.0,713.0,748.0,1557900
2020-03-13,628.983154296875,671.0,694.0,645.0,671.0,1046200
2020-03-16,627.1083374023438,669.0,710.0,668.0,690.0,740100
2020-03-17,613.047607421875,654.0,687.0,633.0,633.0,1045000
2020-03-18,572.740234375,611.0,676.0,610.0,664.0,1079500
2020-03-19,529.62060546875,565.0,620.0,518.0,601.0,2016600
2020-03-23,544.61865234375,581.0,601.0,569.0,595.0,862500
2020-03-24,609.2980346679688,650.0,650.0,590.0,606.0,953200
2020-03-25,656.1671752929688,700.0,710.0,660.0,710.0,1224700
2020-03-26,637.4195556640625,680.0,687.0,653.0,686.0,755500
2020-03-27,658.9793701171875,703.0,706.0,671.0,701.0,811700
2020-03-30,649.60546875,693.0,693.0,651.0,671.0,827100
2020-03-31,633.6700439453125,676.0,701.0,671.0,694.0,616900
2020-04-01,610.2354736328125,651.0,683.0,643.0,670.0,703900
2020-04-02,564.3037719726562,602.0,636.0,601.0,631.0,946700
2020-04-03,527.7459106445312,563.0,610.0,561.0,606.0,1164000
2020-04-06,543.6814575195312,580.0,586.0,529.0,558.0,1424900
2020-04-07,573.6776123046875,612.0,629.0,573.0,602.0,958700
2020-04-08,555.8673706054688,593.0,617.0,573.0,614.0,965300
2020-04-09,571.8027954101562,610.0,624.0,597.0,603.0,949700
2020-04-10,577.4270629882812,616.0,620.0,586.0,606.0,909400
2020-04-13,576.48974609375,615.0,623.0,603.0,619.0,711700
2020-04-14,605.5484619140625,646.0,651.0,610.0,616.0,819300
2020-04-15,598.9868774414062,639.0,655.0,627.0,653.0,875200
2020-04-16,593.362548828125,633.0,635.0,611.0,629.0,904800
2020-04-17,612.1102294921875,653.0,663.0,637.0,648.0,848700
2020-04-20,635.5447998046875,678.0,691.0,648.0,649.0,1047200
2020-04-21,619.609375,661.0,671.0,654.0,670.0,719600
2020-04-22,595.2373657226562,635.0,654.0,633.0,650.0,765300
2020-04-23,627.1083374023438,669.0,669.0,645.0,648.0,582000
2020-04-24,618.6719360351562,660.0,666.0,650.0,665.0,402800
2020-04-27,662.7288818359375,707.0,709.0,673.0,680.0,1016100
2020-04-28,673.9774169921875,719.0,721.0,703.0,712.0,603400
2020-04-30,715.2222290039062,763.0,775.0,746.0,750.0,1020200
2020-05-01,692.7250366210938,739.0,754.0,727.0,751.0,722700
2020-05-07,681.4764404296875,727.0,742.0,723.0,732.0,534000
2020-05-08,721.783935546875,770.0,770.0,725.0,731.0,730800
2020-05-11,764.9035034179688,816.0,824.0,795.0,798.0,885100
2020-05-12,762.09130859375,813.0,831.0,798.0,831.0,1083500
2020-05-13,765.8408813476562,817.0,818.0,790.0,801.0,704500
2020-05-14,737.7194213867188,787.0,810.0,786.0,803.0,801200
2020-05-15,743.3436889648438,793.0,807.0,771.0,805.0,885800
2020-05-18,748.9679565429688,799.0,811.0,761.0,788.0,709600
2020-05-19,768.6529541015625,820.0,843.0,808.0,828.0,916300
2020-05-20,770.5277709960938,822.0,829.0,802.0,820.0,628500
2020-05-21,779.9015502929688,832.0,852.0,822.0,837.0,668400
2020-05-22,767.715576171875,819.0,841.0,807.0,834.0,788700
2020-05-25,798.649169921875,852.0,854.0,827.0,837.0,560700
2020-05-26,839.8939819335938,896.0,906.0,870.0,870.0,893700
2020-05-27,896.1368408203125,956.0,972.0,914.0,918.0,1847500
2020-05-28,921.4462280273438,983.0,1019.0,947.0,990.0,2100600
2020-05-29,890.5125732421875,950.0,992.0,947.0,960.0,1190300
2020-06-01,893.3247680664062,953.0,955.0,940.0,950.0,661300
2020-06-02,898.9490356445312,959.0,990.0,951.0,960.0,729800
2020-06-03,900.8237915039062,961.0,980.0,947.0,964.0,837900
2020-06-04,909.2601928710938,970.0,997.0,953.0,976.0,870000
2020-06-05,932.6947631835938,995.0,1004.0,970.0,979.0,1023000
2020-06-08,989.8751220703124,1056.0,1061.0,1027.0,1030.0,973500
2020-06-09,981.4385375976562,1047.0,1079.0,1036.0,1071.0,754600
2020-06-10,984.2507934570312,1050.0,1058.0,1031.0,1043.0,663000
2020-06-11,947.6929321289062,1011.0,1051.0,1006.0,1040.0,1304900
2020-06-12,921.4462280273438,983.0,996.0,941.0,951.0,1375800
2020-06-15,841.7687377929688,898.0,980.0,898.0,980.0,1082600
2020-06-16,910.1975708007812,971.0,977.0,932.0,943.0,777500
2020-06-17,887.7005004882812,947.0,970.0,946.0,969.0,557200
2020-06-18,866.1406860351562,924.0,938.0,898.0,938.0,656100
2020-06-19,859.5789794921875,917.0,930.0,909.0,928.0,462900
2020-06-22,853.0172729492188,910.0,922.0,903.0,913.0,384300
2020-06-23,853.0172729492188,910.0,941.0,904.0,918.0,509100
2020-06-24,843.6435546875,900.0,916.0,900.0,908.0,374100
2020-06-25,816.4594116210938,871.0,890.0,857.0,890.0,679200
2020-06-26,825.8333129882812,881.0,887.0,860.0,878.0,834200
2020-06-29,794.5445556640625,838.0,842.0,810.0,826.0,581700
2020-06-30,797.388916015625,841.0,886.0,841.0,853.0,666900
2020-07-01,783.1668090820312,826.0,844.0,818.0,838.0,308200
2020-07-02,770.8409423828125,813.0,835.0,804.0,822.0,390100
2020-07-03,749.9817504882812,791.0,824.0,781.0,815.0,455600
2020-07-06,800.2333374023438,844.0,844.0,787.0,789.0,548800
2020-07-07,779.374267578125,822.0,852.0,813.0,845.0,457300
2020-07-08,765.1520385742188,807.0,818.0,800.0,815.0,378800
2020-07-09,764.2039184570312,806.0,820.0,798.0,807.0,347600
2020-07-10,731.967041015625,772.0,800.0,769.0,799.0,541200
2020-07-13,784.1149291992188,827.0,829.0,790.0,790.0,596600
2020-07-14,781.2704467773438,824.0,831.0,809.0,812.0,392000
2020-07-15,809.71484375,854.0,868.0,839.0,839.0,457300
2020-07-16,823.9369506835938,869.0,889.0,854.0,867.0,634000
2020-07-17,813.5073852539062,858.0,873.0,852.0,861.0,318100
2020-07-20,799.2852172851562,843.0,860.0,840.0,858.0,357200
2020-07-21,801.1815185546875,845.0,854.0,827.0,848.0,456300
2020-07-22,786.9593505859375,830.0,866.0,830.0,846.0,272500
2020-07-27,780.322265625,823.0,823.0,803.0,815.0,221800
2020-07-28,766.1002197265625,808.0,825.0,807.0,818.0,171300
2020-07-29,726.2781372070312,766.0,793.0,763.0,793.0,480900
2020-07-30,700.6782836914062,739.0,774.0,732.0,768.0,688500
2020-07-31,661.8043823242188,698.0,733.0,696.0,727.0,614900
2020-08-03,674.1302490234375,711.0,716.0,692.0,696.0,462200
2020-08-04,725.3300170898438,765.0,766.0,720.0,726.0,427100
2020-08-05,731.967041015625,772.0,773.0,743.0,760.0,374900
2020-08-06,738.60400390625,779.0,792.0,775.0,784.0,316300
2020-08-07,727.226318359375,767.0,779.0,758.0,774.0,381300
2020-08-11,767.9965209960938,810.0,826.0,774.0,774.0,715800
2020-08-12,773.6854248046875,816.0,820.0,799.0,800.0,481100
2020-08-13,801.1815185546875,845.0,861.0,832.0,839.0,685000
2020-08-14,764.2039184570312,806.0,836.0,798.0,835.0,564900
2020-08-17,758.5150146484375,800.0,822.0,799.0,815.0,259600
2020-08-18,749.0335693359375,790.0,795.0,780.0,792.0,337100
2020-08-19,752.826171875,794.0,795.0,778.0,786.0,226300
2020-08-20,741.448486328125,782.0,806.0,781.0,792.0,414100
2020-08-21,747.1373901367188,788.0,807.0,788.0,789.0,253900
2020-08-24,747.1373901367188,788.0,790.0,771.0,790.0,295400
2020-08-25,798.3370971679688,842.0,845.0,803.0,803.0,796100
2020-08-26,818.2481079101562,863.0,863.0,837.0,840.0,529000
2020-08-27,802.129638671875,846.0,861.0,839.0,861.0,374400
2020-08-28,793.5963745117188,837.0,871.0,827.0,849.0,700900
2020-08-31,811.6111450195312,856.0,878.0,851.0,852.0,354300
2020-09-01,800.2333374023438,844.0,857.0,835.0,845.0,361800
2020-09-02,789.8038330078125,833.0,857.0,828.0,855.0,239800
2020-09-03,804.9740600585938,849.0,865.0,844.0,844.0,315200
2020-09-04,815.4037475585938,860.0,860.0,830.0,831.0,275000
2020-09-07,851.43310546875,898.0,899.0,845.0,850.0,554500
2020-09-08,871.3441772460938,919.0,922.0,906.0,910.0,438100
2020-09-09,864.7071533203125,912.0,914.0,888.0,895.0,341800
2020-09-10,859.9664306640625,907.0,916.0,897.0,916.0,278800
2020-09-11,857.1220092773438,904.0,909.0,887.0,908.0,320800
2020-09-14,864.7071533203125,912.0,933.0,909.0,917.0,325100
2020-09-15,859.9664306640625,907.0,908.0,890.0,904.0,303100
2020-09-16,801.1815185546875,845.0,891.0,844.0,887.0,658600
2020-09-17,804.0259399414062,848.0,849.0,826.0,836.0,448800
2020-09-18,787.9075317382812,831.0,853.0,831.0,850.0,329300
2020-09-23,762.3076171875,804.0,820.0,792.0,820.0,404800
2020-09-24,734.8114624023438,775.0,796.0,766.0,793.0,523800
2020-09-25,749.9817504882812,791.0,796.0,777.0,790.0,391500
2020-09-28,764.2039184570312,806.0,807.0,792.0,800.0,280700
2020-09-29,780.322265625,823.0,825.0,807.0,812.0,297900
2020-09-30,754.7224731445312,796.0,834.0,794.0,829.0,350300
2020-10-02,742.3966064453125,783.0,811.0,778.0,810.0,341600
2020-10-05,770.8409423828125,813.0,816.0,779.0,779.0,311600
2020-10-06,802.129638671875,846.0,847.0,823.0,823.0,315000
2020-10-07,804.9740600585938,849.0,852.0,818.0,837.0,236400
2020-10-08,813.5073852539062,858.0,869.0,842.0,850.0,312900
2020-10-09,804.9740600585938,849.0,869.0,842.0,865.0,228200
2020-10-12,791.7001342773438,835.0,848.0,828.0,846.0,175900
2020-10-13,800.2333374023438,844.0,847.0,828.0,837.0,190000
2020-10-14,783.1668090820312,826.0,844.0,822.0,844.0,172700
2020-10-15,784.1149291992188,827.0,839.0,821.0,830.0,190200
2020-10-16,775.5816040039062,818.0,836.0,815.0,836.0,148800
2020-10-19,819.1962280273438,864.0,866.0,827.0,830.0,339700
2020-10-20,804.0259399414062,848.0,862.0,838.0,861.0,293600
2020-10-21,821.092529296875,866.0,868.0,846.0,850.0,274000
2020-10-22,805.9222412109375,850.0,860.0,846.0,851.0,210600
2020-10-23,810.6630249023438,855.0,867.0,846.0,859.0,174900
2020-10-26,800.2333374023438,844.0,861.0,842.0,852.0,143700
2020-10-27,786.9593505859375,830.0,833.0,816.0,832.0,256700
2020-10-28,750.929931640625,792.0,816.0,787.0,816.0,373300
2020-10-29,749.0335693359375,790.0,794.0,770.0,777.0,249100
2020-10-30,727.226318359375,767.0,799.0,760.0,789.0,347500
2020-11-02,749.9817504882812,791.0,795.0,768.0,768.0,243200
2020-11-04,759.4631958007812,801.0,808.0,786.0,800.0,308300
2020-11-05,744.2929077148438,785.0,800.0,775.0,800.0,380300
2020-11-06,775.5816040039062,818.0,822.0,789.0,796.0,375800
2020-11-09,791.7001342773438,835.0,843.0,820.0,823.0,404300
2020-11-10,834.3666381835938,880.0,889.0,863.0,863.0,756000
2020-11-11,871.3441772460938,919.0,924.0,890.0,890.0,896400
2020-11-12,858.0701293945312,905.0,917.0,895.0,910.0,517600
2020-11-13,843.8479614257812,890.0,893.0,861.0,880.0,657600
2020-11-16,882.721923828125,931.0,938.0,875.0,875.0,697000
2020-11-17,866.603515625,914.0,954.0,912.0,940.0,463000
2020-11-18,855.2257080078125,902.0,921.0,896.0,911.0,236900
2020-11-19,847.6405639648438,894.0,917.0,885.0,910.0,404400
2020-11-20,871.3441772460938,919.0,925.0,885.0,885.0,271100
2020-11-24,886.5144653320312,935.0,956.0,935.0,941.0,367400
2020-11-25,889.3589477539062,938.0,958.0,931.0,944.0,490800
2020-11-26,909.2699584960938,959.0,965.0,936.0,938.0,481300
2020-11-27,889.3589477539062,938.0,961.0,936.0,958.0,314200
2020-11-30,835.3147583007812,881.0,929.0,881.0,929.0,488100
2020-12-01,859.018310546875,906.0,916.0,875.0,876.0,429700
2020-12-02,875.13671875,923.0,929.0,903.0,911.0,412300
2020-12-03,874.1885986328125,922.0,936.0,919.0,930.0,329100
2020-12-04,886.5144653320312,935.0,942.0,916.0,919.0,286300
2020-12-07,897.8922729492188,947.0,955.0,939.0,950.0,389900
2020-12-08,881.7737426757812,930.0,945.0,927.0,932.0,134400
2020-12-09,921.5958251953124,972.0,973.0,930.0,930.0,411700
2020-12-10,903.5810546875,953.0,975.0,949.0,972.0,304500
2020-12-11,885.5663452148438,934.0,955.0,922.0,948.0,303100
2020-12-14,903.5810546875,953.0,965.0,933.0,933.0,230300
2020-12-15,913.0625,963.0,963.0,941.0,946.0,331600
2020-12-16,1055.2840576171875,1113.0,1113.0,1099.0,1100.0,1400200
2020-12-17,1061.921142578125,1120.0,1167.0,1102.0,1140.0,2500700
2020-12-18,1098.898681640625,1159.0,1198.0,1130.0,1140.0,1901700
2020-12-21,1152.94287109375,1216.0,1223.0,1133.0,1160.0,1302400
2020-12-22,1115.96533203125,1177.0,1218.0,1162.0,1205.0,1269000
2020-12-23,1057.1802978515625,1115.0,1174.0,1111.0,1170.0,884200
2020-12-24,1065.713623046875,1124.0,1159.0,1118.0,1145.0,542300
2020-12-25,1068.5582275390625,1127.0,1150.0,1122.0,1122.0,411400
2020-12-28,1060.0247802734375,1118.0,1124.0,1092.0,1106.0,567100
2020-12-29,1103.2322998046875,1149.0,1150.0,1100.0,1110.0,380200
2020-12-30,1077.3077392578125,1122.0,1136.0,1111.0,1136.0,381100
2021-01-04,1075.387451171875,1120.0,1123.0,1100.0,1120.0,428300
2021-01-05,1072.5069580078125,1117.0,1124.0,1106.0,1110.0,374600
2021-01-06,1129.15673828125,1176.0,1177.0,1120.0,1120.0,528400
2021-01-07,1175.244873046875,1224.0,1229.0,1187.0,1201.0,727000
2021-01-08,1174.28466796875,1223.0,1248.0,1213.0,1233.0,580900
2021-01-12,1139.7186279296875,1187.0,1231.0,1182.0,1225.0,471900
2021-01-13,1162.7626953125,1211.0,1220.0,1184.0,1193.0,425100
2021-01-14,1188.687255859375,1238.0,1246.0,1201.0,1211.0,789800
2021-01-15,1214.6116943359375,1265.0,1285.0,1234.0,1243.0,722600
2021-01-18,1208.8507080078125,1259.0,1282.0,1245.0,1254.0,628600
2021-01-19,1243.416748046875,1295.0,1307.0,1257.0,1258.0,612100
2021-01-20,1227.0938720703125,1278.0,1304.0,1265.0,1300.0,378600
2021-01-21,1229.9744873046875,1281.0,1302.0,1274.0,1286.0,298500
2021-01-22,1212.69140625,1263.0,1279.0,1249.0,1266.0,356000
2021-01-25,1206.930419921875,1257.0,1275.0,1246.0,1275.0,295700
2021-01-26,1167.5634765625,1216.0,1258.0,1209.0,1258.0,563000
2021-01-27,1175.244873046875,1224.0,1239.0,1217.0,1228.0,309900
2021-01-28,1196.3685302734375,1246.0,1262.0,1171.0,1172.0,476500
2021-01-29,1156.04150390625,1204.0,1236.0,1185.0,1230.0,485300
2021-02-01,1149.3203125,1197.0,1218.0,1175.0,1175.0,260800
2021-02-02,1199.2490234375,1249.0,1249.0,1200.0,1200.0,260000
2021-02-03,1191.5677490234375,1241.0,1256.0,1230.0,1249.0,246000
2021-02-04,1206.930419921875,1257.0,1267.0,1241.0,1250.0,302500
2021-02-05,1245.3370361328125,1297.0,1298.0,1273.0,1275.0,618100
2021-02-08,1278.94287109375,1332.0,1333.0,1292.0,1299.0,583200
2021-02-09,1251.09814453125,1303.0,1319.0,1260.0,1302.0,540400
2021-02-10,1263.580322265625,1316.0,1340.0,1264.0,1280.0,564400
2021-02-12,1282.7835693359375,1336.0,1337.0,1294.0,1300.0,592100
2021-02-15,1253.0184326171875,1305.0,1360.0,1288.0,1319.0,727000
2021-02-16,1255.89892578125,1308.0,1325.0,1268.0,1298.0,671200
2021-02-17,1236.6954345703125,1288.0,1292.0,1253.0,1287.0,768300
2021-02-18,1183.8863525390625,1233.0,1286.0,1233.0,1286.0,568700
2021-02-19,1169.48388671875,1218.0,1239.0,1202.0,1217.0,397600
2021-02-22,1223.2532958984375,1274.0,1285.0,1230.0,1242.0,434700
2021-02-24,1229.9744873046875,1281.0,1321.0,1268.0,1288.0,566400
2021-02-25,1310.62841796875,1365.0,1379.0,1318.0,1318.0,1009500
2021-02-26,1250.1378173828125,1302.0,1366.0,1298.0,1322.0,674700
2021-03-01,1276.0623779296875,1329.0,1361.0,1320.0,1332.0,546100
2021-03-02,1252.0582275390625,1304.0,1350.0,1271.0,1329.0,507800
2021-03-03,1290.4649658203125,1344.0,1345.0,1284.0,1312.0,416600
2021-03-04,1267.4210205078125,1320.0,1356.0,1306.0,1350.0,527200
2021-03-05,1296.2259521484375,1350.0,1351.0,1319.0,1330.0,431000
2021-03-08,1328.87158203125,1384.0,1419.0,1379.0,1380.0,498300
2021-03-09,1310.62841796875,1365.0,1422.0,1342.0,1417.0,459100
2021-03-10,1323.110595703125,1378.0,1383.0,1349.0,1368.0,303800
2021-03-11,1364.3978271484375,1421.0,1433.0,1381.0,1391.0,439600
2021-03-12,1385.521484375,1443.0,1453.0,1417.0,1438.0,497400
2021-03-15,1416.2469482421875,1475.0,1478.0,1444.0,1455.0,405100
2021-03-16,1440.2510986328125,1500.0,1507.0,1466.0,1471.0,590200
2021-03-17,1430.6494140625,1490.0,1508.0,1482.0,1500.0,314900
2021-03-18,1446.0120849609375,1506.0,1524.0,1500.0,1500.0,300900
2021-03-19,1472.896728515625,1534.0,1534.0,1499.0,1501.0,478700
2021-03-22,1499.7813720703125,1562.0,1585.0,1526.0,1535.0,606600
2021-03-23,1538.1881103515625,1602.0,1623.0,1577.0,1580.0,921800
2021-03-24,1453.693359375,1514.0,1574.0,1497.0,1562.0,687400
2021-03-25,1502.6619873046875,1565.0,1591.0,1529.0,1529.0,360600
2021-03-26,1560.27197265625,1625.0,1664.0,1598.0,1602.0,577500
2021-03-29,1555.47119140625,1620.0,1675.0,1601.0,1632.0,631800
2021-03-30,1602.519287109375,1669.0,1682.0,1609.0,1613.0,511100
2021-03-31,1628.44384765625,1696.0,1728.0,1682.0,1688.0,678800
2021-04-01,1596.75830078125,1663.0,1721.0,1650.0,1715.0,458200
2021-04-02,1546.8297119140625,1611.0,1685.0,1604.0,1673.0,468400
2021-04-05,1557.3916015625,1622.0,1629.0,1582.0,1619.0,372100
2021-04-06,1505.5423583984375,1568.0,1608.0,1551.0,1600.0,468400
2021-04-07,1566.9932861328125,1632.0,1632.0,1570.0,1572.0,359300
2021-04-08,1561.232177734375,1626.0,1638.0,1608.0,1624.0,297800
2021-04-09,1539.1483154296875,1603.0,1642.0,1603.0,1626.0,273900
2021-04-12,1612.1209716796875,1679.0,1692.0,1634.0,1643.0,580600
2021-04-13,1576.5948486328125,1642.0,1705.0,1637.0,1682.0,546900
2021-04-14,1541.0687255859375,1605.0,1628.0,1586.0,1622.0,318100
2021-04-15,1548.7498779296875,1613.0,1628.0,1606.0,1610.0,154500
2021-04-16,1582.355712890625,1648.0,1649.0,1589.0,1618.0,241700
2021-04-19,1556.4312744140625,1621.0,1657.0,1610.0,1650.0,143000
2021-04-20,1531.4669189453125,1595.0,1637.0,1588.0,1630.0,261200
2021-04-21,1506.5025634765625,1569.0,1575.0,1540.0,1550.0,360600
2021-04-22,1547.789794921875,1612.0,1624.0,1591.0,1596.0,350900
2021-04-23,1501.7017822265625,1564.0,1614.0,1557.0,1600.0,225800
2021-04-26,1518.9847412109375,1582.0,1590.0,1564.0,1564.0,225300
2021-04-27,1556.4312744140625,1621.0,1633.0,1578.0,1587.0,227400
2021-04-28,1542.989013671875,1607.0,1615.0,1578.0,1610.0,189700
2021-04-30,1564.112548828125,1629.0,1660.0,1617.0,1628.0,268800
2021-05-06,1608.2802734375,1675.0,1708.0,1653.0,1657.0,441500
2021-05-07,1648.607421875,1717.0,1717.0,1667.0,1675.0,388900
2021-05-10,1641.88623046875,1710.0,1724.0,1699.0,1713.0,210400
2021-05-11,1623.64306640625,1691.0,1721.0,1683.0,1697.0,281400
2021-05-12,1582.355712890625,1648.0,1699.0,1611.0,1696.0,253400
2021-05-13,1528.58642578125,1592.0,1655.0,1591.0,1608.0,272300
2021-05-14,1532.4271240234375,1596.0,1609.0,1562.0,1593.0,423500
2021-05-17,1494.0203857421875,1556.0,1651.0,1541.0,1630.0,479400
2021-05-18,1600.5989990234375,1667.0,1680.0,1531.0,1596.0,465600
2021-05-19,1586.196533203125,1652.0,1690.0,1639.0,1641.0,317200
2021-05-20,1590.997314453125,1657.0,1667.0,1643.0,1656.0,186900
2021-05-21,1598.6785888671875,1665.0,1683.0,1647.0,1668.0,222300
2021-05-24,1639.9658203125,1708.0,1723.0,1696.0,1697.0,227700
2021-05-25,1655.3284912109375,1724.0,1744.0,1707.0,1712.0,465200
2021-05-26,1672.611572265625,1742.0,1742.0,1703.0,1735.0,345900
2021-05-27,1708.1376953125,1779.0,1795.0,1749.0,1750.0,615800
2021-05-28,1718.6995849609375,1790.0,1808.0,1754.0,1800.0,507500
2021-05-31,1687.9742431640625,1758.0,1799.0,1744.0,1799.0,241600
2021-06-01,1688.934326171875,1759.0,1801.0,1732.0,1795.0,215600
2021-06-02,1701.4166259765625,1772.0,1789.0,1764.0,1769.0,315700
2021-06-03,1719.65966796875,1791.0,1808.0,1769.0,1779.0,547600
2021-06-04,1737.90283203125,1810.0,1827.0,1783.0,1799.0,435500
2021-06-07,1770.548583984375,1844.0,1846.0,1803.0,1816.0,334000
2021-06-08,1801.2740478515625,1876.0,1908.0,1844.0,1844.0,540600
2021-06-09,1746.54443359375,1819.0,1874.0,1817.0,1869.0,269100
2021-06-10,1782.070556640625,1856.0,1876.0,1836.0,1859.0,301400
2021-06-11,1710.05810546875,1781.0,1843.0,1771.0,1834.0,336500
2021-06-14,1699.4962158203125,1770.0,1809.0,1768.0,1791.0,154100
2021-06-15,1736.9427490234375,1809.0,1819.0,1779.0,1788.0,223700
2021-06-16,1723.5003662109375,1795.0,1823.0,1783.0,1819.0,166400
2021-06-17,1730.2216796875,1802.0,1816.0,1782.0,1809.0,192700
2021-06-18,1710.05810546875,1781.0,1812.0,1760.0,1794.0,290700
2021-06-21,1658.2091064453125,1727.0,1741.0,1684.0,1724.0,546200
2021-06-22,1711.018310546875,1782.0,1806.0,1759.0,1780.0,509500
2021-06-23,1701.4166259765625,1772.0,1803.0,1768.0,1782.0,119700
2021-06-24,1687.9742431640625,1758.0,1799.0,1757.0,1772.0,125600
2021-06-25,1706.217529296875,1777.0,1788.0,1767.0,1772.0,165000
2021-06-28,1674.5318603515625,1744.0,1784.0,1730.0,1774.0,240200
2021-06-29,1666.7252197265625,1708.0,1721.0,1693.0,1712.0,231500
2021-06-30,1666.7252197265625,1708.0,1722.0,1681.0,1704.0,204900
2021-07-01,1677.4593505859375,1719.0,1723.0,1692.0,1712.0,167100
2021-07-02,1737.961181640625,1781.0,1781.0,1708.0,1719.0,227000
2021-07-05,1706.734375,1749.0,1780.0,1746.0,1780.0,169800
2021-07-06,1727.2269287109375,1770.0,1777.0,1750.0,1764.0,117100
2021-07-07,1651.1119384765625,1692.0,1741.0,1680.0,1736.0,466200
2021-07-08,1595.4892578125,1635.0,1672.0,1625.0,1665.0,491200
2021-07-09,1589.63427734375,1629.0,1639.0,1582.0,1586.0,500700
2021-07-12,1656.966796875,1698.0,1705.0,1661.0,1684.0,301300
2021-07-13,1652.087646484375,1693.0,1716.0,1684.0,1705.0,384800
2021-07-14,1607.1993408203125,1647.0,1680.0,1647.0,1672.0,204600
2021-07-15,1578.900146484375,1618.0,1626.0,1589.0,1611.0,307500
2021-07-16,1605.24755859375,1645.0,1657.0,1618.0,1618.0,176700
2021-07-19,1560.3592529296875,1599.0,1613.0,1580.0,1607.0,274400
2021-07-20,1554.5042724609375,1593.0,1615.0,1543.0,1561.0,313000
2021-07-21,1567.1900634765625,1606.0,1669.0,1601.0,1645.0,436100
2021-07-26,1595.4892578125,1635.0,1653.0,1617.0,1635.0,270700
2021-07-27,1594.513427734375,1634.0,1672.0,1629.0,1657.0,294100
2021-07-28,1578.900146484375,1618.0,1642.0,1608.0,1615.0,293400
2021-07-29,1597.44091796875,1637.0,1649.0,1602.0,1613.0,768300
2021-07-30,1599.3927001953125,1639.0,1669.0,1622.0,1622.0,259200
2021-08-02,1652.087646484375,1693.0,1706.0,1652.0,1658.0,307100
2021-08-03,1643.30517578125,1684.0,1724.0,1676.0,1693.0,288400
2021-08-04,1583.779296875,1623.0,1694.0,1622.0,1685.0,223000
2021-08-05,1595.4892578125,1635.0,1643.0,1610.0,1616.0,186300
2021-08-06,1565.2384033203125,1604.0,1641.0,1603.0,1624.0,180100
2021-08-10,1583.779296875,1623.0,1640.0,1605.0,1609.0,300900
2021-08-11,1695.0242919921875,1737.0,1772.0,1663.0,1663.0,713000
2021-08-12,1641.353515625,1682.0,1744.0,1678.0,1729.0,345000
2021-08-13,1606.2235107421875,1646.0,1682.0,1624.0,1682.0,248700
2021-08-16,1541.8184814453125,1580.0,1658.0,1562.0,1658.0,495500
2021-08-17,1478.38916015625,1515.0,1573.0,1510.0,1566.0,410400
2021-08-18,1536.9393310546875,1575.0,1585.0,1529.0,1536.0,287000
2021-08-19,1485.2200927734375,1522.0,1602.0,1522.0,1595.0,174400
2021-08-20,1390.5640869140625,1425.0,1507.0,1422.0,1500.0,632700
2021-08-23,1395.443115234375,1430.0,1454.0,1420.0,1448.0,370900
2021-08-24,1388.6124267578125,1423.0,1439.0,1420.0,1425.0,325300
2021-08-25,1367.14404296875,1401.0,1437.0,1389.0,1419.0,375900
2021-08-26,1363.2406005859375,1397.0,1413.0,1388.0,1401.0,300800
2021-08-27,1369.095703125,1403.0,1404.0,1380.0,1388.0,266400
2021-08-30,1450.0899658203125,1486.0,1491.0,1424.0,1424.0,368500
2021-08-31,1508.6400146484375,1546.0,1561.0,1467.0,1470.0,556900
2021-09-01,1525.229248046875,1563.0,1580.0,1545.0,1546.0,291000
2021-09-02,1536.9393310546875,1575.0,1597.0,1566.0,1582.0,333000
2021-09-03,1530.1083984375,1568.0,1583.0,1535.0,1550.0,392600
2021-09-06,1547.6734619140625,1586.0,1620.0,1566.0,1601.0,346400
2021-09-07,1565.2384033203125,1604.0,1630.0,1602.0,1617.0,337300
2021-09-08,1578.900146484375,1618.0,1623.0,1571.0,1583.0,366200
2021-09-09,1571.0933837890625,1610.0,1626.0,1579.0,1586.0,283600
2021-09-10,1544.7459716796875,1583.0,1600.0,1562.0,1600.0,363500
2021-09-13,1535.96337890625,1574.0,1576.0,1536.0,1576.0,353500
2021-09-14,1589.63427734375,1629.0,1634.0,1564.0,1573.0,341400
2021-09-15,1561.3350830078125,1600.0,1629.0,1588.0,1620.0,297700
2021-09-16,1562.3109130859375,1601.0,1632.0,1574.0,1628.0,346800
2021-09-17,1537.9150390625,1576.0,1610.0,1571.0,1601.0,271700
2021-09-21,1480.3408203125,1517.0,1528.0,1496.0,1507.0,368000
2021-09-22,1478.38916015625,1515.0,1534.0,1505.0,1530.0,164400
2021-09-24,1567.1900634765625,1606.0,1611.0,1565.0,1573.0,383800
2021-09-27,1532.06005859375,1570.0,1605.0,1565.0,1601.0,229900
2021-09-28,1549.6251220703125,1588.0,1592.0,1547.0,1581.0,214200
2021-09-29,1561.3350830078125,1600.0,1610.0,1565.0,1586.0,313400
2021-09-30,1552.5526123046875,1591.0,1602.0,1577.0,1595.0,183100
2021-10-01,1507.6641845703125,1545.0,1575.0,1536.0,1570.0,254100
2021-10-04,1486.19580078125,1523.0,1579.0,1514.0,1570.0,212400
2021-10-05,1435.4525146484375,1471.0,1523.0,1447.0,1516.0,361100
2021-10-06,1400.3223876953125,1435.0,1495.0,1425.0,1486.0,405700
2021-10-07,1395.443115234375,1430.0,1449.0,1413.0,1440.0,305900
2021-10-08,1417.887451171875,1453.0,1465.0,1436.0,1450.0,303700
2021-10-11,1442.283203125,1478.0,1478.0,1428.0,1437.0,330400
2021-10-12,1441.3074951171875,1477.0,1487.0,1462.0,1473.0,105900
2021-10-13,1447.162353515625,1483.0,1487.0,1454.0,1478.0,117100
2021-10-14,1437.404052734375,1473.0,1476.0,1445.0,1472.0,134000
2021-10-15,1490.0992431640625,1527.0,1527.0,1489.0,1493.0,163100
2021-10-18,1520.35009765625,1558.0,1572.0,1536.0,1538.0,222100
2021-10-19,1567.1900634765625,1606.0,1611.0,1565.0,1572.0,310800
2021-10-20,1563.2867431640625,1602.0,1646.0,1601.0,1628.0,185200
2021-10-21,1547.6734619140625,1586.0,1644.0,1582.0,1608.0,157900
2021-10-22,1545.7216796875,1584.0,1603.0,1565.0,1573.0,106500
2021-10-25,1549.6251220703125,1588.0,1599.0,1575.0,1584.0,97300
2021-10-26,1570.1175537109375,1609.0,1629.0,1600.0,1604.0,110800
2021-10-27,1581.82763671875,1621.0,1624.0,1599.0,1618.0,160100
2021-10-28,1549.6251220703125,1588.0,1613.0,1574.0,1609.0,219900
2021-10-29,1553.5283203125,1592.0,1614.0,1575.0,1600.0,103100
2021-11-01,1603.2958984375,1643.0,1643.0,1611.0,1620.0,186600
2021-11-02,1598.416748046875,1638.0,1677.0,1637.0,1652.0,282700
2021-11-04,1602.3201904296875,1642.0,1651.0,1622.0,1645.0,206400
2021-11-05,1590.610107421875,1630.0,1635.0,1610.0,1632.0,102700
2021-11-08,1561.3350830078125,1600.0,1642.0,1600.0,1642.0,162900
2021-11-09,1565.2384033203125,1604.0,1641.0,1589.0,1618.0,167500
2021-11-10,1553.5283203125,1592.0,1606.0,1572.0,1606.0,116900
2021-11-11,1553.5283203125,1592.0,1598.0,1573.0,1591.0,114600
2021-11-12,1562.3109130859375,1601.0,1618.0,1588.0,1596.0,194900
2021-11-15,1492.0509033203125,1529.0,1664.0,1525.0,1628.0,466500
2021-11-16,1514.4951171875,1552.0,1571.0,1524.0,1554.0,252000
2021-11-17,1467.655029296875,1504.0,1554.0,1480.0,1554.0,197300
2021-11-18,1430.5733642578125,1466.0,1495.0,1460.0,1478.0,354000
2021-11-19,1444.2349853515625,1480.0,1498.0,1465.0,1468.0,171300
2021-11-22,1420.81494140625,1456.0,1468.0,1448.0,1466.0,115800
2021-11-24,1421.790771484375,1457.0,1502.0,1445.0,1470.0,232400
2021-11-25,1426.669921875,1462.0,1475.0,1445.0,1457.0,103600
2021-11-26,1390.5640869140625,1425.0,1454.0,1409.0,1449.0,258000
2021-11-29,1335.917236328125,1369.0,1408.0,1362.0,1395.0,289000
2021-11-30,1336.8931884765625,1370.0,1419.0,1370.0,1397.0,399900
2021-12-01,1347.6273193359375,1381.0,1391.0,1333.0,1365.0,192400
2021-12-02,1325.18310546875,1358.0,1390.0,1357.0,1365.0,215600
2021-12-03,1399.3465576171875,1434.0,1434.0,1385.0,1394.0,389500
2021-12-06,1406.177490234375,1441.0,1468.0,1429.0,1460.0,215000
2021-12-07,1436.42822265625,1472.0,1478.0,1444.0,1449.0,173900
2021-12-08,1478.38916015625,1515.0,1529.0,1503.0,1508.0,335400
2021-12-09,1474.4857177734375,1511.0,1523.0,1498.0,1512.0,184800
2021-12-10,1455.9449462890625,1492.0,1518.0,1490.0,1509.0,185200
2021-12-13,1434.4765625,1470.0,1513.0,1466.0,1510.0,151200
2021-12-14,1424.71826171875,1460.0,1488.0,1413.0,1440.0,599200
2021-12-15,1433.5008544921875,1469.0,1487.0,1461.0,1474.0,175100
2021-12-16,1439.355712890625,1475.0,1499.0,1475.0,1499.0,142200
2021-12-17,1432.52490234375,1468.0,1485.0,1462.0,1485.0,214900
2021-12-20,1372.9990234375,1407.0,1458.0,1407.0,1458.0,187000
2021-12-21,1369.095703125,1403.0,1430.0,1398.0,1408.0,189300
2021-12-22,1372.023193359375,1406.0,1410.0,1371.0,1409.0,289100
2021-12-23,1420.81494140625,1456.0,1456.0,1412.0,1415.0,187400
2021-12-24,1435.4525146484375,1471.0,1479.0,1457.0,1471.0,118300
2021-12-27,1419.839111328125,1455.0,1464.0,1438.0,1464.0,135100
2021-12-28,1440.3316650390625,1476.0,1489.0,1468.0,1481.0,214400
2021-12-29,1452.169921875,1472.0,1483.0,1459.0,1459.0,167100
2021-12-30,1449.21044921875,1469.0,1481.0,1453.0,1466.0,116700
2022-01-04,1474.860107421875,1495.0,1498.0,1469.0,1486.0,147600
2022-01-05,1491.631103515625,1512.0,1515.0,1491.0,1500.0,129700
2022-01-06,1476.8331298828125,1497.0,1512.0,1490.0,1502.0,132300
2022-01-07,1505.4425048828125,1526.0,1530.0,1497.0,1501.0,155900
2022-01-11,1483.7388916015625,1504.0,1545.0,1497.0,1538.0,227600
2022-01-12,1534.0518798828125,1555.0,1558.0,1507.0,1515.0,304400
2022-01-13,1559.7015380859375,1581.0,1593.0,1558.0,1562.0,214500
2022-01-14,1556.741943359375,1578.0,1585.0,1549.0,1572.0,247100
2022-01-17,1545.89013671875,1567.0,1588.0,1552.0,1583.0,140200
2022-01-18,1532.0787353515625,1553.0,1623.0,1553.0,1585.0,272700
2022-01-19,1438.3585205078125,1458.0,1526.0,1453.0,1521.0,277900
2022-01-20,1416.6549072265625,1436.0,1467.0,1415.0,1441.0,181500
2022-01-21,1384.0994873046875,1403.0,1412.0,1381.0,1406.0,190900
2022-01-24,1397.910888671875,1417.0,1428.0,1385.0,1392.0,168600
2022-01-25,1353.51708984375,1372.0,1418.0,1358.0,1417.0,234300
2022-01-26,1356.4766845703125,1375.0,1389.0,1360.0,1370.0,159300
2022-01-27,1310.10986328125,1328.0,1393.0,1317.0,1384.0,235000
2022-01-28,1352.5306396484375,1371.0,1377.0,1305.0,1342.0,239400
2022-01-31,1390.0186767578125,1409.0,1417.0,1361.0,1361.0,184700
2022-02-01,1371.274658203125,1390.0,1448.0,1388.0,1444.0,171400
2022-02-02,1437.3720703125,1457.0,1457.0,1407.0,1409.0,166000
2022-02-03,1409.749267578125,1429.0,1450.0,1425.0,1447.0,77300
2022-02-04,1406.7896728515625,1426.0,1434.0,1388.0,1429.0,107800
2022-02-07,1429.4798583984375,1449.0,1460.0,1411.0,1420.0,141500
2022-02-08,1440.3316650390625,1460.0,1475.0,1453.0,1458.0,116300
2022-02-09,1424.547119140625,1444.0,1471.0,1443.0,1462.0,114300
2022-02-10,1430.46630859375,1450.0,1475.0,1431.0,1467.0,135600
2022-02-14,1374.2342529296875,1393.0,1420.0,1371.0,1415.0,287300
2022-02-15,1360.4228515625,1379.0,1400.0,1371.0,1380.0,280000
2022-02-16,1142.4000244140625,1158.0,1269.0,1131.0,1260.0,1743700
2022-02-17,1115.7637939453125,1131.0,1205.0,1130.0,1167.0,1110100
2022-02-18,1012.1782836914062,1026.0,1102.0,1020.0,1101.0,2135000
2022-02-21,951.0134887695312,964.0,1004.0,953.0,990.0,1700600
2022-02-22,907.6062622070312,920.0,950.0,915.0,934.0,1122900
2022-02-24,911.5523681640624,924.0,961.0,909.0,920.0,1038200
2022-02-25,934.2424926757812,947.0,956.0,930.0,936.0,654200
2022-02-28,959.8922729492188,973.0,978.0,949.0,961.0,573800
2022-03-01,944.1077880859376,957.0,1001.0,957.0,992.0,663700
2022-03-02,951.0134887695312,964.0,969.0,941.0,942.0,411600
2022-03-03,933.2559814453124,946.0,961.0,935.0,953.0,510900
2022-03-04,899.7139892578125,912.0,956.0,911.0,944.0,488300
2022-03-07,852.3606567382812,864.0,891.0,846.0,884.0,821300
2022-03-08,811.9129638671875,823.0,841.0,810.0,834.0,1019900
2022-03-09,817.8321533203125,829.0,858.0,824.0,842.0,563100
2022-03-10,876.0372924804688,888.0,893.0,859.0,866.0,441300
2022-03-11,861.2393798828125,873.0,882.0,853.0,878.0,303800
2022-03-14,869.1316528320312,881.0,895.0,875.0,875.0,206300
2022-03-15,859.266357421875,871.0,887.0,860.0,879.0,242400
2022-03-16,877.0238647460938,889.0,896.0,872.0,886.0,275400
2022-03-17,912.5388793945312,925.0,929.0,907.0,916.0,241000
2022-03-18,924.377197265625,937.0,938.0,922.0,927.0,314300
2022-03-22,931.2828979492188,944.0,957.0,937.0,947.0,273400
2022-03-23,944.1077880859376,957.0,962.0,949.0,956.0,248600
2022-03-24,948.0538940429688,961.0,963.0,939.0,950.0,203700
2022-03-25,938.1885986328124,951.0,970.0,944.0,967.0,195600
2022-03-28,921.4176635742188,934.0,953.0,926.0,953.0,191800
2022-03-29,938.1885986328124,951.0,965.0,935.0,942.0,343700
2022-03-30,955.9461059570312,969.0,969.0,946.0,952.0,342900
2022-03-31,953.9730834960938,967.0,970.0,946.0,954.0,251500
2022-04-01,953.9730834960938,967.0,968.0,947.0,952.0,190000
2022-04-04,963.83837890625,977.0,977.0,968.0,970.0,117400
2022-04-05,967.7844848632812,981.0,987.0,964.0,980.0,244600
2022-04-06,937.2020874023438,950.0,971.0,950.0,971.0,197600
2022-04-07,916.4849853515624,929.0,947.0,921.0,947.0,223800
2022-04-08,919.444580078125,932.0,942.0,921.0,938.0,174300
2022-04-11,922.4041748046876,935.0,948.0,926.0,944.0,126500
2022-04-12,907.6062622070312,920.0,931.0,912.0,924.0,201000
2022-04-13,921.4176635742188,934.0,938.0,925.0,929.0,130600
2022-04-14,923.3906860351562,936.0,943.0,930.0,943.0,106700
2022-04-15,915.4984741210938,928.0,934.0,920.0,933.0,107600
2022-04-18,904.6466674804688,917.0,921.0,901.0,915.0,150200
2022-04-19,934.2424926757812,947.0,947.0,920.0,920.0,178400
2022-04-20,921.4176635742188,934.0,953.0,930.0,953.0,171800
2022-04-21,935.22900390625,948.0,951.0,934.0,934.0,155900
2022-04-22,926.3502807617188,939.0,954.0,937.0,952.0,168200
2022-04-25,902.673583984375,915.0,925.0,910.0,920.0,197700
2022-04-26,916.4849853515624,929.0,935.0,922.0,934.0,152000
2022-04-27,908.5927734375,921.0,924.0,898.0,905.0,360200
2022-04-28,926.3502807617188,939.0,940.0,913.0,918.0,197400
2022-05-02,923.3906860351562,936.0,944.0,926.0,932.0,202500
2022-05-06,907.6062622070312,920.0,935.0,918.0,935.0,506500
2022-05-09,886.88916015625,899.0,912.0,891.0,911.0,258500
2022-05-10,874.0642700195312,886.0,890.0,868.0,890.0,268800
2022-05-11,884.9160766601562,897.0,902.0,875.0,883.0,382400
2022-05-12,865.1854858398438,877.0,894.0,869.0,880.0,319900
2022-05-13,877.0238647460938,889.0,892.0,846.0,850.0,612000
2022-05-16,935.22900390625,948.0,969.0,908.0,915.0,698300
2022-05-17,944.1077880859376,957.0,959.0,922.0,929.0,394300
2022-05-18,906.6196899414062,919.0,954.0,912.0,950.0,487900
2022-05-19,894.7813720703125,907.0,915.0,871.0,880.0,476400
2022-05-20,880.969970703125,893.0,902.0,868.0,895.0,622800
2022-05-23,918.4580688476562,931.0,934.0,899.0,901.0,382700
2022-05-24,881.9564819335938,894.0,930.0,894.0,929.0,292800
2022-05-25,854.3336791992188,866.0,890.0,866.0,890.0,383600
2022-05-26,888.8621826171875,901.0,906.0,868.0,875.0,369300
2022-05-27,912.5388793945312,925.0,928.0,903.0,909.0,341700
2022-05-30,956.9326782226562,970.0,978.0,939.0,940.0,595400
2022-05-31,952.0,965.0,983.0,951.0,966.0,1980200
2022-06-01,977.6497802734376,991.0,992.0,961.0,969.0,242700
2022-06-02,1001.326416015625,1015.0,1015.0,988.0,996.0,288800
2022-06-03,999.3533935546876,1013.0,1034.0,1009.0,1031.0,302600
2022-06-06,1003.2994995117188,1017.0,1026.0,996.0,1005.0,199900
2022-06-07,1001.326416015625,1015.0,1031.0,1011.0,1020.0,235400
2022-06-08,1039.801025390625,1054.0,1060.0,1037.0,1038.0,351600
2022-06-09,1028.94921875,1043.0,1053.0,1032.0,1049.0,202400
2022-06-10,993.4342041015624,1007.0,1029.0,1002.0,1029.0,237900
2022-06-13,951.0134887695312,964.0,988.0,961.0,987.0,282000
2022-06-14,945.0942993164062,958.0,961.0,940.0,944.0,217100
2022-06-15,952.0,965.0,971.0,954.0,963.0,235200
2022-06-16,946.0808715820312,959.0,979.0,955.0,979.0,204100
2022-06-17,918.4580688476562,931.0,940.0,921.0,929.0,309400
2022-06-20,905.6331787109376,918.0,938.0,906.0,936.0,128600
2022-06-21,935.22900390625,948.0,959.0,933.0,933.0,232500
2022-06-22,912.5388793945312,925.0,953.0,924.0,953.0,131900
2022-06-23,916.4849853515624,929.0,934.0,916.0,920.0,147500
2022-06-24,932.2694702148438,945.0,954.0,928.0,942.0,198600
2022-06-27,958.9057006835938,972.0,977.0,960.0,964.0,219200
2022-06-28,952.0,965.0,983.0,957.0,968.0,218300
2022-06-29,949.0,949.0,952.0,931.0,939.0,289400
2022-06-30,905.0,905.0,949.0,905.0,943.0,242000
2022-07-01,902.0,902.0,909.0,891.0,902.0,238800
2022-07-04,923.0,923.0,926.0,907.0,915.0,192500
2022-07-05,904.0,904.0,928.0,901.0,928.0,156100
2022-07-06,881.0,881.0,901.0,881.0,898.0,230400
2022-07-07,911.0,911.0,912.0,888.0,892.0,178000
2022-07-08,911.0,911.0,934.0,911.0,914.0,236800
2022-07-11,910.0,910.0,934.0,910.0,924.0,204600
2022-07-12,902.0,902.0,907.0,889.0,905.0,264500
2022-07-13,909.0,909.0,912.0,900.0,902.0,130000
2022-07-14,916.0,916.0,918.0,903.0,909.0,172000
2022-07-15,897.0,897.0,915.0,891.0,915.0,179300
2022-07-19,931.0,931.0,931.0,905.0,912.0,260900
2022-07-20,946.0,946.0,958.0,942.0,950.0,272500
2022-07-21,968.0,968.0,977.0,954.0,956.0,222700
2022-07-22,972.0,972.0,980.0,959.0,970.0,159100
2022-07-25,944.0,944.0,970.0,942.0,969.0,106600
2022-07-26,951.0,951.0,957.0,940.0,940.0,89000
2022-07-27,952.0,952.0,958.0,942.0,949.0,135200
2022-07-28,960.0,960.0,964.0,940.0,964.0,403900
2022-07-29,943.0,943.0,970.0,941.0,969.0,215600
2022-08-01,972.0,972.0,972.0,950.0,959.0,169500
2022-08-02,947.0,947.0,961.0,944.0,961.0,212200
2022-08-03,935.0,935.0,950.0,931.0,949.0,127900
2022-08-04,950.0,950.0,953.0,933.0,949.0,136300
2022-08-05,961.0,961.0,965.0,953.0,954.0,199100
2022-08-08,960.0,960.0,963.0,948.0,963.0,141800
2022-08-09,975.0,975.0,978.0,952.0,959.0,202000
2022-08-10,1031.0,1031.0,1054.0,942.0,945.0,1072400
2022-08-12,1068.0,1068.0,1072.0,1016.0,1043.0,549400
2022-08-15,1062.0,1062.0,1073.0,1045.0,1073.0,330300
2022-08-16,1049.0,1049.0,1064.0,1042.0,1050.0,179300
2022-08-17,1076.0,1076.0,1084.0,1065.0,1065.0,355400
2022-08-18,1086.0,1086.0,1086.0,1053.0,1055.0,200800
2022-08-19,1100.0,1100.0,1107.0,1066.0,1073.0,266600
2022-08-22,1106.0,1106.0,1113.0,1091.0,1101.0,250200
2022-08-23,1090.0,1090.0,1107.0,1086.0,1089.0,251900
2022-08-24,1135.0,1135.0,1138.0,1093.0,1096.0,382000
2022-08-25,1143.0,1143.0,1187.0,1134.0,1147.0,600500
2022-08-26,1180.0,1180.0,1203.0,1159.0,1168.0,852500
2022-08-29,1139.0,1139.0,1179.0,1135.0,1151.0,645100
2022-08-30,1161.0,1161.0,1177.0,1145.0,1152.0,385600
2022-08-31,1171.0,1171.0,1175.0,1149.0,1149.0,396200
2022-09-01,1155.0,1155.0,1177.0,1148.0,1163.0,362200
2022-09-02,1130.0,1130.0,1145.0,1111.0,1141.0,363200
2022-09-05,1136.0,1136.0,1141.0,1117.0,1121.0,380400
2022-09-06,1159.0,1159.0,1163.0,1119.0,1134.0,210700
2022-09-07,1133.0,1133.0,1157.0,1131.0,1157.0,238500
2022-09-08,1175.0,1175.0,1185.0,1153.0,1159.0,434000
2022-09-09,1216.0,1216.0,1218.0,1174.0,1178.0,542200
2022-09-12,1198.0,1198.0,1236.0,1198.0,1226.0,302300
2022-09-13,1229.0,1229.0,1239.0,1206.0,1210.0,381000
2022-09-14,1201.0,1201.0,1215.0,1173.0,1184.0,371400
2022-09-15,1177.0,1177.0,1196.0,1170.0,1191.0,392800
2022-09-16,1192.0,1192.0,1196.0,1159.0,1163.0,440800
2022-09-20,1217.0,1217.0,1231.0,1197.0,1202.0,341500
2022-09-21,1214.0,1214.0,1215.0,1197.0,1197.0,261500
2022-09-22,1213.0,1213.0,1221.0,1202.0,1205.0,262300
2022-09-26,1138.0,1138.0,1170.0,1125.0,1165.0,409600
2022-09-27,1144.0,1144.0,1153.0,1126.0,1134.0,204700
2022-09-28,1121.0,1121.0,1170.0,1106.0,1158.0,349900
2022-09-29,1162.0,1162.0,1164.0,1131.0,1142.0,288400
2022-09-30,1128.0,1128.0,1143.0,1118.0,1133.0,406000
2022-10-03,1154.0,1154.0,1154.0,1113.0,1118.0,360100
2022-10-04,1194.0,1194.0,1195.0,1171.0,1178.0,271500
2022-10-05,1203.0,1203.0,1211.0,1190.0,1210.0,267500
2022-10-06,1212.0,1212.0,1222.0,1207.0,1210.0,255700
2022-10-07,1189.0,1189.0,1195.0,1182.0,1194.0,150500
2022-10-11,1162.0,1162.0,1181.0,1151.0,1162.0,214600
2022-10-12,1160.0,1160.0,1166.0,1151.0,1166.0,186800
2022-10-13,1142.0,1142.0,1154.0,1132.0,1150.0,137800
2022-10-14,1159.0,1159.0,1180.0,1147.0,1172.0,312100
2022-10-17,1152.0,1152.0,1157.0,1140.0,1148.0,226900
2022-10-18,1170.0,1170.0,1178.0,1159.0,1178.0,216400
2022-10-19,1202.0,1202.0,1203.0,1165.0,1169.0,190100
2022-10-20,1211.0,1211.0,1211.0,1182.0,1182.0,161500
2022-10-21,1193.0,1193.0,1216.0,1193.0,1201.0,209400
2022-10-24,1191.0,1191.0,1215.0,1186.0,1210.0,160100
2022-10-25,1196.0,1196.0,1206.0,1187.0,1206.0,146100
2022-10-26,1192.0,1192.0,1205.0,1186.0,1205.0,219900
2022-10-27,1186.0,1186.0,1194.0,1183.0,1192.0,127700
2022-10-28,1171.0,1171.0,1188.0,1164.0,1169.0,480900
2022-10-31,1234.0,1234.0,1237.0,1184.0,1186.0,379400
2022-11-01,1224.0,1224.0,1236.0,1214.0,1235.0,169900
2022-11-02,1202.0,1202.0,1230.0,1200.0,1212.0,183000
2022-11-04,1209.0,1209.0,1212.0,1190.0,1196.0,204600
2022-11-07,1216.0,1216.0,1233.0,1214.0,1227.0,171900
2022-11-08,1193.0,1193.0,1216.0,1191.0,1216.0,188100
2022-11-09,1189.0,1189.0,1203.0,1176.0,1197.0,178900
2022-11-10,1162.0,1162.0,1190.0,1154.0,1190.0,189900
2022-11-11,1208.0,1208.0,1208.0,1184.0,1196.0,365300
2022-11-14,981.0,981.0,1113.0,981.0,1113.0,2195700
2022-11-15,969.0,969.0,986.0,965.0,977.0,769700
2022-11-16,960.0,960.0,970.0,943.0,958.0,770000
2022-11-17,977.0,977.0,986.0,952.0,960.0,656400
2022-11-18,986.0,986.0,992.0,975.0,982.0,488500
2022-11-21,1014.2608642578124,1032.0,1035.0,986.0,996.0,909500
2022-11-22,1003.449951171875,1021.0,1035.0,1015.0,1033.0,346200
2022-11-24,1023.1061401367188,1041.0,1048.0,1032.0,1037.0,368600
2022-11-25,1043.7452392578125,1062.0,1062.0,1040.0,1046.0,371900
2022-11-28,1014.2608642578124,1032.0,1072.0,1032.0,1060.0,239200
2022-11-29,1014.2608642578124,1032.0,1054.0,1015.0,1025.0,319800
2022-11-30,1017.2092895507812,1035.0,1045.0,1030.0,1030.0,381000
2022-12-01,1017.2092895507812,1035.0,1044.0,1024.0,1037.0,283500
2022-12-02,996.5702514648438,1014.0,1022.0,999.0,1022.0,334900
2022-12-05,992.6390380859376,1010.0,1020.0,997.0,1014.0,271300
2022-12-06,985.7593383789062,1003.0,1003.0,987.0,998.0,380500
2022-12-07,1016.2265014648438,1034.0,1039.0,993.0,995.0,493500
2022-12-08,1006.3983764648438,1024.0,1032.0,1015.0,1025.0,242100
2022-12-09,1004.4327392578124,1022.0,1036.0,1009.0,1011.0,172600
2022-12-12,995.5874633789062,1013.0,1036.0,1012.0,1028.0,162500
2022-12-13,1007.3811645507812,1025.0,1029.0,1015.0,1023.0,148000
2022-12-14,993.621826171875,1011.0,1024.0,1004.0,1023.0,201300
2022-12-15,1021.1405639648438,1039.0,1039.0,1020.0,1020.0,215700
2022-12-16,995.5874633789062,1013.0,1032.0,1012.0,1021.0,282400
2022-12-19,1017.2092895507812,1035.0,1035.0,999.0,1015.0,358600
2022-12-20,994.6046752929688,1012.0,1039.0,991.0,1029.0,402500
2022-12-21,975.9312133789062,993.0,1012.0,970.0,1007.0,503200
2022-12-22,975.9312133789062,993.0,999.0,985.0,997.0,181500
2022-12-23,953.3265991210938,970.0,980.0,967.0,978.0,225400
2022-12-26,963.1547241210938,980.0,984.0,962.0,963.0,264200
2022-12-27,957.2578125,974.0,994.0,974.0,990.0,296000
2022-12-28,972.0,989.0,989.0,975.0,975.0,246300
2022-12-29,983.0,983.0,983.0,952.0,969.0,263200
2022-12-30,1020.0,1020.0,1029.0,996.0,998.0,346400
2023-01-04,979.0,979.0,1023.0,979.0,1014.0,267800
2023-01-05,1003.0,1003.0,1006.0,974.0,978.0,183900
2023-01-06,1019.0,1019.0,1029.0,1003.0,1004.0,199400
2023-01-10,1025.0,1025.0,1028.0,1006.0,1028.0,118800
2023-01-11,1028.0,1028.0,1042.0,1028.0,1030.0,102100
2023-01-12,1055.0,1055.0,1068.0,1035.0,1036.0,228600
2023-01-13,1036.0,1036.0,1051.0,1031.0,1045.0,118700
2023-01-16,1036.0,1036.0,1048.0,1027.0,1032.0,142800
2023-01-17,1052.0,1052.0,1055.0,1038.0,1043.0,112700
2023-01-18,1069.0,1069.0,1077.0,1046.0,1056.0,153300
2023-01-19,1063.0,1063.0,1070.0,1051.0,1067.0,113700
2023-01-20,1085.0,1085.0,1085.0,1051.0,1063.0,160700
2023-01-23,1100.0,1100.0,1100.0,1077.0,1090.0,172100
2023-01-24,1113.0,1113.0,1118.0,1106.0,1114.0,142300
2023-01-25,1124.0,1124.0,1127.0,1107.0,1118.0,140300
2023-01-26,1116.0,1116.0,1131.0,1107.0,1127.0,99400
2023-01-27,1118.0,1118.0,1128.0,1108.0,1121.0,105500
2023-01-30,1127.0,1127.0,1156.0,1118.0,1118.0,270100
2023-01-31,1131.0,1131.0,1134.0,1110.0,1117.0,145200
2023-02-01,1123.0,1123.0,1145.0,1120.0,1140.0,142900
2023-02-02,1098.0,1098.0,1115.0,1090.0,1114.0,195100
2023-02-03,1119.0,1119.0,1123.0,1077.0,1081.0,176200
2023-02-06,1154.0,1154.0,1163.0,1133.0,1141.0,221900
2023-02-07,1175.0,1175.0,1177.0,1146.0,1159.0,218800
2023-02-08,1168.0,1168.0,1189.0,1155.0,1177.0,203900
2023-02-09,1015.0,1015.0,1064.0,996.0,1052.0,1197100
2023-02-10,990.0,990.0,1026.0,986.0,1003.0,675400
2023-02-13,947.0,947.0,978.0,941.0,978.0,738100
2023-02-14,932.0,932.0,957.0,917.0,955.0,736600
2023-02-15,1034.0,1034.0,1045.0,1004.0,1010.0,2005000
2023-02-16,1044.0,1044.0,1054.0,1025.0,1033.0,382700
2023-02-17,1069.0,1069.0,1082.0,1017.0,1024.0,422400
2023-02-20,1087.0,1087.0,1096.0,1063.0,1075.0,450100
2023-02-21,949.0,949.0,1087.0,938.0,1065.0,4513100
2023-02-22,969.0,969.0,969.0,938.0,946.0,2161600
2023-02-24,1006.0,1006.0,1006.0,950.0,955.0,1163000
2023-02-27,1039.0,1039.0,1040.0,1007.0,1011.0,935000
2023-02-28,1095.0,1095.0,1126.0,1035.0,1048.0,1387700
2023-03-01,1092.0,1092.0,1098.0,1060.0,1082.0,679500
2023-03-02,1082.0,1082.0,1094.0,1072.0,1092.0,456100
2023-03-03,1084.0,1084.0,1116.0,1084.0,1090.0,589700
2023-03-06,1056.0,1056.0,1170.0,1047.0,1136.0,2691600
2023-03-07,1035.0,1035.0,1062.0,1023.0,1050.0,1128000
2023-03-08,1051.0,1051.0,1056.0,993.0,1006.0,846700
2023-03-09,1048.0,1048.0,1052.0,1031.0,1040.0,540200
2023-03-10,1015.0,1015.0,1031.0,1006.0,1023.0,687600
2023-03-13,987.0,987.0,1004.0,970.0,996.0,1070700
2023-03-14,938.0,938.0,967.0,933.0,964.0,986300
2023-03-15,961.0,961.0,970.0,939.0,955.0,528500
2023-03-16,925.0,925.0,939.0,904.0,916.0,729000
2023-03-17,908.0,908.0,942.0,905.0,940.0,717900
2023-03-20,899.0,899.0,910.0,887.0,896.0,622400
2023-03-22,902.0,902.0,925.0,902.0,925.0,404200
2023-03-23,935.0,935.0,937.0,893.0,894.0,450200
2023-03-24,920.0,920.0,930.0,916.0,925.0,294700
2023-03-27,957.0,957.0,958.0,923.0,935.0,625900
2023-03-28,926.0,926.0,943.0,908.0,921.0,708700
2023-03-29,944.0,944.0,944.0,919.0,926.0,422700
2023-03-30,935.0,935.0,954.0,931.0,932.0,447700
2023-03-31,955.0,955.0,960.0,940.0,942.0,532100
2023-04-03,962.0,962.0,971.0,953.0,968.0,533300
2023-04-04,968.0,968.0,981.0,955.0,960.0,612900
2023-04-05,938.0,938.0,958.0,937.0,956.0,578500
2023-04-06,932.0,932.0,940.0,923.0,934.0,433500
2023-04-07,928.0,928.0,942.0,925.0,936.0,329300
2023-04-10,934.0,934.0,945.0,930.0,939.0,327500
2023-04-11,940.0,940.0,952.0,939.0,948.0,225600
2023-04-12,956.0,956.0,959.0,947.0,949.0,389800
2023-04-13,954.0,954.0,955.0,944.0,948.0,338300
2023-04-14,955.0,955.0,965.0,948.0,963.0,397500
2023-04-17,960.0,960.0,962.0,952.0,957.0,296300
2023-04-18,959.0,959.0,975.0,955.0,973.0,446100
2023-04-19,967.0,967.0,970.0,958.0,958.0,246200
2023-04-20,964.0,964.0,969.0,957.0,957.0,299700
2023-04-21,939.0,939.0,951.0,933.0,949.0,570100
2023-04-24,945.0,945.0,950.0,939.0,943.0,467500
2023-04-28,944.0,944.0,947.0,935.0,945.0,265300
2023-04-25,936.0,936.0,955.0,936.0,952.0,274700
2023-04-26,920.0,920.0,929.0,914.0,928.0,616300
2023-04-27,935.0,935.0,935.0,918.0,919.0,303200
2023-04-28,944.0,944.0,947.0,935.0,945.0,313400
2023-05-01,966.0,966.0,973.0,953.0,955.0,703300
2023-05-02,985.0,985.0,985.0,967.0,975.0,400700
2023-05-08,991.0,991.0,997.0,983.0,995.0,470400
2023-05-12,972.0,972.0,977.0,966.0,972.0,531300
2023-05-09,1004.0,1004.0,1007.0,992.0,993.0,387200
2023-05-10,989.0,989.0,1000.0,982.0,1000.0,537800
2023-05-11,973.0,973.0,991.0,971.0,988.0,481000
2023-05-12,972.0,972.0,980.0,966.0,972.0,531300
2023-05-15,933.0,933.0,942.0,912.0,919.0,1651000
2023-05-16,932.0,932.0,949.0,918.0,948.0,761200
2023-05-17,945.0,945.0,952.0,927.0,932.0,506700
2023-05-23,934.0,934.0,948.0,932.0,946.0,465600
2023-05-18,921.0,921.0,951.0,918.0,950.0,1034400
2023-05-19,922.0,922.0,933.0,920.0,929.0,551400
2023-05-22,941.0,941.0,947.0,926.0,926.0,480700
2023-05-23,934.0,934.0,948.0,931.0,946.0,465600
2023-05-24,910.0,910.0,920.0,901.0,917.0,1632600
2023-05-25,903.0,903.0,910.0,899.0,904.0,782600
2023-05-26,876.0,876.0,905.0,875.0,902.0,1488100
2023-05-29,889.0,889.0,897.0,880.0,888.0,994500
2023-05-30,876.0,876.0,889.0,871.0,886.0,951500
2023-05-31,842.0,842.0,866.0,837.0,864.0,1557300
