Date,Adj Close,Close,High,Low,Open,Volume
2014-09-12,619.9146728515625,677.0,677.0,577.0,577.0,6520000
2014-09-16,528.3468017578125,577.0,700.0,577.0,687.0,4793000
2014-09-17,450.9718933105469,492.5,549.0,488.5,527.0,10687000
2014-09-18,428.0799255371094,467.5,523.0,466.5,496.5,5585000
2014-09-19,435.4053955078125,475.5,505.0,467.0,477.0,4373000
2014-09-22,412.0555114746094,450.0,482.5,441.5,475.0,1653000
2014-09-24,422.5858459472656,461.5,465.0,435.0,453.0,1100000
2014-09-25,451.4297180175781,493.0,532.0,469.5,478.5,6676000
2014-09-26,515.5272827148438,563.0,563.0,489.5,495.0,5396000
2014-09-29,466.0806274414063,509.0,590.0,509.0,583.0,3939000
2014-09-30,442.2729187011719,483.0,501.0,476.0,499.0,1225000
2014-10-01,455.5502624511719,497.5,527.0,480.0,488.0,2043000
2014-10-02,428.0799255371094,467.5,485.0,466.5,472.0,826000
2014-10-03,456.0081176757813,498.0,500.0,468.0,474.5,522000
2014-10-06,493.5509643554688,539.0,568.0,509.0,530.0,5150000
2014-10-07,575.9620361328125,629.0,639.0,535.0,549.0,9688000
2014-10-08,667.5299072265625,729.0,729.0,595.0,620.0,11693000
2014-10-09,650.132080078125,710.0,879.0,677.0,804.0,20832000
2014-10-10,587.865966796875,642.0,787.0,607.0,776.0,10479000
2014-10-14,529.2623291015625,578.0,635.0,565.0,612.0,4292000
2014-10-15,496.2980346679688,542.0,646.0,526.0,588.0,3596000
2014-10-16,540.25048828125,590.0,611.0,542.0,546.0,4349000
2014-10-17,495.3822937011719,541.0,624.0,536.0,607.0,2083000
2014-10-20,520.105712890625,568.0,601.0,555.0,581.0,3668000
2014-10-21,556.7328491210938,608.0,635.0,565.0,569.0,4122000
2014-10-22,648.30078125,708.0,708.0,638.0,645.0,6695000
2014-10-23,785.6524658203125,858.0,858.0,686.0,715.0,20051000
2014-10-24,750.856689453125,820.0,1006.0,806.0,918.0,25484000
2014-10-27,668.4456176757812,730.0,826.0,714.0,814.0,5091000
2014-10-28,805.7974853515625,880.0,880.0,735.0,741.0,8960000
2014-10-29,827.7738647460938,904.0,1030.0,848.0,970.0,16691000
2014-10-30,965.125732421875,1054.0,1054.0,925.0,934.0,25233000
2014-10-31,738.0372314453125,806.0,1045.0,785.0,964.0,16474000
2014-11-04,794.8093872070312,868.0,918.0,823.0,851.0,5549000
2014-11-05,932.1612548828124,1018.0,1018.0,883.0,910.0,11822000
2014-11-06,1162.912109375,1270.0,1318.0,1088.0,1150.0,21214000
2014-11-07,1107.971435546875,1210.0,1244.0,1137.0,1220.0,10027000
2014-11-10,1091.4893798828125,1192.0,1326.0,1135.0,1160.0,7094000
2014-11-11,1067.681884765625,1166.0,1265.0,1126.0,1162.0,5057000
2014-11-12,1112.5498046875,1215.0,1378.0,1141.0,1210.0,10746000
2014-11-13,1132.6949462890625,1237.0,1323.0,1200.0,1271.0,4516000
2014-11-14,1135.4420166015625,1240.0,1289.0,1214.0,1260.0,1797000
2014-11-17,996.2586669921876,1088.0,1201.0,1070.0,1191.0,2030000
2014-11-18,946.8120727539062,1034.0,1128.0,998.0,1099.0,2391000
2014-11-19,914.7633056640624,999.0,1055.0,980.0,1031.0,1068000
2014-11-20,937.6551513671876,1024.0,1070.0,1003.0,1047.0,1818000
2014-11-21,945.8964233398438,1033.0,1033.0,968.0,1010.0,1183000
2014-11-25,988.9332275390624,1080.0,1097.0,1029.0,1051.0,1635000
2014-11-26,1016.4035034179688,1110.0,1220.0,1045.0,1050.0,4698000
2014-11-27,977.0296630859376,1067.0,1190.0,1050.0,1120.0,2804000
2014-11-28,1051.1993408203125,1148.0,1160.0,1065.0,1095.0,2841000
2014-12-01,1186.719970703125,1296.0,1364.0,1161.0,1175.0,9261000
2014-12-02,1153.755615234375,1260.0,1350.0,1228.0,1315.0,4102000
2014-12-03,1033.801513671875,1129.0,1333.0,1109.0,1290.0,4330000
2014-12-04,1064.01904296875,1162.0,1169.0,1120.0,1126.0,1528000
2014-12-05,1031.970458984375,1127.0,1187.0,1102.0,1175.0,1074000
2014-12-08,915.6790161132812,1000.0,1107.0,990.0,1100.0,1461000
2014-12-09,847.0031127929688,925.0,1001.0,908.0,970.0,1321000
2014-12-10,884.5458374023438,966.0,988.0,911.0,925.0,1555000
2014-12-11,857.0753784179688,936.0,970.0,931.0,936.0,611000
2014-12-12,842.4246215820312,920.0,970.0,903.0,950.0,542000
2014-12-15,814.9542846679688,890.0,955.0,851.0,903.0,1113000
2014-12-16,911.1005249023438,995.0,1039.0,965.0,1038.0,1763000
2014-12-17,914.7633056640624,999.0,1061.0,991.0,1010.0,832000
2014-12-18,1052.1151123046875,1149.0,1149.0,1016.0,1024.0,2672000
2014-12-19,1042.0426025390625,1138.0,1262.0,1100.0,1200.0,2878000
2014-12-22,1024.644775390625,1119.0,1171.0,1103.0,1158.0,782000
2014-12-24,996.2586669921876,1088.0,1137.0,1041.0,1131.0,1015000
2014-12-25,938.5709228515624,1025.0,1075.0,1021.0,1070.0,543000
2014-12-26,916.1367797851562,1000.5,1070.0,964.5,1050.0,347000
2014-12-29,895.0762329101562,977.5,1025.0,955.0,1017.5,242800
2014-12-30,874.473388671875,955.0,979.0,945.0,977.5,271200
2015-01-05,938.5709228515624,1025.0,1045.0,930.0,937.5,535000
2015-01-06,884.5458374023438,966.0,987.5,950.0,955.0,301600
2015-01-07,863.4853515625,943.0,965.5,942.5,956.0,158200
2015-01-08,842.4246215820312,920.0,957.5,916.0,945.0,167600
2015-01-09,796.6407470703125,870.0,917.0,848.0,910.0,250200
2015-01-13,839.6776733398438,917.0,920.5,860.0,890.0,124600
2015-01-14,810.3758544921875,885.0,920.0,867.5,867.5,113200
2015-01-15,760.0136108398438,830.0,870.0,810.0,845.0,188200
2015-01-16,724.7599487304688,791.5,829.5,787.0,817.5,260600
2015-01-19,729.796142578125,797.0,820.0,788.0,801.0,92200
2015-01-20,704.1571044921875,769.0,789.0,747.5,789.0,264600
2015-01-21,717.8921508789062,784.0,804.5,763.0,769.0,107000
2015-01-22,686.75927734375,750.0,777.5,747.5,777.5,183600
2015-01-23,693.6268920898438,757.5,775.0,750.0,775.0,94400
2015-01-26,691.7954711914062,755.5,765.0,750.0,757.5,104600
2015-01-27,720.6393432617188,787.0,790.0,755.0,755.0,190000
2015-01-28,806.2552490234375,880.5,915.0,841.5,900.0,999800
2015-01-29,760.471435546875,830.5,867.5,825.0,825.5,184200
2015-01-30,742.1577758789062,810.5,842.0,807.5,825.5,88400
2015-02-02,846.545166015625,924.5,973.5,875.5,900.0,842600
2015-02-03,869.8948974609375,950.0,989.5,900.0,979.5,675000
2015-02-04,851.5814819335938,930.0,1150.0,900.5,930.5,3385600
2015-02-05,816.3277587890625,891.5,910.0,794.5,905.0,1155600
2015-02-06,789.7730102539062,862.5,918.5,850.0,890.0,231000
2015-02-09,782.4476928710938,854.5,881.5,825.5,865.0,165800
2015-02-10,815.4121704101562,890.5,901.5,857.5,857.5,199600
2015-02-12,854.3284912109375,933.0,935.0,875.0,890.5,242800
2015-02-13,823.6532592773438,899.5,980.0,897.0,975.0,702600
2015-02-16,789.7730102539062,862.5,899.5,851.0,880.0,165600
2015-02-17,771.001708984375,842.0,875.5,836.0,862.5,182200
2015-02-18,739.8685913085938,808.0,844.0,792.5,842.0,272200
2015-02-19,737.1215209960938,805.0,817.0,801.5,812.5,103200
2015-02-20,738.952880859375,807.0,815.0,803.5,815.0,96000
2015-02-23,760.0136108398438,830.0,840.0,806.5,814.5,90200
2015-02-24,810.8336791992188,885.5,888.0,827.0,827.0,270800
2015-02-25,790.23095703125,863.0,883.0,848.5,874.5,137400
2015-02-26,833.2679443359375,910.0,927.5,880.5,890.0,297200
2015-02-27,828.689453125,905.0,934.0,897.5,927.5,110800
2015-03-02,810.8336791992188,885.5,907.5,878.0,905.0,84600
2015-03-03,782.9054565429688,855.0,878.5,840.0,878.0,113800
2015-03-04,778.3271484375,850.0,861.5,834.0,841.5,48400
2015-03-05,800.3033447265625,874.0,885.0,842.5,849.0,72000
2015-03-06,818.6170654296875,894.0,899.0,870.5,889.5,65600
2015-03-09,792.5202026367188,865.5,895.0,857.5,895.0,112800
2015-03-10,819.0748901367188,894.5,920.0,877.5,900.0,265800
2015-03-11,837.84619140625,915.0,915.0,878.0,880.0,259800
2015-03-12,911.1005249023438,995.0,995.0,920.5,924.0,540200
2015-03-13,855.7020874023438,934.5,1019.5,911.0,1015.0,410400
2015-03-16,821.364013671875,897.0,926.5,875.5,920.0,251000
2015-03-17,830.978759765625,907.5,939.5,900.0,901.0,138800
2015-03-18,818.6170654296875,894.0,912.5,875.5,902.5,173400
2015-03-19,779.7005615234375,851.5,883.0,845.5,881.5,291200
2015-03-20,787.0260620117188,859.5,864.0,832.5,842.5,103400
2015-03-23,782.9054565429688,855.0,864.5,850.5,860.0,55800
2015-03-24,773.7487182617188,845.0,860.0,838.0,852.5,64800
2015-03-25,799.3877563476562,873.0,874.5,847.5,849.0,67800
2015-03-26,764.5918579101562,835.0,853.0,835.0,850.5,104000
2015-03-27,750.856689453125,820.0,839.5,817.0,833.0,146000
2015-03-30,780.6163940429688,852.5,856.0,817.5,828.0,92000
2015-03-31,793.4358520507812,866.5,873.0,848.5,857.5,94400
2015-04-01,778.3271484375,850.0,872.0,836.5,871.0,69600
2015-04-02,775.122314453125,846.5,858.5,835.5,836.0,63000
2015-04-03,803.0504150390625,877.0,890.5,851.5,855.0,154600
2015-04-06,839.2197875976562,916.5,921.0,885.0,890.0,166800
2015-04-07,814.0384521484375,889.0,924.5,882.0,922.5,103800
2015-04-08,815.8699951171875,891.0,899.0,871.0,876.5,65400
2015-04-09,873.5577392578125,954.0,974.0,895.0,895.0,325800
2015-04-10,869.8948974609375,950.0,957.5,922.5,950.0,144400
2015-04-13,904.2329711914062,987.5,998.0,945.0,960.0,192600
2015-04-14,940.860107421875,1027.5,1045.5,980.5,981.0,272800
2015-04-15,905.6065063476562,989.0,1022.5,977.5,1022.5,168200
2015-04-16,885.9193725585938,967.5,1015.0,952.5,994.5,130000
2015-04-17,879.0517578125,960.0,988.0,957.5,962.5,85800
2015-04-20,867.6058349609375,947.5,971.5,930.0,960.0,136000
2015-04-21,879.509765625,960.5,969.5,950.5,950.5,58000
2015-04-22,906.5220947265624,990.0,990.0,950.0,960.5,106000
2015-04-23,912.0162353515624,996.0,1035.0,978.0,1025.0,166000
2015-04-24,896.9075317382812,979.5,995.5,965.0,993.5,51800
2015-04-27,914.7633056640624,999.0,1022.5,979.5,979.5,112200
2015-04-28,903.7752075195312,987.0,990.5,975.0,986.5,56600
2015-04-30,879.509765625,960.5,980.0,950.0,967.0,87200
2015-05-01,831.894287109375,908.5,962.0,904.0,960.0,171400
2015-05-07,821.82177734375,897.5,902.5,885.0,888.5,65200
2015-05-08,841.9667358398438,919.5,925.0,886.0,890.0,24200
2015-05-11,826.4002685546875,902.5,931.5,902.5,931.5,34000
2015-05-12,830.5208129882812,907.0,918.0,894.0,894.0,41400
2015-05-13,775.580078125,847.0,862.0,827.0,827.0,247600
2015-05-14,748.5675048828125,817.5,850.5,806.0,841.0,219800
2015-05-15,753.1459350585938,822.5,840.0,815.0,818.0,73800
2015-05-18,739.4108276367188,807.5,821.5,805.0,818.0,99200
2015-05-19,732.5431518554688,800.0,814.0,778.0,801.0,132600
2015-05-20,745.3626708984375,814.0,825.0,802.0,814.5,80800
2015-05-21,775.122314453125,846.5,869.0,819.5,834.0,167400
2015-05-22,765.5076293945312,836.0,841.0,825.0,835.0,49200
2015-05-25,764.5918579101562,835.0,850.0,829.0,837.5,62800
2015-05-26,737.1215209960938,805.0,828.5,775.0,826.0,410000
2015-05-27,723.3862915039062,790.0,807.0,790.0,805.0,82200
2015-05-28,714.6874389648438,780.5,799.0,780.0,785.0,85600
2015-05-29,729.3383178710938,796.5,825.0,783.0,783.0,258800
2015-06-01,749.9410400390625,819.0,831.0,810.0,817.5,186000
2015-06-02,744.447021484375,813.0,834.5,813.0,833.0,85600
2015-06-03,744.447021484375,813.0,820.0,800.0,800.0,95200
2015-06-04,748.10986328125,817.0,819.5,802.5,812.5,60200
2015-06-05,753.6038208007812,823.0,830.0,817.0,817.0,48600
2015-06-08,814.4965209960938,889.5,930.0,865.5,875.0,810400
2015-06-09,791.146728515625,864.0,889.5,855.5,889.5,182800
2015-06-10,778.3271484375,850.0,877.5,843.5,874.5,112200
2015-06-11,764.5918579101562,835.0,854.5,831.0,850.0,96200
2015-06-12,782.9054565429688,855.0,858.5,838.5,840.0,74600
2015-06-15,785.1947021484375,857.5,868.0,839.5,839.5,85200
2015-06-16,788.857421875,861.5,891.5,859.0,865.0,137200
2015-06-17,788.3994750976562,861.0,879.0,852.5,879.0,70600
2015-06-18,753.6038208007812,823.0,853.0,820.0,845.0,153200
2015-06-19,773.7487182617188,845.0,849.5,825.0,825.0,92000
2015-06-22,801.2191162109375,875.0,877.0,844.0,850.0,370200
2015-06-23,789.3152465820312,862.0,878.0,857.5,865.0,194200
2015-06-24,809.4601440429688,884.0,888.5,867.5,875.0,200600
2015-06-25,781.98974609375,854.0,887.5,851.5,871.0,149600
2015-06-26,770.0859985351562,841.0,852.0,830.0,843.0,106000
2015-06-29,726.5911865234375,793.5,821.0,786.5,802.5,195000
2015-06-30,714.2295532226562,780.0,799.0,777.0,793.5,158800
2015-07-01,729.796142578125,797.0,797.5,778.0,784.0,105400
2015-07-02,732.5431518554688,800.0,819.0,800.0,810.0,97000
2015-07-03,726.5911865234375,793.5,809.5,788.0,806.5,99200
2015-07-06,725.6755981445312,792.5,810.0,782.0,792.5,158200
2015-07-07,741.6998901367188,810.0,825.0,798.5,800.0,131200
2015-07-08,710.56689453125,776.0,817.0,775.5,806.0,168800
2015-07-09,700.9523315429688,765.5,795.0,702.5,750.0,173600
2015-07-10,682.1807250976562,745.0,775.0,745.0,766.0,132200
2015-07-13,686.3013305664062,749.5,773.5,748.0,755.5,77400
2015-07-14,699.5787353515625,764.0,772.5,750.0,769.5,122200
2015-07-15,689.5062866210938,753.0,767.5,752.5,764.0,73200
2015-07-16,689.0484008789062,752.5,764.5,745.5,760.0,90600
2015-07-17,684.9279174804688,748.0,753.0,746.0,752.5,82400
2015-07-21,689.0484008789062,752.5,766.0,747.5,751.5,177400
2015-07-22,704.1571044921875,769.0,769.0,752.5,755.0,126400
2015-07-23,776.9534912109375,848.5,848.5,778.5,784.0,347600
2015-07-24,796.182861328125,869.5,870.0,828.0,848.5,441400
2015-07-27,776.0379028320312,847.5,867.5,843.0,860.5,143600
2015-07-28,778.7849731445312,850.5,865.5,814.0,823.5,190000
2015-07-29,816.7855224609375,892.0,895.0,851.5,865.0,432000
2015-07-30,721.0972290039062,787.5,849.5,777.5,849.5,687000
2015-07-31,746.7362060546875,815.5,821.0,801.0,801.0,204000
2015-08-03,717.4344482421875,783.5,824.0,777.5,824.0,124400
2015-08-04,688.590576171875,752.0,770.5,750.0,761.0,172200
2015-08-05,680.8071899414062,743.5,750.0,728.0,736.0,97800
2015-08-06,678.0602416992188,740.5,753.0,740.5,752.5,75600
2015-08-07,681.26513671875,744.0,751.0,740.0,750.0,52600
2015-08-10,682.1807250976562,745.0,750.5,741.0,750.0,35600
2015-08-11,682.638671875,745.5,748.0,740.0,745.0,45000
2015-08-12,685.843505859375,749.0,752.5,739.0,745.0,59400
2015-08-13,663.409423828125,724.5,765.5,715.5,764.0,158800
2015-08-14,663.8672485351562,725.0,732.5,720.0,727.5,49200
2015-08-17,624.4930419921875,682.0,730.0,680.5,725.0,136800
2015-08-18,644.6380004882812,704.0,704.5,681.5,681.5,52600
2015-08-19,643.7222900390625,703.0,716.0,689.5,705.5,44800
2015-08-20,630.4449462890625,688.5,694.0,687.5,693.0,36200
2015-08-21,584.2031860351562,638.0,658.0,628.0,643.0,124400
2015-08-24,479.3579406738281,523.5,597.0,505.5,548.0,704200
2015-08-25,456.4659729003906,498.5,562.5,442.5,478.5,321000
2015-08-26,486.2254638671875,531.0,544.5,499.0,505.0,149600
2015-08-27,510.9489440917969,558.0,573.5,542.5,542.5,126000
2015-08-28,570.468017578125,623.0,623.0,566.0,586.5,129200
2015-08-31,551.6967163085938,602.5,624.5,584.5,584.5,89000
2015-09-01,514.1537475585938,561.5,607.5,560.0,602.5,84400
2015-09-02,511.8645935058594,559.0,577.5,543.0,545.0,54000
2015-09-03,528.3468017578125,577.0,585.5,570.0,585.0,30800
2015-09-04,497.6714477539063,543.5,582.0,526.5,572.0,92200
2015-09-07,522.8527221679688,571.0,574.5,502.5,502.5,74200
2015-09-08,519.6478881835938,567.5,580.0,525.0,556.0,53000
2015-09-09,536.5879516601562,586.0,590.0,572.5,579.5,67800
2015-09-10,572.2993774414062,625.0,625.0,575.5,583.0,67400
2015-09-11,617.6254272460938,674.5,675.0,613.0,627.5,153000
2015-09-14,607.0951538085938,663.0,673.0,653.5,671.5,58800
2015-09-15,608.926513671875,665.0,672.0,652.5,670.0,52400
2015-09-16,588.7816162109375,643.0,659.5,625.0,646.0,72600
2015-09-17,648.7584228515625,708.5,708.5,640.5,650.0,172800
2015-09-18,677.1446533203125,739.5,750.0,702.5,715.0,166000
2015-09-24,675.7711181640625,738.0,746.5,702.5,709.5,43200
2015-09-25,688.1327514648438,751.5,757.0,710.0,723.0,109800
2015-09-28,749.9410400390625,819.0,844.0,765.0,770.0,255800
2015-09-29,760.0136108398438,830.0,835.0,775.5,800.0,204000
2015-09-30,809.9180297851562,884.5,890.0,845.5,855.0,261000
2015-10-01,811.7494506835938,886.5,897.5,862.5,888.0,187000
2015-10-02,812.6650390625,887.5,889.5,867.5,880.0,87400
2015-10-05,803.50830078125,877.5,893.5,866.5,890.0,78600
2015-10-06,824.1110229492188,900.0,900.0,870.0,875.0,147000
2015-10-07,812.2073364257812,887.0,918.5,876.5,895.0,125200
2015-10-08,820.9060668945312,896.5,902.0,854.0,890.5,96000
2015-10-09,824.1110229492188,900.0,905.0,872.5,876.5,83200
2015-10-13,846.545166015625,924.5,924.5,901.0,905.0,111800
2015-10-14,815.4121704101562,890.5,919.5,880.0,919.5,70000
2015-10-15,846.545166015625,924.5,924.5,872.5,875.5,104600
2015-10-16,864.8588256835938,944.5,949.0,910.0,910.0,115200
2015-10-19,852.4971313476562,931.0,944.5,926.0,944.5,38200
2015-10-20,799.3877563476562,873.0,938.5,873.0,912.5,102200
2015-10-21,778.3271484375,850.0,887.5,840.0,880.0,94000
2015-10-22,789.7730102539062,862.5,869.5,849.0,849.0,36800
2015-10-23,796.182861328125,869.5,873.5,857.5,860.0,26400
2015-10-26,784.7369384765625,857.0,872.5,856.5,860.5,34000
2015-10-27,788.857421875,861.5,888.0,857.5,857.5,79000
2015-10-28,789.7730102539062,862.5,881.5,862.5,881.5,34000
2015-10-29,792.062255859375,865.0,875.0,857.5,874.0,55800
2015-10-30,758.18212890625,828.0,890.0,800.5,875.0,94000
2015-11-02,778.3271484375,850.0,852.5,795.0,799.0,57400
2015-11-04,773.2908935546875,844.5,865.0,837.5,865.0,36400
2015-11-05,727.5070190429688,794.5,825.0,794.0,824.5,39400
2015-11-06,721.5549926757812,788.0,804.5,773.0,795.0,43200
2015-11-09,751.3146362304688,820.5,823.0,788.5,788.5,20800
2015-11-10,756.3507690429688,826.0,834.0,817.5,817.5,38400
2015-11-11,763.6762084960938,834.0,845.0,829.5,837.5,24400
2015-11-12,762.302734375,832.5,845.0,832.0,834.0,71800
2015-11-13,807.1710815429688,881.5,884.0,854.0,858.0,107800
2015-11-16,810.8336791992188,885.5,898.5,865.0,877.5,72600
2015-11-17,812.2073364257812,887.0,898.5,875.5,898.5,33200
2015-11-18,792.5202026367188,865.5,886.0,864.0,886.0,31000
2015-11-19,785.1947021484375,857.5,870.5,853.0,866.0,22600
2015-11-20,797.556396484375,871.0,871.5,861.0,861.0,15000
2015-11-24,805.3397827148438,879.5,880.0,870.0,872.0,51000
2015-11-25,834.6414184570312,911.5,915.0,885.5,892.5,171400
2015-11-26,890.9556884765625,973.0,985.0,930.0,930.0,397200
2015-11-27,864.4010009765625,944.0,999.0,935.5,992.5,307600
2015-11-30,890.0399780273438,972.0,1018.0,972.0,1000.0,259600
2015-12-01,859.8225708007812,939.0,983.0,925.0,972.5,138800
2015-12-02,844.7137451171875,922.5,957.5,917.0,925.5,131600
2015-12-03,829.6050415039062,906.0,917.5,880.0,915.5,141200
2015-12-04,810.3758544921875,885.0,906.0,877.0,880.5,85600
2015-12-07,819.9905395507812,895.5,908.0,877.5,881.0,116800
2015-12-08,805.7974853515625,880.0,895.5,880.0,882.5,57000
2015-12-09,791.6044311523438,864.5,868.0,849.5,865.0,78200
2015-12-10,773.7487182617188,845.0,862.0,844.0,859.5,82600
2015-12-11,795.2672729492188,868.5,872.5,843.0,843.5,107400
2015-12-14,766.4232788085938,837.0,864.5,815.0,860.0,142000
2015-12-15,749.025390625,818.0,871.5,815.0,871.5,75200
2015-12-16,748.10986328125,817.0,838.5,815.0,830.0,58800
2015-12-17,787.0260620117188,859.5,897.0,827.5,832.5,160800
2015-12-18,804.8818359375,879.0,895.0,850.0,850.0,142400
2015-12-21,842.4246215820312,920.0,920.0,857.0,867.5,113400
2015-12-22,835.5570068359375,912.5,935.5,904.0,925.0,118000
2015-12-24,828.2316284179688,904.5,934.0,892.5,915.0,129800
2015-12-25,828.2316284179688,904.5,904.5,904.5,904.5,0
2015-12-28,835.5570068359375,912.5,926.0,885.0,898.5,73400
2015-12-29,835.5570068359375,912.5,921.5,900.5,910.0,38000
2015-12-30,838.3041381835938,915.5,925.0,910.0,912.5,52600
2016-01-04,810.3758544921875,885.0,923.5,866.5,915.5,90400
2016-01-05,814.9542846679688,890.0,891.5,877.5,885.0,30600
2016-01-06,842.4246215820312,920.0,925.0,900.0,900.0,87200
2016-01-07,826.8580932617188,903.0,924.0,895.0,924.0,61600
2016-01-08,864.4010009765625,944.0,969.5,919.0,930.0,221600
2016-01-12,842.8825073242188,920.5,972.0,900.0,964.5,189400
2016-01-13,961.462890625,1050.0,1050.0,935.5,950.0,529000
2016-01-14,944.06494140625,1031.0,1150.0,980.5,1075.0,1025800
2016-01-15,822.737548828125,898.5,1065.0,890.5,1056.0,551200
2016-01-18,799.8455810546875,873.5,881.5,835.0,853.5,197400
2016-01-19,814.4965209960938,889.5,901.5,848.5,863.5,223000
2016-01-20,776.9534912109375,848.5,920.0,847.0,900.5,273600
2016-01-21,736.2059326171875,804.0,883.0,798.5,846.0,239600
2016-01-22,774.2066040039062,845.5,855.0,816.5,825.5,115400
2016-01-25,824.5689086914062,900.5,908.5,851.0,873.5,171600
2016-01-26,811.2915649414062,886.0,919.0,865.0,870.5,76800
2016-01-27,825.9423828125,902.0,915.0,890.0,915.0,63400
2016-01-28,827.31591796875,903.5,938.5,895.0,895.0,104600
2016-01-29,864.4010009765625,944.0,963.0,882.5,900.0,246400
2016-02-01,938.5709228515624,1025.0,1025.0,950.0,984.0,272200
2016-02-02,901.4860229492188,984.5,998.5,975.0,994.5,134400
2016-02-03,867.1480102539062,947.0,955.0,915.0,951.0,124800
2016-02-04,869.8948974609375,950.0,957.0,927.5,938.0,40400
2016-02-05,865.3165893554688,945.0,945.0,915.0,927.5,76200
2016-02-08,908.3536376953124,992.0,997.5,930.5,930.5,125600
2016-02-09,839.2197875976562,916.5,957.0,898.5,938.5,131600
2016-02-10,801.6769409179688,875.5,944.5,875.5,936.5,109800
2016-02-12,798.0142211914062,871.5,875.0,785.0,855.5,177400
2016-02-15,769.6282958984375,840.5,925.0,802.5,910.0,289800
2016-02-16,716.0609130859375,782.0,870.0,782.0,850.0,262000
2016-02-17,758.6400146484375,828.5,854.0,785.5,815.0,309200
2016-02-18,750.856689453125,820.0,868.5,817.0,868.5,344600
2016-02-19,731.6275024414062,799.0,812.0,792.0,805.0,153800
2016-02-22,725.6755981445312,792.5,807.0,775.0,786.5,211200
2016-02-23,731.6275024414062,799.0,830.0,799.0,802.5,118800
2016-02-24,755.4352416992188,825.0,826.5,787.5,798.0,123000
2016-02-25,792.9779663085938,866.0,876.5,850.5,859.0,204200
2016-02-26,777.8692626953125,849.5,882.5,833.5,874.5,87000
2016-02-29,824.1110229492188,900.0,911.0,876.5,880.0,175600
2016-03-01,849.292236328125,927.5,940.5,910.0,910.0,199600
2016-03-02,874.473388671875,955.0,957.5,936.0,945.0,156000
2016-03-03,892.3291625976562,974.5,978.0,948.0,960.0,232400
2016-03-04,922.088623046875,1007.0,1007.5,958.0,958.0,215400
2016-03-07,912.4740600585938,996.5,1022.0,985.5,1020.0,132600
2016-03-08,891.4135131835938,973.5,1001.5,945.0,995.5,139400
2016-03-09,848.3765869140625,926.5,945.0,926.5,940.5,108800
2016-03-10,966.041259765625,1055.0,1064.0,952.5,952.5,385800
2016-03-11,1001.7529296875,1094.0,1105.0,1023.0,1034.0,329400
2016-03-14,1080.5009765625,1180.0,1180.0,1113.0,1150.0,470800
2016-03-15,1235.2508544921875,1349.0,1390.0,1209.0,1225.0,1025800
2016-03-16,1243.033935546875,1357.5,1360.0,1300.5,1302.0,272800
2016-03-17,1236.6243896484375,1350.5,1407.5,1325.0,1335.0,263600
2016-03-18,1224.7208251953125,1337.5,1402.5,1306.0,1334.5,290800
2016-03-22,1261.3477783203125,1377.5,1458.0,1368.0,1387.5,464000
2016-03-23,1245.78125,1360.5,1480.0,1360.5,1385.0,382400
2016-03-24,1208.6962890625,1320.0,1360.0,1310.0,1338.0,204400
2016-03-25,1281.4925537109375,1399.5,1418.0,1356.0,1360.0,274400
2016-03-28,1292.0230712890625,1411.0,1495.5,1386.5,1490.0,298800
2016-03-29,1453.6402587890625,1587.5,1625.0,1438.0,1458.0,623600
2016-03-30,1563.521728515625,1707.5,1772.5,1597.5,1597.5,627400
2016-03-31,1547.4974365234375,1690.0,1822.5,1665.0,1742.5,340800
2016-04-01,1462.797119140625,1597.5,1740.0,1552.5,1620.0,292000
2016-04-04,1497.135009765625,1635.0,1647.5,1515.0,1545.0,259000
2016-04-05,1417.01318359375,1547.5,1682.5,1426.0,1652.5,261400
2016-04-06,1483.3997802734375,1620.0,1627.5,1492.0,1499.5,190400
2016-04-07,1428.4591064453125,1560.0,1725.0,1550.0,1637.5,269800
2016-04-08,1531.47314453125,1672.5,1690.0,1525.0,1525.0,221600
2016-04-11,1620.751708984375,1770.0,1780.0,1585.0,1677.5,634000
2016-04-12,1636.776123046875,1787.5,1875.0,1730.0,1875.0,329800
2016-04-13,1618.4625244140625,1767.5,1820.0,1760.0,1787.5,185200
2016-04-14,1588.702880859375,1735.0,1790.0,1710.0,1782.5,167000
2016-04-15,1572.6785888671875,1717.5,1780.0,1700.0,1702.5,152800
2016-04-18,1600.1488037109375,1747.5,1787.5,1680.0,1705.0,175400
2016-04-19,1680.2708740234375,1835.0,1835.0,1702.5,1760.0,413600
2016-04-20,1826.779541015625,1995.0,2035.0,1885.0,1975.0,501200
2016-04-21,1900.0338134765625,2075.0,2155.0,2025.0,2042.5,445200
2016-04-22,1817.622802734375,1985.0,2075.0,1962.5,2075.0,383000
2016-04-25,1696.29541015625,1852.5,1985.0,1845.0,1985.0,295400
2016-04-26,1604.7275390625,1752.5,1787.5,1712.5,1717.5,1026600
2016-04-27,1661.95751953125,1815.0,1840.0,1725.0,1765.0,439200
2016-04-28,1657.37890625,1810.0,1860.0,1700.0,1827.5,389600
2016-05-02,1684.8492431640625,1840.0,1857.5,1740.0,1740.0,248200
2016-05-06,1645.932861328125,1797.5,1882.5,1707.5,1875.0,353400
2016-05-09,1524.60546875,1665.0,1712.5,1485.5,1677.5,1092800
2016-05-10,1540.6300048828125,1682.5,1702.5,1597.5,1665.0,283800
2016-05-11,1558.943359375,1702.5,1780.0,1662.5,1692.5,143200
2016-05-12,1462.797119140625,1597.5,1720.0,1560.0,1657.5,179600
2016-05-13,1501.71337890625,1640.0,1655.0,1499.0,1550.0,267200
2016-05-16,1469.664794921875,1605.0,1665.0,1570.0,1600.0,196600
2016-05-17,1524.60546875,1665.0,1695.0,1570.0,1570.0,124800
2016-05-18,1568.10009765625,1712.5,1755.0,1630.0,1647.5,378800
2016-05-19,1513.159423828125,1652.5,1765.0,1647.5,1735.0,169800
2016-05-20,1474.2430419921875,1610.0,1682.5,1590.0,1652.5,120600
2016-05-23,1499.42431640625,1637.5,1657.5,1582.5,1610.0,135400
2016-05-24,1419.30224609375,1550.0,1652.5,1550.0,1650.0,121400
2016-05-25,1421.5914306640625,1552.5,1590.0,1550.0,1575.0,72800
2016-05-26,1382.6751708984375,1510.0,1575.0,1500.0,1532.5,130200
2016-05-27,1423.880859375,1555.0,1592.5,1510.0,1510.0,139800
2016-05-30,1526.8946533203125,1667.5,1667.5,1525.0,1560.0,196600
2016-05-31,1639.065185546875,1790.0,1795.0,1675.0,1715.0,345200
2016-06-01,1607.0166015625,1755.0,1777.5,1697.5,1772.5,230000
2016-06-02,1474.2430419921875,1610.0,1740.0,1580.0,1707.5,218600
2016-06-03,1545.208251953125,1687.5,1702.5,1610.0,1630.0,85000
2016-06-06,1483.3997802734375,1620.0,1692.5,1607.5,1680.0,73800
2016-06-07,1501.71337890625,1640.0,1660.0,1575.0,1630.0,136000
2016-06-08,1487.978271484375,1625.0,1685.0,1617.5,1650.0,78600
2016-06-09,1515.4486083984375,1655.0,1707.5,1615.0,1615.0,104400
2016-06-10,1504.0029296875,1642.5,1685.0,1642.5,1685.0,45400
2016-06-13,1437.6158447265625,1570.0,1625.0,1570.0,1610.0,105600
2016-06-14,1319.493408203125,1441.0,1560.0,1441.0,1552.5,248400
2016-06-15,1337.80712890625,1461.0,1505.0,1366.0,1417.0,196000
2016-06-16,1209.1541748046875,1320.5,1480.0,1320.5,1451.0,248600
2016-06-17,1262.7213134765625,1379.0,1395.5,1331.0,1395.5,167600
2016-06-20,1378.0968017578125,1505.0,1527.5,1390.0,1390.0,123400
2016-06-21,1347.8792724609375,1472.0,1499.5,1445.0,1457.5,65000
2016-06-22,1359.783447265625,1485.0,1489.0,1433.0,1457.5,97000
2016-06-23,1313.999267578125,1435.0,1490.0,1400.0,1460.0,111800
2016-06-24,1207.78076171875,1319.0,1478.0,1185.0,1474.5,281400
2016-06-27,1249.9017333984375,1365.0,1387.5,1298.0,1319.0,107200
2016-06-28,1407.629638671875,1535.0,1572.5,1342.5,1342.5,285400
2016-06-29,1485.5765380859375,1620.0,1625.0,1542.5,1592.5,181800
2016-06-30,1480.991455078125,1615.0,1672.5,1582.5,1605.0,105000
2016-07-01,1435.1402587890625,1565.0,1632.5,1565.0,1620.0,49600
2016-07-04,1522.2574462890625,1660.0,1665.0,1590.0,1600.0,73000
2016-07-05,1584.1563720703125,1727.5,1790.0,1690.0,1790.0,212000
2016-07-06,1556.645751953125,1697.5,1715.0,1622.5,1695.0,99800
2016-07-07,1510.794677734375,1647.5,1717.5,1625.0,1700.0,77000
2016-07-08,1446.6031494140625,1577.5,1642.5,1537.5,1622.5,100000
2016-07-11,1446.6031494140625,1577.5,1577.5,1577.5,1577.5,0
2016-07-12,1485.5765380859375,1620.0,1695.0,1607.5,1647.5,62800
2016-07-13,1497.039306640625,1632.5,1657.5,1597.5,1635.0,42200
2016-07-14,1533.72021484375,1672.5,1687.5,1602.5,1602.5,68800
2016-07-15,1464.9434814453125,1597.5,1652.5,1572.5,1650.0,102600
2016-07-19,1455.7734375,1587.5,1630.0,1577.5,1585.0,54000
2016-07-20,1494.7467041015625,1630.0,1630.0,1572.5,1617.5,63000
2016-07-21,1474.1138916015625,1607.5,1652.5,1592.5,1635.0,44000
2016-07-22,1451.1883544921875,1582.5,1622.5,1580.0,1600.0,33800
2016-07-25,1536.012939453125,1675.0,1680.0,1602.5,1617.5,79000
2016-07-26,1442.017822265625,1572.5,1647.5,1552.5,1612.5,90000
2016-07-27,1444.310546875,1575.0,1635.0,1572.5,1605.0,54000
2016-07-28,1444.310546875,1575.0,1625.0,1560.0,1577.5,43400
2016-07-29,1409.922119140625,1537.5,1542.5,1423.5,1500.0,253600
2016-08-01,1323.72216796875,1443.5,1487.5,1442.5,1477.5,121600
2016-08-02,1334.267822265625,1455.0,1490.0,1422.5,1437.5,99400
2016-08-03,1252.1944580078125,1365.5,1450.0,1362.5,1423.5,119400
2016-08-04,1224.68359375,1335.5,1385.0,1315.0,1363.0,89000
2016-08-05,1236.60498046875,1348.5,1431.0,1315.0,1360.5,157400
2016-08-08,1264.11572265625,1378.5,1398.0,1327.5,1384.5,95200
2016-08-09,1240.2730712890625,1352.5,1375.5,1336.5,1353.5,39600
2016-08-10,1230.1856689453125,1341.5,1394.0,1341.0,1347.5,80000
2016-08-12,1242.10693359375,1354.5,1362.0,1334.0,1334.0,33400
2016-08-15,1323.263427734375,1443.0,1444.0,1350.5,1355.0,147400
2016-08-16,1372.78271484375,1497.0,1530.0,1444.0,1450.0,120600
2016-08-17,1314.09326171875,1433.0,1525.0,1433.0,1505.0,77600
2016-08-18,1291.16796875,1408.0,1489.5,1400.0,1455.0,51400
2016-08-19,1289.7923583984375,1406.5,1464.0,1387.0,1450.0,29200
2016-08-22,1309.50830078125,1428.0,1450.0,1411.5,1411.5,99200
2016-08-23,1346.189208984375,1468.0,1487.5,1449.5,1452.0,28800
2016-08-24,1333.3509521484375,1454.0,1474.5,1432.5,1443.0,26200
2016-08-25,1332.433837890625,1453.0,1478.0,1435.0,1435.0,24400
2016-08-26,1318.219970703125,1437.5,1477.0,1435.0,1477.0,14400
2016-08-29,1315.92724609375,1435.0,1459.5,1435.0,1459.5,16200
2016-08-30,1326.014892578125,1446.0,1458.5,1432.5,1435.0,9600
2016-08-31,1329.22412109375,1449.5,1455.0,1414.5,1455.0,35000
2016-09-01,1300.7965087890625,1418.5,1451.5,1402.5,1451.5,176800
2016-09-02,1277.870849609375,1393.5,1415.0,1380.5,1383.5,39200
2016-09-05,1244.3995361328125,1357.0,1398.0,1352.5,1393.5,46400
2016-09-06,1238.8975830078125,1351.0,1374.5,1344.5,1347.5,36400
2016-09-07,1231.1025390625,1342.5,1347.0,1330.0,1340.0,53400
2016-09-08,1222.849609375,1333.5,1349.5,1331.0,1341.5,88800
2016-09-09,1268.7008056640625,1383.5,1389.5,1330.5,1331.0,75600
2016-09-12,1223.7664794921875,1334.5,1398.5,1330.5,1398.5,83000
2016-09-13,1219.181396484375,1329.5,1349.5,1328.5,1338.5,40200
2016-09-14,1196.714599609375,1305.0,1335.0,1305.0,1321.0,72600
2016-09-15,1138.9420166015625,1242.0,1297.0,1240.0,1297.0,140800
2016-09-16,1182.0419921875,1289.0,1290.0,1245.5,1246.5,71200
2016-09-20,1154.9901123046875,1259.5,1290.5,1250.0,1290.0,64000
2016-09-21,1117.39208984375,1218.5,1239.5,1203.5,1215.5,198400
2016-09-23,1146.73681640625,1250.5,1270.0,1239.0,1239.0,119800
2016-09-26,1240.2730712890625,1352.5,1364.0,1262.0,1267.5,158000
2016-09-27,1227.434814453125,1338.5,1360.5,1310.5,1350.0,62600
2016-09-28,1289.333740234375,1406.0,1409.5,1334.0,1349.0,101200
2016-09-29,1277.870849609375,1393.5,1430.0,1375.5,1411.0,146000
2016-09-30,1241.648681640625,1354.0,1400.0,1354.0,1400.0,69200
2016-10-03,1292.543212890625,1409.5,1409.5,1366.5,1370.0,94000
2016-10-04,1398.4595947265625,1525.0,1537.5,1447.0,1459.5,280200
2016-10-05,1480.991455078125,1615.0,1640.0,1562.5,1570.0,242800
2016-10-06,1419.0924072265625,1547.5,1635.0,1537.5,1615.0,151000
2016-10-07,1412.21484375,1540.0,1560.0,1535.0,1550.0,108000
2016-10-11,1510.794677734375,1647.5,1657.5,1557.5,1610.0,139000
2016-10-12,1503.9168701171875,1640.0,1665.0,1607.5,1630.0,115000
2016-10-13,1531.4273681640625,1670.0,1677.5,1627.5,1650.0,112800
2016-10-14,1602.4969482421875,1747.5,1750.0,1652.5,1667.5,204400
2016-10-17,1600.204345703125,1745.0,1750.0,1700.0,1747.5,111200
2016-10-18,1595.6192626953125,1740.0,1765.0,1717.5,1755.0,90600
2016-10-19,1616.252197265625,1762.5,1775.0,1727.5,1750.0,111600
2016-10-20,1613.9598388671875,1760.0,1790.0,1745.0,1765.0,101200
2016-10-21,1519.96484375,1657.5,1762.5,1630.0,1760.0,202000
2016-10-24,1524.550048828125,1662.5,1700.0,1647.5,1665.0,49800
2016-10-25,1497.039306640625,1632.5,1675.0,1615.0,1675.0,87600
2016-10-26,1483.2840576171875,1617.5,1682.5,1592.5,1632.5,90000
2016-10-27,1464.9434814453125,1597.5,1607.5,1577.5,1607.5,63400
2016-10-28,1462.6510009765625,1595.0,1617.5,1585.0,1600.0,60800
2016-10-31,1536.012939453125,1675.0,1695.0,1600.0,1600.0,90800
2016-11-01,1476.40625,1610.0,1670.0,1597.5,1670.0,60400
2016-11-02,1403.04443359375,1530.0,1600.0,1500.0,1595.0,168400
2016-11-04,1425.9700927734375,1555.0,1580.0,1507.5,1525.0,78200
2016-11-07,1191.6708984375,1299.5,1403.5,1255.5,1400.0,480400
2016-11-08,1178.373779296875,1285.0,1324.5,1280.0,1304.0,218400
2016-11-09,1171.0377197265625,1277.0,1312.5,1207.5,1302.5,253800
2016-11-10,1251.7357177734375,1365.0,1368.5,1308.0,1333.5,134600
2016-11-11,1209.09423828125,1318.5,1368.0,1312.5,1365.0,135800
2016-11-14,1244.3995361328125,1357.0,1363.0,1319.0,1330.0,121600
2016-11-15,1311.80078125,1430.5,1444.5,1365.0,1375.5,130400
2016-11-16,1370.9486083984375,1495.0,1500.0,1426.0,1440.0,139000
2016-11-17,1340.228515625,1461.5,1493.0,1450.5,1475.5,90000
2016-11-18,1340.68701171875,1462.0,1477.5,1454.0,1477.0,96600
2016-11-21,1391.581787109375,1517.5,1525.0,1443.0,1450.5,127400
2016-11-22,1458.0660400390625,1590.0,1595.0,1491.0,1493.0,122000
2016-11-24,1448.8955078125,1580.0,1630.0,1570.0,1592.5,89200
2016-11-25,1380.1190185546875,1505.0,1577.5,1496.5,1577.5,109200
2016-11-28,1414.50732421875,1542.5,1555.0,1499.0,1540.0,98800
2016-11-29,1444.310546875,1575.0,1650.0,1535.0,1537.5,160800
2016-11-30,1538.3055419921875,1677.5,1690.0,1580.0,1580.0,163600
2016-12-01,1485.5765380859375,1620.0,1700.0,1597.5,1662.5,163600
2016-12-02,1432.8475341796875,1562.5,1617.5,1545.0,1617.5,77600
2016-12-05,1396.166748046875,1522.5,1570.0,1507.5,1570.0,159200
2016-12-06,1403.04443359375,1530.0,1567.5,1512.5,1535.0,66000
2016-12-07,1455.7734375,1587.5,1590.0,1517.5,1550.0,43400
2016-12-08,1476.40625,1610.0,1655.0,1595.0,1615.0,101200
2016-12-09,1540.5977783203125,1680.0,1690.0,1605.0,1622.5,110000
2016-12-12,1616.252197265625,1762.5,1762.5,1667.5,1700.0,169000
2016-12-13,1655.2257080078125,1805.0,1812.5,1720.0,1750.0,164200
2016-12-14,1597.9117431640625,1742.5,1837.5,1742.5,1810.0,181800
2016-12-15,1607.0819091796875,1752.5,1795.0,1717.5,1742.5,85200
2016-12-16,1574.9862060546875,1717.5,1750.0,1667.5,1732.5,122600
2016-12-19,1524.550048828125,1662.5,1737.5,1635.0,1737.5,109200
2016-12-20,1483.2840576171875,1617.5,1665.0,1592.5,1645.0,136800
2016-12-21,1510.794677734375,1647.5,1747.5,1617.5,1617.5,181200
2016-12-22,1529.1351318359375,1667.5,1690.0,1617.5,1640.0,65000
2016-12-26,1549.768310546875,1690.0,1712.5,1645.0,1650.0,176000
2016-12-27,1595.6192626953125,1740.0,1772.5,1682.5,1685.0,275000
2016-12-28,1628.22998046875,1772.5,1790.0,1730.0,1737.5,108800
2016-12-29,1550.1480712890625,1687.5,1767.5,1685.0,1755.0,134600
2016-12-30,1648.8984375,1795.0,1815.0,1667.5,1697.5,174000
2017-01-04,1759.131103515625,1915.0,1955.0,1825.0,1830.0,427000
2017-01-05,1717.7938232421875,1870.0,1905.0,1865.0,1892.5,135400
2017-01-06,1655.7879638671875,1802.5,1872.5,1802.5,1865.0,175400
2017-01-10,1664.9739990234375,1812.5,1927.5,1812.5,1830.0,271200
2017-01-11,1694.828857421875,1845.0,1902.5,1817.5,1820.0,145800
2017-01-12,1747.6485595703125,1902.5,1917.5,1830.0,1835.0,175400
2017-01-13,1754.5380859375,1910.0,1945.0,1870.0,1902.5,181000
2017-01-16,1759.131103515625,1915.0,1980.0,1887.5,1940.0,251200
2017-01-17,1795.8753662109375,1955.0,2067.5,1945.0,2000.0,464200
2017-01-18,1786.6893310546875,1945.0,1960.0,1860.0,1912.5,253200
2017-01-19,1782.0965576171875,1940.0,1975.0,1910.0,1950.0,133600
2017-01-20,1768.3173828125,1925.0,1942.5,1782.5,1800.0,592600
2017-01-23,1745.3521728515625,1900.0,1945.0,1875.0,1917.5,174400
2017-01-24,1699.421630859375,1850.0,1900.0,1845.0,1890.0,137400
2017-01-25,1715.49755859375,1867.5,1885.0,1852.5,1870.0,97600
2017-01-26,1759.131103515625,1915.0,1940.0,1882.5,1890.0,144200
2017-01-27,1722.3868408203125,1875.0,1940.0,1870.0,1940.0,102800
2017-01-30,1729.2764892578125,1882.5,1912.5,1875.0,1890.0,92600
2017-01-31,1690.235595703125,1840.0,1872.5,1805.0,1857.5,159600
2017-02-01,1678.7530517578125,1827.5,1840.0,1760.0,1820.0,180400
2017-02-02,1621.34033203125,1765.0,1832.5,1765.0,1830.0,129600
2017-02-03,1621.34033203125,1765.0,1810.0,1737.5,1795.0,121800
2017-02-06,1632.82275390625,1777.5,1805.0,1755.0,1777.5,101000
2017-02-07,1658.0845947265625,1805.0,1845.0,1767.5,1767.5,131800
2017-02-08,1722.3868408203125,1875.0,1877.5,1802.5,1835.0,216800
2017-02-09,1616.747314453125,1760.0,1810.0,1665.0,1800.0,822400
2017-02-10,1639.712158203125,1785.0,1805.0,1732.5,1775.0,223200
2017-02-13,1637.415771484375,1782.5,1867.5,1777.5,1810.0,313400
2017-02-14,1586.892578125,1727.5,1817.5,1702.5,1785.0,336400
2017-02-15,1616.747314453125,1760.0,1762.5,1700.0,1747.5,199400
2017-02-16,1681.049560546875,1830.0,1860.0,1757.5,1760.0,366000
2017-02-17,1717.7938232421875,1870.0,1905.0,1827.5,1830.0,241600
2017-02-20,1782.0965576171875,1940.0,1965.0,1882.5,1895.0,337200
2017-02-21,1818.840576171875,1980.0,1990.0,1945.0,1960.0,172000
2017-02-22,1816.5439453125,1977.5,1990.0,1955.0,1990.0,95200
2017-02-23,1788.9859619140625,1947.5,1967.5,1915.0,1962.5,95600
2017-02-24,1770.61376953125,1927.5,1940.0,1907.5,1922.5,68800
2017-02-27,1752.2415771484375,1907.5,1927.5,1892.5,1907.5,59000
2017-02-28,1726.9801025390625,1880.0,1932.5,1867.5,1900.0,185000
2017-03-01,1793.5789794921875,1952.5,1957.5,1857.5,1867.5,319200
2017-03-02,1917.5906982421875,2087.5,2087.5,1970.0,2022.5,564400
2017-03-03,1894.6256103515625,2062.5,2192.5,2015.0,2115.0,759200
2017-03-06,1958.9281005859373,2132.5,2142.5,2002.5,2077.5,393200
2017-03-07,1986.486328125,2162.5,2210.0,2065.0,2165.0,510600
2017-03-08,2094.422607421875,2280.0,2325.0,2167.5,2185.0,762400
2017-03-09,2161.021240234375,2352.5,2390.0,2235.0,2270.0,532600
2017-03-10,2241.3994140625,2440.0,2455.0,2362.5,2380.0,540600
2017-03-13,2177.096923828125,2370.0,2480.0,2317.5,2452.5,485200
2017-03-14,2140.352783203125,2330.0,2405.0,2300.0,2355.0,255000
2017-03-15,2050.78857421875,2232.5,2372.5,2222.5,2300.0,420600
2017-03-16,2103.608642578125,2290.0,2305.0,2215.0,2232.5,260800
2017-03-17,2043.8992919921875,2225.0,2332.5,2155.0,2325.0,424800
2017-03-21,1997.96875,2175.0,2230.0,2170.0,2227.5,250800
2017-03-22,1924.48046875,2095.0,2180.0,2082.5,2107.5,323200
2017-03-23,2020.9342041015625,2200.0,2215.0,2115.0,2130.0,233800
2017-03-24,2020.9342041015625,2200.0,2222.5,2157.5,2200.0,107400
2017-03-27,1975.0037841796875,2150.0,2200.0,2135.0,2195.0,110400
2017-03-28,1981.893310546875,2157.5,2220.0,2142.5,2150.0,190400
2017-03-29,2071.457275390625,2255.0,2282.5,2177.5,2192.5,326200
2017-03-30,2014.04443359375,2192.5,2312.5,2190.0,2277.5,265400
2017-03-31,1984.1900634765625,2160.0,2235.0,2160.0,2212.5,172200
2017-04-03,1919.8873291015625,2090.0,2132.5,2077.5,2125.0,211600
2017-04-04,1883.14306640625,2050.0,2097.5,1932.5,2090.0,334600
2017-04-05,1844.1024169921875,2007.5,2067.5,1962.5,2062.5,203400
2017-04-06,1784.392822265625,1942.5,2037.5,1877.5,1975.0,299200
2017-04-07,1777.503173828125,1935.0,1992.5,1865.0,1965.0,301000
2017-04-10,1770.61376953125,1927.5,2025.0,1920.0,1970.0,172000
2017-04-11,1754.5380859375,1910.0,1940.0,1877.5,1930.0,182600
2017-04-12,1664.9739990234375,1812.5,1870.0,1750.0,1850.0,512200
2017-04-13,1708.60791015625,1860.0,1867.5,1782.5,1797.5,166600
2017-04-14,1690.235595703125,1840.0,1925.0,1830.0,1840.0,185600
2017-04-17,1768.3173828125,1925.0,1950.0,1860.0,1862.5,211200
2017-04-18,1784.392822265625,1942.5,2007.5,1930.0,1997.5,194200
2017-04-19,1793.5789794921875,1952.5,1967.5,1922.5,1925.0,137600
2017-04-20,1791.2823486328125,1950.0,1977.5,1942.5,1962.5,83200
2017-04-21,1809.654541015625,1970.0,1985.0,1920.0,1955.0,118400
2017-04-24,1747.6485595703125,1902.5,1982.5,1902.5,1982.5,115000
2017-04-25,1802.764892578125,1962.5,1977.5,1912.5,1930.0,93200
2017-04-26,1807.3580322265625,1967.5,2012.5,1960.0,1990.0,147000
2017-04-27,1809.654541015625,1970.0,1985.0,1937.5,1980.0,81400
2017-04-28,1772.9100341796875,1930.0,1960.0,1915.0,1947.5,120000
2017-05-01,1821.1370849609373,1982.5,2035.0,1957.5,1967.5,499800
2017-05-02,1901.5152587890625,2070.0,2097.5,2015.0,2020.0,409800
2017-05-08,1855.5849609375,2020.0,2175.0,2007.5,2082.5,869200
2017-05-09,1756.834716796875,1912.5,2027.5,1895.0,2017.5,626400
2017-05-10,1761.427734375,1917.5,1955.0,1895.0,1927.5,300800
2017-05-11,1710.904052734375,1862.5,1922.5,1840.0,1917.5,344600
2017-05-12,1807.3580322265625,1967.5,1987.5,1857.5,1887.5,411400
2017-05-15,1878.5499267578125,2045.0,2045.0,1940.0,1960.0,316800
2017-05-16,1850.9918212890625,2015.0,2057.5,1980.0,2050.0,197200
2017-05-17,1814.247802734375,1975.0,2030.0,1962.5,2012.5,146200
2017-05-18,1800.468505859375,1960.0,1975.0,1915.0,1915.0,189200
2017-05-19,1779.7996826171875,1937.5,1997.5,1920.0,1982.5,233800
2017-05-22,1816.5439453125,1977.5,1980.0,1942.5,1947.5,100800
2017-05-23,1809.654541015625,1970.0,2010.0,1970.0,1987.5,161400
2017-05-24,1880.8465576171875,2047.5,2047.5,1980.0,1990.0,294600
2017-05-25,1802.764892578125,1962.5,2070.0,1957.5,2052.5,298200
2017-05-26,1782.0965576171875,1940.0,1967.5,1915.0,1952.5,270400
2017-05-29,1752.2415771484375,1907.5,1962.5,1907.5,1962.5,191400
2017-05-30,1775.2069091796875,1932.5,1957.5,1885.0,1915.0,180800
2017-05-31,1770.61376953125,1927.5,1937.5,1900.0,1932.5,103000
2017-06-01,1747.6485595703125,1902.5,1932.5,1897.5,1917.5,186200
2017-06-02,1749.9451904296875,1905.0,1925.0,1887.5,1917.5,171000
2017-06-05,1802.764892578125,1962.5,1965.0,1907.5,1915.0,174200
2017-06-06,1756.834716796875,1912.5,1957.5,1907.5,1957.5,130200
2017-06-07,1793.5789794921875,1952.5,1952.5,1907.5,1915.0,106200
2017-06-08,1791.2823486328125,1950.0,1982.5,1937.5,1957.5,132400
2017-06-09,1791.2823486328125,1950.0,1965.0,1927.5,1960.0,115800
2017-06-12,1850.9918212890625,2015.0,2035.0,1962.5,1985.0,361800
2017-06-13,1828.026611328125,1990.0,2015.0,1970.0,1997.5,140200
2017-06-14,1844.1024169921875,2007.5,2010.0,1980.0,1990.0,82800
2017-06-15,1795.8753662109375,1955.0,2000.0,1945.0,1997.5,166400
2017-06-16,1795.8753662109375,1955.0,1995.0,1950.0,1967.5,107200
2017-06-19,1834.916259765625,1997.5,2005.0,1970.0,1982.5,207400
2017-06-20,1832.6197509765625,1995.0,2017.5,1985.0,2015.0,134000
2017-06-21,2011.7476806640625,2190.0,2195.0,1995.0,2017.5,669800
2017-06-22,1988.78271484375,2165.0,2265.0,2152.5,2177.5,450800
2017-06-23,2048.491943359375,2230.0,2247.5,2167.5,2235.0,358400
2017-06-26,2099.015380859375,2285.0,2310.0,2240.0,2247.5,269200
2017-06-27,2110.498291015625,2297.5,2317.5,2212.5,2285.0,273600
2017-06-28,1986.784423828125,2160.0,2272.5,2160.0,2255.0,324000
2017-06-29,2028.1756591796875,2205.0,2217.5,2162.5,2187.5,109800
2017-06-30,2087.962890625,2270.0,2270.0,2155.0,2162.5,196600
2017-07-03,2163.846923828125,2352.5,2357.5,2280.0,2302.5,327600
2017-07-04,2076.46533203125,2257.5,2440.0,2222.5,2385.0,601000
2017-07-05,2097.1611328125,2280.0,2335.0,2242.5,2262.5,174200
2017-07-06,2081.064453125,2262.5,2310.0,2252.5,2285.0,95400
2017-07-07,1972.987060546875,2145.0,2227.5,2140.0,2197.5,1007000
2017-07-10,1998.2818603515625,2172.5,2187.5,2145.0,2145.0,233000
2017-07-11,2007.4794921875,2182.5,2182.5,2157.5,2177.5,140200
2017-07-12,2055.76953125,2235.0,2295.0,2187.5,2190.0,398200
2017-07-13,2064.9677734375,2245.0,2305.0,2245.0,2270.0,249000
2017-07-14,2025.8760986328125,2202.5,2267.5,2192.5,2245.0,239400
2017-07-17,2025.8760986328125,2202.5,2202.5,2202.5,2202.5,0
2017-07-18,2030.4749755859373,2207.5,2250.0,2190.0,2202.5,472600
2017-07-19,2016.677734375,2192.5,2237.5,2190.0,2202.5,802800
2017-07-20,2023.5765380859373,2200.0,2222.5,2200.0,2200.0,335400
2017-07-21,1984.4844970703125,2157.5,2200.0,2157.5,2200.0,285200
2017-07-24,1963.7891845703125,2135.0,2155.0,2132.5,2155.0,214800
2017-07-25,1972.987060546875,2145.0,2157.5,2137.5,2145.0,198000
2017-07-26,2002.8802490234373,2177.5,2192.5,2152.5,2167.5,1199200
2017-07-27,1982.1849365234373,2155.0,2187.5,2145.0,2187.5,315800
2017-07-28,1963.7891845703125,2135.0,2160.0,2130.0,2147.5,250400
2017-07-31,1993.6824951171875,2167.5,2177.5,2102.5,2132.5,377800
2017-08-01,1963.7891845703125,2135.0,2185.0,2122.5,2177.5,201200
2017-08-02,1982.1849365234373,2155.0,2175.0,2137.5,2150.0,229800
2017-08-03,2064.9677734375,2245.0,2290.0,2202.5,2205.0,790400
2017-08-04,2113.257568359375,2297.5,2317.5,2230.0,2250.0,435800
2017-08-07,2163.846923828125,2352.5,2362.5,2300.0,2315.0,305800
2017-08-08,2166.146240234375,2355.0,2355.0,2312.5,2340.0,200200
2017-08-09,2152.349609375,2340.0,2350.0,2277.5,2350.0,277000
2017-08-10,2127.054443359375,2312.5,2390.0,2300.0,2352.5,202800
2017-08-11,2127.054443359375,2312.5,2312.5,2312.5,2312.5,0
2017-08-14,2092.5615234375,2275.0,2300.0,2252.5,2282.5,170600
2017-08-15,2193.740234375,2385.0,2385.0,2290.0,2295.0,264800
2017-08-16,2299.51904296875,2500.0,2500.0,2385.0,2385.0,497200
2017-08-17,2331.711669921875,2535.0,2570.0,2492.5,2525.0,393400
2017-08-18,2317.91455078125,2520.0,2555.0,2480.0,2485.0,259800
2017-08-21,2288.02099609375,2487.5,2570.0,2482.5,2560.0,268400
2017-08-22,2405.296142578125,2615.0,2635.0,2482.5,2485.0,413600
2017-08-23,2442.08837890625,2655.0,2695.0,2615.0,2650.0,348200
2017-08-24,2506.474853515625,2725.0,2730.0,2620.0,2655.0,283000
2017-08-25,2432.890625,2645.0,2725.0,2610.0,2700.0,298200
2017-08-28,2391.499267578125,2600.0,2675.0,2580.0,2580.0,477200
2017-08-29,2362.065673828125,2568.0,2669.0,2535.0,2600.0,213600
2017-08-30,2389.659912109375,2598.0,2626.0,2535.0,2600.0,163800
2017-08-31,2409.8955078125,2620.0,2620.0,2566.0,2620.0,99400
2017-09-01,2578.22021484375,2803.0,2820.0,2631.0,2659.0,423500
2017-09-04,2568.102294921875,2792.0,2809.0,2715.0,2797.0,279400
2017-09-05,2367.583984375,2574.0,2875.0,2521.0,2800.0,492200
2017-09-06,2378.6220703125,2586.0,2667.0,2522.0,2523.0,288300
2017-09-07,2408.0556640625,2618.0,2690.0,2561.0,2626.0,253700
2017-09-08,2405.296142578125,2615.0,2618.0,2540.0,2618.0,165300
2017-09-11,2460.485107421875,2675.0,2704.0,2623.0,2650.0,215300
2017-09-12,2482.56005859375,2699.0,2735.0,2658.0,2710.0,91700
2017-09-13,2488.078857421875,2705.0,2741.0,2672.0,2730.0,131900
2017-09-14,2443.9287109375,2657.0,2715.0,2637.0,2689.0,125000
2017-09-15,2572.701416015625,2797.0,2839.0,2644.0,2644.0,270100
2017-09-18,2572.701416015625,2797.0,2797.0,2797.0,2797.0,0
2017-09-19,2619.611572265625,2848.0,2873.0,2799.0,2813.0,193700
2017-09-20,2534.9892578125,2756.0,2845.0,2751.0,2827.0,148300
2017-09-21,2534.069580078125,2755.0,2778.0,2724.0,2745.0,80200
2017-09-22,2478.881103515625,2695.0,2758.0,2658.0,2756.0,126200
2017-09-25,2468.76318359375,2684.0,2742.0,2680.0,2713.0,98500
2017-09-26,2446.687744140625,2660.0,2695.0,2560.0,2681.0,267000
2017-09-27,2460.485107421875,2675.0,2730.0,2673.0,2675.0,114600
2017-09-28,2462.32470703125,2677.0,2746.0,2673.0,2691.0,150600
2017-09-29,2447.607421875,2661.0,2684.0,2625.0,2672.0,108400
2017-10-02,2459.56494140625,2674.0,2700.0,2631.0,2669.0,149200
2017-10-03,2512.913818359375,2732.0,2757.0,2682.0,2715.0,213900
2017-10-04,2488.9990234375,2706.0,2760.0,2699.0,2760.0,100200
2017-10-05,2431.970458984375,2644.0,2721.0,2642.0,2700.0,155800
2017-10-06,2435.650146484375,2648.0,2661.0,2586.0,2644.0,161800
2017-10-09,2435.650146484375,2648.0,2648.0,2648.0,2648.0,0
2017-10-10,2420.013427734375,2631.0,2693.0,2628.0,2650.0,81500
2017-10-11,2393.338623046875,2602.0,2639.0,2601.0,2634.0,95500
2017-10-12,2411.735107421875,2622.0,2649.0,2602.0,2602.0,58700
2017-10-13,2393.338623046875,2602.0,2615.0,2585.0,2601.0,78600
2017-10-16,2390.5791015625,2599.0,2635.0,2591.0,2603.0,85300
2017-10-17,2350.108154296875,2555.0,2644.0,2551.0,2634.0,161200
2017-10-18,2369.424072265625,2576.0,2587.0,2520.0,2530.0,154100
2017-10-19,2351.947509765625,2557.0,2592.0,2537.0,2586.0,144700
2017-10-20,2330.791259765625,2534.0,2569.0,2533.0,2556.0,65100
2017-10-23,2388.739990234375,2597.0,2599.0,2526.0,2550.0,126000
2017-10-24,2384.14111328125,2592.0,2630.0,2556.0,2630.0,137100
2017-10-25,2367.583984375,2574.0,2611.0,2568.0,2600.0,129500
2017-10-26,2345.50830078125,2550.0,2599.0,2545.0,2578.0,123500
2017-10-27,2326.19287109375,2529.0,2564.0,2510.0,2551.0,270500
2017-10-30,2447.607421875,2661.0,2663.0,2530.0,2551.0,299100
2017-10-31,2502.7958984375,2721.0,2733.0,2630.0,2643.0,230400
2017-11-01,2533.149658203125,2754.0,2759.0,2700.0,2739.0,239100
2017-11-02,2509.234619140625,2728.0,2817.0,2689.0,2770.0,458900
2017-11-03,2509.234619140625,2728.0,2728.0,2728.0,2728.0,0
2017-11-06,2366.66455078125,2573.0,2682.0,2552.0,2678.0,493900
2017-11-07,2436.56982421875,2649.0,2649.0,2560.0,2560.0,199800
2017-11-08,2403.45703125,2613.0,2635.0,2594.0,2631.0,94200
2017-11-09,2345.50830078125,2550.0,2624.0,2512.0,2611.0,325000
2017-11-10,2376.782470703125,2584.0,2584.0,2503.0,2510.0,167300
2017-11-13,2371.263916015625,2578.0,2600.0,2535.0,2586.0,95600
2017-11-14,2320.673828125,2523.0,2596.0,2521.0,2578.0,163600
2017-11-15,2263.64599609375,2461.0,2550.0,2434.0,2550.0,283400
2017-11-16,2315.1552734375,2517.0,2534.0,2441.0,2450.0,143300
2017-11-17,2338.150390625,2542.0,2568.0,2503.0,2550.0,129000
2017-11-20,2347.348388671875,2552.0,2590.0,2534.0,2542.0,120600
2017-11-21,2358.38623046875,2564.0,2578.0,2521.0,2573.0,70800
2017-11-22,2382.301025390625,2590.0,2617.0,2567.0,2587.0,93800
2017-11-23,2382.301025390625,2590.0,2590.0,2590.0,2590.0,0
2017-11-24,2454.04638671875,2668.0,2693.0,2587.0,2600.0,177300
2017-11-27,2446.687744140625,2660.0,2710.0,2641.0,2693.0,122900
2017-11-28,2443.008544921875,2656.0,2666.0,2594.0,2661.0,112400
2017-11-29,2488.078857421875,2705.0,2742.0,2641.0,2665.0,212600
2017-11-30,2467.84326171875,2683.0,2723.0,2655.0,2697.0,285400
2017-12-01,2483.480224609375,2700.0,2720.0,2670.0,2711.0,159400
2017-12-04,2457.725341796875,2672.0,2711.0,2657.0,2699.0,133200
2017-12-05,2432.890625,2645.0,2679.0,2585.0,2659.0,135100
2017-12-06,2397.93798828125,2607.0,2688.0,2600.0,2660.0,96100
2017-12-07,2538.668212890625,2760.0,2772.0,2610.0,2610.0,314100
2017-12-08,2555.224853515625,2778.0,2795.0,2730.0,2788.0,138200
2017-12-11,2573.621337890625,2798.0,2798.0,2758.0,2795.0,66800
2017-12-12,2722.6298828125,2960.0,2991.0,2800.0,2805.0,400700
2017-12-13,2833.0068359375,3080.0,3100.0,2977.0,2984.0,383900
2017-12-14,2796.214599609375,3040.0,3165.0,2985.0,3080.0,413400
2017-12-15,2805.41259765625,3050.0,3090.0,2973.0,3075.0,142000
2017-12-18,2929.586669921875,3185.0,3250.0,3105.0,3120.0,307300
2017-12-19,2998.572021484375,3260.0,3270.0,3160.0,3185.0,257000
2017-12-20,2768.6201171875,3010.0,3260.0,2981.0,3260.0,525300
2017-12-21,2833.0068359375,3080.0,3090.0,2999.0,3020.0,174700
2017-12-22,2924.98779296875,3180.0,3215.0,3075.0,3075.0,157000
2017-12-25,2901.9921875,3155.0,3305.0,3120.0,3215.0,340500
2017-12-26,2961.77978515625,3220.0,3270.0,3160.0,3160.0,221600
2017-12-27,2948.878662109375,3200.0,3285.0,3190.0,3220.0,140400
2017-12-28,2893.5869140625,3140.0,3285.0,3130.0,3210.0,160700
2017-12-29,2907.409912109375,3155.0,3190.0,3100.0,3140.0,109800
2018-01-03,2907.409912109375,3155.0,3155.0,3155.0,3155.0,0
2018-01-04,2948.878662109375,3200.0,3275.0,3145.0,3260.0,187300
2018-01-05,2985.73974609375,3240.0,3260.0,3190.0,3225.0,135900
2018-01-08,2985.73974609375,3240.0,3240.0,3240.0,3240.0,0
2018-01-09,3156.221435546875,3425.0,3455.0,3300.0,3300.0,314900
2018-01-10,3133.183349609375,3400.0,3475.0,3320.0,3450.0,273500
2018-01-11,3054.853759765625,3315.0,3375.0,3275.0,3355.0,225900
2018-01-12,3004.169677734375,3260.0,3410.0,3235.0,3375.0,210600
2018-01-15,3008.777587890625,3265.0,3305.0,3225.0,3300.0,115100
2018-01-16,3105.537841796875,3370.0,3385.0,3240.0,3260.0,174600
2018-01-17,3114.7529296875,3380.0,3380.0,3310.0,3370.0,117600
2018-01-18,3133.183349609375,3400.0,3485.0,3370.0,3435.0,228600
2018-01-19,3423.46337890625,3715.0,3810.0,3630.0,3640.0,1181000
2018-01-22,3561.692626953125,3865.0,3875.0,3660.0,3695.0,391200
2018-01-23,3460.32470703125,3755.0,3870.0,3705.0,3870.0,367500
2018-01-24,3469.539794921875,3765.0,3790.0,3690.0,3785.0,247900
2018-01-25,3391.21044921875,3680.0,3725.0,3660.0,3700.0,194200
2018-01-26,3437.286865234375,3730.0,3790.0,3655.0,3695.0,155000
2018-01-29,3414.24853515625,3705.0,3785.0,3695.0,3740.0,117600
2018-01-30,3349.74169921875,3635.0,3735.0,3600.0,3735.0,152700
2018-01-31,3432.678955078125,3725.0,3760.0,3575.0,3590.0,202700
2018-02-01,3441.89404296875,3735.0,3740.0,3660.0,3720.0,102800
2018-02-02,3474.1474609375,3770.0,3770.0,3685.0,3760.0,128200
2018-02-05,3358.95654296875,3645.0,3720.0,3630.0,3650.0,225800
2018-02-06,3045.638427734375,3305.0,3440.0,3140.0,3245.0,597600
2018-02-07,3211.512939453125,3485.0,3660.0,3440.0,3640.0,372200
2018-02-08,3653.8447265625,3965.0,4060.0,3705.0,3765.0,1379100
2018-02-09,3538.654296875,3840.0,3845.0,3620.0,3755.0,617500
2018-02-12,3538.654296875,3840.0,3840.0,3840.0,3840.0,0
2018-02-13,3469.539794921875,3765.0,4000.0,3730.0,3980.0,385800
2018-02-14,3248.373779296875,3525.0,3785.0,3425.0,3725.0,558800
2018-02-15,3441.89404296875,3735.0,3750.0,3495.0,3615.0,381600
2018-02-16,3580.122802734375,3885.0,3950.0,3710.0,3750.0,317700
2018-02-19,3879.61865234375,4210.0,4210.0,3970.0,3995.0,496000
2018-02-20,3944.124755859375,4280.0,4370.0,4185.0,4210.0,438500
2018-02-21,4137.6455078125,4490.0,4545.0,4275.0,4285.0,694600
2018-02-22,4119.21484375,4470.0,4480.0,4320.0,4435.0,321400
2018-02-23,4073.138427734375,4420.0,4445.0,4305.0,4440.0,261500
2018-02-26,4040.885009765625,4385.0,4465.0,4365.0,4450.0,194900
2018-02-27,4068.530517578125,4415.0,4465.0,4305.0,4405.0,255600
2018-02-28,4027.06201171875,4370.0,4590.0,4360.0,4420.0,405700
2018-03-01,4050.100341796875,4395.0,4440.0,4235.0,4330.0,255200
2018-03-02,3976.37841796875,4315.0,4380.0,4275.0,4275.0,192100
2018-03-05,3796.68115234375,4120.0,4335.0,4090.0,4285.0,334800
2018-03-06,3948.732421875,4285.0,4330.0,4190.0,4250.0,191600
2018-03-07,3999.41650390625,4340.0,4425.0,4225.0,4305.0,266800
2018-03-08,3994.808837890625,4335.0,4465.0,4320.0,4400.0,138500
2018-03-09,4109.99951171875,4460.0,4565.0,4375.0,4460.0,253300
2018-03-12,4050.100341796875,4395.0,4550.0,4320.0,4530.0,294200
2018-03-13,4234.40576171875,4595.0,4600.0,4325.0,4325.0,215600
2018-03-14,4239.01318359375,4600.0,4720.0,4515.0,4530.0,317600
2018-03-15,4169.8984375,4525.0,4615.0,4355.0,4560.0,437100
2018-03-16,4183.7216796875,4540.0,4590.0,4470.0,4575.0,171200
2018-03-19,4096.17626953125,4445.0,4530.0,4310.0,4530.0,254200
2018-03-20,4086.961181640625,4435.0,4440.0,4320.0,4340.0,191200
2018-03-21,4086.961181640625,4435.0,4435.0,4435.0,4435.0,0
2018-03-22,4105.39208984375,4455.0,4470.0,4355.0,4365.0,192600
2018-03-23,3861.188232421875,4190.0,4320.0,4175.0,4265.0,454100
2018-03-26,3778.250732421875,4100.0,4170.0,3940.0,4120.0,441800
2018-03-27,3870.40283203125,4200.0,4290.0,4135.0,4220.0,271800
2018-03-28,3911.871337890625,4245.0,4270.0,4145.0,4145.0,158900
2018-03-29,4022.454345703125,4365.0,4400.0,4280.0,4295.0,191700
2018-03-30,3990.201171875,4330.0,4430.0,4300.0,4405.0,156900
2018-04-02,4045.492919921875,4390.0,4415.0,4320.0,4360.0,122100
2018-04-03,4036.277099609375,4380.0,4390.0,4275.0,4300.0,106700
2018-04-04,3962.55517578125,4300.0,4430.0,4285.0,4430.0,119600
2018-04-05,3980.986572265625,4320.0,4360.0,4275.0,4330.0,86600
2018-04-06,3930.302734375,4265.0,4320.0,4220.0,4290.0,128600
2018-04-09,3999.41650390625,4340.0,4380.0,4235.0,4255.0,93600
2018-04-10,3953.34033203125,4290.0,4340.0,4205.0,4330.0,171600
2018-04-11,3805.896240234375,4130.0,4320.0,4050.0,4265.0,266200
2018-04-12,3810.504150390625,4135.0,4210.0,4080.0,4085.0,121100
2018-04-13,3815.11181640625,4140.0,4185.0,4115.0,4155.0,88500
2018-04-16,3681.490478515625,3995.0,4215.0,3990.0,4150.0,183800
2018-04-17,3667.66748046875,3980.0,4000.0,3775.0,3945.0,338100
2018-04-18,3722.95947265625,4040.0,4085.0,3900.0,3980.0,148800
2018-04-19,3640.02197265625,3950.0,4090.0,3940.0,4075.0,110000
2018-04-20,3759.820068359375,4080.0,4110.0,3915.0,3945.0,132400
2018-04-23,3750.60546875,4070.0,4070.0,3980.0,4025.0,89500
2018-04-24,3750.60546875,4070.0,4160.0,4060.0,4115.0,92700
2018-04-25,3755.212158203125,4075.0,4115.0,4035.0,4070.0,80400
2018-04-26,3699.92138671875,4015.0,4130.0,3985.0,4090.0,112900
2018-04-27,3759.820068359375,4080.0,4085.0,3995.0,4015.0,112100
2018-04-30,3759.820068359375,4080.0,4080.0,4080.0,4080.0,0
2018-05-01,3810.504150390625,4135.0,4150.0,4015.0,4100.0,116300
2018-05-02,3948.732421875,4285.0,4355.0,4185.0,4200.0,279200
2018-05-04,3948.732421875,4285.0,4285.0,4285.0,4285.0,0
2018-05-07,4464.7861328125,4845.0,4880.0,4660.0,4705.0,1227700
2018-05-08,4699.77490234375,5100.0,5330.0,4915.0,4950.0,1030400
2018-05-09,4736.63623046875,5140.0,5230.0,5010.0,5010.0,510400
2018-05-10,4782.71240234375,5190.0,5260.0,5110.0,5110.0,271700
2018-05-11,5123.67626953125,5560.0,5690.0,5170.0,5190.0,677900
2018-05-14,5280.33642578125,5730.0,5830.0,5500.0,5500.0,464400
2018-05-15,5409.349609375,5870.0,6010.0,5650.0,5710.0,596000
2018-05-16,5400.13427734375,5860.0,5950.0,5750.0,5810.0,276500
2018-05-17,5695.02099609375,6180.0,6360.0,6000.0,6000.0,625400
2018-05-18,5492.28564453125,5960.0,6320.0,5680.0,6280.0,588400
2018-05-21,5483.0712890625,5950.0,6090.0,5540.0,5560.0,1106100
2018-05-22,5381.703125,5840.0,5960.0,5820.0,5920.0,304000
2018-05-23,5418.564453125,5880.0,5930.0,5790.0,5810.0,243400
2018-05-24,5473.85595703125,5940.0,6020.0,5820.0,5840.0,227600
2018-05-25,5584.4384765625,6060.0,6230.0,5930.0,5930.0,438000
2018-05-28,5307.9814453125,5760.0,6090.0,5760.0,6070.0,718800
2018-05-29,5151.3232421875,5590.0,5670.0,5570.0,5600.0,1247500
2018-05-30,5123.67626953125,5560.0,5680.0,5560.0,5570.0,862700
2018-05-31,5077.6005859375,5510.0,5630.0,5420.0,5580.0,634700
2018-06-01,4967.01708984375,5390.0,5510.0,5370.0,5510.0,270800
2018-06-04,5086.8154296875,5520.0,5710.0,5470.0,5480.0,646900
2018-06-05,4856.43359375,5270.0,5580.0,5160.0,5560.0,1326800
2018-06-06,4856.43359375,5270.0,5360.0,5160.0,5240.0,457400
2018-06-07,5022.30859375,5450.0,5460.0,5200.0,5280.0,330200
2018-06-08,5105.24658203125,5540.0,5570.0,5420.0,5440.0,331900
2018-06-11,5132.89208984375,5570.0,5600.0,5440.0,5570.0,208900
2018-06-12,5068.384765625,5500.0,5590.0,5410.0,5590.0,298400
2018-06-13,4920.9404296875,5340.0,5510.0,5340.0,5500.0,321000
2018-06-14,5215.82958984375,5660.0,5840.0,5400.0,5400.0,706700
2018-06-15,5234.259765625,5680.0,5720.0,5520.0,5660.0,233700
2018-06-18,5335.62744140625,5790.0,5830.0,5630.0,5720.0,206300
2018-06-19,5096.03076171875,5530.0,5940.0,5490.0,5790.0,386700
2018-06-20,5123.67626953125,5560.0,5610.0,5350.0,5540.0,193200
2018-06-21,5252.68994140625,5700.0,5760.0,5480.0,5480.0,241300
2018-06-22,5225.044921875,5670.0,5800.0,5550.0,5650.0,245100
2018-06-25,4957.80126953125,5380.0,5660.0,5370.0,5650.0,243600
2018-06-26,4967.01708984375,5390.0,5470.0,5240.0,5280.0,198600
2018-06-27,5092.01171875,5520.0,5520.0,5350.0,5380.0,102600
2018-06-28,4944.4169921875,5360.0,5570.0,5310.0,5480.0,143300
2018-06-29,5008.9892578125,5430.0,5450.0,5290.0,5380.0,167000
2018-07-02,4446.28564453125,4820.0,5310.0,4820.0,5290.0,748000
2018-07-03,4552.3681640625,4935.0,5090.0,4730.0,4845.0,406900
2018-07-04,4473.95947265625,4850.0,5090.0,4750.0,5090.0,320700
2018-07-05,4261.7919921875,4620.0,4830.0,4565.0,4765.0,395400
2018-07-06,4400.16162109375,4770.0,4785.0,4575.0,4655.0,180800
2018-07-09,4529.30712890625,4910.0,4960.0,4780.0,4800.0,175200
2018-07-10,4409.38623046875,4780.0,4975.0,4725.0,4975.0,206200
2018-07-11,4280.2412109375,4640.0,4770.0,4590.0,4715.0,183000
2018-07-12,4330.9775390625,4695.0,4730.0,4585.0,4615.0,140900
2018-07-13,4354.03857421875,4720.0,4790.0,4685.0,4755.0,102700
2018-07-16,4354.03857421875,4720.0,4720.0,4720.0,4720.0,0
2018-07-17,4377.10009765625,4745.0,4785.0,4635.0,4780.0,114800
2018-07-18,4464.734375,4840.0,4845.0,4725.0,4765.0,131200
2018-07-19,4363.263671875,4730.0,4920.0,4710.0,4915.0,171100
2018-07-20,4469.3466796875,4845.0,4850.0,4725.0,4730.0,113800
2018-07-23,4612.32958984375,5000.0,5020.0,4790.0,4875.0,269200
2018-07-24,4870.619140625,5280.0,5290.0,4945.0,5130.0,456300
2018-07-25,4953.64111328125,5370.0,5440.0,5230.0,5400.0,302200
2018-07-26,4935.1923828125,5350.0,5400.0,5220.0,5350.0,160900
2018-07-27,5045.888671875,5470.0,5480.0,5340.0,5380.0,158900
2018-07-30,4861.39453125,5270.0,5460.0,5210.0,5450.0,261800
2018-07-31,4842.94580078125,5250.0,5320.0,5120.0,5180.0,214900
2018-08-01,4566.2060546875,4950.0,5250.0,4925.0,5180.0,306900
2018-08-02,4589.26708984375,4975.0,5030.0,4825.0,4945.0,374400
2018-08-03,4432.44873046875,4805.0,5450.0,4740.0,5300.0,1289800
2018-08-06,4026.563232421875,4365.0,4845.0,4320.0,4840.0,742100
2018-08-07,4017.339111328125,4355.0,4505.0,4290.0,4360.0,407100
2018-08-08,4091.135986328125,4435.0,4555.0,4315.0,4340.0,388100
2018-08-09,3957.378662109375,4290.0,4450.0,4245.0,4420.0,332500
2018-08-10,4063.4619140625,4405.0,4555.0,4310.0,4335.0,418000
2018-08-13,3948.153564453125,4280.0,4360.0,4170.0,4315.0,346900
2018-08-14,4091.135986328125,4435.0,4445.0,4315.0,4350.0,218100
2018-08-15,3934.3173828125,4265.0,4445.0,4255.0,4415.0,231800
2018-08-16,3878.96875,4205.0,4215.0,4100.0,4215.0,294200
2018-08-17,3929.70458984375,4260.0,4275.0,4175.0,4205.0,188700
2018-08-20,3874.3564453125,4200.0,4295.0,4155.0,4260.0,191000
2018-08-21,3948.153564453125,4280.0,4295.0,4135.0,4200.0,137300
2018-08-22,3975.827392578125,4310.0,4325.0,4190.0,4240.0,253400
2018-08-23,3994.277099609375,4330.0,4380.0,4235.0,4310.0,266000
2018-08-24,4035.788330078125,4375.0,4380.0,4285.0,4345.0,211000
2018-08-27,4104.97314453125,4450.0,4455.0,4345.0,4425.0,249300
2018-08-28,4137.26025390625,4485.0,4540.0,4440.0,4510.0,204400
2018-08-29,4160.32080078125,4510.0,4525.0,4445.0,4500.0,144900
2018-08-30,4266.404296875,4625.0,4635.0,4495.0,4555.0,227700
2018-08-31,4104.97314453125,4450.0,4595.0,4440.0,4570.0,248100
2018-09-03,4017.339111328125,4355.0,4440.0,4320.0,4440.0,199200
2018-09-04,4049.625244140625,4390.0,4430.0,4330.0,4345.0,95200
2018-09-05,3948.153564453125,4280.0,4405.0,4270.0,4390.0,126500
2018-09-06,3809.783935546875,4130.0,4255.0,4120.0,4225.0,230200
2018-09-07,3800.559326171875,4120.0,4180.0,4010.0,4100.0,149600
2018-09-10,3712.9248046875,4025.0,4110.0,4005.0,4105.0,166300
2018-09-11,3759.048095703125,4075.0,4155.0,4015.0,4040.0,162800
2018-09-12,3616.066162109375,3920.0,4115.0,3875.0,4075.0,250800
2018-09-13,3602.2294921875,3905.0,3970.0,3830.0,3890.0,306400
2018-09-14,3837.457763671875,4160.0,4230.0,3945.0,3975.0,278300
2018-09-17,3837.457763671875,4160.0,4160.0,4160.0,4160.0,0
2018-09-18,3860.519775390625,4185.0,4220.0,4085.0,4150.0,142300
2018-09-19,3883.58154296875,4210.0,4290.0,4150.0,4285.0,131100
2018-09-20,3902.0302734375,4230.0,4230.0,4110.0,4170.0,125200
2018-09-21,3971.215087890625,4305.0,4335.0,4225.0,4270.0,139300
2018-09-24,3971.215087890625,4305.0,4305.0,4305.0,4305.0,0
2018-09-25,3828.2333984375,4150.0,4260.0,4125.0,4255.0,198100
2018-09-26,4049.625244140625,4390.0,4395.0,4170.0,4170.0,242000
2018-09-27,3925.09228515625,4255.0,4440.0,4230.0,4345.0,197600
2018-09-28,3943.541259765625,4275.0,4345.0,4190.0,4305.0,166900
2018-10-01,3952.765869140625,4285.0,4360.0,4260.0,4275.0,139700
2018-10-02,3837.457763671875,4160.0,4320.0,4160.0,4320.0,164200
2018-10-03,3749.823974609375,4065.0,4150.0,4045.0,4150.0,215100
2018-10-04,3745.21142578125,4060.0,4100.0,4020.0,4080.0,102000
2018-10-05,3759.048095703125,4075.0,4105.0,3965.0,3990.0,174400
2018-10-08,3759.048095703125,4075.0,4075.0,4075.0,4075.0,0
2018-10-09,3648.352294921875,3955.0,4055.0,3940.0,4040.0,164200
2018-10-10,3740.59912109375,4055.0,4130.0,3970.0,4060.0,127200
2018-10-11,3477.6962890625,3770.0,3900.0,3750.0,3830.0,352400
2018-10-12,3620.678466796875,3925.0,3940.0,3725.0,3755.0,172700
2018-10-15,3542.26904296875,3840.0,3955.0,3840.0,3900.0,129200
2018-10-16,3537.65673828125,3835.0,3905.0,3775.0,3845.0,96400
2018-10-17,3703.70068359375,4015.0,4025.0,3900.0,3950.0,249400
2018-10-18,3699.088134765625,4010.0,4165.0,4010.0,4050.0,189700
2018-10-19,3717.537109375,4030.0,4095.0,3925.0,3950.0,111000
2018-10-22,3708.312744140625,4020.0,4080.0,3925.0,3990.0,97000
2018-10-23,3523.819580078125,3820.0,3970.0,3805.0,3960.0,188200
2018-10-24,3505.3701171875,3800.0,3880.0,3725.0,3870.0,133700
2018-10-25,3154.833251953125,3420.0,3640.0,3400.0,3630.0,458500
2018-10-26,2956.503173828125,3205.0,3500.0,3145.0,3460.0,490400
2018-10-29,2749.87060546875,2981.0,3285.0,2980.0,3170.0,734600
2018-10-30,2956.503173828125,3205.0,3265.0,2879.0,2904.0,610000
2018-10-31,3260.916748046875,3535.0,3535.0,3205.0,3315.0,593600
2018-11-01,2942.666015625,3190.0,3600.0,3170.0,3600.0,658700
2018-11-02,2965.727783203125,3215.0,3280.0,3105.0,3220.0,394400
2018-11-05,3002.626220703125,3255.0,3350.0,3090.0,3125.0,447100
2018-11-06,2933.441650390625,3180.0,3295.0,3110.0,3265.0,208600
2018-11-07,2988.78955078125,3240.0,3310.0,3110.0,3175.0,368800
2018-11-08,3131.77197265625,3395.0,3440.0,3280.0,3350.0,347400
2018-11-09,3168.670166015625,3435.0,3480.0,3330.0,3410.0,314500
2018-11-12,2928.829345703125,3175.0,3400.0,3135.0,3400.0,396800
2018-11-13,2910.379638671875,3155.0,3215.0,3025.0,3035.0,339700
2018-11-14,2919.604736328125,3165.0,3295.0,3135.0,3185.0,244200
2018-11-15,2961.115234375,3210.0,3230.0,3055.0,3095.0,329600
2018-11-16,2984.177001953125,3235.0,3285.0,3170.0,3280.0,250400
2018-11-19,2984.177001953125,3235.0,3275.0,2999.0,3165.0,564600
2018-11-20,2813.520751953125,3050.0,3175.0,3040.0,3150.0,328700
2018-11-21,2760.940673828125,2993.0,3090.0,2921.0,2930.0,306200
2018-11-22,2804.29638671875,3040.0,3060.0,2974.0,3010.0,160600
2018-11-23,2804.29638671875,3040.0,3040.0,3040.0,3040.0,0
2018-11-26,2831.970458984375,3070.0,3145.0,3010.0,3045.0,202700
2018-11-27,2905.767333984375,3150.0,3205.0,3105.0,3130.0,296700
2018-11-28,3099.48486328125,3360.0,3430.0,3170.0,3170.0,381200
2018-11-29,3099.48486328125,3360.0,3510.0,3340.0,3480.0,411800
2018-11-30,3343.938720703125,3625.0,3640.0,3355.0,3370.0,579800
2018-12-03,3491.533203125,3785.0,3790.0,3590.0,3760.0,600900
2018-12-04,3293.203125,3570.0,3800.0,3545.0,3795.0,472800
2018-12-05,3260.916748046875,3535.0,3635.0,3415.0,3460.0,251900
2018-12-06,3131.77197265625,3395.0,3565.0,3360.0,3510.0,244900
2018-12-07,3325.4892578125,3605.0,3620.0,3385.0,3440.0,359500
2018-12-10,3251.69189453125,3525.0,3555.0,3435.0,3535.0,256300
2018-12-11,3081.035888671875,3340.0,3575.0,3315.0,3535.0,254900
2018-12-12,3307.0400390625,3585.0,3600.0,3350.0,3360.0,279300
2018-12-13,3260.916748046875,3535.0,3650.0,3470.0,3615.0,262600
2018-12-14,3150.220703125,3415.0,3585.0,3390.0,3585.0,195900
2018-12-17,3104.09765625,3365.0,3440.0,3310.0,3385.0,257700
2018-12-18,2928.829345703125,3175.0,3315.0,3145.0,3260.0,239600
2018-12-19,2970.340087890625,3220.0,3255.0,3130.0,3150.0,187100
2018-12-20,2781.234619140625,3015.0,3190.0,2940.0,3140.0,427300
2018-12-21,2676.99609375,2902.0,3000.0,2805.0,2956.0,463900
2018-12-24,2676.99609375,2902.0,2902.0,2902.0,2902.0,0
2018-12-25,2466.673828125,2674.0,2760.0,2550.0,2563.0,659900
2018-12-26,2537.494140625,2741.0,2825.0,2684.0,2710.0,578200
2018-12-27,2814.294677734375,3040.0,3090.0,2906.0,2941.0,350300
2018-12-28,2855.95361328125,3085.0,3210.0,3040.0,3085.0,462800
2018-12-31,2855.95361328125,3085.0,3085.0,3085.0,3085.0,0
2019-01-04,2809.666015625,3035.0,3045.0,2930.0,3000.0,308700
2019-01-07,3101.278564453125,3350.0,3430.0,3190.0,3215.0,420700
2019-01-08,3142.9375,3395.0,3535.0,3380.0,3395.0,310300
2019-01-09,3161.45263671875,3415.0,3445.0,3370.0,3410.0,105400
2019-01-10,3133.68017578125,3385.0,3465.0,3325.0,3450.0,174600
2019-01-11,3272.54345703125,3535.0,3580.0,3455.0,3455.0,218800
2019-01-15,3318.8310546875,3585.0,3605.0,3505.0,3535.0,207500
2019-01-16,3346.603759765625,3615.0,3655.0,3505.0,3620.0,275200
2019-01-17,3448.436767578125,3725.0,3755.0,3605.0,3705.0,543700
2019-01-18,3388.2626953125,3660.0,3710.0,3555.0,3680.0,301000
2019-01-21,3230.88427734375,3490.0,3675.0,3480.0,3665.0,303800
2019-01-22,3087.392333984375,3335.0,3495.0,3325.0,3455.0,342100
2019-01-23,2999.44580078125,3240.0,3355.0,3225.0,3290.0,271000
2019-01-24,3073.506103515625,3320.0,3320.0,3205.0,3210.0,179800
2019-01-25,3054.9912109375,3300.0,3380.0,3280.0,3305.0,132500
2019-01-28,3087.392333984375,3335.0,3370.0,3220.0,3275.0,127400
2019-01-29,3517.8681640625,3800.0,3840.0,3295.0,3335.0,1067100
2019-01-30,3379.0048828125,3650.0,3790.0,3565.0,3730.0,753200
2019-01-31,3675.246826171875,3970.0,3975.0,3690.0,3735.0,590100
2019-02-01,3638.216064453125,3930.0,3985.0,3870.0,3935.0,386400
2019-02-04,3642.84521484375,3935.0,4000.0,3840.0,3970.0,248100
2019-02-05,3675.246826171875,3970.0,4040.0,3910.0,3935.0,272000
2019-02-06,3665.9892578125,3960.0,3975.0,3880.0,3955.0,173500
2019-02-07,3591.928466796875,3880.0,3940.0,3790.0,3910.0,304300
2019-02-08,3601.18603515625,3890.0,4450.0,3870.0,4230.0,2008900
2019-02-12,3193.854248046875,3450.0,4040.0,3360.0,4030.0,1393500
2019-02-13,3101.278564453125,3350.0,3630.0,3235.0,3550.0,1233000
2019-02-14,3008.703125,3250.0,3355.0,3125.0,3355.0,1047600
2019-02-15,2837.4384765625,3065.0,3250.0,3025.0,3250.0,753200
2019-02-18,3008.703125,3250.0,3300.0,3100.0,3140.0,711200
2019-02-19,2980.930419921875,3220.0,3470.0,3185.0,3375.0,869100
2019-02-20,3036.475830078125,3280.0,3340.0,3150.0,3175.0,439100
2019-02-21,2869.83984375,3100.0,3285.0,3095.0,3275.0,692100
2019-02-22,2934.642822265625,3170.0,3235.0,3125.0,3145.0,442200
2019-02-25,3059.61962890625,3305.0,3375.0,3190.0,3225.0,418900
2019-02-26,3027.218017578125,3270.0,3330.0,3175.0,3310.0,284000
2019-02-27,3041.104248046875,3285.0,3345.0,3220.0,3245.0,214800
2019-02-28,2967.044189453125,3205.0,3335.0,3185.0,3265.0,240400
2019-03-01,2999.44580078125,3240.0,3315.0,3225.0,3240.0,214900
2019-03-04,3096.64990234375,3345.0,3420.0,3280.0,3280.0,408000
2019-03-05,3291.058349609375,3555.0,3565.0,3315.0,3315.0,686000
2019-03-06,3388.2626953125,3660.0,3745.0,3515.0,3585.0,844100
2019-03-07,3416.035400390625,3690.0,3760.0,3615.0,3660.0,615300
2019-03-08,3087.392333984375,3335.0,3520.0,3225.0,3505.0,1281200
2019-03-11,3013.33203125,3255.0,3440.0,3240.0,3335.0,311000
2019-03-12,3054.9912109375,3300.0,3340.0,3130.0,3285.0,482200
2019-03-13,2897.61279296875,3130.0,3300.0,3080.0,3270.0,507300
2019-03-14,2700.427001953125,2917.0,3160.0,2868.0,3145.0,993900
2019-03-15,2642.104248046875,2854.0,2933.0,2723.0,2830.0,1239500
2019-03-18,2753.194580078125,2974.0,3010.0,2876.0,2895.0,503700
2019-03-19,2639.3271484375,2851.0,2950.0,2840.0,2950.0,572600
2019-03-20,2630.0693359375,2841.0,2889.0,2787.0,2830.0,337900
2019-03-22,2606.0,2815.0,2905.0,2787.0,2838.0,335000
2019-03-25,2493.057861328125,2693.0,2756.0,2652.0,2686.0,378700
2019-03-26,2496.760986328125,2697.0,2702.0,2582.0,2669.0,517800
2019-03-27,2541.197021484375,2745.0,2764.0,2649.0,2715.0,418400
2019-03-28,2342.159912109375,2530.0,2731.0,2505.0,2731.0,864700
2019-03-29,2414.36865234375,2608.0,2629.0,2531.0,2564.0,479500
2019-04-01,2490.2802734375,2690.0,2737.0,2662.0,2700.0,383400
2019-04-02,2451.39892578125,2648.0,2735.0,2626.0,2705.0,290100
2019-04-03,2483.80029296875,2683.0,2720.0,2646.0,2700.0,178500
2019-04-04,2520.830322265625,2723.0,2831.0,2698.0,2698.0,351100
2019-04-05,2573.598388671875,2780.0,2796.0,2715.0,2731.0,280800
2019-04-08,2587.484375,2795.0,2868.0,2755.0,2845.0,195900
2019-04-09,2506.9443359375,2708.0,2773.0,2673.0,2764.0,285500
2019-04-10,2569.895263671875,2776.0,2786.0,2670.0,2673.0,177200
2019-04-11,2503.24072265625,2704.0,2774.0,2685.0,2754.0,216700
2019-04-12,2487.503173828125,2687.0,2725.0,2664.0,2691.0,160300
2019-04-15,2556.009033203125,2761.0,2782.0,2719.0,2730.0,257800
2019-04-16,2553.23193359375,2758.0,2795.0,2711.0,2734.0,301400
2019-04-17,2670.802734375,2885.0,2898.0,2779.0,2790.0,521500
2019-04-18,2516.20166015625,2718.0,2937.0,2702.0,2935.0,629900
2019-04-19,2566.192626953125,2772.0,2772.0,2709.0,2748.0,236200
2019-04-22,2475.46826171875,2674.0,2750.0,2628.0,2750.0,472800
2019-04-23,2429.180908203125,2624.0,2650.0,2585.0,2645.0,325600
2019-04-24,2450.472900390625,2647.0,2676.0,2604.0,2612.0,223400
2019-04-25,2456.953125,2654.0,2685.0,2616.0,2625.0,327900
2019-04-26,2500.4638671875,2701.0,2723.0,2628.0,2638.0,278300
2019-05-07,2037.586181640625,2201.0,2201.0,2201.0,2201.0,122400
2019-05-08,1708.943359375,1846.0,2115.0,1825.0,2101.0,3350500
2019-05-09,1616.3680419921875,1746.0,1909.0,1740.0,1850.0,1329300
2019-05-10,1650.620849609375,1783.0,1850.0,1718.0,1730.0,1044900
2019-05-13,1663.5814208984375,1797.0,1892.0,1766.0,1803.0,684400
2019-05-14,1665.43310546875,1799.0,1812.0,1708.0,1741.0,468500
2019-05-15,1703.388671875,1840.0,1850.0,1788.0,1799.0,291300
2019-05-16,1617.293701171875,1747.0,1838.0,1735.0,1837.0,409600
2019-05-17,1665.43310546875,1799.0,1808.0,1760.0,1766.0,263200
2019-05-20,1627.4771728515625,1758.0,1827.0,1743.0,1808.0,252300
2019-05-21,1645.9921875,1778.0,1803.0,1749.0,1750.0,179300
2019-05-22,1728.384033203125,1867.0,1903.0,1796.0,1810.0,436300
2019-05-23,1735.7904052734375,1875.0,1912.0,1830.0,1857.0,317300
2019-05-24,1773.7462158203125,1916.0,1922.0,1832.0,1850.0,302100
2019-05-27,1770.043212890625,1912.0,1933.0,1895.0,1930.0,185100
2019-05-28,1800.593017578125,1945.0,1946.0,1873.0,1903.0,289200
2019-05-29,1803.37060546875,1948.0,1959.0,1891.0,1906.0,225400
2019-05-30,1820.959716796875,1967.0,1977.0,1922.0,1944.0,195400
2019-05-31,1794.1129150390625,1938.0,1965.0,1920.0,1952.0,158800
2019-06-03,1665.43310546875,1799.0,1909.0,1796.0,1909.0,308900
2019-06-04,1713.572265625,1851.0,1888.0,1805.0,1805.0,291100
2019-06-05,1739.4932861328125,1879.0,1931.0,1863.0,1890.0,299800
2019-06-06,1747.8250732421875,1888.0,1913.0,1826.0,1868.0,318100
2019-06-07,1705.2403564453125,1842.0,1883.0,1825.0,1869.0,354300
2019-06-10,1761.7113037109375,1903.0,2014.0,1860.0,1860.0,693500
2019-06-11,1816.3309326171875,1962.0,1995.0,1904.0,1905.0,486100
2019-06-12,1754.305419921875,1895.0,1963.0,1877.0,1963.0,420800
2019-06-13,1728.384033203125,1867.0,1908.0,1835.0,1876.0,287300
2019-06-14,1719.126708984375,1857.0,1866.0,1827.0,1850.0,199800
2019-06-17,1704.314697265625,1841.0,1873.0,1824.0,1851.0,182100
2019-06-18,1657.101318359375,1790.0,1830.0,1755.0,1830.0,361200
2019-06-19,1705.2403564453125,1842.0,1888.0,1808.0,1810.0,215700
2019-06-20,1755.2313232421875,1896.0,1902.0,1829.0,1842.0,221100
2019-06-21,1745.9736328125,1886.0,1931.0,1866.0,1896.0,177600
2019-06-24,1727.45849609375,1866.0,1899.0,1860.0,1899.0,123900
2019-06-25,1670.061767578125,1804.0,1864.0,1772.0,1856.0,288000
2019-06-26,1650.0526123046875,1773.0,1783.0,1741.0,1774.0,231300
2019-06-27,1687.2789306640625,1813.0,1817.0,1763.0,1765.0,154800
2019-06-28,1665.873779296875,1790.0,1827.0,1786.0,1802.0,108400
2019-07-01,1719.851806640625,1848.0,1875.0,1831.0,1847.0,180600
2019-07-02,1736.603515625,1866.0,1869.0,1833.0,1848.0,181600
2019-07-03,1672.38818359375,1797.0,1858.0,1791.0,1852.0,203200
2019-07-04,1717.059814453125,1845.0,1845.0,1798.0,1816.0,194500
2019-07-05,1753.35546875,1884.0,1931.0,1848.0,1859.0,369100
2019-07-08,1761.7313232421875,1893.0,1915.0,1876.0,1895.0,115000
2019-07-09,1716.129150390625,1844.0,1886.0,1830.0,1886.0,200700
2019-07-10,1775.6910400390625,1908.0,1918.0,1800.0,1840.0,322800
2019-07-11,1742.1875,1872.0,1916.0,1846.0,1915.0,216600
2019-07-12,1722.643798828125,1851.0,1879.0,1826.0,1873.0,217200
2019-07-16,1702.1693115234375,1829.0,1836.0,1806.0,1836.0,156300
2019-07-17,1689.1402587890625,1815.0,1817.0,1785.0,1790.0,185700
2019-07-18,1678.9029541015625,1804.0,1812.0,1773.0,1802.0,217900
2019-07-19,1692.8626708984375,1819.0,1856.0,1806.0,1810.0,182000
2019-07-22,1667.7349853515625,1792.0,1827.0,1788.0,1816.0,135100
2019-07-23,1870.617919921875,2010.0,2090.0,1847.0,1858.0,3673400
2019-07-24,1844.5595703125,1982.0,2108.0,1971.0,2058.0,1740300
2019-07-25,1831.530517578125,1968.0,1977.0,1878.0,1962.0,930800
2019-07-26,1790.5816650390625,1924.0,1964.0,1890.0,1964.0,563400
2019-07-29,1752.4248046875,1883.0,2000.0,1842.0,1939.0,875600
2019-07-30,1733.8116455078125,1863.0,1886.0,1817.0,1876.0,437000
2019-07-31,1731.0196533203125,1860.0,1896.0,1826.0,1833.0,459800
2019-08-01,1704.0306396484375,1831.0,1871.0,1821.0,1845.0,517400
2019-08-02,1665.873779296875,1790.0,1829.0,1750.0,1800.0,599300
2019-08-05,1564.432373046875,1681.0,1840.0,1655.0,1809.0,876400
2019-08-06,1543.0272216796875,1658.0,1658.0,1541.0,1607.0,765200
2019-08-07,1503.009033203125,1615.0,1665.0,1604.0,1618.0,426000
2019-08-08,1497.4251708984375,1609.0,1623.0,1558.0,1600.0,352200
2019-08-09,1488.11865234375,1599.0,1624.0,1577.0,1582.0,205500
2019-08-13,1485.32666015625,1596.0,1622.0,1569.0,1570.0,173000
2019-08-14,1493.702392578125,1605.0,1650.0,1600.0,1600.0,227400
2019-08-15,1437.8631591796875,1545.0,1580.0,1529.0,1557.0,370100
2019-08-16,1472.29736328125,1582.0,1605.0,1540.0,1547.0,209000
2019-08-19,1523.4835205078125,1637.0,1646.0,1589.0,1593.0,242300
2019-08-20,1572.8082275390625,1690.0,1700.0,1626.0,1637.0,412300
2019-08-21,1600.7276611328125,1720.0,1752.0,1680.0,1680.0,280600
2019-08-22,1619.341064453125,1740.0,1792.0,1722.0,1745.0,289700
2019-08-23,1621.2022705078125,1742.0,1775.0,1733.0,1745.0,197000
2019-08-26,1561.6402587890625,1678.0,1726.0,1670.0,1681.0,246700
2019-08-27,1611.8956298828125,1732.0,1756.0,1706.0,1716.0,209400
2019-08-28,1630.5087890625,1752.0,1770.0,1711.0,1716.0,190000
2019-08-29,1585.8375244140625,1704.0,1745.0,1692.0,1741.0,191500
2019-08-30,1610.965087890625,1731.0,1756.0,1718.0,1737.0,171800
2019-09-02,1600.7276611328125,1720.0,1749.0,1695.0,1710.0,117400
2019-09-03,1606.311767578125,1726.0,1755.0,1710.0,1710.0,138400
2019-09-04,1603.5198974609375,1723.0,1760.0,1723.0,1732.0,144700
2019-09-05,1637.0234375,1759.0,1774.0,1713.0,1728.0,193400
2019-09-06,1664.943359375,1789.0,1829.0,1774.0,1774.0,319500
2019-09-09,1693.79345703125,1820.0,1826.0,1782.0,1807.0,141000
2019-09-10,1717.990478515625,1846.0,1860.0,1833.0,1838.0,236600
2019-09-11,1769.1766357421875,1901.0,1905.0,1848.0,1855.0,300600
2019-09-12,1767.3153076171875,1899.0,1941.0,1887.0,1920.0,208300
2019-09-13,1755.216796875,1886.0,1895.0,1839.0,1889.0,300100
2019-09-17,1688.20947265625,1814.0,1853.0,1805.0,1851.0,306700
2019-09-18,1647.260498046875,1770.0,1809.0,1766.0,1809.0,285000
2019-09-19,1635.162109375,1757.0,1825.0,1752.0,1771.0,290700
2019-09-20,1674.2496337890625,1799.0,1806.0,1737.0,1750.0,192100
2019-09-24,1697.51611328125,1824.0,1829.0,1778.0,1790.0,241500
2019-09-25,1679.83349609375,1805.0,1827.0,1788.0,1820.0,134200
2019-09-26,1705.89208984375,1833.0,1857.0,1812.0,1826.0,125200
2019-09-27,1689.1402587890625,1815.0,1842.0,1801.0,1829.0,138000
2019-09-30,1713.337158203125,1841.0,1842.0,1802.0,1811.0,128100
2019-10-01,1763.5926513671875,1895.0,1903.0,1851.0,1851.0,227000
2019-10-02,1726.3662109375,1855.0,1864.0,1829.0,1863.0,146200
2019-10-03,1659.3592529296875,1783.0,1816.0,1781.0,1815.0,236000
2019-10-04,1713.337158203125,1841.0,1842.0,1786.0,1800.0,143700
2019-10-07,1716.129150390625,1844.0,1852.0,1816.0,1848.0,159200
2019-10-08,1751.4940185546875,1882.0,1892.0,1839.0,1839.0,231400
2019-10-09,1768.245849609375,1900.0,1915.0,1862.0,1870.0,212400
2019-10-10,1723.574462890625,1852.0,1911.0,1851.0,1911.0,113500
2019-10-11,1747.7713623046875,1878.0,1895.0,1865.0,1876.0,98200
2019-10-15,1815.7093505859373,1951.0,1963.0,1904.0,1904.0,322900
2019-10-16,1773.8299560546875,1906.0,1998.0,1903.0,1980.0,292800
2019-10-17,1798.9573974609375,1933.0,1959.0,1910.0,1910.0,150000
2019-10-18,1814.778564453125,1950.0,1971.0,1940.0,1949.0,141700
2019-10-21,1813.84814453125,1949.0,1956.0,1926.0,1935.0,150300
2019-10-23,1851.07421875,1989.0,1992.0,1937.0,1955.0,163000
2019-10-24,1875.2713623046875,2015.0,2025.0,1986.0,1997.0,273900
2019-10-25,1865.9647216796875,2005.0,2018.0,1973.0,2015.0,165600
2019-10-28,1854.7967529296875,1993.0,2046.0,1980.0,2008.0,230600
2019-10-29,2004.6324462890625,2154.0,2171.0,1995.0,1997.0,721500
2019-10-30,1892.0230712890625,2033.0,2125.0,1972.0,2125.0,710600
2019-10-31,1902.2603759765625,2044.0,2082.0,2007.0,2033.0,284800
2019-11-01,1436.9326171875,1544.0,1544.0,1544.0,1544.0,133200
2019-11-05,1387.6077880859375,1491.0,1650.0,1444.0,1544.0,2270300
2019-11-06,1380.1624755859375,1483.0,1489.0,1432.0,1481.0,875200
2019-11-07,1397.8448486328125,1502.0,1517.0,1472.0,1478.0,445700
2019-11-08,1400.6368408203125,1505.0,1544.0,1492.0,1504.0,490200
2019-11-11,1450.892333984375,1559.0,1560.0,1513.0,1517.0,370300
2019-11-12,1481.603759765625,1592.0,1606.0,1561.0,1585.0,363100
2019-11-13,1493.702392578125,1605.0,1623.0,1583.0,1606.0,360900
2019-11-14,1491.841064453125,1603.0,1627.0,1584.0,1605.0,335900
2019-11-15,1537.443359375,1652.0,1660.0,1594.0,1602.0,319200
2019-11-18,1543.9578857421875,1659.0,1672.0,1623.0,1640.0,275700
2019-11-19,1592.3519287109375,1711.0,1720.0,1673.0,1678.0,381500
2019-11-20,1555.125732421875,1671.0,1738.0,1666.0,1713.0,314000
2019-11-21,1527.2061767578125,1641.0,1667.0,1611.0,1651.0,245900
2019-11-22,1543.9578857421875,1659.0,1686.0,1635.0,1640.0,159900
2019-11-25,1569.0855712890625,1686.0,1698.0,1660.0,1660.0,150800
2019-11-26,1570.01611328125,1687.0,1724.0,1666.0,1713.0,180100
2019-11-27,1549.5416259765625,1665.0,1710.0,1665.0,1687.0,177100
2019-11-28,1520.69140625,1634.0,1665.0,1625.0,1661.0,204700
2019-11-29,1505.801025390625,1618.0,1646.0,1602.0,1634.0,155100
2019-12-02,1472.29736328125,1582.0,1606.0,1561.0,1604.0,274900
2019-12-03,1445.308349609375,1553.0,1567.0,1533.0,1550.0,291300
2019-12-04,1410.8741455078125,1516.0,1533.0,1503.0,1531.0,314800
2019-12-05,1405.2901611328125,1510.0,1535.0,1510.0,1516.0,236000
2019-12-06,1425.7646484375,1532.0,1540.0,1512.0,1513.0,138600
2019-12-09,1407.1514892578125,1512.0,1550.0,1510.0,1542.0,180500
2019-12-10,1415.5274658203125,1521.0,1522.0,1481.0,1509.0,258500
2019-12-11,1382.0238037109375,1485.0,1521.0,1485.0,1521.0,259600
2019-12-12,1359.6881103515625,1461.0,1492.0,1455.0,1492.0,272400
2019-12-13,1383.8848876953125,1487.0,1507.0,1466.0,1475.0,277200
2019-12-16,1405.2901611328125,1510.0,1512.0,1476.0,1490.0,269200
2019-12-17,1421.111328125,1527.0,1535.0,1502.0,1521.0,156300
2019-12-18,1389.468994140625,1493.0,1527.0,1490.0,1520.0,156100
2019-12-19,1385.7464599609375,1489.0,1503.0,1484.0,1490.0,122100
2019-12-20,1382.0238037109375,1485.0,1504.0,1477.0,1498.0,197000
2019-12-23,1380.1624755859375,1483.0,1504.0,1479.0,1490.0,223400
2019-12-24,1369.9251708984375,1472.0,1484.0,1450.0,1476.0,246900
2019-12-25,1355.96533203125,1457.0,1489.0,1456.0,1461.0,242200
2019-12-26,1382.0238037109375,1485.0,1488.0,1455.0,1472.0,448000
2019-12-27,1444.437744140625,1539.0,1549.0,1472.0,1472.0,246700
2019-12-30,1421.912353515625,1515.0,1544.0,1491.0,1519.0,195500
2020-01-06,1374.9844970703125,1465.0,1495.0,1458.0,1483.0,200800
2020-01-07,1403.1412353515625,1495.0,1501.0,1459.0,1467.0,163600
2020-01-08,1370.2918701171875,1460.0,1479.0,1437.0,1479.0,226600
2020-01-09,1381.5545654296875,1472.0,1508.0,1467.0,1487.0,182000
2020-01-10,1402.20263671875,1494.0,1512.0,1472.0,1472.0,153200
2020-01-14,1393.7554931640625,1485.0,1515.0,1485.0,1496.0,157300
2020-01-15,1358.0904541015625,1447.0,1494.0,1445.0,1494.0,215200
2020-01-16,1273.62060546875,1357.0,1453.0,1348.0,1450.0,593000
2020-01-17,1278.313232421875,1362.0,1366.0,1314.0,1350.0,410200
2020-01-20,1310.2242431640625,1396.0,1427.0,1369.0,1369.0,300900
2020-01-21,1298.961669921875,1384.0,1406.0,1368.0,1392.0,124400
2020-01-22,1313.9783935546875,1400.0,1410.0,1359.0,1374.0,95400
2020-01-23,1300.8387451171875,1386.0,1399.0,1380.0,1386.0,103100
2020-01-24,1582.405517578125,1686.0,1686.0,1686.0,1686.0,174600
2020-01-27,1704.4176025390625,1816.0,1865.0,1720.0,1746.0,2620000
2020-01-28,1613.3779296875,1719.0,1782.0,1710.0,1777.0,790900
2020-01-29,1569.265625,1672.0,1765.0,1660.0,1759.0,793300
2020-01-30,1551.43310546875,1653.0,1726.0,1643.0,1696.0,537000
2020-01-31,1627.4560546875,1734.0,1756.0,1663.0,1663.0,501300
2020-02-03,1631.2103271484375,1738.0,1756.0,1671.0,1691.0,344600
2020-02-04,1659.3670654296875,1768.0,1774.0,1714.0,1722.0,229800
2020-02-05,1773.870849609375,1890.0,1914.0,1789.0,1795.0,681700
2020-02-06,1752.2840576171875,1867.0,1886.0,1842.0,1875.0,294900
2020-02-07,1732.574462890625,1846.0,1881.0,1825.0,1871.0,302700
2020-02-10,1749.468505859375,1864.0,1903.0,1821.0,1862.0,349000
2020-02-12,2000.0628662109373,2131.0,2185.0,2008.0,2024.0,1740500
2020-02-13,2088.287109375,2225.0,2243.0,2106.0,2115.0,975300
2020-02-14,2002.87841796875,2134.0,2209.0,2123.0,2201.0,495800
2020-02-17,1912.777099609375,2038.0,2088.0,1996.0,2084.0,638800
2020-02-18,1750.4068603515625,1865.0,1993.0,1840.0,1990.0,850600
2020-02-19,1803.9046630859373,1922.0,1977.0,1892.0,1905.0,431500
2020-02-20,1837.692626953125,1958.0,2005.0,1942.0,1945.0,270900
2020-02-21,1793.58056640625,1911.0,1960.0,1907.0,1945.0,195500
2020-02-25,1659.3670654296875,1768.0,1824.0,1745.0,1751.0,475100
2020-02-26,1688.46240234375,1799.0,1816.0,1729.0,1733.0,435700
2020-02-27,1527.96923828125,1628.0,1770.0,1607.0,1762.0,809800
2020-02-28,1405.9569091796875,1498.0,1596.0,1475.0,1573.0,944200
2020-03-02,1455.7003173828125,1551.0,1599.0,1486.0,1492.0,649400
2020-03-03,1461.3316650390625,1557.0,1650.0,1540.0,1650.0,581100
2020-03-04,1475.4100341796875,1572.0,1573.0,1511.0,1517.0,366700
2020-03-05,1461.3316650390625,1557.0,1600.0,1545.0,1573.0,244600
2020-03-06,1371.2303466796875,1461.0,1535.0,1453.0,1513.0,287000
2020-03-09,1183.5191650390625,1261.0,1370.0,1238.0,1362.0,663000
2020-03-10,1180.703369140625,1258.0,1260.0,1126.0,1201.0,733100
2020-03-11,1115.004638671875,1188.0,1304.0,1178.0,1260.0,414000
2020-03-12,1007.0706787109376,1073.0,1184.0,1064.0,1128.0,947300
2020-03-13,880.3655395507812,938.0,1000.0,890.0,953.0,921700
2020-03-16,840.9461669921875,896.0,982.0,891.0,930.0,645900
2020-03-17,827.8064575195312,882.0,920.0,816.0,826.0,728600
2020-03-18,783.6942749023438,835.0,900.0,830.0,879.0,687100
2020-03-19,642.9108276367188,685.0,834.0,685.0,827.0,1265100
2020-03-23,602.5529174804688,642.0,649.0,585.0,625.0,1995700
2020-03-24,647.6036376953125,690.0,715.0,657.0,662.0,1202000
2020-03-25,741.459228515625,790.0,790.0,750.0,770.0,578600
2020-03-26,660.743408203125,704.0,799.0,692.0,760.0,1197900
2020-03-27,627.8939819335938,669.0,740.0,650.0,731.0,1296900
2020-03-30,592.2288208007812,631.0,658.0,619.0,649.0,778200
2020-03-31,586.5975341796875,625.0,653.0,620.0,641.0,704700
2020-04-01,523.7142333984375,558.0,625.0,550.0,615.0,1427300
2020-04-02,497.4346618652344,530.0,565.0,512.0,552.0,991300
2020-04-03,452.3840026855469,482.0,526.0,478.0,522.0,1412500
2020-04-06,505.8816833496094,539.0,552.0,466.0,484.0,2023900
2020-04-07,559.3793334960938,596.0,619.0,568.0,580.0,2243700
2020-04-08,584.7203979492188,623.0,666.0,538.0,587.0,1786000
2020-04-09,631.648193359375,673.0,691.0,612.0,618.0,2301500
2020-04-10,594.1060180664062,633.0,670.0,621.0,667.0,1503600
2020-04-13,577.2119750976562,615.0,640.0,598.0,625.0,1126900
2020-04-14,630.7096557617188,672.0,674.0,609.0,615.0,1428300
2020-04-15,632.5867919921875,674.0,685.0,652.0,657.0,1187100
2020-04-16,598.7987060546875,638.0,662.0,628.0,655.0,1085700
2020-04-17,692.654296875,738.0,738.0,674.0,678.0,1942900
2020-04-20,785.5713500976562,837.0,867.0,707.0,752.0,5090200
2020-04-21,689.8386840820312,735.0,820.0,730.0,790.0,2720000
2020-04-22,619.4469604492188,660.0,689.0,631.0,671.0,2187700
2020-04-23,642.9108276367188,685.0,727.0,663.0,680.0,1332800
2020-04-24,599.7373046875,639.0,678.0,634.0,674.0,1333000
2020-04-27,626.0169067382812,667.0,677.0,631.0,639.0,1377200
2020-04-28,719.8724975585938,767.0,767.0,705.0,707.0,2229000
2020-04-30,686.0844116210938,731.0,830.0,726.0,805.0,1683800
2020-05-01,706.732666015625,753.0,786.0,705.0,746.0,1267300
2020-05-07,847.5160522460938,903.0,903.0,903.0,903.0,174600
2020-05-08,849.3931884765625,905.0,993.0,862.0,888.0,3336300
2020-05-11,990.1765747070312,1055.0,1055.0,920.0,920.0,2429400
2020-05-12,1061.5068359375,1131.0,1154.0,1034.0,1115.0,2420200
2020-05-13,1156.3009033203125,1232.0,1235.0,1069.0,1095.0,2555200
2020-05-14,1029.595947265625,1097.0,1427.0,1061.0,1286.0,4530100
2020-05-15,984.5452270507812,1049.0,1197.0,1001.0,1187.0,2001500
2020-05-18,1019.2719116210938,1086.0,1126.0,1055.0,1088.0,1442900
2020-05-19,1161.932373046875,1238.0,1277.0,1108.0,1155.0,3276700
2020-05-20,1256.7265625,1339.0,1354.0,1208.0,1268.0,3333100
2020-05-21,1216.3685302734375,1296.0,1437.0,1228.0,1360.0,3650200
2020-05-22,1185.396240234375,1263.0,1338.0,1242.0,1266.0,1482500
2020-05-25,1260.480712890625,1343.0,1377.0,1316.0,1350.0,1330700
2020-05-26,1247.3409423828125,1329.0,1390.0,1311.0,1382.0,854700
2020-05-27,1289.575927734375,1374.0,1378.0,1329.0,1338.0,810600
2020-05-28,1230.4468994140625,1311.0,1428.0,1290.0,1374.0,1290200
2020-05-29,1152.5467529296875,1228.0,1321.0,1228.0,1290.0,1052800
2020-06-01,1150.669677734375,1226.0,1289.0,1222.0,1269.0,686400
2020-06-02,1146.9154052734375,1222.0,1282.0,1204.0,1220.0,779700
2020-06-03,1113.1275634765625,1186.0,1257.0,1162.0,1252.0,808800
2020-06-04,1085.9093017578125,1157.0,1221.0,1118.0,1200.0,764000
2020-06-05,1146.9154052734375,1222.0,1236.0,1156.0,1165.0,949400
2020-06-08,1190.089111328125,1268.0,1287.0,1235.0,1268.0,607200
2020-06-09,1168.502197265625,1245.0,1280.0,1200.0,1280.0,595100
2020-06-10,1147.8538818359375,1223.0,1238.0,1201.0,1216.0,288000
2020-06-11,1080.278076171875,1151.0,1216.0,1150.0,1199.0,644100
2020-06-12,1029.595947265625,1097.0,1116.0,1006.0,1012.0,735000
2020-06-15,946.064453125,1008.0,1110.0,1008.0,1083.0,488600
2020-06-16,1028.6573486328125,1096.0,1126.0,1060.0,1068.0,871900
2020-06-17,989.238037109375,1054.0,1093.0,1045.0,1089.0,456900
2020-06-18,979.8525390625,1044.0,1062.0,1008.0,1062.0,425000
2020-06-19,999.5621948242188,1065.0,1078.0,1038.0,1045.0,447500
2020-06-22,992.0536499023438,1057.0,1086.0,1052.0,1067.0,303600
2020-06-23,1006.1319580078124,1072.0,1149.0,1061.0,1077.0,588200
2020-06-24,1020.2102661132812,1087.0,1113.0,1072.0,1080.0,287800
2020-06-25,981.7296142578124,1046.0,1074.0,1041.0,1053.0,416900
2020-06-26,984.5452270507812,1049.0,1067.0,1019.0,1057.0,419900
2020-06-29,920.6880493164062,966.0,1009.0,953.0,1002.0,600500
2020-06-30,973.108154296875,1021.0,1094.0,993.0,1042.0,882200
2020-07-01,975.9674682617188,1024.0,1053.0,1003.0,1032.0,419500
2020-07-02,915.922607421875,961.0,1021.0,957.0,1015.0,493100
2020-07-03,928.3128051757812,974.0,1000.0,959.0,976.0,349400
2020-07-06,958.811767578125,1006.0,1010.0,960.0,974.0,304700
2020-07-07,933.0782470703124,979.0,1022.0,965.0,1011.0,301700
2020-07-08,944.515380859375,991.0,1007.0,967.0,971.0,261600
2020-07-09,870.1741333007812,913.0,991.0,901.0,991.0,734700
2020-07-10,806.3168334960938,846.0,902.0,843.0,901.0,742300
2020-07-13,851.1122436523438,893.0,917.0,870.0,874.0,712200
2020-07-14,851.1122436523438,893.0,895.0,870.0,870.0,273900
2020-07-15,861.5962524414062,904.0,920.0,885.0,900.0,328600
2020-07-16,869.2210083007812,912.0,955.0,904.0,916.0,624800
2020-07-17,836.8158569335938,878.0,914.0,867.0,910.0,369000
2020-07-20,859.6900634765625,902.0,909.0,854.0,881.0,606100
2020-07-21,839.6751098632812,881.0,901.0,872.0,893.0,549500
2020-07-22,858.7369384765625,901.0,918.0,875.0,881.0,273400
2020-07-27,853.9714965820312,896.0,912.0,871.0,890.0,469500
2020-07-28,827.284912109375,868.0,902.0,865.0,891.0,230400
2020-07-29,784.395751953125,823.0,865.0,808.0,853.0,450700
2020-07-30,794.8796997070312,834.0,869.0,829.0,834.0,1182800
2020-07-31,753.896728515625,791.0,841.0,788.0,830.0,1233900
2020-08-03,896.8606567382812,941.0,941.0,896.0,911.0,529000
2020-08-04,955.9524536132812,1003.0,1058.0,956.0,956.0,3052200
2020-08-05,892.09521484375,936.0,988.0,927.0,985.0,1512300
2020-08-06,888.2828979492188,932.0,968.0,918.0,940.0,1247100
2020-08-07,894.0014038085938,938.0,955.0,911.0,920.0,599000
2020-08-11,940.7030639648438,987.0,992.0,940.0,953.0,493000
2020-08-12,951.18701171875,998.0,1023.0,975.0,1002.0,354600
2020-08-13,954.9993896484376,1002.0,1016.0,985.0,1010.0,604100
2020-08-14,989.3107299804688,1038.0,1039.0,986.0,997.0,921800
2020-08-17,952.14013671875,999.0,1052.0,994.0,1038.0,746600
2020-08-18,965.4833984375,1013.0,1015.0,972.0,996.0,854900
2020-08-19,970.2488403320312,1018.0,1035.0,995.0,1011.0,617100
2020-08-20,956.9055786132812,1004.0,1036.0,995.0,1018.0,724500
2020-08-21,1065.5582275390625,1118.0,1128.0,1009.0,1018.0,2887100
2020-08-24,952.14013671875,999.0,1108.0,999.0,1103.0,1702700
2020-08-25,974.061279296875,1022.0,1034.0,1008.0,1021.0,581400
2020-08-26,996.935546875,1046.0,1065.0,1017.0,1030.0,946100
2020-08-27,968.3426513671876,1016.0,1073.0,1010.0,1057.0,691300
2020-08-28,930.2189331054688,976.0,1034.0,965.0,1010.0,778900
2020-08-31,982.6390991210938,1031.0,1046.0,1007.0,1013.0,466300
2020-09-01,997.8885498046876,1047.0,1048.0,1015.0,1023.0,291600
2020-09-02,980.7329711914062,1029.0,1069.0,1020.0,1060.0,396900
2020-09-03,1003.6071166992188,1053.0,1077.0,1042.0,1053.0,531800
2020-09-04,1001.7009887695312,1051.0,1063.0,1015.0,1023.0,365800
2020-09-07,1043.6370849609375,1095.0,1121.0,1059.0,1065.0,547200
2020-09-08,1109.4005126953125,1164.0,1165.0,1110.0,1110.0,723900
2020-09-09,1101.77587890625,1156.0,1170.0,1113.0,1135.0,539800
2020-09-10,1125.6031494140625,1181.0,1206.0,1151.0,1170.0,763700
2020-09-11,1155.14892578125,1212.0,1212.0,1160.0,1204.0,577000
2020-09-14,1155.14892578125,1212.0,1258.0,1206.0,1248.0,919500
2020-09-15,1159.9144287109375,1217.0,1223.0,1167.0,1211.0,1034500
2020-09-16,1160.867431640625,1218.0,1228.0,1180.0,1222.0,677300
2020-09-17,1131.321533203125,1187.0,1229.0,1187.0,1218.0,352600
2020-09-18,1149.430419921875,1206.0,1210.0,1181.0,1190.0,358800
2020-09-23,1151.3365478515625,1208.0,1222.0,1171.0,1200.0,391700
2020-09-24,1138.946533203125,1195.0,1222.0,1174.0,1200.0,485400
2020-09-25,1129.4154052734375,1185.0,1215.0,1180.0,1197.0,289700
2020-09-28,1091.291748046875,1145.0,1200.0,1126.0,1192.0,476100
2020-09-29,1110.3536376953125,1165.0,1177.0,1128.0,1135.0,359900
2020-09-30,1172.3046875,1230.0,1240.0,1161.0,1173.0,837500
2020-10-02,1219.959228515625,1280.0,1356.0,1270.0,1331.0,1301500
2020-10-05,1300.0191650390625,1364.0,1373.0,1331.0,1337.0,908200
2020-10-06,1314.3155517578125,1379.0,1409.0,1348.0,1368.0,763300
2020-10-07,1335.2835693359375,1401.0,1401.0,1356.0,1388.0,433400
2020-10-08,1380.078857421875,1448.0,1512.0,1381.0,1405.0,1203800
2020-10-09,1346.7205810546875,1413.0,1469.0,1392.0,1433.0,841800
2020-10-12,1310.5030517578125,1375.0,1423.0,1365.0,1413.0,422700
2020-10-13,1256.1768798828125,1318.0,1385.0,1313.0,1385.0,602600
2020-10-14,1257.1298828125,1319.0,1331.0,1296.0,1319.0,429700
2020-10-15,1258.0830078125,1320.0,1352.0,1311.0,1326.0,365600
2020-10-16,1235.2088623046875,1296.0,1335.0,1276.0,1319.0,390900
2020-10-19,1280.0042724609375,1343.0,1351.0,1296.0,1301.0,349900
2020-10-20,1318.1279296875,1383.0,1402.0,1335.0,1345.0,431300
2020-10-21,1357.2047119140625,1424.0,1429.0,1389.0,1395.0,443800
2020-10-22,1280.0042724609375,1343.0,1445.0,1339.0,1430.0,664200
2020-10-23,1314.3155517578125,1379.0,1386.0,1311.0,1359.0,459800
2020-10-26,1252.364501953125,1314.0,1425.0,1313.0,1409.0,562300
2020-10-27,1286.67578125,1350.0,1350.0,1278.0,1289.0,316600
2020-10-28,1240.92724609375,1302.0,1365.0,1295.0,1336.0,342300
2020-10-29,1198.0380859375,1257.0,1296.0,1239.0,1272.0,576500
2020-10-30,1184.69482421875,1243.0,1295.0,1212.0,1287.0,570200
2020-11-02,1192.319580078125,1251.0,1393.0,1230.0,1306.0,957100
2020-11-04,1154.1959228515625,1211.0,1282.0,1194.0,1264.0,672000
2020-11-05,1227.583984375,1288.0,1295.0,1235.0,1241.0,708600
2020-11-06,1276.1917724609375,1339.0,1347.0,1285.0,1286.0,476700
2020-11-09,1327.6588134765625,1393.0,1410.0,1355.0,1365.0,561600
2020-11-10,1412.484130859375,1482.0,1567.0,1454.0,1489.0,1354400
2020-11-11,1499.2156982421875,1573.0,1581.0,1495.0,1499.0,793600
2020-11-12,1442.030029296875,1513.0,1587.0,1491.0,1543.0,519700
2020-11-13,1403.90625,1473.0,1513.0,1457.0,1499.0,372100
2020-11-16,1419.15576171875,1489.0,1533.0,1432.0,1513.0,402400
2020-11-17,1384.844482421875,1453.0,1519.0,1445.0,1519.0,342900
2020-11-18,1329.56494140625,1395.0,1458.0,1390.0,1436.0,413300
2020-11-19,1278.09814453125,1341.0,1395.0,1335.0,1385.0,438400
2020-11-20,1273.3326416015625,1336.0,1348.0,1297.0,1330.0,336400
2020-11-24,1361.01708984375,1428.0,1435.0,1375.0,1393.0,508400
2020-11-25,1367.688720703125,1435.0,1502.0,1435.0,1471.0,471700
2020-11-26,1338.1429443359375,1404.0,1430.0,1378.0,1412.0,318400
2020-11-27,1448.7015380859375,1520.0,1544.0,1390.0,1392.0,1596000
2020-11-30,1349.580078125,1416.0,1506.0,1416.0,1505.0,745600
2020-12-01,1415.34326171875,1485.0,1493.0,1425.0,1425.0,384000
2020-12-02,1450.6077880859375,1522.0,1525.0,1467.0,1471.0,420200
2020-12-03,1443.9361572265625,1515.0,1541.0,1497.0,1517.0,277700
2020-12-04,1429.6397705078125,1500.0,1515.0,1468.0,1515.0,207400
2020-12-07,1386.75048828125,1455.0,1506.0,1455.0,1506.0,268000
2020-12-08,1423.9212646484375,1494.0,1495.0,1425.0,1436.0,178100
2020-12-09,1431.5458984375,1502.0,1514.0,1487.0,1500.0,203600
2020-12-10,1398.187744140625,1467.0,1504.0,1464.0,1504.0,167700
2020-12-11,1412.484130859375,1482.0,1499.0,1450.0,1465.0,169900
2020-12-14,1433.4521484375,1504.0,1520.0,1490.0,1499.0,242100
2020-12-15,1394.3753662109375,1463.0,1494.0,1455.0,1489.0,240300
2020-12-16,1335.2835693359375,1401.0,1450.0,1370.0,1450.0,580300
2020-12-17,1280.0042724609375,1343.0,1398.0,1337.0,1390.0,439500
2020-12-18,1276.1917724609375,1339.0,1363.0,1326.0,1335.0,295900
2020-12-21,1253.3175048828125,1315.0,1363.0,1302.0,1355.0,270200
2020-12-22,1201.8505859375,1261.0,1320.0,1255.0,1320.0,397900
2020-12-23,1234.255615234375,1295.0,1297.0,1259.0,1286.0,267800
2020-12-24,1268.567138671875,1331.0,1341.0,1301.0,1301.0,300700
2020-12-25,1267.6138916015625,1330.0,1340.0,1300.0,1322.0,254100
2020-12-28,1219.959228515625,1280.0,1325.0,1270.0,1325.0,455200
2020-12-29,1274.0081787109375,1320.0,1329.0,1268.0,1271.0,301400
2020-12-30,1285.5899658203125,1332.0,1342.0,1307.0,1312.0,192600
2021-01-04,1252.774658203125,1298.0,1332.0,1277.0,1330.0,206400
2021-01-05,1250.8443603515625,1296.0,1306.0,1275.0,1281.0,115600
2021-01-06,1261.4610595703125,1307.0,1318.0,1292.0,1296.0,112100
2021-01-07,1256.63525390625,1302.0,1331.0,1302.0,1321.0,148500
2021-01-08,1236.366943359375,1281.0,1309.0,1278.0,1300.0,233200
2021-01-12,1216.0987548828125,1260.0,1286.0,1250.0,1280.0,231800
2021-01-13,1245.0533447265625,1290.0,1295.0,1259.0,1261.0,210400
2021-01-14,1217.0638427734375,1261.0,1280.0,1256.0,1275.0,205500
2021-01-15,1168.805908203125,1211.0,1270.0,1208.0,1270.0,371900
2021-01-18,1175.56201171875,1218.0,1224.0,1195.0,1211.0,206000
2021-01-19,1160.1195068359375,1202.0,1223.0,1196.0,1219.0,161100
2021-01-20,1128.2694091796875,1169.0,1205.0,1163.0,1200.0,311900
2021-01-21,1165.910400390625,1208.0,1228.0,1180.0,1181.0,251800
2021-01-22,1140.81640625,1182.0,1190.0,1174.0,1189.0,202200
2021-01-25,1140.81640625,1182.0,1189.0,1164.0,1171.0,145000
2021-01-26,1119.5828857421875,1160.0,1199.0,1157.0,1185.0,206700
2021-01-27,1103.1751708984375,1143.0,1171.0,1135.0,1159.0,323500
2021-01-28,1121.51318359375,1162.0,1162.0,1106.0,1116.0,304600
2021-01-29,1070.3599853515625,1109.0,1179.0,1109.0,1177.0,319900
2021-02-01,1103.1751708984375,1143.0,1151.0,1109.0,1115.0,184600
2021-02-02,1125.3739013671875,1166.0,1172.0,1131.0,1147.0,200000
2021-02-03,1172.66650390625,1215.0,1218.0,1170.0,1180.0,297000
2021-02-04,1191.0045166015625,1234.0,1262.0,1218.0,1231.0,422400
2021-02-05,1276.9036865234375,1323.0,1339.0,1240.0,1250.0,627700
2021-02-08,1248.9139404296875,1294.0,1325.0,1272.0,1320.0,330300
2021-02-09,1218.994140625,1263.0,1293.0,1242.0,1284.0,385500
2021-02-10,1198.725830078125,1242.0,1264.0,1240.0,1260.0,204500
2021-02-12,1205.48193359375,1249.0,1279.0,1212.0,1222.0,523200
2021-02-15,1218.994140625,1263.0,1316.0,1252.0,1269.0,362400
2021-02-16,1266.286865234375,1312.0,1339.0,1265.0,1265.0,397500
2021-02-17,1278.8338623046875,1325.0,1356.0,1292.0,1319.0,374900
2021-02-18,1246.9837646484375,1292.0,1366.0,1285.0,1344.0,344500
2021-02-19,1217.0638427734375,1261.0,1302.0,1244.0,1290.0,303400
2021-02-22,1267.251953125,1313.0,1338.0,1266.0,1280.0,284400
2021-02-24,1222.854736328125,1267.0,1302.0,1257.0,1297.0,420500
2021-02-25,1300.0672607421875,1347.0,1388.0,1295.0,1295.0,703800
2021-02-26,1299.1021728515625,1346.0,1394.0,1317.0,1317.0,517900
2021-03-01,1317.440185546875,1365.0,1388.0,1334.0,1371.0,247500
2021-03-02,1282.694580078125,1329.0,1390.0,1301.0,1388.0,351300
2021-03-03,1307.78857421875,1355.0,1385.0,1337.0,1339.0,238800
2021-03-04,1295.2415771484375,1342.0,1377.0,1337.0,1355.0,292500
2021-03-05,1297.171875,1344.0,1370.0,1320.0,1368.0,210800
2021-03-08,1289.45068359375,1336.0,1394.0,1320.0,1367.0,258000
2021-03-09,1284.6248779296875,1331.0,1360.0,1306.0,1360.0,243700
2021-03-10,1247.9488525390625,1293.0,1314.0,1279.0,1314.0,269800
2021-03-11,1280.7642822265625,1327.0,1334.0,1286.0,1290.0,162700
2021-03-12,1298.1370849609375,1345.0,1347.0,1303.0,1326.0,171200
2021-03-15,1366.663330078125,1416.0,1440.0,1348.0,1348.0,471000
2021-03-16,1401.408935546875,1452.0,1465.0,1380.0,1417.0,334000
2021-03-17,1385.001220703125,1435.0,1457.0,1420.0,1435.0,184400
2021-03-18,1441.945556640625,1494.0,1508.0,1452.0,1464.0,429900
2021-03-19,1481.5169677734375,1535.0,1535.0,1477.0,1491.0,320600
2021-03-22,1462.2138671875,1515.0,1540.0,1494.0,1535.0,245000
2021-03-23,1424.57275390625,1476.0,1528.0,1469.0,1515.0,254500
2021-03-24,1360.872314453125,1410.0,1458.0,1387.0,1446.0,298300
2021-03-25,1409.130126953125,1460.0,1467.0,1400.0,1401.0,199800
2021-03-26,1462.2138671875,1515.0,1522.0,1472.0,1490.0,211700
2021-03-29,1452.5621337890625,1505.0,1549.0,1493.0,1535.0,239500
2021-03-30,1512.402099609375,1567.0,1569.0,1500.0,1505.0,313700
2021-03-31,1619.5345458984375,1678.0,1712.0,1573.0,1582.0,731000
2021-04-01,1570.3115234375,1627.0,1662.0,1607.0,1662.0,429100
2021-04-02,1579.963134765625,1637.0,1654.0,1615.0,1627.0,227100
2021-04-05,1627.255859375,1686.0,1690.0,1638.0,1652.0,213600
2021-04-06,1486.3428955078125,1540.0,1654.0,1521.0,1646.0,630900
2021-04-07,1452.5621337890625,1505.0,1552.0,1490.0,1540.0,867700
2021-04-08,1440.98046875,1493.0,1516.0,1461.0,1507.0,565800
2021-04-09,1448.7015380859375,1501.0,1533.0,1491.0,1493.0,417700
2021-04-12,1471.865478515625,1525.0,1533.0,1486.0,1508.0,414300
2021-04-13,1520.123291015625,1575.0,1591.0,1503.0,1521.0,625300
2021-04-14,1506.611083984375,1561.0,1594.0,1550.0,1577.0,273500
2021-04-15,1529.77490234375,1585.0,1586.0,1552.0,1558.0,191100
2021-04-16,1532.67041015625,1588.0,1598.0,1565.0,1588.0,153500
2021-04-19,1508.54150390625,1563.0,1575.0,1545.0,1575.0,173200
2021-04-20,1472.83056640625,1526.0,1558.0,1523.0,1540.0,164800
2021-04-21,1403.3392333984375,1454.0,1511.0,1440.0,1486.0,323500
2021-04-22,1467.03955078125,1520.0,1520.0,1490.0,1500.0,211200
2021-04-23,1480.5518798828125,1534.0,1557.0,1505.0,1505.0,180000
2021-04-26,1551.0084228515625,1607.0,1609.0,1548.0,1550.0,404200
2021-04-27,1545.2174072265625,1601.0,1633.0,1596.0,1613.0,397300
2021-04-28,1515.297607421875,1570.0,1590.0,1543.0,1590.0,625100
2021-04-30,1547.1478271484375,1603.0,1631.0,1568.0,1570.0,543600
2021-05-06,1551.9735107421875,1608.0,1626.0,1532.0,1590.0,456800
2021-05-07,1665.862060546875,1726.0,1730.0,1602.0,1609.0,796600
2021-05-10,1626.2906494140625,1685.0,1720.0,1665.0,1720.0,306000
2021-05-11,1578.0328369140625,1635.0,1674.0,1628.0,1674.0,284800
2021-05-12,1551.0084228515625,1607.0,1667.0,1581.0,1649.0,217500
2021-05-13,1501.785400390625,1556.0,1617.0,1551.0,1607.0,226600
2021-05-14,1461.2486572265625,1514.0,1599.0,1513.0,1593.0,229600
2021-05-17,1437.1197509765625,1489.0,1532.0,1470.0,1523.0,217000
2021-05-18,1498.889892578125,1553.0,1559.0,1498.0,1512.0,172500
2021-05-19,1471.865478515625,1525.0,1552.0,1504.0,1529.0,281900
2021-05-20,1486.3428955078125,1540.0,1546.0,1518.0,1526.0,96900
2021-05-21,1445.80615234375,1498.0,1547.0,1495.0,1540.0,216900
2021-05-24,1412.9908447265625,1464.0,1497.0,1452.0,1496.0,202500
2021-05-25,1411.060546875,1462.0,1486.0,1457.0,1482.0,110200
2021-05-26,1419.7469482421875,1471.0,1490.0,1453.0,1460.0,136900
2021-05-27,1411.060546875,1462.0,1490.0,1450.0,1480.0,169900
2021-05-28,1362.802734375,1412.0,1478.0,1405.0,1469.0,454800
2021-05-31,1394.6527099609375,1445.0,1453.0,1423.0,1442.0,140300
2021-06-01,1397.5482177734375,1448.0,1455.0,1428.0,1449.0,119700
2021-06-02,1445.80615234375,1498.0,1518.0,1455.0,1456.0,235800
2021-06-03,1519.1580810546875,1574.0,1577.0,1517.0,1518.0,324400
2021-06-04,1474.760986328125,1528.0,1559.0,1515.0,1540.0,176600
2021-06-07,1474.760986328125,1528.0,1549.0,1513.0,1545.0,121300
2021-06-08,1485.377685546875,1539.0,1543.0,1523.0,1529.0,73100
2021-06-09,1515.297607421875,1570.0,1580.0,1531.0,1539.0,158000
2021-06-10,1570.3115234375,1627.0,1641.0,1561.0,1577.0,267500
2021-06-11,1533.635498046875,1589.0,1627.0,1588.0,1609.0,128000
2021-06-14,1539.4263916015625,1595.0,1615.0,1585.0,1607.0,106400
2021-06-15,1506.611083984375,1561.0,1609.0,1553.0,1600.0,134000
2021-06-16,1475.72607421875,1529.0,1540.0,1518.0,1539.0,133800
2021-06-17,1471.865478515625,1525.0,1543.0,1509.0,1526.0,117900
2021-06-18,1416.8515625,1468.0,1515.0,1468.0,1515.0,151200
2021-06-21,1396.5831298828125,1447.0,1448.0,1418.0,1421.0,208800
2021-06-22,1406.2347412109375,1457.0,1485.0,1452.0,1485.0,102600
2021-06-23,1400.4437255859375,1451.0,1474.0,1446.0,1457.0,110100
2021-06-24,1396.5831298828125,1447.0,1461.0,1434.0,1461.0,86600
2021-06-25,1399.4786376953125,1450.0,1466.0,1449.0,1462.0,105700
2021-06-28,1426.5030517578125,1478.0,1494.0,1465.0,1465.0,118300
2021-06-29,1437.2359619140625,1473.0,1477.0,1450.0,1468.0,87100
2021-06-30,1457.72607421875,1494.0,1514.0,1477.0,1480.0,136500
2021-07-01,1449.9202880859375,1486.0,1508.0,1482.0,1495.0,56300
2021-07-02,1466.507568359375,1503.0,1513.0,1491.0,1496.0,92700
2021-07-05,1450.8961181640625,1487.0,1510.0,1487.0,1508.0,74900
2021-07-06,1471.3861083984375,1508.0,1512.0,1480.0,1487.0,81300
2021-07-07,1448.944580078125,1485.0,1508.0,1480.0,1488.0,75400
2021-07-08,1415.7701416015625,1451.0,1491.0,1451.0,1470.0,122300
2021-07-09,1429.43017578125,1465.0,1467.0,1426.0,1440.0,167100
2021-07-12,1469.4346923828125,1506.0,1530.0,1489.0,1494.0,179200
2021-07-13,1488.9490966796875,1526.0,1543.0,1508.0,1514.0,123900
2021-07-14,1527.97802734375,1566.0,1574.0,1526.0,1536.0,142700
2021-07-15,1485.0462646484375,1522.0,1560.0,1519.0,1560.0,87600
2021-07-16,1526.0264892578125,1564.0,1565.0,1514.0,1516.0,120500
2021-07-19,1484.070556640625,1521.0,1543.0,1512.0,1540.0,126400
2021-07-20,1465.5318603515625,1502.0,1528.0,1497.0,1505.0,113900
2021-07-21,1490.900634765625,1528.0,1545.0,1519.0,1529.0,88200
2021-07-26,1496.7548828125,1534.0,1552.0,1528.0,1542.0,78100
2021-07-27,1519.196533203125,1557.0,1559.0,1534.0,1545.0,82700
2021-07-28,1475.2890625,1512.0,1551.0,1500.0,1545.0,101200
2021-07-29,1505.536376953125,1543.0,1545.0,1521.0,1532.0,256400
2021-07-30,1436.26025390625,1472.0,1530.0,1470.0,1525.0,165300
2021-08-02,1386.49853515625,1421.0,1461.0,1413.0,1452.0,287200
2021-08-03,1411.8673095703125,1447.0,1485.0,1430.0,1446.0,153200
2021-08-04,1407.96435546875,1443.0,1467.0,1437.0,1445.0,85400
2021-08-05,1402.110107421875,1437.0,1464.0,1431.0,1443.0,83300
2021-08-06,1392.352783203125,1427.0,1450.0,1420.0,1430.0,107800
2021-08-10,1441.138916015625,1477.0,1479.0,1428.0,1428.0,108600
2021-08-11,1416.745849609375,1452.0,1485.0,1450.0,1480.0,65000
2021-08-12,1399.182861328125,1434.0,1479.0,1433.0,1479.0,67100
2021-08-13,1408.9400634765625,1444.0,1454.0,1437.0,1439.0,44900
2021-08-16,1369.9112548828125,1404.0,1444.0,1385.0,1439.0,275000
2021-08-17,1339.6639404296875,1373.0,1404.0,1367.0,1394.0,134100
2021-08-18,1331.858154296875,1365.0,1377.0,1353.0,1364.0,108100
2021-08-19,1282.096435546875,1314.0,1354.0,1310.0,1353.0,173600
2021-08-20,1242.0919189453125,1273.0,1331.0,1268.0,1300.0,155200
2021-08-23,1303.562255859375,1336.0,1343.0,1301.0,1303.0,149100
2021-08-24,1347.4697265625,1381.0,1394.0,1345.0,1347.0,118900
2021-08-25,1358.20263671875,1392.0,1409.0,1378.0,1381.0,76100
2021-08-26,1369.9112548828125,1404.0,1419.0,1390.0,1392.0,104800
2021-08-27,1379.66845703125,1414.0,1414.0,1396.0,1404.0,51400
2021-08-30,1389.42578125,1424.0,1459.0,1414.0,1439.0,88900
2021-08-31,1377.717041015625,1412.0,1424.0,1402.0,1411.0,84900
2021-09-01,1398.2071533203125,1433.0,1443.0,1405.0,1415.0,92900
2021-09-02,1378.6927490234375,1413.0,1425.0,1404.0,1425.0,73700
2021-09-03,1367.9598388671875,1402.0,1423.0,1401.0,1423.0,95100
2021-09-06,1380.6441650390625,1415.0,1430.0,1403.0,1419.0,124300
2021-09-07,1355.275390625,1389.0,1430.0,1387.0,1429.0,251200
2021-09-08,1353.323974609375,1387.0,1405.0,1376.0,1403.0,155500
2021-09-09,1311.3681640625,1344.0,1375.0,1340.0,1373.0,233700
2021-09-10,1350.39697265625,1384.0,1385.0,1353.0,1353.0,175400
2021-09-13,1351.37255859375,1385.0,1385.0,1366.0,1380.0,119700
2021-09-14,1374.7899169921875,1409.0,1421.0,1395.0,1397.0,166600
2021-09-15,1355.275390625,1389.0,1398.0,1377.0,1386.0,103100
2021-09-16,1317.222412109375,1350.0,1395.0,1320.0,1395.0,225800
2021-09-17,1335.7611083984375,1369.0,1369.0,1340.0,1345.0,110600
2021-09-21,1293.8050537109375,1326.0,1336.0,1300.0,1330.0,162700
2021-09-22,1278.193603515625,1310.0,1327.0,1303.0,1323.0,134900
2021-09-24,1316.24658203125,1349.0,1350.0,1323.0,1339.0,119400
2021-09-27,1326.0037841796875,1359.0,1377.0,1353.0,1353.0,126500
2021-09-28,1313.3194580078125,1346.0,1370.0,1331.0,1370.0,140400
2021-09-29,1292.829345703125,1325.0,1334.0,1305.0,1310.0,288200
2021-09-30,1329.90673828125,1363.0,1367.0,1328.0,1330.0,170000
2021-10-01,1319.173828125,1352.0,1367.0,1324.0,1350.0,175500
2021-10-04,1302.5865478515625,1335.0,1374.0,1325.0,1373.0,143900
2021-10-05,1299.6593017578125,1332.0,1337.0,1284.0,1325.0,211000
2021-10-06,1263.5577392578125,1295.0,1352.0,1289.0,1341.0,183600
2021-10-07,1247.9461669921875,1279.0,1308.0,1279.0,1300.0,120300
2021-10-08,1264.533447265625,1296.0,1315.0,1296.0,1305.0,117300
2021-10-11,1291.8536376953125,1324.0,1328.0,1306.0,1316.0,78200
2021-10-12,1280.14501953125,1312.0,1330.0,1305.0,1326.0,74100
2021-10-13,1258.67919921875,1290.0,1313.0,1283.0,1310.0,107000
2021-10-14,1232.334716796875,1263.0,1295.0,1257.0,1290.0,151100
2021-10-15,1267.460693359375,1299.0,1299.0,1271.0,1278.0,138900
2021-10-18,1272.33935546875,1304.0,1319.0,1296.0,1305.0,84200
2021-10-19,1272.33935546875,1304.0,1309.0,1288.0,1304.0,52600
2021-10-20,1274.2906494140625,1306.0,1320.0,1305.0,1305.0,62400
2021-10-21,1250.8734130859375,1282.0,1311.0,1282.0,1306.0,64200
2021-10-22,1254.7762451171875,1286.0,1300.0,1271.0,1282.0,93000
2021-10-25,1233.310546875,1264.0,1287.0,1257.0,1280.0,92700
2021-10-26,1256.727783203125,1288.0,1290.0,1269.0,1274.0,49800
2021-10-27,1234.2861328125,1265.0,1279.0,1257.0,1279.0,84500
2021-10-28,1237.2132568359375,1268.0,1282.0,1239.0,1257.0,186900
2021-10-29,1210.868896484375,1241.0,1268.0,1241.0,1268.0,90400
2021-11-01,1218.6746826171875,1249.0,1287.0,1227.0,1255.0,235200
2021-11-02,1215.7474365234375,1246.0,1259.0,1242.0,1249.0,98700
2021-11-04,1240.1405029296875,1271.0,1290.0,1260.0,1269.0,146700
2021-11-05,1218.6746826171875,1249.0,1274.0,1244.0,1264.0,83800
2021-11-08,1279.1693115234375,1311.0,1320.0,1272.0,1273.0,210200
2021-11-09,1278.193603515625,1310.0,1348.0,1300.0,1328.0,183100
2021-11-10,1256.727783203125,1288.0,1313.0,1278.0,1305.0,128700
2021-11-11,1280.14501953125,1312.0,1325.0,1288.0,1289.0,120200
2021-11-12,1251.84912109375,1283.0,1327.0,1276.0,1318.0,202300
2021-11-15,1223.55322265625,1254.0,1291.0,1252.0,1288.0,156900
2021-11-16,1223.55322265625,1254.0,1276.0,1250.0,1267.0,125100
2021-11-17,1185.5001220703125,1215.0,1269.0,1215.0,1259.0,233600
2021-11-18,1211.8446044921875,1242.0,1249.0,1216.0,1218.0,135700
2021-11-19,1180.62158203125,1210.0,1239.0,1204.0,1230.0,197000
2021-11-22,1186.475830078125,1216.0,1221.0,1175.0,1202.0,279700
2021-11-24,1165.9857177734375,1195.0,1222.0,1195.0,1217.0,158900
2021-11-25,1156.228515625,1185.0,1199.0,1176.0,1196.0,215200
2021-11-26,1098.6610107421875,1126.0,1179.0,1125.0,1165.0,349000
2021-11-29,1080.122314453125,1107.0,1145.0,1084.0,1096.0,292500
2021-11-30,1115.248291015625,1143.0,1162.0,1127.0,1137.0,852400
2021-12-01,1132.811279296875,1161.0,1169.0,1115.0,1140.0,185800
2021-12-02,1115.248291015625,1143.0,1165.0,1134.0,1157.0,121500
2021-12-03,1148.4227294921875,1177.0,1181.0,1156.0,1168.0,100200
2021-12-06,1151.3499755859375,1180.0,1197.0,1170.0,1193.0,113100
2021-12-07,1196.2330322265625,1226.0,1226.0,1193.0,1193.0,151800
2021-12-08,1237.2132568359375,1268.0,1268.0,1238.0,1251.0,155100
2021-12-09,1248.921875,1280.0,1286.0,1262.0,1270.0,108000
2021-12-10,1221.6016845703125,1252.0,1283.0,1244.0,1277.0,129700
2021-12-13,1225.504638671875,1256.0,1292.0,1251.0,1280.0,92900
2021-12-14,1208.9173583984375,1239.0,1256.0,1230.0,1254.0,89100
2021-12-15,1219.650390625,1250.0,1253.0,1228.0,1228.0,61400
2021-12-16,1224.5289306640625,1255.0,1279.0,1255.0,1275.0,83700
2021-12-17,1247.9461669921875,1279.0,1279.0,1255.0,1269.0,78400
2021-12-20,1211.8446044921875,1242.0,1282.0,1239.0,1279.0,89800
2021-12-21,1209.89306640625,1240.0,1253.0,1233.0,1242.0,72600
2021-12-22,1277.2177734375,1309.0,1314.0,1252.0,1252.0,241300
2021-12-23,1257.7034912109375,1289.0,1306.0,1280.0,1306.0,124600
2021-12-24,1254.7762451171875,1286.0,1308.0,1279.0,1302.0,98100
2021-12-27,1249.897705078125,1281.0,1295.0,1280.0,1290.0,86000
2021-12-28,1268.4364013671875,1300.0,1304.0,1274.0,1304.0,199800
2021-12-29,1284.242431640625,1300.0,1308.0,1272.0,1281.0,97300
2021-12-30,1285.2303466796875,1301.0,1307.0,1283.0,1289.0,60800
2022-01-04,1295.109130859375,1311.0,1318.0,1294.0,1310.0,125200
2022-01-05,1263.4969482421875,1279.0,1323.0,1275.0,1319.0,106700
2022-01-06,1208.17578125,1223.0,1263.0,1222.0,1256.0,120600
2022-01-07,1175.5758056640625,1190.0,1235.0,1177.0,1224.0,184200
2022-01-11,1180.51513671875,1195.0,1201.0,1168.0,1182.0,79300
2022-01-12,1192.3697509765625,1207.0,1213.0,1188.0,1191.0,70900
2022-01-13,1122.2303466796875,1136.0,1190.0,1136.0,1190.0,152400
2022-01-14,1098.521240234375,1112.0,1130.0,1103.0,1130.0,112700
2022-01-17,1085.6788330078125,1099.0,1126.0,1093.0,1109.0,117700
2022-01-18,1087.654541015625,1101.0,1129.0,1092.0,1095.0,96400
2022-01-19,1034.30908203125,1047.0,1099.0,1042.0,1096.0,146800
2022-01-20,1048.139404296875,1061.0,1072.0,1040.0,1043.0,113700
2022-01-21,1075.800048828125,1089.0,1089.0,1040.0,1052.0,92500
2022-01-24,1071.8485107421875,1085.0,1085.0,1056.0,1073.0,64200
2022-01-25,1032.3333740234375,1045.0,1081.0,1040.0,1081.0,100400
2022-01-26,1034.30908203125,1047.0,1065.0,1045.0,1045.0,53100
2022-01-27,1001.7091064453124,1014.0,1056.0,1000.0,1047.0,142200
2022-01-28,1017.51513671875,1030.0,1037.0,1013.0,1021.0,60800
2022-01-31,1053.078857421875,1066.0,1072.0,1040.0,1042.0,63000
2022-02-01,1096.54541015625,1110.0,1136.0,1097.0,1104.0,162500
2022-02-02,1159.7696533203125,1174.0,1174.0,1117.0,1118.0,116300
2022-02-03,1135.07275390625,1149.0,1163.0,1137.0,1156.0,105800
2022-02-04,1170.6363525390625,1185.0,1191.0,1155.0,1168.0,94900
2022-02-07,1150.8787841796875,1165.0,1195.0,1162.0,1194.0,63800
2022-02-08,1143.963623046875,1158.0,1180.0,1150.0,1158.0,55600
2022-02-09,1171.624267578125,1186.0,1193.0,1167.0,1170.0,92800
2022-02-10,1205.212158203125,1220.0,1239.0,1196.0,1212.0,171800
2022-02-14,1107.412109375,1121.0,1137.0,1076.0,1112.0,206900
2022-02-15,1077.7757568359375,1091.0,1126.0,1090.0,1111.0,94300
2022-02-16,1135.07275390625,1149.0,1150.0,1113.0,1115.0,107200
2022-02-17,1159.7696533203125,1174.0,1185.0,1138.0,1149.0,98500
2022-02-18,1155.8182373046875,1170.0,1189.0,1145.0,1145.0,54100
2022-02-21,1133.096923828125,1147.0,1167.0,1139.0,1167.0,44500
2022-02-22,1123.2181396484375,1137.0,1150.0,1123.0,1150.0,38600
2022-02-24,1120.2545166015625,1134.0,1135.0,1109.0,1130.0,76200
2022-02-25,1140.0120849609375,1154.0,1157.0,1131.0,1134.0,55100
2022-02-28,1143.963623046875,1158.0,1175.0,1144.0,1150.0,53000
2022-03-01,1157.7939453125,1172.0,1185.0,1166.0,1185.0,46900
2022-03-02,1147.9151611328125,1162.0,1162.0,1138.0,1144.0,110200
2022-03-03,1133.096923828125,1147.0,1188.0,1136.0,1181.0,115000
2022-03-04,1119.2667236328125,1133.0,1140.0,1107.0,1140.0,76600
2022-03-07,1056.04248046875,1069.0,1128.0,1053.0,1121.0,124200
2022-03-08,1022.4545288085938,1035.0,1069.0,1026.0,1040.0,76100
2022-03-09,1016.5272827148438,1029.0,1053.0,1023.0,1026.0,68200
2022-03-10,1071.8485107421875,1085.0,1085.0,1064.0,1064.0,80700
2022-03-11,1044.1878662109375,1057.0,1080.0,1050.0,1060.0,70000
2022-03-14,1057.0302734375,1070.0,1081.0,1055.0,1055.0,44800
2022-03-15,1059.006103515625,1072.0,1109.0,1040.0,1060.0,314900
2022-03-16,1121.242431640625,1135.0,1135.0,1075.0,1095.0,129200
2022-03-17,1131.1212158203125,1145.0,1166.0,1123.0,1148.0,81100
2022-03-18,1153.8424072265625,1168.0,1173.0,1131.0,1138.0,106500
2022-03-22,1169.6484375,1184.0,1195.0,1165.0,1180.0,75000
2022-03-23,1186.4423828125,1201.0,1227.0,1194.0,1202.0,105400
2022-03-24,1220.0302734375,1235.0,1235.0,1180.0,1182.0,71000
2022-03-25,1212.1273193359375,1227.0,1244.0,1215.0,1238.0,49200
2022-03-28,1219.04248046875,1234.0,1250.0,1200.0,1227.0,60700
2022-03-29,1214.10302734375,1229.0,1231.0,1217.0,1230.0,42400
2022-03-30,1220.0302734375,1235.0,1235.0,1210.0,1216.0,53200
2022-03-31,1216.078857421875,1231.0,1237.0,1217.0,1223.0,38500
2022-04-01,1220.0302734375,1235.0,1237.0,1202.0,1215.0,42600
2022-04-04,1232.872802734375,1248.0,1256.0,1238.0,1240.0,71900
2022-04-05,1233.860595703125,1249.0,1270.0,1239.0,1247.0,92300
2022-04-06,1187.4302978515625,1202.0,1229.0,1196.0,1228.0,87300
2022-04-07,1169.6484375,1184.0,1186.0,1169.0,1182.0,61300
2022-04-08,1173.5999755859375,1188.0,1203.0,1171.0,1202.0,76500
2022-04-11,1182.490966796875,1197.0,1210.0,1191.0,1194.0,43500
2022-04-12,1160.757568359375,1175.0,1200.0,1175.0,1180.0,43400
2022-04-13,1166.684814453125,1181.0,1184.0,1165.0,1182.0,44100
2022-04-14,1173.5999755859375,1188.0,1190.0,1170.0,1177.0,27200
2022-04-15,1182.490966796875,1197.0,1197.0,1169.0,1178.0,27400
2022-04-18,1189.4061279296875,1204.0,1209.0,1182.0,1197.0,45600
2022-04-19,1195.3333740234375,1210.0,1210.0,1185.0,1191.0,30100
2022-04-20,1207.1878662109375,1222.0,1235.0,1212.0,1212.0,67600
2022-04-21,1205.212158203125,1220.0,1234.0,1214.0,1220.0,38600
2022-04-22,1173.5999755859375,1188.0,1220.0,1188.0,1220.0,32000
2022-04-25,1150.8787841796875,1165.0,1176.0,1161.0,1163.0,40000
2022-04-26,1146.92724609375,1161.0,1172.0,1156.0,1172.0,27500
2022-04-27,1165.697021484375,1180.0,1180.0,1142.0,1155.0,89700
2022-04-28,1172.6121826171875,1187.0,1190.0,1163.0,1168.0,44900
2022-05-02,1146.92724609375,1161.0,1192.0,1161.0,1187.0,71400
2022-05-06,1176.5635986328125,1191.0,1202.0,1143.0,1161.0,76200
2022-05-09,1154.830322265625,1169.0,1190.0,1163.0,1190.0,46300
2022-05-10,1123.2181396484375,1137.0,1152.0,1120.0,1150.0,57400
2022-05-11,1146.92724609375,1161.0,1172.0,1143.0,1143.0,38900
2022-05-12,1118.27880859375,1132.0,1151.0,1131.0,1150.0,38000
2022-05-13,1168.66064453125,1183.0,1183.0,1130.0,1130.0,49600
2022-05-16,1173.5999755859375,1188.0,1198.0,1174.0,1190.0,49800
2022-05-17,1200.272705078125,1215.0,1216.0,1180.0,1187.0,47700
2022-05-18,1183.478759765625,1198.0,1216.0,1191.0,1216.0,38200
2022-05-19,1153.8424072265625,1168.0,1185.0,1162.0,1185.0,44600
2022-05-20,1186.4423828125,1201.0,1202.0,1160.0,1160.0,43400
2022-05-23,1215.0909423828125,1230.0,1230.0,1206.0,1210.0,58300
2022-05-24,1182.490966796875,1197.0,1222.0,1196.0,1222.0,37400
2022-05-25,1180.51513671875,1195.0,1207.0,1182.0,1190.0,45400
2022-05-26,1303.0120849609375,1319.0,1328.0,1195.0,1195.0,344800
2022-05-27,1252.63037109375,1268.0,1320.0,1263.0,1305.0,227900
2022-05-30,1271.4000244140625,1287.0,1289.0,1235.0,1289.0,146100
2022-05-31,1242.7515869140625,1258.0,1278.0,1250.0,1266.0,63200
2022-06-01,1243.7393798828125,1259.0,1273.0,1250.0,1253.0,41200
2022-06-02,1244.727294921875,1260.0,1270.0,1236.0,1255.0,51300
2022-06-03,1229.9090576171875,1245.0,1258.0,1234.0,1255.0,65200
2022-06-06,1249.6666259765625,1265.0,1267.0,1228.0,1232.0,56800
2022-06-07,1243.7393798828125,1259.0,1272.0,1254.0,1255.0,33200
2022-06-08,1319.8060302734375,1336.0,1337.0,1250.0,1259.0,133900
2022-06-09,1384.0181884765625,1401.0,1430.0,1335.0,1337.0,309700
2022-06-10,1373.1514892578125,1390.0,1408.0,1372.0,1408.0,142500
2022-06-13,1339.5635986328125,1356.0,1395.0,1352.0,1372.0,140700
2022-06-14,1368.212158203125,1385.0,1388.0,1330.0,1352.0,117800
2022-06-15,1378.0909423828125,1395.0,1418.0,1387.0,1388.0,83000
2022-06-16,1345.490966796875,1362.0,1398.0,1358.0,1395.0,77700
2022-06-17,1288.1939697265625,1304.0,1320.0,1286.0,1320.0,106100
2022-06-20,1276.33935546875,1292.0,1328.0,1280.0,1315.0,55400
2022-06-21,1294.1212158203125,1310.0,1320.0,1285.0,1294.0,47300
2022-06-22,1289.181884765625,1305.0,1311.0,1289.0,1300.0,45500
2022-06-23,1280.2908935546875,1296.0,1319.0,1296.0,1296.0,42400
2022-06-24,1287.2060546875,1303.0,1305.0,1274.0,1305.0,53000
2022-06-27,1291.1575927734375,1307.0,1317.0,1287.0,1303.0,53900
2022-06-28,1304.0,1320.0,1325.0,1297.0,1308.0,77000
2022-06-29,1307.0,1307.0,1307.0,1281.0,1293.0,85100
2022-06-30,1286.0,1286.0,1317.0,1283.0,1295.0,55600
2022-07-01,1273.0,1273.0,1293.0,1271.0,1286.0,62600
2022-07-04,1253.0,1253.0,1289.0,1245.0,1273.0,35200
2022-07-05,1270.0,1270.0,1288.0,1253.0,1253.0,38600
2022-07-06,1251.0,1251.0,1271.0,1247.0,1264.0,31400
2022-07-07,1251.0,1251.0,1264.0,1228.0,1260.0,54700
2022-07-08,1235.0,1235.0,1262.0,1230.0,1243.0,63900
2022-07-11,1276.0,1276.0,1284.0,1236.0,1236.0,54600
2022-07-12,1249.0,1249.0,1262.0,1234.0,1262.0,61200
2022-07-13,1264.0,1264.0,1264.0,1240.0,1245.0,30700
2022-07-14,1252.0,1252.0,1260.0,1245.0,1256.0,36200
2022-07-15,1249.0,1249.0,1255.0,1236.0,1255.0,26000
2022-07-19,1255.0,1255.0,1257.0,1242.0,1256.0,25300
2022-07-20,1292.0,1292.0,1295.0,1264.0,1275.0,47500
2022-07-21,1304.0,1304.0,1307.0,1280.0,1294.0,34500
2022-07-22,1452.0,1452.0,1486.0,1353.0,1405.0,1303400
2022-07-25,1442.0,1442.0,1472.0,1421.0,1424.0,386100
2022-07-26,1430.0,1430.0,1454.0,1423.0,1445.0,182300
2022-07-27,1430.0,1430.0,1439.0,1416.0,1424.0,119800
2022-07-28,1430.0,1430.0,1431.0,1395.0,1430.0,365300
2022-07-29,1404.0,1404.0,1447.0,1400.0,1430.0,141800
2022-08-01,1451.0,1451.0,1499.0,1393.0,1419.0,359600
2022-08-02,1406.0,1406.0,1453.0,1398.0,1453.0,144800
2022-08-03,1406.0,1406.0,1417.0,1394.0,1417.0,44300
2022-08-04,1380.0,1380.0,1405.0,1368.0,1405.0,69000
2022-08-05,1384.0,1384.0,1397.0,1370.0,1371.0,44700
2022-08-08,1384.0,1384.0,1384.0,1365.0,1384.0,49900
2022-08-09,1373.0,1373.0,1395.0,1370.0,1390.0,29800
2022-08-10,1342.0,1342.0,1367.0,1341.0,1367.0,60700
2022-08-12,1384.0,1384.0,1403.0,1356.0,1368.0,93700
2022-08-15,1389.0,1389.0,1396.0,1378.0,1385.0,38800
2022-08-16,1419.0,1419.0,1422.0,1379.0,1389.0,64400
2022-08-17,1400.0,1400.0,1430.0,1399.0,1430.0,62200
2022-08-18,1410.0,1410.0,1424.0,1391.0,1395.0,53600
2022-08-19,1411.0,1411.0,1423.0,1401.0,1423.0,29400
2022-08-22,1381.0,1381.0,1410.0,1381.0,1405.0,41400
2022-08-23,1370.0,1370.0,1377.0,1353.0,1363.0,42100
2022-08-24,1357.0,1357.0,1370.0,1347.0,1365.0,63600
2022-08-25,1357.0,1357.0,1367.0,1353.0,1357.0,30400
2022-08-26,1352.0,1352.0,1367.0,1350.0,1367.0,39500
2022-08-29,1336.0,1336.0,1343.0,1315.0,1315.0,51500
2022-08-30,1341.0,1341.0,1358.0,1333.0,1341.0,86500
2022-08-31,1354.0,1354.0,1364.0,1341.0,1341.0,46000
2022-09-01,1331.0,1331.0,1351.0,1331.0,1349.0,52700
2022-09-02,1348.0,1348.0,1368.0,1342.0,1350.0,92000
2022-09-05,1337.0,1337.0,1340.0,1313.0,1340.0,72500
2022-09-06,1336.0,1336.0,1346.0,1326.0,1337.0,59300
2022-09-07,1331.0,1331.0,1336.0,1306.0,1336.0,74300
2022-09-08,1357.0,1357.0,1361.0,1330.0,1343.0,61700
2022-09-09,1368.0,1368.0,1378.0,1352.0,1352.0,55300
2022-09-12,1389.0,1389.0,1401.0,1381.0,1391.0,43500
2022-09-13,1372.0,1372.0,1398.0,1372.0,1398.0,35600
2022-09-14,1391.0,1391.0,1397.0,1342.0,1344.0,79000
2022-09-15,1381.0,1381.0,1396.0,1377.0,1395.0,35400
2022-09-16,1368.0,1368.0,1388.0,1360.0,1366.0,31600
2022-09-20,1383.0,1383.0,1387.0,1367.0,1373.0,45500
2022-09-21,1349.0,1349.0,1365.0,1345.0,1365.0,44500
2022-09-22,1356.0,1356.0,1356.0,1321.0,1332.0,43400
2022-09-26,1338.0,1338.0,1357.0,1320.0,1345.0,66900
2022-09-27,1347.0,1347.0,1353.0,1331.0,1338.0,39900
2022-09-28,1328.0,1328.0,1347.0,1304.0,1347.0,66300
2022-09-29,1350.0,1350.0,1367.0,1335.0,1351.0,35000
2022-09-30,1322.0,1322.0,1345.0,1311.0,1345.0,43400
2022-10-03,1330.0,1330.0,1330.0,1295.0,1311.0,42600
2022-10-04,1349.0,1349.0,1352.0,1336.0,1343.0,38000
2022-10-05,1337.0,1337.0,1368.0,1337.0,1367.0,36400
2022-10-06,1341.0,1341.0,1355.0,1337.0,1337.0,27800
2022-10-07,1356.0,1356.0,1363.0,1326.0,1326.0,39000
2022-10-11,1322.0,1322.0,1346.0,1322.0,1342.0,46100
2022-10-12,1313.0,1313.0,1324.0,1305.0,1318.0,42500
2022-10-13,1286.0,1286.0,1319.0,1286.0,1319.0,37100
2022-10-14,1317.0,1317.0,1327.0,1299.0,1321.0,63400
2022-10-17,1309.0,1309.0,1333.0,1305.0,1321.0,44500
2022-10-18,1311.0,1311.0,1327.0,1308.0,1327.0,50700
2022-10-19,1328.0,1328.0,1331.0,1313.0,1315.0,33200
2022-10-20,1319.0,1319.0,1319.0,1306.0,1312.0,41500
2022-10-21,1323.0,1323.0,1331.0,1315.0,1315.0,25000
2022-10-24,1325.0,1325.0,1355.0,1316.0,1352.0,54800
2022-10-25,1322.0,1322.0,1337.0,1318.0,1331.0,36100
2022-10-26,1351.0,1351.0,1360.0,1325.0,1325.0,74000
2022-10-27,1346.0,1346.0,1356.0,1341.0,1351.0,27100
2022-10-28,1360.0,1360.0,1375.0,1343.0,1343.0,134200
2022-10-31,1395.0,1395.0,1399.0,1375.0,1389.0,121200
2022-11-01,1286.0,1286.0,1338.0,1282.0,1325.0,359300
2022-11-02,1255.0,1255.0,1292.0,1255.0,1286.0,164700
2022-11-04,1217.0,1217.0,1245.0,1214.0,1245.0,167400
2022-11-07,1244.0,1244.0,1252.0,1228.0,1231.0,72000
2022-11-08,1253.0,1253.0,1263.0,1244.0,1245.0,55100
2022-11-09,1262.0,1262.0,1263.0,1252.0,1253.0,48900
2022-11-10,1263.0,1263.0,1272.0,1255.0,1258.0,33300
2022-11-11,1270.0,1270.0,1287.0,1261.0,1287.0,43400
2022-11-14,1262.0,1262.0,1286.0,1262.0,1286.0,33700
2022-11-15,1265.0,1265.0,1275.0,1264.0,1266.0,25500
2022-11-16,1253.0,1253.0,1275.0,1248.0,1270.0,39200
2022-11-17,1254.0,1254.0,1266.0,1245.0,1245.0,55500
2022-11-18,1263.0,1263.0,1275.0,1260.0,1265.0,28700
2022-11-21,1250.7188720703125,1268.0,1284.0,1263.0,1270.0,38200
2022-11-22,1254.6644287109375,1272.0,1279.0,1269.0,1274.0,46700
2022-11-24,1268.4736328125,1286.0,1286.0,1275.0,1276.0,49600
2022-11-25,1250.7188720703125,1268.0,1279.0,1267.0,1272.0,70700
2022-11-28,1247.759765625,1265.0,1273.0,1264.0,1268.0,61700
2022-11-29,1218.168701171875,1235.0,1259.0,1233.0,1259.0,146600
2022-11-30,1210.2777099609375,1227.0,1236.0,1224.0,1234.0,80300
2022-12-01,1197.454833984375,1214.0,1238.0,1211.0,1238.0,108500
2022-12-02,1190.55029296875,1207.0,1217.0,1196.0,1212.0,96800
2022-12-05,1181.6729736328125,1198.0,1215.0,1197.0,1211.0,75000
2022-12-06,1173.781982421875,1190.0,1202.0,1190.0,1198.0,67700
2022-12-07,1185.618408203125,1202.0,1204.0,1185.0,1186.0,74400
2022-12-08,1170.8228759765625,1187.0,1205.0,1171.0,1201.0,110900
2022-12-09,1186.604736328125,1203.0,1203.0,1191.0,1191.0,64600
2022-12-12,1199.4276123046875,1216.0,1218.0,1200.0,1205.0,74400
2022-12-13,1207.318603515625,1224.0,1230.0,1220.0,1226.0,41300
2022-12-14,1220.1414794921875,1237.0,1238.0,1224.0,1231.0,69700
2022-12-15,1226.0596923828125,1243.0,1246.0,1227.0,1230.0,46600
2022-12-16,1209.2913818359375,1226.0,1246.0,1223.0,1237.0,74400
2022-12-19,1194.4957275390625,1211.0,1219.0,1200.0,1213.0,62400
2022-12-20,1172.7955322265625,1189.0,1220.0,1182.0,1211.0,84500
2022-12-21,1150.1090087890625,1166.0,1189.0,1165.0,1183.0,81800
2022-12-22,1159.9727783203125,1176.0,1179.0,1163.0,1169.0,52000
2022-12-23,1145.17724609375,1161.0,1167.0,1158.0,1165.0,68900
2022-12-26,1152.081787109375,1168.0,1170.0,1161.0,1165.0,56300
2022-12-27,1165.8909912109375,1182.0,1192.0,1178.0,1181.0,120700
2022-12-28,1158.0,1174.0,1187.0,1172.0,1186.0,220300
2022-12-29,1150.0,1150.0,1155.0,1135.0,1151.0,99800
2022-12-30,1166.0,1166.0,1178.0,1153.0,1153.0,69600
2023-01-04,1140.0,1140.0,1160.0,1140.0,1155.0,78200
2023-01-05,1138.0,1138.0,1143.0,1131.0,1139.0,54800
2023-01-06,1137.0,1137.0,1153.0,1135.0,1138.0,63600
2023-01-10,1168.0,1168.0,1168.0,1140.0,1140.0,60500
2023-01-11,1177.0,1177.0,1181.0,1168.0,1169.0,40000
2023-01-12,1183.0,1183.0,1186.0,1176.0,1180.0,34200
2023-01-13,1176.0,1176.0,1185.0,1176.0,1179.0,22700
2023-01-16,1166.0,1166.0,1174.0,1162.0,1168.0,21500
2023-01-17,1156.0,1156.0,1171.0,1156.0,1165.0,29000
2023-01-18,1160.0,1160.0,1168.0,1150.0,1155.0,46600
2023-01-19,1160.0,1160.0,1167.0,1156.0,1166.0,17800
2023-01-20,1160.0,1160.0,1161.0,1153.0,1153.0,24500
2023-01-23,1188.0,1188.0,1190.0,1165.0,1167.0,55200
2023-01-24,1186.0,1186.0,1197.0,1185.0,1195.0,51700
2023-01-25,1191.0,1191.0,1195.0,1182.0,1186.0,29100
2023-01-26,1201.0,1201.0,1202.0,1191.0,1197.0,35900
2023-01-27,1120.0,1120.0,1137.0,1056.0,1111.0,289900
2023-01-30,1063.0,1063.0,1120.0,1061.0,1120.0,233400
2023-01-31,1095.0,1095.0,1111.0,1066.0,1070.0,142300
2023-02-01,1080.0,1080.0,1111.0,1080.0,1105.0,83100
2023-02-02,1083.0,1083.0,1090.0,1075.0,1080.0,67000
2023-02-03,1096.0,1096.0,1098.0,1081.0,1082.0,45600
2023-02-06,1088.0,1088.0,1101.0,1083.0,1098.0,41300
2023-02-07,1081.0,1081.0,1096.0,1081.0,1088.0,41500
2023-02-08,1086.0,1086.0,1089.0,1076.0,1089.0,29000
2023-02-09,1083.0,1083.0,1089.0,1082.0,1087.0,29500
2023-02-10,1081.0,1081.0,1084.0,1069.0,1079.0,63200
2023-02-13,1067.0,1067.0,1087.0,1067.0,1078.0,68600
2023-02-14,1064.0,1064.0,1073.0,1051.0,1071.0,65600
2023-02-15,1058.0,1058.0,1070.0,1054.0,1070.0,31100
2023-02-16,1064.0,1064.0,1065.0,1056.0,1065.0,33500
2023-02-17,1050.0,1050.0,1059.0,1047.0,1055.0,58500
2023-02-20,1055.0,1055.0,1056.0,1045.0,1048.0,60100
2023-02-21,1047.0,1047.0,1058.0,1047.0,1055.0,36800
2023-02-22,1035.0,1035.0,1043.0,1033.0,1043.0,60600
2023-02-24,1036.0,1036.0,1039.0,1032.0,1035.0,45600
2023-02-27,1045.0,1045.0,1045.0,1033.0,1034.0,38600
2023-02-28,1040.0,1040.0,1054.0,1040.0,1045.0,38700
2023-03-01,1035.0,1035.0,1044.0,1033.0,1044.0,51600
2023-03-02,1031.0,1031.0,1043.0,1025.0,1037.0,57700
2023-03-03,1039.0,1039.0,1041.0,1033.0,1035.0,49600
2023-03-06,1044.0,1044.0,1044.0,1037.0,1040.0,41800
2023-03-07,1045.0,1045.0,1054.0,1041.0,1042.0,50200
2023-03-08,1058.0,1058.0,1059.0,1039.0,1042.0,36700
2023-03-09,1073.0,1073.0,1073.0,1060.0,1064.0,48000
2023-03-10,1057.0,1057.0,1066.0,1056.0,1063.0,59900
2023-03-16,1021.0,1021.0,1026.0,1009.0,1020.0,52100
2023-03-13,1041.0,1041.0,1050.0,1033.0,1050.0,63200
2023-03-14,1027.0,1027.0,1034.0,1012.0,1031.0,102900
2023-03-15,1040.0,1040.0,1045.0,1035.0,1045.0,42300
2023-03-16,1021.0,1021.0,1027.0,1009.0,1020.0,52100
2023-03-17,1028.0,1028.0,1033.0,1025.0,1033.0,30100
2023-03-20,1007.0,1007.0,1028.0,1007.0,1028.0,52900
2023-03-22,1027.0,1027.0,1032.0,1019.0,1026.0,53300
2023-03-23,1030.0,1030.0,1030.0,1012.0,1017.0,24000
2023-03-24,1030.0,1030.0,1032.0,1023.0,1031.0,27600
2023-03-27,1037.0,1037.0,1043.0,1033.0,1035.0,23400
2023-03-28,1048.0,1048.0,1048.0,1039.0,1040.0,17800
2023-03-29,1062.0,1062.0,1065.0,1046.0,1046.0,59200
2023-03-30,1059.0,1059.0,1065.0,1053.0,1065.0,30100
2023-03-31,1059.0,1059.0,1063.0,1052.0,1060.0,34700
2023-04-03,1066.0,1066.0,1068.0,1060.0,1065.0,51100
2023-04-04,1075.0,1075.0,1078.0,1063.0,1069.0,55400
2023-04-05,1058.0,1058.0,1072.0,1057.0,1072.0,43600
2023-04-06,1057.0,1057.0,1061.0,1052.0,1053.0,36600
2023-04-07,1068.0,1068.0,1071.0,1053.0,1053.0,24800
2023-04-10,1081.0,1081.0,1081.0,1068.0,1068.0,38900
2023-04-11,1090.0,1090.0,1090.0,1079.0,1084.0,38900
2023-04-12,1090.0,1090.0,1097.0,1086.0,1090.0,50200
2023-04-13,1097.0,1097.0,1097.0,1087.0,1091.0,37300
2023-04-14,1099.0,1099.0,1108.0,1093.0,1099.0,54600
2023-04-17,1097.0,1097.0,1117.0,1097.0,1110.0,52200
2023-04-21,1119.0,1119.0,1126.0,1110.0,1112.0,76300
2023-04-18,1119.0,1119.0,1119.0,1102.0,1107.0,91200
2023-04-24,1111.0,1111.0,1120.0,1111.0,1114.0,55200
2023-04-19,1117.0,1117.0,1134.0,1113.0,1125.0,60700
2023-04-20,1112.0,1112.0,1123.0,1110.0,1113.0,39900
2023-04-21,1119.0,1119.0,1127.0,1110.0,1112.0,76300
2023-04-24,1111.0,1111.0,1120.0,1108.0,1114.0,55200
2023-04-25,1125.0,1125.0,1128.0,1118.0,1118.0,48700
2023-04-26,1116.0,1116.0,1122.0,1110.0,1122.0,39600
2023-04-27,1107.0,1107.0,1110.0,1102.0,1108.0,59700
2023-04-28,1111.0,1111.0,1121.0,1101.0,1116.0,55700
2023-05-01,1138.0,1138.0,1138.0,1118.0,1120.0,91500
2023-05-02,1125.0,1125.0,1153.0,1121.0,1144.0,75800
2023-05-08,1116.0,1116.0,1132.0,1111.0,1125.0,38900
2023-05-09,1134.0,1134.0,1139.0,1126.0,1127.0,49900
2023-05-10,1140.0,1140.0,1140.0,1132.0,1134.0,29100
2023-05-11,1148.0,1148.0,1149.0,1133.0,1135.0,43200
2023-05-12,1119.0,1119.0,1148.0,1118.0,1148.0,66600
2023-05-15,1119.0,1119.0,1128.0,1116.0,1122.0,45500
2023-05-16,1111.0,1111.0,1117.0,1103.0,1117.0,44600
2023-05-17,1112.0,1112.0,1115.0,1103.0,1109.0,44100
2023-05-18,1096.0,1096.0,1108.0,1085.0,1107.0,83400
2023-05-19,1084.0,1084.0,1096.0,1082.0,1096.0,56400
2023-05-22,1091.0,1091.0,1092.0,1081.0,1084.0,24200
2023-05-23,1079.0,1079.0,1094.0,1076.0,1090.0,53700
2023-05-24,1070.0,1070.0,1078.0,1063.0,1075.0,29900
2023-05-25,1068.0,1068.0,1071.0,1059.0,1065.0,32800
2023-05-26,1065.0,1065.0,1080.0,1065.0,1068.0,29400
2023-05-29,1071.0,1071.0,1077.0,1065.0,1077.0,31500
2023-05-30,1075.0,1075.0,1079.0,1058.0,1070.0,42000
2023-05-31,1062.0,1062.0,1068.0,1054.0,1067.0,50300
2023-06-01,1052.0,1052.0,1065.0,1052.0,1065.0,36300
2023-06-02,1071.0,1071.0,1075.0,1054.0,1056.0,26400
2023-06-05,1085.0,1085.0,1090.0,1078.0,1083.0,32200
2023-06-06,1102.0,1102.0,1105.0,1081.0,1085.0,46800
2023-06-07,1096.0,1096.0,1108.0,1092.0,1106.0,39900
2023-06-08,1091.0,1091.0,1105.0,1088.0,1102.0,30100
2023-06-09,1106.0,1106.0,1110.0,1094.0,1096.0,45600
2023-06-12,1111.0,1111.0,1117.0,1105.0,1115.0,19900
2023-06-13,1109.0,1109.0,1114.0,1107.0,1112.0,30300
2023-06-14,1107.0,1107.0,1114.0,1107.0,1114.0,27200
2023-06-15,1116.0,1116.0,1122.0,1106.0,1110.0,32300
2023-06-16,1123.0,1123.0,1123.0,1111.0,1115.0,27600
2023-06-19,1129.0,1129.0,1134.0,1121.0,1127.0,47400
2023-06-20,1141.0,1141.0,1141.0,1124.0,1129.0,35100
2023-06-21,1140.0,1140.0,1146.0,1132.0,1132.0,39100
2023-06-22,1139.0,1139.0,1146.0,1137.0,1141.0,31200
2023-06-23,1121.0,1121.0,1142.0,1115.0,1139.0,42600
2023-06-26,1122.0,1122.0,1127.0,1112.0,1118.0,22700
2023-06-27,1115.0,1115.0,1119.0,1108.0,1115.0,37400
2023-06-28,1131.0,1131.0,1131.0,1117.0,1124.0,71300
2023-06-26,1106.1273193359375,1122.0,1127.0,1112.0,1118.0,22700
2023-06-27,1099.226318359375,1115.0,1119.0,1108.0,1115.0,37400
2023-06-28,1115.0,1131.0,1131.0,1117.0,1124.0,71300
2023-06-29,1112.0,1112.0,1125.0,1108.0,1124.0,48500
2023-06-30,1109.0,1109.0,1112.0,1099.0,1112.0,42800
2023-07-03,1121.0,1121.0,1130.0,1118.0,1118.0,49900
2023-07-04,1129.0,1129.0,1133.0,1121.0,1123.0,32600
2023-07-05,1170.0,1170.0,1170.0,1124.0,1129.0,86900
2023-07-06,1173.0,1173.0,1180.0,1165.0,1170.0,64800
2023-07-07,1176.0,1176.0,1184.0,1157.0,1170.0,65900
2023-07-10,1170.0,1170.0,1189.0,1170.0,1184.0,45300
2023-07-11,1175.0,1175.0,1184.0,1165.0,1171.0,62400
2023-07-12,1140.0,1140.0,1174.0,1140.0,1173.0,59200
2023-07-13,1158.0,1158.0,1159.0,1140.0,1140.0,29800
2023-07-14,1163.0,1163.0,1176.0,1152.0,1170.0,37000
2023-07-18,1170.0,1170.0,1173.0,1162.0,1163.0,16400
2023-07-19,1172.0,1172.0,1179.0,1164.0,1175.0,27000
2023-07-20,1181.0,1181.0,1186.0,1162.0,1172.0,50300
2023-07-21,1285.0,1285.0,1290.0,1235.0,1264.0,715800
2023-07-24,1271.0,1271.0,1284.0,1254.0,1280.0,179600
2023-07-25,1282.0,1282.0,1283.0,1256.0,1270.0,135400
2023-07-26,1284.0,1284.0,1285.0,1268.0,1271.0,53500
2023-08-01,1424.0,1424.0,1454.0,1351.0,1375.0,418600
2023-07-27,1300.0,1300.0,1300.0,1266.0,1278.0,94100
2023-07-28,1306.0,1306.0,1306.0,1278.0,1279.0,83100
2023-07-31,1305.0,1305.0,1307.0,1283.0,1306.0,84100
2023-08-01,1424.0,1424.0,1454.0,1351.0,1375.0,469800
2023-08-02,1400.0,1400.0,1439.0,1388.0,1424.0,163600
