Date,Adj Close,Close,High,Low,Open,Volume
2001-01-03,305.93389892578125,508.0,508.0,508.0,508.0,0
2001-01-04,292.0823974609375,485.0,508.0,485.0,508.0,6000
2001-01-05,292.0823974609375,485.0,490.0,485.0,486.0,10000
2001-01-09,294.49139404296875,489.0,489.0,484.0,484.0,7000
2001-01-10,293.2869873046875,487.0,487.0,480.0,480.0,9000
2001-01-11,290.8780822753906,483.0,485.0,480.0,480.0,10000
2001-01-12,289.67364501953125,481.0,483.0,480.0,483.0,10000
2001-01-15,293.88916015625,488.0,488.0,480.0,480.0,2000
2001-01-16,294.49139404296875,489.0,489.0,488.0,488.0,2000
2001-01-17,289.07135009765625,480.0,489.0,480.0,489.0,12000
2001-01-18,289.07135009765625,480.0,480.0,479.0,480.0,19000
2001-01-19,289.07135009765625,480.0,480.0,476.0,480.0,16000
2001-01-22,289.67364501953125,481.0,483.0,481.0,481.0,4000
2001-01-24,289.07135009765625,480.0,481.0,480.0,481.0,3000
2001-01-25,292.0823974609375,485.0,485.0,480.0,485.0,11000
2001-01-26,289.07135009765625,480.0,483.0,480.0,483.0,4000
2001-01-29,289.67364501953125,481.0,481.0,481.0,481.0,2000
2001-01-30,289.67364501953125,481.0,481.0,481.0,481.0,3000
2001-01-31,289.07135009765625,480.0,480.0,480.0,480.0,3000
2001-02-01,292.0823974609375,485.0,485.0,483.0,485.0,10000
2001-02-02,289.07135009765625,480.0,485.0,480.0,485.0,10000
2001-02-05,289.07135009765625,480.0,480.0,477.0,477.0,7000
2001-02-06,289.07135009765625,480.0,480.0,480.0,480.0,1000
2001-02-07,290.2757568359375,482.0,483.0,482.0,482.0,3000
2001-02-08,290.2757568359375,482.0,485.0,482.0,485.0,7000
2001-02-09,292.0823974609375,485.0,485.0,485.0,485.0,2000
2001-02-12,292.0823974609375,485.0,485.0,485.0,485.0,0
2001-02-13,289.67364501953125,481.0,481.0,480.0,480.0,5000
2001-02-14,293.2869873046875,487.0,487.0,482.0,483.0,4000
2001-02-15,292.0823974609375,485.0,489.0,483.0,487.0,12000
2001-02-16,293.88916015625,488.0,488.0,486.0,486.0,5000
2001-02-19,294.49139404296875,489.0,489.0,489.0,489.0,3000
2001-02-20,300.5137939453125,499.0,499.0,490.0,490.0,9000
2001-02-21,305.93389892578125,508.0,508.0,498.0,498.0,19000
2001-02-22,299.9114990234375,498.0,499.0,498.0,498.0,5000
2001-02-23,309.5473327636719,514.0,514.0,503.0,513.0,7000
2001-02-26,314.36505126953125,522.0,525.0,515.0,519.0,24000
2001-02-27,307.7405090332031,511.0,522.0,508.0,522.0,11000
2001-02-28,297.5025939941406,494.0,500.0,494.0,500.0,19000
2001-03-01,299.3092956542969,497.0,500.0,494.0,495.0,7000
2001-03-02,307.13836669921875,510.0,521.0,500.0,521.0,9000
2001-03-05,302.32037353515625,502.0,510.0,502.0,510.0,5000
2001-03-06,302.32037353515625,502.0,502.0,499.0,499.0,9000
2001-03-07,304.1271057128906,505.0,512.0,502.0,503.0,13000
2001-03-08,304.1271057128906,505.0,505.0,500.0,500.0,10000
2001-03-09,304.1271057128906,505.0,510.0,505.0,505.0,34000
2001-03-12,304.1271057128906,505.0,510.0,505.0,510.0,6000
2001-03-13,301.7182006835937,501.0,505.0,501.0,505.0,7000
2001-03-15,304.7294311523437,506.0,506.0,498.0,500.0,7000
2001-03-16,301.1160583496094,500.0,507.0,500.0,507.0,7000
2001-03-19,301.7182006835937,501.0,507.0,501.0,505.0,6000
2001-03-20,301.7182006835937,501.0,501.0,501.0,501.0,0
2001-03-21,306.5360412597656,509.0,509.0,501.0,501.0,10000
2001-03-22,306.5360412597656,509.0,509.0,501.0,501.0,9000
2001-03-23,310.1494140625,515.0,515.0,510.0,510.0,15000
2001-03-26,318.58062744140625,529.0,529.0,520.0,529.0,17000
2001-03-27,318.2752380371094,521.0,530.0,521.0,529.0,24000
2001-03-28,317.05352783203125,519.0,520.0,517.0,517.0,7000
2001-03-29,312.166259765625,511.0,518.0,501.0,515.0,15000
2001-03-30,317.05352783203125,519.0,519.0,501.0,519.0,7000
2001-04-02,307.2791748046875,503.0,503.0,497.0,497.0,5000
2001-04-03,322.5516052246094,528.0,530.0,515.0,515.0,42000
2001-04-04,313.3880615234375,513.0,526.0,512.0,512.0,6000
2001-04-05,317.6643981933594,520.0,528.0,513.0,513.0,18000
2001-04-06,321.9407043457031,527.0,530.0,520.0,528.0,43000
2001-04-09,321.32977294921875,526.0,526.0,525.0,525.0,13000
2001-04-10,321.9407043457031,527.0,530.0,521.0,521.0,9000
2001-04-11,329.2713623046875,539.0,540.0,525.0,525.0,18000
2001-04-12,328.049560546875,537.0,539.0,537.0,539.0,10000
2001-04-13,329.2713623046875,539.0,540.0,536.0,537.0,19000
2001-04-16,328.6604309082031,538.0,538.0,538.0,538.0,4000
2001-04-17,329.2713623046875,539.0,540.0,539.0,540.0,4000
2001-04-18,334.7692565917969,548.0,548.0,538.0,540.0,22000
2001-04-19,332.9366760253906,545.0,545.0,540.0,540.0,7000
2001-04-20,329.8822021484375,540.0,541.0,540.0,540.0,19000
2001-04-23,329.8822021484375,540.0,549.0,540.0,540.0,14000
2001-04-24,332.9366760253906,545.0,545.0,540.0,545.0,11000
2001-04-26,335.9911193847656,550.0,550.0,546.0,546.0,33000
2001-04-27,364.7030334472656,597.0,600.0,590.0,590.0,97000
2001-04-30,364.7030334472656,597.0,597.0,597.0,597.0,0
2001-05-01,369.5902404785156,605.0,605.0,599.0,599.0,23000
2001-05-02,373.8665161132813,612.0,613.0,600.0,600.0,39000
2001-05-04,373.8665161132813,612.0,612.0,612.0,612.0,0
2001-05-07,373.8665161132813,612.0,612.0,610.0,610.0,70
2001-05-08,373.2555541992188,611.0,615.0,610.0,612.0,200
2001-05-09,367.1466369628906,601.0,610.0,600.0,610.0,400
2001-05-10,366.5358581542969,600.0,605.0,598.0,598.0,100
2001-05-11,365.9248962402344,599.0,604.0,599.0,600.0,200
2001-05-14,366.5358581542969,600.0,610.0,600.0,610.0,70
2001-05-15,366.5358581542969,600.0,601.0,598.0,600.0,12000
2001-05-16,366.5358581542969,600.0,600.0,598.0,600.0,6000
2001-05-17,370.8121337890625,607.0,607.0,598.0,600.0,11000
2001-05-18,378.7536926269531,620.0,627.0,607.0,607.0,54000
2001-05-21,375.6991882324219,615.0,623.0,615.0,620.0,13000
2001-05-22,378.7536926269531,620.0,620.0,610.0,616.0,34000
2001-05-23,373.8665161132813,612.0,620.0,612.0,620.0,8000
2001-05-24,381.8081665039063,625.0,627.0,612.0,613.0,29000
2001-05-25,395.2478332519531,647.0,664.0,625.0,635.0,54000
2001-05-28,405.6329040527344,664.0,664.0,650.0,650.0,82000
2001-05-29,407.465576171875,667.0,670.0,647.0,655.0,71000
2001-05-30,406.854736328125,666.0,667.0,659.0,665.0,61000
2001-05-31,403.1893005371094,660.0,666.0,660.0,666.0,25000
2001-06-01,390.9715881347656,640.0,660.0,640.0,660.0,29000
2001-06-04,384.862548828125,630.0,630.0,620.0,629.0,11000
2001-06-05,394.6368408203125,646.0,649.0,625.0,625.0,18000
2001-06-06,391.5824279785156,641.0,645.0,630.0,630.0,16000
2001-06-07,382.4190979003906,626.0,640.0,615.0,640.0,32000
2001-06-08,378.7536926269531,620.0,625.0,620.0,620.0,58000
2001-06-11,379.3645629882813,621.0,621.0,620.0,620.0,9000
2001-06-12,379.3645629882813,621.0,625.0,621.0,623.0,9000
2001-06-13,369.5902404785156,605.0,619.0,605.0,605.0,10000
2001-06-14,367.1466369628906,601.0,603.0,601.0,601.0,27000
2001-06-15,374.4773559570313,613.0,613.0,595.0,599.0,7000
2001-06-18,366.5358581542969,600.0,600.0,595.0,595.0,6000
2001-06-19,363.4814453125,595.0,600.0,595.0,600.0,12000
2001-06-20,359.20513916015625,588.0,610.0,587.0,610.0,8000
2001-06-22,366.5358581542969,600.0,600.0,588.0,588.0,12000
2001-06-25,378.7536926269531,620.0,629.0,602.0,602.0,19000
2001-06-26,384.251708984375,629.0,630.0,625.0,625.0,20000
2001-06-27,384.251708984375,629.0,630.0,629.0,630.0,5000
2001-06-28,381.1972961425781,624.0,650.0,624.0,629.0,17000
2001-06-29,381.1972961425781,624.0,630.0,624.0,630.0,8000
2001-07-02,379.97552490234375,622.0,623.0,622.0,623.0,5000
2001-07-03,365.9248962402344,599.0,625.0,588.0,625.0,28000
2001-07-04,371.4230346679688,608.0,610.0,590.0,590.0,16000
2001-07-05,359.20513916015625,588.0,605.0,588.0,605.0,10000
2001-07-06,353.0961303710937,578.0,588.0,578.0,588.0,11000
2001-07-09,351.8742370605469,576.0,605.0,575.0,578.0,38000
2001-07-10,354.3179626464844,580.0,580.0,570.0,575.0,23000
2001-07-11,349.43072509765625,572.0,580.0,571.0,580.0,7000
2001-07-12,356.7615051269531,584.0,585.0,582.0,582.0,3000
2001-07-13,356.7615051269531,584.0,584.0,582.0,584.0,11000
2001-07-16,356.7615051269531,584.0,584.0,584.0,584.0,5000
2001-07-17,366.5358581542969,600.0,600.0,584.0,584.0,5000
2001-07-18,358.5942687988281,587.0,599.0,585.0,599.0,12000
2001-07-19,363.4814453125,595.0,595.0,585.0,587.0,13000
2001-07-20,363.4814453125,595.0,595.0,595.0,595.0,0
2001-07-23,357.3724670410156,585.0,595.0,580.0,595.0,15000
2001-07-24,357.3724670410156,585.0,587.0,584.0,584.0,6000
2001-07-25,368.3684387207031,603.0,605.0,590.0,590.0,14000
2001-07-26,376.9209289550781,617.0,630.0,604.0,604.0,13000
2001-07-27,366.5358581542969,600.0,627.0,600.0,627.0,18000
2001-07-30,361.0377807617188,591.0,600.0,591.0,600.0,8000
2001-07-31,366.5358581542969,600.0,600.0,594.0,594.0,5000
2001-08-01,378.7536926269531,620.0,620.0,604.0,610.0,14000
2001-08-02,379.97552490234375,622.0,623.0,612.0,620.0,12000
2001-08-03,378.7536926269531,620.0,628.0,616.0,616.0,9000
2001-08-06,367.1466369628906,601.0,601.0,600.0,600.0,2000
2001-08-07,381.1972961425781,624.0,627.0,600.0,600.0,10000
2001-08-08,379.97552490234375,622.0,623.0,613.0,623.0,8000
2001-08-09,369.5902404785156,605.0,605.0,601.0,601.0,7000
2001-08-10,372.0338439941406,609.0,609.0,607.0,607.0,2000
2001-08-13,366.5358581542969,600.0,600.0,600.0,600.0,3000
2001-08-14,370.8121337890625,607.0,607.0,602.0,602.0,5000
2001-08-15,368.3684387207031,603.0,607.0,603.0,607.0,9000
2001-08-16,368.9793395996094,604.0,613.0,603.0,613.0,5000
2001-08-17,367.1466369628906,601.0,603.0,601.0,603.0,5000
2001-08-20,367.1466369628906,601.0,603.0,601.0,601.0,5000
2001-08-21,375.6991882324219,615.0,621.0,615.0,621.0,5000
2001-08-22,371.4230346679688,608.0,608.0,605.0,605.0,9000
2001-08-23,372.64459228515625,610.0,615.0,610.0,610.0,3000
2001-08-24,375.6991882324219,615.0,619.0,615.0,619.0,8000
2001-08-27,378.1427307128906,619.0,619.0,615.0,619.0,7000
2001-08-28,376.31005859375,616.0,622.0,616.0,620.0,19000
2001-08-29,373.8665161132813,612.0,615.0,612.0,615.0,5000
2001-08-30,368.9793395996094,604.0,611.0,603.0,611.0,8000
2001-08-31,368.9793395996094,604.0,615.0,604.0,604.0,24000
2001-09-03,370.20111083984375,606.0,606.0,606.0,606.0,2000
2001-09-04,369.5902404785156,605.0,605.0,591.0,599.0,17000
2001-09-05,351.8742370605469,576.0,580.0,576.0,580.0,8000
2001-09-06,348.8199462890625,571.0,571.0,568.0,570.0,11000
2001-09-07,351.263427734375,575.0,579.0,575.0,575.0,6000
2001-09-10,351.263427734375,575.0,576.0,571.0,575.0,12000
2001-09-11,345.1545715332031,565.0,572.0,565.0,572.0,11000
2001-09-12,329.8822021484375,540.0,555.0,540.0,554.0,29000
2001-09-13,323.7733459472656,530.0,530.0,500.0,500.0,21000
2001-09-14,354.3179626464844,580.0,580.0,580.0,580.0,30000
2001-09-17,350.6525573730469,574.0,580.0,551.0,580.0,10000
2001-09-18,339.045654296875,555.0,564.0,555.0,564.0,9000
2001-09-19,336.6019592285156,551.0,556.0,547.0,547.0,11000
2001-09-20,340.2674255371094,557.0,557.0,547.0,551.0,14000
2001-09-21,332.9366760253906,545.0,560.0,545.0,557.0,31000
2001-09-24,332.9366760253906,545.0,545.0,545.0,545.0,0
2001-09-25,348.7317810058594,563.0,563.0,546.0,546.0,14000
2001-09-26,348.7317810058594,563.0,567.0,560.0,563.0,21000
2001-09-27,343.7764892578125,555.0,562.0,555.0,562.0,9000
2001-09-28,343.7764892578125,555.0,555.0,555.0,555.0,0
2001-10-01,377.8442687988281,610.0,610.0,560.0,560.0,10000
2001-10-02,361.7396240234375,584.0,635.0,584.0,635.0,22000
2001-10-03,362.3591003417969,585.0,600.0,585.0,600.0,16000
2001-10-04,375.36669921875,606.0,615.0,596.0,615.0,10000
2001-10-05,372.8890686035156,602.0,610.0,602.0,610.0,4000
2001-10-08,372.8890686035156,602.0,602.0,602.0,602.0,0
2001-10-09,369.79193115234375,597.0,601.0,597.0,601.0,3000
2001-10-10,369.79193115234375,597.0,601.0,597.0,600.0,13000
2001-10-11,351.8289489746094,568.0,577.0,560.0,577.0,8000
2001-10-12,371.65032958984375,600.0,600.0,578.0,578.0,10000
2001-10-15,366.0755310058594,591.0,599.0,591.0,598.0,6000
2001-10-16,371.65032958984375,600.0,600.0,593.0,593.0,6000
2001-10-17,371.65032958984375,600.0,600.0,599.0,600.0,13000
2001-10-18,365.4560241699219,590.0,590.0,590.0,590.0,1000
2001-10-19,365.4560241699219,590.0,590.0,590.0,590.0,0
2001-10-22,368.5532836914063,595.0,598.0,595.0,598.0,7000
2001-10-23,363.5979309082031,587.0,595.0,585.0,595.0,5000
2001-10-24,365.4560241699219,590.0,590.0,580.0,587.0,13000
2001-10-25,369.1726684570313,596.0,600.0,595.0,595.0,18000
2001-10-26,350.59014892578125,566.0,600.0,564.0,599.0,23000
2001-10-29,369.1726684570313,596.0,598.0,584.0,586.0,8000
2001-10-30,350.59014892578125,566.0,596.0,566.0,596.0,4000
2001-10-31,368.5532836914063,595.0,595.0,585.0,592.0,20000
2001-11-01,371.65032958984375,600.0,601.0,595.0,595.0,21000
2001-11-02,362.9784240722656,586.0,604.0,586.0,601.0,23000
2001-11-05,355.5453491210937,574.0,597.0,557.0,586.0,24000
2001-11-06,350.59014892578125,566.0,568.0,564.0,568.0,10000
2001-11-07,346.8736267089844,560.0,578.0,559.0,576.0,17000
2001-11-08,342.5377197265625,553.0,565.0,553.0,565.0,9000
2001-11-09,342.5377197265625,553.0,553.0,553.0,553.0,0
2001-11-12,356.164794921875,575.0,575.0,566.0,570.0,3000
2001-11-13,358.64239501953125,579.0,585.0,577.0,585.0,7000
2001-11-14,354.3065185546875,572.0,576.0,572.0,576.0,7000
2001-11-15,354.3065185546875,572.0,572.0,572.0,572.0,1000
2001-11-16,359.2619323730469,580.0,586.0,580.0,585.0,14000
2001-11-19,359.2619323730469,580.0,584.0,578.0,580.0,6000
2001-11-20,356.164794921875,575.0,580.0,575.0,580.0,7000
2001-11-21,351.8289489746094,568.0,572.0,568.0,572.0,13000
2001-11-22,349.9706420898437,565.0,568.0,558.0,568.0,14000
2001-11-23,349.9706420898437,565.0,565.0,565.0,565.0,0
2001-11-26,352.4483337402344,569.0,569.0,560.0,560.0,7000
2001-11-27,351.8289489746094,568.0,570.0,568.0,570.0,6000
2001-11-28,345.63482666015625,558.0,569.0,558.0,569.0,7000
2001-11-29,346.8736267089844,560.0,570.0,560.0,560.0,12000
2001-11-30,342.5377197265625,553.0,570.0,553.0,570.0,6000
2001-12-03,348.7317810058594,563.0,573.0,553.0,573.0,7000
2001-12-04,347.4930114746094,561.0,585.0,560.0,583.0,13000
2001-12-05,359.2619323730469,580.0,584.0,580.0,584.0,17000
2001-12-06,356.7841186523437,576.0,580.0,568.0,580.0,11000
2001-12-07,357.40362548828125,577.0,577.0,575.0,576.0,5000
2001-12-10,346.8736267089844,560.0,575.0,553.0,575.0,6000
2001-12-11,345.63482666015625,558.0,561.0,558.0,558.0,10000
2001-12-12,348.7317810058594,563.0,573.0,556.0,556.0,10000
2001-12-13,348.7317810058594,563.0,565.0,563.0,564.0,4000
2001-12-14,348.7317810058594,563.0,569.0,563.0,563.0,68000
2001-12-17,342.5377197265625,553.0,553.0,553.0,553.0,6000
2001-12-18,345.01531982421875,557.0,561.0,550.0,553.0,15000
2001-12-19,337.5823059082031,545.0,557.0,545.0,557.0,12000
2001-12-20,337.5823059082031,545.0,545.0,541.0,541.0,12000
2001-12-21,344.3959045410156,556.0,557.0,546.0,546.0,5000
2001-12-24,344.3959045410156,556.0,556.0,556.0,556.0,0
2001-12-25,347.4930114746094,561.0,561.0,557.0,557.0,6000
2001-12-26,351.2095031738281,567.0,575.0,561.0,561.0,22000
2001-12-27,351.2095031738281,567.0,568.0,550.0,568.0,14000
2001-12-28,359.2619323730469,580.0,585.0,577.0,579.0,14000
2002-01-03,359.2619323730469,580.0,580.0,580.0,580.0,0
2002-01-04,334.4851989746094,540.0,560.0,530.0,560.0,12000
2002-01-07,336.3433837890625,543.0,552.0,543.0,550.0,6000
2002-01-08,331.3880615234375,535.0,541.0,529.0,541.0,7000
2002-01-09,335.1046142578125,541.0,542.0,528.0,528.0,7000
2002-01-10,334.4851989746094,540.0,540.0,520.0,540.0,14000
2002-01-11,322.09686279296875,520.0,550.0,520.0,550.0,17000
2002-01-14,322.09686279296875,520.0,520.0,520.0,520.0,0
2002-01-15,331.3880615234375,535.0,540.0,534.0,540.0,9000
2002-01-16,334.4851989746094,540.0,547.0,540.0,540.0,4000
2002-01-17,305.37261962890625,493.0,530.0,493.0,530.0,15000
2002-01-18,322.09686279296875,520.0,520.0,510.0,511.0,10000
2002-01-21,349.9706420898437,565.0,570.0,520.0,520.0,9000
2002-01-22,338.2017517089844,546.0,566.0,546.0,558.0,23000
2002-01-23,325.8134155273437,526.0,546.0,525.0,546.0,6000
2002-01-24,325.8134155273437,526.0,526.0,506.0,506.0,12000
2002-01-25,328.2911682128906,530.0,530.0,526.0,526.0,13000
2002-01-28,329.52984619140625,532.0,532.0,530.0,530.0,5000
2002-01-29,329.52984619140625,532.0,532.0,532.0,532.0,0
2002-01-30,328.2911682128906,530.0,530.0,530.0,530.0,1000
2002-01-31,328.2911682128906,530.0,530.0,530.0,530.0,0
2002-02-01,328.9105834960937,531.0,532.0,531.0,532.0,5000
2002-02-04,325.1940002441406,525.0,531.0,525.0,531.0,4000
2002-02-05,346.8736267089844,560.0,560.0,522.0,522.0,16000
2002-02-06,333.2463684082031,538.0,543.0,534.0,540.0,13000
2002-02-07,326.432861328125,527.0,528.0,527.0,528.0,5000
2002-02-08,339.44049072265625,548.0,548.0,524.0,537.0,29000
2002-02-11,339.44049072265625,548.0,548.0,548.0,548.0,0
2002-02-12,339.44049072265625,548.0,548.0,547.0,548.0,4000
2002-02-13,345.63482666015625,558.0,560.0,552.0,558.0,14000
2002-02-14,343.1571044921875,554.0,560.0,544.0,558.0,19000
2002-02-15,343.7764892578125,555.0,555.0,554.0,554.0,9000
2002-02-18,340.67938232421875,550.0,555.0,541.0,555.0,11000
2002-02-19,328.2911682128906,530.0,540.0,530.0,540.0,10000
2002-02-20,337.5823059082031,545.0,545.0,530.0,530.0,6000
2002-02-21,344.3959045410156,556.0,556.0,545.0,545.0,14000
2002-02-22,346.2543029785156,559.0,560.0,541.0,560.0,13000
2002-02-25,345.01531982421875,557.0,560.0,557.0,560.0,15000
2002-02-26,337.5823059082031,545.0,555.0,544.0,555.0,8000
2002-02-27,346.8736267089844,560.0,560.0,550.0,550.0,23000
2002-02-28,335.1046142578125,541.0,570.0,541.0,559.0,27000
2002-03-01,343.1571044921875,554.0,554.0,550.0,551.0,12000
2002-03-04,341.2987060546875,551.0,560.0,551.0,560.0,21000
2002-03-05,346.2543029785156,559.0,559.0,554.0,559.0,17000
2002-03-06,345.01531982421875,557.0,559.0,557.0,559.0,6000
2002-03-07,343.7764892578125,555.0,556.0,550.0,556.0,9000
2002-03-08,338.82110595703125,547.0,553.0,545.0,549.0,67000
2002-03-11,340.0599365234375,549.0,557.0,549.0,557.0,17000
2002-03-12,339.44049072265625,548.0,559.0,548.0,559.0,10000
2002-03-13,341.9181823730469,552.0,552.0,545.0,545.0,8000
2002-03-14,338.2017517089844,546.0,548.0,546.0,548.0,6000
2002-03-15,339.44049072265625,548.0,548.0,546.0,546.0,3000
2002-03-18,338.82110595703125,547.0,555.0,547.0,551.0,9000
2002-03-19,343.1571044921875,554.0,557.0,550.0,557.0,20000
2002-03-20,338.82110595703125,547.0,555.0,547.0,554.0,13000
2002-03-21,338.82110595703125,547.0,547.0,547.0,547.0,0
2002-03-22,339.44049072265625,548.0,554.0,540.0,546.0,25000
2002-03-25,333.2463684082031,538.0,555.0,538.0,555.0,20000
2002-03-26,337.9576721191406,538.0,555.0,538.0,555.0,4000
2002-03-27,348.008544921875,554.0,554.0,538.0,540.0,8000
2002-03-28,348.6366577148437,555.0,558.0,550.0,554.0,30000
2002-03-29,336.0731201171875,535.0,555.0,535.0,555.0,15000
2002-04-01,346.7521057128906,552.0,552.0,537.0,545.0,12000
2002-04-02,340.47039794921875,542.0,554.0,542.0,554.0,15000
2002-04-03,337.3295288085937,537.0,537.0,532.0,532.0,3000
2002-04-04,342.98309326171875,546.0,550.0,546.0,549.0,27000
2002-04-05,341.7266845703125,544.0,544.0,544.0,544.0,1000
2002-04-08,343.6112060546875,547.0,549.0,547.0,549.0,6000
2002-04-09,341.7266845703125,544.0,551.0,544.0,548.0,13000
2002-04-10,345.49578857421875,550.0,550.0,545.0,548.0,13000
2002-04-11,339.2140197753906,540.0,542.0,540.0,542.0,3000
2002-04-12,337.3295288085937,537.0,537.0,531.0,536.0,6000
2002-04-15,344.8675842285156,549.0,549.0,517.0,517.0,18000
2002-04-16,344.8675842285156,549.0,549.0,542.0,549.0,8000
2002-04-17,342.3548889160156,545.0,549.0,545.0,549.0,11000
2002-04-18,332.9324035644531,530.0,544.0,528.0,544.0,15000
2002-04-19,340.47039794921875,542.0,542.0,532.0,532.0,11000
2002-04-22,333.5605773925781,531.0,544.0,531.0,542.0,18000
2002-04-23,338.5858764648437,539.0,539.0,530.0,532.0,6000
2002-04-24,330.4196472167969,526.0,531.0,525.0,531.0,4000
2002-04-25,331.6760559082031,528.0,540.0,528.0,540.0,13000
2002-04-26,329.7914733886719,525.0,531.0,521.0,521.0,13000
2002-04-29,329.7914733886719,525.0,525.0,525.0,525.0,0
2002-04-30,327.9068908691406,522.0,524.0,520.0,520.0,11000
2002-05-01,327.9068908691406,522.0,524.0,522.0,523.0,7000
2002-05-02,326.6505432128906,520.0,522.0,520.0,520.0,9000
2002-05-06,326.6505432128906,520.0,520.0,520.0,520.0,0
2002-05-07,326.6505432128906,520.0,524.0,520.0,524.0,10000
2002-05-08,326.6505432128906,520.0,520.0,520.0,520.0,4000
2002-05-09,324.7660217285156,517.0,517.0,517.0,517.0,3000
2002-05-10,320.9969482421875,511.0,511.0,510.0,510.0,7000
2002-05-13,321.6251525878906,512.0,512.0,511.0,511.0,2000
2002-05-14,320.3688049316406,510.0,517.0,510.0,513.0,4000
2002-05-15,323.5097045898437,515.0,515.0,510.0,510.0,10000
2002-05-16,323.5097045898437,515.0,515.0,515.0,515.0,0
2002-05-17,329.7914733886719,525.0,534.0,525.0,534.0,4000
2002-05-20,324.1378173828125,516.0,527.0,516.0,527.0,8000
2002-05-21,331.6760559082031,528.0,533.0,527.0,533.0,5000
2002-05-22,339.8421936035156,541.0,541.0,528.0,528.0,25000
2002-05-23,345.49578857421875,550.0,550.0,538.0,545.0,21000
2002-05-24,351.14947509765625,559.0,560.0,550.0,550.0,39000
2002-05-27,350.5212707519531,558.0,559.0,556.0,559.0,33000
2002-05-28,345.49578857421875,550.0,556.0,548.0,556.0,15000
2002-05-29,345.49578857421875,550.0,550.0,550.0,550.0,9000
2002-05-30,346.1238708496094,551.0,559.0,550.0,559.0,9000
2002-05-31,341.09844970703125,543.0,551.0,541.0,550.0,16000
2002-06-03,343.6112060546875,547.0,554.0,546.0,550.0,13000
2002-06-04,336.0731201171875,535.0,548.0,535.0,545.0,15000
2002-06-05,331.6760559082031,528.0,545.0,524.0,545.0,13000
2002-06-06,336.0731201171875,535.0,545.0,525.0,545.0,19000
2002-06-07,342.98309326171875,546.0,548.0,545.0,545.0,14000
2002-06-10,332.9324035644531,530.0,547.0,526.0,547.0,11000
2002-06-11,333.5605773925781,531.0,535.0,531.0,535.0,3000
2002-06-12,332.9324035644531,530.0,535.0,530.0,530.0,7000
2002-06-13,329.7914733886719,525.0,528.0,525.0,528.0,23000
2002-06-14,322.8815612792969,514.0,535.0,500.0,500.0,100000
2002-06-17,318.4842224121094,507.0,530.0,507.0,517.0,38000
2002-06-18,321.6251525878906,512.0,512.0,510.0,510.0,6000
2002-06-19,322.2532958984375,513.0,522.0,513.0,522.0,14000
2002-06-20,330.4196472167969,526.0,527.0,507.0,513.0,5000
2002-06-21,329.1632995605469,524.0,525.0,524.0,524.0,4000
2002-06-24,337.9576721191406,538.0,538.0,522.0,522.0,13000
2002-06-25,338.5858764648437,539.0,540.0,538.0,538.0,22000
2002-06-26,322.8815612792969,514.0,532.0,514.0,530.0,7000
2002-06-27,321.6251525878906,512.0,512.0,512.0,512.0,2000
2002-06-28,326.6505432128906,520.0,520.0,513.0,513.0,27000
2002-07-01,326.6505432128906,520.0,520.0,520.0,520.0,1000
2002-07-02,339.2140197753906,540.0,540.0,525.0,525.0,6000
2002-07-03,339.2140197753906,540.0,542.0,530.0,530.0,18000
2002-07-04,334.81689453125,533.0,534.0,531.0,532.0,11000
2002-07-05,338.5858764648437,539.0,539.0,533.0,533.0,8000
2002-07-08,336.0731201171875,535.0,535.0,519.0,519.0,9000
2002-07-09,341.7266845703125,544.0,544.0,534.0,535.0,9000
2002-07-10,334.1885986328125,532.0,541.0,532.0,541.0,3000
2002-07-11,333.5605773925781,531.0,531.0,531.0,531.0,2000
2002-07-12,330.4196472167969,526.0,535.0,526.0,535.0,8000
2002-07-15,326.6505432128906,520.0,526.0,520.0,526.0,4000
2002-07-16,320.3688049316406,510.0,511.0,504.0,510.0,31000
2002-07-17,320.3688049316406,510.0,510.0,504.0,505.0,15000
2002-07-18,319.1124572753906,508.0,514.0,508.0,514.0,14000
2002-07-19,318.4842224121094,507.0,510.0,507.0,510.0,12000
2002-07-22,319.1124572753906,508.0,510.0,506.0,506.0,24000
2002-07-23,315.3434753417969,502.0,502.0,501.0,501.0,4000
2002-07-24,314.7153015136719,501.0,506.0,501.0,503.0,6000
2002-07-25,322.2532958984375,513.0,529.0,507.0,507.0,22000
2002-07-26,336.0731201171875,535.0,535.0,515.0,515.0,23000
2002-07-29,345.49578857421875,550.0,555.0,516.0,535.0,53000
2002-07-30,339.8421936035156,541.0,550.0,540.0,540.0,31000
2002-07-31,345.49578857421875,550.0,550.0,531.0,541.0,35000
2002-08-01,342.3548889160156,545.0,547.0,545.0,547.0,5000
2002-08-02,332.9324035644531,530.0,545.0,520.0,545.0,19000
2002-08-05,330.4196472167969,526.0,529.0,521.0,521.0,4000
2002-08-06,323.5097045898437,515.0,520.0,515.0,515.0,3000
2002-08-07,326.6505432128906,520.0,522.0,520.0,520.0,4000
2002-08-08,326.6505432128906,520.0,530.0,520.0,521.0,4000
2002-08-09,332.9324035644531,530.0,530.0,522.0,530.0,14000
2002-08-12,335.4449462890625,534.0,544.0,525.0,531.0,12000
2002-08-13,328.5350952148437,523.0,537.0,523.0,537.0,9000
2002-08-14,329.1632995605469,524.0,533.0,524.0,533.0,8000
2002-08-15,327.9068908691406,522.0,524.0,522.0,524.0,15000
2002-08-16,331.0478515625,527.0,532.0,520.0,532.0,9000
2002-08-19,327.9068908691406,522.0,527.0,519.0,527.0,23000
2002-08-20,320.3688049316406,510.0,528.0,507.0,528.0,31000
2002-08-21,326.0224304199219,519.0,523.0,512.0,520.0,19000
2002-08-22,330.4196472167969,526.0,526.0,512.0,519.0,17000
2002-08-23,330.4196472167969,526.0,526.0,526.0,526.0,0
2002-08-26,336.0731201171875,535.0,535.0,528.0,535.0,13000
2002-08-27,333.5605773925781,531.0,534.0,523.0,534.0,12000
2002-08-28,324.7660217285156,517.0,523.0,512.0,522.0,13000
2002-08-29,320.3688049316406,510.0,512.0,510.0,510.0,19000
2002-08-30,317.2279357910156,505.0,508.0,503.0,503.0,54000
2002-09-02,315.9716491699219,503.0,507.0,503.0,507.0,20000
2002-09-03,318.4842224121094,507.0,514.0,501.0,513.0,32000
2002-09-04,305.29266357421875,486.0,501.0,484.0,501.0,25000
2002-09-05,309.6898498535156,493.0,498.0,493.0,493.0,17000
2002-09-06,307.8052978515625,490.0,494.0,490.0,490.0,10000
2002-09-09,311.5743408203125,496.0,502.0,496.0,498.0,13000
2002-09-10,315.3434753417969,502.0,507.0,500.0,501.0,15000
2002-09-11,315.9716491699219,503.0,505.0,503.0,505.0,8000
2002-09-12,317.8561706542969,506.0,506.0,503.0,505.0,9000
2002-09-13,320.3688049316406,510.0,515.0,510.0,515.0,44000
2002-09-16,320.3688049316406,510.0,510.0,510.0,510.0,0
2002-09-17,329.1632995605469,524.0,526.0,523.0,525.0,11000
2002-09-18,327.2787170410156,521.0,522.0,521.0,522.0,3000
2002-09-19,323.5097045898437,515.0,526.0,515.0,520.0,16000
2002-09-20,329.1632995605469,524.0,525.0,518.0,525.0,10000
2002-09-23,329.1632995605469,524.0,524.0,524.0,524.0,0
2002-09-24,330.4196472167969,526.0,535.0,524.0,524.0,28000
2002-09-25,336.4736022949219,528.0,529.0,526.0,529.0,28000
2002-09-26,336.4736022949219,528.0,533.0,527.0,527.0,15000
2002-09-27,333.92462158203125,524.0,536.0,524.0,535.0,21000
2002-09-30,335.1990966796875,526.0,526.0,524.0,524.0,10000
2002-10-01,328.1892395019531,515.0,525.0,515.0,525.0,6000
2002-10-03,330.7382507324219,519.0,519.0,519.0,519.0,4000
2002-10-04,321.1792907714844,504.0,505.0,503.0,503.0,7000
2002-10-07,315.44403076171875,495.0,500.0,488.0,500.0,11000
2002-10-08,312.2576904296875,490.0,490.0,485.0,485.0,10000
2002-10-09,312.2576904296875,490.0,494.0,490.0,492.0,7000
2002-10-10,317.9930725097656,499.0,499.0,490.0,497.0,18000
2002-10-11,317.3557434082031,498.0,500.0,494.0,499.0,11000
2002-10-14,317.3557434082031,498.0,498.0,498.0,498.0,0
2002-10-15,323.0910949707031,507.0,507.0,506.0,506.0,5000
2002-10-16,320.5420227050781,503.0,513.0,503.0,509.0,6000
2002-10-17,319.26763916015625,501.0,503.0,501.0,502.0,6000
2002-10-18,316.0812683105469,496.0,508.0,496.0,506.0,9000
2002-10-21,324.3656311035156,509.0,509.0,503.0,509.0,9000
2002-10-22,316.0812683105469,496.0,510.0,496.0,510.0,6000
2002-10-23,312.8949890136719,491.0,495.0,490.0,495.0,11000
2002-10-24,313.53228759765625,492.0,492.0,490.0,491.0,11000
2002-10-25,320.5420227050781,503.0,513.0,499.0,501.0,33000
2002-10-28,326.91461181640625,513.0,513.0,503.0,510.0,6000
2002-10-29,325.0029296875,510.0,513.0,510.0,513.0,9000
2002-10-30,325.0029296875,510.0,511.0,510.0,510.0,4000
2002-10-31,320.5420227050781,503.0,510.0,503.0,510.0,5000
2002-11-01,321.1792907714844,504.0,510.0,504.0,510.0,5000
2002-11-04,321.1792907714844,504.0,504.0,504.0,504.0,0
2002-11-05,316.0812683105469,496.0,504.0,495.0,504.0,11000
2002-11-06,320.5420227050781,503.0,503.0,501.0,501.0,13000
2002-11-07,317.3557434082031,498.0,503.0,494.0,503.0,9000
2002-11-08,317.9930725097656,499.0,499.0,496.0,498.0,9000
2002-11-11,312.8949890136719,491.0,500.0,490.0,499.0,4000
2002-11-12,309.07135009765625,485.0,491.0,485.0,490.0,10000
2002-11-13,286.1300048828125,449.0,485.0,444.0,485.0,60000
2002-11-14,278.48291015625,437.0,448.0,437.0,448.0,28000
2002-11-15,278.48291015625,437.0,437.0,433.0,437.0,14000
2002-11-18,277.8456726074219,436.0,437.0,434.0,437.0,7000
2002-11-19,268.2867126464844,421.0,423.0,420.0,421.0,17000
2002-11-20,273.3848571777344,429.0,429.0,421.0,421.0,35000
2002-11-21,273.3848571777344,429.0,429.0,428.0,429.0,13000
2002-11-22,270.1984558105469,424.0,425.0,420.0,420.0,23000
2002-11-25,288.041748046875,452.0,455.0,424.0,432.0,43000
2002-11-26,288.041748046875,452.0,452.0,444.0,452.0,37000
2002-11-27,295.6889343261719,464.0,464.0,451.0,452.0,27000
2002-11-28,294.4144897460937,462.0,464.0,462.0,464.0,4000
2002-11-29,293.13995361328125,460.0,462.0,441.0,441.0,20000
2002-12-02,293.13995361328125,460.0,460.0,460.0,460.0,0
2002-12-03,293.13995361328125,460.0,464.0,447.0,464.0,26000
2002-12-04,293.13995361328125,460.0,461.0,460.0,460.0,9000
2002-12-05,293.13995361328125,460.0,460.0,460.0,460.0,13000
2002-12-06,288.041748046875,452.0,459.0,441.0,459.0,24000
2002-12-09,288.041748046875,452.0,452.0,451.0,452.0,8000
2002-12-10,284.85546875,447.0,452.0,441.0,441.0,24000
2002-12-11,282.306396484375,443.0,448.0,443.0,447.0,4000
2002-12-12,282.9436950683594,444.0,446.0,442.0,444.0,7000
2002-12-13,278.48291015625,437.0,437.0,437.0,437.0,54000
2002-12-16,272.1102600097656,427.0,437.0,427.0,435.0,12000
2002-12-17,267.64947509765625,420.0,425.0,415.0,417.0,12000
2002-12-18,268.2867126464844,421.0,430.0,421.0,425.0,13000
2002-12-19,274.0220642089844,430.0,431.0,424.0,431.0,24000
2002-12-20,284.21826171875,446.0,446.0,440.0,440.0,24000
2002-12-23,284.21826171875,446.0,446.0,446.0,446.0,0
2002-12-24,291.8653259277344,458.0,461.0,454.0,461.0,20000
2002-12-25,291.2281188964844,457.0,458.0,435.0,458.0,27000
2002-12-26,291.2281188964844,457.0,457.0,457.0,457.0,9000
2002-12-27,299.512451171875,470.0,470.0,458.0,458.0,12000
2002-12-30,300.1497802734375,471.0,471.0,460.0,460.0,2000
2003-01-03,300.1497802734375,471.0,471.0,471.0,471.0,0
2003-01-06,298.8752136230469,469.0,472.0,469.0,469.0,8000
2003-01-07,307.7968139648437,483.0,489.0,483.0,489.0,34000
2003-01-08,305.8851013183594,480.0,480.0,469.0,475.0,11000
2003-01-09,306.5223693847656,481.0,481.0,474.0,475.0,8000
2003-01-10,304.6105651855469,478.0,479.0,478.0,479.0,5000
2003-01-13,304.6105651855469,478.0,478.0,478.0,478.0,0
2003-01-14,302.69879150390625,475.0,475.0,475.0,475.0,2000
2003-01-15,305.8851013183594,480.0,481.0,475.0,480.0,17000
2003-01-16,298.2379455566406,468.0,468.0,465.0,465.0,2000
2003-01-17,287.4045104980469,451.0,467.0,450.0,467.0,35000
2003-01-20,290.5908508300781,456.0,456.0,450.0,450.0,6000
2003-01-21,289.9535522460937,455.0,461.0,455.0,457.0,10000
2003-01-22,285.4927062988281,448.0,456.0,448.0,456.0,9000
2003-01-23,292.5026550292969,459.0,460.0,438.0,439.0,13000
2003-01-24,293.13995361328125,460.0,460.0,455.0,460.0,10000
2003-01-27,286.7671813964844,450.0,455.0,450.0,455.0,7000
2003-01-28,284.21826171875,446.0,454.0,446.0,453.0,8000
2003-01-29,284.21826171875,446.0,449.0,441.0,447.0,14000
2003-01-30,276.5710754394531,434.0,440.0,433.0,440.0,15000
2003-01-31,273.3848571777344,429.0,430.0,425.0,430.0,36000
2003-02-03,267.01220703125,419.0,429.0,417.0,429.0,43000
2003-02-04,272.1102600097656,427.0,430.0,422.0,422.0,42000
2003-02-05,271.4730529785156,426.0,431.0,426.0,428.0,19000
2003-02-06,270.8358154296875,425.0,436.0,425.0,436.0,14000
2003-02-07,274.0220642089844,430.0,430.0,425.0,430.0,15000
2003-02-10,276.5710754394531,434.0,435.0,427.0,430.0,16000
2003-02-11,276.5710754394531,434.0,434.0,434.0,434.0,0
2003-02-12,285.4927062988281,448.0,453.0,444.0,444.0,19000
2003-02-13,279.75738525390625,439.0,453.0,439.0,453.0,14000
2003-02-14,283.5809326171875,445.0,445.0,440.0,440.0,23000
2003-02-17,284.21826171875,446.0,454.0,446.0,454.0,9000
2003-02-18,267.64947509765625,420.0,441.0,420.0,441.0,38000
2003-02-19,275.93377685546875,433.0,437.0,427.0,430.0,20000
2003-02-20,274.0220642089844,430.0,436.0,430.0,433.0,15000
2003-02-21,276.5710754394531,434.0,436.0,432.0,432.0,9000
2003-02-24,274.0220642089844,430.0,434.0,430.0,434.0,22000
2003-02-25,275.93377685546875,433.0,435.0,430.0,435.0,14000
2003-02-26,279.1200256347656,438.0,443.0,438.0,443.0,8000
2003-02-27,275.93377685546875,433.0,443.0,433.0,443.0,14000
2003-02-28,272.7475280761719,428.0,434.0,428.0,434.0,10000
2003-03-03,280.3946533203125,440.0,444.0,430.0,430.0,17000
2003-03-04,281.669189453125,442.0,442.0,435.0,440.0,15000
2003-03-05,277.8456726074219,436.0,438.0,434.0,434.0,12000
2003-03-06,283.5809326171875,445.0,448.0,438.0,438.0,12000
2003-03-07,281.669189453125,442.0,450.0,442.0,450.0,4000
2003-03-10,280.3946533203125,440.0,450.0,438.0,449.0,16000
2003-03-11,277.2083740234375,435.0,445.0,435.0,445.0,18000
2003-03-12,275.2965393066406,432.0,435.0,431.0,435.0,9000
2003-03-13,281.0319519042969,441.0,441.0,432.0,432.0,10000
2003-03-14,281.0319519042969,441.0,441.0,441.0,441.0,54000
2003-03-17,281.0319519042969,441.0,443.0,436.0,441.0,11000
2003-03-18,281.0319519042969,441.0,450.0,441.0,450.0,19000
2003-03-19,281.0319519042969,441.0,441.0,439.0,440.0,5000
2003-03-20,282.9436950683594,444.0,449.0,440.0,449.0,18000
2003-03-21,282.9436950683594,444.0,444.0,444.0,444.0,0
2003-03-24,290.5908508300781,456.0,456.0,449.0,449.0,29000
2003-03-25,288.041748046875,452.0,454.0,447.0,454.0,27000
2003-03-26,303.2700500488281,468.0,471.0,458.0,458.0,26000
2003-03-27,301.9740295410156,466.0,468.0,466.0,468.0,19000
2003-03-28,303.2700500488281,468.0,468.0,465.0,467.0,18000
2003-03-31,297.4379272460937,459.0,467.0,459.0,467.0,12000
2003-04-01,286.4217834472656,442.0,447.0,441.0,446.0,8000
2003-04-02,294.845947265625,455.0,455.0,453.0,455.0,19000
2003-04-03,290.9578552246094,449.0,454.0,449.0,454.0,6000
2003-04-04,287.7177429199219,444.0,448.0,442.0,442.0,16000
2003-04-07,282.5336303710937,436.0,441.0,436.0,441.0,10000
2003-04-08,291.6058959960937,450.0,453.0,439.0,439.0,11000
2003-04-09,298.08599853515625,460.0,460.0,450.0,450.0,45000
2003-04-10,296.1419372558594,457.0,462.0,453.0,460.0,9000
2003-04-11,291.6058959960937,450.0,458.0,450.0,458.0,15000
2003-04-14,288.36572265625,445.0,451.0,445.0,451.0,29000
2003-04-15,293.5498962402344,453.0,457.0,446.0,447.0,23000
2003-04-16,290.3098449707031,448.0,454.0,448.0,454.0,6000
2003-04-17,292.2539367675781,451.0,452.0,449.0,450.0,11000
2003-04-18,289.013916015625,446.0,450.0,446.0,449.0,14000
2003-04-21,292.9018859863281,452.0,455.0,450.0,450.0,15000
2003-04-22,289.013916015625,446.0,452.0,446.0,450.0,15000
2003-04-23,289.661865234375,447.0,447.0,447.0,447.0,1000
2003-04-24,289.661865234375,447.0,448.0,447.0,448.0,7000
2003-04-25,291.6058959960937,450.0,450.0,447.0,449.0,28000
2003-04-28,290.3098449707031,448.0,448.0,437.0,437.0,21000
2003-04-30,291.6058959960937,450.0,450.0,443.0,448.0,8000
2003-05-01,291.6058959960937,450.0,450.0,450.0,450.0,4000
2003-05-02,290.3098449707031,448.0,449.0,448.0,449.0,3000
2003-05-05,290.3098449707031,448.0,448.0,448.0,448.0,0
2003-05-06,291.6058959960937,450.0,451.0,449.0,449.0,12000
2003-05-07,291.6058959960937,450.0,450.0,449.0,449.0,7000
2003-05-08,289.013916015625,446.0,450.0,445.0,450.0,8000
2003-05-09,292.2539367675781,451.0,452.0,450.0,451.0,12000
2003-05-12,298.08599853515625,460.0,460.0,460.0,460.0,5000
2003-05-13,298.08599853515625,460.0,466.0,459.0,459.0,13000
2003-05-14,303.91815185546875,469.0,469.0,465.0,465.0,3000
2003-05-15,301.9740295410156,466.0,466.0,466.0,466.0,7000
2003-05-16,301.9740295410156,466.0,466.0,460.0,460.0,5000
2003-05-19,300.6779479980469,464.0,466.0,462.0,465.0,20000
2003-05-20,307.1581115722656,474.0,474.0,469.0,469.0,21000
2003-05-21,312.9903869628906,483.0,490.0,482.0,486.0,27000
2003-05-22,321.4144592285156,496.0,504.0,483.0,483.0,23000
2003-05-23,318.1743469238281,491.0,509.0,491.0,509.0,19000
2003-05-26,318.1743469238281,491.0,495.0,491.0,495.0,8000
2003-05-27,322.0624389648437,497.0,499.0,493.0,499.0,10000
2003-05-28,322.0624389648437,497.0,500.0,497.0,497.0,7000
2003-05-29,317.5263977050781,490.0,501.0,490.0,498.0,22000
2003-05-30,322.0624389648437,497.0,504.0,495.0,495.0,13000
2003-06-02,325.3026428222656,502.0,504.0,498.0,498.0,3000
2003-06-03,327.24658203125,505.0,505.0,494.0,494.0,8000
2003-06-04,330.4866638183594,510.0,514.0,507.0,507.0,22000
2003-06-05,331.7826232910156,512.0,519.0,512.0,519.0,5000
2003-06-06,343.4468994140625,530.0,530.0,512.0,512.0,20000
2003-06-09,338.26287841796875,522.0,529.0,521.0,529.0,21000
2003-06-10,332.4306335449219,513.0,514.0,512.0,512.0,19000
2003-06-11,332.4306335449219,513.0,515.0,511.0,513.0,17000
2003-06-12,335.67071533203125,518.0,520.0,518.0,520.0,9000
2003-06-13,338.26287841796875,522.0,529.0,518.0,519.0,58000
2003-06-16,325.3026428222656,502.0,504.0,492.0,502.0,16000
2003-06-17,328.5425720214844,507.0,510.0,503.0,503.0,13000
2003-06-18,325.3026428222656,502.0,507.0,502.0,507.0,16000
2003-06-19,325.9505310058594,503.0,503.0,502.0,502.0,7000
2003-06-20,324.006591796875,500.0,500.0,482.0,492.0,33000
2003-06-23,331.13458251953125,511.0,511.0,490.0,490.0,3000
2003-06-24,318.8223571777344,492.0,515.0,492.0,510.0,31000
2003-06-25,329.83856201171875,509.0,509.0,509.0,509.0,5000
2003-06-26,333.0787048339844,514.0,514.0,498.0,510.0,18000
2003-06-27,342.7989196777344,529.0,529.0,523.0,524.0,18000
2003-06-30,344.7428283691406,532.0,532.0,524.0,530.0,32000
2003-07-01,346.68701171875,535.0,536.0,533.0,533.0,40000
2003-07-02,343.4468994140625,530.0,540.0,529.0,540.0,28000
2003-07-03,340.20684814453125,525.0,530.0,525.0,530.0,17000
2003-07-04,342.1509094238281,528.0,528.0,516.0,525.0,17000
2003-07-07,340.8549194335937,526.0,529.0,521.0,529.0,24000
2003-07-08,334.37469482421875,516.0,529.0,513.0,519.0,30000
2003-07-09,340.20684814453125,525.0,527.0,525.0,526.0,12000
2003-07-10,337.61480712890625,521.0,525.0,521.0,525.0,8000
2003-07-11,329.1906433105469,508.0,521.0,508.0,511.0,23000
2003-07-14,334.37469482421875,516.0,520.0,516.0,520.0,13000
2003-07-15,327.89459228515625,506.0,516.0,505.0,516.0,22000
2003-07-16,326.5985717773437,504.0,506.0,504.0,506.0,23000
2003-07-17,320.11846923828125,494.0,505.0,493.0,505.0,31000
2003-07-18,325.3026428222656,502.0,504.0,499.0,500.0,7000
2003-07-21,325.3026428222656,502.0,502.0,502.0,502.0,0
2003-07-22,318.8223571777344,492.0,495.0,492.0,495.0,14000
2003-07-23,324.006591796875,500.0,502.0,494.0,497.0,18000
2003-07-24,324.6545715332031,501.0,511.0,500.0,500.0,19000
2003-07-25,319.4703369140625,493.0,501.0,492.0,501.0,27000
2003-07-28,323.3585510253906,499.0,504.0,493.0,504.0,26000
2003-07-29,324.006591796875,500.0,510.0,495.0,510.0,30000
2003-07-30,325.9505310058594,503.0,508.0,499.0,499.0,15000
2003-07-31,325.9505310058594,503.0,506.0,501.0,503.0,49000
2003-08-01,328.5425720214844,507.0,513.0,506.0,513.0,14000
2003-08-04,330.4866638183594,510.0,517.0,510.0,517.0,21000
2003-08-05,324.6545715332031,501.0,501.0,494.0,500.0,16000
2003-08-06,329.1906433105469,508.0,508.0,507.0,507.0,40000
2003-08-07,329.1906433105469,508.0,508.0,508.0,508.0,0
2003-08-08,322.71051025390625,498.0,509.0,498.0,509.0,12000
2003-08-11,321.4144592285156,496.0,507.0,496.0,507.0,11000
2003-08-12,321.4144592285156,496.0,498.0,496.0,496.0,10000
2003-08-13,322.71051025390625,498.0,498.0,497.0,498.0,8000
2003-08-14,325.9505310058594,503.0,510.0,498.0,498.0,14000
2003-08-15,324.006591796875,500.0,500.0,500.0,500.0,7000
2003-08-18,333.0787048339844,514.0,514.0,509.0,510.0,10000
2003-08-19,333.0787048339844,514.0,515.0,510.0,515.0,11000
2003-08-20,329.1906433105469,508.0,514.0,506.0,514.0,14000
2003-08-21,329.1906433105469,508.0,513.0,501.0,501.0,10000
2003-08-22,331.13458251953125,511.0,512.0,502.0,502.0,20000
2003-08-25,331.7826232910156,512.0,515.0,511.0,515.0,15000
2003-08-26,328.5425720214844,507.0,513.0,507.0,513.0,6000
2003-08-27,326.5985717773437,504.0,506.0,501.0,501.0,20000
2003-08-28,326.5985717773437,504.0,509.0,504.0,505.0,11000
2003-08-29,328.5425720214844,507.0,507.0,505.0,505.0,12000
2003-09-01,334.37469482421875,516.0,516.0,510.0,510.0,15000
2003-09-02,335.0227355957031,517.0,517.0,516.0,516.0,14000
2003-09-03,336.3187561035156,519.0,526.0,517.0,519.0,25000
2003-09-04,336.3187561035156,519.0,520.0,519.0,520.0,6000
2003-09-05,334.37469482421875,516.0,520.0,514.0,520.0,18000
2003-09-08,340.8549194335937,526.0,526.0,517.0,520.0,34000
2003-09-09,336.3187561035156,519.0,531.0,518.0,531.0,21000
2003-09-10,344.7428283691406,532.0,535.0,520.0,520.0,36000
2003-09-11,346.68701171875,535.0,544.0,533.0,533.0,17000
2003-09-12,356.4072265625,550.0,550.0,546.0,550.0,76000
2003-09-15,356.4072265625,550.0,550.0,550.0,550.0,0
2003-09-16,350.574951171875,541.0,549.0,540.0,549.0,19000
2003-09-17,356.4072265625,550.0,550.0,541.0,541.0,13000
2003-09-18,356.4072265625,550.0,552.0,546.0,551.0,13000
2003-09-19,362.8872680664063,560.0,560.0,552.0,553.0,31000
2003-09-22,368.0713806152344,568.0,568.0,562.0,563.0,21000
2003-09-23,368.0713806152344,568.0,568.0,568.0,568.0,0
2003-09-24,372.6074523925781,575.0,575.0,551.0,551.0,18000
2003-09-25,364.4002075195313,555.0,598.0,555.0,598.0,46000
2003-09-26,370.3093872070313,564.0,569.0,555.0,555.0,25000
2003-09-29,372.935791015625,568.0,569.0,560.0,569.0,21000
2003-09-30,367.6831359863281,560.0,569.0,560.0,569.0,14000
2003-10-01,365.7135009765625,557.0,561.0,557.0,560.0,14000
2003-10-02,380.8147583007813,580.0,580.0,559.0,563.0,27000
2003-10-03,390.6634216308594,595.0,595.0,576.0,580.0,35000
2003-10-06,388.693603515625,592.0,599.0,590.0,594.0,23000
2003-10-07,388.693603515625,592.0,595.0,590.0,592.0,29000
2003-10-08,384.7540283203125,586.0,600.0,586.0,591.0,67000
2003-10-09,377.53173828125,575.0,585.0,575.0,576.0,6000
2003-10-10,377.53173828125,575.0,575.0,567.0,570.0,18000
2003-10-13,377.53173828125,575.0,575.0,575.0,575.0,0
2003-10-14,377.53173828125,575.0,580.0,575.0,576.0,4000
2003-10-16,374.24896240234375,570.0,570.0,570.0,570.0,3000
2003-10-17,375.56201171875,572.0,572.0,571.0,571.0,5000
2003-10-20,374.9055480957031,571.0,573.0,571.0,572.0,8000
2003-10-21,367.6831359863281,560.0,572.0,557.0,572.0,17000
2003-10-22,361.1174011230469,550.0,552.0,549.0,552.0,10000
2003-10-23,358.4910888671875,546.0,551.0,521.0,549.0,21000
2003-10-24,344.04638671875,524.0,556.0,524.0,556.0,11000
2003-10-27,349.29888916015625,532.0,532.0,528.0,529.0,9000
2003-10-28,362.4305419921875,552.0,562.0,552.0,562.0,4000
2003-10-29,350.6120910644531,534.0,553.0,534.0,553.0,6000
2003-10-30,349.9555969238281,533.0,533.0,525.0,525.0,9000
2003-10-31,367.026611328125,559.0,567.0,552.0,553.0,18000
2003-11-03,367.026611328125,559.0,559.0,559.0,559.0,0
2003-11-04,377.53173828125,575.0,577.0,560.0,560.0,20000
2003-11-05,371.6227416992188,566.0,576.0,561.0,576.0,16000
2003-11-06,360.4607238769531,549.0,563.0,536.0,536.0,23000
2003-11-07,358.4910888671875,546.0,549.0,545.0,549.0,7000
2003-11-10,363.0871276855469,553.0,566.0,546.0,546.0,19000
2003-11-11,361.1174011230469,550.0,563.0,529.0,559.0,18000
2003-11-12,373.59228515625,569.0,572.0,569.0,572.0,21000
2003-11-13,364.4002075195313,555.0,568.0,554.0,567.0,10000
2003-11-14,365.0567626953125,556.0,571.0,555.0,555.0,19000
2003-11-17,363.7437133789063,554.0,566.0,550.0,566.0,6000
2003-11-18,344.70294189453125,525.0,525.0,514.0,514.0,9000
2003-11-19,367.6831359863281,560.0,560.0,515.0,518.0,14000
2003-11-20,353.89501953125,539.0,542.0,526.0,542.0,11000
2003-11-21,367.6831359863281,560.0,560.0,550.0,550.0,7000
2003-11-24,367.6831359863281,560.0,560.0,560.0,560.0,0
2003-11-25,371.6227416992188,566.0,576.0,556.0,570.0,11000
2003-11-26,371.6227416992188,566.0,567.0,566.0,567.0,7000
2003-11-27,372.2792053222656,567.0,567.0,557.0,567.0,11000
2003-11-28,360.4607238769531,549.0,560.0,549.0,550.0,14000
2003-12-01,368.9963073730469,562.0,570.0,550.0,550.0,19000
2003-12-02,368.9963073730469,562.0,570.0,561.0,569.0,13000
2003-12-03,368.3397216796875,561.0,562.0,560.0,562.0,8000
2003-12-04,372.2792053222656,567.0,568.0,558.0,568.0,17000
2003-12-05,370.9661254882813,565.0,566.0,550.0,561.0,12000
2003-12-08,369.65283203125,563.0,569.0,559.0,566.0,20000
2003-12-09,373.59228515625,569.0,569.0,554.0,563.0,13000
2003-12-10,370.3093872070313,564.0,574.0,559.0,559.0,6000
2003-12-11,364.4002075195313,555.0,564.0,534.0,564.0,31000
2003-12-12,361.1174011230469,550.0,560.0,545.0,560.0,46000
2003-12-15,367.6831359863281,560.0,570.0,560.0,564.0,10000
2003-12-16,367.6831359863281,560.0,570.0,560.0,570.0,7000
2003-12-17,361.1174011230469,550.0,553.0,545.0,553.0,6000
2003-12-18,359.8041687011719,548.0,550.0,540.0,550.0,8000
2003-12-19,357.1778259277344,544.0,558.0,543.0,558.0,18000
2003-12-22,374.24896240234375,570.0,574.0,567.0,574.0,21000
2003-12-24,377.53173828125,575.0,579.0,571.0,575.0,21000
2003-12-25,375.56201171875,572.0,578.0,570.0,578.0,12000
2003-12-26,379.5015563964844,578.0,578.0,578.0,578.0,13000
2003-12-29,379.5015563964844,578.0,581.0,572.0,580.0,18000
2003-12-30,366.3699951171875,558.0,558.0,558.0,558.0,2000
2004-01-02,366.3699951171875,558.0,558.0,558.0,558.0,0
2004-01-05,373.59228515625,569.0,579.0,569.0,578.0,3000
2004-01-06,376.2186584472656,573.0,575.0,570.0,574.0,15000
2004-01-07,380.8147583007813,580.0,581.0,573.0,573.0,22000
2004-01-08,380.8147583007813,580.0,580.0,573.0,578.0,17000
2004-01-09,378.1882629394531,576.0,580.0,572.0,579.0,10000
2004-01-12,378.1882629394531,576.0,576.0,576.0,576.0,0
2004-01-13,380.1581726074219,579.0,579.0,572.0,577.0,8000
2004-01-14,377.53173828125,575.0,575.0,569.0,569.0,9000
2004-01-15,365.7135009765625,557.0,577.0,557.0,576.0,12000
2004-01-16,376.8751220703125,574.0,574.0,558.0,558.0,11000
2004-01-19,376.8751220703125,574.0,574.0,564.0,564.0,9000
2004-01-20,369.65283203125,563.0,570.0,560.0,570.0,14000
2004-01-21,369.65283203125,563.0,569.0,555.0,560.0,32000
2004-01-22,368.9963073730469,562.0,564.0,561.0,561.0,4000
2004-01-23,367.6831359863281,560.0,563.0,557.0,562.0,17000
2004-01-26,370.9661254882813,565.0,565.0,560.0,560.0,13000
2004-01-27,365.7135009765625,557.0,567.0,557.0,565.0,17000
2004-01-28,367.6831359863281,560.0,560.0,556.0,556.0,8000
2004-01-29,361.7740173339844,551.0,557.0,551.0,557.0,16000
2004-01-30,372.2792053222656,567.0,568.0,548.0,548.0,28000
2004-02-02,368.3397216796875,561.0,565.0,561.0,565.0,3000
2004-02-03,368.3397216796875,561.0,567.0,559.0,559.0,25000
2004-02-04,370.3093872070313,564.0,564.0,562.0,563.0,10000
2004-02-05,365.7135009765625,557.0,569.0,555.0,562.0,33000
2004-02-06,367.026611328125,559.0,563.0,559.0,560.0,10000
2004-02-09,366.3699951171875,558.0,560.0,556.0,560.0,6000
2004-02-10,374.24896240234375,570.0,570.0,552.0,552.0,37000
2004-02-11,374.24896240234375,570.0,570.0,570.0,570.0,0
2004-02-12,370.3093872070313,564.0,564.0,557.0,559.0,13000
2004-02-13,369.65283203125,563.0,563.0,560.0,562.0,11000
2004-02-16,368.3397216796875,561.0,565.0,558.0,565.0,12000
2004-02-17,372.935791015625,568.0,570.0,562.0,562.0,12000
2004-02-18,374.24896240234375,570.0,573.0,562.0,564.0,26000
2004-02-19,374.24896240234375,570.0,570.0,570.0,570.0,6000
2004-02-20,373.59228515625,569.0,569.0,565.0,569.0,4000
2004-02-23,372.935791015625,568.0,570.0,563.0,569.0,9000
2004-02-24,375.56201171875,572.0,573.0,565.0,565.0,39000
2004-02-25,375.56201171875,572.0,574.0,571.0,571.0,27000
2004-02-26,375.56201171875,572.0,572.0,568.0,571.0,9000
2004-02-27,376.2186584472656,573.0,574.0,565.0,573.0,34000
2004-03-01,382.12786865234375,582.0,585.0,568.0,569.0,39000
2004-03-02,393.2896423339844,599.0,605.0,584.0,584.0,53000
2004-03-03,388.0369567871094,591.0,609.0,591.0,609.0,46000
2004-03-04,403.1382751464844,614.0,614.0,609.0,610.0,30000
2004-03-05,393.9462585449219,600.0,610.0,588.0,610.0,40000
2004-03-08,395.2593078613281,602.0,610.0,602.0,610.0,6000
2004-03-09,410.3607482910156,625.0,625.0,600.0,610.0,61000
2004-03-10,407.0777893066406,620.0,633.0,619.0,627.0,54000
2004-03-11,412.9870300292969,629.0,630.0,610.0,620.0,34000
2004-03-12,416.9264221191406,635.0,635.0,618.0,619.0,51000
2004-03-15,420.2093505859375,640.0,640.0,636.0,636.0,23000
2004-03-16,415.61328125,633.0,637.0,627.0,635.0,20000
2004-03-17,430.0579833984375,655.0,660.0,644.0,644.0,56000
2004-03-18,426.1185302734375,649.0,661.0,648.0,660.0,39000
2004-03-19,430.0579833984375,655.0,668.0,638.0,649.0,92000
2004-03-22,425.4618835449219,648.0,655.0,635.0,655.0,21000
2004-03-23,426.7749633789063,650.0,650.0,641.0,646.0,20000
2004-03-24,432.0276489257813,658.0,670.0,650.0,660.0,44000
2004-03-25,446.4724426269531,680.0,685.0,669.0,669.0,51000
2004-03-26,450.1238098144531,678.0,680.0,676.0,679.0,25000
2004-03-29,458.7544555664063,691.0,710.0,678.0,688.0,51000
2004-03-30,455.4350891113281,686.0,700.0,686.0,699.0,29000
2004-03-31,478.0074462890625,720.0,720.0,682.0,685.0,39000
2004-04-01,474.6881713867188,715.0,720.0,700.0,720.0,40000
2004-04-02,462.7380065917969,697.0,709.0,688.0,709.0,16000
2004-04-05,464.065673828125,699.0,701.0,692.0,697.0,35000
2004-04-06,464.7295837402344,700.0,700.0,687.0,699.0,25000
2004-04-07,461.4101257324219,695.0,701.0,690.0,700.0,25000
2004-04-08,463.4019470214844,698.0,700.0,675.0,687.0,31000
2004-04-09,459.41839599609375,692.0,698.0,686.0,698.0,34000
2004-04-12,458.0906677246094,690.0,690.0,677.0,690.0,20000
2004-04-13,456.09906005859375,687.0,699.0,687.0,695.0,25000
2004-04-14,454.10736083984375,684.0,689.0,672.0,687.0,11000
2004-04-15,444.8125915527344,670.0,684.0,670.0,684.0,20000
2004-04-16,457.4266662597656,689.0,700.0,688.0,698.0,20000
2004-04-19,456.7628479003906,688.0,709.0,685.0,709.0,15000
2004-04-20,466.0573425292969,702.0,702.0,688.0,688.0,15000
2004-04-21,464.065673828125,699.0,699.0,683.0,683.0,10000
2004-04-22,468.04925537109375,705.0,705.0,696.0,699.0,32000
2004-04-23,458.7544555664063,691.0,705.0,682.0,705.0,14000
2004-04-26,454.7712707519531,685.0,695.0,681.0,691.0,13000
2004-04-27,451.45166015625,680.0,695.0,663.0,685.0,36000
2004-04-28,458.7544555664063,691.0,695.0,665.0,679.0,36000
2004-04-29,458.7544555664063,691.0,691.0,691.0,691.0,0
2004-04-30,442.8209838867188,667.0,686.0,665.0,671.0,38000
2004-05-05,442.8209838867188,667.0,667.0,667.0,667.0,0
2004-05-06,439.5014343261719,662.0,669.0,662.0,669.0,21000
2004-05-07,431.53460693359375,650.0,664.0,645.0,652.0,32000
2004-05-10,418.2566528320313,630.0,662.0,621.0,640.0,56000
2004-05-11,412.9455871582031,622.0,646.0,620.0,630.0,34000
2004-05-12,416.9288635253906,628.0,634.0,613.0,634.0,60000
2004-05-13,430.8707275390625,649.0,649.0,615.0,628.0,56000
2004-05-14,425.55963134765625,641.0,649.0,629.0,648.0,29000
2004-05-17,407.6342468261719,614.0,629.0,610.0,614.0,21000
2004-05-18,411.6177062988281,620.0,637.0,607.0,607.0,17000
2004-05-19,428.8790588378906,646.0,656.0,626.0,626.0,23000
2004-05-20,449.4598693847656,677.0,698.0,658.0,658.0,39000
2004-05-21,467.3851623535156,704.0,710.0,689.0,690.0,114000
2004-05-24,465.3935546875,701.0,710.0,690.0,710.0,61000
2004-05-25,456.7628479003906,688.0,700.0,687.0,700.0,14000
2004-05-26,458.7544555664063,691.0,696.0,687.0,696.0,18000
2004-05-27,459.41839599609375,692.0,699.0,690.0,695.0,38000
2004-05-28,462.0740661621094,696.0,696.0,683.0,692.0,21000
2004-05-31,464.065673828125,699.0,710.0,699.0,710.0,27000
2004-06-01,466.0573425292969,702.0,705.0,689.0,705.0,40000
2004-06-02,465.3935546875,701.0,708.0,696.0,708.0,52000
2004-06-03,463.4019470214844,698.0,705.0,695.0,704.0,45000
2004-06-04,470.0408630371094,708.0,710.0,703.0,703.0,55000
2004-06-07,475.35205078125,716.0,724.0,701.0,710.0,43000
2004-06-08,491.2857360839844,740.0,740.0,720.0,728.0,156000
2004-06-09,500.5802612304688,754.0,758.0,734.0,738.0,87000
2004-06-10,505.8915100097656,762.0,780.0,752.0,753.0,80000
2004-06-11,504.5636291503906,760.0,769.0,753.0,762.0,84000
2004-06-14,517.8416137695312,780.0,798.0,765.0,765.0,59000
2004-06-15,521.1612548828125,785.0,797.0,775.0,783.0,57000
2004-06-16,526.4722290039062,793.0,798.0,788.0,792.0,48000
2004-06-17,537.0947265625,809.0,820.0,789.0,789.0,57000
2004-06-18,541.0780029296875,815.0,815.0,786.0,809.0,83000
2004-06-21,543.0697631835938,818.0,820.0,800.0,820.0,31000
2004-06-22,535.10302734375,806.0,818.0,800.0,818.0,21000
2004-06-23,531.11962890625,800.0,810.0,800.0,809.0,53000
2004-06-24,531.783447265625,801.0,803.0,799.0,803.0,12000
2004-06-25,547.7169189453125,825.0,840.0,804.0,810.0,74000
2004-06-28,557.0117797851562,839.0,839.0,825.0,825.0,40000
2004-06-29,561.6589965820312,846.0,848.0,837.0,840.0,51000
2004-06-30,570.9535522460938,860.0,863.0,851.0,863.0,79000
2004-07-01,562.3228149414062,847.0,860.0,845.0,860.0,29000
2004-07-02,553.6921997070312,834.0,845.0,826.0,845.0,28000
2004-07-05,545.0616455078125,821.0,828.0,820.0,826.0,39000
2004-07-06,543.7337036132812,819.0,835.0,811.0,811.0,40000
2004-07-07,533.1112060546875,803.0,817.0,792.0,814.0,32000
2004-07-08,537.0947265625,809.0,824.0,791.0,798.0,46000
2004-07-09,536.4308471679688,808.0,808.0,800.0,806.0,23000
2004-07-12,536.4308471679688,808.0,810.0,806.0,806.0,10000
2004-07-13,546.3892822265625,823.0,830.0,818.0,818.0,55000
2004-07-14,537.7584838867188,810.0,835.0,810.0,829.0,23000
2004-07-15,550.3727416992188,829.0,829.0,810.0,811.0,38000
2004-07-16,549.708740234375,828.0,828.0,810.0,810.0,35000
2004-07-19,549.708740234375,828.0,828.0,828.0,828.0,0
2004-07-20,541.7417602539062,816.0,827.0,816.0,826.0,21000
2004-07-21,544.3974609375,820.0,826.0,806.0,806.0,24000
2004-07-22,537.7584838867188,810.0,818.0,805.0,817.0,47000
2004-07-23,548.3809814453125,826.0,831.0,820.0,830.0,43000
2004-07-26,547.7169189453125,825.0,829.0,823.0,829.0,17000
2004-07-27,538.422607421875,811.0,826.0,811.0,826.0,28000
2004-07-28,547.0531616210938,824.0,826.0,820.0,820.0,34000
2004-07-29,548.3809814453125,826.0,830.0,817.0,817.0,17000
2004-07-30,564.3145751953125,850.0,852.0,836.0,840.0,58000
2004-08-02,564.3145751953125,850.0,850.0,844.0,850.0,21000
2004-08-03,564.9784545898438,851.0,857.0,847.0,851.0,67000
2004-08-04,571.617431640625,861.0,870.0,846.0,850.0,124000
2004-08-05,570.28955078125,859.0,863.0,855.0,863.0,34000
2004-08-06,570.9535522460938,860.0,860.0,839.0,850.0,39000
2004-08-09,564.3145751953125,850.0,851.0,845.0,850.0,25000
2004-08-10,565.6423950195312,852.0,855.0,840.0,840.0,42000
2004-08-11,565.6423950195312,852.0,860.0,852.0,853.0,27000
2004-08-12,564.3145751953125,850.0,859.0,845.0,852.0,23000
2004-08-13,557.0117797851562,839.0,851.0,835.0,851.0,22000
2004-08-16,549.0448608398438,827.0,839.0,816.0,839.0,32000
2004-08-17,557.0117797851562,839.0,849.0,828.0,828.0,38000
2004-08-18,554.3560791015625,835.0,839.0,828.0,838.0,48000
2004-08-19,563.6505737304688,849.0,852.0,843.0,844.0,33000
2004-08-20,570.28955078125,859.0,863.0,846.0,849.0,48000
2004-08-23,572.28125,862.0,862.0,849.0,849.0,42000
2004-08-24,576.9285888671875,869.0,869.0,861.0,863.0,30000
2004-08-25,584.2315673828125,880.0,888.0,855.0,870.0,42000
2004-08-26,578.2562866210938,871.0,889.0,871.0,882.0,38000
2004-08-27,588.21484375,886.0,887.0,871.0,880.0,26000
2004-08-30,590.87060546875,890.0,895.0,880.0,880.0,35000
2004-08-31,594.18994140625,895.0,901.0,892.0,892.0,62000
2004-09-01,593.526123046875,894.0,895.0,882.0,885.0,29000
2004-09-02,602.1566772460938,907.0,908.0,895.0,897.0,36000
2004-09-03,595.5177001953125,897.0,905.0,893.0,900.0,13000
2004-09-06,594.8539428710938,896.0,899.0,891.0,895.0,44000
2004-09-07,592.1983032226562,892.0,896.0,886.0,896.0,34000
2004-09-08,602.1566772460938,907.0,908.0,891.0,891.0,43000
2004-09-09,611.4513549804688,921.0,925.0,907.0,908.0,78000
2004-09-10,632.0322875976562,952.0,952.0,927.0,929.0,138000
2004-09-13,649.293701171875,978.0,978.0,953.0,953.0,63000
2004-09-14,675.8497314453125,1018.0,1045.0,988.0,988.0,166000
2004-09-15,695.1027221679688,1047.0,1050.0,990.0,1012.0,132000
2004-09-16,691.119384765625,1041.0,1050.0,1030.0,1036.0,127000
2004-09-17,687.7997436523438,1036.0,1040.0,1022.0,1034.0,56000
2004-09-20,687.7997436523438,1036.0,1036.0,1036.0,1036.0,0
2004-09-21,734.9365234375,1107.0,1115.0,1034.0,1034.0,116000
2004-09-22,699.086181640625,1053.0,1107.0,1028.0,1101.0,104000
2004-09-23,699.086181640625,1053.0,1053.0,1053.0,1053.0,0
2004-09-24,695.7666625976562,1048.0,1048.0,1025.0,1048.0,39000
2004-09-27,712.8179931640625,1066.0,1079.0,1060.0,1061.0,48000
2004-09-28,708.1371459960938,1059.0,1065.0,1022.0,1065.0,42000
2004-09-29,710.1434326171875,1062.0,1089.0,1058.0,1089.0,27000
2004-09-30,712.1494140625,1065.0,1074.0,1063.0,1073.0,39000
2004-10-01,715.4927978515625,1070.0,1070.0,1052.0,1065.0,27000
2004-10-04,710.1434326171875,1062.0,1071.0,1040.0,1070.0,76000
2004-10-05,691.4201049804688,1034.0,1047.0,1032.0,1045.0,89000
2004-10-06,684.7332763671875,1024.0,1033.0,1015.0,1016.0,36000
2004-10-07,684.064697265625,1023.0,1024.0,1000.0,1004.0,88000
2004-10-08,686.07080078125,1026.0,1040.0,1012.0,1022.0,45000
2004-10-11,686.07080078125,1026.0,1026.0,1026.0,1026.0,0
2004-10-12,682.0585327148438,1020.0,1044.0,1011.0,1031.0,63000
2004-10-13,678.0465698242188,1014.0,1019.0,1014.0,1018.0,20000
2004-10-14,665.3416137695312,995.0,1024.0,990.0,1021.0,54000
2004-10-15,661.9981689453125,990.0,990.0,955.0,955.0,46000
2004-10-18,648.6243896484375,970.0,986.0,960.0,985.0,23000
2004-10-19,649.9618530273438,972.0,973.0,957.0,970.0,44000
2004-10-20,631.9071655273438,945.0,973.0,940.0,973.0,30000
2004-10-21,617.864990234375,924.0,935.0,910.0,935.0,56000
2004-10-22,611.8466796875,915.0,915.0,913.0,914.0,7000
2004-10-25,614.521484375,919.0,929.0,897.0,917.0,54000
2004-10-26,599.8103637695312,897.0,929.0,881.0,929.0,26000
2004-10-27,601.1477661132812,899.0,906.0,890.0,900.0,59000
2004-10-28,609.1718139648438,911.0,922.0,899.0,901.0,35000
2004-10-29,609.1718139648438,911.0,920.0,905.0,920.0,32000
2004-11-01,615.1901245117188,920.0,925.0,911.0,911.0,18000
2004-11-02,623.8829345703125,933.0,938.0,921.0,921.0,34000
2004-11-03,623.8829345703125,933.0,933.0,933.0,933.0,0
2004-11-04,634.5819091796875,949.0,951.0,935.0,950.0,42000
2004-11-05,654.6426391601562,979.0,992.0,958.0,958.0,87000
2004-11-08,648.6243896484375,970.0,1000.0,970.0,1000.0,25000
2004-11-09,650.6304321289062,973.0,983.0,970.0,973.0,27000
2004-11-10,651.9678344726562,975.0,979.0,964.0,974.0,33000
2004-11-11,661.3294677734375,989.0,1000.0,983.0,984.0,25000
2004-11-12,655.9798583984375,981.0,983.0,979.0,979.0,31000
2004-11-15,681.3900146484375,1019.0,1020.0,991.0,996.0,64000
2004-11-16,662.666748046875,991.0,1013.0,980.0,1013.0,39000
2004-11-17,655.3110961914062,980.0,988.0,980.0,982.0,29000
2004-11-18,649.9618530273438,972.0,988.0,972.0,988.0,31000
2004-11-19,631.2385864257812,944.0,959.0,943.0,952.0,21000
2004-11-22,613.18408203125,917.0,917.0,883.0,913.0,63000
2004-11-23,613.18408203125,917.0,917.0,917.0,917.0,0
2004-11-24,619.2022094726562,926.0,935.0,926.0,927.0,21000
2004-11-25,617.864990234375,924.0,926.0,905.0,926.0,11000
2004-11-26,631.9071655273438,945.0,958.0,924.0,924.0,28000
2004-11-29,623.2142333984375,932.0,948.0,923.0,938.0,29000
2004-11-30,628.5637817382812,940.0,950.0,932.0,934.0,32000
2004-12-01,627.8951416015625,939.0,947.0,930.0,947.0,22000
2004-12-02,624.5516967773438,934.0,940.0,910.0,940.0,113000
2004-12-03,599.1416625976562,896.0,925.0,896.0,924.0,29000
2004-12-06,601.1477661132812,899.0,916.0,897.0,897.0,67000
2004-12-07,614.521484375,919.0,924.0,888.0,897.0,41000
2004-12-08,607.1657104492188,908.0,911.0,899.0,899.0,26000
2004-12-09,613.18408203125,917.0,923.0,899.0,907.0,72000
2004-12-10,601.1477661132812,899.0,914.0,897.0,907.0,62000
2004-12-13,608.5033569335938,910.0,917.0,901.0,908.0,37000
2004-12-14,601.81640625,900.0,920.0,899.0,915.0,34000
2004-12-15,614.521484375,919.0,920.0,910.0,910.0,24000
2004-12-16,610.5093383789062,913.0,920.0,907.0,920.0,30000
2004-12-17,628.5637817382812,940.0,940.0,919.0,919.0,36000
2004-12-20,629.9009399414062,942.0,960.0,933.0,938.0,75000
2004-12-21,644.6123657226562,964.0,980.0,951.0,952.0,67000
2004-12-22,649.2930908203125,971.0,984.0,955.0,984.0,55000
2004-12-23,649.2930908203125,971.0,971.0,971.0,971.0,0
2004-12-24,649.9618530273438,972.0,990.0,961.0,980.0,77000
2004-12-27,653.3052368164062,977.0,995.0,974.0,982.0,68000
2004-12-28,646.6182250976562,967.0,980.0,960.0,977.0,36000
2004-12-29,647.9556884765625,969.0,976.0,965.0,967.0,16000
2004-12-30,653.9738159179688,978.0,990.0,978.0,989.0,12000
2005-01-03,653.9738159179688,978.0,978.0,978.0,978.0,0
2005-01-04,653.9738159179688,978.0,987.0,978.0,987.0,4000
2005-01-05,649.2930908203125,971.0,994.0,971.0,978.0,16000
2005-01-06,652.6363525390625,976.0,983.0,962.0,962.0,23000
2005-01-07,654.6426391601562,979.0,990.0,967.0,974.0,28000
2005-01-10,654.6426391601562,979.0,979.0,979.0,979.0,0
2005-01-11,659.3234252929688,986.0,989.0,974.0,979.0,49000
2005-01-12,649.2930908203125,971.0,985.0,967.0,985.0,28000
2005-01-13,643.943603515625,963.0,979.0,963.0,979.0,13000
2005-01-14,647.2869873046875,968.0,969.0,953.0,953.0,33000
2005-01-17,647.9556884765625,969.0,970.0,968.0,970.0,10000
2005-01-18,650.6304321289062,973.0,983.0,965.0,969.0,22000
2005-01-19,641.9375610351562,960.0,982.0,958.0,982.0,38000
2005-01-20,641.2688598632812,959.0,966.0,954.0,963.0,25000
2005-01-21,638.5940551757812,955.0,960.0,951.0,951.0,16000
2005-01-24,641.9375610351562,960.0,960.0,940.0,955.0,23000
2005-01-25,634.5819091796875,949.0,960.0,940.0,960.0,17000
2005-01-26,645.9495849609375,966.0,972.0,955.0,959.0,21000
2005-01-27,649.2930908203125,971.0,972.0,950.0,966.0,17000
2005-01-28,646.6182250976562,967.0,968.0,953.0,968.0,22000
2005-01-31,661.9981689453125,990.0,1000.0,970.0,970.0,51000
2005-02-01,664.0040893554688,993.0,994.0,980.0,990.0,21000
2005-02-02,674.7030639648438,1009.0,1009.0,982.0,994.0,52000
2005-02-03,661.9981689453125,990.0,1005.0,989.0,989.0,46000
2005-02-04,677.3777465820312,1013.0,1029.0,987.0,991.0,71000
2005-02-07,691.4201049804688,1034.0,1053.0,1030.0,1053.0,40000
2005-02-08,686.7392578125,1027.0,1032.0,1001.0,1014.0,84000
2005-02-09,682.0585327148438,1020.0,1034.0,1014.0,1027.0,44000
2005-02-10,676.0403442382812,1011.0,1020.0,1009.0,1020.0,28000
2005-02-11,676.0403442382812,1011.0,1011.0,1011.0,1011.0,0
2005-02-14,676.0403442382812,1011.0,1045.0,1011.0,1045.0,32000
2005-02-15,716.1616821289062,1071.0,1120.0,1017.0,1023.0,157000
2005-02-16,713.48681640625,1067.0,1110.0,1053.0,1053.0,113000
2005-02-17,725.523193359375,1085.0,1100.0,1058.0,1059.0,41000
2005-02-18,721.510986328125,1079.0,1085.0,1070.0,1078.0,32000
2005-02-21,708.1371459960938,1059.0,1082.0,1056.0,1079.0,44000
2005-02-22,708.1371459960938,1059.0,1070.0,1050.0,1050.0,31000
2005-02-23,708.8063354492188,1060.0,1066.0,1050.0,1059.0,25000
2005-02-24,720.173828125,1077.0,1080.0,1067.0,1079.0,19000
2005-02-25,714.82421875,1069.0,1087.0,1069.0,1081.0,21000
2005-02-28,735.5532836914062,1100.0,1100.0,1076.0,1087.0,31000
2005-03-01,733.5472412109375,1097.0,1110.0,1079.0,1100.0,44000
2005-03-02,745.5836791992188,1115.0,1115.0,1082.0,1097.0,30000
2005-03-03,738.896728515625,1105.0,1105.0,1085.0,1085.0,22000
2005-03-04,736.22216796875,1101.0,1110.0,1095.0,1106.0,31000
2005-03-07,736.22216796875,1101.0,1115.0,1088.0,1106.0,59000
2005-03-08,746.2523193359375,1116.0,1135.0,1099.0,1099.0,82000
2005-03-09,753.6080322265625,1127.0,1134.0,1111.0,1120.0,40000
2005-03-10,750.2645874023438,1122.0,1144.0,1121.0,1128.0,61000
2005-03-11,792.3916625976562,1185.0,1188.0,1133.0,1146.0,129000
2005-03-14,815.79541015625,1220.0,1250.0,1200.0,1200.0,91000
2005-03-15,819.8076782226562,1226.0,1240.0,1210.0,1221.0,84000
2005-03-16,817.8017578125,1223.0,1228.0,1212.0,1227.0,54000
2005-03-17,813.120849609375,1216.0,1225.0,1201.0,1222.0,66000
2005-03-18,813.7896118164062,1217.0,1220.0,1192.0,1196.0,71000
2005-03-21,813.7896118164062,1217.0,1217.0,1217.0,1217.0,0
2005-03-22,811.78369140625,1214.0,1230.0,1205.0,1216.0,57000
2005-03-23,805.7655029296875,1205.0,1214.0,1204.0,1212.0,14000
2005-03-24,792.3916625976562,1185.0,1205.0,1179.0,1205.0,57000
2005-03-25,782.3612060546875,1170.0,1185.0,1141.0,1185.0,113000
2005-03-28,772.6029663085938,1148.0,1165.0,1124.0,1143.0,18000
2005-03-29,773.2757568359375,1149.0,1183.0,1114.0,1128.0,29000
2005-03-30,751.0668334960938,1116.0,1143.0,1110.0,1122.0,21000
2005-03-31,773.9488525390625,1150.0,1150.0,1090.0,1100.0,50000
2005-04-01,770.5838012695312,1145.0,1150.0,1112.0,1145.0,19000
2005-04-04,769.2378540039062,1143.0,1149.0,1105.0,1105.0,32000
2005-04-05,776.6407470703125,1154.0,1177.0,1148.0,1172.0,36000
2005-04-06,776.6407470703125,1154.0,1174.0,1139.0,1174.0,44000
2005-04-07,784.0440673828125,1165.0,1169.0,1147.0,1154.0,29000
2005-04-08,786.735595703125,1169.0,1170.0,1157.0,1160.0,23000
2005-04-11,782.69775390625,1163.0,1173.0,1154.0,1167.0,24000
2005-04-12,777.98681640625,1156.0,1171.0,1150.0,1154.0,20000
2005-04-13,777.98681640625,1156.0,1166.0,1155.0,1157.0,10000
2005-04-14,770.5838012695312,1145.0,1145.0,1124.0,1141.0,14000
2005-04-15,760.4889526367188,1130.0,1151.0,1130.0,1143.0,24000
2005-04-18,726.8388061523438,1080.0,1110.0,1056.0,1110.0,50000
2005-04-19,730.2039184570312,1085.0,1087.0,1064.0,1084.0,21000
2005-04-20,727.5119018554688,1081.0,1130.0,1081.0,1124.0,27000
2005-04-21,717.4169921875,1066.0,1091.0,1065.0,1081.0,23000
2005-04-22,723.4739990234375,1075.0,1087.0,1070.0,1086.0,20000
2005-04-25,728.1849975585938,1082.0,1095.0,1075.0,1091.0,30000
2005-04-26,751.7398071289062,1117.0,1117.0,1090.0,1111.0,53000
2005-04-27,757.123779296875,1125.0,1131.0,1100.0,1131.0,32000
2005-04-28,771.9299926757812,1147.0,1164.0,1121.0,1121.0,34000
2005-04-29,771.9299926757812,1147.0,1147.0,1147.0,1147.0,0
2005-05-02,764.5267944335938,1136.0,1170.0,1136.0,1152.0,24000
2005-05-05,764.5267944335938,1136.0,1136.0,1136.0,1136.0,0
2005-05-06,772.6029663085938,1148.0,1188.0,1137.0,1170.0,36000
2005-05-09,774.6218872070312,1151.0,1169.0,1144.0,1168.0,13000
2005-05-10,770.5838012695312,1145.0,1150.0,1127.0,1150.0,21000
2005-05-11,784.0440673828125,1165.0,1180.0,1125.0,1125.0,33000
2005-05-12,798.8497314453125,1187.0,1200.0,1180.0,1191.0,47000
2005-05-13,797.5037841796875,1185.0,1196.0,1185.0,1196.0,28000
2005-05-16,790.77392578125,1175.0,1182.0,1158.0,1181.0,28000
2005-05-17,764.5267944335938,1136.0,1195.0,1109.0,1195.0,21000
2005-05-18,747.701904296875,1111.0,1139.0,1110.0,1121.0,51000
2005-05-19,747.701904296875,1111.0,1151.0,1110.0,1151.0,29000
2005-05-20,755.10498046875,1122.0,1125.0,1110.0,1111.0,36000
2005-05-23,753.0858154296875,1119.0,1129.0,1085.0,1122.0,26000
2005-05-24,742.990966796875,1104.0,1120.0,1091.0,1119.0,20000
2005-05-25,753.0858154296875,1119.0,1125.0,1108.0,1121.0,51000
2005-05-26,767.891845703125,1141.0,1159.0,1130.0,1139.0,35000
2005-05-27,778.6597900390625,1157.0,1185.0,1150.0,1177.0,32000
2005-05-30,778.6597900390625,1157.0,1177.0,1157.0,1177.0,27000
2005-05-31,799.52294921875,1188.0,1188.0,1159.0,1159.0,37000
2005-06-01,807.5986938476562,1200.0,1209.0,1188.0,1188.0,61000
2005-06-02,794.811767578125,1181.0,1212.0,1179.0,1199.0,39000
2005-06-03,794.1389770507812,1180.0,1192.0,1161.0,1161.0,34000
2005-06-06,788.0818481445312,1171.0,1180.0,1146.0,1170.0,24000
2005-06-07,785.3899536132812,1167.0,1172.0,1150.0,1151.0,15000
2005-06-08,753.759033203125,1120.0,1177.0,1119.0,1167.0,52000
2005-06-09,758.469970703125,1127.0,1131.0,1110.0,1131.0,50000
2005-06-10,773.2757568359375,1149.0,1158.0,1108.0,1128.0,65000
2005-06-13,769.910888671875,1144.0,1170.0,1144.0,1168.0,16000
2005-06-14,784.7168579101562,1166.0,1173.0,1160.0,1164.0,35000
2005-06-15,790.77392578125,1175.0,1180.0,1154.0,1180.0,25000
2005-06-16,780.0059814453125,1159.0,1172.0,1150.0,1168.0,24000
2005-06-17,782.69775390625,1163.0,1186.0,1163.0,1170.0,67000
2005-06-20,792.7926635742188,1178.0,1187.0,1163.0,1163.0,21000
2005-06-21,798.8497314453125,1187.0,1189.0,1181.0,1181.0,26000
2005-06-22,793.4657592773438,1179.0,1185.0,1175.0,1175.0,13000
2005-06-23,779.3328857421875,1158.0,1187.0,1158.0,1179.0,31000
2005-06-24,795.4850463867188,1182.0,1187.0,1159.0,1159.0,20000
2005-06-27,788.7548828125,1172.0,1179.0,1150.0,1170.0,19000
2005-06-28,798.1768188476562,1186.0,1186.0,1172.0,1173.0,21000
2005-06-29,807.5986938476562,1200.0,1200.0,1185.0,1186.0,34000
2005-06-30,799.52294921875,1188.0,1201.0,1186.0,1200.0,24000
2005-07-01,800.196044921875,1189.0,1195.0,1174.0,1195.0,31000
2005-07-04,810.9636840820312,1205.0,1205.0,1189.0,1191.0,29000
2005-07-05,804.9071044921875,1196.0,1204.0,1184.0,1204.0,15000
2005-07-06,810.9636840820312,1205.0,1210.0,1195.0,1195.0,51000
2005-07-07,792.1198120117188,1177.0,1186.0,1168.0,1186.0,34000
2005-07-08,804.23388671875,1195.0,1196.0,1161.0,1173.0,25000
2005-07-11,788.7548828125,1172.0,1196.0,1172.0,1196.0,14000
2005-07-12,804.23388671875,1195.0,1195.0,1174.0,1174.0,24000
2005-07-13,804.23388671875,1195.0,1195.0,1190.0,1195.0,20000
2005-07-14,806.2527465820312,1198.0,1198.0,1190.0,1194.0,26000
2005-07-15,805.5797119140625,1197.0,1205.0,1197.0,1200.0,26000
2005-07-18,805.5797119140625,1197.0,1197.0,1197.0,1197.0,0
2005-07-19,788.7548828125,1172.0,1197.0,1170.0,1197.0,23000
2005-07-20,798.8497314453125,1187.0,1198.0,1171.0,1192.0,48000
2005-07-21,809.61767578125,1203.0,1205.0,1177.0,1177.0,29000
2005-07-22,794.1389770507812,1180.0,1203.0,1178.0,1203.0,37000
2005-07-25,777.3140258789062,1155.0,1175.0,1150.0,1175.0,39000
2005-07-26,773.9488525390625,1150.0,1150.0,1141.0,1149.0,24000
2005-07-27,784.0440673828125,1165.0,1187.0,1150.0,1151.0,66000
2005-07-28,792.1198120117188,1177.0,1177.0,1166.0,1167.0,18000
2005-07-29,807.5986938476562,1200.0,1207.0,1187.0,1196.0,44000
2005-08-01,807.5986938476562,1200.0,1205.0,1180.0,1201.0,28000
2005-08-02,809.61767578125,1203.0,1208.0,1191.0,1208.0,27000
2005-08-03,807.5986938476562,1200.0,1212.0,1200.0,1212.0,27000
2005-08-04,807.5986938476562,1200.0,1208.0,1198.0,1208.0,22000
2005-08-05,788.0818481445312,1171.0,1187.0,1171.0,1180.0,27000
2005-08-08,794.1389770507812,1180.0,1180.0,1135.0,1167.0,28000
2005-08-09,822.4048461914062,1222.0,1222.0,1180.0,1181.0,57000
2005-08-10,823.7510986328125,1224.0,1246.0,1202.0,1202.0,60000
2005-08-11,835.19189453125,1241.0,1262.0,1235.0,1244.0,56000
2005-08-12,847.9785766601562,1260.0,1262.0,1239.0,1261.0,35000
2005-08-15,852.0166625976562,1266.0,1290.0,1240.0,1240.0,63000
2005-08-16,861.4388427734375,1280.0,1280.0,1246.0,1246.0,30000
2005-08-17,856.0548706054688,1272.0,1290.0,1267.0,1271.0,44000
2005-08-18,847.9785766601562,1260.0,1273.0,1248.0,1273.0,40000
2005-08-19,875.5716552734375,1301.0,1301.0,1261.0,1261.0,55000
2005-08-22,894.4158325195312,1329.0,1340.0,1302.0,1305.0,41000
2005-08-23,887.6857299804688,1319.0,1330.0,1308.0,1330.0,21000
2005-08-24,879.6096801757812,1307.0,1336.0,1292.0,1312.0,46000
2005-08-25,867.4954833984375,1289.0,1301.0,1272.0,1300.0,38000
2005-08-26,868.168701171875,1290.0,1290.0,1235.0,1289.0,42000
2005-08-29,841.9219360351562,1251.0,1284.0,1250.0,1284.0,31000
2005-08-30,843.2680053710938,1253.0,1280.0,1240.0,1254.0,67000
2005-08-31,882.974609375,1312.0,1317.0,1255.0,1273.0,64000
2005-09-01,862.7849731445312,1282.0,1312.0,1282.0,1312.0,23000
2005-09-02,879.6096801757812,1307.0,1307.0,1281.0,1302.0,20000
2005-09-05,870.860595703125,1294.0,1304.0,1287.0,1287.0,21000
2005-09-06,855.3818969726562,1271.0,1294.0,1271.0,1294.0,9000
2005-09-07,841.9219360351562,1251.0,1272.0,1235.0,1272.0,22000
2005-09-08,832.499755859375,1237.0,1255.0,1235.0,1254.0,33000
2005-09-09,810.9636840820312,1205.0,1245.0,1200.0,1245.0,250000
2005-09-12,833.8457641601562,1239.0,1243.0,1208.0,1220.0,76000
2005-09-13,807.5986938476562,1200.0,1217.0,1198.0,1210.0,80000
2005-09-14,815.6748046875,1212.0,1229.0,1175.0,1200.0,124000
2005-09-15,815.0018310546875,1211.0,1229.0,1181.0,1210.0,105000
2005-09-16,821.058837890625,1220.0,1226.0,1202.0,1212.0,60000
2005-09-19,821.058837890625,1220.0,1220.0,1220.0,1220.0,0
2005-09-20,829.1348876953125,1232.0,1256.0,1220.0,1220.0,53000
2005-09-21,847.3057250976562,1259.0,1259.0,1224.0,1250.0,102000
2005-09-22,864.8036499023438,1285.0,1292.0,1266.0,1278.0,54000
2005-09-26,915.2787475585938,1360.0,1360.0,1281.0,1286.0,46000
2005-09-27,889.704833984375,1322.0,1349.0,1316.0,1349.0,17000
2005-09-28,894.4158325195312,1329.0,1348.0,1301.0,1301.0,63000
2005-09-29,907.2027587890624,1348.0,1400.0,1329.0,1348.0,63000
2005-09-30,927.3927001953124,1378.0,1378.0,1339.0,1347.0,68000
2005-10-03,954.9854736328124,1419.0,1420.0,1376.0,1379.0,122000
2005-10-04,982.5787963867188,1460.0,1460.0,1412.0,1417.0,84000
2005-10-05,936.814697265625,1392.0,1461.0,1390.0,1459.0,83000
2005-10-06,932.1035766601562,1385.0,1412.0,1380.0,1392.0,61000
2005-10-07,941.525390625,1399.0,1400.0,1367.0,1385.0,52000
2005-10-10,941.525390625,1399.0,1399.0,1399.0,1399.0,0
2005-10-11,954.9854736328124,1419.0,1420.0,1395.0,1399.0,29000
2005-10-12,947.5824584960938,1408.0,1447.0,1390.0,1430.0,61000
2005-10-13,938.8336181640624,1395.0,1441.0,1395.0,1428.0,47000
2005-10-14,938.8336181640624,1395.0,1416.0,1376.0,1376.0,76000
2005-10-17,932.1035766601562,1385.0,1406.0,1385.0,1406.0,43000
2005-10-18,924.0276489257812,1373.0,1389.0,1365.0,1365.0,24000
2005-10-19,901.818603515625,1340.0,1373.0,1320.0,1373.0,43000
2005-10-20,886.3396606445312,1317.0,1350.0,1301.0,1322.0,44000
2005-10-21,874.8987426757812,1300.0,1347.0,1299.0,1313.0,88000
2005-10-24,858.746826171875,1276.0,1341.0,1276.0,1340.0,49000
2005-10-25,883.6478271484375,1313.0,1315.0,1284.0,1296.0,93000
2005-10-26,895.088623046875,1330.0,1350.0,1313.0,1313.0,97000
2005-10-27,928.0655517578124,1379.0,1398.0,1340.0,1340.0,38000
2005-10-28,920.6624755859376,1368.0,1389.0,1362.0,1378.0,36000
2005-10-31,960.3693237304688,1427.0,1439.0,1372.0,1372.0,42000
2005-11-01,988.635498046875,1469.0,1469.0,1428.0,1428.0,50000
2005-11-02,982.5787963867188,1460.0,1460.0,1429.0,1449.0,62000
2005-11-03,982.5787963867188,1460.0,1460.0,1460.0,1460.0,0
2005-11-04,1002.0956420898438,1489.0,1490.0,1436.0,1449.0,64000
2005-11-07,977.8677368164062,1453.0,1489.0,1449.0,1489.0,10000
2005-11-08,982.5787963867188,1460.0,1460.0,1419.0,1453.0,59000
2005-11-09,957.0047607421876,1422.0,1455.0,1422.0,1454.0,68000
2005-11-10,937.487548828125,1393.0,1413.0,1379.0,1400.0,53000
2005-11-11,948.9284057617188,1410.0,1420.0,1367.0,1410.0,62000
2005-11-14,946.236572265625,1406.0,1434.0,1390.0,1429.0,20000
2005-11-15,922.0089111328124,1370.0,1426.0,1370.0,1426.0,21000
2005-11-16,940.1796875,1397.0,1397.0,1361.0,1361.0,63000
2005-11-17,917.9706420898438,1364.0,1400.0,1326.0,1378.0,114000
2005-11-18,876.91748046875,1303.0,1348.0,1285.0,1345.0,271000
2005-11-21,878.9365844726562,1306.0,1321.0,1300.0,1304.0,103000
2005-11-22,900.4727172851562,1338.0,1340.0,1315.0,1315.0,60000
2005-11-23,900.4727172851562,1338.0,1338.0,1338.0,1338.0,0
2005-11-24,909.221435546875,1351.0,1364.0,1346.0,1346.0,65000
2005-11-25,915.2787475585938,1360.0,1385.0,1355.0,1380.0,48000
2005-11-28,910.5675048828124,1353.0,1399.0,1330.0,1389.0,109000
2005-11-29,911.2402954101562,1354.0,1381.0,1345.0,1350.0,98000
2005-11-30,903.1651611328124,1342.0,1365.0,1336.0,1357.0,52000
2005-12-01,915.2787475585938,1360.0,1380.0,1342.0,1342.0,58000
2005-12-02,919.316650390625,1366.0,1382.0,1357.0,1380.0,53000
2005-12-05,916.6246948242188,1362.0,1378.0,1350.0,1367.0,56000
2005-12-06,886.3396606445312,1317.0,1351.0,1316.0,1344.0,77000
2005-12-07,889.0318603515625,1321.0,1345.0,1321.0,1332.0,100000
2005-12-08,866.149658203125,1287.0,1320.0,1282.0,1320.0,54000
2005-12-09,862.111572265625,1281.0,1315.0,1275.0,1305.0,108000
2005-12-12,857.4009399414062,1274.0,1303.0,1271.0,1303.0,95000
2005-12-13,849.324951171875,1262.0,1281.0,1250.0,1276.0,103000
2005-12-14,832.499755859375,1237.0,1257.0,1231.0,1255.0,159000
2005-12-15,845.9596557617188,1257.0,1261.0,1235.0,1237.0,91000
2005-12-16,855.3818969726562,1271.0,1280.0,1245.0,1252.0,97000
2005-12-19,867.4954833984375,1289.0,1295.0,1271.0,1282.0,66000
2005-12-20,883.6478271484375,1313.0,1318.0,1295.0,1303.0,76000
2005-12-21,895.088623046875,1330.0,1330.0,1313.0,1325.0,61000
2005-12-22,866.8229370117188,1288.0,1348.0,1270.0,1331.0,88000
2005-12-23,866.8229370117188,1288.0,1288.0,1288.0,1288.0,0
2005-12-26,883.6478271484375,1313.0,1313.0,1270.0,1270.0,50000
2005-12-27,866.149658203125,1287.0,1313.0,1281.0,1313.0,34000
2005-12-28,860.0926513671875,1278.0,1287.0,1262.0,1267.0,28000
2005-12-29,861.4388427734375,1280.0,1300.0,1275.0,1275.0,28000
2005-12-30,854.0357666015625,1269.0,1290.0,1268.0,1284.0,43000
2006-01-03,854.0357666015625,1269.0,1269.0,1269.0,1269.0,0
2006-01-04,878.2637329101562,1305.0,1307.0,1278.0,1278.0,7000
2006-01-05,871.5335693359375,1295.0,1318.0,1295.0,1311.0,68000
2006-01-06,864.8036499023438,1285.0,1309.0,1284.0,1296.0,37000
2006-01-09,864.8036499023438,1285.0,1285.0,1285.0,1285.0,0
2006-01-10,858.073486328125,1275.0,1286.0,1275.0,1276.0,28000
2006-01-11,847.3057250976562,1259.0,1275.0,1255.0,1275.0,35000
2006-01-12,839.2296142578125,1247.0,1253.0,1240.0,1251.0,45000
2006-01-13,853.3626708984375,1268.0,1268.0,1243.0,1251.0,93000
2006-01-16,855.3818969726562,1271.0,1275.0,1271.0,1274.0,95000
2006-01-17,862.7849731445312,1282.0,1282.0,1243.0,1272.0,90000
2006-01-18,804.9071044921875,1196.0,1254.0,1153.0,1243.0,58000
2006-01-19,814.3287963867188,1210.0,1219.0,1176.0,1176.0,65000
2006-01-20,798.8497314453125,1187.0,1232.0,1182.0,1212.0,46000
2006-01-23,804.23388671875,1195.0,1223.0,1185.0,1185.0,46000
2006-01-24,812.3099365234375,1207.0,1228.0,1187.0,1187.0,84000
2006-01-25,825.7698364257812,1227.0,1238.0,1221.0,1224.0,52000
2006-01-26,831.15380859375,1235.0,1242.0,1221.0,1239.0,76000
2006-01-27,837.2108764648438,1244.0,1250.0,1230.0,1240.0,47000
2006-01-30,845.2868041992188,1256.0,1271.0,1246.0,1246.0,46000
2006-01-31,845.9596557617188,1257.0,1274.0,1257.0,1264.0,31000
2006-02-01,855.3818969726562,1271.0,1278.0,1256.0,1268.0,46000
2006-02-02,854.0357666015625,1269.0,1285.0,1269.0,1275.0,47000
2006-02-03,844.6138305664062,1255.0,1270.0,1255.0,1261.0,42000
2006-02-06,851.3438110351562,1265.0,1270.0,1258.0,1258.0,28000
2006-02-07,868.168701171875,1290.0,1290.0,1267.0,1268.0,46000
2006-02-08,852.6897583007812,1267.0,1291.0,1267.0,1290.0,36000
2006-02-09,844.6138305664062,1255.0,1270.0,1233.0,1268.0,54000
2006-02-10,840.5757446289062,1249.0,1249.0,1240.0,1241.0,22000
2006-02-13,801.5418701171875,1191.0,1247.0,1185.0,1247.0,31000
2006-02-14,804.9071044921875,1196.0,1230.0,1193.0,1193.0,51000
2006-02-15,822.4048461914062,1222.0,1231.0,1195.0,1196.0,72000
2006-02-16,821.7318725585938,1221.0,1233.0,1202.0,1202.0,54000
2006-02-17,806.2527465820312,1198.0,1233.0,1197.0,1205.0,42000
2006-02-20,790.77392578125,1175.0,1213.0,1173.0,1198.0,17000
2006-02-21,804.9071044921875,1196.0,1196.0,1135.0,1135.0,38000
2006-02-22,795.4850463867188,1182.0,1212.0,1179.0,1180.0,36000
2006-02-23,799.52294921875,1188.0,1188.0,1163.0,1180.0,20000
2006-02-24,788.7548828125,1172.0,1207.0,1170.0,1207.0,19000
2006-02-27,777.98681640625,1156.0,1192.0,1156.0,1192.0,26000
2006-02-28,763.1809692382812,1134.0,1156.0,1079.0,1156.0,66000
2006-03-01,761.8347778320312,1132.0,1136.0,1131.0,1131.0,23000
2006-03-02,754.431884765625,1121.0,1152.0,1121.0,1152.0,9000
2006-03-03,735.5880126953125,1093.0,1141.0,1093.0,1141.0,33000
2006-03-06,716.0709228515625,1064.0,1113.0,1060.0,1113.0,36000
2006-03-07,700.5919799804688,1041.0,1090.0,1030.0,1058.0,45000
2006-03-08,708.6681518554688,1053.0,1079.0,1025.0,1042.0,38000
2006-03-09,726.1659545898438,1079.0,1095.0,1047.0,1047.0,39000
2006-03-10,749.0479736328125,1113.0,1149.0,1092.0,1092.0,111000
2006-03-13,749.7208251953125,1114.0,1140.0,1113.0,1140.0,25000
2006-03-14,753.0858154296875,1119.0,1121.0,1101.0,1101.0,26000
2006-03-15,749.0479736328125,1113.0,1142.0,1113.0,1130.0,17000
2006-03-16,740.299072265625,1100.0,1118.0,1100.0,1115.0,21000
2006-03-17,753.0858154296875,1119.0,1119.0,1100.0,1100.0,13000
2006-03-20,770.5838012695312,1145.0,1151.0,1115.0,1119.0,24000
2006-03-21,770.5838012695312,1145.0,1145.0,1145.0,1145.0,0
2006-03-22,784.7168579101562,1166.0,1172.0,1131.0,1151.0,39000
2006-03-23,788.0818481445312,1171.0,1194.0,1171.0,1175.0,29000
2006-03-24,789.4276733398438,1173.0,1175.0,1153.0,1153.0,22000
2006-03-27,796.1578369140625,1183.0,1184.0,1164.0,1170.0,35000
2006-03-28,785.9330444335938,1153.0,1169.0,1141.0,1169.0,34000
2006-03-29,790.7047729492188,1160.0,1172.0,1125.0,1163.0,33000
2006-03-30,798.8843994140625,1172.0,1196.0,1172.0,1195.0,38000
2006-03-31,811.1539916992188,1190.0,1192.0,1169.0,1174.0,36000
2006-04-03,807.0640258789062,1184.0,1191.0,1171.0,1171.0,7000
2006-04-04,792.0681762695312,1162.0,1164.0,1145.0,1150.0,56000
2006-04-05,777.072021484375,1140.0,1170.0,1136.0,1163.0,29000
2006-04-06,790.7047729492188,1160.0,1160.0,1146.0,1147.0,24000
2006-04-07,790.02294921875,1159.0,1166.0,1150.0,1158.0,18000
2006-04-10,797.52099609375,1170.0,1178.0,1162.0,1170.0,30000
2006-04-11,798.8843994140625,1172.0,1177.0,1158.0,1170.0,27000
2006-04-12,786.6149291992188,1154.0,1173.0,1154.0,1173.0,20000
2006-04-13,774.3451538085938,1136.0,1160.0,1135.0,1146.0,36000
2006-04-14,781.84326171875,1147.0,1147.0,1140.0,1141.0,10000
2006-04-17,760.03076171875,1115.0,1144.0,1100.0,1138.0,34000
2006-04-18,761.3942260742188,1117.0,1128.0,1100.0,1100.0,14000
2006-04-19,768.2106323242188,1127.0,1128.0,1121.0,1121.0,11000
2006-04-20,764.1206665039062,1121.0,1127.0,1120.0,1127.0,17000
2006-04-21,777.7536010742188,1141.0,1142.0,1110.0,1121.0,19000
2006-04-24,751.1694946289062,1102.0,1130.0,1102.0,1130.0,31000
2006-04-25,756.6227416992188,1110.0,1121.0,1100.0,1121.0,25000
2006-04-26,764.8023681640625,1122.0,1142.0,1110.0,1110.0,41000
2006-04-27,754.5778198242188,1107.0,1123.0,1105.0,1122.0,33000
2006-04-28,751.1694946289062,1102.0,1106.0,1090.0,1103.0,30000
2006-05-01,754.5778198242188,1107.0,1107.0,1102.0,1102.0,8000
2006-05-02,755.2591552734375,1108.0,1120.0,1106.0,1120.0,18000
2006-05-05,755.2591552734375,1108.0,1108.0,1108.0,1108.0,0
2006-05-08,744.3530883789062,1092.0,1103.0,1090.0,1090.0,30000
2006-05-09,747.76123046875,1097.0,1097.0,1088.0,1091.0,10000
2006-05-10,722.5405883789062,1060.0,1089.0,1060.0,1089.0,16000
2006-05-11,730.03857421875,1071.0,1085.0,1061.0,1078.0,27000
2006-05-12,708.9078369140625,1040.0,1077.0,1040.0,1069.0,36000
2006-05-15,703.45458984375,1032.0,1032.0,1010.0,1021.0,23000
2006-05-16,694.5931396484375,1019.0,1034.0,1002.0,1034.0,21000
2006-05-17,677.5521850585938,994.0,1015.0,994.0,1015.0,9000
2006-05-18,661.8743896484375,971.0,971.0,950.0,950.0,14000
2006-05-19,646.87841796875,949.0,952.0,931.0,951.0,48000
2006-05-22,672.0989990234375,986.0,1004.0,980.0,980.0,35000
2006-05-23,647.5596923828125,950.0,964.0,950.0,950.0,24000
2006-05-24,649.604736328125,953.0,958.0,941.0,941.0,12000
2006-05-25,629.8370971679688,924.0,979.0,917.0,979.0,51000
2006-05-26,632.5637817382812,928.0,964.0,911.0,964.0,38000
2006-05-29,631.2003173828125,926.0,958.0,919.0,958.0,28000
2006-05-30,619.6124267578125,909.0,929.0,883.0,929.0,39000
2006-05-31,599.1634521484375,879.0,879.0,850.0,870.0,68000
2006-06-01,590.3019409179688,866.0,890.0,865.0,882.0,26000
2006-06-02,597.8001098632812,877.0,892.0,872.0,876.0,10000
2006-06-05,603.253173828125,885.0,900.0,877.0,886.0,41000
2006-06-06,582.1223754882812,854.0,878.0,842.0,878.0,27000
2006-06-07,579.3956298828125,850.0,864.0,850.0,864.0,9000
2006-06-08,551.4484252929688,809.0,840.0,809.0,840.0,20000
2006-06-09,526.9091186523438,773.0,799.0,751.0,779.0,51000
2006-06-12,540.5419921875,793.0,793.0,773.0,779.0,24000
2006-06-13,525.5458984375,771.0,777.0,771.0,776.0,14000
2006-06-14,532.3623046875,781.0,791.0,760.0,770.0,20000
2006-06-15,552.8116455078125,811.0,811.0,800.0,801.0,19000
2006-06-16,579.3956298828125,850.0,850.0,805.0,805.0,50000
2006-06-19,573.2609252929688,841.0,865.0,829.0,860.0,37000
2006-06-20,575.305908203125,844.0,851.0,841.0,850.0,10000
2006-06-21,571.2159423828125,838.0,857.0,830.0,857.0,12000
2006-06-22,581.4406127929688,853.0,861.0,841.0,841.0,16000
2006-06-23,590.3019409179688,866.0,866.0,861.0,863.0,32000
2006-06-26,600.5264282226562,881.0,888.0,868.0,868.0,24000
2006-06-27,608.0247192382812,892.0,908.0,879.0,891.0,34000
2006-06-28,594.3917846679688,872.0,883.0,851.0,883.0,40000
2006-06-29,586.8938598632812,861.0,867.0,857.0,862.0,39000
2006-06-30,601.2083740234375,882.0,890.0,876.0,890.0,33000
2006-07-03,603.9347534179688,886.0,898.0,885.0,892.0,19000
2006-07-04,603.253173828125,885.0,897.0,880.0,897.0,10000
2006-07-05,603.9347534179688,886.0,888.0,881.0,888.0,7000
2006-07-06,602.5714721679688,884.0,896.0,880.0,896.0,10000
2006-07-07,599.1634521484375,879.0,894.0,875.0,894.0,17000
2006-07-10,597.1185913085938,876.0,877.0,854.0,877.0,26000
2006-07-11,598.4817504882812,878.0,878.0,871.0,876.0,12000
2006-07-12,592.3469848632812,869.0,879.0,863.0,879.0,17000
2006-07-13,589.6201171875,865.0,869.0,841.0,850.0,68000
2006-07-14,593.0283813476562,870.0,873.0,867.0,873.0,15000
2006-07-17,593.0283813476562,870.0,870.0,870.0,870.0,0
2006-07-18,574.6241455078125,843.0,872.0,843.0,872.0,27000
2006-07-19,574.6241455078125,843.0,867.0,843.0,843.0,13000
2006-07-20,597.1185913085938,876.0,880.0,870.0,873.0,11000
2006-07-21,588.2569580078125,863.0,870.0,849.0,849.0,9000
2006-07-24,588.938720703125,864.0,866.0,852.0,862.0,38000
2006-07-25,604.6163940429688,887.0,893.0,886.0,893.0,9000
2006-07-26,599.1634521484375,879.0,892.0,879.0,892.0,5000
2006-07-27,612.7962036132812,899.0,899.0,878.0,899.0,24000
2006-07-28,612.114501953125,898.0,910.0,890.0,900.0,25000
2006-07-31,625.747314453125,918.0,928.0,916.0,928.0,24000
2006-08-01,619.6124267578125,909.0,934.0,908.0,919.0,16000
2006-08-02,626.4288940429688,919.0,920.0,910.0,910.0,9000
2006-08-03,631.2003173828125,926.0,930.0,909.0,919.0,28000
2006-08-04,630.518798828125,925.0,929.0,924.0,929.0,10000
2006-08-07,619.6124267578125,909.0,925.0,909.0,925.0,7000
2006-08-08,619.6124267578125,909.0,909.0,908.0,909.0,6000
2006-08-09,623.7022094726562,915.0,915.0,891.0,909.0,18000
2006-08-10,620.2941284179688,910.0,915.0,894.0,915.0,18000
2006-08-11,612.114501953125,898.0,902.0,898.0,901.0,15000
2006-08-14,609.387939453125,894.0,900.0,880.0,900.0,21000
2006-08-15,602.5714721679688,884.0,894.0,882.0,894.0,25000
2006-08-16,602.5714721679688,884.0,887.0,883.0,885.0,18000
2006-08-17,599.1634521484375,879.0,885.0,875.0,884.0,24000
2006-08-18,590.983642578125,867.0,880.0,862.0,880.0,18000
2006-08-21,582.1223754882812,854.0,878.0,853.0,877.0,29000
2006-08-22,585.5303955078125,859.0,869.0,852.0,869.0,34000
2006-08-23,582.1223754882812,854.0,867.0,854.0,867.0,11000
2006-08-24,573.9428100585938,842.0,855.0,842.0,855.0,28000
2006-08-25,567.8076782226562,833.0,837.0,833.0,836.0,31000
2006-08-28,568.489501953125,834.0,840.0,828.0,828.0,25000
2006-08-29,567.8076782226562,833.0,843.0,832.0,843.0,17000
2006-08-30,570.5342407226562,837.0,837.0,831.0,834.0,18000
2006-08-31,571.8975830078125,839.0,844.0,837.0,837.0,11000
2006-09-01,573.2609252929688,841.0,849.0,840.0,849.0,10000
2006-09-04,582.1223754882812,854.0,854.0,844.0,844.0,6000
2006-09-05,582.8040161132812,855.0,855.0,854.0,855.0,19000
2006-09-06,580.7589721679688,852.0,860.0,851.0,856.0,22000
2006-09-07,567.8076782226562,833.0,852.0,833.0,852.0,8000
2006-09-08,576.6690063476562,846.0,846.0,822.0,823.0,51000
2006-09-11,562.3546142578125,825.0,844.0,825.0,842.0,10000
2006-09-12,559.6281127929688,821.0,828.0,820.0,827.0,13000
2006-09-13,560.9912719726562,823.0,831.0,815.0,831.0,6000
2006-09-14,557.583251953125,818.0,818.0,812.0,813.0,20000
2006-09-15,553.493408203125,812.0,817.0,808.0,817.0,12000
2006-09-18,553.493408203125,812.0,812.0,812.0,812.0,0
2006-09-19,555.5382080078125,815.0,815.0,812.0,812.0,21000
2006-09-20,551.4484252929688,809.0,815.0,809.0,815.0,10000
2006-09-21,543.9503784179688,798.0,817.0,790.0,813.0,21000
2006-09-22,543.2686157226562,797.0,803.0,790.0,790.0,35000
2006-09-25,550.7666015625,808.0,808.0,798.0,804.0,25000
2006-09-26,551.1107177734375,801.0,811.0,800.0,810.0,21000
2006-09-27,578.6317749023438,841.0,841.0,821.0,841.0,39000
2006-09-28,576.5678100585938,838.0,857.0,838.0,850.0,17000
2006-09-29,582.0719604492188,846.0,846.0,838.0,838.0,7000
2006-10-02,580.0079956054688,843.0,860.0,831.0,831.0,16000
2006-10-03,581.3839111328125,845.0,854.0,844.0,844.0,11000
2006-10-04,581.3839111328125,845.0,855.0,845.0,855.0,5000
2006-10-05,591.0164184570312,859.0,859.0,847.0,847.0,7000
2006-10-06,581.3839111328125,845.0,856.0,844.0,856.0,14000
2006-10-09,581.3839111328125,845.0,845.0,845.0,845.0,0
2006-10-10,576.5678100585938,838.0,838.0,822.0,832.0,10000
2006-10-11,562.1192626953125,817.0,828.0,817.0,828.0,8000
2006-10-12,552.4866333007812,803.0,808.0,801.0,803.0,12000
2006-10-13,557.990966796875,811.0,811.0,800.0,801.0,17000
2006-10-16,567.6234741210938,825.0,825.0,801.0,811.0,13000
2006-10-17,555.239013671875,807.0,815.0,801.0,805.0,17000
2006-10-18,546.9827880859375,795.0,797.0,776.0,797.0,40000
2006-10-19,556.614990234375,809.0,810.0,805.0,805.0,11000
2006-10-20,549.0465698242188,798.0,807.0,797.0,807.0,13000
2006-10-23,546.2945556640625,794.0,796.0,790.0,792.0,12000
2006-10-24,557.3031616210938,810.0,810.0,798.0,798.0,10000
2006-10-25,552.4866333007812,803.0,823.0,801.0,815.0,29000
2006-10-26,557.990966796875,811.0,811.0,770.0,806.0,26000
2006-10-27,553.863037109375,805.0,825.0,805.0,821.0,17000
2006-10-30,538.7260131835938,783.0,796.0,781.0,795.0,44000
2006-10-31,541.4783935546875,787.0,793.0,781.0,783.0,17000
2006-11-01,535.285888671875,778.0,788.0,778.0,788.0,9000
2006-11-02,535.9742431640625,779.0,779.0,778.0,778.0,8000
2006-11-03,535.9742431640625,779.0,779.0,779.0,779.0,0
2006-11-06,543.5424194335938,790.0,790.0,771.0,771.0,19000
2006-11-07,543.5424194335938,790.0,790.0,780.0,780.0,11000
2006-11-08,530.4698486328125,771.0,781.0,771.0,781.0,9000
2006-11-09,525.6536865234375,764.0,771.0,763.0,771.0,16000
2006-11-10,524.2776489257812,762.0,770.0,744.0,744.0,14000
2006-11-13,525.6536865234375,764.0,775.0,752.0,763.0,24000
2006-11-14,528.4058837890625,768.0,774.0,768.0,774.0,9000
2006-11-15,530.4698486328125,771.0,778.0,770.0,778.0,26000
2006-11-16,522.901611328125,760.0,771.0,757.0,771.0,8000
2006-11-17,513.9570922851562,747.0,760.0,747.0,747.0,34000
2006-11-20,510.51708984375,742.0,756.0,742.0,756.0,16000
2006-11-21,501.5726318359375,729.0,743.0,729.0,742.0,24000
2006-11-22,498.1325378417969,724.0,730.0,710.0,719.0,30000
2006-11-23,498.1325378417969,724.0,724.0,724.0,724.0,0
2006-11-24,489.8762817382813,712.0,730.0,711.0,730.0,30000
2006-11-27,500.884765625,728.0,731.0,710.0,710.0,13000
2006-11-28,500.19671630859375,727.0,735.0,727.0,729.0,8000
2006-11-29,507.0768737792969,737.0,737.0,716.0,718.0,17000
2006-11-30,520.1494140625,756.0,756.0,748.0,748.0,13000
2006-12-01,525.6536865234375,764.0,778.0,757.0,770.0,11000
2006-12-04,532.533935546875,774.0,777.0,764.0,764.0,15000
2006-12-05,527.029541015625,766.0,778.0,765.0,778.0,13000
2006-12-06,546.2945556640625,794.0,795.0,776.0,776.0,25000
2006-12-07,547.6705322265625,796.0,798.0,790.0,790.0,13000
2006-12-08,542.8544921875,789.0,790.0,777.0,787.0,39000
2006-12-11,542.1663208007812,788.0,794.0,780.0,793.0,31000
2006-12-12,548.3585815429688,797.0,798.0,787.0,798.0,15000
2006-12-13,546.9827880859375,795.0,798.0,791.0,798.0,11000
2006-12-14,541.4783935546875,787.0,790.0,785.0,785.0,7000
2006-12-15,544.91845703125,792.0,796.0,789.0,789.0,18000
2006-12-18,548.3585815429688,797.0,797.0,792.0,792.0,7000
2006-12-19,540.102294921875,785.0,790.0,777.0,777.0,37000
2006-12-20,544.23046875,791.0,795.0,785.0,789.0,23000
2006-12-21,540.102294921875,785.0,795.0,785.0,791.0,12000
2006-12-22,538.0382080078125,782.0,785.0,781.0,781.0,17000
2006-12-25,538.7260131835938,783.0,788.0,783.0,785.0,22000
2006-12-26,540.102294921875,785.0,790.0,781.0,790.0,14000
2006-12-27,541.4783935546875,787.0,795.0,786.0,790.0,13000
2006-12-28,541.4783935546875,787.0,788.0,787.0,787.0,3000
2006-12-29,553.1749267578125,804.0,804.0,787.0,787.0,5000
2007-01-04,553.1749267578125,804.0,811.0,802.0,811.0,9000
2007-01-05,544.23046875,791.0,810.0,791.0,810.0,9000
2007-01-09,547.6705322265625,796.0,796.0,781.0,781.0,56000
2007-01-10,548.3585815429688,797.0,811.0,791.0,801.0,49000
2007-01-11,548.3585815429688,797.0,808.0,788.0,788.0,14000
2007-01-12,553.1749267578125,804.0,806.0,800.0,800.0,16000
2007-01-15,563.4952392578125,819.0,820.0,810.0,810.0,10000
2007-01-16,571.0635986328125,830.0,833.0,828.0,828.0,23000
2007-01-17,581.3839111328125,845.0,845.0,840.0,840.0,10000
2007-01-18,588.2643432617188,855.0,856.0,845.0,845.0,9000
2007-01-19,597.2086181640625,868.0,869.0,857.0,857.0,35000
2007-01-22,607.5289916992188,883.0,890.0,883.0,888.0,18000
2007-01-23,610.2811279296875,887.0,887.0,879.0,879.0,30000
2007-01-24,599.272705078125,871.0,880.0,870.0,877.0,14000
2007-01-25,584.1361083984375,849.0,870.0,846.0,870.0,16000
2007-01-26,586.88818359375,853.0,858.0,840.0,858.0,14000
2007-01-29,579.320068359375,842.0,852.0,835.0,852.0,30000
2007-01-30,571.75146484375,831.0,840.0,831.0,832.0,18000
2007-01-31,568.9995727539062,827.0,838.0,820.0,832.0,15000
2007-02-01,595.83251953125,866.0,866.0,827.0,827.0,20000
2007-02-02,583.4481201171875,848.0,856.0,847.0,856.0,4000
2007-02-05,590.3284301757812,858.0,868.0,853.0,868.0,19000
2007-02-06,598.584716796875,870.0,870.0,866.0,868.0,13000
2007-02-07,602.7129516601562,876.0,880.0,858.0,870.0,27000
2007-02-08,593.7684326171875,863.0,880.0,856.0,880.0,12000
2007-02-09,601.3368530273438,874.0,876.0,863.0,863.0,16000
2007-02-13,610.9690551757812,888.0,888.0,870.0,874.0,10000
2007-02-14,617.8494262695312,898.0,910.0,889.0,889.0,38000
2007-02-15,626.7939453125,911.0,912.0,905.0,911.0,12000
2007-02-16,626.7939453125,911.0,913.0,899.0,911.0,23000
2007-02-19,626.1057739257812,910.0,918.0,895.0,911.0,11000
2007-02-20,633.6740112304688,921.0,921.0,913.0,920.0,16000
2007-02-21,639.866455078125,930.0,930.0,921.0,921.0,22000
2007-02-22,644.6826171875,937.0,937.0,930.0,931.0,13000
2007-02-23,646.0585327148438,939.0,940.0,936.0,940.0,10000
2007-02-26,647.4346313476562,941.0,954.0,941.0,948.0,20000
2007-02-27,647.4346313476562,941.0,947.0,931.0,931.0,21000
2007-02-28,621.9776611328125,904.0,904.0,860.0,860.0,25000
2007-03-01,611.6572875976562,889.0,900.0,886.0,900.0,27000
2007-03-02,626.1057739257812,910.0,910.0,880.0,889.0,27000
2007-03-05,591.0164184570312,859.0,897.0,857.0,897.0,13000
2007-03-06,603.4007568359375,877.0,877.0,860.0,869.0,9000
2007-03-07,604.0889282226562,878.0,878.0,866.0,868.0,9000
2007-03-08,602.0248413085938,875.0,878.0,873.0,878.0,11000
2007-03-09,601.3368530273438,874.0,875.0,860.0,860.0,42000
2007-03-12,595.1445922851562,865.0,876.0,865.0,875.0,26000
2007-03-13,580.0079956054688,843.0,857.0,841.0,856.0,46000
2007-03-14,571.75146484375,831.0,846.0,831.0,841.0,38000
2007-03-15,576.5678100585938,838.0,838.0,833.0,835.0,13000
2007-03-16,586.2003173828125,852.0,858.0,852.0,858.0,5000
2007-03-19,595.83251953125,866.0,868.0,857.0,862.0,20000
2007-03-20,617.8494262695312,898.0,903.0,890.0,895.0,34000
2007-03-22,630.2340698242188,916.0,919.0,904.0,904.0,19000
2007-03-23,638.4902954101562,928.0,935.0,923.0,926.0,37000
2007-03-26,643.9945678710938,936.0,945.0,926.0,945.0,13000
2007-03-27,618.6787719726562,892.0,927.0,892.0,927.0,13000
2007-03-28,627.6951904296875,905.0,905.0,892.0,892.0,11000
2007-03-29,629.7759399414062,908.0,909.0,899.0,903.0,25000
2007-03-30,640.873291015625,924.0,928.0,909.0,928.0,20000
2007-04-02,607.5814819335938,876.0,920.0,876.0,914.0,24000
2007-04-03,622.8401489257812,898.0,898.0,870.0,870.0,16000
2007-04-04,629.7759399414062,908.0,908.0,900.0,905.0,18000
2007-04-05,624.227294921875,900.0,902.0,890.0,900.0,14000
2007-04-06,615.904296875,888.0,900.0,876.0,900.0,13000
2007-04-09,629.7759399414062,908.0,908.0,886.0,905.0,14000
2007-04-10,615.904296875,888.0,898.0,880.0,898.0,11000
2007-04-11,621.4530029296875,896.0,905.0,891.0,898.0,9000
2007-04-12,617.9850463867188,891.0,904.0,890.0,904.0,13000
2007-04-13,613.1299438476562,884.0,884.0,881.0,883.0,15000
2007-04-16,613.8236694335938,885.0,885.0,859.0,884.0,29000
2007-04-17,605.5003662109375,873.0,885.0,852.0,885.0,15000
2007-04-18,609.6621704101562,879.0,879.0,854.0,854.0,9000
2007-04-19,594.4031982421875,857.0,869.0,854.0,869.0,13000
2007-04-20,590.24169921875,851.0,857.0,851.0,857.0,10000
2007-04-23,588.1609497070312,848.0,851.0,841.0,851.0,6000
2007-04-24,590.24169921875,851.0,851.0,846.0,846.0,15000
2007-04-25,584.6929931640625,843.0,851.0,840.0,851.0,7000
2007-04-26,599.951904296875,865.0,865.0,843.0,843.0,13000
2007-04-27,615.2107543945312,887.0,887.0,877.0,885.0,23000
2007-05-01,607.5814819335938,876.0,882.0,874.0,882.0,12000
2007-05-02,597.1775512695312,861.0,861.0,850.0,857.0,8000
2007-05-07,605.5003662109375,873.0,873.0,863.0,863.0,9000
2007-05-08,612.4363403320312,883.0,883.0,873.0,874.0,5000
2007-05-09,606.1941528320312,874.0,882.0,863.0,863.0,16000
2007-05-10,585.386474609375,844.0,858.0,844.0,858.0,12000
2007-05-11,573.5956420898438,827.0,858.0,827.0,858.0,20000
2007-05-14,588.8544921875,849.0,854.0,847.0,847.0,10000
2007-05-15,585.386474609375,844.0,853.0,842.0,849.0,16000
2007-05-16,567.353271484375,818.0,839.0,818.0,839.0,20000
2007-05-17,568.740478515625,820.0,835.0,820.0,820.0,35000
2007-05-18,577.7569580078125,833.0,834.0,828.0,830.0,19000
2007-05-21,567.353271484375,818.0,819.0,813.0,813.0,7000
2007-05-22,572.90185546875,826.0,826.0,817.0,819.0,8000
2007-05-23,579.1444091796875,835.0,835.0,820.0,820.0,15000
2007-05-24,575.6763916015625,830.0,847.0,821.0,844.0,10000
2007-05-25,568.0469360351562,819.0,825.0,818.0,820.0,32000
2007-05-28,575.6763916015625,830.0,830.0,819.0,819.0,9000
2007-05-29,573.5956420898438,827.0,838.0,822.0,836.0,18000
2007-05-30,575.6763916015625,830.0,837.0,826.0,827.0,24000
2007-05-31,580.531494140625,837.0,838.0,828.0,828.0,17000
2007-06-01,582.6121826171875,840.0,850.0,840.0,840.0,10000
2007-06-04,568.0469360351562,819.0,839.0,819.0,839.0,14000
2007-06-05,576.3698120117188,831.0,835.0,808.0,819.0,22000
2007-06-06,570.1277465820312,822.0,824.0,821.0,821.0,14000
2007-06-07,574.2890625,828.0,832.0,822.0,822.0,11000
2007-06-08,565.9661254882812,816.0,828.0,814.0,828.0,42000
2007-06-11,556.2559204101562,802.0,816.0,802.0,815.0,26000
2007-06-12,554.1751708984375,799.0,804.0,795.0,798.0,14000
2007-06-13,546.5457763671875,788.0,791.0,787.0,790.0,17000
2007-06-14,531.9805908203125,767.0,788.0,765.0,784.0,52000
2007-06-15,559.0302734375,806.0,806.0,768.0,771.0,68000
2007-06-18,558.3368530273438,805.0,807.0,801.0,807.0,32000
2007-06-19,559.7239990234375,807.0,814.0,805.0,814.0,26000
2007-06-20,558.3368530273438,805.0,813.0,804.0,813.0,16000
2007-06-21,559.0302734375,806.0,806.0,797.0,800.0,24000
2007-06-22,551.4010620117188,795.0,807.0,787.0,807.0,19000
2007-06-25,545.8521728515625,787.0,796.0,787.0,796.0,16000
2007-06-26,541.6905517578125,781.0,789.0,779.0,788.0,10000
2007-06-27,536.1419067382812,773.0,790.0,773.0,790.0,32000
2007-06-28,542.3841552734375,782.0,783.0,775.0,777.0,16000
2007-06-29,544.4650268554688,785.0,792.0,780.0,792.0,31000
2007-07-02,545.1585083007812,786.0,798.0,785.0,795.0,22000
2007-07-03,542.3841552734375,782.0,787.0,781.0,787.0,20000
2007-07-04,548.6265258789062,791.0,791.0,785.0,785.0,4000
2007-07-05,547.2394409179688,789.0,791.0,788.0,791.0,7000
2007-07-06,538.2227783203125,776.0,790.0,773.0,790.0,89000
2007-07-09,529.2060546875,763.0,774.0,763.0,774.0,67000
2007-07-10,529.2060546875,763.0,773.0,762.0,766.0,21000
2007-07-11,527.1253051757812,760.0,764.0,760.0,764.0,24000
2007-07-12,533.3676147460938,769.0,780.0,769.0,780.0,11000
2007-07-13,531.2866821289062,766.0,771.0,764.0,769.0,23000
2007-07-17,532.674072265625,768.0,774.0,765.0,769.0,26000
2007-07-18,532.674072265625,768.0,770.0,764.0,770.0,46000
2007-07-19,535.4483032226562,772.0,777.0,764.0,769.0,20000
2007-07-20,538.2227783203125,776.0,776.0,775.0,776.0,26000
2007-07-23,526.4318237304688,759.0,761.0,752.0,761.0,21000
2007-07-24,526.4318237304688,759.0,765.0,756.0,765.0,21000
2007-07-25,520.189453125,750.0,760.0,750.0,760.0,28000
2007-07-26,520.189453125,750.0,758.0,750.0,752.0,14000
2007-07-27,516.7216186523438,745.0,750.0,735.0,750.0,36000
2007-07-30,515.33447265625,743.0,747.0,739.0,740.0,15000
2007-07-31,522.270263671875,753.0,760.0,748.0,753.0,15000
2007-08-01,520.8829956054688,751.0,754.0,750.0,753.0,10000
2007-08-02,518.1085815429688,747.0,751.0,742.0,751.0,36000
2007-08-03,513.2536010742188,740.0,747.0,740.0,747.0,16000
2007-08-06,521.57666015625,752.0,752.0,740.0,740.0,21000
2007-08-07,502.15625,724.0,745.0,723.0,742.0,35000
2007-08-08,500.7690124511719,722.0,729.0,721.0,729.0,15000
2007-08-09,497.9947204589844,718.0,730.0,717.0,723.0,47000
2007-08-10,493.1395263671875,711.0,719.0,711.0,717.0,16000
2007-08-13,496.6075134277344,716.0,716.0,710.0,711.0,30000
2007-08-14,492.4461669921875,710.0,710.0,700.0,706.0,22000
2007-08-15,482.7357177734375,696.0,702.0,690.0,698.0,20000
2007-08-16,475.79986572265625,686.0,693.0,681.0,690.0,12000
2007-08-17,456.3796081542969,658.0,686.0,658.0,686.0,37000
2007-08-20,459.1539001464844,662.0,676.0,662.0,662.0,12000
2007-08-21,446.66937255859375,644.0,692.0,644.0,663.0,46000
2007-08-22,449.4436645507813,648.0,650.0,644.0,644.0,15000
2007-08-23,461.9283142089844,666.0,667.0,648.0,648.0,21000
2007-08-24,461.9283142089844,666.0,671.0,664.0,670.0,28000
2007-08-27,469.55767822265625,677.0,695.0,668.0,695.0,12000
2007-08-28,473.7192687988281,683.0,695.0,680.0,687.0,8000
2007-08-29,460.5411682128906,664.0,667.0,660.0,667.0,27000
2007-08-30,464.0089416503906,669.0,675.0,664.0,675.0,20000
2007-08-31,477.8807067871094,689.0,689.0,661.0,661.0,31000
2007-09-03,472.3320007324219,681.0,693.0,677.0,693.0,28000
2007-09-04,465.3961486816406,671.0,672.0,665.0,671.0,14000
2007-09-05,461.2345275878906,665.0,672.0,664.0,672.0,15000
2007-09-06,458.46038818359375,661.0,663.0,650.0,663.0,24000
2007-09-07,449.4436645507813,648.0,654.0,645.0,651.0,25000
2007-09-10,444.5885314941406,641.0,649.0,640.0,640.0,22000
2007-09-11,447.36279296875,645.0,657.0,645.0,645.0,33000
2007-09-12,447.36279296875,645.0,654.0,645.0,649.0,11000
2007-09-13,443.8949890136719,640.0,645.0,636.0,637.0,23000
2007-09-14,450.1372375488281,649.0,660.0,642.0,660.0,44000
2007-09-18,436.9591979980469,630.0,649.0,630.0,649.0,16000
2007-09-19,451.5244140625,651.0,651.0,631.0,631.0,28000
2007-09-20,456.3796081542969,658.0,661.0,657.0,661.0,11000
2007-09-21,443.8949890136719,640.0,654.0,635.0,654.0,11000
2007-09-25,462.4929504394531,659.0,661.0,650.0,651.0,17000
2007-09-26,467.40570068359375,666.0,666.0,660.0,660.0,16000
2007-09-27,469.5110168457031,669.0,675.0,660.0,675.0,23000
2007-09-28,463.8966674804688,661.0,666.0,659.0,659.0,10000
2007-10-01,462.4929504394531,659.0,662.0,658.0,662.0,9000
2007-10-02,461.7911987304688,658.0,658.0,649.0,649.0,13000
2007-10-03,461.08935546875,657.0,657.0,650.0,656.0,24000
2007-10-04,461.7911987304688,658.0,658.0,646.0,657.0,7000
2007-10-05,461.7911987304688,658.0,658.0,657.0,657.0,11000
2007-10-09,458.9839782714844,654.0,665.0,651.0,658.0,22000
2007-10-10,455.474853515625,649.0,655.0,642.0,651.0,19000
2007-10-11,461.7911987304688,658.0,658.0,643.0,649.0,24000
2007-10-12,456.8784484863281,651.0,659.0,648.0,648.0,10000
2007-10-15,458.9839782714844,654.0,654.0,652.0,652.0,10000
2007-10-16,458.2820129394531,653.0,659.0,653.0,655.0,10000
2007-10-17,454.7730407714844,648.0,653.0,648.0,653.0,6000
2007-10-18,454.7730407714844,648.0,648.0,648.0,648.0,5000
2007-10-19,450.5621643066406,642.0,646.0,640.0,646.0,10000
2007-10-22,437.9295654296875,624.0,632.0,624.0,632.0,20000
2007-10-23,431.6133117675781,615.0,619.0,613.0,614.0,12000
2007-10-24,437.2278137207031,623.0,631.0,621.0,621.0,21000
2007-10-25,437.2278137207031,623.0,623.0,618.0,623.0,9000
2007-10-26,432.3151245117188,616.0,623.0,611.0,623.0,13000
2007-10-29,438.6314392089844,625.0,626.0,625.0,626.0,14000
2007-10-30,434.420654296875,619.0,626.0,615.0,626.0,26000
2007-10-31,437.9295654296875,624.0,624.0,620.0,624.0,13000
2007-11-01,442.14056396484375,630.0,630.0,621.0,621.0,16000
2007-11-02,435.82415771484375,621.0,626.0,621.0,625.0,13000
2007-11-05,430.209716796875,613.0,620.0,613.0,618.0,10000
2007-11-06,435.1222839355469,620.0,620.0,602.0,605.0,12000
2007-11-07,436.5260925292969,622.0,625.0,622.0,625.0,11000
2007-11-08,423.1915893554688,603.0,607.0,603.0,607.0,11000
2007-11-09,418.9808044433594,597.0,603.0,597.0,602.0,17000
2007-11-12,393.7155151367188,561.0,568.0,551.0,551.0,34000
2007-11-13,392.3119812011719,559.0,569.0,559.0,565.0,8000
2007-11-14,395.8209838867188,564.0,564.0,559.0,559.0,16000
2007-11-15,388.8028564453125,554.0,561.0,550.0,556.0,25000
2007-11-16,385.9956665039063,550.0,550.0,545.0,550.0,14000
2007-11-19,378.2757873535156,539.0,546.0,539.0,545.0,21000
2007-11-20,371.257568359375,529.0,529.0,501.0,502.0,54000
2007-11-21,357.221435546875,509.0,529.0,504.0,529.0,20000
2007-11-22,367.0467834472656,523.0,523.0,516.0,519.0,15000
2007-11-26,366.3449401855469,522.0,561.0,519.0,531.0,27000
2007-11-27,359.32684326171875,512.0,521.0,511.0,521.0,40000
2007-11-28,365.6431274414063,521.0,537.0,514.0,530.0,18000
2007-11-29,376.17034912109375,536.0,536.2686157226562,536.0,536.2686157226562,18000
2007-11-30,380.3811645507813,542.0,549.0,526.0,526.0,31000
2007-12-03,392.3119812011719,559.0,559.0,540.0,542.0,11000
2007-12-04,383.1884460449219,546.0,549.0,546.0,549.0,10000
2007-12-05,377.573974609375,538.0,542.0,530.0,541.0,28000
2007-12-06,371.257568359375,529.0,550.0,526.0,540.0,38000
2007-12-07,376.87213134765625,537.0,544.0,531.0,531.0,23000
2007-12-10,383.8901672363281,547.0,557.0,546.0,557.0,31000
2007-12-11,384.5921630859375,548.0,560.0,547.0,557.0,27000
2007-12-12,389.5047912597656,555.0,558.0,551.0,551.0,48000
2007-12-13,384.5921630859375,548.0,555.0,545.0,554.0,18000
2007-12-14,377.573974609375,538.0,547.0,531.0,541.0,52000
2007-12-17,368.4503784179688,525.0,534.0,515.0,530.0,31000
2007-12-18,371.257568359375,529.0,530.0,510.0,519.0,47000
2007-12-19,367.7486267089844,524.0,524.24462890625,524.0,524.24462890625,48000
2007-12-20,353.7123718261719,504.0,525.0,504.0,524.0,46000
2007-12-21,355.8177795410156,507.0,507.0,500.0,503.0,32000
2007-12-25,362.8359375,517.0,532.0,516.0,532.0,24000
2007-12-26,364.239501953125,519.0,522.0,507.0,507.0,24000
2007-12-27,369.1521911621094,526.0,527.0,525.0,525.0,17000
2007-12-28,365.6431274414063,521.0,527.0,521.0,525.0,58000
2008-01-04,355.1159973144531,506.0,521.0,506.0,521.0,14000
2008-01-07,351.60693359375,501.0,502.0,497.0,502.0,26000
2008-01-08,350.2033386230469,499.0,500.0,499.0,500.0,26000
2008-01-09,348.7997131347656,497.0,499.0,497.0,499.0,26000
2008-01-10,348.097900390625,496.0,496.0,495.0,495.0,13000
2008-01-11,331.25445556640625,472.0,487.0,472.0,487.0,13000
2008-01-15,318.6217956542969,454.0,472.0,454.0,472.0,13000
2008-01-16,298.2693786621094,425.0,439.0,419.0,439.0,46000
2008-01-17,298.97125244140625,426.0,429.0,418.0,426.0,60000
2008-01-18,309.4983215332031,441.0,443.0,421.0,421.0,34000
2008-01-21,296.1639099121094,422.0,428.0,422.0,428.0,13000
2008-01-22,287.0403747558594,409.0,418.0,409.0,418.0,55000
2008-01-23,298.97125244140625,426.0,428.0,418.0,419.0,19000
2008-01-24,307.3929748535156,438.0,444.0,432.0,444.0,24000
2008-01-25,315.11279296875,449.0,449.0,443.0,443.0,18000
2008-01-28,320.0255126953125,456.0,460.0,456.0,460.0,18000
2008-01-29,322.1309814453125,459.0,459.0,459.0,459.0,18000
2008-01-30,322.1309814453125,459.0,470.0,459.0,461.0,15000
2008-01-31,333.3598022460937,475.0,475.0,460.0,460.0,31000
2008-02-01,339.6761779785156,484.0,487.0,484.0,485.0,27000
2008-02-04,350.2033386230469,499.0,499.0,484.0,484.0,27000
2008-02-05,345.99249267578125,493.0,494.0,493.0,493.0,10000
2008-02-06,329.14898681640625,469.0,484.0,469.0,484.0,10000
2008-02-07,329.14898681640625,469.0,475.0,469.0,475.0,10000
2008-02-08,334.0616760253906,476.0,476.0,471.0,471.0,10000
2008-02-12,324.9382019042969,463.0,465.0,463.0,465.0,10000
2008-02-13,324.2362976074219,462.0,465.0,462.0,464.0,29000
2008-02-14,328.4472045898437,468.0,468.0,466.0,466.0,9000
2008-02-15,328.4472045898437,468.0,471.0,466.0,470.0,27000
2008-02-18,337.5707397460937,481.0,481.0,480.0,480.0,27000
2008-02-19,334.7635803222656,477.0,477.0,476.0,476.0,27000
2008-02-20,331.25445556640625,472.0,485.0,472.0,485.0,27000
2008-02-21,336.8690185546875,480.0,480.0,471.0,471.0,10000
2008-02-22,339.6761779785156,484.0,484.0,477.0,477.0,10000
2008-02-25,355.1159973144531,506.0,510.0,496.0,496.0,21000
2008-02-26,345.99249267578125,493.0,500.0,493.0,500.0,20000
2008-02-27,362.1340637207031,516.0,521.0,511.0,511.0,13000
2008-02-28,355.1159973144531,506.0,506.0,505.0,505.0,8000
2008-02-29,346.6943054199219,494.0,501.0,492.0,501.0,20000
2008-03-03,345.29058837890625,492.0,495.0,490.0,491.0,17000
2008-03-04,344.5888366699219,491.0,495.0,491.0,495.0,17000
2008-03-05,345.29058837890625,492.0,493.0,490.0,490.0,13000
2008-03-06,348.097900390625,496.0,500.0,494.0,494.0,14000
2008-03-07,343.185302734375,489.0,491.0,489.0,491.0,14000
2008-03-10,329.14898681640625,469.0,480.0,469.0,480.0,23000
2008-03-11,323.5345153808594,461.0,462.0,461.0,462.0,23000
2008-03-12,320.0255126953125,456.0,468.0,455.0,468.0,21000
2008-03-13,301.7784423828125,430.0,441.0,430.0,441.0,20000
2008-03-14,289.8475646972656,413.0,416.0,413.0,414.0,69000
2008-03-17,282.1278076171875,402.0,402.0,399.0,399.0,27000
2008-03-18,290.5494384765625,414.0,414.0,406.0,409.0,46000
2008-03-19,291.9531555175781,416.0,417.0,411.0,417.0,22000
2008-03-21,295.4621887207031,421.0,421.0,420.0,420.0,22000
2008-03-24,298.97125244140625,426.0,426.0,420.0,420.0,22000
2008-03-25,301.7784423828125,430.0,433.0,425.0,425.0,20000
2008-03-26,311.4209899902344,436.0,436.0,429.0,429.0,20000
2008-03-27,314.278076171875,440.0,440.0,439.0,440.0,13000
2008-03-28,315.7066345214844,442.0,442.0,441.0,441.0,13000
2008-03-31,302.8498229980469,424.0,439.0,424.0,439.0,13000
2008-04-01,295.7071533203125,414.0,418.0,411.0,417.0,40000
2008-04-02,299.2784729003906,419.0,421.0,419.0,421.0,40000
2008-04-03,292.13580322265625,409.0,420.0,409.0,420.0,40000
2008-04-04,289.9930725097656,406.0,413.0,406.0,413.0,40000
2008-04-07,292.13580322265625,409.0,412.0,407.0,409.0,13000
2008-04-08,293.5643310546875,411.0,414.0,411.0,414.0,13000
2008-04-09,293.5643310546875,411.0,414.0,410.0,414.0,28000
2008-04-10,290.70733642578125,407.0,409.0,407.0,409.0,28000
2008-04-11,297.1357116699219,416.0,416.0,416.0,416.0,3000
2008-04-14,289.9930725097656,406.0,416.0,406.0,416.0,3000
2008-04-15,285.7074279785156,400.0,403.0,400.0,403.0,3000
2008-04-16,289.2788391113281,405.0,405.0,403.0,403.0,10000
2008-04-17,295.7071533203125,414.0,414.0,414.0,414.0,10000
2008-04-18,299.2784729003906,419.0,419.0,416.0,416.0,10000
2008-04-21,302.8498229980469,424.0,426.0,423.0,423.0,9000
2008-04-22,303.56402587890625,425.0,425.0,425.0,425.0,9000
2008-04-23,303.56402587890625,425.0,425.0,425.0,425.0,6000
2008-04-24,301.4212951660156,422.0,425.0,422.0,423.0,14000
2008-04-25,302.8498229980469,424.0,428.0,424.0,428.0,14000
2008-04-28,310.70672607421875,435.0,435.0,435.0,435.0,14000
2008-04-30,322.13507080078125,451.0,451.0,433.0,433.0,14000
2008-05-01,318.5636901855469,446.0,447.0,443.0,447.0,9000
2008-05-02,322.13507080078125,451.0,452.0,451.0,452.0,9000
2008-05-07,359.277099609375,503.0,503.0,460.0,460.0,9000
2008-05-08,363.5626525878906,509.0,519.0,502.0,503.0,29000
2008-05-09,349.9915771484375,490.0,504.0,488.0,500.0,25000
2008-05-12,339.2774658203125,475.0,475.0,461.0,461.0,22000
2008-05-13,344.9916687011719,483.0,483.0,472.0,475.0,9000
2008-05-14,360.70556640625,505.0,505.0,496.0,496.0,9000
2008-05-15,365.7054443359375,512.0,512.0,511.0,511.0,14000
2008-05-16,361.4198303222656,506.0,506.0,501.8088073730469,501.8088073730469,14000
2008-05-19,365.7054443359375,512.0,516.0,512.0,516.0,14000
2008-05-20,367.1339416503906,514.0,514.0,511.0,511.0,14000
2008-05-21,372.1337890625,521.0,521.0,521.0,521.0,14000
2008-05-22,374.2767333984375,524.0,524.0,522.0,522.0,14000
2008-05-23,367.1339416503906,514.0,515.0,514.0,515.0,14000
2008-05-26,354.991455078125,497.0,509.0,497.0,509.0,14000
2008-05-27,357.8484802246094,501.0,501.0,500.0,500.0,14000
2008-05-28,338.5632629394531,474.0,489.0,474.0,486.0,32000
2008-05-29,349.9915771484375,490.0,490.0,475.0,475.0,32000
2008-05-30,348.5630798339844,488.0,490.0,488.0,490.0,32000
2008-06-02,357.1342468261719,500.0,500.0,500.0,500.0,32000
2008-06-03,344.9916687011719,483.0,487.0,483.0,484.0,22000
2008-06-04,354.27716064453125,496.0,496.0,494.0,494.0,22000
2008-06-05,355.7057189941406,498.0,501.0,491.0,501.0,9000
2008-06-06,354.991455078125,497.0,497.0,497.0,497.0,9000
2008-06-09,349.9915771484375,490.0,490.0,490.0,490.0,9000
2008-06-10,353.5628662109375,495.0,499.0,495.0,499.0,5000
2008-06-11,355.7057189941406,498.0,498.0,498.0,498.0,5000
2008-06-12,364.9912109375,511.0,511.0,507.0,507.0,5000
2008-06-13,359.277099609375,503.0,503.0,502.0,502.0,5000
2008-06-16,369.2767639160156,517.0,517.0,506.0,514.0,12000
2008-06-17,370.7052612304688,519.0,519.0,510.0,510.0,12000
2008-06-18,366.4197387695313,513.0,514.0,513.0,514.0,12000
2008-06-19,361.4198303222656,506.0,506.0,505.0,505.0,12000
2008-06-20,322.84942626953125,452.0,452.0,452.0,452.0,12000
2008-06-23,322.13507080078125,451.0,458.0,451.0,458.0,33000
2008-06-24,324.9920959472656,455.0,462.0,455.0,462.0,15000
2008-06-25,328.5634460449219,460.0,460.0,445.0,451.0,25000
2008-06-26,324.9920959472656,455.0,462.0,455.0,462.0,25000
2008-06-27,322.13507080078125,451.0,451.0,440.0,440.0,25000
2008-06-30,324.9920959472656,455.0,462.0,454.0,462.0,18000
2008-07-01,329.2777404785156,461.0,461.1000061035156,461.0,461.1000061035156,18000
2008-07-02,328.5634460449219,460.0,460.0,460.0,460.0,11000
2008-07-03,319.99224853515625,448.0,450.0,448.0,450.0,11000
2008-07-04,318.5636901855469,446.0,447.0,446.0,447.0,11000
2008-07-07,317.84942626953125,445.0,445.0,439.0,439.0,11000
2008-07-08,314.278076171875,440.0,440.0,438.0,438.0,11000
2008-07-09,312.8496398925781,438.0,447.0,438.0,443.0,11000
2008-07-10,309.99249267578125,434.0,436.0,434.0,436.0,11000
2008-07-11,309.2782287597656,433.0,435.0,428.0,428.0,16000
2008-07-14,309.2782287597656,433.0,440.0,432.0,432.0,18000
2008-07-15,306.4212341308594,429.0,430.0,429.0,430.0,18000
2008-07-16,309.2782287597656,433.0,434.0,433.0,434.0,18000
2008-07-17,302.8498229980469,424.0,429.0,424.0,429.0,18000
2008-07-18,303.56402587890625,425.0,425.0,425.0,425.0,18000
2008-07-22,307.8497314453125,431.0,431.0,424.0,426.0,18000
2008-07-23,314.278076171875,440.0,442.0,435.0,442.0,12000
2008-07-24,316.42095947265625,443.0,443.0,441.0,441.0,20000
2008-07-25,315.7066345214844,442.0,445.0,441.0,445.0,22000
2008-07-28,320.7065124511719,449.0,457.0,448.0,457.0,15000
2008-07-29,317.84942626953125,445.0,446.0,445.0,446.0,15000
2008-07-30,331.4205322265625,464.0,464.0,453.0,453.0,15000
2008-07-31,338.5632629394531,474.0,474.0,468.0,468.0,15000
2008-08-01,332.1348876953125,465.0,470.0,461.0,470.0,12000
2008-08-04,330.706298828125,463.0,469.0,463.0,469.0,16000
2008-08-05,328.5634460449219,460.0,460.0,456.0,456.0,16000
2008-08-06,334.2776794433594,468.0,469.0,468.0,469.0,16000
2008-08-07,324.9920959472656,455.0,457.0,455.0,457.0,16000
2008-08-08,308.5639953613281,432.0,433.0,418.0,431.0,31000
2008-08-11,314.278076171875,440.0,440.0,440.0,440.0,31000
2008-08-12,306.4212341308594,429.0,431.0,429.0,431.0,31000
2008-08-13,299.9927673339844,420.0,423.0,420.0,423.0,31000
2008-08-14,297.1357116699219,416.0,420.0,416.0,420.0,31000
2008-08-15,299.2784729003906,419.0,420.0,419.0,420.0,31000
2008-08-18,307.135498046875,430.0,430.0,428.0,428.0,31000
2008-08-20,301.4212951660156,422.0,422.0,416.0,416.0,9000
2008-08-21,297.1357116699219,416.0,418.0,413.0,415.0,7000
2008-08-22,299.2784729003906,419.0,419.0,415.0,415.0,14000
2008-08-25,301.4212951660156,422.0,422.0,417.0,417.0,14000
2008-08-27,297.1357116699219,416.0,420.0,416.0,420.0,14000
2008-08-28,299.2784729003906,419.0,419.0,417.0,417.0,4000
2008-08-29,306.4212341308594,429.0,429.0,419.0,419.0,4000
2008-09-01,294.9928283691406,413.0,413.0,412.0,412.0,11000
2008-09-02,294.2785949707031,412.0,415.0,410.0,415.0,21000
2008-09-03,296.4214172363281,415.0,417.0,412.0,412.0,14000
2008-09-04,297.8500366210937,417.0,420.0,417.0,420.0,14000
2008-09-05,297.8500366210937,417.0,417.0,407.0,407.0,22000
2008-09-08,310.70672607421875,435.0,435.0,427.0,427.0,22000
2008-09-09,307.8497314453125,431.0,431.0,427.0,427.0,22000
2008-09-10,310.70672607421875,435.0,435.0,432.0,434.0,17000
2008-09-11,307.135498046875,430.0,430.0,429.0,429.0,17000
2008-09-12,309.99249267578125,434.0,434.0,430.0,430.0,31000
2008-09-16,289.2788391113281,405.0,434.0,405.0,434.0,31000
2008-09-17,297.8500366210937,417.0,417.0,404.0,404.0,31000
2008-09-18,297.8500366210937,417.0,417.0,417.0,417.0,31000
2008-09-19,312.8496398925781,438.0,443.0,438.0,443.0,31000
2008-09-22,314.9923400878906,441.0,441.0,440.0,440.0,31000
2008-09-24,314.9923400878906,441.0,441.0,441.0,441.0,31000
2008-09-25,312.4492492675781,430.0,435.0,430.0,435.0,31000
2008-09-26,299.36993408203125,412.0,420.0,412.0,420.0,31000
2008-09-29,305.18292236328125,420.0,426.0,414.0,414.0,8000
2008-09-30,294.2835693359375,405.0,406.0,405.0,406.0,8000
2008-10-01,297.9166259765625,410.0,410.0,409.0,409.0,8000
2008-10-02,298.643310546875,411.0,415.0,411.0,415.0,8000
2008-10-03,299.36993408203125,412.0,415.0,412.0,415.0,16000
2008-10-06,293.5569152832031,404.0,412.0,400.0,410.0,36000
2008-10-07,289.1972045898437,398.0,398.0,394.0,398.0,24000
2008-10-08,270.304931640625,372.0,382.0,371.0,382.0,30000
2008-10-09,264.4919128417969,364.0,375.0,363.0,363.0,30000
2008-10-10,238.3333435058593,328.0,348.0,328.0,348.0,30000
2008-10-14,254.3192138671875,350.0,350.0,350.0,350.0,9000
2008-10-15,270.304931640625,372.0,372.0,351.0,351.0,9000
2008-10-16,252.13922119140625,347.0,347.0,341.0,341.0,9000
2008-10-17,247.77944946289065,341.0,346.0,337.0,346.0,23000
2008-10-20,255.7723083496093,352.0,352.0,341.0,341.0,23000
2008-10-21,252.13922119140625,347.0,358.0,347.0,358.0,23000
2008-10-22,246.3262634277344,339.0,343.0,337.0,338.0,15000
2008-10-23,233.97360229492188,322.0,322.0,321.0,321.0,15000
2008-10-24,237.60671997070312,327.0,327.0,325.0,325.0,15000
2008-10-27,226.7073974609375,312.0,323.0,312.0,323.0,15000
2008-10-28,233.24693298339844,321.0,321.0,320.0,320.0,15000
2008-10-29,240.51321411132807,331.0,340.0,330.0,340.0,25000
2008-10-30,263.0385131835937,362.0,362.0,352.0,352.0,25000
2008-10-31,282.65740966796875,389.0,389.0,363.0,363.0,25000
2008-11-04,279.02447509765625,384.0,384.0,381.0,381.0,27000
2008-11-05,309.5426940917969,426.0,426.0,385.0,385.0,27000
2008-11-06,309.5426940917969,426.0,426.0,422.0,422.0,27000
2008-11-07,307.36279296875,423.0,423.0,415.0,415.0,27000
2008-11-10,332.7947692871094,458.0,458.0,448.0,448.0,27000
2008-11-11,326.98175048828125,450.0,457.0,450.0,457.0,27000
2008-11-12,318.98895263671875,439.0,439.0,438.0,438.0,7000
2008-11-13,315.3557434082031,434.0,434.0,420.0,423.0,7000
2008-11-14,296.4634094238281,408.0,434.0,408.0,434.0,7000
2008-11-17,297.9166259765625,410.0,410.0,410.0,410.0,7000
2008-11-18,299.36993408203125,412.0,412.0,409.0,409.0,7000
2008-11-19,301.5498046875,415.0,415.0,415.0,415.0,7000
2008-11-20,297.1900634765625,409.0,412.0,409.0,412.0,7000
2008-11-21,297.1900634765625,409.0,409.0,398.0,398.0,7000
2008-11-25,302.2764587402344,416.0,429.0,416.0,429.0,250000
2008-11-26,292.1037292480469,402.0,413.0,402.0,413.0,250000
2008-11-27,295.0101928710937,406.0,409.0,406.0,409.0,250000
2008-11-28,292.8302917480469,403.0,407.0,403.0,407.0,250000
2008-12-01,290.6504211425781,400.0,400.0,400.0,400.0,250000
2008-12-02,284.8373413085937,392.0,400.0,392.0,400.0,250000
2008-12-03,286.2906188964844,394.0,394.0,393.0,393.0,250000
2008-12-04,294.2835693359375,405.0,408.0,405.0,408.0,250000
2008-12-05,301.5498046875,415.0,415.0,405.0,405.0,250000
2008-12-08,306.63623046875,422.0,422.0,413.0,413.0,250000
2008-12-09,308.08941650390625,424.0,424.0,421.0,421.0,250000
2008-12-10,317.53564453125,437.0,437.0,431.0,431.0,250000
2008-12-11,312.4492492675781,430.0,442.0,430.0,442.0,250000
2008-12-12,320.4421081542969,441.0,445.0,441.0,445.0,250000
2008-12-15,328.4349975585937,452.0,452.0,451.7739868164063,451.7739868164063,250000
2008-12-16,326.98175048828125,450.0,454.0,450.0,454.0,28000
2008-12-17,317.53564453125,437.0,451.0,437.0,451.0,7000
2008-12-18,328.4349975585937,452.0,452.0,442.0,442.0,13000
2008-12-19,321.8953552246094,443.0,452.0,443.0,452.0,14000
2008-12-22,329.8882141113281,454.0,454.0,450.0,450.0,21000
2008-12-24,327.70831298828125,451.0,451.0,448.0,448.0,5000
2008-12-25,330.61480712890625,455.0,455.0,455.0,455.0,10000
2008-12-26,334.974609375,461.0,461.0,461.0,461.0,11000
2008-12-29,344.4206848144531,474.0,474.0,465.0,465.0,24000
2008-12-30,352.4136047363281,485.0,485.0,464.0,464.0,7000
2009-01-06,356.0468139648437,490.0,490.0,489.0,489.0,9000
2009-01-07,358.9533386230469,494.0,495.0,494.0,495.0,21000
2009-01-08,352.4136047363281,485.0,491.0,485.0,491.0,10000
2009-01-09,350.2337341308594,482.0,489.0,482.0,489.0,12000
2009-01-13,332.7947692871094,458.0,465.0,458.0,463.0,20000
2009-01-14,337.881103515625,465.0,470.0,465.0,470.0,9000
2009-01-15,345.8738708496094,476.0,476.0,465.0,470.0,15000
2009-01-16,349.5071716308594,481.0,482.0,477.0,481.0,18000
2009-01-19,348.0538330078125,479.0,484.0,479.0,480.0,13000
2009-01-20,346.60064697265625,477.0,482.0,477.0,482.0,4000
2009-01-21,306.63623046875,422.0,453.0,422.0,453.0,44000
2009-01-22,313.17578125,431.0,441.0,431.0,441.0,12000
2009-01-23,318.98895263671875,439.0,441.0,439.0,441.0,14000
2009-01-26,316.0823974609375,435.0,436.0,435.0,436.0,12000
2009-01-27,326.98175048828125,450.0,450.0,440.0,440.0,17000
2009-01-28,323.3486022949219,445.0,451.0,445.0,451.0,2000
2009-01-29,324.07525634765625,446.0,455.0,446.0,455.0,10000
2009-01-30,320.4421081542969,441.0,441.0,441.0,441.0,5000
2009-02-02,303.0030212402344,417.0,418.0,417.0,418.0,14000
2009-02-03,300.8232421875,414.0,428.0,414.0,425.0,33000
2009-02-04,299.36993408203125,412.0,417.0,410.0,417.0,20000
2009-02-05,297.1900634765625,409.0,412.0,409.0,412.0,26000
2009-02-06,291.3771057128906,401.0,405.0,401.0,405.0,19000
2009-02-09,289.1972045898437,398.0,398.0,397.0,397.0,14000
2009-02-10,289.1972045898437,398.0,398.0,383.0,395.0,12000
2009-02-12,292.1037292480469,402.0,409.0,396.0,409.0,20000
2009-02-13,287.7438659667969,396.0,402.0,396.0,400.0,37000
2009-02-16,305.9095764160156,421.0,421.0,421.0,421.0,14000
2009-02-17,299.36993408203125,412.0,420.0,411.0,417.0,9000
2009-02-18,299.36993408203125,412.0,421.0,412.0,421.0,7000
2009-02-19,292.1037292480469,402.0,410.0,402.0,410.0,19000
2009-02-20,289.1972045898437,398.0,406.0,398.0,400.0,16000
2009-02-23,284.1107788085937,391.0,393.0,390.0,392.0,20000
2009-02-24,287.7438659667969,396.0,396.0,392.0,392.0,32000
2009-02-25,300.0965881347656,413.0,413.0,405.0,405.0,26000
2009-02-26,303.7297058105469,418.0,418.0,418.0,418.0,11000
2009-02-27,303.7297058105469,418.0,418.0,412.0,412.0,26000
2009-03-02,301.5498046875,415.0,418.0,415.0,418.0,23000
2009-03-03,305.18292236328125,420.0,420.0,417.0,417.0,6000
2009-03-04,303.7297058105469,418.0,418.0,413.0,413.0,21000
2009-03-05,305.18292236328125,420.0,426.0,420.0,426.0,26000
2009-03-06,303.0030212402344,417.0,420.0,417.0,420.0,21000
2009-03-09,308.08941650390625,424.0,428.0,424.0,428.0,8000
2009-03-10,307.36279296875,423.0,423.0,423.0,423.0,16000
2009-03-11,308.08941650390625,424.0,429.0,424.0,429.0,13000
2009-03-12,308.08941650390625,424.0,424.0,422.0,422.0,14000
2009-03-13,312.4492492675781,430.0,430.0,428.0,428.0,34000
2009-03-16,308.8160400390625,425.0,435.0,425.0,435.0,16000
2009-03-17,317.53564453125,437.0,440.0,437.0,440.0,28000
2009-03-18,313.9024963378906,432.0,433.0,428.0,428.0,18000
2009-03-19,317.53564453125,437.0,437.0,437.0,437.0,9000
2009-03-23,324.07525634765625,446.0,447.0,446.0,447.0,15000
2009-03-24,324.80181884765625,447.0,452.0,447.0,452.0,23000
2009-03-25,338.6077575683594,466.0,466.0,447.0,447.0,25000
2009-03-26,349.3162536621094,473.0,475.0,473.0,474.0,8000
2009-03-27,354.4857177734375,480.0,480.0,474.0,479.0,19000
2009-03-30,340.4541015625,461.0,475.0,461.0,475.0,27000
2009-03-31,325.68377685546875,441.0,442.0,441.0,442.0,14000
2009-04-01,328.63787841796875,445.0,445.0,440.0,440.0,9000
2009-04-02,339.7154846191406,460.0,460.0,445.0,445.0,24000
2009-04-03,335.2845153808594,454.0,454.0,453.0,453.0,7000
2009-04-06,336.02301025390625,455.0,461.0,455.0,455.0,19000
2009-04-07,343.4081115722656,465.0,465.0,455.0,455.0,13000
2009-04-08,328.63787841796875,445.0,445.0,444.0,444.0,15000
2009-04-09,327.8993225097656,444.0,444.0,440.0,442.0,24000
2009-04-10,332.3303527832031,450.0,455.0,450.0,455.0,11000
2009-04-13,333.06890869140625,451.0,451.0,451.0,451.0,6000
2009-04-14,321.25274658203125,435.0,443.0,435.0,443.0,22000
2009-04-15,332.3303527832031,450.0,453.0,445.0,445.0,41000
2009-04-16,329.3763427734375,446.0,450.0,445.0,450.0,5000
2009-04-17,331.5918273925781,449.0,449.0,448.0,448.0,6000
2009-04-20,326.4223022460937,442.0,443.0,442.0,443.0,6000
2009-04-21,322.729736328125,437.0,437.0,431.0,434.0,23000
2009-04-22,318.2986755371094,431.0,433.0,431.0,433.0,28000
2009-04-23,326.4223022460937,442.0,442.0,430.0,430.0,20000
2009-04-24,317.5601501464844,430.0,440.0,430.0,440.0,26000
2009-04-27,316.0831298828125,428.0,431.0,425.0,431.0,21000
2009-04-28,319.03717041015625,432.0,433.0,432.0,433.0,13000
2009-04-30,319.77569580078125,433.0,434.0,433.0,434.0,11000
2009-05-01,319.03717041015625,432.0,435.0,432.0,435.0,15000
2009-05-07,326.4223022460937,442.0,444.0,439.0,439.0,12000
2009-05-08,340.4541015625,461.0,465.0,445.0,450.0,26000
2009-05-11,330.8533935546875,448.0,461.0,448.0,461.0,12000
2009-05-12,327.1607666015625,443.0,443.0,443.0,443.0,13000
2009-05-13,327.8993225097656,444.0,444.0,443.0,443.0,11000
2009-05-14,317.5601501464844,430.0,434.0,430.0,434.0,25000
2009-05-15,320.51422119140625,434.0,438.0,434.0,438.0,8000
2009-05-18,319.03717041015625,432.0,432.0,432.0,432.0,10000
2009-05-19,316.0831298828125,428.0,428.0,426.0,426.0,25000
2009-05-20,321.9912109375,436.0,436.0,435.0,435.0,16000
2009-05-21,314.6060791015625,426.0,427.0,426.0,427.0,19000
2009-05-22,321.9912109375,436.0,437.0,436.0,437.0,7000
2009-05-25,325.68377685546875,441.0,441.0,437.0,441.0,23000
2009-05-26,334.5459289550781,453.0,453.0,448.0,448.0,13000
2009-05-27,339.7154846191406,460.0,461.0,460.0,461.0,17000
2009-05-28,342.6695556640625,464.0,464.0,464.0,464.0,14000
2009-05-29,333.8074035644531,452.0,452.0,444.0,444.0,37000
2009-06-01,333.06890869140625,451.0,457.0,451.0,457.0,21000
2009-06-02,339.7154846191406,460.0,462.0,452.0,452.0,26000
2009-06-03,338.238525390625,458.0,458.0,457.0,457.0,16000
2009-06-04,348.5776672363281,472.0,472.0,466.0,466.0,34000
2009-06-05,344.8851623535156,467.0,467.0,467.0,467.0,23000
2009-06-08,349.3162536621094,473.0,476.0,473.0,476.0,17000
2009-06-09,337.5000305175781,457.0,464.0,457.0,464.0,24000
2009-06-10,343.4081115722656,465.0,465.0,459.0,459.0,17000
2009-06-11,344.1465759277344,466.0,470.0,463.0,466.0,24000
2009-06-12,364.08636474609375,493.0,494.0,475.0,475.0,75000
2009-06-15,366.3019104003906,496.0,498.0,495.0,498.0,21000
2009-06-16,345.6236267089844,468.0,490.0,468.0,490.0,23000
2009-06-17,354.4857177734375,480.0,489.0,480.0,484.0,17000
2009-06-18,344.1465759277344,466.0,474.0,466.0,474.0,13000
2009-06-19,339.7154846191406,460.0,466.0,460.0,466.0,28000
2009-06-22,341.9310302734375,463.0,469.0,463.0,465.0,23000
2009-06-23,341.9310302734375,463.0,464.0,462.0,462.0,18000
2009-06-24,343.4081115722656,465.0,467.0,464.0,464.0,10000
2009-06-25,348.5776672363281,472.0,474.0,470.0,470.0,17000
2009-06-26,352.2702331542969,477.0,478.0,472.0,476.0,21000
2009-06-29,348.5776672363281,472.0,490.0,472.0,478.0,23000
2009-06-30,368.5174255371094,499.0,500.0,482.0,487.0,33000
2009-07-01,373.6870727539063,506.0,510.0,505.0,507.0,23000
2009-07-02,376.6411437988281,510.0,532.0,509.0,526.0,36000
2009-07-03,386.2417907714844,523.0,523.0,507.0,517.0,40000
2009-07-06,380.3337097167969,515.0,525.0,506.0,524.0,17000
2009-07-07,383.2877807617188,519.0,524.0,510.0,524.0,30000
2009-07-08,378.8565979003906,513.0,516.0,505.0,508.0,29000
2009-07-09,369.9944763183594,501.0,505.0,490.0,499.0,23000
2009-07-10,379.59515380859375,514.0,514.0,503.0,508.0,18000
2009-07-13,375.16412353515625,508.0,515.0,505.0,515.0,15000
2009-07-14,373.6870727539063,506.0,525.0,504.0,525.0,49000
2009-07-15,375.16412353515625,508.0,518.0,506.0,508.0,32000
2009-07-16,371.4714965820313,503.0,512.0,503.0,509.0,13000
2009-07-17,370.7330322265625,502.0,510.0,501.0,510.0,8000
2009-07-21,378.1181945800781,512.0,515.0,509.0,512.0,27000
2009-07-22,390.6728820800781,529.0,529.0,505.0,515.0,31000
2009-07-23,401.011962890625,543.0,554.0,523.0,527.0,69000
2009-07-24,409.8741760253906,555.0,560.0,545.0,553.0,48000
2009-07-27,412.089599609375,558.0,559.0,558.0,558.0,8000
2009-07-28,420.9519348144531,570.0,589.0,561.0,577.0,47000
2009-07-29,442.36859130859375,599.0,599.0,567.0,570.0,51000
2009-07-30,439.41455078125,595.0,600.0,590.0,590.0,21000
2009-07-31,432.0295104980469,585.0,595.0,574.0,595.0,26000
2009-08-03,432.0295104980469,585.0,585.0,580.0,580.0,10000
2009-08-04,426.1214599609375,577.0,595.0,569.0,595.0,35000
2009-08-05,409.8741760253906,555.0,585.0,551.0,585.0,64000
2009-08-06,413.5667114257813,560.0,562.0,550.0,550.0,17000
2009-08-07,409.1356201171875,554.0,559.0,550.0,550.0,17000
2009-08-10,416.5207824707031,564.0,569.0,547.0,547.0,13000
2009-08-11,429.8140563964844,582.0,585.0,555.0,573.0,19000
2009-08-12,439.41455078125,595.0,597.0,585.0,588.0,34000
2009-08-13,448.2768249511719,607.0,607.0,585.0,595.0,29000
2009-08-14,431.2908935546875,584.0,611.0,583.0,607.0,31000
2009-08-17,432.0295104980469,585.0,590.0,574.0,574.0,13000
2009-08-18,428.33697509765625,580.0,585.0,570.0,585.0,10000
2009-08-19,432.0295104980469,585.0,587.0,577.0,586.0,7000
2009-08-20,439.41455078125,595.0,597.0,587.0,587.0,19000
2009-08-21,434.2450256347656,588.0,597.0,588.0,597.0,15000
2009-08-24,442.36859130859375,599.0,599.0,588.0,588.0,19000
2009-08-25,432.0295104980469,585.0,594.0,571.0,585.0,35000
2009-08-26,434.9835510253906,589.0,595.0,586.0,595.0,15000
2009-08-27,430.5525817871094,583.0,597.0,582.0,590.0,8000
2009-08-28,426.8599548339844,578.0,583.0,563.0,583.0,16000
2009-08-31,416.5207824707031,564.0,578.0,564.0,568.0,14000
2009-09-02,400.27349853515625,542.0,554.0,528.0,554.0,56000
2009-09-03,400.27349853515625,542.0,545.0,532.0,538.0,18000
2009-09-04,389.9344177246094,528.0,536.0,528.0,532.0,24000
2009-09-07,393.62689208984375,533.0,533.0,533.0,533.0,1000
2009-09-08,396.58099365234375,537.0,538.0,523.0,523.0,11000
2009-09-09,397.3194885253906,538.0,541.0,538.0,539.0,4000
2009-09-10,390.6728820800781,529.0,538.0,529.0,538.0,11000
2009-09-11,391.411376953125,530.0,545.0,529.0,545.0,37000
2009-09-14,393.62689208984375,533.0,539.0,524.0,539.0,22000
2009-09-15,387.7187805175781,525.0,536.0,525.0,536.0,11000
2009-09-16,392.14990234375,531.0,541.0,515.0,515.0,12000
2009-09-17,397.3194885253906,538.0,542.0,528.0,528.0,11000
2009-09-18,396.58099365234375,537.0,538.0,528.0,538.0,17000
2009-09-24,402.4889831542969,545.0,546.0,543.0,546.0,23000
2009-09-25,395.3753051757813,528.0,539.0,527.0,539.0,18000
2009-09-28,399.1193542480469,533.0,538.0,531.0,538.0,13000
2009-09-29,392.3800048828125,524.0,537.0,524.0,537.0,14000
2009-09-30,387.1383361816406,517.0,523.0,514.0,523.0,8000
2009-10-01,385.640625,515.0,516.0,504.0,507.0,6000
2009-10-02,369.1666564941406,493.0,520.0,491.0,520.0,20000
2009-10-05,360.180908203125,481.0,491.0,477.0,491.0,13000
2009-10-06,329.4794006347656,440.0,462.0,435.0,462.0,74000
2009-10-07,339.2139892578125,453.0,455.0,449.0,455.0,32000
2009-10-08,345.95330810546875,462.0,471.0,462.0,464.0,20000
2009-10-09,347.45098876953125,464.0,470.0,458.0,462.0,16000
2009-10-13,354.1903991699219,473.0,474.0,470.0,474.0,12000
2009-10-14,347.45098876953125,464.0,488.0,463.0,474.0,33000
2009-10-15,354.939208984375,474.0,479.0,472.0,479.0,10000
2009-10-16,357.9344787597656,478.0,489.0,477.0,489.0,14000
2009-10-19,360.9296875,482.0,491.0,481.0,491.0,13000
2009-10-20,369.1666564941406,493.0,493.0,487.0,492.0,24000
2009-10-21,369.1666564941406,493.0,494.0,483.0,483.0,12000
2009-10-22,357.9344787597656,478.0,489.0,476.0,488.0,15000
2009-10-23,360.9296875,482.0,488.0,478.0,488.0,15000
2009-10-26,368.4178466796875,492.0,492.0,486.0,487.0,20000
2009-10-27,367.6690673828125,491.0,493.0,486.0,492.0,39000
2009-10-28,358.6832275390625,479.0,492.0,476.0,492.0,21000
2009-10-29,360.9296875,482.0,486.0,481.0,484.0,17000
2009-10-30,354.1903991699219,473.0,482.0,470.0,477.0,21000
2009-11-02,349.6974182128906,467.0,467.0,460.0,463.0,19000
2009-11-04,344.4556884765625,460.0,465.0,452.0,452.0,11000
2009-11-05,341.46051025390625,456.0,465.0,451.0,465.0,13000
2009-11-06,341.46051025390625,456.0,457.0,456.0,456.0,17000
2009-11-09,336.9675598144531,450.0,461.0,449.0,461.0,26000
2009-11-10,332.4747009277344,444.0,454.0,444.0,450.0,32000
2009-11-11,324.9864501953125,434.0,450.0,434.0,444.0,18000
2009-11-12,316.0007629394531,422.0,432.0,417.0,429.0,35000
2009-11-13,308.5124816894531,412.0,425.0,412.0,425.0,52000
2009-11-16,304.7684631347656,407.0,417.0,407.0,417.0,27000
2009-11-17,305.51727294921875,408.0,412.0,407.0,412.0,27000
2009-11-18,305.51727294921875,408.0,413.0,408.0,413.0,20000
2009-11-19,308.5124816894531,412.0,414.0,407.0,413.0,26000
2009-11-20,301.773193359375,403.0,418.0,403.0,412.0,28000
2009-11-24,299.5267028808594,400.0,408.0,399.0,400.0,31000
2009-11-25,301.0243835449219,402.0,405.0,399.0,405.0,29000
2009-11-26,291.2896728515625,389.0,402.0,387.0,402.0,38000
2009-11-27,283.8016052246094,379.0,394.0,379.0,394.0,30000
2009-11-30,289.7921447753906,387.0,396.0,383.0,390.0,40000
2009-12-01,296.5314025878906,396.0,400.0,391.0,392.0,36000
2009-12-02,295.7826232910156,395.0,404.0,392.0,401.0,40000
2009-12-03,297.2802429199219,397.0,404.0,396.0,396.0,49000
2009-12-04,297.2802429199219,397.0,401.0,396.0,401.0,31000
2009-12-07,295.0338439941406,394.0,401.0,392.0,401.0,36000
2009-12-08,296.5314025878906,396.0,401.0,392.0,397.0,60000
2009-12-09,297.2802429199219,397.0,400.0,396.0,400.0,28000
2009-12-10,298.0291442871094,398.0,405.0,397.0,405.0,29000
2009-12-11,302.5220031738281,404.0,404.0,399.0,404.0,44000
2009-12-14,310.0101623535156,414.0,429.0,411.0,413.0,43000
2009-12-15,314.5030822753906,420.0,425.0,419.0,419.0,47000
2009-12-16,316.74957275390625,423.0,434.0,423.0,425.0,23000
2009-12-17,324.9864501953125,434.0,436.0,428.0,432.0,23000
2009-12-18,336.2186889648437,449.0,450.0,434.0,437.0,31000
2009-12-21,327.2330017089844,437.0,450.0,437.0,449.0,14000
2009-12-22,333.9723205566406,446.0,447.0,443.0,443.0,10000
2009-12-24,330.2281799316406,441.0,445.0,439.0,445.0,25000
2009-12-25,327.9817810058594,438.0,439.0,438.0,438.0,12000
2009-12-28,328.7306213378906,439.0,442.0,438.0,442.0,25000
2009-12-29,331.725830078125,443.0,448.0,442.0,448.0,16000
2009-12-30,328.7306213378906,439.0,443.0,438.0,438.0,10000
2010-01-04,321.2423400878906,429.0,439.0,427.0,439.0,26000
2010-01-05,325.7353210449219,435.0,437.0,429.0,437.0,14000
2010-01-06,336.9675598144531,450.0,450.0,438.0,443.0,23000
2010-01-07,348.1997985839844,465.0,466.0,459.0,466.0,20000
2010-01-08,347.45098876953125,464.0,464.0,460.0,463.0,14000
2010-01-12,351.1950378417969,469.0,472.0,462.0,464.0,36000
2010-01-13,348.1997985839844,465.0,472.0,461.0,472.0,12000
2010-01-14,346.7021789550781,463.0,470.0,463.0,470.0,9000
2010-01-15,339.2139892578125,453.0,466.0,443.0,458.0,27000
2010-01-18,340.7116394042969,455.0,461.0,454.0,460.0,17000
2010-01-19,341.46051025390625,456.0,459.0,456.0,457.0,14000
2010-01-20,345.95330810546875,462.0,464.0,456.0,464.0,17000
2010-01-21,344.4556884765625,460.0,471.0,454.0,454.0,23000
2010-01-22,339.2139892578125,453.0,456.0,450.0,456.0,16000
2010-01-25,331.725830078125,443.0,450.0,434.0,445.0,22000
2010-01-26,324.9864501953125,434.0,444.0,429.0,444.0,27000
2010-01-27,324.9864501953125,434.0,443.0,434.0,442.0,18000
2010-01-28,323.4888916015625,432.0,433.0,426.0,426.0,9000
2010-01-29,316.0007629394531,422.0,426.0,421.0,426.0,26000
2010-02-01,313.7542419433594,419.0,421.0,413.0,420.0,20000
2010-02-02,324.9864501953125,434.0,438.0,427.0,427.0,12000
2010-02-03,324.9864501953125,434.0,434.0,432.0,433.0,6000
2010-02-04,327.2330017089844,437.0,442.0,427.0,442.0,24000
2010-02-05,318.9959716796875,426.0,432.0,426.0,429.0,15000
2010-02-08,319.7447509765625,427.0,432.0,427.0,429.0,9000
2010-02-09,318.9959716796875,426.0,426.0,422.0,422.0,17000
2010-02-10,320.4935913085937,428.0,434.0,424.0,424.0,13000
2010-02-12,318.9959716796875,426.0,429.0,426.0,429.0,17000
2010-02-15,315.2518615722656,421.0,429.0,421.0,426.0,13000
2010-02-16,316.74957275390625,423.0,428.0,421.0,428.0,5000
2010-02-17,323.4888916015625,432.0,433.0,423.0,423.0,20000
2010-02-18,322.739990234375,431.0,431.0,428.0,429.0,5000
2010-02-19,318.24713134765625,425.0,427.0,424.0,427.0,14000
2010-02-22,325.7353210449219,435.0,435.0,425.0,425.0,11000
2010-02-23,324.9864501953125,434.0,443.0,427.0,435.0,13000
2010-02-24,320.4935913085937,428.0,430.0,426.0,426.0,17000
2010-02-25,318.9959716796875,426.0,433.0,424.0,424.0,18000
2010-02-26,316.0007629394531,422.0,426.0,421.0,421.0,24000
2010-03-01,316.0007629394531,422.0,425.0,420.0,424.0,18000
2010-03-02,314.5030822753906,420.0,421.0,419.0,421.0,23000
2010-03-03,313.7542419433594,419.0,419.0,419.0,419.0,7000
2010-03-04,313.0054626464844,418.0,420.0,417.0,419.0,17000
2010-03-05,314.5030822753906,420.0,422.0,419.0,419.0,17000
2010-03-08,313.0054626464844,418.0,424.0,418.0,424.0,36000
2010-03-09,313.0054626464844,418.0,421.0,418.0,420.0,35000
2010-03-10,312.25665283203125,417.0,418.0,417.0,418.0,20000
2010-03-11,313.0054626464844,418.0,418.0,415.0,417.0,14000
2010-03-12,314.5030822753906,420.0,420.0,416.0,418.0,29000
2010-03-15,315.2518615722656,421.0,425.0,421.0,424.0,21000
2010-03-16,317.4983825683594,424.0,425.0,419.0,419.0,15000
2010-03-17,318.24713134765625,425.0,425.0,423.0,425.0,9000
2010-03-18,319.7447509765625,427.0,428.0,426.0,426.0,16000
2010-03-19,320.4935913085937,428.0,434.0,427.0,427.0,32000
2010-03-23,326.484130859375,436.0,436.0,429.0,432.0,24000
2010-03-24,329.4794006347656,440.0,440.0,435.0,437.0,20000
2010-03-25,331.725830078125,443.0,443.0,435.0,440.0,61000
2010-03-26,333.9723205566406,446.0,446.0,442.0,442.0,68000
2010-03-29,344.2542419433594,452.0,452.0,449.0,449.0,35000
2010-03-30,354.1553649902344,465.0,465.0,453.0,457.0,39000
2010-03-31,352.6321105957031,463.0,468.0,457.0,468.0,39000
2010-04-01,355.6786193847656,467.0,471.0,465.0,471.0,25000
2010-04-02,356.4401550292969,468.0,473.0,457.0,462.0,26000
2010-04-05,354.9169311523437,466.0,468.0,448.0,468.0,38000
2010-04-06,352.6321105957031,463.0,466.0,458.0,466.0,24000
2010-04-07,351.87042236328125,462.0,468.0,462.0,466.0,33000
2010-04-08,351.87042236328125,462.0,466.0,457.0,457.0,27000
2010-04-09,354.9169311523437,466.0,466.0,454.0,454.0,21000
2010-04-12,354.1553649902344,465.0,469.0,465.0,469.0,15000
2010-04-13,348.0623474121094,457.0,462.0,454.0,462.0,38000
2010-04-14,350.34716796875,460.0,480.0,457.0,457.0,35000
2010-04-15,351.87042236328125,462.0,470.0,461.0,463.0,48000
2010-04-16,353.393798828125,464.0,465.0,462.0,462.0,17000
2010-04-19,349.5855712890625,459.0,464.0,456.0,456.0,22000
2010-04-20,344.2542419433594,452.0,459.0,449.0,459.0,60000
2010-04-21,348.0623474121094,457.0,467.0,455.0,455.0,49000
2010-04-22,353.393798828125,464.0,465.0,460.0,462.0,28000
2010-04-23,355.6786193847656,467.0,470.0,462.0,462.0,31000
2010-04-26,358.72509765625,471.0,479.0,470.0,470.0,49000
2010-04-27,364.0564270019531,478.0,485.0,468.0,469.0,46000
2010-04-28,351.1087951660156,461.0,474.0,460.0,471.0,57000
2010-04-30,347.3007507324219,456.0,472.0,454.0,467.0,67000
2010-05-06,333.591552734375,438.0,440.0,432.0,440.0,75000
2010-05-07,322.1671447753906,423.0,431.0,422.0,430.0,71000
2010-05-10,329.021728515625,432.0,448.0,427.0,427.0,61000
2010-05-11,340.4460144042969,447.0,462.0,435.0,440.0,107000
2010-05-12,340.4460144042969,447.0,460.0,444.0,459.0,71000
2010-05-13,335.8763732910156,441.0,456.0,436.0,448.0,66000
2010-05-14,332.0682373046875,436.0,448.0,436.0,441.0,115000
2010-05-17,323.6903991699219,425.0,444.0,425.0,432.0,268000
2010-05-18,322.1671447753906,423.0,430.0,423.0,423.0,56000
2010-05-19,316.8358154296875,416.0,422.0,412.0,422.0,68000
2010-05-20,318.3590087890625,418.0,419.0,415.0,415.0,53000
2010-05-21,313.027587890625,411.0,412.0,400.0,409.0,47000
2010-05-24,306.9345703125,403.0,406.0,401.0,406.0,48000
2010-05-25,304.6497497558594,400.0,402.0,389.0,402.0,95000
2010-05-26,300.0800170898437,394.0,400.0,391.0,397.0,64000
2010-05-27,303.8881530761719,399.0,413.0,389.0,397.0,128000
2010-05-28,303.8881530761719,399.0,410.0,397.0,407.0,111000
2010-05-31,303.8881530761719,399.0,401.0,396.0,397.0,55000
2010-06-01,301.603271484375,396.0,402.0,395.0,402.0,25000
2010-06-02,298.5567626953125,392.0,402.0,390.0,402.0,32000
2010-06-03,304.6497497558594,400.0,400.0,395.0,396.0,23000
2010-06-04,308.4578857421875,405.0,406.0,401.0,403.0,44000
2010-06-07,303.12652587890625,398.0,401.0,398.0,401.0,9000
2010-06-08,310.7427062988281,408.0,411.0,397.0,397.0,24000
2010-06-09,303.8881530761719,399.0,408.0,399.0,408.0,24000
2010-06-10,303.8881530761719,399.0,404.0,397.0,397.0,23000
2010-06-11,303.8881530761719,399.0,407.0,399.0,407.0,49000
2010-06-14,301.603271484375,396.0,402.0,396.0,401.0,30000
2010-06-15,303.12652587890625,398.0,400.0,397.0,400.0,28000
2010-06-16,303.8881530761719,399.0,404.0,399.0,404.0,21000
2010-06-17,305.4114074707031,401.0,402.0,400.0,401.0,16000
2010-06-18,309.21954345703125,406.0,406.0,401.0,401.0,22000
2010-06-21,316.8358154296875,416.0,418.0,411.0,415.0,46000
2010-06-22,316.8358154296875,416.0,424.0,416.0,416.0,33000
2010-06-23,316.0741577148437,415.0,417.0,412.0,413.0,29000
2010-06-24,319.12060546875,419.0,421.0,415.0,415.0,18000
2010-06-25,312.2659606933594,410.0,418.0,410.0,418.0,14000
2010-06-28,313.78924560546875,412.0,413.0,409.0,409.0,15000
2010-06-29,311.5044250488281,409.0,415.0,407.0,415.0,18000
2010-06-30,306.1729431152344,402.0,407.0,394.0,407.0,34000
2010-07-01,304.6497497558594,400.0,402.0,396.0,401.0,41000
2010-07-02,300.8416748046875,395.0,396.0,393.0,396.0,23000
2010-07-05,297.795166015625,391.0,395.0,390.0,395.0,29000
2010-07-06,300.8416748046875,395.0,397.0,390.0,392.0,39000
2010-07-07,299.3184509277344,393.0,396.0,390.0,393.0,28000
2010-07-08,300.0800170898437,394.0,395.0,392.0,395.0,25000
2010-07-09,303.12652587890625,398.0,398.0,391.0,394.0,19000
2010-07-12,303.12652587890625,398.0,402.0,398.0,401.0,14000
2010-07-13,300.8416748046875,395.0,401.0,395.0,400.0,14000
2010-07-14,303.12652587890625,398.0,399.0,396.0,399.0,8000
2010-07-15,299.3184509277344,393.0,398.0,392.0,398.0,19000
2010-07-16,298.5567626953125,392.0,396.0,390.0,396.0,15000
2010-07-21,297.0335388183594,390.0,395.0,390.0,395.0,20000
2010-07-22,295.5102233886719,388.0,389.0,388.0,388.0,17000
2010-07-23,303.12652587890625,398.0,399.0,395.0,398.0,24000
2010-07-26,301.603271484375,396.0,400.0,394.0,398.0,19000
2010-07-27,303.12652587890625,398.0,400.0,397.0,400.0,9000
2010-07-28,303.12652587890625,398.0,402.0,396.0,402.0,34000
2010-07-29,299.3184509277344,393.0,399.0,393.0,399.0,24000
2010-07-30,293.225341796875,385.0,393.0,381.0,393.0,29000
2010-08-02,297.0335388183594,390.0,393.0,385.0,385.0,17000
2010-08-03,297.795166015625,391.0,392.0,390.0,390.0,13000
2010-08-04,291.7020568847656,383.0,389.0,381.0,389.0,25000
2010-08-05,293.9869384765625,386.0,387.0,384.0,386.0,7000
2010-08-06,293.225341796875,385.0,388.0,381.0,388.0,11000
2010-08-09,292.4637451171875,384.0,385.0,381.0,381.0,33000
2010-08-10,288.6556701660156,379.0,387.0,379.0,386.0,26000
2010-08-11,283.32427978515625,372.0,382.0,372.0,379.0,23000
2010-08-12,279.5161437988281,367.0,372.0,365.0,372.0,23000
2010-08-13,281.0394287109375,369.0,369.0,367.0,367.0,9000
2010-08-16,277.9929504394531,365.0,372.0,365.0,369.0,18000
2010-08-17,277.2313232421875,364.0,370.0,364.0,365.0,10000
2010-08-18,281.0394287109375,369.0,369.0,368.0,368.0,4000
2010-08-19,277.2313232421875,364.0,370.0,364.0,367.0,31000
2010-08-20,278.7545471191406,366.0,366.0,364.0,364.0,11000
2010-08-23,271.8999328613281,357.0,364.0,355.0,364.0,14000
2010-08-24,271.13824462890625,356.0,356.0,351.0,354.0,22000
2010-08-25,268.8534240722656,353.0,356.0,352.0,356.0,29000
2010-08-26,272.6615600585937,358.0,358.0,352.0,355.0,20000
2010-08-27,272.6615600585937,358.0,358.0,355.0,356.0,13000
2010-08-30,277.2313232421875,364.0,366.0,363.0,366.0,15000
2010-08-31,266.56854248046875,350.0,359.0,350.0,359.0,31000
2010-09-01,268.8534240722656,353.0,359.0,351.0,359.0,29000
2010-09-02,271.8999328613281,357.0,361.0,357.0,361.0,8000
2010-09-03,272.6615600585937,358.0,365.0,357.0,357.0,16000
2010-09-06,276.4696960449219,363.0,363.0,362.0,362.0,5000
2010-09-07,281.8010559082031,370.0,371.0,364.0,364.0,17000
2010-09-08,277.2313232421875,364.0,368.0,364.0,368.0,10000
2010-09-09,281.0394287109375,369.0,370.0,367.0,367.0,12000
2010-09-10,277.2313232421875,364.0,365.0,356.0,356.0,84000
2010-09-13,277.9929504394531,365.0,366.0,365.0,366.0,22000
2010-09-14,277.9929504394531,365.0,365.0,365.0,365.0,2000
2010-09-16,281.0394287109375,369.0,370.0,369.0,370.0,14000
2010-09-17,282.56268310546875,371.0,372.0,370.0,370.0,20000
2010-09-21,287.1324157714844,377.0,377.0,372.0,372.0,13000
2010-09-22,285.609130859375,375.0,380.0,375.0,377.0,38000
2010-09-24,281.8010559082031,370.0,377.0,370.0,373.0,37000
2010-09-27,284.8475036621094,374.0,376.0,370.0,370.0,52000
2010-09-28,284.4588623046875,366.0,369.0,365.0,369.0,28000
2010-09-29,289.12225341796875,372.0,373.0,365.0,365.0,20000
2010-09-30,286.0133056640625,368.0,371.0,368.0,371.0,12000
2010-10-01,288.34503173828125,371.0,372.0,365.0,365.0,18000
2010-10-04,282.904541015625,364.0,371.0,362.0,371.0,11000
2010-10-05,279.0184326171875,359.0,363.0,355.0,363.0,21000
2010-10-06,280.57281494140625,361.0,363.0,360.0,363.0,10000
2010-10-07,282.1272888183594,363.0,364.0,358.0,358.0,15000
2010-10-08,279.7956237792969,360.0,362.0,360.0,362.0,10000
2010-10-12,272.80078125,351.0,359.0,351.0,359.0,15000
2010-10-13,265.80584716796875,342.0,350.0,342.0,350.0,27000
2010-10-14,268.9146728515625,346.0,351.0,340.0,341.0,40000
2010-10-15,262.69708251953125,338.0,347.0,338.0,345.0,51000
2010-10-18,266.5830993652344,343.0,343.0,339.0,339.0,23000
2010-10-19,265.0287475585937,341.0,344.0,340.0,340.0,24000
2010-10-20,258.0338134765625,332.0,336.0,331.0,335.0,53000
2010-10-21,254.9248962402344,328.0,333.0,326.0,332.0,33000
2010-10-22,254.1477813720703,327.0,337.0,325.0,329.0,61000
2010-10-25,258.8110046386719,333.0,333.0,327.0,330.0,25000
2010-10-26,257.2565612792969,331.0,334.0,330.0,331.0,26000
2010-10-27,258.8110046386719,333.0,338.0,332.0,334.0,35000
2010-10-28,258.0338134765625,332.0,332.0,331.0,331.0,26000
2010-10-29,256.47930908203125,330.0,332.0,328.0,331.0,22000
2010-11-01,256.47930908203125,330.0,331.0,326.0,331.0,11000
2010-11-02,255.7020874023437,329.0,329.0,327.0,328.0,16000
2010-11-04,258.0338134765625,332.0,332.0,329.0,332.0,12000
2010-11-05,263.4742431640625,339.0,339.0,334.0,335.0,37000
2010-11-08,265.0287475585937,341.0,345.0,340.0,344.0,22000
2010-11-09,270.4691162109375,348.0,348.0,344.0,344.0,15000
2010-11-10,273.5780334472656,352.0,354.0,351.0,351.0,34000
2010-11-11,275.9096374511719,355.0,355.0,347.0,352.0,39000
2010-11-12,273.5780334472656,352.0,353.0,350.0,353.0,25000
2010-11-15,278.2413024902344,358.0,358.0,353.0,353.0,37000
2010-11-16,279.7956237792969,360.0,360.0,360.0,360.0,26000
2010-11-17,280.57281494140625,361.0,361.0,355.0,356.0,24000
2010-11-18,286.0133056640625,368.0,368.0,355.0,356.0,20000
2010-11-19,282.904541015625,364.0,368.0,364.0,368.0,20000
2010-11-22,283.6816711425781,365.0,368.0,365.0,367.0,17000
2010-11-24,284.4588623046875,366.0,368.0,358.0,358.0,31000
2010-11-25,286.79052734375,369.0,374.0,367.0,370.0,48000
2010-11-26,287.5677185058594,370.0,372.0,369.0,369.0,10000
2010-11-29,284.4588623046875,366.0,367.0,359.0,359.0,18000
2010-11-30,278.2413024902344,358.0,368.0,358.0,368.0,23000
2010-12-01,279.0184326171875,359.0,360.0,357.0,360.0,15000
2010-12-02,281.3500366210937,362.0,364.0,361.0,364.0,27000
2010-12-03,283.6816711425781,365.0,366.0,363.0,363.0,16000
2010-12-06,284.4588623046875,366.0,368.0,364.0,364.0,20000
2010-12-07,289.12225341796875,372.0,372.0,365.0,368.0,36000
2010-12-08,294.5626525878906,379.0,381.0,375.0,376.0,37000
2010-12-09,299.225830078125,385.0,388.0,380.0,382.0,43000
2010-12-10,303.1119689941406,390.0,390.0,387.0,388.0,13000
2010-12-13,302.3347473144531,389.0,394.0,382.0,394.0,35000
2010-12-14,298.4486694335937,384.0,392.0,384.0,392.0,37000
2010-12-15,303.1119689941406,390.0,392.0,387.0,389.0,53000
2010-12-16,304.6663818359375,392.0,395.0,391.0,393.0,37000
2010-12-17,303.1119689941406,390.0,394.0,388.0,394.0,37000
2010-12-20,306.2208251953125,394.0,394.0,390.0,390.0,11000
2010-12-21,303.8891906738281,391.0,392.0,390.0,390.0,27000
2010-12-22,303.8891906738281,391.0,393.0,390.0,391.0,27000
2010-12-24,302.3347473144531,389.0,392.0,389.0,391.0,25000
2010-12-27,303.1119689941406,390.0,392.0,389.0,392.0,11000
2010-12-28,303.8891906738281,391.0,391.0,389.0,391.0,18000
2010-12-29,306.9980773925781,395.0,395.0,392.0,392.0,10000
2010-12-30,305.44354248046875,393.0,395.0,392.0,392.0,18000
2011-01-04,310.88409423828125,400.0,402.0,400.0,402.0,17000
2011-01-05,312.4384155273437,402.0,402.0,400.0,402.0,11000
2011-01-06,316.32452392578125,407.0,408.0,402.0,402.0,20000
2011-01-07,321.7649841308594,414.0,415.0,407.0,407.0,38000
2011-01-11,327.98272705078125,422.0,424.0,411.0,414.0,26000
2011-01-12,326.4282531738281,420.0,421.0,416.0,420.0,18000
2011-01-13,324.87384033203125,418.0,420.0,415.0,420.0,23000
2011-01-14,322.5422058105469,415.0,418.0,413.0,418.0,19000
2011-01-17,320.98779296875,413.0,416.0,413.0,416.0,10000
2011-01-18,321.7649841308594,414.0,420.0,414.0,420.0,21000
2011-01-19,323.3194274902344,416.0,416.0,413.0,413.0,11000
2011-01-20,320.21063232421875,412.0,415.0,410.0,415.0,15000
2011-01-21,311.6612854003906,401.0,411.0,400.0,411.0,42000
2011-01-24,317.8789367675781,409.0,411.0,398.0,400.0,21000
2011-01-25,320.98779296875,413.0,413.0,409.0,410.0,17000
2011-01-26,321.7649841308594,414.0,419.0,413.0,414.0,30000
2011-01-27,322.5422058105469,415.0,419.0,414.0,416.0,13000
2011-01-28,317.1016845703125,408.0,411.0,405.0,410.0,24000
2011-01-31,312.4384155273437,402.0,404.0,397.0,397.0,25000
2011-02-01,308.552490234375,397.0,400.0,392.0,400.0,36000
2011-02-02,307.77520751953125,396.0,398.0,394.0,398.0,17000
2011-02-03,309.32965087890625,398.0,398.0,396.0,397.0,8000
2011-02-04,309.32965087890625,398.0,400.0,397.0,397.0,11000
2011-02-07,313.9929504394531,404.0,404.0,400.0,400.0,20000
2011-02-08,311.6612854003906,401.0,407.0,401.0,407.0,15000
2011-02-09,311.6612854003906,401.0,404.0,401.0,404.0,11000
2011-02-10,317.8789367675781,409.0,409.0,402.0,404.0,19000
2011-02-14,319.43341064453125,411.0,414.0,359.0,360.0,26000
2011-02-15,325.6510925292969,419.0,425.0,413.0,415.0,38000
2011-02-16,320.98779296875,413.0,424.0,413.0,424.0,29000
2011-02-17,327.2055358886719,421.0,423.0,415.0,421.0,18000
2011-02-18,327.98272705078125,422.0,423.0,420.0,421.0,10000
2011-02-21,329.53717041015625,424.0,430.0,420.0,422.0,32000
2011-02-22,326.4282531738281,420.0,423.0,420.0,420.0,21000
2011-02-23,323.3194274902344,416.0,421.0,416.0,418.0,33000
2011-02-24,321.7649841308594,414.0,424.0,413.0,416.0,27000
2011-02-25,326.4282531738281,420.0,420.0,414.0,414.0,27000
2011-02-28,327.98272705078125,422.0,424.0,419.0,422.0,25000
2011-03-01,327.2055358886719,421.0,423.0,421.0,422.0,15000
2011-03-03,325.6510925292969,419.0,423.0,419.0,420.0,30000
2011-03-04,325.6510925292969,419.0,421.0,419.0,421.0,16000
2011-03-07,324.87384033203125,418.0,421.0,418.0,421.0,25000
2011-03-08,325.6510925292969,419.0,420.0,415.0,419.0,18000
2011-03-09,324.0966186523437,417.0,420.0,417.0,419.0,17000
2011-03-10,320.21063232421875,412.0,419.0,412.0,419.0,20000
2011-03-11,312.4384155273437,402.0,416.0,401.0,416.0,81000
2011-03-14,250.2617034912109,322.0,322.0,322.0,322.0,7000
2011-03-15,188.08485412597656,242.0,272.0,242.0,266.0,215000
2011-03-16,183.421615600586,236.0,250.0,225.0,250.0,381000
2011-03-17,237.82635498046875,306.0,314.0,236.0,244.0,511000
2011-03-18,261.1426086425781,336.0,350.0,303.0,338.0,486000
2011-03-22,271.24639892578125,349.0,364.0,342.0,364.0,180000
2011-03-23,270.4691162109375,348.0,352.0,341.0,350.0,141000
2011-03-24,252.5933074951172,325.0,347.0,322.0,342.0,170000
2011-03-25,258.0338134765625,332.0,345.0,330.0,333.0,129000
2011-03-28,255.7020874023437,329.0,330.0,320.0,330.0,98000
2011-03-29,268.8252868652344,338.0,339.0,320.0,329.0,70000
2011-03-30,268.8252868652344,338.0,339.0,332.0,339.0,36000
2011-03-31,270.4159851074219,340.0,340.0,323.0,339.0,62000
2011-04-01,264.0533142089844,332.0,340.0,332.0,340.0,35000
2011-04-04,256.099853515625,322.0,333.0,321.0,333.0,38000
2011-04-05,245.7603912353516,309.0,325.0,306.0,324.0,50000
2011-04-06,246.5557403564453,310.0,312.0,301.0,312.0,43000
2011-04-07,242.5790557861328,305.0,310.0,305.0,310.0,31000
2011-04-08,247.35110473632807,311.0,312.0,305.0,305.0,34000
2011-04-11,266.4393005371094,335.0,335.0,312.0,312.0,68000
2011-04-12,266.4393005371094,335.0,340.0,331.0,331.0,66000
2011-04-13,256.099853515625,322.0,333.0,322.0,330.0,40000
2011-04-14,258.4858703613281,325.0,327.0,323.0,323.0,9000
2011-04-15,256.8951721191406,323.0,327.0,323.0,327.0,12000
2011-04-18,254.5091247558593,320.0,329.0,320.0,329.0,12000
2011-04-19,248.9417266845703,313.0,318.0,310.0,315.0,19000
2011-04-20,245.7603912353516,309.0,314.0,308.0,313.0,21000
2011-04-21,258.4858703613281,325.0,325.0,310.0,315.0,25000
2011-04-22,249.73699951171875,314.0,321.0,313.0,321.0,18000
2011-04-25,248.9417266845703,313.0,319.0,312.0,319.0,16000
2011-04-26,261.6671447753906,329.0,330.0,316.0,320.0,56000
2011-04-27,254.5091247558593,320.0,330.0,320.0,328.0,27000
2011-04-28,256.8951721191406,323.0,324.0,314.0,315.0,33000
2011-05-02,251.3277740478516,316.0,323.0,314.0,323.0,53000
2011-05-06,248.9417266845703,313.0,313.0,310.0,313.0,38000
2011-05-09,248.9417266845703,313.0,315.0,310.0,313.0,32000
2011-05-10,248.1464691162109,312.0,313.0,310.0,312.0,24000
2011-05-11,247.35110473632807,311.0,314.0,310.0,314.0,41000
2011-05-12,246.5557403564453,310.0,312.0,310.0,310.0,26000
2011-05-13,244.9650115966797,308.0,313.0,304.0,311.0,59000
2011-05-16,242.5790557861328,305.0,312.0,301.0,302.0,59000
2011-05-17,242.5790557861328,305.0,306.0,303.0,305.0,25000
2011-05-18,243.37440490722656,306.0,307.0,305.0,306.0,26000
2011-05-19,240.1930389404297,302.0,305.0,301.0,305.0,30000
2011-05-20,238.602294921875,300.0,304.0,300.0,301.0,18000
2011-05-23,233.83026123046875,294.0,298.0,294.0,294.0,26000
2011-05-24,232.23953247070312,292.0,292.0,291.0,291.0,25000
2011-05-25,233.0349273681641,293.0,296.0,291.0,295.0,35000
2011-05-26,243.37440490722656,306.0,315.0,293.0,300.0,81000
2011-05-27,243.37440490722656,306.0,306.0,297.0,306.0,24000
2011-05-30,240.1930389404297,302.0,306.0,301.0,306.0,32000
2011-05-31,244.16973876953125,307.0,316.0,299.0,302.0,73000
2011-06-01,248.9417266845703,313.0,317.0,309.0,312.0,52000
2011-06-02,246.5557403564453,310.0,312.0,307.0,312.0,30000
2011-06-03,243.37440490722656,306.0,313.0,306.0,310.0,35000
2011-06-06,240.1930389404297,302.0,307.0,302.0,307.0,22000
2011-06-07,240.1930389404297,302.0,311.0,301.0,302.0,70000
2011-06-08,239.3977203369141,301.0,303.0,300.0,303.0,36000
2011-06-09,241.7836761474609,304.0,305.0,301.0,301.0,23000
2011-06-10,244.9650115966797,308.0,312.0,308.0,309.0,40000
2011-06-13,244.9650115966797,308.0,309.0,305.0,308.0,35000
2011-06-14,252.1231231689453,317.0,317.0,308.0,308.0,35000
2011-06-15,252.9184112548828,318.0,324.0,314.0,324.0,28000
2011-06-16,248.1464691162109,312.0,316.0,312.0,315.0,28000
2011-06-17,244.16973876953125,307.0,314.0,302.0,314.0,61000
2011-06-20,248.9417266845703,313.0,320.0,307.0,307.0,49000
2011-06-21,254.5091247558593,320.0,320.0,311.0,318.0,47000
2011-06-22,256.099853515625,322.0,323.0,320.0,322.0,33000
2011-06-23,253.7138671875,319.0,321.0,317.0,320.0,30000
2011-06-24,255.3044891357422,321.0,321.0,315.0,318.0,32000
2011-06-27,260.0765686035156,327.0,329.0,321.0,321.0,44000
2011-06-28,255.3044891357422,321.0,330.0,319.0,329.0,71000
2011-06-29,262.4625549316406,330.0,330.0,325.0,325.0,25000
2011-06-30,268.0299377441406,337.0,339.0,333.0,338.0,61000
2011-07-01,284.73211669921875,358.0,360.0,341.0,341.0,166000
2011-07-04,298.2528686523437,375.0,385.0,366.0,366.0,113000
2011-07-05,291.8901672363281,367.0,371.0,365.0,371.0,42000
2011-07-06,285.5274658203125,359.0,367.0,355.0,367.0,45000
2011-07-07,283.14141845703125,356.0,356.0,353.0,356.0,25000
2011-07-08,283.14141845703125,356.0,359.0,354.0,359.0,24000
2011-07-11,280.75543212890625,353.0,353.0,350.0,351.0,44000
2011-07-12,281.5507507324219,354.0,364.0,351.0,351.0,43000
2011-07-13,286.32275390625,360.0,361.0,353.0,353.0,67000
2011-07-14,309.3876342773437,389.0,401.0,357.0,357.0,418000
2011-07-15,333.2478942871094,419.0,420.0,383.0,386.0,544000
2011-07-19,359.49420166015625,452.0,455.0,422.0,422.0,924000
2011-07-20,360.28948974609375,453.0,467.0,439.0,455.0,639000
2011-07-21,350.7454528808594,441.0,452.0,438.0,449.0,257000
2011-07-22,354.7220764160156,446.0,449.0,439.0,439.0,123000
2011-07-25,353.1314697265625,444.0,451.0,442.0,447.0,105000
2011-07-26,356.31280517578125,448.0,452.0,444.0,444.0,111000
2011-07-27,354.7220764160156,446.0,451.0,444.0,451.0,68000
2011-07-28,345.1780700683594,434.0,446.0,432.0,440.0,179000
2011-07-29,343.5873107910156,432.0,438.0,432.0,434.0,111000
2011-08-01,341.2012939453125,429.0,430.0,424.0,429.0,78000
2011-08-02,338.8153076171875,426.0,434.0,425.0,429.0,73000
2011-08-03,334.0432434082031,420.0,425.0,409.0,421.0,152000
2011-08-04,336.4292297363281,423.0,429.0,420.0,423.0,87000
2011-08-05,323.7038269042969,407.0,409.0,405.0,405.0,68000
2011-08-08,316.5456848144531,398.0,411.0,386.0,403.0,87000
2011-08-09,317.3410949707031,399.0,401.0,382.0,385.0,99000
2011-08-10,343.5873107910156,432.0,439.0,393.0,407.0,221000
2011-08-11,374.6056518554688,471.0,479.0,425.0,425.0,350000
2011-08-12,357.9034729003906,450.0,471.0,440.0,471.0,181000
2011-08-15,369.8335266113281,465.0,472.0,457.0,458.0,210000
2011-08-16,385.7403869628906,485.0,485.0,466.0,467.0,232000
2011-08-17,403.2378540039063,507.0,510.0,485.0,485.0,317000
2011-08-18,392.8984680175781,494.0,514.0,494.0,513.0,177000
2011-08-19,384.945068359375,484.0,489.0,475.0,480.0,134000
2011-08-22,361.8801574707031,455.0,484.0,454.0,484.0,146000
2011-08-23,367.447509765625,462.0,463.0,451.0,463.0,81000
2011-08-24,368.2428588867188,463.0,470.0,458.0,466.0,143000
2011-08-25,375.4009399414063,472.0,481.0,461.0,465.0,132000
2011-08-26,365.0615539550781,459.0,472.0,453.0,472.0,49000
2011-08-29,378.5823974609375,476.0,484.0,463.0,471.0,121000
2011-08-30,400.8518981933594,504.0,507.0,480.0,480.0,214000
2011-08-31,400.0565490722656,503.0,517.0,500.0,505.0,119000
2011-09-01,411.9866638183594,518.0,521.0,510.0,513.0,106000
2011-09-02,404.03326416015625,508.0,517.0,503.0,511.0,85000
2011-09-05,413.5774230957031,520.0,524.0,512.0,517.0,82000
2011-09-06,399.2611999511719,502.0,514.0,495.0,514.0,92000
2011-09-07,403.2378540039063,507.0,514.0,500.0,500.0,40000
2011-09-08,413.5774230957031,520.0,520.0,506.0,520.0,53000
2011-09-09,405.6239318847656,510.0,510.0,506.0,509.0,59000
2011-09-12,388.12646484375,488.0,496.0,466.0,496.0,206000
2011-09-13,389.7171630859375,490.0,500.0,489.0,492.0,89000
2011-09-14,408.8052368164063,514.0,518.0,496.0,502.0,128000
2011-09-15,416.7586669921875,524.0,528.0,515.0,517.0,145000
2011-09-16,423.9168090820313,533.0,533.0,523.0,525.0,172000
2011-09-20,415.9634094238281,523.0,527.0,517.0,517.0,68000
2011-09-21,404.03326416015625,508.0,527.0,504.0,523.0,76000
2011-09-22,413.5774230957031,520.0,520.0,501.0,501.0,86000
2011-09-26,384.1497497558594,483.0,520.0,483.0,520.0,110000
2011-09-27,394.48919677734375,496.0,501.0,492.0,499.0,74000
2011-09-28,423.9648132324219,525.0,525.0,495.0,496.0,77000
2011-09-29,427.1950073242188,529.0,534.0,508.0,508.0,120000
2011-09-30,424.7723388671875,526.0,535.0,518.0,533.0,74000
2011-10-03,419.1195068359375,519.0,520.0,510.0,517.0,56000
2011-10-04,415.8893127441406,515.0,520.0,502.0,503.0,72000
2011-10-05,400.5457763671875,496.0,518.0,495.0,518.0,40000
2011-10-06,411.8515319824219,510.0,510.0,501.0,502.0,42000
2011-10-07,429.6176452636719,532.0,535.0,511.0,516.0,133000
2011-10-11,450.6140441894531,558.0,561.0,544.0,546.0,168000
2011-10-12,453.84423828125,562.0,571.0,558.0,566.0,90000
2011-10-13,453.84423828125,562.0,570.0,560.0,569.0,79000
2011-10-14,440.9233703613281,546.0,569.0,546.0,569.0,66000
2011-10-17,444.1536865234375,550.0,553.0,548.0,552.0,27000
2011-10-18,435.2705383300781,539.0,545.0,538.0,544.0,50000
2011-10-19,451.421630859375,559.0,562.0,550.0,550.0,60000
2011-10-20,452.2291564941406,560.0,560.0,553.0,559.0,42000
2011-10-21,448.1912841796875,555.0,563.0,554.0,559.0,27000
2011-10-24,433.6554565429688,537.0,558.0,531.0,557.0,86000
2011-10-25,438.5007934570313,543.0,546.0,533.0,537.0,52000
2011-10-26,450.6140441894531,558.0,560.0,540.0,544.0,45000
2011-10-27,430.42523193359375,533.0,557.0,528.0,554.0,134000
2011-10-28,406.19866943359375,503.0,540.0,499.0,535.0,202000
2011-10-31,413.4666442871094,512.0,515.0,495.0,497.0,112000
2011-11-01,411.0439147949219,509.0,525.0,504.0,508.0,78000
2011-11-02,409.4288330078125,507.0,512.0,484.0,499.0,92000
2011-11-04,397.3156127929688,492.0,516.0,491.0,507.0,128000
2011-11-07,419.1195068359375,519.0,519.0,487.0,492.0,65000
2011-11-08,431.2327575683594,534.0,540.0,521.0,528.0,102000
2011-11-09,435.2705383300781,539.0,540.0,526.0,530.0,84000
2011-11-10,427.1950073242188,529.0,536.0,526.0,536.0,36000
2011-11-11,443.3460693359375,549.0,556.0,520.0,525.0,166000
2011-11-14,463.5349731445313,574.0,590.0,555.0,555.0,170000
2011-11-15,462.7272644042969,573.0,581.0,563.0,580.0,114000
2011-11-16,471.61029052734375,584.0,587.0,570.0,572.0,86000
2011-11-17,477.2632141113281,591.0,592.0,578.0,579.0,96000
2011-11-18,474.8406677246094,588.0,598.0,588.0,590.0,72000
2011-11-21,482.9161682128906,598.0,606.0,590.0,590.0,44000
2011-11-22,495.0294494628906,613.0,615.0,595.0,595.0,116000
2011-11-24,494.2219848632813,612.0,622.0,603.0,614.0,165000
2011-11-25,493.4143371582031,611.0,623.0,611.0,618.0,75000
2011-11-28,502.2974548339844,622.0,623.0,593.0,614.0,142000
2011-11-29,516.0257568359375,639.0,639.0,624.0,632.0,111000
2011-11-30,545.9052124023438,676.0,679.0,647.0,647.0,274000
2011-12-01,555.595703125,688.0,708.0,685.0,706.0,243000
2011-12-02,544.2901000976562,674.0,686.0,666.0,685.0,173000
2011-12-05,552.3656005859375,684.0,693.0,668.0,673.0,112000
2011-12-06,548.3277587890625,679.0,705.0,677.0,684.0,157000
2011-12-07,530.5616455078125,657.0,674.0,649.0,674.0,186000
2011-12-08,559.6336059570312,693.0,695.0,657.0,657.0,181000
2011-12-09,583.0524291992188,722.0,730.0,690.0,698.0,360000
2011-12-12,593.5506591796875,735.0,746.0,725.0,727.0,307000
2011-12-13,587.8978881835938,728.0,735.0,725.0,735.0,133000
2011-12-14,565.286376953125,700.0,723.0,693.0,717.0,176000
2011-12-15,593.5506591796875,735.0,740.0,683.0,685.0,342000
2011-12-16,583.8601684570312,723.0,745.0,712.0,741.0,258000
2011-12-19,588.7055053710938,729.0,734.0,712.0,713.0,125000
2011-12-20,585.4752197265625,725.0,732.0,715.0,719.0,124000
2011-12-21,583.0524291992188,722.0,727.0,715.0,727.0,114000
2011-12-22,570.1316528320312,706.0,719.0,703.0,719.0,174000
2011-12-26,564.4788208007812,699.0,710.0,695.0,710.0,104000
2011-12-27,561.2485961914062,695.0,699.0,693.0,699.0,113000
2011-12-28,543.482421875,673.0,690.0,669.0,690.0,130000
2011-12-29,562.8638916015625,697.0,697.0,664.0,667.0,190000
2011-12-30,589.512939453125,730.0,732.0,695.0,697.0,218000
2012-01-04,591.935546875,733.0,742.0,729.0,737.0,212000
2012-01-05,574.9771118164062,712.0,736.0,707.0,726.0,163000
2012-01-06,594.3582763671875,736.0,737.0,707.0,707.0,245000
2012-01-10,637.966064453125,790.0,791.0,736.0,746.0,302000
2012-01-11,640.388671875,793.0,796.0,773.0,791.0,370000
2012-01-12,637.1585693359375,789.0,796.0,770.0,783.0,246000
2012-01-13,653.3096923828125,809.0,810.0,789.0,792.0,236000
2012-01-16,654.9247436523438,811.0,829.0,803.0,810.0,247000
2012-01-17,683.1890258789062,846.0,856.0,803.0,813.0,290000
2012-01-18,717.1063842773438,888.0,905.0,840.0,859.0,633000
2012-01-19,676.7286376953125,838.0,896.0,836.0,889.0,432000
2012-01-20,664.6153564453125,823.0,855.0,816.0,855.0,234000
2012-01-23,695.3024291992188,861.0,865.0,812.0,813.0,266000
2012-01-24,682.38134765625,845.0,880.0,838.0,875.0,187000
2012-01-25,688.841796875,853.0,860.0,836.0,836.0,108000
2012-01-26,700.9552001953125,868.0,878.0,862.0,874.0,245000
2012-01-27,712.2608642578125,882.0,885.0,862.0,869.0,203000
2012-01-30,708.2230224609375,877.0,890.0,872.0,887.0,122000
2012-01-31,700.9552001953125,868.0,875.0,865.0,872.0,91000
2012-02-01,696.91748046875,863.0,879.0,857.0,865.0,157000
2012-02-02,672.6907958984375,833.0,865.0,832.0,858.0,177000
2012-02-03,703.377685546875,871.0,884.0,831.0,834.0,316000
2012-02-06,742.1403198242188,919.0,920.0,877.0,880.0,331000
2012-02-07,725.1817626953125,898.0,920.0,894.0,916.0,210000
2012-02-08,724.3742065429688,897.0,919.0,886.0,900.0,318000
2012-02-09,700.9552001953125,868.0,932.0,865.0,900.0,691000
2012-02-10,748.6007690429688,927.0,929.0,883.0,896.0,550000
2012-02-13,760.7139892578125,942.0,944.0,908.0,916.0,306000
2012-02-14,777.672607421875,963.0,984.0,941.0,941.0,486000
2012-02-15,776.8650512695312,962.0,983.0,961.0,978.0,312000
2012-02-16,789.785888671875,978.0,985.0,953.0,962.0,229000
2012-02-17,777.672607421875,963.0,987.0,959.0,979.0,177000
2012-02-20,751.8309936523438,931.0,977.0,926.0,977.0,364000
2012-02-21,763.9442138671875,946.0,951.0,921.0,924.0,164000
2012-02-22,777.672607421875,963.0,974.0,931.0,932.0,206000
2012-02-23,784.133056640625,971.0,974.0,957.0,962.0,106000
2012-02-24,802.706787109375,994.0,996.0,964.0,971.0,247000
2012-02-27,809.974609375,1003.0,1007.0,988.0,998.0,313000
2012-02-28,827.7408447265625,1025.0,1029.0,986.0,1002.0,294000
2012-02-29,848.7372436523438,1051.0,1073.0,1035.0,1036.0,425000
2012-03-01,826.1258544921875,1023.0,1052.0,1020.0,1051.0,225000
2012-03-02,830.9710083007812,1029.0,1037.0,1017.0,1026.0,124000
2012-03-05,876.1939086914062,1085.0,1093.0,1029.0,1029.0,415000
2012-03-06,935.1451416015624,1158.0,1163.0,1089.0,1090.0,828000
2012-03-07,969.8701171875,1201.0,1202.0,1123.0,1140.0,978000
2012-03-08,1014.2852783203124,1256.0,1262.0,1206.0,1212.0,806000
2012-03-09,992.4815673828124,1229.0,1267.0,1205.0,1266.0,577000
2012-03-12,1004.5949096679688,1244.0,1275.0,1226.0,1243.0,587000
2012-03-13,958.5643310546876,1187.0,1239.0,1175.0,1235.0,540000
2012-03-14,950.48876953125,1177.0,1215.0,1151.0,1190.0,660000
2012-03-15,1013.4779052734376,1255.0,1264.0,1178.0,1178.0,605000
2012-03-16,1031.2440185546875,1277.0,1296.0,1265.0,1265.0,468000
2012-03-19,1019.1306762695312,1262.0,1279.0,1255.0,1277.0,188000
2012-03-21,993.2888793945312,1230.0,1266.0,1224.0,1250.0,322000
2012-03-22,986.0209350585938,1221.0,1240.0,1208.0,1211.0,251000
2012-03-23,1006.2097778320312,1246.0,1258.0,1214.0,1221.0,185000
2012-03-26,1011.8626708984376,1253.0,1263.0,1249.0,1251.0,232000
2012-03-27,1007.8251342773438,1248.0,1262.0,1240.0,1254.0,150000
2012-03-28,1039.9161376953125,1280.0,1282.0,1261.0,1265.0,350000
2012-03-29,983.0454711914062,1210.0,1293.0,1201.0,1284.0,498000
2012-03-30,1022.8549194335938,1259.0,1264.0,1176.0,1205.0,294000
2012-04-02,995.2322998046876,1225.0,1259.0,1220.0,1259.0,156000
2012-04-03,980.6085205078124,1207.0,1232.0,1205.0,1214.0,114000
2012-04-04,974.9210815429688,1200.0,1239.0,1198.0,1205.0,274000
2012-04-05,968.4221801757812,1192.0,1197.0,1164.0,1192.0,254000
2012-04-06,923.7382202148438,1137.0,1180.0,1133.0,1180.0,240000
2012-04-09,924.5503540039062,1138.0,1158.0,1105.0,1111.0,359000
2012-04-10,917.2384643554688,1129.0,1160.0,1125.0,1160.0,146000
2012-04-11,909.1138916015624,1119.0,1123.0,1100.0,1101.0,135000
2012-04-12,947.2987060546876,1166.0,1169.0,1137.0,1138.0,198000
2012-04-13,934.2996826171876,1150.0,1180.0,1148.0,1173.0,114000
2012-04-16,914.8013305664062,1126.0,1157.0,1122.0,1150.0,123000
2012-04-17,911.5515747070312,1122.0,1128.0,1111.0,1126.0,84000
2012-04-18,906.6768798828124,1116.0,1140.0,1114.0,1129.0,102000
2012-04-19,910.739013671875,1121.0,1126.0,1090.0,1116.0,175000
2012-04-20,930.2373657226562,1145.0,1150.0,1113.0,1120.0,115000
2012-04-23,909.1138916015624,1119.0,1146.0,1115.0,1146.0,112000
2012-04-24,900.1771850585938,1108.0,1114.0,1096.0,1100.0,82000
2012-04-25,918.051025390625,1130.0,1133.0,1112.0,1130.0,149000
2012-04-26,907.4892578125,1117.0,1142.0,1113.0,1122.0,97000
2012-04-27,922.92529296875,1136.0,1149.0,1114.0,1116.0,175000
2012-05-01,897.7401123046875,1105.0,1130.0,1105.0,1125.0,93000
2012-05-02,906.6768798828124,1116.0,1125.0,1101.0,1109.0,77000
2012-05-07,887.1784057617188,1092.0,1098.0,1083.0,1089.0,119000
2012-05-08,890.4281616210938,1096.0,1099.0,1085.0,1090.0,94000
2012-05-09,814.059326171875,1002.0,1090.0,992.0,1090.0,270000
2012-05-10,671.88330078125,827.0,1025.0,800.0,1000.0,1175000
2012-05-11,641.8232421875,790.0,833.0,768.0,830.0,464000
2012-05-14,644.2604370117188,793.0,801.0,775.0,800.0,227000
2012-05-15,611.76318359375,753.0,775.0,740.0,774.0,288000
2012-05-16,627.1995239257812,772.0,775.0,741.0,755.0,275000
2012-05-17,663.7589721679688,817.0,817.0,760.0,780.0,336000
2012-05-18,649.9476318359375,800.0,817.0,791.0,804.0,309000
2012-05-21,633.6989135742188,780.0,811.0,773.0,805.0,146000
2012-05-22,651.5723266601562,802.0,809.0,790.0,795.0,173000
2012-05-23,649.13525390625,799.0,809.0,788.0,802.0,236000
2012-05-24,647.5103149414062,797.0,805.0,785.0,791.0,171000
2012-05-25,642.6356811523438,791.0,805.0,787.0,800.0,162000
2012-05-28,635.3237915039062,782.0,800.0,779.0,800.0,125000
2012-05-29,642.6356811523438,791.0,792.0,756.0,789.0,185000
2012-05-30,636.1362915039062,783.0,803.0,767.0,803.0,220000
2012-05-31,635.3237915039062,782.0,798.0,761.0,779.0,626000
2012-06-01,564.6419677734375,695.0,782.0,692.0,782.0,491000
2012-06-04,554.0802612304688,682.0,707.0,661.0,665.0,479000
2012-06-05,606.0760498046875,746.0,748.0,695.0,698.0,531000
2012-06-06,620.7000122070312,764.0,773.0,735.0,747.0,225000
2012-06-07,632.8864135742188,779.0,798.0,770.0,793.0,158000
2012-06-08,604.4513549804688,744.0,774.0,739.0,774.0,273000
2012-06-11,635.3237915039062,782.0,784.0,746.0,748.0,238000
2012-06-12,610.1383666992188,751.0,767.0,732.0,767.0,209000
2012-06-13,595.5143432617188,733.0,756.0,729.0,750.0,200000
2012-06-14,599.57666015625,738.0,740.0,723.0,733.0,90000
2012-06-15,574.3911743164062,707.0,738.0,702.0,738.0,370000
2012-06-18,598.7642822265625,737.0,753.0,725.0,735.0,497000
2012-06-19,601.2014770507812,740.0,755.0,728.0,735.0,286000
2012-06-20,619.0750122070312,762.0,766.0,745.0,751.0,352000
2012-06-21,648.32275390625,798.0,800.0,763.0,765.0,465000
2012-06-22,669.4459838867188,824.0,830.0,781.0,790.0,472000
2012-06-25,643.4481201171875,792.0,828.0,791.0,825.0,448000
2012-06-26,635.3237915039062,782.0,802.0,776.0,788.0,387000
2012-06-27,638.5734252929688,786.0,792.0,776.0,782.0,355000
2012-06-28,658.072021484375,810.0,814.0,784.0,799.0,359000
2012-06-29,671.0708618164062,826.0,832.0,799.0,816.0,449000
2012-07-02,668.6336059570312,823.0,847.0,822.0,841.0,369000
2012-07-03,674.3204956054688,830.0,850.0,820.0,822.0,497000
2012-07-04,696.25634765625,857.0,865.0,832.0,834.0,254000
2012-07-05,669.4459838867188,824.0,867.0,823.0,855.0,295000
2012-07-06,663.7589721679688,817.0,843.0,808.0,830.0,260000
2012-07-09,660.5092163085938,813.0,826.0,803.0,808.0,145000
2012-07-10,658.5421752929688,810.5789184570312,825.0,800.0,806.0,209000
2012-07-11,640.198486328125,788.0,794.0,772.0,787.0,155000
2012-07-12,624.7621459960938,769.0,789.0,765.0,786.0,207000
2012-07-13,642.6356811523438,791.0,802.0,768.0,769.0,170000
2012-07-17,647.5103149414062,797.0,802.0,781.0,788.0,147000
2012-07-18,621.51220703125,765.0,788.0,746.0,788.0,134000
2012-07-19,615.0127563476562,757.0,772.0,752.0,752.0,131000
2012-07-20,604.4513549804688,744.0,771.0,742.0,771.0,124000
2012-07-23,598.7642822265625,737.0,745.0,724.0,742.0,114000
2012-07-24,584.1404418945312,719.0,735.0,711.0,715.0,107000
2012-07-25,569.5166625976562,701.0,715.0,693.0,715.0,136000
2012-07-26,567.8916625976562,699.0,717.0,679.0,701.0,258000
2012-07-27,616.6378173828125,759.0,761.0,733.0,737.0,222000
2012-07-30,600.3890380859375,739.0,767.0,735.0,760.0,103000
2012-07-31,605.2637939453125,745.0,745.0,723.0,727.0,99000
2012-08-01,585.7653198242188,721.0,734.0,713.0,734.0,47000
2012-08-02,587.5225219726562,723.1630249023438,744.0,721.0,721.0,86000
2012-08-03,583.3279418945312,718.0,735.0,711.0,735.0,155000
2012-08-06,590.639892578125,727.0,741.0,719.0,719.0,194000
2012-08-07,583.3279418945312,718.0,734.0,714.0,734.0,119000
2012-08-08,589.0149536132812,725.0,746.0,669.0,712.0,814000
2012-08-09,563.8295288085938,694.0,719.0,663.0,669.0,356000
2012-08-10,594.7020874023438,732.0,734.0,706.0,707.0,166000
2012-08-13,594.7020874023438,732.0,733.0,725.0,732.0,113000
2012-08-14,590.639892578125,727.0,748.0,723.0,730.0,154000
2012-08-15,602.8264770507812,742.0,754.0,734.0,744.0,137000
2012-08-16,619.8875732421875,763.0,778.0,747.0,748.0,261000
2012-08-17,626.3870849609375,771.0,791.0,766.0,780.0,295000
2012-08-20,610.1383666992188,751.0,780.0,750.0,776.0,157000
2012-08-21,628.8244018554688,774.0,775.0,758.0,758.0,247000
2012-08-22,611.76318359375,753.0,767.0,749.0,764.0,170000
2012-08-23,619.0750122070312,762.0,767.0,752.0,756.0,273000
2012-08-24,609.3258666992188,750.0,754.0,743.0,754.0,295000
2012-08-27,619.0750122070312,762.0,773.0,759.0,768.0,219000
2012-08-28,603.6388549804688,743.0,762.0,734.0,762.0,357000
2012-08-29,601.2014770507812,740.0,751.0,739.0,743.0,250000
2012-08-30,597.9515991210938,736.0,754.0,734.0,745.0,318000
2012-08-31,619.0750122070312,762.0,770.0,727.0,730.0,270000
2012-09-03,623.13720703125,767.0,780.0,744.0,758.0,243000
2012-09-04,608.5133666992188,749.0,767.0,743.0,767.0,224000
2012-09-05,587.3901977539062,723.0,753.0,721.0,749.0,146000
2012-09-06,590.639892578125,727.0,728.0,714.0,720.0,141000
2012-09-07,614.2003784179688,756.0,759.0,739.0,747.0,206000
2012-09-10,618.2626342773438,761.0,767.0,755.0,761.0,98000
2012-09-11,605.2637939453125,745.0,758.0,740.0,758.0,67000
2012-09-12,614.2003784179688,756.0,760.0,746.0,752.0,88000
2012-09-13,628.8244018554688,774.0,775.0,751.0,757.0,120000
2012-09-14,622.3247680664062,766.0,780.0,766.0,778.0,171000
2012-09-18,614.2003784179688,756.0,766.0,751.0,766.0,93000
2012-09-19,619.8875732421875,763.0,766.0,753.0,757.0,238000
2012-09-20,611.76318359375,753.0,768.0,749.0,763.0,171000
2012-09-21,616.6378173828125,759.0,766.0,745.0,748.0,218000
2012-09-24,613.3880004882812,755.0,762.0,753.0,759.0,91000
2012-09-25,610.1383666992188,751.0,756.0,742.0,744.0,115000
2012-09-26,612.1898803710938,746.0,749.0,736.0,741.0,77000
2012-09-27,622.858154296875,759.0,761.0,740.0,749.0,237000
2012-09-28,621.216796875,757.0,762.0,748.0,759.0,164000
2012-10-01,613.8311767578125,748.0,757.0,736.0,757.0,161000
2012-10-02,607.2660522460938,740.0,757.0,740.0,757.0,80000
2012-10-03,593.3154296875,723.0,746.0,723.0,737.0,167000
2012-10-04,595.77734375,726.0,737.0,724.0,727.0,107000
2012-10-05,609.7279663085938,743.0,747.0,727.0,727.0,235000
2012-10-09,583.4677734375,711.0,736.0,708.0,734.0,296000
2012-10-10,574.4409790039062,700.0,704.0,696.0,703.0,164000
2012-10-11,567.8757934570312,692.0,709.0,692.0,700.0,206000
2012-10-12,579.3646850585938,706.0,710.0,695.0,700.0,206000
2012-10-15,578.5440063476562,705.0,710.0,698.0,706.0,179000
2012-10-16,590.0328979492188,719.0,723.0,705.0,705.0,126000
2012-10-17,592.4947509765625,722.0,729.0,720.0,720.0,132000
2012-10-18,602.3424072265625,734.0,737.0,722.0,722.0,140000
2012-10-19,594.135986328125,724.0,737.0,712.0,731.0,161000
2012-10-22,582.6471557617188,710.0,721.0,710.0,719.0,259000
2012-10-23,581.0059814453125,708.0,718.0,708.0,710.0,142000
2012-10-24,564.59326171875,688.0,702.0,688.0,702.0,231000
2012-10-25,567.0552978515625,691.0,696.0,685.0,695.0,192000
2012-10-26,552.2838745117188,673.0,692.0,670.0,690.0,176000
2012-10-29,560.4903564453125,683.0,694.0,671.0,671.0,247000
2012-10-30,562.9521484375,686.0,699.0,684.0,686.0,280000
2012-10-31,565.4140014648438,689.0,695.0,678.0,680.0,103000
2012-11-01,558.0283203125,680.0,689.0,678.0,684.0,107000
2012-11-02,569.51708984375,694.0,697.0,684.0,686.0,147000
2012-11-05,571.9791259765625,697.0,701.0,688.0,688.0,108000
2012-11-06,562.13134765625,685.0,703.0,683.0,703.0,135000
2012-11-07,554.7457275390625,676.0,689.0,674.0,689.0,194000
2012-11-08,564.59326171875,688.0,700.0,676.0,682.0,328000
2012-11-09,548.1806640625,668.0,683.0,668.0,678.0,155000
2012-11-12,537.5126342773438,655.0,668.0,654.0,666.0,151000
2012-11-13,524.3825073242188,639.0,661.0,634.0,658.0,194000
2012-11-14,516.9967651367188,630.0,635.0,625.0,634.0,106000
2012-11-15,534.2301025390625,651.0,654.0,628.0,628.0,234000
2012-11-16,541.6157836914062,660.0,662.0,651.0,651.0,132000
2012-11-19,549.822021484375,670.0,677.0,660.0,660.0,178000
2012-11-20,552.2838745117188,673.0,680.0,669.0,679.0,94000
2012-11-21,562.9521484375,686.0,689.0,664.0,666.0,268000
2012-11-22,578.5440063476562,705.0,705.0,690.0,690.0,176000
2012-11-26,582.6471557617188,710.0,723.0,706.0,706.0,217000
2012-11-27,576.0821533203125,702.0,708.0,699.0,708.0,150000
2012-11-28,570.3378295898438,695.0,706.0,692.0,706.0,120000
2012-11-29,595.77734375,726.0,733.0,694.0,695.0,316000
2012-11-30,593.3154296875,723.0,736.0,722.0,736.0,181000
2012-12-03,577.723388671875,704.0,720.0,701.0,720.0,167000
2012-12-04,577.723388671875,704.0,707.0,695.0,695.0,150000
2012-12-05,582.6471557617188,710.0,711.0,700.0,703.0,109000
2012-12-06,568.6964111328125,693.0,712.0,692.0,706.0,259000
2012-12-07,581.0059814453125,708.0,710.0,694.0,697.0,187000
2012-12-10,580.1854248046875,707.0,717.0,705.0,716.0,118000
2012-12-11,578.5440063476562,705.0,716.0,703.0,707.0,110000
2012-12-12,570.3378295898438,695.0,706.0,694.0,702.0,248000
2012-12-13,579.3646850585938,706.0,710.0,700.0,704.0,147000
2012-12-14,577.723388671875,704.0,707.0,694.0,694.0,224000
2012-12-17,578.5440063476562,705.0,709.0,702.0,703.0,136000
2012-12-18,591.6741333007812,721.0,726.0,705.0,705.0,238000
2012-12-19,600.7008666992188,732.0,736.0,718.0,736.0,348000
2012-12-20,607.2660522460938,740.0,747.0,736.0,738.0,206000
2012-12-21,602.3424072265625,734.0,744.0,732.0,741.0,108000
2012-12-25,603.162841796875,735.0,741.0,731.0,734.0,183000
2012-12-26,645.8357543945312,787.0,787.0,742.0,742.0,431000
2012-12-27,637.6292724609375,777.0,806.0,775.0,802.0,216000
2012-12-28,636.8087158203125,776.0,781.0,765.0,771.0,172000
2013-01-04,655.6831665039062,799.0,799.0,786.0,791.0,155000
2013-01-07,645.8357543945312,787.0,800.0,783.0,800.0,112000
2013-01-08,638.4500122070312,778.0,792.0,772.0,776.0,172000
2013-01-09,667.1720581054688,813.0,818.0,772.0,777.0,315000
2013-01-10,653.2212524414062,796.0,812.0,794.0,812.0,160000
2013-01-11,662.2481689453125,807.0,808.0,794.0,794.0,153000
2013-01-15,669.6339721679688,816.0,821.0,807.0,807.0,185000
2013-01-16,638.4500122070312,778.0,810.0,776.0,808.0,274000
2013-01-17,638.4500122070312,778.0,791.0,769.0,781.0,252000
2013-01-18,658.1452026367188,802.0,805.0,789.0,791.0,185000
2013-01-21,668.8134155273438,815.0,820.0,791.0,791.0,254000
2013-01-22,658.1452026367188,802.0,811.0,791.0,808.0,257000
2013-01-23,645.0150756835938,786.0,798.0,781.0,787.0,241000
2013-01-24,641.7325439453125,782.0,786.0,771.0,775.0,255000
2013-01-25,647.4769897460938,789.0,799.0,785.0,785.0,135000
2013-01-28,645.8357543945312,787.0,795.0,787.0,795.0,39000
2013-01-29,646.6561889648438,788.0,799.0,787.0,789.0,49000
2013-01-30,652.4008178710938,795.0,799.0,792.0,794.0,77000
2013-01-31,651.5801391601562,794.0,796.0,786.0,796.0,133000
2013-02-01,667.1720581054688,813.0,820.0,796.0,797.0,117000
2013-02-04,672.0958862304688,819.0,824.0,817.0,820.0,50000
2013-02-05,651.5801391601562,794.0,809.0,791.0,804.0,117000
2013-02-06,667.1720581054688,813.0,815.0,794.0,794.0,215000
2013-02-07,705.74169921875,860.0,870.0,805.0,805.0,345000
2013-02-08,718.8719482421875,876.0,884.0,852.0,861.0,363000
2013-02-12,729.5399780273438,889.0,898.0,883.0,890.0,233000
2013-02-13,686.8672485351562,837.0,880.0,832.0,878.0,405000
2013-02-14,702.4591674804688,856.0,860.0,832.0,846.0,369000
2013-02-15,684.4052734375,834.0,857.0,817.0,856.0,281000
2013-02-18,702.4591674804688,856.0,856.0,830.0,831.0,227000
2013-02-19,717.23046875,874.0,885.0,844.0,844.0,233000
2013-02-20,741.02880859375,903.0,914.0,878.0,878.0,346000
2013-02-21,730.3604736328125,890.0,900.0,884.0,896.0,93000
2013-02-22,724.6162109375,883.0,887.0,858.0,881.0,392000
2013-02-25,768.9301147460938,937.0,948.0,911.0,911.0,417000
2013-02-26,764.0062866210938,931.0,939.0,916.0,921.0,396000
2013-02-27,769.7507934570312,938.0,947.0,927.0,944.0,389000
2013-02-28,805.8585815429688,982.0,984.0,942.0,942.0,505000
2013-03-01,800.114013671875,975.0,993.0,970.0,977.0,88600
2013-03-04,809.961669921875,987.0,1009.0,974.0,976.0,117400
2013-03-05,810.7823486328125,988.0,1005.0,982.0,999.0,94500
2013-03-06,866.5850830078125,1056.0,1057.0,990.0,990.0,216300
2013-03-07,832.11865234375,1014.0,1072.0,1005.0,1072.0,120700
2013-03-08,838.6837158203125,1022.0,1039.0,1016.0,1021.0,145200
2013-03-11,833.759765625,1016.0,1040.0,1004.0,1016.0,136100
2013-03-12,828.0155639648438,1009.0,1020.0,997.0,1006.0,114300
2013-03-13,841.9661254882812,1026.0,1085.0,1005.0,1005.0,180400
2013-03-14,857.5582275390625,1045.0,1047.0,1025.0,1030.0,70300
2013-03-15,873.9708251953125,1065.0,1065.0,1040.0,1040.0,203100
2013-03-18,857.5582275390625,1045.0,1068.0,1042.0,1065.0,51800
2013-03-19,857.5582275390625,1045.0,1058.0,1034.0,1050.0,74000
2013-03-21,887.1008911132812,1081.0,1085.0,1032.0,1033.0,129700
2013-03-22,861.6612548828125,1050.0,1077.0,1050.0,1070.0,60200
2013-03-25,854.2756958007812,1041.0,1050.0,1021.0,1021.0,80100
2013-03-26,847.7106323242188,1033.0,1042.0,1021.0,1037.0,57000
2013-03-27,867.4439697265625,1055.0,1060.0,1038.0,1038.0,71000
2013-03-28,861.6884765625,1048.0,1071.0,1032.0,1071.0,70000
2013-03-29,816.4663696289062,993.0,1036.0,980.0,1021.0,92200
2013-04-01,778.64404296875,947.0,987.0,946.0,987.0,79100
2013-04-02,779.4661865234375,948.0,971.0,926.0,931.0,100400
2013-04-03,835.3772583007812,1016.0,1018.0,960.0,960.0,144600
2013-04-04,834.5551147460938,1015.0,1015.0,965.0,1002.0,106300
2013-04-05,839.4884033203125,1021.0,1060.0,1017.0,1035.0,108600
2013-04-08,865.7996215820312,1053.0,1072.0,1017.0,1034.0,71100
2013-04-09,850.99951171875,1035.0,1061.0,1023.0,1060.0,62900
2013-04-10,833.7328491210938,1014.0,1069.0,1011.0,1068.0,124200
2013-04-11,814.82177734375,991.0,1033.0,981.0,1015.0,143000
2013-04-12,818.110595703125,995.0,1019.0,971.0,984.0,126500
2013-04-15,794.2661743164062,966.0,988.0,965.0,980.0,75600
2013-04-16,808.2440185546875,983.0,992.0,945.0,951.0,75400
2013-04-17,792.6217041015625,964.0,998.0,963.0,983.0,63100
2013-04-18,781.9329833984375,951.0,965.0,941.0,964.0,103400
2013-04-19,790.9774169921875,962.0,965.0,948.0,963.0,39600
2013-04-22,807.421875,982.0,1007.0,979.0,980.0,77000
2013-04-23,816.4663696289062,993.0,1003.0,977.0,977.0,62800
2013-04-24,838.6661376953125,1020.0,1020.0,999.0,1001.0,76700
2013-04-25,819.755126953125,997.0,1023.0,985.0,1023.0,79900
2013-04-26,810.7106323242188,986.0,1009.0,982.0,999.0,64600
2013-04-30,810.7106323242188,986.0,1005.0,982.0,983.0,39800
2013-05-01,803.3106079101562,977.0,983.0,968.0,980.0,34900
2013-05-02,799.1995849609375,972.0,979.0,970.0,974.0,15200
2013-05-07,816.4663696289062,993.0,1006.0,986.0,987.0,38000
2013-05-08,831.2662353515625,1011.0,1023.0,986.0,1000.0,67200
2013-05-09,802.4884033203125,976.0,1024.0,971.0,1012.0,54900
2013-05-10,800.843994140625,974.0,1000.0,967.0,995.0,54000
2013-05-13,776.9996948242188,945.0,985.0,943.0,975.0,69000
2013-05-14,768.7774047851562,935.0,958.0,935.0,945.0,54000
2013-05-15,748.2218017578125,910.0,941.0,891.0,941.0,136000
2013-05-16,715.3330078125,870.0,920.0,866.0,901.0,101900
2013-05-17,733.4218139648438,892.0,905.0,870.0,878.0,69600
2013-05-20,719.4441528320312,875.0,909.0,873.0,898.0,110400
2013-05-21,727.6661987304688,885.0,906.0,880.0,883.0,66500
2013-05-22,736.710693359375,896.0,907.0,889.0,889.0,70400
2013-05-23,711.2218017578125,865.0,902.0,865.0,890.0,111800
2013-05-24,702.1773681640625,854.0,875.0,840.0,865.0,76000
2013-05-27,682.444091796875,830.0,843.0,830.0,834.0,60100
2013-05-28,682.444091796875,830.0,858.0,823.0,845.0,64700
2013-05-29,676.6884765625,823.0,844.0,820.0,834.0,89100
2013-05-30,665.9996337890625,810.0,825.0,806.0,814.0,123800
2013-05-31,693.9552001953125,844.0,846.0,810.0,810.0,143200
2013-06-03,675.0440673828125,821.0,840.0,814.0,840.0,73400
2013-06-04,652.8442993164062,794.0,814.0,789.0,806.0,102300
2013-06-05,650.37744140625,791.0,811.0,790.0,794.0,62000
2013-06-06,600.221923828125,730.0,788.0,716.0,788.0,170400
2013-06-07,582.9552612304688,709.0,733.0,698.0,730.0,73600
2013-06-10,611.7330322265625,744.0,748.0,724.0,724.0,60200
2013-06-11,595.2886352539062,724.0,753.0,724.0,750.0,55700
2013-06-12,590.355224609375,718.0,739.0,709.0,739.0,37000
2013-06-13,573.910888671875,698.0,712.0,691.0,712.0,83400
2013-06-14,576.3775634765625,701.0,711.0,697.0,697.0,126700
2013-06-17,575.5552978515625,700.0,707.0,692.0,705.0,40000
2013-06-18,571.4441528320312,695.0,725.0,691.0,701.0,50700
2013-06-19,573.088623046875,697.0,717.0,687.0,713.0,73900
2013-06-20,572.2662963867188,696.0,703.0,692.0,700.0,49200
2013-06-21,582.1331176757812,708.0,708.0,682.0,690.0,118500
2013-06-24,587.06640625,714.0,720.0,705.0,720.0,61500
2013-06-25,583.7774047851562,710.0,725.0,701.0,711.0,87900
2013-06-26,568.9774169921875,692.0,719.0,688.0,713.0,54800
2013-06-27,582.1331176757812,708.0,708.0,689.0,707.0,28200
2013-06-28,624.0663452148438,759.0,767.0,716.0,720.0,103900
2013-07-01,624.8885498046875,760.0,763.0,736.0,754.0,71900
2013-07-02,652.0218505859375,793.0,794.0,759.0,774.0,64800
2013-07-03,674.2217407226562,820.0,824.0,781.0,794.0,64700
2013-07-04,661.0662231445312,804.0,824.0,802.0,824.0,38800
2013-07-05,662.710693359375,806.0,809.0,790.0,801.0,44000
2013-07-08,661.0662231445312,804.0,812.0,800.0,812.0,30000
2013-07-09,666.8218994140625,811.0,812.0,801.0,809.0,34100
2013-07-10,674.2217407226562,820.0,844.0,813.0,815.0,75200
2013-07-11,668.46630859375,813.0,820.0,804.0,809.0,34600
2013-07-12,661.888427734375,805.0,818.0,804.0,813.0,27900
2013-07-16,661.888427734375,805.0,818.0,805.0,818.0,22600
2013-07-17,658.599609375,801.0,810.0,795.0,808.0,42500
2013-07-18,661.0662231445312,804.0,810.0,797.0,805.0,282500
2013-07-19,634.75537109375,772.0,809.0,770.0,809.0,99400
2013-07-22,650.37744140625,791.0,793.0,781.0,784.0,41900
2013-07-23,655.3107299804688,797.0,800.0,780.0,780.0,21100
2013-07-24,656.9552001953125,799.0,800.0,795.0,800.0,9600
2013-07-25,647.9108276367188,788.0,805.0,781.0,805.0,23200
2013-07-26,633.1107177734375,770.0,788.0,770.0,788.0,35900
2013-07-29,608.444091796875,740.0,757.0,740.0,755.0,36700
2013-07-30,614.19970703125,747.0,758.0,728.0,728.0,26900
2013-07-31,592.822021484375,721.0,747.0,720.0,732.0,34400
2013-08-01,608.444091796875,740.0,742.0,722.0,734.0,27500
2013-08-02,614.19970703125,747.0,747.0,734.0,739.0,33500
2013-08-05,607.6218872070312,739.0,747.0,737.0,747.0,16600
2013-08-06,607.6218872070312,739.0,745.0,735.0,735.0,18800
2013-08-07,606.7996826171875,738.0,745.0,734.0,739.0,71100
2013-08-08,593.6441040039062,722.0,742.0,705.0,730.0,75900
2013-08-09,605.9774780273438,737.0,745.0,732.0,732.0,25200
2013-08-12,605.1552124023438,736.0,744.0,710.0,734.0,16000
2013-08-13,607.6218872070312,739.0,747.0,731.0,743.0,18000
2013-08-14,621.599609375,756.0,757.0,738.0,748.0,17900
2013-08-15,618.3107299804688,752.0,757.0,747.0,757.0,13700
2013-08-16,612.5552978515625,745.0,754.0,743.0,749.0,15300
2013-08-19,626.532958984375,762.0,765.0,749.0,751.0,22800
2013-08-20,620.7774047851562,755.0,764.0,750.0,763.0,25300
2013-08-21,629.8218994140625,766.0,775.0,748.0,748.0,30100
2013-08-22,623.244140625,758.0,766.0,755.0,765.0,15000
2013-08-23,624.0663452148438,759.0,773.0,756.0,773.0,18300
2013-08-26,619.1329956054688,753.0,766.0,721.0,765.0,30900
2013-08-27,608.444091796875,740.0,754.0,737.0,754.0,18900
2013-08-28,590.355224609375,718.0,730.0,714.0,725.0,38900
2013-08-29,595.2886352539062,724.0,730.0,717.0,718.0,17100
2013-08-30,586.2442626953125,713.0,731.0,711.0,731.0,37200
2013-09-02,578.8441162109375,704.0,721.0,700.0,710.0,33900
2013-09-03,589.5330200195312,717.0,719.0,713.0,719.0,10800
2013-09-04,590.355224609375,718.0,719.0,712.0,715.0,7800
2013-09-05,584.599609375,711.0,720.0,711.0,720.0,21200
2013-09-06,586.2442626953125,713.0,717.0,708.0,712.0,21300
2013-09-09,595.2886352539062,724.0,725.0,713.0,720.0,28200
2013-09-10,601.044189453125,731.0,737.0,717.0,729.0,32100
2013-09-11,601.044189453125,731.0,737.0,710.0,730.0,43700
2013-09-12,608.444091796875,740.0,746.0,733.0,736.0,16600
2013-09-13,609.2662963867188,741.0,748.0,723.0,731.0,57800
2013-09-17,609.2662963867188,741.0,746.0,738.0,738.0,11100
2013-09-18,612.5552978515625,745.0,750.0,738.0,749.0,20000
2013-09-19,624.8885498046875,760.0,760.0,745.0,752.0,22500
2013-09-20,624.0663452148438,759.0,770.0,752.0,766.0,30300
2013-09-24,622.4219360351562,757.0,765.0,752.0,760.0,27000
2013-09-25,618.3107299804688,752.0,759.0,745.0,759.0,23500
2013-09-26,620.3870239257812,747.0,750.0,737.0,750.0,21900
2013-09-27,617.8955688476562,744.0,759.0,742.0,750.0,18800
2013-09-30,619.556640625,746.0,746.0,730.0,737.0,16700
2013-10-01,612.9125366210938,738.0,748.0,738.0,745.0,15700
2013-10-02,605.4379272460938,729.0,742.0,728.0,742.0,60000
2013-10-03,591.3195190429688,712.0,738.0,711.0,728.0,45800
2013-10-04,583.8447265625,703.0,713.0,703.0,713.0,37700
2013-10-07,582.183837890625,701.0,707.0,701.0,705.0,45300
2013-10-08,586.33642578125,706.0,718.0,701.0,703.0,58700
2013-10-09,583.8447265625,703.0,706.0,701.0,701.0,49300
2013-10-10,587.1669311523438,707.0,713.0,705.0,706.0,63400
2013-10-11,600.454833984375,723.0,734.0,705.0,716.0,110600
2013-10-15,591.3195190429688,712.0,734.0,705.0,726.0,66300
2013-10-16,590.4889526367188,711.0,717.0,708.0,711.0,43400
2013-10-17,592.9805297851562,714.0,720.0,711.0,717.0,40700
2013-10-18,592.1498413085938,713.0,723.0,709.0,716.0,61500
2013-10-21,604.6074829101562,728.0,728.0,717.0,719.0,39100
2013-10-22,597.9635009765625,720.0,728.0,718.0,728.0,40500
2013-10-23,594.6414184570312,716.0,728.0,715.0,726.0,42100
2013-10-24,602.1158447265625,725.0,728.0,711.0,718.0,33600
2013-10-25,617.06494140625,743.0,750.0,718.0,731.0,102600
2013-10-28,622.8786010742188,750.0,755.0,744.0,750.0,43100
2013-10-29,622.8786010742188,750.0,752.0,739.0,746.0,27300
2013-10-30,609.5903930664062,734.0,756.0,733.0,755.0,84500
2013-10-31,606.2685546875,730.0,746.0,727.0,732.0,38900
2013-11-01,592.1498413085938,713.0,736.0,707.0,730.0,49900
2013-11-05,597.9635009765625,720.0,735.0,717.0,735.0,32500
2013-11-06,603.7769775390625,727.0,734.0,727.0,728.0,22000
2013-11-07,615.404052734375,741.0,770.0,724.0,730.0,57200
2013-11-08,610.4210815429688,735.0,746.0,729.0,729.0,37000
2013-11-11,612.08203125,737.0,745.0,729.0,744.0,27000
2013-11-12,626.2005615234375,754.0,755.0,736.0,738.0,47000
2013-11-13,633.6751708984375,763.0,780.0,752.0,760.0,96900
2013-11-14,646.9631958007812,779.0,786.0,764.0,770.0,54800
2013-11-15,650.285400390625,783.0,790.0,780.0,788.0,76600
2013-11-18,649.454833984375,782.0,789.0,776.0,789.0,20200
2013-11-19,645.3021240234375,777.0,787.0,775.0,784.0,36300
2013-11-20,615.404052734375,741.0,781.0,730.0,780.0,175900
2013-11-21,633.6751708984375,763.0,768.0,750.0,750.0,73500
2013-11-22,628.692138671875,757.0,768.0,754.0,762.0,47600
2013-11-25,637.8276977539062,768.0,770.0,758.0,770.0,28400
2013-11-26,631.1836547851562,760.0,769.0,752.0,769.0,52000
2013-11-27,628.692138671875,757.0,762.0,750.0,750.0,37300
2013-11-28,636.166748046875,766.0,768.0,759.0,768.0,25700
2013-11-29,635.3362426757812,765.0,769.0,760.0,765.0,32800
2013-12-02,634.5057373046875,764.0,770.0,763.0,768.0,21500
2013-12-03,633.6751708984375,763.0,769.0,761.0,769.0,29400
2013-12-04,625.3700561523438,753.0,766.0,753.0,766.0,38000
2013-12-05,612.9125366210938,738.0,763.0,735.0,750.0,49500
2013-12-06,619.556640625,746.0,755.0,740.0,740.0,20500
2013-12-09,630.35302734375,759.0,759.0,747.0,747.0,26700
2013-12-10,636.166748046875,766.0,770.0,747.0,763.0,43000
2013-12-11,636.9971313476562,767.0,770.0,761.0,768.0,28200
2013-12-12,632.8446655273438,762.0,765.0,755.0,765.0,34900
2013-12-13,631.1836547851562,760.0,764.0,748.0,752.0,94700
2013-12-16,630.35302734375,759.0,778.0,759.0,769.0,39300
2013-12-17,638.6580810546875,769.0,779.0,764.0,774.0,47600
2013-12-18,647.793701171875,780.0,780.0,771.0,771.0,32300
2013-12-19,649.454833984375,782.0,790.0,777.0,784.0,63200
2013-12-20,647.793701171875,780.0,787.0,776.0,785.0,50000
2013-12-24,636.166748046875,766.0,773.0,763.0,769.0,81500
2013-12-25,634.5057373046875,764.0,767.0,756.0,766.0,25200
2013-12-26,654.437744140625,788.0,789.0,780.0,785.0,38500
2013-12-27,674.369873046875,812.0,815.0,791.0,792.0,54800
2013-12-30,687.657958984375,828.0,828.0,821.0,827.0,53200
2014-01-06,688.4883422851562,829.0,831.0,815.0,827.0,38700
2014-01-07,681.84423828125,821.0,835.0,817.0,829.0,38400
2014-01-08,686.827392578125,827.0,830.0,811.0,818.0,20500
2014-01-09,679.3529663085938,818.0,824.0,802.0,824.0,26000
2014-01-10,677.6920166015625,816.0,822.0,807.0,811.0,52400
2014-01-14,662.7428588867188,798.0,809.0,795.0,809.0,56500
2014-01-15,668.5562133789062,805.0,811.0,802.0,802.0,28300
2014-01-16,675.200439453125,813.0,816.0,803.0,805.0,38000
2014-01-17,684.3359375,824.0,826.0,798.0,798.0,40400
2014-01-20,685.9969482421875,826.0,828.0,803.0,828.0,69300
2014-01-21,685.1664428710938,825.0,827.0,807.0,827.0,29900
2014-01-22,697.6239624023438,840.0,843.0,822.0,827.0,78300
2014-01-23,681.84423828125,821.0,840.0,821.0,840.0,26500
2014-01-24,667.725830078125,804.0,815.0,802.0,815.0,45800
2014-01-27,645.3021240234375,777.0,793.0,777.0,793.0,46000
2014-01-28,635.3362426757812,765.0,785.0,765.0,777.0,52400
2014-01-29,652.7767333984375,786.0,786.0,770.0,770.0,22100
2014-01-30,641.149658203125,772.0,777.0,765.0,770.0,40800
2014-01-31,641.149658203125,772.0,776.0,765.0,773.0,29400
2014-02-03,627.031005859375,755.0,772.0,751.0,772.0,31400
2014-02-04,586.33642578125,706.0,732.0,705.0,730.0,73800
2014-02-05,598.7940063476562,721.0,729.0,700.0,705.0,64000
2014-02-06,607.09912109375,731.0,758.0,726.0,729.0,68000
2014-02-07,621.217529296875,748.0,751.0,738.0,745.0,37600
2014-02-10,623.7090454101562,751.0,759.0,744.0,758.0,21800
2014-02-12,633.6751708984375,763.0,778.0,755.0,755.0,37800
2014-02-13,630.35302734375,759.0,778.0,756.0,770.0,49900
2014-02-14,631.1836547851562,760.0,771.0,742.0,765.0,31200
2014-02-17,640.3193359375,771.0,775.0,751.0,771.0,28500
2014-02-18,656.9293212890625,791.0,794.0,765.0,778.0,36400
2014-02-19,651.1158447265625,784.0,793.0,781.0,791.0,16100
2014-02-20,636.166748046875,766.0,780.0,760.0,778.0,23900
2014-02-21,651.9462280273438,785.0,786.0,771.0,781.0,22800
2014-02-24,647.793701171875,780.0,785.0,764.0,785.0,16800
2014-02-25,652.7767333984375,786.0,794.0,775.0,794.0,26700
2014-02-26,641.149658203125,772.0,786.0,772.0,786.0,9100
2014-02-27,627.031005859375,755.0,768.0,753.0,767.0,14800
2014-02-28,623.7090454101562,751.0,753.0,742.0,752.0,30700
2014-03-03,613.7430419921875,739.0,740.0,725.0,740.0,17300
2014-03-04,617.8955688476562,744.0,757.0,726.0,726.0,30100
2014-03-05,622.8786010742188,750.0,755.0,740.0,744.0,12800
2014-03-06,633.6751708984375,763.0,766.0,736.0,750.0,11200
2014-03-07,632.8446655273438,762.0,769.0,757.0,768.0,15300
2014-03-10,624.5396728515625,752.0,757.0,752.0,755.0,9200
2014-03-11,627.031005859375,755.0,771.0,745.0,757.0,15900
2014-03-12,616.2344970703125,742.0,750.0,740.0,750.0,19300
2014-03-13,617.8955688476562,744.0,748.0,741.0,741.0,12100
2014-03-14,599.62451171875,722.0,759.0,722.0,759.0,86000
2014-03-17,589.6583251953125,710.0,718.0,702.0,712.0,30600
2014-03-18,593.8108520507812,715.0,726.0,713.0,713.0,23200
2014-03-19,589.6583251953125,710.0,725.0,710.0,722.0,22300
2014-03-20,559.7603149414062,674.0,718.0,673.0,711.0,110800
2014-03-24,585.5059204101562,705.0,713.0,677.0,677.0,64500
2014-03-25,596.3023681640625,718.0,732.0,710.0,715.0,66700
2014-03-26,602.1158447265625,725.0,738.0,718.0,730.0,58000
2014-03-27,621.8367919921875,741.0,746.0,724.0,733.0,37600
2014-03-28,636.1029052734375,758.0,767.0,731.0,747.0,53500
2014-03-31,647.0125122070312,771.0,772.0,756.0,768.0,38400
2014-04-01,651.2083129882812,776.0,776.0,764.0,772.0,30800
2014-04-02,650.3690795898438,775.0,781.0,769.0,776.0,39700
2014-04-03,655.4043579101562,781.0,781.0,773.0,779.0,47900
2014-04-04,654.5650634765625,780.0,781.0,777.0,780.0,26600
2014-04-07,647.0125122070312,771.0,775.0,762.0,765.0,24300
2014-04-08,627.7110595703125,748.0,771.0,744.0,771.0,40600
2014-04-09,611.7665405273438,729.0,740.0,722.0,738.0,43000
2014-04-10,605.05322265625,721.0,743.0,720.0,731.0,30000
2014-04-11,603.3748168945312,719.0,730.0,712.0,714.0,30600
2014-04-14,604.2139892578125,720.0,732.0,717.0,717.0,9800
2014-04-15,605.05322265625,721.0,727.0,719.0,722.0,17200
2014-04-16,621.8367919921875,741.0,748.0,727.0,729.0,24300
2014-04-17,623.51513671875,743.0,747.0,733.0,747.0,15900
2014-04-18,624.3543701171875,744.0,747.0,738.0,744.0,5600
2014-04-21,624.3543701171875,744.0,750.0,741.0,741.0,9800
2014-04-22,617.6409301757812,736.0,745.0,736.0,745.0,9900
2014-04-23,620.9976196289062,740.0,742.0,737.0,742.0,10100
2014-04-24,623.51513671875,743.0,747.0,730.0,730.0,19300
2014-04-25,631.0679321289062,752.0,760.0,740.0,743.0,27000
2014-04-28,629.3895263671875,750.0,759.0,745.0,753.0,21800
2014-04-30,631.0679321289062,752.0,759.0,750.0,759.0,16600
2014-05-01,635.2637939453125,757.0,760.0,751.0,757.0,14500
2014-05-02,628.55029296875,749.0,755.0,748.0,752.0,10700
2014-05-07,610.0881958007812,727.0,749.0,722.0,748.0,38100
2014-05-08,613.445068359375,731.0,737.0,722.0,729.0,16500
2014-05-09,610.9274291992188,728.0,737.0,724.0,724.0,11800
2014-05-12,603.3748168945312,719.0,730.0,719.0,725.0,20900
2014-05-13,614.2841796875,732.0,735.0,730.0,733.0,9800
2014-05-14,618.4801025390625,737.0,748.0,722.0,728.0,16200
2014-05-15,609.2490234375,726.0,733.0,721.0,729.0,13200
2014-05-16,604.2139892578125,720.0,723.0,715.0,720.0,32000
2014-05-19,605.05322265625,721.0,730.0,721.0,726.0,16400
2014-05-20,606.7313232421875,723.0,729.0,720.0,720.0,15000
2014-05-21,608.4097290039062,725.0,726.0,721.0,723.0,11200
2014-05-22,621.8367919921875,741.0,745.0,729.0,729.0,24400
2014-05-23,634.4246215820312,756.0,758.0,746.0,750.0,31200
2014-05-26,642.8165283203125,766.0,768.0,762.0,768.0,14800
2014-05-27,642.8165283203125,766.0,769.0,763.0,763.0,14700
2014-05-28,643.6556396484375,767.0,770.0,767.0,767.0,19300
2014-05-29,639.4597778320312,762.0,767.0,762.0,767.0,15000
2014-05-30,645.333984375,769.0,769.0,762.0,762.0,20200
2014-06-02,648.6907958984375,773.0,773.0,768.0,770.0,18600
2014-06-03,647.0125122070312,771.0,775.0,769.0,775.0,11400
2014-06-04,642.8165283203125,766.0,770.0,763.0,769.0,7500
2014-06-05,641.13818359375,764.0,768.0,760.0,768.0,11700
2014-06-06,644.494873046875,768.0,770.0,763.0,770.0,19200
2014-06-09,631.906982421875,753.0,766.0,748.0,766.0,33000
2014-06-10,636.9420776367188,759.0,760.0,749.0,751.0,19900
2014-06-11,646.1731567382812,770.0,772.0,757.0,761.0,19900
2014-06-12,644.494873046875,768.0,775.0,756.0,764.0,11300
2014-06-13,644.494873046875,768.0,770.0,754.0,767.0,40200
2014-06-16,640.2989501953125,763.0,769.0,761.0,763.0,15400
2014-06-17,648.6907958984375,773.0,776.0,763.0,763.0,23900
2014-06-18,659.6002197265625,786.0,792.0,768.0,773.0,34500
2014-06-19,657.082763671875,783.0,786.0,779.0,785.0,33900
2014-06-20,657.921875,784.0,784.0,780.0,783.0,40600
2014-06-23,662.11767578125,789.0,792.0,784.0,784.0,30600
2014-06-24,662.11767578125,789.0,791.0,783.0,791.0,29700
2014-06-25,649.5298461914062,774.0,791.0,772.0,791.0,29900
2014-06-26,657.921875,784.0,787.0,776.0,784.0,26600
2014-06-27,638.62060546875,761.0,793.0,761.0,789.0,44000
2014-06-30,652.0474243164062,777.0,778.0,765.0,770.0,31800
2014-07-01,664.6353759765625,792.0,798.0,787.0,790.0,42100
2014-07-02,667.9920654296875,796.0,799.0,793.0,795.0,63200
2014-07-03,664.6353759765625,792.0,795.0,785.0,788.0,15200
2014-07-04,665.4745483398438,793.0,798.0,785.0,798.0,12500
2014-07-07,663.796142578125,791.0,795.0,790.0,793.0,10100
2014-07-08,660.4393920898438,787.0,794.0,784.0,790.0,16000
2014-07-09,657.921875,784.0,788.0,782.0,782.0,13900
2014-07-10,652.88671875,778.0,789.0,777.0,782.0,28600
2014-07-11,646.1731567382812,770.0,778.0,766.0,766.0,15700
2014-07-14,649.5298461914062,774.0,777.0,768.0,770.0,14200
2014-07-15,652.0474243164062,777.0,780.0,770.0,774.0,17100
2014-07-16,645.333984375,769.0,784.0,748.0,774.0,30900
2014-07-17,648.6907958984375,773.0,778.0,770.0,770.0,9100
2014-07-18,641.977294921875,765.0,771.0,764.0,769.0,16300
2014-07-22,657.921875,784.0,785.0,766.0,770.0,30400
2014-07-23,647.0125122070312,771.0,781.0,771.0,780.0,16300
2014-07-24,647.8515625,772.0,782.0,768.0,776.0,20400
2014-07-25,653.725830078125,779.0,785.0,773.0,780.0,17800
2014-07-28,650.3690795898438,775.0,785.0,772.0,785.0,14400
2014-07-29,657.921875,784.0,789.0,777.0,789.0,23000
2014-07-30,658.760986328125,785.0,787.0,777.0,780.0,26000
2014-07-31,652.88671875,778.0,785.0,775.0,782.0,17300
2014-08-01,642.8165283203125,766.0,778.0,765.0,765.0,19200
2014-08-04,641.13818359375,764.0,770.0,764.0,766.0,11100
2014-08-05,637.7813720703125,760.0,768.0,760.0,764.0,16400
2014-08-06,626.0328369140625,746.0,760.0,746.0,760.0,21000
2014-08-07,619.3192749023438,738.0,752.0,726.0,752.0,24000
2014-08-08,605.892333984375,722.0,738.0,718.0,738.0,25600
2014-08-11,615.9624633789062,734.0,738.0,722.0,726.0,22700
2014-08-12,618.4801025390625,737.0,749.0,737.0,738.0,13200
2014-08-13,619.3192749023438,738.0,743.0,733.0,737.0,13800
2014-08-14,621.8367919921875,741.0,743.0,732.0,732.0,9300
2014-08-15,617.6409301757812,736.0,739.0,731.0,739.0,18400
2014-08-18,623.51513671875,743.0,744.0,733.0,733.0,14000
2014-08-19,628.55029296875,749.0,749.0,739.0,749.0,11000
2014-08-20,633.5853271484375,755.0,760.0,745.0,748.0,21900
2014-08-21,637.7813720703125,760.0,760.0,743.0,757.0,25600
2014-08-22,627.7110595703125,748.0,757.0,744.0,753.0,21200
2014-08-25,628.55029296875,749.0,750.0,746.0,746.0,12400
2014-08-26,627.7110595703125,748.0,759.0,744.0,759.0,17100
2014-08-27,625.1936645507812,745.0,753.0,740.0,745.0,22200
2014-08-28,626.0328369140625,746.0,747.0,743.0,743.0,11600
2014-08-29,644.494873046875,768.0,769.0,746.0,746.0,36000
2014-09-01,637.7813720703125,760.0,763.0,757.0,760.0,12200
2014-09-02,641.977294921875,765.0,768.0,759.0,761.0,21000
2014-09-03,644.494873046875,768.0,768.0,759.0,767.0,25800
2014-09-04,641.977294921875,765.0,769.0,761.0,762.0,13100
2014-09-05,639.4597778320312,762.0,768.0,761.0,767.0,12300
2014-09-08,643.6556396484375,767.0,768.0,757.0,766.0,14400
2014-09-09,641.13818359375,764.0,771.0,763.0,771.0,8200
2014-09-10,646.1731567382812,770.0,770.0,763.0,763.0,15700
2014-09-11,647.8515625,772.0,774.0,767.0,770.0,12900
2014-09-12,649.5298461914062,774.0,783.0,773.0,783.0,53200
2014-09-16,648.6907958984375,773.0,777.0,772.0,777.0,14700
2014-09-17,647.8515625,772.0,777.0,772.0,777.0,11700
2014-09-18,657.082763671875,783.0,785.0,772.0,772.0,28400
2014-09-19,666.313720703125,794.0,797.0,780.0,780.0,50400
2014-09-22,671.3488159179688,800.0,800.0,796.0,798.0,18700
2014-09-24,671.3488159179688,800.0,800.0,790.0,790.0,12800
2014-09-25,671.3488159179688,800.0,800.0,789.0,798.0,48400
2014-09-26,676.0079345703125,798.0,800.0,794.0,798.0,16400
2014-09-29,676.0079345703125,798.0,800.0,791.0,800.0,16100
2014-09-30,675.160888671875,797.0,799.0,791.0,794.0,20900
2014-10-01,672.6195068359375,794.0,800.0,790.0,800.0,21300
2014-10-02,657.37109375,776.0,793.0,775.0,782.0,29100
2014-10-03,665.8424072265625,786.0,800.0,770.0,770.0,21500
2014-10-06,675.160888671875,797.0,799.0,791.0,799.0,12900
2014-10-07,667.5367431640625,788.0,799.0,788.0,798.0,26800
2014-10-08,659.0653686523438,778.0,786.0,769.0,786.0,26100
2014-10-09,649.7470092773438,767.0,788.0,767.0,788.0,21300
2014-10-10,637.88720703125,753.0,760.0,751.0,753.0,20300
2014-10-14,626.0274658203125,739.0,750.0,739.0,748.0,32400
2014-10-15,625.1803588867188,738.0,745.0,734.0,738.0,15700
2014-10-16,613.320556640625,724.0,731.0,723.0,731.0,16800
2014-10-17,598.9193725585938,707.0,724.0,704.0,720.0,48500
2014-10-20,620.9447021484375,733.0,738.0,710.0,710.0,21500
2014-10-21,612.473388671875,723.0,741.0,720.0,741.0,21400
2014-10-22,632.804443359375,747.0,747.0,732.0,733.0,15500
2014-10-23,625.1803588867188,738.0,747.0,733.0,735.0,13900
2014-10-24,625.1803588867188,738.0,753.0,735.0,753.0,14600
2014-10-27,632.804443359375,747.0,751.0,735.0,746.0,15900
2014-10-28,629.4159545898438,743.0,751.0,739.0,747.0,10100
2014-10-29,645.5114135742188,762.0,773.0,739.0,744.0,27000
2014-10-30,651.4412231445312,769.0,779.0,755.0,755.0,36300
2014-10-31,676.0079345703125,798.0,805.0,768.0,779.0,68100
2014-11-04,684.479248046875,808.0,810.0,771.0,801.0,104000
2014-11-05,682.7850341796875,806.0,807.0,782.0,796.0,62200
2014-11-06,676.0079345703125,798.0,819.0,792.0,792.0,41800
2014-11-07,687.0205688476562,811.0,815.0,787.0,787.0,35100
2014-11-10,700.5746459960938,827.0,839.0,805.0,807.0,34700
2014-11-11,706.504638671875,834.0,837.0,825.0,828.0,17400
2014-11-12,702.2689208984375,829.0,839.0,812.0,830.0,26600
2014-11-13,708.1988525390625,836.0,838.0,821.0,826.0,20800
2014-11-14,700.5746459960938,827.0,831.0,820.0,828.0,49300
2014-11-17,676.8551635742188,799.0,822.0,792.0,816.0,27400
2014-11-18,685.3262939453125,809.0,812.0,798.0,798.0,28500
2014-11-19,677.7022094726562,800.0,810.0,800.0,809.0,30800
2014-11-20,675.160888671875,797.0,807.0,796.0,807.0,11400
2014-11-21,676.8551635742188,799.0,800.0,789.0,793.0,16800
2014-11-25,674.3137817382812,796.0,800.0,795.0,800.0,20100
2014-11-26,670.9251708984375,792.0,799.0,788.0,799.0,19000
2014-11-27,660.7597045898438,780.0,796.0,780.0,787.0,23400
2014-11-28,683.6321411132812,807.0,810.0,781.0,785.0,30100
2014-12-01,669.23095703125,790.0,804.0,789.0,794.0,31900
2014-12-02,681.937744140625,805.0,806.0,785.0,785.0,33500
2014-12-03,677.7022094726562,800.0,805.0,795.0,800.0,23400
2014-12-04,681.937744140625,805.0,806.0,796.0,800.0,19100
2014-12-05,684.479248046875,808.0,808.0,796.0,805.0,13700
2014-12-08,681.937744140625,805.0,810.0,800.0,809.0,23900
2014-12-09,678.5492553710938,801.0,808.0,799.0,803.0,15900
2014-12-10,676.8551635742188,799.0,802.0,792.0,793.0,27300
2014-12-11,670.9251708984375,792.0,797.0,787.0,787.0,17100
2014-12-12,671.7723999023438,793.0,809.0,793.0,808.0,53500
2014-12-15,659.9125366210938,779.0,793.0,777.0,793.0,35300
2014-12-16,648.89990234375,766.0,778.0,765.0,775.0,50700
2014-12-17,604.8492431640625,714.0,730.0,714.0,720.0,152200
2014-12-18,613.320556640625,724.0,729.0,720.0,729.0,64000
2014-12-19,611.6261596679688,722.0,730.0,715.0,730.0,74100
2014-12-22,612.473388671875,723.0,730.0,719.0,730.0,46100
2014-12-24,611.6261596679688,722.0,731.0,720.0,730.0,51100
2014-12-25,614.1676635742188,725.0,732.0,719.0,732.0,53100
2014-12-26,633.6514892578125,748.0,752.0,723.0,725.0,56700
2014-12-29,634.4986572265625,749.0,754.0,740.0,754.0,43000
2014-12-30,636.1930541992188,751.0,757.0,749.0,750.0,41200
2015-01-05,633.6514892578125,748.0,760.0,748.0,748.0,42000
2015-01-06,626.8745727539062,740.0,749.0,740.0,748.0,43100
2015-01-07,626.8745727539062,740.0,743.0,733.0,736.0,21300
2015-01-08,628.5689086914062,742.0,743.0,737.0,739.0,20400
2015-01-09,631.9573974609375,746.0,747.0,738.0,743.0,30900
2015-01-13,631.1102905273438,745.0,748.0,736.0,748.0,40200
2015-01-14,620.9447021484375,733.0,747.0,733.0,738.0,20600
2015-01-15,632.804443359375,747.0,748.0,736.0,736.0,17100
2015-01-16,617.5560913085938,729.0,740.0,722.0,740.0,30800
2015-01-19,627.7216796875,741.0,752.0,729.0,729.0,50600
2015-01-20,642.1228637695312,758.0,767.0,744.0,749.0,72200
2015-01-21,636.1930541992188,751.0,761.0,750.0,761.0,30300
2015-01-22,637.88720703125,753.0,758.0,747.0,755.0,39500
2015-01-23,642.1228637695312,758.0,758.0,751.0,758.0,41400
2015-01-26,640.4285888671875,756.0,770.0,752.0,754.0,50300
2015-01-27,654.8297729492188,773.0,774.0,759.0,763.0,33800
2015-01-28,655.6768188476562,774.0,778.0,763.0,763.0,32600
2015-01-29,659.0653686523438,778.0,785.0,770.0,774.0,29900
2015-01-30,661.60693359375,781.0,782.0,774.0,782.0,31700
2015-02-02,654.8297729492188,773.0,778.0,760.0,768.0,42900
2015-02-03,646.3585205078125,763.0,771.0,760.0,769.0,47100
2015-02-04,647.2056274414062,764.0,770.0,761.0,770.0,39300
2015-02-05,630.2632446289062,744.0,770.0,734.0,770.0,81000
2015-02-06,648.89990234375,766.0,774.0,747.0,759.0,40000
2015-02-09,659.0653686523438,778.0,780.0,769.0,774.0,20700
2015-02-10,659.9125366210938,779.0,781.0,773.0,777.0,23700
2015-02-12,659.9125366210938,779.0,794.0,776.0,783.0,62600
2015-02-13,657.37109375,776.0,783.0,773.0,778.0,42600
2015-02-16,674.3137817382812,796.0,800.0,777.0,777.0,38900
2015-02-17,691.25634765625,816.0,819.0,791.0,800.0,56700
2015-02-18,699.7276000976562,826.0,830.0,816.0,816.0,66300
2015-02-19,705.6574096679688,833.0,839.0,820.0,835.0,53500
2015-02-20,706.504638671875,834.0,837.0,827.0,835.0,28400
2015-02-23,718.3644409179688,848.0,850.0,825.0,830.0,88300
2015-02-24,726.8355712890625,858.0,863.0,842.0,845.0,54700
2015-02-25,740.3895874023438,874.0,877.0,860.0,871.0,39500
2015-02-26,758.1793212890625,895.0,897.0,872.0,879.0,47800
2015-02-27,757.332275390625,894.0,899.0,884.0,898.0,40000
2015-03-02,763.2620849609375,901.0,904.0,885.0,885.0,42400
2015-03-03,767.4976806640625,906.0,910.0,900.0,900.0,66400
2015-03-04,774.2747802734375,914.0,917.0,899.0,899.0,54000
2015-03-05,773.4276123046875,913.0,918.0,908.0,915.0,24500
2015-03-06,767.4976806640625,906.0,915.0,891.0,913.0,65700
2015-03-09,763.2620849609375,901.0,910.0,897.0,899.0,26200
2015-03-10,762.4150390625,900.0,902.0,887.0,901.0,57500
2015-03-11,761.56787109375,899.0,900.0,887.0,887.0,45200
2015-03-12,789.5230712890625,932.0,935.0,897.0,900.0,81000
2015-03-13,774.2747802734375,914.0,935.0,907.0,933.0,92700
2015-03-16,775.9690551757812,916.0,923.0,899.0,902.0,38100
2015-03-17,786.1345825195312,928.0,933.0,920.0,920.0,51000
2015-03-18,792.91162109375,936.0,936.0,915.0,924.0,62700
2015-03-19,782.7461547851562,924.0,938.0,921.0,936.0,27000
2015-03-20,779.357666015625,920.0,927.0,912.0,924.0,54700
2015-03-23,782.7461547851562,924.0,938.0,915.0,916.0,31000
2015-03-24,773.4276123046875,913.0,924.0,909.0,916.0,45200
2015-03-25,767.4976806640625,906.0,918.0,901.0,905.0,38200
2015-03-26,744.6253662109375,879.0,896.0,877.0,891.0,48100
2015-03-27,745.0525512695312,872.0,895.0,864.0,889.0,45600
2015-03-30,745.0525512695312,872.0,882.0,856.0,857.0,45700
2015-03-31,749.3246459960938,877.0,898.0,873.0,890.0,26700
2015-04-01,751.8878173828125,880.0,889.0,862.0,862.0,51400
2015-04-02,772.393798828125,904.0,908.0,874.0,874.0,60500
2015-04-03,782.6469116210938,916.0,919.0,898.0,910.0,23100
2015-04-06,770.6851806640625,902.0,913.0,897.0,913.0,15600
2015-04-07,763.8497924804688,894.0,918.0,891.0,897.0,107000
2015-04-08,786.0646362304688,920.0,933.0,904.0,904.0,38100
2015-04-09,780.0836791992188,913.0,922.0,909.0,920.0,20400
2015-04-10,774.9572143554688,907.0,927.0,881.0,925.0,32200
2015-04-13,772.393798828125,904.0,916.0,903.0,916.0,19700
2015-04-14,780.9380493164062,914.0,915.0,890.0,911.0,32400
2015-04-15,779.2291870117188,912.0,916.0,908.0,914.0,15000
2015-04-16,779.2291870117188,912.0,914.0,903.0,911.0,15900
2015-04-17,776.6658935546875,909.0,912.0,897.0,899.0,25600
2015-04-20,767.2674560546875,898.0,911.0,895.0,911.0,25200
2015-04-21,760.4320068359375,890.0,900.0,875.0,895.0,49800
2015-04-22,751.8878173828125,880.0,900.0,872.0,895.0,23800
2015-04-23,760.4320068359375,890.0,900.0,876.0,886.0,25900
2015-04-24,758.72314453125,888.0,906.0,888.0,897.0,38700
2015-04-27,772.393798828125,904.0,906.0,881.0,885.0,17700
2015-04-28,774.9572143554688,907.0,919.0,888.0,909.0,35800
2015-04-30,750.1790771484375,878.0,899.0,870.0,893.0,62600
2015-05-01,734.7994995117188,860.0,872.0,856.0,866.0,27800
2015-05-07,741.634765625,868.0,884.0,840.0,860.0,40400
2015-05-08,757.0143432617188,886.0,892.0,873.0,874.0,31600
2015-05-11,780.9380493164062,914.0,919.0,896.0,899.0,50900
2015-05-12,790.336669921875,925.0,929.0,905.0,913.0,44000
2015-05-13,803.1528930664062,940.0,957.0,924.0,928.0,44300
2015-05-14,796.3175659179688,932.0,944.0,927.0,940.0,26900
2015-05-15,805.7161254882812,943.0,960.0,933.0,937.0,35200
2015-05-18,844.1649780273438,988.0,997.0,945.0,948.0,69300
2015-05-19,845.019287109375,989.0,996.0,972.0,995.0,47100
2015-05-20,886.8858032226562,1038.0,1038.0,975.0,999.0,97700
2015-05-21,858.6901245117188,1005.0,1038.0,955.0,1038.0,45300
2015-05-22,858.6901245117188,1005.0,1013.0,975.0,992.0,28800
2015-05-25,889.4490966796875,1041.0,1050.0,1023.0,1027.0,56400
2015-05-26,879.1961059570312,1029.0,1050.0,1021.0,1043.0,50300
2015-05-27,901.4110107421876,1055.0,1055.0,1029.0,1039.0,67400
2015-05-28,905.6830444335938,1060.0,1088.0,1041.0,1064.0,69100
2015-05-29,923.6259765625,1081.0,1086.0,1053.0,1070.0,38300
2015-06-01,916.7905883789062,1073.0,1081.0,1056.0,1081.0,27700
2015-06-02,903.119873046875,1057.0,1072.0,1039.0,1072.0,23500
2015-06-03,912.5184326171876,1068.0,1079.0,1034.0,1034.0,51700
2015-06-04,898.8477783203125,1052.0,1070.0,1050.0,1062.0,18100
2015-06-05,907.3917846679688,1062.0,1070.0,1040.0,1040.0,23000
2015-06-08,921.0625610351562,1078.0,1088.0,1062.0,1062.0,30100
2015-06-09,904.82861328125,1059.0,1089.0,1056.0,1067.0,49400
2015-06-10,906.5374755859376,1061.0,1070.0,1051.0,1052.0,27800
2015-06-11,911.6640014648438,1067.0,1081.0,1056.0,1071.0,25000
2015-06-12,920.208251953125,1077.0,1098.0,1070.0,1090.0,146100
2015-06-15,912.5184326171876,1068.0,1074.0,1060.0,1074.0,18900
2015-06-16,904.82861328125,1059.0,1072.0,1030.0,1066.0,65200
2015-06-17,922.7714233398438,1080.0,1084.0,1050.0,1050.0,47500
2015-06-18,939.0054931640624,1099.0,1114.0,1070.0,1076.0,68800
2015-06-19,939.8598022460938,1100.0,1129.0,1063.0,1117.0,153700
2015-06-22,988.5616455078124,1157.0,1163.0,1072.0,1099.0,105300
2015-06-23,933.0243530273438,1092.0,1170.0,1088.0,1148.0,81100
2015-06-24,950.9672241210938,1113.0,1125.0,1091.0,1091.0,58800
2015-06-25,963.7835693359376,1128.0,1133.0,1083.0,1125.0,58200
2015-06-26,968.0556640625,1133.0,1135.0,1100.0,1124.0,43000
2015-06-29,967.201171875,1132.0,1150.0,1100.0,1100.0,59500
2015-06-30,977.4542236328124,1144.0,1144.0,1111.0,1125.0,63900
2015-07-01,968.9100341796876,1134.0,1149.0,1119.0,1148.0,51200
2015-07-02,953.5303955078124,1116.0,1142.0,1111.0,1142.0,26300
2015-07-03,961.2203369140624,1125.0,1131.0,1117.0,1125.0,30400
2015-07-06,927.043701171875,1085.0,1113.0,1085.0,1104.0,51500
2015-07-07,955.2393798828124,1118.0,1129.0,1092.0,1100.0,60600
2015-07-08,952.676025390625,1115.0,1136.0,1096.0,1117.0,94300
2015-07-09,922.7714233398438,1080.0,1091.0,1060.0,1080.0,48700
2015-07-10,913.372802734375,1069.0,1095.0,1061.0,1082.0,38000
2015-07-13,922.7714233398438,1080.0,1112.0,1067.0,1067.0,48300
2015-07-14,964.6381225585938,1129.0,1148.0,1109.0,1115.0,158700
2015-07-15,962.928955078125,1127.0,1139.0,1119.0,1138.0,49800
2015-07-16,993.6881713867188,1163.0,1164.0,1125.0,1136.0,70300
2015-07-17,1005.6500244140624,1177.0,1183.0,1164.0,1170.0,36000
2015-07-21,991.9795532226562,1161.0,1181.0,1146.0,1180.0,25000
2015-07-22,962.928955078125,1127.0,1163.0,1126.0,1150.0,42000
2015-07-23,980.8718872070312,1148.0,1150.0,1128.0,1128.0,23100
2015-07-24,968.9100341796876,1134.0,1153.0,1128.0,1153.0,23400
2015-07-27,963.7835693359376,1128.0,1139.0,1123.0,1132.0,37200
2015-07-28,975.7454223632812,1142.0,1153.0,1124.0,1128.0,52300
2015-07-29,974.0363159179688,1140.0,1153.0,1135.0,1137.0,27200
2015-07-30,971.4732666015624,1137.0,1163.0,1129.0,1129.0,31400
2015-07-31,991.1248779296876,1160.0,1160.0,1134.0,1138.0,30000
2015-08-03,982.5806884765624,1150.0,1155.0,1141.0,1148.0,25900
2015-08-04,991.9795532226562,1161.0,1165.0,1147.0,1148.0,26500
2015-08-05,984.2892456054688,1152.0,1170.0,1148.0,1152.0,38300
2015-08-06,1016.75732421875,1190.0,1220.0,1165.0,1182.0,73300
2015-08-07,1098.781494140625,1286.0,1295.0,1210.0,1220.0,130000
2015-08-10,1152.60986328125,1349.0,1353.0,1266.0,1275.0,109600
2015-08-11,1176.53369140625,1377.0,1403.0,1359.0,1359.0,63500
2015-08-12,1145.774658203125,1341.0,1370.0,1329.0,1356.0,75500
2015-08-13,1182.5146484375,1384.0,1390.0,1332.0,1332.0,72000
2015-08-14,1203.0206298828125,1408.0,1441.0,1374.0,1387.0,84700
2015-08-17,1179.951416015625,1381.0,1417.0,1378.0,1409.0,42100
2015-08-18,1127.831787109375,1320.0,1378.0,1314.0,1378.0,65600
2015-08-19,1132.9583740234375,1326.0,1357.0,1318.0,1320.0,49700
2015-08-20,1120.141845703125,1311.0,1345.0,1308.0,1320.0,38300
2015-08-21,1081.6929931640625,1266.0,1299.0,1253.0,1253.0,45500
2015-08-24,1018.4661254882812,1192.0,1254.0,1192.0,1222.0,51000
2015-08-25,981.726318359375,1149.0,1230.0,1120.0,1139.0,54900
2015-08-26,1014.1942749023438,1187.0,1214.0,1147.0,1148.0,68500
2015-08-27,1013.3399658203124,1186.0,1226.0,1179.0,1212.0,41600
2015-08-28,1069.731201171875,1252.0,1268.0,1226.0,1226.0,36000
2015-08-31,1097.0726318359375,1284.0,1288.0,1236.0,1247.0,33000
2015-09-01,1041.5355224609375,1219.0,1307.0,1206.0,1278.0,67700
2015-09-02,1021.029541015625,1195.0,1232.0,1165.0,1165.0,38600
2015-09-03,1015.903076171875,1189.0,1235.0,1183.0,1205.0,23600
2015-09-04,973.1820678710938,1139.0,1198.0,1134.0,1198.0,36400
2015-09-07,953.5303955078124,1116.0,1148.0,1090.0,1109.0,25700
2015-09-08,927.043701171875,1085.0,1119.0,1035.0,1115.0,30800
2015-09-09,1026.156005859375,1201.0,1201.0,1123.0,1125.0,48400
2015-09-10,987.7073364257812,1156.0,1170.0,1120.0,1170.0,29000
2015-09-11,1016.75732421875,1190.0,1217.0,1152.0,1160.0,78300
2015-09-14,983.43505859375,1151.0,1189.0,1133.0,1189.0,35300
2015-09-15,984.2892456054688,1152.0,1178.0,1143.0,1154.0,21900
2015-09-16,1000.5237426757812,1171.0,1182.0,1145.0,1163.0,42300
2015-09-17,1034.7001953125,1211.0,1214.0,1170.0,1171.0,39800
2015-09-18,1007.3590087890624,1179.0,1192.0,1165.0,1192.0,28300
2015-09-24,979.1630249023438,1146.0,1188.0,1140.0,1155.0,39600
2015-09-25,996.25146484375,1166.0,1166.0,1117.0,1155.0,33300
2015-09-28,988.9418334960938,1150.0,1182.0,1140.0,1182.0,30000
2015-09-29,946.8043212890624,1101.0,1133.0,1101.0,1131.0,23200
2015-09-30,962.283447265625,1119.0,1124.0,1100.0,1118.0,43000
2015-10-01,982.062255859375,1142.0,1150.0,1114.0,1119.0,37900
2015-10-02,970.8829956054688,1129.0,1162.0,1121.0,1129.0,30900
2015-10-05,999.2611083984376,1162.0,1185.0,1139.0,1139.0,31400
2015-10-06,990.6615600585938,1152.0,1193.0,1139.0,1187.0,44800
2015-10-07,1051.7181396484375,1223.0,1224.0,1160.0,1164.0,37700
2015-10-08,1092.1358642578125,1270.0,1280.0,1224.0,1224.0,81500
2015-10-09,1087.8359375,1265.0,1273.0,1229.0,1270.0,30400
2015-10-13,1078.3768310546875,1254.0,1260.0,1238.0,1250.0,15600
2015-10-14,1031.0794677734375,1199.0,1241.0,1194.0,1223.0,41900
2015-10-15,1070.6370849609375,1245.0,1247.0,1199.0,1200.0,26500
2015-10-16,1089.555908203125,1267.0,1270.0,1235.0,1260.0,39100
2015-10-19,1080.0965576171875,1256.0,1267.0,1236.0,1264.0,13900
2015-10-20,1068.0570068359375,1242.0,1255.0,1239.0,1255.0,8900
2015-10-21,1115.3543701171875,1297.0,1297.0,1227.0,1236.0,25400
2015-10-22,1105.8948974609375,1286.0,1295.0,1282.0,1282.0,9200
2015-10-23,1111.9146728515625,1293.0,1300.0,1267.0,1300.0,31000
2015-10-26,1092.9957275390625,1271.0,1300.0,1266.0,1293.0,28600
2015-10-27,1083.5361328125,1260.0,1284.0,1257.0,1284.0,18200
2015-10-28,1067.1971435546875,1241.0,1265.0,1229.0,1256.0,27400
2015-10-29,1043.11865234375,1213.0,1253.0,1191.0,1253.0,35800
2015-10-30,1043.11865234375,1213.0,1227.0,1192.0,1219.0,44000
2015-11-02,1034.519287109375,1203.0,1213.0,1131.0,1191.0,49500
2015-11-04,1038.8189697265625,1208.0,1248.0,1207.0,1230.0,27700
2015-11-05,1067.1971435546875,1241.0,1245.0,1199.0,1199.0,29800
2015-11-06,1081.81640625,1258.0,1261.0,1226.0,1241.0,20100
2015-11-09,1094.7154541015625,1273.0,1299.0,1258.0,1258.0,39700
2015-11-10,1089.555908203125,1267.0,1280.0,1250.0,1250.0,27100
2015-11-11,1100.735107421875,1280.0,1282.0,1253.0,1257.0,33500
2015-11-12,1105.034912109375,1285.0,1288.0,1257.0,1280.0,26800
2015-11-13,1105.034912109375,1285.0,1290.0,1253.0,1276.0,24800
2015-11-16,1105.8948974609375,1286.0,1295.0,1256.0,1256.0,18300
2015-11-17,1117.93408203125,1300.0,1335.0,1291.0,1300.0,55900
2015-11-18,1112.7745361328125,1294.0,1315.0,1280.0,1315.0,18500
2015-11-19,1107.6146240234375,1288.0,1324.0,1284.0,1297.0,36100
2015-11-20,1127.3935546875,1311.0,1314.0,1286.0,1295.0,33500
2015-11-24,1122.23388671875,1305.0,1307.0,1281.0,1296.0,39800
2015-11-25,1123.0941162109375,1306.0,1312.0,1287.0,1297.0,28800
2015-11-26,1136.8531494140625,1322.0,1329.0,1308.0,1319.0,23600
2015-11-27,1138.5731201171875,1324.0,1335.0,1324.0,1330.0,13800
2015-11-30,1155.772216796875,1344.0,1384.0,1299.0,1311.0,72300
2015-12-01,1124.81396484375,1308.0,1342.0,1303.0,1342.0,68400
2015-12-02,1099.87548828125,1279.0,1305.0,1277.0,1303.0,72300
2015-12-03,1072.35693359375,1247.0,1272.0,1244.0,1270.0,41000
2015-12-04,1055.15771484375,1227.0,1244.0,1219.0,1220.0,32500
2015-12-07,1061.1776123046875,1234.0,1251.0,1234.0,1240.0,28000
2015-12-08,1048.2783203125,1219.0,1224.0,1198.0,1215.0,43900
2015-12-09,1033.6590576171875,1202.0,1222.0,1192.0,1200.0,32000
2015-12-10,1025.0595703125,1192.0,1199.0,1173.0,1176.0,44600
2015-12-11,1037.958984375,1207.0,1207.0,1176.0,1179.0,54100
2015-12-14,1006.140625,1170.0,1184.0,1143.0,1163.0,47300
2015-12-15,1015.600341796875,1181.0,1201.0,1178.0,1200.0,39500
2015-12-16,1017.3201904296876,1183.0,1197.0,1177.0,1181.0,38200
2015-12-17,1019.9000244140624,1186.0,1207.0,1185.0,1207.0,26900
2015-12-18,1014.7401733398438,1180.0,1209.0,1168.0,1186.0,40600
2015-12-21,1013.0203857421876,1178.0,1182.0,1156.0,1171.0,63000
2015-12-22,1013.8804931640624,1179.0,1202.0,1176.0,1181.0,36800
2015-12-24,1001.8411254882812,1165.0,1195.0,1158.0,1195.0,20900
2015-12-25,1001.8411254882812,1165.0,1165.0,1165.0,1165.0,0
2015-12-28,1016.4601440429688,1182.0,1196.0,1176.0,1190.0,13200
2015-12-29,1010.4404907226562,1175.0,1187.0,1172.0,1182.0,26700
2015-12-30,1025.0595703125,1192.0,1198.0,1180.0,1189.0,18700
2016-01-04,1011.3004150390624,1176.0,1202.0,1167.0,1180.0,26200
2016-01-05,1019.0401000976562,1185.0,1198.0,1180.0,1198.0,27600
2016-01-06,1009.5807495117188,1174.0,1196.0,1162.0,1184.0,33800
2016-01-07,1018.1800537109376,1184.0,1199.0,1175.0,1192.0,87000
2016-01-08,996.6814575195312,1159.0,1195.0,1149.0,1184.0,46700
2016-01-12,960.5635375976562,1117.0,1161.0,1116.0,1149.0,61600
2016-01-13,1000.981201171875,1164.0,1170.0,1124.0,1124.0,39400
2016-01-14,971.742919921875,1130.0,1159.0,1112.0,1134.0,74600
2016-01-15,961.4235229492188,1118.0,1145.0,1117.0,1145.0,21900
2016-01-18,933.0451049804688,1085.0,1096.0,1070.0,1096.0,29500
2016-01-19,908.1065673828124,1056.0,1095.0,1052.0,1084.0,41900
2016-01-20,872.8485717773438,1015.0,1056.0,1014.0,1056.0,51200
2016-01-21,836.7307739257812,973.0,1031.0,970.0,1000.0,60200
2016-01-22,889.1876831054688,1034.0,1039.0,1016.0,1023.0,71100
2016-01-25,897.7871704101562,1044.0,1066.0,1036.0,1065.0,33400
2016-01-26,890.0475463867188,1035.0,1055.0,1018.0,1038.0,20500
2016-01-27,936.4850463867188,1089.0,1092.0,1058.0,1061.0,33300
2016-01-28,946.8043212890624,1101.0,1112.0,1065.0,1077.0,44900
2016-01-29,955.4039306640624,1111.0,1126.0,1056.0,1102.0,65800
2016-02-01,966.583251953125,1124.0,1136.0,1108.0,1125.0,55000
2016-02-02,962.283447265625,1119.0,1140.0,1110.0,1117.0,42900
2016-02-03,935.6248779296876,1088.0,1101.0,1070.0,1089.0,21600
2016-02-04,929.6054077148438,1081.0,1099.0,1070.0,1088.0,26800
2016-02-05,914.126220703125,1063.0,1085.0,1054.0,1065.0,29900
2016-02-08,905.5266723632812,1053.0,1065.0,1022.0,1063.0,56700
2016-02-09,870.268798828125,1012.0,1034.0,991.0,1008.0,60500
2016-02-10,865.109130859375,1006.0,1025.0,988.0,1016.0,91600
2016-02-12,816.0918579101562,949.0,980.0,941.0,976.0,84100
2016-02-15,832.4310913085938,968.0,995.0,962.0,979.0,44900
2016-02-16,826.4114379882812,961.0,988.0,952.0,956.0,84100
2016-02-17,806.632568359375,938.0,970.0,931.0,955.0,73200
2016-02-18,841.0304565429688,978.0,987.0,961.0,967.0,66500
2016-02-19,842.7504272460938,980.0,982.0,958.0,963.0,42000
2016-02-22,845.3301391601562,983.0,985.0,970.0,980.0,47700
2016-02-23,838.4506225585938,975.0,998.0,960.0,983.0,37000
2016-02-24,846.1901245117188,984.0,994.0,959.0,960.0,63700
2016-02-25,859.9493408203125,1000.0,1007.0,996.0,999.0,49900
2016-02-26,867.68896484375,1009.0,1013.0,999.0,1004.0,29800
2016-02-29,867.68896484375,1009.0,1048.0,1003.0,1009.0,75700
2016-03-01,859.08935546875,999.0,1017.0,982.0,1009.0,36300
2016-03-02,863.3892211914062,1004.0,1025.0,998.0,1011.0,64200
2016-03-03,867.68896484375,1009.0,1018.0,995.0,1000.0,26300
2016-03-04,888.32763671875,1033.0,1033.0,998.0,1008.0,75600
2016-03-07,894.3472900390625,1040.0,1051.0,1035.0,1041.0,34400
2016-03-08,915.8461303710938,1065.0,1076.0,1028.0,1028.0,65500
2016-03-09,927.025390625,1078.0,1080.0,1050.0,1059.0,54600
2016-03-10,951.964111328125,1107.0,1117.0,1081.0,1081.0,58400
2016-03-11,981.2021484375,1141.0,1143.0,1115.0,1134.0,99000
2016-03-14,976.9024658203124,1136.0,1155.0,1116.0,1147.0,66900
2016-03-15,982.9222412109376,1143.0,1154.0,1130.0,1149.0,51800
2016-03-16,975.1827392578124,1134.0,1149.0,1134.0,1141.0,42100
2016-03-17,964.8632202148438,1122.0,1142.0,1114.0,1139.0,38100
2016-03-18,980.3421020507812,1140.0,1142.0,1113.0,1122.0,52700
2016-03-22,988.08203125,1149.0,1159.0,1136.0,1146.0,41200
2016-03-23,962.283447265625,1119.0,1149.0,1109.0,1149.0,51000
2016-03-24,974.32275390625,1133.0,1139.0,1105.0,1113.0,51000
2016-03-25,984.6420288085938,1145.0,1150.0,1131.0,1142.0,22300
2016-03-28,994.1015014648438,1156.0,1156.0,1127.0,1149.0,50200
2016-03-29,1022.7276611328124,1179.0,1181.0,1156.0,1156.0,30500
2016-03-30,1011.45068359375,1166.0,1178.0,1161.0,1175.0,31400
2016-03-31,981.957275390625,1132.0,1167.0,1132.0,1159.0,71400
2016-04-01,927.3076782226562,1069.0,1139.0,1062.0,1139.0,60000
2016-04-04,935.982177734375,1079.0,1088.0,1020.0,1069.0,37800
2016-04-05,886.5371704101562,1022.0,1079.0,1021.0,1072.0,46100
2016-04-06,884.8023071289062,1020.0,1032.0,1002.0,1025.0,22200
2016-04-07,884.8023071289062,1020.0,1032.0,1009.0,1017.0,35800
2016-04-08,890.0071411132812,1026.0,1041.0,1003.0,1003.0,33700
2016-04-11,866.5858154296875,999.0,1013.0,981.0,1013.0,47900
2016-04-12,871.7906494140625,1005.0,1020.0,998.0,1001.0,22200
2016-04-13,874.3928833007812,1008.0,1023.0,996.0,1014.0,68600
2016-04-14,890.0071411132812,1026.0,1026.0,1009.0,1025.0,48400
2016-04-15,886.5371704101562,1022.0,1027.0,1012.0,1015.0,21800
2016-04-18,858.77880859375,990.0,1000.0,982.0,986.0,23800
2016-04-19,873.5255126953125,1007.0,1012.0,1000.0,1005.0,24000
2016-04-20,899.549072265625,1037.0,1043.0,1012.0,1012.0,36500
2016-04-21,928.175048828125,1070.0,1075.0,1051.0,1051.0,44200
2016-04-22,909.9586181640624,1049.0,1070.0,1036.0,1070.0,51400
2016-04-25,896.9466552734375,1034.0,1065.0,1024.0,1065.0,23100
2016-04-26,883.9349975585938,1019.0,1033.0,1005.0,1031.0,25300
2016-04-27,874.3928833007812,1008.0,1030.0,1006.0,1021.0,28000
2016-04-28,863.9834594726562,996.0,1031.0,982.0,1015.0,39900
2016-05-02,822.345703125,948.0,991.0,943.0,981.0,34300
2016-05-06,800.6594848632812,923.0,950.0,908.0,948.0,44500
2016-05-09,802.3944091796875,925.0,935.0,910.0,923.0,42300
2016-05-10,818.0084838867188,943.0,958.0,934.0,942.0,43100
2016-05-11,835.3576049804688,963.0,963.0,935.0,958.0,36000
2016-05-12,861.381103515625,993.0,1006.0,927.0,943.0,44800
2016-05-13,817.1409912109375,942.0,1005.0,936.0,987.0,82700
2016-05-16,804.9966430664062,928.0,970.0,925.0,946.0,36900
2016-05-17,823.2131958007812,949.0,958.0,938.0,941.0,31800
2016-05-18,826.6829833984375,953.0,963.0,942.0,947.0,44600
2016-05-19,782.4429321289062,902.0,963.0,897.0,948.0,92400
2016-05-20,789.382568359375,910.0,916.0,880.0,887.0,98400
2016-05-23,769.43115234375,887.0,912.0,870.0,906.0,104200
2016-05-24,756.4193115234375,872.0,886.0,866.0,884.0,72400
2016-05-25,765.0939331054688,882.0,893.0,875.0,884.0,60500
2016-05-26,782.4429321289062,902.0,908.0,883.0,890.0,64500
2016-05-27,775.5032958984375,894.0,914.0,891.0,908.0,37600
2016-05-30,790.2500610351562,911.0,913.0,884.0,896.0,38800
2016-05-31,818.8759155273438,944.0,948.0,895.0,905.0,78700
2016-06-01,816.2735595703125,941.0,952.0,900.0,948.0,75700
2016-06-02,777.23828125,896.0,937.0,895.0,927.0,48500
2016-06-03,776.3707275390625,895.0,903.0,885.0,892.0,40000
2016-06-06,766.828857421875,884.0,889.0,871.0,880.0,46800
2016-06-07,792.8523559570312,914.0,919.0,882.0,885.0,37200
2016-06-08,786.7801513671875,907.0,919.0,887.0,919.0,40100
2016-06-09,789.382568359375,910.0,922.0,903.0,903.0,28400
2016-06-10,776.3707275390625,895.0,922.0,887.0,922.0,54300
2016-06-13,730.3956909179688,842.0,886.0,841.0,886.0,57000
2016-06-14,729.5283203125,841.0,860.0,838.0,843.0,30600
2016-06-15,756.4193115234375,872.0,884.0,845.0,845.0,60200
2016-06-16,706.9744873046875,815.0,872.0,814.0,865.0,57800
2016-06-17,722.5886840820312,833.0,840.0,827.0,840.0,28400
2016-06-20,750.3471069335938,865.0,878.0,848.0,848.0,48800
2016-06-21,760.7566528320312,877.0,882.0,855.0,869.0,45000
2016-06-22,746.8773803710938,861.0,881.0,855.0,876.0,45300
2016-06-23,753.8170166015625,869.0,873.0,853.0,861.0,40200
2016-06-24,690.4928588867188,796.0,892.0,788.0,878.0,106200
2016-06-27,697.4325561523438,804.0,828.0,788.0,819.0,47200
2016-06-28,700.9022827148438,808.0,818.0,774.0,789.0,56200
2016-06-29,703.5047607421875,811.0,823.0,801.0,808.0,44200
2016-06-30,706.9744873046875,815.0,826.0,811.0,824.0,40100
2016-07-01,713.0466918945312,822.0,829.0,815.0,816.0,28400
2016-07-04,700.9022827148438,808.0,833.0,802.0,828.0,58400
2016-07-05,692.227783203125,798.0,821.0,796.0,810.0,40700
2016-07-06,678.3485717773438,782.0,790.0,761.0,790.0,50600
2016-07-07,665.3368530273438,767.0,790.0,764.0,772.0,29200
2016-07-08,655.7947998046875,756.0,784.0,755.0,775.0,33600
2016-07-11,655.7947998046875,756.0,756.0,756.0,756.0,0
2016-07-12,696.5650634765625,803.0,823.0,768.0,798.0,50700
2016-07-13,705.239501953125,813.0,825.0,806.0,820.0,45000
2016-07-14,715.6490478515625,825.0,834.0,815.0,818.0,26000
2016-07-15,703.5047607421875,811.0,837.0,810.0,826.0,45400
2016-07-19,717.3839111328125,827.0,830.0,806.0,813.0,79300
2016-07-20,738.2027587890625,851.0,860.0,817.0,822.0,47600
2016-07-21,732.998046875,845.0,863.0,835.0,858.0,41000
2016-07-22,714.7816162109375,824.0,840.0,815.0,830.0,48200
2016-07-25,718.2513427734375,828.0,839.0,821.0,829.0,83900
2016-07-26,730.3956909179688,842.0,859.0,823.0,828.0,87400
2016-07-27,740.80517578125,854.0,861.0,841.0,851.0,88600
2016-07-28,722.5886840820312,833.0,851.0,827.0,849.0,33900
2016-07-29,729.5283203125,841.0,841.0,814.0,833.0,34500
2016-08-01,718.2513427734375,828.0,845.0,818.0,841.0,41800
2016-08-02,691.3604125976562,797.0,822.0,793.0,816.0,45500
2016-08-03,681.8184204101562,786.0,802.0,778.0,795.0,90200
2016-08-04,669.6739501953125,772.0,788.0,752.0,788.0,103900
2016-08-05,681.8184204101562,786.0,796.0,782.0,785.0,23000
2016-08-08,675.7462158203125,779.0,793.0,769.0,789.0,42100
2016-08-09,700.9022827148438,808.0,815.0,767.0,769.0,91200
2016-08-10,702.6372680664062,810.0,810.0,792.0,807.0,88500
2016-08-12,709.5768432617188,818.0,823.0,812.0,812.0,65900
2016-08-15,691.3604125976562,797.0,816.0,796.0,816.0,56000
2016-08-16,693.09521484375,799.0,820.0,798.0,799.0,37900
2016-08-17,709.5768432617188,818.0,819.0,784.0,785.0,61900
2016-08-18,674.01123046875,777.0,806.0,775.0,806.0,103000
2016-08-19,671.4089965820312,774.0,784.0,766.0,777.0,105100
2016-08-22,668.8065185546875,771.0,785.0,767.0,777.0,79800
2016-08-23,660.1319580078125,761.0,786.0,754.0,764.0,153300
2016-08-24,677.4810791015625,781.0,788.0,768.0,770.0,68500
2016-08-25,688.7579345703125,794.0,798.0,781.0,786.0,53500
2016-08-26,685.2881469726562,790.0,794.0,784.0,793.0,53300
2016-08-29,702.6372680664062,810.0,814.0,800.0,810.0,67000
2016-08-30,697.4325561523438,804.0,816.0,800.0,802.0,68800
2016-08-31,717.3839111328125,827.0,829.0,808.0,809.0,39700
2016-09-01,730.3956909179688,842.0,845.0,827.0,829.0,48000
2016-09-02,731.26318359375,843.0,844.0,835.0,841.0,34300
2016-09-05,727.7933349609375,839.0,858.0,836.0,854.0,46100
2016-09-06,733.8656005859375,846.0,848.0,837.0,842.0,28200
2016-09-07,738.2027587890625,851.0,852.0,836.0,846.0,37200
2016-09-08,735.6004638671875,848.0,858.0,838.0,851.0,43400
2016-09-09,727.7933349609375,839.0,848.0,835.0,840.0,70400
2016-09-12,719.986328125,830.0,833.0,816.0,826.0,48800
2016-09-13,716.5164794921875,826.0,845.0,820.0,840.0,33800
2016-09-14,718.2513427734375,828.0,839.0,808.0,817.0,62100
2016-09-15,694.830078125,801.0,826.0,796.0,818.0,48400
2016-09-16,700.9022827148438,808.0,813.0,802.0,810.0,38400
2016-09-20,706.9744873046875,815.0,834.0,800.0,808.0,85700
2016-09-21,726.9259033203125,838.0,838.0,807.0,813.0,55200
2016-09-23,741.672607421875,855.0,870.0,831.0,841.0,101700
2016-09-26,739.937744140625,853.0,863.0,851.0,855.0,31600
2016-09-27,753.8170166015625,869.0,869.0,828.0,847.0,69700
2016-09-28,753.81689453125,859.0,863.0,846.0,855.0,37500
2016-09-29,776.6334228515625,885.0,890.0,856.0,864.0,50300
2016-09-30,769.6129150390625,877.0,888.0,861.0,872.0,47400
2016-10-03,774.0005493164062,882.0,897.0,877.0,884.0,32100
2016-10-04,772.2455444335938,880.0,897.0,875.0,881.0,56600
2016-10-05,783.6537475585938,893.0,901.0,880.0,886.0,39000
2016-10-06,788.04150390625,898.0,904.0,893.0,899.0,37900
2016-10-07,799.4495849609375,911.0,913.0,894.0,895.0,52100
2016-10-11,801.2047729492188,913.0,924.0,910.0,912.0,25100
2016-10-12,806.4700317382812,919.0,931.0,902.0,907.0,42300
2016-10-13,826.6536865234375,942.0,943.0,912.0,921.0,54200
2016-10-14,836.3067016601562,953.0,959.0,930.0,939.0,48700
2016-10-17,838.9392700195312,956.0,964.0,944.0,955.0,44400
2016-10-18,852.102783203125,971.0,973.0,959.0,959.0,42100
2016-10-19,840.694580078125,958.0,985.0,956.0,973.0,41800
2016-10-20,868.776123046875,990.0,991.0,953.0,953.0,51500
2016-10-21,859.1231689453125,979.0,995.0,976.0,993.0,25700
2016-10-24,852.9802856445312,972.0,981.0,945.0,981.0,39900
2016-10-25,856.4904174804688,976.0,978.0,958.0,973.0,33400
2016-10-26,854.7353515625,974.0,980.0,964.0,980.0,33300
2016-10-27,862.63330078125,983.0,984.0,967.0,974.0,33300
2016-10-28,882.8170166015625,1006.0,1012.0,978.0,985.0,53600
2016-10-31,879.306884765625,1002.0,1017.0,989.0,1012.0,37600
2016-11-01,881.06201171875,1004.0,1011.0,987.0,1011.0,31200
2016-11-02,854.7353515625,974.0,992.0,966.0,990.0,64300
2016-11-04,853.8578491210938,973.0,974.0,942.0,959.0,44500
2016-11-07,867.02099609375,988.0,995.0,968.0,968.0,32900
2016-11-08,862.63330078125,983.0,992.0,975.0,981.0,19700
2016-11-09,793.3068237304688,904.0,986.0,887.0,984.0,97500
2016-11-10,874.9190063476562,997.0,999.0,950.0,964.0,54000
2016-11-11,866.1434936523438,987.0,1006.0,976.0,997.0,55000
2016-11-14,891.5925903320312,1016.0,1030.0,1000.0,1000.0,57400
2016-11-15,878.4293212890625,1001.0,1025.0,995.0,1025.0,32800
2016-11-16,891.5925903320312,1016.0,1016.0,1000.0,1010.0,29100
2016-11-17,900.3680419921875,1026.0,1028.0,1005.0,1018.0,26400
2016-11-18,915.2864379882812,1043.0,1044.0,1029.0,1038.0,34500
2016-11-21,915.2864379882812,1043.0,1043.0,1028.0,1038.0,47500
2016-11-22,908.2659912109376,1035.0,1047.0,1021.0,1043.0,58400
2016-11-24,924.9395751953124,1054.0,1054.0,1041.0,1045.0,41100
2016-11-25,928.4496459960938,1058.0,1063.0,1045.0,1055.0,45800
2016-11-28,929.3273315429688,1059.0,1065.0,1035.0,1065.0,39700
2016-11-29,923.1844482421876,1052.0,1062.0,1042.0,1056.0,40200
2016-11-30,916.1640625,1044.0,1055.0,1037.0,1046.0,53200
2016-12-01,931.0823974609376,1061.0,1083.0,1054.0,1054.0,59800
2016-12-02,958.2864990234376,1092.0,1099.0,1055.0,1069.0,53200
2016-12-05,960.9192504882812,1095.0,1098.0,1066.0,1098.0,41800
2016-12-06,960.9192504882812,1095.0,1110.0,1086.0,1100.0,38100
2016-12-07,984.6130981445312,1122.0,1123.0,1109.0,1119.0,35300
2016-12-08,996.89892578125,1136.0,1139.0,1120.0,1129.0,45900
2016-12-09,1032.0008544921875,1176.0,1176.0,1130.0,1142.0,74400
2016-12-12,1031.123291015625,1175.0,1188.0,1141.0,1188.0,60700
2016-12-13,1042.5313720703125,1188.0,1188.0,1170.0,1178.0,29300
2016-12-14,1035.5111083984375,1180.0,1188.0,1167.0,1188.0,34700
2016-12-15,1045.1640625,1191.0,1195.0,1177.0,1185.0,32800
2016-12-16,1060.0823974609375,1208.0,1209.0,1191.0,1197.0,45500
2016-12-19,1057.449951171875,1205.0,1205.0,1184.0,1201.0,39900
2016-12-20,1082.021240234375,1233.0,1238.0,1196.0,1205.0,44800
2016-12-21,1060.9599609375,1209.0,1227.0,1200.0,1227.0,75900
2016-12-22,1090.7967529296875,1243.0,1243.0,1206.0,1209.0,45300
2016-12-26,1083.7763671875,1235.0,1255.0,1226.0,1249.0,36300
2016-12-27,1082.021240234375,1233.0,1236.0,1225.0,1235.0,28300
2016-12-28,1071.4908447265625,1221.0,1234.0,1217.0,1230.0,36200
2016-12-29,1053.0621337890625,1200.0,1221.0,1190.0,1221.0,44400
2016-12-30,1047.796630859375,1194.0,1202.0,1150.0,1187.0,39200
2017-01-04,1059.2049560546875,1207.0,1210.0,1182.0,1182.0,66000
2017-01-05,1053.939697265625,1201.0,1207.0,1184.0,1207.0,37100
2017-01-06,1039.021240234375,1184.0,1189.0,1171.0,1189.0,65000
2017-01-10,1053.0621337890625,1200.0,1202.0,1177.0,1180.0,65000
2017-01-11,1088.1641845703125,1240.0,1245.0,1201.0,1207.0,59200
2017-01-12,1070.61328125,1220.0,1233.0,1214.0,1232.0,40700
2017-01-13,1084.6539306640625,1236.0,1237.0,1208.0,1219.0,38800
2017-01-16,1070.61328125,1220.0,1235.0,1210.0,1235.0,27600
2017-01-17,1057.449951171875,1205.0,1220.0,1202.0,1220.0,36100
2017-01-18,1068.85791015625,1218.0,1220.0,1195.0,1210.0,37100
2017-01-19,1070.61328125,1220.0,1221.0,1194.0,1208.0,73400
2017-01-20,1085.5316162109375,1237.0,1247.0,1200.0,1200.0,50200
2017-01-23,1074.1234130859375,1224.0,1237.0,1216.0,1221.0,20300
2017-01-24,1050.4293212890625,1197.0,1223.0,1195.0,1220.0,47000
2017-01-25,1086.4090576171875,1238.0,1238.0,1223.0,1227.0,43900
2017-01-26,1091.6744384765625,1244.0,1249.0,1232.0,1239.0,44600
2017-01-27,1091.6744384765625,1244.0,1259.0,1238.0,1259.0,60900
2017-01-30,1119.7559814453125,1276.0,1280.0,1246.0,1265.0,78400
2017-01-31,1124.1439208984375,1281.0,1300.0,1265.0,1274.0,74900
2017-02-01,1126.7763671875,1284.0,1288.0,1251.0,1266.0,154400
2017-02-02,1116.2457275390625,1272.0,1295.0,1266.0,1286.0,49600
2017-02-03,1125.0211181640625,1282.0,1290.0,1271.0,1281.0,24900
2017-02-06,1105.7152099609375,1260.0,1299.0,1259.0,1295.0,52900
2017-02-07,1102.205078125,1256.0,1270.0,1235.0,1250.0,61100
2017-02-08,1103.0823974609375,1257.0,1265.0,1252.0,1254.0,35900
2017-02-09,1100.4498291015625,1254.0,1259.0,1235.0,1237.0,56600
2017-02-10,1135.5518798828125,1294.0,1300.0,1260.0,1260.0,67800
2017-02-13,1168.8990478515625,1332.0,1337.0,1300.0,1309.0,78700
2017-02-14,1165.388916015625,1328.0,1348.0,1325.0,1337.0,68300
2017-02-15,1165.388916015625,1328.0,1342.0,1313.0,1342.0,63500
2017-02-16,1173.28662109375,1337.0,1353.0,1328.0,1334.0,45400
2017-02-17,1173.28662109375,1337.0,1344.0,1322.0,1331.0,36800
2017-02-20,1189.08251953125,1355.0,1360.0,1322.0,1328.0,49800
2017-02-21,1173.28662109375,1337.0,1350.0,1335.0,1348.0,27600
2017-02-22,1127.654052734375,1285.0,1349.0,1276.0,1327.0,112700
2017-02-23,1154.8582763671875,1316.0,1319.0,1296.0,1296.0,51300
2017-02-24,1162.7559814453125,1325.0,1330.0,1301.0,1306.0,51500
2017-02-27,1140.817138671875,1300.0,1319.0,1291.0,1310.0,43200
2017-02-28,1136.429443359375,1295.0,1325.0,1295.0,1314.0,63900
2017-03-01,1147.8377685546875,1308.0,1317.0,1286.0,1306.0,37000
2017-03-02,1157.4906005859375,1319.0,1328.0,1307.0,1319.0,36900
2017-03-03,1144.3275146484375,1304.0,1325.0,1301.0,1319.0,32700
2017-03-06,1132.9193115234375,1291.0,1302.0,1282.0,1302.0,31000
2017-03-07,1109.2252197265625,1264.0,1282.0,1249.0,1280.0,71500
2017-03-08,1093.429443359375,1246.0,1265.0,1231.0,1265.0,55600
2017-03-09,1099.572265625,1253.0,1255.0,1241.0,1248.0,34200
2017-03-10,1106.5928955078125,1261.0,1266.0,1242.0,1252.0,73100
2017-03-13,1113.6129150390625,1269.0,1276.0,1248.0,1256.0,47400
2017-03-14,1102.205078125,1256.0,1272.0,1242.0,1251.0,38300
2017-03-15,1108.347900390625,1263.0,1265.0,1242.0,1255.0,37000
2017-03-16,1109.2252197265625,1264.0,1267.0,1246.0,1250.0,31200
2017-03-17,1129.408935546875,1287.0,1287.0,1253.0,1259.0,58300
2017-03-21,1139.06201171875,1298.0,1298.0,1265.0,1276.0,50600
2017-03-22,1102.205078125,1256.0,1294.0,1255.0,1290.0,50800
2017-03-23,1097.817138671875,1251.0,1261.0,1245.0,1261.0,24400
2017-03-24,1123.2662353515625,1280.0,1280.0,1247.0,1260.0,34500
2017-03-27,1111.8580322265625,1267.0,1281.0,1253.0,1275.0,26600
2017-03-28,1130.286376953125,1288.0,1291.0,1279.0,1282.0,50600
2017-03-29,1144.9080810546875,1292.0,1312.0,1273.0,1288.0,34100
2017-03-30,1128.957275390625,1274.0,1293.0,1273.0,1293.0,40800
2017-03-31,1097.055908203125,1238.0,1291.0,1236.0,1286.0,53900
2017-04-03,1105.03125,1247.0,1256.0,1236.0,1246.0,34700
2017-04-04,1083.763671875,1223.0,1248.0,1213.0,1247.0,61700
2017-04-05,1071.3575439453125,1209.0,1220.0,1198.0,1212.0,40900
2017-04-06,1038.5699462890625,1172.0,1199.0,1156.0,1199.0,26600
2017-04-07,1050.0899658203125,1185.0,1211.0,1182.0,1191.0,43700
2017-04-10,1054.5205078125,1190.0,1203.0,1179.0,1179.0,16100
2017-04-11,1036.797607421875,1170.0,1183.0,1166.0,1181.0,22400
2017-04-12,1011.0994262695312,1141.0,1149.0,1130.0,1149.0,40900
2017-04-13,991.6038818359376,1119.0,1139.0,1113.0,1139.0,30000
2017-04-14,990.7177124023438,1118.0,1122.0,1102.0,1110.0,42100
2017-04-17,998.6929931640624,1127.0,1129.0,1109.0,1114.0,78300
2017-04-18,1011.9853515625,1142.0,1163.0,1136.0,1138.0,30400
2017-04-19,1011.9853515625,1142.0,1152.0,1125.0,1125.0,38900
2017-04-20,1017.3023071289062,1148.0,1159.0,1128.0,1130.0,35300
2017-04-21,1029.708251953125,1162.0,1170.0,1147.0,1158.0,35600
2017-04-24,1042.1143798828125,1176.0,1189.0,1171.0,1184.0,37600
2017-04-25,1052.7484130859375,1188.0,1197.0,1177.0,1181.0,34600
2017-04-26,1083.763671875,1223.0,1225.0,1196.0,1199.0,47300
2017-04-27,1081.9913330078125,1221.0,1229.0,1213.0,1216.0,35900
2017-04-28,1088.1943359375,1228.0,1240.0,1217.0,1229.0,54400
2017-05-01,1098.8282470703125,1240.0,1246.0,1229.0,1232.0,28400
2017-05-02,1113.0067138671875,1256.0,1258.0,1242.0,1250.0,38100
2017-05-08,1129.843505859375,1275.0,1282.0,1249.0,1258.0,48000
2017-05-09,1119.209716796875,1263.0,1272.0,1259.0,1270.0,29900
2017-05-10,1127.1849365234375,1272.0,1287.0,1260.0,1269.0,49800
2017-05-11,1135.160400390625,1281.0,1288.0,1257.0,1272.0,32000
2017-05-12,1183.012451171875,1335.0,1348.0,1274.0,1288.0,129400
2017-05-15,1168.8341064453125,1319.0,1335.0,1315.0,1322.0,41100
2017-05-16,1175.037353515625,1326.0,1331.0,1307.0,1316.0,69400
2017-05-17,1151.997314453125,1300.0,1313.0,1295.0,1308.0,37900
2017-05-18,1142.2496337890625,1289.0,1297.0,1262.0,1276.0,46300
2017-05-19,1156.4281005859375,1305.0,1307.0,1287.0,1289.0,36000
2017-05-22,1160.85888671875,1310.0,1312.0,1291.0,1305.0,55100
2017-05-23,1156.4281005859375,1305.0,1314.0,1293.0,1301.0,40800
2017-05-24,1163.5172119140625,1313.0,1321.0,1297.0,1301.0,51700
2017-05-25,1150.22509765625,1298.0,1313.0,1295.0,1313.0,98700
2017-05-26,1153.76953125,1302.0,1310.0,1276.0,1300.0,68700
2017-05-29,1162.631103515625,1312.0,1327.0,1299.0,1299.0,61100
2017-05-30,1159.086669921875,1308.0,1325.0,1299.0,1323.0,68200
2017-05-31,1178.5819091796875,1330.0,1334.0,1299.0,1306.0,99800
2017-06-01,1198.0771484375,1352.0,1356.0,1331.0,1331.0,96700
2017-06-02,1219.3447265625,1376.0,1388.0,1352.0,1354.0,125600
2017-06-05,1226.43408203125,1384.0,1393.0,1362.0,1372.0,168200
2017-06-06,1210.4833984375,1366.0,1447.0,1366.0,1397.0,162100
2017-06-07,1228.20654296875,1386.0,1396.0,1368.0,1380.0,135800
2017-06-08,1233.5233154296875,1392.0,1409.0,1385.0,1393.0,184000
2017-06-09,1244.1571044921875,1404.0,1407.0,1383.0,1398.0,77900
2017-06-12,1270.74169921875,1434.0,1459.0,1423.0,1434.0,99700
2017-06-13,1292.00927734375,1458.0,1466.0,1431.0,1431.0,83900
2017-06-14,1302.6431884765625,1470.0,1497.0,1458.0,1458.0,119200
2017-06-15,1305.301513671875,1473.0,1486.0,1468.0,1474.0,70000
2017-06-16,1316.821533203125,1486.0,1490.0,1473.0,1473.0,88500
2017-06-19,1298.21240234375,1465.0,1494.0,1444.0,1494.0,69000
2017-06-20,1331.885986328125,1503.0,1509.0,1484.0,1489.0,91000
2017-06-21,1314.1630859375,1483.0,1508.0,1481.0,1484.0,79000
2017-06-22,1319.479736328125,1489.0,1493.0,1481.0,1481.0,60500
2017-06-23,1323.0247802734375,1493.0,1495.0,1477.0,1489.0,94500
2017-06-26,1330.11376953125,1501.0,1506.0,1479.0,1479.0,47700
2017-06-27,1350.495361328125,1524.0,1532.0,1506.0,1509.0,82000
2017-06-28,1348.722900390625,1522.0,1530.0,1520.0,1522.0,59100
2017-06-29,1360.242919921875,1535.0,1544.0,1528.0,1537.0,55600
2017-06-30,1354.0399169921875,1528.0,1557.0,1524.0,1550.0,110600
2017-07-03,1362.015380859375,1537.0,1562.0,1534.0,1543.0,90900
2017-07-04,1346.064453125,1519.0,1552.0,1517.0,1552.0,63400
2017-07-05,1339.861572265625,1512.0,1539.0,1507.0,1519.0,92800
2017-07-06,1356.6983642578125,1531.0,1541.0,1505.0,1512.0,97100
2017-07-07,1347.8369140625,1521.0,1555.0,1510.0,1518.0,88800
2017-07-10,1360.242919921875,1535.0,1549.0,1527.0,1549.0,76800
2017-07-11,1373.53515625,1550.0,1556.0,1533.0,1540.0,61600
2017-07-12,1393.916748046875,1573.0,1576.0,1550.0,1550.0,79600
2017-07-13,1358.4705810546875,1533.0,1572.0,1491.0,1572.0,54800
2017-07-14,1374.42138671875,1551.0,1555.0,1534.0,1535.0,62700
2017-07-17,1374.42138671875,1551.0,1551.0,1551.0,1551.0,0
2017-07-18,1387.7138671875,1566.0,1572.0,1542.0,1546.0,53300
2017-07-19,1386.827392578125,1565.0,1588.0,1545.0,1557.0,87200
2017-07-20,1420.5013427734375,1603.0,1609.0,1569.0,1569.0,63000
2017-07-21,1439.1103515625,1624.0,1625.0,1592.0,1592.0,52700
2017-07-24,1465.695068359375,1654.0,1660.0,1628.0,1630.0,64400
2017-07-25,1448.858154296875,1635.0,1677.0,1634.0,1665.0,59400
2017-07-26,1429.3629150390625,1613.0,1649.0,1611.0,1649.0,98200
2017-07-27,1429.3629150390625,1613.0,1628.0,1602.0,1628.0,66700
2017-07-28,1435.56591796875,1620.0,1629.0,1604.0,1611.0,62600
2017-07-31,1397.461181640625,1577.0,1603.0,1571.0,1592.0,92200
2017-08-01,1401.8922119140625,1582.0,1585.0,1569.0,1570.0,35700
2017-08-02,1432.021484375,1616.0,1626.0,1592.0,1606.0,69500
2017-08-03,1447.9720458984375,1634.0,1634.0,1598.0,1600.0,39500
2017-08-04,1440.8826904296875,1626.0,1631.0,1607.0,1630.0,37900
2017-08-07,1472.7843017578125,1662.0,1666.0,1641.0,1652.0,38000
2017-08-08,1477.2149658203125,1667.0,1671.0,1651.0,1664.0,50900
2017-08-09,1404.550537109375,1585.0,1649.0,1571.0,1632.0,79800
2017-08-10,1385.9415283203125,1564.0,1565.0,1503.0,1505.0,63400
2017-08-11,1385.9415283203125,1564.0,1564.0,1564.0,1564.0,0
2017-08-14,1366.4459228515625,1542.0,1570.0,1533.0,1533.0,72200
2017-08-15,1383.282958984375,1561.0,1576.0,1549.0,1557.0,39900
2017-08-16,1379.73828125,1557.0,1575.0,1544.0,1557.0,48800
2017-08-17,1396.5753173828125,1576.0,1588.0,1570.0,1572.0,42700
2017-08-18,1360.242919921875,1535.0,1565.0,1524.0,1560.0,60700
2017-08-21,1379.73828125,1557.0,1560.0,1524.0,1530.0,60700
2017-08-22,1386.827392578125,1565.0,1572.0,1536.0,1536.0,37600
2017-08-23,1383.282958984375,1561.0,1588.0,1551.0,1581.0,43600
2017-08-24,1537.473388671875,1735.0,1758.0,1552.0,1555.0,228000
2017-08-25,1505.57177734375,1699.0,1734.0,1673.0,1734.0,135800
2017-08-28,1494.052001953125,1686.0,1710.0,1668.0,1704.0,73200
2017-08-29,1458.605712890625,1646.0,1675.0,1642.0,1673.0,68700
2017-08-30,1457.7197265625,1645.0,1663.0,1631.0,1663.0,34900
2017-08-31,1444.4273681640625,1630.0,1657.0,1554.0,1650.0,87800
2017-09-01,1481.6458740234375,1672.0,1680.0,1639.0,1662.0,73700
2017-09-04,1453.2889404296875,1640.0,1684.0,1631.0,1666.0,92300
2017-09-05,1439.9967041015625,1625.0,1671.0,1616.0,1671.0,49100
2017-09-06,1420.5013427734375,1603.0,1630.0,1587.0,1603.0,62500
2017-09-07,1439.1103515625,1624.0,1634.0,1603.0,1608.0,39300
2017-09-08,1452.402587890625,1639.0,1664.0,1625.0,1664.0,56400
2017-09-11,1454.1749267578125,1641.0,1680.0,1638.0,1665.0,53600
2017-09-12,1471.011962890625,1660.0,1669.0,1596.0,1660.0,49000
2017-09-13,1478.9871826171875,1669.0,1684.0,1658.0,1666.0,32400
2017-09-14,1471.011962890625,1660.0,1680.0,1651.0,1680.0,30300
2017-09-15,1516.20556640625,1711.0,1717.0,1665.0,1666.0,73900
2017-09-18,1516.20556640625,1711.0,1711.0,1711.0,1711.0,0
2017-09-19,1525.95361328125,1722.0,1724.0,1693.0,1709.0,41600
2017-09-20,1539.2457275390625,1737.0,1757.0,1703.0,1703.0,66100
2017-09-21,1554.3104248046875,1754.0,1767.0,1749.0,1754.0,51900
2017-09-22,1551.651611328125,1751.0,1779.0,1743.0,1755.0,73000
2017-09-25,1580.0087890625,1783.0,1795.0,1767.0,1775.0,37900
2017-09-26,1611.9100341796875,1819.0,1823.0,1799.0,1800.0,65500
2017-09-27,1636.4478759765625,1834.0,1848.0,1790.0,1837.0,44800
2017-09-28,1668.56982421875,1870.0,1870.0,1834.0,1848.0,52700
2017-09-29,1644.4783935546875,1843.0,1897.0,1839.0,1870.0,99600
2017-10-02,1655.185791015625,1855.0,1860.0,1811.0,1828.0,58600
2017-10-03,1660.5394287109375,1861.0,1873.0,1855.0,1872.0,57000
2017-10-04,1628.417236328125,1825.0,1849.0,1824.0,1848.0,52900
2017-10-05,1607.8946533203125,1802.0,1812.0,1793.0,1810.0,56200
2017-10-06,1604.3255615234375,1798.0,1804.0,1782.0,1788.0,26600
2017-10-09,1604.3255615234375,1798.0,1798.0,1798.0,1798.0,0
2017-10-10,1609.67919921875,1804.0,1811.0,1778.0,1780.0,51500
2017-10-11,1605.2178955078125,1799.0,1814.0,1773.0,1814.0,57600
2017-10-12,1590.0491943359375,1782.0,1797.0,1754.0,1792.0,59500
2017-10-13,1575.7725830078125,1766.0,1782.0,1762.0,1782.0,43200
2017-10-16,1582.910888671875,1774.0,1783.0,1760.0,1774.0,39300
2017-10-17,1605.2178955078125,1799.0,1799.0,1760.0,1781.0,39900
2017-10-18,1601.6488037109375,1795.0,1797.0,1768.0,1796.0,38300
2017-10-19,1603.43359375,1797.0,1807.0,1781.0,1785.0,39900
2017-10-20,1630.2020263671875,1827.0,1834.0,1784.0,1785.0,48500
2017-10-23,1649.83203125,1849.0,1855.0,1825.0,1830.0,44200
2017-10-24,1659.6473388671875,1860.0,1870.0,1824.0,1849.0,94400
2017-10-25,1650.724365234375,1850.0,1894.0,1840.0,1871.0,71400
2017-10-26,1680.169921875,1883.0,1885.0,1846.0,1858.0,30300
2017-10-27,1691.76953125,1896.0,1896.0,1861.0,1883.0,44100
2017-10-30,1681.0618896484375,1884.0,1896.0,1868.0,1896.0,61100
2017-10-31,1705.15380859375,1911.0,1926.0,1844.0,1874.0,65600
2017-11-01,1728.3529052734375,1937.0,1947.0,1904.0,1910.0,37100
2017-11-02,1729.245361328125,1938.0,1942.0,1907.0,1921.0,30700
2017-11-03,1729.245361328125,1938.0,1938.0,1938.0,1938.0,0
2017-11-06,1753.337158203125,1965.0,1973.0,1915.0,1934.0,55200
2017-11-07,1777.4285888671875,1992.0,1997.0,1922.0,1962.0,61100
2017-11-08,1746.198486328125,1957.0,1992.0,1944.0,1992.0,58500
2017-11-09,1722.1070556640625,1930.0,1983.0,1880.0,1983.0,69600
2017-11-10,1658.7547607421875,1859.0,1916.0,1850.0,1880.0,66600
2017-11-13,1621.279052734375,1817.0,1866.0,1800.0,1860.0,51900
2017-11-14,1618.6021728515625,1814.0,1827.0,1795.0,1817.0,40000
2017-11-15,1534.7274169921875,1720.0,1785.0,1669.0,1785.0,88700
2017-11-16,1551.6807861328125,1739.0,1755.0,1702.0,1716.0,50100
2017-11-17,1553.465576171875,1741.0,1769.0,1732.0,1749.0,58700
2017-11-20,1561.49609375,1750.0,1756.0,1721.0,1721.0,36200
2017-11-21,1601.6488037109375,1795.0,1806.0,1763.0,1763.0,39800
2017-11-22,1615.925537109375,1811.0,1818.0,1782.0,1796.0,39000
2017-11-23,1615.925537109375,1811.0,1811.0,1811.0,1811.0,0
2017-11-24,1640.01708984375,1838.0,1844.0,1784.0,1822.0,38200
2017-11-27,1645.37060546875,1844.0,1848.0,1824.0,1833.0,43800
2017-11-28,1619.494384765625,1815.0,1850.0,1812.0,1844.0,28400
2017-11-29,1615.925537109375,1811.0,1828.0,1793.0,1828.0,22300
2017-11-30,1615.032958984375,1810.0,1825.0,1782.0,1822.0,74400
2017-12-01,1609.67919921875,1804.0,1810.0,1777.0,1810.0,44400
2017-12-04,1605.2178955078125,1799.0,1834.0,1791.0,1818.0,24900
2017-12-05,1592.7259521484375,1785.0,1786.0,1763.0,1783.0,31400
2017-12-06,1558.8192138671875,1747.0,1776.0,1745.0,1765.0,43400
2017-12-07,1607.0023193359375,1801.0,1807.0,1751.0,1751.0,43900
2017-12-08,1631.0941162109375,1828.0,1830.0,1783.0,1783.0,65400
2017-12-11,1629.3096923828125,1826.0,1837.0,1788.0,1833.0,47600
2017-12-12,1642.6939697265625,1841.0,1850.0,1820.0,1840.0,48500
2017-12-13,1611.4638671875,1806.0,1841.0,1801.0,1841.0,37100
2017-12-14,1632.878662109375,1830.0,1837.0,1812.0,1812.0,30000
2017-12-15,1656.9703369140625,1857.0,1877.0,1817.0,1837.0,81100
2017-12-18,1653.401123046875,1853.0,1872.0,1838.0,1872.0,41900
2017-12-19,1656.9703369140625,1857.0,1867.0,1840.0,1861.0,30600
2017-12-20,1693.5537109375,1898.0,1906.0,1844.0,1844.0,23700
2017-12-21,1703.369140625,1909.0,1913.0,1880.0,1893.0,31200
2017-12-22,1705.15380859375,1911.0,1919.0,1906.0,1909.0,20600
2017-12-25,1709.615234375,1916.0,1927.0,1905.0,1921.0,23900
2017-12-26,1704.26123046875,1910.0,1916.0,1797.0,1916.0,31100
2017-12-27,1721.2147216796875,1929.0,1940.0,1915.0,1924.0,40800
2017-12-28,1718.5380859375,1926.0,1931.0,1908.0,1928.0,26700
2017-12-29,1740.8448486328125,1951.0,1959.0,1927.0,1927.0,24800
2018-01-03,1740.8448486328125,1951.0,1951.0,1951.0,1951.0,0
2018-01-04,1742.6295166015625,1953.0,1961.0,1911.0,1911.0,46300
2018-01-05,1782.7822265625,1998.0,1998.0,1959.0,1972.0,27700
2018-01-08,1782.7822265625,1998.0,1998.0,1998.0,1998.0,0
2018-01-09,1780.997802734375,1996.0,2017.0,1983.0,2003.0,38500
2018-01-10,1777.4285888671875,1992.0,2007.0,1987.0,1999.0,19700
2018-01-11,1764.04443359375,1977.0,1984.0,1951.0,1984.0,28900
2018-01-12,1757.7982177734375,1970.0,1980.0,1939.0,1972.0,22900
2018-01-15,1773.8594970703125,1988.0,2006.0,1981.0,2000.0,15800
2018-01-16,1773.8594970703125,1988.0,1992.0,1973.0,1988.0,31200
2018-01-17,1728.3529052734375,1937.0,1968.0,1932.0,1968.0,27300
2018-01-18,1681.0618896484375,1884.0,1967.0,1884.0,1967.0,31300
2018-01-19,1689.092529296875,1893.0,1904.0,1875.0,1895.0,19300
2018-01-22,1706.9381103515625,1913.0,1915.0,1897.0,1901.0,19700
2018-01-23,1726.5684814453125,1935.0,1939.0,1921.0,1933.0,12500
2018-01-24,1710.5072021484375,1917.0,1940.0,1915.0,1919.0,19000
2018-01-25,1685.5234375,1889.0,1909.0,1881.0,1905.0,22600
2018-01-26,1683.73876953125,1887.0,1903.0,1887.0,1889.0,24300
2018-01-29,1682.8465576171875,1886.0,1910.0,1875.0,1883.0,38200
2018-01-30,1620.38671875,1816.0,1877.0,1813.0,1877.0,46600
2018-01-31,1581.126220703125,1772.0,1813.0,1772.0,1807.0,46300
2018-02-01,1625.7403564453125,1822.0,1823.0,1772.0,1774.0,33300
2018-02-02,1613.248291015625,1808.0,1816.0,1785.0,1805.0,31700
2018-02-05,1572.203369140625,1762.0,1770.0,1728.0,1760.0,55400
2018-02-06,1500.8209228515625,1682.0,1754.0,1649.0,1754.0,74100
2018-02-07,1488.3289794921875,1668.0,1756.0,1664.0,1705.0,52300
2018-02-08,1493.6824951171875,1674.0,1738.0,1659.0,1659.0,30700
2018-02-09,1451.745361328125,1627.0,1723.0,1590.0,1665.0,41100
2018-02-12,1451.745361328125,1627.0,1627.0,1627.0,1627.0,0
2018-02-13,1385.71630859375,1553.0,1629.0,1545.0,1629.0,51000
2018-02-14,1363.4090576171875,1528.0,1575.0,1517.0,1553.0,27600
2018-02-15,1397.3157958984375,1566.0,1575.0,1526.0,1550.0,42000
2018-02-16,1410.699951171875,1581.0,1613.0,1580.0,1598.0,29000
2018-02-19,1453.52978515625,1629.0,1639.0,1601.0,1601.0,16300
2018-02-20,1462.45263671875,1639.0,1646.0,1622.0,1629.0,19000
2018-02-21,1469.5909423828125,1647.0,1692.0,1635.0,1639.0,20300
2018-02-22,1452.637451171875,1628.0,1656.0,1620.0,1635.0,30700
2018-02-23,1518.6663818359375,1702.0,1705.0,1637.0,1651.0,22500
2018-02-26,1498.143798828125,1679.0,1714.0,1666.0,1713.0,28100
2018-02-27,1466.9139404296875,1644.0,1702.0,1640.0,1702.0,35300
2018-02-28,1437.4686279296875,1611.0,1652.0,1610.0,1636.0,37600
2018-03-01,1392.8543701171875,1561.0,1598.0,1548.0,1598.0,33700
2018-03-02,1366.0859375,1531.0,1541.0,1502.0,1512.0,56300
2018-03-05,1350.917236328125,1514.0,1530.0,1493.0,1513.0,36100
2018-03-06,1355.378662109375,1519.0,1567.0,1517.0,1523.0,36400
2018-03-07,1349.132568359375,1512.0,1543.0,1493.0,1507.0,41000
2018-03-08,1325.9332275390625,1486.0,1525.0,1480.0,1525.0,25700
2018-03-09,1330.3946533203125,1491.0,1524.0,1480.0,1496.0,42200
2018-03-12,1350.0247802734375,1513.0,1535.0,1502.0,1512.0,30300
2018-03-13,1322.3642578125,1482.0,1490.0,1451.0,1490.0,57700
2018-03-14,1322.3642578125,1482.0,1494.0,1478.0,1482.0,27900
2018-03-15,1300.05712890625,1457.0,1493.0,1454.0,1486.0,38600
2018-03-16,1290.241943359375,1446.0,1476.0,1436.0,1468.0,34400
2018-03-19,1273.28857421875,1427.0,1454.0,1416.0,1446.0,29900
2018-03-20,1270.611572265625,1424.0,1425.0,1394.0,1425.0,22600
2018-03-21,1270.611572265625,1424.0,1424.0,1424.0,1424.0,0
2018-03-22,1293.81103515625,1450.0,1458.0,1425.0,1425.0,47100
2018-03-23,1214.39794921875,1361.0,1426.0,1353.0,1424.0,55100
2018-03-26,1271.50390625,1425.0,1450.0,1353.0,1361.0,75000
2018-03-27,1316.117919921875,1475.0,1479.0,1432.0,1436.0,65300
2018-03-28,1310.2686767578125,1456.0,1462.0,1424.0,1452.0,38200
2018-03-29,1312.068603515625,1458.0,1489.0,1434.0,1474.0,35800
2018-03-30,1342.6654052734375,1492.0,1505.0,1467.0,1477.0,22300
2018-04-02,1330.9666748046875,1479.0,1509.0,1479.0,1501.0,12600
2018-04-03,1295.8699951171875,1440.0,1474.0,1432.0,1467.0,33400
2018-04-04,1355.2642822265625,1506.0,1525.0,1455.0,1462.0,46800
2018-04-05,1330.9666748046875,1479.0,1507.0,1460.0,1507.0,42200
2018-04-06,1329.166748046875,1477.0,1490.0,1453.0,1479.0,39000
2018-04-09,1309.36865234375,1455.0,1487.0,1443.0,1476.0,18900
2018-04-10,1313.868408203125,1460.0,1471.0,1442.0,1455.0,19500
2018-04-11,1320.167724609375,1467.0,1480.0,1458.0,1463.0,21600
2018-04-12,1308.4688720703125,1454.0,1479.0,1448.0,1479.0,17800
2018-04-13,1319.267822265625,1466.0,1466.0,1457.0,1461.0,23400
2018-04-16,1330.9666748046875,1479.0,1482.0,1452.0,1469.0,15600
2018-04-17,1307.569091796875,1453.0,1479.0,1443.0,1479.0,15400
2018-04-18,1320.167724609375,1467.0,1477.0,1447.0,1453.0,17400
2018-04-19,1329.166748046875,1477.0,1484.0,1458.0,1472.0,27500
2018-04-20,1337.2659912109375,1486.0,1498.0,1469.0,1477.0,22700
2018-04-23,1329.166748046875,1477.0,1493.0,1471.0,1485.0,8200
2018-04-24,1337.2659912109375,1486.0,1494.0,1471.0,1492.0,20600
2018-04-25,1351.66455078125,1502.0,1504.0,1480.0,1486.0,20800
2018-04-26,1365.1630859375,1517.0,1529.0,1509.0,1515.0,31000
2018-04-27,1366.06298828125,1518.0,1531.0,1486.0,1531.0,32100
2018-04-30,1366.06298828125,1518.0,1518.0,1518.0,1518.0,0
2018-05-01,1358.8638916015625,1510.0,1523.0,1502.0,1507.0,11900
2018-05-02,1353.46435546875,1504.0,1514.0,1480.0,1511.0,23900
2018-05-04,1353.46435546875,1504.0,1504.0,1504.0,1504.0,0
2018-05-07,1372.362548828125,1525.0,1526.0,1485.0,1502.0,19400
2018-05-08,1360.663818359375,1512.0,1530.0,1499.0,1519.0,26500
2018-05-09,1387.6610107421875,1542.0,1547.0,1497.0,1518.0,45000
2018-05-10,1409.2589111328125,1566.0,1573.0,1531.0,1542.0,23400
2018-05-11,1482.1514892578125,1647.0,1649.0,1529.0,1529.0,39100
2018-05-14,1502.849365234375,1670.0,1676.0,1631.0,1631.0,37600
2018-05-15,1514.5482177734375,1683.0,1692.0,1668.0,1672.0,27500
2018-05-16,1526.2470703125,1696.0,1715.0,1675.0,1675.0,29700
2018-05-17,1522.6473388671875,1692.0,1707.0,1676.0,1707.0,38000
2018-05-18,1493.850341796875,1660.0,1696.0,1641.0,1696.0,48100
2018-05-21,1495.6500244140625,1662.0,1671.0,1644.0,1663.0,15300
2018-05-22,1500.149658203125,1667.0,1680.0,1646.0,1661.0,22400
2018-05-23,1507.3489990234375,1675.0,1680.0,1652.0,1657.0,16500
2018-05-24,1490.250732421875,1656.0,1681.0,1648.0,1674.0,19700
2018-05-25,1479.4515380859375,1644.0,1662.0,1633.0,1662.0,12700
2018-05-28,1462.3533935546875,1625.0,1649.0,1620.0,1649.0,10700
2018-05-29,1429.95654296875,1589.0,1625.0,1581.0,1625.0,11900
2018-05-30,1402.0592041015625,1558.0,1581.0,1543.0,1573.0,20300
2018-05-31,1431.75634765625,1591.0,1624.0,1566.0,1576.0,47700
2018-06-01,1467.7528076171875,1631.0,1642.0,1577.0,1586.0,27400
2018-06-04,1534.3463134765625,1705.0,1715.0,1653.0,1653.0,31100
2018-06-05,1528.046875,1698.0,1704.0,1663.0,1693.0,19200
2018-06-06,1627.0369873046875,1808.0,1809.0,1687.0,1700.0,61000
2018-06-07,1656.7340087890625,1841.0,1849.0,1809.0,1832.0,42900
2018-06-08,1637.8359375,1820.0,1846.0,1814.0,1845.0,49900
2018-06-11,1622.537353515625,1803.0,1817.0,1796.0,1813.0,24700
2018-06-12,1597.3399658203125,1775.0,1791.0,1766.0,1791.0,31900
2018-06-13,1591.9405517578125,1769.0,1785.0,1742.0,1767.0,22100
2018-06-14,1563.1434326171875,1737.0,1759.0,1728.0,1753.0,24200
2018-06-15,1564.0433349609375,1738.0,1743.0,1711.0,1737.0,45500
2018-06-18,1564.943115234375,1739.0,1765.0,1732.0,1732.0,26400
2018-06-19,1501.949462890625,1669.0,1734.0,1665.0,1722.0,21500
2018-06-20,1483.0513916015625,1648.0,1669.0,1625.0,1629.0,31000
2018-06-21,1488.450927734375,1654.0,1704.0,1637.0,1637.0,27700
2018-06-22,1579.3416748046875,1755.0,1764.0,1632.0,1637.0,58500
2018-06-25,1513.6483154296875,1682.0,1777.0,1663.0,1755.0,55100
2018-06-26,1492.9503173828125,1659.0,1675.0,1636.0,1642.0,29700
2018-06-27,1456.9541015625,1619.0,1659.0,1616.0,1658.0,50500
2018-06-28,1402.0592041015625,1558.0,1619.0,1538.0,1601.0,57700
2018-06-29,1374.162353515625,1527.0,1558.0,1505.0,1558.0,27100
2018-07-02,1340.865478515625,1490.0,1530.0,1482.0,1525.0,35700
2018-07-03,1337.2659912109375,1486.0,1513.0,1463.0,1509.0,34700
2018-07-04,1325.567138671875,1473.0,1490.0,1462.0,1462.0,27400
2018-07-05,1285.0711669921875,1428.0,1475.0,1418.0,1467.0,20700
2018-07-06,1291.37060546875,1435.0,1440.0,1421.0,1421.0,20600
2018-07-09,1298.56982421875,1443.0,1458.0,1434.0,1438.0,16600
2018-07-10,1299.4696044921875,1444.0,1493.0,1443.0,1458.0,30700
2018-07-11,1281.4715576171875,1424.0,1440.0,1405.0,1440.0,27200
2018-07-12,1272.4725341796875,1414.0,1444.0,1410.0,1428.0,25400
2018-07-13,1289.57080078125,1433.0,1438.0,1420.0,1426.0,16000
2018-07-16,1289.57080078125,1433.0,1433.0,1433.0,1433.0,0
2018-07-17,1341.7655029296875,1491.0,1501.0,1428.0,1428.0,25400
2018-07-18,1336.3660888671875,1485.0,1522.0,1473.0,1502.0,31600
2018-07-19,1354.3642578125,1505.0,1509.0,1481.0,1486.0,13600
2018-07-20,1330.9666748046875,1479.0,1518.0,1466.0,1506.0,14400
2018-07-23,1331.8665771484375,1480.0,1508.0,1467.0,1467.0,15500
2018-07-24,1344.4652099609375,1494.0,1506.0,1482.0,1501.0,13700
2018-07-25,1371.4625244140625,1524.0,1530.0,1493.0,1514.0,14000
2018-07-26,1411.0587158203125,1568.0,1578.0,1533.0,1552.0,26500
2018-07-27,1420.0576171875,1578.0,1598.0,1567.0,1582.0,34400
2018-07-30,1402.95947265625,1559.0,1603.0,1536.0,1574.0,39300
2018-07-31,1406.55908203125,1563.0,1584.0,1547.0,1560.0,33700
2018-08-01,1407.458984375,1564.0,1579.0,1547.0,1561.0,23300
2018-08-02,1419.1575927734375,1577.0,1630.0,1566.0,1572.0,36300
2018-08-03,1383.161376953125,1537.0,1576.0,1529.0,1574.0,17900
2018-08-06,1325.567138671875,1473.0,1533.0,1473.0,1516.0,16900
2018-08-07,1330.9666748046875,1479.0,1494.0,1454.0,1466.0,23000
2018-08-08,1323.7672119140625,1471.0,1505.0,1462.0,1478.0,16200
2018-08-09,1322.867431640625,1470.0,1523.0,1447.0,1456.0,15800
2018-08-10,1243.67529296875,1382.0,1463.0,1379.0,1461.0,34600
2018-08-13,1213.978271484375,1349.0,1402.0,1342.0,1382.0,23300
2018-08-14,1254.4744873046875,1394.0,1396.0,1359.0,1378.0,14900
2018-08-15,1217.577880859375,1353.0,1408.0,1347.0,1399.0,13100
2018-08-16,1202.279541015625,1336.0,1352.0,1303.0,1352.0,27000
2018-08-17,1214.8782958984375,1350.0,1355.0,1328.0,1330.0,20700
2018-08-20,1214.8782958984375,1350.0,1363.0,1329.0,1331.0,20600
2018-08-21,1200.479736328125,1334.0,1345.0,1315.0,1331.0,20300
2018-08-22,1223.87744140625,1360.0,1367.0,1321.0,1321.0,15700
2018-08-23,1203.1793212890625,1337.0,1377.0,1331.0,1357.0,14500
2018-08-24,1230.1767578125,1367.0,1378.0,1357.0,1359.0,12000
2018-08-27,1258.073974609375,1398.0,1405.0,1377.0,1383.0,17700
2018-08-28,1256.2740478515625,1396.0,1415.0,1385.0,1412.0,22800
2018-08-29,1271.572509765625,1413.0,1436.0,1408.0,1409.0,18800
2018-08-30,1285.97119140625,1429.0,1439.0,1410.0,1433.0,16900
2018-08-31,1244.5751953125,1383.0,1430.0,1383.0,1406.0,26500
2018-09-03,1207.678955078125,1342.0,1382.0,1337.0,1375.0,12300
2018-09-04,1193.2803955078125,1326.0,1354.0,1322.0,1351.0,18000
2018-09-05,1199.5799560546875,1333.0,1345.0,1322.0,1336.0,25800
2018-09-06,1227.4769287109375,1364.0,1375.0,1320.0,1322.0,27500
2018-09-07,1205.879150390625,1340.0,1359.0,1309.0,1359.0,30800
2018-09-10,1223.87744140625,1360.0,1372.0,1343.0,1343.0,17100
2018-09-11,1234.67626953125,1372.0,1394.0,1356.0,1372.0,30900
2018-09-12,1243.67529296875,1382.0,1387.0,1337.0,1387.0,25400
2018-09-13,1270.6727294921875,1412.0,1422.0,1383.0,1383.0,18700
2018-09-14,1268.872802734375,1410.0,1456.0,1399.0,1406.0,64400
2018-09-17,1268.872802734375,1410.0,1410.0,1410.0,1410.0,0
2018-09-18,1267.072998046875,1408.0,1420.0,1377.0,1400.0,49000
2018-09-19,1328.266845703125,1476.0,1481.0,1431.0,1432.0,37900
2018-09-20,1330.9666748046875,1479.0,1498.0,1468.0,1498.0,29000
2018-09-21,1379.5618896484375,1533.0,1550.0,1469.0,1477.0,101500
2018-09-24,1379.5618896484375,1533.0,1533.0,1533.0,1533.0,0
2018-09-25,1429.95654296875,1589.0,1594.0,1533.0,1533.0,67700
2018-09-26,1463.9708251953125,1614.0,1620.0,1568.0,1607.0,32700
2018-09-27,1419.5257568359375,1565.0,1617.0,1559.0,1613.0,28100
2018-09-28,1453.993408203125,1603.0,1613.0,1566.0,1566.0,20200
2018-10-01,1434.038330078125,1581.0,1605.0,1575.0,1590.0,12900
2018-10-02,1484.8328857421875,1637.0,1639.0,1584.0,1603.0,26900
2018-10-03,1454.900390625,1604.0,1659.0,1602.0,1659.0,24700
2018-10-04,1448.551025390625,1597.0,1634.0,1578.0,1634.0,21600
2018-10-05,1434.9454345703125,1582.0,1598.0,1569.0,1597.0,16600
2018-10-08,1434.9454345703125,1582.0,1582.0,1582.0,1582.0,0
2018-10-09,1385.0579833984375,1527.0,1565.0,1522.0,1556.0,25900
2018-10-10,1396.8494873046875,1540.0,1551.0,1531.0,1531.0,11100
2018-10-11,1302.5167236328125,1436.0,1516.0,1429.0,1516.0,36800
2018-10-12,1282.5618896484375,1414.0,1442.0,1408.0,1442.0,30000
2018-10-15,1245.373046875,1373.0,1405.0,1372.0,1398.0,38000
2018-10-16,1243.5589599609375,1371.0,1378.0,1354.0,1369.0,26300
2018-10-17,1275.305419921875,1406.0,1409.0,1370.0,1370.0,33100
2018-10-18,1229.9532470703125,1356.0,1401.0,1353.0,1389.0,22800
2018-10-19,1204.5557861328125,1328.0,1347.0,1318.0,1347.0,19700
2018-10-22,1218.16162109375,1343.0,1348.0,1307.0,1312.0,16700
2018-10-23,1154.6685791015625,1273.0,1324.0,1271.0,1324.0,30400
2018-10-24,1176.4375,1297.0,1309.0,1261.0,1287.0,32400
2018-10-25,1104.7811279296875,1218.0,1285.0,1213.0,1285.0,32600
2018-10-26,1095.7105712890625,1208.0,1248.0,1207.0,1236.0,26500
2018-10-29,1104.7811279296875,1218.0,1240.0,1210.0,1221.0,28500
2018-10-30,1166.4599609375,1286.0,1309.0,1220.0,1220.0,54800
2018-10-31,1182.7869873046875,1304.0,1310.0,1277.0,1287.0,25100
2018-11-01,1147.4119873046875,1265.0,1290.0,1259.0,1285.0,33800
2018-11-02,1195.4853515625,1318.0,1324.0,1276.0,1276.0,52200
2018-11-05,1190.0433349609375,1312.0,1337.0,1310.0,1318.0,20900
2018-11-06,1211.812255859375,1336.0,1345.0,1316.0,1326.0,14200
2018-11-07,1200.0206298828125,1323.0,1352.0,1303.0,1336.0,22100
2018-11-08,1234.488525390625,1361.0,1396.0,1342.0,1342.0,36500
2018-11-09,1246.2801513671875,1374.0,1385.0,1355.0,1355.0,24200
2018-11-12,1250.815185546875,1379.0,1407.0,1364.0,1374.0,16200
2018-11-13,1208.1842041015625,1332.0,1347.0,1304.0,1339.0,26500
2018-11-14,1190.9501953125,1313.0,1336.0,1311.0,1331.0,16200
2018-11-15,1190.0433349609375,1312.0,1321.0,1301.0,1303.0,15500
2018-11-16,1187.3221435546875,1309.0,1328.0,1298.0,1304.0,20400
2018-11-19,1175.530517578125,1296.0,1312.0,1291.0,1305.0,10800
2018-11-20,1169.1812744140625,1289.0,1303.0,1269.0,1285.0,15900
2018-11-21,1167.3671875,1287.0,1294.0,1252.0,1259.0,22800
2018-11-22,1177.344482421875,1298.0,1324.0,1284.0,1298.0,14500
2018-11-23,1177.344482421875,1298.0,1298.0,1298.0,1298.0,0
2018-11-26,1169.1812744140625,1289.0,1304.0,1273.0,1293.0,12800
2018-11-27,1190.9501953125,1313.0,1326.0,1297.0,1306.0,15200
2018-11-28,1213.6263427734375,1338.0,1342.0,1291.0,1327.0,26000
2018-11-29,1210.9051513671875,1335.0,1365.0,1324.0,1350.0,24900
2018-11-30,1256.2574462890625,1385.0,1386.0,1325.0,1345.0,20600
2018-12-03,1285.282958984375,1417.0,1425.0,1382.0,1389.0,16200
2018-12-04,1210.9051513671875,1335.0,1396.0,1335.0,1387.0,26900
2018-12-05,1183.6939697265625,1305.0,1337.0,1296.0,1305.0,23400
2018-12-06,1149.2261962890625,1267.0,1289.0,1254.0,1289.0,23800
2018-12-07,1141.0628662109375,1258.0,1277.0,1251.0,1277.0,24300
2018-12-10,1102.9669189453125,1216.0,1257.0,1214.0,1250.0,25000
2018-12-11,1059.4287109375,1168.0,1224.0,1154.0,1224.0,40600
2018-12-12,1119.293701171875,1234.0,1241.0,1194.0,1194.0,39600
2018-12-13,1139.2486572265625,1256.0,1267.0,1225.0,1245.0,30800
2018-12-14,1110.2232666015625,1224.0,1247.0,1205.0,1240.0,40900
2018-12-17,1108.4091796875,1222.0,1253.0,1218.0,1229.0,28200
2018-12-18,1085.73291015625,1197.0,1216.0,1190.0,1214.0,18200
2018-12-19,1112.0374755859375,1226.0,1230.0,1190.0,1192.0,25000
2018-12-20,1083.9189453125,1195.0,1226.0,1184.0,1216.0,33700
2018-12-21,1151.040283203125,1269.0,1276.0,1157.0,1193.0,113000
2018-12-24,1151.040283203125,1269.0,1269.0,1269.0,1269.0,0
2018-12-25,1088.4541015625,1200.0,1249.0,1196.0,1249.0,41600
2018-12-26,1069.406005859375,1179.0,1249.0,1169.0,1249.0,27500
2018-12-27,1167.3671875,1287.0,1288.0,1227.0,1231.0,42500
2018-12-28,1126.5499267578125,1242.0,1275.0,1238.0,1274.0,22900
2018-12-31,1126.5499267578125,1242.0,1242.0,1242.0,1242.0,0
2019-01-04,1083.9189453125,1195.0,1225.0,1166.0,1200.0,41100
2019-01-07,1120.20068359375,1235.0,1255.0,1225.0,1225.0,24000
2019-01-08,1146.5050048828125,1264.0,1272.0,1247.0,1251.0,17500
2019-01-09,1122.0147705078125,1237.0,1281.0,1231.0,1281.0,18900
2019-01-10,1126.5499267578125,1242.0,1253.0,1212.0,1222.0,24400
2019-01-11,1103.8739013671875,1217.0,1250.0,1213.0,1250.0,12800
2019-01-15,1123.828857421875,1239.0,1240.0,1198.0,1198.0,18200
2019-01-16,1111.13037109375,1225.0,1260.0,1212.0,1239.0,22200
2019-01-17,1119.293701171875,1234.0,1252.0,1214.0,1228.0,21400
2019-01-18,1097.524658203125,1210.0,1247.0,1203.0,1236.0,37700
2019-01-21,1148.319091796875,1266.0,1266.0,1228.0,1228.0,18000
2019-01-22,1112.0374755859375,1226.0,1274.0,1222.0,1274.0,10100
2019-01-23,1087.547119140625,1199.0,1216.0,1198.0,1203.0,18500
2019-01-24,1083.9189453125,1195.0,1213.0,1182.0,1197.0,17600
2019-01-25,1087.547119140625,1199.0,1228.0,1197.0,1207.0,18700
2019-01-28,1057.6146240234375,1166.0,1200.0,1165.0,1200.0,19300
2019-01-29,1049.451171875,1157.0,1174.0,1144.0,1163.0,29700
2019-01-30,1032.2174072265625,1138.0,1175.0,1135.0,1172.0,31600
2019-01-31,1050.3582763671875,1158.0,1178.0,1140.0,1153.0,28800
2019-02-01,1029.4962158203125,1135.0,1173.0,1135.0,1158.0,22100
2019-02-04,1055.8006591796875,1164.0,1196.0,1142.0,1144.0,30100
2019-02-05,1073.0343017578125,1183.0,1194.0,1160.0,1166.0,12900
2019-02-06,1054.8936767578125,1163.0,1199.0,1155.0,1183.0,12700
2019-02-07,1055.8006591796875,1164.0,1192.0,1145.0,1163.0,14900
2019-02-08,1013.16943359375,1117.0,1155.0,1110.0,1150.0,23000
2019-02-12,1049.451171875,1157.0,1157.0,1115.0,1128.0,16800
2019-02-13,1065.778076171875,1175.0,1182.0,1146.0,1170.0,23300
2019-02-14,1053.9864501953125,1162.0,1181.0,1155.0,1175.0,13700
2019-02-15,1026.7752685546875,1132.0,1148.0,1132.0,1148.0,8000
2019-02-18,1097.524658203125,1210.0,1215.0,1172.0,1173.0,22800
2019-02-19,1083.9189453125,1195.0,1222.0,1182.0,1204.0,17800
2019-02-20,1127.4571533203125,1243.0,1247.0,1178.0,1206.0,26800
2019-02-21,1143.7840576171875,1261.0,1263.0,1237.0,1245.0,16900
2019-02-22,1136.527587890625,1253.0,1260.0,1228.0,1260.0,18700
2019-02-25,1123.828857421875,1239.0,1259.0,1231.0,1259.0,16100
2019-02-26,1114.758544921875,1229.0,1246.0,1213.0,1246.0,16400
2019-02-27,1116.5726318359375,1231.0,1246.0,1215.0,1229.0,23200
2019-02-28,1089.3612060546875,1201.0,1231.0,1199.0,1231.0,15800
2019-03-01,1089.3612060546875,1201.0,1234.0,1191.0,1206.0,37800
2019-03-04,1070.313232421875,1180.0,1205.0,1171.0,1203.0,36600
2019-03-05,1063.056884765625,1172.0,1176.0,1152.0,1169.0,21100
2019-03-06,1045.8228759765625,1153.0,1176.0,1149.0,1171.0,28900
2019-03-07,1066.68505859375,1176.0,1184.0,1143.0,1144.0,33300
2019-03-08,1037.65966796875,1144.0,1167.0,1133.0,1153.0,53200
2019-03-11,1037.65966796875,1144.0,1174.0,1129.0,1144.0,17900
2019-03-12,1062.14990234375,1171.0,1186.0,1151.0,1168.0,15700
2019-03-13,1060.3358154296875,1169.0,1175.0,1158.0,1159.0,10300
2019-03-14,1051.2652587890625,1159.0,1176.0,1151.0,1176.0,6600
2019-03-15,980.515869140625,1081.0,1200.0,1081.0,1161.0,177400
2019-03-18,996.8424682617188,1099.0,1117.0,1087.0,1104.0,44600
2019-03-19,1033.124267578125,1139.0,1145.0,1090.0,1120.0,20500
2019-03-20,1059.4287109375,1168.0,1168.0,1149.0,1149.0,27900
2019-03-22,1107.5020751953125,1221.0,1221.0,1159.0,1166.0,24400
2019-03-25,1039.473876953125,1146.0,1216.0,1145.0,1216.0,21500
2019-03-26,1104.7811279296875,1218.0,1219.0,1172.0,1175.0,25800
2019-03-27,1150.69873046875,1253.0,1256.0,1202.0,1221.0,22200
2019-03-28,1104.781005859375,1203.0,1232.0,1180.0,1232.0,17900
2019-03-29,1081.8221435546875,1178.0,1201.0,1163.0,1201.0,22600
2019-04-01,1092.842529296875,1190.0,1225.0,1175.0,1203.0,20600
2019-04-02,1116.7196044921875,1216.0,1217.0,1193.0,1201.0,11400
2019-04-03,1140.5966796875,1242.0,1247.0,1208.0,1213.0,11800
2019-04-04,1182.841064453125,1288.0,1297.0,1237.0,1252.0,17700
2019-04-05,1183.759521484375,1289.0,1289.0,1265.0,1285.0,16900
2019-04-08,1150.69873046875,1253.0,1291.0,1252.0,1289.0,6600
2019-04-09,1109.3726806640625,1208.0,1247.0,1202.0,1247.0,15100
2019-04-10,1104.781005859375,1203.0,1203.0,1174.0,1198.0,6800
2019-04-11,1078.148681640625,1174.0,1187.0,1160.0,1186.0,9500
2019-04-12,1077.230224609375,1173.0,1205.0,1166.0,1181.0,26900
2019-04-15,1136.92333984375,1238.0,1239.0,1191.0,1191.0,31200
2019-04-16,1107.5361328125,1206.0,1228.0,1202.0,1227.0,9400
2019-04-17,1130.494873046875,1231.0,1235.0,1206.0,1206.0,13100
2019-04-18,1112.1278076171875,1211.0,1230.0,1193.0,1230.0,15400
2019-04-19,1109.3726806640625,1208.0,1229.0,1206.0,1222.0,5000
2019-04-22,1103.862548828125,1202.0,1207.0,1186.0,1201.0,8900
2019-04-23,1113.9644775390625,1213.0,1220.0,1199.0,1214.0,7400
2019-04-24,1081.8221435546875,1178.0,1223.0,1172.0,1223.0,17700
2019-04-25,1068.0469970703125,1163.0,1182.0,1153.0,1181.0,27100
2019-04-26,1019.3740234375,1110.0,1163.0,1108.0,1163.0,26600
2019-05-07,1056.108154296875,1150.0,1165.0,1137.0,1158.0,34400
2019-05-08,1010.1903686523438,1100.0,1126.0,1087.0,1115.0,44200
2019-05-09,1005.5985717773438,1095.0,1125.0,1084.0,1100.0,34900
2019-05-10,1004.68017578125,1094.0,1134.0,1089.0,1095.0,27000
2019-05-13,963.354248046875,1049.0,1119.0,1048.0,1090.0,24800
2019-05-14,1004.68017578125,1094.0,1139.0,1006.0,1032.0,50800
2019-05-15,1036.82275390625,1129.0,1132.0,1074.0,1116.0,31900
2019-05-16,1051.516357421875,1145.0,1146.0,1110.0,1128.0,21200
2019-05-17,1082.740478515625,1179.0,1182.0,1147.0,1148.0,20100
2019-05-20,1086.413818359375,1183.0,1189.0,1164.0,1177.0,15300
2019-05-21,1088.2506103515625,1185.0,1190.0,1153.0,1153.0,13300
2019-05-22,1094.67919921875,1192.0,1200.0,1177.0,1189.0,16600
2019-05-23,1101.107666015625,1199.0,1208.0,1189.0,1189.0,23600
2019-05-24,1084.5770263671875,1181.0,1190.0,1170.0,1187.0,14000
2019-05-27,1083.65869140625,1180.0,1191.0,1167.0,1183.0,10400
2019-05-28,1039.577880859375,1132.0,1195.0,1132.0,1190.0,27800
2019-05-29,1067.12841796875,1162.0,1181.0,1132.0,1140.0,24500
2019-05-30,1066.210205078125,1161.0,1171.0,1134.0,1156.0,13600
2019-05-31,1044.16943359375,1137.0,1152.0,1127.0,1152.0,20800
2019-06-03,1040.49609375,1133.0,1141.0,1102.0,1127.0,20800
2019-06-04,1051.516357421875,1145.0,1146.0,1117.0,1138.0,17100
2019-06-05,1095.597412109375,1193.0,1195.0,1157.0,1157.0,23700
2019-06-06,1073.5570068359375,1169.0,1197.0,1169.0,1193.0,8600
2019-06-07,1068.0469970703125,1163.0,1169.0,1123.0,1169.0,12000
2019-06-10,1085.4954833984375,1182.0,1187.0,1165.0,1176.0,11500
2019-06-11,1062.53662109375,1157.0,1181.0,1142.0,1181.0,21500
2019-06-12,1076.31201171875,1172.0,1174.0,1142.0,1156.0,20600
2019-06-13,1053.35302734375,1147.0,1153.0,1125.0,1149.0,23200
2019-06-14,1045.0880126953125,1138.0,1164.0,1130.0,1151.0,23400
2019-06-17,1041.41455078125,1134.0,1152.0,1129.0,1136.0,15100
2019-06-18,1023.9658203125,1115.0,1147.0,1110.0,1134.0,14900
2019-06-19,1075.393798828125,1171.0,1173.0,1133.0,1141.0,23000
2019-06-20,1054.271484375,1148.0,1171.0,1141.0,1171.0,14800
2019-06-21,1002.8435668945312,1092.0,1153.0,1092.0,1147.0,35900
2019-06-24,1024.8841552734375,1116.0,1134.0,1107.0,1112.0,15600
2019-06-25,1024.8841552734375,1116.0,1132.0,1102.0,1110.0,14400
2019-06-26,989.986572265625,1078.0,1100.0,1078.0,1098.0,24100
2019-06-27,1034.9859619140625,1127.0,1127.0,1092.0,1092.0,15900
2019-06-28,1027.63916015625,1119.0,1157.0,1110.0,1157.0,29200
2019-07-01,1081.8221435546875,1178.0,1178.0,1144.0,1151.0,24200
2019-07-02,1096.515625,1194.0,1199.0,1171.0,1182.0,18200
2019-07-03,1109.3726806640625,1208.0,1211.0,1185.0,1199.0,33800
2019-07-04,1110.291015625,1209.0,1219.0,1207.0,1218.0,10500
2019-07-05,1113.0462646484375,1212.0,1218.0,1191.0,1209.0,16800
2019-07-08,1088.2506103515625,1185.0,1219.0,1183.0,1208.0,20500
2019-07-09,1081.8221435546875,1178.0,1217.0,1178.0,1185.0,19100
2019-07-10,1068.9652099609375,1164.0,1185.0,1157.0,1165.0,25400
2019-07-11,1095.597412109375,1193.0,1194.0,1165.0,1165.0,11400
2019-07-12,1082.740478515625,1179.0,1189.0,1172.0,1187.0,9100
2019-07-16,1061.6181640625,1156.0,1173.0,1150.0,1173.0,7800
2019-07-17,1048.7613525390625,1142.0,1168.0,1139.0,1146.0,14200
2019-07-18,994.5784301757812,1083.0,1140.0,1083.0,1136.0,25900
2019-07-19,1021.2105102539062,1112.0,1112.0,1073.0,1088.0,21300
2019-07-22,1005.5985717773438,1095.0,1112.0,1082.0,1110.0,19900
2019-07-23,1014.7822875976562,1105.0,1113.0,1080.0,1099.0,18400
2019-07-24,984.4764404296876,1072.0,1111.0,1067.0,1108.0,34200
2019-07-25,996.4151611328124,1085.0,1093.0,1075.0,1089.0,14700
2019-07-26,1001.0068359375,1090.0,1091.0,1071.0,1085.0,22400
2019-07-29,1000.088623046875,1089.0,1101.0,1073.0,1101.0,21000
2019-07-30,1044.16943359375,1137.0,1137.0,1095.0,1095.0,31800
2019-07-31,1023.9658203125,1115.0,1166.0,1113.0,1122.0,34200
2019-08-01,1021.2105102539062,1112.0,1129.0,1102.0,1102.0,17100
2019-08-02,975.29296875,1062.0,1101.0,1058.0,1090.0,38900
2019-08-05,933.9669799804688,1017.0,1058.0,1008.0,1052.0,28100
2019-08-06,925.7017822265624,1008.0,1029.0,982.0,987.0,34600
2019-08-07,911.0079956054688,992.0,1015.0,989.0,1001.0,26400
2019-08-08,941.3138427734376,1025.0,1035.0,1000.0,1002.0,23400
2019-08-09,937.6403198242188,1021.0,1044.0,1013.0,1025.0,18300
2019-08-13,922.0283813476562,1004.0,1009.0,986.0,1000.0,24100
2019-08-14,929.375244140625,1012.0,1012.0,994.0,1012.0,21400
2019-08-15,910.0897827148438,991.0,995.0,978.0,984.0,13100
2019-08-16,915.5999145507812,997.0,1006.0,987.0,987.0,7900
2019-08-19,919.2732543945312,1001.0,1013.0,1000.0,1009.0,7400
2019-08-20,918.3549194335938,1000.0,1001.0,988.0,1001.0,15400
2019-08-21,899.98779296875,980.0,990.0,979.0,986.0,13700
2019-08-22,899.98779296875,980.0,992.0,978.0,992.0,9300
2019-08-23,899.0694580078125,979.0,983.0,971.0,983.0,11700
2019-08-26,854.9884033203125,931.0,956.0,931.0,951.0,31700
2019-08-27,909.17138671875,990.0,992.0,941.0,954.0,32400
2019-08-28,900.9061889648438,981.0,1000.0,972.0,991.0,18700
2019-08-29,904.57958984375,985.0,996.0,970.0,996.0,14700
2019-08-30,968.8644409179688,1055.0,1057.0,1003.0,1004.0,38800
2019-09-02,942.232177734375,1026.0,1039.0,1022.0,1039.0,11500
2019-09-03,945.9055786132812,1030.0,1035.0,1026.0,1026.0,6400
2019-09-04,919.2732543945312,1001.0,1024.0,996.0,1020.0,12600
2019-09-05,945.9055786132812,1030.0,1034.0,1015.0,1015.0,21500
2019-09-06,938.5587158203124,1022.0,1036.0,1021.0,1036.0,7900
2019-09-09,956.0074462890624,1041.0,1044.0,1018.0,1018.0,12900
2019-09-10,987.2316284179688,1075.0,1082.0,1045.0,1045.0,22800
2019-09-11,1027.63916015625,1119.0,1124.0,1072.0,1078.0,35600
2019-09-12,1019.3740234375,1110.0,1133.0,1100.0,1123.0,43800
2019-09-13,1070.8017578125,1166.0,1185.0,1105.0,1123.0,81600
2019-09-17,1061.6181640625,1156.0,1185.0,1143.0,1185.0,32800
2019-09-18,1024.8841552734375,1116.0,1156.0,1104.0,1156.0,23100
2019-09-19,1038.6595458984375,1131.0,1139.0,1113.0,1119.0,35000
2019-09-20,1043.251220703125,1136.0,1153.0,1124.0,1153.0,17300
2019-09-24,1050.59814453125,1144.0,1149.0,1128.0,1133.0,17000
2019-09-25,1057.94482421875,1152.0,1158.0,1127.0,1133.0,14300
2019-09-26,1062.53662109375,1157.0,1173.0,1140.0,1172.0,33100
2019-09-27,1040.2066650390625,1118.0,1172.0,1089.0,1172.0,38200
2019-09-30,1014.1549072265624,1090.0,1107.0,1085.0,1106.0,18600
2019-10-01,1041.1370849609375,1119.0,1138.0,1090.0,1120.0,22700
2019-10-02,1044.858642578125,1123.0,1128.0,1109.0,1119.0,12700
2019-10-03,1016.9462280273438,1093.0,1104.0,1079.0,1096.0,16000
2019-10-04,1004.8506469726562,1080.0,1115.0,1076.0,1088.0,11100
2019-10-07,1004.8506469726562,1080.0,1086.0,1064.0,1086.0,14700
2019-10-08,1052.3021240234375,1131.0,1131.0,1079.0,1093.0,20900
2019-10-09,1044.858642578125,1123.0,1123.0,1105.0,1117.0,8500
2019-10-10,1038.345703125,1116.0,1134.0,1102.0,1129.0,8900
2019-10-11,1036.48486328125,1114.0,1126.0,1094.0,1126.0,16200
2019-10-15,1054.162841796875,1133.0,1144.0,1114.0,1144.0,20400
2019-10-16,1089.518798828125,1171.0,1171.0,1143.0,1156.0,25000
2019-10-17,1073.7015380859375,1154.0,1177.0,1138.0,1170.0,20700
2019-10-18,1108.1270751953125,1191.0,1204.0,1153.0,1164.0,29500
2019-10-21,1126.7354736328125,1211.0,1213.0,1173.0,1190.0,29100
2019-10-23,1102.544677734375,1185.0,1217.0,1169.0,1217.0,21000
2019-10-24,1097.8924560546875,1180.0,1205.0,1167.0,1200.0,24300
2019-10-25,1110.918212890625,1194.0,1194.0,1171.0,1189.0,20700
2019-10-28,1103.47509765625,1186.0,1200.0,1179.0,1195.0,13600
2019-10-29,1117.4312744140625,1201.0,1204.0,1172.0,1202.0,20300
2019-10-30,1190.0037841796875,1279.0,1279.0,1187.0,1202.0,48700
2019-10-31,1159.300048828125,1246.0,1257.0,1228.0,1240.0,37200
2019-11-01,1154.64794921875,1241.0,1244.0,1229.0,1235.0,10000
2019-11-05,1161.160888671875,1248.0,1267.0,1236.0,1259.0,40700
2019-11-06,1167.673828125,1255.0,1269.0,1220.0,1262.0,35500
2019-11-07,1171.3955078125,1259.0,1304.0,1235.0,1272.0,37400
2019-11-08,1283.04541015625,1379.0,1380.0,1294.0,1318.0,65100
2019-11-11,1247.689697265625,1341.0,1402.0,1320.0,1380.0,32800
2019-11-12,1218.8468017578125,1310.0,1324.0,1298.0,1322.0,24500
2019-11-13,1173.2564697265625,1261.0,1308.0,1259.0,1308.0,24200
2019-11-14,1153.717529296875,1240.0,1282.0,1240.0,1282.0,14500
2019-11-15,1164.882568359375,1252.0,1273.0,1235.0,1240.0,21500
2019-11-18,1145.34375,1231.0,1254.0,1221.0,1254.0,22400
2019-11-19,1149.0653076171875,1235.0,1239.0,1205.0,1223.0,9400
2019-11-20,1119.2921142578125,1203.0,1230.0,1202.0,1230.0,17400
2019-11-21,1129.5267333984375,1214.0,1237.0,1181.0,1233.0,32300
2019-11-22,1123.9442138671875,1208.0,1228.0,1201.0,1210.0,15100
2019-11-25,1142.5526123046875,1228.0,1235.0,1218.0,1221.0,11500
2019-11-26,1135.109375,1220.0,1249.0,1213.0,1237.0,31100
2019-11-27,1164.882568359375,1252.0,1259.0,1233.0,1238.0,15800
2019-11-28,1145.34375,1231.0,1262.0,1225.0,1262.0,11000
2019-11-29,1120.2225341796875,1204.0,1239.0,1167.0,1239.0,20200
2019-12-02,1141.6219482421875,1227.0,1227.0,1205.0,1205.0,10100
2019-12-03,1123.9442138671875,1208.0,1220.0,1202.0,1212.0,14600
2019-12-04,1151.8565673828125,1238.0,1238.0,1199.0,1200.0,16500
2019-12-05,1143.48291015625,1229.0,1245.0,1209.0,1245.0,13200
2019-12-06,1148.135009765625,1234.0,1247.0,1226.0,1226.0,12700
2019-12-09,1162.09130859375,1249.0,1251.0,1240.0,1247.0,11200
2019-12-10,1170.465087890625,1258.0,1262.0,1247.0,1256.0,14100
2019-12-11,1173.2564697265625,1261.0,1270.0,1255.0,1266.0,15800
2019-12-12,1190.0037841796875,1279.0,1285.0,1262.0,1277.0,18900
2019-12-13,1263.5067138671875,1358.0,1379.0,1306.0,1307.0,63200
2019-12-16,1278.3935546875,1374.0,1393.0,1318.0,1350.0,36900
2019-12-17,1284.90625,1381.0,1395.0,1358.0,1395.0,25800
2019-12-18,1283.04541015625,1379.0,1380.0,1355.0,1374.0,18900
2019-12-19,1287.69775390625,1384.0,1388.0,1368.0,1375.0,23500
2019-12-20,1273.741455078125,1369.0,1382.0,1348.0,1375.0,34500
2019-12-23,1242.1070556640625,1335.0,1359.0,1331.0,1359.0,21000
2019-12-24,1230.942138671875,1323.0,1329.0,1308.0,1329.0,14200
2019-12-25,1195.58642578125,1285.0,1330.0,1283.0,1330.0,17600
2019-12-26,1258.854736328125,1353.0,1353.0,1292.0,1295.0,31300
2019-12-27,1255.1329345703125,1349.0,1369.0,1332.0,1359.0,29100
2019-12-30,1253.272216796875,1347.0,1360.0,1307.0,1349.0,15500
2020-01-06,1212.333740234375,1303.0,1314.0,1289.0,1293.0,35000
2020-01-07,1228.15087890625,1320.0,1336.0,1301.0,1317.0,29600
2020-01-08,1185.3516845703125,1274.0,1297.0,1263.0,1291.0,25200
2020-01-09,1205.821044921875,1296.0,1304.0,1275.0,1275.0,19700
2020-01-10,1155.578369140625,1242.0,1285.0,1235.0,1285.0,24100
2020-01-14,1130.45703125,1215.0,1254.0,1208.0,1251.0,35400
2020-01-15,1141.6219482421875,1227.0,1238.0,1210.0,1214.0,20200
2020-01-16,1119.2921142578125,1203.0,1226.0,1203.0,1226.0,16000
2020-01-17,1118.361572265625,1202.0,1219.0,1202.0,1214.0,11500
2020-01-20,1134.1788330078125,1219.0,1224.0,1205.0,1205.0,15800
2020-01-21,1130.45703125,1215.0,1228.0,1209.0,1217.0,12200
2020-01-22,1117.4312744140625,1201.0,1226.0,1201.0,1215.0,20900
2020-01-23,1119.2921142578125,1203.0,1217.0,1202.0,1202.0,16400
2020-01-24,1113.7095947265625,1197.0,1211.0,1197.0,1211.0,18100
2020-01-27,1076.4927978515625,1157.0,1191.0,1154.0,1181.0,25500
2020-01-28,1059.745361328125,1139.0,1154.0,1123.0,1147.0,35000
2020-01-29,1069.97998046875,1150.0,1158.0,1132.0,1146.0,25500
2020-01-30,1040.2066650390625,1118.0,1160.0,1109.0,1147.0,35800
2020-01-31,1049.5108642578125,1128.0,1149.0,1125.0,1126.0,17000
2020-02-03,1042.0675048828125,1120.0,1128.0,1093.0,1098.0,17900
2020-02-04,1055.0933837890625,1134.0,1136.0,1109.0,1109.0,9100
2020-02-05,1077.4232177734375,1158.0,1175.0,1147.0,1147.0,19700
2020-02-06,1138.8309326171875,1224.0,1233.0,1185.0,1188.0,45200
2020-02-07,1099.7532958984375,1182.0,1225.0,1182.0,1225.0,23600
2020-02-10,1092.31005859375,1174.0,1181.0,1166.0,1177.0,14500
2020-02-12,1086.7274169921875,1168.0,1175.0,1143.0,1174.0,30900
2020-02-13,1088.5882568359375,1170.0,1176.0,1158.0,1168.0,17900
2020-02-14,1071.8406982421875,1152.0,1170.0,1136.0,1170.0,21900
2020-02-17,1048.580322265625,1127.0,1132.0,1115.0,1132.0,14600
2020-02-18,1018.8069458007812,1095.0,1113.0,1090.0,1113.0,26500
2020-02-19,1008.5723266601562,1084.0,1106.0,1080.0,1093.0,16800
2020-02-20,1020.6678466796876,1097.0,1125.0,1083.0,1084.0,12200
2020-02-21,1028.1112060546875,1105.0,1120.0,1097.0,1102.0,15800
2020-02-25,972.2861328125,1045.0,1058.0,1028.0,1047.0,66600
2020-02-26,976.0077514648438,1049.0,1055.0,1008.0,1016.0,41200
2020-02-27,935.9998779296876,1006.0,1048.0,1004.0,1048.0,32400
2020-02-28,918.3219604492188,987.0,1012.0,980.0,980.0,60600
2020-03-02,961.1211547851562,1033.0,1049.0,980.0,986.0,38500
2020-03-03,922.0435791015624,991.0,1052.0,991.0,1034.0,40900
2020-03-04,919.2523803710938,988.0,1025.0,981.0,986.0,39000
2020-03-05,916.4610595703124,985.0,1016.0,985.0,1016.0,28600
2020-03-06,881.1052856445312,947.0,977.0,947.0,976.0,42100
2020-03-09,838.3059692382812,901.0,938.0,889.0,921.0,42600
2020-03-10,868.0794067382812,933.0,933.0,853.0,881.0,41900
2020-03-11,803.880615234375,864.0,931.0,864.0,914.0,35000
2020-03-12,794.5764770507812,854.0,867.0,825.0,851.0,60000
2020-03-13,766.6638793945312,824.0,846.0,781.0,809.0,69200
2020-03-16,747.1251220703125,803.0,840.0,799.0,824.0,43100
2020-03-17,826.2106323242188,888.0,914.0,771.0,788.0,64000
2020-03-18,810.3936157226562,871.0,919.0,840.0,904.0,44300
2020-03-19,824.3497924804688,886.0,917.0,868.0,871.0,38900
2020-03-23,878.31396484375,944.0,967.0,859.0,880.0,65600
2020-03-24,887.6181640625,954.0,989.0,929.0,959.0,53300
2020-03-25,865.2881469726562,930.0,989.0,908.0,989.0,61300
2020-03-26,865.2881469726562,930.0,953.0,903.0,939.0,47000
2020-03-27,989.9641723632812,1064.0,1064.0,952.0,960.0,91900
2020-03-30,1001.2887573242188,1061.0,1069.0,1010.0,1020.0,55500
2020-03-31,957.8775634765624,1015.0,1066.0,991.0,1066.0,41800
2020-04-01,905.9728393554688,960.0,1014.0,957.0,1002.0,40900
2020-04-02,866.3365478515625,918.0,945.0,914.0,945.0,24900
2020-04-03,877.6612548828125,930.0,1006.0,910.0,1003.0,42000
2020-04-06,922.01611328125,977.0,981.0,907.0,919.0,32100
2020-04-07,955.9901733398438,1013.0,1013.0,961.0,986.0,42300
2020-04-08,1004.1199340820312,1064.0,1078.0,1012.0,1015.0,54400
2020-04-09,1002.2325439453124,1062.0,1074.0,1034.0,1059.0,28700
2020-04-10,1046.58740234375,1109.0,1116.0,1054.0,1071.0,25800
2020-04-13,1005.063720703125,1065.0,1109.0,1040.0,1109.0,19800
2020-04-14,990.9077758789062,1050.0,1066.0,1035.0,1066.0,20000
2020-04-15,898.423095703125,952.0,1045.0,931.0,1043.0,52400
2020-04-16,970.1459350585938,1028.0,1028.0,952.0,956.0,37600
2020-04-17,945.6091918945312,1002.0,1038.0,974.0,1020.0,35200
2020-04-20,926.7347412109376,982.0,993.0,972.0,987.0,17700
2020-04-21,911.6351318359376,966.0,974.0,956.0,967.0,22200
2020-04-22,921.0723876953124,976.0,981.0,945.0,957.0,21600
2020-04-23,943.7217407226562,1000.0,1000.0,976.0,976.0,14300
2020-04-24,968.258544921875,1026.0,1027.0,985.0,1009.0,26800
2020-04-27,981.4705810546876,1040.0,1040.0,1016.0,1039.0,16700
2020-04-28,984.3016967773438,1043.0,1049.0,1016.0,1049.0,15700
2020-04-30,1005.063720703125,1065.0,1074.0,1042.0,1072.0,28300
2020-05-01,968.258544921875,1026.0,1052.0,1026.0,1052.0,15700
2020-05-07,957.8775634765624,1015.0,1033.0,1001.0,1026.0,22000
2020-05-08,990.9077758789062,1050.0,1052.0,1029.0,1029.0,17500
2020-05-11,1005.063720703125,1065.0,1073.0,1031.0,1050.0,13400
2020-05-12,986.1891479492188,1045.0,1064.0,1043.0,1064.0,7400
2020-05-13,976.7518920898438,1035.0,1061.0,1026.0,1026.0,32500
2020-05-14,931.453369140625,987.0,1040.0,987.0,1031.0,28900
2020-05-15,958.8212890625,1016.0,1016.0,983.0,991.0,15500
2020-05-18,986.1891479492188,1045.0,1045.0,1014.0,1017.0,21000
2020-05-19,984.3016967773438,1043.0,1058.0,1039.0,1042.0,24200
2020-05-20,990.9077758789062,1050.0,1053.0,1034.0,1043.0,18400
2020-05-21,994.6828002929688,1054.0,1058.0,1045.0,1055.0,6000
2020-05-22,976.7518920898438,1035.0,1054.0,1032.0,1054.0,5700
2020-05-25,1003.17626953125,1063.0,1063.0,1038.0,1060.0,7000
2020-05-26,1054.13720703125,1117.0,1120.0,1060.0,1075.0,27600
2020-05-27,1081.505126953125,1146.0,1155.0,1059.0,1119.0,49900
2020-05-28,1085.280029296875,1150.0,1154.0,1113.0,1150.0,35300
2020-05-29,1015.4446411132812,1076.0,1152.0,1048.0,1152.0,59600
2020-06-01,1010.7259521484376,1071.0,1088.0,1047.0,1088.0,37300
2020-06-02,1014.5009155273438,1075.0,1081.0,1055.0,1071.0,38400
2020-06-03,1023.93798828125,1085.0,1086.0,1063.0,1086.0,22300
2020-06-04,1023.93798828125,1085.0,1090.0,1060.0,1086.0,34800
2020-06-05,1018.2757568359376,1079.0,1091.0,1061.0,1085.0,30500
2020-06-08,1041.8687744140625,1104.0,1105.0,1075.0,1087.0,26500
2020-06-09,1035.2626953125,1097.0,1105.0,1081.0,1105.0,28500
2020-06-10,1005.063720703125,1065.0,1101.0,1058.0,1100.0,54900
2020-06-11,982.414306640625,1041.0,1065.0,1027.0,1065.0,42300
2020-06-12,963.5399169921876,1021.0,1033.0,1011.0,1013.0,35800
2020-06-15,951.2715454101562,1008.0,1033.0,1008.0,1021.0,19100
2020-06-16,1007.8948364257812,1068.0,1068.0,1021.0,1038.0,33500
2020-06-17,1006.9512329101562,1067.0,1073.0,1053.0,1071.0,24800
2020-06-18,1007.8948364257812,1068.0,1075.0,1036.0,1067.0,24300
2020-06-19,1012.6134643554688,1073.0,1084.0,1045.0,1068.0,39600
2020-06-22,969.2022094726562,1027.0,1065.0,1012.0,1062.0,30900
2020-06-23,990.9077758789062,1050.0,1052.0,1023.0,1030.0,21800
2020-06-24,983.3580322265624,1042.0,1051.0,1036.0,1050.0,8700
2020-06-25,967.3148193359376,1025.0,1042.0,1022.0,1042.0,13300
2020-06-26,1004.1199340820312,1064.0,1064.0,1025.0,1025.0,22300
2020-06-29,972.9771118164062,1031.0,1058.0,1025.0,1044.0,36500
2020-06-30,961.6524658203124,1019.0,1058.0,1014.0,1058.0,31500
2020-07-01,927.678466796875,983.0,1025.0,981.0,1025.0,41500
2020-07-02,911.6351318359376,966.0,992.0,966.0,991.0,26000
2020-07-03,940.8905029296876,997.0,997.0,966.0,975.0,14100
2020-07-06,972.9771118164062,1031.0,1037.0,996.0,999.0,26300
2020-07-07,978.639404296875,1037.0,1040.0,1012.0,1031.0,15600
2020-07-08,943.7217407226562,1000.0,1039.0,1000.0,1029.0,18400
2020-07-09,944.6654663085938,1001.0,1007.0,990.0,1001.0,10000
2020-07-10,898.423095703125,952.0,995.0,952.0,992.0,36300
2020-07-13,973.9208374023438,1032.0,1038.0,980.0,986.0,32400
2020-07-14,964.483642578125,1022.0,1033.0,1015.0,1033.0,15500
2020-07-15,1026.769287109375,1088.0,1088.0,1038.0,1042.0,50700
2020-07-16,986.1891479492188,1045.0,1081.0,1043.0,1080.0,15800
2020-07-17,989.9641723632812,1049.0,1055.0,1036.0,1052.0,7300
2020-07-20,986.1891479492188,1045.0,1058.0,1032.0,1049.0,14200
2020-07-21,1006.0074462890624,1066.0,1066.0,1038.0,1047.0,38500
2020-07-22,969.2022094726562,1027.0,1066.0,1027.0,1065.0,23100
2020-07-27,990.9077758789062,1050.0,1054.0,1013.0,1054.0,36100
2020-07-28,960.7086791992188,1018.0,1050.0,1007.0,1050.0,16100
2020-07-29,945.6091918945312,1002.0,1015.0,997.0,1007.0,18500
2020-07-30,962.59619140625,1020.0,1029.0,993.0,1012.0,23400
2020-07-31,896.53564453125,950.0,1013.0,950.0,1013.0,17600
2020-08-03,932.3970336914062,988.0,988.0,963.0,965.0,23100
2020-08-04,945.6091918945312,1002.0,1003.0,984.0,988.0,17100
2020-08-05,940.8905029296876,997.0,1002.0,979.0,999.0,21600
2020-08-06,910.6914672851562,965.0,996.0,964.0,996.0,13100
2020-08-07,907.8602294921876,962.0,995.0,962.0,995.0,29300
2020-08-11,981.4705810546876,1040.0,1054.0,968.0,968.0,44500
2020-08-12,989.9641723632812,1049.0,1059.0,1029.0,1039.0,27100
2020-08-13,994.6828002929688,1054.0,1059.0,1022.0,1059.0,28200
2020-08-14,994.6828002929688,1054.0,1055.0,1039.0,1053.0,22300
2020-08-17,955.9901733398438,1013.0,1054.0,1013.0,1050.0,23300
2020-08-18,977.6956787109376,1036.0,1047.0,1016.0,1017.0,34400
2020-08-19,959.7650146484376,1017.0,1030.0,1014.0,1030.0,10500
2020-08-20,935.228271484375,991.0,1023.0,984.0,1013.0,21200
2020-08-21,951.2715454101562,1008.0,1011.0,983.0,995.0,19200
2020-08-24,947.4966430664062,1004.0,1006.0,991.0,1006.0,9400
2020-08-25,976.7518920898438,1035.0,1038.0,1008.0,1019.0,30700
2020-08-26,945.6091918945312,1002.0,1029.0,1002.0,1018.0,29500
2020-08-27,947.4966430664062,1004.0,1015.0,991.0,1014.0,15300
2020-08-28,943.7217407226562,1000.0,1019.0,978.0,1009.0,32000
2020-08-31,934.2844848632812,990.0,1008.0,981.0,1000.0,29000
2020-09-01,937.1156616210938,993.0,997.0,977.0,983.0,19900
2020-09-02,933.3407592773438,989.0,996.0,981.0,996.0,11800
2020-09-03,928.6221923828124,984.0,1004.0,981.0,1004.0,16300
2020-09-04,920.128662109375,975.0,987.0,970.0,977.0,26800
2020-09-07,939.9468994140624,996.0,1007.0,975.0,975.0,22500
2020-09-08,989.0203247070312,1048.0,1048.0,999.0,1003.0,35300
2020-09-09,976.7518920898438,1035.0,1042.0,1011.0,1018.0,40800
2020-09-10,984.3016967773438,1043.0,1046.0,1025.0,1030.0,27100
2020-09-11,992.7952880859376,1052.0,1056.0,1027.0,1042.0,48500
2020-09-14,1065.4617919921875,1129.0,1129.0,1053.0,1054.0,75700
2020-09-15,1065.4617919921875,1129.0,1129.0,1101.0,1125.0,42200
2020-09-16,1064.51806640625,1128.0,1155.0,1123.0,1129.0,58100
2020-09-17,1088.1112060546875,1153.0,1157.0,1136.0,1149.0,34000
2020-09-18,1092.8297119140625,1158.0,1179.0,1154.0,1160.0,55000
2020-09-23,1047.5311279296875,1110.0,1155.0,1105.0,1155.0,57000
2020-09-24,1013.5571899414062,1074.0,1105.0,1071.0,1105.0,50500
2020-09-25,997.5139770507812,1057.0,1117.0,1056.0,1090.0,167200
2020-09-28,1057.9119873046875,1121.0,1121.0,1074.0,1098.0,83800
2020-09-29,1118.1728515625,1169.0,1170.0,1109.0,1121.0,54500
2020-09-30,1042.607666015625,1090.0,1163.0,1088.0,1163.0,40100
2020-10-02,1021.5643310546876,1068.0,1109.0,1065.0,1102.0,31700
2020-10-05,1055.0426025390625,1103.0,1116.0,1086.0,1088.0,36200
2020-10-06,1047.3902587890625,1095.0,1107.0,1088.0,1096.0,23800
2020-10-07,1033.9989013671875,1081.0,1102.0,1076.0,1090.0,38200
2020-10-08,1036.8685302734375,1084.0,1091.0,1072.0,1085.0,49100
2020-10-09,1016.7816772460938,1063.0,1097.0,1051.0,1089.0,47600
2020-10-12,1011.9990234375,1058.0,1074.0,1058.0,1064.0,27200
2020-10-13,1027.3033447265625,1074.0,1080.0,1045.0,1080.0,46500
2020-10-14,1073.21630859375,1122.0,1124.0,1071.0,1074.0,41600
2020-10-15,1054.0859375,1102.0,1130.0,1102.0,1121.0,23800
2020-10-16,1044.5206298828125,1092.0,1105.0,1086.0,1101.0,14700
2020-10-19,1033.0423583984375,1080.0,1120.0,1076.0,1100.0,41600
2020-10-20,1008.1729736328124,1054.0,1085.0,1053.0,1085.0,29000
2020-10-21,1058.86865234375,1107.0,1108.0,1058.0,1058.0,33800
2020-10-22,1040.694580078125,1088.0,1108.0,1087.0,1108.0,13300
2020-10-23,1068.4337158203125,1117.0,1120.0,1090.0,1094.0,28600
2020-10-26,1061.7381591796875,1110.0,1119.0,1109.0,1114.0,18200
2020-10-27,1038.7816162109375,1086.0,1108.0,1082.0,1108.0,30100
2020-10-28,1030.1729736328125,1077.0,1086.0,1062.0,1086.0,25100
2020-10-29,1003.390380859375,1049.0,1076.0,1049.0,1076.0,31000
2020-10-30,1004.3468627929688,1050.0,1062.0,1031.0,1059.0,50000
2020-11-02,1037.8250732421875,1085.0,1099.0,1058.0,1059.0,58400
2020-11-04,1033.0423583984375,1080.0,1093.0,1073.0,1091.0,29700
2020-11-05,1099.0423583984375,1149.0,1160.0,1070.0,1084.0,61600
2020-11-06,1091.3902587890625,1141.0,1154.0,1130.0,1136.0,50100
2020-11-09,1080.8685302734375,1130.0,1150.0,1114.0,1150.0,43700
2020-11-10,1113.39013671875,1164.0,1164.0,1134.0,1148.0,62900
2020-11-11,1141.1292724609375,1193.0,1196.0,1163.0,1170.0,45600
2020-11-12,1161.21630859375,1214.0,1214.0,1184.0,1195.0,29400
2020-11-13,1116.259765625,1167.0,1213.0,1165.0,1213.0,43600
2020-11-16,1136.3466796875,1188.0,1194.0,1165.0,1181.0,39700
2020-11-17,1121.9990234375,1173.0,1192.0,1159.0,1192.0,37100
2020-11-18,1114.3468017578125,1165.0,1170.0,1143.0,1169.0,49600
2020-11-19,1133.47705078125,1185.0,1191.0,1154.0,1164.0,21500
2020-11-20,1123.9119873046875,1175.0,1195.0,1169.0,1180.0,27100
2020-11-24,1170.781494140625,1224.0,1250.0,1203.0,1203.0,55900
2020-11-25,1160.259765625,1213.0,1245.0,1211.0,1245.0,23900
2020-11-26,1202.3465576171875,1257.0,1260.0,1195.0,1209.0,51300
2020-11-27,1190.8685302734375,1245.0,1266.0,1227.0,1257.0,79800
2020-11-30,1121.9990234375,1173.0,1232.0,1173.0,1232.0,44400
2020-12-01,1177.4771728515625,1231.0,1244.0,1170.0,1200.0,58600
2020-12-02,1155.477294921875,1208.0,1236.0,1192.0,1236.0,50100
2020-12-03,1155.477294921875,1208.0,1224.0,1198.0,1202.0,28900
2020-12-04,1145.9119873046875,1198.0,1227.0,1198.0,1208.0,17600
2020-12-07,1133.47705078125,1185.0,1219.0,1177.0,1217.0,17000
2020-12-08,1139.21630859375,1191.0,1202.0,1176.0,1183.0,13100
2020-12-09,1140.1727294921875,1192.0,1205.0,1184.0,1191.0,19500
2020-12-10,1144.9554443359375,1197.0,1212.0,1193.0,1197.0,22600
2020-12-11,1145.9119873046875,1198.0,1209.0,1150.0,1195.0,30400
2020-12-14,1143.9989013671875,1196.0,1221.0,1194.0,1211.0,21300
2020-12-15,1159.3033447265625,1212.0,1221.0,1188.0,1201.0,22800
2020-12-16,1175.5640869140625,1229.0,1235.0,1211.0,1218.0,23300
2020-12-17,1138.259765625,1190.0,1231.0,1175.0,1222.0,51900
2020-12-18,1118.1728515625,1169.0,1200.0,1163.0,1200.0,62700
2020-12-21,1123.9119873046875,1175.0,1185.0,1158.0,1172.0,36600
2020-12-22,1098.0858154296875,1148.0,1163.0,1133.0,1155.0,24800
2020-12-23,1070.3468017578125,1119.0,1165.0,1116.0,1165.0,20100
2020-12-24,1071.30322265625,1120.0,1140.0,1111.0,1124.0,35600
2020-12-25,1113.39013671875,1164.0,1164.0,1113.0,1120.0,19000
2020-12-28,1118.1728515625,1169.0,1177.0,1135.0,1154.0,29900
2020-12-29,1121.9990234375,1173.0,1176.0,1144.0,1176.0,23100
2020-12-30,1095.2164306640625,1145.0,1169.0,1137.0,1169.0,23000
2021-01-04,1089.4771728515625,1139.0,1149.0,1126.0,1149.0,31400
2021-01-05,1076.0859375,1125.0,1143.0,1125.0,1131.0,37500
2021-01-06,1093.3033447265625,1143.0,1148.0,1126.0,1126.0,36100
2021-01-07,1130.6075439453125,1182.0,1188.0,1149.0,1149.0,47700
2021-01-08,1157.3902587890625,1210.0,1214.0,1168.0,1176.0,48400
2021-01-12,1143.9989013671875,1196.0,1220.0,1192.0,1206.0,31800
2021-01-13,1147.824951171875,1200.0,1205.0,1173.0,1196.0,32500
2021-01-14,1152.607666015625,1205.0,1213.0,1186.0,1192.0,63900
2021-01-15,1131.5640869140625,1183.0,1205.0,1167.0,1205.0,56300
2021-01-18,1156.4337158203125,1209.0,1209.0,1169.0,1173.0,27400
2021-01-19,1143.0423583984375,1195.0,1216.0,1194.0,1216.0,21100
2021-01-20,1147.824951171875,1200.0,1204.0,1171.0,1195.0,21200
2021-01-21,1138.259765625,1190.0,1209.0,1180.0,1208.0,41200
2021-01-22,1128.694580078125,1180.0,1191.0,1168.0,1184.0,22800
2021-01-25,1151.6510009765625,1204.0,1209.0,1182.0,1194.0,18600
2021-01-26,1121.9990234375,1173.0,1209.0,1172.0,1209.0,29900
2021-01-27,1154.5206298828125,1207.0,1208.0,1181.0,1193.0,22000
2021-01-28,1164.0858154296875,1217.0,1228.0,1166.0,1202.0,54600
2021-01-29,1142.0859375,1194.0,1221.0,1194.0,1217.0,28900
2021-02-01,1157.3902587890625,1210.0,1227.0,1176.0,1194.0,35000
2021-02-02,1167.911865234375,1221.0,1221.0,1192.0,1203.0,26400
2021-02-03,1171.7379150390625,1225.0,1230.0,1216.0,1221.0,33400
2021-02-04,1134.4337158203125,1186.0,1233.0,1176.0,1221.0,89100
2021-02-05,1162.1728515625,1215.0,1221.0,1198.0,1198.0,35100
2021-02-08,1191.824951171875,1246.0,1246.0,1200.0,1221.0,43500
2021-02-09,1231.998779296875,1288.0,1295.0,1207.0,1216.0,62900
2021-02-10,1190.8685302734375,1245.0,1281.0,1237.0,1281.0,38800
2021-02-12,1186.0858154296875,1240.0,1251.0,1235.0,1248.0,15700
2021-02-15,1197.5640869140625,1252.0,1268.0,1235.0,1268.0,37500
2021-02-16,1186.0858154296875,1240.0,1257.0,1230.0,1252.0,20000
2021-02-17,1214.781494140625,1270.0,1274.0,1235.0,1256.0,28900
2021-02-18,1185.1292724609375,1239.0,1262.0,1234.0,1262.0,25300
2021-02-19,1140.1727294921875,1192.0,1225.0,1190.0,1225.0,30500
2021-02-22,1141.1292724609375,1193.0,1202.0,1182.0,1202.0,34900
2021-02-24,1131.5640869140625,1183.0,1190.0,1172.0,1190.0,35000
2021-02-25,1133.47705078125,1185.0,1204.0,1178.0,1197.0,45700
2021-02-26,1112.4337158203125,1163.0,1190.0,1163.0,1190.0,39700
2021-03-01,1142.0859375,1194.0,1202.0,1174.0,1177.0,38300
2021-03-02,1143.9989013671875,1196.0,1210.0,1176.0,1194.0,49900
2021-03-03,1143.9989013671875,1196.0,1202.0,1184.0,1196.0,29900
2021-03-04,1135.3902587890625,1187.0,1193.0,1161.0,1179.0,39100
2021-03-05,1139.21630859375,1191.0,1191.0,1165.0,1170.0,72800
2021-03-08,1157.3902587890625,1210.0,1233.0,1189.0,1215.0,57500
2021-03-09,1169.824951171875,1223.0,1237.0,1204.0,1228.0,105800
2021-03-10,1146.868408203125,1199.0,1232.0,1184.0,1232.0,96000
2021-03-11,1139.21630859375,1191.0,1212.0,1177.0,1212.0,90100
2021-03-12,1143.0423583984375,1195.0,1204.0,1181.0,1204.0,86500
2021-03-15,1151.6510009765625,1204.0,1219.0,1189.0,1219.0,97100
2021-03-16,1156.4337158203125,1209.0,1226.0,1195.0,1204.0,121100
2021-03-17,1169.824951171875,1223.0,1226.0,1206.0,1207.0,109000
2021-03-18,1173.6510009765625,1227.0,1231.0,1216.0,1229.0,76700
2021-03-19,1168.868408203125,1222.0,1226.0,1197.0,1197.0,124100
2021-03-22,1180.3466796875,1234.0,1243.0,1215.0,1230.0,98000
2021-03-23,1187.9989013671875,1242.0,1264.0,1233.0,1235.0,91500
2021-03-24,1205.2161865234375,1260.0,1265.0,1238.0,1254.0,87100
2021-03-25,1299.9117431640625,1359.0,1361.0,1280.0,1283.0,190800
2021-03-26,1291.30322265625,1350.0,1364.0,1335.0,1359.0,90600
2021-03-29,1288.43359375,1347.0,1395.0,1322.0,1380.0,98800
2021-03-30,1240.4625244140625,1280.0,1350.0,1273.0,1337.0,74000
2021-03-31,1203.6363525390625,1242.0,1297.0,1242.0,1280.0,70800
2021-04-01,1242.4007568359375,1282.0,1288.0,1261.0,1261.0,69400
2021-04-02,1242.4007568359375,1282.0,1299.0,1274.0,1296.0,35600
2021-04-05,1248.2154541015625,1288.0,1301.0,1277.0,1298.0,26600
2021-04-06,1221.080322265625,1260.0,1315.0,1251.0,1315.0,45600
2021-04-07,1266.6285400390625,1307.0,1307.0,1259.0,1259.0,48000
2021-04-08,1214.296630859375,1253.0,1310.0,1243.0,1288.0,47100
2021-04-09,1197.8216552734375,1236.0,1259.0,1232.0,1250.0,28300
2021-04-12,1218.1729736328125,1257.0,1266.0,1247.0,1266.0,19400
2021-04-13,1211.38916015625,1250.0,1258.0,1244.0,1256.0,17300
2021-04-14,1187.161376953125,1225.0,1238.0,1213.0,1238.0,30100
2021-04-15,1197.8216552734375,1236.0,1248.0,1225.0,1225.0,26700
2021-04-16,1184.2540283203125,1222.0,1241.0,1217.0,1240.0,18700
2021-04-19,1174.56298828125,1212.0,1232.0,1212.0,1222.0,20200
2021-04-20,1154.2115478515625,1191.0,1216.0,1191.0,1210.0,34500
2021-04-21,1135.7984619140625,1172.0,1179.0,1159.0,1171.0,44200
2021-04-22,1147.4278564453125,1184.0,1191.0,1177.0,1180.0,21800
2021-04-23,1150.335205078125,1187.0,1194.0,1178.0,1178.0,19200
2021-04-26,1131.9219970703125,1168.0,1206.0,1164.0,1187.0,43000
2021-04-27,1109.6324462890625,1145.0,1162.0,1145.0,1152.0,29000
2021-04-28,1091.2193603515625,1126.0,1147.0,1126.0,1145.0,40400
2021-04-30,1085.4046630859375,1120.0,1137.0,1120.0,1130.0,35700
2021-05-06,1099.94140625,1135.0,1157.0,1125.0,1125.0,32600
2021-05-07,1110.6016845703125,1146.0,1156.0,1141.0,1150.0,30200
2021-05-10,1129.0147705078125,1165.0,1165.0,1152.0,1158.0,27500
2021-05-11,1090.2503662109375,1125.0,1165.0,1125.0,1158.0,55900
2021-05-12,1086.3739013671875,1121.0,1138.0,1116.0,1132.0,31200
2021-05-13,1096.06494140625,1131.0,1153.0,1120.0,1134.0,57500
2021-05-14,1122.23095703125,1158.0,1183.0,1144.0,1144.0,34800
2021-05-17,1117.3853759765625,1153.0,1166.0,1146.0,1159.0,31800
2021-05-18,1130.9530029296875,1167.0,1169.0,1153.0,1153.0,25700
2021-05-19,1123.2000732421875,1159.0,1168.0,1153.0,1155.0,22300
2021-05-20,1120.292724609375,1156.0,1172.0,1156.0,1157.0,24000
2021-05-21,1111.5706787109375,1147.0,1160.0,1147.0,1151.0,20500
2021-05-24,1151.3043212890625,1188.0,1197.0,1155.0,1155.0,76900
2021-05-25,1133.8602294921875,1170.0,1188.0,1164.0,1188.0,45700
2021-05-26,1123.2000732421875,1159.0,1179.0,1157.0,1177.0,26000
2021-05-27,1074.7445068359375,1109.0,1160.0,1109.0,1155.0,108400
2021-05-28,1125.1383056640625,1161.0,1166.0,1141.0,1141.0,59200
2021-05-31,1117.3853759765625,1153.0,1173.0,1152.0,1164.0,43600
2021-06-01,1124.169189453125,1160.0,1169.0,1147.0,1158.0,28500
2021-06-02,1125.1383056640625,1161.0,1171.0,1148.0,1148.0,61000
2021-06-03,1136.7677001953125,1173.0,1176.0,1150.0,1150.0,27100
2021-06-04,1125.1383056640625,1161.0,1180.0,1155.0,1158.0,39900
2021-06-07,1121.2618408203125,1157.0,1174.0,1157.0,1169.0,35300
2021-06-08,1127.0765380859375,1163.0,1167.0,1157.0,1157.0,42600
2021-06-09,1125.1383056640625,1161.0,1173.0,1154.0,1169.0,14500
2021-06-10,1120.292724609375,1156.0,1165.0,1154.0,1158.0,20100
2021-06-11,1116.416259765625,1152.0,1159.0,1144.0,1149.0,145800
2021-06-14,1115.4471435546875,1151.0,1163.0,1149.0,1163.0,15400
2021-06-15,1117.3853759765625,1153.0,1156.0,1146.0,1151.0,19400
2021-06-16,1130.9530029296875,1167.0,1167.0,1150.0,1150.0,18000
2021-06-17,1118.3544921875,1154.0,1162.0,1146.0,1157.0,24200
2021-06-18,1107.6942138671875,1143.0,1153.0,1142.0,1153.0,35100
2021-06-21,1075.713623046875,1110.0,1128.0,1110.0,1128.0,54200
2021-06-22,1098.003173828125,1133.0,1140.0,1127.0,1140.0,48200
2021-06-23,1089.2811279296875,1124.0,1134.0,1122.0,1126.0,30100
2021-06-24,1109.6324462890625,1145.0,1152.0,1121.0,1121.0,43000
2021-06-25,1114.4781494140625,1150.0,1157.0,1150.0,1153.0,16600
2021-06-28,1118.3544921875,1154.0,1160.0,1141.0,1150.0,26700
2021-06-29,1097.0340576171875,1132.0,1145.0,1131.0,1140.0,48600
2021-06-30,1088.3121337890625,1123.0,1149.0,1123.0,1149.0,30500
2021-07-01,1096.06494140625,1131.0,1141.0,1116.0,1125.0,31500
2021-07-02,1130.9530029296875,1167.0,1168.0,1129.0,1131.0,51800
2021-07-05,1108.6634521484375,1144.0,1161.0,1144.0,1161.0,21900
2021-07-06,1117.3853759765625,1153.0,1161.0,1148.0,1154.0,10500
2021-07-07,1102.8487548828125,1138.0,1146.0,1130.0,1134.0,28100
2021-07-08,1080.5592041015625,1115.0,1141.0,1115.0,1131.0,42300
2021-07-09,1089.2811279296875,1124.0,1138.0,1110.0,1138.0,73000
2021-07-12,1148.39697265625,1185.0,1187.0,1143.0,1148.0,77900
2021-07-13,1158.0880126953125,1195.0,1211.0,1171.0,1198.0,68800
2021-07-14,1143.551513671875,1180.0,1195.0,1178.0,1187.0,24900
2021-07-15,1150.335205078125,1187.0,1220.0,1184.0,1196.0,66600
2021-07-16,1114.4781494140625,1150.0,1178.0,1150.0,1178.0,38500
2021-07-19,1100.9105224609375,1136.0,1156.0,1136.0,1141.0,80100
2021-07-20,1116.416259765625,1152.0,1157.0,1133.0,1133.0,35100
2021-07-21,1110.6016845703125,1146.0,1165.0,1140.0,1163.0,25600
2021-07-26,1127.0765380859375,1163.0,1174.0,1153.0,1174.0,23000
2021-07-27,1141.6131591796875,1178.0,1178.0,1164.0,1172.0,20700
2021-07-28,1122.23095703125,1158.0,1163.0,1154.0,1154.0,9400
2021-07-29,1124.169189453125,1160.0,1160.0,1152.0,1158.0,9100
2021-07-30,1102.8487548828125,1138.0,1153.0,1138.0,1148.0,20400
2021-08-02,1140.64404296875,1177.0,1179.0,1147.0,1147.0,39000
2021-08-03,1142.582275390625,1179.0,1183.0,1168.0,1169.0,12000
2021-08-04,1118.3544921875,1154.0,1173.0,1154.0,1172.0,19100
2021-08-05,1104.7869873046875,1140.0,1158.0,1140.0,1141.0,11500
2021-08-06,1117.3853759765625,1153.0,1158.0,1133.0,1140.0,10100
2021-08-10,1155.1807861328125,1192.0,1209.0,1157.0,1164.0,52500
2021-08-11,1152.2734375,1189.0,1228.0,1180.0,1214.0,53100
2021-08-12,1158.0880126953125,1195.0,1203.0,1185.0,1192.0,34100
2021-08-13,1138.705810546875,1175.0,1195.0,1173.0,1186.0,13800
2021-08-16,1123.2000732421875,1159.0,1180.0,1159.0,1178.0,35400
2021-08-17,1132.8912353515625,1169.0,1179.0,1156.0,1172.0,19800
2021-08-18,1124.169189453125,1160.0,1177.0,1155.0,1170.0,24100
2021-08-19,1104.7869873046875,1140.0,1163.0,1140.0,1163.0,19600
2021-08-20,1102.8487548828125,1138.0,1145.0,1133.0,1135.0,27400
2021-08-23,1114.4781494140625,1150.0,1162.0,1150.0,1154.0,22900
2021-08-24,1123.2000732421875,1159.0,1179.0,1150.0,1150.0,34400
2021-08-25,1129.98388671875,1166.0,1172.0,1152.0,1155.0,19400
2021-08-26,1128.045654296875,1164.0,1168.0,1154.0,1164.0,19600
2021-08-27,1132.8912353515625,1169.0,1169.0,1145.0,1164.0,22500
2021-08-30,1152.2734375,1189.0,1189.0,1169.0,1169.0,25600
2021-08-31,1137.7366943359375,1174.0,1202.0,1174.0,1189.0,40600
2021-09-01,1161.9644775390625,1199.0,1200.0,1181.0,1181.0,26300
2021-09-02,1164.871826171875,1202.0,1208.0,1192.0,1200.0,22500
2021-09-03,1185.22314453125,1223.0,1223.0,1192.0,1203.0,39500
2021-09-06,1176.501220703125,1214.0,1225.0,1202.0,1223.0,25000
2021-09-07,1180.3775634765625,1218.0,1231.0,1204.0,1219.0,56000
2021-09-08,1185.22314453125,1223.0,1223.0,1202.0,1214.0,35600
2021-09-09,1202.6671142578125,1241.0,1245.0,1222.0,1223.0,33600
2021-09-10,1229.8023681640625,1269.0,1269.0,1238.0,1240.0,67400
2021-09-13,1232.709716796875,1272.0,1272.0,1240.0,1258.0,28300
2021-09-14,1239.493408203125,1279.0,1279.0,1241.0,1267.0,46400
2021-09-15,1207.5128173828125,1246.0,1251.0,1236.0,1249.0,20200
2021-09-16,1217.203857421875,1256.0,1262.0,1227.0,1244.0,40200
2021-09-17,1237.55517578125,1277.0,1277.0,1245.0,1259.0,52100
2021-09-21,1210.420166015625,1249.0,1260.0,1229.0,1255.0,43000
2021-09-22,1215.265625,1254.0,1265.0,1241.0,1241.0,38800
2021-09-24,1264.6903076171875,1305.0,1310.0,1265.0,1278.0,63200
2021-09-27,1247.2462158203125,1287.0,1309.0,1282.0,1293.0,34100
2021-09-28,1246.2772216796875,1286.0,1298.0,1252.0,1298.0,38800
2021-09-29,1223.18896484375,1245.0,1261.0,1233.0,1261.0,51000
2021-09-30,1236.943603515625,1259.0,1294.0,1244.0,1244.0,58200
2021-10-01,1194.697021484375,1216.0,1244.0,1209.0,1244.0,52900
2021-10-04,1198.626953125,1220.0,1237.0,1220.0,1232.0,22700
2021-10-05,1171.117431640625,1192.0,1216.0,1192.0,1206.0,59400
2021-10-06,1197.6444091796875,1219.0,1252.0,1219.0,1220.0,31400
2021-10-07,1186.837158203125,1208.0,1221.0,1200.0,1217.0,39800
2021-10-08,1188.8021240234375,1210.0,1230.0,1210.0,1212.0,34300
2021-10-11,1182.9072265625,1204.0,1213.0,1201.0,1202.0,45800
2021-10-12,1178.977294921875,1200.0,1204.0,1187.0,1198.0,64700
2021-10-13,1149.5028076171875,1170.0,1185.0,1161.0,1183.0,55900
2021-10-14,1141.6429443359375,1162.0,1173.0,1142.0,1163.0,65800
2021-10-15,1169.1524658203125,1190.0,1190.0,1165.0,1171.0,31000
2021-10-18,1175.04736328125,1196.0,1196.0,1181.0,1191.0,31000
2021-10-19,1152.4503173828125,1173.0,1187.0,1168.0,1186.0,34100
2021-10-20,1149.5028076171875,1170.0,1178.0,1164.0,1176.0,33500
2021-10-21,1141.6429443359375,1162.0,1179.0,1156.0,1170.0,51900
2021-10-22,1140.6605224609375,1161.0,1164.0,1150.0,1154.0,33000
2021-10-25,1135.7481689453125,1156.0,1168.0,1150.0,1151.0,31800
2021-10-26,1157.3626708984375,1178.0,1182.0,1157.0,1158.0,61400
2021-10-27,1155.397705078125,1176.0,1183.0,1164.0,1183.0,42900
2021-10-28,1141.6429443359375,1162.0,1166.0,1143.0,1166.0,254600
2021-10-29,1135.7481689453125,1156.0,1166.0,1143.0,1163.0,179100
2021-11-01,1168.1700439453125,1189.0,1189.0,1164.0,1185.0,42000
2021-11-02,1124.9407958984375,1145.0,1175.0,1145.0,1174.0,62900
2021-11-04,1129.853271484375,1150.0,1161.0,1149.0,1159.0,34700
2021-11-05,1114.133544921875,1134.0,1150.0,1122.0,1150.0,46800
2021-11-08,1122.975830078125,1143.0,1150.0,1131.0,1138.0,41100
2021-11-09,1097.431396484375,1117.0,1143.0,1117.0,1143.0,69100
2021-11-10,1091.5364990234375,1111.0,1128.0,1105.0,1122.0,52100
2021-11-11,1081.711669921875,1101.0,1118.0,1097.0,1111.0,71300
2021-11-12,1064.0269775390625,1083.0,1118.0,1075.0,1101.0,150100
2021-11-15,1044.3773193359375,1063.0,1086.0,1057.0,1085.0,121000
2021-11-16,1034.5526123046875,1053.0,1075.0,1053.0,1066.0,94000
2021-11-17,1016.867919921875,1035.0,1066.0,1035.0,1066.0,83600
2021-11-18,1005.078125,1023.0,1031.0,1017.0,1030.0,87900
2021-11-19,1000.1657104492188,1018.0,1032.0,1013.0,1024.0,59100
2021-11-22,999.1832275390624,1017.0,1021.0,1003.0,1018.0,61300
2021-11-24,996.2357788085938,1014.0,1032.0,1011.0,1017.0,70200
2021-11-25,1001.148193359375,1019.0,1024.0,1011.0,1014.0,92400
2021-11-26,973.6387329101562,991.0,1002.0,975.0,1002.0,205000
2021-11-29,958.9014892578124,976.0,980.0,962.0,980.0,149500
2021-11-30,974.6212158203124,992.0,992.0,959.0,974.0,701600
2021-12-01,968.726318359375,986.0,991.0,960.0,977.0,123800
2021-12-02,985.4285278320312,1003.0,1015.0,975.0,975.0,109300
2021-12-03,980.51611328125,998.0,1009.0,986.0,996.0,104900
2021-12-06,980.51611328125,998.0,1019.0,993.0,1000.0,82200
2021-12-07,1005.078125,1023.0,1026.0,1002.0,1003.0,94300
2021-12-08,1006.0606079101562,1024.0,1034.0,1019.0,1027.0,62700
2021-12-09,992.3058471679688,1010.0,1031.0,1006.0,1031.0,44200
2021-12-10,989.3584594726562,1007.0,1013.0,1000.0,1013.0,68900
2021-12-13,996.2357788085938,1014.0,1021.0,1008.0,1021.0,29500
2021-12-14,990.3408813476562,1008.0,1012.0,1000.0,1012.0,60200
2021-12-15,994.2708129882812,1012.0,1019.0,1000.0,1000.0,21200
2021-12-16,1006.0606079101562,1024.0,1031.0,1017.0,1029.0,62800
2021-12-17,1016.867919921875,1035.0,1039.0,1027.0,1027.0,51500
2021-12-20,978.5511474609376,996.0,1027.0,996.0,1027.0,37400
2021-12-21,980.51611328125,998.0,1011.0,997.0,1006.0,41700
2021-12-22,985.4285278320312,1003.0,1007.0,999.0,1000.0,32300
2021-12-23,992.3058471679688,1010.0,1014.0,1006.0,1007.0,15700
2021-12-24,993.288330078125,1011.0,1019.0,1011.0,1019.0,21600
2021-12-27,1001.148193359375,1019.0,1020.0,1005.0,1010.0,39100
2021-12-28,1023.7452392578124,1042.0,1042.0,1015.0,1016.0,46400
2021-12-29,1023.7452392578124,1042.0,1048.0,1031.0,1036.0,32500
2021-12-30,1024.727783203125,1043.0,1050.0,1035.0,1045.0,15200
2022-01-04,1048.3072509765625,1067.0,1068.0,1050.0,1052.0,30900
2022-01-05,1053.2197265625,1072.0,1078.0,1067.0,1073.0,37500
2022-01-06,1036.517578125,1055.0,1071.0,1055.0,1067.0,42500
2022-01-07,1037.5,1056.0,1078.0,1056.0,1071.0,37500
2022-01-11,1029.64013671875,1048.0,1062.0,1029.0,1056.0,47500
2022-01-12,1043.3948974609375,1062.0,1069.0,1049.0,1049.0,34300
2022-01-13,1042.412353515625,1061.0,1076.0,1061.0,1071.0,23400
2022-01-14,1030.6226806640625,1049.0,1063.0,1044.0,1061.0,38600
2022-01-17,1022.7627563476562,1041.0,1060.0,1041.0,1054.0,12200
2022-01-18,1020.7978515625,1039.0,1053.0,1037.0,1049.0,34000
2022-01-19,1002.1306762695312,1020.0,1041.0,1018.0,1034.0,62700
2022-01-20,1000.1657104492188,1018.0,1028.0,1005.0,1017.0,61900
2022-01-21,996.2357788085938,1014.0,1016.0,997.0,1007.0,60400
2022-01-24,1008.0255737304688,1026.0,1034.0,1016.0,1017.0,44100
2022-01-25,997.21826171875,1015.0,1026.0,1005.0,1026.0,39400
2022-01-26,986.4110107421876,1004.0,1017.0,1004.0,1015.0,40100
2022-01-27,955.9541015625,973.0,1015.0,971.0,1008.0,71600
2022-01-28,979.5336303710938,997.0,998.0,988.0,997.0,48300
2022-01-31,980.51611328125,998.0,1004.0,990.0,993.0,26100
2022-02-01,983.4635620117188,1001.0,1004.0,994.0,997.0,30100
2022-02-02,1007.0430908203124,1025.0,1025.0,1002.0,1007.0,30100
2022-02-03,1003.1131591796876,1021.0,1028.0,1021.0,1024.0,17800
2022-02-04,1012.93798828125,1031.0,1033.0,1023.0,1025.0,33500
2022-02-07,1016.867919921875,1035.0,1040.0,1023.0,1023.0,41000
2022-02-08,1016.867919921875,1035.0,1040.0,1024.0,1035.0,38600
2022-02-09,1025.710205078125,1044.0,1053.0,1031.0,1035.0,93000
2022-02-10,1033.570068359375,1052.0,1052.0,1032.0,1049.0,51000
2022-02-14,1029.64013671875,1048.0,1054.0,1037.0,1045.0,48800
2022-02-15,1035.5350341796875,1054.0,1072.0,1047.0,1056.0,43900
2022-02-16,1066.9744873046875,1086.0,1090.0,1067.0,1069.0,53600
2022-02-17,1034.5526123046875,1053.0,1079.0,1053.0,1079.0,35400
2022-02-18,1032.587646484375,1051.0,1057.0,1046.0,1050.0,20500
2022-02-21,1023.7452392578124,1042.0,1075.0,1038.0,1045.0,23500
2022-02-22,1007.0430908203124,1025.0,1037.0,1024.0,1037.0,31800
2022-02-24,1009.9905395507812,1028.0,1030.0,1011.0,1023.0,35700
2022-02-25,1019.8153686523438,1038.0,1038.0,1019.0,1034.0,33300
2022-02-28,1032.587646484375,1051.0,1053.0,1031.0,1040.0,40100
2022-03-01,1046.34228515625,1065.0,1076.0,1051.0,1051.0,39600
2022-03-02,1015.8854370117188,1034.0,1060.0,1034.0,1060.0,33900
2022-03-03,1023.7452392578124,1042.0,1057.0,1038.0,1050.0,41000
2022-03-04,1018.8328857421876,1037.0,1047.0,1034.0,1037.0,23400
2022-03-07,993.288330078125,1011.0,1044.0,1011.0,1032.0,44200
2022-03-08,976.586181640625,994.0,1016.0,984.0,1011.0,55000
2022-03-09,989.3584594726562,1007.0,1022.0,996.0,998.0,48000
2022-03-10,1032.587646484375,1051.0,1052.0,1025.0,1037.0,51300
2022-03-11,1015.8854370117188,1034.0,1040.0,1029.0,1031.0,28100
2022-03-14,1029.64013671875,1048.0,1053.0,1039.0,1039.0,18600
2022-03-15,1039.4649658203125,1058.0,1058.0,1040.0,1051.0,16000
2022-03-16,1032.587646484375,1051.0,1067.0,1047.0,1067.0,26700
2022-03-17,1057.149658203125,1076.0,1077.0,1046.0,1054.0,45400
2022-03-18,1055.1846923828125,1074.0,1076.0,1059.0,1073.0,34500
2022-03-22,1061.07958984375,1080.0,1099.0,1070.0,1083.0,52500
2022-03-23,1065.009521484375,1084.0,1093.0,1072.0,1076.0,61300
2022-03-24,1060.0970458984375,1079.0,1080.0,1061.0,1080.0,33400
2022-03-25,1056.1671142578125,1075.0,1083.0,1070.0,1081.0,33200
2022-03-28,1046.34228515625,1065.0,1079.0,1059.0,1070.0,26800
2022-03-29,1037.5,1056.0,1069.0,1049.0,1069.0,71700
2022-03-30,1026.0,1026.0,1028.0,1007.0,1009.0,373600
2022-03-31,1008.0,1008.0,1028.0,1003.0,1015.0,56800
2022-04-01,1016.0,1016.0,1021.0,1001.0,1008.0,48000
2022-04-04,1029.0,1029.0,1040.0,1014.0,1014.0,53800
2022-04-05,1022.0,1022.0,1041.0,1022.0,1041.0,54200
2022-04-06,1025.0,1025.0,1029.0,1014.0,1022.0,107200
2022-04-07,1015.0,1015.0,1021.0,1007.0,1012.0,49800
2022-04-08,1008.0,1008.0,1025.0,1003.0,1025.0,68000
2022-04-11,1002.0,1002.0,1013.0,998.0,1009.0,48800
2022-04-12,996.0,996.0,1007.0,994.0,1002.0,37000
2022-04-13,1008.0,1008.0,1010.0,997.0,997.0,32200
2022-04-14,1024.0,1024.0,1024.0,1005.0,1006.0,38800
2022-04-15,1008.0,1008.0,1023.0,1008.0,1010.0,19100
2022-04-18,1006.0,1006.0,1012.0,1000.0,1002.0,44000
2022-04-19,1008.0,1008.0,1012.0,1004.0,1011.0,13900
2022-04-20,1021.0,1021.0,1025.0,1008.0,1008.0,28700
2022-04-21,1039.0,1039.0,1040.0,1020.0,1021.0,66300
2022-04-22,1016.0,1016.0,1030.0,1016.0,1028.0,23300
2022-04-25,1015.0,1015.0,1025.0,1006.0,1015.0,56500
2022-04-26,1018.0,1018.0,1022.0,1012.0,1018.0,31300
2022-04-27,1000.0,1000.0,1013.0,994.0,1010.0,94400
2022-04-28,1044.0,1044.0,1044.0,1002.0,1002.0,47900
2022-05-02,1053.0,1053.0,1057.0,1034.0,1043.0,36300
2022-05-06,1072.0,1072.0,1075.0,1053.0,1053.0,35200
2022-05-09,1045.0,1045.0,1070.0,1043.0,1065.0,41700
2022-05-10,1044.0,1044.0,1048.0,1028.0,1045.0,21600
2022-05-11,1012.0,1012.0,1030.0,1012.0,1017.0,38700
2022-05-12,1024.0,1024.0,1052.0,1008.0,1021.0,117700
2022-05-13,1070.0,1070.0,1070.0,1023.0,1028.0,95000
2022-05-16,1050.0,1050.0,1079.0,1034.0,1079.0,40700
2022-05-17,1041.0,1041.0,1057.0,1035.0,1041.0,45600
2022-05-18,1064.0,1064.0,1068.0,1045.0,1046.0,39300
2022-05-19,1049.0,1049.0,1051.0,1030.0,1036.0,46100
2022-05-20,1052.0,1052.0,1052.0,1036.0,1041.0,36300
2022-05-23,1070.0,1070.0,1072.0,1054.0,1068.0,35000
2022-05-24,1038.0,1038.0,1066.0,1038.0,1066.0,27900
2022-05-25,1035.0,1035.0,1050.0,1035.0,1050.0,25700
2022-05-26,1035.0,1035.0,1047.0,1035.0,1038.0,28600
2022-05-27,1047.0,1047.0,1049.0,1039.0,1049.0,32500
2022-05-30,1042.0,1042.0,1068.0,1042.0,1067.0,86500
2022-05-31,1057.0,1057.0,1064.0,1048.0,1048.0,35600
2022-06-01,1065.0,1065.0,1066.0,1052.0,1058.0,40100
2022-06-02,1084.0,1084.0,1084.0,1064.0,1070.0,54000
2022-06-03,1082.0,1082.0,1092.0,1075.0,1088.0,68500
2022-06-06,1085.0,1085.0,1085.0,1076.0,1079.0,31800
2022-06-07,1096.0,1096.0,1104.0,1089.0,1089.0,33500
2022-06-08,1110.0,1110.0,1114.0,1096.0,1096.0,29800
2022-06-09,1096.0,1096.0,1105.0,1094.0,1101.0,24600
2022-06-10,1080.0,1080.0,1099.0,1080.0,1089.0,40900
2022-06-13,1063.0,1063.0,1076.0,1061.0,1061.0,30000
2022-06-14,1058.0,1058.0,1058.0,1046.0,1046.0,42200
2022-06-15,1047.0,1047.0,1057.0,1043.0,1048.0,32400
2022-06-16,1050.0,1050.0,1064.0,1050.0,1053.0,19200
2022-06-17,1025.0,1025.0,1035.0,1024.0,1035.0,44200
2022-06-20,1030.0,1030.0,1034.0,1016.0,1032.0,50600
2022-06-21,1038.0,1038.0,1045.0,1031.0,1042.0,34300
2022-06-22,1035.0,1035.0,1050.0,1033.0,1046.0,31200
2022-06-23,1030.0,1030.0,1041.0,1030.0,1035.0,18500
2022-06-24,1044.0,1044.0,1047.0,1026.0,1030.0,42400
2022-06-27,1057.0,1057.0,1068.0,1049.0,1063.0,41100
2022-06-28,1076.0,1076.0,1076.0,1059.0,1059.0,46900
2022-06-29,1041.0,1041.0,1072.0,1034.0,1066.0,118800
2022-06-30,1051.0,1051.0,1062.0,1038.0,1051.0,67100
2022-07-01,1042.0,1042.0,1058.0,1036.0,1047.0,85200
2022-07-04,1062.0,1062.0,1067.0,1048.0,1056.0,45100
2022-07-05,1061.0,1061.0,1078.0,1057.0,1071.0,47800
2022-07-06,1043.0,1043.0,1053.0,1039.0,1048.0,40800
2022-07-07,1055.0,1055.0,1060.0,1043.0,1056.0,41400
2022-07-08,1057.0,1057.0,1072.0,1050.0,1054.0,67400
2022-07-11,1081.0,1081.0,1083.0,1069.0,1070.0,55700
2022-07-12,1057.0,1057.0,1075.0,1055.0,1075.0,47100
2022-07-13,1064.0,1064.0,1070.0,1060.0,1060.0,30100
2022-07-14,1066.0,1066.0,1074.0,1061.0,1064.0,16800
2022-07-15,1077.0,1077.0,1083.0,1067.0,1070.0,22500
2022-07-19,1084.0,1084.0,1091.0,1078.0,1087.0,26500
2022-07-20,1095.0,1095.0,1104.0,1092.0,1099.0,39300
2022-07-21,1094.0,1094.0,1104.0,1089.0,1101.0,36400
2022-07-22,1095.0,1095.0,1098.0,1085.0,1092.0,31400
2022-07-25,1085.0,1085.0,1096.0,1081.0,1095.0,11900
2022-07-26,1089.0,1089.0,1093.0,1085.0,1091.0,9800
2022-07-27,1079.0,1079.0,1089.0,1078.0,1089.0,17500
2022-07-28,1092.0,1092.0,1100.0,1074.0,1089.0,45900
2022-07-29,1074.0,1074.0,1100.0,1073.0,1100.0,15600
2022-08-01,1086.0,1086.0,1086.0,1070.0,1075.0,25900
2022-08-02,1070.0,1070.0,1084.0,1066.0,1084.0,19500
2022-08-03,1064.0,1064.0,1075.0,1062.0,1075.0,15700
2022-08-04,1069.0,1069.0,1073.0,1058.0,1073.0,13900
2022-08-05,1099.0,1099.0,1099.0,1066.0,1066.0,37200
2022-08-08,1083.0,1083.0,1097.0,1083.0,1084.0,28500
2022-08-09,1112.0,1112.0,1123.0,1085.0,1085.0,60600
2022-08-10,1093.0,1093.0,1117.0,1086.0,1113.0,27900
2022-08-12,1114.0,1114.0,1121.0,1103.0,1103.0,45700
2022-08-15,1107.0,1107.0,1120.0,1103.0,1120.0,14800
2022-08-16,1093.0,1093.0,1107.0,1092.0,1107.0,15900
2022-08-17,1117.0,1117.0,1120.0,1104.0,1104.0,35200
2022-08-18,1105.0,1105.0,1116.0,1105.0,1113.0,27200
2022-08-19,1109.0,1109.0,1119.0,1109.0,1110.0,8400
2022-08-22,1101.0,1101.0,1109.0,1098.0,1103.0,22600
2022-08-23,1108.0,1108.0,1112.0,1089.0,1100.0,26900
2022-08-24,1104.0,1104.0,1111.0,1100.0,1107.0,15000
2022-08-25,1112.0,1112.0,1114.0,1103.0,1112.0,12000
2022-08-26,1107.0,1107.0,1114.0,1106.0,1114.0,11200
2022-08-29,1094.0,1094.0,1101.0,1088.0,1088.0,47800
2022-08-30,1114.0,1114.0,1114.0,1096.0,1102.0,15100
2022-08-31,1099.0,1099.0,1102.0,1090.0,1099.0,21800
2022-09-01,1087.0,1087.0,1091.0,1082.0,1089.0,44400
2022-09-02,1088.0,1088.0,1095.0,1083.0,1092.0,32800
2022-09-05,1085.0,1085.0,1088.0,1082.0,1085.0,21900
2022-09-06,1087.0,1087.0,1096.0,1082.0,1086.0,31400
2022-09-07,1078.0,1078.0,1085.0,1074.0,1085.0,40000
2022-09-08,1105.0,1105.0,1106.0,1086.0,1086.0,47500
2022-09-09,1117.0,1117.0,1121.0,1101.0,1105.0,43200
2022-09-12,1139.0,1139.0,1139.0,1122.0,1129.0,33600
2022-09-13,1125.0,1125.0,1140.0,1120.0,1140.0,28300
2022-09-14,1095.900390625,1115.0,1125.0,1105.0,1115.0,42000
2022-09-15,1087.0545654296875,1106.0,1115.0,1104.0,1115.0,249000
2022-09-16,1088.0374755859375,1107.0,1116.0,1100.0,1106.0,42900
2022-09-20,1094.9176025390625,1114.0,1121.0,1109.0,1113.0,20300
2022-09-21,1090.986083984375,1110.0,1120.0,1106.0,1112.0,18900
2022-09-22,1090.986083984375,1110.0,1117.0,1097.0,1101.0,36600
2022-09-26,1057.5684814453125,1076.0,1102.0,1076.0,1101.0,66100
2022-09-27,1061.5,1080.0,1096.0,1077.0,1087.0,40400
2022-09-28,1061.5,1080.0,1084.0,1061.0,1076.0,47400
2022-09-29,1088.0,1088.0,1089.0,1072.0,1085.0,32100
2022-09-30,1067.0,1067.0,1092.0,1062.0,1072.0,42600
2022-10-03,1066.0,1066.0,1071.0,1055.0,1067.0,26900
2022-10-04,1108.0,1108.0,1113.0,1088.0,1088.0,35500
2022-10-05,1102.0,1102.0,1125.0,1101.0,1124.0,33700
2022-10-06,1127.0,1127.0,1131.0,1116.0,1116.0,44200
2022-10-07,1120.0,1120.0,1126.0,1111.0,1116.0,21900
2022-10-11,1097.0,1097.0,1108.0,1095.0,1101.0,33300
2022-10-12,1103.0,1103.0,1108.0,1087.0,1092.0,31900
2022-10-13,1093.0,1093.0,1097.0,1087.0,1092.0,49800
2022-10-14,1121.0,1121.0,1123.0,1098.0,1110.0,32700
2022-10-17,1109.0,1109.0,1112.0,1100.0,1101.0,27600
2022-10-18,1126.0,1126.0,1126.0,1113.0,1119.0,21300
2022-10-19,1134.0,1134.0,1135.0,1121.0,1126.0,15600
2022-10-20,1113.0,1113.0,1129.0,1109.0,1121.0,24100
2022-10-21,1112.0,1112.0,1120.0,1108.0,1108.0,20200
2022-10-24,1118.0,1118.0,1132.0,1116.0,1128.0,26900
2022-10-25,1125.0,1125.0,1130.0,1118.0,1128.0,23500
2022-10-26,1124.0,1124.0,1131.0,1123.0,1130.0,18900
2022-10-27,1115.0,1115.0,1124.0,1112.0,1124.0,17700
2022-10-28,1082.0,1082.0,1109.0,1080.0,1102.0,197600
2022-10-31,1108.0,1108.0,1108.0,1095.0,1099.0,36300
2022-11-01,1104.0,1104.0,1114.0,1104.0,1110.0,21700
2022-11-02,1092.0,1092.0,1123.0,1092.0,1104.0,65800
2022-11-04,1104.0,1104.0,1110.0,1095.0,1095.0,34300
2022-11-07,1106.0,1106.0,1112.0,1100.0,1105.0,18400
2022-11-08,1117.0,1117.0,1117.0,1104.0,1108.0,22200
2022-11-09,1130.0,1130.0,1131.0,1111.0,1118.0,35800
2022-11-10,1165.0,1165.0,1190.0,1122.0,1128.0,115400
2022-11-11,1174.0,1174.0,1211.0,1159.0,1190.0,84800
2022-11-14,1134.0,1134.0,1160.0,1134.0,1160.0,34900
2022-11-15,1139.0,1139.0,1147.0,1132.0,1134.0,19800
2022-11-16,1159.0,1159.0,1164.0,1139.0,1139.0,35000
2022-11-17,1162.0,1162.0,1166.0,1155.0,1155.0,14000
2022-11-18,1153.0,1153.0,1171.0,1153.0,1161.0,32500
2022-11-21,1169.0,1169.0,1173.0,1161.0,1168.0,20100
2022-11-22,1220.0,1220.0,1221.0,1174.0,1174.0,91900
2022-11-24,1229.0,1229.0,1230.0,1217.0,1230.0,54500
2022-11-25,1227.0,1227.0,1227.0,1213.0,1226.0,30000
2022-11-28,1221.0,1221.0,1227.0,1211.0,1227.0,37400
2022-11-29,1207.0,1207.0,1213.0,1200.0,1207.0,29800
2022-11-30,1201.0,1201.0,1213.0,1194.0,1201.0,41800
2022-12-01,1192.0,1192.0,1206.0,1189.0,1201.0,33400
2022-12-02,1170.0,1170.0,1192.0,1165.0,1192.0,43200
2022-12-05,1153.0,1153.0,1174.0,1149.0,1170.0,34900
2022-12-06,1161.0,1161.0,1168.0,1150.0,1155.0,36000
2022-12-07,1167.0,1167.0,1178.0,1158.0,1161.0,33000
2022-12-08,1167.0,1167.0,1173.0,1153.0,1171.0,31300
2022-12-09,1171.0,1171.0,1172.0,1163.0,1166.0,34200
2022-12-12,1174.0,1174.0,1178.0,1165.0,1172.0,24100
2022-12-13,1177.0,1177.0,1184.0,1175.0,1184.0,23700
2022-12-14,1185.0,1185.0,1187.0,1176.0,1181.0,23900
2022-12-15,1206.0,1206.0,1207.0,1183.0,1185.0,26300
2022-12-16,1187.0,1187.0,1210.0,1184.0,1190.0,30300
2022-12-19,1206.0,1206.0,1211.0,1185.0,1187.0,30900
2022-12-20,1183.0,1183.0,1212.0,1178.0,1206.0,39600
2022-12-21,1161.0,1161.0,1179.0,1157.0,1175.0,40800
2022-12-22,1172.0,1172.0,1178.0,1163.0,1174.0,16700
2022-12-23,1182.0,1182.0,1184.0,1172.0,1174.0,20400
2022-12-26,1197.0,1197.0,1207.0,1190.0,1190.0,49000
2022-12-27,1219.0,1219.0,1219.0,1199.0,1205.0,27100
2022-12-28,1212.0,1212.0,1216.0,1205.0,1212.0,23900
2022-12-29,1222.0,1222.0,1223.0,1196.0,1207.0,45400
2022-12-30,1221.0,1221.0,1230.0,1219.0,1222.0,39100
2023-01-04,1198.0,1198.0,1230.0,1198.0,1230.0,34000
2023-01-05,1178.0,1178.0,1195.0,1178.0,1193.0,29200
2023-01-06,1175.0,1175.0,1189.0,1168.0,1178.0,38600
2023-01-10,1182.0,1182.0,1190.0,1181.0,1189.0,24600
2023-01-11,1195.0,1195.0,1199.0,1190.0,1192.0,15200
2023-01-12,1207.0,1207.0,1209.0,1195.0,1197.0,28700
2023-01-13,1229.0,1229.0,1243.0,1203.0,1205.0,62700
2023-01-16,1205.0,1205.0,1228.0,1205.0,1228.0,29500
2023-01-17,1235.0,1235.0,1241.0,1213.0,1213.0,30300
2023-01-18,1264.0,1264.0,1266.0,1226.0,1233.0,44000
2023-01-19,1252.0,1252.0,1264.0,1248.0,1253.0,36600
2023-01-20,1285.0,1285.0,1292.0,1245.0,1252.0,52200
2023-01-23,1311.0,1311.0,1313.0,1286.0,1295.0,51500
2023-01-24,1352.0,1352.0,1357.0,1321.0,1321.0,68800
2023-01-25,1361.0,1361.0,1367.0,1335.0,1349.0,48300
2023-01-26,1375.0,1375.0,1378.0,1352.0,1356.0,47200
2023-01-27,1390.0,1390.0,1394.0,1374.0,1382.0,24100
2023-01-30,1404.0,1404.0,1425.0,1383.0,1390.0,94700
2023-01-31,1422.0,1422.0,1440.0,1405.0,1415.0,41100
2023-02-01,1452.0,1452.0,1465.0,1425.0,1433.0,55800
2023-02-02,1433.0,1433.0,1476.0,1430.0,1465.0,58500
2023-02-03,1437.0,1437.0,1453.0,1410.0,1433.0,56000
2023-02-06,1456.0,1456.0,1460.0,1435.0,1437.0,46100
2023-02-07,1470.0,1470.0,1478.0,1460.0,1463.0,26000
2023-02-08,1417.0,1417.0,1465.0,1402.0,1451.0,115800
2023-02-09,1402.0,1402.0,1437.0,1375.0,1415.0,81600
2023-02-10,1384.0,1384.0,1420.0,1375.0,1401.0,92200
2023-02-13,1386.0,1386.0,1404.0,1372.0,1377.0,45500
2023-02-14,1386.0,1386.0,1413.0,1383.0,1398.0,16200
2023-02-15,1346.0,1346.0,1384.0,1345.0,1384.0,54200
2023-02-16,1342.0,1342.0,1361.0,1338.0,1356.0,55100
2023-02-17,1333.0,1333.0,1338.0,1311.0,1320.0,71800
2023-02-20,1376.0,1376.0,1382.0,1340.0,1344.0,45400
2023-02-21,1452.0,1452.0,1452.0,1389.0,1389.0,80700
2023-02-22,1430.0,1430.0,1448.0,1419.0,1448.0,49000
2023-02-24,1445.0,1445.0,1449.0,1432.0,1446.0,65100
2023-02-27,1491.0,1491.0,1495.0,1446.0,1446.0,57100
2023-02-28,1522.0,1522.0,1532.0,1471.0,1495.0,143400
2023-03-01,1537.0,1537.0,1547.0,1512.0,1522.0,54200
2023-03-02,1515.0,1515.0,1546.0,1506.0,1537.0,61400
2023-03-03,1525.0,1525.0,1541.0,1517.0,1524.0,43500
2023-03-06,1522.0,1522.0,1540.0,1514.0,1532.0,34800
2023-03-07,1552.0,1552.0,1559.0,1525.0,1525.0,54100
2023-03-08,1536.0,1536.0,1549.0,1521.0,1549.0,51000
2023-03-09,1575.0,1575.0,1578.0,1545.0,1548.0,60100
2023-03-10,1523.0,1523.0,1551.0,1515.0,1545.0,79200
2023-03-16,1387.0,1387.0,1387.0,1365.0,1380.0,50100
2023-03-17,1365.0,1365.0,1401.0,1361.0,1388.0,67000
2023-03-13,1487.0,1487.0,1499.0,1472.0,1484.0,64500
2023-03-14,1407.0,1407.0,1455.0,1400.0,1450.0,76900
2023-03-15,1424.0,1424.0,1447.0,1417.0,1437.0,33900
2023-03-16,1387.0,1387.0,1391.0,1365.0,1380.0,50100
2023-03-17,1365.0,1365.0,1401.0,1360.0,1388.0,67000
2023-03-20,1337.0,1337.0,1370.0,1334.0,1356.0,30700
2023-03-22,1378.0,1378.0,1385.0,1363.0,1367.0,44500
2023-03-23,1378.0,1378.0,1381.0,1352.0,1361.0,28100
2023-03-29,1435.0,1435.0,1440.0,1396.0,1410.0,53800
2023-03-24,1383.0,1383.0,1393.0,1370.0,1376.0,43800
2023-03-27,1393.0,1393.0,1400.0,1379.0,1392.0,29700
2023-03-28,1399.0,1399.0,1414.0,1394.0,1414.0,22100
2023-03-27,1375.0413818359375,1393.0,1400.0,1379.0,1392.0,29700
2023-03-28,1380.964111328125,1399.0,1414.0,1394.0,1414.0,22100
2023-03-29,1416.5,1435.0,1440.0,1396.0,1410.0,53800
2023-03-30,1434.0,1434.0,1434.0,1407.0,1416.0,46400
2023-03-31,1471.0,1471.0,1482.0,1427.0,1434.0,50600
2023-04-03,1509.0,1509.0,1515.0,1486.0,1489.0,46200
2023-04-04,1525.0,1525.0,1529.0,1499.0,1523.0,47000
2023-04-05,1453.0,1453.0,1501.0,1453.0,1501.0,47800
2023-04-06,1421.0,1421.0,1452.0,1413.0,1444.0,55900
2023-04-07,1429.0,1429.0,1437.0,1414.0,1414.0,24000
2023-04-10,1425.0,1425.0,1443.0,1417.0,1443.0,17600
2023-04-11,1444.0,1444.0,1448.0,1425.0,1425.0,26400
2023-04-12,1477.0,1477.0,1486.0,1447.0,1447.0,30300
2023-04-13,1472.0,1472.0,1481.0,1458.0,1481.0,40900
2023-04-14,1489.0,1489.0,1493.0,1474.0,1474.0,24400
2023-04-17,1485.0,1485.0,1491.0,1470.0,1491.0,24300
2023-04-18,1485.0,1485.0,1491.0,1471.0,1491.0,30700
2023-04-19,1474.0,1474.0,1476.0,1462.0,1475.0,19200
2023-04-20,1493.0,1493.0,1498.0,1461.0,1461.0,28400
2023-04-21,1521.0,1521.0,1528.0,1473.0,1489.0,62900
2023-04-24,1518.0,1518.0,1544.0,1508.0,1544.0,43100
2023-04-28,1555.0,1555.0,1554.0,1525.0,1530.0,39300
2023-04-25,1514.0,1514.0,1539.0,1511.0,1518.0,36700
2023-04-26,1514.0,1514.0,1529.0,1485.0,1495.0,39200
2023-04-27,1509.0,1509.0,1522.0,1501.0,1509.0,28300
2023-04-28,1555.0,1555.0,1555.0,1525.0,1530.0,47500
2023-05-01,1579.0,1579.0,1591.0,1569.0,1579.0,39700
2023-05-02,1599.0,1599.0,1614.0,1573.0,1585.0,67100
2023-05-08,1627.0,1627.0,1643.0,1580.0,1583.0,65600
2023-05-09,1651.0,1651.0,1660.0,1625.0,1646.0,49500
2023-05-10,1632.0,1632.0,1672.0,1632.0,1660.0,39200
2023-05-11,1538.0,1538.0,1637.0,1505.0,1628.0,126900
2023-05-12,1512.0,1512.0,1528.0,1490.0,1498.0,111900
2023-05-18,1512.0,1512.0,1530.0,1502.0,1525.0,37100
2023-05-15,1521.0,1521.0,1548.0,1504.0,1519.0,34900
2023-05-16,1526.0,1526.0,1529.0,1498.0,1529.0,45300
2023-05-17,1512.0,1512.0,1518.0,1492.0,1512.0,28200
2023-05-18,1512.0,1512.0,1530.0,1499.0,1525.0,37100
2023-05-19,1491.0,1491.0,1511.0,1481.0,1502.0,36900
2023-05-22,1497.0,1497.0,1498.0,1473.0,1480.0,43400
