Date,Adj Close,Close,High,Low,Open,Volume
2000-01-04,4126.03271484375,6520.0,6680.0,6380.0,6680.0,1.0
2000-01-05,4031.109619140625,6370.0,6400.0,6010.0,6220.0,3.0
2000-01-06,4062.75048828125,6420.0,6640.0,6160.0,6200.0,3.0
2000-01-07,4201.9716796875,6640.0,6700.0,6260.0,6520.0,3.0
2000-01-10,4201.9716796875,6640.0,6640.0,6640.0,6640.0,0.0
2000-01-11,3999.467529296875,6320.0,6640.0,6300.0,6640.0,2.0
2000-01-12,3986.811767578125,6300.0,6480.0,6230.0,6400.0,1.0
2000-01-13,3910.873046875,6180.0,6250.0,6140.0,6250.0,1.0
2000-01-14,4113.3759765625,6500.0,6500.0,6150.0,6380.0,2.0
2000-01-17,3986.811767578125,6300.0,6400.0,6220.0,6400.0,2.0
2000-01-18,3986.811767578125,6300.0,6380.0,6260.0,6380.0,2.0
2000-01-19,3847.5888671875,6080.0,6270.0,6050.0,6270.0,2.0
2000-01-20,3828.603759765625,6050.0,6080.0,5980.0,6060.0,2.0
2000-01-21,3689.38232421875,5830.0,5990.0,5750.0,5950.0,2.0
2000-01-24,3575.4736328125,5650.0,5700.0,5540.0,5540.0,3.0
2000-01-25,3505.86279296875,5540.0,5640.0,5540.0,5550.0,2.0
2000-01-26,3543.83251953125,5600.0,5620.0,5530.0,5540.0,1.0
2000-01-27,3670.396728515625,5800.0,5940.0,5550.0,5550.0,4.0
2000-01-28,3733.6806640625,5900.0,5930.0,5760.0,5890.0,4.0
2000-01-31,3796.963134765625,6000.0,6070.0,5940.0,5940.0,4.0
2000-02-01,3550.160888671875,5610.0,5980.0,5610.0,5980.0,4.0
2000-02-02,3524.8466796875,5570.0,5800.0,5570.0,5600.0,2.0
2000-02-03,3689.38232421875,5830.0,5900.0,5650.0,5670.0,2.0
2000-02-04,3588.12939453125,5670.0,5810.0,5660.0,5790.0,2.0
2000-02-07,3588.12939453125,5670.0,5750.0,5670.0,5740.0,2.0
2000-02-08,3493.205322265625,5520.0,5610.0,5430.0,5600.0,2.0
2000-02-09,3385.62548828125,5350.0,5440.0,5210.0,5410.0,4.0
2000-02-10,3208.433349609375,5070.0,5310.0,5070.0,5250.0,3.0
2000-02-11,3208.433349609375,5070.0,5070.0,5070.0,5070.0,0.0
2000-02-14,2974.287353515625,4700.0,4910.0,4690.0,4900.0,4.0
2000-02-15,2847.72216796875,4500.0,4650.0,4360.0,4610.0,7.0
2000-02-16,3005.92919921875,4750.0,4880.0,4520.0,4550.0,4.0
2000-02-17,2929.98974609375,4630.0,4900.0,4630.0,4800.0,3.0
2000-02-18,3037.5703125,4800.0,4840.0,4680.0,4800.0,2.0
2000-02-21,2847.72216796875,4500.0,4730.0,4500.0,4700.0,2.0
2000-02-22,2828.737548828125,4470.0,4650.0,4450.0,4450.0,4.0
2000-02-23,2936.31787109375,4640.0,4640.0,4570.0,4570.0,2.0
2000-02-24,2885.691650390625,4560.0,4640.0,4510.0,4600.0,3.0
2000-02-25,2967.958984375,4690.0,4720.0,4490.0,4500.0,4.0
2000-02-28,2860.379150390625,4520.0,4690.0,4500.0,4590.0,3.0
2000-02-29,2942.646240234375,4650.0,4690.0,4540.0,4540.0,3.0
2000-03-01,3037.5703125,4800.0,4800.0,4580.0,4640.0,2.0
2000-03-02,3005.92919921875,4750.0,4800.0,4720.0,4750.0,1.0
2000-03-03,3012.2568359375,4760.0,4850.0,4750.0,4850.0,2.0
2000-03-06,3069.211181640625,4850.0,4880.0,4790.0,4800.0,1.0
2000-03-07,3094.52490234375,4890.0,4920.0,4810.0,4850.0,1.0
2000-03-08,3075.53955078125,4860.0,4950.0,4830.0,4840.0,3.0
2000-03-09,3581.801513671875,5660.0,5660.0,5060.0,5070.0,7.0
2000-03-10,3796.963134765625,6000.0,6290.0,5570.0,6270.0,11.0
2000-03-13,3961.49658203125,6260.0,6390.0,6020.0,6100.0,4.0
2000-03-14,3986.811767578125,6300.0,6560.0,5890.0,6460.0,6.0
2000-03-15,3860.24560546875,6100.0,6210.0,5810.0,6200.0,4.0
2000-03-16,3733.6806640625,5900.0,5900.0,5620.0,5900.0,3.0
2000-03-17,3505.86279296875,5540.0,5880.0,5290.0,5880.0,6.0
2000-03-20,3505.86279296875,5540.0,5540.0,5540.0,5540.0,0.0
2000-03-21,3486.877685546875,5510.0,5610.0,5430.0,5540.0,3.0
2000-03-22,3442.57958984375,5440.0,5580.0,5400.0,5560.0,2.0
2000-03-23,3259.0595703125,5150.0,5320.0,5060.0,5300.0,3.0
2000-03-24,3461.565185546875,5470.0,5470.0,5040.0,5100.0,4.0
2000-03-27,3524.8466796875,5570.0,5950.0,5450.0,5470.0,5.0
2000-03-28,3752.66455078125,5930.0,6020.0,5750.0,5800.0,3.0
2000-03-29,3860.24560546875,6100.0,6230.0,5860.0,5900.0,2.0
2000-03-30,3714.696044921875,5870.0,6060.0,5810.0,5910.0,2.0
2000-03-31,3638.7568359375,5750.0,6100.0,5750.0,5970.0,2.0
2000-04-03,3740.0087890625,5910.0,6010.0,5550.0,5550.0,2.0
2000-04-04,3822.27685546875,6040.0,6100.0,5910.0,6010.0,1.0
2000-04-05,3872.90283203125,6120.0,6200.0,5990.0,6100.0,3.0
2000-04-06,3752.66455078125,5930.0,6100.0,5800.0,6020.0,1.0
2000-04-07,3879.23095703125,6130.0,6160.0,5920.0,5970.0,3.0
2000-04-10,3784.306884765625,5980.0,6180.0,5980.0,6050.0,1.0
2000-04-11,3670.396728515625,5800.0,5960.0,5800.0,5960.0,1.0
2000-04-12,3860.24560546875,6100.0,6110.0,5810.0,5900.0,2.0
2000-04-13,3765.321533203125,5950.0,6200.0,5940.0,6060.0,3.0
2000-04-14,3733.6806640625,5900.0,6040.0,5850.0,5850.0,2.0
2000-04-17,3575.4736328125,5650.0,5990.0,5600.0,5800.0,3.0
2000-04-18,3575.4736328125,5650.0,5900.0,5550.0,5810.0,2.0
2000-04-19,3353.98388671875,5300.0,5690.0,5300.0,5550.0,3.0
2000-04-20,3442.57958984375,5440.0,5620.0,5390.0,5390.0,3.0
2000-04-21,3265.38818359375,5160.0,5500.0,5020.0,5440.0,5.0
2000-04-24,3480.548828125,5500.0,5570.0,5410.0,5460.0,2.0
2000-04-25,3550.160888671875,5610.0,5610.0,5410.0,5470.0,1.0
2000-04-26,3448.908203125,5450.0,5590.0,5370.0,5520.0,1.0
2000-04-27,3429.92333984375,5420.0,5630.0,5330.0,5400.0,2.0
2000-04-28,3290.701171875,5200.0,5350.0,5120.0,5220.0,3.0
2000-05-01,3347.656005859375,5290.0,5340.0,5090.0,5100.0,2.0
2000-05-02,3322.342529296875,5250.0,5560.0,5200.0,5530.0,3.0
2000-05-05,3322.342529296875,5250.0,5250.0,5250.0,5250.0,0.0
2000-05-08,3341.327392578125,5280.0,5280.0,5130.0,5200.0,2.0
2000-05-09,3341.327392578125,5280.0,5280.0,5280.0,5280.0,0.0
2000-05-10,3664.069580078125,5790.0,5790.0,5250.0,5250.0,2.0
2000-05-11,3531.175537109375,5580.0,5640.0,5410.0,5500.0,0.0
2000-05-12,3322.342529296875,5250.0,5540.0,5250.0,5510.0,3.0
2000-05-15,3461.565185546875,5470.0,5500.0,5310.0,5350.0,2.0
2000-05-16,3480.548828125,5500.0,5510.0,5360.0,5460.0,1.0
2000-05-17,3398.28173828125,5370.0,5410.0,5330.0,5400.0,1.0
2000-05-18,3259.0595703125,5150.0,5290.0,5110.0,5290.0,3.0
2000-05-19,3322.342529296875,5250.0,5330.0,5160.0,5190.0,2.0
2000-05-22,3271.716552734375,5170.0,5210.0,5100.0,5150.0,1.0
2000-05-23,3316.014404296875,5240.0,5280.0,5100.0,5130.0,1.0
2000-05-24,3322.342529296875,5250.0,5410.0,5110.0,5200.0,3.0
2000-05-25,3328.671630859375,5260.0,5330.0,5140.0,5260.0,2.0
2000-05-26,3265.38818359375,5160.0,5200.0,5140.0,5170.0,2.0
2000-05-29,3202.105712890625,5060.0,5180.0,5010.0,5100.0,1.0
2000-05-30,3202.105712890625,5060.0,5060.0,5060.0,5060.0,0.0
2000-05-31,3031.241943359375,4790.0,4990.0,4760.0,4970.0,4.0
2000-06-01,3094.52490234375,4890.0,4950.0,4810.0,4890.0,3.0
2000-06-02,3151.479248046875,4980.0,5070.0,4900.0,4900.0,1.0
2000-06-05,3100.853515625,4900.0,5090.0,4870.0,5030.0,1.0
2000-06-06,3005.92919921875,4750.0,4860.0,4750.0,4850.0,2.0
2000-06-07,3012.2568359375,4760.0,4880.0,4730.0,4750.0,2.0
2000-06-08,3037.5703125,4800.0,4850.0,4740.0,4780.0,2.0
2000-06-09,3088.1962890625,4880.0,4950.0,4750.0,4750.0,4.0
2000-06-12,2986.9443359375,4720.0,4920.0,4720.0,4880.0,1.0
2000-06-13,3012.2568359375,4760.0,4760.0,4610.0,4700.0,1.0
2000-06-14,2892.02001953125,4570.0,4690.0,4550.0,4660.0,3.0
2000-06-15,2702.171875,4270.0,4520.0,4150.0,4370.0,8.0
2000-06-16,2626.232421875,4150.0,4480.0,4150.0,4370.0,8.0
2000-06-19,2835.065673828125,4480.0,4510.0,4300.0,4300.0,6.0
2000-06-20,2740.1416015625,4330.0,4500.0,4280.0,4500.0,4.0
2000-06-21,2651.54638671875,4190.0,4310.0,4160.0,4290.0,5.0
2000-06-22,2651.54638671875,4190.0,4330.0,4170.0,4290.0,3.0
2000-06-23,2632.560791015625,4160.0,4210.0,4140.0,4190.0,3.0
2000-06-26,2569.278564453125,4060.0,4200.0,4060.0,4180.0,2.0
2000-06-27,2594.591796875,4100.0,4130.0,4060.0,4060.0,2.0
2000-06-28,2575.606201171875,4070.0,4160.0,4060.0,4110.0,4.0
2000-06-29,2632.560791015625,4160.0,4170.0,4060.0,4120.0,4.0
2000-06-30,2822.408935546875,4460.0,4460.0,4250.0,4290.0,7.0
2000-07-03,2841.39404296875,4490.0,4520.0,4400.0,4490.0,3.0
2000-07-04,2841.39404296875,4490.0,4520.0,4440.0,4500.0,1.0
2000-07-05,2784.439453125,4400.0,4500.0,4360.0,4490.0,1.0
2000-07-06,2790.767333984375,4410.0,4440.0,4360.0,4390.0,0.0
2000-07-07,2809.752685546875,4440.0,4530.0,4380.0,4460.0,4.0
2000-07-10,2771.782470703125,4380.0,4430.0,4310.0,4400.0,2.0
2000-07-11,2714.828369140625,4290.0,4350.0,4230.0,4340.0,2.0
2000-07-12,2638.888916015625,4170.0,4300.0,4170.0,4300.0,2.0
2000-07-13,2594.591796875,4100.0,4140.0,4040.0,4100.0,4.0
2000-07-14,2638.888916015625,4170.0,4180.0,4090.0,4090.0,2.0
2000-07-17,2600.91943359375,4110.0,4140.0,4070.0,4070.0,2.0
2000-07-19,2537.63671875,4010.0,4160.0,3900.0,4160.0,4.0
2000-07-20,2537.63671875,4010.0,4010.0,4010.0,4010.0,0.0
2000-07-21,2524.97998046875,3990.0,4010.0,3910.0,3960.0,2.0
2000-07-24,2505.99560546875,3960.0,3990.0,3910.0,3990.0,1.0
2000-07-25,2468.025634765625,3900.0,3920.0,3720.0,3900.0,4.0
2000-07-26,2468.025634765625,3900.0,3980.0,3860.0,3950.0,2.0
2000-07-27,2379.43017578125,3760.0,3820.0,3720.0,3800.0,2.0
2000-07-28,2404.7431640625,3800.0,3810.0,3740.0,3750.0,1.0
2000-07-31,2430.055908203125,3840.0,3860.0,3720.0,3750.0,2.0
2000-08-01,2562.949951171875,4050.0,4140.0,4030.0,4140.0,4.0
2000-08-02,2550.29443359375,4030.0,4310.0,4010.0,4150.0,6.0
2000-08-03,2543.965087890625,4020.0,4070.0,3940.0,4060.0,2.0
2000-08-04,2562.949951171875,4050.0,4050.0,3910.0,3970.0,2.0
2000-08-07,2505.99560546875,3960.0,4020.0,3930.0,4000.0,1.0
2000-08-08,2442.713134765625,3860.0,4020.0,3850.0,4000.0,3.0
2000-08-09,2505.99560546875,3960.0,3960.0,3890.0,3900.0,2.0
2000-08-10,2632.560791015625,4160.0,4180.0,4020.0,4050.0,5.0
2000-08-11,2575.606201171875,4070.0,4120.0,4000.0,4100.0,4.0
2000-08-14,2657.8740234375,4200.0,4200.0,4000.0,4020.0,1.0
2000-08-15,2632.560791015625,4160.0,4200.0,4100.0,4200.0,1.0
2000-08-16,2569.278564453125,4060.0,4130.0,4030.0,4120.0,2.0
2000-08-17,2512.32373046875,3970.0,4040.0,3890.0,4040.0,2.0
2000-08-18,2518.652099609375,3980.0,4030.0,3880.0,4020.0,4.0
2000-08-21,2493.338623046875,3940.0,4000.0,3890.0,4000.0,1.0
2000-08-22,2499.6669921875,3950.0,4030.0,3920.0,3920.0,3.0
2000-08-23,2569.278564453125,4060.0,4120.0,3970.0,4000.0,8.0
2000-08-24,2721.156982421875,4300.0,4370.0,4160.0,4200.0,13.0
2000-08-25,2708.500244140625,4280.0,4280.0,4120.0,4280.0,5.0
2000-08-28,2721.156982421875,4300.0,4300.0,4170.0,4300.0,3.0
2000-08-29,2594.591796875,4100.0,4140.0,4050.0,4100.0,1.0
2000-08-30,2588.263427734375,4090.0,4100.0,4050.0,4070.0,1.0
2000-08-31,2657.8740234375,4200.0,4220.0,4040.0,4040.0,3.0
2000-09-01,2638.888916015625,4170.0,4250.0,4100.0,4250.0,3.0
2000-09-04,2556.621337890625,4040.0,4170.0,4010.0,4170.0,1.0
2000-09-05,2531.30859375,4000.0,4040.0,3930.0,3990.0,2.0
2000-09-06,2468.025634765625,3900.0,3980.0,3900.0,3950.0,2.0
2000-09-07,2436.38427734375,3850.0,3910.0,3810.0,3900.0,4.0
2000-09-08,2487.010498046875,3930.0,3930.0,3860.0,3880.0,4.0
2000-09-11,2449.04052734375,3870.0,3970.0,3850.0,3880.0,1.0
2000-09-12,2461.697509765625,3890.0,3950.0,3830.0,3840.0,2.0
2000-09-13,2487.010498046875,3930.0,3960.0,3840.0,3850.0,4.0
2000-09-14,2493.338623046875,3940.0,3970.0,3900.0,3930.0,2.0
2000-09-15,2493.338623046875,3940.0,3940.0,3940.0,3940.0,0.0
2000-09-18,2721.156982421875,4300.0,4350.0,4140.0,4140.0,12.0
2000-09-19,2727.4853515625,4310.0,4350.0,4160.0,4250.0,10.0
2000-09-20,2847.72216796875,4500.0,4500.0,4370.0,4400.0,7.0
2000-09-21,2892.02001953125,4570.0,4700.0,4480.0,4500.0,12.0
2000-09-22,2727.4853515625,4310.0,4470.0,4310.0,4420.0,3.0
2000-09-25,2967.958984375,4690.0,4690.0,4340.0,4340.0,4.0
2000-09-26,2974.287353515625,4700.0,4740.0,4630.0,4700.0,3.0
2000-09-27,2721.156982421875,4300.0,4500.0,4300.0,4500.0,3.0
2000-09-28,2835.065673828125,4480.0,4520.0,4400.0,4430.0,2.0
2000-09-29,2816.080810546875,4450.0,4540.0,4430.0,4470.0,3.0
2000-10-02,2974.287353515625,4700.0,4700.0,4450.0,4450.0,5.0
2000-10-03,3145.150634765625,4970.0,5050.0,4800.0,4830.0,11.0
2000-10-04,3075.53955078125,4860.0,5080.0,4820.0,5020.0,6.0
2000-10-05,3043.8984375,4810.0,4870.0,4760.0,4840.0,3.0
2000-10-06,2917.3330078125,4610.0,4680.0,4580.0,4660.0,3.0
2000-10-09,2917.3330078125,4610.0,4610.0,4610.0,4610.0,0.0
2000-10-10,2778.111572265625,4390.0,4420.0,4260.0,4260.0,5.0
2000-10-11,2752.79833984375,4350.0,4370.0,4290.0,4290.0,7.0
2000-10-12,2740.1416015625,4330.0,4370.0,4280.0,4300.0,2.0
2000-10-13,2638.888916015625,4170.0,4300.0,4120.0,4280.0,3.0
2000-10-16,2638.888916015625,4170.0,4170.0,4170.0,4170.0,0.0
2000-10-17,2581.9345703125,4080.0,4150.0,4080.0,4120.0,3.0
2000-10-18,2575.606201171875,4070.0,4150.0,4060.0,4130.0,2.0
2000-10-19,2569.278564453125,4060.0,4100.0,4020.0,4080.0,1.0
2000-10-20,2562.949951171875,4050.0,4130.0,4050.0,4100.0,1.0
2000-10-23,2588.263427734375,4090.0,4100.0,3990.0,4000.0,1.0
2000-10-24,2569.278564453125,4060.0,4100.0,4050.0,4090.0,1.0
2000-10-25,2562.949951171875,4050.0,4160.0,4050.0,4050.0,2.0
2000-10-26,2556.621337890625,4040.0,4040.0,3960.0,4040.0,3.0
2000-10-27,2556.621337890625,4040.0,4040.0,4040.0,4040.0,0.0
2000-10-30,2721.156982421875,4300.0,4360.0,4220.0,4290.0,3.0
2000-10-31,2721.156982421875,4300.0,4320.0,4190.0,4280.0,3.0
2000-11-01,2740.1416015625,4330.0,4420.0,4310.0,4400.0,3.0
2000-11-02,2816.080810546875,4450.0,4540.0,4390.0,4410.0,3.0
2000-11-03,2816.080810546875,4450.0,4450.0,4450.0,4450.0,0.0
2000-11-06,2841.39404296875,4490.0,4500.0,4440.0,4500.0,2.0
2000-11-07,2803.42431640625,4430.0,4470.0,4400.0,4450.0,1.0
2000-11-08,2702.171875,4270.0,4380.0,4230.0,4360.0,2.0
2000-11-09,2638.888916015625,4170.0,4220.0,4120.0,4200.0,2.0
2000-11-10,2657.8740234375,4200.0,4260.0,4180.0,4180.0,1.0
2000-11-13,2664.2021484375,4210.0,4240.0,4140.0,4200.0,1.0
2000-11-14,2651.54638671875,4190.0,4260.0,4160.0,4260.0,1.0
2000-11-15,2638.888916015625,4170.0,4210.0,4130.0,4210.0,1.0
2000-11-16,2575.606201171875,4070.0,4100.0,4010.0,4100.0,3.0
2000-11-17,2474.35400390625,3910.0,4000.0,3880.0,4000.0,5.0
2000-11-20,2436.38427734375,3850.0,3900.0,3810.0,3900.0,4.0
2000-11-21,2417.400146484375,3820.0,3830.0,3770.0,3800.0,4.0
2000-11-22,2417.400146484375,3820.0,3870.0,3810.0,3820.0,2.0
2000-11-23,2417.400146484375,3820.0,3820.0,3820.0,3820.0,0.0
2000-11-24,2430.055908203125,3840.0,3880.0,3750.0,3810.0,3.0
2000-11-27,2347.7890625,3710.0,3790.0,3660.0,3790.0,4.0
2000-11-28,2398.4150390625,3790.0,3860.0,3710.0,3720.0,2.0
2000-11-29,2360.44580078125,3730.0,3770.0,3690.0,3740.0,2.0
2000-11-30,2379.43017578125,3760.0,3760.0,3610.0,3670.0,3.0
2000-12-01,2512.32373046875,3970.0,4020.0,3800.0,3810.0,6.0
2000-12-04,2468.025634765625,3900.0,4050.0,3870.0,4020.0,3.0
2000-12-05,2430.055908203125,3840.0,3910.0,3810.0,3900.0,2.0
2000-12-06,2411.0712890625,3810.0,3870.0,3780.0,3830.0,2.0
2000-12-07,2417.400146484375,3820.0,3940.0,3800.0,3800.0,2.0
2000-12-08,2417.400146484375,3820.0,3860.0,3790.0,3860.0,4.0
2000-12-11,2423.728271484375,3830.0,3900.0,3830.0,3850.0,1.0
2000-12-12,2480.6826171875,3920.0,3970.0,3860.0,3970.0,2.0
2000-12-13,2493.338623046875,3940.0,4000.0,3910.0,3960.0,2.0
2000-12-14,2499.6669921875,3950.0,3980.0,3930.0,3970.0,1.0
2000-12-15,2499.6669921875,3950.0,3990.0,3900.0,3900.0,1.0
2000-12-18,2531.30859375,4000.0,4010.0,3960.0,4010.0,3.0
2000-12-19,2505.99560546875,3960.0,4000.0,3920.0,3990.0,3.0
2000-12-20,2499.6669921875,3950.0,3960.0,3910.0,3950.0,1.0
2000-12-21,2436.38427734375,3850.0,3900.0,3800.0,3820.0,2.0
2000-12-22,2404.7431640625,3800.0,3910.0,3750.0,3900.0,1.0
2000-12-25,2442.713134765625,3860.0,3890.0,3800.0,3810.0,1.0
2000-12-26,2455.369873046875,3880.0,3930.0,3810.0,3810.0,1.0
2000-12-27,2449.04052734375,3870.0,3930.0,3850.0,3930.0,0.0
2000-12-28,2449.04052734375,3870.0,3900.0,3810.0,3820.0,1.0
2000-12-29,2461.697509765625,3890.0,3930.0,3850.0,3880.0,1.0
2001-01-03,2461.697509765625,3890.0,3890.0,3890.0,3890.0,0.0
2001-01-04,2436.38427734375,3850.0,3990.0,3800.0,3990.0,2.0
2001-01-05,2468.025634765625,3900.0,3910.0,3870.0,3900.0,2.0
2001-01-08,2468.025634765625,3900.0,3900.0,3900.0,3900.0,0.0
2001-01-09,2436.38427734375,3850.0,3860.0,3760.0,3800.0,2.0
2001-01-10,2404.7431640625,3800.0,3860.0,3760.0,3760.0,1.0
2001-01-11,2316.1474609375,3660.0,3800.0,3580.0,3750.0,3.0
2001-01-12,2240.208251953125,3540.0,3610.0,3510.0,3560.0,5.0
2001-01-15,2259.1923828125,3570.0,3660.0,3550.0,3560.0,5.0
2001-01-16,2271.849365234375,3590.0,3620.0,3520.0,3560.0,3.0
2001-01-17,2360.44580078125,3730.0,3730.0,3610.0,3640.0,4.0
2001-01-18,2455.369873046875,3880.0,3920.0,3800.0,3830.0,6.0
2001-01-19,2328.803955078125,3680.0,3830.0,3640.0,3820.0,6.0
2001-01-22,2284.50634765625,3610.0,3720.0,3560.0,3630.0,4.0
2001-01-23,2278.177734375,3600.0,3610.0,3530.0,3610.0,2.0
2001-01-24,2221.223388671875,3510.0,3610.0,3400.0,3610.0,6.0
2001-01-25,2221.223388671875,3510.0,3530.0,3440.0,3470.0,4.0
2001-01-26,2290.834716796875,3620.0,3660.0,3500.0,3510.0,6.0
2001-01-29,2259.1923828125,3570.0,3610.0,3530.0,3570.0,2.0
2001-01-30,2297.1630859375,3630.0,3670.0,3570.0,3620.0,2.0
2001-01-31,2271.849365234375,3590.0,3620.0,3510.0,3590.0,4.0
2001-02-01,2176.92529296875,3440.0,3480.0,3410.0,3460.0,7.0
2001-02-02,2151.61181640625,3400.0,3510.0,3370.0,3480.0,6.0
2001-02-05,2100.98583984375,3320.0,3400.0,3290.0,3400.0,4.0
2001-02-06,2025.0465087890625,3200.0,3310.0,3190.0,3300.0,4.0
2001-02-07,1987.0775146484373,3140.0,3240.0,3080.0,3190.0,9.0
2001-02-08,1930.122802734375,3050.0,3130.0,2970.0,3100.0,12.0
2001-02-09,1955.4365234375,3090.0,3110.0,3000.0,3000.0,12.0
2001-02-13,1974.420654296875,3120.0,3320.0,3090.0,3250.0,24.0
2001-02-14,2094.658203125,3310.0,3450.0,3220.0,3220.0,18.0
2001-02-15,2132.62744140625,3370.0,3420.0,3240.0,3280.0,5.0
2001-02-16,2145.284423828125,3390.0,3430.0,3380.0,3420.0,3.0
2001-02-19,2126.29931640625,3360.0,3400.0,3290.0,3390.0,2.0
2001-02-20,2132.62744140625,3370.0,3380.0,3270.0,3300.0,3.0
2001-02-21,2138.955810546875,3380.0,3400.0,3200.0,3220.0,6.0
2001-02-22,2126.29931640625,3360.0,3360.0,3280.0,3330.0,7.0
2001-02-23,2246.5361328125,3550.0,3610.0,3410.0,3410.0,12.0
2001-02-26,2341.460693359375,3700.0,3840.0,3630.0,3650.0,13.0
2001-02-27,2309.8193359375,3650.0,3660.0,3500.0,3650.0,10.0
2001-02-28,2309.8193359375,3650.0,3720.0,3580.0,3580.0,6.0
2001-03-01,2328.803955078125,3680.0,3760.0,3620.0,3720.0,6.0
2001-03-02,2271.849365234375,3590.0,3670.0,3530.0,3650.0,4.0
2001-03-05,2119.970458984375,3350.0,3420.0,3240.0,3290.0,12.0
2001-03-06,2107.314697265625,3330.0,3400.0,3290.0,3400.0,6.0
2001-03-07,2126.29931640625,3360.0,3430.0,3320.0,3340.0,6.0
2001-03-08,2119.970458984375,3350.0,3410.0,3300.0,3390.0,7.0
2001-03-09,2119.970458984375,3350.0,3360.0,3250.0,3250.0,13.0
2001-03-12,2037.703369140625,3220.0,3290.0,3210.0,3290.0,6.0
2001-03-13,1904.8096923828125,3010.0,3080.0,2900.0,2920.0,9.0
2001-03-14,1904.8096923828125,3010.0,3010.0,3010.0,3010.0,0.0
2001-03-15,1803.5577392578125,2850.0,2990.0,2610.0,2700.0,12.0
2001-03-16,1923.79443359375,3040.0,3190.0,3000.0,3050.0,10.0
2001-03-19,1955.4365234375,3090.0,3120.0,3040.0,3040.0,5.0
2001-03-20,1955.4365234375,3090.0,3090.0,3090.0,3090.0,0.0
2001-03-21,2025.0465087890625,3200.0,3200.0,3000.0,3000.0,9.0
2001-03-22,1974.420654296875,3120.0,3260.0,3120.0,3200.0,7.0
2001-03-23,1974.420654296875,3120.0,3210.0,3110.0,3170.0,6.0
2001-03-26,2056.68798828125,3250.0,3250.0,2950.0,3050.0,8.0
2001-03-27,1999.7337646484373,3160.0,3240.0,3130.0,3200.0,4.0
2001-03-28,1999.7337646484373,3160.0,3200.0,3100.0,3150.0,5.0
2001-03-29,1942.779296875,3070.0,3140.0,3030.0,3080.0,6.0
2001-03-30,2006.0615234375,3170.0,3180.0,3070.0,3170.0,5.0
2001-04-02,2018.71875,3190.0,3220.0,3110.0,3170.0,4.0
2001-04-03,2145.284423828125,3390.0,3460.0,3250.0,3280.0,17.0
2001-04-04,2278.177734375,3600.0,3650.0,3420.0,3490.0,15.0
2001-04-05,2309.8193359375,3650.0,3720.0,3620.0,3700.0,11.0
2001-04-06,2170.59716796875,3430.0,3580.0,3350.0,3570.0,7.0
2001-04-09,2088.32958984375,3300.0,3320.0,3170.0,3280.0,9.0
2001-04-10,2006.0615234375,3170.0,3210.0,3100.0,3200.0,8.0
2001-04-11,1987.0775146484373,3140.0,3210.0,3090.0,3200.0,7.0
2001-04-12,2025.0465087890625,3200.0,3260.0,3110.0,3150.0,6.0
2001-04-13,2050.360595703125,3240.0,3300.0,3200.0,3250.0,4.0
2001-04-16,2044.0313720703125,3230.0,3300.0,3220.0,3290.0,1.0
2001-04-17,2025.0465087890625,3200.0,3280.0,3130.0,3280.0,4.0
2001-04-18,2063.016357421875,3260.0,3290.0,3210.0,3250.0,5.0
2001-04-19,2031.375244140625,3210.0,3350.0,3170.0,3300.0,11.0
2001-04-20,2025.0465087890625,3200.0,3210.0,3150.0,3160.0,4.0
2001-04-23,1987.0775146484373,3140.0,3220.0,3130.0,3180.0,5.0
2001-04-24,1999.7337646484373,3160.0,3160.0,3070.0,3130.0,8.0
2001-04-26,2025.0465087890625,3200.0,3230.0,3160.0,3160.0,5.0
2001-04-27,2176.92529296875,3440.0,3480.0,3380.0,3470.0,7.0
2001-04-30,2176.92529296875,3440.0,3440.0,3440.0,3440.0,0.0
2001-05-01,2284.50634765625,3610.0,3630.0,3460.0,3490.0,9.0
2001-05-02,2328.803955078125,3680.0,3700.0,3620.0,3700.0,14.0
2001-05-04,2328.803955078125,3680.0,3680.0,3680.0,3680.0,0.0
2001-05-07,2309.8193359375,3650.0,3680.0,3540.0,3660.0,0.0
2001-05-08,2227.551513671875,3520.0,3590.0,3440.0,3590.0,0.0
2001-05-09,2208.56689453125,3490.0,3540.0,3460.0,3540.0,0.0
2001-05-10,2221.223388671875,3510.0,3520.0,3420.0,3480.0,0.0
2001-05-11,2183.254150390625,3450.0,3490.0,3440.0,3460.0,0.0
2001-05-14,2151.61181640625,3400.0,3440.0,3350.0,3440.0,0.0
2001-05-15,2145.284423828125,3390.0,3410.0,3320.0,3340.0,3.0
2001-05-16,2050.360595703125,3240.0,3360.0,3230.0,3340.0,6.0
2001-05-17,2069.3447265625,3270.0,3290.0,3200.0,3280.0,4.0
2001-05-18,2063.016357421875,3260.0,3300.0,3250.0,3290.0,3.0
2001-05-21,2063.016357421875,3260.0,3290.0,3250.0,3280.0,2.0
2001-05-22,2031.375244140625,3210.0,3270.0,3180.0,3260.0,5.0
2001-05-23,1987.0775146484373,3140.0,3200.0,3040.0,3150.0,8.0
2001-05-24,2037.703369140625,3220.0,3260.0,3070.0,3090.0,8.0
2001-05-25,2018.71875,3190.0,3260.0,3170.0,3260.0,6.0
2001-05-28,1936.451416015625,3060.0,3160.0,3060.0,3100.0,3.0
2001-05-29,1949.1077880859373,3080.0,3150.0,3060.0,3100.0,3.0
2001-05-30,1892.1534423828125,2990.0,3060.0,2950.0,3060.0,8.0
2001-05-31,1923.79443359375,3040.0,3080.0,2960.0,2960.0,4.0
2001-06-01,1898.4815673828125,3000.0,3060.0,2950.0,3050.0,5.0
2001-06-04,1854.183837890625,2930.0,3000.0,2910.0,3000.0,2.0
2001-06-05,1809.8858642578125,2860.0,2930.0,2780.0,2930.0,11.0
2001-06-06,1847.85546875,2920.0,2950.0,2900.0,2930.0,3.0
2001-06-07,1809.8858642578125,2860.0,2900.0,2790.0,2880.0,4.0
2001-06-08,1790.9007568359375,2830.0,2920.0,2820.0,2910.0,11.0
2001-06-11,1778.2440185546875,2810.0,2840.0,2790.0,2820.0,3.0
2001-06-12,1702.305419921875,2690.0,2800.0,2680.0,2800.0,4.0
2001-06-13,1676.991943359375,2650.0,2740.0,2640.0,2710.0,8.0
2001-06-14,1626.365478515625,2570.0,2680.0,2520.0,2670.0,12.0
2001-06-15,1639.022216796875,2590.0,2650.0,2520.0,2530.0,14.0
2001-06-18,1676.991943359375,2650.0,2690.0,2610.0,2650.0,4.0
2001-06-19,1658.0072021484375,2620.0,2700.0,2620.0,2660.0,5.0
2001-06-20,1645.3505859375,2600.0,2640.0,2540.0,2620.0,5.0
2001-06-21,1898.4815673828125,3000.0,3070.0,2740.0,2740.0,19.0
2001-06-22,1771.916259765625,2800.0,2940.0,2750.0,2910.0,9.0
2001-06-25,1676.991943359375,2650.0,2790.0,2630.0,2750.0,6.0
2001-06-26,1708.633544921875,2700.0,2710.0,2580.0,2620.0,5.0
2001-06-27,1708.633544921875,2700.0,2770.0,2590.0,2650.0,13.0
2001-06-28,1664.3358154296875,2630.0,2770.0,2610.0,2750.0,15.0
2001-06-29,1708.633544921875,2700.0,2710.0,2640.0,2650.0,8.0
2001-07-02,1651.6787109375,2610.0,2700.0,2610.0,2700.0,5.0
2001-07-03,1664.3358154296875,2630.0,2650.0,2610.0,2640.0,2.0
2001-07-04,1651.6787109375,2610.0,2640.0,2580.0,2640.0,5.0
2001-07-05,1645.3505859375,2600.0,2630.0,2590.0,2620.0,4.0
2001-07-06,1601.0528564453125,2530.0,2580.0,2500.0,2580.0,8.0
2001-07-09,1556.7547607421875,2460.0,2480.0,2430.0,2480.0,4.0
2001-07-10,1569.41162109375,2480.0,2480.0,2400.0,2440.0,13.0
2001-07-11,1474.4874267578125,2330.0,2410.0,2330.0,2400.0,8.0
2001-07-12,1537.769775390625,2430.0,2430.0,2370.0,2380.0,8.0
2001-07-13,1487.1436767578125,2350.0,2460.0,2350.0,2450.0,4.0
2001-07-16,1506.12841796875,2380.0,2440.0,2360.0,2400.0,2.0
2001-07-17,1474.4874267578125,2330.0,2370.0,2310.0,2360.0,4.0
2001-07-18,1430.1895751953125,2260.0,2390.0,2260.0,2380.0,5.0
2001-07-19,1341.5936279296875,2120.0,2240.0,2070.0,2220.0,10.0
2001-07-20,1341.5936279296875,2120.0,2120.0,2120.0,2120.0,0.0
2001-07-23,1265.654296875,2000.0,2100.0,1950.0,2090.0,12.0
2001-07-24,1322.609130859375,2090.0,2090.0,1980.0,2000.0,10.0
2001-07-25,1335.265380859375,2110.0,2210.0,2060.0,2090.0,8.0
2001-07-26,1366.90673828125,2160.0,2170.0,2110.0,2160.0,5.0
2001-07-27,1347.922119140625,2130.0,2160.0,2100.0,2160.0,4.0
2001-07-30,1309.9521484375,2070.0,2140.0,2030.0,2140.0,6.0
2001-07-31,1316.2803955078125,2080.0,2080.0,2010.0,2040.0,4.0
2001-08-01,1417.5328369140625,2240.0,2240.0,2120.0,2160.0,13.0
2001-08-02,1512.45654296875,2390.0,2460.0,2300.0,2340.0,15.0
2001-08-03,1449.174072265625,2290.0,2360.0,2290.0,2360.0,6.0
2001-08-06,1468.158935546875,2320.0,2320.0,2230.0,2250.0,2.0
2001-08-07,1430.1895751953125,2260.0,2260.0,2180.0,2240.0,8.0
2001-08-08,1430.1895751953125,2260.0,2300.0,2210.0,2250.0,4.0
2001-08-09,1379.563232421875,2180.0,2260.0,2170.0,2190.0,3.0
2001-08-10,1373.2347412109375,2170.0,2210.0,2160.0,2200.0,3.0
2001-08-13,1347.922119140625,2130.0,2200.0,2130.0,2180.0,3.0
2001-08-14,1461.8309326171875,2310.0,2320.0,2140.0,2160.0,8.0
2001-08-15,1474.4874267578125,2330.0,2440.0,2240.0,2280.0,11.0
2001-08-16,1404.8763427734375,2220.0,2300.0,2220.0,2300.0,7.0
2001-08-17,1461.8309326171875,2310.0,2380.0,2260.0,2300.0,10.0
2001-08-20,1385.8912353515625,2190.0,2290.0,2190.0,2290.0,4.0
2001-08-21,1442.8458251953125,2280.0,2290.0,2180.0,2210.0,6.0
2001-08-22,1455.502197265625,2300.0,2350.0,2270.0,2280.0,7.0
2001-08-23,1423.861083984375,2250.0,2300.0,2220.0,2300.0,4.0
2001-08-24,1385.8912353515625,2190.0,2230.0,2160.0,2200.0,6.0
2001-08-27,1417.5328369140625,2240.0,2260.0,2210.0,2220.0,5.0
2001-08-28,1404.8763427734375,2220.0,2220.0,2130.0,2190.0,11.0
2001-08-29,1385.8912353515625,2190.0,2250.0,2170.0,2180.0,8.0
2001-08-30,1392.2197265625,2200.0,2210.0,2130.0,2170.0,10.0
2001-08-31,1417.5328369140625,2240.0,2250.0,2160.0,2200.0,7.0
2001-09-03,1341.5936279296875,2120.0,2220.0,2120.0,2190.0,13.0
2001-09-04,1385.8912353515625,2190.0,2190.0,2090.0,2100.0,14.0
2001-09-05,1290.96728515625,2040.0,2140.0,2020.0,2100.0,19.0
2001-09-06,1189.715087890625,1880.0,1990.0,1860.0,1970.0,43.0
2001-09-07,1018.8516845703124,1610.0,1700.0,1400.0,1480.0,110.0
2001-09-10,822.67529296875,1300.0,1550.0,1240.0,1500.0,64.0
2001-09-11,917.5991821289062,1450.0,1450.0,1290.0,1390.0,52.0
2001-09-12,879.629638671875,1390.0,1390.0,1250.0,1250.0,21.0
2001-09-13,810.0186767578125,1280.0,1360.0,1270.0,1350.0,19.0
2001-09-14,904.9429321289062,1430.0,1520.0,1300.0,1310.0,46.0
2001-09-17,822.67529296875,1300.0,1360.0,1280.0,1300.0,22.0
2001-09-18,822.67529296875,1300.0,1410.0,1300.0,1400.0,16.0
2001-09-19,866.972900390625,1370.0,1370.0,1310.0,1340.0,14.0
2001-09-20,942.9124145507812,1490.0,1530.0,1350.0,1370.0,33.0
2001-09-21,885.9581298828125,1400.0,1440.0,1360.0,1410.0,17.0
2001-09-24,885.9581298828125,1400.0,1400.0,1400.0,1400.0,0.0
2001-09-25,835.3318481445312,1320.0,1400.0,1310.0,1350.0,13.0
2001-09-26,829.0036010742188,1310.0,1330.0,1280.0,1320.0,11.0
2001-09-27,829.0036010742188,1310.0,1310.0,1290.0,1290.0,7.0
2001-09-28,829.0036010742188,1310.0,1310.0,1310.0,1310.0,0.0
2001-10-01,854.3167724609375,1350.0,1360.0,1310.0,1330.0,5.0
2001-10-02,911.2711181640624,1440.0,1440.0,1350.0,1400.0,8.0
2001-10-03,873.3013305664062,1380.0,1460.0,1370.0,1450.0,7.0
2001-10-04,885.9581298828125,1400.0,1410.0,1370.0,1400.0,5.0
2001-10-05,860.6448974609375,1360.0,1380.0,1330.0,1360.0,8.0
2001-10-08,860.6448974609375,1360.0,1360.0,1360.0,1360.0,0.0
2001-10-09,835.3318481445312,1320.0,1340.0,1310.0,1330.0,5.0
2001-10-10,803.6903686523438,1270.0,1290.0,1240.0,1280.0,15.0
2001-10-11,797.3622436523438,1260.0,1300.0,1250.0,1290.0,8.0
2001-10-12,841.66015625,1330.0,1330.0,1280.0,1310.0,8.0
2001-10-15,835.3318481445312,1320.0,1320.0,1290.0,1300.0,2.0
2001-10-16,835.3318481445312,1320.0,1340.0,1310.0,1320.0,3.0
2001-10-17,829.0036010742188,1310.0,1320.0,1290.0,1310.0,3.0
2001-10-18,810.0186767578125,1280.0,1310.0,1280.0,1310.0,4.0
2001-10-19,797.3622436523438,1260.0,1270.0,1240.0,1260.0,4.0
2001-10-22,759.392578125,1200.0,1230.0,1200.0,1220.0,9.0
2001-10-23,778.3773803710938,1230.0,1240.0,1190.0,1220.0,15.0
2001-10-24,791.0341186523438,1250.0,1300.0,1210.0,1240.0,13.0
2001-10-25,810.0186767578125,1280.0,1290.0,1260.0,1280.0,9.0
2001-10-26,791.0341186523438,1250.0,1270.0,1240.0,1270.0,7.0
2001-10-29,791.0341186523438,1250.0,1270.0,1240.0,1250.0,3.0
2001-10-30,772.049072265625,1220.0,1240.0,1200.0,1230.0,5.0
2001-10-31,772.049072265625,1220.0,1240.0,1200.0,1210.0,6.0
2001-11-01,759.392578125,1200.0,1240.0,1190.0,1240.0,8.0
2001-11-02,759.392578125,1200.0,1220.0,1190.0,1210.0,6.0
2001-11-05,759.392578125,1200.0,1210.0,1180.0,1200.0,6.0
2001-11-06,753.064208984375,1190.0,1200.0,1180.0,1180.0,5.0
2001-11-07,715.0947875976562,1130.0,1190.0,1100.0,1170.0,15.0
2001-11-08,645.483642578125,1020.0,1090.0,760.0,1080.0,138.0
2001-11-09,645.483642578125,1020.0,1020.0,1020.0,1020.0,0.0
2001-11-12,632.8271484375,1000.0,1040.0,980.0,1020.0,100.0
2001-11-13,632.8271484375,1000.0,1000.0,960.0,990.0,31.0
2001-11-14,620.170654296875,980.0,1020.0,980.0,1010.0,27.0
2001-11-15,620.170654296875,980.0,990.0,950.0,980.0,26.0
2001-11-16,620.170654296875,980.0,1000.0,930.0,990.0,43.0
2001-11-19,607.5139770507812,960.0,980.0,930.0,980.0,22.0
2001-11-20,594.8575439453125,940.0,960.0,930.0,950.0,14.0
2001-11-21,645.483642578125,1020.0,1040.0,970.0,1000.0,37.0
2001-11-22,651.81201171875,1030.0,1060.0,1010.0,1040.0,23.0
2001-11-23,651.81201171875,1030.0,1030.0,1030.0,1030.0,0.0
2001-11-26,664.468505859375,1050.0,1070.0,1040.0,1060.0,16.0
2001-11-27,651.81201171875,1030.0,1060.0,1030.0,1050.0,10.0
2001-11-28,639.1553344726562,1010.0,1030.0,1000.0,1030.0,15.0
2001-11-29,639.1553344726562,1010.0,1010.0,960.0,1000.0,27.0
2001-11-30,613.8424682617188,970.0,990.0,960.0,980.0,19.0
2001-12-03,607.5139770507812,960.0,980.0,950.0,970.0,9.0
2001-12-04,575.8726196289062,910.0,960.0,890.0,950.0,25.0
2001-12-05,607.5139770507812,960.0,960.0,910.0,910.0,11.0
2001-12-06,582.2009887695312,920.0,1000.0,870.0,990.0,30.0
2001-12-07,575.8726196289062,910.0,930.0,890.0,920.0,12.0
2001-12-10,537.9029541015625,850.0,900.0,850.0,900.0,19.0
2001-12-11,569.54443359375,900.0,990.0,870.0,900.0,22.0
2001-12-12,544.2313232421875,860.0,900.0,830.0,900.0,12.0
2001-12-13,474.6203918457031,750.0,860.0,750.0,850.0,10.0
2001-12-14,455.6355590820313,720.0,720.0,620.0,670.0,23.0
2001-12-17,417.6659240722656,660.0,730.0,660.0,700.0,7.0
2001-12-18,417.6659240722656,660.0,660.0,660.0,660.0,0.0
2001-12-19,449.3073425292969,710.0,720.0,650.0,660.0,12.0
2001-12-20,512.5901489257812,810.0,830.0,730.0,740.0,16.0
2001-12-21,493.6051635742188,780.0,820.0,750.0,810.0,9.0
2001-12-24,493.6051635742188,780.0,780.0,780.0,780.0,0.0
2001-12-25,461.9638671875,730.0,770.0,720.0,760.0,3.0
2001-12-26,461.9638671875,730.0,760.0,730.0,750.0,4.0
2001-12-27,480.9486083984375,760.0,760.0,730.0,730.0,2.0
2001-12-28,518.9183349609375,820.0,820.0,780.0,800.0,8.0
2002-01-03,518.9183349609375,820.0,820.0,820.0,820.0,0.0
2002-01-04,518.9183349609375,820.0,840.0,810.0,830.0,2.0
2002-01-07,531.5748291015625,840.0,860.0,830.0,850.0,5.0
2002-01-08,518.9183349609375,820.0,840.0,820.0,840.0,3.0
2002-01-09,512.5901489257812,810.0,830.0,810.0,820.0,1.0
2002-01-10,512.5901489257812,810.0,820.0,800.0,810.0,1.0
2002-01-11,499.9334411621094,790.0,820.0,780.0,820.0,4.0
2002-01-14,499.9334411621094,790.0,790.0,790.0,790.0,0.0
2002-01-15,474.6203918457031,750.0,790.0,750.0,780.0,2.0
2002-01-16,493.6051635742188,780.0,800.0,750.0,750.0,3.0
2002-01-17,499.9334411621094,790.0,800.0,770.0,770.0,2.0
2002-01-18,499.9334411621094,790.0,800.0,760.0,790.0,3.0
2002-01-21,499.9334411621094,790.0,800.0,780.0,790.0,2.0
2002-01-23,512.5901489257812,810.0,810.0,790.0,800.0,2.0
2002-01-24,506.2616271972656,800.0,810.0,790.0,790.0,1.0
2002-01-25,499.9334411621094,790.0,810.0,790.0,800.0,1.0
2002-01-28,499.9334411621094,790.0,790.0,770.0,790.0,4.0
2002-01-29,480.9486083984375,760.0,780.0,760.0,770.0,2.0
2002-01-30,487.2769470214844,770.0,770.0,750.0,770.0,4.0
2002-01-31,487.2769470214844,770.0,770.0,770.0,770.0,0.0
2002-02-01,493.6051635742188,780.0,780.0,750.0,760.0,4.0
2002-02-04,474.6203918457031,750.0,780.0,750.0,770.0,4.0
2002-02-05,480.9486083984375,760.0,760.0,740.0,750.0,3.0
2002-02-06,449.3073425292969,710.0,750.0,700.0,750.0,4.0
2002-02-07,474.6203918457031,750.0,780.0,700.0,700.0,7.0
2002-02-08,480.9486083984375,760.0,770.0,750.0,760.0,4.0
2002-02-11,480.9486083984375,760.0,760.0,760.0,760.0,0.0
2002-02-12,493.6051635742188,780.0,790.0,770.0,770.0,3.0
2002-02-13,499.9334411621094,790.0,790.0,770.0,780.0,3.0
2002-02-14,506.2616271972656,800.0,830.0,780.0,790.0,9.0
2002-02-15,499.9334411621094,790.0,800.0,780.0,800.0,4.0
2002-02-18,487.2769470214844,770.0,790.0,770.0,780.0,6.0
2002-02-19,468.2920837402344,740.0,770.0,740.0,770.0,5.0
2002-02-20,468.2920837402344,740.0,750.0,740.0,750.0,6.0
2002-02-21,468.2920837402344,740.0,750.0,730.0,740.0,9.0
2002-02-22,455.6355590820313,720.0,740.0,700.0,740.0,10.0
2002-02-25,461.9638671875,730.0,730.0,710.0,720.0,5.0
2002-02-26,480.9486083984375,760.0,760.0,720.0,730.0,8.0
2002-02-27,531.5748291015625,840.0,840.0,760.0,760.0,12.0
2002-02-28,721.4229125976562,1140.0,1140.0,890.0,890.0,39.0
2002-03-01,645.483642578125,1020.0,1030.0,920.0,990.0,66.0
2002-03-04,626.4989013671875,990.0,1060.0,990.0,1050.0,38.0
2002-03-05,582.2009887695312,920.0,1010.0,920.0,1000.0,26.0
2002-03-06,556.8878784179688,880.0,930.0,880.0,920.0,21.0
2002-03-07,613.8424682617188,970.0,970.0,900.0,920.0,20.0
2002-03-08,613.8424682617188,970.0,970.0,920.0,930.0,30.0
2002-03-11,632.8271484375,1000.0,1000.0,960.0,970.0,25.0
2002-03-12,607.5139770507812,960.0,1000.0,960.0,1000.0,15.0
2002-03-13,601.185791015625,950.0,980.0,950.0,960.0,7.0
2002-03-14,626.4989013671875,990.0,990.0,950.0,960.0,15.0
2002-03-15,613.8424682617188,970.0,990.0,950.0,980.0,10.0
2002-03-18,594.8575439453125,940.0,980.0,940.0,980.0,8.0
2002-03-19,582.2009887695312,920.0,950.0,920.0,950.0,10.0
2002-03-20,588.5292358398438,930.0,940.0,910.0,930.0,11.0
2002-03-21,588.5292358398438,930.0,930.0,930.0,930.0,0.0
2002-03-22,556.8878784179688,880.0,940.0,880.0,940.0,15.0
2002-03-25,544.2313232421875,860.0,910.0,840.0,900.0,15.0
2002-03-26,531.5748291015625,840.0,870.0,830.0,850.0,8.0
2002-03-27,531.5748291015625,840.0,850.0,830.0,840.0,7.0
2002-03-28,531.5748291015625,840.0,850.0,840.0,840.0,8.0
2002-03-29,544.2313232421875,860.0,860.0,830.0,850.0,11.0
2002-04-01,550.5595703125,870.0,910.0,840.0,910.0,8.0
2002-04-02,531.5748291015625,840.0,860.0,840.0,840.0,3.0
2002-04-03,544.2313232421875,860.0,860.0,840.0,840.0,3.0
2002-04-04,531.5748291015625,840.0,850.0,840.0,850.0,3.0
2002-04-05,531.5748291015625,840.0,850.0,840.0,850.0,4.0
2002-04-08,518.9183349609375,820.0,840.0,810.0,840.0,10.0
2002-04-09,531.5748291015625,840.0,850.0,810.0,810.0,7.0
2002-04-10,563.2161865234375,890.0,900.0,840.0,850.0,15.0
2002-04-11,563.2161865234375,890.0,930.0,890.0,910.0,10.0
2002-04-12,550.5595703125,870.0,880.0,850.0,880.0,8.0
2002-04-15,544.2313232421875,860.0,870.0,840.0,870.0,4.0
2002-04-16,544.2313232421875,860.0,860.0,840.0,850.0,5.0
2002-04-17,537.9029541015625,850.0,860.0,840.0,860.0,6.0
2002-04-18,537.9029541015625,850.0,860.0,840.0,860.0,3.0
2002-04-19,537.9029541015625,850.0,850.0,840.0,850.0,3.0
2002-04-23,537.9029541015625,850.0,860.0,840.0,850.0,3.0
2002-04-24,550.5595703125,870.0,870.0,850.0,860.0,5.0
2002-04-25,537.9029541015625,850.0,870.0,850.0,870.0,2.0
2002-04-26,537.9029541015625,850.0,870.0,850.0,860.0,5.0
2002-04-29,537.9029541015625,850.0,850.0,850.0,850.0,0.0
2002-04-30,525.2464599609375,830.0,850.0,830.0,850.0,3.0
2002-05-01,537.9029541015625,850.0,850.0,830.0,840.0,3.0
2002-05-02,525.2464599609375,830.0,850.0,830.0,850.0,2.0
2002-05-06,525.2464599609375,830.0,830.0,830.0,830.0,0.0
2002-05-07,531.5748291015625,840.0,850.0,830.0,850.0,5.0
2002-05-08,525.2464599609375,830.0,850.0,830.0,840.0,3.0
2002-05-09,525.2464599609375,830.0,850.0,830.0,840.0,4.0
2002-05-10,531.5748291015625,840.0,840.0,830.0,830.0,3.0
2002-05-13,525.2464599609375,830.0,830.0,820.0,830.0,3.0
2002-05-14,518.9183349609375,820.0,830.0,820.0,830.0,3.0
2002-05-15,518.9183349609375,820.0,840.0,810.0,820.0,3.0
2002-05-16,531.5748291015625,840.0,840.0,820.0,820.0,4.0
2002-05-17,531.5748291015625,840.0,870.0,840.0,850.0,11.0
2002-05-20,525.2464599609375,830.0,860.0,830.0,850.0,8.0
2002-05-21,525.2464599609375,830.0,840.0,820.0,840.0,7.0
2002-05-22,531.5748291015625,840.0,850.0,830.0,830.0,8.0
2002-05-23,569.54443359375,900.0,900.0,850.0,860.0,19.0
2002-05-24,588.5292358398438,930.0,930.0,890.0,920.0,23.0
2002-05-27,594.8575439453125,940.0,960.0,910.0,930.0,15.0
2002-05-28,582.2009887695312,920.0,940.0,900.0,940.0,10.0
2002-05-29,588.5292358398438,930.0,940.0,900.0,920.0,8.0
2002-05-30,575.8726196289062,910.0,940.0,910.0,930.0,9.0
2002-05-31,594.8575439453125,940.0,940.0,910.0,940.0,8.0
2002-06-03,645.483642578125,1020.0,1020.0,930.0,940.0,34.0
2002-06-04,632.8271484375,1000.0,1030.0,990.0,1000.0,23.0
2002-06-05,670.7968139648438,1060.0,1110.0,1020.0,1030.0,52.0
2002-06-06,651.81201171875,1030.0,1080.0,1020.0,1070.0,20.0
2002-06-07,664.468505859375,1050.0,1050.0,1000.0,1010.0,13.0
2002-06-10,658.1401977539062,1040.0,1060.0,1020.0,1040.0,9.0
2002-06-11,651.81201171875,1030.0,1050.0,1020.0,1030.0,6.0
2002-06-12,651.81201171875,1030.0,1040.0,1010.0,1020.0,7.0
2002-06-13,632.8271484375,1000.0,1030.0,1000.0,1030.0,7.0
2002-06-14,620.170654296875,980.0,1000.0,980.0,990.0,20.0
2002-06-17,575.8726196289062,910.0,960.0,910.0,950.0,13.0
2002-06-18,582.2009887695312,920.0,950.0,910.0,950.0,10.0
2002-06-19,556.8878784179688,880.0,930.0,880.0,910.0,10.0
2002-06-20,575.8726196289062,910.0,920.0,860.0,870.0,7.0
2002-06-21,569.54443359375,900.0,930.0,890.0,920.0,6.0
2002-06-24,563.2161865234375,890.0,900.0,870.0,880.0,7.0
2002-06-25,563.2161865234375,890.0,900.0,880.0,890.0,5.0
2002-06-26,537.9029541015625,850.0,890.0,840.0,890.0,10.0
2002-06-27,550.5595703125,870.0,880.0,860.0,860.0,5.0
2002-06-28,582.2009887695312,920.0,930.0,880.0,890.0,6.0
2002-07-01,588.5292358398438,930.0,940.0,900.0,930.0,3.0
2002-07-02,569.54443359375,900.0,940.0,880.0,940.0,6.0
2002-07-03,588.5292358398438,930.0,940.0,890.0,900.0,4.0
2002-07-04,582.2009887695312,920.0,940.0,910.0,930.0,3.0
2002-07-05,588.5292358398438,930.0,940.0,920.0,930.0,2.0
2002-07-08,588.5292358398438,930.0,960.0,930.0,950.0,6.0
2002-07-09,607.5139770507812,960.0,960.0,930.0,930.0,4.0
2002-07-10,594.8575439453125,940.0,960.0,940.0,950.0,2.0
2002-07-11,575.8726196289062,910.0,940.0,910.0,930.0,2.0
2002-07-12,575.8726196289062,910.0,930.0,910.0,920.0,3.0
2002-07-15,569.54443359375,900.0,920.0,900.0,910.0,2.0
2002-07-16,569.54443359375,900.0,920.0,900.0,910.0,5.0
2002-07-17,582.2009887695312,920.0,930.0,890.0,900.0,5.0
2002-07-18,582.2009887695312,920.0,940.0,920.0,930.0,4.0
2002-07-19,575.8726196289062,910.0,920.0,900.0,910.0,5.0
2002-07-22,588.5292358398438,930.0,930.0,900.0,910.0,6.0
2002-07-23,601.185791015625,950.0,970.0,910.0,930.0,13.0
2002-07-24,620.170654296875,980.0,980.0,920.0,950.0,9.0
2002-07-25,588.5292358398438,930.0,980.0,930.0,980.0,6.0
2002-07-26,575.8726196289062,910.0,950.0,910.0,950.0,4.0
2002-07-29,569.54443359375,900.0,930.0,900.0,920.0,5.0
2002-07-30,582.2009887695312,920.0,930.0,910.0,920.0,4.0
2002-07-31,575.8726196289062,910.0,920.0,910.0,910.0,4.0
2002-08-01,569.54443359375,900.0,930.0,900.0,930.0,4.0
2002-08-02,569.54443359375,900.0,920.0,900.0,910.0,3.0
2002-08-05,575.8726196289062,910.0,910.0,890.0,900.0,2.0
2002-08-06,556.8878784179688,880.0,910.0,880.0,890.0,5.0
2002-08-07,550.5595703125,870.0,900.0,870.0,890.0,4.0
2002-08-08,550.5595703125,870.0,880.0,870.0,870.0,3.0
2002-08-09,569.54443359375,900.0,900.0,870.0,880.0,5.0
2002-08-12,556.8878784179688,880.0,910.0,880.0,900.0,3.0
2002-08-13,544.2313232421875,860.0,880.0,860.0,870.0,2.0
2002-08-14,556.8878784179688,880.0,890.0,860.0,860.0,4.0
2002-08-15,563.2161865234375,890.0,890.0,870.0,880.0,3.0
2002-08-16,569.54443359375,900.0,900.0,880.0,900.0,5.0
2002-08-19,556.8878784179688,880.0,900.0,870.0,890.0,3.0
2002-08-21,550.5595703125,870.0,900.0,870.0,890.0,5.0
2002-08-22,563.2161865234375,890.0,890.0,870.0,880.0,6.0
2002-08-23,563.2161865234375,890.0,890.0,890.0,890.0,0.0
2002-08-26,563.2161865234375,890.0,890.0,870.0,880.0,4.0
2002-08-27,550.5595703125,870.0,890.0,870.0,880.0,3.0
2002-08-28,556.8878784179688,880.0,880.0,850.0,870.0,6.0
2002-08-29,531.5748291015625,840.0,860.0,840.0,850.0,3.0
2002-08-30,550.5595703125,870.0,870.0,840.0,860.0,5.0
2002-09-02,537.9029541015625,850.0,860.0,850.0,860.0,1.0
2002-09-03,512.5901489257812,810.0,850.0,810.0,850.0,8.0
2002-09-04,480.9486083984375,760.0,790.0,740.0,780.0,11.0
2002-09-05,499.9334411621094,790.0,800.0,770.0,780.0,6.0
2002-09-06,499.9334411621094,790.0,820.0,770.0,790.0,7.0
2002-09-09,531.5748291015625,840.0,850.0,820.0,820.0,5.0
2002-09-10,544.2313232421875,860.0,880.0,850.0,860.0,9.0
2002-09-11,550.5595703125,870.0,870.0,850.0,860.0,4.0
2002-09-12,550.5595703125,870.0,880.0,860.0,870.0,7.0
2002-09-13,550.5595703125,870.0,870.0,850.0,860.0,11.0
2002-09-16,550.5595703125,870.0,870.0,870.0,870.0,0.0
2002-09-17,550.5595703125,870.0,870.0,860.0,870.0,5.0
2002-09-18,556.8878784179688,880.0,880.0,860.0,870.0,3.0
2002-09-19,582.2009887695312,920.0,1020.0,920.0,970.0,32.0
2002-09-20,556.8878784179688,880.0,910.0,880.0,900.0,8.0
2002-09-23,556.8878784179688,880.0,880.0,880.0,880.0,0.0
2002-09-24,550.5595703125,870.0,880.0,850.0,870.0,6.0
2002-09-25,544.2313232421875,860.0,880.0,840.0,860.0,5.0
2002-09-26,556.8878784179688,880.0,890.0,860.0,870.0,6.0
2002-09-27,575.8726196289062,910.0,930.0,890.0,900.0,13.0
2002-09-30,575.8726196289062,910.0,920.0,880.0,890.0,6.0
2002-10-01,563.2161865234375,890.0,900.0,870.0,890.0,5.0
2002-10-02,544.2313232421875,860.0,910.0,860.0,910.0,6.0
2002-10-03,506.2616271972656,800.0,870.0,800.0,870.0,10.0
2002-10-04,493.6051635742188,780.0,790.0,760.0,790.0,10.0
2002-10-07,449.3073425292969,710.0,770.0,710.0,760.0,9.0
2002-10-08,461.9638671875,730.0,750.0,710.0,710.0,9.0
2002-10-09,442.9790649414063,700.0,740.0,700.0,730.0,8.0
2002-10-10,449.3073425292969,710.0,710.0,660.0,700.0,12.0
2002-10-11,455.6355590820313,720.0,730.0,700.0,710.0,5.0
2002-10-14,455.6355590820313,720.0,720.0,720.0,720.0,0.0
2002-10-15,480.9486083984375,760.0,770.0,740.0,760.0,6.0
2002-10-16,480.9486083984375,760.0,780.0,760.0,770.0,3.0
2002-10-17,493.6051635742188,780.0,800.0,770.0,770.0,3.0
2002-10-18,506.2616271972656,800.0,810.0,780.0,800.0,4.0
2002-10-21,506.2616271972656,800.0,820.0,780.0,820.0,5.0
2002-10-22,487.2769470214844,770.0,800.0,750.0,800.0,4.0
2002-10-23,436.6506652832031,690.0,720.0,670.0,700.0,13.0
2002-10-24,436.6506652832031,690.0,690.0,680.0,680.0,5.0
2002-10-25,430.3224487304688,680.0,690.0,680.0,690.0,4.0
2002-10-28,423.9942932128906,670.0,680.0,660.0,670.0,5.0
2002-10-29,417.6659240722656,660.0,690.0,660.0,670.0,8.0
2002-10-30,423.9942932128906,670.0,690.0,660.0,660.0,6.0
2002-10-31,442.9790649414063,700.0,710.0,690.0,690.0,8.0
2002-11-01,436.6506652832031,690.0,710.0,680.0,710.0,4.0
2002-11-05,430.3224487304688,680.0,700.0,680.0,700.0,3.0
2002-11-06,436.6506652832031,690.0,690.0,670.0,680.0,3.0
2002-11-07,436.6506652832031,690.0,690.0,680.0,680.0,2.0
2002-11-08,430.3224487304688,680.0,690.0,670.0,680.0,1.0
2002-11-11,398.6811218261719,630.0,670.0,630.0,670.0,7.0
2002-11-12,398.6811218261719,630.0,630.0,610.0,620.0,5.0
2002-11-13,398.6811218261719,630.0,640.0,620.0,620.0,3.0
2002-11-14,367.0397338867188,580.0,630.0,570.0,620.0,10.0
2002-11-15,379.6962890625,600.0,600.0,570.0,590.0,12.0
2002-11-18,360.7114562988281,570.0,610.0,560.0,610.0,7.0
2002-11-19,335.3984069824219,530.0,560.0,520.0,560.0,17.0
2002-11-20,348.054931640625,550.0,550.0,480.0,510.0,42.0
2002-11-21,411.337646484375,650.0,650.0,570.0,580.0,16.0
2002-11-22,405.0093383789063,640.0,660.0,620.0,650.0,9.0
2002-11-25,392.3529052734375,620.0,670.0,620.0,650.0,11.0
2002-11-26,405.0093383789063,640.0,650.0,630.0,640.0,4.0
2002-11-27,405.0093383789063,640.0,650.0,620.0,630.0,6.0
2002-11-28,417.6659240722656,660.0,670.0,640.0,650.0,7.0
2002-11-29,436.6506652832031,690.0,690.0,640.0,650.0,6.0
2002-12-02,436.6506652832031,690.0,690.0,690.0,690.0,0.0
2002-12-03,436.6506652832031,690.0,700.0,670.0,690.0,5.0
2002-12-04,411.337646484375,650.0,660.0,640.0,650.0,7.0
2002-12-05,405.0093383789063,640.0,660.0,640.0,650.0,2.0
2002-12-06,398.6811218261719,630.0,650.0,620.0,620.0,4.0
2002-12-09,379.6962890625,600.0,630.0,600.0,620.0,3.0
2002-12-10,392.3529052734375,620.0,620.0,600.0,600.0,4.0
2002-12-11,379.6962890625,600.0,620.0,600.0,610.0,3.0
2002-12-12,386.0245361328125,610.0,620.0,600.0,610.0,3.0
2002-12-13,379.6962890625,600.0,610.0,600.0,600.0,10.0
2002-12-17,392.3529052734375,620.0,650.0,610.0,640.0,5.0
2002-12-18,379.6962890625,600.0,630.0,600.0,630.0,5.0
2002-12-19,398.6811218261719,630.0,630.0,590.0,590.0,5.0
2002-12-20,386.0245361328125,610.0,640.0,610.0,630.0,7.0
2002-12-24,392.3529052734375,620.0,630.0,600.0,620.0,5.0
2002-12-25,379.6962890625,600.0,620.0,600.0,600.0,4.0
2002-12-26,392.3529052734375,620.0,630.0,610.0,620.0,3.0
2002-12-27,405.0093383789063,640.0,640.0,620.0,630.0,2.0
2002-12-30,411.337646484375,650.0,650.0,620.0,620.0,2.0
2003-01-03,411.337646484375,650.0,650.0,650.0,650.0,0.0
2003-01-06,417.6659240722656,660.0,670.0,630.0,650.0,4.0
2003-01-07,392.3529052734375,620.0,680.0,620.0,680.0,5.0
2003-01-08,386.0245361328125,610.0,630.0,610.0,620.0,3.0
2003-01-09,398.6811218261719,630.0,630.0,600.0,600.0,3.0
2003-01-10,386.0245361328125,610.0,630.0,600.0,620.0,5.0
2003-01-13,386.0245361328125,610.0,610.0,610.0,610.0,0.0
2003-01-14,392.3529052734375,620.0,620.0,600.0,620.0,2.0
2003-01-15,392.3529052734375,620.0,620.0,600.0,620.0,3.0
2003-01-16,392.3529052734375,620.0,630.0,600.0,610.0,6.0
2003-01-17,392.3529052734375,620.0,630.0,600.0,610.0,4.0
2003-01-20,398.6811218261719,630.0,650.0,620.0,620.0,9.0
2003-01-21,411.337646484375,650.0,660.0,630.0,640.0,14.0
2003-01-22,405.0093383789063,640.0,660.0,630.0,660.0,13.0
2003-01-23,392.3529052734375,620.0,660.0,620.0,660.0,10.0
2003-01-24,398.6811218261719,630.0,650.0,620.0,630.0,7.0
2003-01-27,386.0245361328125,610.0,630.0,610.0,630.0,6.0
2003-01-28,386.0245361328125,610.0,620.0,600.0,610.0,6.0
2003-01-29,386.0245361328125,610.0,620.0,600.0,610.0,7.0
2003-01-30,379.6962890625,600.0,610.0,600.0,600.0,3.0
2003-01-31,379.6962890625,600.0,620.0,590.0,620.0,9.0
2003-02-03,392.3529052734375,620.0,620.0,590.0,600.0,7.0
2003-02-04,379.6962890625,600.0,620.0,600.0,620.0,5.0
2003-02-05,379.6962890625,600.0,610.0,600.0,600.0,2.0
2003-02-06,379.6962890625,600.0,610.0,590.0,600.0,8.0
2003-02-07,386.0245361328125,610.0,630.0,590.0,600.0,12.0
2003-02-10,392.3529052734375,620.0,630.0,610.0,610.0,4.0
2003-02-11,392.3529052734375,620.0,620.0,620.0,620.0,0.0
2003-02-12,405.0093383789063,640.0,640.0,620.0,630.0,7.0
2003-02-13,398.6811218261719,630.0,640.0,620.0,640.0,7.0
2003-02-14,398.6811218261719,630.0,660.0,620.0,630.0,15.0
2003-02-17,405.0093383789063,640.0,640.0,630.0,640.0,4.0
2003-02-18,411.337646484375,650.0,660.0,630.0,650.0,12.0
2003-02-19,392.3529052734375,620.0,650.0,620.0,640.0,6.0
2003-02-20,386.0245361328125,610.0,620.0,600.0,620.0,5.0
2003-02-21,379.6962890625,600.0,610.0,590.0,610.0,10.0
2003-02-24,373.3680419921875,590.0,600.0,590.0,600.0,3.0
2003-02-25,367.0397338867188,580.0,600.0,580.0,590.0,4.0
2003-02-26,360.7114562988281,570.0,590.0,570.0,580.0,5.0
2003-02-27,348.054931640625,550.0,580.0,550.0,570.0,12.0
2003-02-28,360.7114562988281,570.0,580.0,550.0,560.0,11.0
2003-03-03,354.3832092285156,560.0,560.0,540.0,560.0,12.0
2003-03-04,367.0397338867188,580.0,580.0,570.0,570.0,10.0
2003-03-05,354.3832092285156,560.0,580.0,560.0,580.0,7.0
2003-03-06,360.7114562988281,570.0,590.0,560.0,560.0,13.0
2003-03-07,354.3832092285156,560.0,590.0,560.0,580.0,12.0
2003-03-10,367.0397338867188,580.0,580.0,560.0,570.0,10.0
2003-03-11,367.0397338867188,580.0,580.0,570.0,580.0,11.0
2003-03-12,360.7114562988281,570.0,570.0,550.0,560.0,11.0
2003-03-13,354.3832092285156,560.0,570.0,550.0,560.0,6.0
2003-03-14,348.054931640625,550.0,560.0,540.0,540.0,18.0
2003-03-17,341.7266845703125,540.0,560.0,540.0,550.0,6.0
2003-03-18,348.054931640625,550.0,570.0,550.0,570.0,7.0
2003-03-19,348.054931640625,550.0,560.0,540.0,550.0,4.0
2003-03-20,341.7266845703125,540.0,550.0,540.0,550.0,5.0
2003-03-24,354.3832092285156,560.0,570.0,540.0,560.0,14.0
2003-03-25,354.3832092285156,560.0,570.0,550.0,560.0,9.0
2003-03-26,360.7114562988281,570.0,570.0,560.0,570.0,4.0
2003-03-27,373.3680419921875,590.0,590.0,560.0,560.0,7.0
2003-03-28,373.3680419921875,590.0,600.0,590.0,590.0,6.0
2003-03-31,360.7114562988281,570.0,600.0,570.0,590.0,5.0
2003-04-01,360.7114562988281,570.0,610.0,570.0,610.0,6.0
2003-04-02,373.3680419921875,590.0,590.0,570.0,590.0,4.0
2003-04-03,367.0397338867188,580.0,600.0,570.0,590.0,9.0
2003-04-04,360.7114562988281,570.0,580.0,570.0,570.0,5.0
2003-04-07,373.3680419921875,590.0,590.0,570.0,570.0,5.0
2003-04-08,373.3680419921875,590.0,590.0,570.0,580.0,4.0
2003-04-09,367.0397338867188,580.0,590.0,570.0,580.0,3.0
2003-04-10,354.3832092285156,560.0,580.0,560.0,580.0,5.0
2003-04-11,354.3832092285156,560.0,570.0,560.0,570.0,4.0
2003-04-14,354.3832092285156,560.0,570.0,550.0,560.0,5.0
2003-04-16,354.3832092285156,560.0,570.0,560.0,560.0,6.0
2003-04-17,354.3832092285156,560.0,570.0,560.0,560.0,5.0
2003-04-18,354.3832092285156,560.0,570.0,550.0,570.0,12.0
2003-04-21,354.3832092285156,560.0,570.0,550.0,550.0,7.0
2003-04-22,348.054931640625,550.0,570.0,550.0,560.0,5.0
2003-04-23,348.054931640625,550.0,560.0,550.0,560.0,4.0
2003-04-24,341.7266845703125,540.0,560.0,540.0,550.0,5.0
2003-04-25,341.7266845703125,540.0,550.0,540.0,550.0,2.0
2003-04-28,341.7266845703125,540.0,550.0,540.0,550.0,3.0
2003-04-29,341.7266845703125,540.0,540.0,540.0,540.0,0.0
2003-04-30,360.7114562988281,570.0,570.0,540.0,550.0,8.0
2003-05-01,373.3680419921875,590.0,590.0,560.0,570.0,8.0
2003-05-02,360.7114562988281,570.0,580.0,560.0,570.0,3.0
2003-05-05,360.7114562988281,570.0,570.0,570.0,570.0,0.0
2003-05-06,373.3680419921875,590.0,610.0,580.0,590.0,11.0
2003-05-07,379.6962890625,600.0,610.0,590.0,600.0,6.0
2003-05-08,373.3680419921875,590.0,610.0,590.0,600.0,3.0
2003-05-09,386.0245361328125,610.0,610.0,590.0,600.0,4.0
2003-05-12,392.3529052734375,620.0,620.0,600.0,610.0,4.0
2003-05-13,373.3680419921875,590.0,620.0,590.0,620.0,5.0
2003-05-14,379.6962890625,600.0,610.0,590.0,600.0,5.0
2003-05-15,373.3680419921875,590.0,600.0,590.0,600.0,4.0
2003-05-16,367.0397338867188,580.0,600.0,580.0,600.0,5.0
2003-05-19,303.7569885253906,480.0,530.0,470.0,480.0,100.0
2003-05-20,322.7418212890625,510.0,530.0,480.0,490.0,86.0
2003-05-21,386.0245361328125,610.0,620.0,530.0,540.0,109.0
2003-05-22,436.6506652832031,690.0,740.0,660.0,710.0,103.0
2003-05-23,430.3224487304688,680.0,710.0,670.0,700.0,40.0
2003-05-26,417.6659240722656,660.0,690.0,650.0,690.0,28.0
2003-05-27,398.6811218261719,630.0,660.0,610.0,660.0,33.0
2003-05-28,392.3529052734375,620.0,640.0,610.0,630.0,14.0
2003-05-29,379.6962890625,600.0,620.0,590.0,620.0,16.0
2003-05-30,411.337646484375,650.0,650.0,610.0,620.0,30.0
2003-06-02,430.3224487304688,680.0,700.0,670.0,680.0,50.0
2003-06-03,430.3224487304688,680.0,690.0,670.0,690.0,13.0
2003-06-04,417.6659240722656,660.0,680.0,650.0,670.0,16.0
2003-06-05,423.9942932128906,670.0,680.0,660.0,660.0,12.0
2003-06-06,411.337646484375,650.0,670.0,640.0,670.0,21.0
2003-06-09,417.6659240722656,660.0,670.0,650.0,660.0,16.0
2003-06-10,449.3073425292969,710.0,730.0,660.0,670.0,69.0
2003-06-11,531.5748291015625,840.0,860.0,780.0,810.0,140.0
2003-06-12,512.5901489257812,810.0,890.0,800.0,850.0,79.0
2003-06-13,544.2313232421875,860.0,860.0,830.0,850.0,63.0
2003-06-16,525.2464599609375,830.0,860.0,830.0,850.0,25.0
2003-06-17,518.9183349609375,820.0,850.0,810.0,840.0,25.0
2003-06-18,531.5748291015625,840.0,840.0,820.0,840.0,27.0
2003-06-19,512.5901489257812,810.0,840.0,810.0,840.0,19.0
2003-06-20,506.2616271972656,800.0,810.0,790.0,800.0,22.0
2003-06-23,531.5748291015625,840.0,840.0,790.0,800.0,36.0
2003-06-24,518.9183349609375,820.0,830.0,800.0,820.0,20.0
2003-06-25,518.9183349609375,820.0,830.0,810.0,820.0,18.0
2003-06-26,525.2464599609375,830.0,830.0,810.0,820.0,19.0
2003-06-27,512.5901489257812,810.0,840.0,810.0,830.0,17.0
2003-06-30,525.2464599609375,830.0,860.0,820.0,830.0,49.0
2003-07-01,556.8878784179688,880.0,880.0,830.0,840.0,51.0
2003-07-02,601.185791015625,950.0,960.0,910.0,930.0,119.0
2003-07-03,607.5139770507812,960.0,1040.0,940.0,1010.0,110.0
2003-07-04,620.170654296875,980.0,980.0,910.0,950.0,47.0
2003-07-07,645.483642578125,1020.0,1030.0,970.0,980.0,61.0
2003-07-08,639.1553344726562,1010.0,1050.0,1000.0,1050.0,54.0
2003-07-09,639.1553344726562,1010.0,1010.0,980.0,1000.0,30.0
2003-07-10,626.4989013671875,990.0,1010.0,990.0,1000.0,25.0
2003-07-11,607.5139770507812,960.0,990.0,960.0,980.0,22.0
2003-07-14,613.8424682617188,970.0,980.0,960.0,970.0,8.0
2003-07-15,626.4989013671875,990.0,1000.0,970.0,980.0,21.0
2003-07-16,620.170654296875,980.0,990.0,970.0,990.0,10.0
2003-07-17,588.5292358398438,930.0,980.0,930.0,970.0,16.0
2003-07-18,582.2009887695312,920.0,930.0,900.0,910.0,18.0
2003-07-21,582.2009887695312,920.0,920.0,920.0,920.0,0.0
2003-07-22,569.54443359375,900.0,930.0,890.0,920.0,13.0
2003-07-23,569.54443359375,900.0,910.0,890.0,910.0,14.0
2003-07-24,582.2009887695312,920.0,930.0,880.0,900.0,34.0
2003-07-25,569.54443359375,900.0,920.0,890.0,900.0,21.0
2003-07-28,575.8726196289062,910.0,930.0,910.0,920.0,11.0
2003-07-29,569.54443359375,900.0,930.0,900.0,920.0,17.0
2003-07-30,563.2161865234375,890.0,910.0,890.0,900.0,7.0
2003-07-31,563.2161865234375,890.0,900.0,880.0,890.0,11.0
2003-08-01,556.8878784179688,880.0,900.0,880.0,900.0,12.0
2003-08-04,537.9029541015625,850.0,880.0,840.0,870.0,16.0
2003-08-05,525.2464599609375,830.0,860.0,830.0,840.0,13.0
2003-08-06,499.9334411621094,790.0,820.0,780.0,810.0,16.0
2003-08-07,518.9183349609375,820.0,830.0,790.0,800.0,12.0
2003-08-08,525.2464599609375,830.0,840.0,800.0,830.0,14.0
2003-08-11,525.2464599609375,830.0,830.0,810.0,830.0,4.0
2003-08-12,537.9029541015625,850.0,860.0,830.0,830.0,13.0
2003-08-13,563.2161865234375,890.0,910.0,870.0,870.0,27.0
2003-08-14,569.54443359375,900.0,900.0,870.0,880.0,11.0
2003-08-15,563.2161865234375,890.0,890.0,890.0,890.0,11.0
2003-08-18,563.2161865234375,890.0,900.0,880.0,900.0,13.0
2003-08-19,582.2009887695312,920.0,930.0,900.0,910.0,36.0
2003-08-20,575.8726196289062,910.0,930.0,910.0,920.0,30.0
2003-08-21,582.2009887695312,920.0,920.0,900.0,910.0,19.0
2003-08-22,575.8726196289062,910.0,930.0,900.0,920.0,22.0
2003-08-25,563.2161865234375,890.0,910.0,890.0,910.0,13.0
2003-08-26,556.8878784179688,880.0,890.0,860.0,890.0,20.0
2003-08-27,582.2009887695312,920.0,950.0,880.0,890.0,90.0
2003-08-28,613.8424682617188,970.0,990.0,950.0,960.0,103.0
2003-08-29,645.483642578125,1020.0,1020.0,980.0,980.0,101.0
2003-09-01,658.1401977539062,1040.0,1050.0,1000.0,1020.0,70.0
2003-09-02,651.81201171875,1030.0,1060.0,1020.0,1040.0,73.0
2003-09-03,651.81201171875,1030.0,1050.0,1020.0,1050.0,48.0
2003-09-04,632.8271484375,1000.0,1050.0,1000.0,1040.0,44.0
2003-09-05,645.483642578125,1020.0,1020.0,1000.0,1010.0,28.0
2003-09-08,632.8271484375,1000.0,1010.0,970.0,1000.0,22.0
2003-09-09,626.4989013671875,990.0,1020.0,990.0,1010.0,24.0
2003-09-10,632.8271484375,1000.0,1010.0,980.0,990.0,27.0
2003-09-11,626.4989013671875,990.0,1000.0,970.0,990.0,17.0
2003-09-12,626.4989013671875,990.0,1000.0,980.0,990.0,22.0
2003-09-15,626.4989013671875,990.0,990.0,990.0,990.0,0.0
2003-09-16,746.736083984375,1180.0,1200.0,1000.0,1010.0,154.0
2003-09-17,765.7210083007812,1210.0,1340.0,1200.0,1290.0,172.0
2003-09-18,810.0186767578125,1280.0,1290.0,1220.0,1220.0,71.0
2003-09-19,904.9429321289062,1430.0,1470.0,1340.0,1350.0,245.0
2003-09-22,1031.5081787109375,1630.0,1670.0,1380.0,1480.0,296.0
2003-09-23,1031.5081787109375,1630.0,1630.0,1630.0,1630.0,0.0
2003-09-24,1063.149658203125,1680.0,1830.0,1550.0,1570.0,261.0
2003-09-25,955.5692138671876,1510.0,1630.0,1450.0,1580.0,160.0
2003-09-26,974.5538940429688,1540.0,1540.0,1410.0,1410.0,99.0
2003-09-29,961.897216796875,1520.0,1620.0,1520.0,1600.0,67.0
2003-09-30,993.5387573242188,1570.0,1630.0,1570.0,1620.0,59.0
2003-10-01,1050.492919921875,1660.0,1670.0,1520.0,1580.0,125.0
2003-10-02,1082.134521484375,1710.0,1800.0,1710.0,1750.0,173.0
2003-10-03,1069.4779052734375,1690.0,1740.0,1660.0,1730.0,67.0
2003-10-06,1075.805908203125,1700.0,1760.0,1700.0,1750.0,47.0
2003-10-07,1031.5081787109375,1630.0,1710.0,1600.0,1710.0,51.0
2003-10-08,1025.1802978515625,1620.0,1660.0,1590.0,1620.0,56.0
2003-10-09,1037.836669921875,1640.0,1650.0,1610.0,1610.0,25.0
2003-10-10,1082.134521484375,1710.0,1730.0,1660.0,1700.0,118.0
2003-10-13,1082.134521484375,1710.0,1710.0,1710.0,1710.0,0.0
2003-10-14,1170.7303466796875,1850.0,1850.0,1770.0,1770.0,183.0
2003-10-15,1177.0584716796875,1860.0,1910.0,1840.0,1900.0,115.0
2003-10-16,1170.7303466796875,1850.0,1870.0,1780.0,1850.0,66.0
2003-10-17,1164.4019775390625,1840.0,1860.0,1810.0,1840.0,41.0
2003-10-20,1126.432373046875,1780.0,1820.0,1780.0,1810.0,39.0
2003-10-21,1107.4476318359375,1750.0,1810.0,1730.0,1800.0,39.0
2003-10-22,1050.492919921875,1660.0,1730.0,1650.0,1730.0,42.0
2003-10-23,961.897216796875,1520.0,1590.0,1510.0,1520.0,55.0
2003-10-24,999.8668823242188,1580.0,1670.0,1560.0,1580.0,57.0
2003-10-27,1050.492919921875,1660.0,1670.0,1600.0,1600.0,38.0
2003-10-28,1101.119140625,1740.0,1760.0,1690.0,1700.0,65.0
2003-10-29,1082.134521484375,1710.0,1810.0,1700.0,1790.0,41.0
2003-10-30,1063.149658203125,1680.0,1720.0,1660.0,1700.0,24.0
2003-10-31,1018.8516845703124,1610.0,1690.0,1580.0,1690.0,36.0
2003-11-03,1018.8516845703124,1610.0,1610.0,1610.0,1610.0,0.0
2003-11-04,1031.5081787109375,1630.0,1670.0,1620.0,1660.0,22.0
2003-11-05,1012.5232543945312,1600.0,1610.0,1550.0,1600.0,39.0
2003-11-06,987.2103271484376,1560.0,1580.0,1550.0,1570.0,36.0
2003-11-07,993.5387573242188,1570.0,1570.0,1540.0,1550.0,33.0
2003-11-10,949.2407836914062,1500.0,1580.0,1500.0,1570.0,28.0
2003-11-11,866.972900390625,1370.0,1430.0,1270.0,1430.0,116.0
2003-11-12,885.9581298828125,1400.0,1450.0,1350.0,1380.0,53.0
2003-11-13,879.629638671875,1390.0,1460.0,1390.0,1450.0,43.0
2003-11-14,847.9885864257812,1340.0,1380.0,1320.0,1370.0,45.0
2003-11-17,784.705810546875,1240.0,1300.0,1210.0,1290.0,45.0
2003-11-18,816.3470458984375,1290.0,1300.0,1150.0,1210.0,67.0
2003-11-19,791.0341186523438,1250.0,1290.0,1230.0,1240.0,33.0
2003-11-20,810.0186767578125,1280.0,1300.0,1250.0,1290.0,35.0
2003-11-21,841.66015625,1330.0,1330.0,1240.0,1260.0,35.0
2003-11-24,841.66015625,1330.0,1330.0,1330.0,1330.0,0.0
2003-11-25,873.3013305664062,1380.0,1410.0,1370.0,1400.0,29.0
2003-11-26,854.3167724609375,1350.0,1380.0,1330.0,1350.0,23.0
2003-11-27,885.9581298828125,1400.0,1400.0,1330.0,1360.0,39.0
2003-11-28,866.972900390625,1370.0,1440.0,1360.0,1390.0,53.0
2003-12-01,873.3013305664062,1380.0,1400.0,1250.0,1250.0,48.0
2003-12-02,854.3167724609375,1350.0,1410.0,1350.0,1390.0,31.0
2003-12-03,854.3167724609375,1350.0,1370.0,1340.0,1360.0,15.0
2003-12-04,822.67529296875,1300.0,1330.0,1290.0,1330.0,30.0
2003-12-05,822.67529296875,1300.0,1330.0,1280.0,1330.0,20.0
2003-12-08,797.3622436523438,1260.0,1290.0,1240.0,1280.0,24.0
2003-12-09,791.0341186523438,1250.0,1280.0,1220.0,1270.0,22.0
2003-12-10,753.064208984375,1190.0,1230.0,1190.0,1220.0,26.0
2003-12-11,784.705810546875,1240.0,1260.0,1190.0,1210.0,42.0
2003-12-12,772.049072265625,1220.0,1270.0,1220.0,1260.0,34.0
2003-12-15,829.0036010742188,1310.0,1310.0,1270.0,1300.0,49.0
2003-12-16,816.3470458984375,1290.0,1290.0,1250.0,1260.0,23.0
2003-12-17,810.0186767578125,1280.0,1300.0,1260.0,1290.0,20.0
2003-12-18,797.3622436523438,1260.0,1280.0,1250.0,1270.0,13.0
2003-12-19,791.0341186523438,1250.0,1270.0,1230.0,1260.0,16.0
2003-12-22,784.705810546875,1240.0,1250.0,1220.0,1230.0,17.0
2003-12-23,784.705810546875,1240.0,1240.0,1240.0,1240.0,0.0
2003-12-24,772.049072265625,1220.0,1240.0,1210.0,1230.0,18.0
2003-12-25,778.3773803710938,1230.0,1250.0,1200.0,1220.0,35.0
2003-12-26,791.0341186523438,1250.0,1260.0,1220.0,1230.0,39.0
2003-12-29,829.0036010742188,1310.0,1320.0,1260.0,1260.0,44.0
2003-12-30,854.3167724609375,1350.0,1350.0,1320.0,1330.0,28.0
2004-01-02,854.3167724609375,1350.0,1350.0,1350.0,1350.0,0.0
2004-01-05,860.6448974609375,1360.0,1400.0,1360.0,1390.0,43.0
2004-01-06,860.6448974609375,1360.0,1390.0,1340.0,1380.0,28.0
2004-01-07,835.3318481445312,1320.0,1350.0,1300.0,1340.0,42.0
2004-01-08,822.67529296875,1300.0,1340.0,1300.0,1320.0,60.0
2004-01-09,791.0341186523438,1250.0,1300.0,1250.0,1300.0,75.0
2004-01-12,791.0341186523438,1250.0,1250.0,1250.0,1250.0,0.0
2004-01-13,803.6903686523438,1270.0,1300.0,1260.0,1290.0,80.0
2004-01-14,816.3470458984375,1290.0,1310.0,1260.0,1270.0,52.0
2004-01-15,816.3470458984375,1290.0,1320.0,1270.0,1310.0,37.0
2004-01-16,829.0036010742188,1310.0,1310.0,1280.0,1280.0,34.0
2004-01-19,860.6448974609375,1360.0,1370.0,1320.0,1330.0,83.0
2004-01-20,860.6448974609375,1360.0,1380.0,1350.0,1370.0,58.0
2004-01-21,841.66015625,1330.0,1360.0,1330.0,1350.0,20.0
2004-01-22,847.9885864257812,1340.0,1350.0,1330.0,1340.0,14.0
2004-01-23,854.3167724609375,1350.0,1350.0,1320.0,1330.0,21.0
2004-01-26,816.3470458984375,1290.0,1320.0,1270.0,1320.0,65.0
2004-01-27,822.67529296875,1300.0,1320.0,1300.0,1300.0,31.0
2004-01-28,822.67529296875,1300.0,1310.0,1280.0,1300.0,28.0
2004-01-29,810.0186767578125,1280.0,1290.0,1270.0,1280.0,19.0
2004-01-30,810.0186767578125,1280.0,1290.0,1270.0,1290.0,12.0
2004-02-02,797.3622436523438,1260.0,1280.0,1260.0,1280.0,12.0
2004-02-03,778.3773803710938,1230.0,1260.0,1230.0,1260.0,36.0
2004-02-04,753.064208984375,1190.0,1250.0,1190.0,1240.0,45.0
2004-02-05,778.3773803710938,1230.0,1230.0,1170.0,1180.0,53.0
2004-02-06,784.705810546875,1240.0,1250.0,1220.0,1250.0,25.0
2004-02-09,772.049072265625,1220.0,1250.0,1220.0,1250.0,14.0
2004-02-10,778.3773803710938,1230.0,1240.0,1210.0,1220.0,21.0
2004-02-11,778.3773803710938,1230.0,1230.0,1230.0,1230.0,0.0
2004-02-12,791.0341186523438,1250.0,1250.0,1230.0,1230.0,23.0
2004-02-13,803.6903686523438,1270.0,1270.0,1230.0,1240.0,37.0
2004-02-16,816.3470458984375,1290.0,1300.0,1250.0,1270.0,53.0
2004-02-17,810.0186767578125,1280.0,1300.0,1270.0,1290.0,25.0
2004-02-18,803.6903686523438,1270.0,1300.0,1270.0,1290.0,23.0
2004-02-19,797.3622436523438,1260.0,1290.0,1250.0,1280.0,21.0
2004-02-20,778.3773803710938,1230.0,1260.0,1230.0,1250.0,16.0
2004-02-23,791.0341186523438,1250.0,1250.0,1230.0,1230.0,15.0
2004-02-24,772.049072265625,1220.0,1250.0,1220.0,1240.0,19.0
2004-02-25,765.7210083007812,1210.0,1230.0,1210.0,1210.0,17.0
2004-02-26,784.705810546875,1240.0,1240.0,1220.0,1230.0,23.0
2004-02-27,784.705810546875,1240.0,1250.0,1230.0,1240.0,21.0
2004-03-01,803.6903686523438,1270.0,1270.0,1240.0,1250.0,58.0
2004-03-02,810.0186767578125,1280.0,1290.0,1260.0,1280.0,57.0
2004-03-03,873.3013305664062,1380.0,1390.0,1280.0,1290.0,274.0
2004-03-04,961.897216796875,1520.0,1520.0,1410.0,1410.0,355.0
2004-03-05,955.5692138671876,1510.0,1600.0,1450.0,1590.0,292.0
2004-03-08,955.5692138671876,1510.0,1580.0,1480.0,1560.0,134.0
2004-03-09,974.5538940429688,1540.0,1540.0,1460.0,1480.0,106.0
2004-03-10,980.8818969726562,1550.0,1580.0,1520.0,1550.0,121.0
2004-03-11,999.8668823242188,1580.0,1580.0,1500.0,1500.0,114.0
2004-03-12,993.5387573242188,1570.0,1630.0,1550.0,1580.0,235.0
2004-03-15,1069.4779052734375,1690.0,1690.0,1600.0,1610.0,214.0
2004-03-16,1063.149658203125,1680.0,1740.0,1660.0,1680.0,181.0
2004-03-17,1088.462646484375,1720.0,1750.0,1700.0,1750.0,120.0
2004-03-18,1107.4476318359375,1750.0,1820.0,1730.0,1770.0,313.0
2004-03-19,1120.1041259765625,1770.0,1770.0,1700.0,1720.0,101.0
2004-03-22,1082.134521484375,1710.0,1780.0,1710.0,1750.0,113.0
2004-03-23,1101.119140625,1740.0,1760.0,1630.0,1660.0,150.0
2004-03-24,1132.7606201171875,1790.0,1800.0,1740.0,1770.0,133.0
2004-03-25,1120.1041259765625,1770.0,1820.0,1750.0,1790.0,103.0
2004-03-26,1120.1041259765625,1770.0,1820.0,1760.0,1810.0,71.0
2004-03-29,1120.1041259765625,1770.0,1800.0,1760.0,1780.0,59.0
2004-03-30,1088.462646484375,1720.0,1780.0,1720.0,1780.0,71.0
2004-03-31,1101.119140625,1740.0,1750.0,1700.0,1730.0,57.0
2004-04-01,1101.119140625,1740.0,1780.0,1740.0,1770.0,83.0
2004-04-02,1101.119140625,1740.0,1750.0,1730.0,1740.0,42.0
2004-04-05,1101.119140625,1740.0,1770.0,1740.0,1760.0,51.0
2004-04-06,1202.37158203125,1900.0,1900.0,1740.0,1760.0,323.0
2004-04-07,1196.043212890625,1890.0,1940.0,1870.0,1870.0,351.0
2004-04-08,1215.0279541015625,1920.0,1930.0,1890.0,1900.0,116.0
2004-04-09,1177.0584716796875,1860.0,1900.0,1830.0,1880.0,136.0
2004-04-12,1246.6693115234375,1970.0,1980.0,1890.0,1900.0,194.0
2004-04-13,1322.609130859375,2090.0,2110.0,2020.0,2020.0,344.0
2004-04-14,1442.8458251953125,2280.0,2300.0,2060.0,2080.0,410.0
2004-04-15,1468.158935546875,2320.0,2500.0,2220.0,2430.0,528.0
2004-04-16,1423.861083984375,2250.0,2380.0,2230.0,2330.0,237.0
2004-04-19,1379.563232421875,2180.0,2200.0,2060.0,2150.0,269.0
2004-04-20,1430.1895751953125,2260.0,2280.0,2160.0,2220.0,160.0
2004-04-21,1417.5328369140625,2240.0,2290.0,2210.0,2240.0,93.0
2004-04-22,1366.90673828125,2160.0,2270.0,2160.0,2260.0,106.0
2004-04-23,1316.2803955078125,2080.0,2160.0,2060.0,2120.0,175.0
2004-04-26,1373.2347412109375,2170.0,2180.0,2080.0,2090.0,128.0
2004-04-27,1354.2501220703125,2140.0,2170.0,2110.0,2140.0,81.0
2004-04-28,1430.1895751953125,2260.0,2270.0,2200.0,2220.0,162.0
2004-04-29,1430.1895751953125,2260.0,2260.0,2260.0,2260.0,0.0
2004-04-30,1411.2044677734375,2230.0,2240.0,2140.0,2160.0,98.0
2004-05-05,1411.2044677734375,2230.0,2230.0,2230.0,2230.0,0.0
2004-05-06,1347.922119140625,2130.0,2280.0,2130.0,2280.0,113.0
2004-05-07,1366.90673828125,2160.0,2200.0,2070.0,2100.0,126.0
2004-05-10,1202.37158203125,1900.0,2110.0,1860.0,2080.0,188.0
2004-05-11,1215.0279541015625,1920.0,1990.0,1850.0,1870.0,166.0
2004-05-12,1316.2803955078125,2080.0,2080.0,1990.0,2010.0,90.0
2004-05-13,1246.6693115234375,1970.0,2060.0,1970.0,2050.0,108.0
2004-05-14,1202.37158203125,1900.0,2020.0,1880.0,1980.0,93.0
2004-05-17,1094.791259765625,1730.0,1840.0,1720.0,1820.0,181.0
2004-05-18,1183.3865966796875,1870.0,1900.0,1750.0,1770.0,128.0
2004-05-19,1271.9825439453125,2010.0,2010.0,1930.0,1940.0,114.0
2004-05-20,1221.3565673828125,1930.0,2060.0,1920.0,2020.0,159.0
2004-05-21,1278.3106689453125,2020.0,2020.0,1970.0,2000.0,77.0
2004-05-24,1265.654296875,2000.0,2090.0,1970.0,2050.0,167.0
2004-05-25,1234.0128173828125,1950.0,1990.0,1930.0,1970.0,91.0
2004-05-26,1202.37158203125,1900.0,2010.0,1900.0,2000.0,74.0
2004-05-27,1208.7000732421875,1910.0,1940.0,1850.0,1910.0,93.0
2004-05-28,1208.7000732421875,1910.0,1950.0,1900.0,1940.0,56.0
2004-05-31,1202.37158203125,1900.0,1910.0,1870.0,1900.0,43.0
2004-06-01,1221.3565673828125,1930.0,1940.0,1880.0,1890.0,47.0
2004-06-02,1202.37158203125,1900.0,1930.0,1890.0,1910.0,42.0
2004-06-03,1170.7303466796875,1850.0,1910.0,1840.0,1900.0,58.0
2004-06-04,1158.07373046875,1830.0,1880.0,1810.0,1860.0,44.0
2004-06-07,1221.3565673828125,1930.0,1940.0,1860.0,1870.0,67.0
2004-06-08,1234.0128173828125,1950.0,1990.0,1930.0,1970.0,74.0
2004-06-09,1202.37158203125,1900.0,1940.0,1900.0,1930.0,31.0
2004-06-10,1234.0128173828125,1950.0,1950.0,1880.0,1890.0,50.0
2004-06-11,1246.6693115234375,1970.0,1980.0,1940.0,1950.0,54.0
2004-06-14,1234.0128173828125,1950.0,1980.0,1930.0,1970.0,30.0
2004-06-15,1202.37158203125,1900.0,1950.0,1890.0,1940.0,35.0
2004-06-16,1215.0279541015625,1920.0,1940.0,1910.0,1930.0,36.0
2004-06-17,1208.7000732421875,1910.0,1940.0,1910.0,1930.0,15.0
2004-06-18,1202.37158203125,1900.0,1910.0,1880.0,1910.0,15.0
2004-06-21,1183.3865966796875,1870.0,1900.0,1860.0,1890.0,42.0
2004-06-22,1164.4019775390625,1840.0,1880.0,1830.0,1870.0,37.0
2004-06-23,1139.0888671875,1800.0,1860.0,1790.0,1850.0,37.0
2004-06-24,1158.07373046875,1830.0,1850.0,1820.0,1840.0,52.0
2004-06-25,1177.0584716796875,1860.0,1860.0,1810.0,1830.0,27.0
2004-06-28,1215.0279541015625,1920.0,1930.0,1860.0,1860.0,50.0
2004-06-29,1227.6849365234375,1940.0,1950.0,1910.0,1940.0,44.0
2004-06-30,1227.6849365234375,1940.0,1950.0,1920.0,1940.0,18.0
2004-07-01,1189.715087890625,1880.0,1940.0,1870.0,1930.0,36.0
2004-07-02,1183.3865966796875,1870.0,1870.0,1840.0,1860.0,29.0
2004-07-05,1158.07373046875,1830.0,1860.0,1830.0,1850.0,28.0
2004-07-06,1151.7452392578125,1820.0,1850.0,1810.0,1830.0,20.0
2004-07-07,1151.7452392578125,1820.0,1830.0,1790.0,1810.0,34.0
2004-07-08,1132.7606201171875,1790.0,1840.0,1780.0,1820.0,26.0
2004-07-09,1158.07373046875,1830.0,1840.0,1790.0,1800.0,48.0
2004-07-12,1170.7303466796875,1850.0,1870.0,1830.0,1860.0,25.0
2004-07-13,1170.7303466796875,1850.0,1860.0,1830.0,1850.0,28.0
2004-07-14,1208.7000732421875,1910.0,1960.0,1880.0,1940.0,97.0
2004-07-15,1183.3865966796875,1870.0,1900.0,1840.0,1900.0,40.0
2004-07-16,1170.7303466796875,1850.0,1870.0,1830.0,1860.0,22.0
2004-07-19,1170.7303466796875,1850.0,1850.0,1850.0,1850.0,0.0
2004-07-20,1164.4019775390625,1840.0,1850.0,1820.0,1830.0,16.0
2004-07-21,1164.4019775390625,1840.0,1860.0,1830.0,1850.0,10.0
2004-07-22,1151.7452392578125,1820.0,1840.0,1810.0,1810.0,12.0
2004-07-23,1139.0888671875,1800.0,1830.0,1800.0,1820.0,18.0
2004-07-26,1120.1041259765625,1770.0,1790.0,1770.0,1780.0,15.0
2004-07-27,1113.7757568359375,1760.0,1790.0,1750.0,1760.0,21.0
2004-07-28,1094.791259765625,1730.0,1780.0,1680.0,1770.0,43.0
2004-07-29,1069.4779052734375,1690.0,1750.0,1680.0,1740.0,44.0
2004-07-30,1088.462646484375,1720.0,1730.0,1690.0,1720.0,42.0
2004-08-02,1094.791259765625,1730.0,1750.0,1710.0,1720.0,36.0
2004-08-03,1075.805908203125,1700.0,1740.0,1690.0,1730.0,23.0
2004-08-04,1050.492919921875,1660.0,1690.0,1580.0,1680.0,54.0
2004-08-05,1044.164794921875,1650.0,1670.0,1620.0,1650.0,30.0
2004-08-06,1018.8516845703124,1610.0,1630.0,1580.0,1600.0,30.0
2004-08-09,999.8668823242188,1580.0,1590.0,1550.0,1560.0,41.0
2004-08-10,1050.492919921875,1660.0,1660.0,1580.0,1590.0,48.0
2004-08-11,1075.805908203125,1700.0,1720.0,1680.0,1690.0,44.0
2004-08-12,1069.4779052734375,1690.0,1710.0,1680.0,1680.0,31.0
2004-08-13,1037.836669921875,1640.0,1680.0,1630.0,1670.0,20.0
2004-08-16,1012.5232543945312,1600.0,1640.0,1590.0,1630.0,32.0
2004-08-17,1044.164794921875,1650.0,1700.0,1610.0,1630.0,58.0
2004-08-18,1037.836669921875,1640.0,1680.0,1620.0,1650.0,36.0
2004-08-19,1056.8212890625,1670.0,1670.0,1640.0,1660.0,22.0
2004-08-20,1050.492919921875,1660.0,1680.0,1650.0,1660.0,24.0
2004-08-23,1063.149658203125,1680.0,1690.0,1670.0,1680.0,11.0
2004-08-24,1063.149658203125,1680.0,1680.0,1660.0,1670.0,13.0
2004-08-25,1101.119140625,1740.0,1740.0,1670.0,1680.0,38.0
2004-08-26,1126.432373046875,1780.0,1820.0,1760.0,1790.0,120.0
2004-08-27,1151.7452392578125,1820.0,1830.0,1750.0,1770.0,45.0
2004-08-30,1132.7606201171875,1790.0,1830.0,1780.0,1820.0,40.0
2004-08-31,1126.432373046875,1780.0,1790.0,1760.0,1780.0,24.0
2004-09-01,1139.0888671875,1800.0,1810.0,1780.0,1790.0,42.0
2004-09-02,1120.1041259765625,1770.0,1810.0,1770.0,1810.0,15.0
2004-09-03,1132.7606201171875,1790.0,1800.0,1770.0,1790.0,16.0
2004-09-06,1151.7452392578125,1820.0,1830.0,1790.0,1790.0,37.0
2004-09-07,1139.0888671875,1800.0,1830.0,1800.0,1820.0,25.0
2004-09-08,1139.0888671875,1800.0,1820.0,1790.0,1810.0,15.0
2004-09-09,1126.432373046875,1780.0,1800.0,1780.0,1790.0,14.0
2004-09-10,1126.432373046875,1780.0,1790.0,1760.0,1780.0,31.0
2004-09-13,1126.432373046875,1780.0,1800.0,1770.0,1780.0,16.0
2004-09-14,1113.7757568359375,1760.0,1790.0,1750.0,1780.0,17.0
2004-09-15,1082.134521484375,1710.0,1770.0,1710.0,1760.0,33.0
2004-09-16,1069.4779052734375,1690.0,1720.0,1680.0,1690.0,29.0
2004-09-17,1056.8212890625,1670.0,1700.0,1670.0,1690.0,22.0
2004-09-20,1056.8212890625,1670.0,1670.0,1670.0,1670.0,0.0
2004-09-21,1037.836669921875,1640.0,1680.0,1640.0,1670.0,30.0
2004-09-22,1037.836669921875,1640.0,1660.0,1640.0,1650.0,18.0
2004-09-23,1037.836669921875,1640.0,1640.0,1640.0,1640.0,0.0
2004-09-24,1025.1802978515625,1620.0,1640.0,1610.0,1630.0,19.0
2004-09-27,1018.8516845703124,1610.0,1630.0,1600.0,1620.0,14.0
2004-09-28,1031.5081787109375,1630.0,1630.0,1580.0,1590.0,35.0
2004-09-29,1031.5081787109375,1630.0,1680.0,1620.0,1650.0,58.0
2004-09-30,1050.492919921875,1660.0,1670.0,1650.0,1660.0,24.0
2004-10-01,1107.4476318359375,1750.0,1750.0,1680.0,1680.0,82.0
2004-10-04,1126.432373046875,1780.0,1810.0,1760.0,1790.0,63.0
2004-10-05,1107.4476318359375,1750.0,1770.0,1730.0,1750.0,27.0
2004-10-06,1113.7757568359375,1760.0,1770.0,1720.0,1730.0,27.0
2004-10-07,1113.7757568359375,1760.0,1790.0,1750.0,1770.0,37.0
2004-10-08,1101.119140625,1740.0,1750.0,1730.0,1740.0,13.0
2004-10-11,1101.119140625,1740.0,1740.0,1740.0,1740.0,0.0
2004-10-12,1088.462646484375,1720.0,1740.0,1710.0,1730.0,14.0
2004-10-13,1075.805908203125,1700.0,1750.0,1700.0,1720.0,23.0
2004-10-14,1056.8212890625,1670.0,1730.0,1670.0,1720.0,37.0
2004-10-15,1050.492919921875,1660.0,1680.0,1630.0,1630.0,46.0
2004-10-18,1050.492919921875,1660.0,1670.0,1630.0,1670.0,17.0
2004-10-19,1063.149658203125,1680.0,1680.0,1650.0,1660.0,35.0
2004-10-20,1056.8212890625,1670.0,1670.0,1650.0,1670.0,19.0
2004-10-21,1088.462646484375,1720.0,1720.0,1670.0,1670.0,70.0
2004-10-22,1075.805908203125,1700.0,1760.0,1690.0,1730.0,72.0
2004-10-25,1069.4779052734375,1690.0,1710.0,1650.0,1670.0,42.0
2004-10-26,1101.119140625,1740.0,1750.0,1720.0,1740.0,65.0
2004-10-27,1113.7757568359375,1760.0,1800.0,1740.0,1780.0,92.0
2004-10-28,1107.4476318359375,1750.0,1790.0,1750.0,1790.0,57.0
2004-10-29,1107.4476318359375,1750.0,1760.0,1720.0,1750.0,27.0
2004-11-01,1088.462646484375,1720.0,1730.0,1700.0,1720.0,26.0
2004-11-02,1139.0888671875,1800.0,1800.0,1750.0,1750.0,61.0
2004-11-03,1139.0888671875,1800.0,1800.0,1800.0,1800.0,0.0
2004-11-04,1120.1041259765625,1770.0,1830.0,1770.0,1820.0,46.0
2004-11-05,1145.4173583984375,1810.0,1820.0,1780.0,1800.0,50.0
2004-11-08,1132.7606201171875,1790.0,1810.0,1780.0,1810.0,28.0
2004-11-09,1139.0888671875,1800.0,1800.0,1780.0,1790.0,17.0
2004-11-10,1139.0888671875,1800.0,1810.0,1790.0,1800.0,26.0
2004-11-11,1120.1041259765625,1770.0,1790.0,1760.0,1790.0,23.0
2004-11-12,1126.432373046875,1780.0,1790.0,1760.0,1760.0,15.0
2004-11-15,1177.0584716796875,1860.0,1860.0,1810.0,1820.0,112.0
2004-11-16,1177.0584716796875,1860.0,1900.0,1840.0,1860.0,129.0
2004-11-17,1170.7303466796875,1850.0,1870.0,1840.0,1850.0,51.0
2004-11-18,1177.0584716796875,1860.0,1900.0,1850.0,1880.0,86.0
2004-11-19,1164.4019775390625,1840.0,1870.0,1810.0,1860.0,55.0
2004-11-22,1151.7452392578125,1820.0,1820.0,1800.0,1810.0,35.0
2004-11-23,1151.7452392578125,1820.0,1820.0,1820.0,1820.0,0.0
2004-11-24,1158.07373046875,1830.0,1850.0,1820.0,1820.0,27.0
2004-11-25,1145.4173583984375,1810.0,1830.0,1780.0,1820.0,43.0
2004-11-26,1145.4173583984375,1810.0,1840.0,1790.0,1800.0,47.0
2004-11-29,1170.7303466796875,1850.0,1860.0,1810.0,1810.0,41.0
2004-11-30,1151.7452392578125,1820.0,1850.0,1810.0,1840.0,38.0
2004-12-01,1158.07373046875,1830.0,1850.0,1800.0,1810.0,44.0
2004-12-02,1170.7303466796875,1850.0,1870.0,1840.0,1860.0,51.0
2004-12-03,1164.4019775390625,1840.0,1860.0,1830.0,1850.0,26.0
2004-12-06,1164.4019775390625,1840.0,1860.0,1840.0,1850.0,19.0
2004-12-07,1151.7452392578125,1820.0,1850.0,1820.0,1840.0,19.0
2004-12-08,1164.4019775390625,1840.0,1840.0,1800.0,1810.0,33.0
2004-12-09,1139.0888671875,1800.0,1840.0,1790.0,1830.0,28.0
2004-12-10,1126.432373046875,1780.0,1810.0,1780.0,1800.0,35.0
2004-12-13,1132.7606201171875,1790.0,1800.0,1770.0,1790.0,20.0
2004-12-14,1139.0888671875,1800.0,1800.0,1780.0,1790.0,14.0
2004-12-15,1126.432373046875,1780.0,1810.0,1770.0,1800.0,23.0
2004-12-16,1126.432373046875,1780.0,1800.0,1770.0,1780.0,19.0
2004-12-17,1151.7452392578125,1820.0,1820.0,1770.0,1780.0,55.0
2004-12-20,1158.07373046875,1830.0,1850.0,1830.0,1840.0,32.0
2004-12-21,1183.3865966796875,1870.0,1880.0,1840.0,1850.0,70.0
2004-12-22,1227.6849365234375,1940.0,1950.0,1880.0,1900.0,176.0
2004-12-23,1227.6849365234375,1940.0,1940.0,1940.0,1940.0,0.0
2004-12-24,1252.997802734375,1980.0,2000.0,1960.0,1960.0,111.0
2004-12-27,1265.654296875,2000.0,2000.0,1960.0,1970.0,49.0
2004-12-28,1303.6240234375,2060.0,2080.0,1960.0,1970.0,128.0
2004-12-29,1284.6392822265625,2030.0,2100.0,2010.0,2090.0,115.0
2004-12-30,1316.2803955078125,2080.0,2090.0,2040.0,2050.0,46.0
2005-01-03,1316.2803955078125,2080.0,2080.0,2080.0,2080.0,0.0
2005-01-04,1309.9521484375,2070.0,2080.0,2050.0,2060.0,32.0
2005-01-05,1271.9825439453125,2010.0,2060.0,2010.0,2050.0,59.0
2005-01-06,1303.6240234375,2060.0,2060.0,1990.0,2000.0,72.0
2005-01-07,1278.3106689453125,2020.0,2070.0,2010.0,2060.0,58.0
2005-01-10,1278.3106689453125,2020.0,2020.0,2020.0,2020.0,0.0
2005-01-11,1297.2958984375,2050.0,2050.0,2010.0,2040.0,52.0
2005-01-12,1265.654296875,2000.0,2050.0,1990.0,2040.0,67.0
2005-01-13,1259.3260498046875,1990.0,2020.0,1970.0,2000.0,42.0
2005-01-14,1278.3106689453125,2020.0,2030.0,1960.0,1970.0,64.0
2005-01-17,1265.654296875,2000.0,2040.0,2000.0,2030.0,31.0
2005-01-18,1271.9825439453125,2010.0,2020.0,1980.0,1990.0,38.0
2005-01-19,1259.3260498046875,1990.0,2030.0,1990.0,2020.0,37.0
2005-01-20,1252.997802734375,1980.0,1990.0,1970.0,1980.0,22.0
2005-01-21,1240.34130859375,1960.0,1980.0,1960.0,1960.0,28.0
2005-01-24,1303.6240234375,2060.0,2060.0,1970.0,1980.0,122.0
2005-01-25,1335.265380859375,2110.0,2110.0,2040.0,2080.0,176.0
2005-01-26,1309.9521484375,2070.0,2140.0,2060.0,2110.0,139.0
2005-01-27,1303.6240234375,2060.0,2100.0,2060.0,2090.0,38.0
2005-01-28,1335.265380859375,2110.0,2120.0,2050.0,2060.0,86.0
2005-01-31,1335.265380859375,2110.0,2130.0,2090.0,2100.0,60.0
2005-02-01,1341.5936279296875,2120.0,2160.0,2100.0,2130.0,177.0
2005-02-02,1379.563232421875,2180.0,2180.0,2130.0,2140.0,98.0
2005-02-03,1354.2501220703125,2140.0,2190.0,2140.0,2180.0,58.0
2005-02-04,1316.2803955078125,2080.0,2140.0,2080.0,2140.0,81.0
2005-02-07,1328.93701171875,2100.0,2130.0,2100.0,2120.0,43.0
2005-02-08,1360.5784912109375,2150.0,2160.0,2100.0,2110.0,70.0
2005-02-09,1354.2501220703125,2140.0,2170.0,2120.0,2150.0,92.0
2005-02-10,1373.2347412109375,2170.0,2180.0,2140.0,2160.0,83.0
2005-02-11,1373.2347412109375,2170.0,2170.0,2170.0,2170.0,0.0
2005-02-14,1373.2347412109375,2170.0,2230.0,2170.0,2200.0,140.0
2005-02-15,1373.2347412109375,2170.0,2200.0,2170.0,2190.0,34.0
2005-02-16,1373.2347412109375,2170.0,2190.0,2160.0,2170.0,36.0
2005-02-17,1360.5784912109375,2150.0,2170.0,2150.0,2150.0,30.0
2005-02-18,1366.90673828125,2160.0,2170.0,2130.0,2170.0,40.0
2005-02-21,1366.90673828125,2160.0,2180.0,2150.0,2170.0,26.0
2005-02-22,1347.922119140625,2130.0,2160.0,2130.0,2150.0,30.0
2005-02-23,1341.5936279296875,2120.0,2120.0,2100.0,2110.0,33.0
2005-02-24,1341.5936279296875,2120.0,2130.0,2100.0,2120.0,25.0
2005-02-25,1347.922119140625,2130.0,2150.0,2130.0,2130.0,25.0
2005-02-28,1354.2501220703125,2140.0,2160.0,2130.0,2150.0,23.0
2005-03-01,1366.90673828125,2160.0,2160.0,2130.0,2140.0,43.0
2005-03-02,1354.2501220703125,2140.0,2180.0,2130.0,2170.0,60.0
2005-03-03,1347.922119140625,2130.0,2150.0,2130.0,2150.0,25.0
2005-03-04,1360.5784912109375,2150.0,2150.0,2130.0,2140.0,22.0
2005-03-07,1392.2197265625,2200.0,2210.0,2160.0,2170.0,141.0
2005-03-08,1373.2347412109375,2170.0,2190.0,2160.0,2190.0,64.0
2005-03-09,1392.2197265625,2200.0,2210.0,2160.0,2170.0,77.0
2005-03-10,1379.563232421875,2180.0,2230.0,2160.0,2200.0,100.0
2005-03-11,1423.861083984375,2250.0,2260.0,2200.0,2210.0,145.0
2005-03-14,1423.861083984375,2250.0,2290.0,2240.0,2280.0,125.0
2005-03-15,1411.2044677734375,2230.0,2270.0,2220.0,2260.0,65.0
2005-03-16,1411.2044677734375,2230.0,2250.0,2220.0,2230.0,30.0
2005-03-17,1423.861083984375,2250.0,2250.0,2210.0,2220.0,40.0
2005-03-18,1423.861083984375,2250.0,2270.0,2240.0,2250.0,66.0
2005-03-21,1423.861083984375,2250.0,2250.0,2250.0,2250.0,0.0
2005-03-22,1411.2044677734375,2230.0,2260.0,2230.0,2240.0,28.0
2005-03-23,1411.2044677734375,2230.0,2240.0,2220.0,2240.0,27.0
2005-03-24,1404.8763427734375,2220.0,2220.0,2200.0,2210.0,29.0
2005-03-25,1392.2197265625,2200.0,2220.0,2180.0,2220.0,26.0
2005-03-28,1404.8763427734375,2220.0,2230.0,2170.0,2180.0,31.0
2005-03-29,1373.2347412109375,2170.0,2250.0,2170.0,2230.0,55.0
2005-03-30,1347.922119140625,2130.0,2160.0,2110.0,2160.0,58.0
2005-03-31,1360.5784912109375,2150.0,2170.0,2130.0,2150.0,24.0
2005-04-01,1379.563232421875,2180.0,2180.0,2130.0,2150.0,34.0
2005-04-04,1354.2501220703125,2140.0,2170.0,2130.0,2160.0,28.0
2005-04-05,1347.922119140625,2130.0,2160.0,2130.0,2140.0,37.0
2005-04-06,1354.2501220703125,2140.0,2150.0,2120.0,2140.0,35.0
2005-04-07,1335.265380859375,2110.0,2140.0,2110.0,2140.0,25.0
2005-04-08,1316.2803955078125,2080.0,2120.0,2070.0,2120.0,67.0
2005-04-11,1297.2958984375,2050.0,2070.0,2020.0,2050.0,71.0
2005-04-12,1303.6240234375,2060.0,2090.0,2060.0,2070.0,47.0
2005-04-13,1303.6240234375,2060.0,2080.0,2040.0,2070.0,39.0
2005-04-14,1290.96728515625,2040.0,2050.0,2030.0,2030.0,28.0
2005-04-15,1259.3260498046875,1990.0,2020.0,1990.0,2020.0,42.0
2005-04-18,1215.0279541015625,1920.0,1950.0,1890.0,1910.0,80.0
2005-04-19,1246.6693115234375,1970.0,1990.0,1940.0,1970.0,69.0
2005-04-20,1246.6693115234375,1970.0,2020.0,1960.0,2010.0,62.0
2005-04-21,1259.3260498046875,1990.0,1990.0,1900.0,1920.0,76.0
2005-04-22,1259.3260498046875,1990.0,2040.0,1990.0,2020.0,68.0
2005-04-25,1259.3260498046875,1990.0,2020.0,1980.0,1990.0,34.0
2005-04-26,1246.6693115234375,1970.0,2000.0,1950.0,2000.0,37.0
2005-04-27,1246.6693115234375,1970.0,1980.0,1960.0,1960.0,22.0
2005-04-28,1252.997802734375,1980.0,1980.0,1960.0,1970.0,13.0
2005-04-29,1252.997802734375,1980.0,1980.0,1980.0,1980.0,0.0
2005-05-02,1303.6240234375,2060.0,2070.0,2000.0,2000.0,48.0
2005-05-05,1303.6240234375,2060.0,2060.0,2060.0,2060.0,0.0
2005-05-06,1328.93701171875,2100.0,2120.0,2090.0,2100.0,58.0
2005-05-09,1341.5936279296875,2120.0,2120.0,2080.0,2110.0,41.0
2005-05-10,1328.93701171875,2100.0,2140.0,2090.0,2120.0,28.0
2005-05-11,1316.2803955078125,2080.0,2080.0,2040.0,2070.0,37.0
2005-05-12,1309.9521484375,2070.0,2090.0,2070.0,2080.0,13.0
2005-05-13,1303.6240234375,2060.0,2080.0,2060.0,2070.0,14.0
2005-05-16,1278.3106689453125,2020.0,2080.0,2020.0,2060.0,16.0
2005-05-17,1265.654296875,2000.0,2050.0,1980.0,2050.0,32.0
2005-05-18,1252.997802734375,1980.0,2010.0,1960.0,2000.0,38.0
2005-05-19,1309.9521484375,2070.0,2070.0,2010.0,2020.0,49.0
2005-05-20,1303.6240234375,2060.0,2080.0,2040.0,2070.0,26.0
2005-05-23,1322.609130859375,2090.0,2090.0,2040.0,2060.0,39.0
2005-05-24,1309.9521484375,2070.0,2110.0,2050.0,2110.0,71.0
2005-05-25,1303.6240234375,2060.0,2090.0,2040.0,2070.0,47.0
2005-05-26,1297.2958984375,2050.0,2060.0,1990.0,2030.0,56.0
2005-05-27,1303.6240234375,2060.0,2070.0,2040.0,2060.0,28.0
2005-05-30,1328.93701171875,2100.0,2110.0,2060.0,2060.0,43.0
2005-05-31,1316.2803955078125,2080.0,2100.0,2070.0,2100.0,28.0
2005-06-01,1322.609130859375,2090.0,2100.0,2060.0,2070.0,32.0
2005-06-02,1316.2803955078125,2080.0,2120.0,2080.0,2110.0,64.0
2005-06-03,1316.2803955078125,2080.0,2090.0,2060.0,2080.0,25.0
2005-06-06,1309.9521484375,2070.0,2090.0,2060.0,2070.0,28.0
2005-06-07,1309.9521484375,2070.0,2070.0,2050.0,2070.0,18.0
2005-06-08,1322.609130859375,2090.0,2090.0,2060.0,2070.0,30.0
2005-06-09,1316.2803955078125,2080.0,2090.0,2060.0,2080.0,14.0
2005-06-10,1322.609130859375,2090.0,2090.0,2070.0,2080.0,21.0
2005-06-13,1303.6240234375,2060.0,2090.0,2060.0,2070.0,15.0
2005-06-14,1284.6392822265625,2030.0,2070.0,2030.0,2060.0,30.0
2005-06-15,1309.9521484375,2070.0,2080.0,2040.0,2050.0,36.0
2005-06-16,1316.2803955078125,2080.0,2090.0,2060.0,2080.0,49.0
2005-06-17,1335.265380859375,2110.0,2110.0,2070.0,2080.0,63.0
2005-06-20,1322.609130859375,2090.0,2110.0,2080.0,2100.0,20.0
2005-06-21,1316.2803955078125,2080.0,2090.0,2070.0,2080.0,11.0
2005-06-22,1309.9521484375,2070.0,2090.0,2060.0,2080.0,22.0
2005-06-23,1309.9521484375,2070.0,2100.0,2070.0,2080.0,31.0
2005-06-24,1303.6240234375,2060.0,2080.0,2060.0,2060.0,18.0
2005-06-27,1290.96728515625,2040.0,2060.0,2040.0,2050.0,24.0
2005-06-28,1316.2803955078125,2080.0,2080.0,2050.0,2050.0,24.0
2005-06-29,1316.2803955078125,2080.0,2090.0,2070.0,2080.0,17.0
2005-06-30,1309.9521484375,2070.0,2080.0,2060.0,2070.0,13.0
2005-07-01,1309.9521484375,2070.0,2080.0,2060.0,2070.0,20.0
2005-07-04,1297.2958984375,2050.0,2080.0,2050.0,2070.0,10.0
2005-07-05,1303.6240234375,2060.0,2060.0,2040.0,2060.0,15.0
2005-07-06,1284.6392822265625,2030.0,2070.0,2030.0,2050.0,23.0
2005-07-07,1290.96728515625,2040.0,2050.0,2020.0,2030.0,18.0
2005-07-08,1284.6392822265625,2030.0,2060.0,2030.0,2030.0,18.0
2005-07-11,1284.6392822265625,2030.0,2060.0,2030.0,2050.0,24.0
2005-07-13,1290.96728515625,2040.0,2040.0,2030.0,2040.0,8.0
2005-07-14,1284.6392822265625,2030.0,2050.0,2030.0,2040.0,12.0
2005-07-15,1271.9825439453125,2010.0,2040.0,2010.0,2030.0,20.0
2005-07-18,1271.9825439453125,2010.0,2010.0,2010.0,2010.0,0.0
2005-07-19,1271.9825439453125,2010.0,2020.0,2000.0,2010.0,17.0
2005-07-20,1271.9825439453125,2010.0,2030.0,2010.0,2020.0,16.0
2005-07-21,1271.9825439453125,2010.0,2020.0,2000.0,2010.0,14.0
2005-07-22,1252.997802734375,1980.0,2010.0,1980.0,2000.0,26.0
2005-07-25,1240.34130859375,1960.0,1980.0,1950.0,1970.0,43.0
2005-07-26,1246.6693115234375,1970.0,1980.0,1950.0,1950.0,29.0
2005-08-01,1246.6693115234375,1970.0,1970.0,1970.0,1970.0,0.0
2005-08-02,1290.96728515625,2040.0,2070.0,2030.0,2070.0,63400.0
2005-08-03,1297.2958984375,2050.0,2060.0,2040.0,2050.0,42400.0
2005-08-04,1265.654296875,2000.0,2050.0,2000.0,2040.0,31000.0
2005-08-05,1284.6392822265625,2030.0,2030.0,1980.0,1990.0,36100.0
2005-08-08,1265.654296875,2000.0,2000.0,1970.0,1980.0,37100.0
2005-08-09,1278.3106689453125,2020.0,2030.0,1990.0,2000.0,34200.0
2005-08-10,1328.93701171875,2100.0,2110.0,2030.0,2040.0,85800.0
2005-08-11,1366.90673828125,2160.0,2170.0,2130.0,2130.0,144000.0
2005-08-12,1366.90673828125,2160.0,2190.0,2130.0,2180.0,71800.0
2005-08-15,1423.861083984375,2250.0,2250.0,2150.0,2160.0,108500.0
2005-08-16,1392.2197265625,2200.0,2250.0,2200.0,2250.0,59400.0
2005-08-17,1442.8458251953125,2280.0,2330.0,2180.0,2190.0,159000.0
2005-08-18,1436.517333984375,2270.0,2360.0,2270.0,2320.0,127600.0
2005-08-19,1480.81591796875,2340.0,2340.0,2260.0,2280.0,91100.0
2005-08-22,1525.113525390625,2410.0,2430.0,2360.0,2370.0,188500.0
2005-08-23,1487.1436767578125,2350.0,2440.0,2340.0,2440.0,99200.0
2005-08-24,1531.4420166015625,2420.0,2420.0,2300.0,2330.0,133700.0
2005-08-25,1474.4874267578125,2330.0,2410.0,2320.0,2380.0,114600.0
2005-08-26,1480.81591796875,2340.0,2380.0,2320.0,2350.0,51200.0
2005-08-29,1461.8309326171875,2310.0,2350.0,2300.0,2330.0,41500.0
2005-08-30,1506.12841796875,2380.0,2390.0,2330.0,2350.0,53800.0
2005-08-31,1493.47216796875,2360.0,2390.0,2350.0,2360.0,43200.0
2005-09-01,1468.158935546875,2320.0,2380.0,2320.0,2380.0,59900.0
2005-09-02,1461.8309326171875,2310.0,2350.0,2300.0,2340.0,37800.0
2005-09-05,1487.1436767578125,2350.0,2360.0,2310.0,2340.0,55100.0
2005-09-06,1461.8309326171875,2310.0,2350.0,2310.0,2350.0,30000.0
2005-09-07,1461.8309326171875,2310.0,2340.0,2290.0,2330.0,28800.0
2005-09-08,1461.8309326171875,2310.0,2320.0,2290.0,2320.0,29400.0
2005-09-09,1461.8309326171875,2310.0,2320.0,2290.0,2300.0,52000.0
2005-09-12,1499.8004150390625,2370.0,2400.0,2350.0,2390.0,84300.0
2005-09-13,1493.47216796875,2360.0,2370.0,2340.0,2350.0,27700.0
2005-09-14,1487.1436767578125,2350.0,2370.0,2340.0,2360.0,35400.0
2005-09-15,1493.47216796875,2360.0,2370.0,2330.0,2350.0,38500.0
2005-09-16,1499.8004150390625,2370.0,2370.0,2340.0,2350.0,35500.0
2005-09-19,1499.8004150390625,2370.0,2370.0,2370.0,2370.0,0.0
2005-09-20,1563.0828857421875,2470.0,2470.0,2390.0,2390.0,150200.0
2005-09-21,1556.7547607421875,2460.0,2530.0,2450.0,2500.0,138600.0
2005-09-22,1556.7547607421875,2460.0,2470.0,2420.0,2450.0,56700.0
2005-09-23,1556.7547607421875,2460.0,2460.0,2460.0,2460.0,0.0
2005-09-26,1620.037353515625,2560.0,2570.0,2470.0,2470.0,95900.0
2005-09-27,1613.70947265625,2550.0,2690.0,2550.0,2620.0,233200.0
2005-09-28,1809.8858642578125,2860.0,2860.0,2580.0,2590.0,288500.0
2005-09-29,1923.79443359375,3040.0,3050.0,2900.0,3020.0,24529500.0
2005-09-30,1854.183837890625,2930.0,3050.0,2900.0,3000.0,17894000.0
2005-10-03,1917.4661865234373,3030.0,3030.0,2810.0,2940.0,13909100.0
2005-10-04,1828.870849609375,2890.0,3010.0,2880.0,3000.0,10209500.0
2005-10-05,1790.9007568359375,2830.0,2910.0,2790.0,2810.0,9650700.0
2005-10-06,1689.6483154296875,2670.0,2780.0,2660.0,2750.0,11574300.0
2005-10-07,1759.25927734375,2780.0,2850.0,2660.0,2660.0,13479200.0
2005-10-10,1759.25927734375,2780.0,2780.0,2780.0,2780.0,0.0
2005-10-11,1892.1534423828125,2990.0,2990.0,2820.0,2840.0,17972100.0
2005-10-12,1841.5272216796875,2910.0,3060.0,2890.0,3000.0,23137700.0
2005-10-14,1892.1534423828125,2990.0,3000.0,2840.0,2840.0,14681900.0
2005-10-17,1797.2293701171875,2840.0,2910.0,2840.0,2900.0,5676700.0
2005-10-18,1841.5272216796875,2910.0,2950.0,2830.0,2830.0,12588900.0
2005-10-19,1816.2138671875,2870.0,2930.0,2850.0,2900.0,8973800.0
2005-10-20,1835.1983642578125,2900.0,2940.0,2880.0,2910.0,5870200.0
2005-10-21,1866.84033203125,2950.0,2950.0,2850.0,2870.0,6229900.0
2005-10-24,1873.1683349609373,2960.0,2960.0,2920.0,2950.0,5821300.0
2005-10-25,1892.1534423828125,2990.0,3010.0,2970.0,2980.0,10169600.0
2005-10-26,1923.79443359375,3040.0,3070.0,3020.0,3050.0,14843300.0
2005-10-27,1999.7337646484373,3160.0,3160.0,3050.0,3060.0,16523500.0
2005-10-28,2069.3447265625,3270.0,3300.0,3110.0,3130.0,26580200.0
2005-10-31,2119.970458984375,3350.0,3390.0,3280.0,3370.0,21999100.0
2005-11-01,2278.177734375,3600.0,3600.0,3430.0,3450.0,17813000.0
2005-11-02,2341.460693359375,3700.0,3840.0,3540.0,3600.0,38972400.0
2005-11-03,2341.460693359375,3700.0,3700.0,3700.0,3700.0,0.0
2005-11-04,2436.38427734375,3850.0,3920.0,3780.0,3900.0,25073300.0
2005-11-07,2499.6669921875,3950.0,3980.0,3850.0,3880.0,18103800.0
2005-11-08,2442.713134765625,3860.0,4000.0,3830.0,4000.0,15411800.0
2005-11-09,2341.460693359375,3700.0,3800.0,3690.0,3770.0,11243000.0
2005-11-10,2366.773193359375,3740.0,3800.0,3630.0,3650.0,13431500.0
2005-11-11,2398.4150390625,3790.0,3860.0,3770.0,3830.0,10488900.0
2005-11-14,2328.803955078125,3680.0,3830.0,3680.0,3820.0,5478800.0
2005-11-15,2278.177734375,3600.0,3710.0,3580.0,3660.0,10998700.0
2005-11-16,2347.7890625,3710.0,3720.0,3510.0,3550.0,15421600.0
2005-11-17,2499.6669921875,3950.0,4030.0,3720.0,3750.0,18763400.0
2005-11-18,2480.6826171875,3920.0,4060.0,3840.0,4030.0,22073700.0
2005-11-21,2442.713134765625,3860.0,3960.0,3840.0,3960.0,8314300.0
2005-11-22,2436.38427734375,3850.0,3890.0,3810.0,3820.0,6718500.0
2005-11-24,2373.101806640625,3750.0,3890.0,3740.0,3860.0,7185400.0
2005-11-25,2487.010498046875,3930.0,3970.0,3670.0,3700.0,21157000.0
2005-11-28,2461.697509765625,3890.0,3950.0,3870.0,3940.0,8243100.0
2005-11-29,2461.697509765625,3890.0,3970.0,3860.0,3880.0,10535500.0
2005-11-30,2449.04052734375,3870.0,3940.0,3870.0,3930.0,3897200.0
2005-12-01,2505.99560546875,3960.0,3960.0,3850.0,3900.0,7000800.0
2005-12-02,2588.263427734375,4090.0,4100.0,3980.0,4000.0,22858000.0
2005-12-05,2689.514892578125,4250.0,4290.0,4060.0,4140.0,25274300.0
2005-12-06,2797.096435546875,4420.0,4460.0,4250.0,4300.0,23847800.0
2005-12-07,2809.752685546875,4440.0,4720.0,4380.0,4540.0,35663200.0
2005-12-09,2784.439453125,4400.0,4600.0,4270.0,4500.0,25387700.0
2005-12-12,3119.8388671875,4930.0,4930.0,4750.0,4820.0,25148900.0
2005-12-13,3113.509521484375,4920.0,4980.0,4850.0,4880.0,18500000.0
2005-12-14,3069.211181640625,4850.0,4990.0,4730.0,4940.0,20258500.0
2005-12-15,3024.9130859375,4780.0,4920.0,4760.0,4780.0,13232500.0
2005-12-16,3062.884033203125,4840.0,4890.0,4770.0,4800.0,16017200.0
2005-12-19,3037.5703125,4800.0,4850.0,4780.0,4830.0,7587800.0
2005-12-20,3100.853515625,4900.0,4900.0,4780.0,4810.0,10605300.0
2005-12-23,3069.211181640625,4850.0,4850.0,4850.0,4850.0,0.0
2005-12-26,3069.211181640625,4850.0,4940.0,4850.0,4920.0,11801100.0
2005-12-27,3056.55517578125,4830.0,4910.0,4820.0,4850.0,6794300.0
2005-12-28,3031.241943359375,4790.0,4840.0,4750.0,4820.0,5891600.0
2005-12-29,3012.2568359375,4760.0,4810.0,4750.0,4790.0,4164000.0
2005-12-30,3005.92919921875,4750.0,4780.0,4650.0,4710.0,4215900.0
2006-01-03,3005.92919921875,4750.0,4750.0,4750.0,4750.0,0.0
2006-01-04,3012.2568359375,4760.0,4830.0,4760.0,4790.0,3730600.0
2006-01-05,2967.958984375,4690.0,4800.0,4670.0,4790.0,5048000.0
2006-01-06,2892.02001953125,4570.0,4670.0,4550.0,4660.0,6280200.0
2006-01-09,2892.02001953125,4570.0,4570.0,4570.0,4570.0,0.0
2006-01-10,2733.8134765625,4320.0,4540.0,4310.0,4520.0,12551800.0
2006-01-11,2822.408935546875,4460.0,4470.0,4280.0,4340.0,13120100.0
2006-01-12,2746.469482421875,4340.0,4450.0,4320.0,4430.0,10626800.0
2006-01-13,2689.514892578125,4250.0,4340.0,4240.0,4300.0,10161700.0
2006-01-16,2683.187255859375,4240.0,4350.0,4150.0,4200.0,11638100.0
2006-01-17,2645.21826171875,4180.0,4350.0,4160.0,4190.0,10780900.0
2006-01-18,2512.32373046875,3970.0,4170.0,3740.0,4160.0,13593400.0
2006-01-19,2670.53076171875,4220.0,4250.0,3930.0,3970.0,11972400.0
2006-01-20,2619.904296875,4140.0,4330.0,4080.0,4300.0,7967100.0
2006-01-23,2512.32373046875,3970.0,4130.0,3950.0,3990.0,7367600.0
2006-01-24,2600.91943359375,4110.0,4160.0,4040.0,4120.0,6007600.0
2006-01-25,2676.859375,4230.0,4360.0,4140.0,4180.0,13423900.0
2006-01-27,2721.156982421875,4300.0,4340.0,4250.0,4320.0,7239300.0
2006-01-30,2929.98974609375,4630.0,4840.0,4600.0,4780.0,19250500.0
2006-01-31,2917.3330078125,4610.0,4690.0,4470.0,4540.0,13948400.0
2006-02-01,2854.050537109375,4510.0,4600.0,4480.0,4560.0,6781400.0
2006-02-02,2873.03466796875,4540.0,4630.0,4490.0,4580.0,6660700.0
2006-02-03,2847.72216796875,4500.0,4520.0,4480.0,4510.0,4876600.0
2006-02-06,2822.408935546875,4460.0,4550.0,4420.0,4530.0,4778300.0
2006-02-07,2790.767333984375,4410.0,4460.0,4400.0,4460.0,4182800.0
2006-02-08,2721.156982421875,4300.0,4440.0,4290.0,4380.0,8648500.0
2006-02-09,2759.12646484375,4360.0,4380.0,4280.0,4350.0,5868600.0
2006-02-10,2689.514892578125,4250.0,4360.0,4140.0,4350.0,6849700.0
2006-02-13,2537.63671875,4010.0,4210.0,4010.0,4200.0,7413600.0
2006-02-14,2613.575927734375,4130.0,4130.0,3890.0,4020.0,9631200.0
2006-02-15,2594.591796875,4100.0,4280.0,4060.0,4180.0,12081600.0
2006-02-16,2645.21826171875,4180.0,4210.0,4040.0,4110.0,7340500.0
2006-02-17,2518.652099609375,3980.0,4200.0,3980.0,4200.0,8843300.0
2006-02-20,2360.44580078125,3730.0,3920.0,3700.0,3910.0,8420500.0
2006-02-21,2505.99560546875,3960.0,3970.0,3810.0,3830.0,9991200.0
2006-02-22,2417.400146484375,3820.0,3940.0,3760.0,3920.0,9744900.0
2006-02-23,2487.010498046875,3930.0,3960.0,3850.0,3850.0,10466500.0
2006-02-24,2600.91943359375,4110.0,4120.0,3890.0,3920.0,12406800.0
2006-02-27,2632.560791015625,4160.0,4170.0,4020.0,4160.0,12418400.0
2006-02-28,2626.232421875,4150.0,4240.0,4090.0,4140.0,11260500.0
2006-03-01,2638.888916015625,4170.0,4200.0,4090.0,4100.0,7692800.0
2006-03-02,2569.278564453125,4060.0,4210.0,4060.0,4190.0,6823600.0
2006-03-03,2474.35400390625,3910.0,4020.0,3880.0,4010.0,7320100.0
2006-03-06,2449.04052734375,3870.0,3900.0,3850.0,3900.0,5581100.0
2006-03-07,2461.697509765625,3890.0,3990.0,3850.0,3890.0,7523500.0
2006-03-08,2436.38427734375,3850.0,3900.0,3830.0,3860.0,3423200.0
2006-03-09,2562.949951171875,4050.0,4070.0,3870.0,3880.0,7879300.0
2006-03-10,2518.652099609375,3980.0,4080.0,3980.0,4000.0,12166800.0
2006-03-13,2569.278564453125,4060.0,4090.0,4020.0,4070.0,7261900.0
2006-03-14,2594.591796875,4100.0,4140.0,4050.0,4070.0,10263100.0
2006-03-15,2442.713134765625,3860.0,4060.0,3860.0,4060.0,13890700.0
2006-03-16,2366.773193359375,3740.0,3890.0,3710.0,3840.0,10471900.0
2006-03-17,2398.4150390625,3790.0,3840.0,3740.0,3770.0,5708400.0
2006-03-20,2436.38427734375,3850.0,3880.0,3800.0,3810.0,4468400.0
2006-03-21,2436.38427734375,3850.0,3850.0,3850.0,3850.0,0.0
2006-03-22,2455.369873046875,3880.0,3910.0,3850.0,3890.0,5155900.0
2006-03-23,2417.400146484375,3820.0,3900.0,3800.0,3900.0,3472800.0
2006-03-24,2423.728271484375,3830.0,3860.0,3790.0,3800.0,3394300.0
2006-03-27,2392.08642578125,3780.0,3860.0,3770.0,3820.0,3182700.0
2006-03-28,2423.812255859375,3820.0,3820.0,3760.0,3790.0,3058500.0
2006-03-29,2449.1923828125,3860.0,3870.0,3780.0,3830.0,5585500.0
2006-03-30,2563.40283203125,4040.0,4100.0,3840.0,3880.0,16576100.0
2006-03-31,2569.748291015625,4050.0,4110.0,3990.0,4080.0,9674700.0
2006-04-03,2652.234619140625,4180.0,4190.0,4070.0,4070.0,11523700.0
2006-04-04,2614.163818359375,4120.0,4220.0,4110.0,4190.0,11249400.0
2006-04-05,2664.924072265625,4200.0,4300.0,4100.0,4140.0,18527300.0
2006-04-06,2671.26904296875,4210.0,4260.0,4160.0,4210.0,11220200.0
2006-04-07,2677.6142578125,4220.0,4220.0,4160.0,4210.0,5710900.0
2006-04-10,2671.26904296875,4210.0,4210.0,4160.0,4170.0,4225600.0
2006-04-11,2639.543701171875,4160.0,4240.0,4150.0,4220.0,4212100.0
2006-04-12,2582.43798828125,4070.0,4140.0,4070.0,4120.0,4014300.0
2006-04-13,2563.40283203125,4040.0,4090.0,4010.0,4080.0,5604900.0
2006-04-14,2557.05908203125,4030.0,4050.0,4000.0,4040.0,3169400.0
2006-04-17,2468.227294921875,3890.0,4020.0,3890.0,4020.0,5623500.0
2006-04-18,2563.40283203125,4040.0,4040.0,3860.0,3880.0,9480700.0
2006-04-19,2544.367919921875,4010.0,4130.0,4010.0,4090.0,5043900.0
2006-04-20,2506.29736328125,3950.0,4060.0,3940.0,4040.0,4226600.0
2006-04-21,2499.9521484375,3940.0,4020.0,3920.0,3950.0,3459300.0
2006-04-24,2449.1923828125,3860.0,3920.0,3850.0,3890.0,4333200.0
2006-04-25,2487.2626953125,3920.0,3960.0,3870.0,3890.0,4870900.0
2006-04-26,2474.572021484375,3900.0,3980.0,3880.0,3970.0,6502300.0
2006-04-27,2474.572021484375,3900.0,3960.0,3900.0,3920.0,2841500.0
2006-04-28,2461.8828125,3880.0,3920.0,3830.0,3900.0,3893100.0
2006-05-01,2430.1572265625,3830.0,3890.0,3830.0,3860.0,2492300.0
2006-05-02,2468.227294921875,3890.0,3900.0,3830.0,3840.0,2620000.0
2006-05-05,2468.227294921875,3890.0,3890.0,3890.0,3890.0,0.0
2006-05-08,2506.29736328125,3950.0,3980.0,3940.0,3950.0,4050900.0
2006-05-09,2493.607421875,3930.0,3990.0,3910.0,3960.0,3892700.0
2006-05-10,2461.8828125,3880.0,3940.0,3860.0,3930.0,2585000.0
2006-05-11,2442.846923828125,3850.0,3910.0,3850.0,3870.0,2764800.0
2006-05-12,2423.812255859375,3820.0,3860.0,3820.0,3830.0,3291300.0
2006-05-15,2398.431396484375,3780.0,3810.0,3770.0,3790.0,3540400.0
2006-05-16,2341.326416015625,3690.0,3810.0,3680.0,3800.0,3889500.0
2006-05-22,2309.6005859375,3640.0,3710.0,3520.0,3690.0,7244700.0
2006-05-23,2112.904296875,3330.0,3490.0,3330.0,3480.0,5745500.0
2006-05-24,2093.868896484375,3300.0,3420.0,3220.0,3410.0,12914700.0
2006-05-25,2005.0380859375,3160.0,3250.0,3140.0,3250.0,8822000.0
2006-05-29,2150.974853515625,3390.0,3410.0,3210.0,3210.0,15265900.0
2006-05-30,2220.770263671875,3500.0,3560.0,3410.0,3480.0,7930000.0
2006-05-31,2138.2841796875,3370.0,3430.0,3320.0,3350.0,10986800.0
2006-06-01,2150.974853515625,3390.0,3490.0,3360.0,3460.0,6310300.0
2006-06-02,2227.115234375,3510.0,3530.0,3270.0,3410.0,8967700.0
2006-06-05,2233.460205078125,3520.0,3580.0,3500.0,3550.0,9387600.0
2006-06-06,2265.184814453125,3570.0,3580.0,3440.0,3480.0,8629100.0
2006-06-07,2163.664794921875,3410.0,3610.0,3400.0,3580.0,11026300.0
2006-06-08,2068.488525390625,3260.0,3380.0,3230.0,3340.0,7862700.0
2006-06-09,2150.974853515625,3390.0,3400.0,3240.0,3280.0,8934100.0
2006-06-12,2144.62939453125,3380.0,3410.0,3330.0,3350.0,6328100.0
2006-06-15,2068.488525390625,3260.0,3440.0,3260.0,3310.0,10577800.0
2006-06-16,2220.770263671875,3500.0,3530.0,3450.0,3490.0,7843300.0
2006-06-19,2195.390380859375,3460.0,3490.0,3440.0,3490.0,3451000.0
2006-06-20,2131.939453125,3360.0,3450.0,3360.0,3440.0,4601000.0
2006-06-21,2138.2841796875,3370.0,3450.0,3330.0,3400.0,6571900.0
2006-06-22,2239.80517578125,3530.0,3530.0,3430.0,3450.0,8263400.0
2006-06-23,2265.184814453125,3570.0,3580.0,3440.0,3480.0,8877300.0
2006-06-26,2227.115234375,3510.0,3570.0,3490.0,3560.0,6270300.0
2006-06-27,2201.735107421875,3470.0,3550.0,3470.0,3530.0,5442000.0
2006-06-28,2195.390380859375,3460.0,3500.0,3410.0,3440.0,5063400.0
2006-06-29,2233.460205078125,3520.0,3540.0,3460.0,3480.0,5342500.0
2006-06-30,2290.56591796875,3610.0,3620.0,3570.0,3610.0,5480100.0
2006-07-03,2392.08642578125,3770.0,3790.0,3610.0,3640.0,10243400.0
2006-07-04,2373.051025390625,3740.0,3820.0,3720.0,3790.0,7794600.0
2006-07-05,2360.361328125,3720.0,3750.0,3680.0,3690.0,5020300.0
2006-07-06,2296.9111328125,3620.0,3710.0,3600.0,3700.0,5876800.0
2006-07-10,2271.530517578125,3580.0,3650.0,3560.0,3650.0,4828700.0
2006-07-11,2398.431396484375,3780.0,3830.0,3730.0,3780.0,11540900.0
2006-07-12,2379.396484375,3750.0,3820.0,3710.0,3750.0,8273700.0
2006-07-13,2379.396484375,3750.0,3800.0,3690.0,3700.0,6492100.0
2006-07-14,2315.946044921875,3650.0,3770.0,3620.0,3710.0,7479700.0
2006-07-17,2315.946044921875,3650.0,3650.0,3650.0,3650.0,0.0
2006-07-18,2170.009765625,3420.0,3600.0,3410.0,3590.0,6422700.0
2006-07-19,2176.354736328125,3430.0,3490.0,3420.0,3430.0,5176100.0
2006-07-20,2296.9111328125,3620.0,3650.0,3550.0,3580.0,5570700.0
2006-07-21,2246.150390625,3540.0,3600.0,3520.0,3590.0,5056000.0
2006-07-24,2258.840576171875,3560.0,3590.0,3470.0,3490.0,4076800.0
2006-07-27,2265.184814453125,3570.0,3660.0,3560.0,3660.0,3640600.0
2006-07-28,2284.220703125,3600.0,3610.0,3520.0,3540.0,4092400.0
2006-07-31,2277.87548828125,3590.0,3660.0,3590.0,3650.0,3061800.0
2006-08-01,2284.220703125,3600.0,3630.0,3590.0,3600.0,3858600.0
2006-08-02,2322.291015625,3660.0,3670.0,3570.0,3630.0,4508300.0
2006-08-03,2315.946044921875,3650.0,3700.0,3620.0,3680.0,3180300.0
2006-08-04,2309.6005859375,3640.0,3710.0,3620.0,3650.0,4099600.0
2006-08-07,2258.840576171875,3560.0,3670.0,3560.0,3650.0,2923400.0
2006-08-08,2322.291015625,3660.0,3670.0,3580.0,3590.0,4226700.0
2006-08-09,2328.636474609375,3670.0,3670.0,3590.0,3640.0,3050000.0
2006-08-10,2385.74169921875,3760.0,3760.0,3650.0,3660.0,6075700.0
2006-08-11,2379.396484375,3750.0,3770.0,3730.0,3750.0,3377100.0
2006-08-14,2430.1572265625,3830.0,3830.0,3740.0,3750.0,4341800.0
2006-08-15,2417.466796875,3810.0,3850.0,3770.0,3810.0,5321300.0
2006-08-16,2455.53662109375,3870.0,3880.0,3850.0,3860.0,4094100.0
2006-08-17,2455.53662109375,3870.0,3930.0,3860.0,3910.0,4546500.0
2006-08-18,2468.227294921875,3890.0,3920.0,3870.0,3880.0,3509600.0
2006-08-21,2442.846923828125,3850.0,3900.0,3850.0,3890.0,1996100.0
2006-08-22,2461.8828125,3880.0,3890.0,3840.0,3850.0,2430900.0
2006-08-23,2430.1572265625,3830.0,3870.0,3830.0,3860.0,2150600.0
2006-08-24,2398.431396484375,3780.0,3810.0,3770.0,3800.0,1652000.0
2006-08-25,2385.74169921875,3760.0,3810.0,3740.0,3780.0,1933000.0
2006-08-28,2328.636474609375,3670.0,3750.0,3660.0,3730.0,3016900.0
2006-08-29,2404.77685546875,3790.0,3790.0,3700.0,3710.0,3339200.0
2006-08-30,2360.361328125,3720.0,3780.0,3690.0,3770.0,3692100.0
2006-08-31,2347.67138671875,3700.0,3760.0,3700.0,3710.0,3752900.0
2006-09-01,2341.326416015625,3690.0,3720.0,3680.0,3690.0,2689000.0
2006-09-04,2360.361328125,3720.0,3760.0,3700.0,3740.0,3019300.0
2006-09-05,2373.051025390625,3740.0,3760.0,3700.0,3720.0,2260600.0
2006-09-06,2354.0166015625,3710.0,3780.0,3700.0,3750.0,4404000.0
2006-09-07,2315.946044921875,3650.0,3750.0,3640.0,3710.0,5081700.0
2006-09-08,2328.636474609375,3670.0,3680.0,3600.0,3600.0,3924700.0
2006-09-11,2284.220703125,3600.0,3660.0,3600.0,3650.0,2656600.0
2006-09-12,2252.4951171875,3550.0,3640.0,3550.0,3610.0,3034600.0
2006-09-13,2220.770263671875,3500.0,3610.0,3490.0,3590.0,2919000.0
2006-09-14,2239.80517578125,3530.0,3550.0,3480.0,3510.0,3160100.0
2006-09-15,2227.115234375,3510.0,3540.0,3490.0,3510.0,2724100.0
2006-09-18,2227.115234375,3510.0,3510.0,3510.0,3510.0,0.0
2006-09-19,2227.115234375,3510.0,3620.0,3500.0,3510.0,3569900.0
2006-09-20,2176.354736328125,3430.0,3480.0,3400.0,3470.0,4186700.0
2006-09-21,2195.390380859375,3460.0,3470.0,3310.0,3440.0,6571500.0
2006-09-22,2182.69970703125,3440.0,3500.0,3400.0,3410.0,4135800.0
2006-09-25,2176.354736328125,3430.0,3440.0,3360.0,3390.0,3407700.0
2006-09-26,2131.939453125,3360.0,3470.0,3340.0,3440.0,3090300.0
2006-09-27,2220.770263671875,3500.0,3520.0,3400.0,3410.0,4511700.0
2006-09-28,2252.4951171875,3550.0,3580.0,3520.0,3520.0,3943500.0
2006-09-29,2246.150390625,3540.0,3580.0,3520.0,3570.0,2501900.0
2006-10-02,2265.184814453125,3570.0,3590.0,3530.0,3590.0,2451700.0
2006-10-03,2246.150390625,3540.0,3560.0,3520.0,3530.0,2128500.0
2006-10-04,2201.735107421875,3470.0,3580.0,3440.0,3540.0,3392100.0
2006-10-05,2252.4951171875,3550.0,3550.0,3460.0,3520.0,4569800.0
2006-10-06,2252.4951171875,3550.0,3550.0,3480.0,3540.0,4259700.0
2006-10-09,2252.4951171875,3550.0,3550.0,3550.0,3550.0,0.0
2006-10-10,2246.150390625,3540.0,3560.0,3490.0,3500.0,2746500.0
2006-10-11,2195.390380859375,3460.0,3530.0,3450.0,3520.0,3091800.0
2006-10-12,2138.2841796875,3370.0,3440.0,3370.0,3430.0,3631600.0
2006-10-13,2144.62939453125,3380.0,3440.0,3370.0,3380.0,3564900.0
2006-10-16,2176.354736328125,3430.0,3450.0,3410.0,3420.0,2396600.0
2006-10-17,2163.664794921875,3410.0,3430.0,3390.0,3420.0,1841700.0
2006-10-18,2189.045166015625,3450.0,3460.0,3390.0,3420.0,3590900.0
2006-10-19,2170.009765625,3420.0,3470.0,3410.0,3460.0,2756700.0
2006-10-20,2182.69970703125,3440.0,3450.0,3410.0,3430.0,2219400.0
2006-10-23,2233.460205078125,3520.0,3520.0,3400.0,3420.0,4998200.0
2006-10-24,2290.56591796875,3610.0,3680.0,3560.0,3560.0,11273000.0
2006-10-25,2271.530517578125,3580.0,3650.0,3580.0,3630.0,3856500.0
2006-10-26,2347.67138671875,3700.0,3710.0,3640.0,3660.0,6751400.0
2006-10-27,2328.636474609375,3670.0,3730.0,3600.0,3700.0,6098500.0
2006-10-30,2277.87548828125,3590.0,3630.0,3590.0,3590.0,3249700.0
2006-10-31,2258.840576171875,3560.0,3610.0,3510.0,3590.0,3319000.0
2006-11-01,2309.6005859375,3640.0,3670.0,3530.0,3540.0,6537100.0
2006-11-02,2277.87548828125,3590.0,3610.0,3550.0,3590.0,4988900.0
2006-11-03,2277.87548828125,3590.0,3590.0,3590.0,3590.0,0.0
2006-11-06,2220.770263671875,3500.0,3540.0,3480.0,3520.0,5086700.0
2006-11-07,2195.390380859375,3460.0,3540.0,3440.0,3530.0,3758700.0
2006-11-08,2144.62939453125,3380.0,3470.0,3370.0,3430.0,4616600.0
2006-11-09,2131.939453125,3360.0,3420.0,3340.0,3400.0,4090400.0
2006-11-10,2106.558837890625,3320.0,3400.0,3310.0,3330.0,6097200.0
2006-11-13,2068.488525390625,3260.0,3320.0,3240.0,3300.0,4230300.0
2006-11-14,2163.664794921875,3410.0,3450.0,3320.0,3330.0,8624500.0
2006-11-15,2144.62939453125,3380.0,3470.0,3380.0,3430.0,4232700.0
2006-11-16,2112.904296875,3330.0,3430.0,3310.0,3390.0,2777300.0
2006-11-17,2074.833740234375,3270.0,3330.0,3240.0,3330.0,6028100.0
2006-11-20,2005.0380859375,3160.0,3240.0,3150.0,3220.0,5521300.0
2006-11-21,1992.3482666015625,3140.0,3200.0,3120.0,3160.0,4258200.0
2006-11-22,2043.1083984375,3220.0,3240.0,3120.0,3150.0,5662300.0
2006-11-23,2043.1083984375,3220.0,3220.0,3220.0,3220.0,0.0
2006-11-24,2005.0380859375,3160.0,3210.0,3100.0,3200.0,4385300.0
2006-11-27,2049.453125,3230.0,3250.0,3100.0,3110.0,5977200.0
2006-11-28,2055.79931640625,3240.0,3280.0,3160.0,3180.0,5433800.0
2006-11-29,2112.904296875,3330.0,3360.0,3280.0,3290.0,5186000.0
2006-11-30,2176.354736328125,3430.0,3450.0,3380.0,3390.0,7701500.0
2006-12-01,2170.009765625,3420.0,3440.0,3390.0,3440.0,3404800.0
2006-12-04,2176.354736328125,3430.0,3430.0,3380.0,3430.0,3282700.0
2006-12-05,2131.939453125,3360.0,3420.0,3350.0,3390.0,4663400.0
2006-12-06,2119.2490234375,3340.0,3370.0,3280.0,3360.0,5834400.0
2006-12-07,2112.904296875,3330.0,3370.0,3280.0,3330.0,3864000.0
2006-12-08,2100.21435546875,3310.0,3360.0,3290.0,3340.0,3747500.0
2006-12-11,2093.868896484375,3300.0,3330.0,3280.0,3310.0,2971700.0
2006-12-13,2125.59375,3350.0,3420.0,3290.0,3300.0,5654400.0
2006-12-14,2131.939453125,3360.0,3360.0,3310.0,3330.0,4146100.0
2006-12-15,2119.2490234375,3340.0,3380.0,3330.0,3370.0,3966800.0
2006-12-18,2119.2490234375,3340.0,3370.0,3330.0,3370.0,1931100.0
2006-12-19,2081.17919921875,3280.0,3340.0,3280.0,3310.0,2756800.0
2006-12-20,2112.904296875,3330.0,3340.0,3270.0,3280.0,3204300.0
2006-12-21,2081.17919921875,3280.0,3340.0,3260.0,3330.0,2899000.0
2006-12-22,2062.143310546875,3250.0,3310.0,3250.0,3270.0,2876500.0
2006-12-25,2043.1083984375,3220.0,3230.0,3190.0,3220.0,2463300.0
2006-12-26,2043.1083984375,3220.0,3230.0,3190.0,3210.0,2160000.0
2006-12-27,2049.453125,3230.0,3280.0,3220.0,3240.0,3668300.0
2006-12-28,2062.143310546875,3250.0,3280.0,3240.0,3250.0,4494600.0
2006-12-29,2062.143310546875,3250.0,3270.0,3230.0,3240.0,1306500.0
2007-01-04,2062.143310546875,3250.0,3250.0,3210.0,3230.0,2893000.0
2007-01-05,2036.763427734375,3210.0,3260.0,3200.0,3240.0,5624500.0
2007-01-09,2093.868896484375,3300.0,3330.0,3200.0,3200.0,6058700.0
2007-01-10,2081.17919921875,3280.0,3330.0,3260.0,3320.0,5267400.0
2007-01-11,2068.488525390625,3260.0,3310.0,3250.0,3280.0,3522200.0
2007-01-12,2119.2490234375,3340.0,3360.0,3260.0,3290.0,7777600.0
2007-01-15,2150.974853515625,3390.0,3420.0,3370.0,3380.0,8330900.0
2007-01-16,2131.939453125,3360.0,3400.0,3350.0,3390.0,4065800.0
2007-01-17,2144.62939453125,3380.0,3380.0,3310.0,3350.0,4412400.0
2007-01-18,2125.59375,3350.0,3390.0,3330.0,3370.0,3347000.0
2007-01-19,2112.904296875,3330.0,3370.0,3330.0,3340.0,3169300.0
2007-01-22,2150.974853515625,3390.0,3410.0,3330.0,3340.0,4669600.0
2007-01-23,2138.2841796875,3370.0,3400.0,3360.0,3370.0,3267200.0
2007-01-24,2138.2841796875,3370.0,3450.0,3370.0,3410.0,6130400.0
2007-01-25,2170.009765625,3420.0,3470.0,3410.0,3410.0,8214000.0
2007-01-26,2157.319091796875,3400.0,3450.0,3370.0,3430.0,2864600.0
2007-01-29,2138.2841796875,3370.0,3410.0,3350.0,3380.0,2395500.0
2007-01-30,2138.2841796875,3370.0,3410.0,3350.0,3360.0,2407400.0
2007-01-31,2125.59375,3350.0,3410.0,3330.0,3390.0,3174300.0
2007-02-01,2138.2841796875,3370.0,3370.0,3330.0,3350.0,2407500.0
2007-02-02,2138.2841796875,3370.0,3370.0,3340.0,3350.0,2289600.0
2007-02-05,2093.868896484375,3300.0,3370.0,3300.0,3370.0,2544000.0
2007-02-06,2068.488525390625,3260.0,3310.0,3240.0,3300.0,3848000.0
2007-02-07,2087.52392578125,3290.0,3310.0,3250.0,3250.0,4089300.0
2007-02-08,2062.143310546875,3250.0,3300.0,3220.0,3290.0,2313000.0
2007-02-09,2106.558837890625,3320.0,3320.0,3240.0,3250.0,5038900.0
2007-02-13,2119.2490234375,3340.0,3360.0,3320.0,3330.0,2819100.0
2007-02-14,2125.59375,3350.0,3390.0,3340.0,3350.0,3408600.0
2007-02-15,2157.319091796875,3400.0,3440.0,3380.0,3400.0,5543700.0
2007-02-16,2195.390380859375,3460.0,3490.0,3390.0,3410.0,6980900.0
2007-02-19,2182.69970703125,3440.0,3450.0,3400.0,3430.0,3976700.0
2007-02-20,2182.69970703125,3440.0,3450.0,3380.0,3450.0,3631000.0
2007-02-21,2227.115234375,3510.0,3560.0,3400.0,3420.0,13340700.0
2007-02-22,2246.150390625,3540.0,3590.0,3500.0,3560.0,5553800.0
2007-02-23,2246.150390625,3540.0,3540.0,3490.0,3540.0,3599600.0
2007-02-26,2214.425048828125,3490.0,3520.0,3460.0,3510.0,4335000.0
2007-02-27,2189.045166015625,3450.0,3460.0,3400.0,3460.0,2850000.0
2007-02-28,2131.939453125,3360.0,3370.0,3250.0,3270.0,5279900.0
2007-03-01,2112.904296875,3330.0,3380.0,3290.0,3370.0,3356500.0
2007-03-02,2100.21435546875,3310.0,3350.0,3290.0,3330.0,3881300.0
2007-03-05,2017.728515625,3180.0,3250.0,3160.0,3220.0,4249500.0
2007-03-06,2024.0733642578125,3190.0,3230.0,3180.0,3180.0,4141400.0
2007-03-07,2024.0733642578125,3190.0,3280.0,3190.0,3230.0,4691200.0
2007-03-08,2062.143310546875,3250.0,3250.0,3170.0,3190.0,3744800.0
2007-03-09,2068.488525390625,3260.0,3310.0,3230.0,3240.0,4812200.0
2007-03-13,2049.453125,3230.0,3290.0,3210.0,3270.0,5006400.0
2007-03-14,1986.002197265625,3130.0,3180.0,3130.0,3160.0,3391800.0
2007-03-15,1986.002197265625,3130.0,3170.0,3110.0,3160.0,3577300.0
2007-03-16,1947.9324951171875,3070.0,3140.0,3050.0,3140.0,4419100.0
2007-03-19,1947.9324951171875,3070.0,3080.0,2960.0,3020.0,4625300.0
2007-03-20,1986.002197265625,3130.0,3150.0,3100.0,3100.0,2759100.0
2007-03-22,2011.382568359375,3170.0,3190.0,3150.0,3180.0,3326200.0
2007-03-23,2017.728515625,3180.0,3230.0,3180.0,3200.0,3007800.0
2007-03-26,2036.763427734375,3210.0,3230.0,3180.0,3200.0,2728800.0
2007-03-27,2017.6680908203125,3170.0,3210.0,3140.0,3190.0,1911200.0
2007-03-29,1998.573974609375,3140.0,3190.0,3130.0,3160.0,1879100.0
2007-03-30,2017.6680908203125,3170.0,3210.0,3140.0,3160.0,2373100.0
2007-04-02,1973.1141357421875,3100.0,3200.0,3100.0,3160.0,2872000.0
2007-04-03,1992.20849609375,3130.0,3140.0,3090.0,3120.0,4507600.0
2007-04-04,2043.1285400390625,3210.0,3210.0,3140.0,3150.0,3816300.0
2007-04-05,2030.3985595703125,3190.0,3210.0,3170.0,3170.0,2010200.0
2007-04-09,2024.03369140625,3180.0,3200.0,3150.0,3180.0,1073600.0
2007-04-10,2036.76318359375,3200.0,3230.0,3200.0,3210.0,2075400.0
2007-04-11,2043.1285400390625,3210.0,3220.0,3190.0,3210.0,1438400.0
2007-04-12,2004.939453125,3150.0,3200.0,3120.0,3200.0,2254900.0
2007-04-13,1966.750244140625,3090.0,3170.0,3090.0,3170.0,2072600.0
2007-04-16,1973.1141357421875,3100.0,3130.0,3090.0,3110.0,1541000.0
2007-04-17,1922.19580078125,3020.0,3110.0,2990.0,3090.0,4605300.0
2007-04-18,1922.19580078125,3020.0,3040.0,2990.0,3000.0,3540300.0
2007-04-19,1915.83056640625,3010.0,3030.0,2980.0,3020.0,3282200.0
2007-04-20,1934.9249267578125,3040.0,3040.0,2990.0,3020.0,2581900.0
2007-04-23,1890.370849609375,2970.0,3060.0,2960.0,3050.0,2680700.0
2007-04-24,1884.0062255859373,2960.0,3000.0,2950.0,2970.0,3074600.0
2007-04-25,1858.5467529296875,2920.0,2970.0,2920.0,2960.0,2345800.0
2007-04-27,1769.43798828125,2780.0,2930.0,2740.0,2920.0,9968100.0
2007-05-02,1724.884033203125,2710.0,2750.0,2670.0,2700.0,5369700.0
2007-05-07,1807.62744140625,2840.0,2842.4599609375,2820.0,2840.0,5050400.0
2007-05-08,1884.0062255859373,2960.0,3010.0,2940.0,2980.0,10444600.0
2007-05-09,1896.7357177734373,2980.0,2980.0,2890.0,2940.0,5494100.0
2007-05-10,1839.4522705078125,2890.0,2950.0,2880.0,2940.0,4867900.0
2007-05-11,1801.262451171875,2830.0,2870.0,2800.0,2870.0,4819700.0
2007-05-14,1807.62744140625,2840.0,2890.0,2830.0,2880.0,3545900.0
2007-05-15,1769.43798828125,2780.0,2840.0,2770.0,2810.0,3548500.0
2007-05-16,1724.884033203125,2710.0,2740.0,2700.0,2720.0,5187500.0
2007-05-17,1724.884033203125,2710.0,2740.0,2700.0,2730.0,5904700.0
2007-05-18,1699.42431640625,2670.0,2720.0,2670.0,2710.0,5951600.0
2007-05-21,1769.43798828125,2780.0,2780.0,2680.0,2700.0,5223800.0
2007-05-22,1801.262451171875,2830.0,2840.0,2730.0,2780.0,10548400.0
2007-05-23,1884.0062255859373,2960.0,3000.0,2920.0,2940.0,12798400.0
2007-05-24,1858.5467529296875,2920.0,2960.0,2870.0,2950.0,9662200.0
2007-05-25,1807.62744140625,2840.0,2870.0,2830.0,2850.0,7162300.0
2007-05-28,1826.7220458984373,2870.0,2880.0,2840.0,2870.0,5166600.0
2007-05-29,1890.370849609375,2970.0,2970.0,2850.0,2870.0,6770700.0
2007-05-30,1877.641357421875,2950.0,2960.0,2920.0,2940.0,6782200.0
2007-05-31,1928.5601806640625,3030.0,3030.0,2980.0,3020.0,10456300.0
2007-06-01,1941.2900390625,3050.0,3090.0,3040.0,3080.0,6784800.0
2007-06-04,1915.83056640625,3010.0,3090.0,3000.0,3080.0,4199300.0
2007-06-05,1896.7357177734373,2980.0,3000.0,2950.0,2990.0,3654500.0
2007-06-06,1909.4656982421875,3000.0,3050.0,2970.0,2980.0,4957500.0
2007-06-07,1947.6551513671875,3060.0,3070.0,3000.0,3010.0,5702100.0
2007-06-08,2011.3035888671875,3160.0,3160.0,3070.0,3090.0,15401000.0
2007-06-11,1973.1141357421875,3100.0,3140.0,3100.0,3130.0,8374100.0
2007-06-12,1947.6551513671875,3060.0,3100.0,3060.0,3080.0,4535800.0
2007-06-13,1941.2900390625,3050.0,3080.0,3050.0,3060.0,4463200.0
2007-06-14,1941.2900390625,3050.0,3080.0,3050.0,3070.0,2929800.0
2007-06-15,1966.750244140625,3090.0,3110.0,3040.0,3070.0,3830400.0
2007-06-18,1973.1141357421875,3100.0,3130.0,3090.0,3120.0,4733900.0
2007-06-19,1941.2900390625,3050.0,3070.0,3030.0,3060.0,3446700.0
2007-06-20,1947.6551513671875,3060.0,3070.0,3030.0,3050.0,3420900.0
2007-06-21,1928.5601806640625,3030.0,3070.0,3020.0,3040.0,3880200.0
2007-06-22,1896.7357177734373,2980.0,3050.0,2960.0,3040.0,4728500.0
2007-06-25,1877.641357421875,2950.0,2990.0,2940.0,2950.0,3903900.0
2007-06-26,1877.641357421875,2950.0,2990.0,2940.0,2950.0,2832600.0
2007-06-27,1864.91162109375,2930.0,2930.0,2900.0,2920.0,2113100.0
2007-06-28,1852.1817626953125,2910.0,2970.0,2900.0,2960.0,3515900.0
2007-07-02,1877.641357421875,2950.0,2950.0,2910.0,2940.0,3274800.0
2007-07-03,1858.5467529296875,2920.0,2950.0,2910.0,2920.0,3399200.0
2007-07-04,1852.1817626953125,2910.0,2930.0,2900.0,2930.0,2547500.0
2007-07-06,1833.087158203125,2880.0,2920.0,2870.0,2910.0,3230900.0
2007-07-09,1864.91162109375,2930.0,2940.0,2900.0,2900.0,4137100.0
2007-07-10,1858.5467529296875,2920.0,2930.0,2900.0,2910.0,2667900.0
2007-07-11,1826.7220458984373,2870.0,2900.0,2860.0,2890.0,2703600.0
2007-07-12,1820.357421875,2860.0,2890.0,2850.0,2880.0,2573900.0
2007-07-13,1813.992431640625,2850.0,2890.0,2830.0,2890.0,3674100.0
2007-07-17,1794.8975830078125,2820.0,2860.0,2820.0,2860.0,2000100.0
2007-07-18,1763.0736083984375,2770.0,2800.0,2770.0,2780.0,2963900.0
2007-07-19,1756.708251953125,2760.0,2790.0,2740.0,2770.0,3836600.0
2007-07-20,1750.3433837890625,2750.0,2810.0,2740.0,2760.0,4408400.0
2007-07-23,1712.154541015625,2690.0,2730.0,2680.0,2720.0,2650800.0
2007-07-24,1782.168212890625,2800.0,2810.0,2700.0,2700.0,5434400.0
2007-07-25,1743.9781494140625,2740.0,2760.0,2730.0,2730.0,5631000.0
2007-07-26,1686.6944580078125,2650.0,2720.0,2650.0,2710.0,5746700.0
2007-07-27,1642.1405029296875,2580.0,2600.0,2530.0,2570.0,5454900.0
2007-07-30,1629.410400390625,2560.0,2580.0,2520.0,2540.0,3888700.0
2007-07-31,1642.1405029296875,2580.0,2620.0,2550.0,2600.0,3787100.0
2007-08-01,1565.7618408203125,2460.0,2540.0,2410.0,2540.0,8421300.0
2007-08-02,1514.8426513671875,2380.0,2450.0,2340.0,2440.0,8654300.0
2007-08-03,1502.113037109375,2360.0,2460.0,2360.0,2420.0,5203400.0
2007-08-06,1483.0184326171875,2330.0,2350.0,2250.0,2290.0,5972500.0
2007-08-07,1470.288818359375,2310.0,2430.0,2300.0,2400.0,6412200.0
2007-08-08,1584.8563232421875,2490.0,2500.0,2400.0,2410.0,8538500.0
2007-08-09,1616.6806640625,2540.0,2610.0,2510.0,2590.0,7963000.0
2007-08-10,1553.0318603515625,2440.0,2490.0,2440.0,2480.0,4862800.0
2007-08-13,1521.2071533203125,2390.0,2430.0,2380.0,2410.0,3644200.0
2007-08-14,1495.7481689453125,2350.0,2360.0,2330.0,2330.0,3282200.0
2007-08-15,1438.46435546875,2260.0,2290.0,2250.0,2280.0,5160600.0
2007-08-16,1451.19384765625,2280.0,2310.0,2120.0,2180.0,10544300.0
2007-08-17,1400.2747802734375,2200.0,2350.0,2180.0,2340.0,9672600.0
2007-08-20,1483.0184326171875,2330.0,2360.0,2270.0,2350.0,8580900.0
2007-08-21,1508.47802734375,2370.0,2420.0,2310.0,2340.0,4453000.0
2007-08-22,1457.55859375,2290.0,2350.0,2250.0,2340.0,5322500.0
2007-08-23,1540.3026123046875,2420.0,2420.0,2370.0,2370.0,4622900.0
2007-08-24,1527.5726318359375,2400.0,2420.0,2370.0,2390.0,4477100.0
2007-08-27,1508.47802734375,2370.0,2410.0,2340.0,2400.0,3548000.0
2007-08-28,1489.3836669921875,2340.0,2380.0,2320.0,2330.0,3256700.0
2007-08-29,1470.288818359375,2310.0,2330.0,2290.0,2300.0,3368700.0
2007-08-30,1495.7481689453125,2350.0,2350.0,2320.0,2340.0,2300100.0
2007-08-31,1553.0318603515625,2440.0,2440.0,2350.0,2360.0,3895600.0
2007-09-03,1495.7481689453125,2350.0,2410.0,2340.0,2410.0,5277700.0
2007-09-04,1444.8287353515625,2270.0,2360.0,2260.0,2360.0,6714800.0
2007-09-05,1413.0045166015625,2220.0,2310.0,2220.0,2290.0,3674800.0
2007-09-06,1419.369384765625,2230.0,2250.0,2160.0,2190.0,4860800.0
2007-09-10,1362.0855712890625,2140.0,2220.0,2130.0,2200.0,4587500.0
2007-09-11,1317.53125,2070.0,2100.0,1930.0,2010.0,9960000.0
2007-09-12,1279.342041015625,2010.0,2100.0,2000.0,2070.0,5917500.0
2007-09-13,1241.152587890625,1950.0,1990.0,1950.0,1980.0,3956100.0
2007-09-18,1279.342041015625,2010.0,2020.0,1930.0,1960.0,8701200.0
2007-09-19,1234.7880859375,1940.0,1960.0,1930.0,1950.0,6286100.0
2007-09-20,1196.5985107421875,1880.0,1910.0,1880.0,1900.0,4123300.0
2007-09-21,1101.125244140625,1730.0,1870.0,1690.0,1840.0,12056100.0
2007-09-25,1094.76025390625,1720.0,1750.0,1630.0,1690.0,17150400.0
2007-09-26,1139.314208984375,1790.0,1810.0,1730.0,1750.0,9773200.0
2007-09-27,1292.0718994140625,2030.0,2030.0,1870.0,1880.0,14379700.0
2007-09-28,1253.88232421875,1970.0,2070.0,1940.0,2050.0,15321900.0
2007-10-01,1247.517578125,1960.0,1980.0,1890.0,1970.0,11232500.0
2007-10-02,1279.342041015625,2010.0,2030.0,2000.0,2020.0,9630700.0
2007-10-03,1381.1800537109375,2170.0,2180.0,1990.0,2040.0,14127800.0
2007-10-04,1413.0045166015625,2220.0,2260.0,2120.0,2160.0,23379100.0
2007-10-05,1425.734375,2240.0,2240.0,2190.0,2190.0,11214900.0
2007-10-09,1451.19384765625,2280.0,2320.0,2240.0,2260.0,7765700.0
2007-10-10,1425.734375,2240.0,2310.0,2210.0,2300.0,5528300.0
2007-10-11,1413.0045166015625,2220.0,2290.0,2170.0,2200.0,9590700.0
2007-10-12,1362.0855712890625,2140.0,2220.0,2140.0,2220.0,629600000.0
2007-10-15,1342.9908447265625,2110.0,2170.0,2090.0,2170.0,3657100.0
2007-10-16,1279.342041015625,2010.0,2050.590087890625,2010.0,2050.590087890625,701140000.0
2007-10-17,1183.86865234375,1860.0,1924.4158935546875,1860.0,1924.4158935546875,1066710000.0
2007-10-18,1234.7880859375,1940.0,1960.0,1900.0,1950.0,6120200.0
2007-10-19,1196.5985107421875,1880.0,1892.800048828125,1880.0,1892.800048828125,667290000.0
2007-10-22,1190.2335205078125,1870.0,1880.0,1780.0,1790.0,5897300.0
2007-10-23,1222.0577392578125,1920.0,1920.0,1920.0,1920.0,474460000.0
2007-10-24,1183.86865234375,1860.0,1940.0,1840.0,1910.0,6144700.0
2007-10-25,1152.0445556640625,1810.0,1860.0,1810.0,1860.0,468940000.0
2007-10-26,1107.4901123046875,1740.0,1810.0,1740.0,1810.0,1130630000.0
2007-10-29,1222.0577392578125,1920.0,1920.0,1770.0,1800.0,12402700.0
2007-10-30,1253.88232421875,1970.0,1970.0,1900.52001953125,1900.52001953125,761290000.0
2007-10-31,1298.4366455078125,2040.0,2040.0,1920.0,1950.0,11411200.0
2007-11-01,1413.0045166015625,2220.0,2220.0,2040.199951171875,2040.199951171875,1636260000.0
2007-11-02,1298.4366455078125,2040.0,2088.719970703125,2040.0,2088.719970703125,1229700000.0
2007-11-05,1260.2474365234375,1980.0,2070.0,1960.0,2060.0,7669100.0
2007-11-06,1279.342041015625,2010.0,2010.0,1980.0,1980.0,665260000.0
2007-11-07,1234.7880859375,1940.0,2010.0,1940.0,2010.0,638940000.0
2007-11-08,1209.3282470703125,1900.0,1944.8699951171875,1900.0,1944.8699951171875,789850000.0
2007-11-09,1158.4091796875,1820.0,1898.47998046875,1820.0,1898.47998046875,776650000.0
2007-11-12,1145.679443359375,1800.0,1820.0,1800.0,1820.0,1035590000.0
2007-11-13,1183.86865234375,1860.0,1860.0,1800.0,1800.0,1043940000.0
2007-11-14,1247.517578125,1960.0,1964.259765625,1960.0,1964.259765625,805100000.0
2007-11-15,1266.6119384765625,1990.0,2030.0,1980.0,2030.0,842900000.0
2007-11-16,1266.6119384765625,1990.0,1990.0,1990.0,1990.0,748970000.0
2007-11-19,1222.0577392578125,1920.0,1990.0,1920.0,1990.0,878440000.0
2007-11-20,1253.88232421875,1970.0,1970.0,1920.0,1920.0,840780000.0
2007-11-21,1247.517578125,1960.0,1963.6700439453125,1960.0,1963.6700439453125,825400000.0
2007-11-22,1266.6119384765625,1990.0,1990.0,1960.0,1960.0,567130000.0
2007-11-26,1266.6119384765625,1990.0,1990.0,1960.0,1960.0,7669100.0
2007-11-27,1323.8963623046875,2080.0,2080.0,2060.0,2060.0,1305010000.0
2007-11-28,1272.9771728515625,2000.0,2000.0,2000.0,2000.0,618840000.0
2007-11-29,1323.8963623046875,2080.0,2080.0,2000.0,2000.0,648760000.0
2007-11-30,1368.450439453125,2150.0,2150.0,2112.2099609375,2112.2099609375,743930000.0
2007-12-03,1374.8153076171875,2160.0,2160.0,2159.800048828125,2159.800048828125,575220000.0
2007-12-04,1330.26123046875,2090.0,2160.0,2090.0,2160.0,420930000.0
2007-12-05,1362.0855712890625,2140.0,2140.0,2031.010009765625,2031.010009765625,740330000.0
2007-12-06,1387.5450439453125,2180.0,2180.0,2140.0,2140.0,735720000.0
2007-12-07,1374.8153076171875,2160.0,2190.0,2160.0,2180.0,589640000.0
2007-12-10,1368.450439453125,2150.0,2150.0,2150.0,2150.0,358840000.0
2007-12-11,1381.1800537109375,2170.0,2190.0,2170.0,2170.0,356300000.0
2007-12-12,1393.9095458984375,2190.0,2190.0,2150.0,2160.0,550910000.0
2007-12-13,1362.0855712890625,2140.0,2190.0,2140.0,2190.0,478060000.0
2007-12-14,1285.706787109375,2020.0,2142.56005859375,2020.0,2142.56005859375,816790000.0
2007-12-17,1241.152587890625,1950.0,2010.0,1950.0,2010.0,324230000.0
2007-12-18,1241.152587890625,1950.0,2010.0,1950.0,2010.0,105200.0
2007-12-19,1222.0577392578125,1920.0,1930.0,1920.0,1930.0,349310000.0
2007-12-20,1222.0577392578125,1920.0,1930.0,1920.0,1930.0,74000.0
2007-12-21,1241.152587890625,1950.0,1950.0,1945.4599609375,1945.4599609375,408480000.0
2007-12-25,1260.2474365234375,1980.0,1990.0,1980.0,1990.0,436570000.0
2007-12-26,1292.0718994140625,2030.0,2030.0,2013.5400390625,2013.5400390625,263460000.0
2007-12-27,1279.342041015625,2010.0,2010.0,2006.780029296875,2006.780029296875,240170000.0
2007-12-28,1279.342041015625,2010.0,2010.0,1980.0,2000.0,2397100.0
2008-01-04,1202.9632568359375,1890.0,1940.0,1880.0,1910.0,2885700.0
2008-01-07,1139.314208984375,1790.0,1869.02001953125,1790.0,1869.02001953125,939850000.0
2008-01-08,1183.86865234375,1860.0,1860.0,1790.0,1790.0,826300000.0
2008-01-09,1215.693359375,1910.0,1910.0,1860.0,1860.0,542330000.0
2008-01-10,1183.86865234375,1860.0,1910.0,1860.0,1910.0,372030000.0
2008-01-11,1158.4091796875,1820.0,1838.0799560546875,1820.0,1838.0799560546875,342570000.0
2008-01-15,1120.2197265625,1760.0,1805.0,1760.0,1805.0,525700000.0
2008-01-16,1037.476318359375,1630.0,1750.0,1630.0,1700.0,8771100.0
2008-01-17,1082.0303955078125,1700.0,1810.0,1670.0,1670.0,1046820000.0
2008-01-18,1120.2197265625,1760.0,1760.0,1680.0,1680.0,1037990000.0
2008-01-21,1043.84130859375,1640.0,1680.0,1640.0,1670.0,822050000.0
2008-01-22,954.7328491210938,1500.0,1570.0,1500.0,1546.8299560546875,969480000.0
2008-01-23,973.8275756835938,1530.0,1550.0,1530.0,1540.0,845120000.0
2008-01-24,992.9220581054688,1560.0,1580.0,1540.0,1560.0,11293000.0
2008-01-25,1069.301025390625,1680.0,1680.0,1630.0,1640.0,1599180000.0
2008-01-28,1031.11181640625,1620.0,1663.050048828125,1620.0,1663.050048828125,731650000.0
2008-01-29,1050.2061767578125,1650.0,1650.0,1620.0,1620.0,913950000.0
2008-01-30,1024.7467041015625,1610.0,1640.0,1610.0,1630.0,1148870000.0
2008-01-31,1069.301025390625,1680.0,1680.0,1570.0,1594.3699951171875,1304580000.0
2008-02-01,1031.11181640625,1620.0,1660.0,1620.0,1660.0,749550000.0
2008-02-04,1075.6656494140625,1690.0,1690.0,1670.0,1690.0,615840000.0
2008-02-05,1082.0303955078125,1700.0,1700.0,1695.6600341796875,1695.6600341796875,532540000.0
2008-02-06,1024.7467041015625,1610.0,1700.0,1610.0,1700.0,477890000.0
2008-02-07,1012.016845703125,1590.0,1610.0,1560.0,1560.0,511440000.0
2008-02-08,992.9220581054688,1560.0,1590.0,1560.0,1590.0,459550000.0
2008-02-12,1012.016845703125,1590.0,1590.0,1560.0,1560.0,459670000.0
2008-02-13,1012.016845703125,1590.0,1630.0,1590.0,1620.0,453660000.0
2008-02-14,1050.2061767578125,1650.0,1650.0,1620.0,1620.0,356550000.0
2008-02-15,1037.476318359375,1630.0,1660.0,1630.0,1660.0,520350000.0
2008-02-18,1037.476318359375,1630.0,1636.6099853515625,1630.0,1636.6099853515625,532780000.0
2008-02-19,1101.125244140625,1730.0,1730.0,1680.0,1680.0,1028980000.0
2008-02-20,1050.2061767578125,1650.0,1722.550048828125,1650.0,1722.550048828125,723860000.0
2008-02-21,1088.3955078125,1710.0,1710.0,1650.0,1650.0,555740000.0
2008-02-22,1088.3955078125,1710.0,1720.0,1700.0,1700.0,490290000.0
2008-02-25,1164.7740478515625,1830.0,1830.0,1703.2454833984375,1703.2454833984375,836310000.0
2008-02-26,1126.584716796875,1770.0,1810.0,1770.0,1800.0,825160000.0
2008-02-27,1171.138916015625,1840.0,1840.0,1820.0,1825.8399658203125,398840000.0
2008-02-28,1177.50390625,1850.0,1850.0,1840.0,1840.0,453620000.0
2008-02-29,1101.125244140625,1730.0,1780.0,1730.0,1780.0,695740000.0
2008-03-03,1082.0303955078125,1700.0,1700.0,1680.0,1680.0,588760000.0
2008-03-04,1037.476318359375,1630.0,1693.2850341796875,1630.0,1693.2850341796875,622070000.0
2008-03-05,1037.476318359375,1630.0,1631.9000244140625,1630.0,1631.9000244140625,498020000.0
2008-03-06,1062.9359130859375,1670.0,1670.0,1662.52001953125,1662.52001953125,596970000.0
2008-03-07,1031.11181640625,1620.0,1670.0,1620.0,1670.0,382150000.0
2008-03-10,1005.6517944335938,1580.0,1620.0,1580.0,1620.0,735570000.0
2008-03-11,1037.476318359375,1630.0,1630.0,1560.0,1570.0,690480000.0
2008-03-12,1082.0303955078125,1700.0,1700.0,1630.0,1630.0,790610000.0
2008-03-13,1031.11181640625,1620.0,1700.0,1620.0,1700.0,469670000.0
2008-03-14,999.2869873046876,1570.0,1660.0,1550.0,1650.0,6323300.0
2008-03-17,967.4624633789062,1520.0,1570.0,1520.0,1570.0,495660000.0
2008-03-18,980.192626953125,1540.0,1540.0,1515.43994140625,1515.43994140625,393290000.0
2008-03-19,999.2869873046876,1570.0,1600.0,1570.0,1590.0,487690000.0
2008-03-21,1069.301025390625,1680.0,1680.0,1633.1419677734375,1633.1419677734375,669830000.0
2008-03-24,1139.314208984375,1790.0,1791.7900390625,1690.0,1700.0,792730000.0
2008-03-25,1107.4901123046875,1740.0,1770.0,1720.0,1730.0,1002220000.0
2008-03-26,1113.8916015625,1740.0,1740.0,1730.0,1730.0,405920000.0
2008-03-27,1113.8916015625,1740.0,1740.0,1733.3800048828125,1733.3800048828125,423360000.0
2008-03-28,1101.0887451171875,1720.0,1740.0,1720.0,1740.0,536010000.0
2008-03-31,1062.6781005859375,1660.0,1720.0,1660.0,1720.0,365500000.0
2008-04-01,1069.080078125,1670.0,1670.0,1660.0,1660.0,338160000.0
2008-04-02,1165.10498046875,1820.0,1820.0,1670.0,1670.0,782690000.0
2008-04-03,1177.9085693359375,1840.0,1840.0,1823.8299560546875,1823.8299560546875,574800000.0
2008-04-04,1165.10498046875,1820.0,1827.260009765625,1820.0,1827.260009765625,493360000.0
2008-04-07,1152.3016357421875,1800.0,1804.5,1800.0,1804.5,386050000.0
2008-04-08,1107.4903564453125,1730.0,1800.2900390625,1730.0,1800.2900390625,325930000.0
2008-04-09,1081.883544921875,1690.0,1730.5,1690.0,1730.5,415080000.0
2008-04-10,1069.080078125,1670.0,1710.0,1670.0,1710.0,435800000.0
2008-04-11,1113.8916015625,1740.0,1740.0,1670.969970703125,1670.969970703125,496730000.0
2008-04-14,1094.6868896484375,1710.0,1738.260009765625,1710.0,1738.260009765625,587690000.0
2008-04-15,1101.0887451171875,1720.0,1720.0,1717.3399658203125,1717.3399658203125,502320000.0
2008-04-16,1152.3016357421875,1800.0,1800.0,1784.1199951171875,1784.1199951171875,622170000.0
2008-04-17,1203.515380859375,1880.0,1880.0,1850.0,1850.0,978110000.0
2008-04-18,1203.515380859375,1880.0,1880.0,1840.0,1840.0,604600000.0
2008-04-21,1197.1136474609375,1870.0,1885.260009765625,1870.0,1885.260009765625,409600000.0
2008-04-22,1197.1136474609375,1870.0,1871.030029296875,1870.0,1871.030029296875,276740000.0
2008-04-23,1209.916748046875,1890.0,1900.949951171875,1890.0,1900.949951171875,341730000.0
2008-04-24,1177.9085693359375,1840.0,1891.8900146484373,1840.0,1891.8900146484373,323900000.0
2008-04-25,1235.5235595703125,1930.0,1930.0,1880.0,1880.0,746590000.0
2008-04-28,1293.138671875,2020.0,2020.0,1930.0,1930.0,961090000.0
2008-04-30,1280.3355712890625,2000.0,2020.0,2000.0,2020.0,673020000.0
2008-05-01,1229.1219482421875,1920.0,1973.949951171875,1920.0,1973.949951171875,516670000.0
2008-05-02,1261.1304931640625,1970.0,1970.0,1920.0,1920.0,507290000.0
2008-05-07,1261.1304931640625,1970.0,2010.199951171875,1970.0,2010.199951171875,632870000.0
2008-05-08,1222.7203369140625,1910.0,1970.0,1910.0,1970.0,551850000.0
2008-05-09,1184.310302734375,1850.0,1906.0999755859373,1850.0,1906.0999755859373,386760000.0
2008-05-12,1177.9085693359375,1840.0,1850.0,1840.0,1850.0,484890000.0
2008-05-13,1184.310302734375,1850.0,1850.0,1823.9300537109373,1823.9300537109373,482400000.0
2008-05-14,1203.515380859375,1880.0,1880.0,1850.0,1850.0,605460000.0
2008-05-15,1197.1136474609375,1870.0,1878.5,1870.0,1878.5,839740000.0
2008-05-16,1235.5235595703125,1930.0,1930.0,1920.0,1920.0,585280000.0
2008-05-19,1197.1136474609375,1870.0,1903.0400390625,1870.0,1903.0400390625,364970000.0
2008-05-20,1190.7117919921875,1860.0,1860.0,1850.0,1850.0,360700000.0
2008-05-21,1133.0966796875,1770.0,1790.0,1770.0,1790.0,515710000.0
2008-05-22,1158.70361328125,1810.0,1810.0,1770.0,1770.0,503710000.0
2008-05-23,1133.0966796875,1770.0,1791.760009765625,1770.0,1791.760009765625,429020000.0
2008-05-26,1107.4903564453125,1730.0,1771.77001953125,1730.0,1771.77001953125,395910000.0
2008-05-27,1139.49853515625,1780.0,1780.0,1730.0,1730.0,348090000.0
2008-05-28,1113.8916015625,1740.0,1783.06005859375,1740.0,1783.06005859375,349810000.0
2008-05-29,1139.49853515625,1780.0,1780.0,1768.010009765625,1768.010009765625,270410000.0
2008-05-30,1177.9085693359375,1840.0,1840.0,1779.1600341796875,1779.1600341796875,862470000.0
2008-06-02,1235.5235595703125,1930.0,1930.0,1840.0,1840.0,898700000.0
2008-06-03,1216.3184814453125,1900.0,1930.0,1900.0,1930.0,559440000.0
2008-06-04,1241.9254150390625,1940.0,1940.0,1900.0,1900.0,569290000.0
2008-06-05,1222.7203369140625,1910.0,1910.0,1899.1500244140625,1899.1500244140625,316200000.0
2008-06-06,1235.5235595703125,1930.0,1930.0,1930.0,1930.0,499860000.0
2008-06-09,1171.5068359375,1830.0,1850.0,1830.0,1850.0,564740000.0
2008-06-10,1152.3016357421875,1800.0,1830.0,1800.0,1830.0,489130000.0
2008-06-11,1152.3016357421875,1800.0,1800.0,1800.0,1800.0,361670000.0
2008-06-12,1120.2935791015625,1750.0,1817.1099853515625,1750.0,1817.1099853515625,592620000.0
2008-06-13,1139.49853515625,1780.0,1780.0,1760.0,1760.0,595050000.0
2008-06-16,1171.5068359375,1830.0,1830.0,1780.800048828125,1780.800048828125,367710000.0
2008-06-17,1165.10498046875,1820.0,1829.280029296875,1820.0,1829.280029296875,413680000.0
2008-06-18,1152.3016357421875,1800.0,1820.0,1800.0,1820.0,407440000.0
2008-06-19,1120.2935791015625,1750.0,1800.0,1750.0,1800.0,563380000.0
2008-06-20,1101.0887451171875,1720.0,1750.3499755859375,1720.0,1750.3499755859375,428330000.0
2008-06-23,1081.883544921875,1690.0,1690.0,1680.0,1680.0,425100000.0
2008-06-24,1069.080078125,1670.0,1690.0,1670.0,1690.0,401430000.0
2008-06-25,1062.6781005859375,1660.0,1670.0,1660.0,1670.0,351050000.0
2008-06-26,1081.883544921875,1690.0,1690.0,1660.0,1660.0,416680000.0
2008-06-27,1037.0716552734375,1620.0,1690.0,1620.0,1690.0,576110000.0
2008-06-30,1043.4732666015625,1630.0,1630.0,1621.0899658203125,1621.0899658203125,425790000.0
2008-07-01,1049.875,1640.0,1640.0,1630.0,1630.0,253740000.0
2008-07-02,1030.6702880859375,1610.0,1640.0,1610.0,1640.0,409240000.0
2008-07-03,1043.4732666015625,1630.0,1630.0,1610.0,1610.0,533740000.0
2008-07-04,1056.2769775390625,1650.0,1650.0,1630.0,1630.0,424070000.0
2008-07-07,1088.28515625,1700.0,1700.0,1650.0,1650.0,511370000.0
2008-07-08,1043.4732666015625,1630.0,1669.0799560546875,1630.0,1669.0799560546875,511750000.0
2008-07-09,1056.2769775390625,1650.0,1650.0,1630.0,1630.0,494450000.0
2008-07-10,1094.6868896484375,1710.0,1710.0,1650.5,1650.5,440240000.0
2008-07-11,1088.28515625,1700.0,1710.0,1700.0,1710.0,538960000.0
2008-07-14,1075.4818115234375,1680.0,1700.0,1680.0,1700.0,491450000.0
2008-07-15,1037.0716552734375,1620.0,1640.0,1620.0,1640.0,278080000.0
2008-07-16,1049.875,1640.0,1640.0,1620.0,1620.0,413380000.0
2008-07-17,1056.2769775390625,1650.0,1650.0,1640.0,1640.0,467910000.0
2008-07-18,1037.0716552734375,1620.0,1650.0,1620.0,1650.0,308310000.0
2008-07-22,1072.9210205078125,1676.0,1676.0,1630.0,1648.0,2848500.0
2008-07-23,1094.0465087890625,1709.0,1709.0,1697.0,1697.0,497920000.0
2008-07-24,1108.1302490234375,1731.0,1731.0,1725.0,1725.0,368550000.0
2008-07-25,1051.1551513671875,1642.0,1731.0,1642.0,1731.0,336960000.0
2008-07-28,1040.2724609375,1625.0,1640.0,1625.0,1640.0,279030000.0
2008-07-29,1023.628173828125,1599.0,1608.5999755859375,1599.0,1608.5999755859375,312320000.0
2008-07-30,1035.1513671875,1617.0,1617.0,1599.0,1599.0,251960000.0
2008-07-31,1004.4230346679688,1569.0,1617.0,1569.0,1617.0,463470000.0
2008-08-01,973.6951904296876,1521.0,1570.5699462890625,1521.0,1570.5699462890625,563480000.0
2008-08-04,949.3685913085938,1483.0,1521.0,1483.0,1521.0,387460000.0
2008-08-05,922.481689453125,1441.0,1483.0,1441.0,1483.0,587710000.0
2008-08-06,916.7200317382812,1432.0,1441.0,1432.0,1441.0,501240000.0
2008-08-07,884.071533203125,1381.0,1396.760009765625,1381.0,1396.760009765625,642220000.0
2008-08-08,852.063232421875,1331.0,1331.0,1310.9599609375,1310.9599609375,1138940000.0
2008-08-11,873.1886596679688,1364.0,1364.0,1343.989990234375,1343.989990234375,509530000.0
2008-08-12,894.314208984375,1397.0,1397.0,1364.0,1364.0,763370000.0
2008-08-13,846.3016357421875,1322.0,1395.8900146484375,1322.0,1395.8900146484375,662340000.0
2008-08-14,834.1385498046875,1303.0,1322.0,1303.0,1322.0,462820000.0
2008-08-15,836.0590209960938,1306.0,1306.0,1303.0,1303.0,330240000.0
2008-08-18,855.904296875,1337.0,1346.8199462890625,1337.0,1346.8199462890625,326740000.0
2008-08-19,831.5776977539062,1299.0,1337.0,1299.0,1337.0,421530000.0
2008-08-20,839.2599487304688,1311.0,1311.0,1299.0,1299.0,339500000.0
2008-08-21,826.4566040039062,1291.0,1311.0,1291.0,1311.0,283840000.0
2008-08-22,799.569580078125,1249.0,1291.5400390625,1249.0,1291.5400390625,472570000.0
2008-08-25,812.3729248046875,1269.0,1269.0,1249.0,1249.0,386890000.0
2008-08-26,805.3310546875,1258.0,1269.0,1258.0,1269.0,299210000.0
2008-08-27,794.4481811523438,1241.0,1259.760009765625,1241.0,1259.760009765625,189590000.0
2008-08-28,782.284912109375,1222.0,1241.1199951171875,1222.0,1241.1199951171875,258740000.0
2008-08-29,821.975341796875,1284.0,1284.0,1223.030029296875,1223.030029296875,580630000.0
2008-09-01,791.8873291015625,1237.0,1284.0,1237.0,1284.0,441850000.0
2008-09-02,770.7620239257812,1204.0,1237.0,1204.0,1237.0,466280000.0
2008-09-03,750.2763671875,1172.0,1204.0,1172.0,1204.0,562870000.0
2008-09-04,649.770263671875,1015.0,1172.0,1015.0,1172.0,1650990000.0
2008-09-05,599.837158203125,937.0,937.0,934.9000244140624,934.9000244140624,2590250000.0
2008-09-08,663.8539428710938,1037.0,1037.0,937.0,937.0,138190000.0
2008-09-09,712.5066528320312,1113.0,1113.0,1037.1099853515625,1037.1099853515625,3912170000.0
2008-09-10,755.3980102539062,1180.0,1180.0,1136.0,1148.0,3249290000.0
2008-09-11,682.4187622070312,1066.0,1180.0,1066.0,1180.0,2126550000.0
2008-09-12,766.2808227539062,1197.0,1197.0,1066.0,1066.0,2458060000.0
2008-09-16,667.6948852539062,1043.0,1197.4200439453125,1043.0,1197.4200439453125,2924000000.0
2008-09-17,688.1802978515625,1075.0,1102.4599609375,1075.0,1102.4599609375,1790480000.0
2008-09-18,731.711669921875,1143.0,1143.0,1143.0,1143.0,2420570000.0
2008-09-19,859.7450561523438,1343.0,1343.0,1143.0,1143.0,2757770000.0
2008-09-22,946.8079223632812,1479.0,1479.0,1343.469970703125,1343.469970703125,3142600000.0
2008-09-24,897.5150756835938,1402.0,1479.0,1402.0,1479.0,2122450000.0
2008-09-25,915.4398803710938,1430.0,1430.0,1402.0,1402.0,1556970000.0
2008-09-26,932.0842895507812,1456.0,1456.0,1430.0,1430.0,1606390000.0
2008-09-29,910.318359375,1422.0,1456.800048828125,1422.0,1456.800048828125,1469480000.0
2008-09-30,871.2682495117188,1361.0,1422.7099609375,1361.0,1422.7099609375,1345050000.0
2008-10-01,900.0758666992188,1406.0,1406.0,1361.0,1361.0,1143050000.0
2008-10-02,861.0256958007812,1345.0,1406.0,1345.0,1406.0,1579240000.0
2008-10-03,847.5820922851562,1324.0,1340.9100341796875,1324.0,1340.9100341796875,997370000.0
2008-10-06,766.9209594726562,1198.0,1324.0,1198.0,1324.0,1210680000.0
2008-10-07,763.7201538085938,1193.0,1193.0,1098.0,1098.0,1435840000.0
2008-10-08,686.8998413085938,1073.0,1193.0,1073.0,1193.0,1149540000.0
2008-10-09,754.7578125,1179.0,1179.0,1128.0899658203125,1128.0899658203125,1259750000.0
2008-10-10,688.1802978515625,1075.0,1179.3499755859375,1075.0,1179.3499755859375,1428030000.0
2008-10-14,815.5738525390625,1274.0,1274.0,1075.0,1075.0,747760000.0
2008-10-15,779.0841064453125,1217.0,1278.43994140625,1217.0,1278.43994140625,1264170000.0
2008-10-16,674.7368774414062,1054.0,1217.0,1054.0,1217.0,1001540000.0
2008-10-17,683.6991577148438,1068.0,1068.0,1054.0,1054.0,829050000.0
2008-10-20,703.5442504882812,1099.0,1099.0,1068.0,1068.0,599230000.0
2008-10-21,739.3935546875,1155.0,1155.0,1099.0,1099.0,659180000.0
2008-10-22,684.9794311523438,1070.0,1155.0,1070.0,1155.0,687210000.0
2008-10-23,658.7326049804688,1029.0,1070.0,1029.0,1070.0,1175760000.0
2008-10-24,592.1551513671875,925.0,1029.0,925.0,1029.0,935260000.0
2008-10-27,528.1384887695312,825.0,925.0,825.0,925.0,999900000.0
2008-10-28,530.0587768554688,828.0,828.0,736.0,736.0,1491870000.0
2008-10-29,576.1508178710938,900.0,900.0,828.4099731445312,828.4099731445312,887840000.0
2008-10-30,640.1677856445312,1000.0,1000.0,1000.0,1000.0,1053410000.0
2008-10-31,637.6069946289062,996.0,1004.0,996.0,1004.0,825910000.0
2008-11-04,701.6239624023438,1096.0,1096.0,996.5,996.5,761560000.0
2008-11-05,795.0881958007812,1242.0,1242.0,1095.4599609375,1095.4599609375,1094390000.0
2008-11-06,773.9628295898438,1209.0,1243.239990234375,1209.0,1243.239990234375,956780000.0
2008-11-07,758.5987548828125,1185.0,1209.0,1185.0,1209.0,841200000.0
2008-11-10,780.3643188476562,1219.0,1219.0,1185.0,1185.0,524840000.0
2008-11-11,748.9962158203125,1170.0,1220.219970703125,1170.0,1220.219970703125,553170000.0
2008-11-12,745.1554565429688,1164.0,1164.0,1164.0,1164.0,447330000.0
2008-11-13,711.8663940429688,1112.0,1164.0,1112.0,1164.0,404560000.0
2008-11-14,700.983642578125,1095.0,1112.0,1095.0,1112.0,504320000.0
2008-11-17,766.9209594726562,1198.0,1198.0,1095.0,1095.0,910000000.0
2008-11-18,755.3980102539062,1180.0,1198.0,1180.0,1198.0,672690000.0
2008-11-19,729.7910766601562,1140.0,1180.0,1140.0,1180.0,200.0
2008-11-20,704.8245849609375,1101.0,1140.0,1101.0,1140.0,1000.0
2008-11-21,773.3225708007812,1208.0,1208.0,1101.0,1101.0,1000.0
2008-11-25,802.1300048828125,1253.0,1253.0,1208.0,1208.0,300.0
2008-11-26,809.8121337890625,1265.0,1265.0,1254.1199951171875,1254.1199951171875,725570000.0
2008-11-27,830.2974853515625,1297.0,1297.0,1265.0,1265.0,606620000.0
2008-11-28,851.4231567382812,1330.0,1330.0,1297.0,1297.0,622440000.0
2008-12-01,858.46484375,1341.0,1341.0,1330.0,1330.0,514010000.0
2008-12-02,826.4566040039062,1291.0,1341.469970703125,1291.0,1341.469970703125,664310000.0
2008-12-03,847.5820922851562,1324.0,1324.0,1291.0,1291.0,452400000.0
2008-12-04,857.8246459960938,1340.0,1340.0,1331.7099609375,1337.0,503170000.0
2008-12-05,850.142578125,1328.0,1340.0,1328.0,1340.0,511650000.0
2008-12-08,870.6279907226562,1360.0,1360.0,1328.0,1328.0,413020000.0
2008-12-09,859.1050415039062,1342.0,1360.0,1342.0,1360.0,361780000.0
2008-12-10,871.9083251953125,1362.0,1362.0,1362.0,1362.0,350230000.0
2008-12-11,882.7913818359375,1379.0,1379.0,1366.77001953125,1366.77001953125,312210000.0
2008-12-12,859.7450561523438,1343.0,1380.219970703125,1343.0,1380.219970703125,619050000.0
2008-12-15,895.5947265625,1399.0,1399.0,1394.5699462890625,1394.5699462890625,449000000.0
2008-12-16,868.0673217773438,1356.0,1399.0,1356.0,1399.0,2579300.0
2008-12-17,889.8330078125,1390.0,1390.0,1356.0,1356.0,4750100.0
2008-12-18,947.4481201171876,1480.0,1480.0,1390.0,1390.0,7241700.0
2008-12-19,898.1552734375,1403.0,1481.260009765625,1403.0,1481.260009765625,5331400.0
2008-12-22,917.3602294921876,1433.0,1433.0,1403.0,1403.0,2362600.0
2008-12-24,858.46484375,1341.0,1434.4000244140625,1341.0,1434.4000244140625,3324100.0
2009-01-04,,,,,,
2009-01-05,921.8414916992188,1440.0,1453.0,1420.0,1450.0,1683100.0
2009-01-06,924.4021606445312,1444.0,1449.0,1444.0,1449.0,3377400.0
2009-01-07,944.2471313476562,1475.0,1475.0,1444.0,1444.0,3653000.0
2009-01-08,941.6867065429688,1471.0,1475.0,1471.0,1475.0,3269100.0
2009-01-09,935.284912109375,1461.0,1473.0,1461.0,1473.0,4637100.0
2009-01-13,909.0380249023438,1420.0,1420.0,1420.0,1420.0,8432900.0
2009-01-14,915.4398803710938,1430.0,1430.0,1420.0,1420.0,2990300.0
2009-01-15,898.7955932617188,1404.0,1404.0,1404.0,1404.0,6042000.0
2009-01-16,924.4021606445312,1444.0,1444.0,1404.0,1404.0,4350000.0
2009-01-19,919.9210205078124,1437.0,1444.0,1437.0,1444.0,3403500.0
2009-01-20,910.9586181640624,1423.0,1437.0,1423.0,1437.0,2802600.0
2009-01-21,878.3099975585938,1372.0,1423.0,1372.0,1423.0,9779200.0
2009-01-22,881.5109252929688,1377.0,1377.0,1372.0,1372.0,4493700.0
2009-01-23,816.8538818359375,1276.0,1377.0,1276.0,1377.0,3787700.0
2009-01-26,809.8121337890625,1265.0,1276.0,1265.0,1276.0,3422300.0
2009-01-27,892.3938598632812,1394.0,1394.0,1394.0,1394.0,4030800.0
2009-01-28,910.9586181640624,1423.0,1423.0,1394.0,1394.0,4615500.0
2009-01-29,934.6448364257812,1460.0,1460.0,1460.0,1460.0,4693500.0
2009-01-30,906.4775390625,1416.0,1460.0,1416.0,1460.0,3045800.0
2009-02-02,903.276611328125,1411.0,1416.0,1411.0,1416.0,2518400.0
2009-02-03,919.2807006835938,1436.0,1436.0,1411.0,1411.0,3672800.0
2009-02-04,938.4855346679688,1466.0,1466.0,1436.0,1436.0,4132200.0
2009-02-05,912.8793334960938,1426.0,1466.0,1426.0,1466.0,2323200.0
2009-02-06,933.3645629882812,1458.0,1458.0,1426.0,1426.0,2986000.0
2009-02-09,942.3268432617188,1472.0,1472.0,1458.0,1458.0,3595800.0
2009-02-10,952.5697021484376,1488.0,1535.0,1488.0,1499.0,4379100.0
2009-02-12,950.6488647460938,1485.0,1504.0,1485.0,1504.0,4163100.0
2009-02-13,986.4984130859376,1541.0,1541.0,1485.0,1485.0,5393900.0
2009-02-16,996.7410278320312,1557.0,1557.0,1541.0,1541.0,4232600.0
2009-02-17,992.9002075195312,1551.0,1557.0,1551.0,1557.0,5856400.0
2009-02-18,989.0592651367188,1545.0,1552.0,1545.0,1552.0,4501700.0
2009-02-19,1011.46484375,1580.0,1580.0,1545.0,1545.0,4266400.0
2009-02-20,978.8163452148438,1529.0,1580.0,1529.0,1580.0,5009000.0
2009-02-23,951.2894287109376,1486.0,1531.0,1486.0,1531.0,7581100.0
2009-02-24,965.3729248046876,1508.0,1508.0,1486.0,1486.0,4636200.0
2009-02-25,1056.2769775390625,1650.0,1650.0,1508.0,1508.0,8586700.0
2009-02-26,1069.080078125,1670.0,1689.0,1670.0,1689.0,8219400.0
2009-02-27,1092.7664794921875,1707.0,1707.0,1670.0,1670.0,4481500.0
2009-03-02,1085.0843505859375,1695.0,1707.0,1695.0,1707.0,4247700.0
2009-03-03,1038.9921875,1623.0,1695.0,1623.0,1695.0,5996300.0
2009-03-04,1038.3519287109375,1622.0,1623.0,1622.0,1623.0,4040800.0
2009-03-05,1044.7537841796875,1632.0,1632.0,1622.0,1622.0,3303200.0
2009-03-06,1039.6324462890625,1624.0,1632.0,1624.0,1632.0,3251900.0
2009-03-09,1042.1932373046875,1628.0,1628.0,1624.0,1624.0,3541000.0
2009-03-10,1049.2349853515625,1639.0,1639.0,1639.0,1639.0,3845700.0
2009-03-11,1001.222412109375,1564.0,1618.0,1564.0,1618.0,10214800.0
2009-03-12,919.2807006835938,1436.0,1564.0,1436.0,1564.0,8997300.0
2009-03-13,873.8289794921875,1365.0,1436.0,1365.0,1436.0,11314100.0
2009-03-16,878.9502563476562,1373.0,1373.0,1368.0,1368.0,8929800.0
2009-03-17,917.3602294921876,1433.0,1433.0,1406.0,1406.0,6631300.0
2009-03-18,966.6532592773438,1510.0,1510.0,1433.0,1433.0,6880700.0
2009-03-19,990.9797973632812,1548.0,1548.0,1510.0,1510.0,5296500.0
2009-03-23,998.6615600585938,1560.0,1560.0,1548.0,1548.0,3720300.0
2009-03-24,990.9797973632812,1548.0,1548.0,1548.0,1548.0,5895300.0
2009-03-25,974.9754028320312,1523.0,1523.0,1523.0,1523.0,3850600.0
2009-03-26,967.8869018554688,1502.0,1513.0,1502.0,1513.0,3056900.0
2009-03-27,914.4020385742188,1419.0,1498.0,1419.0,1498.0,4268500.0
2009-03-30,873.160400390625,1355.0,1419.0,1355.0,1419.0,4319900.0
2009-03-31,844.1622924804688,1310.0,1355.0,1310.0,1355.0,4715700.0
2009-04-01,839.0075073242188,1302.0,1310.0,1302.0,1310.0,5319300.0
2009-04-02,877.671142578125,1362.0,1362.0,1302.0,1302.0,4815200.0
2009-04-03,853.8282470703125,1325.0,1365.0,1325.0,1365.0,4138000.0
2009-04-06,857.69482421875,1331.0,1362.0,1331.0,1362.0,3003800.0
2009-04-07,861.561279296875,1337.0,1337.0,1330.0,1330.0,3676300.0
2009-04-08,848.02880859375,1316.0,1316.0,1312.0,1312.0,3390100.0
2009-04-09,894.4254760742188,1388.0,1388.0,1321.0,1321.0,3642600.0
2009-04-10,862.8499755859375,1339.0,1344.0,1339.0,1344.0,3441900.0
2009-04-13,871.8714599609375,1353.0,1353.0,1350.0,1350.0,1980000.0
2009-04-14,862.8499755859375,1339.0,1339.0,1333.0,1333.0,2910000.0
2009-04-15,848.67333984375,1317.0,1339.0,1317.0,1339.0,2225000.0
2009-04-16,848.02880859375,1316.0,1317.0,1316.0,1317.0,2160100.0
2009-04-17,860.9169311523438,1336.0,1336.0,1316.0,1316.0,2822400.0
2009-04-20,871.2272338867188,1352.0,1352.0,1334.0,1334.0,2340100.0
2009-04-21,862.2054443359375,1338.0,1338.0,1316.0,1316.0,2012400.0
2009-04-22,854.4727783203125,1326.0,1346.0279541015625,1326.0,1346.0279541015625,938500.0
2009-04-23,859.6278686523438,1334.0,1334.0,1326.0,1326.0,1743400.0
2009-04-24,849.9620361328125,1319.0,1354.0,1319.0,1354.0,3148800.0
2009-04-27,844.8069458007812,1311.0,1319.0,1311.0,1319.0,3465000.0
2009-04-28,844.8069458007812,1311.0,1311.0,1311.0,1311.0,3685200.0
2009-04-30,848.02880859375,1316.0,1316.0,1311.0,1311.0,2425000.0
2009-05-01,844.1622924804688,1310.0,1310.0,1305.0,1305.0,2836800.0
2009-05-07,915.0462036132812,1420.0,1420.0,1374.0,1374.0,4932200.0
2009-05-08,947.26611328125,1470.0,1470.0,1420.0,1420.0,4970400.0
2009-05-11,953.0657348632812,1479.0,1479.0,1471.0,1471.0,3276800.0
2009-05-12,912.4688110351562,1416.0,1479.0,1416.0,1479.0,2292700.0
2009-05-13,916.3350219726562,1422.0,1422.0,1416.0,1416.0,1910200.0
2009-05-14,895.7142944335938,1390.0,1422.0,1390.0,1422.0,2003800.0
2009-05-15,934.378173828125,1450.0,1450.0,1391.0,1391.0,2328400.0
2009-05-18,902.158203125,1400.0,1450.0,1400.0,1450.0,2150600.0
2009-05-19,922.779052734375,1432.0,1432.0,1431.0,1431.0,2470800.0
2009-05-20,928.5787353515624,1441.0,1441.0,1432.0,1432.0,1310400.0
2009-05-21,926.0011596679688,1437.0,1441.0,1437.0,1441.0,1621900.0
2009-05-22,913.7574462890624,1418.0,1434.0,1418.0,1434.0,1757000.0
2009-05-25,926.6453857421876,1438.0,1438.0,1415.0,1415.0,1489500.0
2009-05-26,916.3350219726562,1422.0,1438.0,1422.0,1438.0,1255100.0
2009-05-27,916.9795532226562,1423.0,1423.0,1422.0,1422.0,2094900.0
2009-05-28,924.0679931640624,1434.0,1434.0,1424.0,1424.0,1872400.0
2009-05-29,920.8458251953124,1429.0,1435.0,1429.0,1435.0,1681300.0
2009-06-01,942.1109619140624,1462.0,1462.0,1431.0,1431.0,2248500.0
2009-06-02,935.0225219726562,1451.0,1463.0,1451.0,1463.0,1830900.0
2009-06-03,927.2899169921876,1439.0,1441.0,1439.0,1441.0,940900.0
2009-06-04,951.7770385742188,1477.0,1477.0,1447.0,1447.0,2131100.0
2009-06-05,965.309326171875,1498.0,1498.0,1467.0,1467.0,1741400.0
2009-06-08,977.5530395507812,1517.0,1517.0,1503.0,1503.0,2297700.0
2009-06-09,950.488037109375,1475.0,1497.0,1475.0,1497.0,1690900.0
2009-06-10,972.3977661132812,1509.0,1509.0,1481.0,1481.0,2042900.0
2009-06-11,958.2210083007812,1487.0,1491.0,1478.0,1488.0,2358100.0
2009-06-12,949.1995849609376,1473.0,1492.0,1472.0,1486.0,3685700.0
2009-06-15,928.5787353515624,1441.0,1463.0,1435.0,1460.0,2759400.0
2009-06-16,891.2036743164062,1383.0,1400.0,1382.0,1396.0,3149200.0
2009-06-17,893.1367797851562,1386.0,1393.0,1375.0,1390.0,1919100.0
2009-06-18,868.6495971679688,1348.0,1352.0,1345.0,1348.0,2000900.0
2009-06-19,895.7142944335938,1390.0,1390.0,1369.0,1371.0,2511800.0
2009-06-22,889.9147338867188,1381.0,1400.0,1377.0,1391.0,1670500.0
2009-06-23,897.6475830078125,1393.0,1396.0,1360.0,1363.0,2513300.0
2009-06-24,877.671142578125,1362.0,1371.0,1360.0,1361.0,1989200.0
2009-06-25,898.2920532226562,1394.0,1399.0,1362.0,1375.0,1310600.0
2009-06-26,891.8480224609375,1384.0,1393.0,1376.0,1384.0,1394000.0
2009-06-29,874.4491577148438,1357.0,1392.0,1345.0,1390.0,1814600.0
2009-06-30,873.8046875,1356.0,1373.0,1348.0,1359.0,1784100.0
2009-07-01,882.181884765625,1369.0,1389.0,1345.0,1350.0,1972100.0
2009-07-02,871.8714599609375,1353.0,1386.0,1349.0,1385.0,1590800.0
2009-07-03,886.0482177734375,1375.0,1376.0,1340.0,1345.0,1757700.0
2009-07-06,883.4706420898438,1371.0,1376.0,1360.0,1365.0,880600.0
2009-07-07,878.3156127929688,1363.0,1384.0,1361.0,1363.0,1481900.0
2009-07-08,868.005126953125,1347.0,1360.0,1344.0,1351.0,1804200.0
2009-07-09,839.6517333984375,1303.0,1346.0,1300.0,1340.0,2261200.0
2009-07-10,837.7184448242188,1300.0,1311.0,1281.0,1304.0,1958900.0
2009-07-13,813.2313232421875,1262.0,1313.0,1260.0,1283.0,1740600.0
2009-07-14,817.7421875,1269.0,1278.0,1255.0,1274.0,2091200.0
2009-07-15,795.1881713867188,1234.0,1265.0,1221.0,1260.0,2174000.0
2009-07-16,806.7872314453125,1252.0,1283.0,1251.0,1264.0,1929900.0
2009-07-17,819.6751098632812,1272.0,1278.0,1243.0,1252.0,1362100.0
2009-07-21,853.8282470703125,1325.0,1325.0,1295.0,1303.0,1717000.0
2009-07-22,862.2054443359375,1338.0,1341.0,1308.0,1325.0,1444900.0
2009-07-23,875.0935668945312,1358.0,1358.0,1318.0,1318.0,1789700.0
2009-07-24,898.2920532226562,1394.0,1397.0,1360.0,1367.0,2921500.0
2009-07-27,911.8242797851562,1415.0,1425.0,1406.0,1420.0,2102100.0
2009-07-28,904.736083984375,1404.0,1424.0,1403.0,1418.0,1283800.0
2009-07-29,888.6260986328125,1379.0,1403.0,1374.0,1399.0,1421900.0
2009-07-30,890.5592651367188,1382.0,1387.0,1355.0,1377.0,1387300.0
2009-07-31,900.8695068359376,1398.0,1398.0,1383.0,1386.0,1374600.0
2009-08-03,921.4904174804688,1430.0,1460.0,1417.0,1418.0,5519700.0
2009-08-04,898.9363403320312,1395.0,1452.0,1395.0,1439.0,3094800.0
2009-08-05,873.8046875,1356.0,1407.0,1355.0,1400.0,2820500.0
2009-08-06,867.36083984375,1346.0,1376.0,1346.0,1376.0,2265400.0
2009-08-07,856.4058837890625,1329.0,1347.0,1304.0,1347.0,3243700.0
2009-08-10,862.8499755859375,1339.0,1350.0,1328.0,1343.0,2570100.0
2009-08-11,862.8499755859375,1339.0,1343.0,1336.0,1336.0,1618900.0
2009-08-12,850.6062622070312,1320.0,1336.0,1315.0,1336.0,2743200.0
2009-08-13,849.9620361328125,1319.0,1330.0,1316.0,1330.0,1826000.0
2009-08-14,857.69482421875,1331.0,1340.0,1321.0,1330.0,2191700.0
2009-08-17,846.0956420898438,1313.0,1329.0,1307.0,1328.0,2326100.0
2009-08-18,847.3843994140625,1315.0,1317.0,1298.0,1300.0,2492300.0
2009-08-19,829.985595703125,1288.0,1312.0,1286.0,1310.0,1956700.0
2009-08-20,830.6300659179688,1289.0,1297.0,1280.0,1280.0,2278300.0
2009-08-21,820.9642944335938,1274.0,1290.0,1268.0,1288.0,1917700.0
2009-08-24,830.6300659179688,1289.0,1298.0,1282.0,1283.0,2387500.0
2009-08-25,821.608642578125,1275.0,1288.0,1275.0,1285.0,1923300.0
2009-08-26,828.0524291992188,1285.0,1288.0,1273.0,1282.0,1653000.0
2009-08-27,816.4532470703125,1267.0,1280.0,1259.0,1276.0,2003300.0
2009-08-28,822.897216796875,1277.0,1277.0,1269.0,1273.0,1637900.0
2009-08-31,817.7421875,1269.0,1292.0,1263.0,1281.0,2623000.0
2009-09-02,810.00927734375,1257.0,1269.0,1250.0,1269.0,3005300.0
2009-09-03,800.9877319335938,1243.0,1256.0,1234.0,1251.0,2088500.0
2009-09-04,783.5889892578125,1216.0,1238.0,1214.0,1235.0,2174600.0
2009-09-07,798.41015625,1239.0,1242.0,1224.0,1236.0,1333700.0
2009-09-08,795.1881713867188,1234.0,1241.0,1221.0,1240.0,1653300.0
2009-09-09,788.7440185546875,1224.0,1239.0,1219.0,1224.0,1677200.0
2009-09-10,807.4315795898438,1253.0,1259.0,1231.0,1233.0,2061600.0
2009-09-11,804.854248046875,1249.0,1268.0,1235.0,1263.0,3058700.0
2009-09-14,789.3884887695312,1225.0,1253.0,1216.0,1245.0,1940600.0
2009-09-15,782.9444580078125,1215.0,1235.0,1203.0,1225.0,2289200.0
2009-09-16,788.7440185546875,1224.0,1250.0,1220.0,1228.0,4800400.0
2009-09-17,775.8562622070312,1204.0,1235.0,1195.0,1228.0,3166900.0
2009-09-18,774.5673828125,1202.0,1206.0,1148.0,1194.0,4220500.0
2009-09-21,774.5673828125,1202.0,1202.0,1202.0,1202.0,0.0
2009-09-24,773.9228515625,1201.0,1225.0,1175.0,1182.0,2727700.0
2009-09-25,730.7481689453125,1134.0,1170.0,1134.0,1157.0,2533400.0
2009-09-28,732.6815795898438,1137.0,1149.0,1107.0,1126.0,2795600.0
2009-09-29,741.0585327148438,1150.0,1155.0,1138.0,1140.0,2286100.0
2009-09-30,744.280517578125,1155.0,1163.0,1136.0,1155.0,1824600.0
2009-10-01,726.8818969726562,1128.0,1144.0,1115.0,1140.0,2323800.0
2009-10-02,713.3495483398438,1107.0,1114.0,1088.0,1088.0,3521500.0
2009-10-05,720.4379272460938,1118.0,1122.0,1100.0,1106.0,2307800.0
2009-10-06,723.659912109375,1123.0,1130.0,1111.0,1125.0,2358100.0
2009-10-07,763.6126098632812,1185.0,1187.0,1132.0,1141.0,5419300.0
2009-10-08,721.7267456054688,1120.0,1143.0,1102.0,1105.0,8731300.0
2009-10-09,726.2374267578125,1127.0,1132.0,1102.0,1124.0,6244000.0
2009-10-13,715.2826538085938,1110.0,1132.0,1104.0,1128.0,3212200.0
2009-10-14,684.3514404296875,1062.0,1102.0,1053.0,1101.0,5242100.0
2009-10-15,697.2394409179688,1082.0,1103.0,1079.0,1096.0,4202800.0
2009-10-16,681.1295776367188,1057.0,1082.0,1043.0,1078.0,4546300.0
2009-10-19,674.6854858398438,1047.0,1062.0,1008.0,1023.0,4708200.0
2009-10-20,673.3968505859375,1045.0,1051.0,1024.0,1048.0,3881400.0
2009-10-21,690.7954711914062,1072.0,1077.0,1036.0,1043.0,4647700.0
2009-10-22,684.9959106445312,1063.0,1065.0,1033.0,1063.0,4415700.0
2009-10-23,656.6423950195312,1019.0,1068.0,1016.0,1064.0,3847100.0
2009-10-26,660.5087280273438,1025.0,1035.0,1010.0,1024.0,2824400.0
2009-10-27,650.1984252929688,1009.0,1034.0,995.0,1007.0,5408500.0
2009-10-28,656.6423950195312,1019.0,1041.0,1015.0,1029.0,5815100.0
2009-10-29,698.5284423828125,1084.0,1093.0,1006.0,1010.0,14143000.0
2009-10-30,706.2612915039062,1096.0,1125.0,1085.0,1101.0,7048700.0
2009-11-02,680.485107421875,1056.0,1095.0,1047.0,1076.0,4648800.0
2009-11-04,672.75244140625,1044.0,1064.0,1027.0,1064.0,2826500.0
2009-11-05,679.8408203125,1055.0,1059.0,1028.0,1029.0,2526700.0
2009-11-06,668.2415771484375,1037.0,1062.0,1025.0,1062.0,2813500.0
2009-11-09,661.7975463867188,1027.0,1042.0,1024.0,1038.0,2583100.0
2009-11-10,662.4420166015625,1028.0,1040.0,1021.0,1033.0,2583700.0
2009-11-11,653.42041015625,1014.0,1037.0,1012.0,1018.0,2862500.0
2009-11-12,650.8427734375,1010.0,1024.0,1002.0,1015.0,2123200.0
2009-11-13,663.7308349609375,1030.0,1030.0,1002.0,1010.0,4412600.0
2009-11-16,637.954833984375,990.0,1039.0,990.0,1019.0,2614900.0
2009-11-17,644.3988647460938,1000.0,1006.0,988.0,1000.0,4144400.0
2009-11-18,620.5559692382812,963.0,1005.0,959.0,1000.0,5122800.0
2009-11-19,625.0668334960938,970.0,993.0,952.0,983.0,6191000.0
2009-11-20,640.5324096679688,994.0,995.0,960.0,960.0,4669400.0
2009-11-24,601.868408203125,934.0,986.0,926.0,984.0,4310400.0
2009-11-25,581.8921508789062,903.0,940.0,890.0,924.0,5229200.0
2009-11-26,578.6701049804688,898.0,907.0,884.0,904.0,5104800.0
2009-11-27,563.2045288085938,874.0,889.0,871.0,880.0,5173100.0
2009-11-30,595.4244995117188,924.0,924.0,901.0,908.0,3762600.0
2009-12-01,621.2005004882812,964.0,966.0,915.0,921.0,5177900.0
2009-12-02,622.4893188476562,966.0,987.0,958.0,965.0,4086800.0
2009-12-03,639.24365234375,992.0,995.0,979.0,989.0,3390500.0
2009-12-04,643.75439453125,999.0,1017.0,999.0,1002.0,4661100.0
2009-12-07,642.4655151367188,997.0,1018.0,988.0,1009.0,2794100.0
2009-12-08,631.5108032226562,980.0,996.0,978.0,987.0,2005000.0
2009-12-09,614.1119995117188,953.0,974.0,947.0,973.0,2420800.0
2009-12-10,611.5345458984375,949.0,969.0,942.0,943.0,2307700.0
2009-12-11,611.5345458984375,949.0,951.0,933.0,944.0,3537000.0
2009-12-14,609.601318359375,946.0,975.0,943.0,950.0,3752000.0
2009-12-15,610.8902587890625,948.0,954.0,939.0,940.0,2320300.0
2009-12-16,632.7996215820312,982.0,1028.0,978.0,1028.0,8052800.0
2009-12-17,625.0668334960938,970.0,987.0,967.0,985.0,2787500.0
2009-12-18,627.6444091796875,974.0,978.0,959.0,978.0,2825000.0
2009-12-21,617.9785766601562,959.0,977.0,959.0,976.0,2108800.0
2009-12-22,617.3341064453125,958.0,963.0,951.0,958.0,2146700.0
2009-12-24,617.3341064453125,958.0,962.0,949.0,959.0,1638400.0
2009-12-25,613.4675903320312,952.0,959.0,950.0,959.0,1045000.0
2009-12-28,612.8232421875,951.0,964.0,951.0,951.0,1264800.0
2009-12-29,605.0904541015625,939.0,939.0,928.0,939.0,1966600.0
2009-12-30,604.4461059570312,938.0,943.0,929.0,929.0,1568500.0
2010-01-04,600.5797729492188,932.0,944.0,930.0,938.0,845200.0
2010-01-05,599.2908325195312,930.0,957.0,926.0,939.0,3689200.0
2010-01-06,623.7780151367188,968.0,968.0,952.0,952.0,3343200.0
2010-01-07,639.8880615234375,993.0,1004.0,968.0,972.0,3432400.0
2010-01-08,652.7759399414062,1013.0,1014.0,994.0,1002.0,3451700.0
2010-01-12,652.7759399414062,1013.0,1021.0,998.0,1008.0,2040100.0
2010-01-13,645.0431518554688,1001.0,1029.0,1000.0,1001.0,1576100.0
2010-01-14,655.353515625,1017.0,1024.0,998.0,999.0,2119200.0
2010-01-15,713.993896484375,1108.0,1121.0,1021.0,1025.0,7954700.0
2010-01-18,690.7954711914062,1072.0,1107.0,1067.0,1098.0,4627500.0
2010-01-19,688.2179565429688,1068.0,1086.0,1060.0,1076.0,2392100.0
2010-01-20,681.7738037109375,1058.0,1084.0,1043.0,1075.0,2758200.0
2010-01-21,713.3495483398438,1107.0,1116.0,1045.0,1050.0,4481400.0
2010-01-22,730.1038818359375,1133.0,1135.0,1073.0,1089.0,7222300.0
2010-01-25,750.7247924804688,1165.0,1174.0,1118.0,1124.0,8947800.0
2010-01-26,706.9055786132812,1097.0,1192.0,1096.0,1166.0,8797300.0
2010-01-27,713.3495483398438,1107.0,1137.0,1097.0,1123.0,6570800.0
2010-01-28,722.37109375,1121.0,1143.0,1109.0,1110.0,4860200.0
2010-01-29,727.526123046875,1129.0,1140.0,1107.0,1110.0,3925500.0
2010-02-01,750.0804443359375,1164.0,1165.0,1131.0,1159.0,4362400.0
2010-02-02,741.7030639648438,1151.0,1194.0,1134.0,1191.0,5920500.0
2010-02-03,715.9270629882812,1111.0,1151.0,1111.0,1142.0,4877900.0
2010-02-04,724.94873046875,1125.0,1138.0,1103.0,1131.0,3113900.0
2010-02-05,684.9959106445312,1063.0,1096.0,1059.0,1083.0,4726900.0
2010-02-08,700.4615478515625,1087.0,1105.0,1050.0,1051.0,5152700.0
2010-02-09,704.972412109375,1094.0,1118.0,1078.0,1090.0,3546800.0
2010-02-10,693.3731689453125,1076.0,1107.0,1076.0,1101.0,2725400.0
2010-02-12,703.0390014648438,1091.0,1093.0,1065.0,1084.0,3077000.0
2010-02-15,692.084228515625,1074.0,1105.0,1068.0,1095.0,2356700.0
2010-02-16,684.9959106445312,1063.0,1075.0,1056.0,1070.0,1999800.0
2010-02-17,713.993896484375,1108.0,1109.0,1076.0,1079.0,3776800.0
2010-02-18,708.1942138671875,1099.0,1120.0,1099.0,1113.0,2325600.0
2010-02-19,692.084228515625,1074.0,1107.0,1074.0,1100.0,2713500.0
2010-02-22,695.3062133789062,1079.0,1105.0,1073.0,1086.0,3436200.0
2010-02-23,695.9506225585938,1080.0,1093.0,1075.0,1093.0,1921100.0
2010-02-24,687.5735473632812,1067.0,1073.0,1058.0,1073.0,2366900.0
2010-02-25,697.8839111328125,1083.0,1088.0,1062.0,1072.0,2689600.0
2010-02-26,692.084228515625,1074.0,1087.0,1068.0,1083.0,2136500.0
2010-03-01,698.5284423828125,1084.0,1098.0,1075.0,1075.0,2350300.0
2010-03-02,696.5950317382812,1081.0,1088.0,1071.0,1081.0,1786800.0
2010-03-03,693.3731689453125,1076.0,1087.0,1072.0,1079.0,1319100.0
2010-03-04,681.7738037109375,1058.0,1087.0,1053.0,1079.0,2101300.0
2010-03-05,691.4398193359375,1073.0,1084.0,1055.0,1059.0,2543100.0
2010-03-08,701.7501831054688,1089.0,1102.0,1083.0,1101.0,3177900.0
2010-03-09,695.9506225585938,1080.0,1096.0,1078.0,1088.0,1570300.0
2010-03-10,703.0390014648438,1091.0,1094.0,1077.0,1077.0,1842300.0
2010-03-11,699.817138671875,1086.0,1098.0,1081.0,1091.0,1546900.0
2010-03-12,707.5498046875,1098.0,1100.0,1087.0,1096.0,2787500.0
2010-03-15,712.7051391601562,1106.0,1134.0,1102.0,1106.0,3526300.0
2010-03-16,726.2374267578125,1127.0,1129.0,1090.0,1100.0,3353700.0
2010-03-17,742.9918823242188,1153.0,1158.0,1137.0,1141.0,4687000.0
2010-03-18,730.1038818359375,1133.0,1158.0,1130.0,1157.0,2569800.0
2010-03-19,732.037109375,1136.0,1145.0,1130.0,1140.0,2067100.0
2010-03-23,723.659912109375,1123.0,1142.0,1123.0,1130.0,1306500.0
2010-03-24,733.9702758789062,1139.0,1142.0,1121.0,1139.0,2454300.0
2010-03-25,729.4593505859375,1132.0,1144.0,1130.0,1144.0,2240200.0
2010-03-26,733.9702758789062,1139.0,1141.0,1129.0,1135.0,2838500.0
2010-03-29,750.8729858398438,1155.0,1159.0,1128.0,1128.0,3303000.0
2010-03-30,774.2769775390625,1191.0,1192.0,1170.0,1176.0,4017300.0
2010-03-31,768.426025390625,1182.0,1193.0,1177.0,1183.0,3680300.0
2010-04-01,754.7735595703125,1161.0,1180.0,1157.0,1180.0,2936800.0
2010-04-02,761.2747192382812,1171.0,1185.0,1165.0,1182.0,2067600.0
2010-04-05,757.3741455078125,1165.0,1181.0,1163.0,1180.0,1559400.0
2010-04-06,763.8751831054688,1175.0,1179.0,1156.0,1170.0,2536300.0
2010-04-07,798.9808959960938,1229.0,1242.0,1182.0,1183.0,7233200.0
2010-04-08,795.73046875,1224.0,1255.0,1216.0,1219.0,4101000.0
2010-04-09,789.8793334960938,1215.0,1235.0,1211.0,1225.0,2653200.0
2010-04-12,794.43017578125,1222.0,1240.0,1220.0,1222.0,3740900.0
2010-04-13,787.9290771484375,1212.0,1222.0,1202.0,1220.0,2708600.0
2010-04-14,779.477783203125,1199.0,1221.0,1198.0,1209.0,3598400.0
2010-04-15,792.4799194335938,1219.0,1227.0,1212.0,1212.0,3248400.0
2010-04-16,777.5272216796875,1196.0,1225.0,1193.0,1225.0,3607000.0
2010-04-19,759.9744873046875,1169.0,1178.0,1158.0,1171.0,3296800.0
2010-04-20,762.574951171875,1173.0,1197.0,1171.0,1176.0,2057800.0
2010-04-21,774.2769775390625,1191.0,1197.0,1183.0,1192.0,2118500.0
2010-04-22,758.6742553710938,1167.0,1185.0,1166.0,1176.0,2862800.0
2010-04-23,763.8751831054688,1175.0,1182.0,1164.0,1174.0,2651800.0
2010-04-26,781.4280395507812,1202.0,1205.0,1182.0,1182.0,2690900.0
2010-04-27,772.9766845703125,1189.0,1198.0,1188.0,1194.0,1729700.0
2010-04-28,758.0241088867188,1166.0,1175.0,1159.0,1170.0,2433200.0
2010-04-30,746.9723510742188,1149.0,1180.0,1149.0,1175.0,2118900.0
2010-05-06,717.7176513671875,1104.0,1125.0,1096.0,1124.0,3408600.0
2010-05-07,691.0631713867188,1063.0,1077.0,1049.0,1050.0,3404800.0
2010-05-10,713.166748046875,1097.0,1099.0,1056.0,1058.0,3306900.0
2010-05-11,693.663818359375,1067.0,1116.0,1064.0,1114.0,3145800.0
2010-05-12,694.3137817382812,1068.0,1079.0,1046.0,1078.0,4586400.0
2010-05-13,727.4692993164062,1119.0,1124.0,1081.0,1089.0,4407200.0
2010-05-14,711.8666381835938,1095.0,1124.0,1094.0,1101.0,2726300.0
2010-05-17,711.216552734375,1094.0,1118.0,1075.0,1079.0,6890000.0
2010-05-18,695.614013671875,1070.0,1100.0,1068.0,1095.0,4594900.0
2010-05-19,696.9141845703125,1072.0,1080.0,1052.0,1058.0,2494800.0
2010-05-20,713.8169555664062,1098.0,1165.0,1094.0,1132.0,10048400.0
2010-05-21,705.3655395507812,1085.0,1092.0,1070.0,1077.0,4631100.0
2010-05-24,716.41748046875,1102.0,1111.0,1084.0,1089.0,4174400.0
2010-05-25,702.114990234375,1080.0,1104.0,1072.0,1102.0,5392800.0
2010-05-26,717.7176513671875,1104.0,1109.0,1077.0,1091.0,10643800.0
2010-05-27,755.4236450195312,1162.0,1166.0,1083.0,1085.0,6788800.0
2010-05-28,747.6224365234375,1150.0,1215.0,1145.0,1190.0,6323700.0
2010-05-31,748.2723999023438,1151.0,1164.0,1141.0,1155.0,3657900.0
2010-06-01,762.574951171875,1173.0,1187.0,1151.0,1153.0,3312900.0
2010-06-02,737.2208862304688,1134.0,1173.0,1133.0,1164.0,4893000.0
2010-06-03,750.8729858398438,1155.0,1159.0,1145.0,1146.0,2273100.0
2010-06-04,744.371826171875,1145.0,1161.0,1140.0,1147.0,2588100.0
2010-06-07,715.7672119140625,1101.0,1125.0,1094.0,1124.0,3279300.0
2010-06-08,700.8148803710938,1078.0,1102.0,1074.0,1095.0,3591700.0
2010-06-09,688.4628295898438,1059.0,1080.0,1050.0,1072.0,4096700.0
2010-06-10,686.5123901367188,1056.0,1067.0,1046.0,1058.0,2942000.0
2010-06-11,705.3655395507812,1085.0,1098.0,1064.0,1081.0,4179300.0
2010-06-14,698.864501953125,1075.0,1096.0,1067.0,1089.0,2436100.0
2010-06-15,719.0177612304688,1106.0,1116.0,1076.0,1089.0,3806600.0
2010-06-16,720.3179321289062,1108.0,1123.0,1100.0,1120.0,2788200.0
2010-06-17,712.516845703125,1096.0,1105.0,1088.0,1097.0,2034000.0
2010-06-18,694.9638061523438,1069.0,1093.0,1063.0,1093.0,2192700.0
2010-06-21,710.56640625,1093.0,1111.0,1090.0,1099.0,3443000.0
2010-06-22,730.7197265625,1124.0,1130.0,1088.0,1093.0,4292600.0
2010-06-23,727.4692993164062,1119.0,1135.0,1110.0,1113.0,3599300.0
2010-06-24,725.5187377929688,1116.0,1143.0,1115.0,1128.0,1887100.0
2010-06-25,726.1690673828125,1117.0,1132.0,1102.0,1115.0,3348000.0
2010-06-28,711.216552734375,1094.0,1120.0,1086.0,1117.0,2113900.0
2010-06-29,707.3158569335938,1088.0,1109.0,1080.0,1103.0,2651800.0
2010-06-30,709.26611328125,1091.0,1094.0,1067.0,1073.0,2739000.0
2010-07-01,697.5643310546875,1073.0,1074.0,1055.0,1072.0,3005300.0
2010-07-02,710.56640625,1093.0,1106.0,1070.0,1077.0,4310200.0
2010-07-05,711.8666381835938,1095.0,1113.0,1088.0,1094.0,3040200.0
2010-07-06,714.4669799804688,1099.0,1103.0,1068.0,1079.0,3662700.0
2010-07-07,689.7630615234375,1061.0,1100.0,1052.0,1088.0,6976900.0
2010-07-08,709.26611328125,1091.0,1092.0,1081.0,1088.0,3174600.0
2010-07-09,698.864501953125,1075.0,1089.0,1063.0,1088.0,3738600.0
2010-07-12,683.2619018554688,1051.0,1069.0,1047.0,1064.0,2754700.0
2010-07-13,677.4108276367188,1042.0,1058.0,1021.0,1047.0,5158100.0
2010-07-14,669.609619140625,1030.0,1060.0,1026.0,1056.0,5018800.0
2010-07-15,633.8538208007812,975.0,1012.0,958.0,1012.0,17909100.0
2010-07-16,624.102294921875,960.0,981.0,953.0,971.0,7661700.0
2010-07-21,618.9014282226562,952.0,965.0,945.0,956.0,3750800.0
2010-07-22,622.1519165039062,957.0,964.0,946.0,947.0,3686100.0
2010-07-23,622.1519165039062,957.0,968.0,953.0,965.0,4988000.0
2010-07-26,607.1994018554688,934.0,972.0,932.0,960.0,4532900.0
2010-07-27,613.050537109375,943.0,951.0,932.0,940.0,5185300.0
2010-07-28,622.802001953125,958.0,967.0,953.0,964.0,5488300.0
2010-07-29,605.8993530273438,932.0,959.0,929.0,958.0,4351200.0
2010-07-30,616.9511108398438,949.0,952.0,925.0,935.0,3895500.0
2010-08-02,603.2988891601562,928.0,950.0,926.0,943.0,3692600.0
2010-08-03,597.4478759765625,919.0,945.0,907.0,936.0,7011500.0
2010-08-04,607.1994018554688,934.0,938.0,909.0,920.0,5695500.0
2010-08-05,611.1000366210938,940.0,945.0,929.0,938.0,2665300.0
2010-08-06,611.1000366210938,940.0,943.0,931.0,933.0,1975200.0
2010-08-09,608.4996948242188,936.0,942.0,931.0,935.0,1675500.0
2010-08-10,604.5989379882812,930.0,940.0,922.0,936.0,2417600.0
2010-08-11,587.6962890625,904.0,925.0,901.0,925.0,2785700.0
2010-08-12,581.1952514648438,894.0,894.0,874.0,889.0,3644400.0
2010-08-13,580.5451049804688,893.0,898.0,876.0,886.0,2675000.0
2010-08-16,577.9446411132812,889.0,895.0,877.0,886.0,2221100.0
2010-08-17,563.642333984375,867.0,876.0,864.0,876.0,3049700.0
2010-08-18,571.443603515625,879.0,883.0,864.0,871.0,4055800.0
2010-08-19,582.495361328125,896.0,897.0,872.0,876.0,3583500.0
2010-08-20,565.5925903320312,870.0,892.0,867.0,885.0,2790000.0
2010-08-23,562.9922485351562,866.0,871.0,857.0,868.0,2471300.0
2010-08-24,564.9425659179688,869.0,878.0,855.0,868.0,2898600.0
2010-08-25,568.8433837890625,875.0,879.0,859.0,866.0,3846200.0
2010-08-26,591.596923828125,910.0,916.0,868.0,877.0,5616200.0
2010-08-27,566.8929443359375,872.0,948.0,866.0,931.0,18002200.0
2010-08-30,568.193115234375,874.0,893.0,869.0,880.0,5594400.0
2010-08-31,540.8886108398438,832.0,871.0,829.0,871.0,5871900.0
2010-09-01,531.787109375,818.0,833.0,811.0,833.0,6243100.0
2010-09-02,520.7352294921875,801.0,830.0,785.0,829.0,7942000.0
2010-09-03,534.3875122070312,822.0,822.0,797.0,805.0,6096900.0
2010-09-06,540.8886108398438,832.0,833.0,803.0,816.0,5275100.0
2010-09-07,536.9879150390625,826.0,844.0,820.0,823.0,4417600.0
2010-09-08,552.5905151367188,850.0,854.0,815.0,818.0,8143800.0
2010-09-09,557.1412963867188,857.0,858.0,839.0,852.0,5591600.0
2010-09-10,564.29248046875,868.0,877.0,860.0,866.0,5178000.0
2010-09-13,559.0916137695312,860.0,874.0,857.0,869.0,5164400.0
2010-09-14,556.4912719726562,856.0,871.0,852.0,857.0,4404600.0
2010-09-16,531.1370849609375,817.0,844.0,805.0,841.0,7822300.0
2010-09-17,535.6876831054688,824.0,844.0,805.0,841.0,4218200.0
2010-09-21,528.5365600585938,813.0,832.0,810.0,824.0,4843800.0
2010-09-22,527.8865356445312,812.0,816.0,807.0,811.0,3659600.0
2010-09-24,524.635986328125,807.0,811.0,800.0,809.0,4625700.0
2010-09-27,510.3336181640625,785.0,804.0,776.0,804.0,7591900.0
2010-09-28,501.8821716308594,772.0,785.0,767.0,784.0,6003400.0
2010-09-29,503.83251953125,775.0,783.0,767.0,769.0,5627300.0
2010-09-30,486.9296569824219,749.0,778.0,741.0,770.0,7760400.0
2010-10-01,474.5776977539063,730.0,748.0,713.0,748.0,11751500.0
2010-10-04,456.3747253417969,702.0,724.0,701.0,722.0,8207600.0
2010-10-05,465.4762268066406,716.0,722.0,690.0,705.0,12612300.0
2010-10-06,460.9254760742188,709.0,723.0,688.0,721.0,13185100.0
2010-10-07,469.3768005371094,722.0,732.0,710.0,710.0,12317800.0
2010-10-08,462.8758850097656,712.0,727.0,711.0,720.0,5968200.0
2010-10-12,457.0248718261719,703.0,728.0,696.0,718.0,8020400.0
2010-10-13,432.3208923339844,665.0,706.0,663.0,702.0,10405500.0
2010-10-14,444.67279052734375,684.0,697.0,657.0,673.0,11814500.0
2010-10-15,438.1717834472656,674.0,683.0,669.0,681.0,6325900.0
2010-10-18,426.46978759765625,656.0,675.0,652.0,668.0,6705600.0
2010-10-19,434.9212036132813,669.0,671.0,656.0,658.0,7491800.0
2010-10-20,419.3186340332031,645.0,669.0,643.0,669.0,9995400.0
2010-10-21,409.567138671875,630.0,641.0,626.0,640.0,10098200.0
2010-10-22,418.6686096191406,644.0,649.0,621.0,625.0,9864000.0
2010-10-25,406.3165588378906,625.0,647.0,623.0,645.0,7982300.0
2010-10-26,404.3662414550781,622.0,627.0,617.0,622.0,6807300.0
2010-10-27,406.3165588378906,625.0,629.0,616.0,627.0,6281300.0
2010-10-28,412.817626953125,635.0,644.0,623.0,625.0,10245200.0
2010-10-29,417.3683471679688,642.0,644.0,623.0,625.0,6971900.0
2010-11-01,392.0142822265625,603.0,642.0,603.0,639.0,12050000.0
2010-11-02,395.9148254394531,609.0,616.0,595.0,605.0,6162400.0
2010-11-04,397.865234375,612.0,627.0,610.0,620.0,6169000.0
2010-11-05,332.8544921875,512.0,525.0,512.0,522.0,24309500.0
2010-11-08,304.2498474121094,468.0,508.0,461.0,507.0,55509000.0
2010-11-09,315.3016357421875,485.0,489.0,471.0,471.0,35858100.0
2010-11-10,304.8999938964844,469.0,489.0,463.0,485.0,28412700.0
2010-11-11,308.1505126953125,474.0,488.0,472.0,478.0,25157800.0
2010-11-12,310.7509460449219,478.0,478.0,464.0,475.0,23844600.0
2010-11-15,300.9992980957031,463.0,491.0,463.0,486.0,27486600.0
2010-11-16,294.4981994628906,453.0,461.0,452.0,461.0,18779800.0
2010-11-17,297.748779296875,458.0,464.0,445.0,448.0,20722000.0
2010-11-18,325.0532531738281,500.0,502.0,458.0,464.0,51342200.0
2010-11-19,329.6039428710937,507.0,529.0,503.0,525.0,47770000.0
2010-11-22,337.4052734375,519.0,540.0,508.0,508.0,41809900.0
2010-11-24,351.0574951171875,540.0,544.0,511.0,513.0,42930700.0
2010-11-25,352.35772705078125,542.0,555.0,531.0,544.0,40049100.0
2010-11-26,343.9064025878906,529.0,552.0,521.0,547.0,20895500.0
2010-11-29,343.2561950683594,528.0,539.0,525.0,529.0,16037700.0
2010-11-30,332.20440673828125,511.0,529.0,507.0,527.0,13761300.0
2010-12-01,344.5564270019531,530.0,531.0,505.0,509.0,17889800.0
2010-12-02,341.30584716796875,525.0,540.0,505.0,509.0,12325600.0
2010-12-03,332.20440673828125,511.0,540.0,505.0,509.0,15404200.0
2010-12-06,336.7551574707031,518.0,522.0,511.0,515.0,11823000.0
2010-12-07,329.6039428710937,507.0,517.0,506.0,515.0,12226800.0
2010-12-08,324.4031982421875,499.0,510.0,494.0,509.0,14943400.0
2010-12-09,334.8048095703125,515.0,520.0,496.0,500.0,27330700.0
2010-12-10,329.6039428710937,507.0,517.0,504.0,511.0,16594500.0
2010-12-13,336.1051025390625,517.0,522.0,506.0,507.0,14549300.0
2010-12-14,336.1051025390625,517.0,520.0,513.0,519.0,10955200.0
2010-12-15,333.504638671875,513.0,518.0,512.0,518.0,8222800.0
2010-12-16,334.1547546386719,514.0,524.0,508.0,511.0,19343900.0
2010-12-17,334.8048095703125,515.0,521.0,515.0,518.0,9289700.0
2010-12-20,330.9042663574219,509.0,519.0,508.0,519.0,8151000.0
2010-12-21,329.6039428710937,507.0,512.0,506.0,510.0,6852900.0
2010-12-22,330.2540588378906,508.0,514.0,507.0,508.0,9869700.0
2010-12-24,327.0035705566406,503.0,508.0,501.0,507.0,6796800.0
2010-12-27,324.4031982421875,499.0,504.0,499.0,504.0,5718700.0
2010-12-28,323.1029052734375,497.0,506.0,497.0,504.0,4685400.0
2010-12-29,323.7531433105469,498.0,503.0,497.0,497.0,5880100.0
2010-12-30,316.6018371582031,487.0,500.0,484.0,500.0,9413800.0
2011-01-04,315.3016357421875,485.0,492.0,483.0,491.0,9617200.0
2011-01-05,311.4010009765625,479.0,483.0,477.0,483.0,9885200.0
2011-01-06,354.3080139160156,545.0,549.0,480.0,483.0,82431800.0
2011-01-07,340.0057373046875,523.0,579.0,517.0,575.0,75475700.0
2011-01-11,315.3016357421875,485.0,514.0,484.0,513.0,34523000.0
2011-01-12,323.1029052734375,497.0,509.0,481.0,486.0,26304600.0
2011-01-13,323.7531433105469,498.0,504.0,497.0,503.0,7501600.0
2011-01-14,319.8523864746094,492.0,502.0,492.0,497.0,7334500.0
2011-01-17,314.0014343261719,483.0,496.0,480.0,494.0,8069100.0
2011-01-18,312.7012023925781,481.0,487.0,479.0,483.0,8944500.0
2011-01-19,311.4010009765625,479.0,485.0,477.0,484.0,7902400.0
2011-01-20,307.5003967285156,473.0,477.0,470.0,477.0,10039700.0
2011-01-21,301.6494445800781,464.0,474.0,462.0,474.0,12533700.0
2011-01-24,303.5997009277344,467.0,470.0,444.0,458.0,41746300.0
2011-01-25,287.9972229003906,443.0,457.0,443.0,450.0,50513400.0
2011-01-26,290.5976257324219,447.0,452.0,442.0,443.0,25814900.0
2011-01-27,276.94537353515625,426.0,434.0,423.0,430.0,12640720.0
2011-01-28,277.5954895019531,427.0,429.0,424.0,427.0,42285000.0
2011-01-31,274.9950866699219,423.0,426.0,421.0,425.0,56038900.0
2011-02-01,282.7962951660156,435.0,435.0,423.0,426.0,17478280.0
2011-02-02,281.4961242675781,433.0,438.0,430.0,436.0,34802900.0
2011-02-03,280.84600830078125,432.0,436.0,428.0,435.0,30904700.0
2011-02-04,280.84600830078125,432.0,434.0,429.0,434.0,23629400.0
2011-02-07,283.44647216796875,436.0,438.0,432.0,435.0,40535300.0
2011-02-08,281.4961242675781,433.0,437.0,431.0,436.0,46519900.0
2011-02-09,275.64520263671875,424.0,433.0,419.0,432.0,50285800.0
2011-02-10,275.64520263671875,424.0,426.0,420.0,421.0,27671700.0
2011-02-14,274.3449401855469,422.0,426.0,419.0,424.0,31656200.0
2011-02-15,274.9950866699219,423.0,426.0,421.0,422.0,23222600.0
2011-02-16,289.947509765625,446.0,449.0,423.0,424.0,124333000.0
2011-02-17,297.09869384765625,457.0,461.0,448.0,453.0,119064300.0
2011-02-18,295.1483459472656,454.0,457.0,450.0,456.0,79980300.0
2011-02-21,292.5478515625,450.0,461.0,447.0,459.0,80788900.0
2011-02-22,280.84600830078125,432.0,448.0,427.0,447.0,82930100.0
2011-02-23,284.0965576171875,437.0,447.0,427.0,427.0,52455400.0
2011-02-24,284.7466735839844,438.0,449.0,435.0,436.0,52135100.0
2011-02-25,288.6473083496094,444.0,446.0,439.0,446.0,21794700.0
2011-02-28,289.947509765625,446.0,446.0,441.0,445.0,23369000.0
2011-03-01,289.29736328125,445.0,450.0,443.0,447.0,31509600.0
2011-03-02,282.7962951660156,435.0,442.0,433.0,440.0,22885400.0
2011-03-03,284.0965576171875,437.0,439.0,434.0,437.0,13503400.0
2011-03-04,286.04693603515625,440.0,444.0,439.0,444.0,15072000.0
2011-03-07,283.44647216796875,436.0,439.0,433.0,438.0,12870600.0
2011-03-08,287.3470458984375,442.0,445.0,437.0,438.0,23348800.0
2011-03-09,289.29736328125,445.0,449.0,441.0,448.0,35173100.0
2011-03-10,285.3967590332031,439.0,444.0,435.0,444.0,21353800.0
2011-03-11,280.84600830078125,432.0,438.0,431.0,433.0,29171900.0
2011-03-14,259.3924560546875,399.0,410.0,390.0,400.0,92616700.0
2011-03-15,228.18736267089844,351.0,386.0,319.0,383.0,89078400.0
2011-03-16,245.0901794433593,377.0,378.0,365.0,375.0,46546900.0
2011-03-17,238.5890655517578,367.0,370.0,356.0,356.0,33894500.0
2011-03-18,244.4400329589844,376.0,378.0,370.0,371.0,29123700.0
2011-03-22,256.7920227050781,395.0,398.0,385.0,390.0,39129900.0
2011-03-23,263.9432678222656,406.0,414.0,392.0,396.0,48514400.0
2011-03-24,263.2930603027344,405.0,409.0,401.0,405.0,23436800.0
2011-03-25,262.64306640625,404.0,410.0,399.0,410.0,17582100.0
2011-03-28,262.64306640625,404.0,405.0,395.0,402.0,22259800.0
2011-03-29,261.9730529785156,391.0,399.0,388.0,390.0,19591100.0
2011-03-30,261.9730529785156,391.0,392.0,382.0,391.0,17639800.0
2011-03-31,265.3230895996094,396.0,403.0,394.0,398.0,15870000.0
2011-04-01,263.9830322265625,394.0,402.0,393.0,397.0,18145300.0
2011-04-04,263.9830322265625,394.0,399.0,391.0,398.0,12143600.0
2011-04-05,260.6329345703125,389.0,395.0,383.0,395.0,11408700.0
2011-04-06,257.282958984375,384.0,388.0,381.0,385.0,15752900.0
2011-04-07,257.282958984375,384.0,390.0,384.0,385.0,15133400.0
2011-04-08,261.302978515625,390.0,393.0,383.0,385.0,15973400.0
2011-04-11,260.6329345703125,389.0,391.0,386.0,388.0,9568200.0
2011-04-12,259.2929992675781,387.0,389.0,385.0,386.0,11513500.0
2011-04-13,259.9630126953125,388.0,390.0,384.0,385.0,14011400.0
2011-04-14,260.6329345703125,389.0,389.0,383.0,388.0,10971200.0
2011-04-15,255.2729339599609,381.0,389.0,380.0,387.0,13707100.0
2011-04-18,252.59288024902344,377.0,382.0,376.0,381.0,10126300.0
2011-04-19,251.25289916992188,375.0,378.0,373.0,374.0,11717700.0
2011-04-20,255.9429473876953,382.0,385.0,378.0,382.0,10659200.0
2011-04-21,255.2729339599609,381.0,386.0,380.0,383.0,6801500.0
2011-04-22,254.60292053222656,380.0,382.0,376.0,379.0,8262400.0
2011-04-25,257.282958984375,384.0,386.0,379.0,379.0,7976300.0
2011-04-26,253.2629547119141,378.0,383.0,376.0,382.0,8247200.0
2011-04-27,254.60292053222656,380.0,384.0,378.0,382.0,9963900.0
2011-04-28,255.9429473876953,382.0,383.0,378.0,382.0,9806900.0
2011-05-02,263.31304931640625,393.0,394.0,386.0,387.0,12308500.0
2011-05-06,261.9730529785156,391.0,397.0,390.0,390.0,8713200.0
2011-05-09,261.9730529785156,391.0,397.0,389.0,393.0,8324400.0
2011-05-10,261.9730529785156,391.0,395.0,388.0,391.0,8370400.0
2011-05-11,259.9630126953125,388.0,394.0,387.0,394.0,6681400.0
2011-05-12,255.9429473876953,382.0,388.0,381.0,386.0,9923000.0
2011-05-13,252.59288024902344,377.0,384.0,371.0,381.0,15613700.0
2011-05-16,247.23280334472656,369.0,376.0,365.0,375.0,15996500.0
2011-05-17,248.5727996826172,371.0,373.0,366.0,370.0,10129400.0
2011-05-18,251.25289916992188,375.0,377.0,370.0,371.0,11739400.0
2011-05-19,247.23280334472656,369.0,378.0,367.0,374.0,9220200.0
2011-05-20,247.23280334472656,369.0,373.0,366.0,367.0,8855200.0
2011-05-23,243.2127990722656,363.0,368.0,363.0,366.0,9178500.0
2011-05-24,237.18272399902344,354.0,358.0,350.0,357.0,20704200.0
2011-05-25,237.85272216796875,355.0,359.0,351.0,353.0,11266300.0
2011-05-26,236.51271057128903,353.0,355.0,351.0,354.0,6719600.0
2011-05-27,236.51271057128903,353.0,355.0,348.0,350.0,14030300.0
2011-05-30,234.502685546875,350.0,351.0,347.0,348.0,7844800.0
2011-05-31,240.53277587890625,359.0,359.0,351.0,351.0,17905000.0
2011-06-01,240.53277587890625,359.0,361.0,355.0,359.0,9962000.0
2011-06-02,236.51271057128903,353.0,354.0,349.0,353.0,10117700.0
2011-06-03,234.502685546875,350.0,355.0,349.0,351.0,8822500.0
2011-06-06,231.15261840820312,345.0,350.0,341.0,349.0,11012800.0
2011-06-07,231.8227081298828,346.0,348.0,341.0,344.0,9428400.0
2011-06-08,236.51271057128903,353.0,356.0,348.0,349.0,10955000.0
2011-06-09,235.8427276611328,352.0,356.0,350.0,355.0,7173500.0
2011-06-10,233.8327178955078,349.0,353.0,343.0,350.0,18639700.0
2011-06-13,235.17271423339844,351.0,355.0,347.0,349.0,9998000.0
2011-06-14,239.1927185058593,357.0,362.0,351.0,351.0,13432900.0
2011-06-15,241.87277221679688,361.0,366.0,360.0,362.0,8300300.0
2011-06-16,239.1927185058593,357.0,361.0,356.0,356.0,5146600.0
2011-06-17,239.1927185058593,357.0,359.0,353.0,359.0,5894300.0
2011-06-20,243.8828582763672,364.0,369.0,361.0,363.0,12564400.0
2011-06-21,242.5428009033203,362.0,365.0,357.0,364.0,6562800.0
2011-06-22,244.5528106689453,365.0,368.0,362.0,362.0,7881800.0
2011-06-23,245.892822265625,367.0,372.0,365.0,366.0,9093100.0
2011-06-24,249.91287231445312,373.0,376.0,368.0,370.0,12135700.0
2011-06-27,247.23280334472656,369.0,374.0,365.0,373.0,9155800.0
2011-06-28,246.5628662109375,368.0,374.0,366.0,372.0,5793400.0
2011-06-29,251.25289916992188,375.0,375.0,369.0,370.0,7151900.0
2011-06-30,253.2629547119141,378.0,381.0,374.0,379.0,18002600.0
2011-07-01,253.2629547119141,378.0,382.0,376.0,381.0,7787500.0
2011-07-04,258.6229858398437,386.0,392.0,382.0,382.0,13479400.0
2011-07-05,267.3330993652344,399.0,402.0,389.0,390.0,30006400.0
2011-07-06,268.0030517578125,400.0,401.0,396.0,397.0,18175900.0
2011-07-07,271.35308837890625,405.0,409.0,399.0,401.0,25450200.0
2011-07-08,276.043212890625,412.0,414.0,409.0,410.0,19947100.0
2011-07-11,273.3631591796875,408.0,411.0,406.0,410.0,11757800.0
2011-07-12,267.3330993652344,399.0,401.0,394.0,400.0,17335100.0
2011-07-13,264.6529846191406,395.0,400.0,395.0,396.0,12329600.0
2011-07-14,261.302978515625,390.0,396.0,388.0,395.0,12977400.0
2011-07-15,259.9630126953125,388.0,394.0,386.0,389.0,10370300.0
2011-07-19,255.9429473876953,382.0,384.0,379.0,382.0,12343600.0
2011-07-20,258.6229858398437,386.0,391.0,386.0,389.0,6858800.0
2011-07-21,259.9630126953125,388.0,390.0,386.0,386.0,7765100.0
2011-07-22,265.3230895996094,396.0,399.0,395.0,395.0,9578100.0
2011-07-25,261.9730529785156,391.0,395.0,388.0,393.0,7924100.0
2011-07-26,259.2929992675781,387.0,391.0,383.0,390.0,15049200.0
2011-07-27,259.9630126953125,388.0,391.0,381.0,386.0,12850100.0
2011-07-28,257.282958984375,384.0,387.0,382.0,383.0,8213100.0
2011-07-29,255.9429473876953,382.0,387.0,379.0,380.0,16714400.0
2011-08-01,268.6730651855469,401.0,409.0,398.0,400.0,33650700.0
2011-08-02,267.3330993652344,399.0,406.0,397.0,400.0,11076400.0
2011-08-03,261.9730529785156,391.0,394.0,386.0,393.0,10096900.0
2011-08-04,260.6329345703125,389.0,397.0,388.0,392.0,8975200.0
2011-08-05,254.60292053222656,380.0,382.0,372.0,374.0,11644200.0
2011-08-08,249.2428741455078,372.0,376.0,369.0,373.0,13119700.0
2011-08-09,243.2127990722656,363.0,363.0,352.0,355.0,21144900.0
2011-08-10,241.87277221679688,361.0,361.0,361.0,361.0,15421500.0
2011-08-11,237.85272216796875,355.0,358.0,351.0,351.0,16674000.0
2011-08-12,237.85272216796875,355.0,355.0,355.0,355.0,17478600.0
2011-08-15,238.52276611328125,356.0,359.0,352.0,356.0,7746800.0
2011-08-16,238.52276611328125,356.0,361.0,353.0,359.0,11403100.0
2011-08-17,237.85272216796875,355.0,355.0,349.0,351.0,12229400.0
2011-08-18,237.85272216796875,355.0,355.0,355.0,355.0,7308400.0
2011-08-19,225.7925720214844,337.0,341.0,332.0,340.0,20581500.0
2011-08-22,225.7925720214844,337.0,341.0,334.0,337.0,12525700.0
2011-08-23,230.482650756836,344.0,346.0,339.0,340.0,19953400.0
2011-08-24,225.7925720214844,337.0,346.0,335.0,343.0,13659900.0
2011-08-25,226.4626007080078,338.0,343.0,336.0,339.0,14989000.0
2011-08-26,226.4626007080078,338.0,341.0,336.0,338.0,7166200.0
2011-08-29,228.4726104736328,341.0,344.0,337.0,341.0,9754800.0
2011-08-30,232.4821319580078,346.9843139648437,350.0,344.0,344.0,12987400.0
2011-08-31,230.87667846679688,344.5881042480469,346.0,342.0,343.0,10603800.0
2011-09-01,235.17271423339844,351.0,353.0,348.0,349.0,9412700.0
2011-09-02,232.9145355224609,347.6296081542969,351.0,346.0,349.0,9090400.0
2011-09-05,223.588607788086,333.71051025390625,341.0,333.0,340.0,10879400.0
2011-09-06,218.42251586914065,326.0,336.0,325.0,335.0,10906400.0
2011-09-07,221.10260009765625,330.0,332.0,326.0,329.0,7403600.0
2011-09-08,219.7625427246093,328.0,335.0,326.0,333.0,9915900.0
2011-09-09,218.42251586914065,326.0,331.0,325.0,325.0,8534800.0
2011-09-12,218.42251586914065,326.0,328.0,319.0,321.0,6605600.0
2011-09-13,221.2789306640625,330.2633056640625,335.0,323.0,328.0,13352200.0
2011-09-14,219.7625427246093,328.0,332.0,326.0,330.0,9341100.0
2011-09-15,223.69520568847656,333.8695983886719,337.0,328.0,330.0,9841200.0
2011-09-16,235.17271423339844,351.0,354.0,343.0,345.0,17477000.0
2011-09-20,229.1426696777344,342.0,347.0,341.0,346.0,4498000.0
2011-09-21,232.4926605224609,347.0,354.0,343.0,344.0,10046200.0
2011-09-22,233.8327178955078,349.0,353.0,343.0,345.0,12512200.0
2011-09-26,229.8126373291016,343.0,353.0,341.0,350.0,10903900.0
2011-09-27,236.51271057128903,353.0,357.0,347.0,348.0,15593800.0
2011-09-28,241.2028045654297,360.0,365.0,351.0,353.0,13423700.0
2011-09-29,247.23280334472656,369.0,372.0,356.0,356.0,12709000.0
2011-09-30,249.2428741455078,372.0,386.0,369.0,373.0,26322800.0
2011-10-03,242.5428009033203,362.0,364.0,349.0,363.0,16220700.0
2011-10-04,235.17271423339844,351.0,358.0,349.0,356.0,11555700.0
2011-10-05,233.8327178955078,349.0,356.0,347.0,354.0,12164700.0
2011-10-06,237.85272216796875,355.0,366.0,352.0,354.0,15023900.0
2011-10-07,239.1927185058593,357.0,363.0,355.0,361.0,13143300.0
2011-10-11,238.52276611328125,356.0,367.0,354.0,367.0,17065400.0
2011-10-12,229.1426696777344,342.0,351.0,339.0,350.0,26841500.0
2011-10-13,230.482650756836,344.0,347.0,342.0,345.0,19745400.0
2011-10-14,228.4726104736328,341.0,343.0,337.0,340.0,21932800.0
2011-10-17,227.8026580810547,340.0,343.0,337.0,342.0,14716100.0
2011-10-18,225.7925720214844,337.0,339.0,334.0,337.0,7933200.0
2011-10-19,224.4525756835937,335.0,338.0,334.0,337.0,6964000.0
2011-10-20,224.4525756835937,335.0,339.0,333.0,335.0,9137600.0
2011-10-21,221.10260009765625,330.0,335.0,328.0,334.0,11373900.0
2011-10-24,225.7925720214844,337.0,339.0,331.0,333.0,9871600.0
2011-10-25,221.10260009765625,330.0,337.0,328.0,336.0,11890400.0
2011-10-26,223.11257934570312,333.0,336.0,328.0,332.0,11785700.0
2011-10-27,231.15261840820312,345.0,347.0,335.0,336.0,23122900.0
2011-10-28,235.17271423339844,351.0,355.0,348.0,350.0,33152000.0
2011-10-31,237.85272216796875,355.0,362.0,350.0,352.0,23549600.0
2011-11-01,239.1927185058593,357.0,362.0,356.0,357.0,17536200.0
2011-11-02,236.51271057128903,353.0,355.0,347.0,351.0,10404200.0
2011-11-04,236.51271057128903,353.0,355.0,345.0,354.0,8685200.0
2011-11-07,235.8427276611328,352.0,357.0,350.0,355.0,6447500.0
2011-11-08,233.1626739501953,348.0,356.0,345.0,350.0,6133200.0
2011-11-09,236.51271057128903,353.0,354.0,343.0,348.0,10490100.0
2011-11-10,234.502685546875,350.0,350.0,340.0,340.0,10377500.0
2011-11-11,230.482650756836,344.0,347.0,340.0,345.0,6619800.0
2011-11-14,231.8227081298828,346.0,351.0,344.0,348.0,7029800.0
2011-11-15,229.8126373291016,343.0,348.0,341.0,344.0,5707800.0
2011-11-16,229.1426696777344,342.0,344.0,340.0,343.0,4355700.0
2011-11-17,229.1426696777344,342.0,342.0,335.0,339.0,7772900.0
2011-11-18,225.7925720214844,337.0,340.0,333.0,339.0,7023200.0
2011-11-21,224.4525756835937,335.0,337.0,332.0,333.0,3568600.0
2011-11-22,225.1226348876953,336.0,336.0,332.0,333.0,5030900.0
2011-11-24,221.7725067138672,331.0,335.0,327.0,331.0,7923600.0
2011-11-25,220.4325256347656,329.0,334.0,326.0,328.0,7461500.0
2011-11-28,225.7925720214844,337.0,339.0,332.0,335.0,9608900.0
2011-11-29,227.8026580810547,340.0,341.0,333.0,337.0,6562800.0
2011-11-30,227.13259887695312,339.0,343.0,336.0,338.0,10047800.0
2011-12-01,230.482650756836,344.0,349.0,342.0,347.0,7672800.0
2011-12-02,230.482650756836,344.0,347.0,342.0,346.0,6228000.0
2011-12-05,235.17271423339844,351.0,355.0,345.0,347.0,11794800.0
2011-12-06,230.482650756836,344.0,353.0,344.0,348.0,10263000.0
2011-12-07,237.85272216796875,355.0,358.0,346.0,346.0,13589700.0
2011-12-08,235.8427276611328,352.0,358.0,351.0,353.0,7251100.0
2011-12-09,233.1626739501953,348.0,351.0,344.0,347.0,9796500.0
2011-12-12,235.17271423339844,351.0,353.0,348.0,351.0,9263700.0
2011-12-13,231.15261840820312,345.0,350.0,345.0,346.0,6283500.0
2011-12-14,230.482650756836,344.0,346.0,342.0,345.0,5662300.0
2011-12-15,229.1426696777344,342.0,344.0,340.0,342.0,6469700.0
2011-12-16,231.15261840820312,345.0,346.0,341.0,343.0,7981400.0
2011-12-19,227.13259887695312,339.0,347.0,336.0,346.0,8048700.0
2011-12-20,225.1226348876953,336.0,339.0,335.0,338.0,4745200.0
2011-12-21,227.13259887695312,339.0,339.0,336.0,338.0,5525900.0
2011-12-22,227.8026580810547,340.0,342.0,337.0,338.0,7539700.0
2011-12-26,227.13259887695312,339.0,345.0,338.0,344.0,3649100.0
2011-12-27,225.7925720214844,337.0,338.0,335.0,336.0,5173900.0
2011-12-28,223.7825927734375,334.0,338.0,333.0,337.0,2785800.0
2011-12-29,225.1226348876953,336.0,338.0,334.0,335.0,3785900.0
2011-12-30,227.13259887695312,339.0,339.0,336.0,338.0,3859900.0
2012-01-04,232.4926605224609,347.0,352.0,341.0,342.0,8946900.0
2012-01-05,229.8126373291016,343.0,348.0,340.0,347.0,9204500.0
2012-01-06,229.8126373291016,343.0,346.0,340.0,343.0,6745700.0
2012-01-10,229.8126373291016,343.0,346.0,341.0,345.0,7037200.0
2012-01-11,229.8126373291016,343.0,344.0,341.0,343.0,5017800.0
2012-01-12,229.8126373291016,343.0,344.0,341.0,344.0,6712200.0
2012-01-13,228.4726104736328,341.0,344.0,340.0,342.0,6574400.0
2012-01-16,224.4525756835937,335.0,337.0,335.0,336.0,5541600.0
2012-01-17,224.4525756835937,335.0,336.0,331.0,334.0,8858700.0
2012-01-18,223.11257934570312,333.0,337.0,332.0,334.0,14863300.0
2012-01-19,224.4525756835937,335.0,340.0,334.0,335.0,16128700.0
2012-01-20,231.8227081298828,346.0,348.0,339.0,341.0,21094300.0
2012-01-23,232.4926605224609,347.0,351.0,346.0,348.0,11002400.0
2012-01-24,231.8227081298828,346.0,354.0,345.0,350.0,11022100.0
2012-01-25,231.8227081298828,346.0,349.0,344.0,346.0,11477800.0
2012-01-26,231.8227081298828,346.0,351.0,346.0,347.0,15791900.0
2012-01-27,230.482650756836,344.0,346.0,341.0,344.0,13944300.0
2012-01-30,228.4726104736328,341.0,344.0,340.0,342.0,8434000.0
2012-01-31,227.13259887695312,339.0,344.0,338.0,339.0,12115000.0
2012-02-01,227.13259887695312,339.0,342.0,336.0,337.0,14615500.0
2012-02-02,234.502685546875,350.0,353.0,343.0,345.0,20983000.0
2012-02-03,231.8227081298828,346.0,352.0,345.0,349.0,8597700.0
2012-02-06,233.8327178955078,349.0,354.0,348.0,353.0,7337700.0
2012-02-07,236.51271057128903,353.0,355.0,350.0,351.0,10363000.0
2012-02-08,239.8627777099609,358.0,359.0,352.0,355.0,15437500.0
2012-02-09,243.8828582763672,364.0,366.0,356.0,359.0,18203300.0
2012-02-10,239.8627777099609,358.0,364.0,356.0,363.0,14783600.0
2012-02-13,242.5428009033203,362.0,362.0,355.0,355.0,14396700.0
2012-02-14,242.5428009033203,362.0,364.0,357.0,361.0,14019400.0
2012-02-15,247.9029083251953,370.0,371.0,362.0,363.0,23657500.0
2012-02-16,244.5528106689453,365.0,371.0,364.0,368.0,13361500.0
2012-02-17,249.2428741455078,372.0,373.0,367.0,371.0,14332900.0
2012-02-20,251.9229431152344,376.0,381.0,375.0,377.0,18589600.0
2012-02-21,251.9229431152344,376.0,381.0,375.0,378.0,9272100.0
2012-02-22,257.95294189453125,385.0,389.0,377.0,378.0,16264900.0
2012-02-23,261.302978515625,390.0,393.0,380.0,385.0,20735800.0
2012-02-24,263.31304931640625,393.0,397.0,388.0,389.0,21251800.0
2012-02-27,261.9730529785156,391.0,400.0,390.0,399.0,17932800.0
2012-02-28,260.6329345703125,389.0,390.0,383.0,386.0,12724800.0
2012-02-29,260.6329345703125,389.0,395.0,387.0,393.0,15306600.0
2012-03-01,260.6329345703125,389.0,395.0,386.0,389.0,11759400.0
2012-03-02,261.9730529785156,391.0,394.0,390.0,393.0,10740300.0
2012-03-05,260.6329345703125,389.0,395.0,387.0,393.0,8287000.0
2012-03-06,259.2929992675781,387.0,389.0,382.0,387.0,11148800.0
2012-03-07,257.282958984375,384.0,385.0,378.0,378.0,11908800.0
2012-03-08,261.9730529785156,391.0,394.0,386.0,387.0,15531800.0
2012-03-09,264.6529846191406,395.0,397.0,391.0,395.0,18783900.0
2012-03-12,262.64306640625,392.0,398.0,391.0,398.0,9206100.0
2012-03-13,262.64306640625,392.0,397.0,391.0,391.0,15679400.0
2012-03-14,268.6730651855469,401.0,404.0,399.0,399.0,14538800.0
2012-03-15,268.0030517578125,400.0,404.0,398.0,404.0,12668400.0
2012-03-16,274.0331726074219,409.0,409.0,399.0,401.0,16173200.0
2012-03-19,278.0531311035156,415.0,419.0,411.0,412.0,17246300.0
2012-03-21,274.70318603515625,410.0,417.0,410.0,415.0,14629700.0
2012-03-22,273.3631591796875,408.0,416.0,406.0,408.0,14244200.0
2012-03-23,271.35308837890625,405.0,408.0,404.0,405.0,7948500.0
2012-03-26,270.0130615234375,403.0,409.0,403.0,408.0,10946300.0
2012-03-27,272.6931457519531,407.0,410.0,404.0,407.0,19085800.0
2012-03-28,272.0028076171875,394.0,398.0,392.0,395.0,12681000.0
2012-03-29,266.4798583984375,386.0,395.0,385.0,395.0,12815100.0
2012-03-30,263.028076171875,381.0,388.0,380.0,388.0,12925000.0
2012-04-02,265.7894897460937,385.0,391.0,384.0,389.0,10651100.0
2012-04-03,262.3376770019531,380.0,386.0,379.0,385.0,9631200.0
2012-04-04,258.1955261230469,374.0,380.0,373.0,378.0,10670600.0
2012-04-05,254.74371337890625,369.0,372.0,365.0,369.0,15081300.0
2012-04-06,253.3629913330078,367.0,370.0,365.0,367.0,7312200.0
2012-04-09,248.530502319336,360.0,365.0,360.0,361.0,8882500.0
2012-04-10,249.2207946777344,361.0,365.0,359.0,363.0,11788100.0
2012-04-11,246.45936584472656,357.0,359.0,353.0,355.0,11856400.0
2012-04-12,248.530502319336,360.0,363.0,355.0,356.0,13584300.0
2012-04-13,251.2919158935547,364.0,366.0,361.0,363.0,13552000.0
2012-04-16,245.76907348632807,356.0,359.0,354.0,359.0,6593900.0
2012-04-17,245.07864379882807,355.0,358.0,353.0,356.0,8043100.0
2012-04-18,250.6015167236328,363.0,364.0,360.0,360.0,9755400.0
2012-04-19,247.84011840820312,359.0,361.0,356.0,358.0,13445600.0
2012-04-20,243.007553100586,352.0,357.0,348.0,356.0,12240700.0
2012-04-23,240.9364776611328,349.0,354.0,348.0,352.0,5529700.0
2012-04-24,237.48468017578125,344.0,348.0,342.0,348.0,12365600.0
2012-04-25,237.48468017578125,344.0,349.0,343.0,346.0,7349800.0
2012-04-26,236.1039428710937,342.0,347.0,340.0,347.0,8708100.0
2012-04-27,235.4135284423828,341.0,348.0,337.0,342.0,16225900.0
2012-05-01,232.652099609375,337.0,344.0,337.0,341.0,11670100.0
2012-05-02,234.7231903076172,340.0,343.0,337.0,340.0,7362300.0
2012-05-07,227.8196258544922,330.0,335.0,329.0,332.0,10610600.0
2012-05-08,228.5099029541016,331.0,333.0,327.0,332.0,9728100.0
2012-05-09,227.1292266845703,329.0,332.0,328.0,330.0,8102500.0
2012-05-10,227.8196258544922,330.0,336.0,328.0,328.0,8327900.0
2012-05-11,227.1292266845703,329.0,333.0,325.0,330.0,8726500.0
2012-05-14,217.4641265869141,315.0,325.0,312.0,325.0,17787900.0
2012-05-15,211.94126892089844,307.0,309.0,300.0,308.0,15400000.0
2012-05-16,207.799057006836,301.0,308.0,298.0,305.0,12614400.0
2012-05-17,211.2508850097656,306.0,309.0,298.0,298.0,14753000.0
2012-05-18,209.1798095703125,303.0,307.0,300.0,300.0,14570100.0
2012-05-21,207.799057006836,301.0,309.0,301.0,304.0,10214000.0
2012-05-22,210.5605010986328,305.0,306.0,301.0,303.0,7414000.0
2012-05-23,204.3472442626953,296.0,303.0,296.0,302.0,16164000.0
2012-05-24,206.4183349609375,299.0,301.0,294.0,295.0,11675400.0
2012-05-25,205.0376434326172,297.0,303.0,295.0,302.0,9521100.0
2012-05-28,205.0376434326172,297.0,299.0,293.0,298.0,6312700.0
2012-05-29,205.7279815673828,298.0,299.0,293.0,295.0,8745800.0
2012-05-30,202.966537475586,294.0,298.0,293.0,298.0,8310400.0
2012-05-31,203.6568756103516,295.0,296.0,290.0,291.0,10080400.0
2012-06-01,200.205078125,290.0,295.0,288.0,293.0,11600000.0
2012-06-04,194.6821746826172,282.0,282.0,278.0,280.0,10641700.0
2012-06-05,198.134017944336,287.0,289.0,280.0,280.0,9273200.0
2012-06-06,201.5858154296875,292.0,294.0,287.0,289.0,9008100.0
2012-06-07,201.5858154296875,292.0,292.0,292.0,292.0,11815700.0
2012-06-08,199.51467895507807,289.0,297.0,287.0,296.0,13152700.0
2012-06-11,203.6568756103516,295.0,298.0,293.0,295.0,7194700.0
2012-06-12,201.5858154296875,292.0,292.0,289.0,290.0,8012900.0
2012-06-13,202.27618408203125,293.0,294.0,289.0,293.0,7049900.0
2012-06-14,202.27618408203125,293.0,293.0,289.0,291.0,8887200.0
2012-06-15,208.48947143554688,302.0,303.0,293.0,294.0,17324500.0
2012-06-18,214.70265197753903,311.0,317.0,309.0,309.0,12951900.0
2012-06-19,209.1798095703125,303.0,309.0,303.0,309.0,11983200.0
2012-06-20,211.94126892089844,307.0,311.0,305.0,307.0,13520200.0
2012-06-21,215.3930206298828,312.0,316.0,308.0,310.0,15764600.0
2012-06-22,216.0834350585937,313.0,316.0,306.0,309.0,9651800.0
2012-06-25,215.3930206298828,312.0,318.0,310.0,317.0,5967500.0
2012-06-26,212.63162231445312,308.0,312.0,303.0,309.0,8381600.0
2012-06-27,215.3930206298828,312.0,313.0,306.0,309.0,8790100.0
2012-06-28,218.8448638916016,317.0,319.0,313.0,313.0,9964800.0
2012-06-29,225.7484741210937,327.0,330.0,315.0,317.0,13708000.0
2012-07-02,227.8196258544922,330.0,334.0,328.0,333.0,9303500.0
2012-07-03,234.7231903076172,340.0,341.0,332.0,333.0,16457600.0
2012-07-04,230.58102416992188,334.0,340.0,332.0,340.0,19364400.0
2012-07-05,231.2714080810547,335.0,339.0,332.0,332.0,8091600.0
2012-07-06,231.2714080810547,335.0,337.0,331.0,331.0,10114900.0
2012-07-09,228.6112518310547,331.1466979980469,335.0,329.0,329.0,11364900.0
2012-07-10,225.3146514892578,326.3716125488281,333.0,322.0,330.0,9233900.0
2012-07-11,222.657470703125,322.5226135253906,325.0,320.0,323.0,6472600.0
2012-07-12,219.5352478027344,318.0,323.0,316.0,323.0,9397900.0
2012-07-13,220.91598510742188,320.0,322.0,315.0,316.0,7463000.0
2012-07-17,220.8078155517578,319.8432922363281,324.0,315.0,317.0,7761600.0
2012-07-18,220.91598510742188,320.0,324.0,318.0,321.0,7194100.0
2012-07-19,221.61227416992188,321.00860595703125,325.0,319.0,322.0,7103900.0
2012-07-20,215.3930206298828,312.0,317.0,309.0,317.0,9901700.0
2012-07-23,211.2508850097656,306.0,313.0,304.0,308.0,6726600.0
2012-07-24,211.94126892089844,307.0,309.0,301.0,302.0,9117200.0
2012-07-25,210.5605010986328,305.0,306.0,303.0,305.0,7652900.0
2012-07-26,215.4669189453125,312.10699462890625,314.0,303.0,305.0,11912800.0
2012-07-27,218.8448638916016,317.0,320.0,314.0,317.0,6520300.0
2012-07-30,221.60633850097656,321.0,325.0,317.0,322.0,7832000.0
2012-07-31,222.29669189453125,322.0,324.0,317.0,320.0,7715100.0
2012-08-01,219.5352478027344,318.0,321.0,314.0,321.0,4894400.0
2012-08-02,221.60633850097656,321.0,324.0,317.0,318.0,6828400.0
2012-08-03,214.70265197753903,311.0,318.0,311.0,316.0,5531200.0
2012-08-06,220.0360412597656,318.72540283203125,322.0,316.0,321.0,5925900.0
2012-08-07,218.2584991455078,316.1506042480469,319.0,313.0,318.0,5820100.0
2012-08-08,215.9446716308593,312.79901123046875,320.0,309.0,319.0,11630500.0
2012-08-09,217.6575164794922,315.2799987792969,318.0,312.0,314.0,11042600.0
2012-08-10,216.77378845214844,314.0,318.0,311.0,315.0,7069700.0
2012-08-13,215.933837890625,312.7832946777344,316.0,312.0,316.0,3413800.0
2012-08-14,216.0834350585937,313.0,318.0,313.0,315.0,8003600.0
2012-08-15,215.3930206298828,312.0,315.0,309.0,314.0,7380300.0
2012-08-16,220.91598510742188,320.0,321.0,312.0,312.0,7017400.0
2012-08-17,222.9870758056641,323.0,324.0,320.0,323.0,9164000.0
2012-08-20,222.29669189453125,322.0,327.0,320.0,325.0,7072500.0
2012-08-21,225.05813598632807,326.0,328.0,322.0,323.0,11484500.0
2012-08-22,222.9870758056641,323.0,326.0,320.0,326.0,6380900.0
2012-08-23,219.5352478027344,318.0,321.0,316.0,320.0,8785900.0
2012-08-24,218.154541015625,316.0,319.0,315.0,316.0,4925900.0
2012-08-27,218.8448638916016,317.0,320.0,316.0,319.0,2805700.0
2012-08-28,214.70265197753903,311.0,317.0,309.0,317.0,9223300.0
2012-08-29,217.4641265869141,315.0,316.0,309.0,310.0,7678900.0
2012-08-30,214.70265197753903,311.0,315.0,309.0,315.0,5928600.0
2012-08-31,210.5605010986328,305.0,311.0,303.0,309.0,10512300.0
2012-09-03,211.94126892089844,307.0,312.0,305.0,305.0,8860700.0
2012-09-04,211.2508850097656,306.0,310.0,304.0,307.0,6892900.0
2012-09-05,211.94126892089844,307.0,307.0,304.0,305.0,5377200.0
2012-09-06,211.2508850097656,306.0,307.0,304.0,306.0,6577300.0
2012-09-07,216.0834350585937,313.0,313.0,308.0,311.0,9954800.0
2012-09-10,216.77378845214844,314.0,317.0,308.0,309.0,7249000.0
2012-09-11,219.5352478027344,318.0,318.0,312.0,313.0,10094300.0
2012-09-12,219.5352478027344,318.0,321.0,315.0,316.0,8492900.0
2012-09-13,218.154541015625,316.0,318.0,314.0,316.0,6026500.0
2012-09-14,221.60633850097656,321.0,324.0,317.0,319.0,11923100.0
2012-09-18,222.9870758056641,323.0,328.0,319.0,321.0,11974300.0
2012-09-19,227.1292266845703,329.0,334.0,323.0,327.0,13008300.0
2012-09-20,225.7484741210937,327.0,333.0,324.0,330.0,9904100.0
2012-09-21,225.05813598632807,326.0,328.0,324.0,324.0,7754000.0
2012-09-24,225.05813598632807,326.0,328.0,324.0,325.0,7580300.0
2012-09-25,229.89065551757807,333.0,334.0,327.0,329.0,9977100.0
2012-09-26,228.5099029541016,331.0,331.0,327.0,328.0,6370000.0
2012-09-27,225.7484741210937,327.0,329.0,322.0,328.0,9309600.0
2012-09-28,220.91598510742188,320.0,326.0,316.0,325.0,12671400.0
2012-10-01,222.29669189453125,322.0,323.0,318.0,320.0,6329200.0
2012-10-02,219.5352478027344,318.0,323.0,317.0,322.0,3622600.0
2012-10-03,222.29669189453125,322.0,323.0,316.0,318.0,7323700.0
2012-10-04,229.89065551757807,333.0,338.0,322.0,322.0,14448400.0
2012-10-05,229.89065551757807,333.0,336.0,329.0,333.0,7864700.0
2012-10-09,234.7231903076172,340.0,346.0,334.0,339.0,18705500.0
2012-10-10,231.9617614746093,336.0,343.0,334.0,334.0,13450800.0
2012-10-11,231.9617614746093,336.0,341.0,333.0,333.0,11307400.0
2012-10-12,236.1039428710937,342.0,345.0,334.0,335.0,17033700.0
2012-10-15,240.9364776611328,349.0,355.0,343.0,344.0,18038200.0
2012-10-16,243.6979522705078,353.0,355.0,347.0,351.0,9725600.0
2012-10-17,241.6268615722656,350.0,356.0,348.0,353.0,12593300.0
2012-10-18,242.317138671875,351.0,356.0,351.0,355.0,14710600.0
2012-10-19,241.6268615722656,350.0,354.0,348.0,349.0,10770000.0
2012-10-22,241.6268615722656,350.0,354.0,345.0,346.0,10612100.0
2012-10-23,242.317138671875,351.0,356.0,348.0,356.0,8133300.0
2012-10-24,241.6268615722656,350.0,354.0,348.0,349.0,17483400.0
2012-10-25,244.3882598876953,354.0,354.0,349.0,349.0,8680000.0
2012-10-26,242.317138671875,351.0,357.0,349.0,354.0,12478100.0
2012-10-29,242.317138671875,351.0,355.0,350.0,352.0,10058100.0
2012-10-30,236.1039428710937,342.0,353.0,342.0,353.0,24219200.0
2012-10-31,238.1750030517578,345.0,354.0,344.0,350.0,20873400.0
2012-11-01,231.9617614746093,336.0,345.0,329.0,344.0,25450400.0
2012-11-02,231.9617614746093,336.0,339.0,332.0,338.0,16887100.0
2012-11-05,229.20030212402344,332.0,335.0,330.0,334.0,14611400.0
2012-11-06,229.89065551757807,333.0,333.0,328.0,330.0,6465200.0
2012-11-07,228.5099029541016,331.0,334.0,329.0,334.0,12662100.0
2012-11-08,227.8196258544922,330.0,330.0,326.0,328.0,8493600.0
2012-11-09,225.05813598632807,326.0,328.0,325.0,325.0,7308200.0
2012-11-12,225.7484741210937,327.0,332.0,321.0,322.0,13407900.0
2012-11-13,226.4388427734375,328.0,328.0,324.0,326.0,8671400.0
2012-11-14,225.05813598632807,326.0,328.0,325.0,327.0,5632100.0
2012-11-15,232.652099609375,337.0,339.0,326.0,327.0,16530100.0
2012-11-16,238.8653717041016,346.0,350.0,342.0,345.0,15805200.0
2012-11-19,241.6268615722656,350.0,356.0,350.0,354.0,13125800.0
2012-11-20,237.48468017578125,344.0,351.0,344.0,351.0,11561000.0
2012-11-21,238.8653717041016,346.0,350.0,344.0,347.0,7748900.0
2012-11-22,243.007553100586,352.0,352.0,348.0,350.0,10077000.0
2012-11-26,243.007553100586,352.0,361.0,351.0,359.0,12118900.0
2012-11-27,243.007553100586,352.0,359.0,350.0,350.0,12633400.0
2012-11-28,238.1750030517578,345.0,352.0,344.0,349.0,13257300.0
2012-11-29,240.24612426757807,348.0,350.0,346.0,347.0,6059900.0
2012-11-30,238.1750030517578,345.0,352.0,344.0,349.0,14851400.0
2012-12-03,238.8653717041016,346.0,349.0,345.0,347.0,6905800.0
2012-12-04,237.48468017578125,344.0,346.0,341.0,345.0,9344200.0
2012-12-05,235.4135284423828,341.0,344.0,341.0,343.0,8866300.0
2012-12-06,239.55581665039065,347.0,350.0,344.0,346.0,12505000.0
2012-12-07,240.24612426757807,348.0,350.0,344.0,348.0,14476800.0
2012-12-10,238.1750030517578,345.0,352.0,344.0,349.0,4497300.0
2012-12-11,236.79429626464844,343.0,346.0,340.0,345.0,7097900.0
2012-12-12,237.48468017578125,344.0,346.0,341.0,344.0,10090700.0
2012-12-13,240.24612426757807,348.0,356.0,346.0,346.0,18667400.0
2012-12-14,240.24612426757807,348.0,351.0,346.0,349.0,13704700.0
2012-12-17,239.55581665039065,347.0,353.0,346.0,353.0,13380200.0
2012-12-18,249.2207946777344,361.0,367.0,347.0,348.0,28902800.0
2012-12-19,256.8147888183594,372.0,377.0,368.0,374.0,28214700.0
2012-12-20,259.5762634277344,376.0,383.0,372.0,375.0,25757800.0
2012-12-21,260.9570007324219,378.0,388.0,367.0,383.0,29981600.0
2012-12-25,260.2666320800781,377.0,384.0,375.0,383.0,12214100.0
2012-12-26,262.3376770019531,380.0,383.0,377.0,381.0,10390300.0
2012-12-27,263.71844482421875,382.0,389.0,381.0,383.0,19455200.0
2012-12-28,270.6220703125,392.0,392.0,379.0,384.0,15939900.0
2013-01-04,277.52569580078125,402.0,406.0,398.0,403.0,21694500.0
2013-01-07,273.3835144042969,396.0,409.0,395.0,408.0,15779700.0
2013-01-08,269.2413330078125,390.0,398.0,388.0,395.0,16216500.0
2013-01-09,271.3124389648437,393.0,396.0,385.0,385.0,14042800.0
2013-01-10,278.90643310546875,404.0,413.0,396.0,399.0,28449500.0
2013-01-11,280.2871398925781,406.0,413.0,405.0,411.0,13961800.0
2013-01-15,280.9775085449219,407.0,411.0,404.0,410.0,12176700.0
2013-01-16,276.8352966308594,401.0,408.0,398.0,404.0,21204700.0
2013-01-17,272.0028076171875,394.0,404.0,388.0,403.0,19393400.0
2013-01-18,276.1449584960937,400.0,402.0,396.0,402.0,18098200.0
2013-01-21,275.4546203613281,399.0,401.0,396.0,400.0,9073100.0
2013-01-22,272.693115234375,395.0,406.0,389.0,399.0,20048700.0
2013-01-23,267.860595703125,388.0,393.0,386.0,389.0,13815600.0
2013-01-24,268.55096435546875,389.0,392.0,383.0,385.0,13252300.0
2013-01-25,274.76422119140625,398.0,400.0,392.0,393.0,14788100.0
2013-01-28,274.76422119140625,398.0,402.0,395.0,401.0,12280600.0
2013-01-29,278.90643310546875,404.0,408.0,397.0,400.0,27609200.0
2013-01-30,278.90643310546875,404.0,408.0,401.0,407.0,23073400.0
2013-01-31,280.9775085449219,407.0,412.0,403.0,405.0,28667200.0
2013-02-01,285.11962890625,413.0,422.0,410.0,411.0,36757700.0
2013-02-04,292.0232849121094,423.0,427.0,417.0,418.0,33414200.0
2013-02-05,289.2618713378906,419.0,428.0,417.0,417.0,21173900.0
2013-02-06,291.3329772949219,422.0,429.0,421.0,429.0,20322900.0
2013-02-07,291.3329772949219,422.0,427.0,420.0,422.0,25405400.0
2013-02-08,292.0232849121094,423.0,426.0,420.0,424.0,23009500.0
2013-02-12,295.47509765625,428.0,434.0,427.0,428.0,28945100.0
2013-02-13,292.0232849121094,423.0,432.0,418.0,430.0,21769600.0
2013-02-14,294.0943603515625,426.0,431.0,417.0,422.0,21837400.0
2013-02-15,287.8811950683594,417.0,424.0,405.0,424.0,22473500.0
2013-02-18,296.8558349609375,430.0,433.0,421.0,423.0,22723500.0
2013-02-19,296.1654357910156,429.0,430.0,426.0,429.0,11046500.0
2013-02-20,295.47509765625,428.0,432.0,426.0,431.0,14505900.0
2013-02-21,294.0943603515625,426.0,430.0,424.0,427.0,14547700.0
2013-02-22,294.0943603515625,426.0,427.0,416.0,423.0,19943200.0
2013-02-25,297.5461730957031,431.0,433.0,429.0,432.0,16437700.0
2013-02-26,294.78472900390625,427.0,429.0,422.0,425.0,17385200.0
2013-02-27,290.6426086425781,421.0,428.0,420.0,428.0,14015000.0
2013-02-28,293.40399169921875,425.0,426.0,420.0,424.0,17158700.0
2013-03-01,294.0943603515625,426.0,429.0,423.0,424.0,17372800.0
2013-03-04,307.2112731933594,445.0,446.0,430.0,431.0,47268300.0
2013-03-05,306.5209350585937,444.0,455.0,442.0,450.0,34264200.0
2013-03-06,313.424560546875,454.0,454.0,444.0,448.0,23698500.0
2013-03-07,311.3534240722656,451.0,454.0,448.0,454.0,21317500.0
2013-03-08,322.399169921875,467.0,468.0,456.0,456.0,47542200.0
2013-03-11,366.5824279785156,531.0,538.0,488.0,498.0,100013900.0
2013-03-12,354.1559143066406,513.0,561.0,513.0,538.0,74305900.0
2013-03-13,354.8462829589844,514.0,529.0,510.0,512.0,40290500.0
2013-03-14,358.298095703125,519.0,522.0,513.0,518.0,29583600.0
2013-03-15,355.53668212890625,515.0,524.0,513.0,520.0,22010600.0
2013-03-18,350.013671875,507.0,513.0,502.0,512.0,21665300.0
2013-03-19,354.1559143066406,513.0,519.0,512.0,514.0,13599300.0
2013-03-21,358.98846435546875,520.0,522.0,516.0,517.0,16012500.0
2013-03-22,350.013671875,507.0,517.0,507.0,516.0,16198300.0
2013-03-25,354.8462829589844,514.0,517.0,509.0,513.0,12389800.0
2013-03-26,347.2522888183594,503.0,514.0,501.0,511.0,18980900.0
2013-03-27,356.4463806152344,504.0,504.0,495.0,498.0,16192300.0
2013-03-28,350.08123779296875,495.0,504.0,488.0,503.0,19122400.0
2013-03-29,345.1305847167969,488.0,494.0,485.0,491.0,15222200.0
2013-04-01,328.8641357421875,465.0,489.0,462.0,488.0,21086900.0
2013-04-02,343.0089111328125,485.0,492.0,453.0,453.0,30895900.0
2013-04-03,345.1305847167969,488.0,488.0,476.0,480.0,17591100.0
2013-04-04,354.3246154785156,501.0,503.0,473.0,479.0,26984700.0
2013-04-05,360.6897583007813,510.0,543.0,502.0,541.0,54946100.0
2013-04-08,369.1765747070313,522.0,523.0,514.0,520.0,36343700.0
2013-04-09,360.6897583007813,510.0,525.0,506.0,523.0,28556600.0
2013-04-10,368.4693298339844,521.0,532.0,508.0,510.0,41092200.0
2013-04-11,372.0054626464844,526.0,529.0,522.0,526.0,33964300.0
2013-04-12,372.7127380371094,527.0,530.0,522.0,524.0,26599800.0
2013-04-15,366.3476257324219,518.0,525.0,513.0,522.0,20513100.0
2013-04-16,354.3246154785156,501.0,510.0,495.0,498.0,28485600.0
2013-04-17,367.7621154785156,520.0,524.0,509.0,510.0,29313900.0
2013-04-18,366.3476257324219,518.0,527.0,511.0,514.0,19319300.0
2013-04-19,364.2259216308594,515.0,520.0,507.0,519.0,18977900.0
2013-04-22,369.8838195800781,523.0,527.0,519.0,525.0,19667500.0
2013-04-23,364.9331359863281,516.0,524.0,512.0,522.0,15637200.0
2013-04-24,367.0548706054688,519.0,521.0,513.0,520.0,13890000.0
2013-04-25,373.4199523925781,528.0,530.0,518.0,522.0,30075300.0
2013-04-26,366.3476257324219,518.0,529.0,517.0,526.0,19679700.0
2013-04-30,367.7621154785156,520.0,524.0,517.0,517.0,15862700.0
2013-05-01,384.0285339355469,543.0,558.0,523.0,524.0,66220900.0
2013-05-02,379.077880859375,536.0,542.0,530.0,536.0,17186700.0
2013-05-07,387.5646667480469,548.0,552.0,541.0,545.0,29926100.0
2013-05-08,386.8574523925781,547.0,555.0,540.0,550.0,30323400.0
2013-05-09,392.5153503417969,555.0,574.0,550.0,567.0,51598100.0
2013-05-10,391.1008605957031,553.0,565.0,548.0,565.0,32088900.0
2013-05-13,391.1008605957031,553.0,564.0,548.0,550.0,50873800.0
2013-05-14,389.6864013671875,551.0,559.0,550.0,559.0,27074400.0
2013-05-15,391.8080139160156,554.0,564.0,552.0,556.0,36522000.0
2013-05-16,378.37060546875,535.0,556.0,530.0,552.0,32678000.0
2013-05-17,374.8344421386719,530.0,536.0,529.0,530.0,23194000.0
2013-05-20,384.0285339355469,543.0,547.0,538.0,538.0,21152800.0
2013-05-21,380.4923095703125,538.0,548.0,535.0,548.0,20624400.0
2013-05-22,384.7357482910156,544.0,551.0,537.0,539.0,29008900.0
2013-05-23,344.42333984375,487.0,543.0,482.0,541.0,42942900.0
2013-05-24,348.6667175292969,493.0,517.0,475.0,502.0,41270800.0
2013-05-27,340.179931640625,481.0,502.0,476.0,485.0,23935700.0
2013-05-28,340.179931640625,481.0,488.0,472.0,477.0,29509200.0
2013-05-29,336.64373779296875,476.0,489.0,476.0,489.0,23092000.0
2013-05-30,325.3279724121094,460.0,478.0,458.0,472.0,32051400.0
2013-05-31,326.7425231933594,462.0,468.0,458.0,466.0,21456900.0
2013-06-03,311.8905334472656,441.0,457.0,432.0,455.0,27576300.0
2013-06-04,328.8641357421875,465.0,469.0,433.0,437.0,31829500.0
2013-06-05,315.4267272949219,446.0,470.0,443.0,460.0,25800100.0
2013-06-06,311.8905334472656,441.0,457.0,436.0,438.0,28465900.0
2013-06-07,305.525390625,432.0,443.0,421.0,431.0,30557200.0
2013-06-10,321.79180908203125,455.0,457.0,446.0,452.0,19332200.0
2013-06-11,327.4497375488281,463.0,476.0,456.0,462.0,24076700.0
2013-06-12,316.8411865234375,448.0,454.0,440.0,450.0,19733000.0
2013-06-13,309.7688903808594,438.0,445.0,435.0,443.0,20008500.0
2013-06-14,310.4760437011719,439.0,452.0,438.0,450.0,22471400.0
2013-06-17,315.4267272949219,446.0,450.0,438.0,440.0,16843400.0
2013-06-18,319.67010498046875,452.0,456.0,448.0,450.0,14074600.0
2013-06-19,327.4497375488281,463.0,466.0,455.0,460.0,17086800.0
2013-06-20,322.4990539550781,456.0,468.0,456.0,463.0,15086600.0
2013-06-21,322.4990539550781,456.0,460.0,441.0,442.0,15549300.0
2013-06-24,322.4990539550781,456.0,465.0,452.0,461.0,12074200.0
2013-06-25,328.156982421875,464.0,471.0,455.0,455.0,25186600.0
2013-06-26,325.3279724121094,460.0,475.0,459.0,469.0,18287100.0
2013-06-27,329.5714111328125,466.0,467.0,458.0,465.0,17188800.0
2013-06-28,341.5943908691406,483.0,489.0,471.0,474.0,24106800.0
2013-07-01,345.8378295898437,489.0,490.0,477.0,486.0,19475500.0
2013-07-02,350.08123779296875,495.0,496.0,487.0,496.0,12333200.0
2013-07-03,350.7884521484375,496.0,497.0,488.0,495.0,12996700.0
2013-07-04,346.54498291015625,490.0,496.0,490.0,495.0,10806600.0
2013-07-05,352.91015625,499.0,501.0,493.0,494.0,13465900.0
2013-07-08,349.3740234375,494.0,510.0,494.0,509.0,15020200.0
2013-07-09,357.1535339355469,505.0,506.0,496.0,500.0,13200200.0
2013-07-10,355.7391052246094,503.0,510.0,501.0,505.0,15496400.0
2013-07-11,358.5679931640625,507.0,507.0,498.0,501.0,16256200.0
2013-07-12,361.39697265625,511.0,514.0,505.0,507.0,15257100.0
2013-07-16,359.2753295898437,508.0,520.0,507.0,517.0,24059400.0
2013-07-17,365.6404724121094,517.0,518.0,507.0,508.0,18947600.0
2013-07-18,370.5910034179688,524.0,525.0,516.0,517.0,18728100.0
2013-07-19,373.4199523925781,528.0,534.0,521.0,530.0,32904900.0
2013-07-22,370.5910034179688,524.0,530.0,521.0,530.0,11431800.0
2013-07-23,370.5910034179688,524.0,528.0,521.0,523.0,8579900.0
2013-07-24,369.8838195800781,523.0,525.0,522.0,525.0,8713100.0
2013-07-25,364.2259216308594,515.0,523.0,514.0,521.0,7669400.0
2013-07-26,355.0318908691406,502.0,510.0,499.0,509.0,12441000.0
2013-07-29,343.0089111328125,485.0,499.0,484.0,493.0,12486600.0
2013-07-30,350.08123779296875,495.0,498.0,487.0,487.0,11441600.0
2013-07-31,344.42333984375,487.0,496.0,487.0,491.0,9798200.0
2013-08-01,363.5187377929688,514.0,514.0,491.0,494.0,14743600.0
2013-08-02,369.1765747070313,522.0,525.0,517.0,520.0,13053400.0
2013-08-05,366.3476257324219,518.0,522.0,516.0,516.0,6753400.0
2013-08-06,372.7127380371094,527.0,527.0,513.0,514.0,12049500.0
2013-08-07,364.2259216308594,515.0,532.0,515.0,522.0,15646800.0
2013-08-08,359.2753295898437,508.0,520.0,507.0,511.0,12897900.0
2013-08-09,361.39697265625,511.0,519.0,510.0,516.0,10209100.0
2013-08-12,355.7391052246094,503.0,508.0,501.0,506.0,9827900.0
2013-08-13,359.9825134277344,509.0,511.0,506.0,508.0,7161400.0
2013-08-14,362.8114318847656,513.0,517.0,509.0,510.0,11945000.0
2013-08-15,355.0318908691406,502.0,512.0,500.0,508.0,11005200.0
2013-08-16,352.91015625,499.0,505.0,495.0,496.0,9830500.0
2013-08-19,360.6897583007813,510.0,514.0,500.0,501.0,13211100.0
2013-08-20,350.7884521484375,496.0,509.0,495.0,506.0,12121000.0
2013-08-21,345.8378295898437,489.0,497.0,486.0,496.0,12007600.0
2013-08-22,343.0089111328125,485.0,491.0,482.0,490.0,12482800.0
2013-08-23,344.42333984375,487.0,495.0,486.0,492.0,12894700.0
2013-08-26,347.2523193359375,491.0,497.0,488.0,492.0,9621300.0
2013-08-27,345.8378295898437,489.0,502.0,488.0,491.0,10930100.0
2013-08-28,339.47271728515625,480.0,484.0,474.0,481.0,10543400.0
2013-08-29,335.2293395996094,474.0,478.0,470.0,477.0,16785300.0
2013-08-30,331.6931457519531,469.0,476.0,465.0,475.0,19070800.0
2013-09-02,333.1075439453125,471.0,476.0,468.0,469.0,8144000.0
2013-09-03,344.42333984375,487.0,491.0,479.0,479.0,10335700.0
2013-09-04,345.8378295898437,489.0,490.0,483.0,488.0,8356300.0
2013-09-05,345.1305847167969,488.0,495.0,485.0,494.0,8326400.0
2013-09-06,345.8378295898437,489.0,492.0,483.0,489.0,6679800.0
2013-09-09,350.08123779296875,495.0,504.0,492.0,504.0,12039600.0
2013-09-10,354.3246154785156,501.0,504.0,499.0,500.0,12375400.0
2013-09-11,350.08123779296875,495.0,505.0,493.0,504.0,9802700.0
2013-09-12,345.8378295898437,489.0,496.0,488.0,496.0,7587500.0
2013-09-13,344.42333984375,487.0,495.0,484.0,489.0,11285500.0
2013-09-17,349.3740234375,494.0,497.0,490.0,493.0,10227400.0
2013-09-18,348.6667175292969,493.0,499.0,493.0,495.0,11422400.0
2013-09-19,354.3246154785156,501.0,501.0,494.0,500.0,12471600.0
2013-09-20,357.1535339355469,505.0,505.0,499.0,501.0,9893800.0
2013-09-24,355.7391052246094,503.0,505.0,498.0,504.0,8166000.0
2013-09-25,357.1535339355469,505.0,508.0,502.0,503.0,13809300.0
2013-09-26,357.1535339355469,505.0,505.0,499.0,502.0,10972900.0
2013-09-27,362.1041870117188,512.0,515.0,506.0,508.0,11742500.0
2013-09-30,355.0318908691406,502.0,508.0,500.0,507.0,10240900.0
2013-10-01,353.6174011230469,500.0,507.0,499.0,501.0,11613900.0
2013-10-02,351.49566650390625,497.0,508.0,494.0,499.0,15504900.0
2013-10-03,347.2523193359375,491.0,500.0,490.0,498.0,9052600.0
2013-10-04,347.95953369140625,492.0,497.0,488.0,489.0,12065700.0
2013-10-07,347.2523193359375,491.0,499.0,483.0,495.0,10943400.0
2013-10-08,346.54498291015625,490.0,494.0,488.0,490.0,10084000.0
2013-10-09,350.08123779296875,495.0,496.0,483.0,486.0,10001500.0
2013-10-10,355.0318908691406,502.0,505.0,494.0,495.0,10913300.0
2013-10-11,359.2753295898437,508.0,512.0,505.0,507.0,13555400.0
2013-10-15,359.2753295898437,508.0,512.0,506.0,511.0,7493100.0
2013-10-16,361.39697265625,511.0,511.0,504.0,508.0,6144400.0
2013-10-17,370.5910034179688,524.0,524.0,513.0,513.0,15550400.0
2013-10-18,372.7127380371094,527.0,528.0,521.0,525.0,14306300.0
2013-10-21,374.127197265625,529.0,530.0,525.0,527.0,11517700.0
2013-10-22,377.6633605957031,534.0,534.0,528.0,529.0,10358000.0
2013-10-23,366.3476257324219,518.0,534.0,518.0,533.0,13917000.0
2013-10-24,364.9331359863281,516.0,517.0,512.0,515.0,12242200.0
2013-10-25,358.5679931640625,507.0,515.0,506.0,515.0,9118500.0
2013-10-28,367.0548706054688,519.0,520.0,511.0,512.0,6870100.0
2013-10-29,362.8114318847656,513.0,516.0,512.0,514.0,5451200.0
2013-10-30,364.2259216308594,515.0,519.0,512.0,513.0,9974200.0
2013-10-31,360.6897583007813,510.0,517.0,509.0,514.0,8013100.0
2013-11-01,360.6897583007813,510.0,516.0,509.0,516.0,8596700.0
2013-11-05,357.1535339355469,505.0,515.0,503.0,515.0,8914800.0
2013-11-06,359.2753295898437,508.0,511.0,502.0,504.0,7214000.0
2013-11-07,354.3246154785156,501.0,508.0,501.0,505.0,10339100.0
2013-11-08,354.3246154785156,501.0,503.0,497.0,498.0,5946800.0
2013-11-11,356.4463806152344,504.0,507.0,502.0,505.0,7459000.0
2013-11-12,362.1041870117188,512.0,512.0,503.0,503.0,9748300.0
2013-11-13,364.9331359863281,516.0,518.0,511.0,511.0,13728200.0
2013-11-14,365.6404724121094,517.0,520.0,512.0,518.0,14021900.0
2013-11-15,370.5910034179688,524.0,525.0,519.0,520.0,18756100.0
2013-11-18,377.6633605957031,534.0,536.0,525.0,525.0,25267400.0
2013-11-19,373.4199523925781,528.0,534.0,526.0,533.0,13005300.0
2013-11-20,372.0054626464844,526.0,530.0,524.0,529.0,8151300.0
2013-11-21,369.8838195800781,523.0,529.0,521.0,526.0,13586400.0
2013-11-22,368.4693298339844,521.0,529.0,518.0,526.0,14205600.0
2013-11-25,367.7621154785156,520.0,525.0,517.0,523.0,12716300.0
2013-11-26,361.39697265625,511.0,523.0,511.0,519.0,21940600.0
2013-11-27,359.2753295898437,508.0,513.0,505.0,510.0,14017600.0
2013-11-28,364.2259216308594,515.0,516.0,511.0,513.0,11306300.0
2013-11-29,359.2753295898437,508.0,514.0,508.0,513.0,14284800.0
2013-12-02,365.6404724121094,517.0,519.0,511.0,513.0,17748600.0
2013-12-03,362.1041870117188,512.0,522.0,512.0,520.0,16069200.0
2013-12-04,359.9825134277344,509.0,516.0,508.0,512.0,16249300.0
2013-12-05,357.1535339355469,505.0,512.0,504.0,509.0,12835200.0
2013-12-06,358.5679931640625,507.0,509.0,504.0,508.0,9694800.0
2013-12-09,362.1041870117188,512.0,515.0,510.0,515.0,6695400.0
2013-12-10,362.1041870117188,512.0,515.0,509.0,512.0,8022600.0
2013-12-11,362.1041870117188,512.0,515.0,510.0,514.0,12814600.0
2013-12-12,357.86083984375,506.0,512.0,506.0,510.0,11957700.0
2013-12-13,357.86083984375,506.0,511.0,504.0,508.0,21397200.0
2013-12-16,356.4463806152344,504.0,509.0,504.0,506.0,8753600.0
2013-12-17,360.6897583007813,510.0,511.0,507.0,507.0,13131900.0
2013-12-18,364.2259216308594,515.0,515.0,509.0,510.0,11380200.0
2013-12-19,364.9331359863281,516.0,519.0,514.0,517.0,14729100.0
2013-12-20,362.1041870117188,512.0,515.0,509.0,514.0,11187600.0
2013-12-24,362.8114318847656,513.0,514.0,511.0,514.0,10758100.0
2013-12-25,362.8114318847656,513.0,514.0,508.0,510.0,14339900.0
2013-12-26,369.8838195800781,523.0,525.0,514.0,515.0,17422200.0
2013-12-27,374.127197265625,529.0,530.0,524.0,527.0,13605700.0
2013-12-30,379.077880859375,536.0,538.0,531.0,532.0,16757700.0
2014-01-06,384.0285339355469,543.0,543.0,532.0,535.0,28261300.0
2014-01-07,379.7850341796875,537.0,541.0,534.0,541.0,13562000.0
2014-01-08,387.5646667480469,548.0,548.0,539.0,540.0,21156300.0
2014-01-09,386.8574523925781,547.0,555.0,544.0,547.0,24641400.0
2014-01-10,388.9791259765625,550.0,551.0,544.0,547.0,16679700.0
2014-01-14,381.9068298339844,540.0,545.0,536.0,540.0,15400800.0
2014-01-15,388.9791259765625,550.0,554.0,546.0,547.0,19067500.0
2014-01-16,398.88037109375,564.0,570.0,552.0,552.0,35928500.0
2014-01-17,403.8310852050781,571.0,574.0,566.0,566.0,28421800.0
2014-01-20,402.4166564941406,569.0,574.0,562.0,573.0,15796600.0
2014-01-21,407.36724853515625,576.0,582.0,567.0,568.0,25752100.0
2014-01-22,408.7816467285156,578.0,582.0,569.0,576.0,21940100.0
2014-01-23,407.36724853515625,576.0,582.0,572.0,578.0,19998500.0
2014-01-24,397.4659423828125,562.0,569.0,557.0,566.0,15095900.0
2014-01-27,394.6369934082031,558.0,560.0,541.0,542.0,23697300.0
2014-01-28,393.9298095703125,557.0,561.0,551.0,560.0,19003900.0
2014-01-29,400.29486083984375,566.0,567.0,558.0,558.0,12731900.0
2014-01-30,386.1501770019531,546.0,557.0,545.0,556.0,22199900.0
2014-01-31,386.1501770019531,546.0,559.0,541.0,556.0,18396200.0
2014-02-03,387.5646667480469,548.0,555.0,541.0,542.0,74209800.0
2014-02-04,376.9561462402344,533.0,549.0,533.0,538.0,52884400.0
2014-02-05,388.9791259765625,550.0,559.0,543.0,547.0,67753300.0
2014-02-06,385.4429626464844,545.0,552.0,544.0,549.0,24127800.0
2014-02-07,392.5153503417969,555.0,559.0,549.0,554.0,23961400.0
2014-02-10,395.34423828125,559.0,565.0,550.0,563.0,25867400.0
2014-02-12,398.88037109375,564.0,575.0,561.0,564.0,50090100.0
2014-02-13,388.9791259765625,550.0,566.0,550.0,566.0,34531000.0
2014-02-14,377.6633605957031,534.0,552.0,533.0,547.0,46991800.0
2014-02-17,378.37060546875,535.0,536.0,522.0,532.0,29672400.0
2014-02-18,388.27191162109375,549.0,555.0,535.0,537.0,26198400.0
2014-02-19,391.8080139160156,554.0,556.0,545.0,551.0,23326300.0
2014-02-20,381.1996154785156,539.0,558.0,538.0,552.0,27055600.0
2014-02-21,384.0285339355469,543.0,547.0,534.0,546.0,21569500.0
2014-02-24,378.37060546875,535.0,548.0,532.0,542.0,29192700.0
2014-02-25,381.9068298339844,540.0,542.0,536.0,536.0,19104200.0
2014-02-26,381.1996154785156,539.0,543.0,535.0,537.0,9436300.0
2014-02-27,374.8344421386719,530.0,537.0,528.0,536.0,15384900.0
2014-02-28,374.8344421386719,530.0,531.0,523.0,526.0,48706600.0
2014-03-03,369.1765747070313,522.0,525.0,510.0,524.0,20283600.0
2014-03-04,368.4693298339844,521.0,524.0,512.0,515.0,13840100.0
2014-03-05,374.127197265625,529.0,535.0,528.0,530.0,12840500.0
2014-03-06,374.8344421386719,530.0,536.0,524.0,531.0,20481800.0
2014-03-07,386.1501770019531,546.0,547.0,537.0,539.0,20439900.0
2014-03-10,382.614013671875,541.0,543.0,536.0,542.0,16252000.0
2014-03-11,385.4429626464844,545.0,547.0,539.0,541.0,13391200.0
2014-03-12,376.2489318847656,532.0,539.0,531.0,537.0,12335600.0
2014-03-13,374.8344421386719,530.0,534.0,528.0,531.0,10731300.0
2014-03-14,361.39697265625,511.0,519.0,509.0,516.0,22368300.0
2014-03-17,354.3246154785156,501.0,514.0,495.0,510.0,20931500.0
2014-03-18,350.7884521484375,496.0,511.0,496.0,511.0,21273900.0
2014-03-19,352.2029724121094,498.0,509.0,496.0,499.0,18021400.0
2014-03-20,350.08123779296875,495.0,507.0,495.0,505.0,17020600.0
2014-03-24,345.8378295898437,489.0,501.0,489.0,500.0,24933200.0
2014-03-25,338.76544189453125,479.0,487.0,470.0,484.0,34059400.0
2014-03-26,343.0089111328125,485.0,493.0,480.0,484.0,21802000.0
2014-03-27,349.5771179199219,479.0,482.0,461.0,462.0,18718900.0
2014-03-28,354.685791015625,486.0,486.0,473.0,480.0,15462100.0
2014-03-31,364.17327880859375,499.0,502.0,488.0,491.0,22866000.0
2014-04-01,367.0924377441406,503.0,505.0,497.0,505.0,13417500.0
2014-04-02,370.7415161132813,508.0,513.0,504.0,506.0,15276800.0
2014-04-03,370.7415161132813,508.0,515.0,507.0,510.0,13314200.0
2014-04-04,372.2011413574219,510.0,512.0,505.0,507.0,6509000.0
2014-04-07,364.903076171875,500.0,508.0,499.0,504.0,8362300.0
2014-04-08,359.06463623046875,492.0,501.0,490.0,500.0,10525700.0
2014-04-09,350.3069152832031,480.0,488.0,478.0,484.0,16963300.0
2014-04-10,351.0367126464844,481.0,491.0,480.0,488.0,12845600.0
2014-04-11,349.5771179199219,479.0,483.0,469.0,469.0,13827400.0
2014-04-14,346.65789794921875,475.0,486.0,475.0,476.0,9219500.0
2014-04-15,345.92803955078125,474.0,479.0,472.0,478.0,10136900.0
2014-04-16,358.3348083496094,491.0,492.0,478.0,479.0,11079100.0
2014-04-17,356.87518310546875,489.0,494.0,487.0,491.0,11268300.0
2014-04-18,356.1454162597656,488.0,491.0,485.0,491.0,5585200.0
2014-04-21,356.1454162597656,488.0,494.0,486.0,489.0,7721500.0
2014-04-22,351.0367126464844,481.0,494.0,481.0,492.0,14168400.0
2014-04-23,359.7943725585937,493.0,505.0,492.0,496.0,23326600.0
2014-04-24,372.2011413574219,510.0,513.0,503.0,504.0,28433800.0
2014-04-25,379.4991760253906,520.0,522.0,505.0,511.0,21777400.0
2014-04-28,376.58001708984375,516.0,518.0,511.0,514.0,12965100.0
2014-04-30,380.9588317871094,522.0,525.0,518.0,522.0,15839400.0
2014-05-01,386.0674743652344,529.0,531.0,522.0,523.0,12605200.0
2014-05-02,387.527099609375,531.0,535.0,523.0,528.0,9653500.0
2014-05-07,383.1482238769531,525.0,531.0,524.0,525.0,14679700.0
2014-05-08,384.6078186035156,527.0,533.0,525.0,526.0,12783600.0
2014-05-09,386.7972412109375,530.0,534.0,521.0,523.0,7953100.0
2014-05-12,384.6078186035156,527.0,532.0,526.0,530.0,10692500.0
2014-05-13,389.7164611816406,534.0,536.0,526.0,533.0,16022500.0
2014-05-14,378.0395812988281,518.0,530.0,516.0,525.0,16701900.0
2014-05-15,377.309814453125,517.0,517.0,505.0,512.0,17330000.0
2014-05-16,374.39056396484375,513.0,522.0,509.0,511.0,14656500.0
2014-05-19,368.5521240234375,505.0,512.0,505.0,511.0,8366600.0
2014-05-20,370.01171875,507.0,512.0,503.0,508.0,8774400.0
2014-05-21,371.4713439941406,509.0,515.0,507.0,509.0,11180700.0
2014-05-22,373.6607360839844,512.0,517.0,509.0,514.0,15844400.0
2014-05-23,386.0674743652344,529.0,530.0,516.0,516.0,18992100.0
2014-05-26,386.7972412109375,530.0,533.0,524.0,532.0,7842600.0
2014-05-27,386.0674743652344,529.0,534.0,527.0,529.0,10107400.0
2014-05-28,386.7972412109375,530.0,534.0,528.0,530.0,8260000.0
2014-05-29,388.25689697265625,532.0,534.0,525.0,526.0,6791000.0
2014-05-30,388.25689697265625,532.0,536.0,530.0,533.0,9465500.0
2014-06-02,388.9866943359375,533.0,536.0,532.0,532.0,7974200.0
2014-06-03,392.6357116699219,538.0,541.0,525.0,536.0,17118300.0
2014-06-04,391.9058532714844,537.0,540.0,533.0,540.0,6963800.0
2014-06-05,394.82513427734375,541.0,544.0,533.0,536.0,16386500.0
2014-06-06,402.85296630859375,552.0,552.0,542.0,544.0,20899200.0
2014-06-09,400.6635437011719,549.0,554.0,546.0,552.0,9058200.0
2014-06-10,395.5549926757813,542.0,544.0,533.0,540.0,13935200.0
2014-06-11,403.5827941894531,553.0,553.0,541.0,542.0,10598800.0
2014-06-12,405.04241943359375,555.0,558.0,549.0,550.0,13883700.0
2014-06-13,405.04241943359375,555.0,556.0,549.0,550.0,12473500.0
2014-06-16,401.393310546875,550.0,556.0,548.0,554.0,9408700.0
2014-06-17,397.0145263671875,544.0,550.0,542.0,546.0,9461700.0
2014-06-18,407.961669921875,559.0,560.0,544.0,545.0,15629600.0
2014-06-19,419.6385192871094,575.0,578.0,558.0,558.0,20252500.0
2014-06-20,424.7471618652344,582.0,585.0,575.0,575.0,16442400.0
2014-06-23,426.93658447265625,585.0,585.0,570.0,577.0,18516900.0
2014-06-24,429.1259765625,588.0,591.0,580.0,580.0,15630200.0
2014-06-25,427.6663513183594,586.0,591.0,577.0,582.0,15934900.0
2014-06-26,431.3154602050781,591.0,595.0,590.0,591.0,11272200.0
2014-06-27,426.206787109375,584.0,592.0,580.0,592.0,11431300.0
2014-06-30,430.5855712890625,590.0,590.0,581.0,589.0,9881700.0
2014-07-01,436.4240417480469,598.0,600.0,588.0,590.0,13085100.0
2014-07-02,448.8307495117188,615.0,617.0,604.0,605.0,17375500.0
2014-07-03,442.2624816894531,606.0,616.0,601.0,615.0,16626100.0
2014-07-04,446.6413269042969,612.0,614.0,608.0,612.0,8298000.0
2014-07-07,440.8029479980469,604.0,612.0,604.0,612.0,7378200.0
2014-07-08,444.451904296875,609.0,611.0,600.0,603.0,9500900.0
2014-07-09,436.4240417480469,598.0,611.0,594.0,603.0,12610700.0
2014-07-10,429.8558044433594,589.0,596.0,589.0,595.0,7367000.0
2014-07-11,429.1259765625,588.0,590.0,576.0,581.0,15234000.0
2014-07-14,427.6663513183594,586.0,588.0,574.0,587.0,11391500.0
2014-07-15,432.0451965332031,592.0,597.0,589.0,590.0,6603200.0
2014-07-16,426.93658447265625,585.0,594.0,584.0,589.0,11004500.0
2014-07-17,426.93658447265625,585.0,585.0,578.0,582.0,13816300.0
2014-07-18,418.1788940429688,573.0,579.0,572.0,577.0,8612200.0
2014-07-22,423.43353271484375,580.2000122070312,584.0,574.2000122070312,575.2999877929688,9851400.0
2014-07-23,421.2441711425781,577.2000122070312,586.9000244140625,576.2999877929688,585.0,6725300.0
2014-07-24,418.1788940429688,573.0,578.7000122070312,572.0,577.0,9693800.0
2014-07-25,421.6089477539063,577.7000122070312,578.2999877929688,570.0999755859375,572.0,7305700.0
2014-07-28,444.451904296875,609.0,610.7000122070312,595.9000244140625,600.0,25475900.0
2014-07-29,427.301513671875,585.5,602.9000244140625,583.0999755859375,600.0,22456600.0
2014-07-30,423.1415710449219,579.7999877929688,590.0999755859375,579.0,589.7999877929688,15298200.0
2014-07-31,422.2658386230469,578.5999755859375,588.0,577.7999877929688,585.0,9779600.0
2014-08-01,409.6401672363281,561.2999877929688,576.0,558.4000244140625,575.0,18906500.0
2014-08-04,412.4133911132813,565.0999755859375,569.9000244140625,557.2999877929688,563.5,12762300.0
2014-08-05,409.7861633300781,561.5,571.9000244140625,560.0,567.0999755859375,11180600.0
2014-08-06,400.7365112304688,549.0999755859375,557.5999755859375,546.7000122070312,555.0,13196400.0
2014-08-07,400.8825073242188,549.2999877929688,553.2999877929688,540.7999877929688,550.0,12066900.0
2014-08-08,394.3872680664063,540.4000244140625,548.0,537.0,543.0,14112000.0
2014-08-11,406.5019226074219,557.0,559.0,548.2999877929688,550.0,10013900.0
2014-08-12,405.04241943359375,555.0,558.4000244140625,553.5999755859375,557.0,7335000.0
2014-08-13,408.3994445800781,559.5999755859375,561.0,550.2999877929688,551.0999755859375,8039800.0
2014-08-14,413.9460754394531,567.2000122070312,574.9000244140625,562.7000122070312,572.0,10504700.0
2014-08-15,413.3622741699219,566.4000244140625,566.5999755859375,556.2999877929688,563.0999755859375,8781500.0
2014-08-18,411.4647521972656,563.7999877929688,565.0999755859375,560.2999877929688,564.0,6922600.0
2014-08-19,416.5733642578125,570.7999877929688,572.9000244140625,567.5,569.7999877929688,7730100.0
2014-08-20,412.4864196777344,565.2000122070312,570.0999755859375,562.4000244140625,570.0,6992300.0
2014-08-21,414.6028442382813,568.0999755859375,569.0999755859375,561.2999877929688,563.5999755859375,7860700.0
2014-08-22,414.5298767089844,568.0,576.0,565.5999755859375,575.0,7242400.0
2014-08-25,417.5950622558594,572.2000122070312,574.7000122070312,569.0,571.0999755859375,4185400.0
2014-08-26,412.9973754882813,565.9000244140625,573.7999877929688,565.0999755859375,570.2000122070312,5767800.0
2014-08-27,412.3404541015625,565.0,571.5999755859375,563.7000122070312,565.0,6067400.0
2014-08-28,411.4647521972656,563.7999877929688,566.2999877929688,561.0999755859375,562.0,4240000.0
2014-08-29,411.7566223144531,564.2000122070312,568.4000244140625,560.7999877929688,560.7999877929688,6316500.0
2014-09-01,412.0485229492188,564.5999755859375,567.4000244140625,562.5999755859375,563.5999755859375,3367400.0
2014-09-02,419.2735900878906,574.5,577.2000122070312,564.7000122070312,566.5999755859375,7491700.0
2014-09-03,422.4847717285156,578.9000244140625,584.5,576.2999877929688,579.9000244140625,7910300.0
2014-09-04,424.5281982421875,581.7000122070312,585.7000122070312,576.5999755859375,583.0,7479300.0
2014-09-05,421.6089477539063,577.7000122070312,584.7999877929688,576.2999877929688,584.0999755859375,5555200.0
2014-09-08,422.7037353515625,579.2000122070312,580.2000122070312,576.2999877929688,576.9000244140625,6425100.0
2014-09-09,420.0033874511719,575.5,583.2000122070312,575.0999755859375,582.0,5501900.0
2014-09-10,424.8930969238281,582.2000122070312,582.4000244140625,571.9000244140625,572.5999755859375,5207100.0
2014-09-11,424.23626708984375,581.2999877929688,587.9000244140625,580.0999755859375,586.0,7426900.0
2014-09-12,430.51263427734375,589.9000244140625,589.9000244140625,580.5999755859375,585.0,10782000.0
2014-09-16,427.0825805664063,585.2000122070312,590.5,581.4000244140625,590.0,6727700.0
2014-09-17,424.8200378417969,582.0999755859375,591.9000244140625,582.0999755859375,589.2000122070312,5278800.0
2014-09-18,432.483154296875,592.5999755859375,594.9000244140625,588.0999755859375,588.0999755859375,10871700.0
2014-09-19,440.14599609375,603.0999755859375,609.9000244140625,596.2999877929688,597.5,19370200.0
2014-09-22,453.8663330078125,621.9000244140625,622.5999755859375,607.7999877929688,610.9000244140625,18602100.0
2014-09-24,452.99066162109375,620.7000122070312,621.5999755859375,606.7999877929688,609.5999755859375,12249600.0
2014-09-25,456.712646484375,625.7999877929688,626.2999877929688,620.0,624.9000244140625,12678800.0
2014-09-26,457.8074340820313,627.2999877929688,630.0,615.0999755859375,615.0999755859375,10855500.0
2014-09-29,457.5884094238281,627.0,629.0999755859375,621.0,627.2999877929688,10248100.0
2014-09-30,451.3121948242188,618.4000244140625,630.0,613.0,628.0,10642900.0
2014-10-01,446.349365234375,611.5999755859375,620.5,610.5999755859375,613.0,10774300.0
2014-10-02,434.30767822265625,595.0999755859375,600.7999877929688,594.0,595.2000122070312,15448200.0
2014-10-03,432.0451965332031,592.0,596.0999755859375,589.4000244140625,593.0,9492500.0
2014-10-06,440.5110168457031,603.5999755859375,608.7000122070312,599.0,601.4000244140625,8455100.0
2014-10-07,440.14599609375,603.0999755859375,608.2000122070312,599.2999877929688,601.0,8473000.0
2014-10-08,442.2624816894531,606.0,609.9000244140625,595.0999755859375,596.0,15513900.0
2014-10-09,437.29986572265625,599.2000122070312,610.7000122070312,598.5,610.0,11555800.0
2014-10-10,431.1695251464844,590.7999877929688,592.0999755859375,580.0999755859375,580.9000244140625,14334000.0
2014-10-14,415.4786071777344,569.2999877929688,581.2999877929688,568.0999755859375,577.7999877929688,17899000.0
2014-10-15,419.6385192871094,575.0,576.2000122070312,568.4000244140625,570.2000122070312,9582300.0
2014-10-16,414.01898193359375,567.2999877929688,569.0,561.2000122070312,561.4000244140625,13467400.0
2014-10-17,405.2613525390625,555.2999877929688,578.4000244140625,550.7000122070312,575.5,20104700.0
2014-10-20,430.51263427734375,589.9000244140625,590.7999877929688,572.0,575.5999755859375,19670800.0
2014-10-21,418.1788940429688,573.0,589.9000244140625,571.0999755859375,587.0,11376800.0
2014-10-22,425.18505859375,582.5999755859375,585.2999877929688,573.2000122070312,580.9000244140625,11417900.0
2014-10-23,430.7315979003906,590.2000122070312,591.7999877929688,579.0999755859375,585.0999755859375,13946500.0
2014-10-24,428.104248046875,586.5999755859375,597.7000122070312,585.2999877929688,597.5,12738100.0
2014-10-27,434.0886535644531,594.7999877929688,595.7999877929688,584.0999755859375,595.2000122070312,9487600.0
2014-10-28,435.6212768554688,596.9000244140625,602.2000122070312,592.7000122070312,595.0,7890500.0
2014-10-29,440.8029479980469,604.0,607.7999877929688,598.2999877929688,603.9000244140625,10862500.0
2014-10-30,445.5466918945313,610.5,612.0,599.2000122070312,604.2000122070312,35530700.0
2014-10-31,458.6102294921875,628.4000244140625,630.7000122070312,609.2000122070312,612.5999755859375,26927200.0
2014-11-04,483.8614807128906,663.0,682.2999877929688,652.5,678.4000244140625,30611900.0
2014-11-05,480.2123107910156,658.0,664.5,647.0999755859375,661.7000122070312,16740300.0
2014-11-06,470.5059814453125,644.7000122070312,658.0,643.7000122070312,657.7000122070312,11924900.0
2014-11-07,479.4826049804688,657.0,659.9000244140625,650.0999755859375,651.2999877929688,10589200.0
2014-11-10,478.8257751464844,656.0999755859375,657.2999877929688,645.0999755859375,651.2000122070312,10155900.0
2014-11-11,482.3288879394531,660.9000244140625,669.7999877929688,649.5999755859375,665.0,12790200.0
2014-11-12,474.811767578125,650.5999755859375,665.0999755859375,650.0,665.0,20251200.0
2014-11-13,469.9952087402344,644.0,649.9000244140625,638.5,649.7999877929688,14631600.0
2014-11-14,472.9143371582031,648.0,652.5999755859375,641.7000122070312,652.4000244140625,15767700.0
2014-11-17,459.4128723144531,629.5,647.5999755859375,628.4000244140625,644.5999755859375,12453500.0
2014-11-18,468.5354919433594,642.0,643.9000244140625,635.2999877929688,640.0,14326200.0
2014-11-19,468.8274536132813,642.4000244140625,646.0,635.9000244140625,641.5999755859375,13573000.0
2014-11-20,465.178466796875,637.4000244140625,652.9000244140625,635.5999755859375,648.0,11864200.0
2014-11-21,468.3896179199219,641.7999877929688,642.0,630.4000244140625,640.0999755859375,13540000.0
2014-11-25,478.3879089355469,655.5,656.9000244140625,641.5,648.0,17998100.0
2014-11-26,469.70318603515625,643.5999755859375,656.9000244140625,643.5999755859375,656.9000244140625,10470800.0
2014-11-27,463.7918090820313,635.5,648.0,635.5,643.0,8953300.0
2014-11-28,467.6597290039063,640.7999877929688,643.0999755859375,633.0999755859375,635.0,8134600.0
2014-12-01,466.5650634765625,639.2999877929688,647.2999877929688,636.7000122070312,639.9000244140625,8050700.0
2014-12-02,459.7779235839844,630.0,636.5999755859375,629.0999755859375,634.0999755859375,13253600.0
2014-12-03,463.2808227539063,634.7999877929688,637.2999877929688,625.2000122070312,631.5999755859375,17750400.0
2014-12-04,472.9143371582031,648.0,649.2999877929688,642.4000244140625,644.5999755859375,13641500.0
2014-12-05,473.4982299804688,648.7999877929688,649.7000122070312,644.0999755859375,648.2999877929688,8366400.0
2014-12-08,467.2947998046875,640.2999877929688,650.0,637.9000244140625,650.0,9472600.0
2014-12-09,461.0915222167969,631.7999877929688,633.0,627.2000122070312,631.0,15249000.0
2014-12-10,454.6692504882813,623.0,635.0,622.0,628.7000122070312,13600400.0
2014-12-11,445.9844665527344,611.0999755859375,624.0,610.0,620.0,12411600.0
2014-12-12,447.0062561035156,612.5,620.5999755859375,605.0,605.5999755859375,16337300.0
2014-12-15,441.38671875,604.7999877929688,610.7000122070312,600.5,603.4000244140625,8701200.0
2014-12-16,432.7749633789063,593.0,604.7999877929688,592.7000122070312,598.2999877929688,9363300.0
2014-12-17,433.94281005859375,594.5999755859375,600.7999877929688,592.9000244140625,594.2000122070312,10448400.0
2014-12-18,440.4379577636719,603.5,614.5,603.2999877929688,612.5,13916000.0
2014-12-19,449.2686462402344,615.5999755859375,619.0,609.0999755859375,615.0,10790500.0
2014-12-22,443.576171875,607.7999877929688,613.7999877929688,605.0999755859375,611.9000244140625,10471800.0
2014-12-24,450.2174072265625,616.9000244140625,618.0,613.7000122070312,614.4000244140625,8232000.0
2014-12-25,449.779541015625,616.2999877929688,618.9000244140625,613.2000122070312,613.2999877929688,5260000.0
2014-12-26,451.5310668945313,618.7000122070312,622.0,615.5,616.5,3272800.0
2014-12-29,447.8819274902344,613.7000122070312,622.0,610.2999877929688,622.0,6026000.0
2014-12-30,446.5683898925781,611.9000244140625,619.0,611.9000244140625,616.2999877929688,7003500.0
2015-01-05,455.1800842285156,623.7000122070312,625.7999877929688,608.4000244140625,612.5999755859375,10583000.0
2015-01-06,432.9939575195313,593.2999877929688,611.9000244140625,593.0,610.9000244140625,18263600.0
2015-01-07,429.6368408203125,588.7000122070312,593.0,586.0,589.0,10523700.0
2015-01-08,431.9722290039063,591.9000244140625,599.5,590.9000244140625,598.7000122070312,8278100.0
2015-01-09,437.29986572265625,599.2000122070312,600.2999877929688,595.0,595.0,10430800.0
2015-01-13,425.2581176757813,582.7000122070312,592.5999755859375,577.0,590.0,11979100.0
2015-01-14,421.8279418945313,578.0,585.0999755859375,577.4000244140625,578.2000122070312,10061000.0
2015-01-15,426.4256896972656,584.2999877929688,585.4000244140625,576.0,578.0,8023900.0
2015-01-16,424.0903015136719,581.0999755859375,581.5999755859375,573.0,576.0,10189400.0
2015-01-19,418.3248596191406,573.2000122070312,584.9000244140625,572.0,584.7000122070312,8501400.0
2015-01-20,420.5873107910156,576.2999877929688,576.2999877929688,565.7000122070312,570.0,11710900.0
2015-01-21,417.4490966796875,572.0,577.7000122070312,565.0999755859375,575.9000244140625,11474100.0
2015-01-22,418.8357238769531,573.9000244140625,574.0,565.5999755859375,570.5,8399200.0
2015-01-23,424.5281982421875,581.7000122070312,583.4000244140625,578.2999877929688,578.5,7873300.0
2015-01-26,424.6012573242188,581.7999877929688,582.0,571.2999877929688,577.7000122070312,7377000.0
2015-01-27,438.2486267089844,600.5,600.7000122070312,589.0999755859375,593.0,11187400.0
2015-01-28,439.3432922363281,602.0,603.5999755859375,592.2999877929688,593.5999755859375,8071700.0
2015-01-29,426.4256896972656,584.2999877929688,596.4000244140625,582.9000244140625,596.0,14748400.0
2015-01-30,429.4179992675781,588.4000244140625,595.0,582.0,585.0,13219100.0
2015-02-02,424.5281982421875,581.7000122070312,585.0,576.0,582.2999877929688,8317200.0
2015-02-03,422.4847717285156,578.9000244140625,585.2999877929688,577.5999755859375,581.7000122070312,10231800.0
2015-02-04,434.0886535644531,594.7999877929688,605.4000244140625,584.2999877929688,584.2999877929688,16742800.0
2015-02-05,441.0217895507813,604.2999877929688,609.0,592.2000122070312,597.0,13251000.0
2015-02-06,453.93939208984375,622.0,627.0,612.2999877929688,615.0,23467800.0
2015-02-09,461.7484130859375,632.7000122070312,644.7999877929688,626.5999755859375,629.7999877929688,15279900.0
2015-02-10,463.3539733886719,634.9000244140625,635.0,625.7000122070312,629.7999877929688,8052800.0
2015-02-12,463.2808227539063,634.7999877929688,646.0,632.7999877929688,644.0,14867000.0
2015-02-13,471.5277404785156,646.0999755859375,650.2999877929688,637.5,640.9000244140625,15525600.0
2015-02-16,481.8910827636719,660.2999877929688,665.0999755859375,650.7000122070312,655.0,15047500.0
2015-02-17,476.3444213867188,652.7000122070312,660.4000244140625,650.5,655.0,12341400.0
2015-02-18,492.3272705078125,674.5999755859375,676.0,659.2999877929688,660.0,18009800.0
2015-02-19,491.305419921875,673.2000122070312,677.9000244140625,666.5999755859375,670.4000244140625,15919400.0
2015-02-20,486.9267272949219,667.2000122070312,677.0,662.4000244140625,677.0,11006700.0
2015-02-23,485.0291137695313,664.5999755859375,677.0,658.0,676.9000244140625,13560100.0
2015-02-24,488.8240661621094,669.7999877929688,674.4000244140625,662.0999755859375,665.0,12032500.0
2015-02-25,491.8891906738281,674.0,679.5,672.0999755859375,676.4000244140625,10264500.0
2015-02-26,490.4297790527344,672.0,674.0,666.2999877929688,673.0,10108300.0
2015-02-27,490.1377258300781,671.5999755859375,679.5,667.0,674.9000244140625,12427300.0
2015-03-02,478.0960083007813,655.0999755859375,685.9000244140625,653.0999755859375,685.0,33381500.0
2015-03-03,469.1194152832031,642.7999877929688,655.0,635.7000122070312,651.0,26233100.0
2015-03-04,466.34619140625,639.0,643.2999877929688,630.5,635.0,16505900.0
2015-03-05,469.1923522949219,642.9000244140625,648.4000244140625,637.0,639.5,12131800.0
2015-03-06,463.5728454589844,635.2000122070312,641.2999877929688,631.2999877929688,640.0999755859375,21119100.0
2015-03-09,462.6970520019531,634.0,635.2000122070312,630.7999877929688,631.5,15849900.0
2015-03-10,456.4937133789063,625.5,637.2999877929688,623.0,636.0,16747600.0
2015-03-11,457.5884094238281,627.0,631.4000244140625,621.0999755859375,622.9000244140625,10188800.0
2015-03-12,460.58056640625,631.0999755859375,632.7000122070312,623.0999755859375,627.0999755859375,12734300.0
2015-03-13,458.3182373046875,628.0,634.4000244140625,627.0999755859375,631.0999755859375,24897200.0
2015-03-16,465.6162414550781,638.0,643.0,628.7000122070312,631.2000122070312,17396200.0
2015-03-17,462.989013671875,634.4000244140625,643.7999877929688,634.0,643.7999877929688,14606400.0
2015-03-18,465.6162414550781,638.0,639.2999877929688,631.7000122070312,637.0,12711700.0
2015-03-19,462.2591552734375,633.4000244140625,639.4000244140625,631.0,639.4000244140625,15831600.0
2015-03-20,463.9378051757813,635.7000122070312,635.7000122070312,630.0,634.0,12778900.0
2015-03-23,463.4269409179688,635.0,638.5999755859375,630.0999755859375,633.0999755859375,13185500.0
2015-03-24,463.0619812011719,634.5,638.7000122070312,632.0,636.0,15081100.0
2015-03-25,467.0029296875,639.9000244140625,639.9000244140625,634.0,638.0,14394200.0
2015-03-26,464.5215759277344,636.5,639.7999877929688,633.0,636.0,18933900.0
2015-03-27,456.6482849121094,609.0,620.0999755859375,603.7999877929688,617.2000122070312,28690400.0
2015-03-30,455.2237243652344,607.0999755859375,609.4000244140625,596.2999877929688,603.5,15537600.0
2015-03-31,447.350341796875,596.5999755859375,616.9000244140625,596.5999755859375,612.7999877929688,15426700.0
2015-04-01,442.9264221191406,590.7000122070312,598.7000122070312,586.0,595.5,18289300.0
2015-04-02,457.548095703125,610.2000122070312,615.9000244140625,597.7999877929688,600.2999877929688,17990000.0
2015-04-03,454.0988464355469,605.5999755859375,610.5999755859375,601.2999877929688,609.9000244140625,8382500.0
2015-04-06,450.9495544433594,601.4000244140625,602.0,594.2000122070312,600.0,8169300.0
2015-04-07,457.398193359375,610.0,614.7000122070312,605.0999755859375,609.0,9853500.0
2015-04-08,460.77252197265625,614.5,618.5999755859375,611.0,615.7999877929688,9234400.0
2015-04-09,461.5972595214844,615.5999755859375,620.0,612.9000244140625,619.0,9043800.0
2015-04-10,456.7232971191406,609.0999755859375,618.0,607.4000244140625,617.9000244140625,8049000.0
2015-04-13,456.12347412109375,608.2999877929688,608.7999877929688,601.0,607.2999877929688,6800100.0
2015-04-14,461.0724487304688,614.9000244140625,616.2999877929688,606.4000244140625,608.0,7016200.0
2015-04-15,461.6721801757813,615.7000122070312,622.0,611.0999755859375,612.0,9386200.0
2015-04-16,476.069091796875,634.9000244140625,634.9000244140625,617.0,617.2000122070312,14868800.0
2015-04-17,477.0437927246094,636.2000122070312,641.0,625.0,634.7999877929688,15662900.0
2015-04-20,476.444091796875,635.4000244140625,640.0,624.0,626.2000122070312,11066100.0
2015-04-21,482.1427307128906,643.0,644.9000244140625,635.7999877929688,639.5999755859375,13523700.0
2015-04-22,491.4406127929688,655.4000244140625,658.9000244140625,643.5,644.0999755859375,24444200.0
2015-04-23,489.9410400390625,653.4000244140625,664.7999877929688,646.0999755859375,660.0999755859375,13725700.0
2015-04-24,488.5162963867188,651.5,658.5,650.0,653.5,8516000.0
2015-04-27,488.2163391113281,651.0999755859375,659.5,648.7999877929688,656.7999877929688,11396900.0
2015-04-28,487.2414855957031,649.7999877929688,657.0,647.7000122070312,651.0,10389800.0
2015-04-30,481.1678161621094,641.7000122070312,647.2999877929688,635.2000122070312,646.0,13601300.0
2015-05-01,479.7432556152344,639.7999877929688,644.0,627.2000122070312,635.0,10958600.0
2015-05-07,468.6456909179688,625.0,634.7999877929688,621.0999755859375,626.2999877929688,18412700.0
2015-05-08,485.8168640136719,647.9000244140625,648.9000244140625,626.4000244140625,631.5999755859375,16006900.0
2015-05-11,478.6184387207031,638.2999877929688,655.9000244140625,636.5999755859375,655.0,15855200.0
2015-05-12,488.4413146972656,651.4000244140625,652.5,641.0,648.0,17059000.0
2015-05-13,483.71728515625,645.0999755859375,653.9000244140625,640.4000244140625,646.0,12683700.0
2015-05-14,477.3437194824219,636.5999755859375,647.9000244140625,633.5,646.9000244140625,8822500.0
2015-05-15,486.1168212890625,648.2999877929688,650.5999755859375,635.5999755859375,645.2999877929688,12332600.0
2015-05-18,494.5149230957031,659.5,659.5,641.7000122070312,642.5,17870900.0
2015-05-19,502.3132629394531,669.9000244140625,672.0,657.2000122070312,659.5,20623300.0
2015-05-20,511.1612548828125,681.7000122070312,691.9000244140625,672.7999877929688,676.2000122070312,25550600.0
2015-05-21,511.9111022949219,682.7000122070312,689.5,671.7999877929688,680.0,13370300.0
2015-05-22,513.4857177734375,684.7999877929688,689.0,678.2000122070312,688.0,7952000.0
2015-05-25,520.759033203125,694.5,698.0,687.2000122070312,689.7999877929688,10433900.0
2015-05-26,519.4094848632812,692.7000122070312,697.2999877929688,690.7000122070312,694.4000244140625,6437700.0
2015-05-27,517.9846801757812,690.7999877929688,697.0,682.9000244140625,685.9000244140625,11297400.0
2015-05-28,535.90576171875,714.7000122070312,719.2999877929688,692.5999755859375,698.0,22072600.0
2015-05-29,534.4808959960938,712.7999877929688,719.5999755859375,708.0,714.0,12655600.0
2015-06-01,540.1796875,720.4000244140625,721.4000244140625,705.2000122070312,707.0999755859375,11301800.0
2015-06-02,528.4822998046875,704.7999877929688,721.2999877929688,703.0,721.0,10131000.0
2015-06-03,529.6071166992188,706.2999877929688,710.9000244140625,696.0999755859375,700.2000122070312,9267200.0
2015-06-04,540.7796020507812,721.2000122070312,726.7000122070312,703.5,709.7000122070312,12069100.0
2015-06-05,531.8566284179688,709.2999877929688,714.7000122070312,702.0999755859375,712.5,8365700.0
2015-06-08,534.1061401367188,712.2999877929688,725.2999877929688,707.2000122070312,719.7000122070312,9146900.0
2015-06-09,518.5095825195312,691.5,709.0,690.5,702.0,13681100.0
2015-06-10,515.51025390625,687.5,698.0,685.9000244140625,688.7999877929688,13139300.0
2015-06-11,516.8599853515625,689.2999877929688,701.0,686.4000244140625,695.0,13237300.0
2015-06-12,517.4597778320312,690.0999755859375,697.0,686.7999877929688,696.7000122070312,16284200.0
2015-06-15,519.784423828125,693.2000122070312,695.2999877929688,678.0999755859375,684.0,11482700.0
2015-06-16,510.1114501953125,680.2999877929688,694.5,679.2000122070312,684.9000244140625,11288300.0
2015-06-17,510.5613403320313,680.9000244140625,686.2000122070312,679.7000122070312,684.2000122070312,7569700.0
2015-06-18,502.3132629394531,669.9000244140625,681.4000244140625,666.5999755859375,680.7999877929688,9779800.0
2015-06-19,504.937744140625,673.4000244140625,677.2000122070312,667.5,676.0999755859375,20122300.0
2015-06-22,518.359619140625,691.2999877929688,691.4000244140625,675.2000122070312,675.2000122070312,8660300.0
2015-06-23,529.3821411132812,706.0,706.0,693.7999877929688,700.0,11652100.0
2015-06-24,535.6806640625,714.4000244140625,721.7999877929688,713.0,715.0,15270100.0
2015-06-25,534.8558959960938,713.2999877929688,716.9000244140625,708.5999755859375,712.0,8780200.0
2015-06-26,523.533447265625,698.2000122070312,704.7999877929688,692.0,700.0,18033300.0
2015-06-29,505.6876220703125,674.4000244140625,680.7000122070312,667.0,668.2000122070312,15693900.0
2015-06-30,501.2633972167969,668.5,674.4000244140625,657.7000122070312,671.0,20411200.0
2015-07-01,504.4128112792969,672.7000122070312,675.2000122070312,664.0999755859375,670.9000244140625,9718200.0
2015-07-02,509.736572265625,679.7999877929688,680.7999877929688,674.2000122070312,676.7000122070312,10453600.0
2015-07-03,511.0860900878906,681.5999755859375,686.9000244140625,678.5999755859375,679.7999877929688,12268400.0
2015-07-06,497.5143127441406,663.5,670.2999877929688,660.0,668.0999755859375,11375900.0
2015-07-07,499.0138244628906,665.5,675.5,663.5,674.0,9904800.0
2015-07-08,481.6177978515625,642.2999877929688,671.5999755859375,641.2999877929688,667.0,17551200.0
2015-07-09,482.8925476074219,644.0,645.7000122070312,622.0,630.0,17146900.0
2015-07-10,490.9156799316406,654.7000122070312,664.5999755859375,643.4000244140625,645.0,12018500.0
2015-07-13,495.5647277832031,660.9000244140625,665.2999877929688,655.2000122070312,661.5,8593300.0
2015-07-14,508.3117980957031,677.9000244140625,678.9000244140625,670.4000244140625,676.2000122070312,9927600.0
2015-07-15,510.4862976074219,680.7999877929688,683.7999877929688,675.5999755859375,678.9000244140625,7607900.0
2015-07-16,514.3854370117188,686.0,686.0,678.0999755859375,684.0,7292700.0
2015-07-17,518.5095825195312,691.5,693.2000122070312,682.4000244140625,687.7000122070312,7349700.0
2015-07-21,520.2341918945312,693.7999877929688,696.9000244140625,689.0999755859375,696.0999755859375,5651400.0
2015-07-22,512.510986328125,683.5,689.5,681.5999755859375,689.5,5567300.0
2015-07-23,514.9104614257812,686.7000122070312,692.9000244140625,682.7000122070312,690.9000244140625,4184400.0
2015-07-24,508.9118041992188,678.7000122070312,686.9000244140625,676.0999755859375,683.0,5348200.0
2015-07-27,509.4367065429688,679.4000244140625,680.2999877929688,670.0999755859375,671.0999755859375,5914100.0
2015-07-28,502.7630615234375,670.5,683.0,651.9000244140625,674.0,8768200.0
2015-07-29,507.2620544433594,676.5,681.9000244140625,671.7999877929688,675.0,5883400.0
2015-07-30,511.1612548828125,681.7000122070312,683.9000244140625,673.2999877929688,674.4000244140625,9719800.0
2015-07-31,511.5361328125,682.2000122070312,686.9000244140625,680.7999877929688,685.9000244140625,7533900.0
2015-08-03,507.1871337890625,676.4000244140625,680.7999877929688,668.4000244140625,680.2999877929688,10394400.0
2015-08-04,508.0118408203125,677.5,686.5,673.0999755859375,676.4000244140625,9074000.0
2015-08-05,508.3867492675781,678.0,683.9000244140625,663.9000244140625,677.4000244140625,9167800.0
2015-08-06,513.3356323242188,684.5999755859375,693.0,678.5,685.0,11816500.0
2015-08-07,524.7332153320312,699.7999877929688,700.7000122070312,683.4000244140625,684.0999755859375,10726500.0
2015-08-10,529.3821411132812,706.0,706.0,694.2000122070312,698.0,7923500.0
2015-08-11,524.8831176757812,700.0,710.5999755859375,696.5999755859375,704.0999755859375,8970100.0
2015-08-12,514.3854370117188,686.0,704.0,680.2000122070312,696.0,12564600.0
2015-08-13,501.9383544921875,669.4000244140625,687.2999877929688,668.0,681.4000244140625,14540600.0
2015-08-14,501.0384826660156,668.2000122070312,675.0,665.5999755859375,670.7999877929688,11533500.0
2015-08-17,502.0881652832031,669.5999755859375,681.7000122070312,667.2000122070312,672.0,8582200.0
2015-08-18,501.6383972167969,669.0,673.9000244140625,667.2000122070312,673.7999877929688,5986500.0
2015-08-19,493.840087890625,658.5999755859375,671.5,658.0,669.0,11765300.0
2015-08-20,484.5421142578125,646.2000122070312,658.4000244140625,646.0999755859375,658.0,11520500.0
2015-08-21,468.1958618164063,624.4000244140625,634.9000244140625,622.0,634.5,12070000.0
2015-08-24,433.553466796875,578.2000122070312,599.7999877929688,573.0,595.0,30467300.0
2015-08-25,420.3564147949219,560.5999755859375,592.9000244140625,545.0,552.0,29965400.0
2015-08-26,436.8527526855469,582.5999755859375,583.7000122070312,553.2999877929688,562.9000244140625,19910700.0
2015-08-27,444.950927734375,593.4000244140625,604.5999755859375,592.2999877929688,595.0,14198200.0
2015-08-28,464.89654541015625,620.0,624.5,610.7000122070312,613.0,12843800.0
2015-08-31,460.24755859375,613.7999877929688,615.5999755859375,606.4000244140625,612.0,10268900.0
2015-09-01,445.7008056640625,594.4000244140625,614.9000244140625,594.4000244140625,610.0,9214000.0
2015-09-02,442.7764892578125,590.5,607.4000244140625,582.4000244140625,582.9000244140625,9987300.0
2015-09-03,438.052490234375,584.2000122070312,600.0999755859375,583.0999755859375,596.7000122070312,7426000.0
2015-09-04,429.5043640136719,572.7999877929688,593.2999877929688,566.7999877929688,593.2999877929688,8889700.0
2015-09-07,427.4048767089844,570.0,574.5,550.0,565.0,9682600.0
2015-09-08,430.4791259765625,574.0999755859375,580.4000244140625,569.7000122070312,570.0999755859375,7062000.0
2015-09-09,456.4982604980469,608.7999877929688,608.7999877929688,585.4000244140625,593.5,10370800.0
2015-09-10,447.5003051757813,596.7999877929688,599.2000122070312,583.5999755859375,590.0,7778100.0
2015-09-11,450.8746948242188,601.2999877929688,604.0999755859375,585.7000122070312,590.0,14335400.0
2015-09-14,447.2754211425781,596.5,604.7000122070312,591.4000244140625,602.7999877929688,7866300.0
2015-09-15,445.5508117675781,594.2000122070312,611.2000122070312,589.5,597.9000244140625,8673800.0
2015-09-16,455.5986328125,607.5999755859375,608.7999877929688,594.2999877929688,602.0,6655500.0
2015-09-17,462.5720520019531,616.9000244140625,620.5,610.0,612.5,10533800.0
2015-09-18,461.5972595214844,615.5999755859375,625.0999755859375,611.5,625.0,17881800.0
2015-09-24,451.0245361328125,601.5,615.7000122070312,598.4000244140625,609.0,15408000.0
2015-09-25,460.997314453125,614.7999877929688,617.5999755859375,592.2999877929688,601.7000122070312,12365200.0
2015-09-28,469.7413330078125,617.7999877929688,622.0999755859375,607.0999755859375,613.9000244140625,8709900.0
2015-09-29,449.9723815917969,591.7999877929688,605.7000122070312,586.5,600.2999877929688,12922500.0
2015-09-30,460.997314453125,606.2999877929688,611.2000122070312,593.2000122070312,597.7000122070312,11829800.0
2015-10-01,476.5084533691406,626.7000122070312,629.7000122070312,605.0,608.0,8391400.0
2015-10-02,475.9002075195313,625.9000244140625,627.2999877929688,615.5,618.0999755859375,7753900.0
2015-10-05,477.9530334472656,628.5999755859375,632.0,620.5999755859375,627.5,8816400.0
2015-10-06,484.7200927734375,637.5,641.7000122070312,631.2999877929688,635.0999755859375,9826800.0
2015-10-07,488.1416931152344,642.0,642.9000244140625,628.0999755859375,636.0,9937500.0
2015-10-08,485.4804992675781,638.5,642.7000122070312,633.2000122070312,640.0,9344900.0
2015-10-09,490.4227600097656,645.0,645.0,630.7999877929688,640.2000122070312,9996800.0
2015-10-13,487.6856689453125,641.4000244140625,647.4000244140625,636.5999755859375,644.7999877929688,7616500.0
2015-10-14,472.8587646484375,621.9000244140625,638.4000244140625,618.2000122070312,634.5,10677000.0
2015-10-15,474.8356628417969,624.5,626.7999877929688,615.2999877929688,618.5999755859375,8410700.0
2015-10-16,477.9530334472656,628.5999755859375,635.2999877929688,622.5999755859375,628.5999755859375,13128900.0
2015-10-19,465.9396362304688,612.7999877929688,624.0,604.5,623.7999877929688,11498300.0
2015-10-20,479.7779541015625,631.0,632.7000122070312,616.9000244140625,619.0,10062100.0
2015-10-21,484.7961120605469,637.5999755859375,639.2000122070312,621.2999877929688,625.4000244140625,8875400.0
2015-10-22,484.7961120605469,637.5999755859375,645.9000244140625,631.5999755859375,634.0,5466700.0
2015-10-23,492.6277465820313,647.9000244140625,651.7999877929688,644.2999877929688,649.2000122070312,8864100.0
2015-10-26,493.1599426269531,648.5999755859375,654.0999755859375,644.7000122070312,653.0,7642500.0
2015-10-27,485.4804992675781,638.5,650.2000122070312,638.5,650.0,6066000.0
2015-10-28,486.0888977050781,639.2999877929688,643.7999877929688,635.7999877929688,639.2999877929688,3730000.0
2015-10-29,486.92523193359375,640.4000244140625,648.9000244140625,635.9000244140625,647.0,5172700.0
2015-10-30,489.3582458496094,643.5999755859375,649.4000244140625,635.7999877929688,641.7999877929688,6598300.0
2015-11-02,478.7134399414063,629.5999755859375,644.5,625.0999755859375,639.7999877929688,7642300.0
2015-11-04,479.9300231933594,631.2000122070312,642.0,630.4000244140625,636.4000244140625,8005600.0
2015-11-05,487.9896240234375,641.7999877929688,644.5,632.2999877929688,633.2000122070312,6947600.0
2015-11-06,488.8260498046875,642.9000244140625,647.5999755859375,635.7999877929688,645.0,5842800.0
2015-11-09,501.2956848144531,659.2999877929688,664.4000244140625,647.9000244140625,650.0,11008400.0
2015-11-10,501.2956848144531,659.2999877929688,663.0,648.7999877929688,653.7000122070312,8024100.0
2015-11-11,506.7700805664063,666.5,668.0,654.7000122070312,657.0,7781600.0
2015-11-12,475.9761962890625,626.0,640.0,620.2999877929688,636.5,28706900.0
2015-11-13,475.4439697265625,625.2999877929688,628.5999755859375,614.0,616.0999755859375,17685300.0
2015-11-16,470.1975708007813,618.4000244140625,624.5999755859375,611.2999877929688,613.7999877929688,8030100.0
2015-11-17,470.4256896972656,618.7000122070312,625.0,618.2999877929688,624.5,10561200.0
2015-11-18,471.6421508789063,620.2999877929688,625.2999877929688,617.5999755859375,623.7000122070312,10915600.0
2015-11-19,476.7366027832031,627.0,632.7999877929688,622.5,624.0,14553800.0
2015-11-20,475.7481689453125,625.7000122070312,626.5999755859375,618.7000122070312,624.7999877929688,8966000.0
2015-11-24,476.7366027832031,627.0,628.4000244140625,619.0999755859375,623.2000122070312,10667900.0
2015-11-25,471.4140625,620.0,628.5,619.5,624.2999877929688,10252500.0
2015-11-26,472.7067260742188,621.7000122070312,624.2000122070312,618.0999755859375,621.0999755859375,6623600.0
2015-11-27,471.18597412109375,619.7000122070312,622.7000122070312,618.5999755859375,620.9000244140625,8087900.0
2015-11-30,456.8154296875,600.7999877929688,617.5999755859375,600.7999877929688,617.0999755859375,17724900.0
2015-12-01,465.4073181152344,612.0999755859375,612.2000122070312,597.5999755859375,601.9000244140625,13721300.0
2015-12-02,465.1792907714844,611.7999877929688,617.7000122070312,608.5,612.0,7653900.0
2015-12-03,467.9925231933594,615.5,617.2999877929688,609.9000244140625,611.9000244140625,8744600.0
2015-12-04,461.605712890625,607.0999755859375,608.2000122070312,601.2000122070312,604.7999877929688,10573000.0
2015-12-07,466.3197937011719,613.2999877929688,621.4000244140625,610.2000122070312,615.0,10143400.0
2015-12-08,460.541259765625,605.7000122070312,614.7000122070312,602.7999877929688,611.2000122070312,8471900.0
2015-12-09,458.6403503417969,603.2000122070312,607.5999755859375,600.0,601.7000122070312,8587300.0
2015-12-10,452.7096862792969,595.4000244140625,604.7999877929688,593.4000244140625,600.0,10032000.0
2015-12-11,451.18896484375,593.4000244140625,597.0999755859375,587.7000122070312,589.0,13987200.0
2015-12-14,447.3111267089844,588.2999877929688,589.7999877929688,583.0,583.4000244140625,10127500.0
2015-12-15,435.3737487792969,572.5999755859375,586.9000244140625,570.0,585.0,15627000.0
2015-12-16,447.4632263183594,588.5,593.2000122070312,574.0,574.0,13983100.0
2015-12-17,452.937744140625,595.7000122070312,600.7999877929688,590.5999755859375,597.7999877929688,13106800.0
2015-12-18,443.4334411621094,583.2000122070312,606.5,583.2000122070312,595.7000122070312,12468800.0
2015-12-21,443.9656066894531,583.9000244140625,587.4000244140625,572.4000244140625,578.5999755859375,8694100.0
2015-12-22,443.6615295410156,583.5,591.5,582.0999755859375,585.0,7339900.0
2015-12-24,441.9126586914063,581.2000122070312,590.0,581.0999755859375,583.5999755859375,8076800.0
2015-12-25,441.9126586914063,581.2000122070312,581.2000122070312,581.2000122070312,581.2000122070312,0.0
2015-12-28,441.6085815429688,580.7999877929688,583.0999755859375,575.0,577.0999755859375,5431700.0
2015-12-29,449.8203125,591.5999755859375,592.9000244140625,578.7999877929688,578.7999877929688,6873100.0
2015-12-30,449.5162048339844,591.2000122070312,597.9000244140625,587.0999755859375,592.2999877929688,5383000.0
2016-01-04,442.9011840820313,582.5,595.0999755859375,578.5,584.0999755859375,7313200.0
2016-01-05,445.4102478027344,585.7999877929688,590.0,580.2999877929688,580.2999877929688,6471500.0
2016-01-06,437.4267272949219,575.2999877929688,591.7000122070312,571.0,589.5,9194800.0
2016-01-07,430.1273498535156,565.7000122070312,577.4000244140625,563.4000244140625,575.2999877929688,12013100.0
2016-01-08,429.2149353027344,564.5,578.2000122070312,558.7000122070312,560.0,15892900.0
2016-01-12,410.5864868164063,540.0,560.2000122070312,540.0,554.5,18074200.0
2016-01-13,426.2496032714844,560.5999755859375,562.7999877929688,547.5,549.7999877929688,12882400.0
2016-01-14,421.0032043457031,553.7000122070312,555.2000122070312,539.7000122070312,544.5999755859375,12527400.0
2016-01-15,430.5835876464844,566.2999877929688,572.0,561.0,570.0,19447500.0
2016-01-18,428.0744323730469,563.0,567.5999755859375,553.4000244140625,558.0999755859375,16346000.0
2016-01-19,423.66448974609375,557.2000122070312,564.7000122070312,549.2000122070312,560.0,9725900.0
2016-01-20,413.39984130859375,543.7000122070312,559.7000122070312,542.2999877929688,558.7999877929688,9587100.0
2016-01-21,402.3747863769531,529.2000122070312,552.7999877929688,529.2000122070312,544.2999877929688,11318500.0
2016-01-22,422.9041137695313,556.2000122070312,557.5999755859375,539.2000122070312,546.0,12207200.0
2016-01-25,428.0744323730469,563.0,566.2999877929688,556.5,563.9000244140625,9309100.0
2016-01-26,418.1138916015625,549.9000244140625,553.0,542.7000122070312,551.5,10575700.0
2016-01-27,435.7538757324219,573.0999755859375,574.2000122070312,558.0,559.0999755859375,16909700.0
2016-01-28,437.5787048339844,575.5,581.0999755859375,567.4000244140625,570.7999877929688,11747400.0
2016-01-29,416.2890930175781,547.5,583.0,497.0,571.0,32828200.0
2016-02-01,382.909912109375,503.6000061035156,530.0,499.7999877929688,530.0,26619600.0
2016-02-02,369.5278625488281,486.0,501.7000122070313,483.2000122070313,488.0,37003300.0
2016-02-03,354.1688842773437,465.7999877929688,480.0,462.5,480.0,24824200.0
2016-02-04,356.37384033203125,468.7000122070313,480.8999938964844,458.0,461.0,16313000.0
2016-02-05,344.4364318847656,453.0,461.2000122070313,447.8999938964844,452.2000122070313,22681300.0
2016-02-08,344.2843933105469,452.7999877929688,457.1000061035156,442.2999877929688,445.0,14559400.0
2016-02-09,316.8359375,416.7000122070313,430.3999938964844,412.7999877929688,430.2000122070313,23100600.0
2016-02-10,300.4884948730469,395.2000122070313,419.5,392.0,417.2999877929688,22895400.0
2016-02-12,286.7261962890625,377.1000061035156,392.5,369.1000061035156,373.6000061035156,25414200.0
2016-02-15,311.3614501953125,409.5,414.0,396.7999877929688,407.0,21356700.0
2016-02-16,314.8590087890625,414.1000061035156,423.1000061035156,402.0,409.3999938964844,17666900.0
2016-02-17,307.9398498535156,405.0,419.5,400.6000061035156,411.3999938964844,19585800.0
2016-02-18,313.8705139160156,412.7999877929688,417.2000122070313,404.0,413.0,17056500.0
2016-02-19,302.085205078125,397.2999877929688,408.5,396.6000061035156,408.0,19847400.0
2016-02-22,296.2305603027344,389.6000061035156,393.3999938964844,385.2999877929688,392.0,14650400.0
2016-02-23,300.1082763671875,394.7000122070313,401.8999938964844,393.0,397.6000061035156,18614400.0
2016-02-24,303.0736389160156,398.6000061035156,404.2000122070313,386.2999877929688,387.7999877929688,20609700.0
2016-02-25,305.2786560058594,401.5,403.3999938964844,396.2000122070313,399.2999877929688,17797100.0
2016-02-26,302.617431640625,398.0,404.8999938964844,395.0,403.5,14477500.0
2016-02-29,300.33642578125,395.0,405.3999938964844,393.2000122070313,402.0,17921900.0
2016-03-01,299.652099609375,394.1000061035156,400.2000122070313,388.8999938964844,394.7999877929688,15556700.0
2016-03-02,304.4422912597656,400.3999938964844,406.6000061035156,398.5,402.1000061035156,27745000.0
2016-03-03,325.04766845703125,427.5,431.7000122070313,402.8999938964844,404.7000122070313,29972000.0
2016-03-04,326.7964172363281,429.7999877929688,437.2999877929688,423.2999877929688,429.3999938964844,19215100.0
2016-03-07,324.5914001464844,426.8999938964844,431.6000061035156,423.8999938964844,428.6000061035156,13292400.0
2016-03-08,314.4027709960937,413.5,431.2999877929688,410.0,427.1000061035156,18784400.0
2016-03-09,306.5712585449219,403.2000122070313,411.2000122070313,402.6000061035156,409.0,15619000.0
2016-03-10,310.06884765625,407.7999877929688,409.8999938964844,400.3999938964844,407.0,17311900.0
2016-03-11,322.8426513671875,424.6000061035156,426.0,402.0,402.0,21609600.0
2016-03-14,331.4345703125,435.8999938964844,436.2000122070313,430.2000122070313,432.6000061035156,21801600.0
2016-03-15,327.480712890625,430.7000122070313,434.7000122070313,426.0,434.5,20394600.0
2016-03-16,313.26226806640625,412.0,423.8999938964844,410.0,423.6000061035156,23284600.0
2016-03-17,311.5135192871094,409.7000122070313,419.8999938964844,408.2000122070313,414.7000122070313,17434400.0
2016-03-18,310.98126220703125,409.0,412.5,402.0,408.7999877929688,16949700.0
2016-03-22,311.9697265625,410.2999877929688,414.7999877929688,406.2999877929688,409.2000122070313,12954700.0
2016-03-23,311.2093505859375,409.2999877929688,416.0,408.6000061035156,410.8999938964844,11660700.0
2016-03-24,300.56451416015625,395.2999877929688,408.2999877929688,394.7000122070313,408.2999877929688,21625800.0
2016-03-25,306.4191589355469,403.0,407.0,393.2999877929688,395.6000061035156,15694700.0
2016-03-28,313.1862487792969,411.8999938964844,411.8999938964844,404.5,406.0,13553900.0
2016-03-29,316.2140808105469,407.2999877929688,409.6000061035156,401.1000061035156,405.6000061035156,10603500.0
2016-03-30,303.6369323730469,391.1000061035156,407.6000061035156,390.1000061035156,406.7999877929688,17337900.0
2016-03-31,311.788818359375,401.6000061035156,407.8999938964844,395.0,395.7999877929688,21703500.0
2016-04-01,295.71795654296875,380.8999938964844,399.6000061035156,380.5,399.6000061035156,24322300.0
2016-04-04,299.9104309082031,386.2999877929688,394.5,379.0,380.0,16844500.0
2016-04-05,287.7214050292969,370.6000061035156,385.6000061035156,367.2000122070313,381.1000061035156,21101100.0
2016-04-06,288.730712890625,371.8999938964844,377.5,368.3999938964844,371.1000061035156,20472100.0
2016-04-07,289.2742004394531,372.6000061035156,381.7999877929688,367.3999938964844,371.0,13523000.0
2016-04-08,293.15594482421875,377.6000061035156,382.7000122070313,359.29998779296875,364.6000061035156,14927300.0
2016-04-11,286.867431640625,369.5,373.1000061035156,364.1000061035156,373.1000061035156,14731000.0
2016-04-12,304.9567565917969,392.7999877929688,394.5,368.2999877929688,369.0,19341700.0
2016-04-13,312.4098815917969,402.3999938964844,404.7999877929688,392.0,397.5,17063800.0
2016-04-14,323.9001159667969,417.2000122070313,417.2000122070313,403.5,408.2999877929688,20802700.0
2016-04-15,315.204833984375,406.0,416.2999877929688,404.5,412.7000122070313,15642000.0
2016-04-18,304.4132995605469,392.1000061035156,398.5,390.0,390.0,8177200.0
2016-04-19,320.87225341796875,413.2999877929688,419.0,404.6000061035156,405.2000122070313,15256600.0
2016-04-20,319.086669921875,411.0,417.7000122070313,410.0,415.1000061035156,10082700.0
2016-04-21,322.26971435546875,415.1000061035156,419.7999877929688,408.1000061035156,418.8999938964844,12357400.0
2016-04-22,338.0299987792969,435.3999938964844,452.8999938964844,409.2999877929688,411.0,30779000.0
2016-04-25,337.3312683105469,434.5,441.7000122070313,427.0,439.7999877929688,20971800.0
2016-04-26,331.35321044921875,426.7999877929688,437.5,421.6000061035156,433.2000122070313,13697700.0
2016-04-27,326.8503112792969,421.0,427.8999938964844,415.0,424.2000122070313,14690500.0
2016-04-28,305.267333984375,393.2000122070313,429.7000122070313,390.1000061035156,422.5,24806800.0
2016-05-02,294.7863464355469,379.7000122070313,383.5,375.0,377.0,20272500.0
2016-05-06,295.4851379394531,380.6000061035156,384.7000122070313,374.1000061035156,380.0,12241000.0
2016-05-09,296.02850341796875,381.2999877929688,388.2999877929688,379.0,383.2999877929688,7089100.0
2016-05-10,299.988037109375,386.3999938964844,387.7999877929688,373.1000061035156,382.1000061035156,13962600.0
2016-05-11,301.152587890625,387.8999938964844,396.3999938964844,385.3999938964844,390.0,12022600.0
2016-05-12,301.307861328125,388.1000061035156,389.7999877929688,378.1000061035156,380.0,10258400.0
2016-05-13,309.3044128417969,398.3999938964844,412.7999877929688,398.2999877929688,411.7000122070313,25906400.0
2016-05-16,308.6833190917969,397.6000061035156,401.5,391.7999877929688,396.7000122070313,13899200.0
2016-05-17,317.1457214355469,408.5,408.5,401.6000061035156,403.0,12079100.0
2016-05-18,332.207275390625,427.8999938964844,431.6000061035156,408.2000122070313,409.2000122070313,23465500.0
2016-05-19,332.36248779296875,428.1000061035156,441.0,423.7000122070313,440.0,17031100.0
2016-05-20,331.12030029296875,426.5,429.3999938964844,421.2000122070313,427.7999877929688,15307100.0
2016-05-23,331.741455078125,427.2999877929688,428.8999938964844,419.2000122070313,425.0,10197400.0
2016-05-24,328.4030456542969,423.0,426.2000122070313,421.5,426.1000061035156,6202400.0
2016-05-25,327.85955810546875,422.2999877929688,428.3999938964844,421.0,428.2999877929688,11108200.0
2016-05-26,324.90936279296875,418.5,426.2000122070313,418.1000061035156,425.2999877929688,12794000.0
2016-05-27,325.2975769042969,419.0,422.2999877929688,415.3999938964844,419.7000122070313,15732900.0
2016-05-30,325.91864013671875,419.7999877929688,423.0,414.1000061035156,422.5,15623000.0
2016-05-31,327.1607971191406,421.3999938964844,422.7000122070313,415.7000122070313,419.7999877929688,16897300.0
2016-06-01,321.8815612792969,414.6000061035156,420.5,413.2000122070313,418.7000122070313,14944400.0
2016-06-02,311.4781799316406,401.2000122070313,412.0,400.1000061035156,412.0,16928500.0
2016-06-03,312.4875183105469,402.5,404.8999938964844,399.1000061035156,400.0,11515800.0
2016-06-06,309.3820495605469,398.5,398.7999877929688,390.2000122070313,391.1000061035156,11810000.0
2016-06-07,311.5558776855469,401.2999877929688,403.7000122070313,397.2000122070313,401.2999877929688,7055000.0
2016-06-08,313.72967529296875,404.1000061035156,404.6000061035156,398.2000122070313,402.8999938964844,8828700.0
2016-06-09,305.57781982421875,393.6000061035156,400.1000061035156,391.7000122070313,399.5,10297000.0
2016-06-10,303.792236328125,391.2999877929688,391.6000061035156,387.0,390.0,13696000.0
2016-06-13,296.4167175292969,381.7999877929688,387.5,381.7999877929688,384.8999938964844,11898700.0
2016-06-14,291.13739013671875,375.0,380.3999938964844,372.2000122070313,380.2999877929688,13214800.0
2016-06-15,293.3112487792969,377.7999877929688,382.6000061035156,370.1000061035156,371.2999877929688,12313400.0
2016-06-16,294.087646484375,378.7999877929688,382.5,372.0,377.5,18483200.0
2016-06-17,302.78289794921875,390.0,392.2000122070313,381.6000061035156,385.2999877929688,19084600.0
2016-06-20,307.829345703125,396.5,399.1000061035156,392.3999938964844,395.0,9637000.0
2016-06-21,309.6149597167969,398.7999877929688,400.2000122070313,387.2000122070313,391.5,11263900.0
2016-06-22,309.3044128417969,398.3999938964844,401.0,393.7000122070313,399.0,11659400.0
2016-06-23,317.61151123046875,409.1000061035156,411.5,400.1000061035156,405.0,16130000.0
2016-06-24,294.708740234375,379.6000061035156,413.8999938964844,370.2000122070313,413.2000122070313,21228000.0
2016-06-27,291.0597839355469,374.8999938964844,384.7999877929688,370.0,384.0,11810600.0
2016-06-28,288.031982421875,371.0,376.2000122070313,360.3999938964844,370.0,12190000.0
2016-06-29,290.0505676269531,373.6000061035156,380.0,371.2999877929688,380.0,11219200.0
2016-06-30,288.808349609375,372.0,382.2000122070313,371.7000122070313,380.7000122070313,13267700.0
2016-07-01,290.749267578125,374.5,379.1000061035156,372.1000061035156,376.0,7837200.0
2016-07-04,291.13739013671875,375.0,378.3999938964844,371.2000122070313,374.5,7917200.0
2016-07-05,290.2834167480469,373.8999938964844,375.0,369.2000122070313,373.1000061035156,8500900.0
2016-07-06,283.9949035644531,365.7999877929688,369.2999877929688,360.7000122070313,368.1000061035156,17555600.0
2016-07-07,279.647216796875,360.20001220703125,368.7000122070313,359.6000061035156,362.0,11881500.0
2016-07-08,277.9391784667969,358.0,364.5,356.3999938964844,362.7000122070313,12902200.0
2016-07-11,277.9391784667969,358.0,358.0,358.0,358.0,0.0
2016-07-12,298.823486328125,384.8999938964844,388.8999938964844,377.0,379.0,24934900.0
2016-07-13,308.4504089355469,397.2999877929688,403.1000061035156,393.1000061035156,399.7999877929688,19352600.0
2016-07-14,307.130615234375,395.6000061035156,398.6000061035156,390.5,396.6000061035156,10411500.0
2016-07-15,316.67987060546875,407.8999938964844,412.8999938964844,397.7000122070313,400.5,17962300.0
2016-07-19,320.79461669921875,413.2000122070313,420.0,408.0,420.0,17140700.0
2016-07-20,315.90350341796875,406.8999938964844,414.7999877929688,402.3999938964844,411.5,11700900.0
2016-07-21,319.2419128417969,411.2000122070313,418.2000122070313,409.0,414.6000061035156,14154000.0
2016-07-22,312.7980651855469,402.8999938964844,404.2000122070313,398.8999938964844,402.2000122070313,11988700.0
2016-07-25,311.0900573730469,400.7000122070313,410.0,399.3999938964844,400.7000122070313,14170000.0
2016-07-26,306.5870666503906,394.8999938964844,400.7999877929688,392.5,398.2000122070313,9945500.0
2016-07-27,307.285888671875,395.7999877929688,400.2000122070313,390.6000061035156,400.0,15700800.0
2016-07-28,301.540771484375,388.3999938964844,393.7000122070313,383.7000122070313,393.2000122070313,10682800.0
2016-07-29,322.1921081542969,415.0,417.2000122070313,378.0,382.7999877929688,31143500.0
2016-08-01,345.7160339355469,445.2999877929688,452.7000122070313,416.6000061035156,428.7999877929688,45755500.0
2016-08-02,330.887451171875,426.2000122070313,443.8999938964844,425.2000122070313,437.2999877929688,22462400.0
2016-08-03,318.7760925292969,410.6000061035156,420.7999877929688,406.1000061035156,416.0,18596100.0
2016-08-04,324.90936279296875,418.5,422.8999938964844,410.7000122070313,413.2000122070313,15950600.0
2016-08-05,324.5988464355469,418.1000061035156,430.2999877929688,415.6000061035156,426.5,11366500.0
2016-08-08,339.1944885253906,436.8999938964844,441.2000122070313,421.8999938964844,425.2000122070313,16088100.0
2016-08-09,338.4958190917969,436.0,441.0,430.6000061035156,438.7000122070313,12139600.0
2016-08-10,334.4586486816406,430.7999877929688,434.8999938964844,426.1000061035156,431.7999877929688,9608600.0
2016-08-12,328.17010498046875,422.7000122070313,437.7999877929688,420.0,436.8999938964844,14413400.0
2016-08-15,330.65447998046875,425.8999938964844,430.2999877929688,421.7000122070313,422.7999877929688,10791800.0
2016-08-16,329.33465576171875,424.2000122070313,434.2000122070313,423.6000061035156,429.6000061035156,11616100.0
2016-08-17,346.8028869628906,446.7000122070313,447.0,425.7000122070313,425.7000122070313,17420200.0
2016-08-18,351.4610595703125,452.7000122070313,469.2999877929688,447.0,449.8999938964844,31737000.0
2016-08-19,353.55731201171875,455.3999938964844,459.2000122070313,449.0,452.6000061035156,18698900.0
2016-08-22,356.35223388671875,459.0,461.2000122070313,447.6000061035156,458.0,11610600.0
2016-08-23,351.6940612792969,453.0,459.1000061035156,447.7000122070313,457.3999938964844,13408000.0
2016-08-24,349.5978698730469,450.2999877929688,465.3999938964844,448.1000061035156,457.7999877929688,11989000.0
2016-08-25,353.0137939453125,454.7000122070313,455.3999938964844,447.3999938964844,450.2999877929688,6795800.0
2016-08-26,348.89910888671875,449.3999938964844,455.7999877929688,449.3999938964844,453.7999877929688,7268500.0
2016-08-29,352.47039794921875,454.0,460.8999938964844,452.5,455.0,10286200.0
2016-08-30,356.1969299316406,458.7999877929688,462.3999938964844,452.1000061035156,454.2000122070313,9976600.0
2016-08-31,367.3766174316406,473.2000122070313,475.7000122070313,464.8999938964844,465.2000122070313,13052100.0
2016-09-01,372.6559448242188,480.0,487.7999877929688,474.2000122070313,476.0,15963200.0
2016-09-02,371.1808776855469,478.1000061035156,480.5,473.1000061035156,479.7000122070313,9646800.0
2016-09-05,364.0382690429688,468.8999938964844,486.1000061035156,467.2000122070313,486.1000061035156,12450800.0
2016-09-06,366.9108276367188,472.6000061035156,478.8999938964844,467.6000061035156,470.2000122070313,12368500.0
2016-09-07,362.4854736328125,466.8999938964844,471.3999938964844,459.2000122070313,469.7000122070313,14742100.0
2016-09-08,358.9142150878906,462.2999877929688,471.5,460.8999938964844,467.3999938964844,12566700.0
2016-09-09,359.1471862792969,462.6000061035156,466.8999938964844,460.2000122070313,460.3999938964844,9408000.0
2016-09-12,350.2188720703125,451.1000061035156,458.3999938964844,445.5,454.6000061035156,15831700.0
2016-09-13,339.97088623046875,437.8999938964844,452.7000122070313,435.2999877929688,451.1000061035156,24425900.0
2016-09-14,334.1481628417969,430.3999938964844,435.3999938964844,426.1000061035156,435.2000122070313,21579000.0
2016-09-15,325.2199401855469,418.8999938964844,425.0,416.3999938964844,424.1000061035156,26044600.0
2016-09-16,336.16668701171875,433.0,436.3999938964844,422.5,426.7999877929688,23562900.0
2016-09-20,336.9430847167969,434.0,441.6000061035156,432.1000061035156,432.7000122070313,19620700.0
2016-09-21,364.1935424804688,469.1000061035156,470.0,424.7999877929688,435.2999877929688,30046300.0
2016-09-23,363.4172058105469,468.1000061035156,472.5,459.6000061035156,465.7000122070313,27759200.0
2016-09-26,358.6813659667969,462.0,469.7999877929688,460.2000122070313,467.8999938964844,14379100.0
2016-09-27,348.82147216796875,449.2999877929688,453.0,436.7000122070313,438.1000061035156,24078600.0
2016-09-28,342.7936706542969,432.2000122070313,442.0,429.3999938964844,439.5,14896700.0
2016-09-29,341.5246276855469,430.6000061035156,435.7999877929688,428.6000061035156,433.0,17464900.0
2016-09-30,334.94158935546875,422.2999877929688,428.3999938964844,418.0,420.2999877929688,13919300.0
2016-10-03,337.6383056640625,425.7000122070313,431.2000122070313,422.7000122070313,427.3999938964844,9094400.0
2016-10-04,338.431396484375,426.7000122070313,435.0,424.7000122070313,426.5,9813100.0
2016-10-05,344.2212829589844,434.0,434.0,424.6000061035156,426.6000061035156,11264200.0
2016-10-06,346.2041320800781,436.5,443.2999877929688,436.5,436.5,13167000.0
2016-10-07,344.9350891113281,434.8999938964844,439.2000122070313,431.3999938964844,436.6000061035156,7085600.0
2016-10-11,343.1902160644531,432.7000122070313,440.6000061035156,432.2000122070313,435.8999938964844,8483900.0
2016-10-12,335.8934020996094,423.5,430.1000061035156,423.2000122070313,427.0,12870400.0
2016-10-13,333.9104919433594,421.0,431.8999938964844,420.5,426.0,11970300.0
2016-10-14,335.3381652832031,422.7999877929688,423.7999877929688,416.7000122070313,419.7999877929688,9630700.0
2016-10-17,334.3071594238281,421.5,429.2000122070313,419.7999877929688,422.0,7945500.0
2016-10-18,335.5761108398437,423.1000061035156,425.7999877929688,418.3999938964844,420.1000061035156,7125200.0
2016-10-19,335.1002502441406,422.5,426.2000122070313,421.5,425.0,8370500.0
2016-10-20,341.9211730957031,431.1000061035156,431.2000122070313,422.7999877929688,423.7999877929688,11239400.0
2016-10-21,349.29736328125,440.3999938964844,445.1000061035156,433.0,436.2999877929688,16267100.0
2016-10-24,347.1559143066406,437.7000122070313,440.2999877929688,432.3999938964844,438.8999938964844,8059600.0
2016-10-25,350.32843017578125,441.7000122070313,445.8999938964844,439.3999938964844,439.3999938964844,10818900.0
2016-10-26,353.1044616699219,445.2000122070313,445.5,440.2000122070313,442.3999938964844,8526600.0
2016-10-27,352.8664245605469,444.8999938964844,446.1000061035156,440.1000061035156,442.7999877929688,7437200.0
2016-10-28,362.7013549804688,457.2999877929688,462.5,453.2000122070313,454.2000122070313,20682300.0
2016-10-31,369.6016540527344,466.0,467.3999938964844,455.2000122070313,456.2999877929688,17412800.0
2016-11-01,367.8567810058594,463.7999877929688,467.7999877929688,461.2999877929688,467.0,13063000.0
2016-11-02,358.1805419921875,451.6000061035156,457.3999938964844,449.2999877929688,456.2000122070313,10591300.0
2016-11-04,356.3562927246094,449.2999877929688,452.3999938964844,442.2999877929688,449.0,12982200.0
2016-11-07,361.1151123046875,455.2999877929688,459.7000122070313,453.0,456.0,11171700.0
2016-11-08,361.9875183105469,456.3999938964844,462.8999938964844,453.0,456.0,10999700.0
2016-11-09,345.2524108886719,435.2999877929688,464.7999877929688,426.2000122070313,460.0,26313700.0
2016-11-10,371.5051879882813,468.3999938964844,472.3999938964844,458.2000122070313,464.7999877929688,24399200.0
2016-11-11,380.3883361816406,479.6000061035156,489.5,475.6000061035156,477.0,24192400.0
2016-11-14,396.56829833984375,500.0,502.6000061035156,490.7999877929688,491.0,23493300.0
2016-11-15,409.4964294433594,516.2999877929688,528.0,501.5,505.0,30073600.0
2016-11-16,426.9454040527344,538.2999877929688,541.0,525.0,525.0,31565600.0
2016-11-17,424.8833312988281,535.7000122070312,537.7000122070312,525.2999877929688,534.5,24041100.0
2016-11-18,423.4556274414063,533.9000244140625,550.0,532.7999877929688,550.0,24875200.0
2016-11-21,432.3387756347656,545.0999755859375,548.4000244140625,529.7000122070312,533.0999755859375,19169000.0
2016-11-22,440.111572265625,554.9000244140625,555.0,542.2999877929688,543.0,20142300.0
2016-11-24,434.0836486816406,547.2999877929688,563.9000244140625,544.7000122070312,559.7000122070312,23259200.0
2016-11-25,427.5006713867188,539.0,554.5,533.0,551.2999877929688,20547900.0
2016-11-28,434.4801940917969,547.7999877929688,554.7000122070312,531.5999755859375,532.0,18763100.0
2016-11-29,439.1597290039063,553.7000122070312,556.5,534.4000244140625,539.0,17037100.0
2016-11-30,436.3044128417969,550.0999755859375,559.7000122070312,549.0999755859375,559.0,20525600.0
2016-12-01,446.139404296875,562.5,575.7999877929688,556.2999877929688,560.0,22389200.0
2016-12-02,469.0610656738281,591.4000244140625,598.7000122070312,568.5,569.2999877929688,34880500.0
2016-12-05,461.9228210449219,582.4000244140625,584.9000244140625,576.0999755859375,579.5,21621100.0
2016-12-06,469.4576416015625,591.9000244140625,594.2000122070312,588.7000122070312,588.7999877929688,19737900.0
2016-12-07,483.89263916015625,610.0999755859375,611.5,597.5,599.0,25525000.0
2016-12-08,488.889404296875,616.4000244140625,628.2999877929688,609.0,620.0,23222700.0
2016-12-09,494.5999755859375,623.5999755859375,630.0,617.5999755859375,621.5999755859375,27933700.0
2016-12-12,486.5100402832031,613.4000244140625,630.0,598.0,630.0,29276100.0
2016-12-13,488.2549133300781,615.5999755859375,619.0,597.7000122070312,603.4000244140625,20571800.0
2016-12-14,492.8551025390625,621.4000244140625,624.2999877929688,608.2000122070312,615.5,17531700.0
2016-12-15,496.900146484375,626.5,628.7000122070312,615.7999877929688,626.0,20220700.0
2016-12-16,512.762939453125,646.5,648.4000244140625,631.0,631.5999755859375,28422400.0
2016-12-19,502.8486328125,634.0,643.5999755859375,629.7000122070312,641.2999877929688,17816700.0
2016-12-20,497.6932678222656,627.5,633.2999877929688,623.2000122070312,627.0,14854100.0
2016-12-21,497.2966613769531,627.0,638.0,623.5,630.0,13636600.0
2016-12-22,488.5721435546875,616.0,618.2999877929688,607.7000122070312,615.0999755859375,20871000.0
2016-12-26,486.5893249511719,613.5,615.7999877929688,607.0,607.0,9906300.0
2016-12-27,485.7168884277344,612.4000244140625,618.4000244140625,603.4000244140625,607.0999755859375,10147500.0
2016-12-28,488.2549133300781,615.5999755859375,618.5,611.7000122070312,615.0,8244700.0
2016-12-29,474.7716369628906,598.5999755859375,603.0,595.0,602.0,16823300.0
2016-12-30,475.4854431152344,599.5,601.2999877929688,586.5,590.7000122070312,10632000.0
2017-01-04,494.5999755859375,623.5999755859375,625.0999755859375,612.7999877929688,616.9000244140625,16591200.0
2017-01-05,505.54534912109375,637.4000244140625,639.4000244140625,629.0,629.2000122070312,20759800.0
2017-01-06,497.0587463378906,626.7000122070312,629.5999755859375,623.0,629.5,15957800.0
2017-01-10,488.1755981445313,615.5,621.2999877929688,610.7000122070312,620.9000244140625,15279600.0
2017-01-11,496.7413940429688,626.2999877929688,629.7999877929688,619.7000122070312,621.0,9071300.0
2017-01-12,485.6375427246094,612.2999877929688,618.9000244140625,608.0999755859375,615.0,18011600.0
2017-01-13,485.6375427246094,612.2999877929688,614.0,607.0,610.5999755859375,11005100.0
2017-01-16,481.1959533691406,606.7000122070312,616.0999755859375,605.5999755859375,616.0999755859375,7695400.0
2017-01-17,472.7886962890625,596.0999755859375,603.2999877929688,590.7000122070312,601.5999755859375,11464000.0
2017-01-18,476.59576416015625,600.9000244140625,602.4000244140625,584.5999755859375,589.5,11023000.0
2017-01-19,483.8133239746094,610.0,616.2000122070312,604.5,610.0,13202400.0
2017-01-20,485.3203125,611.9000244140625,615.7000122070312,605.2000122070312,609.0,10174800.0
2017-01-23,481.67193603515625,607.2999877929688,611.7000122070312,602.9000244140625,605.7000122070312,8946100.0
2017-01-24,463.7469787597656,584.7000122070312,597.0,583.5,596.0,21447900.0
2017-01-25,467.23675537109375,589.0999755859375,595.7999877929688,586.0,595.5,13366000.0
2017-01-26,487.8582763671875,615.0999755859375,615.2000122070312,596.0999755859375,599.0999755859375,22126300.0
2017-01-27,495.1551818847656,624.2999877929688,626.2000122070312,617.5999755859375,619.5,24269600.0
2017-01-30,493.01373291015625,621.5999755859375,621.9000244140625,614.5,618.9000244140625,7614400.0
2017-01-31,486.3512878417969,613.2000122070312,618.5,610.7999877929688,611.5999755859375,10199600.0
2017-02-01,466.681640625,588.4000244140625,600.0,585.0,599.0,24219000.0
2017-02-02,458.3536682128906,577.9000244140625,591.5,574.4000244140625,591.5,21404900.0
2017-02-03,466.2850341796875,587.9000244140625,600.0,577.2999877929688,580.0,22860900.0
2017-02-06,468.6644592285156,590.9000244140625,604.0,589.5999755859375,600.2999877929688,12393000.0
2017-02-07,470.4886474609375,593.2000122070312,595.5,583.2000122070312,586.5999755859375,8373600.0
2017-02-08,476.2785339355469,600.5,601.2000122070312,591.0,593.2000122070312,9018600.0
2017-02-09,474.5335998535156,598.2999877929688,598.4000244140625,587.7999877929688,593.0,12278100.0
2017-02-10,488.334228515625,615.7000122070312,617.7999877929688,609.7999877929688,609.7999877929688,17351700.0
2017-02-13,488.334228515625,615.7000122070312,623.9000244140625,615.5,623.7999877929688,10206500.0
2017-02-14,482.306396484375,608.0999755859375,619.5,605.7000122070312,619.5,9172700.0
2017-02-15,494.5206298828125,623.5,626.2000122070312,615.5999755859375,618.0,15537200.0
2017-02-16,501.5796508789063,632.4000244140625,639.0999755859375,627.5999755859375,628.7000122070312,16015500.0
2017-02-17,500.3899841308594,630.9000244140625,635.0,627.0,630.9000244140625,7941200.0
2017-02-20,499.20013427734375,629.4000244140625,630.2999877929688,619.4000244140625,624.2000122070312,8504900.0
2017-02-21,506.8935546875,639.0999755859375,644.5,635.0,643.2000122070312,14027900.0
2017-02-22,510.3834228515625,643.5,644.0,638.2999877929688,643.5,15002200.0
2017-02-23,505.8623962402344,637.7999877929688,639.7000122070312,630.7000122070312,639.7000122070312,13403100.0
2017-02-24,501.7381591796875,632.5999755859375,636.7000122070312,629.0999755859375,636.7000122070312,11610500.0
2017-02-27,495.5517272949219,624.7999877929688,629.4000244140625,621.0,625.0,11305800.0
2017-02-28,497.2966613769531,627.0,634.9000244140625,623.0,623.0,13569600.0
2017-03-01,499.993408203125,630.4000244140625,632.0,621.0999755859375,629.0,12903000.0
2017-03-02,506.576416015625,638.7000122070312,648.7000122070312,637.2000122070312,644.0,15288000.0
2017-03-03,507.2901306152344,639.5999755859375,641.5999755859375,634.0,638.2000122070312,8948200.0
2017-03-06,519.9010620117188,655.5,660.9000244140625,632.4000244140625,638.9000244140625,21676400.0
2017-03-07,515.7767333984375,650.2999877929688,652.0,647.4000244140625,652.0,10451500.0
2017-03-08,513.4767456054688,647.4000244140625,652.4000244140625,645.2000122070312,651.9000244140625,9957600.0
2017-03-09,518.5526733398438,653.7999877929688,655.0,648.0,650.0,9205500.0
2017-03-10,524.5012817382812,661.2999877929688,662.4000244140625,656.2999877929688,660.0,14271100.0
2017-03-13,522.121826171875,658.2999877929688,661.7000122070312,655.5,657.2000122070312,6340300.0
2017-03-14,520.9320678710938,656.7999877929688,659.5,653.5,658.4000244140625,7603500.0
2017-03-15,519.742431640625,655.2999877929688,657.7999877929688,650.4000244140625,652.5,6700900.0
2017-03-16,515.538818359375,650.0,653.2000122070312,647.0,648.7000122070312,8906500.0
2017-03-17,507.5281066894531,639.9000244140625,646.0,636.7999877929688,645.5999755859375,16266000.0
2017-03-21,508.4006042480469,641.0,643.5,631.5999755859375,635.0,9665900.0
2017-03-22,487.0651550292969,614.0999755859375,624.5999755859375,613.0,620.0,17413500.0
2017-03-23,482.78228759765625,608.7000122070312,613.0,604.0999755859375,604.0999755859375,14558700.0
2017-03-24,486.5100402832031,613.4000244140625,621.0999755859375,608.2000122070312,608.2000122070312,12295800.0
2017-03-27,479.1337585449219,604.0999755859375,608.5999755859375,600.9000244140625,608.5,10971500.0
2017-03-28,485.7168884277344,612.4000244140625,614.5999755859375,607.2000122070312,612.0,10470100.0
2017-03-29,487.005859375,604.5,613.4000244140625,603.5999755859375,612.9000244140625,8712500.0
2017-03-30,489.1810607910156,607.2000122070312,611.9000244140625,598.2000122070312,600.0,10413800.0
2017-03-31,481.6886901855469,597.9000244140625,618.2000122070312,597.9000244140625,613.0,10779400.0
2017-04-03,471.8599853515625,585.7000122070312,597.2000122070312,580.5999755859375,597.0,14878900.0
2017-04-04,463.4813537597656,575.2999877929688,580.0,569.7000122070312,579.7000122070312,16050800.0
2017-04-05,459.3726806640625,570.2000122070312,584.4000244140625,563.7000122070312,583.4000244140625,13213100.0
2017-04-06,450.1078796386719,558.7000122070312,565.9000244140625,555.2999877929688,563.0,12940600.0
2017-04-07,448.9799499511719,557.2999877929688,565.9000244140625,553.7000122070312,560.4000244140625,13964400.0
2017-04-10,458.9698181152344,569.7000122070312,571.5,561.2000122070312,562.0,8235100.0
2017-04-11,456.4723815917969,566.5999755859375,566.9000244140625,560.0999755859375,563.0,10639000.0
2017-04-12,453.2498168945313,562.5999755859375,564.2999877929688,555.4000244140625,563.0,9613200.0
2017-04-13,450.1078796386719,558.7000122070312,560.2000122070312,552.5999755859375,555.0,9442400.0
2017-04-14,452.7665100097656,562.0,566.7000122070312,549.2999877929688,553.0,9080000.0
2017-04-17,449.78558349609375,558.2999877929688,559.0,548.5999755859375,557.4000244140625,9486500.0
2017-04-18,451.3968200683594,560.2999877929688,572.4000244140625,559.7000122070312,565.0,10200400.0
2017-04-19,457.84185791015625,568.2999877929688,572.7999877929688,552.4000244140625,559.5,17381000.0
2017-04-20,464.5286560058594,576.5999755859375,583.5,567.0,569.5,14964500.0
2017-04-21,477.17718505859375,592.2999877929688,596.0,586.0,586.0,14009100.0
2017-04-24,478.9495239257813,594.5,602.5999755859375,592.9000244140625,602.2999877929688,9371000.0
2017-04-25,492.9676208496094,611.9000244140625,614.5,594.2999877929688,594.4000244140625,16024400.0
2017-04-26,507.952392578125,630.5,631.4000244140625,616.7999877929688,618.5,18048700.0
2017-04-27,509.4024963378906,632.2999877929688,633.5,621.5,624.0,13703800.0
2017-04-28,499.33209228515625,619.7999877929688,631.0,618.5,629.5,9997100.0
2017-05-01,477.90228271484375,593.2000122070312,604.0,588.0999755859375,592.7000122070312,26819000.0
2017-05-02,481.8498229980469,598.0999755859375,601.5999755859375,595.7999877929688,598.9000244140625,11437800.0
2017-05-08,496.5123901367188,616.2999877929688,619.5,604.5,608.5999755859375,13384900.0
2017-05-09,496.0290222167969,615.7000122070312,618.7999877929688,611.9000244140625,615.7999877929688,8325800.0
2017-05-10,491.5174560546875,610.0999755859375,615.7000122070312,607.5999755859375,615.2000122070312,9813400.0
2017-05-11,496.2706909179688,616.0,619.0,604.5999755859375,610.5,11598800.0
2017-05-12,490.14788818359375,608.4000244140625,614.5,604.2999877929688,613.5,8155700.0
2017-05-15,470.3292846679688,583.7999877929688,587.5,578.0,580.0,21730400.0
2017-05-16,464.2869873046875,576.2999877929688,585.2999877929688,571.7000122070312,584.9000244140625,17857100.0
2017-05-17,453.8138122558594,563.2999877929688,573.5,563.0999755859375,572.0,15934200.0
2017-05-18,446.8852844238281,554.7000122070312,556.5999755859375,550.2999877929688,551.0,29699900.0
2017-05-19,457.3585510253906,567.7000122070312,569.7000122070312,554.4000244140625,561.0,17090800.0
2017-05-22,457.9224853515625,568.4000244140625,573.9000244140625,564.4000244140625,572.0,15131400.0
2017-05-23,452.6858520507813,561.9000244140625,568.4000244140625,558.4000244140625,566.5,14852400.0
2017-05-24,458.8086853027344,569.5,574.2999877929688,566.4000244140625,571.0999755859375,14301800.0
2017-05-25,462.8368225097656,574.5,576.7000122070312,566.0999755859375,569.0,12486100.0
2017-05-26,460.50048828125,571.5999755859375,574.7999877929688,567.2000122070312,573.0,10234500.0
2017-05-29,457.2779541015625,567.5999755859375,573.2999877929688,565.5,571.0,6632700.0
2017-05-30,455.4250183105469,565.2999877929688,569.2000122070312,560.0999755859375,567.7999877929688,6687800.0
2017-05-31,456.552978515625,566.7000122070312,567.2999877929688,560.4000244140625,563.7000122070312,17138400.0
2017-06-01,458.4058227539063,569.0,571.7999877929688,562.9000244140625,566.5999755859375,12526300.0
2017-06-02,472.1016845703125,586.0,587.5999755859375,571.5,571.7999877929688,17674700.0
2017-06-05,470.409912109375,583.9000244140625,587.5,580.0,584.5,10890100.0
2017-06-06,464.2869873046875,576.2999877929688,585.7999877929688,572.5,575.0,10389000.0
2017-06-07,465.4954528808594,577.7999877929688,579.2999877929688,572.0999755859375,574.4000244140625,10352200.0
2017-06-08,475.1631164550781,589.7999877929688,598.9000244140625,580.2999877929688,581.4000244140625,15808000.0
2017-06-09,478.9495239257813,594.5,596.0,586.9000244140625,590.5,19217300.0
2017-06-12,479.513427734375,595.2000122070312,607.9000244140625,594.5,598.0,9737100.0
2017-06-13,481.0441589355469,597.0999755859375,599.2999877929688,586.2999877929688,587.5,13913000.0
2017-06-14,484.1861877441406,601.0,604.7000122070312,596.7999877929688,599.2999877929688,15501300.0
2017-06-15,472.74609375,586.7999877929688,596.0,586.5,592.0,13060900.0
2017-06-16,477.0965576171875,592.2000122070312,599.5,590.0,592.5,13709700.0
2017-06-19,479.8357849121094,595.5999755859375,597.0999755859375,586.2000122070312,590.0,7247700.0
2017-06-20,478.14398193359375,593.5,606.7000122070312,592.5,603.0,14305200.0
2017-06-21,475.3241271972656,590.0,592.4000244140625,587.2999877929688,592.0,13340600.0
2017-06-22,470.6514587402344,584.2000122070312,591.5999755859375,584.0,590.0,12337800.0
2017-06-23,474.9213562011719,589.5,591.2000122070312,581.2999877929688,583.0,7214800.0
2017-06-26,469.6041870117188,582.9000244140625,587.5,580.5,586.4000244140625,9944500.0
2017-06-27,471.3765563964844,585.0999755859375,590.4000244140625,582.4000244140625,584.9000244140625,9772500.0
2017-06-28,487.24755859375,604.7999877929688,606.0,591.5,591.7999877929688,19449200.0
2017-06-29,493.934326171875,613.0999755859375,621.0,610.7000122070312,614.7999877929688,14731000.0
2017-06-30,498.2846984863281,618.5,624.5,612.0,612.0,18853400.0
2017-07-03,502.8768615722656,624.2000122070312,624.4000244140625,613.7999877929688,617.4000244140625,11882400.0
2017-07-04,503.9242248535156,625.5,642.2000122070312,624.7999877929688,634.0,11874100.0
2017-07-05,506.7439270019531,629.0,629.0999755859375,620.4000244140625,623.0,9965000.0
2017-07-06,496.5929870605469,616.4000244140625,628.0,614.2999877929688,628.0,14935400.0
2017-07-07,491.19525146484375,609.7000122070312,616.2999877929688,608.0,612.9000244140625,12135400.0
2017-07-10,487.6503601074219,605.2999877929688,610.5,599.5999755859375,608.7000122070312,11520100.0
2017-07-11,485.2335205078125,602.2999877929688,606.5999755859375,599.2999877929688,605.7000122070312,8960500.0
2017-07-12,480.7219848632813,596.7000122070312,601.2000122070312,595.7000122070312,600.5999755859375,10083300.0
2017-07-13,475.40472412109375,590.0999755859375,597.0,589.5,595.5,11420900.0
2017-07-14,475.64642333984375,590.4000244140625,593.0,587.0999755859375,592.4000244140625,11009100.0
2017-07-17,475.64642333984375,590.4000244140625,590.4000244140625,590.4000244140625,590.4000244140625,0.0
2017-07-18,470.8932495117188,584.5,586.9000244140625,578.4000244140625,585.0999755859375,9933500.0
2017-07-19,466.4622497558594,579.0,581.2999877929688,576.2000122070312,580.0,10256000.0
2017-07-20,463.4813537597656,575.2999877929688,579.2999877929688,574.0,578.5,12275300.0
2017-07-21,462.1924133300781,573.7000122070312,575.2000122070312,570.2999877929688,574.0,9114300.0
2017-07-24,456.2306518554688,566.2999877929688,570.0999755859375,562.9000244140625,570.0,14882000.0
2017-07-25,458.3253784179688,568.9000244140625,575.0,568.0,569.0,9829100.0
2017-07-26,461.30609130859375,572.5999755859375,580.2999877929688,572.4000244140625,575.7000122070312,9505500.0
2017-07-27,456.552978515625,566.7000122070312,568.7999877929688,563.7999877929688,566.0,11843700.0
2017-07-28,456.8751831054688,567.0999755859375,568.5,564.0,565.0,12886900.0
2017-07-31,457.9224853515625,568.4000244140625,574.5999755859375,566.5,568.0,15107800.0
2017-08-01,462.67578125,574.2999877929688,577.5,568.4000244140625,571.2999877929688,14936500.0
2017-08-02,462.2729187011719,573.7999877929688,579.5999755859375,569.0999755859375,578.4000244140625,10136000.0
2017-08-03,462.67578125,574.2999877929688,574.7999877929688,567.2000122070312,574.0,9567600.0
2017-08-04,461.4673156738281,572.7999877929688,574.7999877929688,570.4000244140625,573.0,8018300.0
2017-08-07,464.5286560058594,576.5999755859375,581.0,576.0999755859375,578.5999755859375,8792800.0
2017-08-08,463.40081787109375,575.2000122070312,578.7000122070312,571.7999877929688,576.9000244140625,6550400.0
2017-08-09,461.708984375,573.0999755859375,577.5,568.4000244140625,575.0,10357100.0
2017-08-10,453.4915161132813,562.9000244140625,573.7999877929688,560.2000122070312,572.5999755859375,19014100.0
2017-08-11,453.4915161132813,562.9000244140625,562.9000244140625,562.9000244140625,562.9000244140625,0.0
2017-08-14,446.0796813964844,553.7000122070312,557.0999755859375,549.2000122070312,554.9000244140625,12954600.0
2017-08-15,454.699951171875,564.4000244140625,569.4000244140625,562.4000244140625,563.7000122070312,11891800.0
2017-08-16,452.3636169433594,561.5,565.7999877929688,559.2000122070312,564.7999877929688,5728100.0
2017-08-17,449.3022155761719,557.7000122070312,559.0999755859375,555.5,558.7000122070312,5411800.0
2017-08-18,445.51568603515625,553.0,554.5,549.5999755859375,552.2000122070312,9874400.0
2017-08-21,441.3263854980469,547.7999877929688,555.5999755859375,546.5999755859375,555.0,7695600.0
2017-08-22,440.5208129882813,546.7999877929688,549.7999877929688,544.2000122070312,547.7999877929688,7138800.0
2017-08-23,440.1986083984375,546.4000244140625,551.7999877929688,545.7000122070312,551.7000122070312,6813100.0
2017-08-24,437.0565185546875,542.5,549.4000244140625,541.7000122070312,545.0,7961900.0
2017-08-25,438.7483520507813,544.5999755859375,547.2000122070312,540.5,541.0,5205600.0
2017-08-28,437.21771240234375,542.7000122070312,546.2000122070312,539.0999755859375,545.0,7390800.0
2017-08-29,434.5591125488281,539.4000244140625,540.5999755859375,533.4000244140625,537.9000244140625,8050000.0
2017-08-30,435.6064147949219,540.7000122070312,543.9000244140625,539.0999755859375,541.0999755859375,8595800.0
2017-08-31,441.9708862304688,548.5999755859375,554.2999877929688,545.2000122070312,545.5999755859375,12228700.0
2017-09-01,441.8098754882813,548.4000244140625,552.5,543.7999877929688,550.0999755859375,7805600.0
2017-09-04,438.4261474609375,544.2000122070312,551.2999877929688,543.0,546.2999877929688,7347300.0
2017-09-05,436.4120788574219,541.7000122070312,546.5999755859375,539.2999877929688,545.2999877929688,6036700.0
2017-09-06,430.6920166015625,534.5999755859375,535.9000244140625,527.5,535.0,10274300.0
2017-09-07,428.1946105957031,531.5,536.5,530.0999755859375,535.7999877929688,8990900.0
2017-09-08,422.3134765625,524.2000122070312,528.4000244140625,520.5,526.7999877929688,15044200.0
2017-09-11,425.6971740722656,528.4000244140625,535.2000122070312,527.7999877929688,528.7999877929688,6306700.0
2017-09-12,433.1895446777344,537.7000122070312,541.9000244140625,536.5999755859375,538.0,9111000.0
2017-09-13,435.123046875,540.0999755859375,546.2999877929688,540.0,543.0,9343700.0
2017-09-14,433.7534484863281,538.4000244140625,544.5,537.7999877929688,540.5999755859375,8570000.0
2017-09-15,437.21771240234375,542.7000122070312,545.7000122070312,535.5999755859375,535.7999877929688,11490100.0
2017-09-18,437.21771240234375,542.7000122070312,542.7000122070312,542.7000122070312,542.7000122070312,0.0
2017-09-19,445.4351196289063,552.9000244140625,555.2999877929688,549.0,553.0,11791400.0
2017-09-20,449.6244812011719,558.0999755859375,560.5,553.2999877929688,553.9000244140625,14201300.0
2017-09-21,451.8801879882813,560.9000244140625,568.5,560.7999877929688,565.4000244140625,13987600.0
2017-09-22,457.4390563964844,567.7999877929688,568.5999755859375,563.0999755859375,565.2000122070312,12565500.0
2017-09-25,456.7946166992188,567.0,571.0999755859375,564.7999877929688,570.0,11921100.0
2017-09-26,457.2779541015625,567.5999755859375,567.7000122070312,560.0999755859375,567.2000122070312,13607100.0
2017-09-27,458.4261474609375,559.0,559.9000244140625,555.7000122070312,555.9000244140625,9121000.0
2017-09-28,470.3173828125,573.5,576.2000122070312,568.9000244140625,569.0,18020100.0
2017-09-29,474.0076293945313,578.0,578.0,569.9000244140625,570.9000244140625,13329200.0
2017-10-02,470.2353210449219,573.4000244140625,577.2999877929688,569.7000122070312,577.2999877929688,10103700.0
2017-10-03,469.251220703125,572.2000122070312,579.0,570.2999877929688,577.0,11434100.0
2017-10-04,470.2353210449219,573.4000244140625,576.9000244140625,571.5999755859375,575.0,9495300.0
2017-10-05,469.251220703125,572.2000122070312,574.7000122070312,570.4000244140625,573.4000244140625,6289200.0
2017-10-06,473.2695617675781,577.0999755859375,582.9000244140625,573.7999877929688,575.0,15211400.0
2017-10-09,473.2695617675781,577.0999755859375,577.0999755859375,577.0999755859375,577.0999755859375,0.0
2017-10-10,473.8436584472656,577.7999877929688,579.5999755859375,573.5,578.5999755859375,11209000.0
2017-10-11,470.1532897949219,573.2999877929688,578.5999755859375,572.0,576.5999755859375,10104000.0
2017-10-12,464.2487182617188,566.0999755859375,574.2000122070312,564.0999755859375,572.0,11066800.0
2017-10-13,466.7908935546875,569.2000122070312,570.5,561.5999755859375,565.0,9995300.0
2017-10-16,481.470458984375,587.0999755859375,590.9000244140625,569.2000122070312,570.7000122070312,21848200.0
2017-10-17,488.359130859375,595.5,603.0999755859375,591.7999877929688,592.0,18605100.0
2017-10-18,484.996826171875,591.4000244140625,602.2000122070312,590.2999877929688,597.5,10008300.0
2017-10-19,485.8169250488281,592.4000244140625,596.5999755859375,591.0,595.0,8079600.0
2017-10-20,480.40435791015625,585.7999877929688,588.2999877929688,582.4000244140625,586.7999877929688,12306400.0
2017-10-23,481.9624328613281,587.7000122070312,595.4000244140625,586.9000244140625,594.0,10564800.0
2017-10-24,486.0628967285156,592.7000122070312,594.5999755859375,585.7999877929688,586.4000244140625,9413600.0
2017-10-25,501.2344970703125,611.2000122070312,617.2999877929688,603.9000244140625,604.0,28928600.0
2017-10-26,503.12060546875,613.5,617.0,611.7000122070312,614.9000244140625,12762800.0
2017-10-27,512.715576171875,625.2000122070312,628.9000244140625,615.7000122070312,618.0,17967500.0
2017-10-30,512.7975463867188,625.2999877929688,627.5,618.2000122070312,619.0999755859375,20463000.0
2017-10-31,498.7742004394531,608.2000122070312,617.5999755859375,608.2000122070312,616.2000122070312,15640500.0
2017-11-01,507.2209777832031,618.5,621.5,611.2000122070312,615.7999877929688,14878400.0
2017-11-02,510.9934387207031,623.0999755859375,628.0,619.0,624.7999877929688,9565400.0
2017-11-03,510.9934387207031,623.0999755859375,623.0999755859375,623.0999755859375,623.0999755859375,0.0
2017-11-06,503.9407653808594,614.5,622.0999755859375,609.4000244140625,621.2000122070312,12385500.0
2017-11-07,506.2369079589844,617.2999877929688,619.9000244140625,607.4000244140625,610.0,8486200.0
2017-11-08,501.7264709472656,611.7999877929688,611.7999877929688,605.2000122070312,609.5999755859375,8723300.0
2017-11-09,497.1340026855469,606.2000122070312,618.7999877929688,600.5999755859375,614.9000244140625,17612800.0
2017-11-10,495.7398071289063,604.5,608.2000122070312,599.4000244140625,600.0,9929400.0
2017-11-13,489.17919921875,596.5,608.0,595.5999755859375,607.2000122070312,13144500.0
2017-11-14,489.6712341308594,597.0999755859375,602.0,595.4000244140625,600.0,8598600.0
2017-11-15,482.2085571289063,588.0,592.2000122070312,582.7000122070312,591.9000244140625,13668100.0
2017-11-16,483.2746276855469,589.2999877929688,594.5,586.4000244140625,587.2999877929688,9249400.0
2017-11-17,482.78265380859375,588.7000122070312,594.0999755859375,586.4000244140625,591.5999755859375,10754200.0
2017-11-20,476.7139587402344,581.2999877929688,588.0999755859375,576.4000244140625,585.5,9690000.0
2017-11-21,480.2402648925781,585.5999755859375,591.7000122070312,585.0,586.2000122070312,9454500.0
2017-11-22,482.8645935058594,588.7999877929688,592.2999877929688,581.7000122070312,585.0,9434000.0
2017-11-23,482.8645935058594,588.7999877929688,588.7999877929688,588.7999877929688,588.7999877929688,0.0
2017-11-24,480.48638916015625,585.9000244140625,586.9000244140625,579.5,584.5,7508800.0
2017-11-27,477.0420227050781,581.7000122070312,588.0,581.0999755859375,587.4000244140625,9008300.0
2017-11-28,473.2695617675781,577.0999755859375,583.0999755859375,576.5999755859375,581.0999755859375,10357500.0
2017-11-29,487.0469970703125,593.9000244140625,596.7000122070312,585.9000244140625,587.0999755859375,16113100.0
2017-11-30,488.6871948242188,595.9000244140625,604.2000122070312,591.0999755859375,598.0,23844000.0
2017-12-01,490.9833679199219,598.7000122070312,604.4000244140625,594.7999877929688,602.2000122070312,10242500.0
2017-12-04,489.9992065429688,597.5,605.4000244140625,596.7999877929688,603.0,6524300.0
2017-12-05,495.7398071289063,604.5,607.5999755859375,595.5999755859375,597.0999755859375,10164900.0
2017-12-06,490.5733337402344,598.2000122070312,606.5,592.7000122070312,602.0999755859375,16115200.0
2017-12-07,489.5072326660156,596.9000244140625,602.5999755859375,593.0,600.0999755859375,14074700.0
2017-12-08,495.2478332519531,603.9000244140625,604.0,586.9000244140625,586.9000244140625,15151200.0
2017-12-11,503.6946716308594,614.2000122070312,614.2000122070312,604.5999755859375,605.5,10061200.0
2017-12-12,523.70458984375,638.5999755859375,638.5999755859375,612.9000244140625,613.0,27279600.0
2017-12-13,534.4478149414062,651.7000122070312,655.5,640.0,640.0,28817900.0
2017-12-14,522.5565795898438,637.2000122070312,643.5,631.5,641.7000122070312,15988400.0
2017-12-15,512.2235717773438,624.5999755859375,633.0,621.0999755859375,630.5999755859375,15358900.0
2017-12-18,531.5774536132812,648.2000122070312,652.0,633.5,634.0999755859375,19742900.0
2017-12-19,531.659423828125,648.2999877929688,650.4000244140625,642.0,642.0,11743200.0
2017-12-20,554.7857055664062,676.5,679.7999877929688,659.5,660.0,29505100.0
2017-12-21,544.4527587890625,663.9000244140625,688.5999755859375,659.0,679.5999755859375,28682400.0
2017-12-22,561.0183715820312,684.0999755859375,694.4000244140625,664.2999877929688,664.2999877929688,29078200.0
2017-12-25,559.1322021484375,681.7999877929688,691.7999877929688,677.2000122070312,685.0,9907800.0
2017-12-26,560.2803344726562,683.2000122070312,689.0,680.5,681.9000244140625,8723100.0
2017-12-27,559.3782958984375,682.0999755859375,686.5999755859375,681.0,683.2999877929688,8658300.0
2017-12-28,551.177490234375,672.0999755859375,680.7000122070312,670.5,680.0,8125700.0
2017-12-29,551.9974975585938,673.0999755859375,677.0,670.5,673.7000122070312,9976300.0
2018-01-03,551.9974975585938,673.0999755859375,673.0999755859375,673.0999755859375,673.0999755859375,0.0
2018-01-04,571.2694702148438,696.5999755859375,696.5999755859375,685.9000244140625,686.5,17552500.0
2018-01-05,583.24267578125,711.2000122070312,714.9000244140625,704.7999877929688,709.0,20372800.0
2018-01-08,583.24267578125,711.2000122070312,711.2000122070312,711.2000122070312,711.2000122070312,0.0
2018-01-09,584.3906860351562,712.5999755859375,725.5,709.0999755859375,717.0,16745300.0
2018-01-10,594.477783203125,724.9000244140625,729.0,719.4000244140625,720.0,21125300.0
2018-01-11,593.41162109375,723.5999755859375,734.4000244140625,717.5999755859375,730.0,20934100.0
2018-01-12,587.5071411132812,716.4000244140625,726.7000122070312,713.4000244140625,724.0,17128700.0
2018-01-15,599.4803466796875,731.0,734.2999877929688,723.5999755859375,726.0,14243500.0
2018-01-16,600.54638671875,732.2999877929688,734.0,725.5999755859375,730.0,11176300.0
2018-01-17,585.2928466796875,713.7000122070312,720.9000244140625,713.0,720.7999877929688,18292200.0
2018-01-18,573.483642578125,699.2999877929688,722.0,698.7999877929688,720.0,16956400.0
2018-01-19,581.4384765625,709.0,717.5,703.7000122070312,705.0,14734600.0
2018-01-22,582.5046997070312,710.2999877929688,719.0999755859375,708.2000122070312,711.9000244140625,9371700.0
2018-01-23,591.4434814453125,721.2000122070312,721.7999877929688,708.5,713.0999755859375,10716100.0
2018-01-24,575.451904296875,701.7000122070312,711.4000244140625,694.5,710.5999755859375,16499800.0
2018-01-25,569.38330078125,694.2999877929688,700.5,688.0,691.7999877929688,12641000.0
2018-01-26,558.2301635742188,680.7000122070312,695.7000122070312,680.2999877929688,695.0,15188300.0
2018-01-29,559.1322021484375,681.7999877929688,690.9000244140625,675.2000122070312,677.7000122070312,11648800.0
2018-01-30,553.8016357421875,675.2999877929688,685.2999877929688,673.7000122070312,684.2999877929688,12118800.0
2018-01-31,539.040283203125,657.2999877929688,675.5999755859375,657.0,669.7999877929688,15786700.0
2018-02-01,554.4577026367188,676.0999755859375,683.2999877929688,667.0,673.5999755859375,18938600.0
2018-02-02,545.682861328125,665.4000244140625,683.0,658.5999755859375,679.7000122070312,19362200.0
2018-02-05,535.8419189453125,653.4000244140625,656.9000244140625,641.0,653.2000122070312,15752800.0
2018-02-06,520.67041015625,634.9000244140625,635.4000244140625,618.5,628.7000122070312,21409500.0
2018-02-07,517.3899536132812,630.9000244140625,657.7000122070312,630.7999877929688,654.9000244140625,16902600.0
2018-02-08,518.5381469726562,632.2999877929688,637.5,626.7999877929688,632.4000244140625,14558200.0
2018-02-09,506.1549987792969,617.2000122070312,621.0999755859375,609.0,612.5,18224900.0
2018-02-12,506.1549987792969,617.2000122070312,617.2000122070312,617.2000122070312,617.2000122070312,0.0
2018-02-13,499.1022033691406,608.5999755859375,626.2000122070312,607.2000122070312,625.5,12894100.0
2018-02-14,493.8537292480469,602.2000122070312,614.7999877929688,600.9000244140625,609.2999877929688,10110800.0
2018-02-15,507.2209777832031,618.5,626.4000244140625,614.5,620.0,13729900.0
2018-02-16,509.7633056640625,621.5999755859375,628.2999877929688,620.5,622.0,9022400.0
2018-02-19,519.6863403320312,633.7000122070312,635.7000122070312,625.9000244140625,629.0,7805900.0
2018-02-20,513.2896118164062,625.9000244140625,631.0,618.5,631.0,6932200.0
2018-02-21,507.5490112304688,618.9000244140625,625.0999755859375,616.7000122070312,625.0,8120100.0
2018-02-22,505.9089050292969,616.9000244140625,618.7000122070312,609.2000122070312,617.0,8320600.0
2018-02-23,509.4352416992188,621.2000122070312,622.7000122070312,611.2000122070312,615.7999877929688,6348900.0
2018-02-26,510.5833740234375,622.5999755859375,627.2999877929688,620.4000244140625,625.0,6371100.0
2018-02-27,511.8955078125,624.2000122070312,632.4000244140625,619.0999755859375,632.0,8317900.0
2018-02-28,501.8904113769531,612.0,623.4000244140625,612.0,621.0999755859375,11583600.0
2018-03-01,486.4729614257813,593.2000122070312,603.2999877929688,590.0999755859375,603.0,20361300.0
2018-03-02,481.7164611816406,587.4000244140625,589.9000244140625,582.4000244140625,583.2000122070312,12785000.0
2018-03-05,480.732421875,586.2000122070312,587.0999755859375,577.4000244140625,581.7999877929688,13005600.0
2018-03-06,482.3725891113281,588.2000122070312,600.5,588.0,593.7000122070312,10586200.0
2018-03-07,480.0762939453125,585.4000244140625,593.5999755859375,583.5,584.5999755859375,12847100.0
2018-03-08,479.3382263183594,584.5,591.4000244140625,580.5,590.2999877929688,9378100.0
2018-03-09,474.089599609375,578.0999755859375,591.2000122070312,577.0999755859375,587.7000122070312,17087600.0
2018-03-12,486.3088989257813,593.0,595.0999755859375,584.0999755859375,587.0,9770000.0
2018-03-13,487.8671569824219,594.9000244140625,595.4000244140625,583.7999877929688,587.0999755859375,11040500.0
2018-03-14,486.5549621582031,593.2999877929688,596.2999877929688,588.0999755859375,589.2999877929688,9712700.0
2018-03-15,480.5683288574219,586.0,593.7000122070312,582.5,592.0999755859375,11745400.0
2018-03-16,477.780029296875,582.5999755859375,592.4000244140625,581.7000122070312,591.0,14378600.0
2018-03-19,475.2378540039063,579.5,582.7999877929688,576.2999877929688,580.0999755859375,8202000.0
2018-03-20,475.9759521484375,580.4000244140625,583.7000122070312,573.7000122070312,575.9000244140625,8992500.0
2018-03-21,475.9759521484375,580.4000244140625,580.4000244140625,580.4000244140625,580.4000244140625,0.0
2018-03-22,477.0420227050781,581.7000122070312,582.2999877929688,570.4000244140625,575.2000122070312,11885800.0
2018-03-23,462.6085205078125,564.0999755859375,570.0999755859375,561.2999877929688,570.0,12914400.0
2018-03-26,462.93658447265625,564.5,565.2000122070312,553.9000244140625,554.0999755859375,11949000.0
2018-03-27,472.5315551757813,576.2000122070312,576.4000244140625,567.0999755859375,570.2000122070312,12164000.0
2018-03-28,474.701416015625,568.7999877929688,569.5,554.7999877929688,561.5,11102800.0
2018-03-29,471.4466247558594,564.9000244140625,575.7000122070312,558.0,574.2000122070312,10268100.0
2018-03-30,469.0263671875,562.0,568.4000244140625,559.2999877929688,566.4000244140625,8764200.0
2018-04-02,465.2708129882813,557.5,567.5,557.4000244140625,561.5,6349600.0
2018-04-03,462.1829223632813,553.7999877929688,555.0,545.0999755859375,551.0,12363000.0
2018-04-04,459.6792297363281,550.7999877929688,552.2000122070312,544.2000122070312,550.0,11384200.0
2018-04-05,465.8549499511719,558.2000122070312,562.9000244140625,549.4000244140625,551.4000244140625,14065900.0
2018-04-06,464.8534851074219,557.0,559.4000244140625,552.7999877929688,554.9000244140625,9769100.0
2018-04-09,473.03228759765625,566.7999877929688,569.2999877929688,556.2000122070312,556.5,10506900.0
2018-04-10,476.0367126464844,570.4000244140625,572.7999877929688,559.5999755859375,564.9000244140625,10325700.0
2018-04-11,480.4599609375,575.7000122070312,584.2999877929688,575.0,575.4000244140625,13141500.0
2018-04-12,480.1260986328125,575.2999877929688,577.0999755859375,569.7000122070312,574.0,10356500.0
2018-04-13,494.397216796875,592.4000244140625,595.2999877929688,581.7000122070312,582.2999877929688,15028500.0
2018-04-16,495.398681640625,593.5999755859375,598.9000244140625,590.7999877929688,593.0,9743900.0
2018-04-17,487.4702758789063,584.0999755859375,590.7000122070312,583.7999877929688,590.4000244140625,8837000.0
2018-04-18,487.80413818359375,584.5,586.2999877929688,578.2999877929688,582.0,9478400.0
2018-04-19,489.556640625,586.5999755859375,593.2000122070312,585.0999755859375,587.2999877929688,9049200.0
2018-04-20,490.3077697753906,587.5,591.2000122070312,583.0,586.2000122070312,10119200.0
2018-04-23,506.6653137207031,607.0999755859375,614.2000122070312,592.5,593.7000122070312,19008100.0
2018-04-24,522.68896484375,626.2999877929688,627.9000244140625,615.0,615.0,19531600.0
2018-04-25,525.1926879882812,629.2999877929688,630.7000122070312,620.0,621.0,11063000.0
2018-04-26,522.9393310546875,626.5999755859375,636.0999755859375,623.2000122070312,630.2999877929688,9579900.0
2018-04-27,519.6010131835938,622.5999755859375,626.5,618.4000244140625,625.0,11038200.0
2018-04-30,519.6010131835938,622.5999755859375,622.5999755859375,622.5999755859375,622.5999755859375,0.0
2018-05-01,509.8367004394531,610.9000244140625,617.7000122070312,606.2999877929688,616.2000122070312,10618700.0
2018-05-02,507.833740234375,608.5,615.0,606.2000122070312,615.0,5812500.0
2018-05-04,507.833740234375,608.5,608.5,608.5,608.5,0.0
2018-05-07,507.0825805664063,607.5999755859375,611.5999755859375,599.7000122070312,610.5,7320200.0
2018-05-08,510.2540283203125,611.4000244140625,616.7999877929688,602.9000244140625,603.2999877929688,7589400.0
2018-05-09,513.42529296875,615.2000122070312,615.7000122070312,605.2999877929688,609.9000244140625,8166200.0
2018-05-10,516.5966796875,619.0,624.9000244140625,617.4000244140625,622.2000122070312,6616200.0
2018-05-11,519.4342651367188,622.4000244140625,623.0,614.2000122070312,616.0,6227800.0
2018-05-14,519.5177001953125,622.5,627.0,618.7999877929688,624.5999755859375,6948700.0
2018-05-15,529.94970703125,635.0,639.9000244140625,628.5,628.5,11199100.0
2018-05-16,535.2074584960938,641.2999877929688,643.0,632.0999755859375,633.5,11722900.0
2018-05-17,541.8004760742188,649.2000122070312,653.2000122070312,645.7999877929688,645.9000244140625,10710400.0
2018-05-18,539.296875,646.2000122070312,655.2999877929688,645.5,652.5,8558900.0
2018-05-21,535.8751220703125,642.0999755859375,646.7999877929688,641.0,644.0,7062000.0
2018-05-22,531.5354614257812,636.9000244140625,638.0,629.7000122070312,637.0,10458300.0
2018-05-23,527.1121215820312,631.5999755859375,637.7999877929688,627.0,632.7999877929688,9679700.0
2018-05-24,519.6845092773438,622.7000122070312,628.7000122070312,619.2999877929688,625.2000122070312,8998800.0
2018-05-25,519.9349365234375,623.0,630.7000122070312,620.0999755859375,625.2999877929688,10023700.0
2018-05-28,517.097412109375,619.5999755859375,620.4000244140625,614.7999877929688,619.7999877929688,5780100.0
2018-05-29,513.0079345703125,614.7000122070312,618.5,612.5,617.0,5890100.0
2018-05-30,504.0781555175781,604.0,605.7000122070312,599.0,601.7000122070312,11362000.0
2018-05-31,506.4984436035156,606.9000244140625,612.7000122070312,605.2999877929688,611.0,19539300.0
2018-06-01,520.5191040039062,623.7000122070312,629.2000122070312,603.2000122070312,604.9000244140625,15418300.0
2018-06-04,533.4548950195312,639.2000122070312,641.5999755859375,622.5999755859375,633.7000122070312,13531300.0
2018-06-05,529.5324096679688,634.5,640.4000244140625,630.7999877929688,639.2000122070312,8747900.0
2018-06-06,534.2894897460938,640.2000122070312,641.5999755859375,633.5,634.0,10454700.0
2018-06-07,534.4564208984375,640.4000244140625,649.5,638.2999877929688,647.2000122070312,11120900.0
2018-06-08,529.6159057617188,634.5999755859375,640.2999877929688,633.5,635.0,14790800.0
2018-06-11,529.2820434570312,634.2000122070312,636.7000122070312,624.7000122070312,629.2999877929688,8320700.0
2018-06-12,525.4430541992188,629.5999755859375,639.2999877929688,629.2000122070312,639.2999877929688,7459000.0
2018-06-13,534.9571533203125,641.0,643.4000244140625,626.4000244140625,630.0,11677100.0
2018-06-14,548.3102416992188,657.0,664.0,636.2000122070312,640.9000244140625,19424600.0
2018-06-15,545.0552978515625,653.0999755859375,659.0999755859375,649.5999755859375,656.5999755859375,14416400.0
2018-06-18,525.359619140625,629.5,651.7000122070312,627.5999755859375,651.5999755859375,14361000.0
2018-06-19,513.5087890625,615.2999877929688,627.5,614.7999877929688,623.0,13361700.0
2018-06-20,510.0035095214844,611.0999755859375,615.2999877929688,601.0999755859375,615.0,15981700.0
2018-06-21,493.7294616699219,591.5999755859375,605.0,589.2000122070312,603.9000244140625,20078800.0
2018-06-22,486.46881103515625,582.9000244140625,584.0999755859375,571.2999877929688,581.5999755859375,18938300.0
2018-06-25,489.3897705078125,586.4000244140625,589.0,582.7000122070312,585.7000122070312,8345900.0
2018-06-26,493.0618896484375,590.7999877929688,595.0,580.2000122070312,581.2000122070312,9817400.0
2018-06-27,490.8919677734375,588.2000122070312,589.0999755859375,579.7000122070312,586.2000122070312,7881700.0
2018-06-28,488.5552062988281,585.4000244140625,594.5999755859375,583.5999755859375,590.7999877929688,8707000.0
2018-06-29,494.5640258789063,592.5999755859375,594.5,584.2000122070312,591.7000122070312,9252100.0
2018-07-02,485.9679870605469,582.2999877929688,591.7000122070312,580.9000244140625,588.7999877929688,5599000.0
2018-07-03,484.9665222167969,581.0999755859375,584.0,575.0,582.9000244140625,7519800.0
2018-07-04,480.6268005371094,575.9000244140625,581.9000244140625,575.5,575.9000244140625,5275500.0
2018-07-05,475.5360107421875,569.7999877929688,572.9000244140625,566.2000122070312,571.0,7034400.0
2018-07-06,484.29888916015625,580.2999877929688,583.7000122070312,571.0,573.0999755859375,9355500.0
2018-07-09,490.5581970214844,587.7999877929688,591.0,581.2000122070312,585.0,6802700.0
2018-07-10,494.89788818359375,593.0,602.4000244140625,593.0,597.7999877929688,8646600.0
2018-07-11,494.8144836425781,592.9000244140625,594.4000244140625,584.7000122070312,585.9000244140625,8143200.0
2018-07-12,502.4089660644531,602.0,603.9000244140625,593.5999755859375,598.9000244140625,9701700.0
2018-07-13,499.7384338378906,598.7999877929688,606.5,598.4000244140625,603.2000122070312,10467000.0
2018-07-16,499.7384338378906,598.7999877929688,598.7999877929688,598.7999877929688,598.7999877929688,0.0
2018-07-17,506.8322448730469,607.2999877929688,612.9000244140625,596.0,597.0,11117100.0
2018-07-18,500.82330322265625,600.0999755859375,608.7999877929688,599.5999755859375,607.2999877929688,8298800.0
2018-07-19,502.7428894042969,602.4000244140625,608.7999877929688,601.0999755859375,601.5,13145900.0
2018-07-20,500.7398986816406,600.0,603.2999877929688,595.5999755859375,597.7000122070312,8457600.0
2018-07-23,535.0404663085938,641.0999755859375,642.7999877929688,629.2000122070312,630.0,28256300.0
2018-07-24,538.6292724609375,645.4000244140625,663.9000244140625,640.7000122070312,650.0,22460900.0
2018-07-25,542.4681396484375,650.0,656.2999877929688,644.7000122070312,646.7999877929688,12655200.0
2018-07-26,550.2296752929688,659.2999877929688,662.5,649.0999755859375,650.2000122070312,14925200.0
2018-07-27,547.4755859375,656.0,661.2999877929688,654.5,655.0,12928800.0
2018-07-30,556.7392578125,667.0999755859375,669.0,659.5999755859375,661.0,17183500.0
2018-07-31,530.7008666992188,635.9000244140625,674.9000244140625,635.9000244140625,671.5999755859375,31397600.0
2018-08-01,530.7008666992188,635.9000244140625,643.5999755859375,617.7000122070312,641.0,31458400.0
2018-08-02,533.2880859375,639.0,653.5999755859375,636.0999755859375,642.5999755859375,22679500.0
2018-08-03,515.928955078125,618.2000122070312,639.5,617.2000122070312,637.4000244140625,15725600.0
2018-08-06,513.6756591796875,615.5,621.5999755859375,609.5999755859375,611.5999755859375,11134600.0
2018-08-07,513.0079345703125,614.7000122070312,625.2999877929688,611.9000244140625,625.0,9333500.0
2018-08-08,521.4371948242188,624.7999877929688,625.5,615.9000244140625,616.7000122070312,9288900.0
2018-08-09,514.927490234375,617.0,620.7999877929688,615.0999755859375,615.2000122070312,7213300.0
2018-08-10,513.0914916992188,614.7999877929688,621.2000122070312,612.2000122070312,619.2000122070312,8268700.0
2018-08-13,504.7457885742188,604.7999877929688,609.2999877929688,601.2000122070312,607.0,11171300.0
2018-08-14,503.24365234375,603.0,607.5,600.4000244140625,605.0,8495100.0
2018-08-15,504.3284912109375,604.2999877929688,612.2000122070312,600.0,610.5999755859375,7367800.0
2018-08-16,506.16455078125,606.5,607.5999755859375,592.2999877929688,597.9000244140625,8136200.0
2018-08-17,516.5966796875,619.0,623.9000244140625,606.5999755859375,606.5999755859375,9426100.0
2018-08-20,512.5907592773438,614.2000122070312,615.5999755859375,609.7999877929688,613.0999755859375,6770300.0
2018-08-21,510.7547302246094,612.0,615.5,608.9000244140625,610.0999755859375,6596600.0
2018-08-22,521.1033935546875,624.4000244140625,628.7000122070312,612.5999755859375,612.9000244140625,12385300.0
2018-08-23,518.2657470703125,621.0,624.7999877929688,618.0999755859375,621.2999877929688,8595200.0
2018-08-24,521.6874389648438,625.0999755859375,628.5,622.5,625.0,6859800.0
2018-08-27,529.365478515625,634.2999877929688,635.5,624.0999755859375,627.5,7674100.0
2018-08-28,529.1151123046875,634.0,644.5,633.7999877929688,638.5,6939200.0
2018-08-29,537.4607543945312,644.0,647.2999877929688,635.7999877929688,637.0,10013000.0
2018-08-30,534.2058715820312,640.0999755859375,646.5999755859375,637.4000244140625,644.0,6712400.0
2018-08-31,525.6934814453125,629.9000244140625,632.4000244140625,627.5999755859375,630.7999877929688,11125200.0
2018-09-03,518.0154418945312,620.7000122070312,630.5999755859375,619.0,625.0,8238000.0
2018-09-04,511.7562255859375,613.2000122070312,619.0999755859375,612.2999877929688,618.2000122070312,7670000.0
2018-09-05,504.0781555175781,604.0,614.5999755859375,603.7000122070312,614.0999755859375,11934100.0
2018-09-06,503.7442626953125,603.5999755859375,607.4000244140625,601.0,604.0,8792000.0
2018-09-07,500.82330322265625,600.0999755859375,602.5,595.0999755859375,601.0,12046000.0
2018-09-10,505.4134521484375,605.5999755859375,608.0,598.2000122070312,600.9000244140625,9800300.0
2018-09-11,503.24365234375,603.0,604.5999755859375,598.7999877929688,602.5,8083200.0
2018-09-12,496.4836120605469,594.9000244140625,604.9000244140625,594.0,603.0,13009700.0
2018-09-13,502.2420349121094,601.7999877929688,604.9000244140625,593.7999877929688,595.0,7391100.0
2018-09-14,509.2525329589844,610.2000122070312,611.5,601.9000244140625,603.5999755859375,13667200.0
2018-09-17,509.2525329589844,610.2000122070312,610.2000122070312,610.2000122070312,610.2000122070312,0.0
2018-09-18,516.7635498046875,619.2000122070312,621.5,608.7999877929688,609.0999755859375,14677100.0
2018-09-19,521.019775390625,624.2999877929688,628.7999877929688,618.7000122070312,624.9000244140625,17136700.0
2018-09-20,534.4564208984375,640.4000244140625,643.0999755859375,629.2000122070312,632.5,17333200.0
2018-09-21,543.7200317382812,651.5,657.0999755859375,644.0,645.0,19507100.0
2018-09-24,543.7200317382812,651.5,651.5,651.5,651.5,0.0
2018-09-25,549.1447143554688,658.0,668.7000122070312,652.4000244140625,652.5999755859375,14475800.0
2018-09-26,548.0422973632812,646.2000122070312,649.5999755859375,639.4000244140625,648.0,11452200.0
2018-09-27,540.070068359375,636.7999877929688,642.5999755859375,635.0999755859375,641.5999755859375,9771800.0
2018-09-28,541.34228515625,638.2999877929688,648.9000244140625,638.0,641.0,10480100.0
2018-10-01,536.6776123046875,632.7999877929688,642.0,630.0999755859375,641.0,9361000.0
2018-10-02,535.3207397460938,631.2000122070312,637.0,629.4000244140625,635.0,8851100.0
2018-10-03,527.4334716796875,621.9000244140625,636.7000122070312,620.2999877929688,629.4000244140625,10849800.0
2018-10-04,542.4447631835938,639.5999755859375,642.4000244140625,633.7000122070312,639.0,14902400.0
2018-10-05,553.7244873046875,652.9000244140625,655.7999877929688,645.0999755859375,645.0999755859375,17337300.0
2018-10-08,553.7244873046875,652.9000244140625,652.9000244140625,652.9000244140625,652.9000244140625,0.0
2018-10-09,540.1549072265625,636.9000244140625,648.5,631.2999877929688,647.0999755859375,16153300.0
2018-10-10,550.0775756835938,648.5999755859375,652.5999755859375,640.5999755859375,644.0,12324200.0
2018-10-11,524.29541015625,618.2000122070312,644.7000122070312,614.4000244140625,619.0,21714000.0
2018-10-12,518.952392578125,611.9000244140625,613.7000122070312,605.0999755859375,612.0,12979800.0
2018-10-15,506.1460571289063,596.7999877929688,604.2999877929688,590.5,603.7000122070312,13917300.0
2018-10-16,507.3334655761719,598.2000122070312,599.7000122070312,590.2000122070312,595.0,9420800.0
2018-10-17,514.9663696289062,607.2000122070312,611.2000122070312,604.2999877929688,608.7000122070312,12053200.0
2018-10-18,518.6131591796875,611.5,619.2000122070312,609.2000122070312,616.0,12243000.0
2018-10-19,519.8853149414062,613.0,613.2999877929688,601.5,601.7999877929688,11580200.0
2018-10-22,520.5637817382812,613.7999877929688,617.2999877929688,608.7000122070312,609.5999755859375,6174900.0
2018-10-23,511.8283386230469,603.5,611.7000122070312,600.9000244140625,608.7000122070312,9678500.0
2018-10-24,498.8523864746094,588.2000122070312,605.5999755859375,585.4000244140625,605.0,15622100.0
2018-10-25,490.7106323242188,578.5999755859375,583.0,570.0999755859375,575.0,13742600.0
2018-10-26,495.3752136230469,584.0999755859375,587.5999755859375,577.9000244140625,587.2999877929688,9532000.0
2018-10-29,491.7283630371094,579.7999877929688,591.4000244140625,579.0,589.7999877929688,9623600.0
2018-10-30,496.9018249511719,585.9000244140625,589.0,579.2999877929688,579.5999755859375,10462100.0
2018-10-31,504.6195068359375,595.0,596.2999877929688,585.7999877929688,589.0,15814900.0
2018-11-01,513.8638916015625,605.9000244140625,607.4000244140625,594.2000122070312,601.9000244140625,14753700.0
2018-11-02,516.492919921875,609.0,614.5,600.7999877929688,613.0,10279100.0
2018-11-05,513.609375,605.5999755859375,611.7000122070312,605.4000244140625,606.7000122070312,6209000.0
2018-11-06,520.8182373046875,614.0999755859375,617.0999755859375,606.2000122070312,606.2000122070312,7437400.0
2018-11-07,514.9663696289062,607.2000122070312,622.9000244140625,604.2000122070312,613.0,11735600.0
2018-11-08,525.0586547851562,619.0999755859375,624.5999755859375,610.7000122070312,616.4000244140625,10987200.0
2018-11-09,523.7865600585938,617.5999755859375,625.7000122070312,615.5999755859375,615.5999755859375,9865900.0
2018-11-12,518.189208984375,611.0,615.7000122070312,604.4000244140625,610.0,10322100.0
2018-11-13,505.04345703125,595.5,597.2000122070312,588.5999755859375,596.4000244140625,12984200.0
2018-11-14,508.0119018554688,599.0,604.0999755859375,597.5999755859375,598.9000244140625,9701700.0
2018-11-15,493.0854187011719,581.4000244140625,589.5,577.5,589.5,15795800.0
2018-11-16,487.9119567871094,575.2999877929688,583.0999755859375,574.7000122070312,579.2999877929688,12039900.0
2018-11-19,487.2335205078125,574.5,580.0,570.0,575.0,9235300.0
2018-11-20,490.2018127441406,578.0,581.2999877929688,567.2999877929688,571.4000244140625,8406600.0
2018-11-21,490.2018127441406,578.0,579.2999877929688,571.0999755859375,571.4000244140625,8462300.0
2018-11-22,491.8979797363281,580.0,580.7000122070312,570.0999755859375,577.0,8538400.0
2018-11-23,491.8979797363281,580.0,580.0,580.0,580.0,0.0
2018-11-26,488.8448486328125,576.4000244140625,577.2000122070312,566.4000244140625,571.0999755859375,10934000.0
2018-11-27,499.2764587402344,588.7000122070312,590.9000244140625,582.5999755859375,584.2000122070312,16881800.0
2018-11-28,504.3650817871094,594.7000122070312,601.5,588.0,591.7000122070312,16406200.0
2018-11-29,509.19927978515625,600.4000244140625,607.2999877929688,596.7999877929688,597.7999877929688,11119000.0
2018-11-30,510.4713439941406,601.9000244140625,606.0999755859375,597.7999877929688,602.2000122070312,27064700.0
2018-12-03,517.5953369140625,610.2999877929688,615.7000122070312,606.5,609.0,8870800.0
2018-12-04,500.7182312011719,590.4000244140625,606.5999755859375,588.0999755859375,606.0999755859375,14272800.0
2018-12-05,491.4739074707031,579.5,583.2000122070312,573.2999877929688,579.5,12468100.0
2018-12-06,483.16253662109375,569.7000122070312,577.7999877929688,567.7000122070312,574.2000122070312,9847400.0
2018-12-07,479.430908203125,565.2999877929688,571.7000122070312,562.0,569.7999877929688,11724300.0
2018-12-10,475.9537963867188,561.2000122070312,565.2000122070312,559.4000244140625,564.7999877929688,9530700.0
2018-12-11,470.6954956054688,555.0,558.0999755859375,546.0,557.7000122070312,10624300.0
2018-12-12,476.2929382324219,561.5999755859375,567.5,559.5999755859375,560.2000122070312,11128000.0
2018-12-13,479.6853637695313,565.5999755859375,571.7999877929688,564.7999877929688,567.2000122070312,10983200.0
2018-12-14,468.2360229492188,552.0999755859375,561.5999755859375,546.2999877929688,561.0,19860200.0
2018-12-17,470.6954956054688,555.0,565.5999755859375,553.7999877929688,562.0999755859375,9025500.0
2018-12-18,464.50433349609375,547.7000122070312,551.0,543.2999877929688,546.0,11186900.0
2018-12-19,459.9246826171875,542.2999877929688,545.0,537.5999755859375,542.7999877929688,9364800.0
2018-12-20,455.2600708007813,536.7999877929688,542.5999755859375,531.9000244140625,535.7000122070312,11592500.0
2018-12-21,447.9664306640625,528.2000122070312,540.9000244140625,522.4000244140625,537.7999877929688,14021900.0
2018-12-24,447.9664306640625,528.2000122070312,528.2000122070312,528.2000122070312,528.2000122070312,0.0
2018-12-25,434.6512145996094,512.5,513.5999755859375,504.1000061035156,508.2000122070313,11408600.0
2018-12-26,435.0753173828125,513.0,518.5,506.5,514.2000122070312,10027900.0
2018-12-27,449.2385864257813,529.7000122070312,541.0,527.0,535.0,10432500.0
2018-12-28,448.3904724121094,528.7000122070312,533.5999755859375,519.7000122070312,522.5999755859375,8091400.0
2018-12-31,448.3904724121094,528.7000122070312,528.7000122070312,528.7000122070312,528.7000122070312,0.0
2019-01-04,448.8144836425781,529.2000122070312,529.2000122070312,517.2999877929688,518.7000122070312,9922500.0
2019-01-07,458.9068908691406,541.0999755859375,547.2000122070312,539.2000122070312,545.2999877929688,9220700.0
2019-01-08,461.19671630859375,543.7999877929688,549.7999877929688,540.2999877929688,540.7000122070312,8513700.0
2019-01-09,464.6740112304688,547.9000244140625,552.7000122070312,542.0,550.0,7421800.0
2019-01-10,462.8081970214844,545.7000122070312,547.2999877929688,538.5,539.7000122070312,6679200.0
2019-01-11,462.2993469238281,545.0999755859375,547.9000244140625,542.2000122070312,545.5,8509900.0
2019-01-15,468.4905090332031,552.4000244140625,557.7999877929688,541.7999877929688,542.4000244140625,11093700.0
2019-01-16,461.3663940429688,544.0,551.5,538.2000122070312,551.5,9088300.0
2019-01-17,463.9107360839844,547.0,554.0,546.5,553.2999877929688,6601500.0
2019-01-18,467.3031005859375,551.0,556.9000244140625,548.0,551.7000122070312,5993100.0
2019-01-21,471.7131958007813,556.2000122070312,560.4000244140625,552.2999877929688,556.9000244140625,5651400.0
2019-01-22,465.7765197753906,549.2000122070312,556.5,547.2000122070312,555.0,5674800.0
2019-01-23,463.4866333007813,546.5,551.7000122070312,544.0999755859375,546.0,7495400.0
2019-01-24,468.1512756347656,552.0,555.5999755859375,547.0999755859375,548.0999755859375,8262100.0
2019-01-25,471.7131958007813,556.2000122070312,560.5,551.5,551.5999755859375,7972900.0
2019-01-28,467.0486450195313,550.7000122070312,553.7000122070312,548.4000244140625,552.4000244140625,7107600.0
2019-01-29,464.7588195800781,548.0,551.7000122070312,543.7999877929688,550.0999755859375,8077200.0
2019-01-30,464.25,547.4000244140625,551.7000122070312,546.5999755859375,547.0999755859375,7431000.0
2019-01-31,466.3702087402344,549.9000244140625,556.5,546.9000244140625,550.0999755859375,8989200.0
2019-02-01,447.1183166503906,527.2000122070312,543.7000122070312,526.5999755859375,543.7000122070312,15244200.0
2019-02-04,453.5638732910156,534.7999877929688,539.4000244140625,531.0999755859375,535.0,7951400.0
2019-02-05,452.1220703125,533.0999755859375,535.5,531.5,532.7999877929688,5179300.0
2019-02-06,449.91705322265625,530.5,533.7000122070312,527.2999877929688,532.7999877929688,8729600.0
2019-02-07,439.0613708496094,517.7000122070312,526.4000244140625,515.7000122070312,525.2000122070312,12828300.0
2019-02-08,428.6297302246094,505.3999938964844,514.0999755859375,502.7999877929688,513.5999755859375,13374100.0
2019-02-12,438.0436706542969,516.5,519.7999877929688,505.2999877929688,507.5,12343000.0
2019-02-13,437.1107482910156,515.4000244140625,519.7999877929688,511.2000122070313,519.4000244140625,10521000.0
2019-02-14,434.2271728515625,512.0,516.0999755859375,508.8999938964844,509.2999877929688,13355200.0
2019-02-15,430.6651916503906,507.7999877929688,509.6000061035156,500.7999877929688,505.8999938964844,11620900.0
2019-02-18,437.1107482910156,515.4000244140625,519.0,513.2000122070312,516.0999755859375,10712800.0
2019-02-19,435.9234313964844,514.0,515.0999755859375,509.0,511.5,16092200.0
2019-02-20,432.1069641113281,509.5,513.5999755859375,505.3999938964844,511.1000061035156,21198400.0
2019-02-21,434.2271728515625,512.0,512.7000122070312,506.7999877929688,509.5,10652900.0
2019-02-22,430.325927734375,507.3999938964844,509.6000061035156,503.6000061035156,505.8999938964844,7475000.0
2019-02-25,432.7854614257813,510.2999877929688,511.0,506.2000122070313,509.3999938964844,9021900.0
2019-02-26,429.39300537109375,506.2999877929688,506.7999877929688,501.3999938964844,506.2000122070313,10138900.0
2019-02-27,429.9866943359375,507.0,510.3999938964844,505.7000122070313,507.3999938964844,8692100.0
2019-02-28,426.84869384765625,503.2999877929688,508.7999877929688,503.2999877929688,506.0,10508800.0
2019-03-01,428.79931640625,505.6000061035156,508.2999877929688,503.2000122070313,506.8999938964844,9230400.0
2019-03-04,427.6120300292969,504.2000122070313,509.5,503.2000122070313,508.2000122070313,8095500.0
2019-03-05,429.8170776367188,506.7999877929688,507.1000061035156,501.1000061035156,502.0,8941300.0
2019-03-06,428.6297302246094,505.3999938964844,507.0,503.2000122070313,506.7999877929688,5386900.0
2019-03-07,424.6436767578125,500.7000122070313,505.5,498.2000122070313,504.2000122070313,11572300.0
2019-03-08,411.1588439941406,484.7999877929688,495.0,483.0,493.3999938964844,19427800.0
2019-03-11,414.3816528320313,488.6000061035156,490.7000122070313,482.5,483.7999877929688,5121800.0
2019-03-12,416.3323059082031,490.8999938964844,493.7999877929688,485.5,486.7999877929688,7355900.0
2019-03-13,413.7879943847656,487.8999938964844,490.6000061035156,483.2000122070313,484.0,7531300.0
2019-03-14,415.90826416015625,490.3999938964844,496.8999938964844,488.8999938964844,489.0,6828600.0
2019-03-15,418.11334228515625,493.0,497.2000122070313,491.2000122070313,491.3999938964844,10216700.0
2019-03-18,419.0462036132813,494.1000061035156,495.6000061035156,491.2999877929688,493.3999938964844,4573900.0
2019-03-19,423.2867126464844,499.1000061035156,501.1000061035156,493.7999877929688,496.3999938964844,6745000.0
2019-03-20,423.8804016113281,499.7999877929688,500.0,490.5,490.7000122070313,11981700.0
2019-03-22,422.9474792480469,498.7000122070313,499.3999938964844,491.3999938964844,493.2000122070313,14008400.0
2019-03-25,413.1094970703125,487.1000061035156,490.2999877929688,482.8999938964844,490.2999877929688,8445600.0
2019-03-26,420.06390380859375,495.2999877929688,498.2999877929688,485.6000061035156,488.8999938964844,8648100.0
2019-03-27,421.8834838867188,486.8999938964844,488.1000061035156,481.8999938964844,482.0,5769700.0
2019-03-28,415.8182067871094,479.8999938964844,488.3999938964844,479.0,487.2999877929688,7221200.0
2019-03-29,415.6449279785156,479.7000122070313,485.1000061035156,479.7000122070313,484.5,7225100.0
2019-04-01,423.0965270996094,488.2999877929688,493.2000122070313,484.0,484.0,7443700.0
2019-04-02,424.5695495605469,490.0,498.0,489.6000061035156,498.0,5045000.0
2019-04-03,427.0823364257813,492.8999938964844,494.1000061035156,486.7999877929688,490.0,5167500.0
2019-04-04,425.7826232910156,491.3999938964844,495.5,490.2999877929688,495.0,4247200.0
2019-04-05,430.7215270996094,497.1000061035156,498.3999938964844,491.5,492.7999877929688,7182400.0
2019-04-08,423.703125,489.0,498.6000061035156,485.0,498.3999938964844,8125600.0
2019-04-09,419.9773254394531,484.7000122070313,485.2000122070313,481.7999877929688,483.2000122070313,3782900.0
2019-04-10,410.87939453125,474.2000122070313,477.7999877929688,470.7000122070313,476.0,9903900.0
2019-04-11,400.3951110839844,462.1000061035156,471.2999877929688,458.1000061035156,470.7000122070313,14695000.0
2019-04-12,394.2431945800781,455.0,464.8999938964844,455.0,462.8999938964844,15457500.0
2019-04-15,399.2687072753906,460.7999877929688,465.0,458.8999938964844,463.0,13718900.0
2019-04-16,400.0485534667969,461.7000122070313,463.0,455.0,457.2999877929688,8113700.0
2019-04-17,404.9874267578125,467.3999938964844,470.6000061035156,462.3999938964844,463.3999938964844,12022600.0
2019-04-18,404.2075805664063,466.5,474.7999877929688,465.6000061035156,470.0,14677100.0
2019-04-19,402.2147216796875,464.2000122070313,466.8999938964844,462.7999877929688,465.0,5478700.0
2019-04-22,405.6805725097656,468.2000122070313,470.7000122070313,460.1000061035156,461.6000061035156,8217000.0
2019-04-23,410.3594665527344,473.6000061035156,476.1000061035156,469.0,469.2000122070313,12503900.0
2019-04-24,404.9874267578125,467.3999938964844,476.8999938964844,463.5,475.0,9862300.0
2019-04-25,409.5796508789063,472.7000122070313,474.7999877929688,464.3999938964844,468.0,11466200.0
2019-04-26,406.9802856445313,469.7000122070313,470.7000122070313,462.0,468.0,10168200.0
2019-05-07,406.8069763183594,469.5,475.7999877929688,465.8999938964844,475.2999877929688,9693500.0
2019-05-08,398.4888916015625,459.8999938964844,461.0,455.7000122070313,458.2000122070313,13862500.0
2019-05-09,391.55712890625,451.8999938964844,456.0,448.2999877929688,455.2999877929688,11985900.0
2019-05-10,386.9648742675781,446.6000061035156,452.0,443.0,447.3999938964844,14249500.0
2019-05-13,396.8425598144531,458.0,464.0,454.0,454.6000061035156,21645200.0
2019-05-14,393.6366271972656,454.2999877929688,454.8999938964844,433.0,434.0,22607200.0
2019-05-15,400.5683898925781,462.2999877929688,465.1000061035156,456.2000122070313,458.2999877929688,17363100.0
2019-05-16,400.4817810058594,462.2000122070313,464.5,455.2999877929688,458.2999877929688,12086700.0
2019-05-17,401.0882873535156,462.8999938964844,468.3999938964844,459.2999877929688,468.0,9988500.0
2019-05-20,405.0740356445313,467.5,470.6000061035156,464.7000122070313,466.3999938964844,8977100.0
2019-05-21,402.3013305664063,464.2999877929688,467.1000061035156,458.1000061035156,460.2000122070313,15316400.0
2019-05-22,402.0413818359375,464.0,466.0,460.2000122070313,465.6000061035156,8715600.0
2019-05-23,401.0882873535156,462.8999938964844,464.0,457.6000061035156,460.2999877929688,8802000.0
2019-05-24,403.6009826660156,465.7999877929688,466.0,459.5,461.3999938964844,10217800.0
2019-05-27,403.3410949707031,465.5,468.7000122070313,463.5,468.0,6225000.0
2019-05-28,404.4674987792969,466.7999877929688,469.2000122070313,464.5,465.5,9937200.0
2019-05-29,403.1677551269531,465.2999877929688,467.0,458.1000061035156,461.5,10226900.0
2019-05-30,406.5470275878906,469.2000122070313,470.7999877929688,461.8999938964844,462.5,8444600.0
2019-05-31,398.4888916015625,459.8999938964844,465.2000122070313,459.1000061035156,463.5,12944800.0
2019-06-03,394.3298645019531,455.1000061035156,457.2999877929688,451.3999938964844,454.6000061035156,8763600.0
2019-06-04,397.5357360839844,458.7999877929688,463.2999877929688,457.2999877929688,460.2000122070313,9576900.0
2019-06-05,404.72747802734375,467.1000061035156,472.2999877929688,464.2000122070313,467.0,11881900.0
2019-06-06,402.6479187011719,464.7000122070313,466.5,462.1000061035156,462.8999938964844,6806400.0
2019-06-07,399.3553466796875,460.8999938964844,461.6000061035156,451.7000122070313,455.0,11669700.0
2019-06-10,392.423583984375,452.8999938964844,461.7999877929688,452.3999938964844,461.7999877929688,12806700.0
2019-06-11,397.4490966796875,458.7000122070313,458.7000122070313,453.8999938964844,455.2000122070313,10336100.0
2019-06-12,389.9108276367188,450.0,451.5,447.2999877929688,451.2000122070313,11963000.0
2019-06-13,383.0657348632813,442.1000061035156,447.0,439.0,445.5,12186700.0
2019-06-14,384.1921081542969,443.3999938964844,445.1000061035156,440.2999877929688,443.2999877929688,9993400.0
2019-06-17,381.2461242675781,440.0,444.0,440.0,442.0,8162700.0
2019-06-18,378.2135009765625,436.5,441.7999877929688,435.2999877929688,436.2999877929688,8401400.0
2019-06-19,381.41943359375,440.2000122070313,443.2000122070313,439.2999877929688,440.2999877929688,7185400.0
2019-06-20,382.8057861328125,441.7999877929688,444.5,440.1000061035156,441.0,7695100.0
2019-06-21,380.03314208984375,438.6000061035156,443.1000061035156,436.1000061035156,440.0,12862800.0
2019-06-24,383.7589111328125,442.8999938964844,445.0,438.8999938964844,440.3999938964844,8259800.0
2019-06-25,382.1992492675781,441.1000061035156,442.7999877929688,438.2999877929688,438.8999938964844,6963400.0
2019-06-26,379.5998229980469,438.1000061035156,440.7000122070313,436.6000061035156,439.1000061035156,6848200.0
2019-06-27,389.2176818847656,449.2000122070313,449.2000122070313,441.2999877929688,442.8999938964844,10319000.0
2019-06-28,388.6977233886719,448.6000061035156,451.0,444.2999877929688,449.5,8738700.0
2019-07-01,392.9434509277344,453.5,458.7999877929688,451.2999877929688,456.6000061035156,10756600.0
2019-07-02,393.6366271972656,454.2999877929688,454.7999877929688,450.6000061035156,454.2999877929688,7418100.0
2019-07-03,389.99749755859375,450.1000061035156,450.5,444.8999938964844,449.0,8577900.0
2019-07-04,390.0841674804688,450.2000122070313,451.2999877929688,446.2999877929688,448.7999877929688,5882200.0
2019-07-05,390.6906127929688,450.8999938964844,452.3999938964844,447.7999877929688,448.2000122070313,6240900.0
2019-07-08,393.6366271972656,454.2999877929688,461.0,453.6000061035156,455.2999877929688,12170000.0
2019-07-09,396.1494140625,457.2000122070313,463.8999938964844,455.8999938964844,460.0,11461900.0
2019-07-10,398.22894287109375,459.6000061035156,460.8999938964844,455.1000061035156,455.7999877929688,9233300.0
2019-07-11,398.4888916015625,459.8999938964844,460.3999938964844,456.6000061035156,458.0,6044100.0
2019-07-12,399.9619140625,461.6000061035156,464.2999877929688,458.8999938964844,462.0,4932900.0
2019-07-16,394.2431945800781,455.0,458.8999938964844,454.1000061035156,457.0,8186000.0
2019-07-17,400.0485534667969,461.7000122070313,463.5,453.2999877929688,453.5,12251200.0
2019-07-18,390.5173950195313,450.7000122070313,459.5,448.7999877929688,457.0,13394200.0
2019-07-19,392.0769958496094,452.5,456.2000122070313,448.2999877929688,450.6000061035156,9254900.0
2019-07-22,389.82415771484375,449.8999938964844,455.8999938964844,446.8999938964844,454.1000061035156,8267000.0
2019-07-23,388.5244445800781,448.3999938964844,451.7999877929688,445.2999877929688,446.0,7543900.0
2019-07-24,389.82415771484375,449.8999938964844,453.3999938964844,449.6000061035156,452.6000061035156,5765600.0
2019-07-25,388.0912170410156,447.8999938964844,448.8999938964844,446.2999877929688,448.3999938964844,5456900.0
2019-07-26,385.9250793457031,445.3999938964844,447.2999877929688,443.6000061035156,445.3999938964844,6343200.0
2019-07-29,383.9322204589844,443.1000061035156,449.2999877929688,441.2999877929688,448.3999938964844,6506000.0
2019-07-30,385.4051818847656,444.7999877929688,448.6000061035156,442.7000122070313,445.0,5761000.0
2019-07-31,385.0586242675781,444.3999938964844,445.2000122070313,440.7000122070313,443.0,8724600.0
2019-08-01,391.3838195800781,451.7000122070313,455.2999877929688,441.7999877929688,442.2000122070313,10297500.0
2019-08-02,386.5316467285156,446.1000061035156,446.1000061035156,440.1000061035156,442.3999938964844,14552900.0
2019-08-05,377.4336853027344,435.6000061035156,443.6000061035156,432.6000061035156,443.0,9889900.0
2019-08-06,373.8811645507813,431.5,432.5,418.3999938964844,422.7000122070313,10381900.0
2019-08-07,372.4948120117188,429.8999938964844,433.2000122070313,427.1000061035156,429.6000061035156,7764500.0
2019-08-08,366.776123046875,423.2999877929688,427.2000122070313,422.7000122070313,426.5,8183500.0
2019-08-09,367.4692993164063,424.1000061035156,425.7000122070313,421.7999877929688,422.7000122070313,7236900.0
2019-08-13,361.8372497558594,417.6000061035156,421.0,413.6000061035156,420.0,10628700.0
2019-08-14,361.0574340820313,416.7000122070313,420.6000061035156,415.7999877929688,419.5,7052900.0
2019-08-15,355.1654663085937,409.8999938964844,410.7999877929688,404.0,404.6000061035156,10221700.0
2019-08-16,353.0859069824219,407.5,407.8999938964844,404.7000122070313,406.3999938964844,8340100.0
2019-08-19,358.0248107910156,413.2000122070313,414.1000061035156,410.1000061035156,410.8999938964844,7984500.0
2019-08-20,355.9452514648437,410.7999877929688,417.2000122070313,409.7999877929688,415.6000061035156,6274200.0
2019-08-21,351.6995849609375,405.8999938964844,406.7999877929688,403.2999877929688,405.1000061035156,8360700.0
2019-08-22,352.7393493652344,407.1000061035156,408.2999877929688,405.1000061035156,407.5,6021400.0
2019-08-23,356.1185607910156,411.0,412.3999938964844,406.2999877929688,406.7999877929688,7999700.0
2019-08-26,348.06036376953125,401.7000122070313,403.7999877929688,397.3999938964844,400.0,8577300.0
2019-08-27,349.6200561523437,403.5,408.3999938964844,402.7000122070313,405.0,6476900.0
2019-08-28,349.5334167480469,403.3999938964844,404.5,401.0,402.0,5694800.0
2019-08-29,353.34588623046875,407.7999877929688,408.7999877929688,404.8999938964844,406.2999877929688,11021100.0
2019-08-30,361.3173828125,417.0,417.0,412.7999877929688,413.3999938964844,12288900.0
2019-09-02,360.6242065429688,416.2000122070313,416.8999938964844,412.2999877929688,413.3999938964844,6074500.0
2019-09-03,363.3968811035156,419.3999938964844,422.0,416.3999938964844,416.6000061035156,8731500.0
2019-09-04,360.6242065429688,416.2000122070313,417.3999938964844,411.7000122070313,416.2000122070313,8741500.0
2019-09-05,364.7832336425781,421.0,422.1000061035156,417.3999938964844,420.3999938964844,9906300.0
2019-09-06,366.776123046875,423.2999877929688,426.5,422.7000122070313,423.7999877929688,6685900.0
2019-09-09,370.3286437988281,427.3999938964844,427.7999877929688,423.7999877929688,423.8999938964844,7929700.0
2019-09-10,388.0912170410156,447.8999938964844,452.5,440.6000061035156,443.0,23674600.0
2019-09-11,412.3523559570313,475.8999938964844,478.2000122070313,460.0,463.8999938964844,32304100.0
2019-09-12,411.3992309570313,474.7999877929688,479.1000061035156,470.2999877929688,475.0,13588000.0
2019-09-13,413.8253784179688,477.6000061035156,480.6000061035156,468.0,477.6000061035156,17383900.0
2019-09-17,416.3381042480469,480.5,484.6000061035156,474.6000061035156,476.2999877929688,9318000.0
2019-09-18,412.6123046875,476.2000122070313,478.6000061035156,473.1000061035156,474.5,6828400.0
2019-09-19,413.3055114746094,477.0,485.1000061035156,476.7000122070313,482.2000122070313,8231800.0
2019-09-20,416.5980224609375,480.7999877929688,482.7999877929688,477.6000061035156,480.0,11394400.0
2019-09-24,413.1321716308594,476.7999877929688,481.8999938964844,475.7999877929688,480.7000122070313,9308300.0
2019-09-25,415.5583190917969,479.6000061035156,481.8999938964844,476.1000061035156,477.0,7466500.0
2019-09-26,417.6378173828125,482.0,484.5,479.1000061035156,481.0,10623400.0
2019-09-27,415.3348388671875,468.8999938964844,471.6000061035156,462.0,470.1000061035156,10077800.0
2019-09-30,410.10882568359375,463.0,469.5,461.6000061035156,465.0,8911900.0
2019-10-01,412.1460571289063,465.2999877929688,467.0,462.5,464.0,8220900.0
2019-10-02,409.4888000488281,462.2999877929688,464.8999938964844,455.7000122070313,458.5,7235500.0
2019-10-03,403.465576171875,455.5,456.7999877929688,450.0,453.6000061035156,7624600.0
2019-10-04,399.4796447753906,451.0,451.0,446.5,449.2999877929688,7013500.0
2019-10-07,393.810791015625,444.6000061035156,450.7000122070313,441.8999938964844,449.7000122070313,8570300.0
2019-10-08,395.5823364257813,446.6000061035156,450.2999877929688,444.2999877929688,448.6000061035156,7016600.0
2019-10-09,393.1907043457031,443.8999938964844,444.2000122070313,439.3999938964844,440.2999877929688,6640700.0
2019-10-10,392.4821472167969,443.1000061035156,444.0,437.5,443.7000122070313,5560900.0
2019-10-11,397.5309448242188,448.7999877929688,450.8999938964844,443.8999938964844,447.0,9574600.0
2019-10-15,403.9970397949219,456.1000061035156,464.0,453.8999938964844,462.2999877929688,8070700.0
2019-10-16,406.83148193359375,459.2999877929688,467.8999938964844,457.5,464.1000061035156,9253000.0
2019-10-17,406.2114562988281,458.6000061035156,462.5,456.6000061035156,459.2000122070313,6134600.0
2019-10-18,403.6427307128906,455.7000122070313,458.3999938964844,451.0,456.5,7891500.0
2019-10-21,406.300048828125,458.7000122070313,464.0,457.5,460.0,6539900.0
2019-10-23,412.76611328125,466.0,466.6000061035156,460.7000122070313,464.0,8901400.0
2019-10-24,418.7892761230469,472.7999877929688,473.7000122070313,467.8999938964844,470.2000122070313,6780400.0
2019-10-25,421.623779296875,476.0,476.6000061035156,471.2999877929688,472.0,6988100.0
2019-10-28,422.7752380371094,477.2999877929688,478.6000061035156,475.1000061035156,476.1000061035156,4804500.0
2019-10-29,428.0013122558594,483.2000122070313,486.6000061035156,482.2999877929688,482.5,10382100.0
2019-10-30,425.2554016113281,480.1000061035156,480.5,477.2000122070313,479.7000122070313,10217900.0
2019-10-31,420.82659912109375,475.1000061035156,477.2999877929688,466.7999877929688,474.0,12397600.0
2019-11-01,417.8150024414063,471.7000122070313,473.7000122070313,466.5,467.5,8615400.0
2019-11-05,424.9896545410156,479.7999877929688,483.0,475.6000061035156,481.0,10758700.0
2019-11-06,428.9755859375,484.2999877929688,487.8999938964844,481.5,487.8999938964844,6760900.0
2019-11-07,426.4068908691406,481.3999938964844,481.8999938964844,478.7000122070313,481.0,6438100.0
2019-11-08,428.4441528320313,483.7000122070313,488.1000061035156,480.7000122070313,488.0,7241300.0
2019-11-11,423.4839172363281,478.1000061035156,483.0,472.1000061035156,479.7999877929688,9585100.0
2019-11-12,426.229736328125,481.2000122070313,482.3999938964844,476.7000122070313,479.7999877929688,8022300.0
2019-11-13,424.9896545410156,479.7999877929688,484.6000061035156,478.7999877929688,484.6000061035156,8213300.0
2019-11-14,420.2951354980469,474.5,480.7000122070313,473.7999877929688,478.0,6133300.0
2019-11-15,422.8638305664063,477.3999938964844,479.2999877929688,472.1000061035156,473.7999877929688,7515600.0
2019-11-18,420.7380065917969,475.0,476.8999938964844,472.2000122070313,476.1000061035156,7379700.0
2019-11-19,423.2181396484375,477.7999877929688,481.2000122070313,475.2999877929688,476.0,11232900.0
2019-11-20,415.15771484375,468.7000122070313,476.2000122070313,467.6000061035156,475.2999877929688,10583600.0
2019-11-21,413.4747314453125,466.7999877929688,470.1000061035156,461.5,468.7000122070313,10660100.0
2019-11-22,409.9316711425781,462.7999877929688,467.8999938964844,462.6000061035156,467.7000122070313,8165900.0
2019-11-25,411.6146240234375,464.7000122070313,467.1000061035156,463.6000061035156,467.0,5094600.0
2019-11-26,410.1974182128906,463.1000061035156,468.1000061035156,461.2999877929688,465.0,10660300.0
2019-11-27,411.2603149414063,464.2999877929688,464.5,461.7000122070313,461.7000122070313,5573100.0
2019-11-28,410.2859802246094,463.2000122070313,465.7999877929688,461.3999938964844,464.5,4243000.0
2019-11-29,411.0831909179688,464.1000061035156,465.3999938964844,462.2000122070313,464.8999938964844,6596600.0
2019-12-02,413.4747314453125,466.7999877929688,468.7999877929688,462.7000122070313,463.3999938964844,5008200.0
2019-12-03,414.8033752441406,468.2999877929688,468.7000122070313,460.8999938964844,462.5,9018200.0
2019-12-04,412.94329833984375,466.2000122070313,466.2999877929688,461.5,463.0,8327300.0
2019-12-05,415.9548645019531,469.6000061035156,470.6000061035156,467.2000122070313,468.5,7651300.0
2019-12-06,421.180908203125,475.5,475.5,472.2999877929688,472.2999877929688,9214500.0
2019-12-09,430.2156982421875,485.7000122070313,494.1000061035156,482.5,484.6000061035156,15024000.0
2019-12-10,428.08984375,483.2999877929688,485.6000061035156,479.5,484.1000061035156,8819500.0
2019-12-11,429.7728271484375,485.2000122070313,489.7999877929688,482.0,485.7999877929688,8914000.0
2019-12-12,427.1155395507813,482.2000122070313,485.1000061035156,479.2999877929688,484.6000061035156,6850100.0
2019-12-13,437.3903503417969,493.7999877929688,496.5,489.2000122070313,491.0,19024000.0
2019-12-16,431.278564453125,486.8999938964844,492.8999938964844,486.7999877929688,491.3999938964844,8211300.0
2019-12-17,436.4160461425781,492.7000122070313,492.7000122070313,488.2999877929688,490.3999938964844,7571400.0
2019-12-18,434.9102478027344,491.0,498.2000122070313,491.0,494.6000061035156,8618400.0
2019-12-19,429.15277099609375,484.5,491.8999938964844,483.3999938964844,491.0,8949500.0
2019-12-20,429.41845703125,484.7999877929688,487.1000061035156,483.1000061035156,483.8999938964844,7592500.0
2019-12-23,428.08984375,483.2999877929688,484.7999877929688,482.0,484.5,3676000.0
2019-12-24,426.229736328125,481.2000122070313,484.7000122070313,479.5,484.1000061035156,3577200.0
2019-12-25,422.1552429199219,476.6000061035156,481.1000061035156,476.2000122070313,480.1000061035156,3303200.0
2019-12-26,423.3067321777344,477.8999938964844,478.7999877929688,474.1000061035156,475.0,3449500.0
2019-12-27,428.0013122558594,483.2000122070313,485.5,480.6000061035156,481.2000122070313,5836600.0
2019-12-30,424.2810668945313,479.0,481.7000122070313,477.1000061035156,480.0,4727700.0
2020-01-06,417.2835388183594,471.1000061035156,473.0,467.1000061035156,471.0,9546800.0
2020-01-07,418.9664611816406,473.0,474.7000122070313,470.6000061035156,471.0,6666900.0
2020-01-08,413.9176025390625,467.2999877929688,469.0,463.1000061035156,465.3999938964844,8320100.0
2020-01-09,418.346435546875,472.2999877929688,475.5,470.7000122070313,475.1000061035156,5532800.0
2020-01-10,418.1692810058594,472.1000061035156,477.2999877929688,472.1000061035156,475.5,5546500.0
2020-01-14,414.8033752441406,468.2999877929688,470.2999877929688,465.2000122070313,469.8999938964844,7720500.0
2020-01-15,412.2346801757813,465.3999938964844,466.5,461.0,462.7999877929688,9997800.0
2020-01-16,405.1485290527344,457.3999938964844,463.8999938964844,457.3999938964844,462.0,11009700.0
2020-01-17,410.10882568359375,463.0,464.0,459.2999877929688,461.0,8216300.0
2020-01-20,412.2346801757813,465.3999938964844,467.5,464.2999877929688,464.5,4387800.0
2020-01-21,414.6262512207031,468.1000061035156,468.7999877929688,464.7999877929688,467.0,6706000.0
2020-01-22,413.38616943359375,466.7000122070313,467.7000122070313,463.3999938964844,465.2000122070313,7385000.0
2020-01-23,409.8431091308594,462.7000122070313,466.3999938964844,461.8999938964844,466.2000122070313,5570700.0
2020-01-24,410.2859802246094,463.2000122070313,464.5,462.1000061035156,463.7999877929688,5112300.0
2020-01-27,407.1858215332031,459.7000122070313,460.7999877929688,453.2999877929688,455.6000061035156,6693300.0
2020-01-28,406.0343017578125,458.3999938964844,459.2999877929688,455.1000061035156,457.7000122070313,7001300.0
2020-01-29,406.38861083984375,458.7999877929688,462.0,457.7999877929688,458.2999877929688,5509000.0
2020-01-30,402.5798645019531,454.5,458.7000122070313,453.2000122070313,456.5,7146900.0
2020-01-31,403.8198852539063,455.8999938964844,463.0,455.1000061035156,460.1000061035156,10029400.0
2020-02-03,401.0740356445313,452.7999877929688,455.7999877929688,449.5,450.1000061035156,9372000.0
2020-02-04,404.6170654296875,456.7999877929688,457.2999877929688,448.5,451.8999938964844,9646400.0
2020-02-05,408.5144653320313,461.2000122070313,462.7999877929688,458.7000122070313,458.8999938964844,6499200.0
2020-02-06,414.6262512207031,468.1000061035156,478.0,467.6000061035156,473.7000122070313,11177300.0
2020-02-07,413.1203918457031,466.3999938964844,469.7000122070313,464.2000122070313,467.8999938964844,7144900.0
2020-02-10,414.9805603027344,468.5,470.2000122070313,462.1000061035156,463.2999877929688,7475500.0
2020-02-12,414.183349609375,467.6000061035156,471.8999938964844,463.0,470.7000122070313,6671800.0
2020-02-13,409.4888000488281,462.2999877929688,466.3999938964844,460.2000122070313,465.0,7078100.0
2020-02-14,404.6170654296875,456.7999877929688,462.0,455.1000061035156,461.8999938964844,9616500.0
2020-02-17,401.0740356445313,452.7999877929688,454.0,449.7999877929688,451.0,6252800.0
2020-02-18,395.1394653320313,446.1000061035156,453.0,445.0,451.8999938964844,8090700.0
2020-02-19,390.0905456542969,440.3999938964844,444.3999938964844,440.0,443.0,8731800.0
2020-02-20,389.1162414550781,439.2999877929688,444.7000122070313,438.0,444.5,9868200.0
2020-02-21,390.62200927734375,441.0,445.5,439.6000061035156,440.2999877929688,10101500.0
2020-02-25,380.8786010742188,430.0,433.3999938964844,423.6000061035156,425.0,13289000.0
2020-02-26,377.7784423828125,426.5,427.5,423.2000122070313,424.2999877929688,8581600.0
2020-02-27,371.7552185058594,419.7000122070313,423.7000122070313,418.5,423.2999877929688,11101800.0
2020-02-28,362.4547119140625,409.2000122070313,412.0,403.2999877929688,409.7000122070313,16288900.0
2020-03-02,359.0002136230469,405.2999877929688,408.2999877929688,400.5,401.8999938964844,14070000.0
2020-03-03,352.2684631347656,397.7000122070313,409.7999877929688,397.2999877929688,409.2000122070313,14521900.0
2020-03-04,343.1450500488281,387.3999938964844,393.7999877929688,387.0,390.1000061035156,12619500.0
2020-03-05,343.2336120605469,387.5,392.5,386.2999877929688,390.6000061035156,11238000.0
2020-03-06,328.4413757324219,370.7999877929688,381.2000122070313,368.5,379.5,16501500.0
2020-03-09,295.22515869140625,333.29998779296875,359.29998779296875,331.29998779296875,354.79998779296875,24319100.0
2020-03-10,301.868408203125,340.79998779296875,346.20001220703125,315.70001220703125,325.29998779296875,22255200.0
2020-03-11,305.2344055175781,344.6000061035156,353.6000061035156,339.5,341.1000061035156,15008900.0
2020-03-12,286.98760986328125,324.0,335.29998779296875,322.0,333.3999938964844,20525200.0
2020-03-13,272.99249267578125,308.20001220703125,323.70001220703125,299.0,303.6000061035156,33924200.0
2020-03-16,274.8526306152344,310.29998779296875,323.1000061035156,305.0,311.0,21727000.0
2020-03-17,269.0951538085937,303.79998779296875,309.20001220703125,295.70001220703125,304.1000061035156,26637600.0
2020-03-18,279.6357727050781,315.70001220703125,326.8999938964844,306.5,311.79998779296875,24325800.0
2020-03-19,276.6241760253906,312.29998779296875,325.29998779296875,307.0,323.70001220703125,26532600.0
2020-03-23,276.88995361328125,312.6000061035156,317.1000061035156,302.3999938964844,312.20001220703125,24454300.0
2020-03-24,299.3883361816406,338.0,339.29998779296875,320.8999938964844,326.0,18972300.0
2020-03-25,316.12921142578125,356.8999938964844,360.6000061035156,350.1000061035156,360.0,20123200.0
2020-03-26,307.005859375,346.6000061035156,358.29998779296875,345.1000061035156,352.29998779296875,16031700.0
2020-03-27,318.1665344238281,359.20001220703125,361.5,348.29998779296875,360.20001220703125,21198000.0
2020-03-30,313.8780517578125,344.0,344.70001220703125,327.0,332.70001220703125,14559700.0
2020-03-31,296.7242431640625,325.20001220703125,337.79998779296875,323.29998779296875,332.8999938964844,17578000.0
2020-04-01,290.6109313964844,318.5,331.6000061035156,314.5,320.5,12811300.0
2020-04-02,282.2165222167969,309.29998779296875,319.0,308.29998779296875,314.3999938964844,10190000.0
2020-04-03,281.486572265625,308.5,331.6000061035156,306.0,320.3999938964844,8701900.0
2020-04-06,298.3666687011719,327.0,329.3999938964844,309.8999938964844,314.8999938964844,10303800.0
2020-04-07,305.0274353027344,334.29998779296875,340.0,326.3999938964844,331.8999938964844,10051000.0
2020-04-08,307.4909973144531,337.0,338.6000061035156,329.20001220703125,334.79998779296875,10115100.0
2020-04-09,309.5895690917969,339.29998779296875,342.8999938964844,333.29998779296875,342.29998779296875,9001600.0
2020-04-10,310.0458068847656,339.79998779296875,342.8999938964844,331.20001220703125,331.29998779296875,11735500.0
2020-04-13,303.75,332.8999938964844,338.79998779296875,332.20001220703125,333.79998779296875,6527000.0
2020-04-14,307.3085021972656,336.79998779296875,339.70001220703125,328.70001220703125,333.5,7551300.0
2020-04-15,301.377685546875,330.29998779296875,333.79998779296875,327.29998779296875,330.0,12923000.0
2020-04-16,292.7095031738281,320.79998779296875,324.5,319.0,323.29998779296875,9843300.0
2020-04-17,293.4394836425781,321.6000061035156,328.70001220703125,318.20001220703125,324.5,9678500.0
2020-04-20,290.6109313964844,318.5,323.0,318.5,318.6000061035156,7180300.0
2020-04-21,290.97589111328125,318.8999938964844,321.20001220703125,315.6000061035156,319.1000061035156,10291300.0
2020-04-22,285.4100646972656,312.79998779296875,316.0,311.6000061035156,314.1000061035156,8810000.0
2020-04-23,297.0892028808594,325.6000061035156,325.8999938964844,313.70001220703125,314.3999938964844,9091500.0
2020-04-24,295.1731262207031,323.5,325.79998779296875,317.20001220703125,325.5,15433600.0
2020-04-27,302.1076354980469,331.1000061035156,331.29998779296875,318.29998779296875,321.1000061035156,13101600.0
2020-04-28,302.65509033203125,331.70001220703125,333.3999938964844,327.8999938964844,331.20001220703125,10172100.0
2020-04-30,307.4909973144531,337.0,341.70001220703125,335.5,340.20001220703125,13610100.0
2020-05-01,296.26806640625,324.70001220703125,332.6000061035156,322.1000061035156,332.5,11178700.0
2020-05-07,289.2422790527344,317.0,319.6000061035156,312.1000061035156,315.5,11740000.0
2020-05-08,296.0855712890625,324.5,327.0,316.79998779296875,320.0,9253500.0
2020-05-11,299.55279541015625,328.29998779296875,330.20001220703125,323.0,324.3999938964844,7462600.0
2020-05-12,290.6109313964844,318.5,328.20001220703125,317.6000061035156,326.8999938964844,12194000.0
2020-05-13,305.8486328125,335.20001220703125,339.29998779296875,322.20001220703125,322.5,22817500.0
2020-05-14,300.7389831542969,329.6000061035156,335.1000061035156,322.0,328.20001220703125,16094100.0
2020-05-15,304.93621826171875,334.20001220703125,338.29998779296875,331.1000061035156,335.0,10393100.0
2020-05-18,306.5785217285156,336.0,337.70001220703125,330.70001220703125,330.70001220703125,8616800.0
2020-05-19,320.63006591796875,351.3999938964844,352.5,347.29998779296875,348.0,12351600.0
2020-05-20,320.4476318359375,351.20001220703125,357.6000061035156,349.29998779296875,350.0,18981700.0
2020-05-21,319.99139404296875,350.70001220703125,355.6000061035156,349.3999938964844,355.0,9724100.0
2020-05-22,309.0421447753906,338.70001220703125,348.6000061035156,337.5,348.3999938964844,10935600.0
2020-05-25,314.6992492675781,344.8999938964844,348.5,342.79998779296875,346.70001220703125,7288800.0
2020-05-26,322.4549560546875,353.3999938964844,354.8999938964844,346.5,349.0,11299600.0
2020-05-27,340.794921875,373.5,377.7999877929688,355.79998779296875,356.8999938964844,19637900.0
2020-05-28,358.5874328613281,393.0,399.6000061035156,385.7000122070313,388.0,23816100.0
2020-05-29,353.8427429199219,387.7999877929688,389.6000061035156,380.2000122070313,381.0,27885300.0
2020-06-01,346.8169860839844,380.1000061035156,382.0,376.1000061035156,378.8999938964844,13067700.0
2020-06-02,346.7257385253906,380.0,383.2000122070313,379.0,380.1000061035156,12227500.0
2020-06-03,350.0105285644531,383.6000061035156,392.8999938964844,381.0,390.0,13851300.0
2020-06-04,347.4557189941406,380.7999877929688,394.6000061035156,379.6000061035156,394.0,12590900.0
2020-06-05,354.57275390625,388.6000061035156,389.7999877929688,381.2000122070313,384.2000122070313,11242800.0
2020-06-08,371.5440368652344,407.2000122070313,409.2999877929688,396.6000061035156,399.2000122070313,19278800.0
2020-06-09,367.2555847167969,402.5,411.0,400.2999877929688,405.5,16165700.0
2020-06-10,364.88323974609375,399.8999938964844,404.7999877929688,398.7000122070313,404.5,13681600.0
2020-06-11,350.2842712402344,383.8999938964844,392.2999877929688,380.3999938964844,389.8999938964844,13584500.0
2020-06-12,344.6271667480469,377.7000122070313,379.8999938964844,366.7999877929688,367.8999938964844,12199000.0
2020-06-15,341.1598815917969,373.8999938964844,386.5,373.7999877929688,381.7000122070313,10513000.0
2020-06-16,356.6712951660156,390.8999938964844,394.6000061035156,385.3999938964844,390.7000122070313,13811700.0
2020-06-17,357.5837707519531,391.8999938964844,393.6000061035156,387.3999938964844,390.5,9970500.0
2020-06-18,349.46307373046875,383.0,385.3999938964844,377.0,385.0,9296200.0
2020-06-19,344.90087890625,378.0,384.7999877929688,376.6000061035156,384.3999938964844,13950400.0
2020-06-22,344.4447021484375,377.5,381.7999877929688,377.2999877929688,379.2000122070313,5529000.0
2020-06-23,344.90087890625,378.0,381.8999938964844,373.8999938964844,377.5,6921600.0
2020-06-24,343.07598876953125,376.0,378.7000122070313,375.2999877929688,378.7000122070313,8425100.0
2020-06-25,335.86773681640625,368.1000061035156,371.2000122070313,363.3999938964844,371.2000122070313,8599700.0
2020-06-26,340.1562194824219,372.7999877929688,376.8999938964844,371.1000061035156,371.3999938964844,5989000.0
2020-06-29,335.7764892578125,368.0,368.8999938964844,364.2000122070313,366.0,8591300.0
2020-06-30,335.59405517578125,367.7999877929688,376.8999938964844,367.5,374.5,11184700.0
2020-07-01,332.6742248535156,364.6000061035156,370.1000061035156,363.2000122070313,368.6000061035156,5662900.0
2020-07-02,335.5028381347656,367.7000122070313,371.6000061035156,362.7000122070313,363.5,10124500.0
2020-07-03,337.60137939453125,370.0,372.7999877929688,364.7999877929688,370.1000061035156,4588200.0
2020-07-06,342.8022766113281,375.7000122070313,376.6000061035156,370.0,371.8999938964844,6554600.0
2020-07-07,340.1562194824219,372.7999877929688,384.0,370.8999938964844,383.7000122070313,10062300.0
2020-07-08,336.323974609375,368.6000061035156,376.0,367.2000122070313,369.7999877929688,8854300.0
2020-07-09,336.0502319335937,368.2999877929688,372.0,366.2999877929688,369.5,7648800.0
2020-07-10,328.750732421875,360.2999877929688,364.7000122070313,359.0,363.0,10755700.0
2020-07-13,338.0576171875,370.5,373.0,365.7000122070313,367.0,8961200.0
2020-07-14,342.6197814941406,375.5,377.6000061035156,368.5,369.7999877929688,8293100.0
2020-07-15,346.3607788085937,379.6000061035156,381.3999938964844,375.6000061035156,378.7000122070313,8767400.0
2020-07-16,349.9192810058594,383.5,389.7999877929688,381.2999877929688,385.0,9639500.0
2020-07-17,347.2732238769531,380.6000061035156,387.0,378.2999877929688,386.6000061035156,6050500.0
2020-07-20,346.8169860839844,380.1000061035156,380.7000122070313,374.7000122070313,380.6000061035156,4697000.0
2020-07-21,343.6234436035156,376.6000061035156,377.5,372.2000122070313,377.3999938964844,5817800.0
2020-07-22,339.9737243652344,372.6000061035156,381.6000061035156,371.8999938964844,376.5,6706200.0
2020-07-27,343.3497314453125,376.2999877929688,377.2999877929688,363.7999877929688,366.6000061035156,8524300.0
2020-07-28,340.7036437988281,373.3999938964844,377.7000122070313,372.1000061035156,375.8999938964844,6228000.0
2020-07-29,337.4189147949219,369.7999877929688,372.7000122070313,369.2000122070313,370.0,7584600.0
2020-07-30,330.3019104003906,362.0,369.7999877929688,360.2999877929688,369.0,10482500.0
2020-07-31,313.6955261230469,343.79998779296875,360.20001220703125,342.3999938964844,360.0,11408000.0
2020-08-03,313.7867736816406,343.8999938964844,349.20001220703125,340.5,346.5,10429800.0
2020-08-04,323.0936584472656,354.1000061035156,355.3999938964844,346.70001220703125,347.0,8718000.0
2020-08-05,323.64111328125,354.70001220703125,355.70001220703125,349.70001220703125,349.8999938964844,6253900.0
2020-08-06,322.9111633300781,353.8999938964844,357.29998779296875,352.3999938964844,354.79998779296875,4932300.0
2020-08-07,324.6448059082031,355.79998779296875,357.6000061035156,352.6000061035156,352.6000061035156,6015300.0
2020-08-11,342.07232666015625,374.8999938964844,375.7000122070313,361.6000061035156,362.0,12509800.0
2020-08-12,352.9302978515625,386.7999877929688,392.7000122070313,379.0,379.0,14273900.0
2020-08-13,351.5616760253906,385.2999877929688,391.0,381.1000061035156,388.0,7755600.0
2020-08-14,348.5506591796875,382.0,383.3999938964844,379.6000061035156,383.2999877929688,5851700.0
2020-08-17,349.371826171875,382.8999938964844,389.3999938964844,382.7000122070313,384.3999938964844,5782100.0
2020-08-18,345.81329345703125,379.0,382.0,374.2999877929688,379.6000061035156,6647000.0
2020-08-19,347.2732238769531,380.6000061035156,380.7999877929688,373.7999877929688,376.3999938964844,5197700.0
2020-08-20,345.4483337402344,378.6000061035156,381.7999877929688,378.3999938964844,379.6000061035156,4922700.0
2020-08-21,342.7110290527344,375.6000061035156,384.2000122070313,375.0,381.3999938964844,6432000.0
2020-08-24,343.44097900390625,376.3999938964844,379.8999938964844,375.2000122070313,378.5,3878900.0
2020-08-25,352.8390808105469,386.7000122070313,389.6000061035156,385.7000122070313,389.0,11059000.0
2020-08-26,353.11279296875,387.0,387.1000061035156,379.6000061035156,383.0,6555300.0
2020-08-27,346.7257385253906,380.0,384.5,378.6000061035156,384.1000061035156,6555000.0
2020-08-28,352.65655517578125,386.5,395.7999877929688,382.6000061035156,388.0,13244100.0
2020-08-31,355.85009765625,390.0,395.2000122070313,389.0,394.5,12780300.0
2020-09-01,352.0178527832031,385.7999877929688,387.2000122070313,382.3999938964844,385.6000061035156,7965200.0
2020-09-02,347.2732238769531,380.6000061035156,381.2999877929688,376.7000122070313,380.3999938964844,7959300.0
2020-09-03,351.8353881835937,385.6000061035156,388.5,383.1000061035156,386.1000061035156,9056100.0
2020-09-04,354.2989807128906,388.2999877929688,388.7000122070313,382.7999877929688,385.2999877929688,8992800.0
2020-09-07,360.0473327636719,394.6000061035156,396.2999877929688,392.2000122070313,392.2000122070313,11219900.0
2020-09-08,355.85009765625,390.0,390.1000061035156,384.0,390.0,10916800.0
2020-09-09,350.37548828125,384.0,384.7000122070313,379.0,384.0,13418500.0
2020-09-10,355.4851379394531,389.6000061035156,389.6000061035156,380.0,384.1000061035156,8503300.0
2020-09-11,354.93768310546875,389.0,389.7000122070313,382.7999877929688,383.8999938964844,9563100.0
2020-09-14,359.3173828125,393.7999877929688,394.2999877929688,386.1000061035156,390.0,9695300.0
2020-09-15,363.42333984375,398.2999877929688,398.7999877929688,390.6000061035156,392.8999938964844,10507000.0
2020-09-16,356.76251220703125,391.0,396.1000061035156,389.2000122070313,394.7000122070313,10151400.0
2020-09-17,357.4925231933594,391.7999877929688,394.1000061035156,390.2000122070313,394.0,7392900.0
2020-09-18,359.4086303710937,393.8999938964844,396.0,389.7999877929688,391.7999877929688,9980000.0
2020-09-23,353.75152587890625,387.7000122070313,389.5,384.1000061035156,388.0,12276200.0
2020-09-24,350.8316955566406,384.5,387.3999938964844,382.7999877929688,387.2000122070313,9422500.0
2020-09-25,351.744140625,385.5,387.0,384.1000061035156,386.7000122070313,8391000.0
2020-09-28,353.02154541015625,386.8999938964844,388.2999877929688,382.5,386.7000122070313,15283600.0
2020-09-29,351.6147155761719,374.8999938964844,381.7000122070313,374.2999877929688,381.1000061035156,9609200.0
2020-09-30,335.3892517089844,357.6000061035156,371.8999938964844,357.5,371.8999938964844,13177600.0
2020-10-02,331.4501037597656,353.3999938964844,362.6000061035156,352.1000061035156,361.8999938964844,10345400.0
2020-10-05,336.983642578125,359.29998779296875,364.2999877929688,357.5,362.0,7573700.0
2020-10-06,344.2991943359375,367.1000061035156,368.2999877929688,360.1000061035156,360.20001220703125,10454700.0
2020-10-07,345.33087158203125,368.2000122070313,368.5,361.8999938964844,364.0,6069800.0
2020-10-08,343.9240417480469,366.7000122070313,369.3999938964844,365.7000122070313,368.3999938964844,5849100.0
2020-10-09,338.01531982421875,360.3999938964844,366.3999938964844,359.0,366.0,8490900.0
2020-10-12,336.983642578125,359.29998779296875,359.3999938964844,352.20001220703125,357.29998779296875,5756400.0
2020-10-13,339.3283386230469,361.7999877929688,363.0,358.79998779296875,361.6000061035156,5107500.0
2020-10-14,332.2004089355469,354.20001220703125,357.0,352.5,353.79998779296875,8162700.0
2020-10-15,332.4817810058594,354.5,356.20001220703125,351.1000061035156,353.1000061035156,6207700.0
2020-10-16,331.074951171875,353.0,356.20001220703125,352.6000061035156,354.20001220703125,4371200.0
2020-10-19,333.04449462890625,355.1000061035156,357.8999938964844,353.1000061035156,354.20001220703125,4297400.0
2020-10-20,329.6680908203125,351.5,354.6000061035156,350.5,353.8999938964844,4876100.0
2020-10-21,334.7326965332031,356.8999938964844,356.8999938964844,350.1000061035156,350.1000061035156,7378500.0
2020-10-22,331.2625427246094,353.20001220703125,356.8999938964844,352.0,355.0,6187000.0
2020-10-23,333.982421875,356.1000061035156,359.70001220703125,352.8999938964844,357.6000061035156,7638900.0
2020-10-26,333.3258972167969,355.3999938964844,356.79998779296875,353.29998779296875,354.79998779296875,5519700.0
2020-10-27,329.1991577148437,351.0,354.70001220703125,348.79998779296875,353.6000061035156,7508300.0
2020-10-28,319.7265014648437,340.8999938964844,345.70001220703125,338.70001220703125,343.0,9318100.0
2020-10-29,320.8519592285156,342.1000061035156,344.29998779296875,335.20001220703125,336.0,7728400.0
2020-10-30,321.22711181640625,342.5,346.1000061035156,340.0,344.3999938964844,10184100.0
2020-11-02,332.10662841796875,354.1000061035156,354.8999938964844,347.3999938964844,348.0,9893200.0
2020-11-04,335.5768127441406,357.79998779296875,364.5,357.6000061035156,363.5,11444500.0
2020-11-05,326.0103454589844,347.6000061035156,353.8999938964844,345.29998779296875,353.8999938964844,13355100.0
2020-11-06,332.0128173828125,354.0,355.0,344.6000061035156,346.29998779296875,9878600.0
2020-11-09,330.7935791015625,352.70001220703125,354.1000061035156,348.1000061035156,351.20001220703125,6801300.0
2020-11-10,346.0811462402344,369.0,370.3999938964844,350.8999938964844,366.6000061035156,28098600.0
2020-11-11,361.5563354492188,385.5,388.1000061035156,380.0,381.2000122070313,24219700.0
2020-11-12,357.05450439453125,380.7000122070313,382.0,376.7999877929688,377.5,12399700.0
2020-11-13,348.0507507324219,371.1000061035156,378.7999877929688,368.1000061035156,375.2999877929688,10595900.0
2020-11-16,355.1787109375,378.7000122070313,383.7999877929688,376.1000061035156,376.2999877929688,11274800.0
2020-11-17,362.869384765625,386.8999938964844,386.8999938964844,380.7999877929688,383.7000122070313,11118600.0
2020-11-18,358.27374267578125,382.0,387.0,381.2999877929688,386.3999938964844,8269200.0
2020-11-19,359.2116394042969,383.0,384.2999877929688,379.2000122070313,381.7999877929688,8602000.0
2020-11-20,359.3992004394531,383.2000122070313,384.5,378.5,380.0,7396900.0
2020-11-24,363.994873046875,388.1000061035156,393.8999938964844,387.1000061035156,391.2000122070313,11683900.0
2020-11-25,362.9631652832031,387.0,395.8999938964844,385.8999938964844,395.2000122070313,11961400.0
2020-11-26,363.1507568359375,387.2000122070313,388.0,379.2000122070313,382.6000061035156,8591400.0
2020-11-27,360.524658203125,384.3999938964844,387.1000061035156,382.1000061035156,386.7000122070313,10379600.0
2020-11-30,342.9861145019531,365.7000122070313,380.8999938964844,363.6000061035156,380.7999877929688,23211100.0
2020-12-01,343.9240417480469,366.7000122070313,370.7000122070313,362.2999877929688,365.3999938964844,9715400.0
2020-12-02,345.8935852050781,368.7999877929688,372.0,365.7000122070313,370.5,11806100.0
2020-12-03,351.3333435058594,374.6000061035156,377.5,372.7999877929688,375.0,10849000.0
2020-12-04,353.7718811035156,377.2000122070313,377.3999938964844,373.0,374.5,6106200.0
2020-12-07,353.6781005859375,377.1000061035156,380.7000122070313,376.0,379.0,7086100.0
2020-12-08,352.17742919921875,375.5,377.3999938964844,374.5,375.5,5074900.0
2020-12-09,351.6147155761719,374.8999938964844,377.5,372.7999877929688,373.1000061035156,8031900.0
2020-12-10,346.456298828125,369.3999938964844,377.7999877929688,369.3999938964844,375.6000061035156,7613600.0
2020-12-11,355.36627197265625,378.8999938964844,378.8999938964844,370.6000061035156,371.8999938964844,9762600.0
2020-12-14,353.6781005859375,377.1000061035156,380.3999938964844,376.1000061035156,378.0,6623200.0
2020-12-15,348.14453125,371.2000122070313,375.5,370.2999877929688,374.8999938964844,7428900.0
2020-12-16,347.5818176269531,370.6000061035156,378.2000122070313,370.6000061035156,375.5,7088400.0
2020-12-17,342.3296203613281,365.0,370.5,365.0,369.7000122070313,8285400.0
2020-12-18,341.8606872558594,364.5,366.0,361.1000061035156,361.7999877929688,10380600.0
2020-12-21,341.5793151855469,364.2000122070313,371.7000122070313,361.3999938964844,368.0,10139000.0
2020-12-22,335.4830322265625,357.70001220703125,364.0,356.3999938964844,363.7000122070313,9848700.0
2020-12-23,330.98114013671875,352.8999938964844,356.20001220703125,350.29998779296875,354.8999938964844,9535100.0
2020-12-24,333.7948303222656,355.8999938964844,360.5,354.1000061035156,357.29998779296875,8914700.0
2020-12-25,333.419677734375,355.5,357.6000061035156,353.6000061035156,353.6000061035156,5720900.0
2020-12-28,334.7326965332031,356.8999938964844,357.6000061035156,354.20001220703125,355.0,8717500.0
2020-12-29,338.765625,361.2000122070313,361.8999938964844,358.1000061035156,359.5,7912800.0
2020-12-30,338.01531982421875,360.3999938964844,364.5,357.70001220703125,361.2000122070313,8325900.0
2021-01-04,336.1395263671875,358.3999938964844,363.2999877929688,354.70001220703125,360.8999938964844,8972400.0
2021-01-05,332.4817810058594,354.5,357.70001220703125,353.79998779296875,357.3999938964844,11159400.0
2021-01-06,340.2662658691406,362.7999877929688,365.7999877929688,353.70001220703125,354.79998779296875,15217200.0
2021-01-07,351.4271545410156,374.7000122070313,378.5,370.0,372.3999938964844,17994200.0
2021-01-08,362.0252990722656,386.0,386.0,375.7000122070313,379.8999938964844,19044400.0
2021-01-12,363.9010925292969,388.0,392.2000122070313,384.3999938964844,387.0,11778500.0
2021-01-13,369.15325927734375,393.6000061035156,394.2000122070313,385.7000122070313,387.1000061035156,11535600.0
2021-01-14,368.8718566894531,393.2999877929688,396.7999877929688,387.1000061035156,387.1000061035156,10471200.0
2021-01-15,365.4955139160156,389.7000122070313,398.8999938964844,389.6000061035156,396.7000122070313,12333800.0
2021-01-18,362.9631652832031,387.0,389.0,383.3999938964844,385.8999938964844,8003800.0
2021-01-19,360.9936218261719,384.8999938964844,388.5,383.0,387.0,8553800.0
2021-01-20,355.5538635253906,379.1000061035156,384.7999877929688,376.2999877929688,383.5,13091200.0
2021-01-21,352.7401733398437,376.1000061035156,383.3999938964844,375.1000061035156,381.7000122070313,9075300.0
2021-01-22,351.3333435058594,374.6000061035156,375.0,371.2999877929688,372.8999938964844,8413400.0
2021-01-25,349.45758056640625,372.6000061035156,375.8999938964844,370.6000061035156,375.0,8067500.0
2021-01-26,342.70477294921875,365.3999938964844,371.6000061035156,365.0,371.0,12200000.0
2021-01-27,338.671875,361.1000061035156,367.3999938964844,360.0,366.3999938964844,16042100.0
2021-01-28,344.1116027832031,366.8999938964844,367.2999877929688,357.0,360.0,17624000.0
2021-01-29,340.453857421875,363.0,368.0,362.1000061035156,367.0,15279400.0
2021-02-01,349.6451416015625,372.7999877929688,372.8999938964844,368.3999938964844,369.8999938964844,14273000.0
2021-02-02,351.4271545410156,374.7000122070313,375.3999938964844,369.3999938964844,371.7999877929688,11943600.0
2021-02-03,365.7768249511719,390.0,391.8999938964844,378.1000061035156,379.0,20016100.0
2021-02-04,363.7135009765625,387.7999877929688,391.0,385.1000061035156,386.5,10126800.0
2021-02-05,369.9973449707031,394.5,394.7000122070313,388.6000061035156,392.0,13819600.0
2021-02-08,380.1265258789063,405.2999877929688,405.5,396.1000061035156,396.1000061035156,13059700.0
2021-02-09,381.5333862304688,406.7999877929688,413.1000061035156,405.1000061035156,407.6000061035156,14408200.0
2021-02-10,383.59674072265625,409.0,413.7000122070313,403.2000122070313,406.3999938964844,10586600.0
2021-02-12,392.6004943847656,418.6000061035156,420.0,409.3999938964844,409.7000122070313,12709400.0
2021-02-15,404.6054992675781,431.3999938964844,438.3999938964844,428.0,432.6000061035156,14119800.0
2021-02-16,422.9880981445313,451.0,453.2000122070313,433.2000122070313,435.2000122070313,22178900.0
2021-02-17,419.7992858886719,447.6000061035156,457.8999938964844,445.3999938964844,454.7000122070313,17561000.0
2021-02-18,406.387451171875,433.2999877929688,450.7000122070313,433.0,449.7999877929688,12728100.0
2021-02-19,405.73095703125,432.6000061035156,438.7999877929688,429.2000122070313,429.6000061035156,10318600.0
2021-02-22,409.20111083984375,436.2999877929688,442.7000122070313,435.0,440.6000061035156,10974000.0
2021-02-24,408.3570251464844,435.3999938964844,444.2999877929688,435.1000061035156,443.5,14576500.0
2021-02-25,416.6104736328125,444.2000122070313,449.3999938964844,442.5,448.0,15432800.0
2021-02-26,401.1353149414063,427.7000122070313,443.3999938964844,426.7999877929688,438.5,21771600.0
2021-03-01,410.1389770507813,437.2999877929688,438.0,428.2000122070313,428.7999877929688,11538900.0
2021-03-02,407.7943115234375,434.7999877929688,439.6000061035156,430.2000122070313,439.0,11175500.0
2021-03-03,412.3899536132813,439.7000122070313,439.7000122070313,432.1000061035156,435.7999877929688,9962700.0
2021-03-04,413.7030029296875,441.1000061035156,445.2000122070313,434.7999877929688,442.7999877929688,11866600.0
2021-03-05,411.6396484375,438.8999938964844,445.7000122070313,435.5,445.0,11680600.0
2021-03-08,418.3924560546875,446.1000061035156,451.3999938964844,442.7000122070313,445.1000061035156,15261400.0
2021-03-09,434.2427673339844,463.0,464.3999938964844,451.2000122070313,455.2000122070313,21019600.0
2021-03-10,425.89556884765625,454.1000061035156,456.8999938964844,450.8999938964844,453.2999877929688,23939700.0
2021-03-11,432.9297180175781,461.6000061035156,464.5,455.3999938964844,456.7999877929688,14529400.0
2021-03-12,432.1794128417969,460.7999877929688,464.0,456.6000061035156,463.7999877929688,15921100.0
2021-03-15,439.8700866699219,469.0,471.7000122070313,464.0,464.0,15697300.0
2021-03-16,439.2135925292969,468.2999877929688,479.2999877929688,464.1000061035156,465.7999877929688,15383000.0
2021-03-17,435.27447509765625,464.1000061035156,465.7000122070313,460.0,460.2999877929688,14924400.0
2021-03-18,450.7496337890625,480.6000061035156,481.2999877929688,465.2000122070313,467.0,24646600.0
2021-03-19,465.6620788574219,496.5,499.7000122070313,485.0,485.0,41948800.0
2021-03-22,463.22357177734375,493.8999938964844,501.0,490.6000061035156,495.0,17669000.0
2021-03-23,449.15521240234375,478.8999938964844,490.2999877929688,477.0,489.5,17667000.0
2021-03-24,428.8030395507813,457.2000122070313,469.1000061035156,452.7999877929688,466.0,19431900.0
2021-03-25,439.4949645996094,468.6000061035156,472.7000122070313,462.7000122070313,464.0,12251200.0
2021-03-26,443.3403015136719,472.7000122070313,482.7000122070313,472.0,479.2999877929688,16007800.0
2021-03-29,443.8092651367188,473.2000122070313,479.0,466.2999877929688,477.2999877929688,24495000.0
2021-03-30,455.4152526855469,474.7999877929688,477.5,455.0,455.5,19883800.0
2021-03-31,445.8235168457031,464.7999877929688,472.2999877929688,464.0,469.5,18151400.0
2021-04-01,446.3990173339844,465.3999938964844,472.8999938964844,464.2999877929688,469.7999877929688,15052600.0
2021-04-02,442.2745971679688,461.1000061035156,469.3999938964844,457.8999938964844,467.0,7714800.0
2021-04-05,453.78466796875,473.1000061035156,475.8999938964844,462.8999938964844,462.8999938964844,10978500.0
2021-04-06,439.9725646972656,458.7000122070313,474.2000122070313,453.2000122070313,474.2000122070313,13878200.0
2021-04-07,440.0684814453125,458.7999877929688,463.6000061035156,454.7999877929688,462.8999938964844,9215700.0
2021-04-08,429.70941162109375,448.0,458.0,442.6000061035156,457.7000122070313,12755800.0
2021-04-09,430.8604431152344,449.2000122070313,455.3999938964844,447.7000122070313,451.7999877929688,9747800.0
2021-04-12,436.2317810058594,454.7999877929688,459.7000122070313,452.5,455.7000122070313,14864800.0
2021-04-13,432.10736083984375,450.5,456.8999938964844,450.3999938964844,454.0,7357400.0
2021-04-14,427.5992431640625,445.7999877929688,446.5,438.7000122070313,444.3999938964844,8239100.0
2021-04-15,432.2032775878906,450.6000061035156,457.6000061035156,450.0,451.7000122070313,5683200.0
2021-04-16,432.9705810546875,451.3999938964844,454.6000061035156,448.6000061035156,451.5,12307100.0
2021-04-19,435.080810546875,453.6000061035156,456.2000122070313,449.5,453.7999877929688,8444800.0
2021-04-20,433.92974853515625,452.3999938964844,455.0,449.5,453.1000061035156,12459500.0
2021-04-21,422.2278747558594,440.2000122070313,443.5,435.5,441.8999938964844,13844000.0
2021-04-22,422.6115417480469,440.6000061035156,446.5,438.5,445.2000122070313,8770500.0
2021-04-23,422.0360412597656,440.0,441.7999877929688,435.2000122070313,439.2999877929688,7539300.0
2021-04-26,420.78912353515625,438.7000122070313,444.8999938964844,437.1000061035156,443.8999938964844,7007000.0
2021-04-27,430.284912109375,448.6000061035156,451.5,439.8999938964844,440.0,14915900.0
2021-04-28,433.1624450683594,451.6000061035156,456.0,449.7999877929688,453.0,9101100.0
2021-04-30,430.6686096191406,449.0,457.7000122070313,448.7999877929688,454.6000061035156,14444700.0
2021-05-06,448.9888000488281,468.1000061035156,472.7999877929688,459.1000061035156,459.3999938964844,14417200.0
2021-05-07,446.3031005859375,465.2999877929688,472.3999938964844,464.6000061035156,468.2000122070313,8770100.0
2021-05-10,449.084716796875,468.2000122070313,470.5,463.6000061035156,464.5,6609900.0
2021-05-11,444.1929321289063,463.1000061035156,468.3999938964844,461.5,467.0,9242400.0
2021-05-12,442.65826416015625,461.5,468.0,454.2000122070313,468.0,12696600.0
2021-05-13,449.2765502929688,468.3999938964844,474.5,457.5,457.8999938964844,14761800.0
2021-05-14,450.7153015136719,469.8999938964844,474.0,468.1000061035156,474.0,12209600.0
2021-05-17,453.0173034667969,472.2999877929688,477.8999938964844,468.1000061035156,472.5,9296400.0
2021-05-18,461.64984130859375,481.2999877929688,483.7999877929688,477.7000122070313,478.2000122070313,15264700.0
2021-05-19,457.4295043945313,476.8999938964844,483.2000122070313,473.2999877929688,474.1000061035156,13106200.0
2021-05-20,454.83978271484375,474.2000122070313,477.7999877929688,470.3999938964844,471.2999877929688,9963100.0
2021-05-21,452.7295837402344,472.0,473.2999877929688,466.1000061035156,468.0,10263700.0
2021-05-24,461.84173583984375,481.5,484.1000061035156,476.0,476.0,12484600.0
2021-05-25,460.2110900878906,479.7999877929688,480.7999877929688,477.2000122070313,478.3999938964844,6571000.0
2021-05-26,450.04388427734375,469.2000122070313,475.1000061035156,468.6000061035156,471.7999877929688,12152600.0
2021-05-27,445.0561828613281,464.0,470.0,461.2999877929688,465.0,18020100.0
2021-05-28,454.5519714355469,473.8999938964844,475.3999938964844,467.7000122070313,468.1000061035156,13408400.0
2021-05-31,448.1255493164063,467.2000122070313,472.7000122070313,465.5,472.3999938964844,7057500.0
2021-06-01,449.6601867675781,468.7999877929688,469.6000061035156,464.2000122070313,468.6000061035156,6881200.0
2021-06-02,454.4560546875,473.7999877929688,476.3999938964844,469.8999938964844,472.2000122070313,8936900.0
2021-06-03,454.1683044433594,473.5,475.3999938964844,470.0,471.6000061035156,8283400.0
2021-06-04,452.8255004882813,472.1000061035156,475.8999938964844,470.1000061035156,475.0,8049700.0
2021-06-07,449.85205078125,469.0,470.6000061035156,465.0,470.0,8921100.0
2021-06-08,443.521484375,462.3999938964844,467.3999938964844,461.3999938964844,466.7999877929688,12671400.0
2021-06-09,439.3011474609375,458.0,462.3999938964844,456.2000122070313,459.6000061035156,12551700.0
2021-06-10,434.1216430664063,452.6000061035156,455.2000122070313,448.3999938964844,454.0,11970600.0
2021-06-11,435.080810546875,453.6000061035156,457.5,450.1000061035156,452.6000061035156,15983600.0
2021-06-14,428.0788269042969,446.2999877929688,453.7000122070313,445.2999877929688,452.8999938964844,8272900.0
2021-06-15,429.8053283691406,448.1000061035156,449.3999938964844,445.2999877929688,445.8999938964844,10233400.0
2021-06-16,430.0930786132813,448.3999938964844,451.3999938964844,447.8999938964844,449.2000122070313,5779900.0
2021-06-17,430.57269287109375,448.8999938964844,459.3999938964844,448.8999938964844,456.3999938964844,8167100.0
2021-06-18,420.3095397949219,438.2000122070313,441.0,437.0,440.8999938964844,23072000.0
2021-06-21,411.8688049316406,429.3999938964844,431.2999877929688,427.1000061035156,428.0,10356600.0
2021-06-22,426.7359619140625,444.8999938964844,446.0,440.5,440.6000061035156,11006000.0
2021-06-23,420.98095703125,438.8999938964844,443.5,438.2999877929688,441.7000122070313,6168700.0
2021-06-24,421.0768737792969,439.0,441.7999877929688,436.1000061035156,437.8999938964844,6188000.0
2021-06-25,421.17279052734375,439.1000061035156,442.2000122070313,436.0,441.0,9281400.0
2021-06-28,423.3788757324219,441.3999938964844,441.7999877929688,437.7999877929688,439.2999877929688,7896200.0
2021-06-29,415.3218383789063,433.0,434.6000061035156,431.7999877929688,434.0,9686300.0
2021-06-30,409.7586364746094,427.2000122070313,432.6000061035156,427.2000122070313,431.7999877929688,13089700.0
2021-07-01,412.2524719238281,429.7999877929688,434.0,428.7999877929688,430.6000061035156,8785500.0
2021-07-02,415.4177551269531,433.1000061035156,434.6000061035156,430.5,431.8999938964844,6586800.0
2021-07-05,413.0198059082031,430.6000061035156,431.2000122070313,427.5,427.7999877929688,4518100.0
2021-07-06,415.8973388671875,433.6000061035156,435.8999938964844,430.8999938964844,431.1000061035156,6539600.0
2021-07-07,405.4423522949219,422.7000122070313,426.3999938964844,421.2000122070313,425.6000061035156,14841800.0
2021-07-08,399.6873474121094,416.7000122070313,422.8999938964844,416.6000061035156,420.7999877929688,12139100.0
2021-07-09,398.5362854003906,415.5,417.0,408.2000122070313,409.0,13791200.0
2021-07-12,403.6199035644531,420.7999877929688,424.1000061035156,420.0,423.0,9021700.0
2021-07-13,410.04638671875,427.5,428.0,422.3999938964844,424.0,10802900.0
2021-07-14,407.8403015136719,425.2000122070313,429.0,422.5,422.8999938964844,9900100.0
2021-07-15,403.1403198242188,420.2999877929688,424.8999938964844,418.8999938964844,422.0,9929500.0
2021-07-16,404.5790710449219,421.7999877929688,425.2999877929688,420.5,421.1000061035156,7711600.0
2021-07-19,400.0709838867188,417.1000061035156,419.0,414.3999938964844,418.0,8701800.0
2021-07-20,394.7955322265625,411.6000061035156,413.2000122070313,407.7999877929688,409.1000061035156,10293200.0
2021-07-21,397.1934814453125,414.1000061035156,420.7999877929688,414.1000061035156,419.6000061035156,7819900.0
2021-07-26,394.50775146484375,411.2999877929688,420.0,409.6000061035156,419.1000061035156,16451500.0
2021-07-27,398.3444519042969,415.2999877929688,416.2999877929688,412.7999877929688,413.8999938964844,11009600.0
2021-07-28,398.05670166015625,415.0,417.5,413.5,413.5,8488300.0
2021-07-29,398.3444519042969,415.2999877929688,419.0,414.2000122070313,416.0,7939000.0
2021-07-30,394.3159484863281,411.1000061035156,417.0,411.0,415.0,8634300.0
2021-08-02,403.3321838378906,420.5,421.8999938964844,412.7000122070313,415.0,10094500.0
2021-08-03,401.413818359375,418.5,419.8999938964844,414.7000122070313,417.0,9027100.0
2021-08-04,398.8240356445313,415.7999877929688,420.6000061035156,415.7000122070313,419.0,7357100.0
2021-08-05,401.413818359375,418.5,419.0,414.7999877929688,415.0,3836700.0
2021-08-06,404.6750183105469,421.8999938964844,422.3999938964844,417.0,417.5,7488300.0
2021-08-10,407.744384765625,425.1000061035156,431.2999877929688,423.7999877929688,426.7999877929688,9165800.0
2021-08-11,416.2809753417969,434.0,438.0,430.7999877929688,431.2999877929688,9734700.0
2021-08-12,417.91162109375,435.7000122070313,441.5,434.3999938964844,440.0,8522700.0
2021-08-13,418.77484130859375,436.6000061035156,439.2999877929688,436.3999938964844,437.1000061035156,6831000.0
2021-08-16,412.348388671875,429.8999938964844,432.2999877929688,427.7999877929688,431.1000061035156,7925600.0
2021-08-17,408.8953552246094,426.2999877929688,432.2000122070313,425.7999877929688,428.0,10270800.0
2021-08-18,409.6626892089844,427.1000061035156,429.0,424.3999938964844,425.0,6779800.0
2021-08-19,402.9485168457031,420.1000061035156,424.5,420.1000061035156,422.7000122070313,7580700.0
2021-08-20,402.0852355957031,419.2000122070313,422.2000122070313,418.2999877929688,419.5,6225300.0
2021-08-23,403.4281005859375,420.6000061035156,422.7000122070313,419.1000061035156,419.5,5985500.0
2021-08-24,404.77093505859375,422.0,422.2000122070313,419.2000122070313,421.3999938964844,4616700.0
2021-08-25,405.346435546875,422.6000061035156,425.7999877929688,421.7000122070313,423.0,5255700.0
2021-08-26,407.2648010253906,424.6000061035156,424.8999938964844,422.0,424.6000061035156,5635400.0
2021-08-27,406.9770202636719,424.2999877929688,424.2999877929688,421.0,423.0,4995900.0
2021-08-30,409.85455322265625,427.2999877929688,428.6000061035156,424.5,425.6000061035156,8118700.0
2021-08-31,408.3198852539063,425.7000122070313,426.7999877929688,421.3999938964844,424.0,9197900.0
2021-09-01,414.3626708984375,432.0,432.0,425.2000122070313,425.3999938964844,7589700.0
2021-09-02,412.5402221679688,430.1000061035156,432.5,427.6000061035156,431.3999938964844,5157400.0
2021-09-03,417.24017333984375,435.0,435.7999877929688,430.1000061035156,430.8999938964844,7127400.0
2021-09-06,418.4870910644531,436.2999877929688,439.0,435.2999877929688,438.8999938964844,6093400.0
2021-09-07,422.2278747558594,440.2000122070313,443.6000061035156,437.2999877929688,440.0,8293900.0
2021-09-08,425.3931274414063,443.5,445.7999877929688,437.2999877929688,437.2999877929688,11093600.0
2021-09-09,421.2687072753906,439.2000122070313,442.0,438.2999877929688,438.7999877929688,8945600.0
2021-09-10,427.50335693359375,445.7000122070313,447.5,439.6000061035156,441.7000122070313,10886900.0
2021-09-13,435.080810546875,453.6000061035156,453.8999938964844,445.2000122070313,446.7999877929688,11017000.0
2021-09-14,439.9725646972656,458.7000122070313,458.7000122070313,455.2000122070313,455.6000061035156,9174200.0
2021-09-15,431.6277770996094,450.0,456.7000122070313,449.3999938964844,456.5,12077000.0
2021-09-16,431.9154968261719,450.2999877929688,455.3999938964844,447.3999938964844,455.2000122070313,6806000.0
2021-09-17,429.9012451171875,448.2000122070313,450.1000061035156,446.3999938964844,449.6000061035156,18433400.0
2021-09-21,425.77679443359375,443.8999938964844,445.7999877929688,435.2999877929688,435.2999877929688,9445200.0
2021-09-22,421.3646240234375,439.2999877929688,442.7000122070313,438.7000122070313,440.1000061035156,9078000.0
2021-09-24,433.7379455566406,452.2000122070313,453.0,448.7999877929688,452.7999877929688,12014200.0
2021-09-27,451.3867492675781,470.6000061035156,471.2000122070313,460.2999877929688,461.0,20885600.0
2021-09-28,452.25,471.5,475.7999877929688,469.5,474.2999877929688,17850600.0
2021-09-29,446.8543701171875,455.5,461.2999877929688,452.7000122070313,459.0,22378000.0
2021-09-30,440.2815246582031,448.7999877929688,460.7999877929688,448.3999938964844,455.0,12109300.0
2021-10-01,427.8226013183594,436.1000061035156,446.0,433.2000122070313,442.8999938964844,13413400.0
2021-10-04,429.7846374511719,438.1000061035156,443.3999938964844,436.2999877929688,441.2999877929688,7970100.0
2021-10-05,432.8258056640625,441.2000122070313,445.3999938964844,437.2999877929688,440.0,9815100.0
2021-10-06,445.9714660644531,454.6000061035156,455.7999877929688,444.5,446.6000061035156,11064900.0
2021-10-07,445.48095703125,454.1000061035156,455.8999938964844,447.7000122070313,451.3999938964844,11934400.0
2021-10-08,443.6170349121094,452.2000122070313,461.6000061035156,452.0,461.0,10844900.0
2021-10-11,450.7784729003906,459.5,460.0,453.3999938964844,454.2999877929688,8778000.0
2021-10-12,447.2467956542969,455.8999938964844,458.7000122070313,454.3999938964844,456.5,6142800.0
2021-10-13,441.0663757324219,449.6000061035156,454.7000122070313,449.6000061035156,454.6000061035156,6408400.0
2021-10-14,428.9998168945313,437.2999877929688,443.8999938964844,435.0,443.8999938964844,16085400.0
2021-10-15,432.92388916015625,441.2999877929688,442.0,436.5,440.0,8402000.0
2021-10-18,435.0821533203125,443.5,447.2999877929688,441.7000122070313,445.0,6120700.0
2021-10-19,429.7846374511719,438.1000061035156,443.1000061035156,437.6000061035156,441.5,7371400.0
2021-10-20,434.3954162597656,442.7999877929688,451.2999877929688,440.1000061035156,440.1000061035156,9621900.0
2021-10-21,434.1992492675781,442.6000061035156,447.7999877929688,442.6000061035156,446.7999877929688,6110000.0
2021-10-22,431.94287109375,440.2999877929688,443.7999877929688,438.7000122070313,442.5,6830000.0
2021-10-25,430.86376953125,439.2000122070313,446.0,439.1000061035156,442.2999877929688,5686600.0
2021-10-26,430.275146484375,438.6000061035156,443.0,437.5,440.7999877929688,7656900.0
2021-10-27,428.2149963378906,436.5,439.1000061035156,430.3999938964844,438.6000061035156,8551300.0
2021-10-28,425.8605651855469,434.1000061035156,439.0,428.3999938964844,432.1000061035156,17787200.0
2021-10-29,419.8763427734375,428.0,433.2000122070313,426.8999938964844,433.2000122070313,10937600.0
2021-11-01,428.70550537109375,437.0,437.0,431.2999877929688,433.8999938964844,6891000.0
2021-11-02,426.1548767089844,434.3999938964844,438.5,433.6000061035156,436.5,8275200.0
2021-11-04,434.9840393066406,443.3999938964844,444.2999877929688,437.2000122070313,439.6000061035156,10415300.0
2021-11-05,429.3922424316406,437.7000122070313,440.1000061035156,435.1000061035156,439.0,4822000.0
2021-11-08,429.196044921875,437.5,439.7000122070313,435.6000061035156,438.2999877929688,7187000.0
2021-11-09,423.4080200195313,431.6000061035156,442.3999938964844,430.1000061035156,440.5,12038900.0
2021-11-10,436.65179443359375,445.1000061035156,445.7999877929688,439.3999938964844,441.0,16047800.0
2021-11-11,439.5948486328125,448.1000061035156,454.3999938964844,447.2999877929688,450.0,11750200.0
2021-11-12,444.0094299316406,452.6000061035156,452.7000122070313,446.7999877929688,447.3999938964844,10073900.0
2021-11-15,440.5758666992188,449.1000061035156,456.3999938964844,449.1000061035156,453.7999877929688,7713900.0
2021-11-16,440.379638671875,448.8999938964844,456.6000061035156,448.7000122070313,452.2999877929688,11241600.0
2021-11-17,432.3352966308594,440.7000122070313,448.0,440.0,447.1000061035156,14509700.0
2021-11-18,426.8415832519531,435.1000061035156,439.2000122070313,429.7000122070313,439.1000061035156,12353400.0
2021-11-19,418.7972106933594,426.8999938964844,431.2999877929688,422.1000061035156,430.1000061035156,17490100.0
2021-11-22,419.9744567871094,428.1000061035156,428.5,420.2999877929688,422.1000061035156,10109700.0
2021-11-24,423.8985290527344,432.1000061035156,437.6000061035156,429.7000122070313,433.0,11364400.0
2021-11-25,426.5472717285156,434.7999877929688,436.2999877929688,430.5,431.1000061035156,9564900.0
2021-11-26,419.5820617675781,427.7000122070313,430.2000122070313,425.7000122070313,430.0,13260900.0
2021-11-29,408.1041259765625,416.0,418.0,412.0,415.2999877929688,18490500.0
2021-11-30,407.7117004394531,415.6000061035156,419.8999938964844,411.2999877929688,417.0,42720600.0
2021-12-01,412.1262817382813,420.1000061035156,421.2000122070313,415.2000122070313,416.1000061035156,13934900.0
2021-12-02,414.2845153808594,422.2999877929688,423.3999938964844,415.7999877929688,416.0,9807500.0
2021-12-03,421.83837890625,430.0,430.0,423.0,423.5,12592200.0
2021-12-06,421.6421813964844,429.7999877929688,432.7999877929688,426.6000061035156,430.0,7328000.0
2021-12-07,430.6675720214844,439.0,439.2000122070313,430.1000061035156,431.0,10860900.0
2021-12-08,431.7466735839844,440.1000061035156,444.7999877929688,439.5,439.7999877929688,9203300.0
2021-12-09,429.196044921875,437.5,439.7999877929688,436.2999877929688,438.2999877929688,7433000.0
2021-12-10,428.8036193847656,437.1000061035156,443.2999877929688,437.0,440.2000122070313,9966800.0
2021-12-13,429.88275146484375,438.2000122070313,441.7999877929688,437.3999938964844,440.7999877929688,8582900.0
2021-12-14,431.4523620605469,439.7999877929688,440.5,434.7000122070313,437.2000122070313,9616700.0
2021-12-15,436.7498779296875,445.2000122070313,446.3999938964844,440.6000061035156,442.0,12950300.0
2021-12-16,443.4208068847656,452.0,452.0,446.2000122070313,448.7000122070313,11894800.0
2021-12-17,441.7530822753906,450.2999877929688,456.0,450.1000061035156,454.2000122070313,13889900.0
2021-12-20,428.2149963378906,436.5,444.1000061035156,434.8999938964844,442.7999877929688,10862100.0
2021-12-21,433.8068237304688,442.2000122070313,445.5,438.7000122070313,440.0,7956200.0
2021-12-22,433.8068237304688,442.2000122070313,445.3999938964844,440.3999938964844,444.5,5685800.0
2021-12-23,436.3574523925781,444.7999877929688,445.2999877929688,442.6000061035156,442.7999877929688,3972300.0
2021-12-24,435.2783508300781,443.7000122070313,447.8999938964844,442.7999877929688,446.2999877929688,2963000.0
2021-12-27,435.47454833984375,443.8999938964844,445.7000122070313,442.2999877929688,444.7000122070313,3387700.0
2021-12-28,439.1043395996094,447.6000061035156,447.6000061035156,444.7999877929688,446.0,5397700.0
2021-12-29,442.3416748046875,450.8999938964844,452.0,449.2000122070313,449.3999938964844,5818400.0
2021-12-30,438.9081115722656,447.3999938964844,450.6000061035156,447.1000061035156,449.1000061035156,4574100.0
2022-01-04,451.3670654296875,460.1000061035156,462.1000061035156,450.0,452.3999938964844,10771700.0
2022-01-05,458.3323059082031,467.2000122070313,470.6000061035156,463.2999877929688,466.1000061035156,11364400.0
2022-01-06,462.0601806640625,471.0,475.2000122070313,468.0,471.1000061035156,12389800.0
2022-01-07,475.1077270507813,484.2999877929688,486.2000122070313,474.0,474.7999877929688,15306500.0
2022-01-11,488.5476989746094,498.0,498.0,483.3999938964844,489.0,13444700.0
2022-01-12,492.0793762207031,501.6000061035156,502.2999877929688,494.6000061035156,498.0,14023100.0
2022-01-13,505.9117736816406,515.7000122070312,518.4000244140625,501.0,504.0,14415000.0
2022-01-14,502.3800659179688,512.0999755859375,515.5999755859375,508.0,514.0999755859375,14737200.0
2022-01-17,503.0667724609375,512.7999877929688,520.7000122070312,510.6000061035156,514.4000244140625,10131000.0
2022-01-18,496.3958740234375,506.0,523.7999877929688,495.8999938964844,516.2000122070312,18461000.0
2022-01-19,483.6426086425781,493.0,503.7999877929688,489.1000061035156,497.3999938964844,16967600.0
2022-01-20,474.6172180175781,483.7999877929688,493.7999877929688,482.2999877929688,485.7000122070313,12887800.0
2022-01-21,473.2438049316406,482.3999938964844,484.3999938964844,471.8999938964844,483.2999877929688,9264400.0
2022-01-24,479.7185363769531,489.0,493.0,480.3999938964844,480.3999938964844,10574900.0
2022-01-25,474.2248229980469,483.3999938964844,485.7000122070313,477.6000061035156,485.2000122070313,9152300.0
2022-01-26,469.12353515625,478.2000122070313,488.6000061035156,477.0,488.2999877929688,11550300.0
2022-01-27,471.47796630859375,480.6000061035156,490.3999938964844,478.2999877929688,487.7999877929688,10780100.0
2022-01-28,481.0919494628906,490.3999938964844,493.1000061035156,484.0,486.7999877929688,9435100.0
2022-01-31,481.974853515625,491.2999877929688,492.2000122070313,483.0,486.5,12603500.0
2022-02-01,482.4653625488281,491.7999877929688,496.2000122070313,485.6000061035156,490.5,11606500.0
2022-02-02,497.9655151367188,507.6000061035156,509.2000122070313,500.6000061035156,501.7999877929688,15275400.0
2022-02-03,504.8326110839844,514.5999755859375,515.5,505.1000061035156,505.5,13692300.0
2022-02-04,510.5225830078125,520.4000244140625,524.7000122070312,518.7000122070312,521.5999755859375,16217500.0
2022-02-07,532.8898315429688,543.2000122070312,547.2000122070312,523.0999755859375,527.4000244140625,20855500.0
2022-02-08,543.9752807617188,554.5,560.0,544.0,546.5999755859375,22174000.0
2022-02-09,535.8328857421875,546.2000122070312,567.7999877929688,537.5,557.2999877929688,27270900.0
2022-02-10,536.61767578125,547.0,554.5,542.5999755859375,549.2000122070312,14199200.0
2022-02-14,531.8106689453125,542.0999755859375,543.5999755859375,533.9000244140625,537.0,12046200.0
2022-02-15,525.0416259765625,535.2000122070312,544.7999877929688,534.0,538.0,13613600.0
2022-02-16,537.5006103515625,547.9000244140625,550.7000122070312,539.0,540.4000244140625,11699600.0
2022-02-17,539.1682739257812,549.5999755859375,556.5,546.7000122070312,552.9000244140625,17685200.0
2022-02-18,527.6904296875,537.9000244140625,546.5999755859375,536.5999755859375,545.5,9584400.0
2022-02-21,526.51318359375,536.7000122070312,540.0999755859375,530.2000122070312,534.0,7895200.0
2022-02-22,524.4530029296875,534.5999755859375,538.2000122070312,529.0,530.5,9483800.0
2022-02-24,528.4752197265625,538.7000122070312,540.7000122070312,532.0,537.5999755859375,15484800.0
2022-02-25,508.1680908203125,518.0,530.0,511.1000061035156,529.2999877929688,19849000.0
2022-02-28,507.9718933105469,517.7999877929688,522.7999877929688,508.1000061035156,510.0,14795800.0
2022-03-01,497.769287109375,507.3999938964844,522.7000122070312,506.3999938964844,516.2999877929688,14928400.0
2022-03-02,487.9591064453125,497.3999938964844,503.3999938964844,496.2000122070313,500.8999938964844,13040400.0
2022-03-03,506.6965637207031,516.5,519.2000122070312,508.6000061035156,510.2999877929688,13247800.0
2022-03-04,495.6110534667969,505.2000122070313,518.9000244140625,504.8999938964844,516.2999877929688,11128500.0
2022-03-07,481.6805725097656,491.0,498.3999938964844,484.3999938964844,495.2000122070313,18514400.0
2022-03-08,460.8829345703125,469.7999877929688,480.0,468.2999877929688,477.8999938964844,17182800.0
2022-03-09,472.7532958984375,481.8999938964844,488.7000122070313,470.0,473.8999938964844,12055800.0
2022-03-10,493.5509033203125,503.1000061035156,504.5,492.3999938964844,492.5,19364200.0
2022-03-11,501.104736328125,510.7999877929688,516.0999755859375,498.0,500.1000061035156,15196100.0
2022-03-14,508.1680908203125,518.0,524.7999877929688,513.0999755859375,518.0,11145800.0
2022-03-15,509.9339294433594,519.7999877929688,526.5999755859375,516.7999877929688,523.4000244140625,10659300.0
2022-03-16,511.9941101074219,521.9000244140625,523.4000244140625,515.2000122070312,517.2000122070312,9943100.0
2022-03-17,527.59228515625,537.7999877929688,539.4000244140625,531.0999755859375,534.9000244140625,15659300.0
2022-03-18,520.7251586914062,530.7999877929688,531.7000122070312,525.7999877929688,527.7999877929688,31571300.0
2022-03-22,545.544921875,556.0999755859375,562.5,543.0,543.9000244140625,21147100.0
2022-03-23,546.133544921875,556.7000122070312,568.2000122070312,556.5,560.7999877929688,13175400.0
2022-03-24,536.4214477539062,546.7999877929688,547.0,541.7000122070312,546.9000244140625,11052300.0
2022-03-25,536.1271362304688,546.5,551.5999755859375,545.2999877929688,550.9000244140625,6994600.0
2022-03-28,543.0923461914062,553.5999755859375,557.9000244140625,548.0999755859375,556.2000122070312,9489200.0
2022-03-29,542.7000122070312,553.2000122070312,553.5,547.5,553.2999877929688,10946200.0
2022-03-30,539.2999877929688,539.2999877929688,543.0999755859375,534.2999877929688,540.0,11030700.0
2022-03-31,524.0999755859375,524.0999755859375,534.0,524.0999755859375,530.9000244140625,10045200.0
2022-04-01,528.5999755859375,528.5999755859375,530.7999877929688,518.5999755859375,521.7999877929688,8820800.0
2022-04-04,534.2999877929688,534.2999877929688,538.0,525.0,525.4000244140625,8058200.0
2022-04-05,527.0999755859375,527.0999755859375,538.5999755859375,526.5,536.7999877929688,8208100.0
2022-04-06,533.2000122070312,533.2000122070312,538.5,530.9000244140625,533.5,14270200.0
2022-04-07,531.4000244140625,531.4000244140625,534.2000122070312,528.7999877929688,530.2000122070312,11754200.0
2022-04-08,522.7000122070312,522.7000122070312,533.9000244140625,516.2000122070312,532.9000244140625,15054700.0
2022-04-11,535.7000122070312,535.7000122070312,536.9000244140625,523.7000122070312,523.7999877929688,12392900.0
2022-04-12,540.7000122070312,540.7000122070312,547.9000244140625,537.5,542.4000244140625,11748000.0
2022-04-13,543.2999877929688,543.2999877929688,544.7000122070312,536.0,540.0,12708400.0
2022-04-14,546.4000244140625,546.4000244140625,547.4000244140625,540.0999755859375,541.5,8976200.0
2022-04-15,550.7999877929688,550.7999877929688,551.7000122070312,545.0999755859375,548.0,7617200.0
2022-04-18,554.2999877929688,554.2999877929688,555.0,548.9000244140625,549.5,8940300.0
2022-04-19,557.2999877929688,557.2999877929688,561.7999877929688,552.7000122070312,561.5999755859375,9554600.0
2022-04-20,571.7000122070312,571.7000122070312,573.0,562.0999755859375,562.9000244140625,17278700.0
2022-04-21,576.5999755859375,576.5999755859375,580.9000244140625,573.0999755859375,574.0,13874900.0
2022-04-22,570.7000122070312,570.7000122070312,574.5999755859375,567.0999755859375,572.0999755859375,7262100.0
2022-04-25,568.7999877929688,568.7999877929688,571.7000122070312,561.0999755859375,562.0,10565200.0
2022-04-26,560.2000122070312,560.2000122070312,570.7000122070312,556.7999877929688,564.0999755859375,11664400.0
2022-04-27,553.4000244140625,553.4000244140625,559.9000244140625,551.7999877929688,555.7999877929688,12440900.0
2022-04-28,564.9000244140625,564.9000244140625,568.5,552.0,552.0,18467400.0
2022-05-02,545.5999755859375,545.5999755859375,547.5999755859375,532.7000122070312,536.7999877929688,21158200.0
2022-05-06,559.2000122070312,559.2000122070312,561.5,545.5,550.0999755859375,15963300.0
2022-05-09,553.5999755859375,553.5999755859375,560.9000244140625,550.5999755859375,557.7999877929688,9776500.0
2022-05-10,545.9000244140625,545.9000244140625,549.2999877929688,541.2999877929688,547.2000122070312,10916700.0
2022-05-11,515.9000244140625,515.9000244140625,536.5999755859375,515.9000244140625,535.9000244140625,17874900.0
2022-05-12,515.5,515.5,526.0999755859375,515.5,521.2999877929688,9891500.0
2022-05-13,483.2999877929688,483.2999877929688,490.3999938964844,479.7999877929688,487.5,26520800.0
2022-05-16,488.6000061035156,488.6000061035156,500.5,485.7000122070313,490.6000061035156,18649200.0
2022-05-17,480.7999877929688,480.7999877929688,490.8999938964844,480.6000061035156,490.2000122070313,12626000.0
2022-05-18,487.8999938964844,487.8999938964844,488.7000122070313,481.6000061035156,483.2000122070313,17488600.0
2022-05-19,483.5,483.5,485.8999938964844,478.1000061035156,479.8999938964844,9229200.0
2022-05-20,479.5,479.5,482.7000122070313,474.2999877929688,479.0,17654000.0
2022-05-23,480.2999877929688,480.2999877929688,485.2000122070313,477.2999877929688,478.2000122070313,12732400.0
2022-05-24,475.0,475.0,486.5,475.0,483.0,11222800.0
2022-05-25,475.7000122070313,475.7000122070313,478.3999938964844,472.6000061035156,474.5,9340500.0
2022-05-26,476.7999877929688,476.7999877929688,481.7999877929688,475.7999877929688,479.0,8953700.0
2022-05-27,480.2000122070313,480.2000122070313,481.1000061035156,475.8999938964844,477.1000061035156,10696900.0
2022-05-30,479.5,479.5,482.2000122070313,475.5,478.7999877929688,9013100.0
2022-05-31,478.5,478.5,488.7999877929688,478.5,483.5,44434300.0
2022-06-01,488.0,488.0,491.6000061035156,485.1000061035156,486.1000061035156,10095100.0
2022-06-02,492.2999877929688,492.2999877929688,495.6000061035156,487.7999877929688,488.2999877929688,11204400.0
2022-06-03,497.2999877929688,497.2999877929688,498.5,494.0,494.8999938964844,9639400.0
2022-06-06,492.2999877929688,492.2999877929688,496.6000061035156,491.3999938964844,495.5,7604200.0
2022-06-07,500.2999877929688,500.2999877929688,502.7000122070313,499.0,500.2999877929688,11815100.0
2022-06-08,494.6000061035156,494.6000061035156,498.7000122070313,493.5,495.1000061035156,12029100.0
2022-06-09,495.7999877929688,495.7999877929688,499.8999938964844,490.6000061035156,493.1000061035156,11038800.0
2022-06-10,500.0,500.0,505.0,495.1000061035156,496.7999877929688,16509800.0
2022-06-13,503.8999938964844,503.8999938964844,504.0,490.7000122070313,493.2000122070313,11778400.0
2022-06-14,508.8999938964844,508.8999938964844,511.7999877929688,501.0,504.3999938964844,16240900.0
2022-06-15,510.2000122070313,510.2000122070313,513.5999755859375,507.3999938964844,511.5,12109200.0
2022-06-16,517.2000122070312,517.2000122070312,525.0999755859375,513.5,514.0,12623200.0
2022-06-17,505.7999877929688,505.7999877929688,515.0,497.7999877929688,514.0,22959800.0
2022-06-20,505.7999877929688,505.7999877929688,511.7000122070313,502.5,503.7999877929688,6859400.0
2022-06-21,514.0999755859375,514.0999755859375,517.7999877929688,508.7000122070313,509.8999938964844,10846200.0
2022-06-22,511.3999938964844,511.3999938964844,514.9000244140625,511.2999877929688,514.0,8914400.0
2022-06-23,517.5,517.5,519.2000122070312,511.3999938964844,512.0,9251400.0
2022-06-24,509.7000122070313,509.7000122070313,515.5,508.6000061035156,510.2999877929688,12093200.0
2022-06-27,508.7000122070313,508.7000122070313,524.2999877929688,506.7000122070313,518.7000122070312,9926600.0
2022-06-28,518.0999755859375,518.0999755859375,519.0999755859375,509.0,509.0,10303400.0
2022-06-29,517.0,517.0,524.0,516.9000244140625,524.0,10201800.0
2022-06-30,508.1000061035156,508.1000061035156,511.3999938964844,501.6000061035156,503.8999938964844,16040600.0
2022-07-01,507.0,507.0,512.5999755859375,506.0,508.2999877929688,9445200.0
2022-07-04,506.7000122070313,506.7000122070313,509.5,503.2999877929688,508.6000061035156,9645700.0
2022-07-05,515.0999755859375,515.0999755859375,515.5,508.7000122070313,510.2000122070313,11681500.0
2022-07-06,491.2999877929688,491.2999877929688,506.7999877929688,489.1000061035156,505.8999938964844,13727300.0
2022-07-07,492.3999938964844,492.3999938964844,499.5,488.2000122070313,497.1000061035156,12653900.0
2022-07-08,503.7000122070313,503.7000122070313,508.5,491.6000061035156,494.0,21574200.0
2022-07-11,513.4000244140625,513.4000244140625,513.5,501.5,507.1000061035156,12820200.0
2022-07-12,506.7000122070313,506.7000122070313,515.7000122070312,505.2000122070313,514.7000122070312,9760200.0
2022-07-13,512.9000244140625,512.9000244140625,514.7000122070312,508.7999877929688,511.0,8196100.0
2022-07-14,505.0,505.0,509.3999938964844,504.1000061035156,507.0,9074400.0
2022-07-15,493.2999877929688,493.2999877929688,502.7000122070313,489.5,502.0,13372300.0
2022-07-19,502.5,502.5,503.8999938964844,499.0,501.2999877929688,11186900.0
2022-07-20,510.8999938964844,510.8999938964844,511.8999938964844,505.1000061035156,509.0,10140800.0
2022-07-21,510.2000122070313,510.2000122070313,515.2000122070312,505.2999877929688,508.2999877929688,7676300.0
2022-07-22,510.0,510.0,510.3999938964844,505.7000122070313,508.2000122070313,7764900.0
2022-07-25,510.0,510.0,513.4000244140625,509.1000061035156,510.1000061035156,6832400.0
2022-07-26,516.5,516.5,519.9000244140625,515.0999755859375,515.5999755859375,7891200.0
2022-07-27,515.9000244140625,515.9000244140625,517.0,513.7999877929688,514.7999877929688,6233500.0
2022-07-28,516.9000244140625,516.9000244140625,518.5999755859375,513.2999877929688,514.2999877929688,8900900.0
2022-07-29,515.2999877929688,515.2999877929688,519.5999755859375,509.2999877929688,510.5,9420200.0
2022-08-01,519.0,519.0,523.2999877929688,513.2999877929688,517.9000244140625,11482200.0
2022-08-02,506.7000122070313,506.7000122070313,516.0999755859375,504.7000122070313,513.9000244140625,10724400.0
2022-08-03,508.0,508.0,509.0,502.7000122070313,503.7999877929688,7258600.0
2022-08-04,502.0,502.0,506.2999877929688,499.1000061035156,505.0,9247600.0
2022-08-05,500.7999877929688,500.7999877929688,502.6000061035156,498.7000122070313,498.7000122070313,6220300.0
2022-08-08,511.2000122070313,511.2000122070313,512.0,503.3999938964844,503.5,11748700.0
2022-08-09,504.8999938964844,504.8999938964844,509.3999938964844,503.6000061035156,507.8999938964844,6292800.0
2022-08-10,509.3999938964844,509.3999938964844,512.0999755859375,507.0,510.1000061035156,6042400.0
2022-08-12,519.9000244140625,519.9000244140625,522.5999755859375,513.7000122070312,515.4000244140625,8952500.0
2022-08-15,515.9000244140625,515.9000244140625,518.0,513.9000244140625,517.0999755859375,4615300.0
2022-08-16,511.7999877929688,511.7999877929688,515.7000122070312,510.5,514.0,5469500.0
2022-08-17,518.4000244140625,518.4000244140625,518.9000244140625,512.0999755859375,514.0,7789700.0
2022-08-18,510.1000061035156,510.1000061035156,517.0,509.7000122070313,515.0,7827500.0
2022-08-19,510.3999938964844,510.3999938964844,512.0,508.6000061035156,510.5,6736300.0
2022-08-22,514.2000122070312,514.2000122070312,514.7000122070312,510.2999877929688,510.7999877929688,7124800.0
2022-08-23,509.5,509.5,514.0,507.7999877929688,513.9000244140625,7418000.0
2022-08-24,512.7000122070312,512.7000122070312,515.4000244140625,511.7999877929688,512.0,7460200.0
2022-08-25,516.2000122070312,516.2000122070312,516.5,511.3999938964844,512.0999755859375,6231400.0
2022-08-26,514.7999877929688,514.7999877929688,517.2999877929688,514.4000244140625,516.5999755859375,5580700.0
2022-08-29,514.4000244140625,514.4000244140625,516.2000122070312,508.0,509.8999938964844,6801200.0
2022-08-30,517.0999755859375,517.0999755859375,517.5999755859375,514.2000122070312,516.0,6600600.0
2022-08-31,512.2999877929688,512.2999877929688,516.5999755859375,511.7000122070313,512.5,13200000.0
2022-09-01,514.0,514.0,515.7000122070312,509.1000061035156,512.0,9746400.0
2022-09-02,517.4000244140625,517.4000244140625,517.9000244140625,511.7999877929688,512.9000244140625,7900800.0
2022-09-05,512.7999877929688,512.7999877929688,521.0999755859375,512.7999877929688,519.7999877929688,7341000.0
2022-09-06,513.2999877929688,513.2999877929688,515.2999877929688,510.2999877929688,513.5,4351800.0
2022-09-07,513.2999877929688,513.2999877929688,518.9000244140625,511.2000122070313,512.0999755859375,12785400.0
2022-09-08,534.2000122070312,534.2000122070312,535.4000244140625,518.5,518.5,21138200.0
2022-09-09,535.5999755859375,535.5999755859375,535.7999877929688,529.7999877929688,533.0999755859375,12349300.0
2022-09-12,530.0,530.0,535.2999877929688,528.5,534.5,6897900.0
2022-09-13,532.2000122070312,532.2000122070312,533.2999877929688,529.4000244140625,531.0,7489500.0
2022-09-14,519.798095703125,530.4000244140625,533.7999877929688,527.2999877929688,528.0,11523700.0
2022-09-15,521.7581176757812,532.4000244140625,534.2000122070312,527.2999877929688,530.0,8534000.0
2022-09-16,540.3782958984375,551.4000244140625,551.5999755859375,535.9000244140625,535.9000244140625,18201700.0
2022-09-20,542.4363403320312,553.5,556.2000122070312,550.0999755859375,553.9000244140625,12191800.0
2022-09-21,536.6542358398438,547.5999755859375,556.0,545.7999877929688,555.0999755859375,16867100.0
2022-09-22,529.9901733398438,540.7999877929688,547.5999755859375,537.9000244140625,545.9000244140625,9715500.0
2022-09-26,516.4660034179688,527.0,542.0999755859375,524.2000122070312,541.4000244140625,19982900.0
2022-09-27,523.3261108398438,534.0,536.7999877929688,524.5,526.9000244140625,15798600.0
2022-09-28,514.7999877929688,525.2999877929688,528.4000244140625,518.4000244140625,526.7000122070312,16914500.0
2022-09-29,530.0,530.0,530.7999877929688,518.4000244140625,519.0,12963700.0
2022-09-30,528.0,528.0,535.5,527.0999755859375,534.0,17550700.0
2022-10-03,523.5,523.5,527.9000244140625,518.5,523.7999877929688,15448800.0
2022-10-04,540.4000244140625,540.4000244140625,543.0999755859375,528.0999755859375,528.5999755859375,14675200.0
2022-10-05,533.4000244140625,533.4000244140625,541.7999877929688,532.2999877929688,539.5,13366300.0
2022-10-06,538.5999755859375,538.5999755859375,541.9000244140625,533.4000244140625,534.2000122070312,9143200.0
2022-10-07,534.5,534.5,538.5,532.4000244140625,533.9000244140625,11237600.0
2022-10-11,546.5999755859375,546.5999755859375,546.9000244140625,535.2999877929688,536.5,15684700.0
2022-10-12,548.0,548.0,549.2000122070312,543.5999755859375,544.2999877929688,13613600.0
2022-10-13,549.5,549.5,550.2000122070312,543.7999877929688,546.2999877929688,11572400.0
2022-10-14,561.2000122070312,561.2000122070312,565.2999877929688,558.7000122070312,559.5,15201500.0
2022-10-17,556.2000122070312,556.2000122070312,565.2999877929688,555.5999755859375,563.2999877929688,8490400.0
2022-10-18,560.2999877929688,560.2999877929688,562.7999877929688,557.7999877929688,559.2999877929688,7301900.0
2022-10-19,564.0,564.0,564.4000244140625,559.2000122070312,559.7999877929688,7033900.0
2022-10-20,574.2999877929688,574.2999877929688,576.2000122070312,560.5999755859375,561.0999755859375,12682900.0
2022-10-21,570.7000122070312,570.7000122070312,573.0999755859375,565.0,568.9000244140625,9152600.0
2022-10-24,575.5999755859375,575.5999755859375,578.7999877929688,571.5,575.7000122070312,11328000.0
2022-10-25,588.4000244140625,588.4000244140625,595.7000122070312,581.2000122070312,582.2000122070312,15929900.0
2022-10-26,580.2000122070312,580.2000122070312,587.2000122070312,579.0999755859375,584.0,14647500.0
2022-10-27,552.2999877929688,552.2999877929688,580.0,549.5,578.0,21518000.0
2022-10-28,551.7999877929688,551.7999877929688,559.7999877929688,551.2000122070312,553.4000244140625,32152700.0
2022-10-31,559.7000122070312,559.7000122070312,561.0,554.4000244140625,555.0,9635200.0
2022-11-01,562.2999877929688,562.2999877929688,566.0999755859375,558.9000244140625,564.5999755859375,7268300.0
2022-11-02,569.2000122070312,569.2000122070312,571.0999755859375,560.2999877929688,560.2999877929688,9010800.0
2022-11-04,573.7000122070312,573.7000122070312,579.9000244140625,571.2999877929688,571.5,13288200.0
2022-11-07,569.4000244140625,569.4000244140625,582.0,569.2000122070312,581.0999755859375,6973700.0
2022-11-08,572.0,572.0,574.0999755859375,566.5,568.7999877929688,7385600.0
2022-11-09,570.5999755859375,570.5999755859375,573.2999877929688,568.5,570.7000122070312,5915400.0
2022-11-10,574.7000122070312,574.7000122070312,575.4000244140625,568.0999755859375,568.2000122070312,7233800.0
2022-11-11,568.2000122070312,568.2000122070312,576.5,564.7000122070312,573.7999877929688,13927300.0
2022-11-14,578.0999755859375,578.0999755859375,579.2000122070312,566.5,573.5,17570800.0
2022-11-15,598.0,598.0,601.0,582.5999755859375,585.0,16683000.0
2022-11-16,604.7000122070312,604.7000122070312,606.5,589.7999877929688,594.9000244140625,12456000.0
2022-11-17,612.7000122070312,612.7000122070312,612.7000122070312,603.5,604.7000122070312,9535600.0
2022-11-18,615.0,615.0,622.2999877929688,612.9000244140625,613.0,13714800.0
2022-11-21,629.4000244140625,629.4000244140625,630.2999877929688,615.7000122070312,615.7000122070312,17136900.0
2022-11-22,638.9000244140625,638.9000244140625,638.9000244140625,629.5,631.5,16426400.0
2022-11-24,657.7999877929688,657.7999877929688,660.9000244140625,644.7000122070312,644.9000244140625,21190000.0
2022-11-25,671.2999877929688,671.2999877929688,673.7999877929688,654.7999877929688,656.0,19175600.0
2022-11-28,662.2999877929688,662.2999877929688,675.4000244140625,658.0,673.4000244140625,18896600.0
2022-11-29,669.0,669.0,671.0,660.5999755859375,666.2000122070312,22099800.0
2022-11-30,660.9000244140625,660.9000244140625,675.2000122070312,657.0999755859375,672.0999755859375,27225200.0
2022-12-01,644.9000244140625,644.9000244140625,665.2999877929688,644.9000244140625,659.0,25031200.0
2022-12-02,637.0,637.0,641.2999877929688,630.0999755859375,639.2000122070312,24487300.0
2022-12-05,619.5999755859375,619.5999755859375,634.2999877929688,611.5,631.2000122070312,23926600.0
2022-12-06,631.7999877929688,631.7999877929688,632.2999877929688,621.7000122070312,622.5,12454200.0
2022-12-07,647.7000122070312,647.7000122070312,651.0,628.2000122070312,631.0,18125900.0
2022-12-08,641.7000122070312,641.7000122070312,642.9000244140625,630.5,641.2999877929688,12858900.0
2022-12-09,637.5,637.5,648.9000244140625,637.5,639.0,13438100.0
2022-12-12,641.2999877929688,641.2999877929688,644.9000244140625,638.2000122070312,641.0,9230000.0
2022-12-13,641.7000122070312,641.7000122070312,645.0,638.9000244140625,641.2000122070312,8408700.0
2022-12-14,632.5999755859375,632.5999755859375,633.5,626.9000244140625,631.7000122070312,13309900.0
2022-12-15,643.9000244140625,643.9000244140625,643.9000244140625,633.5,634.7999877929688,10883300.0
2022-12-16,638.4000244140625,638.4000244140625,650.9000244140625,635.0999755859375,644.2000122070312,14568900.0
2022-12-19,650.9000244140625,650.9000244140625,659.2000122070312,638.0,640.2000122070312,16580000.0
2022-12-20,692.5,692.5,721.7000122070312,654.5,654.5,43086400.0
2022-12-21,713.5999755859375,713.5999755859375,733.0,707.2999877929688,720.0,38064100.0
2022-12-22,722.7999877929688,722.7999877929688,723.5999755859375,702.0999755859375,715.2000122070312,24993000.0
2022-12-23,739.2999877929688,739.2999877929688,739.7999877929688,722.0999755859375,722.7999877929688,22531100.0
2022-12-26,719.0,719.0,734.7999877929688,716.2999877929688,733.2999877929688,15601500.0
2022-12-27,737.7999877929688,737.7999877929688,737.9000244140625,719.2999877929688,722.0,9509900.0
2022-12-28,743.2000122070312,743.2000122070312,755.4000244140625,740.0,742.7000122070312,17294800.0
2022-12-29,720.5,720.5,740.5999755859375,715.0,740.5,14268500.0
2022-12-30,723.2000122070312,723.2000122070312,728.0,712.0999755859375,715.0,10286900.0
2023-01-04,744.2000122070312,744.2000122070312,749.7999877929688,725.4000244140625,738.9000244140625,18203600.0
2023-01-05,719.5,719.5,738.2000122070312,716.0,730.0,20121100.0
2023-01-06,718.4000244140625,718.4000244140625,733.7999877929688,715.0,723.9000244140625,17585400.0
2023-01-10,707.9000244140625,707.9000244140625,713.7999877929688,694.0999755859375,705.2000122070312,20359500.0
2023-01-11,717.9000244140625,717.9000244140625,718.0999755859375,707.4000244140625,709.5999755859375,12147200.0
2023-01-12,734.4000244140625,734.4000244140625,742.4000244140625,711.0999755859375,712.0,25114100.0
2023-01-13,752.7000122070312,752.7000122070312,767.2999877929688,730.0999755859375,731.0999755859375,41509500.0
2023-01-16,716.4000244140625,716.4000244140625,767.9000244140625,716.4000244140625,766.0,28679200.0
2023-01-17,703.4000244140625,703.4000244140625,718.5,695.7999877929688,711.5,31729800.0
2023-01-18,702.4000244140625,702.4000244140625,709.2999877929688,666.7999877929688,703.7999877929688,31070600.0
2023-01-19,698.7000122070312,698.7000122070312,719.5,696.2999877929688,707.0,18201800.0
2023-01-20,709.4000244140625,709.4000244140625,711.2000122070312,696.2999877929688,700.0,10976700.0
2023-01-23,716.7999877929688,716.7999877929688,721.2999877929688,704.2999877929688,709.0,20373500.0
2023-01-24,731.7000122070312,731.7000122070312,731.7000122070312,711.7999877929688,715.5999755859375,13501800.0
2023-01-25,729.9000244140625,729.9000244140625,734.9000244140625,721.7000122070312,732.0,19193100.0
2023-01-26,732.7999877929688,732.7999877929688,735.2000122070312,728.0,732.5999755859375,13756600.0
2023-01-27,745.5999755859375,745.5999755859375,748.5,726.5999755859375,736.0,15663700.0
2023-01-30,742.2000122070312,742.2000122070312,745.5,732.2000122070312,733.0,12326100.0
2023-01-31,718.2000122070312,718.2000122070312,741.7999877929688,718.2000122070312,741.0,15719200.0
2023-02-01,710.0,710.0,724.7000122070312,708.9000244140625,718.5,19227600.0
2023-02-02,700.5999755859375,700.5999755859375,707.2000122070312,694.0,702.5,17377700.0
2023-02-03,705.7999877929688,705.7999877929688,710.0,686.9000244140625,688.0,16704700.0
2023-02-06,692.5999755859375,692.5999755859375,707.2000122070312,685.2000122070312,701.7999877929688,22262900.0
2023-02-07,711.9000244140625,711.9000244140625,715.5,689.7999877929688,698.5999755859375,16283600.0
2023-02-08,727.0,727.0,729.7000122070312,712.5999755859375,713.2999877929688,12290300.0
2023-02-09,725.5999755859375,725.5999755859375,731.5999755859375,723.0999755859375,724.9000244140625,8420500.0
2023-02-10,735.0,735.0,741.9000244140625,728.7999877929688,730.7999877929688,14740600.0
2023-02-13,744.0,744.0,764.0,740.0,742.4000244140625,21071800.0
2023-02-14,748.2000122070312,748.2000122070312,749.7000122070312,739.2000122070312,744.0,10163400.0
2023-02-15,753.0999755859375,753.0999755859375,758.7999877929688,748.0,750.0,8733500.0
2023-02-16,745.0,745.0,755.5999755859375,743.4000244140625,751.0,12643300.0
2023-02-17,734.5,734.5,748.4000244140625,733.7999877929688,745.0,12906400.0
2023-02-20,753.9000244140625,753.9000244140625,754.4000244140625,735.5999755859375,737.7000122070312,10144600.0
2023-02-21,753.7999877929688,753.7999877929688,759.5,748.5,755.0,8621000.0
2023-02-22,750.5999755859375,750.5999755859375,758.7999877929688,739.4000244140625,756.2999877929688,11228800.0
2023-02-24,742.4000244140625,742.4000244140625,760.5,734.7000122070312,750.0,19906000.0
2023-02-27,747.9000244140625,747.9000244140625,751.0,742.5,748.0,13376900.0
2023-02-28,749.9000244140625,749.9000244140625,754.0999755859375,743.0,751.0999755859375,13407800.0
2023-03-01,738.4000244140625,738.4000244140625,748.5,730.0999755859375,746.0999755859375,19656800.0
2023-03-02,731.0,731.0,746.7999877929688,728.5999755859375,740.0999755859375,12648500.0
2023-03-03,739.0,739.0,744.9000244140625,734.2000122070312,735.0,14986800.0
2023-03-06,750.4000244140625,750.4000244140625,751.5,741.5999755859375,742.4000244140625,11628900.0
2023-03-07,761.5999755859375,761.5999755859375,761.7000122070312,750.5999755859375,753.0999755859375,12402200.0
2023-03-08,763.0,763.0,765.9000244140625,754.5,761.0999755859375,11631300.0
2023-03-09,793.0,793.0,793.0,769.5999755859375,772.5999755859375,18636800.0
2023-03-10,733.7999877929688,733.7999877929688,794.9000244140625,733.0,793.0999755859375,33808200.0
2023-03-13,700.4000244140625,700.4000244140625,715.7999877929688,692.5,711.7999877929688,34074000.0
2023-03-14,636.0,636.0,654.7999877929688,630.0999755859375,645.4000244140625,50422700.0
2023-03-15,662.2999877929688,662.2999877929688,672.5,654.2000122070312,666.0,23512300.0
2023-03-16,630.4000244140625,630.4000244140625,638.7000122070312,613.0,622.2999877929688,33598900.0
2023-03-17,637.4000244140625,637.4000244140625,647.5999755859375,631.0,645.5999755859375,18339700.0
2023-03-20,614.0999755859375,614.0999755859375,638.2999877929688,613.9000244140625,627.4000244140625,29799600.0
2023-03-22,620.2000122070312,620.2000122070312,634.7999877929688,618.5,633.0,23926200.0
2023-03-23,609.4000244140625,609.4000244140625,610.5,601.0999755859375,607.0,23076300.0
2023-03-29,632.0,632.0,636.4000244140625,623.0999755859375,623.7999877929688,21365400.0
2023-03-24,593.5,593.5,596.7000122070312,585.5,591.2999877929688,23910000.0
2023-03-27,600.0,600.0,604.2000122070312,587.5,595.7000122070312,15041400.0
2023-03-28,624.5,624.5,633.7000122070312,607.2000122070312,614.0,26320600.0
2023-03-27,590.0316772460938,600.0,604.2000122070312,587.5,595.7000122070312,15041400.0
2023-03-28,614.1246337890625,624.5,633.7000122070312,607.2000122070312,614.0,26320600.0
2023-03-29,621.5,632.0,636.4000244140625,623.0999755859375,623.7999877929688,21365400.0
2023-03-30,642.2000122070312,642.2000122070312,645.0,624.4000244140625,628.7000122070312,20410300.0
2023-03-31,639.5,639.5,647.0,636.7999877929688,646.5,14861100.0
2023-04-03,657.9000244140625,657.9000244140625,658.0,639.0999755859375,645.2000122070312,13151100.0
2023-04-04,667.0,667.0,668.7999877929688,652.0999755859375,655.5999755859375,13198800.0
2023-04-05,652.4000244140625,652.4000244140625,657.7999877929688,647.0999755859375,652.0,12292200.0
2023-04-06,644.5999755859375,644.5999755859375,648.7999877929688,639.7000122070312,644.2000122070312,10348500.0
2023-04-07,652.4000244140625,652.4000244140625,659.5,649.2999877929688,653.5999755859375,6915600.0
2023-04-10,656.4000244140625,656.4000244140625,661.7999877929688,655.9000244140625,658.0999755859375,6920300.0
2023-04-11,646.2999877929688,646.2999877929688,662.0,645.5999755859375,662.0,15088800.0
2023-04-12,655.2999877929688,655.2999877929688,657.4000244140625,648.0999755859375,653.0,8344600.0
2023-04-13,644.7000122070312,644.7000122070312,650.5999755859375,637.2999877929688,648.0999755859375,11208500.0
2023-04-14,642.2999877929688,642.2999877929688,648.5,635.7999877929688,648.0,10929500.0
2023-04-17,650.2000122070312,650.2000122070312,650.7000122070312,642.0,646.0,10551600.0
2023-04-18,663.7000122070312,663.7000122070312,672.7999877929688,660.7999877929688,663.4000244140625,12137700.0
2023-04-19,676.7000122070312,676.7000122070312,676.9000244140625,664.5999755859375,665.0,11270000.0
2023-04-20,679.5,679.5,684.2999877929688,671.0999755859375,673.5,10276000.0
2023-04-21,669.5999755859375,669.5999755859375,675.5999755859375,664.4000244140625,667.5999755859375,10933400.0
2023-04-24,662.5,662.5,672.7999877929688,662.2000122070312,671.0,8235300.0
2023-04-28,674.7000122070312,674.7000122070312,693.5,650.2999877929688,673.2000122070312,19738500.0
2023-04-25,666.0,666.0,671.4000244140625,664.0999755859375,665.7999877929688,7552500.0
2023-04-26,650.4000244140625,650.4000244140625,656.0999755859375,648.0,655.0,8713600.0
2023-04-27,667.2999877929688,667.2999877929688,668.0,651.0999755859375,652.0999755859375,11260500.0
2023-04-28,674.7000122070312,674.7000122070312,693.5,650.2999877929688,673.2000122070312,23395800.0
2023-05-01,677.7000122070312,677.7000122070312,679.0,669.0,674.5999755859375,9029400.0
2023-05-02,670.7000122070312,670.7000122070312,676.0,664.4000244140625,675.0,8482700.0
2023-05-08,658.4000244140625,658.4000244140625,669.5999755859375,655.0999755859375,669.5999755859375,11473900.0
2023-05-09,670.0999755859375,670.0999755859375,671.5,653.0,664.7999877929688,11641700.0
2023-05-10,672.2999877929688,672.2999877929688,676.2999877929688,666.2999877929688,674.5,6884400.0
2023-05-11,672.0999755859375,672.0999755859375,672.0999755859375,664.7000122070312,668.0,7387400.0
2023-05-12,666.5,666.5,668.7000122070312,660.0,666.5,10733900.0
2023-05-15,650.2000122070312,650.2000122070312,652.7999877929688,639.5999755859375,650.0,25836100.0
2023-05-16,649.5,649.5,660.5,647.0999755859375,655.2999877929688,19860200.0
2023-05-17,662.5,662.5,662.7999877929688,640.0999755859375,645.0,18945100.0
2023-05-18,664.9000244140625,664.9000244140625,673.9000244140625,663.0,672.5,16207700.0
2023-05-19,655.2999877929688,655.2999877929688,663.0,652.0999755859375,663.0,13649600.0
2023-05-22,648.2000122070312,648.2000122070312,658.4000244140625,648.0999755859375,653.4000244140625,10558000.0
2023-05-23,650.7999877929688,650.7999877929688,658.0,646.7999877929688,656.0,12771100.0
2023-05-24,654.7999877929688,654.7999877929688,657.7999877929688,650.7000122070312,652.4000244140625,11065400.0
2023-05-25,641.5,641.5,645.5999755859375,639.0999755859375,645.2999877929688,13370400.0
2023-05-26,628.2000122070312,628.2000122070312,638.0,624.0999755859375,636.2000122070312,15737000.0
2023-05-29,634.9000244140625,634.9000244140625,637.2000122070312,631.4000244140625,634.0,9409300.0
2023-05-30,630.7000122070312,630.7000122070312,633.7999877929688,625.0999755859375,633.7000122070312,8917600.0
2023-05-31,633.5,633.5,642.4000244140625,628.9000244140625,629.2000122070312,26973200.0
2023-06-01,642.7999877929688,642.7999877929688,645.7999877929688,628.9000244140625,629.7999877929688,9542500.0
2023-06-02,651.2000122070312,651.2000122070312,651.5,641.0,642.4000244140625,9695100.0
2023-06-05,660.7000122070312,660.7000122070312,670.5,657.0999755859375,667.9000244140625,12144100.0
2023-06-06,653.5999755859375,653.5999755859375,653.7999877929688,644.5,650.7000122070312,11443100.0
2023-06-07,644.2999877929688,644.2999877929688,662.0,644.2999877929688,662.0,15012700.0
2023-06-08,647.0,647.0,654.7000122070312,644.5,650.7000122070312,13545700.0
2023-06-09,646.5,646.5,655.5,645.2999877929688,647.0,17384800.0
2023-06-12,645.7000122070312,645.7000122070312,654.0999755859375,645.2999877929688,650.0,11566100.0
2023-06-13,647.2000122070312,647.2000122070312,649.5,641.4000244140625,643.5,15963500.0
2023-06-14,662.9000244140625,662.9000244140625,664.0,653.7000122070312,655.0,16522000.0
2023-06-15,663.0,663.0,673.5999755859375,653.5999755859375,655.7999877929688,18970600.0
