Date,Adj Close,Close,High,Low,Open,Volume
2000-01-04,446.58740234375,710.0,750.0,710.0,710.0,0
2000-01-10,446.58740234375,710.0,710.0,710.0,710.0,0
2000-01-11,440.2973937988281,700.0,700.0,700.0,700.0,1000
2000-01-12,439.6684875488281,699.0,700.0,680.0,700.0,6000
2000-01-13,421.4275512695313,670.0,680.0,670.0,680.0,6000
2000-01-14,440.2973937988281,700.0,730.0,700.0,730.0,10000
2000-01-17,440.2973937988281,700.0,700.0,700.0,700.0,3000
2000-01-18,440.2973937988281,700.0,700.0,700.0,700.0,5000
2000-01-19,428.9755859375,682.0,699.0,682.0,682.0,0
2000-01-20,429.60455322265625,683.0,730.0,683.0,683.0,0
2000-01-21,428.9755859375,682.0,706.0,682.0,682.0,0
2000-01-24,402.5577087402344,640.0,670.0,640.0,670.0,2000
2000-01-25,408.8476867675781,650.0,650.0,650.0,650.0,2000
2000-01-26,440.2973937988281,700.0,700.0,700.0,700.0,2000
2000-01-27,415.1373901367188,660.0,697.0,660.0,660.0,0
2000-01-31,415.1373901367188,660.0,698.0,660.0,660.0,0
2000-02-02,415.1373901367188,660.0,696.0,660.0,660.0,0
2000-02-03,415.1373901367188,660.0,678.0,660.0,660.0,0
2000-02-08,408.8476867675781,650.0,660.0,650.0,660.0,2000
2000-02-09,405.7026062011719,645.0,650.0,645.0,650.0,6000
2000-02-10,405.7026062011719,645.0,670.0,645.0,645.0,0
2000-02-14,439.6684875488281,699.0,727.0,699.0,727.0,9000
2000-02-15,433.3782958984375,689.0,689.0,689.0,689.0,2000
2000-02-17,403.1866760253906,641.0,689.0,641.0,641.0,0
2000-02-18,383.6876831054688,610.0,665.0,610.0,665.0,5000
2000-02-21,384.3167114257813,611.0,612.0,611.0,612.0,2000
2000-02-22,386.2037048339844,614.0,690.0,614.0,614.0,0
2000-02-24,402.5577087402344,640.0,650.0,640.0,650.0,2000
2000-02-28,408.8476867675781,650.0,650.0,640.0,640.0,2000
2000-02-29,383.6876831054688,610.0,660.0,610.0,610.0,0
2000-03-01,415.1373901367188,660.0,660.0,660.0,660.0,1000
2000-03-03,403.1866760253906,641.0,641.0,641.0,641.0,1000
2000-03-06,403.8157348632813,642.0,642.0,642.0,642.0,1000
2000-03-07,391.2357177734375,622.0,642.0,622.0,642.0,2000
2000-03-08,396.2676086425781,630.0,690.0,630.0,630.0,0
2000-03-09,402.5577087402344,640.0,640.0,640.0,640.0,2000
2000-03-10,402.5577087402344,640.0,640.0,640.0,640.0,1000
2000-03-13,405.7026062011719,645.0,645.0,642.0,642.0,3000
2000-03-14,427.7174987792969,680.0,680.0,680.0,680.0,8000
2000-03-16,405.7026062011719,645.0,679.0,645.0,645.0,0
2000-03-17,405.7026062011719,645.0,662.0,645.0,662.0,2000
2000-03-20,405.7026062011719,645.0,645.0,645.0,645.0,0
2000-03-21,402.5577087402344,640.0,650.0,640.0,640.0,0
2000-03-23,408.8476867675781,650.0,650.0,650.0,650.0,1000
2000-03-24,408.8476867675781,650.0,650.0,650.0,650.0,4000
2000-03-27,427.7174987792969,680.0,680.0,680.0,680.0,2000
2000-03-29,385.9105224609375,600.0,650.0,600.0,600.0,0
2000-03-31,386.5537414550781,601.0,601.0,601.0,601.0,0
2000-04-03,405.20599365234375,630.0,630.0,630.0,630.0,2000
2000-04-04,405.20599365234375,630.0,630.0,630.0,630.0,7000
2000-04-05,405.20599365234375,630.0,680.0,630.0,630.0,0
2000-04-07,386.5537414550781,601.0,650.0,601.0,601.0,0
2000-04-10,405.20599365234375,630.0,650.0,630.0,630.0,0
2000-04-11,405.20599365234375,630.0,630.0,630.0,630.0,1000
2000-04-12,398.7740783691406,620.0,630.0,620.0,630.0,2000
2000-04-13,405.20599365234375,630.0,630.0,621.0,621.0,3000
2000-04-14,434.7925415039063,676.0,679.0,676.0,679.0,15000
2000-04-17,434.7925415039063,676.0,676.0,676.0,676.0,0
2000-04-18,424.50140380859375,660.0,660.0,660.0,660.0,1000
2000-04-19,424.50140380859375,660.0,660.0,660.0,660.0,0
2000-04-20,399.4174499511719,621.0,659.0,621.0,659.0,6000
2000-04-21,399.4174499511719,621.0,621.0,621.0,621.0,1000
2000-04-24,398.7740783691406,620.0,621.0,620.0,621.0,3000
2000-04-26,411.637939453125,640.0,640.0,640.0,640.0,2000
2000-04-27,411.637939453125,640.0,640.0,640.0,640.0,0
2000-04-28,398.7740783691406,620.0,620.0,620.0,620.0,1000
2000-05-01,398.7740783691406,620.0,620.0,620.0,620.0,0
2000-05-02,347.31951904296875,540.0,540.0,540.0,540.0,1000
2000-05-08,347.31951904296875,540.0,550.0,540.0,550.0,7000
2000-05-09,347.31951904296875,540.0,540.0,540.0,540.0,0
2000-05-11,360.18316650390625,560.0,620.0,560.0,560.0,0
2000-05-12,379.4787292480469,590.0,680.0,590.0,590.0,0
2000-05-15,437.36529541015625,680.0,680.0,680.0,680.0,8000
2000-05-17,437.36529541015625,680.0,680.0,680.0,680.0,0
2000-05-18,427.0743408203125,664.0,664.0,664.0,664.0,1000
2000-05-19,427.0743408203125,664.0,664.0,664.0,664.0,0
2000-05-22,366.6149291992188,570.0,600.0,570.0,570.0,0
2000-05-23,347.9626770019531,541.0,585.0,541.0,541.0,0
2000-05-24,350.53533935546875,545.0,563.0,545.0,563.0,3000
2000-05-25,350.53533935546875,545.0,545.0,545.0,545.0,0
2000-05-26,408.4219970703125,635.0,635.0,615.0,615.0,3000
2000-05-29,362.7558898925781,564.0,630.0,564.0,564.0,0
2000-06-02,385.9105224609375,600.0,630.0,600.0,600.0,0
2000-06-05,385.9105224609375,600.0,635.0,600.0,600.0,0
2000-06-06,385.9105224609375,600.0,620.0,600.0,600.0,0
2000-06-07,386.5537414550781,601.0,620.0,601.0,601.0,0
2000-06-09,385.9105224609375,600.0,610.0,600.0,600.0,0
2000-06-12,389.1263732910156,605.0,610.0,605.0,605.0,0
2000-06-13,385.9105224609375,600.0,600.0,600.0,600.0,4000
2000-06-15,392.3423461914063,610.0,610.0,605.0,605.0,8000
2000-06-16,392.3423461914063,610.0,610.0,610.0,610.0,1000
2000-06-19,373.04693603515625,580.0,610.0,580.0,580.0,0
2000-06-20,373.04693603515625,580.0,595.0,580.0,580.0,0
2000-06-21,373.04693603515625,580.0,587.0,580.0,580.0,0
2000-06-28,354.3944396972656,551.0,610.0,551.0,551.0,0
2000-06-29,373.04693603515625,580.0,580.0,580.0,580.0,1000
2000-06-30,366.6149291992188,570.0,580.0,570.0,580.0,4000
2000-07-03,366.6149291992188,570.0,570.0,570.0,570.0,2000
2000-07-04,369.8308715820313,575.0,579.0,571.0,571.0,3000
2000-07-05,373.04693603515625,580.0,580.0,575.0,575.0,14000
2000-07-06,374.333251953125,582.0,650.0,582.0,582.0,0
2000-07-07,373.04693603515625,580.0,647.0,580.0,580.0,0
2000-07-10,376.2627258300781,585.0,700.0,585.0,585.0,0
2000-07-11,379.4787292480469,590.0,650.0,590.0,590.0,0
2000-07-12,385.9105224609375,600.0,600.0,600.0,600.0,1000
2000-07-13,386.5537414550781,601.0,601.0,570.0,600.0,6000
2000-07-14,396.8447265625,617.0,630.0,601.0,601.0,27000
2000-07-17,396.8447265625,617.0,617.0,617.0,617.0,3000
2000-07-19,405.20599365234375,630.0,630.0,617.0,617.0,6000
2000-07-20,405.20599365234375,630.0,630.0,630.0,630.0,0
2000-07-21,379.4787292480469,590.0,600.0,590.0,590.0,0
2000-07-24,367.25823974609375,571.0,590.0,571.0,571.0,0
2000-07-25,369.8308715820313,575.0,575.0,575.0,575.0,1000
2000-07-26,379.4787292480469,590.0,590.0,590.0,590.0,2000
2000-07-27,370.47406005859375,576.0,590.0,576.0,576.0,0
2000-07-28,367.25823974609375,571.0,583.0,571.0,583.0,6000
2000-07-31,366.6149291992188,570.0,570.0,570.0,570.0,1000
2000-08-02,353.7513427734375,550.0,571.0,550.0,550.0,0
2000-08-04,353.7513427734375,550.0,570.0,550.0,550.0,0
2000-08-09,360.18316650390625,560.0,570.0,560.0,560.0,0
2000-08-11,366.6149291992188,570.0,570.0,560.0,560.0,3000
2000-08-14,366.6149291992188,570.0,580.0,570.0,570.0,11000
2000-08-15,360.18316650390625,560.0,560.0,560.0,560.0,2000
2000-08-22,363.3991088867188,565.0,570.0,565.0,570.0,2000
2000-08-24,360.8263854980469,561.0,565.0,561.0,561.0,0
2000-08-28,366.6149291992188,570.0,570.0,561.0,561.0,2000
2000-09-04,366.6149291992188,570.0,570.0,570.0,570.0,4000
2000-09-05,360.8263854980469,561.0,570.0,561.0,561.0,0
2000-09-06,363.3991088867188,565.0,565.0,565.0,565.0,2000
2000-09-07,360.8263854980469,561.0,561.0,561.0,561.0,1000
2000-09-11,360.18316650390625,560.0,560.0,560.0,560.0,1000
2000-09-12,354.3944396972656,551.0,570.0,551.0,551.0,0
2000-09-13,356.9673156738281,555.0,555.0,555.0,555.0,1000
2000-09-14,356.9673156738281,555.0,555.0,555.0,555.0,10000
2000-09-15,356.9673156738281,555.0,555.0,555.0,555.0,0
2000-09-18,308.728515625,480.0,553.0,480.0,480.0,0
2000-09-19,331.8830871582031,516.0,553.0,516.0,516.0,0
2000-09-20,343.4603576660156,534.0,534.0,534.0,534.0,1000
2000-09-21,308.728515625,480.0,554.0,480.0,480.0,0
2000-09-22,332.5263061523437,517.0,517.0,517.0,517.0,1000
2000-09-25,332.5263061523437,517.0,554.0,517.0,517.0,0
2000-09-26,356.9673156738281,555.0,555.0,554.0,554.0,3000
2000-09-27,315.1603088378906,490.0,555.0,490.0,490.0,0
2000-10-05,322.2353210449219,501.0,555.0,501.0,501.0,0
2000-10-09,335.0989074707031,521.0,521.0,521.0,521.0,0
2000-10-10,335.0989074707031,521.0,555.0,521.0,521.0,0
2000-10-11,341.53082275390625,531.0,552.0,531.0,531.0,0
2000-10-12,335.0989074707031,521.0,552.0,521.0,521.0,0
2000-10-13,337.67169189453125,525.0,536.0,525.0,525.0,0
2000-10-16,337.67169189453125,525.0,525.0,525.0,525.0,0
2000-10-17,299.0807189941406,465.0,555.0,465.0,465.0,0
2000-10-18,328.02392578125,510.0,555.0,510.0,510.0,0
2000-10-19,342.1739501953125,532.0,555.0,532.0,532.0,0
2000-10-20,349.2489929199219,543.0,543.0,543.0,543.0,1000
2000-10-23,340.8876342773437,530.0,555.0,530.0,530.0,0
2000-10-24,344.10357666015625,535.0,542.0,535.0,535.0,0
2000-10-25,334.4558410644531,520.0,538.0,520.0,520.0,0
2000-10-26,340.2445373535156,529.0,529.0,529.0,529.0,1000
2000-10-30,340.2445373535156,529.0,529.0,529.0,529.0,0
2000-10-31,283.0010681152344,440.0,540.0,440.0,440.0,0
2000-11-01,279.7851257324219,435.0,540.0,435.0,435.0,0
2000-11-02,341.53082275390625,531.0,531.0,531.0,531.0,1000
2000-11-03,341.53082275390625,531.0,531.0,531.0,531.0,0
2000-11-06,308.728515625,480.0,540.0,480.0,480.0,0
2000-11-08,321.59210205078125,500.0,540.0,500.0,500.0,0
2000-11-09,321.59210205078125,500.0,539.0,500.0,500.0,0
2000-11-13,328.02392578125,510.0,510.0,510.0,510.0,2000
2000-11-15,328.02392578125,510.0,510.0,510.0,510.0,9000
2000-11-17,328.02392578125,510.0,510.0,510.0,510.0,1000
2000-11-21,328.02392578125,510.0,510.0,510.0,510.0,0
2000-11-22,263.70556640625,410.0,510.0,410.0,410.0,0
2000-11-23,263.70556640625,410.0,410.0,410.0,410.0,0
2000-11-24,264.3487854003906,411.0,460.0,411.0,411.0,0
2000-11-27,279.7851257324219,435.0,435.0,435.0,435.0,1000
2000-11-28,295.86474609375,460.0,460.0,460.0,460.0,1000
2000-11-29,295.86474609375,460.0,510.0,460.0,460.0,0
2000-11-30,311.9443054199219,485.0,510.0,485.0,485.0,0
2000-12-01,319.6625671386719,497.0,510.0,497.0,497.0,0
2000-12-04,323.5216979980469,503.0,510.0,503.0,503.0,0
2000-12-05,325.4512023925781,506.0,510.0,506.0,506.0,0
2000-12-06,326.73760986328125,508.0,508.0,508.0,508.0,1000
2000-12-13,295.86474609375,460.0,505.0,460.0,460.0,0
2000-12-14,310.0148010253906,482.0,505.0,482.0,482.0,0
2000-12-15,317.08984375,493.0,505.0,493.0,493.0,0
2000-12-18,320.94891357421875,499.0,505.0,499.0,499.0,0
2000-12-19,322.8785400390625,502.0,505.0,502.0,502.0,0
2000-12-20,323.5216979980469,503.0,532.0,503.0,503.0,0
2000-12-21,323.5216979980469,503.0,503.0,503.0,503.0,0
2000-12-22,332.5263061523437,517.0,532.0,517.0,517.0,0
2000-12-25,337.0285949707031,524.0,549.0,524.0,524.0,0
2000-12-26,344.7467041015625,536.0,559.0,536.0,536.0,0
2000-12-27,351.82177734375,547.0,597.0,547.0,547.0,0
2000-12-28,367.90130615234375,572.0,595.0,572.0,572.0,0
2000-12-29,374.9764404296875,583.0,583.0,583.0,583.0,1000
2001-01-04,374.9764404296875,583.0,583.0,583.0,583.0,3000
2001-01-05,374.9764404296875,583.0,583.0,583.0,583.0,2000
2001-01-09,374.9764404296875,583.0,583.0,583.0,583.0,0
2001-01-10,310.65802001953125,483.0,583.0,483.0,483.0,0
2001-01-11,289.4328308105469,450.0,583.0,450.0,450.0,0
2001-01-12,315.1603088378906,490.0,583.0,490.0,490.0,0
2001-01-15,344.7467041015625,536.0,536.0,536.0,536.0,1000
2001-01-16,344.7467041015625,536.0,550.0,536.0,536.0,0
2001-01-17,349.2489929199219,543.0,550.0,543.0,543.0,0
2001-01-18,353.7513427734375,550.0,550.0,546.0,546.0,5000
2001-01-19,353.7513427734375,550.0,550.0,550.0,550.0,2000
2001-01-22,353.7513427734375,550.0,550.0,550.0,550.0,1000
2001-01-23,353.7513427734375,550.0,600.0,550.0,550.0,0
2001-01-24,369.8308715820313,575.0,600.0,575.0,575.0,0
2001-01-25,377.54925537109375,587.0,670.0,587.0,587.0,0
2001-01-26,404.5628967285156,629.0,629.0,629.0,629.0,1000
2001-01-29,404.5628967285156,629.0,629.0,629.0,629.0,2000
2001-01-30,404.5628967285156,629.0,650.0,629.0,629.0,0
2001-01-31,410.9947204589844,639.0,639.0,639.0,639.0,5000
2001-02-02,410.9947204589844,639.0,639.0,639.0,639.0,4000
2001-02-05,385.9105224609375,600.0,639.0,600.0,600.0,0
2001-02-06,385.9105224609375,600.0,700.0,600.0,600.0,0
2001-02-07,385.9105224609375,600.0,600.0,600.0,600.0,2000
2001-02-13,385.9105224609375,600.0,600.0,600.0,600.0,0
2001-02-16,385.9105224609375,600.0,600.0,600.0,600.0,3000
2001-02-19,385.2673034667969,599.0,599.0,599.0,599.0,1000
2001-02-23,385.2673034667969,599.0,599.0,599.0,599.0,0
2001-02-26,382.0515441894531,594.0,594.0,594.0,594.0,1000
2001-02-27,340.8876342773437,530.0,594.0,530.0,530.0,0
2001-02-28,340.8876342773437,530.0,562.0,530.0,530.0,0
2001-03-01,351.1785888671875,546.0,546.0,546.0,546.0,1000
2001-03-02,351.1785888671875,546.0,594.0,546.0,546.0,0
2001-03-06,351.1785888671875,546.0,546.0,546.0,546.0,0
2001-03-07,366.6149291992188,570.0,590.0,570.0,590.0,4000
2001-03-09,366.6149291992188,570.0,570.0,570.0,570.0,0
2001-03-12,322.2353210449219,501.0,569.0,501.0,501.0,0
2001-03-14,353.7513427734375,550.0,550.0,550.0,550.0,0
2001-03-15,353.7513427734375,550.0,569.0,550.0,550.0,0
2001-03-16,359.5400085449219,559.0,569.0,559.0,559.0,0
2001-03-19,362.7558898925781,564.0,569.0,564.0,564.0,0
2001-03-20,362.7558898925781,564.0,564.0,564.0,564.0,0
2001-03-21,364.042236328125,566.0,600.0,566.0,566.0,0
2001-03-22,374.9764404296875,583.0,600.0,583.0,583.0,0
2001-03-23,380.1218872070313,591.0,600.0,591.0,591.0,0
2001-03-26,385.9105224609375,600.0,600.0,596.0,596.0,3000
2001-04-03,336.4347839355469,510.0,600.0,510.0,510.0,0
2001-04-04,336.4347839355469,510.0,555.0,510.0,510.0,0
2001-04-05,354.2460632324219,537.0,537.0,537.0,537.0,1000
2001-04-16,413.6169128417969,627.0,627.0,627.0,627.0,9000
2001-04-19,370.0783081054688,561.0,574.0,561.0,561.0,0
2001-04-20,366.7798461914063,556.0,567.0,556.0,556.0,0
2001-04-24,366.7798461914063,556.0,600.0,556.0,556.0,0
2001-04-26,362.8218383789063,550.0,550.0,550.0,550.0,2000
2001-04-27,363.48150634765625,551.0,580.0,551.0,551.0,0
2001-05-01,366.1203308105469,555.0,555.0,555.0,555.0,1000
2001-05-02,367.4396362304688,557.0,557.0,557.0,557.0,1000
2001-05-04,367.4396362304688,557.0,557.0,557.0,557.0,0
2001-05-07,368.0992126464844,558.0,589.0,558.0,558.0,0
2001-05-09,368.0992126464844,558.0,600.0,558.0,558.0,0
2001-05-10,368.0992126464844,558.0,599.0,558.0,558.0,0
2001-05-14,382.6122131347656,580.0,581.0,580.0,581.0,10000
2001-05-17,363.48150634765625,551.0,600.0,551.0,551.0,0
2001-05-18,379.3137817382813,575.0,575.0,575.0,575.0,1000
2001-05-21,385.9105224609375,585.0,585.0,585.0,585.0,1000
2001-05-22,382.6122131347656,580.0,585.0,580.0,580.0,0
2001-05-23,382.6122131347656,580.0,582.0,580.0,580.0,0
2001-05-24,382.6122131347656,580.0,580.0,580.0,580.0,3000
2001-05-25,366.1203308105469,555.0,580.0,555.0,555.0,0
2001-05-28,389.2090148925781,590.0,600.0,590.0,600.0,3000
2001-06-01,382.6122131347656,580.0,595.0,580.0,580.0,0
2001-06-06,382.6122131347656,580.0,600.0,580.0,580.0,0
2001-06-13,383.2718505859375,581.0,600.0,581.0,581.0,0
2001-06-14,392.5072326660156,595.0,595.0,595.0,595.0,11000
2001-06-18,377.334716796875,572.0,595.0,572.0,572.0,0
2001-06-19,384.5912170410156,583.0,595.0,583.0,583.0,0
2001-06-20,388.54925537109375,589.0,595.0,589.0,589.0,0
2001-06-21,390.5282897949219,592.0,592.0,592.0,592.0,1000
2001-06-22,366.1203308105469,555.0,590.0,555.0,555.0,0
2001-06-25,377.334716796875,572.0,572.0,572.0,572.0,1000
2001-06-26,384.5912170410156,583.0,583.0,583.0,583.0,2000
2001-06-27,384.5912170410156,583.0,583.0,583.0,583.0,4000
2001-07-05,376.6750793457031,571.0,590.0,571.0,571.0,0
2001-07-10,362.8218383789063,550.0,590.0,550.0,550.0,0
2001-07-11,382.6122131347656,580.0,590.0,580.0,580.0,0
2001-07-12,376.0153503417969,570.0,580.0,570.0,580.0,2000
2001-07-13,382.6122131347656,580.0,587.0,580.0,580.0,0
2001-07-16,395.8056640625,600.0,600.0,600.0,600.0,20000
2001-07-17,379.3137817382813,575.0,595.0,575.0,575.0,0
2001-07-18,379.3137817382813,575.0,585.0,575.0,585.0,2000
2001-07-23,363.48150634765625,551.0,573.0,551.0,551.0,0
2001-07-25,371.3976745605469,563.0,580.0,563.0,563.0,0
2001-07-26,392.5072326660156,595.0,595.0,580.0,580.0,2000
2001-07-27,372.0573425292969,564.0,600.0,564.0,564.0,0
2001-07-30,403.7218017578125,612.0,612.0,612.0,612.0,2000
2001-08-01,402.4024353027344,610.0,610.0,610.0,610.0,5000
2001-08-02,372.717041015625,565.0,610.0,565.0,565.0,0
2001-08-03,373.376708984375,566.0,610.0,566.0,566.0,0
2001-08-06,381.2928161621094,578.0,578.0,578.0,578.0,1000
2001-08-07,376.0153503417969,570.0,610.0,570.0,570.0,0
2001-08-14,391.84765625,594.0,594.0,594.0,594.0,9000
2001-08-16,381.2928161621094,578.0,610.0,578.0,578.0,0
2001-08-17,391.84765625,594.0,594.0,594.0,594.0,1000
2001-08-20,369.418701171875,560.0,600.0,560.0,560.0,0
2001-08-22,369.418701171875,560.0,570.0,560.0,560.0,0
2001-08-27,395.8056640625,600.0,600.0,600.0,600.0,2000
2001-08-31,376.0153503417969,570.0,598.0,570.0,570.0,0
2001-09-03,376.0153503417969,570.0,570.0,570.0,570.0,2000
2001-09-04,310.0477600097656,470.0,595.0,470.0,470.0,0
2001-09-10,329.8379821777344,500.0,595.0,500.0,500.0,0
2001-09-11,294.8752136230469,447.0,595.0,447.0,447.0,0
2001-09-12,347.6492614746094,527.0,595.0,527.0,527.0,0
2001-09-13,383.9315185546875,582.0,595.0,582.0,582.0,0
2001-09-14,395.8056640625,600.0,600.0,600.0,600.0,9000
2001-09-17,395.8056640625,600.0,600.0,600.0,600.0,0
2001-09-19,392.5072326660156,595.0,595.0,595.0,595.0,0
2001-09-26,395.8056640625,600.0,600.0,600.0,600.0,1000
2001-09-27,362.8218383789063,550.0,585.0,550.0,550.0,0
2001-10-02,349.6283874511719,530.0,530.0,530.0,530.0,1000
2001-10-03,350.9476318359375,532.0,630.0,532.0,532.0,0
2001-10-04,356.2250671386719,540.0,581.0,540.0,540.0,0
2001-10-05,362.8218383789063,550.0,550.0,550.0,550.0,1000
2001-10-09,350.2880249023437,531.0,600.0,531.0,531.0,0
2001-10-10,351.6073608398437,533.0,585.0,533.0,533.0,0
2001-10-11,349.6283874511719,530.0,589.0,530.0,530.0,0
2001-10-12,395.8056640625,600.0,600.0,582.0,582.0,2000
2001-10-15,422.1927185058594,640.0,640.0,640.0,640.0,8000
2001-10-17,422.1927185058594,640.0,640.0,640.0,640.0,0
2001-10-18,414.9363403320313,629.0,629.0,629.0,629.0,1000
2001-10-19,414.9363403320313,629.0,629.0,629.0,629.0,0
2001-10-22,362.8218383789063,550.0,629.0,550.0,550.0,0
2001-10-23,369.418701171875,560.0,589.0,560.0,560.0,0
2001-10-24,378.6541137695313,574.0,574.0,574.0,574.0,1000
2001-10-25,376.0153503417969,570.0,640.0,570.0,570.0,0
2001-10-26,422.1927185058594,640.0,640.0,640.0,640.0,1000
2001-11-06,376.6750793457031,571.0,628.0,571.0,571.0,0
2001-11-07,376.0153503417969,570.0,628.0,570.0,570.0,0
2001-11-08,376.0153503417969,570.0,620.0,570.0,570.0,0
2001-11-09,376.0153503417969,570.0,570.0,570.0,570.0,0
2001-11-12,408.3395385742188,619.0,619.0,619.0,619.0,1000
2001-11-13,408.9990539550781,620.0,620.0,620.0,620.0,3000
2001-11-14,398.4442443847656,604.0,604.0,604.0,604.0,9000
2001-11-15,369.418701171875,560.0,590.0,560.0,560.0,0
2001-11-16,370.0783081054688,561.0,580.0,561.0,561.0,0
2001-11-19,369.418701171875,560.0,560.0,560.0,560.0,1000
2001-11-20,372.717041015625,565.0,565.0,565.0,565.0,1000
2001-11-21,369.418701171875,560.0,560.0,560.0,560.0,3000
2001-11-26,369.418701171875,560.0,560.0,560.0,560.0,0
2001-11-29,370.0783081054688,561.0,600.0,561.0,561.0,0
2001-11-30,370.0783081054688,561.0,561.0,561.0,561.0,1000
2001-12-03,304.11065673828125,461.0,561.0,461.0,461.0,0
2001-12-05,303.4510192871094,460.0,561.0,460.0,460.0,0
2001-12-06,340.3929138183594,516.0,561.0,516.0,516.0,0
2001-12-07,370.7379455566406,562.0,562.0,562.0,562.0,1000
2001-12-10,371.3976745605469,563.0,600.0,563.0,563.0,0
2001-12-11,371.3976745605469,563.0,681.0,563.0,563.0,0
2001-12-12,370.7379455566406,562.0,609.0,562.0,562.0,0
2001-12-13,395.1459045410156,599.0,600.0,597.0,597.0,4000
2001-12-14,393.1669921875,596.0,596.0,596.0,596.0,9000
2001-12-17,393.1669921875,596.0,596.0,596.0,596.0,0
2001-12-18,362.8218383789063,550.0,595.0,550.0,550.0,0
2001-12-19,392.5072326660156,595.0,595.0,595.0,595.0,1000
2001-12-20,391.84765625,594.0,594.0,594.0,594.0,3000
2001-12-21,363.48150634765625,551.0,595.0,551.0,551.0,0
2001-12-25,363.48150634765625,551.0,551.0,551.0,551.0,0
2001-12-26,389.8685607910156,591.0,591.0,591.0,591.0,2000
2001-12-28,366.7798461914063,556.0,580.0,556.0,556.0,0
2002-01-03,366.7798461914063,556.0,556.0,556.0,556.0,0
2002-01-04,369.418701171875,560.0,580.0,560.0,560.0,0
2002-01-08,382.6122131347656,580.0,580.0,580.0,580.0,1000
2002-01-09,379.3137817382813,575.0,599.0,575.0,575.0,0
2002-01-10,385.9105224609375,585.0,599.0,585.0,585.0,0
2002-01-11,389.2090148925781,590.0,590.0,590.0,590.0,1000
2002-01-14,389.2090148925781,590.0,590.0,590.0,590.0,0
2002-01-15,428.1297607421875,649.0,649.0,649.0,649.0,9000
2002-01-17,356.2250671386719,540.0,540.0,540.0,540.0,5000
2002-01-18,360.18316650390625,546.0,640.0,546.0,546.0,0
2002-01-22,360.18316650390625,546.0,546.0,546.0,546.0,0
2002-01-23,395.8056640625,600.0,620.0,600.0,600.0,0
2002-01-25,356.2250671386719,540.0,600.0,540.0,540.0,0
2002-01-28,413.6169128417969,627.0,627.0,627.0,627.0,1000
2002-01-29,356.8848571777344,541.0,620.0,541.0,541.0,0
2002-02-01,362.8218383789063,550.0,600.0,550.0,550.0,0
2002-02-06,362.8218383789063,550.0,640.0,550.0,550.0,0
2002-02-08,362.8218383789063,550.0,630.0,550.0,550.0,0
2002-02-11,362.8218383789063,550.0,550.0,550.0,550.0,0
2002-02-12,399.7637634277344,606.0,640.0,606.0,606.0,0
2002-02-13,397.78466796875,603.0,603.0,603.0,603.0,1000
2002-02-14,437.3652038574219,663.0,663.0,663.0,663.0,8000
2002-02-15,437.3652038574219,663.0,663.0,663.0,663.0,0
2002-02-18,371.3976745605469,563.0,620.0,563.0,563.0,0
2002-02-19,363.48150634765625,551.0,620.0,551.0,551.0,0
2002-02-22,362.8218383789063,550.0,620.0,550.0,550.0,0
2002-02-25,376.0153503417969,570.0,663.0,570.0,570.0,0
2002-02-26,428.7895202636719,650.0,650.0,650.0,650.0,2000
2002-02-28,376.0153503417969,570.0,630.0,570.0,570.0,0
2002-03-01,395.8056640625,600.0,630.0,600.0,600.0,0
2002-03-04,402.4024353027344,610.0,610.0,610.0,610.0,1000
2002-03-05,385.9105224609375,585.0,620.0,585.0,585.0,0
2002-03-06,408.9990539550781,620.0,620.0,620.0,620.0,1000
2002-03-07,385.9105224609375,585.0,690.0,585.0,585.0,0
2002-03-08,415.595947265625,630.0,650.0,630.0,630.0,0
2002-03-11,428.7895202636719,650.0,650.0,640.0,640.0,2000
2002-03-12,426.1507873535156,646.0,680.0,646.0,646.0,0
2002-03-13,430.1087951660156,652.0,680.0,652.0,652.0,0
2002-03-14,472.32806396484375,716.0,716.0,716.0,716.0,7000
2002-03-21,472.32806396484375,716.0,716.0,716.0,716.0,0
2002-03-22,472.32806396484375,716.0,716.0,716.0,716.0,2000
2002-03-25,428.7895202636719,650.0,650.0,650.0,650.0,1000
2002-04-01,423.387451171875,627.0,627.0,627.0,627.0,1000
2002-04-04,438.9184875488281,650.0,651.0,650.0,651.0,2000
2002-04-05,433.516357421875,642.0,700.0,642.0,642.0,0
2002-04-08,438.9184875488281,650.0,699.0,650.0,650.0,0
2002-04-09,440.26898193359375,652.0,652.0,652.0,652.0,1000
2002-04-10,439.59368896484375,651.0,651.0,651.0,651.0,1000
2002-04-11,433.516357421875,642.0,689.0,642.0,642.0,0
2002-04-12,441.619384765625,654.0,695.0,654.0,654.0,0
2002-04-15,495.6401977539063,734.0,734.0,704.0,704.0,8000
2002-04-16,428.1142272949219,634.0,700.0,634.0,634.0,0
2002-04-17,382.871826171875,567.0,700.0,567.0,567.0,0
2002-04-25,384.8975524902344,570.0,700.0,570.0,570.0,0
2002-04-26,428.7894592285156,635.0,635.0,635.0,635.0,1000
2002-04-30,430.1400146484375,637.0,650.0,637.0,637.0,0
2002-05-01,438.9184875488281,650.0,650.0,650.0,650.0,2000
2002-05-07,432.1658020019531,640.0,640.0,640.0,640.0,0
2002-05-08,438.9184875488281,650.0,740.0,650.0,650.0,0
2002-05-10,436.89263916015625,647.0,695.0,647.0,647.0,0
2002-05-13,455.79974365234375,675.0,720.0,675.0,675.0,0
2002-05-14,459.1761779785156,680.0,707.0,680.0,707.0,8000
2002-05-15,391.6502990722656,580.0,710.0,580.0,580.0,0
2002-05-20,438.9184875488281,650.0,650.0,650.0,650.0,0
2002-05-21,465.9287414550781,690.0,710.0,690.0,690.0,0
2002-05-22,405.1554260253906,600.0,710.0,600.0,600.0,0
2002-05-23,405.83056640625,601.0,700.0,601.0,601.0,0
2002-05-24,405.1554260253906,600.0,700.0,600.0,600.0,0
2002-05-27,465.9287414550781,690.0,690.0,690.0,690.0,2000
2002-05-28,472.6813659667969,700.0,700.0,690.0,690.0,5000
2002-05-29,472.6813659667969,700.0,700.0,700.0,700.0,1000
2002-05-30,438.9184875488281,650.0,700.0,650.0,650.0,0
2002-05-31,438.9184875488281,650.0,710.0,650.0,650.0,0
2002-06-04,438.9184875488281,650.0,720.0,650.0,650.0,0
2002-06-06,459.1761779785156,680.0,681.0,680.0,681.0,3000
2002-06-07,459.1761779785156,680.0,680.0,680.0,680.0,1000
2002-06-10,391.6502990722656,580.0,699.0,580.0,580.0,0
2002-06-12,446.3462219238281,661.0,661.0,661.0,661.0,1000
2002-06-13,446.3462219238281,661.0,663.0,661.0,663.0,6000
2002-06-14,446.3462219238281,661.0,661.0,661.0,661.0,8000
2002-06-17,446.3462219238281,661.0,661.0,661.0,661.0,0
2002-06-18,378.82037353515625,561.0,720.0,561.0,561.0,0
2002-06-19,379.4955749511719,562.0,670.0,562.0,562.0,0
2002-06-20,379.4955749511719,562.0,710.0,562.0,562.0,0
2002-06-21,378.82037353515625,561.0,710.0,561.0,561.0,0
2002-06-25,361.26361083984375,535.0,635.0,535.0,535.0,0
2002-06-26,403.129638671875,597.0,635.0,597.0,597.0,0
2002-06-28,371.3924560546875,550.0,635.0,550.0,550.0,0
2002-07-01,411.9080200195313,610.0,610.0,599.0,599.0,4000
2002-07-02,405.1554260253906,600.0,600.0,600.0,600.0,4000
2002-07-03,405.1554260253906,600.0,600.0,599.0,599.0,6000
2002-07-04,398.4028625488281,590.0,599.0,590.0,590.0,0
2002-07-05,401.1039733886719,594.0,594.0,594.0,594.0,2000
2002-07-08,402.4543762207031,596.0,661.0,596.0,596.0,0
2002-07-09,405.1554260253906,600.0,661.0,600.0,600.0,0
2002-07-10,405.83056640625,601.0,628.0,601.0,601.0,0
2002-07-11,398.4028625488281,590.0,600.0,590.0,590.0,11000
2002-07-12,398.4028625488281,590.0,590.0,590.0,590.0,5000
2002-07-15,438.2429809570313,649.0,649.0,649.0,649.0,20000
2002-07-16,398.4028625488281,590.0,640.0,590.0,590.0,0
2002-07-17,398.4028625488281,590.0,639.0,590.0,590.0,0
2002-07-18,398.4028625488281,590.0,590.0,590.0,590.0,4000
2002-07-19,398.4028625488281,590.0,610.0,590.0,610.0,6000
2002-07-22,438.2429809570313,649.0,649.0,649.0,649.0,1000
2002-07-23,437.56787109375,648.0,648.0,648.0,648.0,2000
2002-07-24,399.078125,591.0,640.0,591.0,591.0,0
2002-07-25,399.7533874511719,592.0,639.0,592.0,592.0,0
2002-07-30,399.078125,591.0,639.0,591.0,591.0,0
2002-07-31,405.1554260253906,600.0,615.0,600.0,600.0,0
2002-08-01,406.5058898925781,602.0,602.0,602.0,602.0,1000
2002-08-02,407.1812133789063,603.0,603.0,603.0,603.0,1000
2002-08-05,405.1554260253906,600.0,639.0,600.0,600.0,0
2002-08-06,405.1554260253906,600.0,629.0,600.0,600.0,0
2002-08-07,405.1554260253906,600.0,624.0,600.0,600.0,0
2002-08-08,405.83056640625,601.0,622.0,601.0,601.0,0
2002-08-09,408.5317993164063,605.0,621.0,605.0,605.0,0
2002-08-12,420.6864013671875,623.0,623.0,623.0,623.0,1000
2002-08-13,420.6864013671875,623.0,623.0,623.0,623.0,0
2002-08-14,462.5524291992188,685.0,685.0,685.0,685.0,8000
2002-08-15,425.4131774902344,630.0,649.0,630.0,630.0,0
2002-08-21,405.1554260253906,600.0,649.0,600.0,600.0,0
2002-08-22,407.85638427734375,604.0,604.0,604.0,604.0,1000
2002-08-23,407.85638427734375,604.0,604.0,604.0,604.0,0
2002-08-26,433.516357421875,642.0,642.0,642.0,642.0,1000
2002-08-27,408.5317993164063,605.0,642.0,605.0,605.0,0
2002-08-28,418.6605529785156,620.0,624.0,620.0,620.0,0
2002-08-29,407.1812133789063,603.0,603.0,602.0,602.0,4000
2002-08-30,405.1554260253906,600.0,630.0,600.0,600.0,0
2002-09-10,405.1554260253906,600.0,650.0,600.0,600.0,0
2002-09-11,406.5058898925781,602.0,640.0,602.0,602.0,0
2002-09-12,432.1658020019531,640.0,640.0,640.0,640.0,1000
2002-09-13,418.6605529785156,620.0,639.0,620.0,620.0,0
2002-09-16,418.6605529785156,620.0,620.0,620.0,620.0,0
2002-09-17,438.9184875488281,650.0,650.0,650.0,650.0,8000
2002-09-19,405.83056640625,601.0,650.0,601.0,601.0,0
2002-09-20,405.1554260253906,600.0,600.0,600.0,600.0,2000
2002-09-23,405.1554260253906,600.0,600.0,600.0,600.0,0
2002-09-24,405.83056640625,601.0,601.0,601.0,601.0,1000
2002-09-25,406.5058898925781,602.0,602.0,602.0,602.0,2000
2002-09-26,438.9184875488281,650.0,650.0,650.0,650.0,1000
2002-09-27,406.5058898925781,602.0,649.0,602.0,602.0,0
2002-09-30,406.5058898925781,602.0,648.0,602.0,602.0,0
2002-10-01,406.5058898925781,602.0,647.0,602.0,602.0,0
2002-10-02,407.1812133789063,603.0,650.0,603.0,603.0,0
2002-10-03,407.1812133789063,603.0,647.0,603.0,603.0,0
2002-10-04,407.1812133789063,603.0,646.0,603.0,603.0,0
2002-10-10,405.83056640625,601.0,646.0,601.0,601.0,0
2002-10-11,428.7894592285156,635.0,646.0,635.0,635.0,0
2002-10-14,428.7894592285156,635.0,635.0,635.0,635.0,0
2002-10-15,438.2429809570313,649.0,650.0,649.0,650.0,9000
2002-10-16,405.1554260253906,600.0,645.0,600.0,600.0,0
2002-10-17,405.1554260253906,600.0,640.0,600.0,600.0,0
2002-10-18,405.83056640625,601.0,602.0,600.0,600.0,5000
2002-10-21,338.3048400878906,501.0,640.0,501.0,501.0,0
2002-10-23,384.8975524902344,570.0,639.0,570.0,570.0,0
2002-10-29,405.1554260253906,600.0,600.0,600.0,600.0,6000
2002-10-30,368.0161437988281,545.0,600.0,545.0,545.0,0
2002-11-04,364.6398620605469,540.0,540.0,540.0,540.0,0
2002-11-05,379.4955749511719,562.0,600.0,562.0,562.0,0
2002-11-11,364.6398620605469,540.0,600.0,540.0,540.0,0
2002-11-12,384.8975524902344,570.0,571.0,570.0,571.0,2000
2002-11-13,392.3255615234375,581.0,598.0,581.0,581.0,0
2002-11-20,391.6502990722656,580.0,590.0,580.0,580.0,0
2002-11-22,324.124267578125,480.0,590.0,480.0,480.0,0
2002-11-25,293.7376708984375,435.0,580.0,435.0,435.0,0
2002-11-26,385.5729064941406,571.0,571.0,571.0,571.0,1000
2002-12-02,378.1450805664063,560.0,560.0,560.0,560.0,0
2002-12-04,378.1450805664063,560.0,600.0,560.0,560.0,0
2002-12-05,378.1450805664063,560.0,599.0,560.0,560.0,0
2002-12-06,380.8460693359375,564.0,590.0,564.0,564.0,0
2002-12-09,384.8975524902344,570.0,590.0,570.0,570.0,0
2002-12-11,393.6759948730469,583.0,583.0,582.0,582.0,3000
2002-12-12,393.000732421875,582.0,590.0,582.0,582.0,0
2002-12-13,393.6759948730469,583.0,583.0,583.0,583.0,1000
2002-12-16,397.72760009765625,589.0,589.0,589.0,589.0,8000
2002-12-18,393.000732421875,582.0,589.0,582.0,582.0,0
2002-12-19,393.000732421875,582.0,582.0,582.0,582.0,2000
2002-12-23,395.0265502929688,585.0,585.0,585.0,585.0,0
2002-12-24,357.8873291015625,530.0,531.0,530.0,531.0,2000
2002-12-25,357.8873291015625,530.0,530.0,530.0,530.0,1000
2002-12-27,324.124267578125,480.0,589.0,480.0,480.0,0
2002-12-30,354.5109558105469,525.0,525.0,525.0,525.0,2000
2003-01-03,354.5109558105469,525.0,525.0,525.0,525.0,0
2003-01-06,358.5625915527344,531.0,589.0,531.0,531.0,0
2003-01-07,357.8873291015625,530.0,589.0,530.0,530.0,0
2003-01-08,359.9130554199219,533.0,589.0,533.0,533.0,0
2003-01-13,391.6502990722656,580.0,580.0,580.0,580.0,0
2003-01-14,405.1554260253906,600.0,600.0,600.0,600.0,9000
2003-01-29,384.8975524902344,570.0,599.0,570.0,570.0,0
2003-01-30,388.27392578125,575.0,575.0,575.0,575.0,1000
2003-01-31,385.5729064941406,571.0,595.0,571.0,571.0,0
2003-02-03,385.5729064941406,571.0,593.0,571.0,571.0,0
2003-02-04,384.8975524902344,570.0,600.0,570.0,570.0,0
2003-02-05,395.0265502929688,585.0,595.0,585.0,595.0,2000
2003-02-06,337.6295471191406,500.0,580.0,500.0,500.0,0
2003-02-07,365.9903259277344,542.0,542.0,541.0,541.0,6000
2003-02-10,381.5213012695313,565.0,600.0,565.0,565.0,0
2003-02-11,381.5213012695313,565.0,565.0,565.0,565.0,0
2003-02-12,393.000732421875,582.0,582.0,582.0,582.0,1000
2003-02-13,386.2481384277344,572.0,572.0,572.0,572.0,1000
2003-02-14,390.2997131347656,578.0,579.0,578.0,579.0,9000
2003-02-17,390.2997131347656,578.0,578.0,578.0,578.0,1000
2003-02-18,390.9750061035156,579.0,579.0,579.0,579.0,1000
2003-02-19,378.82037353515625,561.0,600.0,561.0,561.0,0
2003-02-20,380.8460693359375,564.0,564.0,564.0,564.0,1000
2003-02-21,382.1966857910156,566.0,566.0,566.0,566.0,1000
2003-02-24,391.6502990722656,580.0,580.0,580.0,580.0,1000
2003-02-25,391.6502990722656,580.0,580.0,580.0,580.0,2000
2003-02-26,405.1554260253906,600.0,600.0,590.0,600.0,5000
2003-02-27,403.804931640625,598.0,598.0,598.0,598.0,1000
2003-02-28,391.6502990722656,580.0,595.0,580.0,580.0,0
2003-03-06,391.6502990722656,580.0,600.0,580.0,580.0,0
2003-03-07,395.0265502929688,585.0,585.0,585.0,585.0,2000
2003-03-10,395.0265502929688,585.0,585.0,585.0,585.0,1000
2003-03-11,395.0265502929688,585.0,586.0,585.0,586.0,2000
2003-03-12,398.4028625488281,590.0,590.0,588.0,588.0,2000
2003-03-13,403.129638671875,597.0,597.0,591.0,593.0,3000
2003-03-14,408.5317993164063,605.0,605.0,605.0,605.0,9000
2003-03-17,408.5317993164063,605.0,605.0,605.0,605.0,1000
2003-03-18,378.82037353515625,561.0,561.0,561.0,561.0,1000
2003-03-21,378.82037353515625,561.0,561.0,561.0,561.0,0
2003-03-24,395.7017211914063,586.0,586.0,586.0,586.0,2000
2003-03-25,405.1554260253906,600.0,600.0,600.0,600.0,1000
2003-03-26,412.08111572265625,595.0,595.0,595.0,595.0,1000
2003-03-27,387.8410949707031,560.0,660.0,560.0,560.0,0
2003-03-28,387.8410949707031,560.0,640.0,560.0,560.0,0
2003-04-02,388.5337219238281,561.0,630.0,561.0,561.0,0
2003-04-03,391.3038940429688,565.0,630.0,565.0,565.0,0
2003-04-08,398.2296447753906,575.0,575.0,575.0,575.0,2000
2003-04-09,405.1554260253906,585.0,585.0,585.0,585.0,1000
2003-04-10,410.0034790039063,592.0,610.0,592.0,592.0,0
2003-04-11,422.4697570800781,610.0,610.0,610.0,610.0,1000
2003-04-15,381.6079406738281,551.0,600.0,551.0,551.0,0
2003-04-17,392.6890563964844,567.0,600.0,567.0,567.0,0
2003-04-18,387.8410949707031,560.0,600.0,560.0,560.0,0
2003-04-21,402.38519287109375,581.0,600.0,581.0,581.0,0
2003-04-22,402.38519287109375,581.0,590.0,581.0,581.0,0
2003-04-24,403.0776672363281,582.0,600.0,582.0,582.0,0
2003-04-28,401.0,579.0,579.0,579.0,579.0,3000
2003-05-01,401.0,579.0,579.0,579.0,579.0,1000
2003-05-05,401.0,579.0,579.0,579.0,579.0,0
2003-05-12,405.1554260253906,585.0,595.0,585.0,585.0,0
2003-05-13,405.847900390625,586.0,586.0,586.0,586.0,3000
2003-05-14,415.54400634765625,600.0,600.0,600.0,600.0,8000
2003-05-19,384.3782653808594,555.0,600.0,555.0,555.0,0
2003-05-20,380.9153442382813,550.0,600.0,550.0,550.0,0
2003-05-23,398.2296447753906,575.0,600.0,575.0,575.0,0
2003-05-26,406.5406799316406,587.0,587.0,587.0,587.0,1000
2003-05-30,411.388671875,594.0,600.0,594.0,594.0,0
2003-06-02,382.3005676269531,552.0,600.0,552.0,552.0,0
2003-06-03,398.9222106933594,576.0,600.0,576.0,576.0,0
2003-06-04,401.0,579.0,600.0,579.0,579.0,0
2003-06-10,406.5406799316406,587.0,600.0,587.0,587.0,0
2003-06-13,403.7702331542969,583.0,600.0,583.0,583.0,0
2003-06-16,419.0069580078125,605.0,605.0,605.0,605.0,9000
2003-06-17,391.3038940429688,565.0,600.0,565.0,565.0,0
2003-06-18,401.6925964355469,580.0,600.0,580.0,580.0,0
2003-06-19,408.6183166503906,590.0,600.0,590.0,590.0,0
2003-06-20,401.6925964355469,580.0,580.0,580.0,580.0,1000
2003-06-23,405.1554260253906,585.0,600.0,585.0,585.0,0
2003-06-24,414.1589050292969,598.0,598.0,598.0,598.0,1000
2003-07-01,415.54400634765625,600.0,600.0,600.0,600.0,2000
2003-07-02,415.54400634765625,600.0,600.0,600.0,600.0,4000
2003-07-03,419.0069580078125,605.0,605.0,601.0,601.0,3000
2003-07-04,419.0069580078125,605.0,605.0,605.0,605.0,1000
2003-07-07,419.6994323730469,606.0,607.0,606.0,607.0,2000
2003-07-08,380.9153442382813,550.0,606.0,550.0,550.0,0
2003-07-10,419.6994323730469,606.0,606.0,606.0,606.0,1000
2003-07-11,428.01019287109375,618.0,650.0,618.0,618.0,0
2003-07-14,414.8513793945313,599.0,599.0,599.0,599.0,9000
2003-07-15,415.54400634765625,600.0,600.0,600.0,600.0,1000
2003-07-17,408.6183166503906,590.0,590.0,590.0,590.0,2000
2003-07-18,408.6183166503906,590.0,590.0,590.0,590.0,1000
2003-07-21,408.6183166503906,590.0,590.0,590.0,590.0,0
2003-07-22,395.4593811035156,571.0,590.0,571.0,590.0,2000
2003-07-23,401.6925964355469,580.0,590.0,580.0,580.0,0
2003-07-24,408.6183166503906,590.0,590.0,590.0,590.0,5000
2003-07-25,401.6925964355469,580.0,650.0,580.0,580.0,0
2003-07-28,432.8582153320313,625.0,625.0,625.0,625.0,1000
2003-07-29,402.38519287109375,581.0,619.0,581.0,581.0,0
2003-07-30,429.3954162597656,620.0,620.0,620.0,620.0,6000
2003-07-31,405.1554260253906,585.0,620.0,585.0,585.0,0
2003-08-01,409.3108825683594,591.0,620.0,591.0,591.0,0
2003-08-04,412.08111572265625,595.0,650.0,595.0,595.0,0
2003-08-05,416.2364807128906,601.0,650.0,601.0,601.0,0
2003-08-07,415.54400634765625,600.0,650.0,600.0,600.0,0
2003-08-08,420.3920593261719,607.0,607.0,607.0,607.0,2000
2003-08-11,429.3954162597656,620.0,660.0,620.0,620.0,0
2003-08-12,415.54400634765625,600.0,700.0,600.0,600.0,0
2003-08-14,506.2712097167969,731.0,731.0,731.0,731.0,12000
2003-08-15,556.8289184570312,804.0,804.0,804.0,804.0,7000
2003-08-18,487.5715942382813,704.0,800.0,704.0,704.0,0
2003-08-19,451.5579223632813,652.0,790.0,652.0,652.0,0
2003-08-20,430.0880126953125,621.0,790.0,621.0,621.0,0
2003-08-22,419.0069580078125,605.0,790.0,605.0,605.0,0
2003-08-25,413.4662780761719,597.0,700.0,597.0,597.0,0
2003-08-28,432.8582153320313,625.0,700.0,625.0,625.0,0
2003-08-29,451.5579223632813,652.0,700.0,652.0,652.0,0
2003-09-02,468.179443359375,676.0,676.0,676.0,676.0,0
2003-09-05,436.3211975097656,630.0,700.0,630.0,630.0,0
2003-09-08,437.01373291015625,631.0,700.0,631.0,631.0,0
2003-09-09,485.4939270019531,701.0,701.0,701.0,701.0,2000
2003-09-10,494.497314453125,714.0,714.0,714.0,714.0,3000
2003-09-11,498.6528930664063,720.0,720.0,720.0,720.0,1000
2003-09-12,499.3455200195313,721.0,800.0,721.0,721.0,0
2003-09-15,499.3455200195313,721.0,721.0,721.0,721.0,0
2003-09-16,533.2815551757812,770.0,770.0,770.0,770.0,6000
2003-09-17,519.4300537109375,750.0,750.0,750.0,750.0,1000
2003-09-18,450.17279052734375,650.0,780.0,650.0,650.0,0
2003-09-19,450.86529541015625,651.0,780.0,651.0,651.0,0
2003-09-22,425.9326477050781,615.0,615.0,615.0,615.0,10000
2003-09-23,425.9326477050781,615.0,615.0,615.0,615.0,0
2003-09-24,436.3211975097656,630.0,715.0,630.0,630.0,0
2003-09-25,442.5543212890625,639.0,772.0,639.0,639.0,0
2003-09-26,488.2641906738281,705.0,705.0,705.0,705.0,1000
2003-09-29,450.17279052734375,650.0,800.0,650.0,650.0,0
2003-09-30,432.8582153320313,625.0,800.0,625.0,625.0,0
2003-10-01,450.86529541015625,651.0,712.0,651.0,651.0,0
2003-10-02,471.6424865722656,681.0,681.0,681.0,681.0,1000
2003-10-03,457.7909851074219,661.0,750.0,661.0,661.0,0
2003-10-06,457.0983276367188,660.0,800.0,660.0,660.0,0
2003-10-07,484.8013916015625,700.0,710.0,700.0,710.0,2000
2003-10-08,477.1828918457031,689.0,710.0,689.0,689.0,0
2003-10-09,470.9499206542969,680.0,750.0,680.0,680.0,0
2003-10-10,488.2641906738281,705.0,750.0,705.0,705.0,0
2003-10-13,488.2641906738281,705.0,705.0,705.0,705.0,0
2003-10-14,489.6493225097656,707.0,707.0,707.0,707.0,7000
2003-10-15,434.9360656738281,628.0,707.0,628.0,628.0,0
2003-10-16,465.4093322753906,672.0,706.0,672.0,672.0,0
2003-10-17,488.9566955566406,706.0,706.0,706.0,706.0,1000
2003-10-20,461.2540283203125,666.0,686.0,666.0,686.0,3000
2003-10-21,467.4869079589844,675.0,675.0,675.0,675.0,1000
2003-10-22,467.4869079589844,675.0,706.0,675.0,675.0,0
2003-10-23,462.6390075683594,668.0,706.0,668.0,668.0,0
2003-10-27,470.25732421875,679.0,679.0,679.0,679.0,1000
2003-10-28,457.0983276367188,660.0,700.0,660.0,660.0,0
2003-10-29,477.8756103515625,690.0,690.0,690.0,690.0,1000
2003-10-30,464.0240173339844,670.0,700.0,670.0,670.0,0
2003-10-31,485.4939270019531,701.0,701.0,701.0,701.0,1000
2003-11-03,485.4939270019531,701.0,701.0,701.0,701.0,0
2003-11-04,484.8013916015625,700.0,700.0,700.0,700.0,2000
2003-11-05,484.8013916015625,700.0,700.0,700.0,700.0,1000
2003-11-06,478.5682067871094,691.0,720.0,691.0,691.0,0
2003-11-07,432.8582153320313,625.0,720.0,625.0,625.0,0
2003-11-10,482.0311279296875,696.0,760.0,696.0,696.0,0
2003-11-11,470.9499206542969,680.0,728.0,680.0,680.0,0
2003-11-12,487.5715942382813,704.0,720.0,704.0,704.0,0
2003-11-13,488.9566955566406,706.0,746.0,706.0,706.0,0
2003-11-14,516.6597900390625,746.0,746.0,746.0,746.0,7000
2003-11-17,464.0240173339844,670.0,750.0,670.0,670.0,0
2003-11-21,464.0240173339844,670.0,800.0,670.0,670.0,0
2003-11-25,464.0240173339844,670.0,670.0,670.0,670.0,0
2003-11-26,522.8929443359375,755.0,755.0,755.0,755.0,2000
2003-11-27,470.9499206542969,680.0,755.0,680.0,680.0,0
2003-11-28,475.7978210449219,687.0,755.0,687.0,687.0,0
2003-12-01,484.8013916015625,700.0,755.0,700.0,700.0,0
2003-12-02,484.8013916015625,700.0,770.0,700.0,700.0,0
2003-12-03,484.8013916015625,700.0,777.0,700.0,700.0,0
2003-12-04,490.3419494628906,708.0,755.0,708.0,708.0,0
2003-12-05,491.7271118164063,710.0,755.0,710.0,710.0,0
2003-12-08,486.8789978027344,703.0,755.0,703.0,703.0,0
2003-12-09,488.9566955566406,706.0,777.0,706.0,706.0,0
2003-12-10,492.4195861816406,711.0,755.0,711.0,711.0,0
2003-12-11,538.1295776367188,777.0,777.0,777.0,777.0,1000
2003-12-12,526.3557739257812,760.0,760.0,760.0,760.0,1000
2003-12-15,552.673583984375,798.0,798.0,798.0,798.0,8000
2003-12-16,483.4161376953125,698.0,798.0,698.0,698.0,0
2003-12-17,448.78753662109375,648.0,795.0,648.0,648.0,0
2003-12-18,485.4939270019531,701.0,795.0,701.0,701.0,0
2003-12-19,490.3419494628906,708.0,780.0,708.0,708.0,0
2003-12-22,487.5715942382813,704.0,775.0,704.0,704.0,0
2003-12-23,487.5715942382813,704.0,704.0,704.0,704.0,0
2003-12-24,497.9602966308594,719.0,719.0,719.0,719.0,1000
2003-12-25,491.0344543457031,709.0,775.0,709.0,709.0,0
2003-12-26,520.8152465820312,752.0,752.0,752.0,752.0,1000
2003-12-29,486.1866149902344,702.0,775.0,702.0,702.0,0
2003-12-30,484.8013916015625,700.0,775.0,700.0,700.0,0
2004-01-02,484.8013916015625,700.0,700.0,700.0,700.0,0
2004-01-05,503.5008850097656,727.0,727.0,727.0,727.0,1000
2004-01-06,529.1261596679688,764.0,764.0,764.0,764.0,1000
2004-01-07,508.3489074707031,734.0,751.0,734.0,744.0,4000
2004-01-08,509.0414733886719,735.0,764.0,735.0,735.0,0
2004-01-09,514.58203125,743.0,763.0,743.0,743.0,0
2004-01-12,514.58203125,743.0,743.0,743.0,743.0,0
2004-01-13,521.5076904296875,753.0,769.0,753.0,753.0,0
2004-01-14,517.3523559570312,747.0,747.0,747.0,747.0,7000
2004-01-15,484.8013916015625,700.0,749.0,700.0,700.0,0
2004-01-16,488.2641906738281,705.0,749.0,705.0,705.0,0
2004-01-23,491.7271118164063,710.0,749.0,710.0,710.0,0
2004-01-29,498.6528930664063,720.0,749.0,720.0,720.0,0
2004-01-30,504.8860473632813,729.0,729.0,729.0,729.0,1000
2004-02-02,509.0414733886719,735.0,735.0,735.0,735.0,100
2004-02-03,554.0586547851562,800.0,800.0,800.0,800.0,100
2004-02-04,512.5044555664062,740.0,798.0,740.0,798.0,2900
2004-02-05,540.8998413085938,781.0,781.0,740.0,740.0,300
2004-02-06,539.5147705078125,779.0,779.0,779.0,779.0,100
2004-02-09,537.4368896484375,776.0,776.0,776.0,776.0,100
2004-02-10,536.7443237304688,775.0,775.0,775.0,775.0,100
2004-02-11,536.7443237304688,775.0,775.0,775.0,775.0,0
2004-02-12,537.4368896484375,776.0,800.0,776.0,800.0,2500
2004-02-13,554.0586547851562,800.0,800.0,800.0,800.0,7100
2004-02-16,533.2815551757812,770.0,800.0,770.0,800.0,7200
2004-02-17,540.2071533203125,780.0,780.0,762.0,770.0,2500
2004-02-18,550.595947265625,795.0,795.0,770.0,780.0,5300
2004-02-19,546.4404296875,789.0,790.0,780.0,790.0,1100
2004-02-20,547.1328735351562,790.0,790.0,790.0,790.0,1400
2004-02-23,547.1328735351562,790.0,790.0,790.0,790.0,1100
2004-02-24,547.1328735351562,790.0,790.0,790.0,790.0,2100
2004-02-25,547.1328735351562,790.0,790.0,781.0,788.0,800
2004-02-26,581.7616577148438,840.0,840.0,800.0,800.0,11900
2004-02-27,560.984375,810.0,825.0,810.0,810.0,0
2004-03-01,581.7616577148438,840.0,850.0,839.0,839.0,1200
2004-03-02,580.376708984375,838.0,838.0,838.0,838.0,300
2004-03-03,581.7616577148438,840.0,840.0,838.0,838.0,800
2004-03-04,533.2815551757812,770.0,853.0,750.0,840.0,9200
2004-03-05,557.5215454101562,805.0,840.0,805.0,805.0,0
2004-03-08,590.0726318359375,852.0,852.0,839.0,840.0,4500
2004-03-09,595.6131591796875,860.0,860.0,850.0,855.0,3100
2004-03-10,595.6131591796875,860.0,865.0,850.0,865.0,4400
2004-03-11,595.6131591796875,860.0,860.0,860.0,860.0,500
2004-03-12,581.7616577148438,840.0,862.0,840.0,861.0,1500
2004-03-15,585.2245483398438,845.0,860.0,845.0,860.0,8300
2004-03-16,595.6131591796875,860.0,945.0,860.0,860.0,0
2004-03-17,602.538818359375,870.0,870.0,862.0,862.0,2400
2004-03-18,609.4645385742188,880.0,880.0,870.0,870.0,4000
2004-03-19,609.4645385742188,880.0,895.0,880.0,880.0,4100
2004-03-22,616.390380859375,890.0,890.0,880.0,890.0,3300
2004-03-23,623.3160400390625,900.0,900.0,895.0,900.0,3400
2004-03-24,623.3160400390625,900.0,900.0,900.0,900.0,2400
2004-03-25,637.1676025390625,920.0,920.0,915.0,915.0,2300
2004-03-26,633.647216796875,900.0,920.0,900.0,920.0,2000
2004-03-30,633.647216796875,900.0,900.0,900.0,900.0,400
2004-03-31,633.647216796875,900.0,900.0,900.0,900.0,100
2004-04-01,631.5352172851562,897.0,897.0,897.0,897.0,100
2004-04-02,609.0054931640625,865.0,890.0,865.0,865.0,0
2004-04-05,617.4539794921875,877.0,898.0,877.0,898.0,6000
2004-04-06,618.1580810546875,878.0,878.0,878.0,878.0,100
2004-04-07,618.1580810546875,878.0,878.0,878.0,878.0,300
2004-04-09,619.5661010742188,880.0,881.0,880.0,881.0,1100
2004-04-12,640.687744140625,910.0,910.0,899.0,899.0,400
2004-04-13,640.687744140625,910.0,910.0,900.0,905.0,1500
2004-04-14,651.9525146484375,926.0,926.0,920.0,920.0,6500
2004-04-15,658.9932250976562,936.0,950.0,936.0,936.0,4800
2004-04-16,633.647216796875,900.0,940.0,900.0,940.0,4900
2004-04-19,634.351318359375,901.0,910.0,901.0,910.0,200
2004-04-20,619.5661010742188,880.0,881.0,880.0,880.0,2800
2004-04-22,626.606689453125,890.0,890.0,890.0,890.0,200
2004-04-23,632.9430541992188,899.0,899.0,899.0,899.0,200
2004-04-26,647.7284545898438,920.0,920.0,899.0,899.0,1400
2004-04-27,633.647216796875,900.0,920.0,900.0,920.0,700
2004-04-28,619.5661010742188,880.0,900.0,880.0,900.0,700
2004-04-30,626.606689453125,890.0,890.0,890.0,890.0,100
2004-05-05,626.606689453125,890.0,890.0,890.0,890.0,0
2004-05-06,637.1675415039062,905.0,970.0,905.0,905.0,0
2004-05-07,637.1675415039062,905.0,905.0,905.0,905.0,2100
2004-05-10,620.270263671875,881.0,945.0,881.0,945.0,600
2004-05-11,619.5661010742188,880.0,885.0,871.0,885.0,1200
2004-05-12,619.5661010742188,880.0,888.0,880.0,888.0,1100
2004-05-13,623.0863647460938,885.0,885.0,881.0,885.0,300
2004-05-14,644.2081298828125,915.0,915.0,915.0,915.0,5400
2004-05-17,633.647216796875,900.0,930.0,900.0,922.0,500
2004-05-18,626.606689453125,890.0,890.0,890.0,890.0,400
2004-05-19,619.5661010742188,880.0,880.0,880.0,880.0,300
2004-05-20,619.5661010742188,880.0,900.0,880.0,880.0,0
2004-05-21,623.0863647460938,885.0,900.0,885.0,885.0,0
2004-05-24,628.0148315429688,892.0,892.0,892.0,892.0,100
2004-05-25,654.768798828125,930.0,930.0,900.0,900.0,3300
2004-05-26,668.8497924804688,950.0,950.0,910.0,920.0,9200
2004-05-27,640.687744140625,910.0,930.0,910.0,930.0,6100
2004-05-28,640.687744140625,910.0,920.0,910.0,920.0,3000
2004-05-31,626.606689453125,890.0,930.0,890.0,890.0,0
2004-06-01,640.687744140625,910.0,929.0,910.0,910.0,0
2004-06-02,654.768798828125,930.0,930.0,910.0,930.0,2900
2004-06-03,640.687744140625,910.0,910.0,910.0,910.0,1200
2004-06-07,633.647216796875,900.0,900.0,900.0,900.0,700
2004-06-08,633.647216796875,900.0,900.0,900.0,900.0,600
2004-06-09,633.647216796875,900.0,900.0,900.0,900.0,2000
2004-06-10,644.2081298828125,915.0,919.0,905.0,910.0,1300
2004-06-11,644.912109375,916.0,920.0,916.0,916.0,2400
2004-06-14,640.687744140625,910.0,946.0,910.0,946.0,11300
2004-06-15,631.5352172851562,897.0,910.0,897.0,910.0,1300
2004-06-17,653.3607177734375,928.0,930.0,928.0,928.0,500
2004-06-18,651.2484130859375,925.0,925.0,915.0,920.0,400
2004-06-21,645.6160888671875,917.0,930.0,917.0,930.0,400
2004-06-22,640.687744140625,910.0,920.0,910.0,920.0,1100
2004-06-23,640.687744140625,910.0,919.0,910.0,910.0,0
2004-06-24,654.0646362304688,929.0,929.0,920.0,920.0,1100
2004-06-25,654.768798828125,930.0,930.0,930.0,930.0,100
2004-06-28,672.3701171875,955.0,970.0,955.0,970.0,1000
2004-06-29,661.809326171875,940.0,940.0,940.0,940.0,1000
2004-06-30,655.4727783203125,931.0,950.0,931.0,950.0,1300
2004-07-01,668.8497924804688,950.0,950.0,945.0,950.0,500
2004-07-02,667.4417114257812,948.0,969.0,948.0,948.0,0
2004-07-05,668.8497924804688,950.0,950.0,949.0,950.0,600
2004-07-06,661.809326171875,940.0,940.0,925.0,930.0,5400
2004-07-07,654.768798828125,930.0,940.0,930.0,940.0,900
2004-07-08,704.0526123046875,1000.0,1000.0,1000.0,1000.0,3500
2004-07-09,696.3079223632812,989.0,990.0,989.0,990.0,200
2004-07-12,700.5321655273438,995.0,1010.0,995.0,1010.0,2200
2004-07-13,704.0526123046875,1000.0,1000.0,986.0,987.0,2500
2004-07-14,700.5321655273438,995.0,1020.0,990.0,1020.0,15900
2004-07-15,704.0526123046875,1000.0,1000.0,1000.0,1000.0,100
2004-07-16,670.2579345703125,952.0,1000.0,952.0,1000.0,500
2004-07-19,670.2579345703125,952.0,952.0,952.0,952.0,0
2004-07-20,675.8904418945312,960.0,989.0,960.0,960.0,0
2004-07-21,678.7066040039062,964.0,994.0,964.0,994.0,200
2004-07-22,678.7066040039062,964.0,970.0,964.0,970.0,700
2004-07-23,679.41064453125,965.0,984.0,965.0,965.0,0
2004-07-26,685.0430297851562,973.0,974.0,973.0,974.0,900
2004-07-27,668.8497924804688,950.0,971.0,950.0,963.0,1800
2004-07-28,668.8497924804688,950.0,950.0,950.0,950.0,100
2004-07-29,665.3297119140625,945.0,952.0,945.0,952.0,600
2004-07-30,646.3201904296875,918.0,918.0,890.0,900.0,9900
2004-08-02,635.7593994140625,903.0,928.0,903.0,928.0,800
2004-08-03,636.4635620117188,904.0,910.0,904.0,909.0,700
2004-08-04,619.5661010742188,880.0,906.0,880.0,906.0,4100
2004-08-05,633.647216796875,900.0,920.0,900.0,917.0,2600
2004-08-06,634.351318359375,901.0,901.0,900.0,900.0,700
2004-08-09,633.647216796875,900.0,900.0,900.0,900.0,500
2004-08-10,635.055419921875,902.0,929.0,902.0,902.0,0
2004-08-11,654.768798828125,930.0,930.0,930.0,930.0,1100
2004-08-12,654.768798828125,930.0,931.0,923.0,931.0,1400
2004-08-13,665.3297119140625,945.0,945.0,930.0,930.0,2000
2004-08-16,665.3297119140625,945.0,950.0,945.0,950.0,5600
2004-08-17,658.2889404296875,935.0,950.0,935.0,950.0,200
2004-08-18,654.768798828125,930.0,950.0,930.0,930.0,0
2004-08-19,647.7284545898438,920.0,945.0,920.0,920.0,0
2004-08-20,658.2889404296875,935.0,950.0,935.0,935.0,0
2004-08-23,651.2484130859375,925.0,950.0,925.0,925.0,0
2004-08-24,647.7284545898438,920.0,930.0,920.0,930.0,400
2004-08-25,635.055419921875,902.0,920.0,902.0,920.0,800
2004-08-26,635.055419921875,902.0,930.0,902.0,930.0,1900
2004-08-27,626.606689453125,890.0,915.0,890.0,914.0,3800
2004-08-30,628.7189331054688,893.0,903.0,892.0,892.0,1600
2004-08-31,637.1675415039062,905.0,905.0,905.0,905.0,100
2004-09-01,647.7284545898438,920.0,920.0,920.0,920.0,200
2004-09-02,647.7284545898438,920.0,920.0,901.0,901.0,1000
2004-09-03,637.87158203125,906.0,910.0,906.0,910.0,1400
2004-09-06,634.351318359375,901.0,906.0,901.0,906.0,1000
2004-09-07,637.1675415039062,905.0,906.0,905.0,905.0,1300
2004-09-08,647.7284545898438,920.0,920.0,920.0,920.0,100
2004-09-09,642.095947265625,912.0,912.0,912.0,912.0,100
2004-09-10,651.2484130859375,925.0,925.0,915.0,915.0,1600
2004-09-13,650.54443359375,924.0,925.0,922.0,925.0,2000
2004-09-14,641.391845703125,911.0,929.0,911.0,929.0,6000
2004-09-15,639.2796020507812,908.0,915.0,908.0,915.0,900
2004-09-16,654.768798828125,930.0,930.0,930.0,930.0,300
2004-09-17,635.055419921875,902.0,902.0,902.0,902.0,1200
2004-09-20,635.055419921875,902.0,902.0,902.0,902.0,0
2004-09-21,626.606689453125,890.0,915.0,890.0,915.0,4300
2004-09-22,619.5661010742188,880.0,898.0,880.0,893.0,7800
2004-09-23,619.5661010742188,880.0,880.0,880.0,880.0,0
2004-09-24,640.687744140625,910.0,910.0,910.0,910.0,100
2004-09-27,642.8211059570312,904.0,907.0,896.0,907.0,1200
2004-09-28,637.1325073242188,896.0,903.0,896.0,903.0,200
2004-09-29,642.8211059570312,904.0,906.0,900.0,906.0,1100
2004-09-30,639.9766845703125,900.0,900.0,900.0,900.0,100
2004-10-01,642.10986328125,903.0,910.0,903.0,910.0,1300
2004-10-04,635.710205078125,894.0,905.0,890.0,905.0,1900
2004-10-05,646.3763427734375,909.0,909.0,906.0,906.0,600
2004-10-06,643.5321655273438,905.0,920.0,905.0,905.0,0
2004-10-07,654.1985473632812,920.0,920.0,920.0,920.0,100
2004-10-08,654.1985473632812,920.0,921.0,920.0,921.0,200
2004-10-11,654.1985473632812,920.0,920.0,920.0,920.0,0
2004-10-12,661.3092041015625,930.0,930.0,920.0,920.0,1000
2004-10-13,642.10986328125,903.0,930.0,901.0,930.0,4100
2004-10-14,638.5545043945312,898.0,900.0,898.0,900.0,6700
2004-10-15,638.5545043945312,898.0,902.0,898.0,902.0,500
2004-10-19,643.5321655273438,905.0,905.0,905.0,905.0,100
2004-10-20,647.087646484375,910.0,910.0,900.0,900.0,500
2004-10-21,647.7987060546875,911.0,911.0,910.0,910.0,200
2004-10-22,638.5545043945312,898.0,910.0,898.0,910.0,1100
2004-10-25,641.3988647460938,902.0,910.0,902.0,902.0,0
2004-10-26,638.5545043945312,898.0,910.0,898.0,910.0,3200
2004-10-27,643.5321655273438,905.0,905.0,900.0,900.0,800
2004-10-28,635.710205078125,894.0,910.0,894.0,910.0,1000
2004-10-29,643.5321655273438,905.0,905.0,897.0,897.0,400
2004-11-01,639.9766845703125,900.0,900.0,897.0,900.0,500
2004-11-02,636.4212646484375,895.0,897.0,894.0,897.0,500
2004-11-03,636.4212646484375,895.0,895.0,895.0,895.0,0
2004-11-04,629.3103637695312,885.0,894.0,885.0,894.0,1100
2004-11-05,632.8658447265625,890.0,890.0,885.0,886.0,3500
2004-11-09,632.8658447265625,890.0,890.0,885.0,885.0,2100
2004-11-10,632.8658447265625,890.0,890.0,885.0,885.0,500
2004-11-11,632.8658447265625,890.0,892.0,890.0,890.0,700
2004-11-12,632.8658447265625,890.0,890.0,889.0,889.0,1200
2004-11-15,630.7326049804688,887.0,890.0,883.0,890.0,6200
2004-11-16,629.3103637695312,885.0,887.0,880.0,887.0,3900
2004-11-17,631.4437866210938,888.0,888.0,885.0,885.0,700
2004-11-18,623.6217041015625,877.0,889.0,872.0,888.0,1800
2004-11-19,632.8658447265625,890.0,890.0,875.0,880.0,800
2004-11-22,627.8883056640625,883.0,883.0,880.0,881.0,2300
2004-11-23,627.8883056640625,883.0,883.0,883.0,883.0,0
2004-11-24,632.1548461914062,889.0,890.0,880.0,880.0,2200
2004-11-25,632.1548461914062,889.0,889.0,885.0,889.0,300
2004-11-26,632.1548461914062,889.0,889.0,885.0,889.0,2500
2004-11-29,633.576904296875,891.0,893.0,889.0,889.0,1800
2004-11-30,632.8658447265625,890.0,890.0,890.0,890.0,600
2004-12-01,632.1548461914062,889.0,889.0,888.0,888.0,400
2004-12-02,632.8658447265625,890.0,890.0,889.0,889.0,300
2004-12-03,632.1548461914062,889.0,890.0,889.0,890.0,300
2004-12-06,632.8658447265625,890.0,890.0,889.0,889.0,400
2004-12-07,618.6442260742188,870.0,890.0,870.0,890.0,2100
2004-12-08,625.7550048828125,880.0,880.0,876.0,880.0,600
2004-12-09,625.7550048828125,880.0,886.0,880.0,885.0,2100
2004-12-10,622.1996459960938,875.0,880.0,875.0,876.0,1300
2004-12-13,617.2218627929688,868.0,870.0,867.0,870.0,8700
2004-12-14,618.6442260742188,870.0,870.0,870.0,870.0,12500
2004-12-15,605.1336059570312,851.0,870.0,850.0,870.0,6200
2004-12-16,618.6442260742188,870.0,871.0,870.0,871.0,2600
2004-12-17,615.0887451171875,865.0,880.0,865.0,880.0,1100
2004-12-20,605.1336059570312,851.0,870.0,850.0,866.0,3600
2004-12-21,604.4224243164062,850.0,870.0,850.0,861.0,4100
2004-12-22,603.7113647460938,849.0,853.0,849.0,850.0,5000
2004-12-23,603.7113647460938,849.0,849.0,849.0,849.0,0
2004-12-24,611.5332641601562,860.0,865.0,850.0,865.0,3300
2004-12-27,613.6666870117188,863.0,870.0,860.0,870.0,4700
2004-12-28,618.6442260742188,870.0,870.0,860.0,862.0,3200
2004-12-29,615.0887451171875,865.0,870.0,863.0,870.0,1600
2004-12-30,617.9329833984375,869.0,870.0,869.0,870.0,1000
2005-01-03,617.9329833984375,869.0,869.0,869.0,869.0,0
2005-01-04,617.9329833984375,869.0,870.0,869.0,870.0,5100
2005-01-05,616.5108642578125,867.0,875.0,867.0,870.0,11300
2005-01-06,618.6442260742188,870.0,870.0,865.0,870.0,3500
2005-01-07,618.6442260742188,870.0,875.0,869.0,870.0,7600
2005-01-10,618.6442260742188,870.0,870.0,870.0,870.0,0
2005-01-11,618.6442260742188,870.0,873.0,870.0,870.0,7300
2005-01-12,618.6442260742188,870.0,873.0,870.0,871.0,5700
2005-01-13,618.6442260742188,870.0,870.0,865.0,870.0,8700
2005-01-14,618.6442260742188,870.0,898.0,870.0,880.0,10700
2005-01-17,618.6442260742188,870.0,875.0,870.0,875.0,7400
2005-01-18,618.6442260742188,870.0,871.0,870.0,870.0,6400
2005-01-19,618.6442260742188,870.0,873.0,870.0,870.0,8300
2005-01-20,618.6442260742188,870.0,870.0,869.0,870.0,5000
2005-01-21,618.6442260742188,870.0,870.0,868.0,868.0,10600
2005-01-24,622.1996459960938,875.0,879.0,870.0,870.0,10800
2005-01-25,622.9107666015625,876.0,880.0,870.0,870.0,9500
2005-01-26,625.7550048828125,880.0,890.0,871.0,890.0,9100
2005-01-27,624.3328247070312,878.0,885.0,878.0,880.0,4400
2005-01-28,624.3328247070312,878.0,878.0,872.0,878.0,2600
2005-01-31,627.1771240234375,882.0,883.0,880.0,883.0,3300
2005-02-01,627.8883056640625,883.0,888.0,882.0,885.0,5100
2005-02-02,634.9990844726562,893.0,897.0,890.0,893.0,1000
2005-02-03,639.9766845703125,900.0,903.0,889.0,889.0,6200
2005-02-04,633.576904296875,891.0,895.0,888.0,890.0,8100
2005-02-07,639.9766845703125,900.0,930.0,895.0,900.0,6200
2005-02-08,639.9766845703125,900.0,910.0,899.0,910.0,3300
2005-02-09,641.3988647460938,902.0,902.0,900.0,900.0,3500
2005-02-10,647.087646484375,910.0,910.0,900.0,901.0,3700
2005-02-11,647.087646484375,910.0,910.0,910.0,910.0,0
2005-02-14,654.1985473632812,920.0,940.0,910.0,940.0,11200
2005-02-15,639.9766845703125,900.0,920.0,900.0,920.0,5000
2005-02-16,640.687744140625,901.0,914.0,901.0,914.0,4900
2005-02-17,640.687744140625,901.0,904.0,900.0,901.0,4200
2005-02-18,639.9766845703125,900.0,911.0,900.0,911.0,1700
2005-02-21,639.9766845703125,900.0,902.0,898.0,902.0,8000
2005-02-22,639.9766845703125,900.0,900.0,896.0,898.0,6400
2005-02-23,637.1325073242188,896.0,899.0,896.0,898.0,2000
2005-02-24,639.9766845703125,900.0,900.0,891.0,895.0,8000
2005-02-25,641.3988647460938,902.0,902.0,897.0,897.0,7800
2005-02-28,647.087646484375,910.0,918.0,905.0,912.0,7700
2005-03-01,650.6430053710938,915.0,930.0,910.0,910.0,15300
2005-03-02,652.7763061523438,918.0,924.0,914.0,915.0,2400
2005-03-03,652.7763061523438,918.0,922.0,915.0,918.0,4900
2005-03-04,654.1985473632812,920.0,920.0,915.0,919.0,6000
2005-03-07,660.5980224609375,929.0,929.0,920.0,921.0,13800
2005-03-08,660.5980224609375,929.0,929.0,920.0,928.0,9300
2005-03-09,661.3092041015625,930.0,931.0,924.0,929.0,9200
2005-03-10,665.5758056640625,936.0,943.0,930.0,932.0,11100
2005-03-11,669.8422241210938,942.0,945.0,937.0,939.0,6300
2005-03-14,675.5308837890625,950.0,950.0,940.0,950.0,11400
2005-03-15,680.5086059570312,957.0,960.0,950.0,952.0,8000
2005-03-16,689.7526245117188,970.0,982.0,958.0,958.0,12600
2005-03-17,695.4412841796875,978.0,980.0,972.0,976.0,7500
2005-03-18,700.4189453125,985.0,985.0,978.0,980.0,4800
2005-03-21,700.4189453125,985.0,985.0,985.0,985.0,0
2005-03-22,712.5073852539062,1002.0,1005.0,994.0,994.0,12900
2005-03-23,718.1961669921875,1010.0,1010.0,999.0,1007.0,8200
2005-03-24,713.9296264648438,1004.0,1008.0,993.0,1001.0,8100
2005-03-25,711.0853271484375,1000.0,1004.0,998.0,1004.0,4200
2005-03-28,688.123779296875,959.0,971.0,934.0,971.0,6500
2005-03-29,677.3607788085938,944.0,958.0,944.0,958.0,5100
2005-03-30,667.31494140625,930.0,940.0,924.0,934.0,6200
2005-03-31,671.6203002929688,936.0,940.0,930.0,930.0,2200
2005-04-01,668.7501220703125,932.0,935.0,931.0,935.0,1100
2005-04-04,678.0783081054688,945.0,945.0,933.0,933.0,2400
2005-04-05,681.6658935546875,950.0,954.0,945.0,947.0,2700
2005-04-06,682.38330078125,951.0,955.0,951.0,952.0,1700
2005-04-07,670.185302734375,934.0,955.0,932.0,955.0,2900
2005-04-08,670.9027709960938,935.0,943.0,935.0,941.0,2200
2005-04-11,688.123779296875,959.0,959.0,935.0,935.0,5100
2005-04-12,673.0553588867188,938.0,956.0,938.0,956.0,1900
2005-04-13,675.2080078125,941.0,941.0,935.0,939.0,3000
2005-04-14,670.9027709960938,935.0,952.0,935.0,952.0,7200
2005-04-15,683.8185424804688,953.0,953.0,940.0,940.0,9400
2005-04-18,696.0167846679688,970.0,970.0,950.0,953.0,15200
2005-04-19,717.5432739257812,1000.0,1007.0,970.0,970.0,15500
2005-04-20,728.3062744140625,1015.0,1016.0,995.0,1015.0,24100
2005-04-21,717.5432739257812,1000.0,1009.0,1000.0,1009.0,3100
2005-04-22,724.718505859375,1010.0,1010.0,999.0,1001.0,4400
2005-04-25,733.3291625976562,1022.0,1024.0,1020.0,1020.0,1900
2005-04-26,738.3519287109375,1029.0,1050.0,1027.0,1050.0,3400
2005-04-27,735.481689453125,1025.0,1029.0,1025.0,1029.0,2400
2005-04-28,739.0695190429688,1030.0,1030.0,1021.0,1024.0,2500
2005-05-02,739.0695190429688,1030.0,1030.0,1020.0,1020.0,8000
2005-05-05,739.0695190429688,1030.0,1030.0,1030.0,1030.0,0
2005-05-06,742.6571655273438,1035.0,1035.0,1030.0,1033.0,1100
2005-05-09,753.4202270507812,1050.0,1050.0,1020.0,1020.0,4100
2005-05-10,767.77099609375,1070.0,1075.0,1055.0,1055.0,4300
2005-05-11,769.9237060546875,1073.0,1073.0,1050.0,1050.0,9600
2005-05-12,774.946533203125,1080.0,1080.0,1073.0,1073.0,1700
2005-05-13,788.5799560546875,1099.0,1099.0,1056.0,1075.0,7200
2005-05-16,760.5956420898438,1060.0,1119.0,1060.0,1119.0,7900
2005-05-17,782.1220092773438,1090.0,1095.0,1061.0,1095.0,2100
2005-05-18,764.1834106445312,1065.0,1065.0,1065.0,1065.0,1800
2005-05-19,764.1834106445312,1065.0,1065.0,1065.0,1065.0,300
2005-05-20,732.6115112304688,1021.0,1065.0,1021.0,1065.0,2500
2005-05-23,739.0695190429688,1030.0,1030.0,1020.0,1020.0,2200
2005-05-24,767.77099609375,1070.0,1070.0,1031.0,1037.0,2000
2005-05-25,746.96240234375,1041.0,1041.0,1041.0,1041.0,0
2005-05-26,740.5044555664062,1032.0,1100.0,1032.0,1100.0,2700
2005-05-27,740.5044555664062,1032.0,1033.0,1032.0,1033.0,300
2005-05-30,739.0695190429688,1030.0,1033.0,1030.0,1033.0,700
2005-05-31,739.7869873046875,1031.0,1032.0,1030.0,1030.0,1000
2005-06-01,760.5956420898438,1060.0,1060.0,1032.0,1032.0,1100
2005-06-02,760.5956420898438,1060.0,1060.0,1040.0,1040.0,500
2005-06-03,760.5956420898438,1060.0,1063.0,1060.0,1063.0,800
2005-06-06,753.4202270507812,1050.0,1050.0,1050.0,1050.0,700
2005-06-07,746.244873046875,1040.0,1040.0,1031.0,1031.0,1100
2005-06-08,739.0695190429688,1030.0,1030.0,1030.0,1030.0,200
2005-06-09,753.4202270507812,1050.0,1050.0,1045.0,1045.0,400
2005-06-10,753.4202270507812,1050.0,1050.0,1050.0,1050.0,600
2005-06-13,740.5044555664062,1032.0,1060.0,1032.0,1051.0,2500
2005-06-14,738.3519287109375,1029.0,1083.0,1026.0,1083.0,5400
2005-06-15,740.5044555664062,1032.0,1048.0,1028.0,1048.0,700
2005-06-16,732.6115112304688,1021.0,1039.0,1021.0,1031.0,1700
2005-06-17,731.8941040039062,1020.0,1034.0,1014.0,1034.0,5700
2005-06-20,731.8941040039062,1020.0,1020.0,1020.0,1020.0,2200
2005-06-21,731.8941040039062,1020.0,1020.0,1020.0,1020.0,900
2005-06-22,731.8941040039062,1020.0,1022.0,1019.0,1020.0,2500
2005-06-23,731.8941040039062,1020.0,1020.0,1012.0,1016.0,3500
2005-06-24,730.4589233398438,1018.0,1027.0,1013.0,1027.0,1200
2005-06-27,744.0921020507812,1037.0,1050.0,1018.0,1050.0,4900
2005-06-28,746.244873046875,1040.0,1049.0,1038.0,1038.0,700
2005-06-29,741.221923828125,1033.0,1040.0,1033.0,1040.0,400
2005-06-30,739.7869873046875,1031.0,1039.0,1031.0,1039.0,300
2005-07-01,742.6571655273438,1035.0,1035.0,1030.0,1030.0,1000
2005-07-04,742.6571655273438,1035.0,1035.0,1030.0,1033.0,400
2005-07-05,744.0921020507812,1037.0,1037.0,1035.0,1035.0,2700
2005-07-06,753.4202270507812,1050.0,1050.0,1035.0,1038.0,4900
2005-07-07,753.4202270507812,1050.0,1050.0,1050.0,1050.0,1200
2005-07-08,764.90087890625,1066.0,1066.0,1055.0,1055.0,800
2005-07-11,788.5799560546875,1099.0,1099.0,1070.0,1099.0,6100
2005-07-12,772.076416015625,1076.0,1100.0,1073.0,1100.0,1000
2005-07-13,777.0994873046875,1083.0,1100.0,1078.0,1086.0,1500
2005-07-14,778.5342407226562,1085.0,1137.0,1085.0,1137.0,10100
2005-07-15,782.1220092773438,1090.0,1115.0,1090.0,1091.0,1900
2005-07-18,782.1220092773438,1090.0,1090.0,1090.0,1090.0,0
2005-07-19,784.2747192382812,1093.0,1093.0,1066.0,1090.0,3700
2005-07-20,767.053466796875,1069.0,1088.0,1069.0,1088.0,400
2005-07-21,766.3360595703125,1068.0,1098.0,1062.0,1062.0,2400
2005-07-22,782.1220092773438,1090.0,1090.0,1078.0,1078.0,900
2005-07-25,790.732666015625,1102.0,1200.0,1078.0,1078.0,4200
2005-07-26,811.5413818359375,1131.0,1182.0,1130.0,1182.0,2800
2005-07-27,812.2589111328125,1132.0,1132.0,1130.0,1131.0,300
2005-07-28,789.2975463867188,1100.0,1148.0,1100.0,1123.0,2600
2005-07-29,782.1220092773438,1090.0,1120.0,1076.0,1110.0,5200
2005-08-01,788.5799560546875,1099.0,1099.0,1090.0,1092.0,1300
2005-08-02,783.5570678710938,1092.0,1100.0,1092.0,1098.0,700
2005-08-03,787.8623657226562,1098.0,1098.0,1078.0,1092.0,1000
2005-08-04,772.076416015625,1076.0,1090.0,1076.0,1090.0,500
2005-08-05,760.5956420898438,1060.0,1090.0,1060.0,1080.0,2000
2005-08-08,760.5956420898438,1060.0,1060.0,1060.0,1060.0,1800
2005-08-09,782.1220092773438,1090.0,1090.0,1080.0,1080.0,600
2005-08-10,782.1220092773438,1090.0,1091.0,1085.0,1091.0,2500
2005-08-11,782.1220092773438,1090.0,1090.0,1081.0,1081.0,2600
2005-08-12,803.6483764648438,1120.0,1120.0,1087.0,1089.0,4200
2005-08-15,804.365966796875,1121.0,1130.0,1120.0,1120.0,9200
2005-08-16,811.5413818359375,1131.0,1155.0,1122.0,1139.0,1400
2005-08-17,829.4795532226562,1156.0,1156.0,1140.0,1148.0,1600
2005-08-18,822.3043823242188,1146.0,1150.0,1146.0,1150.0,200
2005-08-19,829.4795532226562,1156.0,1156.0,1147.0,1150.0,2100
2005-08-22,835.9378051757812,1165.0,1165.0,1165.0,1165.0,100
2005-08-23,846.7010498046875,1180.0,1180.0,1160.0,1161.0,3200
2005-08-24,835.9378051757812,1165.0,1165.0,1160.0,1165.0,1400
2005-08-25,850.2886352539062,1185.0,1190.0,1165.0,1165.0,1600
2005-08-26,856.0289916992188,1193.0,1193.0,1192.0,1193.0,1800
2005-08-29,861.0518188476562,1200.0,1200.0,1191.0,1191.0,3600
2005-08-30,868.227294921875,1210.0,1210.0,1210.0,1210.0,500
2005-08-31,861.0518188476562,1200.0,1210.0,1200.0,1200.0,7500
2005-09-01,861.0518188476562,1200.0,1208.0,1200.0,1207.0,500
2005-09-02,886.165771484375,1235.0,1290.0,1200.0,1210.0,4300
2005-09-05,883.2955322265625,1231.0,1235.0,1230.0,1230.0,800
2005-09-06,906.2568359375,1263.0,1300.0,1263.0,1280.0,1600
2005-09-07,932.8062744140624,1300.0,1310.0,1263.0,1263.0,8100
2005-09-08,904.1044311523438,1260.0,1299.0,1240.0,1298.0,3300
2005-09-09,907.6920166015624,1265.0,1270.0,1260.0,1260.0,1300
2005-09-12,907.6920166015624,1265.0,1280.0,1252.0,1279.0,3200
2005-09-13,932.8062744140624,1300.0,1300.0,1280.0,1280.0,2500
2005-09-14,940.6993408203124,1311.0,1364.0,1310.0,1364.0,4300
2005-09-15,954.3323974609376,1330.0,1330.0,1310.0,1311.0,300
2005-09-16,932.8062744140624,1300.0,1300.0,1300.0,1300.0,1600
2005-09-19,932.8062744140624,1300.0,1300.0,1300.0,1300.0,0
2005-09-20,932.8062744140624,1300.0,1300.0,1300.0,1300.0,800
2005-09-21,939.9815063476562,1310.0,1317.0,1300.0,1317.0,4100
2005-09-22,942.13427734375,1313.0,1313.0,1310.0,1310.0,300
2005-09-23,942.13427734375,1313.0,1313.0,1313.0,1313.0,0
2005-09-26,948.5922241210938,1322.0,1446.0,1322.0,1446.0,2000
2005-09-27,961.5078125,1340.0,1340.0,1328.0,1340.0,400
2005-09-28,955.7677001953124,1332.0,1332.0,1330.0,1330.0,400
2005-09-29,961.5078125,1340.0,1340.0,1329.0,1331.0,900
2005-09-30,983.033935546875,1370.0,1370.0,1340.0,1340.0,800
2005-10-03,975.858642578125,1360.0,1360.0,1360.0,1360.0,100
2005-10-04,1004.5604248046876,1400.0,1400.0,1370.0,1370.0,1800
2005-10-05,997.3850708007812,1390.0,1400.0,1390.0,1400.0,800
2005-10-06,996.6671752929688,1389.0,1389.0,1370.0,1370.0,1600
2005-10-07,985.9044189453124,1374.0,1379.0,1372.0,1379.0,1000
2005-10-10,985.9044189453124,1374.0,1374.0,1374.0,1374.0,0
2005-10-11,983.033935546875,1370.0,1371.0,1370.0,1370.0,3200
2005-10-12,990.9270629882812,1381.0,1381.0,1371.0,1371.0,1600
2005-10-13,990.9270629882812,1381.0,1381.0,1380.0,1381.0,1700
2005-10-14,990.2091064453124,1380.0,1440.0,1380.0,1440.0,4700
2005-10-17,990.2091064453124,1380.0,1381.0,1380.0,1381.0,500
2005-10-18,990.2091064453124,1380.0,1380.0,1380.0,1380.0,6300
2005-10-19,982.3167114257812,1369.0,1370.0,1369.0,1370.0,300
2005-10-20,990.2091064453124,1380.0,1389.0,1369.0,1369.0,3200
2005-10-21,957.919921875,1335.0,1335.0,1335.0,1335.0,0
2005-10-24,968.6832885742188,1350.0,1350.0,1350.0,1350.0,100
2005-10-25,990.2091064453124,1380.0,1388.0,1376.0,1376.0,3400
2005-10-26,990.2091064453124,1380.0,1425.0,1380.0,1425.0,1800
2005-10-27,975.858642578125,1360.0,1399.0,1360.0,1360.0,0
2005-10-28,946.439208984375,1319.0,1360.0,1311.0,1360.0,2100
2005-10-31,946.439208984375,1319.0,1319.0,1310.0,1311.0,600
2005-11-01,953.6148071289062,1329.0,1329.0,1312.0,1320.0,900
2005-11-02,968.6832885742188,1350.0,1350.0,1329.0,1329.0,2200
2005-11-04,968.6832885742188,1350.0,1355.0,1350.0,1351.0,900
2005-11-07,961.5078125,1340.0,1341.0,1340.0,1341.0,300
2005-11-08,970.8357543945312,1353.0,1366.0,1346.0,1346.0,500
2005-11-09,970.8357543945312,1353.0,1353.0,1353.0,1353.0,700
2005-11-10,974.4234619140624,1358.0,1358.0,1355.0,1357.0,2500
2005-11-11,990.2091064453124,1380.0,1380.0,1360.0,1360.0,700
2005-11-14,978.0113525390624,1363.0,1400.0,1363.0,1396.0,4400
2005-11-15,1004.5604248046876,1400.0,1400.0,1400.0,1400.0,100
2005-11-16,988.056884765625,1377.0,1379.0,1377.0,1379.0,300
2005-11-17,975.858642578125,1360.0,1399.0,1360.0,1360.0,4400
2005-11-18,975.858642578125,1360.0,1370.0,1360.0,1370.0,1300
2005-11-21,970.8357543945312,1353.0,1361.0,1351.0,1360.0,3100
2005-11-22,968.6832885742188,1350.0,1350.0,1350.0,1350.0,300
2005-11-23,968.6832885742188,1350.0,1350.0,1350.0,1350.0,0
2005-11-24,975.858642578125,1360.0,1380.0,1360.0,1360.0,2100
2005-11-25,980.1638793945312,1366.0,1395.0,1366.0,1380.0,400
2005-11-28,1004.5604248046876,1400.0,1420.0,1400.0,1400.0,2300
2005-11-29,993.7971801757812,1385.0,1390.0,1370.0,1380.0,1700
2005-11-30,981.5989990234376,1368.0,1400.0,1365.0,1400.0,800
2005-12-01,997.3850708007812,1390.0,1390.0,1380.0,1381.0,1100
2005-12-02,986.6218872070312,1375.0,1380.0,1375.0,1380.0,300
2005-12-05,984.469482421875,1372.0,1400.0,1372.0,1400.0,1400
2005-12-06,998.1026611328124,1391.0,1391.0,1389.0,1389.0,4100
2005-12-07,1004.5604248046876,1400.0,1442.0,1390.0,1400.0,2300
2005-12-08,1004.5604248046876,1400.0,1401.0,1400.0,1401.0,3100
2005-12-09,1008.1477661132812,1405.0,1420.0,1405.0,1420.0,300
2005-12-12,1029.6746826171875,1435.0,1460.0,1435.0,1460.0,4100
2005-12-13,1016.0409545898438,1416.0,1435.0,1416.0,1435.0,1900
2005-12-14,1066.2689208984375,1486.0,1520.0,1486.0,1486.0,8300
2005-12-15,1075.597412109375,1499.0,1500.0,1499.0,1500.0,2200
2005-12-16,1112.19189453125,1550.0,1550.0,1450.0,1500.0,4600
2005-12-19,1298.753173828125,1810.0,1850.0,1650.0,1850.0,64800
2005-12-20,1388.446044921875,1935.0,1950.0,1880.0,1900.0,64900
2005-12-21,1402.079345703125,1954.0,1985.0,1930.0,1935.0,35200
2005-12-22,1399.2091064453125,1950.0,1990.0,1940.0,1960.0,27300
2005-12-23,1399.2091064453125,1950.0,1950.0,1950.0,1950.0,0
2005-12-26,1456.612548828125,2030.0,2035.0,1950.0,1960.0,45000
2005-12-27,1449.43701171875,2020.0,2050.0,2000.0,2030.0,37600
2005-12-28,1549.89306640625,2160.0,2280.0,2025.0,2050.0,49500
2005-12-29,1453.0247802734375,2025.0,2150.0,1966.0,2150.0,63800
2005-12-30,1449.43701171875,2020.0,2070.0,2020.0,2025.0,8500
2006-01-03,1449.43701171875,2020.0,2020.0,2020.0,2020.0,0
2006-01-04,1485.3143310546875,2070.0,2140.0,2050.0,2080.0,11700
2006-01-05,1492.48974609375,2080.0,2150.0,2025.0,2150.0,29000
2006-01-06,1445.8494873046875,2015.0,2035.0,2005.0,2035.0,11700
2006-01-09,1445.8494873046875,2015.0,2015.0,2015.0,2015.0,0
2006-01-10,1424.3232421875,1985.0,2015.0,1966.0,2000.0,18200
2006-01-11,1377.6826171875,1920.0,1984.0,1880.0,1984.0,6800
2006-01-12,1338.218017578125,1865.0,1910.0,1830.0,1910.0,18800
2006-01-13,1291.577880859375,1800.0,1891.0,1790.0,1870.0,42800
2006-01-16,1297.3179931640625,1808.0,1829.0,1800.0,1811.0,33600
2006-01-17,1255.70068359375,1750.0,1800.0,1750.0,1800.0,15300
2006-01-18,1083.490234375,1510.0,1700.0,1450.0,1700.0,46300
2006-01-19,1221.258544921875,1702.0,1759.0,1465.0,1465.0,20500
2006-01-20,1248.525390625,1740.0,1773.0,1705.0,1720.0,11700
2006-01-23,1205.47265625,1680.0,1708.0,1662.0,1708.0,10300
2006-01-24,1212.6478271484375,1690.0,1690.0,1621.0,1621.0,4700
2006-01-25,1230.586669921875,1715.0,1720.0,1690.0,1690.0,5300
2006-01-26,1219.8232421875,1700.0,1715.0,1656.0,1700.0,7300
2006-01-27,1219.8232421875,1700.0,1709.0,1681.0,1700.0,3900
2006-01-30,1178.92333984375,1643.0,1700.0,1630.0,1700.0,17200
2006-01-31,1182.51123046875,1648.0,1655.0,1640.0,1652.0,5400
2006-02-01,1183.9461669921875,1650.0,1650.0,1648.0,1648.0,4700
2006-02-02,1181.0758056640625,1646.0,1650.0,1633.0,1650.0,5200
2006-02-03,1173.18310546875,1635.0,1646.0,1632.0,1646.0,1600
2006-02-06,1183.228759765625,1649.0,1650.0,1631.0,1635.0,8100
2006-02-07,1181.0758056640625,1646.0,1650.0,1645.0,1649.0,1400
2006-02-08,1168.160400390625,1628.0,1643.0,1620.0,1643.0,4400
2006-02-09,1154.5269775390625,1609.0,1630.0,1606.0,1623.0,8000
2006-02-10,1155.2447509765625,1610.0,1650.0,1605.0,1610.0,4400
2006-02-13,1126.542724609375,1570.0,1604.0,1530.0,1601.0,7900
2006-02-14,1090.665771484375,1520.0,1600.0,1511.0,1600.0,6300
2006-02-15,1112.909423828125,1551.0,1600.0,1521.0,1521.0,2500
2006-02-16,1112.909423828125,1551.0,1555.0,1550.0,1550.0,2100
2006-02-17,1090.665771484375,1520.0,1551.0,1520.0,1551.0,3300
2006-02-20,1026.8043212890625,1431.0,1520.0,1410.0,1520.0,3800
2006-02-21,1044.0252685546875,1455.0,1455.0,1411.0,1411.0,4200
2006-02-22,1129.4130859375,1574.0,1575.0,1507.0,1575.0,5200
2006-02-23,1126.542724609375,1570.0,1570.0,1502.0,1502.0,1700
2006-02-24,1126.542724609375,1570.0,1588.0,1536.0,1536.0,2400
2006-02-27,1126.542724609375,1570.0,1620.0,1551.0,1579.0,4300
2006-02-28,1120.0845947265625,1561.0,1570.0,1531.0,1570.0,6500
2006-03-01,1105.0166015625,1540.0,1549.0,1533.0,1533.0,2200
2006-03-02,1111.4744873046875,1549.0,1549.0,1515.0,1530.0,2400
2006-03-03,1101.4287109375,1535.0,1535.0,1529.0,1534.0,1900
2006-03-06,1087.0780029296875,1515.0,1521.0,1515.0,1518.0,1100
2006-03-07,1083.490234375,1510.0,1515.0,1490.0,1515.0,4500
2006-03-08,1077.7498779296875,1502.0,1502.0,1496.0,1496.0,200
2006-03-09,1083.490234375,1510.0,1545.0,1504.0,1504.0,1000
2006-03-10,1084.207763671875,1511.0,1512.0,1511.0,1511.0,300
2006-03-13,1101.4287109375,1535.0,1548.0,1526.0,1534.0,2100
2006-03-14,1089.2305908203125,1518.0,1535.0,1511.0,1535.0,10500
2006-03-15,1084.9254150390625,1512.0,1521.0,1510.0,1521.0,2000
2006-03-16,1083.490234375,1510.0,1513.0,1508.0,1510.0,1400
2006-03-17,1084.9254150390625,1512.0,1518.0,1503.0,1510.0,2700
2006-03-20,1089.2305908203125,1518.0,1518.0,1500.0,1513.0,3000
2006-03-21,1089.2305908203125,1518.0,1518.0,1518.0,1518.0,0
2006-03-22,1079.90234375,1505.0,1513.0,1500.0,1506.0,1700
2006-03-23,1075.597412109375,1499.0,1521.0,1498.0,1521.0,4000
2006-03-24,1079.90234375,1505.0,1513.0,1500.0,1513.0,1300
2006-03-27,1112.19189453125,1550.0,1565.0,1527.0,1530.0,25700
2006-03-28,1105.0166015625,1540.0,1549.0,1532.0,1549.0,8000
2006-03-29,1097.8409423828125,1530.0,1549.0,1530.0,1549.0,11400
2006-03-30,1101.4287109375,1535.0,1535.0,1520.0,1529.0,6800
2006-03-31,1094.2532958984375,1525.0,1540.0,1521.0,1521.0,1500
2006-04-03,1108.60400390625,1545.0,1550.0,1530.0,1539.0,3800
2006-04-04,1107.169189453125,1543.0,1560.0,1540.0,1542.0,5800
2006-04-05,1115.779541015625,1555.0,1567.0,1555.0,1556.0,2300
2006-04-06,1092.8182373046875,1523.0,1565.0,1508.0,1565.0,2800
2006-04-07,1094.97119140625,1526.0,1537.0,1525.0,1537.0,1600
2006-04-10,1090.665771484375,1520.0,1526.0,1520.0,1520.0,3600
2006-04-11,1105.0166015625,1540.0,1540.0,1523.0,1523.0,2100
2006-04-12,1097.8409423828125,1530.0,1530.0,1530.0,1530.0,1400
2006-04-13,1094.2532958984375,1525.0,1537.0,1525.0,1531.0,1100
2006-04-14,1097.8409423828125,1530.0,1542.0,1520.0,1542.0,4600
2006-04-17,1090.665771484375,1520.0,1521.0,1520.0,1520.0,1800
2006-04-18,1061.246337890625,1479.0,1499.0,1461.0,1499.0,2000
2006-04-19,1069.85693359375,1491.0,1501.0,1471.0,1501.0,1600
2006-04-20,1048.33056640625,1461.0,1472.0,1452.0,1472.0,3100
2006-04-21,1044.0252685546875,1455.0,1469.0,1455.0,1469.0,3500
2006-04-24,1017.4761962890624,1418.0,1449.0,1400.0,1449.0,7900
2006-04-25,1018.9112548828124,1420.0,1420.0,1402.0,1402.0,2800
2006-04-26,1019.6287231445312,1421.0,1438.0,1420.0,1438.0,2200
2006-04-27,1022.4989013671876,1425.0,1439.0,1425.0,1439.0,400
2006-04-28,1012.4531860351562,1411.0,1420.0,1411.0,1415.0,1300
2006-05-01,1008.1477661132812,1405.0,1405.0,1401.0,1401.0,1400
2006-05-02,1007.4306640625,1404.0,1407.0,1400.0,1401.0,3000
2006-05-05,1007.4306640625,1404.0,1404.0,1404.0,1404.0,0
2006-05-08,989.4920654296876,1379.0,1410.0,1379.0,1401.0,1700
2006-05-09,978.0113525390624,1363.0,1381.0,1363.0,1381.0,4800
2006-05-10,978.0113525390624,1363.0,1368.0,1362.0,1368.0,2400
2006-05-11,994.5147094726562,1386.0,1420.0,1386.0,1420.0,6800
2006-05-12,990.2091064453124,1380.0,1389.0,1366.0,1381.0,8700
2006-05-15,1019.6287231445312,1421.0,1421.0,1399.0,1399.0,5300
2006-05-16,1004.5604248046876,1400.0,1421.0,1400.0,1415.0,1400
2006-05-17,983.033935546875,1370.0,1399.0,1370.0,1373.0,3100
2006-05-18,983.7515258789062,1371.0,1400.0,1350.0,1369.0,5600
2006-05-19,975.858642578125,1360.0,1409.0,1352.0,1372.0,3000
2006-05-22,977.2936401367188,1362.0,1390.0,1362.0,1377.0,3700
2006-05-23,975.858642578125,1360.0,1377.0,1360.0,1377.0,2100
2006-05-24,945.7217407226562,1318.0,1355.0,1256.0,1352.0,7300
2006-05-25,922.7605590820312,1286.0,1298.0,1260.0,1278.0,6200
2006-05-26,932.8062744140624,1300.0,1319.0,1280.0,1319.0,2600
2006-05-29,925.6304321289062,1290.0,1290.0,1262.0,1278.0,2000
2006-05-30,907.6920166015624,1265.0,1270.0,1262.0,1270.0,1500
2006-05-31,904.1044311523438,1260.0,1262.0,1250.0,1261.0,4700
2006-06-01,907.6920166015624,1265.0,1276.0,1262.0,1262.0,1400
2006-06-02,896.9288330078125,1250.0,1265.0,1201.0,1265.0,3500
2006-06-05,899.0816040039062,1253.0,1253.0,1222.0,1222.0,1600
2006-06-06,886.165771484375,1235.0,1235.0,1233.0,1233.0,600
2006-06-07,882.578125,1230.0,1235.0,1230.0,1234.0,600
2006-06-08,825.8922119140625,1151.0,1211.0,1151.0,1211.0,5100
2006-06-09,812.976318359375,1133.0,1178.0,1131.0,1131.0,4300
2006-06-12,817.9992065429688,1140.0,1152.0,1116.0,1142.0,1900
2006-06-13,846.7010498046875,1180.0,1190.0,1151.0,1151.0,2700
2006-06-14,861.0518188476562,1200.0,1238.0,1182.0,1238.0,4300
2006-06-15,878.9902954101562,1225.0,1255.0,1215.0,1255.0,700
2006-06-16,896.9288330078125,1250.0,1265.0,1250.0,1265.0,700
2006-06-19,904.1044311523438,1260.0,1265.0,1260.0,1262.0,700
2006-06-20,896.9288330078125,1250.0,1265.0,1250.0,1265.0,800
2006-06-21,904.1044311523438,1260.0,1270.0,1255.0,1270.0,4200
2006-06-22,911.2796630859376,1270.0,1270.0,1260.0,1260.0,1500
2006-06-23,911.2796630859376,1270.0,1270.0,1262.0,1270.0,400
2006-06-26,925.6304321289062,1290.0,1290.0,1270.0,1290.0,3100
2006-06-27,929.2183227539062,1295.0,1295.0,1290.0,1290.0,2100
2006-06-28,924.1954956054688,1288.0,1288.0,1285.0,1285.0,800
2006-06-29,927.0655517578124,1292.0,1295.0,1292.0,1295.0,700
2006-06-30,940.6993408203124,1311.0,1311.0,1311.0,1311.0,500
2006-07-03,964.3781127929688,1344.0,1350.0,1326.0,1350.0,1000
2006-07-04,947.1570434570312,1320.0,1324.0,1320.0,1324.0,2800
2006-07-05,941.4166259765624,1312.0,1329.0,1310.0,1329.0,1000
2006-07-06,943.5695190429688,1315.0,1332.0,1312.0,1332.0,2600
2006-07-07,938.5464477539062,1308.0,1310.0,1308.0,1310.0,4400
2006-07-10,929.2183227539062,1295.0,1310.0,1275.0,1310.0,1100
2006-07-11,947.1570434570312,1320.0,1355.0,1315.0,1355.0,4100
2006-07-12,950.0272827148438,1324.0,1330.0,1317.0,1317.0,1200
2006-07-13,952.8973388671876,1328.0,1328.0,1313.0,1325.0,1900
2006-07-14,954.3323974609376,1330.0,1394.0,1330.0,1394.0,9800
2006-07-17,954.3323974609376,1330.0,1330.0,1330.0,1330.0,0
2006-07-18,868.94482421875,1211.0,1320.0,1211.0,1320.0,2300
2006-07-19,875.402587890625,1220.0,1220.0,1165.0,1220.0,3300
2006-07-20,883.2955322265625,1231.0,1248.0,1230.0,1230.0,2200
2006-07-21,874.6849365234375,1219.0,1235.0,1219.0,1220.0,800
2006-07-24,878.9902954101562,1225.0,1237.0,1185.0,1219.0,1700
2006-07-25,886.165771484375,1235.0,1237.0,1225.0,1225.0,3800
2006-07-26,877.5552978515625,1223.0,1275.0,1223.0,1275.0,3200
2006-07-27,868.227294921875,1210.0,1211.0,1200.0,1203.0,5600
2006-07-28,868.227294921875,1210.0,1210.0,1210.0,1210.0,200
2006-07-31,882.578125,1230.0,1230.0,1221.0,1221.0,1200
2006-08-01,882.578125,1230.0,1230.0,1230.0,1230.0,300
2006-08-02,896.9288330078125,1250.0,1250.0,1231.0,1231.0,600
2006-08-03,904.1044311523438,1260.0,1264.0,1260.0,1260.0,900
2006-08-04,907.6920166015624,1265.0,1265.0,1260.0,1260.0,400
2006-08-07,886.165771484375,1235.0,1240.0,1235.0,1240.0,600
2006-08-08,889.75341796875,1240.0,1250.0,1240.0,1240.0,600
2006-08-09,876.1201782226562,1221.0,1221.0,1221.0,1221.0,100
2006-08-10,896.9288330078125,1250.0,1250.0,1250.0,1250.0,300
2006-08-11,907.6920166015624,1265.0,1265.0,1232.0,1250.0,2100
2006-08-14,906.9745483398438,1264.0,1264.0,1264.0,1264.0,4000
2006-08-15,896.9288330078125,1250.0,1250.0,1250.0,1250.0,200
2006-08-16,901.2341918945312,1256.0,1256.0,1250.0,1255.0,3300
2006-08-17,899.0816040039062,1253.0,1260.0,1253.0,1256.0,1000
2006-08-18,911.2796630859376,1270.0,1270.0,1255.0,1255.0,1600
2006-08-21,922.0430908203124,1285.0,1311.0,1270.0,1300.0,1700
2006-08-22,918.455078125,1280.0,1280.0,1280.0,1280.0,200
2006-08-23,932.8062744140624,1300.0,1300.0,1300.0,1300.0,100
2006-08-24,936.3939208984376,1305.0,1305.0,1295.0,1300.0,2200
2006-08-25,936.3939208984376,1305.0,1327.0,1300.0,1310.0,1300
2006-08-28,968.6832885742188,1350.0,1385.0,1331.0,1385.0,2900
2006-08-29,970.8357543945312,1353.0,1360.0,1353.0,1359.0,600
2006-08-30,986.6218872070312,1375.0,1375.0,1373.0,1373.0,700
2006-08-31,975.858642578125,1360.0,1376.0,1360.0,1375.0,4800
2006-09-01,932.8062744140624,1300.0,1370.0,1300.0,1370.0,2700
2006-09-04,932.8062744140624,1300.0,1319.0,1298.0,1312.0,1700
2006-09-05,939.2640991210938,1309.0,1310.0,1305.0,1310.0,700
2006-09-06,940.6993408203124,1311.0,1316.0,1311.0,1316.0,400
2006-09-07,932.8062744140624,1300.0,1311.0,1300.0,1311.0,2400
2006-09-08,939.9815063476562,1310.0,1310.0,1300.0,1300.0,700
2006-09-11,939.9815063476562,1310.0,1310.0,1310.0,1310.0,100
2006-09-12,939.9815063476562,1310.0,1310.0,1302.0,1302.0,400
2006-09-13,954.3323974609376,1330.0,1330.0,1312.0,1312.0,1700
2006-09-14,933.5237426757812,1301.0,1360.0,1301.0,1350.0,4800
2006-09-15,926.3480224609376,1291.0,1303.0,1291.0,1303.0,400
2006-09-18,926.3480224609376,1291.0,1291.0,1291.0,1291.0,0
2006-09-19,918.455078125,1280.0,1293.0,1280.0,1293.0,1500
2006-09-20,906.9745483398438,1264.0,1280.0,1261.0,1280.0,2400
2006-09-21,906.2568359375,1263.0,1266.0,1263.0,1266.0,1000
2006-09-22,891.1885375976562,1242.0,1252.0,1242.0,1252.0,600
2006-09-25,891.1885375976562,1242.0,1242.0,1222.0,1223.0,500
2006-09-26,904.8219604492188,1261.0,1310.0,1259.0,1310.0,2300
2006-09-27,904.8219604492188,1261.0,1261.0,1261.0,1261.0,100
2006-09-28,904.1044311523438,1260.0,1263.0,1260.0,1263.0,300
2006-09-29,917.7377319335938,1279.0,1279.0,1279.0,1279.0,100
2006-10-02,911.2796630859376,1270.0,1280.0,1270.0,1276.0,3300
2006-10-03,912.7149658203124,1272.0,1280.0,1271.0,1271.0,500
2006-10-04,911.997314453125,1271.0,1272.0,1265.0,1272.0,700
2006-10-05,916.3026123046876,1277.0,1277.0,1265.0,1270.0,3700
2006-10-06,911.2796630859376,1270.0,1275.0,1270.0,1275.0,600
2006-10-09,911.2796630859376,1270.0,1270.0,1270.0,1270.0,0
2006-10-10,910.562255859375,1269.0,1269.0,1262.0,1262.0,1000
2006-10-11,906.9745483398438,1264.0,1275.0,1264.0,1270.0,1200
2006-10-12,896.9288330078125,1250.0,1264.0,1250.0,1264.0,1800
2006-10-13,894.0587768554688,1246.0,1260.0,1205.0,1258.0,5100
2006-10-16,878.9902954101562,1225.0,1226.0,1225.0,1226.0,5100
2006-10-17,876.8378295898438,1222.0,1245.0,1222.0,1245.0,1300
2006-10-18,878.9902954101562,1225.0,1225.0,1220.0,1220.0,200
2006-10-19,882.578125,1230.0,1233.0,1228.0,1233.0,500
2006-10-20,874.6849365234375,1219.0,1229.0,1216.0,1229.0,900
2006-10-23,881.14306640625,1228.0,1230.0,1219.0,1230.0,2900
2006-10-24,875.402587890625,1220.0,1222.0,1218.0,1222.0,1300
2006-10-25,878.9902954101562,1225.0,1225.0,1211.0,1211.0,1300
2006-10-26,875.402587890625,1220.0,1245.0,1220.0,1245.0,3000
2006-10-27,861.0518188476562,1200.0,1208.0,1200.0,1208.0,2700
2006-10-30,861.0518188476562,1200.0,1200.0,1200.0,1200.0,600
2006-10-31,861.0518188476562,1200.0,1200.0,1194.0,1194.0,800
2006-11-01,861.0518188476562,1200.0,1209.0,1200.0,1209.0,200
2006-11-02,857.464111328125,1195.0,1204.0,1195.0,1204.0,700
2006-11-03,857.464111328125,1195.0,1195.0,1195.0,1195.0,0
2006-11-06,857.464111328125,1195.0,1195.0,1190.0,1191.0,900
2006-11-07,853.8761596679688,1190.0,1195.0,1190.0,1195.0,600
2006-11-08,853.8761596679688,1190.0,1193.0,1190.0,1193.0,300
2006-11-09,850.2886352539062,1185.0,1189.0,1182.0,1184.0,2300
2006-11-10,843.8306884765625,1176.0,1184.0,1176.0,1176.0,400
2006-11-13,850.2886352539062,1185.0,1185.0,1181.0,1183.0,1700
2006-11-14,862.48681640625,1202.0,1205.0,1183.0,1205.0,4900
2006-11-15,851.0061645507812,1186.0,1200.0,1186.0,1200.0,500
2006-11-16,851.0061645507812,1186.0,1199.0,1186.0,1199.0,400
2006-11-17,853.8761596679688,1190.0,1190.0,1185.0,1186.0,600
2006-11-20,857.464111328125,1195.0,1199.0,1180.0,1190.0,600
2006-11-21,835.9378051757812,1165.0,1175.0,1165.0,1175.0,1100
2006-11-22,835.9378051757812,1165.0,1170.0,1163.0,1165.0,400
2006-11-23,835.9378051757812,1165.0,1165.0,1165.0,1165.0,0
2006-11-24,850.2886352539062,1185.0,1185.0,1185.0,1185.0,800
2006-11-27,861.0518188476562,1200.0,1200.0,1200.0,1200.0,2100
2006-11-28,844.5482788085938,1177.0,1200.0,1176.0,1200.0,500
2006-11-29,853.8761596679688,1190.0,1190.0,1190.0,1190.0,0
2006-11-30,847.4183959960938,1181.0,1181.0,1181.0,1181.0,1100
2006-12-01,853.8761596679688,1190.0,1190.0,1181.0,1181.0,300
2006-12-04,852.4412841796875,1188.0,1199.0,1188.0,1190.0,1100
2006-12-05,857.464111328125,1195.0,1195.0,1195.0,1195.0,500
2006-12-06,856.7464599609375,1194.0,1195.0,1191.0,1195.0,1200
2006-12-07,861.0518188476562,1200.0,1200.0,1195.0,1195.0,1400
2006-12-08,853.8761596679688,1190.0,1196.0,1190.0,1196.0,1100
2006-12-11,853.8761596679688,1190.0,1210.0,1190.0,1210.0,4900
2006-12-12,861.0518188476562,1200.0,1200.0,1197.0,1200.0,1300
2006-12-13,880.4254760742188,1227.0,1227.0,1202.0,1202.0,3200
2006-12-14,896.9288330078125,1250.0,1289.0,1248.0,1288.0,11800
2006-12-15,917.0202026367188,1278.0,1279.0,1253.0,1270.0,3000
2006-12-18,897.6465454101562,1251.0,1278.0,1251.0,1278.0,1500
2006-12-19,897.6465454101562,1251.0,1251.0,1251.0,1251.0,200
2006-12-20,896.9288330078125,1250.0,1251.0,1231.0,1231.0,400
2006-12-21,889.75341796875,1240.0,1240.0,1232.0,1232.0,200
2006-12-22,886.8831787109375,1236.0,1240.0,1233.0,1240.0,800
2006-12-25,893.3411254882812,1245.0,1245.0,1233.0,1234.0,2300
2006-12-26,894.7764282226562,1247.0,1248.0,1247.0,1248.0,2500
2006-12-27,892.62353515625,1244.0,1244.0,1230.0,1230.0,300
2006-12-28,884.7307739257812,1233.0,1233.0,1233.0,1233.0,0
2006-12-29,891.9061279296875,1243.0,1243.0,1243.0,1243.0,300
2007-01-04,887.6008911132812,1237.0,1237.0,1225.0,1225.0,1700
2007-01-05,876.1201782226562,1221.0,1221.0,1201.0,1220.0,600
2007-01-09,882.578125,1230.0,1230.0,1221.0,1225.0,1100
2007-01-10,868.227294921875,1210.0,1220.0,1201.0,1220.0,3700
2007-01-11,876.8378295898438,1222.0,1222.0,1211.0,1220.0,1100
2007-01-12,869.662353515625,1212.0,1223.0,1212.0,1220.0,2900
2007-01-15,864.6397094726562,1205.0,1211.0,1191.0,1199.0,5500
2007-01-16,861.0518188476562,1200.0,1200.0,1200.0,1200.0,400
2007-01-17,861.0518188476562,1200.0,1209.0,1198.0,1200.0,1500
2007-01-18,864.6397094726562,1205.0,1205.0,1199.0,1201.0,2500
2007-01-19,858.8990478515625,1197.0,1206.0,1195.0,1206.0,4100
2007-01-22,868.227294921875,1210.0,1214.0,1202.0,1203.0,2100
2007-01-23,873.9675903320312,1218.0,1218.0,1218.0,1218.0,0
2007-01-24,871.8150634765625,1215.0,1215.0,1211.0,1213.0,800
2007-01-25,875.402587890625,1220.0,1220.0,1216.0,1216.0,1700
2007-01-26,871.8150634765625,1215.0,1224.0,1215.0,1224.0,2600
2007-01-29,868.227294921875,1210.0,1210.0,1204.0,1204.0,1700
2007-01-30,871.8150634765625,1215.0,1215.0,1212.0,1215.0,600
2007-01-31,868.227294921875,1210.0,1215.0,1210.0,1215.0,1800
2007-02-01,868.227294921875,1210.0,1215.0,1210.0,1212.0,2300
2007-02-02,872.5324096679688,1216.0,1220.0,1210.0,1215.0,3300
2007-02-05,870.3798217773438,1213.0,1226.0,1213.0,1226.0,2500
2007-02-06,880.4254760742188,1227.0,1227.0,1215.0,1215.0,500
2007-02-07,868.227294921875,1210.0,1214.0,1210.0,1214.0,1400
2007-02-08,866.792236328125,1208.0,1215.0,1206.0,1215.0,2000
2007-02-09,870.3798217773438,1213.0,1216.0,1213.0,1215.0,2700
2007-02-13,882.578125,1230.0,1230.0,1212.0,1212.0,2800
2007-02-14,878.9902954101562,1225.0,1230.0,1214.0,1221.0,5600
2007-02-15,878.9902954101562,1225.0,1225.0,1214.0,1218.0,1200
2007-02-16,877.5552978515625,1223.0,1230.0,1219.0,1224.0,1100
2007-02-19,875.402587890625,1220.0,1221.0,1220.0,1221.0,500
2007-02-20,878.9902954101562,1225.0,1225.0,1221.0,1221.0,900
2007-02-21,877.5552978515625,1223.0,1223.0,1220.0,1223.0,2200
2007-02-22,877.5552978515625,1223.0,1223.0,1218.0,1218.0,1900
2007-02-23,878.9902954101562,1225.0,1225.0,1222.0,1222.0,2700
2007-02-26,878.9902954101562,1225.0,1225.0,1223.0,1224.0,5700
2007-02-27,871.8150634765625,1215.0,1225.0,1215.0,1225.0,2600
2007-02-28,861.0518188476562,1200.0,1210.0,1185.0,1210.0,4600
2007-03-01,867.5095825195312,1209.0,1209.0,1200.0,1200.0,1700
2007-03-02,857.464111328125,1195.0,1203.0,1192.0,1203.0,1500
2007-03-05,848.135986328125,1182.0,1195.0,1182.0,1194.0,3500
2007-03-06,843.8306884765625,1176.0,1195.0,1176.0,1181.0,1800
2007-03-07,857.464111328125,1195.0,1200.0,1195.0,1200.0,900
2007-03-08,868.227294921875,1210.0,1210.0,1199.0,1200.0,500
2007-03-09,861.0518188476562,1200.0,1200.0,1199.0,1200.0,1400
2007-03-12,861.0518188476562,1200.0,1200.0,1195.0,1200.0,2900
2007-03-13,869.662353515625,1212.0,1216.0,1208.0,1208.0,600
2007-03-14,861.0518188476562,1200.0,1213.0,1183.0,1213.0,9300
2007-03-15,861.0518188476562,1200.0,1200.0,1197.0,1200.0,400
2007-03-16,854.5941162109375,1191.0,1200.0,1191.0,1200.0,600
2007-03-19,853.8761596679688,1190.0,1190.0,1172.0,1189.0,1800
2007-03-20,853.1588134765625,1189.0,1189.0,1181.0,1181.0,1000
2007-03-22,848.8536376953125,1183.0,1189.0,1183.0,1189.0,2200
2007-03-23,851.7235107421875,1187.0,1187.0,1184.0,1185.0,4900
2007-03-26,854.5941162109375,1191.0,1191.0,1180.0,1187.0,8700
2007-03-27,841.5464477539062,1161.0,1163.0,1160.0,1163.0,2500
2007-03-28,841.5464477539062,1161.0,1161.0,1161.0,1161.0,700
2007-03-29,837.1974487304688,1155.0,1161.0,1155.0,1161.0,1300
2007-03-30,840.8216552734375,1160.0,1160.0,1151.0,1151.0,600
2007-04-02,835.74755859375,1153.0,1158.0,1153.0,1157.0,500
2007-04-03,835.02294921875,1152.0,1153.0,1152.0,1153.0,400
2007-04-04,834.2980346679688,1151.0,1159.0,1151.0,1159.0,300
2007-04-05,829.9490966796875,1145.0,1150.0,1145.0,1150.0,500
2007-04-09,833.5733642578125,1150.0,1150.0,1150.0,1150.0,600
2007-04-10,834.2980346679688,1151.0,1160.0,1151.0,1160.0,700
2007-04-11,832.8485717773438,1149.0,1151.0,1147.0,1147.0,1100
2007-04-12,833.5733642578125,1150.0,1150.0,1145.0,1145.0,1300
2007-04-13,845.8958740234375,1167.0,1167.0,1149.0,1151.0,1700
2007-04-16,839.3722534179688,1158.0,1160.0,1158.0,1160.0,4400
2007-04-17,829.22412109375,1144.0,1146.0,1144.0,1146.0,500
2007-04-18,833.5733642578125,1150.0,1150.0,1144.0,1150.0,300
2007-04-19,827.7745971679688,1142.0,1142.0,1142.0,1142.0,100
2007-04-23,814.7271118164062,1124.0,1126.0,1124.0,1126.0,900
2007-04-24,822.7007446289062,1135.0,1138.0,1135.0,1138.0,700
2007-04-25,822.7007446289062,1135.0,1140.0,1135.0,1140.0,300
2007-04-26,833.5733642578125,1150.0,1175.0,1150.0,1175.0,2700
2007-04-27,818.3515625,1129.0,1131.0,1129.0,1131.0,900
2007-05-01,832.8485717773438,1149.0,1149.0,1149.0,1149.0,0
2007-05-02,826.3246459960938,1140.0,1140.0,1132.0,1133.0,300
2007-05-07,833.5733642578125,1150.0,1150.0,1142.0,1150.0,900
2007-05-08,834.2980346679688,1151.0,1151.0,1151.0,1151.0,200
2007-05-09,827.049560546875,1141.0,1150.0,1141.0,1150.0,700
2007-05-10,833.5733642578125,1150.0,1150.0,1145.0,1150.0,700
2007-05-11,844.4459838867188,1165.0,1165.0,1150.0,1150.0,500
2007-05-14,832.8485717773438,1149.0,1205.0,1149.0,1205.0,4700
2007-05-15,835.74755859375,1153.0,1165.0,1153.0,1153.0,0
2007-05-16,802.4050903320312,1107.0,1110.0,1106.0,1110.0,2300
2007-05-17,829.22412109375,1144.0,1144.0,1128.0,1128.0,600
2007-05-18,827.049560546875,1141.0,1144.0,1141.0,1144.0,400
2007-05-21,827.049560546875,1141.0,1141.0,1141.0,1141.0,100
2007-05-22,816.177001953125,1126.0,1129.0,1126.0,1129.0,500
2007-05-23,816.9017944335938,1127.0,1127.0,1126.0,1126.0,200
2007-05-24,816.177001953125,1126.0,1130.0,1126.0,1130.0,3600
2007-05-25,818.3515625,1129.0,1129.0,1107.0,1107.0,1200
2007-05-28,815.4520874023438,1125.0,1145.0,1125.0,1145.0,2800
2007-05-29,808.2036743164062,1115.0,1115.0,1115.0,1115.0,300
2007-05-30,806.7540893554688,1113.0,1115.0,1112.0,1115.0,1500
2007-06-01,809.6534423828125,1117.0,1117.0,1108.0,1108.0,500
2007-06-04,806.0291748046875,1112.0,1119.0,1110.0,1118.0,1400
2007-06-05,806.0291748046875,1112.0,1112.0,1112.0,1112.0,300
2007-06-06,806.7540893554688,1113.0,1113.0,1113.0,1113.0,100
2007-06-07,809.6534423828125,1117.0,1127.0,1110.0,1127.0,1300
2007-06-08,806.7540893554688,1113.0,1113.0,1113.0,1113.0,400
2007-06-11,811.8279418945312,1120.0,1120.0,1115.0,1115.0,500
2007-06-12,815.4520874023438,1125.0,1125.0,1121.0,1122.0,700
2007-06-13,823.4254760742188,1136.0,1136.0,1115.0,1132.0,3400
2007-06-14,817.6266479492188,1128.0,1128.0,1113.0,1116.0,5800
2007-06-15,817.6266479492188,1128.0,1128.0,1128.0,1128.0,100
2007-06-18,809.6534423828125,1117.0,1124.0,1114.0,1124.0,400
2007-06-19,817.6266479492188,1128.0,1128.0,1118.0,1118.0,900
2007-06-20,819.076171875,1130.0,1136.0,1120.0,1127.0,2800
2007-06-21,819.076171875,1130.0,1135.0,1130.0,1135.0,400
2007-06-22,812.552978515625,1121.0,1122.0,1120.0,1120.0,3200
2007-06-25,812.552978515625,1121.0,1121.0,1118.0,1120.0,2000
2007-06-26,802.4050903320312,1107.0,1121.0,1104.0,1121.0,3000
2007-06-27,808.2036743164062,1115.0,1115.0,1104.0,1104.0,1200
2007-06-28,798.0558471679688,1101.0,1105.0,1100.0,1102.0,2800
2007-06-29,798.7806396484375,1102.0,1120.0,1101.0,1101.0,1100
2007-07-02,800.9550170898438,1105.0,1105.0,1105.0,1105.0,100
2007-07-03,804.57958984375,1110.0,1110.0,1110.0,1110.0,100
2007-07-04,804.57958984375,1110.0,1110.0,1103.0,1103.0,800
2007-07-05,806.7540893554688,1113.0,1115.0,1111.0,1111.0,600
2007-07-06,816.177001953125,1126.0,1126.0,1125.0,1125.0,2400
2007-07-09,809.6534423828125,1117.0,1124.0,1110.0,1124.0,4000
2007-07-10,815.4520874023438,1125.0,1125.0,1116.0,1125.0,600
2007-07-11,816.177001953125,1126.0,1143.0,1126.0,1143.0,4500
2007-07-12,837.1974487304688,1155.0,1155.0,1145.0,1145.0,1100
2007-07-13,840.8216552734375,1160.0,1160.0,1148.0,1148.0,2800
2007-07-17,834.2980346679688,1151.0,1180.0,1151.0,1180.0,13200
2007-07-18,820.5260620117188,1132.0,1155.0,1132.0,1155.0,600
2007-07-19,820.5260620117188,1132.0,1168.0,1132.0,1132.0,0
2007-07-20,822.7007446289062,1135.0,1136.0,1135.0,1135.0,400
2007-07-23,819.076171875,1130.0,1134.0,1121.0,1134.0,2000
2007-07-24,816.9017944335938,1127.0,1130.0,1127.0,1130.0,300
2007-07-25,822.7007446289062,1135.0,1135.0,1128.0,1129.0,1200
2007-07-26,810.3779296875,1118.0,1179.0,1118.0,1179.0,3600
2007-07-27,804.57958984375,1110.0,1118.0,1102.0,1102.0,1000
2007-07-30,810.3779296875,1118.0,1118.0,1110.0,1110.0,1000
2007-07-31,810.3779296875,1118.0,1122.0,1118.0,1119.0,600
2007-08-01,806.0291748046875,1112.0,1118.0,1112.0,1118.0,400
2007-08-02,807.4788208007812,1114.0,1114.0,1110.0,1110.0,300
2007-08-03,804.57958984375,1110.0,1110.0,1110.0,1110.0,1000
2007-08-06,799.5055541992188,1103.0,1103.0,1103.0,1103.0,300
2007-08-07,805.3043823242188,1111.0,1111.0,1111.0,1111.0,100
2007-08-08,797.3309936523438,1100.0,1106.0,1100.0,1106.0,1700
2007-08-09,797.3309936523438,1100.0,1103.0,1100.0,1103.0,700
2007-08-10,800.2304077148438,1104.0,1104.0,1102.0,1102.0,400
2007-08-13,800.2304077148438,1104.0,1104.0,1104.0,1104.0,0
2007-08-14,811.8279418945312,1120.0,1135.0,1120.0,1135.0,4400
2007-08-15,808.2036743164062,1115.0,1116.0,1115.0,1116.0,400
2007-08-16,808.2036743164062,1115.0,1115.0,1080.0,1106.0,1300
2007-08-17,771.9613647460938,1065.0,1090.0,1065.0,1082.0,1200
2007-08-20,782.8340454101562,1080.0,1100.0,1080.0,1100.0,300
2007-08-21,778.4850463867188,1074.0,1074.0,1072.0,1072.0,300
2007-08-22,775.5855712890625,1070.0,1074.0,1070.0,1074.0,300
2007-08-23,790.08251953125,1090.0,1090.0,1090.0,1090.0,100
2007-08-24,790.08251953125,1090.0,1090.0,1089.0,1089.0,1000
2007-08-27,815.4520874023438,1125.0,1125.0,1090.0,1090.0,4400
2007-08-28,786.4581298828125,1085.0,1085.0,1085.0,1085.0,200
2007-08-29,782.8340454101562,1080.0,1100.0,1080.0,1080.0,0
2007-08-30,782.8340454101562,1080.0,1081.0,1080.0,1081.0,300
2007-09-03,781.3843383789062,1078.0,1080.0,1076.0,1080.0,2100
2007-09-04,783.5589599609375,1081.0,1081.0,1081.0,1081.0,100
2007-09-05,779.9347534179688,1076.0,1081.0,1076.0,1076.0,900
2007-09-06,772.6860961914062,1066.0,1066.0,1066.0,1066.0,100
2007-09-07,775.5855712890625,1070.0,1080.0,1070.0,1070.0,0
2007-09-10,777.7601318359375,1073.0,1074.0,1073.0,1074.0,400
2007-09-11,775.5855712890625,1070.0,1075.0,1061.0,1075.0,600
2007-09-12,783.5589599609375,1081.0,1081.0,1074.0,1078.0,600
2007-09-13,789.3575439453125,1089.0,1089.0,1085.0,1085.0,2300
2007-09-14,768.3370361328125,1060.0,1087.0,1060.0,1087.0,4400
2007-09-18,768.3370361328125,1060.0,1065.0,1052.0,1065.0,500
2007-09-19,766.1626586914062,1057.0,1058.0,1057.0,1058.0,400
2007-09-20,766.1626586914062,1057.0,1057.0,1057.0,1057.0,100
2007-09-21,761.0886840820312,1050.0,1062.0,1050.0,1062.0,1100
2007-09-25,747.8906860351562,1020.0,1050.0,1020.0,1050.0,2300
2007-09-26,755.9561157226562,1031.0,1090.0,1031.0,1090.0,2700
2007-09-27,769.887451171875,1050.0,1050.0,1035.0,1035.0,200
2007-09-28,761.8219604492188,1039.0,1054.0,1039.0,1039.0,0
2007-10-01,770.6206665039062,1051.0,1070.0,1051.0,1070.0,400
2007-10-02,775.0200805664062,1057.0,1065.0,1057.0,1065.0,500
2007-10-03,769.887451171875,1050.0,1056.0,1050.0,1056.0,600
2007-10-04,765.4880981445312,1044.0,1054.0,1031.0,1054.0,1400
2007-10-05,761.8219604492188,1039.0,1039.0,1039.0,1039.0,200
2007-10-09,768.4212036132812,1048.0,1051.0,1048.0,1051.0,400
2007-10-10,777.2195434570312,1060.0,1060.0,1050.0,1051.0,400
2007-10-11,779.4193725585938,1063.0,1063.0,1061.0,1061.0,200
2007-10-12,789.6846313476562,1077.0,1077.0,1063.0,1063.0,1700
2007-10-15,777.2195434570312,1060.0,1094.0,1060.0,1094.0,4600
2007-10-16,777.9529418945312,1061.0,1077.0,1061.0,1061.0,0
2007-10-17,777.2195434570312,1060.0,1061.0,1060.0,1060.0,300
2007-10-18,750.0902709960938,1023.0,1023.0,1023.0,1023.0,1000
2007-10-19,748.6239013671875,1021.0,1030.0,1019.0,1023.0,2500
2007-10-22,744.2246704101562,1015.0,1048.0,1015.0,1015.0,0
2007-10-23,744.2246704101562,1015.0,1023.0,1015.0,1023.0,1000
2007-10-24,755.2230224609375,1030.0,1030.0,1017.0,1017.0,1500
2007-10-25,755.2230224609375,1030.0,1031.0,1025.0,1031.0,1700
2007-10-26,759.6222534179688,1036.0,1039.0,1036.0,1039.0,2500
2007-10-29,745.6910400390625,1017.0,1036.0,1017.0,1017.0,0
2007-10-30,744.957763671875,1016.0,1023.0,1016.0,1016.0,0
2007-10-31,745.6910400390625,1017.0,1017.0,1016.0,1017.0,800
2007-11-01,745.6910400390625,1017.0,1017.0,1016.0,1017.0,2400
2007-11-02,744.957763671875,1016.0,1019.0,1016.0,1017.0,3800
2007-11-05,718.5615234375,980.0,980.0,960.0,980.0,16900
2007-11-06,703.8970336914062,960.0,969.0,960.0,961.0,1300
2007-11-07,702.4307250976562,958.0,962.0,951.0,961.0,8900
2007-11-08,698.03125,952.0,965.0,931.0,965.0,5100
2007-11-09,696.5648193359375,950.0,952.0,950.0,952.0,6900
2007-11-12,695.8316650390625,949.0,949.0,938.0,938.0,700
2007-11-13,705.3634033203125,962.0,998.0,942.0,942.0,2100
2007-11-14,711.9625244140625,971.0,972.0,971.0,972.0,4900
2007-11-15,711.9625244140625,971.0,971.0,969.0,969.0,400
2007-11-16,707.5631713867188,965.0,971.0,965.0,971.0,200
2007-11-19,692.8986206054688,945.0,965.0,945.0,965.0,300
2007-11-20,692.8986206054688,945.0,965.0,945.0,945.0,0
2007-11-21,717.8284301757812,979.0,979.0,979.0,979.0,100
2007-11-22,703.8970336914062,960.0,974.0,960.0,974.0,11300
2007-11-26,708.29638671875,966.0,970.0,960.0,970.0,3300
2007-11-27,718.5615234375,980.0,980.0,970.0,970.0,200
2007-11-29,711.2291259765625,970.0,970.0,962.0,970.0,300
2007-11-30,709.7628173828125,968.0,968.0,968.0,968.0,100
2007-12-03,703.8970336914062,960.0,986.0,960.0,960.0,0
2007-12-04,711.2291259765625,970.0,970.0,968.0,968.0,1600
2007-12-05,714.8955078125,975.0,975.0,970.0,970.0,300
2007-12-06,711.2291259765625,970.0,974.0,968.0,974.0,1400
2007-12-07,711.2291259765625,970.0,972.0,970.0,972.0,500
2007-12-10,722.9609375,986.0,986.0,975.0,975.0,2900
2007-12-11,725.8939208984375,990.0,1000.0,990.0,996.0,6700
2007-12-12,733.2261962890625,1000.0,1000.0,991.0,991.0,1900
2007-12-13,732.492919921875,999.0,1000.0,999.0,1000.0,700
2007-12-14,727.3604125976562,992.0,1029.0,992.0,1029.0,15900
2007-12-17,720.7613525390625,983.0,999.0,981.0,999.0,500
2007-12-18,718.5615234375,980.0,980.0,980.0,980.0,2100
2007-12-19,733.2261962890625,1000.0,1000.0,980.0,980.0,200
2007-12-20,733.2261962890625,1000.0,1000.0,1000.0,1000.0,300
2007-12-21,711.2291259765625,970.0,981.0,964.0,981.0,2300
2007-12-25,711.2291259765625,970.0,989.0,970.0,985.0,1500
2007-12-26,720.028076171875,982.0,983.0,982.0,983.0,2800
2007-12-27,720.028076171875,982.0,982.0,982.0,982.0,100
2008-01-04,713.4290771484375,973.0,983.0,973.0,981.0,400
2008-01-08,729.5599975585938,995.0,995.0,975.0,975.0,400
2008-01-09,722.2276611328125,985.0,985.0,965.0,985.0,500
2008-01-10,717.8284301757812,979.0,979.0,976.0,976.0,200
2008-01-11,732.492919921875,999.0,1000.0,985.0,985.0,1700
2008-01-15,714.1622314453125,974.0,999.0,974.0,999.0,5300
2008-01-16,673.1015625,918.0,964.0,918.0,964.0,2200
2008-01-17,675.3012084960938,921.0,968.0,921.0,968.0,500
2008-01-18,681.9002685546875,930.0,945.0,912.0,916.0,600
2008-01-21,689.2325439453125,940.0,941.0,930.0,940.0,400
2008-01-22,661.369873046875,902.0,918.0,902.0,918.0,600
2008-01-23,676.0345458984375,922.0,922.0,922.0,922.0,200
2008-01-25,697.2980346679688,951.0,951.0,941.0,941.0,500
2008-01-28,697.2980346679688,951.0,995.0,951.0,991.0,3200
2008-01-30,711.2291259765625,970.0,970.0,970.0,970.0,100
2008-01-31,698.7645874023438,953.0,963.0,953.0,963.0,200
2008-02-01,697.2980346679688,951.0,967.0,951.0,967.0,400
2008-02-04,708.29638671875,966.0,966.0,958.0,958.0,300
2008-02-05,711.2291259765625,970.0,970.0,970.0,970.0,1000
2008-02-06,713.4290771484375,973.0,980.0,973.0,980.0,300
2008-02-07,714.8955078125,975.0,975.0,975.0,975.0,200
2008-02-08,714.8955078125,975.0,984.0,975.0,984.0,400
2008-02-12,723.694091796875,987.0,990.0,987.0,987.0,900
2008-02-13,732.492919921875,999.0,999.0,980.0,990.0,2300
2008-02-14,726.6271362304688,991.0,1001.0,991.0,1001.0,5000
2008-02-15,733.2261962890625,1000.0,1000.0,985.0,985.0,300
2008-02-18,704.6303100585938,961.0,998.0,961.0,998.0,700
2008-02-19,731.0265502929688,997.0,997.0,997.0,997.0,100
2008-02-21,733.2261962890625,1000.0,1000.0,971.0,971.0,900
2008-02-22,733.2261962890625,1000.0,1000.0,1000.0,1000.0,200
2008-02-25,739.0919189453125,1008.0,1008.0,1000.0,1000.0,2100
2008-02-26,721.4945068359375,984.0,1050.0,984.0,1050.0,2500
2008-02-27,763.288330078125,1041.0,1041.0,1041.0,1041.0,100
2008-02-28,735.4257202148438,1003.0,1003.0,1001.0,1001.0,200
2008-02-29,744.2246704101562,1015.0,1015.0,1003.0,1003.0,200
2008-03-03,741.2915649414062,1011.0,1011.0,1011.0,1011.0,100
2008-03-04,744.2246704101562,1015.0,1025.0,1015.0,1025.0,600
2008-03-05,733.2261962890625,1000.0,1011.0,1000.0,1011.0,1700
2008-03-06,744.2246704101562,1015.0,1015.0,1015.0,1015.0,100
2008-03-07,728.093505859375,993.0,1000.0,993.0,997.0,400
2008-03-10,724.427490234375,988.0,988.0,986.0,986.0,500
2008-03-11,720.028076171875,982.0,986.0,954.0,986.0,1300
2008-03-12,723.694091796875,987.0,992.0,987.0,992.0,200
2008-03-13,736.1589965820312,1004.0,1006.0,995.0,997.0,1100
2008-03-14,718.5615234375,980.0,989.0,980.0,989.0,4800
2008-03-17,696.5648193359375,950.0,978.0,950.0,978.0,1300
2008-03-18,672.3684692382812,917.0,920.0,917.0,920.0,400
2008-03-19,681.9002685546875,930.0,930.0,920.0,920.0,1200
2008-03-21,692.8986206054688,945.0,945.0,931.0,931.0,200
2008-03-24,714.8955078125,975.0,975.0,945.0,945.0,1900
2008-03-25,725.1607055664062,989.0,989.0,984.0,985.0,3000
2008-03-26,707.5631713867188,965.0,997.0,965.0,997.0,2700
2008-03-27,693.6319580078125,946.0,956.0,946.0,956.0,200
2008-03-28,693.6319580078125,946.0,946.0,945.0,945.0,300
2008-03-31,681.9002685546875,930.0,936.0,930.0,936.0,1000
2008-04-01,678.2341918945312,925.0,932.0,925.0,932.0,1600
2008-04-02,685.5664672851562,935.0,935.0,930.0,930.0,200
2008-04-03,681.1669921875,929.0,929.0,925.0,927.0,400
2008-04-07,690.6990966796875,942.0,942.0,942.0,942.0,100
2008-04-09,686.2996215820312,936.0,942.0,936.0,942.0,200
2008-04-10,681.1669921875,929.0,931.0,926.0,931.0,1700
2008-04-11,690.6990966796875,942.0,942.0,930.0,930.0,1700
2008-04-14,695.0984497070312,948.0,948.0,924.0,948.0,6500
2008-04-15,667.9690551757812,911.0,927.0,901.0,918.0,2800
2008-04-16,667.9690551757812,911.0,911.0,911.0,911.0,100
2008-04-17,681.1669921875,929.0,929.0,925.0,925.0,200
2008-04-21,681.1669921875,929.0,929.0,914.0,929.0,1400
2008-04-24,675.3012084960938,921.0,921.0,921.0,921.0,100
2008-04-25,668.7022094726562,912.0,925.0,904.0,925.0,2000
2008-04-28,679.70068359375,927.0,927.0,927.0,927.0,2600
2008-04-30,664.3028564453125,906.0,925.0,906.0,924.0,800
2008-05-01,672.3684692382812,917.0,917.0,917.0,917.0,400
2008-05-07,669.4354858398438,913.0,917.0,912.0,913.0,1100
2008-05-08,665.7693481445312,908.0,911.0,908.0,911.0,1100
2008-05-09,665.7693481445312,908.0,911.0,901.0,909.0,2000
2008-05-12,672.3684692382812,917.0,917.0,900.0,908.0,2300
2008-05-13,673.834716796875,919.0,919.0,915.0,917.0,1300
2008-05-14,674.5679931640625,920.0,920.0,920.0,920.0,5400
2008-05-15,665.0360717773438,907.0,907.0,902.0,905.0,1500
2008-05-16,663.5697021484375,905.0,917.0,905.0,917.0,2600
2008-05-19,670.1687622070312,914.0,914.0,904.0,904.0,200
2008-05-20,668.7022094726562,912.0,914.0,905.0,912.0,1900
2008-05-21,663.5697021484375,905.0,913.0,905.0,912.0,1200
2008-05-22,663.5697021484375,905.0,906.0,901.0,906.0,900
2008-05-23,667.2357177734375,910.0,910.0,902.0,902.0,1300
2008-05-26,661.369873046875,902.0,913.0,902.0,913.0,2700
2008-05-27,663.5697021484375,905.0,905.0,905.0,905.0,100
2008-05-29,659.9035034179688,900.0,900.0,900.0,900.0,700
2008-05-30,663.5697021484375,905.0,905.0,905.0,905.0,2100
2008-06-02,656.9706420898438,896.0,896.0,896.0,896.0,500
2008-06-03,656.9706420898438,896.0,896.0,896.0,896.0,100
2008-06-04,659.9035034179688,900.0,900.0,900.0,900.0,400
2008-06-05,670.9020385742188,915.0,915.0,905.0,905.0,1400
2008-06-06,672.3684692382812,917.0,917.0,908.0,915.0,600
2008-06-09,668.7022094726562,912.0,912.0,912.0,912.0,200
2008-06-10,675.3012084960938,921.0,921.0,911.0,919.0,800
2008-06-11,680.4337768554688,928.0,928.0,928.0,928.0,300
2008-06-12,692.8986206054688,945.0,945.0,942.0,942.0,800
2008-06-13,682.633544921875,931.0,946.0,930.0,945.0,2300
2008-06-16,694.3651733398438,947.0,947.0,947.0,947.0,5000
2008-06-18,681.9002685546875,930.0,930.0,930.0,930.0,100
2008-06-19,662.1032104492188,903.0,924.0,903.0,923.0,3900
2008-06-20,669.4354858398438,913.0,913.0,913.0,913.0,100
2008-06-23,676.7677612304688,923.0,923.0,913.0,923.0,500
2008-06-24,670.9020385742188,915.0,915.0,906.0,913.0,2100
2008-06-25,678.96728515625,926.0,926.0,912.0,912.0,1800
2008-06-26,685.5664672851562,935.0,936.0,935.0,936.0,3200
2008-06-27,685.5664672851562,935.0,935.0,918.0,918.0,2600
2008-06-30,692.1654663085938,944.0,944.0,927.0,927.0,1400
2008-07-01,694.3651733398438,947.0,947.0,947.0,947.0,100
2008-07-02,685.5664672851562,935.0,937.0,933.0,937.0,1400
2008-07-03,679.70068359375,927.0,936.0,927.0,936.0,800
2008-07-07,682.633544921875,931.0,937.0,931.0,935.0,400
2008-07-08,701.6975708007812,957.0,957.0,957.0,957.0,2600
2008-07-09,709.0297241210938,967.0,967.0,960.0,967.0,400
2008-07-10,718.5615234375,980.0,980.0,970.0,970.0,1000
2008-07-11,744.2246704101562,1015.0,1015.0,991.0,999.0,8200
2008-07-14,731.7597045898438,998.0,1000.0,998.0,1000.0,14600
2008-07-15,689.2325439453125,940.0,940.0,940.0,940.0,200
2008-07-16,695.0984497070312,948.0,996.0,948.0,990.0,1200
2008-07-17,695.8316650390625,949.0,949.0,938.0,938.0,800
2008-07-18,681.9002685546875,930.0,940.0,930.0,940.0,200
2008-07-22,692.8986206054688,945.0,945.0,934.0,934.0,800
2008-07-23,686.2996215820312,936.0,936.0,936.0,936.0,1400
2008-07-24,696.5648193359375,950.0,950.0,937.0,937.0,400
2008-07-25,703.8970336914062,960.0,960.0,950.0,950.0,200
2008-07-28,702.4307250976562,958.0,958.0,958.0,958.0,2500
2008-07-31,697.2980346679688,951.0,951.0,951.0,951.0,100
2008-08-04,703.8970336914062,960.0,961.0,960.0,961.0,300
2008-08-05,696.5648193359375,950.0,950.0,950.0,950.0,200
2008-08-06,703.163818359375,959.0,959.0,959.0,959.0,100
2008-08-07,689.9656982421875,941.0,941.0,941.0,941.0,100
2008-08-08,692.1654663085938,944.0,944.0,944.0,944.0,100
2008-08-11,700.23095703125,955.0,964.0,955.0,964.0,300
2008-08-12,701.6975708007812,957.0,960.0,957.0,960.0,2300
2008-08-13,698.03125,952.0,960.0,952.0,959.0,900
2008-08-14,696.5648193359375,950.0,960.0,950.0,960.0,5700
2008-08-18,678.2341918945312,925.0,925.0,925.0,925.0,200
2008-08-19,686.2996215820312,936.0,936.0,936.0,936.0,100
2008-08-21,686.2996215820312,936.0,936.0,936.0,936.0,600
2008-08-22,689.2325439453125,940.0,940.0,939.0,939.0,200
2008-08-25,696.5648193359375,950.0,953.0,950.0,953.0,900
2008-08-26,718.5615234375,980.0,980.0,980.0,980.0,2400
2008-09-01,692.8986206054688,945.0,945.0,945.0,945.0,100
2008-09-02,678.2341918945312,925.0,945.0,921.0,945.0,1700
2008-09-03,678.2341918945312,925.0,925.0,915.0,915.0,1100
2008-09-04,678.2341918945312,925.0,926.0,925.0,926.0,300
2008-09-05,675.3012084960938,921.0,922.0,911.0,922.0,1200
2008-09-08,670.9020385742188,915.0,921.0,912.0,912.0,3500
2008-09-09,674.5679931640625,920.0,920.0,920.0,920.0,200
2008-09-10,681.1669921875,929.0,929.0,929.0,929.0,4000
2008-09-11,703.8970336914062,960.0,960.0,921.0,929.0,700
2008-09-12,721.4945068359375,984.0,984.0,967.0,975.0,1100
2008-09-16,685.5664672851562,935.0,974.0,935.0,974.0,5100
2008-09-17,678.2341918945312,925.0,935.0,925.0,927.0,700
2008-09-18,659.1702270507812,899.0,900.0,889.0,898.0,400
2008-09-19,663.5697021484375,905.0,905.0,905.0,905.0,200
2008-09-22,663.5697021484375,905.0,916.0,900.0,916.0,1900
2008-09-24,659.1702270507812,899.0,914.0,899.0,914.0,300
2008-09-25,662.1032104492188,903.0,903.0,900.0,900.0,900
2008-09-26,651.1047973632812,888.0,905.0,864.0,905.0,4300
2008-09-30,645.97216796875,881.0,881.0,881.0,881.0,400
2008-10-02,651.1047973632812,888.0,888.0,881.0,882.0,2600
2008-10-03,651.1047973632812,888.0,888.0,878.0,878.0,2100
2008-10-06,630.5744018554688,860.0,879.0,860.0,879.0,1000
2008-10-07,618.1095581054688,843.0,843.0,812.0,820.0,1100
2008-10-08,608.5779418945312,830.0,832.0,820.0,823.0,2800
2008-10-09,557.2518920898438,760.0,763.0,760.0,760.0,4200
2008-10-10,551.3860473632812,752.0,752.0,740.0,740.0,1700
2008-10-14,593.1800537109375,809.0,809.0,789.0,789.0,3300
2008-10-15,623.2421875,850.0,859.0,849.0,849.0,3500
2008-10-16,623.2421875,850.0,892.0,842.0,892.0,1400
2008-10-20,623.2421875,850.0,850.0,850.0,850.0,200
2008-10-21,637.90673828125,870.0,870.0,870.0,870.0,200
2008-10-24,623.9754638671875,851.0,880.0,851.0,870.0,800
2008-10-27,619.5762329101562,845.0,936.0,845.0,936.0,3900
2008-10-28,619.5762329101562,845.0,845.0,835.0,835.0,200
2008-10-29,626.9082641601562,855.0,869.0,851.0,854.0,1900
2008-11-05,615.9097900390625,840.0,840.0,840.0,840.0,600
2008-11-06,615.1766357421875,839.0,840.0,837.0,840.0,500
2008-11-07,615.9097900390625,840.0,840.0,839.0,839.0,400
2008-11-10,615.1766357421875,839.0,843.0,839.0,842.0,1900
2008-11-11,612.9769287109375,836.0,840.0,836.0,840.0,200
2008-11-12,615.1766357421875,839.0,840.0,828.0,840.0,1400
2008-11-13,615.1766357421875,839.0,840.0,834.0,839.0,2700
2008-11-14,615.1766357421875,839.0,839.0,839.0,839.0,5600
2008-11-17,621.0425415039062,847.0,847.0,809.0,809.0,1000
2008-11-18,606.3779907226562,827.0,827.0,827.0,827.0,200
2008-11-19,607.8444213867188,829.0,829.0,829.0,829.0,100
2008-11-20,594.6463623046875,811.0,811.0,811.0,811.0,500
2008-11-21,605.6448974609375,826.0,826.0,816.0,816.0,200
2008-11-25,615.1766357421875,839.0,839.0,806.0,836.0,4800
2008-11-26,597.579345703125,815.0,848.0,815.0,848.0,2800
2008-11-27,604.9114990234375,825.0,825.0,825.0,825.0,100
2008-11-28,594.6463623046875,811.0,820.0,810.0,810.0,1200
2008-12-01,607.1112670898438,828.0,828.0,822.0,822.0,300
2008-12-02,607.1112670898438,828.0,828.0,828.0,828.0,400
2008-12-04,607.8444213867188,829.0,829.0,819.0,819.0,300
2008-12-05,601.2454833984375,820.0,820.0,819.0,819.0,200
2008-12-08,604.9114990234375,825.0,825.0,820.0,820.0,400
2008-12-09,612.2437744140625,835.0,835.0,822.0,827.0,3300
2008-12-10,610.77734375,833.0,840.0,826.0,831.0,3500
2008-12-11,632.774169921875,863.0,863.0,863.0,863.0,5400
2008-12-12,634.9739379882812,866.0,866.0,860.0,860.0,4500
2008-12-15,666.5025634765625,909.0,910.0,909.0,909.0,16000
2008-12-16,627.6416625976562,856.0,949.0,855.0,949.0,3500
2008-12-17,645.2389526367188,880.0,881.0,880.0,881.0,200
2008-12-24,645.97216796875,881.0,881.0,880.0,880.0,200
2008-12-25,650.3715209960938,887.0,887.0,876.0,882.0,1800
2008-12-26,651.8379516601562,889.0,889.0,889.0,889.0,2700
2008-12-30,659.1702270507812,899.0,899.0,899.0,899.0,200
2009-01-05,630.5744018554688,860.0,860.0,840.0,840.0,2700
2009-01-06,616.6431884765625,841.0,851.0,841.0,850.0,1900
2009-01-07,619.5762329101562,845.0,850.0,845.0,845.0,600
2009-01-08,620.3093872070312,846.0,854.0,846.0,854.0,600
2009-01-09,623.2421875,850.0,855.0,850.0,855.0,200
2009-01-13,618.1095581054688,843.0,859.0,840.0,858.0,3800
2009-01-14,622.5090942382812,849.0,849.0,849.0,849.0,5200
2009-01-15,617.37646484375,842.0,843.0,842.0,843.0,300
2009-01-16,617.37646484375,842.0,848.0,848.0,848.0,2200
2009-01-19,617.37646484375,842.0,842.0,842.0,842.0,800
2009-01-20,617.37646484375,842.0,842.0,822.0,822.0,3900
2009-01-21,618.1095581054688,843.0,843.0,842.0,842.0,1200
2009-01-22,618.1095581054688,843.0,843.0,843.0,843.0,800
2009-01-23,618.8428955078125,844.0,844.0,844.0,844.0,1100
2009-01-26,615.9097900390625,840.0,874.0,840.0,874.0,4800
2009-01-27,607.8444213867188,829.0,829.0,820.0,820.0,900
2009-01-28,608.5779418945312,830.0,830.0,820.0,820.0,200
2009-01-29,608.5779418945312,830.0,830.0,830.0,830.0,100
2009-01-30,608.5779418945312,830.0,830.0,810.0,830.0,4500
2009-02-02,593.9131469726562,810.0,835.0,810.0,835.0,800
2009-02-04,595.3797607421875,812.0,820.0,812.0,820.0,800
2009-02-05,601.2454833984375,820.0,820.0,820.0,820.0,200
2009-02-06,601.9786376953125,821.0,821.0,821.0,821.0,1300
2009-02-10,604.9114990234375,825.0,825.0,820.0,820.0,1100
2009-02-12,612.2437744140625,835.0,835.0,820.0,826.0,1600
2009-02-13,609.3108520507812,831.0,835.0,820.0,835.0,3000
2009-02-16,638.6399536132812,871.0,871.0,871.0,871.0,5800
2009-02-17,612.2437744140625,835.0,840.0,835.0,840.0,1200
2009-02-20,604.9114990234375,825.0,841.0,822.0,841.0,1700
2009-02-23,614.4435424804688,838.0,840.0,835.0,840.0,600
2009-02-24,610.77734375,833.0,839.0,833.0,839.0,200
2009-02-25,610.77734375,833.0,840.0,821.0,835.0,3000
2009-02-26,602.7119140625,822.0,823.0,810.0,823.0,5900
2009-02-27,594.6463623046875,811.0,811.0,801.0,809.0,2300
2009-03-02,595.3797607421875,812.0,812.0,811.0,811.0,200
2009-03-03,594.6463623046875,811.0,811.0,809.0,811.0,1500
2009-03-05,599.7789306640625,818.0,818.0,818.0,818.0,100
2009-03-06,593.9131469726562,810.0,811.0,810.0,811.0,200
2009-03-09,596.11279296875,813.0,823.0,810.0,816.0,1500
2009-03-10,603.4452514648438,823.0,823.0,808.0,808.0,700
2009-03-11,604.1782836914062,824.0,829.0,823.0,824.0,600
2009-03-12,616.6431884765625,841.0,841.0,826.0,826.0,1000
2009-03-13,612.2437744140625,835.0,840.0,835.0,836.0,1700
2009-03-16,615.9097900390625,840.0,840.0,840.0,840.0,5900
2009-03-17,610.0441284179688,832.0,840.0,832.0,840.0,500
2009-03-19,615.1766357421875,839.0,839.0,839.0,839.0,100
2009-03-23,615.9097900390625,840.0,840.0,836.0,839.0,1800
2009-03-24,619.5762329101562,845.0,845.0,842.0,842.0,700
2009-03-25,651.8379516601562,889.0,889.0,854.0,855.0,3700
2009-03-26,627.6416625976562,856.0,917.0,856.0,917.0,2900
2009-03-27,625.4420166015625,853.0,857.0,853.0,857.0,200
2009-03-30,616.6431884765625,841.0,847.0,841.0,847.0,200
2009-03-31,616.6431884765625,841.0,841.0,841.0,841.0,100
2009-04-01,619.5762329101562,845.0,845.0,845.0,845.0,300
2009-04-03,612.2437744140625,835.0,835.0,835.0,835.0,400
2009-04-07,615.9097900390625,840.0,854.0,840.0,845.0,700
2009-04-08,620.3093872070312,846.0,846.0,846.0,846.0,100
2009-04-09,623.2421875,850.0,855.0,850.0,850.0,3000
2009-04-10,623.2421875,850.0,855.0,850.0,850.0,500
2009-04-13,623.2421875,850.0,855.0,850.0,854.0,1400
2009-04-14,619.5762329101562,845.0,892.0,845.0,892.0,5700
2009-04-16,618.8428955078125,844.0,846.0,844.0,846.0,300
2009-04-17,618.1095581054688,843.0,844.0,843.0,844.0,200
2009-04-20,611.5108032226562,834.0,834.0,834.0,834.0,500
2009-04-21,615.9097900390625,840.0,840.0,840.0,840.0,100
2009-04-24,638.6399536132812,871.0,871.0,850.0,850.0,700
2009-04-27,670.9020385742188,915.0,915.0,915.0,915.0,2500
2009-04-28,626.9082641601562,855.0,870.0,855.0,857.0,1000
2009-04-30,618.1095581054688,843.0,845.0,843.0,845.0,700
2009-05-01,611.5108032226562,834.0,837.0,834.0,836.0,5800
2009-05-07,618.8428955078125,844.0,844.0,837.0,837.0,200
2009-05-08,640.839599609375,874.0,874.0,854.0,854.0,300
2009-05-11,645.97216796875,881.0,891.0,881.0,891.0,400
2009-05-12,642.30615234375,876.0,884.0,875.0,884.0,4200
2009-05-13,637.90673828125,870.0,875.0,870.0,875.0,1800
2009-05-14,621.0425415039062,847.0,875.0,847.0,875.0,5400
2009-05-15,632.774169921875,863.0,869.0,851.0,851.0,800
2009-05-18,618.8428955078125,844.0,844.0,840.0,840.0,700
2009-05-19,623.9754638671875,851.0,851.0,850.0,850.0,200
2009-05-22,636.440185546875,868.0,868.0,868.0,868.0,100
2009-05-25,643.7726440429688,878.0,879.0,872.0,872.0,700
2009-05-26,648.1719360351562,884.0,884.0,884.0,884.0,2900
2009-06-02,634.9739379882812,866.0,890.0,855.0,880.0,2300
2009-06-03,642.30615234375,876.0,876.0,876.0,876.0,100
2009-06-04,656.2373657226562,895.0,895.0,895.0,895.0,200
2009-06-05,645.2389526367188,880.0,894.0,880.0,894.0,1100
2009-06-08,642.30615234375,876.0,888.0,873.0,888.0,900
2009-06-09,645.2389526367188,880.0,886.0,876.0,886.0,2900
2009-06-10,646.7056274414062,882.0,888.0,882.0,888.0,200
2009-06-11,667.2357177734375,910.0,910.0,891.0,891.0,1100
2009-06-12,667.9690551757812,911.0,920.0,910.0,917.0,6300
2009-06-15,659.9035034179688,900.0,920.0,900.0,920.0,5300
2009-06-16,659.9035034179688,900.0,900.0,900.0,900.0,1100
2009-06-17,659.9035034179688,900.0,900.0,887.0,887.0,1000
2009-06-18,670.1687622070312,914.0,914.0,900.0,900.0,200
2009-06-22,670.1687622070312,914.0,920.0,914.0,918.0,500
2009-06-23,667.9690551757812,911.0,911.0,904.0,904.0,1100
2009-06-24,670.1687622070312,914.0,914.0,914.0,914.0,200
2009-06-25,674.5679931640625,920.0,930.0,915.0,915.0,1900
2009-06-26,679.70068359375,927.0,927.0,927.0,927.0,2400
2009-06-30,679.70068359375,927.0,927.0,927.0,927.0,300
2009-07-01,679.70068359375,927.0,928.0,921.0,921.0,3000
2009-07-02,693.6319580078125,946.0,952.0,940.0,940.0,4400
2009-07-03,696.5648193359375,950.0,950.0,936.0,946.0,2200
2009-07-06,703.8970336914062,960.0,969.0,960.0,969.0,200
2009-07-07,703.8970336914062,960.0,960.0,950.0,960.0,1000
2009-07-08,693.6319580078125,946.0,951.0,942.0,951.0,2600
2009-07-09,696.5648193359375,950.0,955.0,947.0,955.0,3700
2009-07-10,700.23095703125,955.0,961.0,953.0,954.0,2000
2009-07-13,698.03125,952.0,963.0,951.0,955.0,8600
2009-07-14,732.492919921875,999.0,999.0,999.0,999.0,14700
2009-07-15,721.4945068359375,984.0,999.0,984.0,999.0,1600
2009-07-17,718.5615234375,980.0,985.0,980.0,985.0,200
2009-07-23,711.2291259765625,970.0,970.0,968.0,970.0,1600
2009-07-24,713.4290771484375,973.0,975.0,970.0,972.0,1300
2009-07-27,720.7613525390625,983.0,1003.0,983.0,1003.0,6600
2009-07-28,720.7613525390625,983.0,986.0,983.0,986.0,200
2009-07-29,718.5615234375,980.0,980.0,980.0,980.0,100
2009-07-31,711.2291259765625,970.0,970.0,960.0,960.0,1100
2009-08-03,703.8970336914062,960.0,960.0,960.0,960.0,200
2009-08-04,707.5631713867188,965.0,965.0,965.0,965.0,100
2009-08-05,714.8955078125,975.0,975.0,970.0,970.0,500
2009-08-06,711.2291259765625,970.0,972.0,970.0,971.0,500
2009-08-07,713.4290771484375,973.0,981.0,971.0,981.0,800
2009-08-10,720.028076171875,982.0,986.0,978.0,978.0,500
2009-08-11,729.5599975585938,995.0,995.0,989.0,993.0,700
2009-08-12,734.6925659179688,1002.0,1003.0,995.0,995.0,1400
2009-08-13,733.2261962890625,1000.0,1007.0,997.0,1006.0,1700
2009-08-14,731.0265502929688,997.0,999.0,997.0,999.0,4500
2009-08-19,729.5599975585938,995.0,995.0,990.0,990.0,200
2009-08-21,726.6271362304688,991.0,991.0,991.0,991.0,100
2009-08-24,733.2261962890625,1000.0,1000.0,1000.0,1000.0,2200
2009-08-25,732.492919921875,999.0,999.0,996.0,997.0,700
2009-08-26,729.5599975585938,995.0,998.0,995.0,998.0,2500
2009-08-27,715.6287231445312,976.0,976.0,976.0,976.0,200
2009-08-28,722.9609375,986.0,986.0,986.0,986.0,100
2009-08-31,722.9609375,986.0,986.0,986.0,986.0,200
2009-09-02,725.8939208984375,990.0,990.0,989.0,989.0,400
2009-09-03,720.028076171875,982.0,982.0,980.0,980.0,500
2009-09-04,718.5615234375,980.0,996.0,980.0,996.0,800
2009-09-07,713.4290771484375,973.0,981.0,973.0,981.0,300
2009-09-09,717.0951538085938,978.0,978.0,978.0,978.0,100
2009-09-10,725.8939208984375,990.0,990.0,985.0,989.0,1700
2009-09-11,726.6271362304688,991.0,1003.0,991.0,1003.0,1200
2009-09-14,730.293212890625,996.0,997.0,996.0,997.0,4800
2009-09-15,728.82666015625,994.0,994.0,994.0,994.0,300
2009-09-16,716.3618774414062,977.0,995.0,977.0,995.0,1200
2009-09-17,714.8955078125,975.0,977.0,970.0,977.0,1100
2009-09-18,711.9625244140625,971.0,975.0,971.0,975.0,200
2009-09-21,711.9625244140625,971.0,971.0,971.0,971.0,0
2009-09-24,706.0966796875,963.0,963.0,963.0,963.0,700
2009-09-25,700.9640502929688,956.0,956.0,913.0,945.0,1800
2009-09-28,686.2996215820312,936.0,946.0,936.0,946.0,2500
2009-10-01,686.2996215820312,936.0,936.0,936.0,936.0,1100
2009-10-02,667.9690551757812,911.0,916.0,911.0,916.0,200
2009-10-05,674.5679931640625,920.0,920.0,911.0,911.0,2100
2009-10-06,674.5679931640625,920.0,920.0,920.0,920.0,100
2009-10-07,673.1015625,918.0,926.0,918.0,926.0,2500
2009-10-08,674.5679931640625,920.0,930.0,912.0,930.0,1800
2009-10-09,681.1669921875,929.0,930.0,921.0,925.0,3500
2009-10-13,694.3651733398438,947.0,948.0,930.0,930.0,3300
2009-10-14,685.5664672851562,935.0,944.0,917.0,944.0,5500
2009-10-15,670.9020385742188,915.0,915.0,915.0,915.0,200
2009-10-16,678.2341918945312,925.0,925.0,925.0,925.0,100
2009-10-19,663.5697021484375,905.0,930.0,900.0,930.0,4100
2009-10-20,659.1702270507812,899.0,910.0,889.0,910.0,2400
2009-10-21,651.8379516601562,889.0,895.0,885.0,895.0,3400
2009-10-22,644.5056762695312,879.0,891.0,868.0,891.0,5100
2009-10-23,645.2389526367188,880.0,890.0,880.0,882.0,2300
2009-10-26,654.0376586914062,892.0,895.0,879.0,879.0,3900
2009-10-27,650.3715209960938,887.0,887.0,887.0,887.0,200
2009-10-28,649.6386108398438,886.0,886.0,886.0,886.0,200
2009-10-29,649.6386108398438,886.0,887.0,886.0,887.0,200
2009-11-02,648.9051513671875,885.0,885.0,885.0,885.0,100
2009-11-04,651.1047973632812,888.0,888.0,886.0,886.0,300
2009-11-05,651.1047973632812,888.0,888.0,888.0,888.0,100
2009-11-06,652.5714111328125,890.0,890.0,888.0,888.0,200
2009-11-09,659.9035034179688,900.0,900.0,891.0,900.0,800
2009-11-10,612.2437744140625,835.0,892.0,818.0,892.0,12300
2009-11-11,630.5744018554688,860.0,860.0,855.0,855.0,200
2009-11-12,625.4420166015625,853.0,877.0,853.0,870.0,2100
2009-11-13,623.2421875,850.0,856.0,850.0,853.0,2100
2009-11-16,619.5762329101562,845.0,867.0,845.0,846.0,8700
2009-11-17,615.9097900390625,840.0,840.0,840.0,840.0,300
2009-11-18,623.9754638671875,851.0,851.0,838.0,838.0,400
2009-11-19,635.7070922851562,867.0,867.0,842.0,850.0,900
2009-11-24,615.9097900390625,840.0,845.0,840.0,845.0,900
2009-11-25,619.5762329101562,845.0,845.0,841.0,841.0,1000
2009-11-26,623.2421875,850.0,870.0,850.0,870.0,4200
2009-11-27,610.0441284179688,832.0,840.0,832.0,840.0,700
2009-12-01,613.7102661132812,837.0,838.0,836.0,838.0,700
2009-12-02,606.3779907226562,827.0,839.0,827.0,838.0,2100
2009-12-03,605.6448974609375,826.0,838.0,825.0,827.0,3200
2009-12-04,602.7119140625,822.0,829.0,822.0,828.0,3100
2009-12-07,605.6448974609375,826.0,832.0,825.0,832.0,900
2009-12-08,617.37646484375,842.0,842.0,832.0,834.0,1000
2009-12-09,610.0441284179688,832.0,838.0,832.0,837.0,3900
2009-12-10,618.8428955078125,844.0,845.0,827.0,827.0,3300
2009-12-11,618.1095581054688,843.0,843.0,821.0,839.0,10500
2009-12-14,601.2454833984375,820.0,823.0,810.0,823.0,20800
2009-12-15,593.9131469726562,810.0,839.0,801.0,839.0,6000
2009-12-16,582.9147338867188,795.0,808.0,788.0,807.0,9100
2009-12-17,582.9147338867188,795.0,795.0,790.0,795.0,3100
2009-12-18,578.5154418945312,789.0,799.0,780.0,799.0,7600
2009-12-21,555.05224609375,757.0,794.0,757.0,790.0,7700
2009-12-22,566.0506591796875,772.0,772.0,757.0,767.0,5800
2009-12-24,565.3173828125,771.0,771.0,766.0,766.0,1300
2009-12-25,565.3173828125,771.0,771.0,768.0,770.0,2200
2009-12-28,566.7835693359375,773.0,778.0,771.0,771.0,5200
2009-12-29,571.9163208007812,780.0,782.0,780.0,780.0,700
2009-12-30,569.7166137695312,777.0,780.0,777.0,777.0,400
2010-01-04,578.5154418945312,789.0,790.0,787.0,790.0,1200
2010-01-05,577.0490112304688,787.0,788.0,786.0,787.0,2400
2010-01-06,579.2487182617188,790.0,797.0,789.0,797.0,1300
2010-01-07,577.7821655273438,788.0,793.0,785.0,793.0,3400
2010-01-08,577.0490112304688,787.0,790.0,787.0,788.0,1700
2010-01-12,578.5154418945312,789.0,793.0,782.0,791.0,11200
2010-01-13,582.9147338867188,795.0,795.0,789.0,790.0,700
2010-01-14,583.6480102539062,796.0,819.0,796.0,819.0,8500
2010-01-15,590.980224609375,806.0,806.0,796.0,796.0,1600
2010-01-18,593.9131469726562,810.0,810.0,810.0,810.0,1100
2010-01-19,592.4467163085938,808.0,814.0,808.0,813.0,1600
2010-01-20,593.1800537109375,809.0,810.0,809.0,810.0,400
2010-01-21,597.579345703125,815.0,815.0,810.0,810.0,1300
2010-01-22,601.9786376953125,821.0,821.0,811.0,815.0,1300
2010-01-25,610.77734375,833.0,833.0,823.0,823.0,1400
2010-01-26,612.2437744140625,835.0,844.0,832.0,844.0,3500
2010-01-27,612.2437744140625,835.0,835.0,814.0,814.0,400
2010-01-28,597.579345703125,815.0,834.0,806.0,834.0,2300
2010-01-29,597.579345703125,815.0,815.0,812.0,815.0,2500
2010-02-01,607.8444213867188,829.0,829.0,815.0,815.0,200
2010-02-02,609.3108520507812,831.0,832.0,831.0,832.0,200
2010-02-03,607.8444213867188,829.0,830.0,820.0,825.0,400
2010-02-04,610.77734375,833.0,833.0,832.0,833.0,700
2010-02-05,610.77734375,833.0,834.0,820.0,830.0,1900
2010-02-08,612.2437744140625,835.0,836.0,835.0,836.0,500
2010-02-09,614.4435424804688,838.0,839.0,832.0,835.0,1200
2010-02-10,621.0425415039062,847.0,857.0,847.0,857.0,700
2010-02-12,626.9082641601562,855.0,855.0,851.0,855.0,800
2010-02-15,637.90673828125,870.0,885.0,870.0,885.0,5500
2010-02-17,612.2437744140625,835.0,850.0,835.0,850.0,1700
2010-02-18,620.3093872070312,846.0,846.0,842.0,842.0,200
2010-02-22,623.2421875,850.0,850.0,850.0,850.0,100
2010-02-23,626.9082641601562,855.0,856.0,855.0,856.0,200
2010-02-24,627.6416625976562,856.0,856.0,856.0,856.0,100
2010-02-25,637.1734008789062,869.0,869.0,866.0,868.0,800
2010-02-26,637.90673828125,870.0,870.0,852.0,870.0,3000
2010-03-02,629.8412475585938,859.0,880.0,859.0,862.0,3100
2010-03-03,640.1064453125,873.0,873.0,870.0,870.0,400
2010-03-04,629.1079711914062,858.0,870.0,858.0,870.0,1500
2010-03-05,634.2406005859375,865.0,866.0,856.0,866.0,600
2010-03-08,627.6416625976562,856.0,866.0,854.0,865.0,2400
2010-03-09,630.5744018554688,860.0,860.0,851.0,859.0,1900
2010-03-10,629.8412475585938,859.0,859.0,859.0,859.0,300
2010-03-11,636.440185546875,868.0,871.0,864.0,864.0,2000
2010-03-12,639.3731689453125,872.0,877.0,872.0,877.0,2100
2010-03-15,644.5056762695312,879.0,880.0,879.0,880.0,5400
2010-03-16,637.90673828125,870.0,870.0,868.0,870.0,500
2010-03-17,648.9051513671875,885.0,886.0,885.0,886.0,300
2010-03-18,651.1047973632812,888.0,889.0,888.0,888.0,600
2010-03-19,652.5714111328125,890.0,911.0,890.0,911.0,1300
2010-03-23,654.0376586914062,892.0,907.0,892.0,892.0,1000
2010-03-24,654.7708740234375,893.0,909.0,893.0,893.0,800
2010-03-25,668.7022094726562,912.0,912.0,900.0,905.0,1600
2010-03-26,675.3012084960938,921.0,930.0,915.0,930.0,3500
2010-03-29,662.671875,892.0,899.0,864.0,894.0,2200
2010-03-30,658.2144775390625,886.0,897.0,884.0,884.0,800
2010-03-31,658.2144775390625,886.0,886.0,883.0,883.0,200
2010-04-01,661.18603515625,890.0,890.0,885.0,885.0,900
2010-04-02,655.98583984375,883.0,890.0,883.0,883.0,600
2010-04-05,657.4714965820312,885.0,885.0,883.0,883.0,500
2010-04-06,655.2428588867188,882.0,885.0,882.0,885.0,1300
2010-04-07,661.928955078125,891.0,891.0,891.0,891.0,100
2010-04-08,654.4999389648438,881.0,891.0,881.0,882.0,2400
2010-04-09,682.730224609375,919.0,919.0,882.0,882.0,2200
2010-04-12,679.015869140625,914.0,917.0,903.0,917.0,1600
2010-04-13,675.3012084960938,909.0,918.0,905.0,914.0,2700
2010-04-14,664.900634765625,895.0,900.0,894.0,894.0,6300
2010-04-15,660.4431762695312,889.0,896.0,889.0,896.0,1900
2010-04-16,660.4431762695312,889.0,889.0,889.0,889.0,100
2010-04-19,659.7003784179688,888.0,890.0,887.0,890.0,800
2010-04-20,653.7570190429688,880.0,885.0,880.0,885.0,800
2010-04-21,653.7570190429688,880.0,880.0,880.0,880.0,300
2010-04-23,657.4714965820312,885.0,885.0,884.0,885.0,1400
2010-04-26,656.7286987304688,884.0,900.0,874.0,900.0,3100
2010-04-27,655.98583984375,883.0,884.0,883.0,884.0,300
2010-04-28,647.8137817382812,872.0,872.0,872.0,872.0,300
2010-04-30,646.327880859375,870.0,873.0,860.0,873.0,3500
2010-05-06,642.6134643554688,865.0,870.0,865.0,870.0,1500
2010-05-07,641.87060546875,864.0,865.0,864.0,865.0,200
2010-05-10,644.8421020507812,868.0,872.0,862.0,862.0,900
2010-05-11,646.327880859375,870.0,877.0,870.0,871.0,800
2010-05-12,650.0424194335938,875.0,875.0,869.0,870.0,2100
2010-05-13,646.327880859375,870.0,875.0,869.0,875.0,2500
2010-05-14,637.4130859375,858.0,863.0,856.0,860.0,7100
2010-05-17,650.0424194335938,875.0,875.0,850.0,862.0,1800
2010-05-18,631.4697265625,850.0,863.0,850.0,862.0,900
2010-05-19,622.5548706054688,838.0,851.0,837.0,850.0,1700
2010-05-20,609.9257202148438,821.0,838.0,821.0,838.0,2400
2010-05-21,604.7251586914062,814.0,814.0,814.0,814.0,300
2010-05-24,604.7251586914062,814.0,814.0,814.0,814.0,100
2010-05-25,624.7836303710938,841.0,841.0,837.0,837.0,600
2010-05-26,608.4397583007812,819.0,828.0,819.0,827.0,3300
2010-05-27,609.1827392578125,820.0,820.0,817.0,817.0,400
2010-05-28,615.8687133789062,829.0,829.0,829.0,829.0,200
2010-05-31,611.4114990234375,823.0,823.0,822.0,823.0,1300
2010-06-01,606.9539184570312,817.0,825.0,816.0,825.0,2700
2010-06-02,606.9539184570312,817.0,817.0,817.0,817.0,100
2010-06-03,606.2109985351562,816.0,816.0,814.0,815.0,400
2010-06-04,608.4397583007812,819.0,819.0,819.0,819.0,200
2010-06-07,607.6968383789062,818.0,819.0,818.0,818.0,500
2010-06-08,604.7251586914062,814.0,819.0,814.0,819.0,1100
2010-06-09,605.4680786132812,815.0,815.0,812.0,814.0,300
2010-06-10,601.7535400390625,810.0,819.0,810.0,819.0,2100
2010-06-11,606.9539184570312,817.0,820.0,817.0,819.0,3200
2010-06-14,612.8970947265625,825.0,825.0,825.0,825.0,5900
2010-06-16,616.6117553710938,830.0,830.0,825.0,825.0,1300
2010-06-18,613.64013671875,826.0,830.0,826.0,830.0,1300
2010-06-21,613.64013671875,826.0,826.0,826.0,826.0,1000
2010-06-22,614.383056640625,827.0,830.0,827.0,830.0,1600
2010-06-23,605.4680786132812,815.0,825.0,815.0,820.0,800
2010-06-24,605.4680786132812,815.0,821.0,813.0,821.0,3700
2010-06-25,606.2109985351562,816.0,820.0,816.0,816.0,1500
2010-06-28,602.4964599609375,811.0,811.0,811.0,811.0,2900
2010-06-29,603.2393188476562,812.0,812.0,810.0,810.0,600
2010-06-30,606.2109985351562,816.0,820.0,812.0,812.0,800
2010-07-01,605.4680786132812,815.0,816.0,815.0,816.0,2000
2010-07-02,599.52490234375,807.0,820.0,807.0,820.0,3700
2010-07-05,616.6117553710938,830.0,835.0,807.0,807.0,400
2010-07-06,615.1258544921875,828.0,840.0,827.0,840.0,5000
2010-07-07,614.383056640625,827.0,828.0,827.0,828.0,200
2010-07-08,627.0125122070312,844.0,850.0,835.0,835.0,1000
2010-07-09,638.8988037109375,860.0,860.0,849.0,850.0,7700
2010-07-12,646.327880859375,870.0,875.0,869.0,875.0,5300
2010-07-13,653.7570190429688,880.0,880.0,871.0,872.0,2300
2010-07-14,668.6151733398438,900.0,900.0,900.0,900.0,16100
2010-07-15,653.7570190429688,880.0,880.0,870.0,870.0,200
2010-07-16,631.4697265625,850.0,875.0,850.0,875.0,1500
2010-07-23,642.6134643554688,865.0,865.0,857.0,857.0,900
2010-07-26,631.4697265625,850.0,910.0,850.0,910.0,2800
2010-07-27,620.3262939453125,835.0,840.0,835.0,840.0,200
2010-07-28,620.3262939453125,835.0,835.0,831.0,831.0,400
2010-07-29,621.8118896484375,837.0,837.0,837.0,837.0,200
2010-07-30,618.0975341796875,832.0,832.0,832.0,832.0,800
2010-08-02,618.0975341796875,832.0,834.0,831.0,834.0,1600
2010-08-04,628.498291015625,846.0,846.0,835.0,835.0,500
2010-08-05,624.040771484375,840.0,840.0,840.0,840.0,100
2010-08-06,627.7553100585938,845.0,846.0,845.0,846.0,400
2010-08-09,624.040771484375,840.0,845.0,840.0,845.0,600
2010-08-10,625.5265502929688,842.0,842.0,841.0,841.0,400
2010-08-11,621.0690307617188,836.0,848.0,835.0,848.0,1400
2010-08-12,626.2694091796875,843.0,845.0,843.0,845.0,300
2010-08-13,631.4697265625,850.0,850.0,845.0,845.0,1800
2010-08-16,624.040771484375,840.0,849.0,840.0,849.0,5700
2010-08-19,622.5548706054688,838.0,840.0,838.0,840.0,900
2010-08-20,621.8118896484375,837.0,840.0,837.0,840.0,200
2010-08-23,621.0690307617188,836.0,846.0,836.0,846.0,200
2010-08-25,629.9838256835938,848.0,848.0,846.0,848.0,1000
2010-08-26,610.6685791015625,822.0,848.0,822.0,848.0,2600
2010-08-27,612.154296875,824.0,824.0,824.0,824.0,100
2010-08-30,619.5833129882812,834.0,834.0,830.0,830.0,400
2010-08-31,614.383056640625,827.0,827.0,827.0,827.0,200
2010-09-01,614.383056640625,827.0,827.0,826.0,826.0,200
2010-09-02,621.0690307617188,836.0,837.0,836.0,836.0,600
2010-09-03,617.3546142578125,831.0,835.0,831.0,831.0,3100
2010-09-06,620.3262939453125,835.0,835.0,835.0,835.0,100
2010-09-07,621.8118896484375,837.0,837.0,837.0,837.0,600
2010-09-08,621.0690307617188,836.0,844.0,828.0,844.0,2200
2010-09-09,625.5265502929688,842.0,845.0,842.0,844.0,600
2010-09-10,626.2694091796875,843.0,843.0,842.0,843.0,800
2010-09-13,619.5833129882812,834.0,845.0,833.0,845.0,4700
2010-09-14,612.154296875,824.0,833.0,824.0,833.0,6100
2010-09-16,607.6968383789062,818.0,825.0,818.0,825.0,1900
2010-09-17,609.9257202148438,821.0,821.0,821.0,821.0,300
2010-09-21,609.9257202148438,821.0,823.0,821.0,822.0,400
2010-09-22,612.8970947265625,825.0,825.0,821.0,821.0,500
2010-09-24,612.8970947265625,825.0,827.0,821.0,827.0,1800
2010-09-27,612.154296875,824.0,824.0,818.0,824.0,4000
2010-09-28,611.4003295898438,811.0,811.0,811.0,811.0,100
2010-09-29,611.4003295898438,811.0,811.0,811.0,811.0,400
2010-10-01,611.4003295898438,811.0,811.0,811.0,811.0,300
2010-10-04,610.646484375,810.0,811.0,809.0,810.0,500
2010-10-05,611.4003295898438,811.0,811.0,811.0,811.0,1000
2010-10-06,620.447021484375,823.0,826.0,813.0,813.0,600
2010-10-07,616.677490234375,818.0,824.0,818.0,823.0,700
2010-10-08,615.1697998046875,816.0,829.0,814.0,829.0,1700
2010-10-12,622.7086181640625,826.0,831.0,826.0,831.0,1000
2010-10-13,620.447021484375,823.0,834.0,821.0,834.0,1100
2010-10-14,616.677490234375,818.0,824.0,818.0,823.0,6400
2010-10-15,609.138671875,808.0,817.0,803.0,803.0,1500
2010-10-18,609.138671875,808.0,823.0,808.0,808.0,700
2010-10-19,609.138671875,808.0,808.0,808.0,808.0,400
2010-10-20,609.138671875,808.0,810.0,807.0,807.0,2000
2010-10-21,605.3693237304688,803.0,803.0,803.0,803.0,100
2010-10-22,605.3693237304688,803.0,813.0,803.0,813.0,200
2010-10-25,614.4158935546875,815.0,827.0,806.0,817.0,1500
2010-10-26,606.1232299804688,804.0,811.0,804.0,811.0,3100
2010-10-27,603.107666015625,800.0,800.0,800.0,800.0,500
2010-10-28,609.8926391601562,809.0,809.0,791.0,791.0,1700
2010-10-29,602.353759765625,799.0,799.0,799.0,799.0,400
2010-11-01,597.0765991210938,792.0,799.0,792.0,799.0,1100
2010-11-02,602.353759765625,799.0,799.0,799.0,799.0,1100
2010-11-04,595.56884765625,790.0,790.0,790.0,790.0,1200
2010-11-05,594.8150024414062,789.0,790.0,789.0,790.0,300
2010-11-08,605.3693237304688,803.0,804.0,789.0,804.0,300
2010-11-09,601.6000366210938,798.0,803.0,798.0,803.0,300
2010-11-10,605.3693237304688,803.0,804.0,801.0,801.0,2800
2010-11-11,606.8770751953125,805.0,808.0,804.0,804.0,1500
2010-11-12,624.2164306640625,828.0,828.0,828.0,828.0,700
2010-11-15,618.1853637695312,820.0,825.0,810.0,825.0,6500
2010-11-16,612.9081420898438,813.0,815.0,813.0,815.0,1300
2010-11-17,614.4158935546875,815.0,815.0,815.0,815.0,500
2010-11-18,614.4158935546875,815.0,816.0,815.0,815.0,1800
2010-11-19,616.677490234375,818.0,818.0,815.0,815.0,1300
2010-11-22,615.1697998046875,816.0,828.0,816.0,828.0,500
2010-11-24,621.9547119140625,825.0,825.0,818.0,818.0,500
2010-11-25,639.2941284179688,848.0,848.0,828.0,840.0,1000
2010-11-26,623.4625854492188,827.0,829.0,827.0,829.0,3500
2010-11-29,623.4625854492188,827.0,827.0,827.0,827.0,3500
2010-11-30,624.9702758789062,829.0,830.0,828.0,828.0,900
2010-12-01,625.7242431640625,830.0,830.0,829.0,829.0,200
2010-12-02,625.7242431640625,830.0,830.0,830.0,830.0,200
2010-12-03,627.23193359375,832.0,838.0,832.0,836.0,4400
2010-12-06,632.5090942382812,839.0,839.0,835.0,835.0,1000
2010-12-07,640.0479736328125,849.0,849.0,849.0,849.0,400
2010-12-08,643.8173828125,854.0,865.0,848.0,850.0,1000
2010-12-09,646.0791015625,857.0,866.0,856.0,856.0,1700
2010-12-10,658.1411743164062,873.0,873.0,855.0,860.0,1800
2010-12-13,670.203369140625,889.0,903.0,885.0,903.0,7000
2010-12-14,686.0349731445312,910.0,910.0,910.0,910.0,16300
2010-12-15,699.6047973632812,928.0,1001.0,926.0,1001.0,3500
2010-12-16,660.4029541015625,876.0,900.0,875.0,900.0,600
2010-12-17,644.5712890625,855.0,856.0,850.0,850.0,3100
2010-12-20,646.0791015625,857.0,857.0,855.0,855.0,1200
2010-12-21,653.617919921875,867.0,867.0,856.0,858.0,800
2010-12-22,643.8173828125,854.0,867.0,841.0,867.0,8600
2010-12-24,643.8173828125,854.0,855.0,853.0,855.0,1700
2010-12-27,627.9857177734375,833.0,839.0,821.0,838.0,6000
2010-12-28,628.7396850585938,834.0,834.0,833.0,833.0,1000
2010-12-29,629.49365234375,835.0,835.0,834.0,834.0,400
2010-12-30,631.7553100585938,838.0,838.0,834.0,836.0,700
2011-01-04,640.8018798828125,850.0,894.0,838.0,838.0,2300
2011-01-05,647.5869140625,859.0,859.0,850.0,850.0,900
2011-01-06,655.879638671875,870.0,871.0,869.0,871.0,900
2011-01-07,655.879638671875,870.0,870.0,870.0,870.0,600
2011-01-11,653.617919921875,867.0,872.0,867.0,872.0,2100
2011-01-12,656.633544921875,871.0,871.0,869.0,870.0,1200
2011-01-13,662.6644897460938,879.0,879.0,874.0,876.0,1700
2011-01-14,652.1101684570312,865.0,865.0,851.0,856.0,7200
2011-01-17,651.3563232421875,864.0,864.0,857.0,864.0,900
2011-01-18,645.3251342773438,856.0,863.0,854.0,855.0,500
2011-01-19,648.3406982421875,860.0,860.0,856.0,856.0,900
2011-01-20,646.8328857421875,858.0,864.0,858.0,864.0,300
2011-01-21,646.0791015625,857.0,861.0,856.0,861.0,1000
2011-01-24,648.3406982421875,860.0,861.0,858.0,858.0,400
2011-01-25,655.1256713867188,869.0,869.0,862.0,862.0,1100
2011-01-26,655.1256713867188,869.0,869.0,869.0,869.0,0
2011-01-27,657.3873291015625,872.0,872.0,860.0,860.0,1300
2011-01-28,649.0946655273438,861.0,872.0,861.0,872.0,600
2011-01-31,648.3406982421875,860.0,861.0,860.0,861.0,400
2011-02-01,647.5869140625,859.0,859.0,859.0,859.0,200
2011-02-02,649.0946655273438,861.0,866.0,861.0,864.0,1300
2011-02-03,655.879638671875,870.0,870.0,870.0,870.0,1000
2011-02-04,659.6489868164062,875.0,875.0,874.0,875.0,700
2011-02-07,660.4029541015625,876.0,876.0,875.0,876.0,2000
2011-02-08,667.9417724609375,886.0,886.0,880.0,880.0,600
2011-02-09,664.92626953125,882.0,889.0,882.0,888.0,1300
2011-02-10,663.4183959960938,880.0,881.0,879.0,881.0,1200
2011-02-14,655.879638671875,870.0,881.0,844.0,881.0,8900
2011-02-15,652.8639526367188,866.0,866.0,865.0,865.0,300
2011-02-16,648.3406982421875,860.0,865.0,860.0,865.0,600
2011-02-17,657.3873291015625,872.0,872.0,861.0,861.0,400
2011-02-18,658.1411743164062,873.0,873.0,873.0,873.0,200
2011-02-21,659.6489868164062,875.0,875.0,870.0,873.0,600
2011-02-22,655.879638671875,870.0,875.0,870.0,875.0,700
2011-02-24,655.879638671875,870.0,870.0,870.0,870.0,700
2011-02-25,658.1411743164062,873.0,882.0,872.0,882.0,600
2011-02-28,659.6489868164062,875.0,884.0,875.0,883.0,2700
2011-03-01,656.633544921875,871.0,880.0,871.0,880.0,1100
2011-03-02,658.89501953125,874.0,874.0,872.0,872.0,300
2011-03-03,663.4183959960938,880.0,880.0,870.0,870.0,900
2011-03-04,663.4183959960938,880.0,880.0,876.0,880.0,600
2011-03-07,663.4183959960938,880.0,883.0,880.0,883.0,300
2011-03-08,663.4183959960938,880.0,880.0,880.0,880.0,0
2011-03-09,662.6644897460938,879.0,880.0,879.0,880.0,600
2011-03-10,668.6956787109375,887.0,890.0,885.0,889.0,1500
2011-03-11,667.9417724609375,886.0,888.0,886.0,888.0,1200
2011-03-14,667.9417724609375,886.0,886.0,886.0,886.0,0
2011-03-15,580.4911499023438,770.0,826.0,770.0,826.0,2200
2011-03-16,591.7994384765625,785.0,810.0,771.0,771.0,700
2011-03-17,637.0324096679688,845.0,845.0,800.0,800.0,700
2011-03-18,652.8639526367188,866.0,866.0,844.0,844.0,800
2011-03-22,640.8018798828125,850.0,875.0,836.0,875.0,1800
2011-03-23,640.8018798828125,850.0,850.0,845.0,850.0,1100
2011-03-24,640.8018798828125,850.0,850.0,842.0,842.0,700
2011-03-25,640.0479736328125,849.0,852.0,849.0,852.0,1600
2011-03-28,633.262939453125,840.0,840.0,821.0,825.0,4800
2011-03-29,627.1445922851562,820.0,820.0,801.0,801.0,2100
2011-03-30,627.1445922851562,820.0,820.0,820.0,820.0,200
2011-03-31,642.44091796875,840.0,841.0,807.0,807.0,1400
2011-04-01,632.4983520507812,827.0,827.0,827.0,827.0,100
2011-04-04,625.6149291992188,818.0,825.0,818.0,825.0,800
2011-04-05,634.7927856445312,830.0,830.0,819.0,819.0,900
2011-04-06,632.4983520507812,827.0,827.0,827.0,827.0,200
2011-04-07,637.0870971679688,833.0,834.0,831.0,831.0,300
2011-04-08,634.7927856445312,830.0,833.0,829.0,833.0,300
2011-04-11,638.6166381835938,835.0,836.0,832.0,835.0,700
2011-04-12,637.8519287109375,834.0,837.0,834.0,837.0,600
2011-04-13,638.6166381835938,835.0,838.0,833.0,835.0,1700
2011-04-14,633.262939453125,828.0,838.0,828.0,838.0,6000
2011-04-15,633.262939453125,828.0,828.0,828.0,828.0,6000
2011-04-18,630.9686279296875,825.0,834.0,823.0,823.0,300
2011-04-21,630.9686279296875,825.0,830.0,825.0,828.0,1200
2011-04-22,628.67431640625,822.0,822.0,822.0,822.0,300
2011-04-25,634.7927856445312,830.0,833.0,827.0,833.0,1000
2011-04-26,634.0278930664062,829.0,829.0,829.0,829.0,2500
2011-04-27,637.0870971679688,833.0,833.0,811.0,821.0,1100
2011-04-28,634.7927856445312,830.0,834.0,818.0,834.0,1100
2011-05-02,634.7927856445312,830.0,830.0,830.0,830.0,0
2011-05-09,627.909423828125,821.0,821.0,821.0,821.0,0
2011-05-10,622.5557250976562,814.0,828.0,813.0,828.0,3400
2011-05-11,629.43896484375,823.0,829.0,823.0,829.0,1100
2011-05-12,634.0278930664062,829.0,829.0,828.0,829.0,400
2011-05-13,627.909423828125,821.0,825.0,821.0,825.0,700
2011-05-16,611.0836181640625,799.0,799.0,791.0,791.0,6900
2011-05-17,604.965087890625,791.0,792.0,791.0,792.0,200
2011-05-18,610.3187255859375,798.0,798.0,798.0,798.0,100
2011-05-19,611.848388671875,800.0,800.0,800.0,800.0,1000
2011-05-20,608.0243530273438,795.0,795.0,795.0,795.0,300
2011-05-23,603.4354248046875,789.0,792.0,789.0,792.0,2100
2011-05-24,601.1410522460938,786.0,788.0,786.0,788.0,400
2011-05-25,611.848388671875,800.0,800.0,788.0,790.0,3500
2011-05-26,608.0243530273438,795.0,795.0,790.0,790.0,3800
2011-05-27,608.0243530273438,795.0,795.0,795.0,795.0,3800
2011-05-31,608.0243530273438,795.0,795.0,795.0,795.0,0
2011-06-01,610.3187255859375,798.0,819.0,798.0,819.0,200
2011-06-02,610.3187255859375,798.0,798.0,798.0,798.0,200
2011-06-03,615.6724243164062,805.0,805.0,800.0,800.0,300
2011-06-06,617.966796875,808.0,820.0,803.0,820.0,1600
2011-06-07,627.1445922851562,820.0,820.0,810.0,810.0,1600
2011-06-08,630.9686279296875,825.0,825.0,821.0,821.0,1300
2011-06-09,633.262939453125,828.0,831.0,828.0,829.0,1200
2011-06-10,639.3815307617188,836.0,836.0,829.0,829.0,6700
2011-06-13,650.0888061523438,850.0,850.0,838.0,850.0,1000
2011-06-14,645.5001220703125,844.0,850.0,843.0,850.0,5800
2011-06-15,641.676025390625,839.0,842.0,839.0,842.0,1000
2011-06-16,641.676025390625,839.0,839.0,839.0,839.0,1000
2011-06-17,638.6166381835938,835.0,835.0,835.0,835.0,100
2011-06-20,640.146240234375,837.0,837.0,837.0,837.0,100
2011-06-21,653.9129028320312,855.0,855.0,843.0,843.0,1300
2011-06-22,650.0888061523438,850.0,850.0,845.0,845.0,400
2011-06-23,650.8536987304688,851.0,851.0,851.0,851.0,200
2011-06-24,656.2073974609375,858.0,869.0,858.0,869.0,500
2011-06-27,653.9129028320312,855.0,861.0,855.0,861.0,4600
2011-06-28,653.9129028320312,855.0,855.0,855.0,855.0,700
2011-06-29,653.9129028320312,855.0,857.0,855.0,855.0,5800
2011-06-30,652.3832397460938,853.0,864.0,853.0,853.0,700
2011-07-01,663.8553466796875,868.0,868.0,865.0,865.0,400
2011-07-04,673.033203125,880.0,899.0,858.0,858.0,3000
2011-07-05,674.5628051757812,882.0,890.0,881.0,890.0,900
2011-07-06,675.32763671875,883.0,900.0,883.0,900.0,5900
2011-07-07,674.5628051757812,882.0,883.0,882.0,883.0,500
2011-07-08,661.56103515625,865.0,865.0,850.0,850.0,10800
2011-07-11,660.0313720703125,863.0,870.0,856.0,870.0,5800
2011-07-12,662.3258056640625,866.0,866.0,855.0,863.0,3400
2011-07-13,656.2073974609375,858.0,867.0,852.0,867.0,7400
2011-07-15,633.262939453125,828.0,839.0,828.0,830.0,20900
2011-07-19,634.0278930664062,829.0,829.0,828.0,828.0,300
2011-07-20,627.909423828125,821.0,833.0,821.0,832.0,1700
2011-07-21,648.5592651367188,848.0,848.0,831.0,833.0,900
2011-07-22,637.8519287109375,834.0,834.0,833.0,833.0,200
2011-07-25,640.9111938476562,838.0,838.0,830.0,830.0,2300
2011-07-26,627.1445922851562,820.0,825.0,819.0,824.0,4400
2011-07-27,627.1445922851562,820.0,822.0,820.0,822.0,200
2011-07-28,628.67431640625,822.0,823.0,822.0,823.0,200
2011-08-02,633.262939453125,828.0,828.0,828.0,828.0,100
2011-08-03,627.909423828125,821.0,825.0,818.0,825.0,1100
2011-08-04,627.1445922851562,820.0,820.0,819.0,820.0,600
2011-08-05,621.0260620117188,812.0,817.0,812.0,817.0,1800
2011-08-08,624.0852661132812,816.0,817.0,816.0,817.0,1400
2011-08-09,624.0852661132812,816.0,820.0,816.0,820.0,400
2011-08-10,625.6149291992188,818.0,820.0,817.0,820.0,1900
2011-08-11,630.2039184570312,824.0,825.0,824.0,825.0,500
2011-08-12,634.7927856445312,830.0,830.0,824.0,829.0,1000
2011-08-15,622.5557250976562,814.0,826.0,814.0,826.0,6800
2011-08-16,622.5557250976562,814.0,814.0,814.0,814.0,6800
2011-08-17,631.7334594726562,826.0,826.0,826.0,826.0,300
2011-08-18,627.909423828125,821.0,821.0,821.0,821.0,100
2011-08-19,627.1445922851562,820.0,820.0,820.0,820.0,100
2011-08-22,627.1445922851562,820.0,820.0,813.0,813.0,500
2011-08-23,627.1445922851562,820.0,820.0,820.0,820.0,300
2011-08-24,627.1445922851562,820.0,820.0,815.0,815.0,300
2011-08-25,637.8519287109375,834.0,834.0,831.0,834.0,700
2011-08-26,628.67431640625,822.0,839.0,822.0,839.0,2600
2011-08-29,627.909423828125,821.0,822.0,821.0,822.0,300
2011-08-30,630.9686279296875,825.0,825.0,825.0,825.0,100
2011-08-31,633.262939453125,828.0,828.0,825.0,825.0,400
2011-09-01,634.7927856445312,830.0,830.0,830.0,830.0,100
2011-09-02,645.5001220703125,844.0,844.0,832.0,832.0,800
2011-09-05,643.20556640625,841.0,842.0,840.0,841.0,600
2011-09-06,648.5592651367188,848.0,848.0,848.0,848.0,100
2011-09-07,643.20556640625,841.0,848.0,841.0,848.0,300
2011-09-08,646.264892578125,845.0,847.0,845.0,847.0,700
2011-09-09,644.7351684570312,843.0,847.0,843.0,847.0,900
2011-09-12,642.44091796875,840.0,840.0,839.0,840.0,900
2011-09-13,646.264892578125,845.0,850.0,845.0,849.0,800
2011-09-14,654.6777954101562,856.0,856.0,856.0,856.0,5300
2011-09-15,636.3221435546875,832.0,842.0,832.0,832.0,600
2011-09-16,637.8519287109375,834.0,834.0,834.0,834.0,100
2011-09-20,639.3815307617188,836.0,840.0,836.0,839.0,1000
2011-09-21,641.676025390625,839.0,839.0,839.0,839.0,100
2011-09-22,638.6166381835938,835.0,849.0,835.0,849.0,1200
2011-09-26,649.3241577148438,849.0,849.0,849.0,849.0,2300
2011-09-27,634.7927856445312,830.0,849.0,828.0,849.0,1100
2011-09-28,632.4645385742188,815.0,828.0,815.0,827.0,1000
2011-09-30,632.4645385742188,815.0,815.0,815.0,815.0,1000
2011-10-03,644.1051025390625,830.0,830.0,826.0,826.0,300
2011-10-04,637.120849609375,821.0,825.0,821.0,825.0,200
2011-10-05,648.7611694335938,836.0,836.0,836.0,836.0,100
2011-10-06,644.1051025390625,830.0,835.0,830.0,835.0,200
2011-10-07,649.5372314453125,837.0,837.0,830.0,830.0,500
2011-10-11,647.9852905273438,835.0,840.0,835.0,840.0,3300
2011-10-12,647.9852905273438,835.0,840.0,835.0,840.0,300
2011-10-13,651.8652954101562,840.0,840.0,840.0,840.0,2300
2011-10-14,647.9852905273438,835.0,839.0,835.0,839.0,5300
2011-10-18,646.4331665039062,833.0,833.0,833.0,833.0,0
2011-10-21,644.1051025390625,830.0,830.0,830.0,830.0,100
2011-10-24,644.8810424804688,831.0,832.0,831.0,832.0,200
2011-10-25,644.8810424804688,831.0,840.0,831.0,840.0,2500
2011-10-26,636.3446655273438,820.0,839.0,820.0,839.0,3700
2011-10-27,636.3446655273438,820.0,820.0,820.0,820.0,3700
2011-10-28,651.0892944335938,839.0,839.0,839.0,839.0,100
2011-10-31,645.6571655273438,832.0,832.0,817.0,825.0,1100
2011-11-01,645.6571655273438,832.0,832.0,832.0,832.0,1100
2011-11-02,640.2249145507812,825.0,826.0,825.0,826.0,200
2011-11-04,646.4331665039062,833.0,833.0,833.0,833.0,100
2011-11-07,641.0009765625,826.0,830.0,826.0,830.0,5700
2011-11-08,644.1051025390625,830.0,834.0,830.0,834.0,900
2011-11-09,647.9852905273438,835.0,835.0,835.0,835.0,100
2011-11-10,651.8652954101562,840.0,840.0,834.0,839.0,700
2011-11-11,660.4016723632812,851.0,855.0,849.0,855.0,900
2011-11-14,672.0421752929688,866.0,866.0,866.0,866.0,5500
2011-11-16,673.5941772460938,868.0,868.0,868.0,868.0,200
2011-11-18,667.385986328125,860.0,860.0,860.0,860.0,200
2011-11-21,666.6099243164062,859.0,859.0,859.0,859.0,100
2011-11-22,666.6099243164062,859.0,859.0,859.0,859.0,0
2011-11-24,664.2816772460938,856.0,856.0,856.0,856.0,200
2011-11-25,682.9065551757812,880.0,880.0,863.0,863.0,2000
2011-11-28,660.4016723632812,851.0,875.0,850.0,875.0,5000
2011-11-29,658.073486328125,848.0,848.0,848.0,848.0,200
2011-11-30,660.4016723632812,851.0,851.0,851.0,851.0,400
2011-12-01,661.9537963867188,853.0,853.0,853.0,853.0,100
2011-12-02,662.729736328125,854.0,854.0,846.0,853.0,2200
2011-12-05,681.3544921875,878.0,878.0,854.0,854.0,6600
2011-12-06,659.6256713867188,850.0,880.0,850.0,880.0,5000
2011-12-07,681.3544921875,878.0,878.0,878.0,878.0,100
2011-12-08,659.6256713867188,850.0,875.0,850.0,875.0,5200
2011-12-09,660.4016723632812,851.0,852.0,850.0,851.0,4100
2011-12-12,661.1776733398438,852.0,861.0,848.0,861.0,8700
2011-12-13,661.1776733398438,852.0,852.0,850.0,852.0,3200
2011-12-14,641.0009765625,826.0,831.0,822.0,822.0,22400
2011-12-16,636.3446655273438,820.0,834.0,820.0,834.0,3800
2011-12-19,630.1364135742188,812.0,812.0,812.0,812.0,100
2011-12-20,632.4645385742188,815.0,826.0,815.0,826.0,400
2011-12-21,644.1051025390625,830.0,830.0,829.0,829.0,600
2011-12-22,644.1051025390625,830.0,835.0,830.0,835.0,1000
2011-12-26,644.1051025390625,830.0,830.0,830.0,830.0,0
2011-12-27,626.2564086914062,807.0,807.0,800.0,805.0,800
2011-12-28,634.7926025390625,818.0,818.0,818.0,818.0,100
2011-12-29,625.4803466796875,806.0,806.0,806.0,806.0,100
2011-12-30,627.8084716796875,809.0,809.0,809.0,809.0,300
2012-01-04,628.5845947265625,810.0,810.0,808.0,808.0,600
2012-01-05,638.6728515625,823.0,823.0,811.0,814.0,900
2012-01-06,636.3446655273438,820.0,823.0,820.0,823.0,600
2012-01-10,637.120849609375,821.0,823.0,821.0,821.0,700
2012-01-11,640.2249145507812,825.0,831.0,825.0,831.0,400
2012-01-12,641.7770385742188,827.0,831.0,826.0,829.0,1200
2012-01-13,641.7770385742188,827.0,832.0,827.0,829.0,1600
2012-01-16,634.7926025390625,818.0,827.0,790.0,827.0,9400
2012-01-18,634.7926025390625,818.0,818.0,818.0,818.0,9400
2012-01-19,639.4488525390625,824.0,824.0,820.0,820.0,300
2012-01-20,639.4488525390625,824.0,824.0,824.0,824.0,300
2012-01-23,639.4488525390625,824.0,825.0,824.0,825.0,2100
2012-01-24,644.8810424804688,831.0,831.0,831.0,831.0,100
2012-01-25,654.9695434570312,844.0,844.0,840.0,842.0,900
2012-01-26,660.4016723632812,851.0,851.0,851.0,851.0,3100
2012-01-27,656.5216064453125,846.0,855.0,837.0,855.0,700
2012-01-30,649.5372314453125,837.0,840.0,837.0,840.0,400
2012-01-31,652.641357421875,841.0,841.0,837.0,837.0,500
2012-02-01,654.9695434570312,844.0,844.0,842.0,842.0,200
2012-02-03,654.9695434570312,844.0,844.0,844.0,844.0,100
2012-02-06,654.1932983398438,843.0,844.0,843.0,844.0,900
2012-02-07,654.1932983398438,843.0,843.0,843.0,843.0,100
2012-02-08,656.5216064453125,846.0,846.0,843.0,843.0,1900
2012-02-09,655.7454223632812,845.0,847.0,844.0,847.0,1100
2012-02-10,659.6256713867188,850.0,850.0,850.0,850.0,300
2012-02-13,669.7140502929688,863.0,864.0,863.0,863.0,1400
2012-02-14,675.146240234375,870.0,877.0,870.0,877.0,5400
2012-02-15,663.5057983398438,855.0,855.0,855.0,855.0,1100
2012-02-16,659.6256713867188,850.0,854.0,850.0,852.0,1500
2012-02-17,659.6256713867188,850.0,850.0,850.0,850.0,1500
2012-02-20,661.1776733398438,852.0,855.0,850.0,850.0,600
2012-02-21,663.5057983398438,855.0,855.0,852.0,852.0,700
2012-02-22,661.9537963867188,853.0,860.0,853.0,859.0,600
2012-02-23,665.8339233398438,858.0,858.0,858.0,858.0,100
2012-02-24,667.385986328125,860.0,860.0,859.0,859.0,1400
2012-02-27,667.385986328125,860.0,862.0,852.0,860.0,3200
2012-02-28,668.9379272460938,862.0,862.0,860.0,860.0,600
2012-02-29,668.9379272460938,862.0,863.0,862.0,862.0,500
2012-03-01,668.9379272460938,862.0,862.0,862.0,862.0,200
2012-03-02,667.385986328125,860.0,863.0,860.0,862.0,600
2012-03-05,669.7140502929688,863.0,863.0,860.0,860.0,600
2012-03-06,669.7140502929688,863.0,863.0,863.0,863.0,0
2012-03-07,665.8339233398438,858.0,867.0,858.0,867.0,500
2012-03-08,665.8339233398438,858.0,858.0,858.0,858.0,0
2012-03-09,672.818115234375,867.0,867.0,867.0,867.0,300
2012-03-12,672.818115234375,867.0,867.0,867.0,867.0,0
2012-03-13,689.11474609375,888.0,890.0,872.0,872.0,2400
2012-03-14,696.8749389648438,898.0,898.0,895.0,895.0,5100
2012-03-15,697.6510009765625,899.0,899.0,895.0,895.0,400
2012-03-16,691.4428100585938,891.0,900.0,890.0,899.0,2600
2012-03-19,694.5469970703125,895.0,895.0,886.0,888.0,1000
2012-03-21,677.474365234375,873.0,888.0,869.0,888.0,2300
2012-03-22,676.6983032226562,872.0,873.0,872.0,873.0,1100
2012-03-23,675.146240234375,870.0,873.0,870.0,873.0,2800
2012-03-26,667.385986328125,860.0,871.0,860.0,869.0,4400
2012-03-27,677.474365234375,873.0,875.0,865.0,865.0,700
2012-03-28,664.0980224609375,844.0,850.0,840.0,840.0,800
2012-03-29,661.7374267578125,841.0,850.0,839.0,850.0,1500
2012-03-30,660.950439453125,840.0,841.0,840.0,841.0,300
2012-04-02,660.950439453125,840.0,842.0,840.0,841.0,500
2012-04-03,659.3768920898438,838.0,841.0,838.0,841.0,500
2012-04-04,660.950439453125,840.0,841.0,837.0,837.0,800
2012-04-05,661.7374267578125,841.0,841.0,838.0,839.0,1100
2012-04-06,666.4586181640625,847.0,847.0,840.0,842.0,800
2012-04-09,664.8848266601562,845.0,851.0,845.0,851.0,1500
2012-04-10,665.6716918945312,846.0,849.0,846.0,849.0,600
2012-04-11,664.0980224609375,844.0,845.0,844.0,845.0,900
2012-04-12,668.0322875976562,849.0,849.0,845.0,846.0,900
2012-04-13,654.6558227539062,832.0,851.0,832.0,851.0,12000
2012-04-16,636.5585327148438,809.0,819.0,809.0,817.0,11200
2012-04-17,643.639892578125,818.0,818.0,802.0,814.0,9300
2012-04-18,639.7057495117188,813.0,818.0,813.0,818.0,200
2012-04-19,641.2794189453125,815.0,818.0,814.0,817.0,2200
2012-04-20,641.2794189453125,815.0,815.0,813.0,815.0,5300
2012-04-23,641.2794189453125,815.0,818.0,815.0,817.0,1400
2012-04-24,644.4268798828125,819.0,819.0,816.0,816.0,200
2012-04-25,646.0005493164062,821.0,830.0,821.0,830.0,600
2012-04-26,647.5743408203125,823.0,825.0,811.0,825.0,4400
2012-04-27,638.9189453125,812.0,813.0,810.0,810.0,5900
2012-05-02,642.0662841796875,816.0,820.0,816.0,820.0,400
2012-05-07,637.3451538085938,810.0,814.0,808.0,814.0,6300
2012-05-08,641.2794189453125,815.0,820.0,814.0,820.0,600
2012-05-09,637.3451538085938,810.0,815.0,806.0,815.0,3300
2012-05-10,637.3451538085938,810.0,810.0,809.0,809.0,2200
2012-05-11,638.9189453125,812.0,815.0,801.0,815.0,2300
2012-05-14,637.3451538085938,810.0,815.0,810.0,815.0,5700
2012-05-15,633.4109497070312,805.0,810.0,805.0,810.0,600
2012-05-16,640.4926147460938,814.0,814.0,814.0,814.0,100
2012-05-17,640.4926147460938,814.0,814.0,814.0,814.0,200
2012-05-18,629.4767456054688,800.0,814.0,800.0,814.0,2400
2012-05-22,629.4767456054688,800.0,800.0,800.0,800.0,500
2012-05-23,629.4767456054688,800.0,802.0,800.0,802.0,400
2012-05-24,623.1820068359375,792.0,800.0,792.0,800.0,900
2012-05-25,631.0504760742188,802.0,805.0,802.0,805.0,900
2012-05-28,623.96875,793.0,802.0,791.0,791.0,2500
2012-05-29,623.96875,793.0,793.0,793.0,793.0,2500
2012-05-30,635.7714233398438,808.0,808.0,808.0,808.0,300
2012-05-31,635.7714233398438,808.0,810.0,800.0,808.0,5300
2012-06-01,635.7714233398438,808.0,808.0,808.0,808.0,5300
2012-06-04,625.54248046875,795.0,795.0,795.0,795.0,300
2012-06-05,627.1162719726562,797.0,797.0,797.0,797.0,200
2012-06-06,631.0504760742188,802.0,808.0,799.0,808.0,400
2012-06-07,641.2794189453125,815.0,815.0,800.0,814.0,700
2012-06-08,633.4109497070312,805.0,815.0,805.0,815.0,600
2012-06-12,637.3451538085938,810.0,815.0,808.0,815.0,800
2012-06-13,641.2794189453125,815.0,815.0,810.0,815.0,1400
2012-06-14,637.3451538085938,810.0,810.0,810.0,810.0,5400
2012-06-15,627.1162719726562,797.0,797.0,796.0,796.0,3400
2012-06-18,633.4109497070312,805.0,805.0,803.0,803.0,200
2012-06-19,633.4109497070312,805.0,805.0,805.0,805.0,200
2012-06-20,637.3451538085938,810.0,810.0,807.0,807.0,5300
2012-06-22,638.9189453125,812.0,812.0,812.0,812.0,100
2012-06-25,645.213623046875,820.0,820.0,815.0,815.0,2400
2012-06-26,640.4926147460938,814.0,820.0,814.0,820.0,2900
2012-06-27,644.4268798828125,819.0,820.0,814.0,820.0,300
2012-06-28,645.213623046875,820.0,820.0,819.0,819.0,200
2012-06-29,642.8531494140625,817.0,817.0,817.0,817.0,100
2012-07-02,645.213623046875,820.0,820.0,815.0,820.0,1500
2012-07-03,643.639892578125,818.0,818.0,817.0,817.0,500
2012-07-04,644.4268798828125,819.0,820.0,819.0,819.0,3200
2012-07-05,645.213623046875,820.0,820.0,820.0,820.0,5000
2012-07-06,643.639892578125,818.0,820.0,818.0,820.0,5200
2012-07-09,643.639892578125,818.0,827.0,818.0,827.0,500
2012-07-10,645.213623046875,820.0,820.0,818.0,820.0,1300
2012-07-11,642.8531494140625,817.0,820.0,812.0,820.0,6300
2012-07-12,643.639892578125,818.0,819.0,818.0,819.0,700
2012-07-13,640.4926147460938,814.0,819.0,800.0,818.0,3400
2012-07-17,637.3451538085938,810.0,810.0,810.0,810.0,20000
2012-07-19,631.8373413085938,803.0,803.0,803.0,803.0,100
2012-07-20,629.4767456054688,800.0,807.0,800.0,807.0,700
2012-07-23,637.3451538085938,810.0,810.0,810.0,810.0,100
2012-07-24,634.19775390625,806.0,812.0,806.0,812.0,400
2012-07-25,637.3451538085938,810.0,810.0,809.0,810.0,1400
2012-07-26,637.3451538085938,810.0,810.0,810.0,810.0,2600
2012-07-27,634.19775390625,806.0,806.0,806.0,806.0,100
2012-08-01,631.8373413085938,803.0,803.0,803.0,803.0,200
2012-08-02,625.54248046875,795.0,810.0,795.0,810.0,2000
2012-08-03,627.1162719726562,797.0,797.0,797.0,797.0,400
2012-08-06,629.4767456054688,800.0,800.0,800.0,800.0,300
2012-08-07,629.4767456054688,800.0,809.0,800.0,809.0,300
2012-08-08,623.96875,793.0,808.0,793.0,808.0,1700
2012-08-09,632.6240844726562,804.0,807.0,790.0,805.0,4400
2012-08-10,633.4109497070312,805.0,805.0,800.0,800.0,800
2012-08-13,637.3451538085938,810.0,810.0,808.0,810.0,1000
2012-08-14,637.3451538085938,810.0,810.0,810.0,810.0,6500
2012-08-15,637.3451538085938,810.0,810.0,803.0,803.0,300
2012-08-23,626.3292236328125,796.0,796.0,796.0,796.0,1000
2012-08-24,641.2794189453125,815.0,815.0,810.0,810.0,7000
2012-08-27,645.213623046875,820.0,820.0,820.0,820.0,2500
2012-08-28,643.639892578125,818.0,818.0,817.0,817.0,700
2012-08-29,643.639892578125,818.0,818.0,818.0,818.0,700
2012-08-30,633.4109497070312,805.0,805.0,803.0,803.0,900
2012-08-31,632.6240844726562,804.0,804.0,804.0,804.0,200
2012-09-03,633.4109497070312,805.0,806.0,805.0,806.0,400
2012-09-04,633.4109497070312,805.0,805.0,805.0,805.0,400
2012-09-06,637.3451538085938,810.0,810.0,810.0,810.0,200
2012-09-07,643.639892578125,818.0,818.0,816.0,817.0,600
2012-09-10,643.639892578125,818.0,818.0,818.0,818.0,200
2012-09-11,643.639892578125,818.0,820.0,818.0,820.0,400
2012-09-12,645.213623046875,820.0,820.0,820.0,820.0,800
2012-09-13,648.3610229492188,824.0,825.0,811.0,825.0,2000
2012-09-14,637.3451538085938,810.0,810.0,810.0,810.0,5800
2012-09-18,638.132080078125,811.0,819.0,811.0,816.0,1000
2012-09-19,632.6240844726562,804.0,810.0,804.0,810.0,1700
2012-09-21,632.6240844726562,804.0,804.0,804.0,804.0,1700
2012-09-24,641.2794189453125,815.0,815.0,814.0,814.0,200
2012-09-25,637.3451538085938,810.0,820.0,809.0,820.0,1700
2012-09-26,638.9425048828125,800.0,800.0,797.0,800.0,3400
2012-09-27,638.9425048828125,800.0,801.0,800.0,801.0,600
2012-09-28,637.3451538085938,798.0,798.0,798.0,798.0,100
2012-10-01,636.5465087890625,797.0,809.0,797.0,809.0,1400
2012-10-02,636.5465087890625,797.0,797.0,797.0,797.0,300
2012-10-03,635.7478637695312,796.0,796.0,796.0,796.0,300
2012-10-04,630.9558715820312,790.0,799.0,790.0,799.0,3400
2012-10-05,630.9558715820312,790.0,799.0,790.0,799.0,2300
2012-10-09,654.9160766601562,820.0,820.0,798.0,798.0,1200
2012-10-10,642.93603515625,805.0,817.0,803.0,817.0,500
2012-10-11,647.72802734375,811.0,811.0,807.0,811.0,700
2012-10-12,644.533203125,807.0,812.0,807.0,812.0,600
2012-10-15,638.1437377929688,799.0,799.0,799.0,799.0,5800
2012-10-16,638.1437377929688,799.0,813.0,799.0,813.0,300
2012-10-17,638.1437377929688,799.0,799.0,799.0,799.0,300
2012-10-19,646.9293823242188,810.0,810.0,810.0,810.0,100
2012-10-22,646.9293823242188,810.0,810.0,810.0,810.0,1100
2012-10-23,634.150390625,794.0,800.0,794.0,800.0,3100
2012-10-24,642.93603515625,805.0,805.0,800.0,800.0,400
2012-10-25,644.533203125,807.0,808.0,805.0,808.0,1100
2012-10-26,640.5399780273438,802.0,805.0,802.0,805.0,2900
2012-10-29,643.7345581054688,806.0,806.0,806.0,806.0,100
2012-10-30,638.1437377929688,799.0,805.0,799.0,805.0,500
2012-10-31,637.3451538085938,798.0,800.0,798.0,800.0,200
2012-11-01,638.1437377929688,799.0,805.0,799.0,805.0,200
2012-11-02,638.9425048828125,800.0,800.0,800.0,800.0,400
2012-11-05,638.1437377929688,799.0,808.0,799.0,800.0,1000
2012-11-06,642.93603515625,805.0,805.0,805.0,805.0,100
2012-11-07,642.93603515625,805.0,805.0,800.0,805.0,1400
2012-11-08,642.93603515625,805.0,806.0,805.0,806.0,400
2012-11-09,643.7345581054688,806.0,807.0,805.0,807.0,700
2012-11-12,643.7345581054688,806.0,810.0,805.0,807.0,2500
2012-11-13,646.1306762695312,809.0,809.0,809.0,809.0,400
2012-11-14,650.1240844726562,814.0,814.0,810.0,810.0,5700
2012-11-15,648.5267333984375,812.0,815.0,812.0,814.0,1100
2012-11-16,648.5267333984375,812.0,812.0,812.0,812.0,1100
2012-11-19,644.533203125,807.0,820.0,807.0,810.0,1500
2012-11-20,654.9160766601562,820.0,820.0,820.0,820.0,500
2012-11-21,654.9160766601562,820.0,820.0,820.0,820.0,100
2012-11-22,654.9160766601562,820.0,820.0,819.0,820.0,3000
2012-11-26,654.9160766601562,820.0,824.0,820.0,824.0,3000
2012-11-27,648.5267333984375,812.0,825.0,812.0,822.0,3500
2012-11-28,654.1175537109375,819.0,825.0,819.0,820.0,2200
2012-11-29,654.1175537109375,819.0,819.0,819.0,819.0,2200
2012-11-30,653.3186645507812,818.0,818.0,818.0,818.0,200
2012-12-03,648.5267333984375,812.0,815.0,812.0,815.0,1500
2012-12-04,658.11083984375,824.0,824.0,815.0,815.0,300
2012-12-05,659.708251953125,826.0,826.0,825.0,825.0,300
2012-12-06,661.3055419921875,828.0,828.0,825.0,827.0,600
2012-12-07,662.9028930664062,830.0,830.0,829.0,829.0,2000
2012-12-10,666.0975952148438,834.0,834.0,828.0,828.0,1500
2012-12-11,673.2855224609375,843.0,844.0,834.0,844.0,7500
2012-12-12,670.8897094726562,840.0,842.0,837.0,842.0,1100
2012-12-13,674.883056640625,845.0,845.0,841.0,845.0,1000
2012-12-14,687.661865234375,861.0,880.0,861.0,880.0,19600
2012-12-17,693.2526245117188,868.0,880.0,868.0,880.0,4000
2012-12-18,692.4539794921875,867.0,868.0,867.0,868.0,300
2012-12-19,686.8632202148438,860.0,868.0,860.0,868.0,500
2012-12-20,686.8632202148438,860.0,860.0,858.0,859.0,400
2012-12-21,686.8632202148438,860.0,860.0,860.0,860.0,300
2012-12-25,690.8568115234375,865.0,878.0,861.0,878.0,1400
2012-12-27,701.2393798828125,878.0,878.0,851.0,878.0,2800
2012-12-28,702.0380859375,879.0,879.0,856.0,856.0,400
2013-01-04,702.8368530273438,880.0,880.0,874.0,879.0,4200
2013-01-07,704.4342651367188,882.0,884.0,881.0,884.0,600
2013-01-08,710.8236083984375,890.0,890.0,884.0,884.0,2600
2013-01-09,709.2262573242188,888.0,892.0,888.0,890.0,2900
2013-01-10,714.0184326171875,894.0,895.0,892.0,895.0,800
2013-01-11,717.2130126953125,898.0,900.0,895.0,895.0,2400
2013-01-15,717.2130126953125,898.0,900.0,898.0,900.0,5300
2013-01-16,714.8170166015625,895.0,898.0,875.0,898.0,1000
2013-01-17,710.8236083984375,890.0,898.0,880.0,880.0,700
2013-01-18,715.61572265625,896.0,896.0,876.0,876.0,200
2013-01-21,714.8170166015625,895.0,897.0,895.0,897.0,300
2013-01-22,710.8236083984375,890.0,900.0,890.0,894.0,1200
2013-01-23,709.2262573242188,888.0,890.0,886.0,890.0,300
2013-01-24,718.0116577148438,899.0,899.0,888.0,889.0,500
2013-01-25,718.0116577148438,899.0,900.0,899.0,900.0,800
2013-01-28,717.2130126953125,898.0,900.0,898.0,900.0,2600
2013-01-29,718.8103637695312,900.0,900.0,900.0,900.0,100
2013-01-30,718.0116577148438,899.0,899.0,876.0,895.0,1400
2013-01-31,715.61572265625,896.0,900.0,879.0,885.0,2500
2013-02-01,710.02490234375,889.0,889.0,880.0,889.0,1800
2013-02-04,714.0184326171875,894.0,895.0,891.0,893.0,1100
2013-02-05,717.2130126953125,898.0,898.0,896.0,896.0,800
2013-02-06,722.8036499023438,905.0,905.0,898.0,900.0,1700
2013-02-07,726.797119140625,910.0,910.0,910.0,910.0,1300
2013-02-08,722.8036499023438,905.0,910.0,900.0,910.0,2300
2013-02-12,720.40771484375,902.0,902.0,901.0,902.0,2200
2013-02-13,718.8103637695312,900.0,904.0,900.0,904.0,1200
2013-02-14,718.8103637695312,900.0,910.0,900.0,910.0,4900
2013-02-15,720.40771484375,902.0,902.0,902.0,902.0,100
2013-02-18,718.8103637695312,900.0,900.0,900.0,900.0,200
2013-02-19,723.6023559570312,906.0,909.0,900.0,900.0,500
2013-02-20,717.2130126953125,898.0,900.0,871.0,900.0,8100
2013-02-21,721.2064819335938,903.0,903.0,898.0,898.0,200
2013-02-22,724.4010009765625,907.0,907.0,907.0,907.0,200
2013-02-25,721.2064819335938,903.0,908.0,888.0,908.0,2200
2013-02-26,717.2130126953125,898.0,909.0,898.0,909.0,2900
2013-02-27,717.2130126953125,898.0,909.0,898.0,904.0,900
2013-02-28,725.1998291015625,908.0,910.0,908.0,910.0,200
2013-03-01,726.797119140625,910.0,910.0,906.0,910.0,3000
2013-03-04,726.797119140625,910.0,910.0,908.0,910.0,1700
2013-03-05,726.797119140625,910.0,914.0,905.0,914.0,1200
2013-03-06,718.8103637695312,900.0,905.0,899.0,905.0,3500
2013-03-07,722.0049438476562,904.0,907.0,899.0,899.0,1400
2013-03-08,725.1998291015625,908.0,915.0,908.0,915.0,3400
2013-03-11,725.1998291015625,908.0,912.0,908.0,912.0,2100
2013-03-12,733.1866455078125,918.0,919.0,912.0,912.0,1900
2013-03-13,726.797119140625,910.0,910.0,905.0,910.0,2200
2013-03-14,725.9983520507812,909.0,920.0,908.0,920.0,8900
2013-03-15,729.1932983398438,913.0,913.0,913.0,913.0,100
2013-03-18,733.1866455078125,918.0,919.0,912.0,914.0,2000
2013-03-19,733.1866455078125,918.0,918.0,905.0,918.0,3000
2013-03-21,734.7838745117188,920.0,920.0,910.0,920.0,2500
2013-03-22,742.7706909179688,930.0,930.0,920.0,920.0,800
2013-03-25,746.7639770507812,935.0,937.0,930.0,931.0,1600
2013-03-26,749.9588012695312,939.0,939.0,934.0,935.0,3700
2013-03-27,726.497314453125,898.0,900.0,892.0,893.0,3200
2013-03-28,727.3062744140625,899.0,918.0,898.0,898.0,1900
2013-03-29,732.9694213867188,906.0,906.0,896.0,898.0,800
2013-04-01,713.5531616210938,882.0,905.0,882.0,905.0,2000
2013-04-02,692.5184936523438,856.0,880.0,856.0,880.0,200
2013-04-03,732.9694213867188,906.0,906.0,863.0,863.0,1300
2013-04-04,732.9694213867188,906.0,906.0,906.0,906.0,1600
2013-04-05,734.58740234375,908.0,909.0,908.0,909.0,300
2013-04-08,728.9244384765625,901.0,907.0,893.0,906.0,2000
2013-04-09,730.5424194335938,903.0,907.0,903.0,907.0,300
2013-04-10,728.1152954101562,900.0,905.0,900.0,903.0,1300
2013-04-11,726.497314453125,898.0,901.0,898.0,901.0,1100
2013-04-12,714.362060546875,883.0,900.0,856.0,894.0,4700
2013-04-15,735.3964233398438,909.0,912.0,909.0,912.0,5000
2013-04-16,729.7332763671875,902.0,902.0,902.0,902.0,300
2013-04-17,729.7332763671875,902.0,902.0,888.0,897.0,1200
2013-04-18,729.7332763671875,902.0,902.0,900.0,901.0,400
2013-04-19,733.7784423828125,907.0,907.0,897.0,897.0,800
2013-04-22,732.1603393554688,905.0,907.0,904.0,907.0,700
2013-04-23,734.58740234375,908.0,908.0,906.0,908.0,500
2013-04-24,738.6325073242188,913.0,913.0,909.0,909.0,1000
2013-04-25,730.5424194335938,903.0,914.0,903.0,914.0,2000
2013-04-26,742.6775512695312,918.0,918.0,918.0,918.0,2400
2013-04-30,743.4867553710938,919.0,919.0,903.0,903.0,1800
2013-05-01,742.6775512695312,918.0,919.0,909.0,919.0,400
2013-05-02,741.0596313476562,916.0,919.0,907.0,918.0,2500
2013-05-07,752.3858032226562,930.0,930.0,920.0,925.0,4500
2013-05-08,760.4759521484375,940.0,940.0,924.0,932.0,3500
2013-05-09,768.5662231445312,950.0,950.0,941.0,943.0,5300
2013-05-10,762.9028930664062,943.0,954.0,940.0,943.0,3300
2013-05-13,758.0489501953125,937.0,947.0,930.0,947.0,4300
2013-05-14,752.3858032226562,930.0,949.0,930.0,949.0,5900
2013-05-15,752.3858032226562,930.0,937.0,930.0,937.0,1100
2013-05-16,744.2957763671875,920.0,925.0,920.0,924.0,600
2013-05-17,756.4309692382812,935.0,938.0,935.0,938.0,300
2013-05-20,750.7678833007812,928.0,940.0,926.0,926.0,2200
2013-05-21,756.4309692382812,935.0,935.0,928.0,928.0,300
2013-05-22,754.0038452148438,932.0,935.0,932.0,933.0,600
2013-05-23,741.0596313476562,916.0,933.0,915.0,933.0,2600
2013-05-24,732.9694213867188,906.0,930.0,904.0,930.0,1200
2013-05-27,737.0145263671875,911.0,936.0,910.0,936.0,2600
2013-05-28,760.4759521484375,940.0,940.0,910.0,910.0,3000
2013-05-29,740.250732421875,915.0,915.0,910.0,910.0,2300
2013-05-30,732.9694213867188,906.0,908.0,906.0,908.0,500
2013-05-31,731.3515014648438,904.0,905.0,904.0,905.0,600
2013-06-03,728.1152954101562,900.0,917.0,900.0,906.0,300
2013-06-04,738.6325073242188,913.0,913.0,899.0,900.0,900
2013-06-05,741.0596313476562,916.0,916.0,898.0,898.0,300
2013-06-06,711.1259765625,879.0,915.0,879.0,915.0,1800
2013-06-07,703.8449096679688,870.0,885.0,870.0,881.0,1600
2013-06-10,716.7891235351562,886.0,898.0,886.0,886.0,400
2013-06-11,735.3964233398438,909.0,909.0,860.0,888.0,6700
2013-06-12,732.1603393554688,905.0,905.0,900.0,904.0,800
2013-06-13,732.1603393554688,905.0,906.0,905.0,905.0,800
2013-06-14,732.1603393554688,905.0,909.0,880.0,909.0,6000
2013-06-17,731.3515014648438,904.0,904.0,904.0,904.0,200
2013-06-18,720.0252075195312,890.0,903.0,886.0,889.0,500
2013-06-19,731.3515014648438,904.0,904.0,899.0,899.0,300
2013-06-20,711.9349975585938,880.0,897.0,880.0,892.0,6100
2013-06-21,711.9349975585938,880.0,880.0,876.0,880.0,500
2013-06-24,717.5980224609375,887.0,892.0,887.0,892.0,200
2013-06-25,736.20556640625,910.0,910.0,895.0,898.0,2700
2013-06-26,736.20556640625,910.0,910.0,900.0,910.0,2300
2013-06-27,726.497314453125,898.0,900.0,898.0,900.0,300
2013-06-28,729.7332763671875,902.0,909.0,902.0,909.0,200
2013-07-01,728.1152954101562,900.0,902.0,900.0,902.0,700
2013-07-02,728.1152954101562,900.0,900.0,900.0,900.0,700
2013-07-04,732.1603393554688,905.0,905.0,905.0,905.0,300
2013-07-05,744.2957763671875,920.0,920.0,909.0,909.0,4200
2013-07-08,748.3407592773438,925.0,950.0,921.0,950.0,4900
2013-07-09,748.3407592773438,925.0,939.0,925.0,939.0,800
2013-07-10,752.3858032226562,930.0,933.0,930.0,933.0,700
2013-07-11,760.4759521484375,940.0,940.0,932.0,940.0,6300
2013-07-12,764.5211791992188,945.0,945.0,937.0,942.0,3100
2013-07-16,753.1947631835938,931.0,975.0,931.0,975.0,36400
2013-07-17,746.7227783203125,923.0,931.0,923.0,931.0,400
2013-07-18,759.6670532226562,939.0,939.0,939.0,939.0,600
2013-07-19,740.250732421875,915.0,939.0,912.0,939.0,1100
2013-07-22,748.3407592773438,925.0,925.0,925.0,925.0,100
2013-07-23,741.8685913085938,917.0,918.0,917.0,917.0,2700
2013-07-24,741.0596313476562,916.0,919.0,916.0,918.0,1100
2013-07-25,749.1498413085938,926.0,927.0,926.0,927.0,600
2013-07-26,745.9136962890625,922.0,926.0,920.0,926.0,2900
2013-07-29,742.6775512695312,918.0,922.0,916.0,922.0,800
2013-07-30,742.6775512695312,918.0,918.0,918.0,918.0,0
2013-07-31,741.8685913085938,917.0,917.0,916.0,916.0,300
2013-08-01,742.6775512695312,918.0,918.0,915.0,918.0,800
2013-08-02,742.6775512695312,918.0,918.0,916.0,917.0,500
2013-08-05,742.6775512695312,918.0,918.0,918.0,918.0,500
2013-08-06,742.6775512695312,918.0,918.0,917.0,918.0,700
2013-08-07,744.2957763671875,920.0,920.0,919.0,919.0,1100
2013-08-08,744.2957763671875,920.0,920.0,912.0,919.0,1600
2013-08-09,740.250732421875,915.0,920.0,915.0,920.0,1400
2013-08-12,745.9136962890625,922.0,922.0,916.0,920.0,2100
2013-08-13,746.7227783203125,923.0,923.0,910.0,916.0,3500
2013-08-14,745.9136962890625,922.0,922.0,915.0,920.0,6800
2013-08-15,728.9244384765625,901.0,924.0,901.0,924.0,3200
2013-08-16,729.7332763671875,902.0,902.0,902.0,902.0,100
2013-08-19,739.441650390625,914.0,914.0,911.0,911.0,200
2013-08-20,740.250732421875,915.0,919.0,915.0,919.0,300
2013-08-22,740.250732421875,915.0,915.0,915.0,915.0,0
2013-08-23,740.250732421875,915.0,919.0,915.0,919.0,800
2013-08-26,745.9136962890625,922.0,959.0,922.0,959.0,3300
2013-08-27,744.2957763671875,920.0,920.0,920.0,920.0,300
2013-08-28,740.250732421875,915.0,915.0,915.0,915.0,700
2013-08-30,740.250732421875,915.0,915.0,915.0,915.0,200
2013-09-02,736.20556640625,910.0,911.0,910.0,911.0,400
2013-09-04,736.20556640625,910.0,910.0,910.0,910.0,100
2013-09-05,736.20556640625,910.0,910.0,910.0,910.0,0
2013-09-06,740.250732421875,915.0,915.0,915.0,915.0,100
2013-09-09,741.0596313476562,916.0,918.0,916.0,916.0,800
2013-09-10,736.20556640625,910.0,918.0,898.0,918.0,3700
2013-09-11,733.7784423828125,907.0,910.0,907.0,910.0,1800
2013-09-12,736.20556640625,910.0,910.0,910.0,910.0,2700
2013-09-13,739.441650390625,914.0,914.0,910.0,910.0,1600
2013-09-17,729.7332763671875,902.0,915.0,898.0,915.0,6300
2013-09-18,728.1152954101562,900.0,905.0,900.0,905.0,800
2013-09-19,732.1603393554688,905.0,905.0,900.0,900.0,900
2013-09-20,740.250732421875,915.0,915.0,902.0,902.0,1900
2013-09-24,737.0145263671875,911.0,915.0,910.0,915.0,1100
2013-09-25,740.250732421875,915.0,915.0,914.0,914.0,1100
2013-09-26,739.4307861328125,902.0,931.0,902.0,931.0,2900
2013-09-27,741.0703735351562,904.0,914.0,904.0,914.0,200
2013-09-30,748.4481811523438,913.0,913.0,913.0,913.0,100
2013-10-01,750.087890625,915.0,915.0,913.0,913.0,400
2013-10-02,740.2506713867188,903.0,915.0,902.0,915.0,700
2013-10-03,741.0703735351562,904.0,904.0,901.0,903.0,700
2013-10-04,741.0703735351562,904.0,911.0,901.0,911.0,600
2013-10-07,753.3668823242188,919.0,919.0,904.0,904.0,1500
2013-10-08,741.0703735351562,904.0,916.0,904.0,916.0,300
2013-10-09,745.989013671875,910.0,915.0,906.0,915.0,700
2013-10-10,741.0703735351562,904.0,913.0,904.0,913.0,1500
2013-10-11,748.4481811523438,913.0,913.0,909.0,913.0,1900
2013-10-15,748.4481811523438,913.0,913.0,913.0,913.0,4700
2013-10-16,745.989013671875,910.0,910.0,908.0,908.0,300
2013-10-17,745.989013671875,910.0,910.0,908.0,910.0,600
2013-10-18,742.7098999023438,906.0,906.0,903.0,903.0,1100
2013-10-21,743.5296630859375,907.0,909.0,907.0,909.0,200
2013-10-22,746.8087158203125,911.0,911.0,910.0,910.0,300
2013-10-23,745.989013671875,910.0,910.0,904.0,910.0,1300
2013-10-24,745.1690673828125,909.0,909.0,906.0,909.0,800
2013-10-25,745.989013671875,910.0,910.0,909.0,910.0,1100
2013-10-28,745.989013671875,910.0,910.0,910.0,910.0,2400
2013-10-29,745.989013671875,910.0,910.0,910.0,910.0,0
2013-10-30,739.4307861328125,902.0,902.0,902.0,902.0,100
2013-10-31,741.8900756835938,905.0,907.0,902.0,902.0,600
2013-11-01,739.4307861328125,902.0,905.0,902.0,905.0,1200
2013-11-05,738.6111450195312,901.0,902.0,901.0,902.0,1300
2013-11-06,738.6111450195312,901.0,901.0,900.0,900.0,1300
2013-11-07,734.51220703125,896.0,905.0,896.0,905.0,1400
2013-11-08,735.33203125,897.0,899.0,897.0,899.0,900
2013-11-11,737.7911987304688,900.0,902.0,900.0,902.0,500
2013-11-12,739.4307861328125,902.0,902.0,900.0,902.0,1100
2013-11-13,741.0703735351562,904.0,904.0,903.0,903.0,1600
2013-11-14,742.7098999023438,906.0,906.0,903.0,906.0,5300
2013-11-15,743.5296630859375,907.0,907.0,902.0,902.0,1200
2013-11-18,742.7098999023438,906.0,907.0,904.0,907.0,500
2013-11-19,744.3494873046875,908.0,908.0,902.0,902.0,200
2013-11-20,745.1690673828125,909.0,909.0,908.0,908.0,300
2013-11-21,741.0703735351562,904.0,909.0,904.0,904.0,900
2013-11-22,743.5296630859375,907.0,907.0,904.0,904.0,300
2013-11-25,745.989013671875,910.0,910.0,906.0,910.0,1400
2013-11-26,741.8900756835938,905.0,911.0,905.0,911.0,3300
2013-11-27,739.4307861328125,902.0,904.0,902.0,903.0,1400
2013-11-28,740.2506713867188,903.0,907.0,903.0,907.0,500
2013-11-29,741.8900756835938,905.0,910.0,903.0,903.0,900
2013-12-02,739.4307861328125,902.0,908.0,902.0,908.0,1800
2013-12-03,741.8900756835938,905.0,905.0,902.0,902.0,1000
2013-12-04,741.8900756835938,905.0,906.0,904.0,904.0,600
2013-12-05,745.989013671875,910.0,910.0,905.0,905.0,300
2013-12-06,750.087890625,915.0,915.0,910.0,910.0,2100
2013-12-09,741.8900756835938,905.0,918.0,900.0,918.0,6500
2013-12-10,750.087890625,915.0,915.0,912.0,912.0,800
2013-12-11,755.00634765625,921.0,932.0,917.0,930.0,4900
2013-12-12,759.9249267578125,927.0,930.0,921.0,921.0,2100
2013-12-13,759.105224609375,926.0,930.0,917.0,930.0,4100
2013-12-16,746.8087158203125,911.0,926.0,911.0,926.0,19800
2013-12-17,745.989013671875,910.0,926.0,910.0,926.0,4400
2013-12-18,745.989013671875,910.0,910.0,910.0,910.0,100
2013-12-19,745.989013671875,910.0,919.0,910.0,910.0,400
2013-12-20,749.26806640625,914.0,914.0,909.0,910.0,900
2013-12-24,742.7098999023438,906.0,912.0,906.0,910.0,1400
2013-12-25,742.7098999023438,906.0,906.0,903.0,906.0,2000
2013-12-26,742.7098999023438,906.0,906.0,906.0,906.0,2500
2013-12-27,745.1690673828125,909.0,909.0,902.0,902.0,1900
2013-12-30,755.00634765625,921.0,921.0,909.0,910.0,1600
2014-01-06,755.00634765625,921.0,921.0,914.0,914.0,600
2014-01-07,761.5645141601562,929.0,931.0,913.0,931.0,2400
2014-01-08,764.0238037109375,932.0,932.0,930.0,930.0,600
2014-01-09,766.483154296875,935.0,937.0,931.0,932.0,2000
2014-01-10,773.8610229492188,944.0,944.0,937.0,940.0,2600
2014-01-14,774.680908203125,945.0,948.0,937.0,937.0,6300
2014-01-15,774.680908203125,945.0,945.0,940.0,945.0,800
2014-01-16,774.680908203125,945.0,945.0,945.0,945.0,400
2014-01-17,753.3668823242188,919.0,920.0,900.0,900.0,22700
2014-01-20,750.087890625,915.0,922.0,915.0,919.0,2600
2014-01-21,758.2854614257812,925.0,925.0,922.0,922.0,1600
2014-01-22,755.00634765625,921.0,925.0,921.0,925.0,2400
2014-01-23,760.7448120117188,928.0,928.0,922.0,928.0,1800
2014-01-24,762.3843383789062,930.0,930.0,925.0,928.0,1900
2014-01-27,757.4656372070312,924.0,925.0,917.0,925.0,3800
2014-01-28,773.8610229492188,944.0,944.0,930.0,930.0,1100
2014-01-29,774.680908203125,945.0,945.0,944.0,944.0,2200
2014-01-30,763.2040405273438,931.0,932.0,930.0,930.0,500
2014-01-31,762.3843383789062,930.0,933.0,930.0,932.0,600
2014-02-03,762.3843383789062,930.0,930.0,925.0,925.0,500
2014-02-04,754.1866455078125,920.0,920.0,910.0,920.0,2500
2014-02-05,759.105224609375,926.0,929.0,926.0,929.0,200
2014-02-06,759.105224609375,926.0,926.0,919.0,926.0,500
2014-02-07,756.6460571289062,923.0,923.0,918.0,923.0,700
2014-02-10,758.2854614257812,925.0,928.0,925.0,925.0,800
2014-02-12,756.6460571289062,923.0,929.0,923.0,929.0,2400
2014-02-13,759.9249267578125,927.0,929.0,922.0,929.0,2700
2014-02-14,759.9249267578125,927.0,927.0,927.0,927.0,4900
2014-02-17,755.00634765625,921.0,927.0,920.0,927.0,400
2014-02-18,758.2854614257812,925.0,925.0,925.0,925.0,100
2014-02-19,754.1866455078125,920.0,920.0,920.0,920.0,700
2014-02-20,754.1866455078125,920.0,920.0,920.0,920.0,0
2014-02-21,752.5470581054688,918.0,925.0,918.0,925.0,800
2014-02-24,755.826171875,922.0,922.0,919.0,919.0,1400
2014-02-25,766.483154296875,935.0,937.0,922.0,937.0,1500
2014-02-26,759.105224609375,926.0,946.0,924.0,945.0,3300
2014-02-27,758.2854614257812,925.0,930.0,925.0,930.0,400
2014-02-28,766.483154296875,935.0,935.0,935.0,935.0,200
2014-03-03,764.8436889648438,933.0,935.0,930.0,930.0,600
2014-03-05,758.2854614257812,925.0,935.0,925.0,935.0,300
2014-03-06,762.3843383789062,930.0,935.0,928.0,932.0,1000
2014-03-07,764.0238037109375,932.0,945.0,932.0,945.0,500
2014-03-10,760.7448120117188,928.0,932.0,928.0,932.0,1400
2014-03-11,777.1402587890625,948.0,950.0,948.0,950.0,500
2014-03-12,773.0411987304688,943.0,950.0,943.0,949.0,1100
2014-03-13,781.239013671875,953.0,953.0,937.0,953.0,2400
2014-03-14,765.6632690429688,934.0,954.0,934.0,954.0,5000
2014-03-17,778.7797241210938,950.0,952.0,939.0,952.0,300
2014-03-18,770.58203125,940.0,950.0,938.0,950.0,500
2014-03-19,770.58203125,940.0,940.0,940.0,940.0,200
2014-03-20,777.9599609375,949.0,950.0,941.0,941.0,700
2014-03-24,777.1402587890625,948.0,948.0,934.0,934.0,1400
2014-03-25,782.0587768554688,954.0,954.0,953.0,953.0,1800
2014-03-26,779.5994873046875,951.0,956.0,951.0,955.0,5200
2014-03-27,764.655029296875,921.0,939.0,921.0,939.0,1900
2014-03-28,764.655029296875,921.0,933.0,918.0,918.0,700
2014-03-31,765.4852905273438,922.0,948.0,921.0,921.0,2900
2014-04-01,767.1456909179688,924.0,930.0,924.0,924.0,700
2014-04-02,764.655029296875,921.0,924.0,921.0,924.0,600
2014-04-03,767.9759521484375,925.0,929.0,925.0,929.0,200
2014-04-04,770.466796875,928.0,928.0,926.0,926.0,400
2014-04-07,779.5994873046875,939.0,939.0,929.0,929.0,600
2014-04-08,771.2969360351562,929.0,939.0,929.0,939.0,500
2014-04-09,769.636474609375,927.0,935.0,927.0,935.0,2100
2014-04-10,770.466796875,928.0,940.0,927.0,940.0,1600
2014-04-11,780.4296264648438,940.0,940.0,929.0,934.0,1100
2014-04-14,769.636474609375,927.0,945.0,922.0,945.0,5200
2014-04-15,769.636474609375,927.0,927.0,927.0,927.0,0
2014-04-16,768.8062744140625,926.0,928.0,923.0,923.0,1200
2014-04-17,768.8062744140625,926.0,926.0,926.0,926.0,0
2014-04-18,766.3154907226562,923.0,923.0,923.0,923.0,400
2014-04-21,765.4852905273438,922.0,922.0,922.0,922.0,400
2014-04-22,767.9759521484375,925.0,925.0,922.0,922.0,600
2014-04-23,765.4852905273438,922.0,923.0,922.0,923.0,300
2014-04-24,770.466796875,928.0,928.0,928.0,928.0,100
2014-04-25,777.1088256835938,936.0,937.0,924.0,937.0,1100
2014-04-28,774.6181030273438,933.0,943.0,928.0,943.0,2300
2014-04-30,774.6181030273438,933.0,933.0,933.0,933.0,0
2014-05-01,770.466796875,928.0,930.0,928.0,928.0,300
2014-05-02,772.95751953125,931.0,942.0,931.0,942.0,300
2014-05-07,780.4296264648438,940.0,940.0,940.0,940.0,100
2014-05-08,770.466796875,928.0,941.0,928.0,941.0,1100
2014-05-09,774.6181030273438,933.0,942.0,933.0,942.0,700
2014-05-12,777.1088256835938,936.0,940.0,936.0,940.0,500
2014-05-13,780.4296264648438,940.0,940.0,935.0,940.0,1700
2014-05-14,772.1273193359375,930.0,930.0,930.0,930.0,5400
2014-05-15,763.8248291015625,920.0,930.0,920.0,930.0,3600
2014-05-16,762.99462890625,919.0,935.0,919.0,935.0,500
2014-05-19,759.6737060546875,915.0,915.0,915.0,915.0,500
2014-05-20,747.2199096679688,900.0,915.0,900.0,915.0,2400
2014-05-21,747.2199096679688,900.0,900.0,900.0,900.0,0
2014-05-22,754.6920776367188,909.0,909.0,909.0,909.0,300
2014-05-23,772.95751953125,931.0,931.0,930.0,931.0,1000
2014-05-26,770.466796875,928.0,938.0,928.0,938.0,2600
2014-05-27,763.8248291015625,920.0,920.0,918.0,920.0,900
2014-05-28,777.1088256835938,936.0,936.0,924.0,924.0,400
2014-05-29,771.2969360351562,929.0,929.0,927.0,927.0,200
2014-05-30,765.4852905273438,922.0,922.0,922.0,922.0,100
2014-06-02,765.4852905273438,922.0,922.0,922.0,922.0,0
2014-06-03,767.9759521484375,925.0,925.0,925.0,925.0,300
2014-06-04,764.655029296875,921.0,934.0,919.0,934.0,2400
2014-06-05,767.9759521484375,925.0,925.0,924.0,924.0,300
2014-06-06,767.9759521484375,925.0,925.0,925.0,925.0,200
2014-06-09,777.1088256835938,936.0,936.0,925.0,925.0,1500
2014-06-10,774.6181030273438,933.0,936.0,930.0,936.0,700
2014-06-11,779.5994873046875,939.0,940.0,931.0,931.0,1300
2014-06-12,780.4296264648438,940.0,940.0,935.0,937.0,1400
2014-06-13,779.5994873046875,939.0,945.0,933.0,939.0,1700
2014-06-16,776.2783813476562,935.0,938.0,934.0,938.0,5500
2014-06-17,784.5808715820312,945.0,945.0,936.0,936.0,500
2014-06-18,781.2598876953125,941.0,941.0,941.0,941.0,700
2014-06-19,780.4296264648438,940.0,940.0,940.0,940.0,600
2014-06-20,784.5808715820312,945.0,945.0,945.0,945.0,100
2014-06-23,780.4296264648438,940.0,943.0,940.0,943.0,700
2014-06-24,780.4296264648438,940.0,940.0,940.0,940.0,200
2014-06-25,788.7320556640625,950.0,950.0,943.0,949.0,1000
2014-06-26,792.8833618164062,955.0,957.0,955.0,957.0,2100
2014-06-27,784.5808715820312,945.0,954.0,942.0,942.0,400
2014-06-30,788.7320556640625,950.0,950.0,945.0,945.0,1000
2014-07-01,803.676513671875,968.0,968.0,968.0,968.0,100
2014-07-02,789.5624389648438,951.0,968.0,951.0,968.0,1100
2014-07-03,789.5624389648438,951.0,951.0,951.0,951.0,0
2014-07-04,791.222900390625,953.0,960.0,952.0,960.0,1300
2014-07-07,795.3741455078125,958.0,983.0,954.0,983.0,6000
2014-07-08,798.6950073242188,962.0,969.0,962.0,969.0,800
2014-07-09,805.3369750976562,970.0,981.0,967.0,967.0,1900
2014-07-10,819.4511108398438,987.0,987.0,975.0,975.0,1800
2014-07-11,833.5653076171875,1004.0,1004.0,991.0,999.0,11200
2014-07-14,849.3400268554688,1023.0,1054.0,1010.0,1052.0,20000
2014-07-15,846.8493041992188,1020.0,1022.0,1020.0,1022.0,1100
2014-07-16,836.0560302734375,1007.0,1030.0,995.0,995.0,600
2014-07-17,836.0560302734375,1007.0,1007.0,1007.0,1007.0,0
2014-07-18,811.1488647460938,977.0,977.0,977.0,977.0,700
2014-07-22,833.5653076171875,1004.0,1009.0,1004.0,1009.0,400
2014-07-23,833.5653076171875,1004.0,1004.0,1004.0,1004.0,100
2014-07-24,830.244384765625,1000.0,1010.0,1000.0,1010.0,300
2014-07-25,846.0189819335938,1019.0,1019.0,1010.0,1010.0,1300
2014-07-28,846.0189819335938,1019.0,1019.0,1002.0,1002.0,2300
2014-07-29,831.9049682617188,1002.0,1006.0,1002.0,1003.0,400
2014-07-30,831.9049682617188,1002.0,1002.0,1002.0,1002.0,0
2014-07-31,829.4141845703125,999.0,1002.0,999.0,1002.0,400
2014-08-01,814.4697265625,981.0,999.0,981.0,982.0,900
2014-08-04,826.9234619140625,996.0,996.0,996.0,996.0,100
2014-08-05,817.7907104492188,985.0,985.0,985.0,985.0,300
2014-08-06,813.6395874023438,980.0,980.0,980.0,980.0,700
2014-08-07,806.1672973632812,971.0,995.0,971.0,995.0,1200
2014-08-08,829.4141845703125,999.0,999.0,999.0,999.0,100
2014-08-11,812.8092651367188,979.0,1000.0,979.0,1000.0,1800
2014-08-12,810.3184814453125,976.0,994.0,976.0,994.0,1600
2014-08-13,826.0933227539062,995.0,995.0,988.0,994.0,1400
2014-08-14,826.0933227539062,995.0,995.0,995.0,995.0,4200
2014-08-15,818.6209716796875,986.0,986.0,986.0,986.0,100
2014-08-18,816.9605102539062,984.0,998.0,983.0,998.0,500
2014-08-19,827.7536010742188,997.0,997.0,995.0,995.0,400
2014-08-20,826.0933227539062,995.0,1000.0,995.0,995.0,600
2014-08-21,825.262939453125,994.0,1000.0,994.0,995.0,800
2014-08-22,825.262939453125,994.0,994.0,990.0,990.0,1800
2014-08-25,826.0933227539062,995.0,1000.0,994.0,1000.0,1600
2014-08-26,813.6395874023438,980.0,980.0,976.0,980.0,3900
2014-08-27,813.6395874023438,980.0,980.0,980.0,980.0,200
2014-08-28,809.48828125,975.0,975.0,975.0,975.0,700
2014-08-29,802.8462524414062,967.0,967.0,967.0,967.0,300
2014-09-01,803.676513671875,968.0,968.0,968.0,968.0,200
2014-09-02,803.676513671875,968.0,968.0,968.0,968.0,0
2014-09-03,803.676513671875,968.0,969.0,967.0,969.0,1600
2014-09-04,803.676513671875,968.0,968.0,968.0,968.0,600
2014-09-05,816.1301879882812,983.0,983.0,983.0,983.0,100
2014-09-08,821.9419555664062,990.0,990.0,983.0,983.0,700
2014-09-09,818.6209716796875,986.0,997.0,985.0,997.0,500
2014-09-10,818.6209716796875,986.0,995.0,986.0,995.0,1100
2014-09-11,820.281494140625,988.0,988.0,988.0,988.0,200
2014-09-12,823.6023559570312,992.0,995.0,989.0,995.0,1700
2014-09-16,824.4327392578125,993.0,1007.0,993.0,1007.0,5000
2014-09-17,824.4327392578125,993.0,995.0,993.0,995.0,200
2014-09-18,825.262939453125,994.0,994.0,994.0,994.0,200
2014-09-19,822.772216796875,991.0,994.0,991.0,994.0,900
2014-09-22,821.9419555664062,990.0,990.0,990.0,990.0,1000
2014-09-24,824.4327392578125,993.0,993.0,986.0,991.0,1400
2014-09-25,826.9234619140625,996.0,996.0,994.0,994.0,1100
2014-09-26,820.2003784179688,976.0,995.0,966.0,995.0,4500
2014-09-29,821.040771484375,977.0,978.0,977.0,977.0,2700
2014-09-30,821.040771484375,977.0,977.0,977.0,977.0,300
2014-10-01,830.284912109375,988.0,988.0,988.0,988.0,100
2014-10-02,830.284912109375,988.0,988.0,988.0,988.0,0
2014-10-03,823.5618896484375,980.0,987.0,980.0,987.0,300
2014-10-06,825.24267578125,982.0,990.0,981.0,988.0,900
2014-10-07,819.3599243164062,975.0,991.0,975.0,991.0,1400
2014-10-08,831.125244140625,989.0,989.0,988.0,989.0,400
2014-10-09,829.4444580078125,987.0,994.0,987.0,994.0,700
2014-10-10,833.6463623046875,992.0,994.0,988.0,994.0,1600
2014-10-14,797.510498046875,949.0,990.0,945.0,990.0,8200
2014-10-15,804.2333984375,957.0,985.0,955.0,985.0,500
2014-10-16,802.5526123046875,955.0,995.0,942.0,988.0,5200
2014-10-17,814.3177490234375,969.0,969.0,969.0,969.0,100
2014-10-20,815.9986572265625,971.0,988.0,971.0,974.0,400
2014-10-21,815.9986572265625,971.0,971.0,971.0,971.0,100
2014-10-22,823.5618896484375,980.0,980.0,971.0,971.0,300
2014-10-23,821.8811645507812,978.0,978.0,978.0,978.0,100
2014-10-24,818.519775390625,974.0,974.0,971.0,971.0,1200
2014-10-27,826.0830688476562,983.0,983.0,983.0,983.0,2100
2014-10-28,826.0830688476562,983.0,983.0,983.0,983.0,0
2014-10-29,823.5618896484375,980.0,980.0,980.0,980.0,200
2014-10-30,810.9564208984375,965.0,975.0,965.0,975.0,400
2014-10-31,802.5526123046875,955.0,978.0,951.0,978.0,1600
2014-11-04,813.4774780273438,968.0,980.0,968.0,980.0,500
2014-11-05,825.24267578125,982.0,983.0,982.0,983.0,1200
2014-11-06,817.6792602539062,973.0,985.0,970.0,984.0,2100
2014-11-07,827.7637329101562,985.0,985.0,983.0,984.0,1100
2014-11-10,829.4444580078125,987.0,988.0,987.0,988.0,700
2014-11-11,831.9656372070312,990.0,995.0,990.0,995.0,1100
2014-11-12,835.3269653320312,994.0,1005.0,986.0,998.0,3800
2014-11-13,840.3692626953125,1000.0,1000.0,996.0,1000.0,1400
2014-11-14,836.16748046875,995.0,1000.0,992.0,1000.0,4500
2014-11-17,826.9234619140625,984.0,995.0,984.0,995.0,1200
2014-11-18,819.3599243164062,975.0,983.0,975.0,983.0,2800
2014-11-19,821.8811645507812,978.0,980.0,975.0,980.0,4800
2014-11-20,823.5618896484375,980.0,985.0,978.0,985.0,1200
2014-11-21,824.4022827148438,981.0,985.0,980.0,980.0,900
2014-11-25,837.8482666015625,997.0,997.0,991.0,991.0,800
2014-11-26,837.0078735351562,996.0,997.0,993.0,997.0,2200
2014-11-27,835.3269653320312,994.0,998.0,994.0,998.0,1900
2014-11-28,831.9656372070312,990.0,999.0,986.0,986.0,2300
2014-12-01,832.8059692382812,991.0,991.0,991.0,991.0,100
2014-12-02,838.6884765625,998.0,998.0,990.0,991.0,1600
2014-12-03,832.8059692382812,991.0,999.0,990.0,999.0,2200
2014-12-04,832.8059692382812,991.0,991.0,991.0,991.0,0
2014-12-05,839.5289916992188,999.0,999.0,991.0,999.0,1400
2014-12-08,840.3692626953125,1000.0,1000.0,996.0,1000.0,2500
2014-12-09,851.294189453125,1013.0,1015.0,1006.0,1006.0,1900
2014-12-10,864.7399291992188,1029.0,1029.0,1016.0,1016.0,2900
2014-12-11,865.580322265625,1030.0,1036.0,1027.0,1031.0,6400
2014-12-12,889.9510498046875,1059.0,1059.0,1049.0,1049.0,5800
2014-12-15,878.1859741210938,1045.0,1045.0,1045.0,1045.0,16900
2014-12-16,855.4960327148438,1018.0,1018.0,1018.0,1018.0,900
2014-12-17,859.69775390625,1023.0,1048.0,1013.0,1048.0,3800
2014-12-18,852.134521484375,1014.0,1014.0,1008.0,1008.0,300
2014-12-19,852.134521484375,1014.0,1036.0,1008.0,1013.0,1900
2014-12-22,873.1435546875,1039.0,1049.0,1034.0,1049.0,1000
2014-12-24,879.8667602539062,1047.0,1047.0,1035.0,1038.0,1400
2014-12-25,876.505126953125,1043.0,1048.0,1041.0,1048.0,1000
2014-12-26,876.505126953125,1043.0,1043.0,1043.0,1043.0,2000
2014-12-29,873.1435546875,1039.0,1042.0,1012.0,1042.0,1900
2014-12-30,872.3032836914062,1038.0,1038.0,1035.0,1035.0,400
2015-01-05,872.3032836914062,1038.0,1038.0,1035.0,1035.0,1100
2015-01-06,869.7822265625,1035.0,1040.0,1035.0,1038.0,500
2015-01-07,868.9418334960938,1034.0,1034.0,1032.0,1034.0,1700
2015-01-08,877.345703125,1044.0,1050.0,1044.0,1045.0,1500
2015-01-09,882.3878173828125,1050.0,1050.0,1050.0,1050.0,500
2015-01-13,885.7492065429688,1054.0,1054.0,1050.0,1050.0,1700
2015-01-14,907.5988159179688,1080.0,1080.0,1050.0,1067.0,7400
2015-01-15,896.674072265625,1067.0,1067.0,1052.0,1052.0,200
2015-01-16,894.9933471679688,1065.0,1070.0,1062.0,1069.0,400
2015-01-19,918.5236206054688,1093.0,1093.0,1065.0,1065.0,1400
2015-01-20,905.9180297851562,1078.0,1080.0,1070.0,1070.0,1800
2015-01-21,903.3969116210938,1075.0,1075.0,1074.0,1075.0,300
2015-01-22,889.1106567382812,1058.0,1075.0,1058.0,1075.0,1300
2015-01-23,896.674072265625,1067.0,1070.0,1064.0,1070.0,1700
2015-01-26,899.1951904296875,1070.0,1070.0,1066.0,1066.0,2000
2015-01-27,877.345703125,1044.0,1069.0,1040.0,1062.0,2100
2015-01-28,886.5894775390625,1055.0,1055.0,1031.0,1040.0,1700
2015-01-29,882.3878173828125,1050.0,1055.0,1045.0,1055.0,400
2015-01-30,899.1951904296875,1070.0,1070.0,1040.0,1051.0,500
2015-02-02,899.1951904296875,1070.0,1070.0,1070.0,1070.0,200
2015-02-03,898.3547973632812,1069.0,1069.0,1042.0,1042.0,500
2015-02-04,888.2705078125,1057.0,1057.0,1057.0,1057.0,200
2015-02-05,876.505126953125,1043.0,1067.0,1043.0,1067.0,200
2015-02-06,899.1951904296875,1070.0,1070.0,1055.0,1060.0,1100
2015-02-09,893.3125610351562,1063.0,1070.0,1062.0,1070.0,900
2015-02-10,897.5143432617188,1068.0,1068.0,1008.0,1063.0,5600
2015-02-12,897.5143432617188,1068.0,1070.0,1067.0,1070.0,1500
2015-02-13,897.5143432617188,1068.0,1070.0,1061.0,1068.0,1400
2015-02-16,890.7914428710938,1060.0,1064.0,1060.0,1064.0,4700
2015-02-17,890.7914428710938,1060.0,1060.0,1060.0,1060.0,0
2015-02-18,890.7914428710938,1060.0,1060.0,1060.0,1060.0,100
2015-02-19,886.5894775390625,1055.0,1060.0,1055.0,1060.0,500
2015-02-20,886.5894775390625,1055.0,1055.0,1055.0,1055.0,100
2015-02-23,874.8245239257812,1041.0,1048.0,1035.0,1048.0,2600
2015-02-24,879.8667602539062,1047.0,1049.0,1046.0,1046.0,500
2015-02-25,889.9510498046875,1059.0,1059.0,1050.0,1050.0,2500
2015-02-26,880.7070922851562,1048.0,1070.0,1048.0,1070.0,2900
2015-02-27,877.345703125,1044.0,1050.0,1044.0,1050.0,2600
2015-03-02,879.0263671875,1046.0,1053.0,1044.0,1044.0,700
2015-03-03,876.505126953125,1043.0,1050.0,1043.0,1045.0,2300
2015-03-04,886.5894775390625,1055.0,1056.0,1050.0,1050.0,300
2015-03-05,884.9088134765625,1053.0,1053.0,1032.0,1032.0,3100
2015-03-06,884.9088134765625,1053.0,1053.0,1050.0,1052.0,800
2015-03-09,887.429931640625,1056.0,1057.0,1053.0,1053.0,700
2015-03-10,902.5567626953124,1074.0,1075.0,1059.0,1059.0,700
2015-03-11,900.8759765625,1072.0,1075.0,1072.0,1074.0,800
2015-03-12,902.5567626953124,1074.0,1074.0,1074.0,1074.0,1200
2015-03-13,903.3969116210938,1075.0,1075.0,1074.0,1075.0,2400
2015-03-16,922.7256469726562,1098.0,1100.0,1077.0,1100.0,6500
2015-03-17,958.0208740234376,1140.0,1140.0,1096.0,1097.0,2400
2015-03-18,957.1806030273438,1139.0,1149.0,1110.0,1111.0,2400
2015-03-19,953.8192138671876,1135.0,1139.0,1122.0,1139.0,800
2015-03-20,956.3403930664062,1138.0,1138.0,1130.0,1137.0,800
2015-03-23,966.424560546875,1150.0,1150.0,1138.0,1138.0,2100
2015-03-24,962.2229614257812,1145.0,1167.0,1143.0,1151.0,2900
2015-03-25,974.8284301757812,1160.0,1167.0,1135.0,1167.0,3400
2015-03-26,953.8192138671876,1135.0,1137.0,1130.0,1135.0,5200
2015-03-27,913.8995971679688,1076.0,1135.0,1031.0,1063.0,9100
2015-03-30,893.5153198242188,1052.0,1053.0,1041.0,1042.0,800
2015-03-31,892.666015625,1051.0,1070.0,1048.0,1052.0,1500
2015-04-01,896.912841796875,1056.0,1063.0,1056.0,1060.0,900
2015-04-02,902.8580322265624,1063.0,1063.0,1057.0,1057.0,1500
2015-04-03,900.3101806640625,1060.0,1065.0,1060.0,1065.0,1200
2015-04-06,908.8036499023438,1070.0,1070.0,1059.0,1070.0,1100
2015-04-07,901.159423828125,1061.0,1070.0,1061.0,1070.0,1200
2015-04-08,885.021728515625,1042.0,1063.0,1042.0,1063.0,2800
2015-04-09,890.1180419921875,1048.0,1058.0,1048.0,1058.0,900
2015-04-10,898.6113891601562,1058.0,1059.0,1058.0,1059.0,400
2015-04-13,907.9542846679688,1069.0,1069.0,1060.0,1060.0,2500
2015-04-14,900.3101806640625,1060.0,1065.0,1056.0,1065.0,5200
2015-04-15,890.1180419921875,1048.0,1060.0,1040.0,1060.0,1600
2015-04-16,895.2139892578125,1054.0,1059.0,1040.0,1049.0,3000
2015-04-17,892.666015625,1051.0,1054.0,1041.0,1054.0,2000
2015-04-20,891.8167114257812,1050.0,1050.0,1041.0,1045.0,1600
2015-04-21,890.1180419921875,1048.0,1048.0,1041.0,1042.0,3100
2015-04-22,891.8167114257812,1050.0,1051.0,1041.0,1046.0,2100
2015-04-23,890.9674682617188,1049.0,1049.0,1046.0,1046.0,800
2015-04-24,901.159423828125,1061.0,1061.0,1050.0,1050.0,12300
2015-04-27,898.6113891601562,1058.0,1061.0,1055.0,1061.0,3700
2015-04-28,900.3101806640625,1060.0,1060.0,1046.0,1046.0,1200
2015-04-30,896.912841796875,1056.0,1060.0,1045.0,1060.0,5600
2015-05-01,895.2139892578125,1054.0,1057.0,1041.0,1057.0,6300
2015-05-07,900.3101806640625,1060.0,1060.0,1054.0,1054.0,3200
2015-05-08,914.7490234375,1077.0,1079.0,1060.0,1060.0,3900
2015-05-11,935.1334838867188,1101.0,1110.0,1075.0,1075.0,5600
2015-05-12,932.5853881835938,1098.0,1109.0,1098.0,1109.0,500
2015-05-13,925.7904052734376,1090.0,1099.0,1085.0,1099.0,2200
2015-05-14,913.0502319335938,1075.0,1089.0,1062.0,1089.0,6200
2015-05-15,905.4061279296876,1066.0,1075.0,1060.0,1075.0,1300
2015-05-18,899.4608764648438,1059.0,1062.0,1059.0,1060.0,3400
2015-05-19,904.5568237304688,1065.0,1070.0,1059.0,1062.0,2700
2015-05-20,904.5568237304688,1065.0,1071.0,1065.0,1070.0,800
2015-05-21,913.0502319335938,1075.0,1079.0,1075.0,1079.0,600
2015-05-22,911.3516845703124,1073.0,1073.0,1071.0,1073.0,700
2015-05-25,913.8995971679688,1076.0,1080.0,1074.0,1080.0,3300
2015-05-26,907.9542846679688,1069.0,1079.0,1065.0,1079.0,3200
2015-05-27,908.8036499023438,1070.0,1070.0,1069.0,1069.0,300
2015-05-28,891.8167114257812,1050.0,1063.0,1050.0,1063.0,7100
2015-05-29,896.0633544921875,1055.0,1055.0,1055.0,1055.0,4200
2015-06-01,906.2555541992188,1067.0,1067.0,1067.0,1067.0,200
2015-06-02,915.5983276367188,1078.0,1078.0,1070.0,1070.0,2700
2015-06-03,911.3516845703124,1073.0,1078.0,1071.0,1078.0,600
2015-06-04,911.3516845703124,1073.0,1073.0,1073.0,1073.0,0
2015-06-05,913.0502319335938,1075.0,1078.0,1075.0,1078.0,200
2015-06-08,923.2424926757812,1087.0,1093.0,1073.0,1075.0,3100
2015-06-09,922.3931884765624,1086.0,1092.0,1085.0,1092.0,1400
2015-06-10,926.639892578125,1091.0,1092.0,1080.0,1089.0,5900
2015-06-11,923.2424926757812,1087.0,1093.0,1087.0,1091.0,1600
2015-06-12,918.995849609375,1082.0,1092.0,1079.0,1092.0,6500
2015-06-15,894.3646850585938,1053.0,1070.0,1053.0,1068.0,23700
2015-06-16,904.5568237304688,1065.0,1065.0,1065.0,1065.0,100
2015-06-17,907.1047973632812,1068.0,1096.0,1061.0,1066.0,2400
2015-06-18,908.8036499023438,1070.0,1076.0,1070.0,1070.0,400
2015-06-19,901.159423828125,1061.0,1071.0,1053.0,1071.0,2000
2015-06-22,916.44775390625,1079.0,1079.0,1057.0,1057.0,800
2015-06-23,902.8580322265624,1063.0,1063.0,1056.0,1056.0,1900
2015-06-24,910.5023193359376,1072.0,1079.0,1072.0,1079.0,300
2015-06-25,911.3516845703124,1073.0,1078.0,1070.0,1078.0,1000
2015-06-26,916.44775390625,1079.0,1080.0,1076.0,1080.0,2200
2015-06-29,913.0502319335938,1075.0,1076.0,1073.0,1076.0,900
2015-06-30,896.912841796875,1056.0,1073.0,1051.0,1051.0,1800
2015-07-01,906.2555541992188,1067.0,1072.0,1060.0,1072.0,900
2015-07-02,907.1047973632812,1068.0,1070.0,1062.0,1062.0,2000
2015-07-03,917.297119140625,1080.0,1087.0,1065.0,1068.0,3600
2015-07-06,921.5438842773438,1085.0,1087.0,1072.0,1080.0,3800
2015-07-07,929.1881713867188,1094.0,1100.0,1084.0,1087.0,8900
2015-07-08,919.84521484375,1083.0,1105.0,1083.0,1099.0,3800
2015-07-09,912.2009887695312,1074.0,1083.0,1056.0,1083.0,3600
2015-07-10,921.5438842773438,1085.0,1085.0,1074.0,1074.0,4000
2015-07-13,967.4088745117188,1139.0,1139.0,1090.0,1090.0,10300
2015-07-14,975.052734375,1148.0,1150.0,1128.0,1150.0,15000
2015-07-15,951.2710571289062,1120.0,1149.0,1089.0,1149.0,3700
2015-07-16,974.20361328125,1147.0,1147.0,1110.0,1121.0,1300
2015-07-17,950.421875,1119.0,1147.0,1119.0,1119.0,700
2015-07-21,956.3671875,1126.0,1140.0,1126.0,1140.0,400
2015-07-22,944.4763793945312,1112.0,1125.0,1112.0,1121.0,1400
2015-07-23,944.4763793945312,1112.0,1112.0,1112.0,1112.0,200
2015-07-24,955.517822265625,1125.0,1125.0,1122.0,1125.0,900
2015-07-27,943.6267700195312,1111.0,1145.0,1111.0,1145.0,2800
2015-07-28,936.8322143554688,1103.0,1112.0,1103.0,1112.0,300
2015-07-29,938.5308227539062,1105.0,1105.0,1104.0,1104.0,500
2015-07-30,941.9284057617188,1109.0,1125.0,1094.0,1125.0,4100
2015-07-31,949.5723876953124,1118.0,1120.0,1088.0,1120.0,400
2015-08-03,951.2710571289062,1120.0,1121.0,1101.0,1101.0,700
2015-08-04,952.1205444335938,1121.0,1121.0,1121.0,1121.0,100
2015-08-05,952.1205444335938,1121.0,1121.0,1106.0,1110.0,600
2015-08-06,925.7904052734376,1090.0,1123.0,1090.0,1123.0,1400
2015-08-07,930.8868408203124,1096.0,1118.0,1090.0,1095.0,1700
2015-08-10,930.8868408203124,1096.0,1115.0,1093.0,1115.0,1600
2015-08-11,935.1334838867188,1101.0,1104.0,1099.0,1099.0,2400
2015-08-12,930.0375366210938,1095.0,1101.0,1095.0,1101.0,2400
2015-08-13,946.1749877929688,1114.0,1114.0,1096.0,1104.0,1700
2015-08-14,929.1881713867188,1094.0,1094.0,1094.0,1094.0,4500
2015-08-17,930.0375366210938,1095.0,1100.0,1090.0,1090.0,600
2015-08-18,934.2840576171876,1100.0,1120.0,1090.0,1120.0,2000
2015-08-19,946.1749877929688,1114.0,1114.0,1098.0,1113.0,1300
2015-08-20,932.5853881835938,1098.0,1103.0,1098.0,1103.0,500
2015-08-21,930.0375366210938,1095.0,1100.0,1095.0,1098.0,2000
2015-08-24,876.5283813476562,1032.0,1053.0,1032.0,1052.0,2500
2015-08-25,857.8425903320312,1010.0,1019.0,980.0,981.0,7600
2015-08-26,856.143798828125,1008.0,1020.0,1000.0,1020.0,3000
2015-08-27,856.9932250976562,1009.0,1034.0,1003.0,1008.0,2200
2015-08-28,879.076416015625,1035.0,1049.0,1035.0,1039.0,400
2015-08-31,879.076416015625,1035.0,1038.0,1035.0,1035.0,800
2015-09-01,875.6790161132812,1031.0,1035.0,1031.0,1035.0,1200
2015-09-02,870.5829467773438,1025.0,1030.0,1022.0,1030.0,1200
2015-09-03,874.8296508789062,1030.0,1031.0,1026.0,1027.0,1600
2015-09-04,885.021728515625,1042.0,1042.0,1042.0,1042.0,100
2015-09-07,868.034912109375,1022.0,1030.0,1022.0,1030.0,200
2015-09-08,862.9388427734375,1016.0,1021.0,1016.0,1021.0,800
2015-09-09,875.6790161132812,1031.0,1037.0,1027.0,1030.0,1900
2015-09-10,880.7750244140625,1037.0,1039.0,1031.0,1031.0,1300
2015-09-11,891.8167114257812,1050.0,1058.0,1031.0,1058.0,2200
2015-09-14,889.2685546875,1047.0,1067.0,1041.0,1067.0,7100
2015-09-15,887.5699462890625,1045.0,1049.0,1040.0,1040.0,900
2015-09-16,887.5699462890625,1045.0,1047.0,1021.0,1045.0,2100
2015-09-17,877.377685546875,1033.0,1043.0,1033.0,1043.0,700
2015-09-18,885.021728515625,1042.0,1044.0,1042.0,1044.0,200
2015-09-24,908.8036499023438,1070.0,1070.0,1040.0,1041.0,1300
2015-09-25,899.4608764648438,1059.0,1070.0,1050.0,1070.0,1800
2015-09-28,903.7644653320312,1050.0,1059.0,1050.0,1059.0,2000
2015-09-29,903.7644653320312,1050.0,1075.0,1050.0,1075.0,500
2015-09-30,920.1182250976562,1069.0,1069.0,1040.0,1050.0,900
2015-10-02,920.1182250976562,1069.0,1069.0,1069.0,1069.0,0
2015-10-05,912.3717041015624,1060.0,1069.0,1060.0,1069.0,700
2015-10-06,923.5611572265624,1073.0,1073.0,1073.0,1073.0,100
2015-10-07,920.1182250976562,1069.0,1074.0,1069.0,1074.0,1100
2015-10-08,930.447021484375,1081.0,1097.0,1080.0,1097.0,500
2015-10-09,933.0292358398438,1084.0,1089.0,1084.0,1089.0,1500
2015-10-13,930.447021484375,1081.0,1086.0,1080.0,1080.0,2400
2015-10-14,920.1182250976562,1069.0,1069.0,1065.0,1065.0,3900
2015-10-15,913.232421875,1061.0,1069.0,1061.0,1069.0,1000
2015-10-16,917.5359497070312,1066.0,1068.0,1063.0,1063.0,500
2015-10-19,915.8145751953124,1064.0,1070.0,1064.0,1069.0,800
2015-10-20,901.1822509765624,1047.0,1052.0,1035.0,1047.0,2800
2015-10-21,900.321533203125,1046.0,1046.0,1043.0,1043.0,1300
2015-10-22,905.4859008789062,1052.0,1052.0,1051.0,1051.0,300
2015-10-23,920.97900390625,1070.0,1070.0,1063.0,1063.0,900
2015-10-26,935.6112670898438,1087.0,1087.0,1071.0,1077.0,4400
2015-10-27,935.6112670898438,1087.0,1087.0,1087.0,1087.0,0
2015-10-28,935.6112670898438,1087.0,1087.0,1071.0,1071.0,200
2015-10-29,935.6112670898438,1087.0,1087.0,1079.0,1080.0,800
2015-10-30,934.7506103515624,1086.0,1086.0,1072.0,1086.0,900
2015-11-02,934.7506103515624,1086.0,1087.0,1082.0,1087.0,2100
2015-11-04,924.421875,1074.0,1087.0,1074.0,1087.0,700
2015-11-05,904.6251831054688,1051.0,1075.0,1051.0,1075.0,3000
2015-11-06,920.97900390625,1070.0,1070.0,1069.0,1069.0,500
2015-11-09,945.079345703125,1098.0,1100.0,1090.0,1090.0,600
2015-11-10,937.3328247070312,1089.0,1098.0,1086.0,1098.0,3400
2015-11-11,936.4720458984376,1088.0,1089.0,1085.0,1087.0,1100
2015-11-12,942.497314453125,1095.0,1099.0,1085.0,1089.0,2600
2015-11-13,942.497314453125,1095.0,1100.0,1080.0,1100.0,4100
2015-11-16,932.1685180664062,1083.0,1083.0,1075.0,1075.0,3900
2015-11-17,929.5862426757812,1080.0,1080.0,1068.0,1068.0,1700
2015-11-18,933.889892578125,1085.0,1085.0,1082.0,1082.0,600
2015-11-19,931.3077392578124,1082.0,1095.0,1080.0,1080.0,500
2015-11-20,931.3077392578124,1082.0,1090.0,1077.0,1090.0,1300
2015-11-24,924.421875,1074.0,1089.0,1074.0,1089.0,1700
2015-11-25,936.4720458984376,1088.0,1088.0,1080.0,1086.0,1700
2015-11-26,927.0040283203124,1077.0,1086.0,1072.0,1072.0,3200
2015-11-27,921.8397216796876,1071.0,1083.0,1071.0,1077.0,2000
2015-11-30,936.4720458984376,1088.0,1088.0,1071.0,1076.0,1900
2015-12-01,955.4081420898438,1110.0,1110.0,1084.0,1091.0,5100
2015-12-02,946.80078125,1100.0,1108.0,1096.0,1103.0,2200
2015-12-03,984.6728515625,1144.0,1150.0,1135.0,1140.0,6800
2015-12-04,980.369384765625,1139.0,1147.0,1138.0,1144.0,2600
2015-12-07,1006.1910400390624,1169.0,1170.0,1150.0,1154.0,4700
2015-12-08,995.8623657226562,1157.0,1170.0,1154.0,1170.0,3700
2015-12-09,1000.1661376953124,1162.0,1164.0,1154.0,1154.0,1300
2015-12-10,1032.8736572265625,1200.0,1200.0,1155.0,1160.0,5100
2015-12-11,1060.4169921875,1232.0,1240.0,1181.0,1210.0,8300
2015-12-14,1037.17724609375,1205.0,1292.0,1201.0,1292.0,12800
2015-12-15,1037.17724609375,1205.0,1240.0,1194.0,1240.0,2400
2015-12-16,1025.1270751953125,1191.0,1204.0,1180.0,1191.0,3500
2015-12-17,1043.20263671875,1212.0,1279.0,1202.0,1279.0,3900
2015-12-18,1047.505859375,1217.0,1237.0,1200.0,1237.0,1600
2015-12-21,1025.1270751953125,1191.0,1200.0,1185.0,1200.0,1600
2015-12-22,1037.17724609375,1205.0,1205.0,1193.0,1193.0,1000
2015-12-24,1042.3414306640625,1211.0,1216.0,1206.0,1210.0,700
2015-12-25,1042.3414306640625,1211.0,1211.0,1211.0,1211.0,0
2015-12-28,1045.7843017578125,1215.0,1224.0,1198.0,1224.0,5500
2015-12-29,1041.4808349609375,1210.0,1215.0,1199.0,1201.0,1300
2015-12-30,1044.9239501953125,1214.0,1217.0,1214.0,1217.0,200
2016-01-04,1029.4307861328125,1196.0,1213.0,1195.0,1213.0,2800
2016-01-05,1032.012939453125,1199.0,1203.0,1198.0,1203.0,400
2016-01-06,1035.4556884765625,1203.0,1203.0,1200.0,1203.0,1000
2016-01-07,1030.2916259765625,1197.0,1207.0,1197.0,1203.0,1300
2016-01-08,1028.5699462890625,1195.0,1195.0,1195.0,1195.0,400
2016-01-12,1003.6090698242188,1166.0,1178.0,1166.0,1177.0,2900
2016-01-13,1017.3804931640624,1182.0,1182.0,1168.0,1168.0,1400
2016-01-14,997.583740234375,1159.0,1161.0,1140.0,1155.0,5300
2016-01-15,976.0655517578124,1134.0,1160.0,1134.0,1157.0,2100
2016-01-18,1023.40576171875,1189.0,1194.0,1134.0,1134.0,2300
2016-01-19,989.8370971679688,1150.0,1171.0,1150.0,1159.0,2300
2016-01-20,976.9263305664062,1135.0,1145.0,1135.0,1145.0,2900
2016-01-21,946.80078125,1100.0,1135.0,1100.0,1135.0,5300
2016-01-22,934.7506103515624,1086.0,1110.0,1085.0,1102.0,3900
2016-01-25,938.193359375,1090.0,1095.0,1072.0,1072.0,10100
2016-01-26,913.232421875,1061.0,1070.0,1060.0,1060.0,15400
2016-01-27,913.232421875,1061.0,1080.0,1060.0,1080.0,4500
2016-01-28,912.3717041015624,1060.0,1069.0,1060.0,1062.0,1800
2016-01-29,921.8397216796876,1071.0,1071.0,1062.0,1063.0,3300
2016-02-01,939.05419921875,1091.0,1100.0,1083.0,1089.0,5600
2016-02-02,938.193359375,1090.0,1090.0,1081.0,1081.0,4200
2016-02-03,936.4720458984376,1088.0,1088.0,1080.0,1088.0,1800
2016-02-04,934.7506103515624,1086.0,1098.0,1081.0,1088.0,700
2016-02-05,932.1685180664062,1083.0,1099.0,1081.0,1081.0,2800
2016-02-08,945.9401245117188,1099.0,1099.0,1080.0,1098.0,3600
2016-02-09,926.1431884765624,1076.0,1098.0,1076.0,1098.0,2800
2016-02-10,903.7644653320312,1050.0,1097.0,1050.0,1097.0,2800
2016-02-12,915.8145751953124,1064.0,1080.0,1000.0,1050.0,3300
2016-02-15,916.6753540039062,1065.0,1094.0,1064.0,1094.0,3900
2016-02-16,922.700439453125,1072.0,1094.0,1072.0,1094.0,300
2016-02-17,919.2574462890624,1068.0,1068.0,1068.0,1068.0,100
2016-02-18,929.5862426757812,1080.0,1080.0,1078.0,1080.0,500
2016-02-19,929.5862426757812,1080.0,1084.0,1080.0,1084.0,200
2016-02-22,918.396728515625,1067.0,1080.0,1067.0,1080.0,1400
2016-02-23,927.0040283203124,1077.0,1084.0,1077.0,1080.0,400
2016-02-24,939.05419921875,1091.0,1094.0,1077.0,1085.0,800
2016-02-25,945.9401245117188,1099.0,1099.0,1090.0,1091.0,1900
2016-02-26,944.2188720703124,1097.0,1129.0,1097.0,1129.0,2500
2016-02-29,957.9902954101562,1113.0,1139.0,1100.0,1100.0,1200
2016-03-01,953.6866455078124,1108.0,1115.0,1108.0,1115.0,1000
2016-03-02,955.4081420898438,1110.0,1110.0,1107.0,1108.0,1500
2016-03-03,972.6224975585938,1130.0,1130.0,1118.0,1124.0,800
2016-03-04,989.8370971679688,1150.0,1157.0,1150.0,1157.0,200
2016-03-07,969.1797485351562,1126.0,1149.0,1114.0,1149.0,1500
2016-03-08,981.229736328125,1140.0,1145.0,1134.0,1145.0,600
2016-03-09,982.9512939453124,1142.0,1148.0,1142.0,1142.0,500
2016-03-10,988.9763793945312,1149.0,1149.0,1144.0,1147.0,1700
2016-03-11,1007.0518798828124,1170.0,1176.0,1153.0,1176.0,1400
2016-03-14,1006.1910400390624,1169.0,1186.0,1161.0,1186.0,11300
2016-03-15,988.9763793945312,1149.0,1160.0,1149.0,1159.0,2300
2016-03-16,995.8623657226562,1157.0,1157.0,1155.0,1155.0,500
2016-03-17,995.8623657226562,1157.0,1157.0,1157.0,1157.0,0
2016-03-18,994.1407470703124,1155.0,1155.0,1155.0,1155.0,100
2016-03-22,982.9512939453124,1142.0,1155.0,1111.0,1150.0,2600
2016-03-23,989.8370971679688,1150.0,1163.0,1131.0,1150.0,1000
2016-03-24,982.0905151367188,1141.0,1153.0,1141.0,1148.0,2000
2016-03-25,991.5586547851562,1152.0,1153.0,1141.0,1153.0,2400
2016-03-28,977.7869262695312,1136.0,1151.0,1127.0,1141.0,13700
2016-03-29,965.5864868164062,1108.0,1108.0,1094.0,1100.0,1900
2016-03-30,924.62744140625,1061.0,1108.0,1061.0,1108.0,500
2016-03-31,939.4423828125,1078.0,1109.0,1078.0,1109.0,1200
2016-04-01,917.6556396484376,1053.0,1076.0,1053.0,1076.0,1000
2016-04-04,917.6556396484376,1053.0,1055.0,1053.0,1053.0,800
2016-04-05,915.041259765625,1050.0,1053.0,1050.0,1053.0,400
2016-04-06,937.6994018554688,1076.0,1076.0,1076.0,1076.0,200
2016-04-07,915.041259765625,1050.0,1076.0,1050.0,1076.0,2000
2016-04-08,924.62744140625,1061.0,1075.0,1061.0,1072.0,800
2016-04-11,906.3265991210938,1040.0,1061.0,1040.0,1061.0,3100
2016-04-12,915.041259765625,1050.0,1068.0,1044.0,1068.0,600
2016-04-13,935.9566650390624,1074.0,1074.0,1053.0,1060.0,1600
2016-04-14,916.7842407226562,1052.0,1052.0,1043.0,1050.0,5700
2016-04-15,922.0130615234376,1058.0,1065.0,1054.0,1056.0,600
2016-04-18,915.9127807617188,1051.0,1064.0,1051.0,1061.0,1200
2016-04-19,915.9127807617188,1051.0,1065.0,1051.0,1065.0,1000
2016-04-20,917.6556396484376,1053.0,1058.0,1050.0,1058.0,2500
2016-04-21,919.3986206054688,1055.0,1064.0,1055.0,1060.0,1300
2016-04-22,922.0130615234376,1058.0,1061.0,1056.0,1060.0,700
2016-04-25,933.3421020507812,1071.0,1075.0,1071.0,1073.0,800
2016-04-26,941.1853637695312,1080.0,1089.0,1080.0,1089.0,2200
2016-04-27,941.1853637695312,1080.0,1080.0,1080.0,1080.0,100
2016-04-28,935.0850219726562,1073.0,1073.0,1073.0,1073.0,100
2016-05-02,915.9127807617188,1051.0,1055.0,1051.0,1051.0,500
2016-05-06,923.7559814453124,1060.0,1061.0,1051.0,1051.0,400
2016-05-09,928.1132202148438,1065.0,1084.0,1065.0,1084.0,300
2016-05-10,936.8279418945312,1075.0,1084.0,1067.0,1084.0,700
2016-05-11,941.1853637695312,1080.0,1088.0,1078.0,1088.0,700
2016-05-12,942.056884765625,1081.0,1089.0,1081.0,1089.0,1400
2016-05-13,934.213623046875,1072.0,1082.0,1068.0,1082.0,2000
2016-05-16,925.4990234375,1062.0,1089.0,1062.0,1089.0,3700
2016-05-17,916.7842407226562,1052.0,1062.0,1052.0,1059.0,900
2016-05-18,917.6556396484376,1053.0,1053.0,1053.0,1053.0,100
2016-05-19,915.9127807617188,1051.0,1057.0,1051.0,1052.0,1500
2016-05-20,922.8845825195312,1059.0,1061.0,1051.0,1051.0,800
2016-05-23,917.6556396484376,1053.0,1059.0,1053.0,1059.0,700
2016-05-24,922.0130615234376,1058.0,1061.0,1055.0,1055.0,1300
2016-05-25,924.62744140625,1061.0,1065.0,1057.0,1065.0,1400
2016-05-26,907.1981201171876,1041.0,1087.0,1041.0,1087.0,3700
2016-05-27,918.5272827148438,1054.0,1060.0,1048.0,1048.0,500
2016-05-30,929.8561401367188,1067.0,1067.0,1067.0,1067.0,300
2016-05-31,926.370361328125,1063.0,1063.0,1060.0,1060.0,200
2016-06-01,922.8845825195312,1059.0,1059.0,1058.0,1058.0,200
2016-06-02,930.7276611328124,1068.0,1068.0,1056.0,1056.0,300
2016-06-03,920.2701416015624,1056.0,1056.0,1056.0,1056.0,100
2016-06-06,923.7559814453124,1060.0,1067.0,1056.0,1056.0,600
2016-06-07,929.8561401367188,1067.0,1084.0,1067.0,1084.0,400
2016-06-08,934.213623046875,1072.0,1081.0,1068.0,1081.0,800
2016-06-09,941.1853637695312,1080.0,1080.0,1078.0,1078.0,800
2016-06-10,942.9283447265624,1082.0,1084.0,1079.0,1084.0,1000
2016-06-13,922.0130615234376,1058.0,1082.0,1058.0,1082.0,3200
2016-06-14,922.0130615234376,1058.0,1058.0,1047.0,1047.0,4700
2016-06-15,922.8845825195312,1059.0,1063.0,1059.0,1063.0,300
2016-06-16,918.5272827148438,1054.0,1055.0,1054.0,1055.0,400
2016-06-20,921.1416015625,1057.0,1057.0,1050.0,1050.0,200
2016-06-22,926.370361328125,1063.0,1063.0,1062.0,1062.0,400
2016-06-23,928.9848022460938,1066.0,1066.0,1061.0,1061.0,400
2016-06-24,908.941162109375,1043.0,1078.0,1043.0,1078.0,1900
2016-06-27,906.3265991210938,1040.0,1040.0,1023.0,1023.0,2900
2016-06-28,906.3265991210938,1040.0,1040.0,1040.0,1040.0,0
2016-06-29,906.3265991210938,1040.0,1040.0,1022.0,1022.0,1100
2016-06-30,913.2984008789062,1048.0,1048.0,1039.0,1039.0,700
2016-07-01,922.8845825195312,1059.0,1059.0,1041.0,1041.0,2100
2016-07-04,922.0130615234376,1058.0,1058.0,1058.0,1058.0,900
2016-07-05,922.0130615234376,1058.0,1058.0,1058.0,1058.0,0
2016-07-06,921.1416015625,1057.0,1057.0,1054.0,1055.0,1200
2016-07-07,922.0130615234376,1058.0,1058.0,1058.0,1058.0,4200
2016-07-08,921.1416015625,1057.0,1058.0,1054.0,1057.0,5100
2016-07-11,921.1416015625,1057.0,1057.0,1057.0,1057.0,0
2016-07-12,947.2855834960938,1087.0,1088.0,1084.0,1084.0,4100
2016-07-13,948.1571655273438,1088.0,1093.0,1086.0,1093.0,7100
2016-07-14,926.370361328125,1063.0,1064.0,1045.0,1056.0,16700
2016-07-15,909.8125610351562,1044.0,1046.0,1043.0,1043.0,1600
2016-07-19,922.8845825195312,1059.0,1061.0,1046.0,1050.0,1800
2016-07-20,904.583740234375,1038.0,1059.0,1018.0,1059.0,2900
2016-07-21,908.069580078125,1042.0,1042.0,1035.0,1040.0,400
2016-07-22,914.1698608398438,1049.0,1049.0,1042.0,1042.0,600
2016-07-25,918.5272827148438,1054.0,1054.0,1049.0,1049.0,1000
2016-07-26,915.041259765625,1050.0,1059.0,1049.0,1059.0,3000
2016-07-28,914.1698608398438,1049.0,1050.0,1049.0,1050.0,200
2016-07-29,914.1698608398438,1049.0,1049.0,1049.0,1049.0,100
2016-08-01,914.1698608398438,1049.0,1049.0,1049.0,1049.0,0
2016-08-02,871.4678344726562,1000.0,1021.0,1000.0,1006.0,7900
2016-08-03,890.6401977539062,1022.0,1022.0,1007.0,1008.0,2100
2016-08-04,881.0541381835938,1011.0,1037.0,1011.0,1037.0,500
2016-08-05,896.7406005859375,1029.0,1029.0,1026.0,1026.0,200
2016-08-08,927.2418823242188,1064.0,1064.0,1036.0,1039.0,12300
2016-08-09,930.7276611328124,1068.0,1068.0,1063.0,1068.0,900
2016-08-10,930.7276611328124,1068.0,1069.0,1065.0,1069.0,1400
2016-08-12,939.4423828125,1078.0,1080.0,1069.0,1070.0,2300
2016-08-15,949.9000244140624,1090.0,1094.0,1080.0,1094.0,5500
2016-08-16,915.041259765625,1050.0,1082.0,1050.0,1082.0,2500
2016-08-17,920.2701416015624,1056.0,1062.0,1056.0,1062.0,200
2016-08-18,907.1981201171876,1041.0,1056.0,1041.0,1056.0,500
2016-08-19,915.041259765625,1050.0,1050.0,1050.0,1050.0,100
2016-08-22,921.1416015625,1057.0,1070.0,1057.0,1070.0,2300
2016-08-23,923.7559814453124,1060.0,1060.0,1057.0,1058.0,400
2016-08-24,928.1132202148438,1065.0,1067.0,1065.0,1067.0,200
2016-08-25,916.7842407226562,1052.0,1094.0,1051.0,1094.0,3000
2016-08-26,911.5554809570312,1046.0,1075.0,1046.0,1075.0,2300
2016-08-29,915.041259765625,1050.0,1050.0,1046.0,1046.0,5200
2016-08-30,907.1981201171876,1041.0,1041.0,1041.0,1041.0,300
2016-08-31,909.8125610351562,1044.0,1060.0,1044.0,1060.0,2800
2016-09-01,915.041259765625,1050.0,1057.0,1049.0,1057.0,900
2016-09-02,915.041259765625,1050.0,1050.0,1050.0,1050.0,2000
2016-09-05,906.3265991210938,1040.0,1051.0,1040.0,1047.0,2400
2016-09-06,912.4269409179688,1047.0,1056.0,1047.0,1056.0,200
2016-09-07,921.1416015625,1057.0,1057.0,1055.0,1055.0,600
2016-09-08,924.62744140625,1061.0,1066.0,1061.0,1063.0,500
2016-09-09,927.2418823242188,1064.0,1069.0,1064.0,1066.0,500
2016-09-12,921.1416015625,1057.0,1075.0,1057.0,1068.0,2400
2016-09-13,937.6994018554688,1076.0,1078.0,1071.0,1075.0,1700
2016-09-14,918.5272827148438,1054.0,1059.0,1051.0,1051.0,3900
2016-09-15,911.5554809570312,1046.0,1068.0,1046.0,1052.0,600
2016-09-16,914.1698608398438,1049.0,1049.0,1049.0,1049.0,400
2016-09-20,920.2701416015624,1056.0,1056.0,1054.0,1054.0,600
2016-09-21,923.7559814453124,1060.0,1061.0,1060.0,1060.0,1800
2016-09-23,936.8279418945312,1075.0,1075.0,1065.0,1065.0,1100
2016-09-26,949.9000244140624,1090.0,1091.0,1090.0,1091.0,2000
2016-09-27,936.8279418945312,1075.0,1088.0,1075.0,1088.0,300
2016-09-28,947.4336547851562,1072.0,1072.0,1072.0,1072.0,200
2016-09-29,942.130859375,1066.0,1066.0,1050.0,1050.0,800
2016-09-30,931.5253295898438,1054.0,1054.0,1054.0,1054.0,500
2016-10-03,933.2928466796876,1056.0,1056.0,1056.0,1056.0,200
2016-10-04,931.5253295898438,1054.0,1059.0,1054.0,1057.0,900
2016-10-05,931.5253295898438,1054.0,1062.0,1054.0,1062.0,800
2016-10-06,931.5253295898438,1054.0,1061.0,1054.0,1061.0,1100
2016-10-07,935.9442138671876,1059.0,1060.0,1058.0,1060.0,1500
2016-10-11,938.5956420898438,1062.0,1068.0,1054.0,1068.0,3300
2016-10-12,943.8982543945312,1068.0,1069.0,1068.0,1069.0,500
2016-10-13,944.7821655273438,1069.0,1069.0,1066.0,1068.0,1500
2016-10-14,943.8982543945312,1068.0,1069.0,1065.0,1069.0,4800
2016-10-17,937.7117919921876,1061.0,1068.0,1061.0,1068.0,400
2016-10-18,927.9900512695312,1050.0,1070.0,1050.0,1070.0,2400
2016-10-19,931.5253295898438,1054.0,1056.0,1054.0,1056.0,400
2016-10-20,942.130859375,1066.0,1066.0,1059.0,1059.0,500
2016-10-21,942.130859375,1066.0,1066.0,1064.0,1064.0,600
2016-10-24,945.6660766601562,1070.0,1074.0,1066.0,1074.0,1700
2016-10-25,949.2013549804688,1074.0,1074.0,1069.0,1073.0,1000
2016-10-26,946.5497436523438,1071.0,1073.0,1069.0,1073.0,2400
2016-10-27,950.0850219726562,1075.0,1075.0,1066.0,1066.0,2500
2016-10-28,956.2718505859376,1082.0,1082.0,1075.0,1075.0,200
2016-10-31,958.9230346679688,1085.0,1085.0,1084.0,1085.0,1200
2016-11-01,948.3174438476562,1073.0,1084.0,1073.0,1084.0,500
2016-11-02,950.0850219726562,1075.0,1075.0,1073.0,1073.0,800
2016-11-04,950.9688720703124,1076.0,1085.0,1076.0,1080.0,3400
2016-11-07,950.9688720703124,1076.0,1078.0,1071.0,1071.0,1300
2016-11-08,948.3174438476562,1073.0,1075.0,1072.0,1072.0,800
2016-11-09,927.9900512695312,1050.0,1073.0,1050.0,1073.0,5200
2016-11-10,928.8738403320312,1051.0,1068.0,1051.0,1068.0,4600
2016-11-11,928.8738403320312,1051.0,1061.0,1050.0,1061.0,2900
2016-11-14,935.9442138671876,1059.0,1059.0,1051.0,1057.0,5300
2016-11-15,936.8280029296876,1060.0,1060.0,1059.0,1059.0,1100
2016-11-16,934.1767578125,1057.0,1060.0,1056.0,1058.0,500
2016-11-17,935.9442138671876,1059.0,1062.0,1059.0,1060.0,4900
2016-11-18,936.8280029296876,1060.0,1060.0,1060.0,1060.0,200
2016-11-21,938.5956420898438,1062.0,1065.0,1060.0,1062.0,4800
2016-11-22,935.9442138671876,1059.0,1063.0,1059.0,1063.0,4600
2016-11-24,935.9442138671876,1059.0,1064.0,1059.0,1062.0,4000
2016-11-25,933.2928466796876,1056.0,1060.0,1056.0,1060.0,2100
2016-11-28,937.7117919921876,1061.0,1063.0,1060.0,1063.0,2300
2016-11-29,937.7117919921876,1061.0,1061.0,1057.0,1057.0,400
2016-11-30,936.8280029296876,1060.0,1063.0,1058.0,1061.0,1100
2016-12-01,939.4794311523438,1063.0,1064.0,1060.0,1060.0,1100
2016-12-02,942.130859375,1066.0,1066.0,1060.0,1063.0,5100
2016-12-05,941.2468872070312,1065.0,1069.0,1065.0,1069.0,2000
2016-12-06,952.7363891601562,1078.0,1078.0,1065.0,1069.0,7300
2016-12-07,950.0850219726562,1075.0,1082.0,1075.0,1082.0,4700
2016-12-08,959.8067016601562,1086.0,1088.0,1080.0,1088.0,1500
2016-12-09,965.1094970703124,1092.0,1092.0,1083.0,1083.0,1600
2016-12-12,965.993408203125,1093.0,1104.0,1091.0,1104.0,5800
2016-12-13,963.342041015625,1090.0,1098.0,1087.0,1095.0,5000
2016-12-14,976.5989990234376,1105.0,1120.0,1090.0,1120.0,13500
2016-12-15,980.1342163085938,1109.0,1109.0,1100.0,1100.0,300
2016-12-16,1010.183349609375,1143.0,1148.0,1122.0,1148.0,6200
2016-12-19,1005.7646484375,1138.0,1140.0,1124.0,1140.0,1200
2016-12-20,1005.7646484375,1138.0,1140.0,1128.0,1140.0,1400
2016-12-21,998.6939086914062,1130.0,1137.0,1130.0,1137.0,900
2016-12-22,989.8562622070312,1120.0,1140.0,1110.0,1140.0,4900
2016-12-26,980.1342163085938,1109.0,1118.0,1106.0,1118.0,5400
2016-12-27,988.9722290039062,1119.0,1119.0,1108.0,1109.0,1400
2016-12-28,984.5532836914062,1114.0,1118.0,1114.0,1118.0,200
2016-12-29,984.5532836914062,1114.0,1114.0,1114.0,1114.0,0
2016-12-30,986.3208618164062,1116.0,1116.0,1116.0,1116.0,100
2017-01-04,993.3912353515624,1124.0,1136.0,1124.0,1136.0,500
2017-01-05,994.275146484375,1125.0,1142.0,1125.0,1140.0,3400
2017-01-06,990.7399291992188,1121.0,1131.0,1121.0,1130.0,7800
2017-01-10,998.6939086914062,1130.0,1130.0,1125.0,1130.0,1100
2017-01-11,1000.4617919921876,1132.0,1139.0,1132.0,1139.0,500
2017-01-12,993.3912353515624,1124.0,1128.0,1120.0,1128.0,2900
2017-01-13,998.6939086914062,1130.0,1139.0,1130.0,1139.0,2100
2017-01-16,988.9722290039062,1119.0,1130.0,1112.0,1130.0,5800
2017-01-17,988.0884399414062,1118.0,1127.0,1112.0,1127.0,1300
2017-01-18,982.7855834960938,1112.0,1112.0,1103.0,1112.0,1800
2017-01-19,987.20458984375,1117.0,1118.0,1117.0,1118.0,500
2017-01-20,998.6939086914062,1130.0,1130.0,1117.0,1117.0,1200
2017-01-23,995.1588745117188,1126.0,1138.0,1123.0,1135.0,1300
2017-01-24,998.6939086914062,1130.0,1135.0,1125.0,1127.0,800
2017-01-25,1003.996826171875,1136.0,1139.0,1136.0,1139.0,700
2017-01-26,1007.5319213867188,1140.0,1150.0,1140.0,1140.0,2700
2017-01-27,1008.4158325195312,1141.0,1141.0,1140.0,1140.0,800
2017-01-30,1022.5568237304688,1157.0,1159.0,1148.0,1148.0,800
2017-01-31,1038.465087890625,1175.0,1179.0,1161.0,1161.0,3100
2017-02-01,1023.4405517578124,1158.0,1195.0,1144.0,1171.0,13000
2017-02-02,1033.162109375,1169.0,1169.0,1169.0,1169.0,100
2017-02-03,1033.162109375,1169.0,1169.0,1165.0,1169.0,1200
2017-02-06,1048.1866455078125,1186.0,1186.0,1169.0,1169.0,1800
2017-02-07,1048.1866455078125,1186.0,1186.0,1176.0,1186.0,400
2017-02-08,1041.116455078125,1178.0,1178.0,1177.0,1177.0,600
2017-02-09,1039.348876953125,1176.0,1187.0,1176.0,1186.0,2700
2017-02-10,1031.3946533203125,1167.0,1180.0,1167.0,1176.0,3100
2017-02-13,1040.2327880859375,1177.0,1177.0,1166.0,1166.0,2400
2017-02-14,1036.6976318359375,1173.0,1176.0,1171.0,1171.0,5300
2017-02-15,1047.3028564453125,1185.0,1185.0,1173.0,1173.0,800
2017-02-16,1054.373291015625,1193.0,1195.0,1187.0,1188.0,900
2017-02-17,1054.373291015625,1193.0,1193.0,1188.0,1188.0,1200
2017-02-20,1058.7926025390625,1198.0,1199.0,1189.0,1193.0,2600
2017-02-21,1052.6058349609375,1191.0,1198.0,1191.0,1196.0,1400
2017-02-22,1057.0250244140625,1196.0,1200.0,1196.0,1199.0,1000
2017-02-23,1061.4439697265625,1201.0,1201.0,1196.0,1196.0,1100
2017-02-24,1076.4683837890625,1218.0,1219.0,1195.0,1212.0,2900
2017-02-27,1086.190185546875,1229.0,1229.0,1211.0,1227.0,3600
2017-02-28,1094.1444091796875,1238.0,1249.0,1228.0,1249.0,2100
2017-03-01,1078.2362060546875,1220.0,1229.0,1211.0,1211.0,2300
2017-03-02,1076.4683837890625,1218.0,1220.0,1218.0,1220.0,900
2017-03-03,1073.8170166015625,1215.0,1230.0,1215.0,1229.0,2000
2017-03-06,1072.933349609375,1214.0,1228.0,1214.0,1228.0,2400
2017-03-07,1054.373291015625,1193.0,1220.0,1193.0,1216.0,5300
2017-03-08,1063.2113037109375,1203.0,1216.0,1203.0,1216.0,400
2017-03-09,1070.281982421875,1211.0,1220.0,1211.0,1220.0,1500
2017-03-10,1071.16552734375,1212.0,1220.0,1212.0,1220.0,3600
2017-03-13,1075.5845947265625,1217.0,1220.0,1213.0,1220.0,1600
2017-03-14,1071.16552734375,1212.0,1214.0,1206.0,1206.0,4300
2017-03-15,1072.933349609375,1214.0,1214.0,1208.0,1212.0,300
2017-03-16,1070.281982421875,1211.0,1211.0,1210.0,1210.0,800
2017-03-17,1071.16552734375,1212.0,1213.0,1212.0,1212.0,800
2017-03-21,1062.3275146484375,1202.0,1209.0,1197.0,1207.0,2900
2017-03-22,1059.67626953125,1199.0,1205.0,1195.0,1195.0,700
2017-03-23,1065.86279296875,1206.0,1214.0,1200.0,1214.0,1500
2017-03-24,1060.56005859375,1200.0,1206.0,1199.0,1206.0,1900
2017-03-27,1059.67626953125,1199.0,1210.0,1195.0,1196.0,4200
2017-03-28,1064.9791259765625,1205.0,1214.0,1196.0,1209.0,2000
2017-03-29,1060.5042724609375,1185.0,1195.0,1185.0,1195.0,2700
2017-03-30,1060.5042724609375,1185.0,1185.0,1185.0,1185.0,500
2017-03-31,1061.3992919921875,1186.0,1189.0,1185.0,1185.0,1100
2017-04-03,1060.5042724609375,1185.0,1186.0,1185.0,1185.0,1700
2017-04-04,1060.5042724609375,1185.0,1185.0,1185.0,1185.0,2100
2017-04-05,1056.0294189453125,1180.0,1185.0,1180.0,1185.0,5500
2017-04-06,1030.076416015625,1151.0,1184.0,1151.0,1184.0,600
2017-04-07,1030.076416015625,1151.0,1160.0,1151.0,1151.0,600
2017-04-10,1035.446044921875,1157.0,1157.0,1150.0,1155.0,1100
2017-04-11,1020.23193359375,1140.0,1157.0,1125.0,1157.0,2300
2017-04-12,1013.0724487304688,1132.0,1132.0,1126.0,1132.0,1300
2017-04-13,1013.0724487304688,1132.0,1152.0,1128.0,1152.0,600
2017-04-14,1008.59765625,1127.0,1130.0,1127.0,1130.0,3500
2017-04-17,1008.59765625,1127.0,1127.0,1127.0,1127.0,0
2017-04-18,1006.8080444335938,1125.0,1125.0,1121.0,1124.0,300
2017-04-19,1006.8080444335938,1125.0,1125.0,1125.0,1125.0,100
2017-04-20,1012.177490234375,1131.0,1131.0,1127.0,1127.0,200
2017-04-21,1010.3875122070312,1129.0,1129.0,1129.0,1129.0,100
2017-04-24,1022.9166259765624,1143.0,1146.0,1143.0,1146.0,700
2017-04-25,1028.286376953125,1149.0,1149.0,1142.0,1146.0,1000
2017-04-26,1030.076416015625,1151.0,1169.0,1151.0,1169.0,1900
2017-04-27,1030.076416015625,1151.0,1151.0,1151.0,1151.0,0
2017-04-28,1028.286376953125,1149.0,1149.0,1149.0,1149.0,100
2017-05-01,1007.7027587890624,1126.0,1153.0,1119.0,1119.0,1500
2017-05-02,1020.23193359375,1140.0,1151.0,1140.0,1151.0,300
2017-05-08,1028.286376953125,1149.0,1149.0,1140.0,1140.0,700
2017-05-09,1024.70654296875,1145.0,1158.0,1145.0,1158.0,900
2017-05-10,1026.496826171875,1147.0,1147.0,1145.0,1145.0,200
2017-05-11,1029.181396484375,1150.0,1164.0,1149.0,1164.0,1900
2017-05-12,1024.70654296875,1145.0,1170.0,1142.0,1170.0,2000
2017-05-15,1038.130859375,1160.0,1175.0,1156.0,1175.0,3300
2017-05-16,1033.656005859375,1155.0,1161.0,1155.0,1161.0,300
2017-05-17,1024.70654296875,1145.0,1157.0,1143.0,1157.0,1300
2017-05-18,1017.5471801757812,1137.0,1140.0,1137.0,1140.0,800
2017-05-19,1017.5471801757812,1137.0,1137.0,1137.0,1137.0,0
2017-05-22,1011.2826538085938,1130.0,1137.0,1130.0,1137.0,1500
2017-05-23,1012.177490234375,1131.0,1132.0,1125.0,1132.0,2500
2017-05-24,1013.9674682617188,1133.0,1134.0,1124.0,1131.0,2200
2017-05-25,1011.2826538085938,1130.0,1140.0,1120.0,1139.0,3000
2017-05-26,1011.2826538085938,1130.0,1130.0,1121.0,1130.0,3300
2017-05-29,1002.3334350585938,1120.0,1121.0,1120.0,1121.0,600
2017-05-30,1003.2283325195312,1121.0,1124.0,1118.0,1119.0,600
2017-05-31,1000.5433959960938,1118.0,1125.0,1118.0,1125.0,400
2017-06-01,1002.3334350585938,1120.0,1120.0,1118.0,1118.0,200
2017-06-02,1006.8080444335938,1125.0,1125.0,1122.0,1125.0,1200
2017-06-05,1002.3334350585938,1120.0,1129.0,1120.0,1122.0,2900
2017-06-06,1009.4925537109376,1128.0,1128.0,1122.0,1122.0,500
2017-06-07,1023.8116455078124,1144.0,1144.0,1124.0,1128.0,900
2017-06-08,1023.8116455078124,1144.0,1144.0,1137.0,1144.0,1300
2017-06-09,1041.7105712890625,1164.0,1165.0,1147.0,1147.0,1400
2017-06-12,1040.815673828125,1163.0,1163.0,1156.0,1160.0,1100
2017-06-13,1044.395263671875,1167.0,1174.0,1165.0,1174.0,1500
2017-06-14,1045.2904052734375,1168.0,1178.0,1162.0,1178.0,4000
2017-06-15,1047.0802001953125,1170.0,1170.0,1165.0,1165.0,1100
2017-06-16,1047.0802001953125,1170.0,1170.0,1169.0,1169.0,2300
2017-06-19,1029.181396484375,1150.0,1156.0,1142.0,1155.0,3700
2017-06-20,1044.395263671875,1167.0,1167.0,1140.0,1140.0,2200
2017-06-21,1043.5003662109375,1166.0,1166.0,1166.0,1166.0,500
2017-06-22,1064.084228515625,1189.0,1189.0,1169.0,1177.0,3100
2017-06-23,1086.457763671875,1214.0,1214.0,1198.0,1198.0,4600
2017-06-26,1086.457763671875,1214.0,1214.0,1200.0,1214.0,4200
2017-06-27,1060.5042724609375,1185.0,1214.0,1185.0,1214.0,300
2017-06-28,1064.9791259765625,1190.0,1214.0,1190.0,1190.0,700
2017-06-29,1083.7728271484375,1211.0,1212.0,1193.0,1212.0,400
2017-06-30,1081.9830322265625,1209.0,1209.0,1193.0,1193.0,500
2017-07-03,1082.8779296875,1210.0,1213.0,1206.0,1213.0,600
2017-07-04,1085.562744140625,1213.0,1220.0,1212.0,1212.0,3300
2017-07-05,1090.0374755859375,1218.0,1220.0,1207.0,1213.0,2200
2017-07-06,1092.7222900390625,1221.0,1228.0,1218.0,1220.0,400
2017-07-07,1109.7261962890625,1240.0,1243.0,1233.0,1234.0,4600
2017-07-10,1128.5198974609375,1261.0,1261.0,1249.0,1249.0,2400
2017-07-11,1157.1578369140625,1293.0,1313.0,1290.0,1290.0,9900
2017-07-12,1168.7918701171875,1306.0,1310.0,1300.0,1310.0,3000
2017-07-13,1180.426513671875,1319.0,1325.0,1310.0,1310.0,5300
2017-07-14,1197.4302978515625,1338.0,1379.0,1336.0,1379.0,12100
2017-07-17,1197.4302978515625,1338.0,1338.0,1338.0,1338.0,0
2017-07-18,1163.4224853515625,1300.0,1315.0,1300.0,1315.0,1600
2017-07-19,1184.0059814453125,1323.0,1338.0,1323.0,1338.0,200
2017-07-20,1171.47705078125,1309.0,1323.0,1308.0,1323.0,1200
2017-07-21,1175.0567626953125,1313.0,1313.0,1281.0,1310.0,3800
2017-07-24,1184.9012451171875,1324.0,1324.0,1295.0,1295.0,1000
2017-07-25,1202.7998046875,1344.0,1344.0,1314.0,1341.0,900
2017-07-26,1188.480712890625,1328.0,1344.0,1328.0,1344.0,2400
2017-07-27,1188.480712890625,1328.0,1328.0,1328.0,1328.0,0
2017-07-28,1174.1617431640625,1312.0,1328.0,1305.0,1328.0,1300
2017-07-31,1183.111083984375,1322.0,1333.0,1304.0,1304.0,1000
2017-08-01,1184.9012451171875,1324.0,1328.0,1322.0,1328.0,400
2017-08-02,1172.3719482421875,1310.0,1324.0,1310.0,1324.0,1300
2017-08-03,1174.1617431640625,1312.0,1312.0,1303.0,1303.0,500
2017-08-04,1193.8504638671875,1334.0,1334.0,1300.0,1314.0,1600
2017-08-07,1179.531494140625,1318.0,1324.0,1318.0,1324.0,400
2017-08-08,1192.0606689453125,1332.0,1334.0,1318.0,1318.0,1200
2017-08-09,1187.5859375,1327.0,1335.0,1306.0,1335.0,3900
2017-08-10,1207.2745361328125,1349.0,1349.0,1335.0,1349.0,2000
2017-08-11,1207.2745361328125,1349.0,1349.0,1349.0,1349.0,0
2017-08-14,1211.749267578125,1354.0,1362.0,1305.0,1362.0,4900
2017-08-15,1201.9049072265625,1343.0,1344.0,1324.0,1324.0,500
2017-08-16,1201.9049072265625,1343.0,1343.0,1343.0,1343.0,100
2017-08-17,1201.9049072265625,1343.0,1345.0,1337.0,1345.0,400
2017-08-18,1203.695068359375,1345.0,1345.0,1345.0,1345.0,100
2017-08-21,1198.3250732421875,1339.0,1340.0,1335.0,1340.0,400
2017-08-22,1184.0059814453125,1323.0,1323.0,1322.0,1322.0,500
2017-08-23,1200.1151123046875,1341.0,1341.0,1341.0,1341.0,300
2017-08-24,1208.1695556640625,1350.0,1350.0,1335.0,1335.0,500
2017-08-25,1209.9595947265625,1352.0,1354.0,1342.0,1354.0,1100
2017-08-28,1216.2239990234375,1359.0,1359.0,1359.0,1359.0,1800
2017-08-29,1194.745361328125,1335.0,1335.0,1335.0,1335.0,100
2017-08-30,1191.165771484375,1331.0,1332.0,1331.0,1332.0,200
2017-08-31,1202.7998046875,1344.0,1344.0,1344.0,1344.0,100
2017-09-01,1206.379638671875,1348.0,1350.0,1344.0,1350.0,800
2017-09-04,1199.2203369140625,1340.0,1340.0,1340.0,1340.0,800
2017-09-05,1211.749267578125,1354.0,1354.0,1340.0,1353.0,700
2017-09-06,1184.0059814453125,1323.0,1323.0,1323.0,1323.0,200
2017-09-07,1186.69091796875,1326.0,1349.0,1326.0,1349.0,400
2017-09-08,1194.745361328125,1335.0,1349.0,1335.0,1349.0,300
2017-09-11,1204.5897216796875,1346.0,1350.0,1342.0,1342.0,1200
2017-09-12,1210.854248046875,1353.0,1357.0,1346.0,1346.0,1700
2017-09-13,1226.0682373046875,1370.0,1373.0,1359.0,1359.0,1600
2017-09-14,1227.8582763671875,1372.0,1379.0,1355.0,1379.0,4400
2017-09-15,1204.5897216796875,1346.0,1369.0,1325.0,1355.0,500
2017-09-18,1204.5897216796875,1346.0,1346.0,1346.0,1346.0,0
2017-09-19,1208.1695556640625,1350.0,1350.0,1350.0,1350.0,200
2017-09-20,1191.165771484375,1331.0,1351.0,1331.0,1350.0,900
2017-09-21,1192.0606689453125,1332.0,1332.0,1332.0,1332.0,100
2017-09-22,1201.010009765625,1342.0,1342.0,1336.0,1336.0,500
2017-09-25,1212.6441650390625,1355.0,1364.0,1350.0,1364.0,1000
2017-09-26,1201.9049072265625,1343.0,1359.0,1343.0,1359.0,2300
2017-09-27,1216.385498046875,1344.0,1344.0,1344.0,1344.0,100
2017-09-28,1216.385498046875,1344.0,1344.0,1344.0,1344.0,500
2017-09-29,1220.005859375,1348.0,1352.0,1345.0,1345.0,700
2017-10-02,1215.48046875,1343.0,1361.0,1343.0,1361.0,300
2017-10-03,1215.48046875,1343.0,1343.0,1343.0,1343.0,0
2017-10-04,1238.1068115234375,1368.0,1368.0,1368.0,1368.0,500
2017-10-05,1244.4422607421875,1375.0,1375.0,1373.0,1373.0,500
2017-10-06,1254.3978271484375,1386.0,1387.0,1386.0,1387.0,300
2017-10-09,1254.3978271484375,1386.0,1386.0,1386.0,1386.0,0
2017-10-10,1267.068359375,1400.0,1400.0,1387.0,1387.0,1700
2017-10-11,1258.017822265625,1390.0,1456.0,1387.0,1414.0,5400
2017-10-12,1280.6441650390625,1415.0,1417.0,1412.0,1412.0,700
2017-10-13,1280.6441650390625,1415.0,1425.0,1415.0,1419.0,1400
2017-10-16,1280.6441650390625,1415.0,1415.0,1399.0,1399.0,2900
2017-10-17,1267.068359375,1400.0,1420.0,1400.0,1420.0,700
2017-10-20,1255.3028564453125,1387.0,1395.0,1387.0,1391.0,1500
2017-10-23,1276.118896484375,1410.0,1410.0,1396.0,1396.0,1400
2017-10-24,1275.2138671875,1409.0,1409.0,1389.0,1401.0,1000
2017-10-25,1267.068359375,1400.0,1401.0,1399.0,1401.0,800
2017-10-26,1267.068359375,1400.0,1400.0,1400.0,1400.0,0
2017-10-27,1258.017822265625,1390.0,1395.0,1390.0,1395.0,400
2017-10-31,1258.017822265625,1390.0,1390.0,1390.0,1390.0,0
2017-11-01,1260.7330322265625,1393.0,1398.0,1393.0,1398.0,400
2017-11-02,1276.118896484375,1410.0,1410.0,1407.0,1410.0,600
2017-11-03,1276.118896484375,1410.0,1410.0,1410.0,1410.0,0
2017-11-06,1260.7330322265625,1393.0,1408.0,1393.0,1408.0,1200
2017-11-07,1261.63818359375,1394.0,1395.0,1393.0,1393.0,500
2017-11-08,1261.63818359375,1394.0,1394.0,1394.0,1394.0,0
2017-11-09,1286.0743408203125,1421.0,1421.0,1420.0,1420.0,1000
2017-11-10,1286.0743408203125,1421.0,1421.0,1421.0,1421.0,0
2017-11-13,1302.365478515625,1439.0,1459.0,1438.0,1459.0,3100
2017-11-14,1302.365478515625,1439.0,1439.0,1439.0,1439.0,0
2017-11-15,1303.2703857421875,1440.0,1440.0,1425.0,1425.0,1100
2017-11-16,1288.7896728515625,1424.0,1449.0,1424.0,1449.0,1400
2017-11-17,1288.7896728515625,1424.0,1424.0,1424.0,1424.0,0
2017-11-20,1280.6441650390625,1415.0,1422.0,1411.0,1422.0,300
2017-11-21,1280.6441650390625,1415.0,1415.0,1415.0,1415.0,0
2017-11-22,1287.8846435546875,1423.0,1424.0,1418.0,1418.0,1100
2017-11-24,1287.8846435546875,1423.0,1423.0,1423.0,1423.0,0
2017-11-27,1286.9794921875,1422.0,1424.0,1421.0,1422.0,2000
2017-11-28,1277.9290771484375,1412.0,1425.0,1411.0,1422.0,900
2017-11-29,1279.7391357421875,1414.0,1414.0,1411.0,1412.0,500
2017-11-30,1279.7391357421875,1414.0,1425.0,1414.0,1419.0,1100
2017-12-01,1285.169189453125,1420.0,1424.0,1415.0,1423.0,400
2017-12-04,1285.169189453125,1420.0,1420.0,1420.0,1420.0,0
2017-12-05,1294.219970703125,1430.0,1430.0,1422.0,1425.0,1000
2017-12-06,1298.7452392578125,1435.0,1435.0,1425.0,1431.0,2600
2017-12-07,1303.2703857421875,1440.0,1444.0,1435.0,1444.0,1400
2017-12-08,1308.7005615234375,1446.0,1448.0,1440.0,1445.0,4600
2017-12-11,1302.365478515625,1439.0,1450.0,1439.0,1450.0,6800
2017-12-12,1314.131103515625,1452.0,1452.0,1440.0,1449.0,3900
2017-12-13,1334.9471435546875,1475.0,1475.0,1455.0,1455.0,5200
2017-12-14,1416.4013671875,1565.0,1600.0,1510.0,1600.0,4500
2017-12-15,1416.4013671875,1565.0,1565.0,1565.0,1565.0,0
2017-12-18,1382.9146728515625,1528.0,1565.0,1491.0,1565.0,2400
2017-12-19,1367.5289306640625,1511.0,1527.0,1506.0,1509.0,2300
2017-12-20,1366.6239013671875,1510.0,1510.0,1500.0,1501.0,900
2017-12-21,1374.769287109375,1519.0,1519.0,1510.0,1510.0,900
2017-12-22,1374.769287109375,1519.0,1519.0,1519.0,1519.0,0
2017-12-25,1388.3448486328125,1534.0,1559.0,1522.0,1559.0,1900
2017-12-26,1363.0035400390625,1506.0,1525.0,1501.0,1515.0,4600
2017-12-27,1364.8135986328125,1508.0,1520.0,1508.0,1520.0,9100
2017-12-28,1363.90869140625,1507.0,1519.0,1504.0,1519.0,5800
2017-12-29,1312.32080078125,1450.0,1507.0,1415.0,1507.0,12700
2018-01-03,1312.32080078125,1450.0,1450.0,1450.0,1450.0,0
2018-01-04,1366.6239013671875,1510.0,1522.0,1474.0,1474.0,5000
2018-01-05,1367.5289306640625,1511.0,1511.0,1505.0,1509.0,700
2018-01-08,1367.5289306640625,1511.0,1511.0,1511.0,1511.0,0
2018-01-09,1382.0096435546875,1527.0,1528.0,1479.0,1511.0,7000
2018-01-10,1391.9652099609375,1538.0,1538.0,1515.0,1527.0,3000
2018-01-11,1411.8763427734375,1560.0,1560.0,1536.0,1539.0,2300
2018-01-12,1411.8763427734375,1560.0,1560.0,1560.0,1560.0,1500
2018-01-15,1411.8763427734375,1560.0,1560.0,1560.0,1560.0,0
2018-01-16,1429.9771728515625,1580.0,1580.0,1550.0,1551.0,600
2018-01-17,1409.1611328125,1557.0,1586.0,1552.0,1586.0,400
2018-01-18,1432.6923828125,1583.0,1586.0,1552.0,1586.0,900
2018-01-19,1432.6923828125,1583.0,1583.0,1583.0,1583.0,0
2018-01-22,1411.8763427734375,1560.0,1581.0,1551.0,1551.0,1100
2018-01-23,1419.1165771484375,1568.0,1568.0,1564.0,1564.0,500
2018-01-24,1424.5469970703125,1574.0,1578.0,1572.0,1572.0,700
2018-01-25,1435.4073486328125,1586.0,1600.0,1586.0,1600.0,1500
2018-01-26,1435.4073486328125,1586.0,1586.0,1586.0,1586.0,0
2018-01-29,1435.4073486328125,1586.0,1586.0,1586.0,1586.0,1500
2018-01-30,1420.0216064453125,1569.0,1586.0,1550.0,1586.0,2100
2018-01-31,1408.256103515625,1556.0,1569.0,1552.0,1569.0,600
2018-02-01,1420.9266357421875,1570.0,1598.0,1570.0,1570.0,1700
2018-02-02,1420.9266357421875,1570.0,1570.0,1570.0,1570.0,0
2018-02-05,1403.7308349609375,1551.0,1574.0,1550.0,1570.0,2100
2018-02-06,1340.37744140625,1481.0,1500.0,1461.0,1500.0,2900
2018-02-07,1344.902587890625,1486.0,1512.0,1481.0,1481.0,2800
2018-02-08,1390.1552734375,1536.0,1548.0,1536.0,1548.0,1500
2018-02-09,1373.8641357421875,1518.0,1519.0,1516.0,1516.0,2200
2018-02-12,1373.8641357421875,1518.0,1518.0,1518.0,1518.0,0
2018-02-13,1405.540771484375,1553.0,1563.0,1549.0,1549.0,1000
2018-02-14,1427.26220703125,1577.0,1593.0,1519.0,1593.0,3200
2018-02-15,1384.724853515625,1530.0,1540.0,1527.0,1528.0,2700
2018-02-16,1384.724853515625,1530.0,1530.0,1530.0,1530.0,0
2018-02-19,1408.256103515625,1556.0,1556.0,1556.0,1556.0,100
2018-02-20,1408.256103515625,1556.0,1556.0,1556.0,1556.0,0
2018-02-21,1408.256103515625,1556.0,1556.0,1556.0,1556.0,300
2018-02-22,1414.5914306640625,1563.0,1565.0,1560.0,1560.0,400
2018-02-23,1429.9771728515625,1580.0,1587.0,1563.0,1579.0,1000
2018-02-26,1429.9771728515625,1580.0,1580.0,1580.0,1580.0,0
2018-02-27,1429.9771728515625,1580.0,1587.0,1567.0,1571.0,600
2018-02-28,1424.5469970703125,1574.0,1578.0,1555.0,1578.0,800
2018-03-01,1424.5469970703125,1574.0,1574.0,1574.0,1574.0,0
2018-03-02,1439.0277099609375,1590.0,1594.0,1576.0,1578.0,2300
2018-03-05,1447.1729736328125,1599.0,1599.0,1580.0,1588.0,3800
2018-03-06,1456.2236328125,1609.0,1614.0,1583.0,1614.0,800
2018-03-07,1447.1729736328125,1599.0,1599.0,1583.0,1584.0,2000
2018-03-08,1447.1729736328125,1599.0,1599.0,1599.0,1599.0,0
2018-03-09,1448.983154296875,1601.0,1604.0,1595.0,1599.0,2900
2018-03-12,1437.2177734375,1588.0,1600.0,1588.0,1600.0,3300
2018-03-13,1444.4578857421875,1596.0,1596.0,1587.0,1587.0,1300
2018-03-14,1443.552978515625,1595.0,1595.0,1550.0,1587.0,5600
2018-03-15,1440.837890625,1592.0,1592.0,1557.0,1586.0,3200
2018-03-16,1440.837890625,1592.0,1592.0,1592.0,1592.0,0
2018-03-19,1429.9771728515625,1580.0,1590.0,1580.0,1590.0,1500
2018-03-20,1429.072265625,1579.0,1579.0,1579.0,1579.0,300
2018-03-21,1429.072265625,1579.0,1579.0,1579.0,1579.0,0
2018-03-22,1445.3631591796875,1597.0,1597.0,1597.0,1597.0,100
2018-03-23,1442.64794921875,1594.0,1600.0,1584.0,1600.0,1900
2018-03-26,1440.837890625,1592.0,1594.0,1581.0,1594.0,2600
2018-03-27,1443.552978515625,1595.0,1598.0,1590.0,1590.0,1800
2018-03-28,1391.4754638671875,1523.0,1540.0,1522.0,1540.0,2800
2018-04-05,1391.4754638671875,1523.0,1523.0,1523.0,1523.0,0
2018-04-06,1412.4891357421875,1546.0,1550.0,1546.0,1550.0,600
2018-04-09,1417.057373046875,1551.0,1555.0,1546.0,1546.0,800
2018-04-10,1421.6256103515625,1556.0,1562.0,1556.0,1558.0,1000
2018-04-11,1425.2801513671875,1560.0,1560.0,1557.0,1557.0,500
2018-04-12,1428.9346923828125,1564.0,1573.0,1563.0,1563.0,1400
2018-04-13,1437.1573486328125,1573.0,1573.0,1570.0,1573.0,800
2018-04-16,1420.7120361328125,1555.0,1573.0,1550.0,1573.0,3900
2018-04-17,1420.7120361328125,1555.0,1571.0,1551.0,1560.0,800
2018-04-18,1425.2801513671875,1560.0,1560.0,1556.0,1556.0,500
2018-04-19,1421.6256103515625,1556.0,1556.0,1555.0,1555.0,500
2018-04-20,1425.2801513671875,1560.0,1560.0,1555.0,1555.0,700
2018-04-23,1422.5390625,1557.0,1570.0,1555.0,1562.0,1700
2018-04-24,1422.5390625,1557.0,1557.0,1557.0,1557.0,0
2018-04-25,1437.1573486328125,1573.0,1573.0,1565.0,1573.0,1900
2018-04-26,1417.057373046875,1551.0,1569.0,1551.0,1560.0,2300
2018-04-27,1416.143798828125,1550.0,1550.0,1550.0,1550.0,200
2018-05-02,1416.143798828125,1550.0,1556.0,1549.0,1549.0,1900
2018-05-07,1416.143798828125,1550.0,1550.0,1550.0,1550.0,0
2018-05-08,1428.0211181640625,1563.0,1567.0,1553.0,1567.0,800
2018-05-09,1437.1573486328125,1573.0,1574.0,1559.0,1566.0,3300
2018-05-10,1441.7257080078125,1578.0,1585.0,1568.0,1580.0,2600
2018-05-11,1446.2938232421875,1583.0,1587.0,1572.0,1587.0,2000
2018-05-14,1431.6756591796875,1567.0,1583.0,1567.0,1583.0,4200
2018-05-15,1438.98486328125,1575.0,1583.0,1570.0,1570.0,4500
2018-05-16,1431.6756591796875,1567.0,1571.0,1566.0,1569.0,1300
2018-05-17,1442.6392822265625,1579.0,1580.0,1546.0,1567.0,4700
2018-05-18,1441.7257080078125,1578.0,1579.0,1575.0,1579.0,900
2018-05-21,1443.552978515625,1580.0,1590.0,1560.0,1578.0,5900
2018-05-22,1447.2073974609375,1584.0,1584.0,1570.0,1580.0,3200
2018-05-23,1447.2073974609375,1584.0,1584.0,1584.0,1584.0,0
2018-05-24,1434.41650390625,1570.0,1580.0,1568.0,1580.0,1400
2018-05-25,1435.330078125,1571.0,1573.0,1568.0,1571.0,2100
2018-05-29,1422.5390625,1557.0,1578.0,1557.0,1578.0,1500
2018-05-30,1434.41650390625,1570.0,1570.0,1556.0,1560.0,1200
2018-05-31,1417.970947265625,1552.0,1570.0,1531.0,1570.0,3000
2018-06-01,1414.3162841796875,1548.0,1553.0,1525.0,1525.0,1600
2018-06-04,1414.3162841796875,1548.0,1548.0,1548.0,1548.0,0
2018-06-05,1415.2301025390625,1549.0,1565.0,1548.0,1551.0,2300
2018-06-06,1415.2301025390625,1549.0,1559.0,1548.0,1550.0,1800
2018-06-07,1427.107421875,1562.0,1566.0,1549.0,1550.0,2400
2018-06-08,1434.41650390625,1570.0,1570.0,1561.0,1567.0,4300
2018-06-11,1458.171142578125,1596.0,1599.0,1579.0,1579.0,2100
2018-06-12,1465.48046875,1604.0,1604.0,1596.0,1596.0,2500
2018-06-13,1470.962158203125,1610.0,1614.0,1598.0,1614.0,2300
2018-06-14,1472.7894287109375,1612.0,1614.0,1603.0,1603.0,4500
2018-06-15,1493.8031005859375,1635.0,1635.0,1624.0,1629.0,2900
2018-06-18,1498.371337890625,1640.0,1656.0,1640.0,1640.0,2500
2018-06-19,1460.912109375,1599.0,1643.0,1582.0,1640.0,7000
2018-06-20,1460.912109375,1599.0,1599.0,1599.0,1599.0,0
2018-06-21,1470.04833984375,1609.0,1614.0,1609.0,1609.0,3900
2018-06-22,1469.1348876953125,1608.0,1610.0,1600.0,1610.0,2100
2018-06-25,1465.48046875,1604.0,1612.0,1601.0,1608.0,3700
2018-06-26,1465.48046875,1604.0,1610.0,1604.0,1604.0,2900
2018-06-27,1466.3939208984375,1605.0,1605.0,1600.0,1600.0,700
2018-06-28,1452.6893310546875,1590.0,1601.0,1590.0,1601.0,900
2018-06-29,1466.3939208984375,1605.0,1605.0,1590.0,1590.0,1200
2018-07-03,1466.3939208984375,1605.0,1610.0,1600.0,1610.0,1300
2018-07-04,1466.3939208984375,1605.0,1605.0,1605.0,1605.0,0
2018-07-05,1461.8258056640625,1600.0,1610.0,1600.0,1605.0,900
2018-07-06,1469.1348876953125,1608.0,1611.0,1606.0,1610.0,4700
2018-07-09,1505.680419921875,1648.0,1650.0,1609.0,1640.0,4400
2018-07-10,1512.075927734375,1655.0,1655.0,1610.0,1649.0,6000
2018-07-11,1532.1761474609375,1677.0,1680.0,1650.0,1650.0,4800
2018-07-12,1572.37646484375,1721.0,1744.0,1705.0,1717.0,3400
2018-07-13,1563.239990234375,1711.0,1722.0,1709.0,1722.0,1400
2018-07-16,1563.239990234375,1711.0,1711.0,1711.0,1711.0,0
2018-07-17,1582.42626953125,1732.0,1732.0,1721.0,1732.0,9300
2018-07-18,1582.42626953125,1732.0,1732.0,1732.0,1732.0,0
2018-07-19,1548.6214599609375,1695.0,1726.0,1695.0,1726.0,1500
2018-07-20,1521.21240234375,1665.0,1694.0,1665.0,1680.0,1300
2018-07-23,1484.6666259765625,1625.0,1625.0,1612.0,1613.0,2600
2018-07-24,1477.3577880859375,1617.0,1625.0,1610.0,1610.0,1700
2018-07-25,1497.457763671875,1639.0,1639.0,1621.0,1621.0,2600
2018-07-26,1497.457763671875,1639.0,1639.0,1626.0,1633.0,2700
2018-07-27,1466.3939208984375,1605.0,1626.0,1542.0,1626.0,15500
2018-07-30,1435.330078125,1571.0,1607.0,1557.0,1605.0,15700
2018-07-31,1435.330078125,1571.0,1571.0,1571.0,1571.0,0
2018-08-01,1443.552978515625,1580.0,1615.0,1575.0,1615.0,1000
2018-08-02,1486.494140625,1627.0,1627.0,1620.0,1620.0,600
2018-08-06,1486.494140625,1627.0,1627.0,1627.0,1627.0,0
2018-08-07,1512.075927734375,1655.0,1678.0,1650.0,1678.0,4000
2018-08-08,1522.1259765625,1666.0,1666.0,1648.0,1648.0,2100
2018-08-09,1540.3988037109375,1686.0,1686.0,1675.0,1681.0,1700
2018-08-10,1580.59912109375,1730.0,1730.0,1691.0,1691.0,2800
2018-08-13,1582.42626953125,1732.0,1748.0,1707.0,1748.0,3500
2018-08-14,1640.8994140625,1796.0,1841.0,1796.0,1800.0,6500
2018-08-15,1544.0533447265625,1690.0,1714.0,1681.0,1701.0,3900
2018-08-16,1513.9031982421875,1657.0,1685.0,1657.0,1685.0,1000
2018-08-17,1520.298828125,1664.0,1664.0,1657.0,1657.0,300
2018-08-20,1520.298828125,1664.0,1664.0,1664.0,1664.0,0
2018-08-21,1568.7216796875,1717.0,1717.0,1655.0,1655.0,1600
2018-08-22,1564.1533203125,1712.0,1713.0,1703.0,1713.0,1300
2018-08-23,1571.462646484375,1720.0,1720.0,1704.0,1710.0,1700
2018-08-24,1580.59912109375,1730.0,1730.0,1718.0,1718.0,1600
2018-08-27,1602.5264892578125,1754.0,1791.0,1727.0,1791.0,3100
2018-08-28,1616.231201171875,1769.0,1769.0,1732.0,1732.0,900
2018-08-29,1617.1446533203125,1770.0,1770.0,1731.0,1731.0,800
2018-08-30,1617.1446533203125,1770.0,1770.0,1770.0,1770.0,0
2018-08-31,1633.5902099609375,1788.0,1788.0,1770.0,1788.0,900
2018-09-03,1633.5902099609375,1788.0,1788.0,1788.0,1788.0,0
2018-09-04,1617.1446533203125,1770.0,1780.0,1770.0,1780.0,1200
2018-09-05,1607.0947265625,1759.0,1759.0,1757.0,1757.0,300
2018-09-06,1610.749267578125,1763.0,1780.0,1759.0,1780.0,900
2018-09-07,1623.5401611328125,1777.0,1780.0,1777.0,1777.0,500
2018-09-10,1624.4539794921875,1778.0,1779.0,1774.0,1778.0,1600
2018-09-11,1629.935791015625,1784.0,1786.0,1780.0,1786.0,1900
2018-09-12,1641.8131103515625,1797.0,1797.0,1785.0,1785.0,2100
2018-09-13,1679.272216796875,1838.0,1838.0,1810.0,1810.0,2700
2018-09-14,1662.82666015625,1820.0,1836.0,1778.0,1836.0,4500
2018-09-17,1662.82666015625,1820.0,1820.0,1820.0,1820.0,0
2018-09-18,1626.28125,1780.0,1798.0,1778.0,1798.0,1600
2018-09-19,1626.28125,1780.0,1780.0,1779.0,1780.0,700
2018-09-20,1635.4176025390625,1790.0,1790.0,1780.0,1780.0,1700
2018-09-21,1653.6903076171875,1810.0,1810.0,1786.0,1786.0,2400
2018-09-24,1653.6903076171875,1810.0,1810.0,1810.0,1810.0,0
2018-09-25,1651.8631591796875,1808.0,1815.0,1808.0,1810.0,1900
2018-09-26,1667.52490234375,1810.0,1854.0,1810.0,1810.0,4100
2018-09-27,1667.52490234375,1810.0,1810.0,1810.0,1810.0,0
2018-09-28,1676.7379150390625,1820.0,1826.0,1810.0,1810.0,900
2018-10-01,1666.603515625,1809.0,1825.0,1800.0,1825.0,600
2018-10-02,1672.13134765625,1815.0,1815.0,1809.0,1809.0,500
2018-10-03,1658.31201171875,1800.0,1815.0,1800.0,1800.0,400
2018-10-04,1685.0294189453125,1829.0,1829.0,1806.0,1806.0,1600
2018-10-05,1670.288818359375,1813.0,1819.0,1813.0,1813.0,800
2018-10-08,1670.288818359375,1813.0,1813.0,1813.0,1813.0,0
2018-10-09,1674.895263671875,1818.0,1818.0,1800.0,1813.0,6700
2018-10-10,1703.4549560546875,1849.0,1849.0,1820.0,1820.0,3500
2018-10-11,1685.0294189453125,1829.0,1839.0,1825.0,1839.0,3000
2018-10-12,1703.4549560546875,1849.0,1849.0,1825.0,1845.0,1100
2018-10-15,1712.6678466796875,1859.0,1859.0,1848.0,1848.0,5500
2018-10-16,1739.38525390625,1888.0,1896.0,1849.0,1849.0,4400
2018-10-17,1737.5426025390625,1886.0,1888.0,1870.0,1888.0,4000
2018-10-18,1737.5426025390625,1886.0,1886.0,1886.0,1886.0,0
2018-10-19,1729.2509765625,1877.0,1877.0,1845.0,1846.0,500
2018-10-23,1729.2509765625,1877.0,1877.0,1877.0,1877.0,0
2018-10-24,1737.5426025390625,1886.0,1889.0,1864.0,1864.0,3500
2018-10-25,1731.09375,1879.0,1886.0,1875.0,1886.0,1600
2018-10-26,1729.2509765625,1877.0,1879.0,1870.0,1879.0,2400
2018-10-29,1714.510498046875,1861.0,1878.0,1861.0,1877.0,1200
2018-10-30,1663.83984375,1806.0,1845.0,1805.0,1845.0,900
2018-10-31,1713.589111328125,1860.0,1860.0,1806.0,1806.0,1400
2018-11-01,1695.1634521484375,1840.0,1840.0,1820.0,1820.0,200
2018-11-02,1721.880859375,1869.0,1869.0,1840.0,1840.0,700
2018-11-05,1721.880859375,1869.0,1869.0,1869.0,1869.0,0
2018-11-06,1712.6678466796875,1859.0,1860.0,1837.0,1860.0,400
2018-11-07,1721.880859375,1869.0,1869.0,1860.0,1860.0,700
2018-11-08,1721.880859375,1869.0,1869.0,1869.0,1869.0,900
2018-11-09,1718.1956787109375,1865.0,1887.0,1865.0,1870.0,3700
2018-11-12,1709.904052734375,1856.0,1872.0,1843.0,1858.0,1800
2018-11-13,1662.9185791015625,1805.0,1856.0,1790.0,1856.0,5800
2018-11-14,1565.26220703125,1699.0,1815.0,1675.0,1814.0,6100
2018-11-15,1529.332275390625,1660.0,1733.0,1660.0,1699.0,2400
2018-11-16,1510.9066162109375,1640.0,1655.0,1632.0,1650.0,2500
2018-11-19,1474.9764404296875,1601.0,1643.0,1601.0,1639.0,1500
2018-11-20,1474.9764404296875,1601.0,1601.0,1601.0,1601.0,0
2018-11-21,1484.189453125,1611.0,1612.0,1607.0,1608.0,1300
2018-11-22,1548.67919921875,1681.0,1694.0,1620.0,1643.0,2700
2018-11-23,1548.67919921875,1681.0,1681.0,1681.0,1681.0,0
2018-11-26,1538.545166015625,1670.0,1761.0,1670.0,1761.0,2000
2018-11-27,1568.947509765625,1703.0,1703.0,1670.0,1670.0,600
2018-11-28,1552.3643798828125,1685.0,1685.0,1685.0,1685.0,100
2018-11-29,1552.3643798828125,1685.0,1685.0,1685.0,1685.0,0
2018-11-30,1605.7989501953125,1743.0,1745.0,1685.0,1685.0,500
2018-12-03,1612.2479248046875,1750.0,1750.0,1743.0,1743.0,400
2018-12-04,1584.609375,1720.0,1749.0,1691.0,1691.0,3200
2018-12-05,1560.6561279296875,1694.0,1705.0,1694.0,1704.0,1700
2018-12-06,1536.70263671875,1668.0,1733.0,1668.0,1733.0,1800
2018-12-07,1536.70263671875,1668.0,1668.0,1668.0,1668.0,0
2018-12-10,1575.396484375,1710.0,1710.0,1694.0,1708.0,1200
2018-12-11,1591.0582275390625,1727.0,1730.0,1714.0,1730.0,4500
2018-12-12,1595.6646728515625,1732.0,1740.0,1718.0,1740.0,1800
2018-12-13,1623.303466796875,1762.0,1762.0,1735.0,1735.0,3500
2018-12-14,1622.382080078125,1761.0,1802.0,1743.0,1802.0,10300
2018-12-17,1592.90087890625,1729.0,1729.0,1699.0,1721.0,800
2018-12-18,1547.7579345703125,1680.0,1700.0,1665.0,1700.0,500
2018-12-19,1570.7899169921875,1705.0,1840.0,1701.0,1840.0,2500
2018-12-20,1521.9620361328125,1652.0,1746.0,1652.0,1710.0,3200
2018-12-21,1508.142578125,1637.0,1652.0,1636.0,1652.0,2800
2018-12-25,1539.466552734375,1671.0,1711.0,1671.0,1711.0,1500
2018-12-26,1541.3089599609375,1673.0,1673.0,1673.0,1673.0,100
2018-12-27,1541.3089599609375,1673.0,1673.0,1673.0,1673.0,0
2018-12-28,1530.2535400390625,1661.0,1665.0,1661.0,1665.0,500
2018-12-31,1530.2535400390625,1661.0,1661.0,1661.0,1661.0,0
2019-01-04,1504.4576416015625,1633.0,1681.0,1633.0,1661.0,2400
2019-01-07,1508.142578125,1637.0,1668.0,1619.0,1657.0,1800
2019-01-08,1508.142578125,1637.0,1637.0,1637.0,1637.0,0
2019-01-09,1498.0086669921875,1626.0,1697.0,1610.0,1672.0,3300
2019-01-10,1498.0086669921875,1626.0,1626.0,1626.0,1626.0,0
2019-01-11,1501.69384765625,1630.0,1669.0,1620.0,1666.0,4300
2019-01-15,1501.69384765625,1630.0,1630.0,1608.0,1629.0,3700
2019-01-16,1465.7635498046875,1591.0,1649.0,1591.0,1630.0,2100
2019-01-17,1454.7081298828125,1579.0,1579.0,1560.0,1560.0,1300
2019-01-18,1454.7081298828125,1579.0,1579.0,1579.0,1579.0,0
2019-01-21,1452.8656005859375,1577.0,1618.0,1553.0,1618.0,2300
2019-01-22,1446.41650390625,1570.0,1592.0,1570.0,1592.0,900
2019-01-23,1459.3145751953125,1584.0,1599.0,1573.0,1599.0,2800
2019-01-24,1461.1572265625,1586.0,1598.0,1580.0,1585.0,3000
2019-01-25,1461.1572265625,1586.0,1586.0,1586.0,1586.0,0
2019-01-28,1452.8656005859375,1577.0,1618.0,1570.0,1586.0,5500
2019-01-29,1444.5740966796875,1568.0,1597.0,1556.0,1577.0,3400
2019-01-30,1446.41650390625,1570.0,1587.0,1560.0,1567.0,2800
2019-01-31,1442.731689453125,1566.0,1577.0,1559.0,1570.0,2500
2019-02-01,1451.9444580078125,1576.0,1580.0,1565.0,1570.0,3600
2019-02-04,1459.3145751953125,1584.0,1588.0,1550.0,1588.0,4600
2019-02-05,1543.151611328125,1675.0,1675.0,1670.0,1672.0,400
2019-02-06,1543.151611328125,1675.0,1675.0,1675.0,1675.0,0
2019-02-07,1564.341064453125,1698.0,1700.0,1670.0,1700.0,500
2019-02-08,1532.09619140625,1663.0,1711.0,1663.0,1699.0,6300
2019-02-12,1492.48095703125,1620.0,1670.0,1602.0,1663.0,3900
2019-02-13,1530.2535400390625,1661.0,1672.0,1650.0,1650.0,2200
2019-02-14,1529.332275390625,1660.0,1660.0,1650.0,1650.0,5700
2019-02-15,1544.0728759765625,1676.0,1680.0,1640.0,1660.0,3700
2019-02-18,1525.647216796875,1656.0,1679.0,1656.0,1676.0,1900
2019-02-19,1534.8599853515625,1666.0,1678.0,1622.0,1654.0,4100
2019-02-20,1483.26806640625,1610.0,1666.0,1600.0,1666.0,4000
2019-02-21,1515.5130615234375,1645.0,1648.0,1637.0,1648.0,1800
2019-02-22,1531.1749267578125,1662.0,1662.0,1645.0,1645.0,600
2019-02-25,1531.1749267578125,1662.0,1662.0,1662.0,1662.0,0
2019-02-26,1527.4896240234375,1658.0,1658.0,1649.0,1649.0,700
2019-02-27,1527.4896240234375,1658.0,1658.0,1658.0,1658.0,0
2019-02-28,1527.4896240234375,1658.0,1658.0,1650.0,1650.0,600
2019-03-01,1546.836669921875,1679.0,1679.0,1650.0,1650.0,900
2019-03-04,1530.2535400390625,1661.0,1679.0,1659.0,1660.0,2300
2019-03-05,1547.7579345703125,1680.0,1680.0,1667.0,1667.0,1800
2019-03-06,1528.4110107421875,1659.0,1679.0,1659.0,1679.0,1000
2019-03-07,1520.119384765625,1650.0,1659.0,1630.0,1659.0,8300
2019-03-08,1517.35546875,1647.0,1660.0,1636.0,1660.0,2600
2019-03-11,1507.2213134765625,1636.0,1678.0,1630.0,1647.0,19700
2019-03-12,1488.7957763671875,1616.0,1616.0,1606.0,1612.0,2100
2019-03-13,1519.197998046875,1649.0,1656.0,1632.0,1656.0,6400
2019-03-14,1528.4110107421875,1659.0,1659.0,1633.0,1633.0,1100
2019-03-15,1511.827880859375,1641.0,1659.0,1633.0,1633.0,1200
2019-03-18,1519.197998046875,1649.0,1649.0,1640.0,1640.0,500
2019-03-19,1519.197998046875,1649.0,1649.0,1649.0,1649.0,0
2019-03-20,1528.4110107421875,1659.0,1660.0,1648.0,1648.0,1000
2019-03-22,1528.4110107421875,1659.0,1659.0,1655.0,1659.0,700
2019-03-25,1564.341064453125,1698.0,1718.0,1659.0,1659.0,2500
2019-03-26,1576.31787109375,1711.0,1711.0,1699.0,1699.0,2400
2019-03-27,1565.1646728515625,1684.0,1684.0,1649.0,1680.0,1100
2019-03-28,1564.2352294921875,1683.0,1683.0,1680.0,1680.0,1700
2019-03-29,1540.0699462890625,1657.0,1657.0,1657.0,1657.0,200
2019-04-01,1546.575927734375,1664.0,1664.0,1617.0,1617.0,1800
2019-04-02,1546.575927734375,1664.0,1664.0,1664.0,1664.0,0
2019-04-03,1533.56396484375,1650.0,1665.0,1640.0,1665.0,1700
2019-04-04,1538.211181640625,1655.0,1668.0,1650.0,1667.0,1400
2019-04-05,1536.352294921875,1653.0,1669.0,1642.0,1669.0,1200
2019-04-09,1523.3402099609375,1639.0,1655.0,1617.0,1655.0,1300
2019-04-10,1533.56396484375,1650.0,1650.0,1645.0,1650.0,800
2019-04-11,1493.5982666015625,1607.0,1660.0,1600.0,1660.0,3600
2019-04-12,1532.6343994140625,1649.0,1649.0,1621.0,1644.0,1100
2019-04-15,1542.8582763671875,1660.0,1660.0,1646.0,1649.0,3900
2019-04-16,1542.8582763671875,1660.0,1660.0,1650.0,1650.0,700
2019-04-17,1527.9873046875,1644.0,1650.0,1644.0,1650.0,800
2019-04-18,1527.9873046875,1644.0,1650.0,1640.0,1644.0,500
2019-04-19,1511.2574462890625,1626.0,1626.0,1607.0,1607.0,1500
2019-04-22,1504.7515869140625,1619.0,1630.0,1619.0,1620.0,1100
2019-04-23,1508.46923828125,1623.0,1623.0,1619.0,1619.0,800
2019-04-24,1517.7635498046875,1633.0,1633.0,1623.0,1623.0,600
2019-04-25,1533.56396484375,1650.0,1650.0,1633.0,1639.0,2400
2019-04-26,1536.352294921875,1653.0,1654.0,1649.0,1650.0,2800
2019-05-07,1521.481201171875,1637.0,1670.0,1637.0,1670.0,300
2019-05-08,1533.56396484375,1650.0,1650.0,1649.0,1650.0,700
2019-05-09,1540.0699462890625,1657.0,1658.0,1650.0,1658.0,500
2019-05-10,1577.2471923828125,1697.0,1697.0,1657.0,1658.0,1000
2019-05-13,1554.9407958984375,1673.0,1689.0,1662.0,1689.0,1400
2019-05-14,1542.8582763671875,1660.0,1678.0,1660.0,1678.0,2300
2019-05-15,1542.8582763671875,1660.0,1660.0,1660.0,1660.0,0
2019-05-17,1515.90478515625,1631.0,1631.0,1631.0,1631.0,100
2019-05-20,1487.092529296875,1600.0,1652.0,1600.0,1632.0,2200
2019-05-21,1514.0457763671875,1629.0,1629.0,1620.0,1620.0,300
2019-05-22,1515.90478515625,1631.0,1631.0,1621.0,1631.0,500
2019-05-23,1542.8582763671875,1660.0,1660.0,1630.0,1630.0,1000
2019-05-24,1552.152587890625,1670.0,1670.0,1670.0,1670.0,1300
2019-05-27,1523.3402099609375,1639.0,1679.0,1639.0,1679.0,1800
2019-05-28,1489.880615234375,1603.0,1635.0,1603.0,1635.0,800
2019-05-29,1492.6688232421875,1606.0,1606.0,1600.0,1603.0,600
2019-05-30,1530.7755126953125,1647.0,1647.0,1588.0,1606.0,500
2019-05-31,1522.4107666015625,1638.0,1638.0,1607.0,1607.0,500
2019-06-03,1512.18701171875,1627.0,1633.0,1585.0,1585.0,1000
2019-06-04,1510.3282470703125,1625.0,1625.0,1625.0,1625.0,100
2019-06-05,1510.3282470703125,1625.0,1625.0,1609.0,1613.0,1100
2019-06-06,1518.693115234375,1634.0,1634.0,1630.0,1630.0,200
2019-06-07,1527.0579833984375,1643.0,1643.0,1616.0,1636.0,800
2019-06-10,1536.352294921875,1653.0,1653.0,1643.0,1644.0,3600
2019-06-11,1542.8582763671875,1660.0,1660.0,1652.0,1653.0,1500
2019-06-12,1548.4346923828125,1666.0,1666.0,1662.0,1665.0,700
2019-06-13,1546.575927734375,1664.0,1668.0,1658.0,1668.0,2000
2019-06-14,1530.7755126953125,1647.0,1647.0,1644.0,1645.0,3500
2019-06-17,1518.693115234375,1634.0,1642.0,1634.0,1640.0,700
2019-06-18,1519.6224365234375,1635.0,1635.0,1624.0,1634.0,500
2019-06-20,1511.2574462890625,1626.0,1639.0,1621.0,1624.0,800
2019-06-21,1519.6224365234375,1635.0,1635.0,1607.0,1635.0,2000
2019-06-24,1519.6224365234375,1635.0,1635.0,1635.0,1635.0,200
2019-06-25,1524.2696533203125,1640.0,1640.0,1620.0,1639.0,1700
2019-06-26,1506.6102294921875,1621.0,1640.0,1614.0,1640.0,2800
2019-06-27,1507.539794921875,1622.0,1622.0,1606.0,1606.0,200
2019-06-28,1497.3160400390625,1611.0,1622.0,1611.0,1622.0,300
2019-07-01,1505.680908203125,1620.0,1620.0,1613.0,1613.0,500
2019-07-02,1503.822021484375,1618.0,1643.0,1618.0,1620.0,2600
2019-07-03,1488.0218505859375,1601.0,1614.0,1600.0,1600.0,1300
2019-07-04,1482.445068359375,1595.0,1610.0,1595.0,1605.0,1600
2019-07-05,1492.6688232421875,1606.0,1612.0,1591.0,1595.0,3600
2019-07-08,1490.81005859375,1604.0,1605.0,1598.0,1600.0,800
2019-07-09,1498.2454833984375,1612.0,1620.0,1611.0,1620.0,3800
2019-07-10,1509.398681640625,1624.0,1649.0,1606.0,1612.0,9400
2019-07-11,1508.46923828125,1623.0,1630.0,1618.0,1629.0,6100
2019-07-12,1510.3282470703125,1625.0,1634.0,1625.0,1630.0,4900
2019-07-16,1444.3385009765625,1554.0,1557.0,1519.0,1545.0,22300
2019-07-17,1430.39697265625,1539.0,1549.0,1523.0,1538.0,1600
2019-07-18,1423.8909912109375,1532.0,1539.0,1526.0,1538.0,800
2019-07-19,1426.6790771484375,1535.0,1535.0,1534.0,1535.0,600
2019-07-22,1438.7618408203125,1548.0,1548.0,1538.0,1538.0,1000
2019-07-23,1426.6790771484375,1535.0,1548.0,1535.0,1548.0,300
2019-07-24,1426.6790771484375,1535.0,1538.0,1525.0,1535.0,1000
2019-07-25,1409.0198974609375,1516.0,1523.0,1510.0,1523.0,2400
2019-07-26,1394.14892578125,1500.0,1507.0,1500.0,1507.0,3700
2019-07-29,1394.14892578125,1500.0,1500.0,1498.0,1500.0,3000
2019-07-30,1366.265869140625,1470.0,1495.0,1470.0,1495.0,1600
2019-07-31,1317.9356689453125,1418.0,1456.0,1416.0,1456.0,4200
2019-08-01,1329.0887451171875,1430.0,1436.0,1420.0,1420.0,600
2019-08-02,1321.6531982421875,1422.0,1435.0,1421.0,1430.0,800
2019-08-05,1336.524169921875,1438.0,1442.0,1430.0,1434.0,600
2019-08-06,1322.582763671875,1423.0,1425.0,1410.0,1410.0,700
2019-08-07,1329.0887451171875,1430.0,1437.0,1419.0,1437.0,700
2019-08-08,1384.8546142578125,1490.0,1492.0,1450.0,1450.0,2000
2019-08-09,1428.5380859375,1537.0,1537.0,1480.0,1490.0,2400
2019-08-13,1438.7618408203125,1548.0,1548.0,1501.0,1536.0,800
2019-08-14,1465.7154541015625,1577.0,1588.0,1577.0,1588.0,3800
2019-08-15,1442.4794921875,1552.0,1552.0,1505.0,1505.0,500
2019-08-16,1436.9029541015625,1546.0,1546.0,1546.0,1546.0,100
2019-08-20,1441.5501708984375,1551.0,1551.0,1511.0,1511.0,200
2019-08-21,1440.62060546875,1550.0,1550.0,1550.0,1550.0,100
2019-08-22,1449.9149169921875,1560.0,1560.0,1550.0,1550.0,600
2019-08-23,1468.503662109375,1580.0,1580.0,1561.0,1580.0,1500
2019-08-26,1461.9976806640625,1573.0,1580.0,1550.0,1580.0,2200
2019-08-27,1473.15087890625,1585.0,1585.0,1585.0,1585.0,100
2019-08-28,1469.43310546875,1581.0,1581.0,1581.0,1581.0,100
2019-08-29,1469.43310546875,1581.0,1581.0,1581.0,1581.0,0
2019-08-30,1439.6912841796875,1549.0,1552.0,1518.0,1518.0,800
2019-09-02,1461.068115234375,1572.0,1572.0,1509.0,1509.0,600
2019-09-03,1456.4208984375,1567.0,1567.0,1567.0,1567.0,100
2019-09-04,1454.562255859375,1565.0,1565.0,1565.0,1565.0,100
2019-09-05,1454.562255859375,1565.0,1565.0,1565.0,1565.0,0
2019-09-06,1468.503662109375,1580.0,1580.0,1535.0,1580.0,800
2019-09-09,1468.503662109375,1580.0,1580.0,1571.0,1580.0,700
2019-09-10,1464.785888671875,1576.0,1580.0,1565.0,1565.0,700
2019-09-11,1469.43310546875,1581.0,1581.0,1567.0,1572.0,500
2019-09-12,1475.0096435546875,1587.0,1588.0,1582.0,1582.0,700
2019-09-13,1476.86865234375,1589.0,1589.0,1585.0,1585.0,800
2019-09-17,1443.408935546875,1553.0,1589.0,1549.0,1589.0,3600
2019-09-18,1464.785888671875,1576.0,1576.0,1553.0,1553.0,500
2019-09-19,1452.7034912109375,1563.0,1570.0,1563.0,1570.0,200
2019-09-20,1470.362548828125,1582.0,1599.0,1580.0,1580.0,700
2019-09-24,1495.4571533203125,1609.0,1610.0,1580.0,1580.0,2600
2019-09-25,1496.386474609375,1610.0,1618.0,1600.0,1610.0,1200
2019-09-26,1447.1265869140625,1557.0,1606.0,1557.0,1606.0,2300
2019-09-27,1426.480224609375,1520.0,1553.0,1502.0,1502.0,800
2019-09-30,1481.850341796875,1579.0,1579.0,1550.0,1550.0,500
2019-10-01,1479.0347900390625,1576.0,1577.0,1576.0,1577.0,200
2019-10-02,1449.942138671875,1545.0,1574.0,1545.0,1574.0,700
2019-10-03,1444.311279296875,1539.0,1539.0,1521.0,1530.0,500
2019-10-04,1444.311279296875,1539.0,1539.0,1528.0,1539.0,1200
2019-10-07,1449.942138671875,1545.0,1545.0,1540.0,1540.0,700
2019-10-08,1459.326904296875,1555.0,1574.0,1543.0,1545.0,1100
2019-10-09,1457.449951171875,1553.0,1555.0,1551.0,1555.0,600
2019-10-10,1458.3883056640625,1554.0,1561.0,1547.0,1555.0,1800
2019-10-11,1459.326904296875,1555.0,1555.0,1554.0,1554.0,700
2019-10-15,1464.0191650390625,1560.0,1594.0,1554.0,1560.0,3700
2019-10-16,1462.1422119140625,1558.0,1559.0,1558.0,1559.0,500
2019-10-17,1445.249755859375,1540.0,1550.0,1532.0,1550.0,300
2019-10-18,1440.5574951171875,1535.0,1540.0,1535.0,1540.0,200
2019-10-21,1451.8192138671875,1547.0,1564.0,1535.0,1535.0,3100
2019-10-23,1449.003662109375,1544.0,1555.0,1544.0,1547.0,400
2019-10-24,1452.7574462890625,1548.0,1550.0,1546.0,1550.0,800
2019-10-25,1458.3883056640625,1554.0,1554.0,1549.0,1554.0,1500
2019-10-28,1461.203857421875,1557.0,1580.0,1531.0,1580.0,3000
2019-10-29,1467.77294921875,1564.0,1565.0,1557.0,1559.0,2400
2019-10-30,1481.850341796875,1579.0,1579.0,1564.0,1564.0,500
2019-10-31,1491.2349853515625,1589.0,1590.0,1580.0,1580.0,1100
2019-11-01,1491.2349853515625,1589.0,1589.0,1589.0,1589.0,0
2019-11-06,1495.92724609375,1594.0,1609.0,1590.0,1609.0,300
2019-11-07,1473.40380859375,1570.0,1605.0,1570.0,1605.0,1000
2019-11-08,1487.4810791015625,1585.0,1602.0,1580.0,1590.0,4300
2019-11-11,1485.6041259765625,1583.0,1595.0,1583.0,1585.0,1100
2019-11-12,1482.78857421875,1580.0,1583.0,1580.0,1583.0,1400
2019-11-14,1482.78857421875,1580.0,1587.0,1574.0,1587.0,3100
2019-11-15,1475.2808837890625,1572.0,1580.0,1572.0,1580.0,500
2019-11-19,1462.1422119140625,1558.0,1558.0,1558.0,1558.0,100
2019-11-21,1463.0806884765625,1559.0,1559.0,1551.0,1555.0,700
2019-11-22,1477.1578369140625,1574.0,1575.0,1551.0,1574.0,1000
2019-11-26,1464.0191650390625,1560.0,1565.0,1560.0,1565.0,2000
2019-11-27,1464.957763671875,1561.0,1561.0,1560.0,1560.0,600
2019-11-28,1464.0191650390625,1560.0,1560.0,1560.0,1560.0,200
2019-11-29,1461.203857421875,1557.0,1559.0,1543.0,1551.0,1000
2019-12-02,1460.2652587890625,1556.0,1557.0,1545.0,1545.0,600
2019-12-04,1461.203857421875,1557.0,1557.0,1555.0,1555.0,300
2019-12-05,1492.17333984375,1590.0,1590.0,1562.0,1579.0,1800
2019-12-06,1527.83544921875,1628.0,1628.0,1590.0,1590.0,3500
2019-12-09,1511.8814697265625,1611.0,1620.0,1586.0,1620.0,1100
2019-12-10,1560.6820068359375,1663.0,1663.0,1623.0,1649.0,6700
2019-12-11,1589.774658203125,1694.0,1695.0,1676.0,1689.0,4200
2019-12-12,1609.482666015625,1715.0,1715.0,1690.0,1694.0,4400
2019-12-13,1578.512939453125,1682.0,1713.0,1682.0,1707.0,4800
2019-12-17,1548.4818115234375,1650.0,1650.0,1650.0,1650.0,200
2019-12-19,1543.78955078125,1645.0,1645.0,1645.0,1645.0,200
2019-12-20,1533.46630859375,1634.0,1639.0,1634.0,1639.0,400
2019-12-23,1547.54345703125,1649.0,1649.0,1649.0,1649.0,100
2019-12-24,1557.8665771484375,1660.0,1660.0,1640.0,1649.0,800
2019-12-25,1569.1282958984375,1672.0,1675.0,1660.0,1669.0,1300
2019-12-26,1571.943603515625,1675.0,1675.0,1666.0,1666.0,1700
2019-12-27,1564.4359130859375,1667.0,1670.0,1667.0,1670.0,300
2019-12-30,1565.3743896484375,1668.0,1674.0,1634.0,1674.0,400
2020-01-06,1568.1898193359375,1671.0,1672.0,1668.0,1672.0,500
2020-01-07,1571.0052490234375,1674.0,1674.0,1672.0,1672.0,600
2020-01-08,1571.943603515625,1675.0,1675.0,1655.0,1675.0,1000
2020-01-09,1595.4053955078125,1700.0,1718.0,1679.0,1679.0,2500
2020-01-10,1628.2520751953125,1735.0,1736.0,1704.0,1736.0,1700
2020-01-15,1594.4669189453125,1699.0,1701.0,1699.0,1700.0,300
2020-01-17,1594.4669189453125,1699.0,1699.0,1699.0,1699.0,100
2020-01-20,1549.4202880859375,1651.0,1651.0,1651.0,1651.0,500
2020-01-22,1592.590087890625,1697.0,1697.0,1651.0,1651.0,400
2020-01-23,1585.082275390625,1689.0,1689.0,1662.0,1662.0,400
2020-01-24,1591.65185546875,1696.0,1700.0,1695.0,1697.0,1800
2020-01-28,1589.774658203125,1694.0,1694.0,1694.0,1694.0,300
2020-01-29,1586.0208740234375,1690.0,1690.0,1663.0,1663.0,400
2020-01-30,1548.4818115234375,1650.0,1650.0,1650.0,1650.0,600
2020-01-31,1548.4818115234375,1650.0,1650.0,1613.0,1613.0,600
2020-02-03,1512.8197021484375,1612.0,1612.0,1601.0,1601.0,200
2020-02-05,1543.78955078125,1645.0,1649.0,1642.0,1649.0,300
2020-02-06,1539.09716796875,1640.0,1640.0,1621.0,1621.0,400
2020-02-07,1533.46630859375,1634.0,1648.0,1634.0,1648.0,800
2020-02-10,1584.1439208984375,1688.0,1688.0,1644.0,1644.0,1000
2020-02-12,1568.1898193359375,1671.0,1671.0,1645.0,1670.0,1000
2020-02-14,1532.52783203125,1633.0,1650.0,1633.0,1650.0,2900
2020-02-18,1540.03564453125,1641.0,1650.0,1640.0,1640.0,400
2020-02-19,1540.03564453125,1641.0,1641.0,1641.0,1641.0,0
2020-02-21,1550.35888671875,1652.0,1652.0,1650.0,1650.0,500
2020-02-25,1543.78955078125,1645.0,1645.0,1640.0,1645.0,1100
2020-02-26,1543.78955078125,1645.0,1645.0,1645.0,1645.0,1300
2020-02-27,1501.55810546875,1600.0,1605.0,1600.0,1605.0,400
2020-02-28,1443.37255859375,1538.0,1550.0,1505.0,1550.0,1600
2020-03-02,1481.850341796875,1579.0,1587.0,1499.0,1499.0,700
2020-03-03,1533.46630859375,1634.0,1644.0,1588.0,1644.0,500
2020-03-04,1464.0191650390625,1560.0,1594.0,1560.0,1594.0,400
2020-03-05,1484.6656494140625,1582.0,1582.0,1582.0,1582.0,200
2020-03-06,1522.20458984375,1622.0,1622.0,1622.0,1622.0,100
2020-03-09,1445.249755859375,1540.0,1605.0,1540.0,1605.0,500
2020-03-10,1482.78857421875,1580.0,1583.0,1414.0,1430.0,1500
2020-03-11,1449.942138671875,1545.0,1545.0,1545.0,1545.0,2100
2020-03-12,1408.6492919921875,1501.0,1501.0,1500.0,1500.0,400
2020-03-13,1312.9249267578125,1399.0,1427.0,1340.0,1341.0,2800
2020-03-16,1343.89453125,1432.0,1500.0,1399.0,1468.0,5200
2020-03-17,1303.5401611328125,1389.0,1432.0,1345.0,1402.0,2300
2020-03-18,1306.355712890625,1392.0,1392.0,1392.0,1392.0,100
2020-03-19,1306.355712890625,1392.0,1480.0,1392.0,1450.0,1700
2020-03-23,1307.2940673828125,1393.0,1393.0,1366.0,1366.0,400
2020-03-24,1323.2481689453125,1410.0,1410.0,1406.0,1410.0,1100
2020-03-25,1334.5098876953125,1422.0,1430.0,1399.0,1399.0,1400
2020-03-26,1445.249755859375,1540.0,1564.0,1540.0,1564.0,2100
2020-03-27,1426.480224609375,1520.0,1530.0,1440.0,1470.0,1000
2020-03-30,1274.8277587890625,1345.0,1398.0,1311.0,1315.0,2300
2020-03-31,1311.7933349609375,1384.0,1405.0,1384.0,1405.0,400
2020-04-01,1305.1583251953125,1377.0,1377.0,1377.0,1377.0,100
2020-04-02,1276.7236328125,1347.0,1378.0,1347.0,1378.0,500
2020-04-03,1277.67138671875,1348.0,1348.0,1341.0,1341.0,200
2020-04-06,1256.8192138671875,1326.0,1341.0,1310.0,1341.0,2700
2020-04-07,1382.8802490234375,1459.0,1500.0,1355.0,1355.0,1400
2020-04-08,1382.8802490234375,1459.0,1459.0,1459.0,1459.0,100
2020-04-09,1380.0367431640625,1456.0,1479.0,1456.0,1459.0,700
2020-04-10,1398.04541015625,1475.0,1475.0,1456.0,1456.0,500
2020-04-13,1409.41943359375,1487.0,1490.0,1467.0,1467.0,800
2020-04-14,1433.1151123046875,1512.0,1520.0,1512.0,1520.0,2500
2020-04-15,1433.1151123046875,1512.0,1512.0,1512.0,1512.0,0
2020-04-16,1409.41943359375,1487.0,1487.0,1448.0,1448.0,500
2020-04-17,1402.7845458984375,1480.0,1480.0,1480.0,1480.0,100
2020-04-21,1402.7845458984375,1480.0,1480.0,1480.0,1480.0,0
2020-04-22,1402.7845458984375,1480.0,1480.0,1474.0,1474.0,400
2020-04-23,1434.0628662109375,1513.0,1513.0,1483.0,1483.0,400
2020-04-24,1435.9586181640625,1515.0,1516.0,1502.0,1516.0,1000
2020-04-27,1435.9586181640625,1515.0,1515.0,1515.0,1515.0,1500
2020-04-28,1435.9586181640625,1515.0,1515.0,1515.0,1515.0,0
2020-05-01,1440.6976318359375,1520.0,1520.0,1520.0,1520.0,100
2020-05-07,1439.7498779296875,1519.0,1519.0,1519.0,1519.0,400
2020-05-08,1439.7498779296875,1519.0,1519.0,1508.0,1519.0,400
2020-05-11,1429.3236083984375,1508.0,1508.0,1492.0,1492.0,1400
2020-05-12,1431.219482421875,1510.0,1519.0,1510.0,1519.0,300
2020-05-13,1492.828125,1575.0,1575.0,1528.0,1528.0,1300
2020-05-14,1435.0106201171875,1514.0,1587.0,1500.0,1587.0,3200
2020-05-20,1435.0106201171875,1514.0,1514.0,1514.0,1514.0,0
2020-05-21,1412.2628173828125,1490.0,1490.0,1490.0,1490.0,200
2020-05-22,1438.802001953125,1518.0,1518.0,1510.0,1510.0,200
2020-05-25,1501.358642578125,1584.0,1591.0,1558.0,1558.0,1000
2020-05-26,1464.3934326171875,1545.0,1631.0,1545.0,1631.0,1800
2020-05-27,1464.3934326171875,1545.0,1545.0,1545.0,1545.0,0
2020-05-28,1457.7584228515625,1538.0,1538.0,1538.0,1538.0,200
2020-05-29,1423.63671875,1502.0,1546.0,1502.0,1546.0,300
2020-06-01,1444.4888916015625,1524.0,1524.0,1524.0,1524.0,100
2020-06-02,1444.4888916015625,1524.0,1524.0,1524.0,1524.0,0
2020-06-04,1422.68896484375,1501.0,1528.0,1501.0,1501.0,1100
2020-06-08,1448.2802734375,1528.0,1528.0,1528.0,1528.0,100
2020-06-09,1469.1324462890625,1550.0,1554.0,1548.0,1554.0,500
2020-06-10,1516.5238037109375,1600.0,1600.0,1559.0,1559.0,1100
2020-06-11,1517.4718017578125,1601.0,1605.0,1601.0,1605.0,300
2020-06-12,1545.9066162109375,1631.0,1631.0,1586.0,1601.0,1700
2020-06-15,1505.14990234375,1588.0,1603.0,1588.0,1589.0,3500
2020-06-16,1506.0977783203125,1589.0,1589.0,1589.0,1589.0,100
2020-06-17,1506.0977783203125,1589.0,1589.0,1589.0,1589.0,0
2020-06-18,1514.628173828125,1598.0,1598.0,1574.0,1574.0,300
2020-06-19,1499.4630126953125,1582.0,1582.0,1570.0,1570.0,200
2020-06-23,1499.4630126953125,1582.0,1582.0,1582.0,1582.0,0
2020-06-24,1549.697998046875,1635.0,1635.0,1612.0,1612.0,700
2020-06-25,1561.07177734375,1647.0,1647.0,1644.0,1644.0,700
2020-06-26,1554.43701171875,1640.0,1645.0,1640.0,1645.0,1500
2020-06-29,1530.7413330078125,1615.0,1615.0,1610.0,1610.0,400
2020-06-30,1539.271728515625,1624.0,1624.0,1624.0,1624.0,200
2020-07-01,1560.1240234375,1646.0,1660.0,1640.0,1640.0,1200
2020-07-02,1570.550048828125,1657.0,1657.0,1657.0,1657.0,200
2020-07-03,1535.4803466796875,1620.0,1640.0,1620.0,1640.0,500
2020-07-06,1582.871826171875,1670.0,1670.0,1630.0,1669.0,400
2020-07-07,1582.871826171875,1670.0,1670.0,1650.0,1670.0,400
2020-07-08,1597.0892333984375,1685.0,1685.0,1670.0,1675.0,1900
2020-07-09,1592.35009765625,1680.0,1681.0,1680.0,1681.0,500
2020-07-10,1601.828369140625,1690.0,1690.0,1675.0,1690.0,3900
2020-07-13,1595.193603515625,1683.0,1711.0,1665.0,1700.0,7600
2020-07-14,1601.828369140625,1690.0,1700.0,1690.0,1700.0,8700
2020-07-15,1601.828369140625,1690.0,1690.0,1690.0,1690.0,0
2020-07-16,1560.1240234375,1646.0,1646.0,1610.0,1610.0,300
2020-07-17,1560.1240234375,1646.0,1646.0,1646.0,1646.0,0
2020-07-20,1559.1761474609375,1645.0,1645.0,1645.0,1645.0,100
2020-07-21,1573.3935546875,1660.0,1660.0,1627.0,1650.0,900
2020-07-22,1573.3935546875,1660.0,1670.0,1651.0,1670.0,1000
2020-07-27,1469.1324462890625,1550.0,1596.0,1550.0,1580.0,2600
2020-07-28,1514.628173828125,1598.0,1598.0,1521.0,1521.0,400
2020-07-29,1469.1324462890625,1550.0,1550.0,1550.0,1550.0,200
2020-07-30,1428.3758544921875,1507.0,1521.0,1500.0,1521.0,1100
2020-07-31,1393.3062744140625,1470.0,1485.0,1470.0,1482.0,500
2020-08-03,1372.4542236328125,1448.0,1448.0,1400.0,1442.0,1600
2020-08-04,1326.9583740234375,1400.0,1422.0,1400.0,1418.0,1000
2020-08-05,1326.9583740234375,1400.0,1430.0,1400.0,1430.0,1500
2020-08-06,1336.436767578125,1410.0,1419.0,1400.0,1419.0,400
2020-08-07,1336.436767578125,1410.0,1415.0,1410.0,1410.0,500
2020-08-11,1310.84521484375,1383.0,1399.0,1360.0,1399.0,1400
2020-08-12,1329.802001953125,1403.0,1418.0,1390.0,1413.0,1700
2020-08-13,1400.8890380859375,1478.0,1478.0,1430.0,1463.0,1700
2020-08-14,1375.2977294921875,1451.0,1486.0,1451.0,1486.0,3700
2020-08-17,1376.2454833984375,1452.0,1452.0,1420.0,1451.0,500
2020-08-18,1372.4542236328125,1448.0,1448.0,1422.0,1422.0,500
2020-08-19,1357.288818359375,1432.0,1448.0,1418.0,1448.0,700
2020-08-20,1356.341064453125,1431.0,1431.0,1409.0,1431.0,900
2020-08-21,1398.04541015625,1475.0,1475.0,1435.0,1435.0,800
2020-08-24,1392.3585205078125,1469.0,1485.0,1469.0,1480.0,700
2020-08-25,1421.7410888671875,1500.0,1500.0,1462.0,1462.0,1600
2020-08-26,1392.3585205078125,1469.0,1509.0,1458.0,1500.0,2900
2020-08-27,1392.3585205078125,1469.0,1469.0,1469.0,1469.0,0
2020-08-28,1436.90625,1516.0,1516.0,1508.0,1515.0,300
2020-08-31,1421.7410888671875,1500.0,1508.0,1471.0,1508.0,700
2020-09-01,1421.7410888671875,1500.0,1500.0,1500.0,1500.0,100
2020-09-02,1421.7410888671875,1500.0,1501.0,1500.0,1501.0,200
2020-09-03,1398.9931640625,1476.0,1500.0,1476.0,1500.0,200
2020-09-04,1406.575927734375,1484.0,1484.0,1460.0,1460.0,400
2020-09-07,1403.7322998046875,1481.0,1499.0,1481.0,1499.0,200
2020-09-08,1421.7410888671875,1500.0,1500.0,1479.0,1500.0,1400
2020-09-09,1421.7410888671875,1500.0,1500.0,1500.0,1500.0,900
2020-09-10,1463.445556640625,1544.0,1549.0,1500.0,1510.0,1100
2020-09-11,1471.0283203125,1552.0,1554.0,1526.0,1544.0,1900
2020-09-14,1488.0889892578125,1570.0,1570.0,1552.0,1552.0,2800
2020-09-15,1450.176025390625,1530.0,1530.0,1530.0,1530.0,100
2020-09-16,1462.497802734375,1543.0,1543.0,1543.0,1543.0,100
2020-09-17,1471.0283203125,1552.0,1552.0,1552.0,1552.0,100
2020-09-18,1470.080322265625,1551.0,1552.0,1551.0,1552.0,200
2020-09-23,1459.654296875,1540.0,1551.0,1500.0,1551.0,600
2020-09-24,1453.96728515625,1534.0,1534.0,1510.0,1521.0,400
2020-09-25,1445.436767578125,1525.0,1540.0,1510.0,1540.0,900
2020-09-28,1424.584716796875,1503.0,1503.0,1490.0,1490.0,2600
2020-09-29,1441.8173828125,1506.0,1506.0,1506.0,1506.0,100
2020-09-30,1441.8173828125,1506.0,1506.0,1506.0,1506.0,0
2020-10-02,1439.9027099609375,1504.0,1504.0,1498.0,1498.0,300
2020-10-05,1424.584716796875,1488.0,1494.0,1464.0,1464.0,300
2020-10-06,1395.863037109375,1458.0,1533.0,1442.0,1505.0,3400
2020-10-07,1413.0960693359375,1476.0,1491.0,1458.0,1458.0,1000
2020-10-08,1434.158447265625,1498.0,1498.0,1492.0,1497.0,500
2020-10-09,1451.3912353515625,1516.0,1517.0,1499.0,1499.0,2000
2020-10-12,1450.4339599609375,1515.0,1535.0,1515.0,1515.0,1100
2020-10-13,1463.8372802734375,1529.0,1530.0,1501.0,1527.0,1200
2020-10-14,1436.0731201171875,1500.0,1500.0,1500.0,1500.0,3100
2020-10-15,1428.4141845703125,1492.0,1500.0,1492.0,1500.0,200
2020-10-16,1455.220703125,1520.0,1520.0,1495.0,1495.0,200
2020-10-19,1436.0731201171875,1500.0,1500.0,1460.0,1465.0,1900
2020-10-20,1436.0731201171875,1500.0,1533.0,1475.0,1497.0,1800
2020-10-21,1421.71240234375,1485.0,1521.0,1485.0,1499.0,1700
2020-10-22,1428.4141845703125,1492.0,1492.0,1490.0,1490.0,600
2020-10-23,1436.0731201171875,1500.0,1500.0,1483.0,1500.0,900
2020-10-26,1429.3714599609375,1493.0,1507.0,1450.0,1507.0,2200
2020-10-27,1407.3516845703125,1470.0,1480.0,1421.0,1480.0,1300
2020-10-28,1406.3944091796875,1469.0,1469.0,1469.0,1469.0,100
2020-10-29,1394.90576171875,1457.0,1468.0,1445.0,1468.0,600
2020-10-30,1394.90576171875,1457.0,1457.0,1457.0,1457.0,0
2020-11-02,1415.9681396484375,1479.0,1499.0,1454.0,1467.0,1600
2020-11-04,1409.2664794921875,1472.0,1472.0,1472.0,1472.0,100
2020-11-05,1409.2664794921875,1472.0,1472.0,1472.0,1472.0,200
2020-11-06,1405.4368896484375,1468.0,1498.0,1439.0,1498.0,1700
2020-11-09,1420.7550048828125,1484.0,1488.0,1431.0,1488.0,2000
2020-11-10,1398.7353515625,1461.0,1482.0,1449.0,1482.0,2400
2020-11-11,1423.6273193359375,1487.0,1489.0,1467.0,1467.0,1600
2020-11-12,1433.2010498046875,1497.0,1497.0,1443.0,1496.0,2800
2020-11-13,1421.71240234375,1485.0,1498.0,1451.0,1496.0,2500
2020-11-16,1430.328857421875,1494.0,1494.0,1494.0,1494.0,3200
2020-11-17,1399.6927490234375,1462.0,1492.0,1462.0,1492.0,200
2020-11-18,1415.9681396484375,1479.0,1479.0,1461.0,1461.0,500
2020-11-19,1415.9681396484375,1479.0,1479.0,1479.0,1479.0,0
2020-11-20,1426.499267578125,1490.0,1490.0,1439.0,1472.0,1100
2020-11-24,1435.1158447265625,1499.0,1499.0,1450.0,1471.0,2500
2020-11-25,1434.158447265625,1498.0,1498.0,1470.0,1470.0,1500
2020-11-26,1426.499267578125,1490.0,1498.0,1455.0,1498.0,3200
2020-11-27,1426.499267578125,1490.0,1490.0,1490.0,1490.0,100
2020-11-30,1397.7779541015625,1460.0,1460.0,1460.0,1460.0,500
2020-12-01,1392.0335693359375,1454.0,1470.0,1424.0,1440.0,1700
2020-12-02,1392.990966796875,1455.0,1455.0,1444.0,1454.0,400
2020-12-03,1394.90576171875,1457.0,1457.0,1433.0,1433.0,600
2020-12-04,1407.3516845703125,1470.0,1470.0,1450.0,1457.0,1900
2020-12-07,1406.3944091796875,1469.0,1494.0,1449.0,1470.0,5800
2020-12-08,1404.4796142578125,1467.0,1487.0,1447.0,1485.0,3000
2020-12-09,1428.4141845703125,1492.0,1492.0,1480.0,1480.0,1400
2020-12-10,1436.0731201171875,1500.0,1501.0,1484.0,1494.0,6100
2020-12-11,1531.8115234375,1600.0,1600.0,1517.0,1540.0,6300
2020-12-14,1578.72314453125,1649.0,1680.0,1600.0,1680.0,10000
2020-12-15,1516.4932861328125,1584.0,1610.0,1584.0,1609.0,1000
2020-12-16,1507.8768310546875,1575.0,1624.0,1575.0,1599.0,2500
2020-12-17,1507.8768310546875,1575.0,1575.0,1575.0,1575.0,0
2020-12-18,1468.624267578125,1534.0,1560.0,1500.0,1560.0,1600
2020-12-21,1441.8173828125,1506.0,1532.0,1503.0,1503.0,700
2020-12-22,1445.64697265625,1510.0,1520.0,1501.0,1501.0,1300
2020-12-23,1426.499267578125,1490.0,1520.0,1482.0,1502.0,2800
2020-12-24,1431.286376953125,1495.0,1499.0,1476.0,1476.0,600
2020-12-25,1434.158447265625,1498.0,1500.0,1462.0,1482.0,2200
2020-12-28,1427.456787109375,1491.0,1498.0,1464.0,1492.0,3500
2020-12-29,1416.925537109375,1480.0,1480.0,1477.0,1477.0,500
2020-12-30,1419.797607421875,1483.0,1497.0,1467.0,1467.0,400
2021-01-04,1435.1158447265625,1499.0,1500.0,1483.0,1483.0,500
2021-01-05,1434.158447265625,1498.0,1499.0,1473.0,1499.0,500
2021-01-06,1436.0731201171875,1500.0,1501.0,1494.0,1500.0,1400
2021-01-07,1426.499267578125,1490.0,1510.0,1490.0,1500.0,3400
2021-01-08,1415.9681396484375,1479.0,1529.0,1477.0,1529.0,2100
2021-01-12,1433.2010498046875,1497.0,1499.0,1484.0,1499.0,1100
2021-01-13,1435.1158447265625,1499.0,1510.0,1490.0,1500.0,3000
2021-01-14,1432.24365234375,1496.0,1498.0,1484.0,1498.0,3700
2021-01-15,1432.24365234375,1496.0,1496.0,1496.0,1496.0,100
2021-01-18,1416.925537109375,1480.0,1485.0,1480.0,1485.0,700
2021-01-19,1416.925537109375,1480.0,1480.0,1480.0,1480.0,100
2021-01-20,1416.925537109375,1480.0,1480.0,1480.0,1480.0,600
2021-01-21,1423.6273193359375,1487.0,1510.0,1470.0,1480.0,2500
2021-01-22,1423.6273193359375,1487.0,1488.0,1478.0,1479.0,600
2021-01-25,1427.456787109375,1491.0,1500.0,1481.0,1496.0,1100
2021-01-26,1417.8829345703125,1481.0,1501.0,1481.0,1500.0,2300
2021-01-27,1431.286376953125,1495.0,1498.0,1479.0,1479.0,900
2021-01-28,1436.0731201171875,1500.0,1500.0,1479.0,1500.0,400
2021-01-29,1444.689697265625,1509.0,1509.0,1499.0,1499.0,200
2021-02-01,1444.689697265625,1509.0,1509.0,1509.0,1509.0,0
2021-02-02,1435.1158447265625,1499.0,1500.0,1489.0,1500.0,600
2021-02-03,1426.499267578125,1490.0,1510.0,1483.0,1483.0,1000
2021-02-04,1436.0731201171875,1500.0,1500.0,1500.0,1500.0,500
2021-02-05,1443.732421875,1508.0,1508.0,1508.0,1508.0,100
2021-02-08,1440.860107421875,1505.0,1517.0,1505.0,1510.0,700
2021-02-09,1437.988037109375,1502.0,1508.0,1502.0,1507.0,700
2021-02-10,1464.794677734375,1530.0,1530.0,1496.0,1508.0,1500
2021-02-12,1479.1553955078125,1545.0,1545.0,1513.0,1532.0,1300
2021-02-15,1450.4339599609375,1515.0,1530.0,1515.0,1520.0,3800
2021-02-16,1440.860107421875,1505.0,1505.0,1505.0,1505.0,200
2021-02-17,1440.860107421875,1505.0,1505.0,1505.0,1505.0,100
2021-02-18,1434.158447265625,1498.0,1501.0,1498.0,1500.0,1800
2021-02-19,1434.158447265625,1498.0,1498.0,1498.0,1498.0,0
2021-02-22,1436.0731201171875,1500.0,1501.0,1498.0,1498.0,700
2021-02-24,1434.158447265625,1498.0,1539.0,1498.0,1528.0,2000
2021-02-25,1463.8372802734375,1529.0,1529.0,1498.0,1499.0,1700
2021-02-26,1431.286376953125,1495.0,1501.0,1495.0,1500.0,2700
2021-03-01,1455.220703125,1520.0,1520.0,1519.0,1519.0,300
2021-03-02,1436.0731201171875,1500.0,1519.0,1500.0,1519.0,700
2021-03-03,1436.0731201171875,1500.0,1516.0,1500.0,1516.0,900
2021-03-04,1428.4141845703125,1492.0,1494.0,1491.0,1494.0,900
2021-03-05,1427.456787109375,1491.0,1500.0,1491.0,1499.0,500
2021-03-08,1438.9453125,1503.0,1521.0,1496.0,1521.0,1100
2021-03-09,1436.0731201171875,1500.0,1513.0,1500.0,1513.0,300
2021-03-10,1460.0076904296875,1525.0,1525.0,1506.0,1524.0,700
2021-03-11,1479.1553955078125,1545.0,1545.0,1527.0,1527.0,900
2021-03-12,1477.24072265625,1543.0,1548.0,1535.0,1545.0,1500
2021-03-15,1461.9224853515625,1527.0,1535.0,1503.0,1535.0,3100
2021-03-16,1448.5191650390625,1513.0,1529.0,1513.0,1528.0,400
2021-03-17,1474.368408203125,1540.0,1540.0,1520.0,1520.0,200
2021-03-18,1455.220703125,1520.0,1550.0,1500.0,1549.0,1900
2021-03-19,1447.5618896484375,1512.0,1520.0,1512.0,1520.0,600
2021-03-22,1453.30615234375,1518.0,1547.0,1515.0,1547.0,400
2021-03-23,1465.7520751953125,1531.0,1600.0,1526.0,1526.0,1800
2021-03-24,1483.9422607421875,1550.0,1558.0,1550.0,1558.0,200
2021-03-25,1501.1751708984375,1568.0,1576.0,1548.0,1549.0,1300
2021-03-26,1494.4735107421875,1561.0,1561.0,1561.0,1561.0,1900
2021-03-29,1469.58154296875,1535.0,1561.0,1530.0,1561.0,1000
2021-03-30,1450.2451171875,1500.0,1501.0,1462.0,1501.0,2000
2021-03-31,1454.1123046875,1504.0,1504.0,1501.0,1501.0,300
2021-04-01,1454.1123046875,1504.0,1504.0,1504.0,1504.0,0
2021-04-02,1456.0458984375,1506.0,1506.0,1506.0,1506.0,100
2021-04-05,1456.0458984375,1506.0,1506.0,1506.0,1506.0,0
2021-04-06,1456.0458984375,1506.0,1510.0,1506.0,1510.0,200
2021-04-07,1477.3162841796875,1528.0,1539.0,1528.0,1539.0,200
2021-04-08,1471.5152587890625,1522.0,1539.0,1517.0,1539.0,500
2021-04-09,1473.4488525390625,1524.0,1533.0,1515.0,1522.0,1400
2021-04-12,1471.5152587890625,1522.0,1525.0,1522.0,1525.0,500
2021-04-13,1481.1834716796875,1532.0,1537.0,1527.0,1535.0,1000
2021-04-14,1455.0791015625,1505.0,1520.0,1501.0,1511.0,3000
2021-04-15,1459.913330078125,1510.0,1510.0,1506.0,1506.0,200
2021-04-16,1451.2117919921875,1501.0,1536.0,1501.0,1510.0,600
2021-04-19,1468.61474609375,1519.0,1519.0,1506.0,1506.0,300
2021-04-20,1476.349365234375,1527.0,1527.0,1519.0,1519.0,400
2021-04-21,1475.382568359375,1526.0,1530.0,1526.0,1527.0,500
2021-04-22,1456.0458984375,1506.0,1517.0,1506.0,1506.0,700
2021-04-23,1474.4156494140625,1525.0,1529.0,1507.0,1507.0,1300
2021-04-26,1450.2451171875,1500.0,1512.0,1500.0,1512.0,2700
2021-04-27,1450.2451171875,1500.0,1500.0,1500.0,1500.0,200
2021-04-28,1452.1785888671875,1502.0,1502.0,1502.0,1502.0,100
2021-04-30,1444.4439697265625,1494.0,1501.0,1494.0,1501.0,300
2021-05-06,1445.410888671875,1495.0,1495.0,1470.0,1494.0,600
2021-05-10,1465.7142333984375,1516.0,1528.0,1509.0,1528.0,600
2021-05-11,1460.8800048828125,1511.0,1516.0,1511.0,1516.0,200
2021-05-12,1474.4156494140625,1525.0,1528.0,1520.0,1528.0,700
2021-05-13,1462.813720703125,1513.0,1539.0,1513.0,1539.0,500
2021-05-14,1494.7191162109375,1546.0,1588.0,1508.0,1588.0,2600
2021-05-17,1463.7806396484375,1514.0,1533.0,1500.0,1511.0,1800
2021-05-18,1455.0791015625,1505.0,1505.0,1505.0,1505.0,200
2021-05-19,1464.7474365234375,1515.0,1520.0,1500.0,1500.0,600
2021-05-20,1473.4488525390625,1524.0,1549.0,1524.0,1549.0,300
2021-05-21,1473.4488525390625,1524.0,1524.0,1524.0,1524.0,0
2021-05-24,1469.58154296875,1520.0,1535.0,1517.0,1534.0,800
2021-05-25,1483.1171875,1534.0,1534.0,1524.0,1527.0,800
2021-05-26,1457.0128173828125,1507.0,1539.0,1507.0,1539.0,1700
2021-05-28,1457.0128173828125,1507.0,1507.0,1507.0,1507.0,0
2021-05-31,1451.2117919921875,1501.0,1501.0,1501.0,1501.0,100
2021-06-01,1453.1453857421875,1503.0,1510.0,1503.0,1503.0,400
2021-06-02,1477.3162841796875,1528.0,1528.0,1528.0,1528.0,100
2021-06-03,1469.58154296875,1520.0,1520.0,1520.0,1520.0,100
2021-06-04,1465.7142333984375,1516.0,1520.0,1502.0,1520.0,600
2021-06-07,1482.1502685546875,1533.0,1533.0,1508.0,1516.0,700
2021-06-08,1508.2547607421875,1560.0,1579.0,1548.0,1548.0,900
2021-06-09,1508.2547607421875,1560.0,1575.0,1552.0,1575.0,600
2021-06-10,1499.5533447265625,1551.0,1570.0,1551.0,1570.0,1200
2021-06-11,1517.923095703125,1570.0,1570.0,1551.0,1551.0,900
2021-06-14,1486.9844970703125,1538.0,1539.0,1538.0,1539.0,2500
2021-06-15,1480.216796875,1531.0,1531.0,1531.0,1531.0,100
2021-06-16,1481.1834716796875,1532.0,1540.0,1532.0,1540.0,200
2021-06-17,1469.58154296875,1520.0,1543.0,1520.0,1543.0,800
2021-06-22,1469.58154296875,1520.0,1520.0,1520.0,1520.0,0
2021-06-23,1476.349365234375,1527.0,1528.0,1527.0,1528.0,200
2021-06-24,1481.1834716796875,1532.0,1540.0,1532.0,1539.0,700
2021-06-25,1486.9844970703125,1538.0,1538.0,1520.0,1532.0,600
2021-06-28,1474.4156494140625,1525.0,1555.0,1525.0,1555.0,1800
2021-06-29,1507.2879638671875,1559.0,1559.0,1528.0,1528.0,200
2021-06-30,1478.2830810546875,1529.0,1533.0,1529.0,1533.0,200
2021-07-01,1478.2830810546875,1529.0,1529.0,1529.0,1529.0,100
2021-07-02,1478.2830810546875,1529.0,1544.0,1529.0,1544.0,300
2021-07-05,1481.1834716796875,1532.0,1532.0,1532.0,1532.0,100
2021-07-06,1517.923095703125,1570.0,1570.0,1545.0,1545.0,700
2021-07-07,1490.8516845703125,1542.0,1580.0,1540.0,1578.0,6000
2021-07-08,1516.956298828125,1569.0,1576.0,1545.0,1576.0,1000
2021-07-09,1514.0557861328125,1566.0,1566.0,1544.0,1565.0,3000
2021-07-12,1544.0274658203125,1597.0,1597.0,1558.0,1566.0,6200
2021-07-13,1569.1651611328125,1623.0,1623.0,1566.0,1597.0,4800
2021-07-14,1510.1884765625,1562.0,1612.0,1562.0,1612.0,10400
2021-07-15,1488.918212890625,1540.0,1562.0,1540.0,1562.0,200
2021-07-16,1519.8568115234375,1572.0,1620.0,1546.0,1571.0,1300
2021-07-19,1519.8568115234375,1572.0,1572.0,1572.0,1572.0,0
2021-07-20,1544.9942626953125,1598.0,1598.0,1567.0,1567.0,200
2021-07-21,1537.2596435546875,1590.0,1598.0,1590.0,1598.0,1200
2021-07-26,1529.525146484375,1582.0,1599.0,1582.0,1599.0,1700
2021-07-28,1506.3211669921875,1558.0,1558.0,1558.0,1558.0,100
2021-07-29,1506.3211669921875,1558.0,1558.0,1558.0,1558.0,0
2021-07-30,1504.387451171875,1556.0,1556.0,1556.0,1556.0,100
2021-08-02,1497.61962890625,1549.0,1563.0,1543.0,1543.0,300
2021-08-03,1482.1502685546875,1533.0,1564.0,1533.0,1564.0,600
2021-08-04,1452.1785888671875,1502.0,1502.0,1500.0,1500.0,600
2021-08-05,1477.3162841796875,1528.0,1542.0,1528.0,1542.0,200
2021-08-06,1448.311279296875,1498.0,1528.0,1496.0,1528.0,1300
2021-08-10,1470.548583984375,1521.0,1521.0,1514.0,1519.0,500
2021-08-11,1470.548583984375,1521.0,1521.0,1521.0,1521.0,100
2021-08-12,1508.2547607421875,1560.0,1560.0,1547.0,1559.0,700
2021-08-13,1514.0557861328125,1566.0,1583.0,1553.0,1583.0,1300
2021-08-16,1525.65771484375,1578.0,1593.0,1550.0,1593.0,3100
2021-08-17,1525.65771484375,1578.0,1578.0,1578.0,1578.0,0
2021-08-18,1481.1834716796875,1532.0,1553.0,1532.0,1553.0,700
2021-08-19,1449.2781982421875,1499.0,1511.0,1491.0,1511.0,1300
2021-08-20,1440.57666015625,1490.0,1499.0,1482.0,1499.0,1300
2021-08-23,1440.57666015625,1490.0,1495.0,1490.0,1495.0,900
2021-08-24,1440.57666015625,1490.0,1494.0,1490.0,1490.0,1400
2021-08-25,1450.2451171875,1500.0,1501.0,1483.0,1490.0,2200
2021-08-26,1450.2451171875,1500.0,1500.0,1494.0,1499.0,2600
2021-08-27,1450.2451171875,1500.0,1500.0,1500.0,1500.0,100
2021-08-30,1442.5103759765625,1492.0,1497.0,1492.0,1497.0,400
2021-08-31,1435.7425537109375,1485.0,1496.0,1485.0,1496.0,600
2021-09-01,1424.140625,1473.0,1496.0,1448.0,1473.0,6400
2021-09-02,1424.140625,1473.0,1473.0,1473.0,1473.0,0
2021-09-03,1445.410888671875,1495.0,1495.0,1485.0,1485.0,400
2021-09-06,1430.9083251953125,1480.0,1480.0,1480.0,1480.0,100
2021-09-07,1445.410888671875,1495.0,1495.0,1475.0,1492.0,1000
2021-09-08,1479.25,1530.0,1584.0,1495.0,1495.0,2100
2021-09-09,1485.0509033203125,1536.0,1550.0,1536.0,1549.0,600
2021-09-10,1506.3211669921875,1558.0,1558.0,1523.0,1523.0,1000
2021-09-13,1515.0225830078125,1567.0,1568.0,1550.0,1558.0,1000
2021-09-14,1546.9281005859375,1600.0,1600.0,1600.0,1600.0,2600
2021-09-15,1478.2830810546875,1529.0,1531.0,1480.0,1501.0,2800
2021-09-17,1478.2830810546875,1529.0,1529.0,1529.0,1529.0,0
2021-09-21,1465.7142333984375,1516.0,1516.0,1490.0,1510.0,500
2021-09-22,1465.7142333984375,1516.0,1516.0,1516.0,1516.0,0
2021-09-24,1474.4156494140625,1525.0,1525.0,1515.0,1521.0,1000
2021-09-27,1450.2451171875,1500.0,1527.0,1500.0,1527.0,2100
2021-09-28,1449.2781982421875,1499.0,1500.0,1499.0,1500.0,600
2021-09-29,1463.92724609375,1499.0,1499.0,1499.0,1499.0,0
2021-09-30,1464.90380859375,1500.0,1500.0,1500.0,1500.0,200
2021-10-01,1464.90380859375,1500.0,1500.0,1487.0,1487.0,200
2021-10-04,1446.3482666015625,1481.0,1481.0,1481.0,1481.0,100
2021-10-05,1461.9739990234375,1497.0,1497.0,1481.0,1481.0,400
2021-10-06,1478.576171875,1514.0,1514.0,1514.0,1514.0,100
2021-10-07,1464.90380859375,1500.0,1517.0,1494.0,1517.0,1200
2021-10-08,1469.786865234375,1505.0,1505.0,1500.0,1502.0,900
2021-10-11,1463.92724609375,1499.0,1512.0,1480.0,1505.0,2100
2021-10-12,1472.7166748046875,1508.0,1509.0,1490.0,1509.0,1100
2021-10-13,1468.8101806640625,1504.0,1515.0,1500.0,1515.0,1800
2021-10-14,1440.48876953125,1475.0,1497.0,1475.0,1478.0,8700
2021-10-15,1454.1611328125,1489.0,1489.0,1479.0,1480.0,400
2021-10-18,1444.3951416015625,1479.0,1499.0,1479.0,1483.0,500
2021-10-19,1442.4420166015625,1477.0,1481.0,1477.0,1480.0,600
2021-10-20,1455.1376953125,1490.0,1490.0,1480.0,1480.0,500
2021-10-21,1463.92724609375,1499.0,1500.0,1486.0,1490.0,500
2021-10-22,1463.92724609375,1499.0,1499.0,1490.0,1498.0,500
2021-10-25,1462.9505615234375,1498.0,1504.0,1493.0,1501.0,1400
2021-10-26,1464.90380859375,1500.0,1504.0,1498.0,1498.0,2600
2021-10-27,1456.1143798828125,1491.0,1491.0,1491.0,1491.0,100
2021-10-29,1456.1143798828125,1491.0,1491.0,1491.0,1491.0,0
2021-11-01,1456.1143798828125,1491.0,1492.0,1491.0,1491.0,800
2021-11-02,1455.1376953125,1490.0,1490.0,1486.0,1490.0,400
2021-11-04,1455.1376953125,1490.0,1491.0,1490.0,1490.0,600
2021-11-05,1445.3717041015625,1480.0,1494.0,1480.0,1494.0,1400
2021-11-08,1438.5355224609375,1473.0,1480.0,1472.0,1478.0,1700
2021-11-09,1452.2080078125,1487.0,1487.0,1470.0,1473.0,900
2021-11-10,1472.7166748046875,1508.0,1509.0,1487.0,1495.0,2200
2021-11-11,1474.6697998046875,1510.0,1510.0,1510.0,1510.0,200
2021-11-12,1480.5294189453125,1516.0,1517.0,1503.0,1512.0,2100
2021-11-15,1465.88037109375,1501.0,1517.0,1500.0,1500.0,3300
2021-11-16,1457.0909423828125,1492.0,1501.0,1492.0,1501.0,200
2021-11-17,1464.90380859375,1500.0,1500.0,1500.0,1500.0,600
2021-11-18,1464.90380859375,1500.0,1502.0,1500.0,1500.0,700
2021-11-19,1464.90380859375,1500.0,1500.0,1500.0,1500.0,300
2021-11-22,1456.1143798828125,1491.0,1500.0,1491.0,1496.0,600
2021-11-24,1464.90380859375,1500.0,1500.0,1498.0,1498.0,800
2021-11-25,1474.6697998046875,1510.0,1510.0,1500.0,1500.0,900
2021-11-26,1464.90380859375,1500.0,1503.0,1490.0,1503.0,2200
2021-11-29,1441.46533203125,1476.0,1500.0,1476.0,1500.0,600
2021-11-30,1454.1611328125,1489.0,1492.0,1475.0,1475.0,800
2021-12-01,1455.1376953125,1490.0,1491.0,1472.0,1491.0,500
2021-12-02,1455.1376953125,1490.0,1490.0,1490.0,1490.0,0
2021-12-03,1464.90380859375,1500.0,1500.0,1490.0,1490.0,500
2021-12-06,1499.0849609375,1535.0,1535.0,1500.0,1500.0,1100
2021-12-07,1532.2894287109375,1569.0,1569.0,1530.0,1532.0,1600
2021-12-08,1499.0849609375,1535.0,1570.0,1525.0,1570.0,1200
2021-12-09,1528.383056640625,1565.0,1565.0,1516.0,1551.0,2500
2021-12-10,1560.61083984375,1598.0,1598.0,1551.0,1556.0,6500
2021-12-13,1558.65771484375,1596.0,1610.0,1586.0,1589.0,8400
2021-12-14,1495.178466796875,1531.0,1565.0,1531.0,1565.0,10500
2021-12-15,1458.0675048828125,1493.0,1510.0,1493.0,1510.0,800
2021-12-16,1484.435791015625,1520.0,1520.0,1493.0,1493.0,200
2021-12-17,1484.435791015625,1520.0,1520.0,1520.0,1520.0,0
2021-12-20,1454.1611328125,1489.0,1520.0,1489.0,1520.0,1700
2021-12-21,1466.85693359375,1502.0,1502.0,1480.0,1480.0,1900
2021-12-22,1449.2781982421875,1484.0,1504.0,1475.0,1503.0,1500
2021-12-23,1455.1376953125,1490.0,1494.0,1484.0,1484.0,300
2021-12-24,1483.459228515625,1519.0,1519.0,1491.0,1500.0,1400
2021-12-27,1445.3717041015625,1480.0,1484.0,1480.0,1481.0,2600
2021-12-28,1431.6993408203125,1466.0,1480.0,1466.0,1480.0,900
2021-12-29,1451.2314453125,1486.0,1486.0,1486.0,1486.0,100
2021-12-30,1453.1845703125,1488.0,1488.0,1481.0,1481.0,400
2022-01-04,1447.324951171875,1482.0,1488.0,1481.0,1488.0,400
2022-01-05,1445.3717041015625,1480.0,1491.0,1461.0,1491.0,1700
2022-01-06,1437.558837890625,1472.0,1480.0,1465.0,1479.0,1800
2022-01-07,1445.3717041015625,1480.0,1480.0,1474.0,1474.0,800
2022-01-11,1419.9801025390625,1454.0,1470.0,1442.0,1470.0,3600
2022-01-12,1418.02685546875,1452.0,1471.0,1445.0,1467.0,3100
2022-01-13,1422.909912109375,1457.0,1460.0,1451.0,1453.0,1200
2022-01-14,1411.190673828125,1445.0,1448.0,1436.0,1440.0,4700
2022-01-17,1405.3310546875,1439.0,1439.0,1439.0,1439.0,100
2022-01-18,1399.4713134765625,1433.0,1433.0,1433.0,1433.0,200
2022-01-19,1396.5416259765625,1430.0,1430.0,1427.0,1427.0,400
2022-01-20,1399.4713134765625,1433.0,1433.0,1426.0,1430.0,700
2022-01-21,1391.65869140625,1425.0,1438.0,1425.0,1429.0,700
2022-01-24,1388.728759765625,1422.0,1427.0,1422.0,1422.0,800
2022-01-25,1392.63525390625,1426.0,1426.0,1423.0,1423.0,1000
2022-01-26,1377.009521484375,1410.0,1420.0,1400.0,1416.0,3200
2022-01-27,1362.360595703125,1395.0,1401.0,1385.0,1401.0,1200
2022-01-28,1353.5711669921875,1386.0,1395.0,1386.0,1389.0,500
2022-01-31,1335.9923095703125,1368.0,1378.0,1350.0,1378.0,1600
2022-02-01,1337.9454345703125,1370.0,1370.0,1365.0,1365.0,300
2022-02-02,1337.9454345703125,1370.0,1370.0,1360.0,1360.0,600
2022-02-03,1354.5477294921875,1387.0,1390.0,1370.0,1370.0,700
2022-02-04,1354.5477294921875,1387.0,1387.0,1387.0,1387.0,300
2022-02-07,1354.5477294921875,1387.0,1387.0,1387.0,1387.0,200
2022-02-08,1330.132568359375,1362.0,1387.0,1362.0,1387.0,1100
2022-02-09,1341.8519287109375,1374.0,1379.0,1371.0,1371.0,900
2022-02-10,1367.2435302734375,1400.0,1400.0,1390.0,1400.0,1200
2022-02-14,1349.6646728515625,1382.0,1400.0,1375.0,1400.0,2700
2022-02-15,1347.71142578125,1380.0,1382.0,1379.0,1379.0,400
2022-02-16,1357.4775390625,1390.0,1390.0,1380.0,1380.0,300
2022-02-17,1367.2435302734375,1400.0,1400.0,1380.0,1380.0,300
2022-02-18,1347.71142578125,1380.0,1388.0,1374.0,1374.0,1600
2022-02-21,1357.4775390625,1390.0,1390.0,1380.0,1380.0,600
2022-02-22,1357.4775390625,1390.0,1391.0,1382.0,1382.0,500
2022-02-24,1350.6412353515625,1383.0,1384.0,1382.0,1383.0,800
2022-02-25,1347.71142578125,1380.0,1413.0,1375.0,1383.0,1600
2022-02-28,1356.5008544921875,1389.0,1407.0,1377.0,1407.0,2200
2022-03-01,1348.6881103515625,1381.0,1390.0,1381.0,1383.0,400
2022-03-02,1342.8284912109375,1375.0,1375.0,1374.0,1375.0,600
2022-03-03,1340.875244140625,1373.0,1373.0,1373.0,1373.0,300
2022-03-04,1337.9454345703125,1370.0,1373.0,1370.0,1373.0,700
2022-03-07,1298.88134765625,1330.0,1392.0,1320.0,1392.0,1500
2022-03-08,1306.6942138671875,1338.0,1339.0,1332.0,1339.0,600
2022-03-09,1346.73486328125,1379.0,1379.0,1354.0,1358.0,1200
2022-03-10,1335.015625,1367.0,1395.0,1367.0,1380.0,700
2022-03-11,1339.898681640625,1372.0,1388.0,1358.0,1367.0,2100
2022-03-14,1310.6005859375,1342.0,1342.0,1322.0,1342.0,4000
2022-03-15,1299.85791015625,1331.0,1332.0,1320.0,1331.0,800
2022-03-16,1337.9454345703125,1370.0,1370.0,1326.0,1326.0,700
2022-03-17,1358.4541015625,1391.0,1397.0,1391.0,1397.0,300
2022-03-18,1357.4775390625,1390.0,1395.0,1371.0,1395.0,600
2022-03-22,1349.6646728515625,1382.0,1393.0,1371.0,1371.0,700
2022-03-23,1340.875244140625,1373.0,1399.0,1373.0,1383.0,900
2022-03-24,1344.78173828125,1377.0,1377.0,1372.0,1373.0,1500
2022-03-25,1355.5242919921875,1388.0,1394.0,1375.0,1378.0,1800
2022-03-28,1362.360595703125,1395.0,1410.0,1390.0,1390.0,2700
2022-03-29,1367.2435302734375,1400.0,1400.0,1394.0,1395.0,1200
2022-03-30,1315.9102783203125,1333.0,1333.0,1309.0,1309.0,1500
2022-03-31,1310.974365234375,1328.0,1330.0,1328.0,1328.0,500
2022-04-01,1307.025634765625,1324.0,1325.0,1311.0,1322.0,1100
2022-04-04,1308.0128173828125,1325.0,1326.0,1323.0,1324.0,900
2022-04-05,1303.076904296875,1320.0,1321.0,1320.0,1321.0,400
2022-04-06,1309.0,1326.0,1326.0,1320.0,1320.0,1100
2022-04-07,1309.0,1326.0,1326.0,1319.0,1326.0,1500
2022-04-08,1332.6922607421875,1350.0,1350.0,1326.0,1326.0,1000
2022-04-11,1317.884521484375,1335.0,1341.0,1335.0,1341.0,900
2022-04-12,1322.8204345703125,1340.0,1365.0,1340.0,1365.0,500
2022-04-13,1341.576904296875,1359.0,1361.0,1356.0,1361.0,1500
2022-04-14,1310.974365234375,1328.0,1330.0,1326.0,1329.0,3200
2022-04-15,1309.0,1326.0,1328.0,1326.0,1328.0,500
2022-04-18,1299.128173828125,1316.0,1320.0,1316.0,1320.0,300
2022-04-19,1299.128173828125,1316.0,1316.0,1316.0,1316.0,300
2022-04-20,1305.05126953125,1322.0,1336.0,1311.0,1311.0,1600
2022-04-21,1315.9102783203125,1333.0,1333.0,1312.0,1322.0,1400
2022-04-22,1315.9102783203125,1333.0,1333.0,1333.0,1333.0,0
2022-04-25,1310.974365234375,1328.0,1328.0,1324.0,1328.0,900
2022-04-26,1304.0640869140625,1321.0,1321.0,1320.0,1321.0,2600
2022-04-28,1287.281982421875,1304.0,1305.0,1304.0,1305.0,500
2022-05-02,1287.281982421875,1304.0,1304.0,1304.0,1304.0,200
2022-05-06,1287.281982421875,1304.0,1304.0,1304.0,1304.0,300
2022-05-09,1295.179443359375,1312.0,1312.0,1307.0,1307.0,1000
2022-05-10,1293.205078125,1310.0,1310.0,1310.0,1310.0,200
2022-05-11,1286.2947998046875,1303.0,1319.0,1303.0,1319.0,400
2022-05-12,1292.2178955078125,1309.0,1309.0,1306.0,1307.0,1500
2022-05-13,1297.15380859375,1314.0,1314.0,1311.0,1311.0,1400
2022-05-16,1275.4359130859375,1292.0,1306.0,1292.0,1301.0,4400
2022-05-17,1273.4615478515625,1290.0,1292.0,1290.0,1292.0,400
2022-05-18,1273.4615478515625,1290.0,1290.0,1290.0,1290.0,0
2022-05-19,1249.7691650390625,1266.0,1266.0,1265.0,1265.0,600
2022-05-20,1243.8460693359375,1260.0,1268.0,1260.0,1260.0,1000
2022-05-23,1233.974365234375,1250.0,1270.0,1248.0,1260.0,2000
2022-05-24,1233.974365234375,1250.0,1250.0,1250.0,1250.0,500
2022-05-25,1226.076904296875,1242.0,1260.0,1227.0,1260.0,1600
2022-05-26,1241.8717041015625,1258.0,1272.0,1258.0,1272.0,2200
2022-05-27,1232.0,1248.0,1256.0,1248.0,1256.0,1200
2022-05-30,1214.230712890625,1230.0,1230.0,1230.0,1230.0,200
2022-05-31,1218.179443359375,1234.0,1245.0,1230.0,1245.0,500
2022-06-01,1226.076904296875,1242.0,1242.0,1228.0,1230.0,800
2022-06-03,1226.076904296875,1242.0,1242.0,1242.0,1242.0,0
2022-06-06,1226.076904296875,1242.0,1242.0,1238.0,1242.0,500
2022-06-07,1232.9871826171875,1249.0,1263.0,1245.0,1245.0,1200
2022-06-08,1240.884521484375,1257.0,1257.0,1250.0,1250.0,700
2022-06-09,1244.833251953125,1261.0,1268.0,1247.0,1257.0,1800
2022-06-10,1259.6409912109375,1276.0,1284.0,1275.0,1275.0,500
2022-06-13,1267.5384521484375,1284.0,1284.0,1276.0,1276.0,1400
2022-06-14,1251.7435302734375,1268.0,1268.0,1259.0,1259.0,3000
2022-06-16,1251.7435302734375,1268.0,1268.0,1268.0,1268.0,100
2022-06-17,1251.7435302734375,1268.0,1268.0,1268.0,1268.0,0
2022-06-20,1226.076904296875,1242.0,1268.0,1242.0,1268.0,500
2022-06-21,1233.974365234375,1250.0,1250.0,1242.0,1242.0,300
2022-06-22,1234.9615478515625,1251.0,1251.0,1251.0,1251.0,200
2022-06-23,1234.9615478515625,1251.0,1251.0,1251.0,1251.0,0
2022-06-24,1225.0897216796875,1241.0,1281.0,1231.0,1281.0,1700
2022-06-27,1225.0897216796875,1241.0,1241.0,1237.0,1241.0,2300
2022-06-28,1226.076904296875,1242.0,1243.0,1241.0,1241.0,800
2022-06-29,1225.0897216796875,1241.0,1241.0,1235.0,1235.0,400
2022-06-30,1236.9359130859375,1253.0,1253.0,1241.0,1241.0,500
2022-07-01,1237.923095703125,1254.0,1256.0,1254.0,1254.0,700
2022-07-04,1238.9102783203125,1255.0,1276.0,1252.0,1255.0,1100
2022-07-05,1251.7435302734375,1268.0,1272.0,1255.0,1255.0,400
2022-07-06,1234.9615478515625,1251.0,1273.0,1250.0,1268.0,1200
2022-07-07,1263.5897216796875,1280.0,1282.0,1251.0,1251.0,1600
2022-07-08,1336.6409912109375,1354.0,1354.0,1280.0,1280.0,2900
2022-07-11,1308.0128173828125,1325.0,1330.0,1316.0,1324.0,4800
2022-07-12,1309.0,1326.0,1329.0,1318.0,1329.0,5200
2022-07-13,1309.0,1326.0,1331.0,1326.0,1329.0,3200
2022-07-14,1301.1025390625,1318.0,1318.0,1262.0,1298.0,12700
2022-07-15,1273.4615478515625,1290.0,1295.0,1290.0,1295.0,400
2022-07-19,1274.44873046875,1291.0,1291.0,1291.0,1291.0,100
2022-07-20,1257.6666259765625,1274.0,1282.0,1268.0,1282.0,600
2022-07-21,1262.6025390625,1279.0,1279.0,1274.0,1274.0,800
2022-07-22,1257.6666259765625,1274.0,1279.0,1274.0,1279.0,500
2022-07-25,1250.75634765625,1267.0,1274.0,1263.0,1274.0,1500
2022-07-26,1238.9102783203125,1255.0,1266.0,1254.0,1254.0,4000
2022-07-27,1238.9102783203125,1255.0,1255.0,1255.0,1255.0,0
2022-07-28,1238.9102783203125,1255.0,1260.0,1255.0,1256.0,1000
2022-07-29,1226.076904296875,1242.0,1255.0,1242.0,1255.0,1100
2022-08-01,1225.0897216796875,1241.0,1241.0,1235.0,1240.0,3300
2022-08-02,1250.75634765625,1267.0,1267.0,1234.0,1238.0,1700
2022-08-03,1218.179443359375,1234.0,1251.0,1230.0,1250.0,1300
2022-08-04,1217.1922607421875,1233.0,1245.0,1233.0,1234.0,600
2022-08-05,1211.2691650390625,1227.0,1230.0,1226.0,1230.0,1300
2022-08-08,1212.25634765625,1228.0,1243.0,1227.0,1243.0,700
2022-08-09,1214.230712890625,1230.0,1230.0,1227.0,1230.0,600
2022-08-10,1224.1025390625,1240.0,1240.0,1226.0,1230.0,800
2022-08-12,1226.076904296875,1242.0,1244.0,1232.0,1242.0,2700
2022-08-15,1210.281982421875,1226.0,1250.0,1226.0,1230.0,6200
2022-08-16,1206.333251953125,1222.0,1230.0,1222.0,1226.0,3100
2022-08-17,1206.333251953125,1222.0,1224.0,1219.0,1222.0,4800
2022-08-18,1204.35888671875,1220.0,1221.0,1220.0,1221.0,2500
2022-08-19,1205.3460693359375,1221.0,1222.0,1219.0,1221.0,1300
2022-08-22,1204.35888671875,1220.0,1225.0,1220.0,1221.0,1000
2022-08-23,1198.4359130859375,1214.0,1259.0,1200.0,1221.0,6500
2022-08-24,1195.474365234375,1211.0,1212.0,1208.0,1210.0,1300
2022-08-25,1193.5,1209.0,1211.0,1207.0,1209.0,2000
2022-08-26,1189.55126953125,1205.0,1210.0,1204.0,1204.0,3100
2022-08-29,1185.6025390625,1201.0,1205.0,1201.0,1205.0,800
2022-08-30,1183.628173828125,1199.0,1201.0,1199.0,1200.0,5100
2022-08-31,1182.6409912109375,1198.0,1200.0,1198.0,1199.0,1000
2022-09-01,1180.6666259765625,1196.0,1198.0,1195.0,1198.0,1800
2022-09-02,1180.6666259765625,1196.0,1196.0,1194.0,1196.0,700
2022-09-05,1182.6409912109375,1198.0,1198.0,1196.0,1196.0,700
2022-09-06,1187.576904296875,1203.0,1203.0,1198.0,1200.0,1200
2022-09-07,1184.6153564453125,1200.0,1207.0,1200.0,1203.0,1800
2022-09-08,1184.6153564453125,1200.0,1213.0,1200.0,1213.0,700
2022-09-09,1194.4871826171875,1210.0,1210.0,1201.0,1201.0,700
2022-09-12,1194.4871826171875,1210.0,1214.0,1208.0,1214.0,700
2022-09-13,1199.423095703125,1215.0,1215.0,1204.0,1210.0,1200
2022-09-14,1181.65380859375,1197.0,1198.0,1195.0,1195.0,4600
2022-09-15,1175.730712890625,1191.0,1198.0,1191.0,1195.0,2300
2022-09-16,1178.6922607421875,1194.0,1197.0,1194.0,1197.0,300
2022-09-20,1176.7178955078125,1192.0,1195.0,1192.0,1195.0,500
2022-09-21,1176.7178955078125,1192.0,1200.0,1192.0,1192.0,600
2022-09-22,1182.6409912109375,1198.0,1198.0,1191.0,1196.0,1600
2022-09-26,1164.8717041015625,1180.0,1192.0,1180.0,1188.0,5100
2022-09-27,1165.85888671875,1181.0,1182.0,1181.0,1182.0,300
2022-09-28,1155.0,1170.0,1181.0,1170.0,1181.0,1300
2022-09-29,1145.0,1145.0,1176.0,1145.0,1145.0,1600
2022-09-30,1147.0,1147.0,1147.0,1147.0,1147.0,200
2022-10-03,1175.0,1175.0,1175.0,1148.0,1148.0,300
2022-10-04,1180.0,1180.0,1180.0,1151.0,1174.0,600
2022-10-05,1163.0,1163.0,1180.0,1161.0,1180.0,500
2022-10-06,1163.0,1163.0,1165.0,1163.0,1163.0,500
2022-10-07,1163.0,1163.0,1177.0,1163.0,1177.0,1300
2022-10-11,1164.0,1164.0,1179.0,1164.0,1177.0,800
2022-10-12,1166.0,1166.0,1170.0,1162.0,1170.0,1600
2022-10-13,1163.0,1163.0,1178.0,1163.0,1178.0,1700
2022-10-14,1159.0,1159.0,1163.0,1159.0,1163.0,3300
2022-10-17,1164.0,1164.0,1165.0,1164.0,1165.0,200
2022-10-18,1160.0,1160.0,1168.0,1160.0,1164.0,600
2022-10-19,1169.0,1169.0,1169.0,1169.0,1169.0,100
2022-10-20,1170.0,1170.0,1170.0,1166.0,1168.0,700
2022-10-21,1175.0,1175.0,1185.0,1174.0,1175.0,800
2022-10-24,1175.0,1175.0,1175.0,1174.0,1175.0,300
2022-10-25,1163.0,1163.0,1175.0,1151.0,1175.0,4200
2022-10-26,1165.0,1165.0,1176.0,1161.0,1176.0,5900
2022-10-27,1158.0,1158.0,1174.0,1158.0,1162.0,1600
2022-10-28,1151.0,1151.0,1158.0,1151.0,1158.0,2300
2022-10-31,1146.0,1146.0,1160.0,1146.0,1157.0,2600
2022-11-01,1150.0,1150.0,1150.0,1140.0,1145.0,2500
2022-11-02,1140.0,1140.0,1150.0,1140.0,1150.0,2100
2022-11-04,1132.0,1132.0,1150.0,1132.0,1150.0,1600
2022-11-07,1127.0,1127.0,1133.0,1126.0,1132.0,1700
2022-11-08,1126.0,1126.0,1141.0,1125.0,1141.0,2900
2022-11-09,1128.0,1128.0,1133.0,1126.0,1126.0,2500
2022-11-10,1130.0,1130.0,1134.0,1128.0,1128.0,2500
2022-11-11,1131.0,1131.0,1140.0,1130.0,1138.0,4300
2022-11-14,1122.0,1122.0,1130.0,1121.0,1125.0,9200
2022-11-15,1120.0,1120.0,1124.0,1118.0,1124.0,5000
2022-11-16,1116.0,1116.0,1121.0,1115.0,1118.0,2900
2022-11-17,1125.0,1125.0,1125.0,1116.0,1116.0,2200
2022-11-18,1120.0,1120.0,1121.0,1119.0,1119.0,800
2022-11-21,1139.0,1139.0,1142.0,1122.0,1124.0,1900
2022-11-22,1141.0,1141.0,1147.0,1140.0,1146.0,2200
2022-11-24,1150.0,1150.0,1152.0,1145.0,1149.0,3300
2022-11-25,1166.0,1166.0,1166.0,1152.0,1160.0,2200
2022-11-28,1161.0,1161.0,1177.0,1161.0,1177.0,3300
2022-11-29,1155.0,1155.0,1167.0,1154.0,1166.0,2500
2022-11-30,1150.0,1150.0,1155.0,1147.0,1155.0,2800
2022-12-01,1149.0,1149.0,1162.0,1148.0,1150.0,700
2022-12-02,1171.0,1171.0,1171.0,1145.0,1148.0,3500
2022-12-05,1168.0,1168.0,1176.0,1156.0,1170.0,5100
2022-12-06,1164.0,1164.0,1175.0,1160.0,1175.0,1900
2022-12-07,1164.0,1164.0,1169.0,1164.0,1169.0,1800
2022-12-08,1161.0,1161.0,1169.0,1157.0,1169.0,2600
2022-12-09,1171.0,1171.0,1171.0,1157.0,1161.0,7300
2022-12-12,1161.0,1161.0,1169.0,1152.0,1169.0,7500
2022-12-13,1170.0,1170.0,1170.0,1151.0,1161.0,6000
2022-12-14,1130.0,1130.0,1144.0,1114.0,1136.0,34300
2022-12-15,1131.0,1131.0,1133.0,1129.0,1130.0,2600
2022-12-16,1129.0,1129.0,1131.0,1127.0,1131.0,1900
2022-12-19,1126.0,1126.0,1134.0,1126.0,1134.0,1700
2022-12-20,1128.0,1128.0,1134.0,1126.0,1128.0,1700
2022-12-21,1127.0,1127.0,1131.0,1126.0,1128.0,1700
2022-12-22,1128.0,1128.0,1134.0,1128.0,1129.0,2300
2022-12-23,1131.0,1131.0,1135.0,1130.0,1130.0,2800
2022-12-26,1128.0,1128.0,1131.0,1128.0,1131.0,4700
2022-12-27,1130.0,1130.0,1130.0,1127.0,1128.0,600
2022-12-28,1127.0,1127.0,1131.0,1125.0,1130.0,2700
2022-12-29,1131.0,1131.0,1131.0,1127.0,1127.0,300
2022-12-30,1130.0,1130.0,1137.0,1129.0,1131.0,700
2023-01-04,1142.0,1142.0,1142.0,1132.0,1132.0,1200
2023-01-05,1147.0,1147.0,1156.0,1143.0,1147.0,3300
2023-01-06,1142.0,1142.0,1145.0,1132.0,1142.0,1500
2023-01-10,1152.0,1152.0,1152.0,1142.0,1147.0,2000
2023-01-11,1148.0,1148.0,1152.0,1147.0,1147.0,1500
2023-01-12,1155.0,1155.0,1155.0,1148.0,1148.0,1400
2023-01-13,1162.0,1162.0,1162.0,1152.0,1152.0,1000
2023-01-16,1174.0,1174.0,1183.0,1162.0,1183.0,5100
2023-01-17,1172.0,1172.0,1173.0,1166.0,1167.0,1000
2023-01-18,1168.0,1168.0,1172.0,1161.0,1172.0,1100
2023-01-19,1169.0,1169.0,1169.0,1169.0,1169.0,300
2023-01-20,1179.0,1179.0,1179.0,1169.0,1179.0,1900
2023-01-23,1179.0,1179.0,1180.0,1175.0,1179.0,1100
2023-01-24,1181.0,1181.0,1183.0,1175.0,1175.0,1700
2023-01-25,1184.0,1184.0,1184.0,1178.0,1182.0,2300
2023-01-26,1182.0,1182.0,1184.0,1177.0,1177.0,2500
2023-01-27,1185.0,1185.0,1185.0,1180.0,1180.0,300
2023-01-30,1185.0,1185.0,1187.0,1185.0,1186.0,1000
2023-01-31,1182.0,1182.0,1186.0,1180.0,1182.0,1100
2023-02-01,1188.0,1188.0,1188.0,1183.0,1183.0,1200
2023-02-02,1190.0,1190.0,1199.0,1189.0,1190.0,1000
2023-02-03,1189.0,1189.0,1198.0,1189.0,1198.0,1400
2023-02-06,1192.0,1192.0,1196.0,1192.0,1196.0,800
2023-02-07,1192.0,1192.0,1193.0,1190.0,1192.0,1600
2023-02-08,1206.0,1206.0,1206.0,1197.0,1200.0,4100
2023-02-09,1200.0,1200.0,1211.0,1200.0,1206.0,2800
2023-02-10,1202.0,1202.0,1210.0,1200.0,1205.0,5900
2023-02-13,1195.0,1195.0,1201.0,1183.0,1200.0,10600
2023-02-14,1186.0,1186.0,1200.0,1186.0,1200.0,5900
2023-02-15,1182.0,1182.0,1194.0,1180.0,1186.0,3800
2023-02-16,1187.0,1187.0,1191.0,1182.0,1182.0,1700
2023-02-17,1184.0,1184.0,1184.0,1182.0,1182.0,900
2023-02-20,1187.0,1187.0,1190.0,1185.0,1185.0,1500
2023-02-21,1189.0,1189.0,1195.0,1188.0,1195.0,2300
2023-02-22,1188.0,1188.0,1192.0,1187.0,1192.0,2400
2023-02-24,1193.0,1193.0,1194.0,1188.0,1188.0,3200
2023-02-27,1192.0,1192.0,1192.0,1187.0,1192.0,4200
2023-02-28,1190.0,1190.0,1193.0,1190.0,1193.0,1200
2023-03-01,1197.0,1197.0,1197.0,1189.0,1194.0,1200
2023-03-02,1195.0,1195.0,1200.0,1195.0,1197.0,700
2023-03-03,1202.0,1202.0,1202.0,1193.0,1202.0,800
2023-03-06,1218.0,1218.0,1228.0,1206.0,1206.0,3600
2023-03-07,1220.0,1220.0,1227.0,1213.0,1217.0,1200
2023-03-08,1219.0,1219.0,1228.0,1217.0,1226.0,2100
2023-03-09,1216.0,1216.0,1226.0,1215.0,1226.0,4200
2023-03-10,1211.0,1211.0,1224.0,1211.0,1220.0,2900
2023-03-13,1193.0,1193.0,1213.0,1190.0,1210.0,5500
2023-03-14,1183.0,1183.0,1208.0,1183.0,1208.0,5200
2023-03-15,1196.0,1196.0,1200.0,1186.0,1200.0,1000
2023-03-16,1183.0,1183.0,1188.0,1180.0,1188.0,1000
2023-03-17,1195.0,1195.0,1210.0,1195.0,1210.0,2000
2023-03-20,1194.0,1194.0,1205.0,1193.0,1195.0,2100
2023-03-22,1203.0,1203.0,1213.0,1196.0,1196.0,1300
2023-03-23,1200.0,1200.0,1203.0,1200.0,1203.0,1200
2023-03-29,1216.0,1216.0,1225.0,1215.0,1219.0,4000
2023-03-24,1210.0,1210.0,1218.0,1204.0,1213.0,2200
2023-03-27,1215.0,1215.0,1238.0,1213.0,1238.0,4600
2023-03-28,1215.0,1215.0,1221.0,1215.0,1215.0,1600
2023-03-27,1199.01318359375,1215.0,1238.0,1213.0,1238.0,4600
2023-03-28,1199.01318359375,1215.0,1221.0,1215.0,1215.0,1600
2023-03-29,1200.0,1216.0,1225.0,1215.0,1219.0,4000
2023-03-30,1192.0,1192.0,1200.0,1188.0,1189.0,3800
2023-03-31,1201.0,1201.0,1205.0,1197.0,1205.0,1200
2023-04-03,1213.0,1213.0,1213.0,1196.0,1212.0,2800
2023-04-04,1207.0,1207.0,1218.0,1207.0,1213.0,1400
2023-04-05,1210.0,1210.0,1217.0,1201.0,1207.0,1600
2023-04-06,1214.0,1214.0,1217.0,1204.0,1214.0,2400
2023-04-07,1199.0,1199.0,1220.0,1198.0,1213.0,7200
2023-04-10,1203.0,1203.0,1205.0,1201.0,1201.0,1200
2023-04-11,1200.0,1200.0,1211.0,1200.0,1208.0,2400
2023-04-12,1202.0,1202.0,1214.0,1200.0,1211.0,2100
2023-04-13,1211.0,1211.0,1211.0,1203.0,1203.0,800
2023-04-14,1210.0,1210.0,1219.0,1210.0,1216.0,3400
2023-04-17,1221.0,1221.0,1230.0,1212.0,1212.0,3100
2023-04-18,1211.0,1211.0,1275.0,1206.0,1222.0,12300
2023-04-19,1228.0,1228.0,1253.0,1214.0,1238.0,3900
2023-04-20,1232.0,1232.0,1254.0,1216.0,1254.0,6900
2023-04-26,1234.0,1234.0,1233.0,1230.0,1230.0,3400
2023-04-21,1245.0,1245.0,1280.0,1226.0,1235.0,6700
2023-04-24,1245.0,1245.0,1250.0,1202.0,1245.0,7500
2023-04-25,1247.0,1247.0,1247.0,1236.0,1246.0,1600
2023-04-26,1234.0,1234.0,1236.0,1230.0,1230.0,3400
2023-04-27,1230.0,1230.0,1237.0,1230.0,1230.0,600
2023-04-28,1216.0,1216.0,1235.0,1211.0,1226.0,2000
2023-05-01,1212.0,1212.0,1216.0,1205.0,1206.0,3700
2023-05-02,1242.0,1242.0,1242.0,1213.0,1213.0,3200
2023-05-08,1250.0,1250.0,1250.0,1241.0,1241.0,3800
2023-05-09,1259.0,1259.0,1259.0,1246.0,1259.0,1800
2023-05-10,1258.0,1258.0,1274.0,1256.0,1258.0,7700
2023-05-11,1280.0,1280.0,1300.0,1260.0,1260.0,11900
2023-05-12,1288.0,1288.0,1300.0,1265.0,1265.0,7100
